subject_id	subject_name	class_id	class_name	sample_id	sample_name
0	YvesMontand	54	AGE54	6897	6896_YvesMontand_54_m
0	YvesMontand	53	AGE53	6896	6895_YvesMontand_53_m
0	YvesMontand	36	AGE36	6882	6881_YvesMontand_36_m
0	YvesMontand	49	AGE49	6892	6891_YvesMontand_49_m
0	YvesMontand	51	AGE51	6894	6893_YvesMontand_51_m
0	YvesMontand	41	AGE41	6886	6885_YvesMontand_41_m
0	YvesMontand	25	AGE25	6875	6874_YvesMontand_25_m
0	YvesMontand	61	AGE61	6903	6902_YvesMontand_61_m
0	YvesMontand	39	AGE39	6885	6884_YvesMontand_39_m
0	YvesMontand	42	AGE42	6887	6886_YvesMontand_42_m
0	YvesMontand	52	AGE52	6895	6894_YvesMontand_52_m
0	YvesMontand	37	AGE37	6883	6882_YvesMontand_37_m
0	YvesMontand	60	AGE60	6902	6901_YvesMontand_60_m
0	YvesMontand	67	AGE67	6909	6908_YvesMontand_67_m
0	YvesMontand	70	AGE70	6911	6910_YvesMontand_70_m
0	YvesMontand	59	AGE59	6901	6900_YvesMontand_59_m
0	YvesMontand	36	AGE36	6881	6880_YvesMontand_36_m
0	YvesMontand	19	AGE19	6873	6872_YvesMontand_19_m
0	YvesMontand	30	AGE30	6877	6876_YvesMontand_30_m
0	YvesMontand	23	AGE23	6874	6873_YvesMontand_23_m
0	YvesMontand	29	AGE29	6876	6875_YvesMontand_29_m
0	YvesMontand	62	AGE62	6905	6904_YvesMontand_62_m
0	YvesMontand	32	AGE32	6878	6877_YvesMontand_32_m
0	YvesMontand	54	AGE54	6888	6887_YvesMontand_54_m
0	YvesMontand	62	AGE62	6904	6903_YvesMontand_62_m
0	YvesMontand	69	AGE69	6910	6909_YvesMontand_69_m
0	YvesMontand	64	AGE64	6906	6905_YvesMontand_64_m
0	YvesMontand	59	AGE59	6900	6899_YvesMontand_59_m
0	YvesMontand	65	AGE65	6908	6907_YvesMontand_65_m
0	YvesMontand	58	AGE58	6899	6898_YvesMontand_58_m
0	YvesMontand	50	AGE50	6893	6892_YvesMontand_50_m
0	YvesMontand	45	AGE45	6889	6888_YvesMontand_45_m
0	YvesMontand	34	AGE34	6880	6879_YvesMontand_34_m
0	YvesMontand	38	AGE38	6884	6883_YvesMontand_38_m
0	YvesMontand	64	AGE64	6907	6906_YvesMontand_64_m
0	YvesMontand	58	AGE58	6898	6897_YvesMontand_58_m
0	YvesMontand	33	AGE33	6879	6878_YvesMontand_33_m
0	YvesMontand	48	AGE48	6891	6890_YvesMontand_48_m
0	YvesMontand	47	AGE47	6890	6889_YvesMontand_47_m
1	HerbertLom	53	AGE53	5860	5859_HerbertLom_53_m
1	HerbertLom	93	AGE93	5882	5881_HerbertLom_93_m
1	HerbertLom	95	AGE95	5884	5883_HerbertLom_95_m
1	HerbertLom	61	AGE61	5865	5864_HerbertLom_61_m
1	HerbertLom	81	AGE81	5877	5876_HerbertLom_81_m
1	HerbertLom	58	AGE58	5864	5863_HerbertLom_58_m
1	HerbertLom	63	AGE63	5867	5866_HerbertLom_63_m
1	HerbertLom	83	AGE83	5878	5877_HerbertLom_83_m
1	HerbertLom	38	AGE38	5849	5848_HerbertLom_38_m
1	HerbertLom	68	AGE68	5872	5871_HerbertLom_68_m
1	HerbertLom	32	AGE32	5844	5843_HerbertLom_32_m
1	HerbertLom	87	AGE87	5880	5879_HerbertLom_87_m
1	HerbertLom	91	AGE91	5881	5880_HerbertLom_91_m
1	HerbertLom	44	AGE44	5854	5853_HerbertLom_44_m
1	HerbertLom	64	AGE64	5868	5867_HerbertLom_64_m
1	HerbertLom	67	AGE67	5871	5870_HerbertLom_67_m
1	HerbertLom	37	AGE37	5848	5847_HerbertLom_37_m
1	HerbertLom	54	AGE54	5861	5860_HerbertLom_54_m
1	HerbertLom	55	AGE55	5862	5861_HerbertLom_55_m
1	HerbertLom	57	AGE57	5863	5862_HerbertLom_57_m
1	HerbertLom	42	AGE42	5852	5851_HerbertLom_42_m
1	HerbertLom	76	AGE76	5875	5874_HerbertLom_76_m
1	HerbertLom	65	AGE65	5869	5868_HerbertLom_65_m
1	HerbertLom	36	AGE36	5847	5846_HerbertLom_36_m
1	HerbertLom	35	AGE35	5846	5845_HerbertLom_35_m
1	HerbertLom	33	AGE33	5845	5844_HerbertLom_33_m
1	HerbertLom	41	AGE41	5851	5850_HerbertLom_41_m
1	HerbertLom	43	AGE43	5853	5852_HerbertLom_43_m
1	HerbertLom	72	AGE72	5873	5872_HerbertLom_72_m
1	HerbertLom	29	AGE29	5843	5842_HerbertLom_29_m
1	HerbertLom	40	AGE40	5850	5849_HerbertLom_40_m
1	HerbertLom	66	AGE66	5870	5869_HerbertLom_66_m
1	HerbertLom	52	AGE52	5859	5858_HerbertLom_52_m
1	HerbertLom	78	AGE78	5876	5875_HerbertLom_78_m
1	HerbertLom	28	AGE28	5842	5841_HerbertLom_28_m
1	HerbertLom	23	AGE23	5840	5839_HerbertLom_23_m
1	HerbertLom	85	AGE85	5879	5878_HerbertLom_85_m
1	HerbertLom	62	AGE62	5866	5865_HerbertLom_62_m
1	HerbertLom	74	AGE74	5874	5873_HerbertLom_74_m
1	HerbertLom	49	AGE49	5857	5856_HerbertLom_49_m
1	HerbertLom	94	AGE94	5883	5882_HerbertLom_94_m
1	HerbertLom	51	AGE51	5858	5857_HerbertLom_51_m
1	HerbertLom	46	AGE46	5856	5855_HerbertLom_46_m
1	HerbertLom	45	AGE45	5855	5854_HerbertLom_45_m
1	HerbertLom	26	AGE26	5841	5840_HerbertLom_26_m
2	RoyRogers	34	AGE34	5698	5697_RoyRogers_34_m
2	RoyRogers	43	AGE43	5705	5704_RoyRogers_43_m
2	RoyRogers	49	AGE49	5711	5710_RoyRogers_49_m
2	RoyRogers	47	AGE47	5709	5708_RoyRogers_47_m
2	RoyRogers	35	AGE35	5699	5698_RoyRogers_35_m
2	RoyRogers	75	AGE75	5720	5719_RoyRogers_75_m
2	RoyRogers	24	AGE24	5690	5689_RoyRogers_24_m
2	RoyRogers	64	AGE64	5715	5714_RoyRogers_64_m
2	RoyRogers	72	AGE72	5719	5718_RoyRogers_72_m
2	RoyRogers	50	AGE50	5712	5711_RoyRogers_50_m
2	RoyRogers	30	AGE30	5695	5694_RoyRogers_30_m
2	RoyRogers	37	AGE37	5701	5700_RoyRogers_37_m
2	RoyRogers	78	AGE78	5722	5721_RoyRogers_78_m
2	RoyRogers	36	AGE36	5700	5699_RoyRogers_36_m
2	RoyRogers	39	AGE39	5703	5702_RoyRogers_39_m
2	RoyRogers	27	AGE27	5692	5691_RoyRogers_27_m
2	RoyRogers	67	AGE67	5717	5716_RoyRogers_67_m
2	RoyRogers	44	AGE44	5706	5705_RoyRogers_44_m
2	RoyRogers	40	AGE40	5704	5703_RoyRogers_40_m
2	RoyRogers	31	AGE31	5696	5695_RoyRogers_31_m
2	RoyRogers	76	AGE76	5721	5720_RoyRogers_76_m
2	RoyRogers	28	AGE28	5693	5692_RoyRogers_28_m
2	RoyRogers	57	AGE57	5714	5713_RoyRogers_57_m
2	RoyRogers	65	AGE65	5716	5715_RoyRogers_65_m
2	RoyRogers	87	AGE87	5725	5724_RoyRogers_87_m
2	RoyRogers	45	AGE45	5707	5706_RoyRogers_45_m
2	RoyRogers	48	AGE48	5710	5709_RoyRogers_48_m
2	RoyRogers	25	AGE25	5691	5690_RoyRogers_25_m
2	RoyRogers	29	AGE29	5694	5693_RoyRogers_29_m
2	RoyRogers	56	AGE56	5713	5712_RoyRogers_56_m
2	RoyRogers	83	AGE83	5724	5723_RoyRogers_83_m
2	RoyRogers	81	AGE81	5723	5722_RoyRogers_81_m
2	RoyRogers	69	AGE69	5718	5717_RoyRogers_69_m
2	RoyRogers	46	AGE46	5708	5707_RoyRogers_46_m
2	RoyRogers	38	AGE38	5702	5701_RoyRogers_38_m
2	RoyRogers	33	AGE33	5697	5696_RoyRogers_33_m
3	ArnoldSchwarzenegger	62	AGE62	8854	8853_ArnoldSchwarzenegger_62_m
3	ArnoldSchwarzenegger	37	AGE37	8829	8828_ArnoldSchwarzenegger_37_m
3	ArnoldSchwarzenegger	35	AGE35	8828	8827_ArnoldSchwarzenegger_35_m
3	ArnoldSchwarzenegger	65	AGE65	8857	8856_ArnoldSchwarzenegger_65_m
3	ArnoldSchwarzenegger	47	AGE47	8839	8838_ArnoldSchwarzenegger_47_m
3	ArnoldSchwarzenegger	44	AGE44	8837	8836_ArnoldSchwarzenegger_44_m
3	ArnoldSchwarzenegger	30	AGE30	8825	8824_ArnoldSchwarzenegger_30_m
3	ArnoldSchwarzenegger	51	AGE51	8842	8841_ArnoldSchwarzenegger_51_m
3	ArnoldSchwarzenegger	27	AGE27	8822	8821_ArnoldSchwarzenegger_27_m
3	ArnoldSchwarzenegger	37	AGE37	8830	8829_ArnoldSchwarzenegger_37_m
3	ArnoldSchwarzenegger	63	AGE63	8855	8854_ArnoldSchwarzenegger_63_m
3	ArnoldSchwarzenegger	52	AGE52	8843	8842_ArnoldSchwarzenegger_52_m
3	ArnoldSchwarzenegger	67	AGE67	8859	8858_ArnoldSchwarzenegger_67_m
3	ArnoldSchwarzenegger	44	AGE44	8836	8835_ArnoldSchwarzenegger_44_m
3	ArnoldSchwarzenegger	47	AGE47	8840	8839_ArnoldSchwarzenegger_47_m
3	ArnoldSchwarzenegger	54	AGE54	8845	8844_ArnoldSchwarzenegger_54_m
3	ArnoldSchwarzenegger	35	AGE35	8827	8826_ArnoldSchwarzenegger_35_m
3	ArnoldSchwarzenegger	60	AGE60	8852	8851_ArnoldSchwarzenegger_60_m
3	ArnoldSchwarzenegger	54	AGE54	8844	8843_ArnoldSchwarzenegger_54_m
3	ArnoldSchwarzenegger	41	AGE41	8834	8833_ArnoldSchwarzenegger_41_m
3	ArnoldSchwarzenegger	66	AGE66	8858	8857_ArnoldSchwarzenegger_66_m
3	ArnoldSchwarzenegger	32	AGE32	8826	8825_ArnoldSchwarzenegger_32_m
3	ArnoldSchwarzenegger	65	AGE65	8856	8855_ArnoldSchwarzenegger_65_m
3	ArnoldSchwarzenegger	43	AGE43	8835	8834_ArnoldSchwarzenegger_43_m
3	ArnoldSchwarzenegger	55	AGE55	8847	8846_ArnoldSchwarzenegger_55_m
3	ArnoldSchwarzenegger	29	AGE29	8823	8822_ArnoldSchwarzenegger_29_m
3	ArnoldSchwarzenegger	40	AGE40	8833	8832_ArnoldSchwarzenegger_40_m
3	ArnoldSchwarzenegger	38	AGE38	8831	8830_ArnoldSchwarzenegger_38_m
3	ArnoldSchwarzenegger	57	AGE57	8850	8849_ArnoldSchwarzenegger_57_m
3	ArnoldSchwarzenegger	56	AGE56	8849	8848_ArnoldSchwarzenegger_56_m
3	ArnoldSchwarzenegger	61	AGE61	8853	8852_ArnoldSchwarzenegger_61_m
3	ArnoldSchwarzenegger	55	AGE55	8846	8845_ArnoldSchwarzenegger_55_m
3	ArnoldSchwarzenegger	29	AGE29	8824	8823_ArnoldSchwarzenegger_29_m
3	ArnoldSchwarzenegger	58	AGE58	8851	8850_ArnoldSchwarzenegger_58_m
3	ArnoldSchwarzenegger	39	AGE39	8832	8831_ArnoldSchwarzenegger_39_m
3	ArnoldSchwarzenegger	22	AGE22	8819	8818_ArnoldSchwarzenegger_22_m
3	ArnoldSchwarzenegger	26	AGE26	8821	8820_ArnoldSchwarzenegger_26_m
3	ArnoldSchwarzenegger	46	AGE46	8838	8837_ArnoldSchwarzenegger_46_m
3	ArnoldSchwarzenegger	22	AGE22	8820	8819_ArnoldSchwarzenegger_22_m
3	ArnoldSchwarzenegger	49	AGE49	8841	8840_ArnoldSchwarzenegger_49_m
3	ArnoldSchwarzenegger	56	AGE56	8848	8847_ArnoldSchwarzenegger_56_m
4	CaryGrant	27	AGE27	6101	6100_CaryGrant_27_m
4	CaryGrant	36	AGE36	6104	6103_CaryGrant_36_m
4	CaryGrant	32	AGE32	6117	6116_CaryGrant_32_m
4	CaryGrant	69	AGE69	6100	6099_CaryGrant_69_m
4	CaryGrant	69	AGE69	6112	6111_CaryGrant_69_m
4	CaryGrant	37	AGE37	6105	6104_CaryGrant_37_m
4	CaryGrant	34	AGE34	6116	6115_CaryGrant_34_m
4	CaryGrant	59	AGE59	6110	6109_CaryGrant_59_m
4	CaryGrant	28	AGE28	6130	6129_CaryGrant_28_m
4	CaryGrant	33	AGE33	6128	6127_CaryGrant_33_m
4	CaryGrant	45	AGE45	6107	6106_CaryGrant_45_m
4	CaryGrant	66	AGE66	6111	6110_CaryGrant_66_m
4	CaryGrant	44	AGE44	6106	6105_CaryGrant_44_m
4	CaryGrant	52	AGE52	6098	6097_CaryGrant_52_m
4	CaryGrant	30	AGE30	6123	6122_CaryGrant_30_m
4	CaryGrant	69	AGE69	6113	6112_CaryGrant_69_m
4	CaryGrant	48	AGE48	6108	6107_CaryGrant_48_m
4	CaryGrant	74	AGE74	6114	6113_CaryGrant_74_m
4	CaryGrant	35	AGE35	6124	6123_CaryGrant_35_m
4	CaryGrant	50	AGE50	6103	6102_CaryGrant_50_m
4	CaryGrant	30	AGE30	6119	6118_CaryGrant_30_m
4	CaryGrant	48	AGE48	6126	6125_CaryGrant_48_m
4	CaryGrant	72	AGE72	6099	6098_CaryGrant_72_m
4	CaryGrant	28	AGE28	6129	6128_CaryGrant_28_m
4	CaryGrant	70	AGE70	6097	6096_CaryGrant_70_m
4	CaryGrant	75	AGE75	6102	6101_CaryGrant_75_m
4	CaryGrant	28	AGE28	6127	6126_CaryGrant_28_m
4	CaryGrant	32	AGE32	6125	6124_CaryGrant_32_m
4	CaryGrant	52	AGE52	6121	6120_CaryGrant_52_m
4	CaryGrant	77	AGE77	6115	6114_CaryGrant_77_m
4	CaryGrant	28	AGE28	6122	6121_CaryGrant_28_m
4	CaryGrant	58	AGE58	6118	6117_CaryGrant_58_m
4	CaryGrant	53	AGE53	6120	6119_CaryGrant_53_m
4	CaryGrant	55	AGE55	6109	6108_CaryGrant_55_m
4	CaryGrant	40	AGE40	6096	6095_CaryGrant_40_m
5	HatzidakisManos	28	AGE28	292	291_HatzidakisManos_28_m
5	HatzidakisManos	53	AGE53	296	295_HatzidakisManos_53_m
5	HatzidakisManos	35	AGE35	293	292_HatzidakisManos_35_m
5	HatzidakisManos	67	AGE67	297	296_HatzidakisManos_67_m
5	HatzidakisManos	38	AGE38	291	290_HatzidakisManos_38_m
5	HatzidakisManos	47	AGE47	287	286_HatzidakisManos_47_m
5	HatzidakisManos	52	AGE52	295	294_HatzidakisManos_52_m
5	HatzidakisManos	65	AGE65	298	297_HatzidakisManos_65_m
5	HatzidakisManos	38	AGE38	290	289_HatzidakisManos_38_m
5	HatzidakisManos	40	AGE40	289	288_HatzidakisManos_40_m
5	HatzidakisManos	68	AGE68	285	284_HatzidakisManos_68_m
5	HatzidakisManos	38	AGE38	286	285_HatzidakisManos_38_m
5	HatzidakisManos	47	AGE47	294	293_HatzidakisManos_47_m
5	HatzidakisManos	25	AGE25	299	298_HatzidakisManos_25_m
5	HatzidakisManos	43	AGE43	288	287_HatzidakisManos_43_m
6	Carroll	33	AGE33	16298	16297_Carroll_33_f
6	Carroll	74	AGE74	16303	16302_Carroll_74_f
6	Carroll	15	AGE15	16294	16293_Carroll_15_f
6	Carroll	78	AGE78	16313	16312_Carroll_78_f
6	Carroll	30	AGE30	16310	16309_Carroll_30_f
6	Carroll	55	AGE55	16312	16311_Carroll_55_f
6	Carroll	46	AGE46	16299	16298_Carroll_46_f
6	Carroll	26	AGE26	16295	16294_Carroll_26_f
6	Carroll	78	AGE78	16314	16313_Carroll_78_f
6	Carroll	32	AGE32	16309	16308_Carroll_32_f
6	Carroll	34	AGE34	16293	16292_Carroll_34_f
6	Carroll	39	AGE39	16307	16306_Carroll_39_f
6	Carroll	32	AGE32	16308	16307_Carroll_32_f
6	Carroll	19	AGE19	16296	16295_Carroll_19_f
6	Carroll	24	AGE24	16311	16310_Carroll_24_f
6	Carroll	22	AGE22	16306	16305_Carroll_22_f
6	Carroll	78	AGE78	16301	16300_Carroll_78_f
6	Carroll	24	AGE24	16300	16299_Carroll_24_f
6	Carroll	46	AGE46	16305	16304_Carroll_46_f
6	Carroll	62	AGE62	16304	16303_Carroll_62_f
6	Carroll	21	AGE21	16292	16291_Carroll_21_f
6	Carroll	86	AGE86	16302	16301_Carroll_86_f
7	DonnaDouglas	37	AGE37	10980	10979_DonnaDouglas_37_f
7	DonnaDouglas	16	AGE16	10967	10966_DonnaDouglas_16_f
7	DonnaDouglas	59	AGE59	10985	10984_DonnaDouglas_59_f
7	DonnaDouglas	70	AGE70	10989	10988_DonnaDouglas_70_f
7	DonnaDouglas	54	AGE54	10984	10983_DonnaDouglas_54_f
7	DonnaDouglas	30	AGE30	10974	10973_DonnaDouglas_30_f
7	DonnaDouglas	6	AGE6	10965	10964_DonnaDouglas_6_f
7	DonnaDouglas	40	AGE40	10982	10981_DonnaDouglas_40_f
7	DonnaDouglas	74	AGE74	10986	10985_DonnaDouglas_74_f
7	DonnaDouglas	80	AGE80	10988	10987_DonnaDouglas_80_f
7	DonnaDouglas	75	AGE75	10987	10986_DonnaDouglas_75_f
7	DonnaDouglas	35	AGE35	10978	10977_DonnaDouglas_35_f
7	DonnaDouglas	38	AGE38	10981	10980_DonnaDouglas_38_f
7	DonnaDouglas	9	AGE9	10966	10965_DonnaDouglas_9_f
7	DonnaDouglas	34	AGE34	10977	10976_DonnaDouglas_34_f
7	DonnaDouglas	33	AGE33	10976	10975_DonnaDouglas_33_f
7	DonnaDouglas	18	AGE18	10968	10967_DonnaDouglas_18_f
7	DonnaDouglas	28	AGE28	10973	10972_DonnaDouglas_28_f
7	DonnaDouglas	20	AGE20	10969	10968_DonnaDouglas_20_f
7	DonnaDouglas	31	AGE31	10975	10974_DonnaDouglas_31_f
7	DonnaDouglas	26	AGE26	10971	10970_DonnaDouglas_26_f
7	DonnaDouglas	27	AGE27	10972	10971_DonnaDouglas_27_f
7	DonnaDouglas	25	AGE25	10970	10969_DonnaDouglas_25_f
7	DonnaDouglas	48	AGE48	10983	10982_DonnaDouglas_48_f
7	DonnaDouglas	36	AGE36	10979	10978_DonnaDouglas_36_f
8	SimoneSignoret	44	AGE44	14837	14836_SimoneSignoret_44_f
8	SimoneSignoret	48	AGE48	14820	14819_SimoneSignoret_48_f
8	SimoneSignoret	21	AGE21	14835	14834_SimoneSignoret_21_f
8	SimoneSignoret	44	AGE44	14832	14831_SimoneSignoret_44_f
8	SimoneSignoret	55	AGE55	14833	14832_SimoneSignoret_55_f
8	SimoneSignoret	39	AGE39	14819	14818_SimoneSignoret_39_f
8	SimoneSignoret	38	AGE38	14831	14830_SimoneSignoret_38_f
8	SimoneSignoret	23	AGE23	14841	14840_SimoneSignoret_23_f
8	SimoneSignoret	21	AGE21	14836	14835_SimoneSignoret_21_f
8	SimoneSignoret	30	AGE30	14818	14817_SimoneSignoret_30_f
8	SimoneSignoret	32	AGE32	14830	14829_SimoneSignoret_32_f
8	SimoneSignoret	37	AGE37	14843	14842_SimoneSignoret_37_f
8	SimoneSignoret	48	AGE48	14856	14855_SimoneSignoret_48_f
8	SimoneSignoret	34	AGE34	14823	14822_SimoneSignoret_34_f
8	SimoneSignoret	48	AGE48	14845	14844_SimoneSignoret_48_f
8	SimoneSignoret	26	AGE26	14840	14839_SimoneSignoret_26_f
8	SimoneSignoret	25	AGE25	14839	14838_SimoneSignoret_25_f
8	SimoneSignoret	25	AGE25	14848	14847_SimoneSignoret_25_f
8	SimoneSignoret	28	AGE28	14834	14833_SimoneSignoret_28_f
8	SimoneSignoret	29	AGE29	14828	14827_SimoneSignoret_29_f
8	SimoneSignoret	30	AGE30	14829	14828_SimoneSignoret_30_f
8	SimoneSignoret	50	AGE50	14846	14845_SimoneSignoret_50_f
8	SimoneSignoret	50	AGE50	14851	14850_SimoneSignoret_50_f
8	SimoneSignoret	21	AGE21	14842	14841_SimoneSignoret_21_f
8	SimoneSignoret	25	AGE25	14822	14821_SimoneSignoret_25_f
8	SimoneSignoret	21	AGE21	14825	14824_SimoneSignoret_21_f
8	SimoneSignoret	39	AGE39	14857	14856_SimoneSignoret_39_f
8	SimoneSignoret	64	AGE64	14847	14846_SimoneSignoret_64_f
8	SimoneSignoret	43	AGE43	14838	14837_SimoneSignoret_43_f
8	SimoneSignoret	27	AGE27	14844	14843_SimoneSignoret_27_f
8	SimoneSignoret	58	AGE58	14854	14853_SimoneSignoret_58_f
8	SimoneSignoret	51	AGE51	14852	14851_SimoneSignoret_51_f
8	SimoneSignoret	24	AGE24	14824	14823_SimoneSignoret_24_f
8	SimoneSignoret	57	AGE57	14853	14852_SimoneSignoret_57_f
8	SimoneSignoret	62	AGE62	14849	14848_SimoneSignoret_62_f
8	SimoneSignoret	61	AGE61	14855	14854_SimoneSignoret_61_f
8	SimoneSignoret	29	AGE29	14821	14820_SimoneSignoret_29_f
8	SimoneSignoret	42	AGE42	14827	14826_SimoneSignoret_42_f
8	SimoneSignoret	19	AGE19	14850	14849_SimoneSignoret_19_f
8	SimoneSignoret	35	AGE35	14826	14825_SimoneSignoret_35_f
9	FessParker	74	AGE74	7081	7080_FessParker_74_m
9	FessParker	33	AGE33	7066	7065_FessParker_33_m
9	FessParker	64	AGE64	7079	7078_FessParker_64_m
9	FessParker	76	AGE76	7082	7081_FessParker_76_m
9	FessParker	37	AGE37	7070	7069_FessParker_37_m
9	FessParker	77	AGE77	7083	7082_FessParker_77_m
9	FessParker	34	AGE34	7067	7066_FessParker_34_m
9	FessParker	28	AGE28	7064	7063_FessParker_28_m
9	FessParker	48	AGE48	7075	7074_FessParker_48_m
9	FessParker	51	AGE51	7076	7075_FessParker_51_m
9	FessParker	41	AGE41	7072	7071_FessParker_41_m
9	FessParker	60	AGE60	7078	7077_FessParker_60_m
9	FessParker	38	AGE38	7071	7070_FessParker_38_m
9	FessParker	56	AGE56	7077	7076_FessParker_56_m
9	FessParker	46	AGE46	7074	7073_FessParker_46_m
9	FessParker	35	AGE35	7068	7067_FessParker_35_m
9	FessParker	30	AGE30	7065	7064_FessParker_30_m
9	FessParker	66	AGE66	7080	7079_FessParker_66_m
9	FessParker	36	AGE36	7069	7068_FessParker_36_m
9	FessParker	44	AGE44	7073	7072_FessParker_44_m
10	JeffDaniels	37	AGE37	3359	3358_JeffDaniels_37_m
10	JeffDaniels	54	AGE54	3379	3378_JeffDaniels_54_m
10	JeffDaniels	43	AGE43	3367	3366_JeffDaniels_43_m
10	JeffDaniels	26	AGE26	3350	3349_JeffDaniels_26_m
10	JeffDaniels	51	AGE51	3376	3375_JeffDaniels_51_m
10	JeffDaniels	59	AGE59	3383	3382_JeffDaniels_59_m
10	JeffDaniels	39	AGE39	3362	3361_JeffDaniels_39_m
10	JeffDaniels	57	AGE57	3381	3380_JeffDaniels_57_m
10	JeffDaniels	36	AGE36	3358	3357_JeffDaniels_36_m
10	JeffDaniels	49	AGE49	3374	3373_JeffDaniels_49_m
10	JeffDaniels	29	AGE29	3352	3351_JeffDaniels_29_m
10	JeffDaniels	41	AGE41	3364	3363_JeffDaniels_41_m
10	JeffDaniels	35	AGE35	3357	3356_JeffDaniels_35_m
10	JeffDaniels	46	AGE46	3371	3370_JeffDaniels_46_m
10	JeffDaniels	34	AGE34	3356	3355_JeffDaniels_34_m
10	JeffDaniels	42	AGE42	3365	3364_JeffDaniels_42_m
10	JeffDaniels	31	AGE31	3354	3353_JeffDaniels_31_m
10	JeffDaniels	44	AGE44	3368	3367_JeffDaniels_44_m
10	JeffDaniels	50	AGE50	3375	3374_JeffDaniels_50_m
10	JeffDaniels	28	AGE28	3351	3350_JeffDaniels_28_m
10	JeffDaniels	30	AGE30	3353	3352_JeffDaniels_30_m
10	JeffDaniels	38	AGE38	3361	3360_JeffDaniels_38_m
10	JeffDaniels	33	AGE33	3355	3354_JeffDaniels_33_m
10	JeffDaniels	45	AGE45	3369	3368_JeffDaniels_45_m
10	JeffDaniels	40	AGE40	3363	3362_JeffDaniels_40_m
10	JeffDaniels	53	AGE53	3378	3377_JeffDaniels_53_m
10	JeffDaniels	48	AGE48	3373	3372_JeffDaniels_48_m
10	JeffDaniels	47	AGE47	3372	3371_JeffDaniels_47_m
10	JeffDaniels	38	AGE38	3360	3359_JeffDaniels_38_m
10	JeffDaniels	58	AGE58	3382	3381_JeffDaniels_58_m
10	JeffDaniels	45	AGE45	3370	3369_JeffDaniels_45_m
10	JeffDaniels	52	AGE52	3377	3376_JeffDaniels_52_m
10	JeffDaniels	42	AGE42	3366	3365_JeffDaniels_42_m
10	JeffDaniels	55	AGE55	3380	3379_JeffDaniels_55_m
11	MichaelSarrazin	61	AGE61	9151	9150_MichaelSarrazin_61_m
11	MichaelSarrazin	55	AGE55	9149	9148_MichaelSarrazin_55_m
11	MichaelSarrazin	33	AGE33	9136	9135_MichaelSarrazin_33_m
11	MichaelSarrazin	32	AGE32	9135	9134_MichaelSarrazin_32_m
11	MichaelSarrazin	28	AGE28	9131	9130_MichaelSarrazin_28_m
11	MichaelSarrazin	31	AGE31	9134	9133_MichaelSarrazin_31_m
11	MichaelSarrazin	57	AGE57	9150	9149_MichaelSarrazin_57_m
11	MichaelSarrazin	53	AGE53	9148	9147_MichaelSarrazin_53_m
11	MichaelSarrazin	42	AGE42	9142	9141_MichaelSarrazin_42_m
11	MichaelSarrazin	46	AGE46	9144	9143_MichaelSarrazin_46_m
11	MichaelSarrazin	50	AGE50	9146	9145_MichaelSarrazin_50_m
11	MichaelSarrazin	23	AGE23	9129	9128_MichaelSarrazin_23_m
11	MichaelSarrazin	68	AGE68	9153	9152_MichaelSarrazin_68_m
11	MichaelSarrazin	38	AGE38	9140	9139_MichaelSarrazin_38_m
11	MichaelSarrazin	51	AGE51	9147	9146_MichaelSarrazin_51_m
11	MichaelSarrazin	45	AGE45	9143	9142_MichaelSarrazin_45_m
11	MichaelSarrazin	40	AGE40	9141	9140_MichaelSarrazin_40_m
11	MichaelSarrazin	30	AGE30	9133	9132_MichaelSarrazin_30_m
11	MichaelSarrazin	37	AGE37	9139	9138_MichaelSarrazin_37_m
11	MichaelSarrazin	29	AGE29	9132	9131_MichaelSarrazin_29_m
11	MichaelSarrazin	36	AGE36	9138	9137_MichaelSarrazin_36_m
11	MichaelSarrazin	27	AGE27	9130	9129_MichaelSarrazin_27_m
11	MichaelSarrazin	34	AGE34	9137	9136_MichaelSarrazin_34_m
11	MichaelSarrazin	64	AGE64	9152	9151_MichaelSarrazin_64_m
11	MichaelSarrazin	48	AGE48	9145	9144_MichaelSarrazin_48_m
12	MerylStreep	47	AGE47	10740	10739_MerylStreep_47_f
12	MerylStreep	57	AGE57	10748	10747_MerylStreep_57_f
12	MerylStreep	41	AGE41	10737	10736_MerylStreep_41_f
12	MerylStreep	30	AGE30	10729	10728_MerylStreep_30_f
12	MerylStreep	35	AGE35	10732	10731_MerylStreep_35_f
12	MerylStreep	46	AGE46	10739	10738_MerylStreep_46_f
12	MerylStreep	39	AGE39	10734	10733_MerylStreep_39_f
12	MerylStreep	29	AGE29	10728	10727_MerylStreep_29_f
12	MerylStreep	34	AGE34	10731	10730_MerylStreep_34_f
12	MerylStreep	60	AGE60	10750	10749_MerylStreep_60_f
12	MerylStreep	58	AGE58	10749	10748_MerylStreep_58_f
12	MerylStreep	50	AGE50	10743	10742_MerylStreep_50_f
12	MerylStreep	40	AGE40	10735	10734_MerylStreep_40_f
12	MerylStreep	54	AGE54	10745	10744_MerylStreep_54_f
12	MerylStreep	42	AGE42	10738	10737_MerylStreep_42_f
12	MerylStreep	55	AGE55	10746	10745_MerylStreep_55_f
12	MerylStreep	57	AGE57	10747	10746_MerylStreep_57_f
12	MerylStreep	64	AGE64	10752	10751_MerylStreep_64_f
12	MerylStreep	53	AGE53	10744	10743_MerylStreep_53_f
12	MerylStreep	50	AGE50	10742	10741_MerylStreep_50_f
12	MerylStreep	49	AGE49	10741	10740_MerylStreep_49_f
12	MerylStreep	40	AGE40	10736	10735_MerylStreep_40_f
12	MerylStreep	64	AGE64	10751	10750_MerylStreep_64_f
12	MerylStreep	32	AGE32	10730	10729_MerylStreep_32_f
12	MerylStreep	38	AGE38	10733	10732_MerylStreep_38_f
13	CatherineSchell	33	AGE33	15121	15120_CatherineSchell_33_f
13	CatherineSchell	27	AGE27	15113	15112_CatherineSchell_27_f
13	CatherineSchell	23	AGE23	15116	15115_CatherineSchell_23_f
13	CatherineSchell	36	AGE36	15124	15123_CatherineSchell_36_f
13	CatherineSchell	29	AGE29	15114	15113_CatherineSchell_29_f
13	CatherineSchell	24	AGE24	15110	15109_CatherineSchell_24_f
13	CatherineSchell	39	AGE39	15127	15126_CatherineSchell_39_f
13	CatherineSchell	51	AGE51	15133	15132_CatherineSchell_51_f
13	CatherineSchell	41	AGE41	15129	15128_CatherineSchell_41_f
13	CatherineSchell	59	AGE59	15135	15134_CatherineSchell_59_f
13	CatherineSchell	28	AGE28	15117	15116_CatherineSchell_28_f
13	CatherineSchell	38	AGE38	15126	15125_CatherineSchell_38_f
13	CatherineSchell	53	AGE53	15134	15133_CatherineSchell_53_f
13	CatherineSchell	69	AGE69	15143	15142_CatherineSchell_69_f
13	CatherineSchell	70	AGE70	15144	15143_CatherineSchell_70_f
13	CatherineSchell	34	AGE34	15122	15121_CatherineSchell_34_f
13	CatherineSchell	61	AGE61	15136	15135_CatherineSchell_61_f
13	CatherineSchell	26	AGE26	15112	15111_CatherineSchell_26_f
13	CatherineSchell	66	AGE66	15140	15139_CatherineSchell_66_f
13	CatherineSchell	40	AGE40	15128	15127_CatherineSchell_40_f
13	CatherineSchell	48	AGE48	15132	15131_CatherineSchell_48_f
13	CatherineSchell	20	AGE20	15115	15114_CatherineSchell_20_f
13	CatherineSchell	63	AGE63	15138	15137_CatherineSchell_63_f
13	CatherineSchell	62	AGE62	15137	15136_CatherineSchell_62_f
13	CatherineSchell	67	AGE67	15141	15140_CatherineSchell_67_f
13	CatherineSchell	25	AGE25	15111	15110_CatherineSchell_25_f
13	CatherineSchell	31	AGE31	15119	15118_CatherineSchell_31_f
13	CatherineSchell	68	AGE68	15142	15141_CatherineSchell_68_f
13	CatherineSchell	32	AGE32	15120	15119_CatherineSchell_32_f
13	CatherineSchell	65	AGE65	15139	15138_CatherineSchell_65_f
13	CatherineSchell	30	AGE30	15118	15117_CatherineSchell_30_f
13	CatherineSchell	37	AGE37	15125	15124_CatherineSchell_37_f
13	CatherineSchell	43	AGE43	15130	15129_CatherineSchell_43_f
13	CatherineSchell	46	AGE46	15131	15130_CatherineSchell_46_f
13	CatherineSchell	19	AGE19	15109	15108_CatherineSchell_19_f
13	CatherineSchell	35	AGE35	15123	15122_CatherineSchell_35_f
14	StevenSpielberg	52	AGE52	6833	6832_StevenSpielberg_52_m
14	StevenSpielberg	65	AGE65	6837	6836_StevenSpielberg_65_m
14	StevenSpielberg	34	AGE34	6842	6841_StevenSpielberg_34_m
14	StevenSpielberg	24	AGE24	6840	6839_StevenSpielberg_24_m
14	StevenSpielberg	58	AGE58	6836	6835_StevenSpielberg_58_m
14	StevenSpielberg	22	AGE22	6821	6820_StevenSpielberg_22_m
14	StevenSpielberg	66	AGE66	6830	6829_StevenSpielberg_66_m
14	StevenSpielberg	47	AGE47	6832	6831_StevenSpielberg_47_m
14	StevenSpielberg	40	AGE40	6839	6838_StevenSpielberg_40_m
14	StevenSpielberg	50	AGE50	6841	6840_StevenSpielberg_50_m
14	StevenSpielberg	29	AGE29	6822	6821_StevenSpielberg_29_m
14	StevenSpielberg	53	AGE53	6834	6833_StevenSpielberg_53_m
14	StevenSpielberg	63	AGE63	6829	6828_StevenSpielberg_63_m
14	StevenSpielberg	60	AGE60	6827	6826_StevenSpielberg_60_m
14	StevenSpielberg	35	AGE35	6838	6837_StevenSpielberg_35_m
14	StevenSpielberg	45	AGE45	6820	6819_StevenSpielberg_45_m
14	StevenSpielberg	27	AGE27	6831	6830_StevenSpielberg_27_m
14	StevenSpielberg	61	AGE61	6828	6827_StevenSpielberg_61_m
14	StevenSpielberg	34	AGE34	6823	6822_StevenSpielberg_34_m
14	StevenSpielberg	57	AGE57	6835	6834_StevenSpielberg_57_m
14	StevenSpielberg	56	AGE56	6826	6825_StevenSpielberg_56_m
14	StevenSpielberg	43	AGE43	6825	6824_StevenSpielberg_43_m
14	StevenSpielberg	35	AGE35	6824	6823_StevenSpielberg_35_m
15	AnneBancroft	31	AGE31	13865	13864_AnneBancroft_31_f
15	AnneBancroft	25	AGE25	13874	13873_AnneBancroft_25_f
15	AnneBancroft	46	AGE46	13863	13862_AnneBancroft_46_f
15	AnneBancroft	72	AGE72	13870	13869_AnneBancroft_72_f
15	AnneBancroft	22	AGE22	13864	13863_AnneBancroft_22_f
15	AnneBancroft	61	AGE61	13871	13870_AnneBancroft_61_f
15	AnneBancroft	60	AGE60	13844	13843_AnneBancroft_60_f
15	AnneBancroft	28	AGE28	13852	13851_AnneBancroft_28_f
15	AnneBancroft	31	AGE31	13846	13845_AnneBancroft_31_f
15	AnneBancroft	53	AGE53	13851	13850_AnneBancroft_53_f
15	AnneBancroft	70	AGE70	13868	13867_AnneBancroft_70_f
15	AnneBancroft	67	AGE67	13845	13844_AnneBancroft_67_f
15	AnneBancroft	44	AGE44	13847	13846_AnneBancroft_44_f
15	AnneBancroft	52	AGE52	13849	13848_AnneBancroft_52_f
15	AnneBancroft	35	AGE35	13872	13871_AnneBancroft_35_f
15	AnneBancroft	73	AGE73	13873	13872_AnneBancroft_73_f
15	AnneBancroft	22	AGE22	13859	13858_AnneBancroft_22_f
15	AnneBancroft	28	AGE28	13856	13855_AnneBancroft_28_f
15	AnneBancroft	66	AGE66	13861	13860_AnneBancroft_66_f
15	AnneBancroft	69	AGE69	13853	13852_AnneBancroft_69_f
15	AnneBancroft	41	AGE41	13866	13865_AnneBancroft_41_f
15	AnneBancroft	25	AGE25	13860	13859_AnneBancroft_25_f
15	AnneBancroft	25	AGE25	13857	13856_AnneBancroft_25_f
15	AnneBancroft	61	AGE61	13850	13849_AnneBancroft_61_f
15	AnneBancroft	68	AGE68	13867	13866_AnneBancroft_68_f
15	AnneBancroft	49	AGE49	13854	13853_AnneBancroft_49_f
15	AnneBancroft	23	AGE23	13862	13861_AnneBancroft_23_f
15	AnneBancroft	70	AGE70	13855	13854_AnneBancroft_70_f
15	AnneBancroft	71	AGE71	13869	13868_AnneBancroft_71_f
15	AnneBancroft	33	AGE33	13848	13847_AnneBancroft_33_f
15	AnneBancroft	73	AGE73	13875	13874_AnneBancroft_73_f
15	AnneBancroft	24	AGE24	13858	13857_AnneBancroft_24_f
15	AnneBancroft	51	AGE51	13843	13842_AnneBancroft_51_f
16	ReginaldOwen	44	AGE44	8242	8241_ReginaldOwen_44_m
16	ReginaldOwen	43	AGE43	8241	8240_ReginaldOwen_43_m
16	ReginaldOwen	66	AGE66	8259	8258_ReginaldOwen_66_m
16	ReginaldOwen	70	AGE70	8260	8259_ReginaldOwen_70_m
16	ReginaldOwen	83	AGE83	8267	8266_ReginaldOwen_83_m
16	ReginaldOwen	57	AGE57	8255	8254_ReginaldOwen_57_m
16	ReginaldOwen	73	AGE73	8261	8260_ReginaldOwen_73_m
16	ReginaldOwen	62	AGE62	8257	8256_ReginaldOwen_62_m
16	ReginaldOwen	56	AGE56	8254	8253_ReginaldOwen_56_m
16	ReginaldOwen	84	AGE84	8268	8267_ReginaldOwen_84_m
16	ReginaldOwen	49	AGE49	8248	8247_ReginaldOwen_49_m
16	ReginaldOwen	51	AGE51	8249	8248_ReginaldOwen_51_m
16	ReginaldOwen	46	AGE46	8243	8242_ReginaldOwen_46_m
16	ReginaldOwen	52	AGE52	8250	8249_ReginaldOwen_52_m
16	ReginaldOwen	61	AGE61	8256	8255_ReginaldOwen_61_m
16	ReginaldOwen	78	AGE78	8265	8264_ReginaldOwen_78_m
16	ReginaldOwen	48	AGE48	8244	8243_ReginaldOwen_48_m
16	ReginaldOwen	54	AGE54	8252	8251_ReginaldOwen_54_m
16	ReginaldOwen	63	AGE63	8258	8257_ReginaldOwen_63_m
16	ReginaldOwen	41	AGE41	8245	8244_ReginaldOwen_41_m
16	ReginaldOwen	47	AGE47	8246	8245_ReginaldOwen_47_m
16	ReginaldOwen	77	AGE77	8264	8263_ReginaldOwen_77_m
16	ReginaldOwen	53	AGE53	8251	8250_ReginaldOwen_53_m
16	ReginaldOwen	82	AGE82	8266	8265_ReginaldOwen_82_m
16	ReginaldOwen	55	AGE55	8253	8252_ReginaldOwen_55_m
16	ReginaldOwen	48	AGE48	8247	8246_ReginaldOwen_48_m
17	LuiseRainer	25	AGE25	10664	10663_LuiseRainer_25_f
17	LuiseRainer	26	AGE26	10639	10638_LuiseRainer_26_f
17	LuiseRainer	25	AGE25	10635	10634_LuiseRainer_25_f
17	LuiseRainer	28	AGE28	10667	10666_LuiseRainer_28_f
17	LuiseRainer	30	AGE30	10684	10683_LuiseRainer_30_f
17	LuiseRainer	22	AGE22	10671	10670_LuiseRainer_22_f
17	LuiseRainer	33	AGE33	10662	10661_LuiseRainer_33_f
17	LuiseRainer	29	AGE29	10654	10653_LuiseRainer_29_f
17	LuiseRainer	25	AGE25	10676	10675_LuiseRainer_25_f
17	LuiseRainer	32	AGE32	10691	10690_LuiseRainer_32_f
17	LuiseRainer	27	AGE27	10660	10659_LuiseRainer_27_f
17	LuiseRainer	100	AGE100	10693	10692_LuiseRainer_100_f
17	LuiseRainer	25	AGE25	10689	10688_LuiseRainer_25_f
17	LuiseRainer	26	AGE26	10645	10644_LuiseRainer_26_f
17	LuiseRainer	28	AGE28	10682	10681_LuiseRainer_28_f
17	LuiseRainer	28	AGE28	10652	10651_LuiseRainer_28_f
17	LuiseRainer	31	AGE31	10669	10668_LuiseRainer_31_f
17	LuiseRainer	85	AGE85	10655	10654_LuiseRainer_85_f
17	LuiseRainer	27	AGE27	10638	10637_LuiseRainer_27_f
17	LuiseRainer	26	AGE26	10657	10656_LuiseRainer_26_f
17	LuiseRainer	35	AGE35	10650	10649_LuiseRainer_35_f
17	LuiseRainer	42	AGE42	10670	10669_LuiseRainer_42_f
17	LuiseRainer	26	AGE26	10653	10652_LuiseRainer_26_f
17	LuiseRainer	26	AGE26	10680	10679_LuiseRainer_26_f
17	LuiseRainer	85	AGE85	10688	10687_LuiseRainer_85_f
17	LuiseRainer	74	AGE74	10672	10671_LuiseRainer_74_f
17	LuiseRainer	26	AGE26	10673	10672_LuiseRainer_26_f
17	LuiseRainer	27	AGE27	10666	10665_LuiseRainer_27_f
17	LuiseRainer	26	AGE26	10636	10635_LuiseRainer_26_f
17	LuiseRainer	25	AGE25	10640	10639_LuiseRainer_25_f
17	LuiseRainer	30	AGE30	10656	10655_LuiseRainer_30_f
17	LuiseRainer	29	AGE29	10678	10677_LuiseRainer_29_f
17	LuiseRainer	26	AGE26	10659	10658_LuiseRainer_26_f
17	LuiseRainer	23	AGE23	10641	10640_LuiseRainer_23_f
17	LuiseRainer	27	AGE27	10675	10674_LuiseRainer_27_f
17	LuiseRainer	38	AGE38	10649	10648_LuiseRainer_38_f
17	LuiseRainer	29	AGE29	10683	10682_LuiseRainer_29_f
17	LuiseRainer	25	AGE25	10643	10642_LuiseRainer_25_f
17	LuiseRainer	26	AGE26	10677	10676_LuiseRainer_26_f
17	LuiseRainer	27	AGE27	10647	10646_LuiseRainer_27_f
17	LuiseRainer	26	AGE26	10690	10689_LuiseRainer_26_f
17	LuiseRainer	27	AGE27	10651	10650_LuiseRainer_27_f
17	LuiseRainer	27	AGE27	10679	10678_LuiseRainer_27_f
17	LuiseRainer	23	AGE23	10674	10673_LuiseRainer_23_f
17	LuiseRainer	45	AGE45	10644	10643_LuiseRainer_45_f
17	LuiseRainer	30	AGE30	10668	10667_LuiseRainer_30_f
17	LuiseRainer	26	AGE26	10665	10664_LuiseRainer_26_f
17	LuiseRainer	22	AGE22	10642	10641_LuiseRainer_22_f
17	LuiseRainer	28	AGE28	10634	10633_LuiseRainer_28_f
17	LuiseRainer	33	AGE33	10686	10685_LuiseRainer_33_f
17	LuiseRainer	25	AGE25	10658	10657_LuiseRainer_25_f
17	LuiseRainer	50	AGE50	10648	10647_LuiseRainer_50_f
17	LuiseRainer	27	AGE27	10646	10645_LuiseRainer_27_f
17	LuiseRainer	46	AGE46	10687	10686_LuiseRainer_46_f
17	LuiseRainer	100	AGE100	10692	10691_LuiseRainer_100_f
17	LuiseRainer	30	AGE30	10681	10680_LuiseRainer_30_f
17	LuiseRainer	32	AGE32	10661	10660_LuiseRainer_32_f
17	LuiseRainer	28	AGE28	10637	10636_LuiseRainer_28_f
17	LuiseRainer	22	AGE22	10663	10662_LuiseRainer_22_f
17	LuiseRainer	32	AGE32	10685	10684_LuiseRainer_32_f
18	ElsaMartinelli	29	AGE29	12062	12061_ElsaMartinelli_29_f
18	ElsaMartinelli	76	AGE76	12086	12085_ElsaMartinelli_76_f
18	ElsaMartinelli	71	AGE71	12081	12080_ElsaMartinelli_71_f
18	ElsaMartinelli	64	AGE64	12078	12077_ElsaMartinelli_64_f
18	ElsaMartinelli	60	AGE60	12076	12075_ElsaMartinelli_60_f
18	ElsaMartinelli	31	AGE31	12064	12063_ElsaMartinelli_31_f
18	ElsaMartinelli	42	AGE42	12071	12070_ElsaMartinelli_42_f
18	ElsaMartinelli	21	AGE21	12060	12059_ElsaMartinelli_21_f
18	ElsaMartinelli	34	AGE34	12066	12065_ElsaMartinelli_34_f
18	ElsaMartinelli	49	AGE49	12073	12072_ElsaMartinelli_49_f
18	ElsaMartinelli	63	AGE63	12077	12076_ElsaMartinelli_63_f
18	ElsaMartinelli	77	AGE77	12087	12086_ElsaMartinelli_77_f
18	ElsaMartinelli	30	AGE30	12063	12062_ElsaMartinelli_30_f
18	ElsaMartinelli	59	AGE59	12075	12074_ElsaMartinelli_59_f
18	ElsaMartinelli	38	AGE38	12069	12068_ElsaMartinelli_38_f
18	ElsaMartinelli	20	AGE20	12059	12058_ElsaMartinelli_20_f
18	ElsaMartinelli	73	AGE73	12083	12082_ElsaMartinelli_73_f
18	ElsaMartinelli	75	AGE75	12085	12084_ElsaMartinelli_75_f
18	ElsaMartinelli	35	AGE35	12067	12066_ElsaMartinelli_35_f
18	ElsaMartinelli	19	AGE19	12058	12057_ElsaMartinelli_19_f
18	ElsaMartinelli	78	AGE78	12088	12087_ElsaMartinelli_78_f
18	ElsaMartinelli	39	AGE39	12070	12069_ElsaMartinelli_39_f
18	ElsaMartinelli	72	AGE72	12082	12081_ElsaMartinelli_72_f
18	ElsaMartinelli	55	AGE55	12074	12073_ElsaMartinelli_55_f
18	ElsaMartinelli	46	AGE46	12072	12071_ElsaMartinelli_46_f
18	ElsaMartinelli	37	AGE37	12068	12067_ElsaMartinelli_37_f
18	ElsaMartinelli	74	AGE74	12084	12083_ElsaMartinelli_74_f
18	ElsaMartinelli	69	AGE69	12080	12079_ElsaMartinelli_69_f
18	ElsaMartinelli	68	AGE68	12079	12078_ElsaMartinelli_68_f
18	ElsaMartinelli	33	AGE33	12065	12064_ElsaMartinelli_33_f
18	ElsaMartinelli	23	AGE23	12061	12060_ElsaMartinelli_23_f
19	EdwardFox	77	AGE77	1941	1940_EdwardFox_77_m
19	EdwardFox	51	AGE51	1924	1923_EdwardFox_51_m
19	EdwardFox	58	AGE58	1928	1927_EdwardFox_58_m
19	EdwardFox	30	AGE30	1905	1904_EdwardFox_30_m
19	EdwardFox	76	AGE76	1940	1939_EdwardFox_76_m
19	EdwardFox	35	AGE35	1910	1909_EdwardFox_35_m
19	EdwardFox	45	AGE45	1919	1918_EdwardFox_45_m
19	EdwardFox	33	AGE33	1908	1907_EdwardFox_33_m
19	EdwardFox	40	AGE40	1914	1913_EdwardFox_40_m
19	EdwardFox	41	AGE41	1915	1914_EdwardFox_41_m
19	EdwardFox	36	AGE36	1911	1910_EdwardFox_36_m
19	EdwardFox	46	AGE46	1920	1919_EdwardFox_46_m
19	EdwardFox	49	AGE49	1923	1922_EdwardFox_49_m
19	EdwardFox	26	AGE26	1901	1900_EdwardFox_26_m
19	EdwardFox	70	AGE70	1935	1934_EdwardFox_70_m
19	EdwardFox	31	AGE31	1906	1905_EdwardFox_31_m
19	EdwardFox	34	AGE34	1909	1908_EdwardFox_34_m
19	EdwardFox	29	AGE29	1904	1903_EdwardFox_29_m
19	EdwardFox	38	AGE38	1912	1911_EdwardFox_38_m
19	EdwardFox	59	AGE59	1929	1928_EdwardFox_59_m
19	EdwardFox	60	AGE60	1930	1929_EdwardFox_60_m
19	EdwardFox	63	AGE63	1931	1930_EdwardFox_63_m
19	EdwardFox	55	AGE55	1927	1926_EdwardFox_55_m
19	EdwardFox	28	AGE28	1903	1902_EdwardFox_28_m
19	EdwardFox	73	AGE73	1938	1937_EdwardFox_73_m
19	EdwardFox	54	AGE54	1926	1925_EdwardFox_54_m
19	EdwardFox	32	AGE32	1907	1906_EdwardFox_32_m
19	EdwardFox	65	AGE65	1932	1931_EdwardFox_65_m
19	EdwardFox	72	AGE72	1937	1936_EdwardFox_72_m
19	EdwardFox	75	AGE75	1939	1938_EdwardFox_75_m
19	EdwardFox	71	AGE71	1936	1935_EdwardFox_71_m
19	EdwardFox	42	AGE42	1916	1915_EdwardFox_42_m
19	EdwardFox	44	AGE44	1918	1917_EdwardFox_44_m
19	EdwardFox	48	AGE48	1922	1921_EdwardFox_48_m
19	EdwardFox	27	AGE27	1902	1901_EdwardFox_27_m
19	EdwardFox	66	AGE66	1933	1932_EdwardFox_66_m
19	EdwardFox	53	AGE53	1925	1924_EdwardFox_53_m
19	EdwardFox	40	AGE40	1913	1912_EdwardFox_40_m
19	EdwardFox	67	AGE67	1934	1933_EdwardFox_67_m
19	EdwardFox	47	AGE47	1921	1920_EdwardFox_47_m
19	EdwardFox	43	AGE43	1917	1916_EdwardFox_43_m
20	JohnTravolta	20	AGE20	4686	4685_JohnTravolta_20_m
20	JohnTravolta	23	AGE23	4685	4684_JohnTravolta_23_m
20	JohnTravolta	45	AGE45	4687	4686_JohnTravolta_45_m
20	JohnTravolta	53	AGE53	4683	4682_JohnTravolta_53_m
20	JohnTravolta	24	AGE24	4674	4673_JohnTravolta_24_m
20	JohnTravolta	43	AGE43	4692	4691_JohnTravolta_43_m
20	JohnTravolta	37	AGE37	4684	4683_JohnTravolta_37_m
20	JohnTravolta	37	AGE37	4676	4675_JohnTravolta_37_m
20	JohnTravolta	31	AGE31	4701	4700_JohnTravolta_31_m
20	JohnTravolta	27	AGE27	4695	4694_JohnTravolta_27_m
20	JohnTravolta	44	AGE44	4680	4679_JohnTravolta_44_m
20	JohnTravolta	22	AGE22	4694	4693_JohnTravolta_22_m
20	JohnTravolta	22	AGE22	4675	4674_JohnTravolta_22_m
20	JohnTravolta	45	AGE45	4697	4696_JohnTravolta_45_m
20	JohnTravolta	38	AGE38	4672	4671_JohnTravolta_38_m
20	JohnTravolta	40	AGE40	4690	4689_JohnTravolta_40_m
20	JohnTravolta	50	AGE50	4700	4699_JohnTravolta_50_m
20	JohnTravolta	35	AGE35	4673	4672_JohnTravolta_35_m
20	JohnTravolta	55	AGE55	4689	4688_JohnTravolta_55_m
20	JohnTravolta	59	AGE59	4682	4681_JohnTravolta_59_m
20	JohnTravolta	29	AGE29	4693	4692_JohnTravolta_29_m
20	JohnTravolta	24	AGE24	4698	4697_JohnTravolta_24_m
20	JohnTravolta	30	AGE30	4688	4687_JohnTravolta_30_m
20	JohnTravolta	25	AGE25	4699	4698_JohnTravolta_25_m
20	JohnTravolta	51	AGE51	4681	4680_JohnTravolta_51_m
20	JohnTravolta	26	AGE26	4696	4695_JohnTravolta_26_m
20	JohnTravolta	53	AGE53	4678	4677_JohnTravolta_53_m
20	JohnTravolta	26	AGE26	4677	4676_JohnTravolta_26_m
20	JohnTravolta	24	AGE24	4691	4690_JohnTravolta_24_m
20	JohnTravolta	42	AGE42	4679	4678_JohnTravolta_42_m
21	JamesStewart	51	AGE51	8649	8648_JamesStewart_51_m
21	JamesStewart	32	AGE32	8644	8643_JamesStewart_32_m
21	JamesStewart	32	AGE32	8656	8655_JamesStewart_32_m
21	JamesStewart	41	AGE41	8654	8653_JamesStewart_41_m
21	JamesStewart	45	AGE45	8648	8647_JamesStewart_45_m
21	JamesStewart	29	AGE29	8658	8657_JamesStewart_29_m
21	JamesStewart	31	AGE31	8643	8642_JamesStewart_31_m
21	JamesStewart	32	AGE32	8657	8656_JamesStewart_32_m
21	JamesStewart	41	AGE41	8659	8658_JamesStewart_41_m
21	JamesStewart	68	AGE68	8652	8651_JamesStewart_68_m
21	JamesStewart	69	AGE69	8653	8652_JamesStewart_69_m
21	JamesStewart	34	AGE34	8655	8654_JamesStewart_34_m
21	JamesStewart	65	AGE65	8651	8650_JamesStewart_65_m
21	JamesStewart	52	AGE52	8650	8649_JamesStewart_52_m
21	JamesStewart	28	AGE28	8640	8639_JamesStewart_28_m
21	JamesStewart	40	AGE40	8647	8646_JamesStewart_40_m
21	JamesStewart	86	AGE86	8638	8637_JamesStewart_86_m
21	JamesStewart	26	AGE26	8639	8638_JamesStewart_26_m
21	JamesStewart	38	AGE38	8646	8645_JamesStewart_38_m
21	JamesStewart	32	AGE32	8645	8644_JamesStewart_32_m
21	JamesStewart	30	AGE30	8641	8640_JamesStewart_30_m
21	JamesStewart	31	AGE31	8642	8641_JamesStewart_31_m
22	TerryMoore	13	AGE13	10305	10304_TerryMoore_13_f
22	TerryMoore	15	AGE15	10306	10305_TerryMoore_15_f
22	TerryMoore	42	AGE42	10320	10319_TerryMoore_42_f
22	TerryMoore	72	AGE72	10329	10328_TerryMoore_72_f
22	TerryMoore	71	AGE71	10328	10327_TerryMoore_71_f
22	TerryMoore	28	AGE28	10312	10311_TerryMoore_28_f
22	TerryMoore	40	AGE40	10319	10318_TerryMoore_40_f
22	TerryMoore	19	AGE19	10308	10307_TerryMoore_19_f
22	TerryMoore	53	AGE53	10324	10323_TerryMoore_53_f
22	TerryMoore	26	AGE26	10311	10310_TerryMoore_26_f
22	TerryMoore	34	AGE34	10316	10315_TerryMoore_34_f
22	TerryMoore	55	AGE55	10333	10332_TerryMoore_55_f
22	TerryMoore	18	AGE18	10307	10306_TerryMoore_18_f
22	TerryMoore	20	AGE20	10309	10308_TerryMoore_20_f
22	TerryMoore	62	AGE62	10326	10325_TerryMoore_62_f
22	TerryMoore	32	AGE32	10315	10314_TerryMoore_32_f
22	TerryMoore	57	AGE57	10325	10324_TerryMoore_57_f
22	TerryMoore	38	AGE38	10318	10317_TerryMoore_38_f
22	TerryMoore	79	AGE79	10332	10331_TerryMoore_79_f
22	TerryMoore	69	AGE69	10327	10326_TerryMoore_69_f
22	TerryMoore	76	AGE76	10330	10329_TerryMoore_76_f
22	TerryMoore	22	AGE22	10310	10309_TerryMoore_22_f
22	TerryMoore	29	AGE29	10313	10312_TerryMoore_29_f
22	TerryMoore	47	AGE47	10322	10321_TerryMoore_47_f
22	TerryMoore	51	AGE51	10323	10322_TerryMoore_51_f
22	TerryMoore	44	AGE44	10321	10320_TerryMoore_44_f
22	TerryMoore	37	AGE37	10317	10316_TerryMoore_37_f
22	TerryMoore	77	AGE77	10331	10330_TerryMoore_77_f
22	TerryMoore	31	AGE31	10314	10313_TerryMoore_31_f
23	VirnaLisi	28	AGE28	11335	11334_VirnaLisi_28_f
23	VirnaLisi	25	AGE25	11351	11350_VirnaLisi_25_f
23	VirnaLisi	28	AGE28	11349	11348_VirnaLisi_28_f
23	VirnaLisi	30	AGE30	11337	11336_VirnaLisi_30_f
23	VirnaLisi	62	AGE62	11363	11362_VirnaLisi_62_f
23	VirnaLisi	33	AGE33	11340	11339_VirnaLisi_33_f
23	VirnaLisi	22	AGE22	11354	11353_VirnaLisi_22_f
23	VirnaLisi	26	AGE26	11333	11332_VirnaLisi_26_f
23	VirnaLisi	31	AGE31	11346	11345_VirnaLisi_31_f
23	VirnaLisi	74	AGE74	11344	11343_VirnaLisi_74_f
23	VirnaLisi	58	AGE58	11362	11361_VirnaLisi_58_f
23	VirnaLisi	23	AGE23	11357	11356_VirnaLisi_23_f
23	VirnaLisi	19	AGE19	11328	11327_VirnaLisi_19_f
23	VirnaLisi	58	AGE58	11361	11360_VirnaLisi_58_f
23	VirnaLisi	18	AGE18	11355	11354_VirnaLisi_18_f
23	VirnaLisi	32	AGE32	11339	11338_VirnaLisi_32_f
23	VirnaLisi	32	AGE32	11356	11355_VirnaLisi_32_f
23	VirnaLisi	24	AGE24	11330	11329_VirnaLisi_24_f
23	VirnaLisi	31	AGE31	11347	11346_VirnaLisi_31_f
23	VirnaLisi	44	AGE44	11359	11358_VirnaLisi_44_f
23	VirnaLisi	73	AGE73	11343	11342_VirnaLisi_73_f
23	VirnaLisi	34	AGE34	11341	11340_VirnaLisi_34_f
23	VirnaLisi	25	AGE25	11331	11330_VirnaLisi_25_f
23	VirnaLisi	30	AGE30	11327	11326_VirnaLisi_30_f
23	VirnaLisi	46	AGE46	11360	11359_VirnaLisi_46_f
23	VirnaLisi	31	AGE31	11338	11337_VirnaLisi_31_f
23	VirnaLisi	75	AGE75	11345	11344_VirnaLisi_75_f
23	VirnaLisi	37	AGE37	11358	11357_VirnaLisi_37_f
23	VirnaLisi	27	AGE27	11334	11333_VirnaLisi_27_f
23	VirnaLisi	26	AGE26	11348	11347_VirnaLisi_26_f
23	VirnaLisi	32	AGE32	11352	11351_VirnaLisi_32_f
23	VirnaLisi	29	AGE29	11350	11349_VirnaLisi_29_f
23	VirnaLisi	23	AGE23	11329	11328_VirnaLisi_23_f
23	VirnaLisi	54	AGE54	11342	11341_VirnaLisi_54_f
23	VirnaLisi	26	AGE26	11332	11331_VirnaLisi_26_f
23	VirnaLisi	28	AGE28	11336	11335_VirnaLisi_28_f
23	VirnaLisi	30	AGE30	11353	11352_VirnaLisi_30_f
24	HelenHunt	15	AGE15	10033	10032_HelenHunt_15_f
24	HelenHunt	12	AGE12	10030	10029_HelenHunt_12_f
24	HelenHunt	18	AGE18	10034	10033_HelenHunt_18_f
24	HelenHunt	38	AGE38	10053	10052_HelenHunt_38_f
24	HelenHunt	37	AGE37	10052	10051_HelenHunt_37_f
24	HelenHunt	10	AGE10	10028	10027_HelenHunt_10_f
24	HelenHunt	50	AGE50	10064	10063_HelenHunt_50_f
24	HelenHunt	19	AGE19	10035	10034_HelenHunt_19_f
24	HelenHunt	35	AGE35	10049	10048_HelenHunt_35_f
24	HelenHunt	26	AGE26	10040	10039_HelenHunt_26_f
24	HelenHunt	39	AGE39	10054	10053_HelenHunt_39_f
24	HelenHunt	44	AGE44	10058	10057_HelenHunt_44_f
24	HelenHunt	33	AGE33	10046	10045_HelenHunt_33_f
24	HelenHunt	49	AGE49	10062	10061_HelenHunt_49_f
24	HelenHunt	29	AGE29	10043	10042_HelenHunt_29_f
24	HelenHunt	32	AGE32	10045	10044_HelenHunt_32_f
24	HelenHunt	28	AGE28	10042	10041_HelenHunt_28_f
24	HelenHunt	48	AGE48	10061	10060_HelenHunt_48_f
24	HelenHunt	30	AGE30	10044	10043_HelenHunt_30_f
24	HelenHunt	43	AGE43	10057	10056_HelenHunt_43_f
24	HelenHunt	21	AGE21	10037	10036_HelenHunt_21_f
24	HelenHunt	22	AGE22	10038	10037_HelenHunt_22_f
24	HelenHunt	34	AGE34	10048	10047_HelenHunt_34_f
24	HelenHunt	14	AGE14	10032	10031_HelenHunt_14_f
24	HelenHunt	50	AGE50	10063	10062_HelenHunt_50_f
24	HelenHunt	41	AGE41	10055	10054_HelenHunt_41_f
24	HelenHunt	20	AGE20	10036	10035_HelenHunt_20_f
24	HelenHunt	51	AGE51	10065	10064_HelenHunt_51_f
24	HelenHunt	45	AGE45	10059	10058_HelenHunt_45_f
24	HelenHunt	37	AGE37	10051	10050_HelenHunt_37_f
24	HelenHunt	27	AGE27	10041	10040_HelenHunt_27_f
24	HelenHunt	36	AGE36	10050	10049_HelenHunt_36_f
24	HelenHunt	11	AGE11	10029	10028_HelenHunt_11_f
24	HelenHunt	34	AGE34	10047	10046_HelenHunt_34_f
24	HelenHunt	42	AGE42	10056	10055_HelenHunt_42_f
24	HelenHunt	24	AGE24	10039	10038_HelenHunt_24_f
24	HelenHunt	13	AGE13	10031	10030_HelenHunt_13_f
24	HelenHunt	47	AGE47	10060	10059_HelenHunt_47_f
25	ShirleyMacLaine	72	AGE72	13263	13262_ShirleyMacLaine_72_f
25	ShirleyMacLaine	44	AGE44	13253	13252_ShirleyMacLaine_44_f
25	ShirleyMacLaine	41	AGE41	13252	13251_ShirleyMacLaine_41_f
25	ShirleyMacLaine	56	AGE56	13258	13257_ShirleyMacLaine_56_f
25	ShirleyMacLaine	30	AGE30	13251	13250_ShirleyMacLaine_30_f
25	ShirleyMacLaine	71	AGE71	13262	13261_ShirleyMacLaine_71_f
25	ShirleyMacLaine	27	AGE27	13248	13247_ShirleyMacLaine_27_f
25	ShirleyMacLaine	20	AGE20	13242	13241_ShirleyMacLaine_20_f
25	ShirleyMacLaine	28	AGE28	13249	13248_ShirleyMacLaine_28_f
25	ShirleyMacLaine	52	AGE52	13257	13256_ShirleyMacLaine_52_f
25	ShirleyMacLaine	48	AGE48	13255	13254_ShirleyMacLaine_48_f
25	ShirleyMacLaine	15	AGE15	13243	13242_ShirleyMacLaine_15_f
25	ShirleyMacLaine	22	AGE22	13247	13246_ShirleyMacLaine_22_f
25	ShirleyMacLaine	37	AGE37	13241	13240_ShirleyMacLaine_37_f
25	ShirleyMacLaine	75	AGE75	13264	13263_ShirleyMacLaine_75_f
25	ShirleyMacLaine	67	AGE67	13261	13260_ShirleyMacLaine_67_f
25	ShirleyMacLaine	16	AGE16	13244	13243_ShirleyMacLaine_16_f
25	ShirleyMacLaine	66	AGE66	13260	13259_ShirleyMacLaine_66_f
25	ShirleyMacLaine	19	AGE19	13267	13266_ShirleyMacLaine_19_f
25	ShirleyMacLaine	21	AGE21	13268	13267_ShirleyMacLaine_21_f
25	ShirleyMacLaine	63	AGE63	13259	13258_ShirleyMacLaine_63_f
25	ShirleyMacLaine	45	AGE45	13254	13253_ShirleyMacLaine_45_f
25	ShirleyMacLaine	29	AGE29	13250	13249_ShirleyMacLaine_29_f
25	ShirleyMacLaine	42	AGE42	13265	13264_ShirleyMacLaine_42_f
25	ShirleyMacLaine	49	AGE49	13256	13255_ShirleyMacLaine_49_f
25	ShirleyMacLaine	19	AGE19	13246	13245_ShirleyMacLaine_19_f
25	ShirleyMacLaine	45	AGE45	13266	13265_ShirleyMacLaine_45_f
25	ShirleyMacLaine	17	AGE17	13245	13244_ShirleyMacLaine_17_f
26	FayeDunaway	67	AGE67	10529	10528_FayeDunaway_67_f
26	FayeDunaway	27	AGE27	10505	10504_FayeDunaway_27_f
26	FayeDunaway	33	AGE33	10508	10507_FayeDunaway_33_f
26	FayeDunaway	61	AGE61	10525	10524_FayeDunaway_61_f
26	FayeDunaway	26	AGE26	10504	10503_FayeDunaway_26_f
26	FayeDunaway	29	AGE29	10507	10506_FayeDunaway_29_f
26	FayeDunaway	66	AGE66	10528	10527_FayeDunaway_66_f
26	FayeDunaway	40	AGE40	10515	10514_FayeDunaway_40_f
26	FayeDunaway	38	AGE38	10513	10512_FayeDunaway_38_f
26	FayeDunaway	26	AGE26	10503	10502_FayeDunaway_26_f
26	FayeDunaway	58	AGE58	10523	10522_FayeDunaway_58_f
26	FayeDunaway	34	AGE34	10509	10508_FayeDunaway_34_f
26	FayeDunaway	42	AGE42	10516	10515_FayeDunaway_42_f
26	FayeDunaway	36	AGE36	10511	10510_FayeDunaway_36_f
26	FayeDunaway	28	AGE28	10506	10505_FayeDunaway_28_f
26	FayeDunaway	35	AGE35	10510	10509_FayeDunaway_35_f
26	FayeDunaway	64	AGE64	10527	10526_FayeDunaway_64_f
26	FayeDunaway	45	AGE45	10517	10516_FayeDunaway_45_f
26	FayeDunaway	59	AGE59	10524	10523_FayeDunaway_59_f
26	FayeDunaway	40	AGE40	10514	10513_FayeDunaway_40_f
26	FayeDunaway	37	AGE37	10512	10511_FayeDunaway_37_f
26	FayeDunaway	57	AGE57	10522	10521_FayeDunaway_57_f
26	FayeDunaway	55	AGE55	10519	10518_FayeDunaway_55_f
26	FayeDunaway	70	AGE70	10531	10530_FayeDunaway_70_f
26	FayeDunaway	56	AGE56	10520	10519_FayeDunaway_56_f
26	FayeDunaway	49	AGE49	10518	10517_FayeDunaway_49_f
26	FayeDunaway	68	AGE68	10530	10529_FayeDunaway_68_f
26	FayeDunaway	57	AGE57	10521	10520_FayeDunaway_57_f
26	FayeDunaway	62	AGE62	10526	10525_FayeDunaway_62_f
27	LaurenBacall	26	AGE26	11566	11565_LaurenBacall_26_f
27	LaurenBacall	46	AGE46	11563	11562_LaurenBacall_46_f
27	LaurenBacall	34	AGE34	11545	11544_LaurenBacall_34_f
27	LaurenBacall	28	AGE28	11532	11531_LaurenBacall_28_f
27	LaurenBacall	73	AGE73	11551	11550_LaurenBacall_73_f
27	LaurenBacall	81	AGE81	11555	11554_LaurenBacall_81_f
27	LaurenBacall	25	AGE25	11540	11539_LaurenBacall_25_f
27	LaurenBacall	20	AGE20	11535	11534_LaurenBacall_20_f
27	LaurenBacall	82	AGE82	11556	11555_LaurenBacall_82_f
27	LaurenBacall	85	AGE85	11558	11557_LaurenBacall_85_f
27	LaurenBacall	19	AGE19	11534	11533_LaurenBacall_19_f
27	LaurenBacall	80	AGE80	11554	11553_LaurenBacall_80_f
27	LaurenBacall	31	AGE31	11560	11559_LaurenBacall_31_f
27	LaurenBacall	31	AGE31	11544	11543_LaurenBacall_31_f
27	LaurenBacall	20	AGE20	11567	11566_LaurenBacall_20_f
27	LaurenBacall	22	AGE22	11537	11536_LaurenBacall_22_f
27	LaurenBacall	65	AGE65	11549	11548_LaurenBacall_65_f
27	LaurenBacall	57	AGE57	11562	11561_LaurenBacall_57_f
27	LaurenBacall	26	AGE26	11541	11540_LaurenBacall_26_f
27	LaurenBacall	75	AGE75	11553	11552_LaurenBacall_75_f
27	LaurenBacall	77	AGE77	11552	11551_LaurenBacall_77_f
27	LaurenBacall	35	AGE35	11546	11545_LaurenBacall_35_f
27	LaurenBacall	23	AGE23	11539	11538_LaurenBacall_23_f
27	LaurenBacall	83	AGE83	11557	11556_LaurenBacall_83_f
27	LaurenBacall	22	AGE22	11538	11537_LaurenBacall_22_f
27	LaurenBacall	27	AGE27	11565	11564_LaurenBacall_27_f
27	LaurenBacall	31	AGE31	11543	11542_LaurenBacall_31_f
27	LaurenBacall	72	AGE72	11550	11549_LaurenBacall_72_f
27	LaurenBacall	21	AGE21	11536	11535_LaurenBacall_21_f
27	LaurenBacall	40	AGE40	11547	11546_LaurenBacall_40_f
27	LaurenBacall	31	AGE31	11542	11541_LaurenBacall_31_f
27	LaurenBacall	18	AGE18	11533	11532_LaurenBacall_18_f
27	LaurenBacall	45	AGE45	11548	11547_LaurenBacall_45_f
27	LaurenBacall	42	AGE42	11559	11558_LaurenBacall_42_f
27	LaurenBacall	17	AGE17	11531	11530_LaurenBacall_17_f
27	LaurenBacall	64	AGE64	11564	11563_LaurenBacall_64_f
27	LaurenBacall	56	AGE56	11561	11560_LaurenBacall_56_f
28	AndreasPapantreou	55	AGE55	901	900_AndreasPapantreou_55_m
28	AndreasPapantreou	49	AGE49	895	894_AndreasPapantreou_49_m
28	AndreasPapantreou	57	AGE57	902	901_AndreasPapantreou_57_m
28	AndreasPapantreou	65	AGE65	908	907_AndreasPapantreou_65_m
28	AndreasPapantreou	74	AGE74	899	898_AndreasPapantreou_74_m
28	AndreasPapantreou	65	AGE65	907	906_AndreasPapantreou_65_m
28	AndreasPapantreou	55	AGE55	900	899_AndreasPapantreou_55_m
28	AndreasPapantreou	47	AGE47	894	893_AndreasPapantreou_47_m
28	AndreasPapantreou	48	AGE48	892	891_AndreasPapantreou_48_m
28	AndreasPapantreou	74	AGE74	898	897_AndreasPapantreou_74_m
28	AndreasPapantreou	40	AGE40	886	885_AndreasPapantreou_40_m
28	AndreasPapantreou	72	AGE72	906	905_AndreasPapantreou_72_m
28	AndreasPapantreou	32	AGE32	888	887_AndreasPapantreou_32_m
28	AndreasPapantreou	63	AGE63	896	895_AndreasPapantreou_63_m
28	AndreasPapantreou	53	AGE53	893	892_AndreasPapantreou_53_m
28	AndreasPapantreou	48	AGE48	903	902_AndreasPapantreou_48_m
28	AndreasPapantreou	44	AGE44	889	888_AndreasPapantreou_44_m
28	AndreasPapantreou	48	AGE48	890	889_AndreasPapantreou_48_m
28	AndreasPapantreou	58	AGE58	904	903_AndreasPapantreou_58_m
28	AndreasPapantreou	74	AGE74	905	904_AndreasPapantreou_74_m
28	AndreasPapantreou	73	AGE73	897	896_AndreasPapantreou_73_m
28	AndreasPapantreou	11	AGE11	887	886_AndreasPapantreou_11_m
28	AndreasPapantreou	55	AGE55	891	890_AndreasPapantreou_55_m
28	AndreasPapantreou	68	AGE68	909	908_AndreasPapantreou_68_m
29	IreneDunne	77	AGE77	13582	13581_IreneDunne_77_f
29	IreneDunne	64	AGE64	13577	13576_IreneDunne_64_f
29	IreneDunne	69	AGE69	13580	13579_IreneDunne_69_f
29	IreneDunne	53	AGE53	13570	13569_IreneDunne_53_f
29	IreneDunne	62	AGE62	13575	13574_IreneDunne_62_f
29	IreneDunne	72	AGE72	13581	13580_IreneDunne_72_f
29	IreneDunne	39	AGE39	13561	13560_IreneDunne_39_f
29	IreneDunne	40	AGE40	13562	13561_IreneDunne_40_f
29	IreneDunne	48	AGE48	13566	13565_IreneDunne_48_f
29	IreneDunne	50	AGE50	13568	13567_IreneDunne_50_f
29	IreneDunne	51	AGE51	13569	13568_IreneDunne_51_f
29	IreneDunne	49	AGE49	13567	13566_IreneDunne_49_f
29	IreneDunne	59	AGE59	13574	13573_IreneDunne_59_f
29	IreneDunne	33	AGE33	13559	13558_IreneDunne_33_f
29	IreneDunne	41	AGE41	13563	13562_IreneDunne_41_f
29	IreneDunne	56	AGE56	13573	13572_IreneDunne_56_f
29	IreneDunne	32	AGE32	13558	13557_IreneDunne_32_f
29	IreneDunne	43	AGE43	13564	13563_IreneDunne_43_f
29	IreneDunne	68	AGE68	13579	13578_IreneDunne_68_f
29	IreneDunne	37	AGE37	13560	13559_IreneDunne_37_f
29	IreneDunne	55	AGE55	13572	13571_IreneDunne_55_f
29	IreneDunne	63	AGE63	13576	13575_IreneDunne_63_f
29	IreneDunne	45	AGE45	13565	13564_IreneDunne_45_f
29	IreneDunne	66	AGE66	13578	13577_IreneDunne_66_f
29	IreneDunne	54	AGE54	13571	13570_IreneDunne_54_f
29	IreneDunne	85	AGE85	13583	13582_IreneDunne_85_f
30	AnnetteBening	38	AGE38	11411	11410_AnnetteBening_38_f
30	AnnetteBening	53	AGE53	11426	11425_AnnetteBening_53_f
30	AnnetteBening	55	AGE55	11428	11427_AnnetteBening_55_f
30	AnnetteBening	48	AGE48	11419	11418_AnnetteBening_48_f
30	AnnetteBening	50	AGE50	11421	11420_AnnetteBening_50_f
30	AnnetteBening	45	AGE45	11417	11416_AnnetteBening_45_f
30	AnnetteBening	32	AGE32	11402	11401_AnnetteBening_32_f
30	AnnetteBening	49	AGE49	11420	11419_AnnetteBening_49_f
30	AnnetteBening	40	AGE40	11413	11412_AnnetteBening_40_f
30	AnnetteBening	35	AGE35	11406	11405_AnnetteBening_35_f
30	AnnetteBening	52	AGE52	11425	11424_AnnetteBening_52_f
30	AnnetteBening	43	AGE43	11416	11415_AnnetteBening_43_f
30	AnnetteBening	29	AGE29	11400	11399_AnnetteBening_29_f
30	AnnetteBening	37	AGE37	11409	11408_AnnetteBening_37_f
30	AnnetteBening	40	AGE40	11412	11411_AnnetteBening_40_f
30	AnnetteBening	54	AGE54	11427	11426_AnnetteBening_54_f
30	AnnetteBening	51	AGE51	11423	11422_AnnetteBening_51_f
30	AnnetteBening	52	AGE52	11424	11423_AnnetteBening_52_f
30	AnnetteBening	42	AGE42	11414	11413_AnnetteBening_42_f
30	AnnetteBening	34	AGE34	11405	11404_AnnetteBening_34_f
30	AnnetteBening	37	AGE37	11410	11409_AnnetteBening_37_f
30	AnnetteBening	51	AGE51	11422	11421_AnnetteBening_51_f
30	AnnetteBening	36	AGE36	11407	11406_AnnetteBening_36_f
30	AnnetteBening	47	AGE47	11418	11417_AnnetteBening_47_f
30	AnnetteBening	33	AGE33	11404	11403_AnnetteBening_33_f
30	AnnetteBening	30	AGE30	11401	11400_AnnetteBening_30_f
30	AnnetteBening	33	AGE33	11403	11402_AnnetteBening_33_f
30	AnnetteBening	42	AGE42	11415	11414_AnnetteBening_42_f
30	AnnetteBening	36	AGE36	11408	11407_AnnetteBening_36_f
31	Ross	70	AGE70	16406	16405_Ross_70_f
31	Ross	40	AGE40	16404	16403_Ross_40_f
31	Ross	50	AGE50	16417	16416_Ross_50_f
31	Ross	43	AGE43	16414	16413_Ross_43_f
31	Ross	34	AGE34	16402	16401_Ross_34_f
31	Ross	60	AGE60	16410	16409_Ross_60_f
31	Ross	36	AGE36	16403	16402_Ross_36_f
31	Ross	31	AGE31	16400	16399_Ross_31_f
31	Ross	24	AGE24	16412	16411_Ross_24_f
31	Ross	21	AGE21	16411	16410_Ross_21_f
31	Ross	25	AGE25	16413	16412_Ross_25_f
31	Ross	33	AGE33	16401	16400_Ross_33_f
31	Ross	28	AGE28	16398	16397_Ross_28_f
31	Ross	60	AGE60	16409	16408_Ross_60_f
31	Ross	63	AGE63	16405	16404_Ross_63_f
31	Ross	68	AGE68	16407	16406_Ross_68_f
31	Ross	31	AGE31	16399	16398_Ross_31_f
31	Ross	63	AGE63	16408	16407_Ross_63_f
31	Ross	47	AGE47	16415	16414_Ross_47_f
31	Ross	50	AGE50	16416	16415_Ross_50_f
32	BonnieHunt	28	AGE28	15084	15083_BonnieHunt_28_f
32	BonnieHunt	41	AGE41	15098	15097_BonnieHunt_41_f
32	BonnieHunt	36	AGE36	15093	15092_BonnieHunt_36_f
32	BonnieHunt	53	AGE53	15108	15107_BonnieHunt_53_f
32	BonnieHunt	37	AGE37	15094	15093_BonnieHunt_37_f
32	BonnieHunt	27	AGE27	15083	15082_BonnieHunt_27_f
32	BonnieHunt	44	AGE44	15100	15099_BonnieHunt_44_f
32	BonnieHunt	51	AGE51	15107	15106_BonnieHunt_51_f
32	BonnieHunt	47	AGE47	15104	15103_BonnieHunt_47_f
32	BonnieHunt	42	AGE42	15099	15098_BonnieHunt_42_f
32	BonnieHunt	36	AGE36	15092	15091_BonnieHunt_36_f
32	BonnieHunt	32	AGE32	15087	15086_BonnieHunt_32_f
32	BonnieHunt	46	AGE46	15103	15102_BonnieHunt_46_f
32	BonnieHunt	33	AGE33	15088	15087_BonnieHunt_33_f
32	BonnieHunt	45	AGE45	15102	15101_BonnieHunt_45_f
32	BonnieHunt	40	AGE40	15097	15096_BonnieHunt_40_f
32	BonnieHunt	49	AGE49	15105	15104_BonnieHunt_49_f
32	BonnieHunt	34	AGE34	15089	15088_BonnieHunt_34_f
32	BonnieHunt	38	AGE38	15095	15094_BonnieHunt_38_f
32	BonnieHunt	44	AGE44	15101	15100_BonnieHunt_44_f
32	BonnieHunt	39	AGE39	15096	15095_BonnieHunt_39_f
32	BonnieHunt	29	AGE29	15085	15084_BonnieHunt_29_f
32	BonnieHunt	50	AGE50	15106	15105_BonnieHunt_50_f
32	BonnieHunt	34	AGE34	15090	15089_BonnieHunt_34_f
32	BonnieHunt	30	AGE30	15086	15085_BonnieHunt_30_f
32	BonnieHunt	35	AGE35	15091	15090_BonnieHunt_35_f
33	JamesCoburn	47	AGE47	6414	6413_JamesCoburn_47_m
33	JamesCoburn	51	AGE51	6419	6418_JamesCoburn_51_m
33	JamesCoburn	31	AGE31	6399	6398_JamesCoburn_31_m
33	JamesCoburn	53	AGE53	6421	6420_JamesCoburn_53_m
33	JamesCoburn	43	AGE43	6411	6410_JamesCoburn_43_m
33	JamesCoburn	32	AGE32	6400	6399_JamesCoburn_32_m
33	JamesCoburn	36	AGE36	6403	6402_JamesCoburn_36_m
33	JamesCoburn	48	AGE48	6415	6414_JamesCoburn_48_m
33	JamesCoburn	62	AGE62	6422	6421_JamesCoburn_62_m
33	JamesCoburn	40	AGE40	6407	6406_JamesCoburn_40_m
33	JamesCoburn	33	AGE33	6401	6400_JamesCoburn_33_m
33	JamesCoburn	64	AGE64	6424	6423_JamesCoburn_64_m
33	JamesCoburn	50	AGE50	6418	6417_JamesCoburn_50_m
33	JamesCoburn	62	AGE62	6423	6422_JamesCoburn_62_m
33	JamesCoburn	31	AGE31	6398	6397_JamesCoburn_31_m
33	JamesCoburn	34	AGE34	6402	6401_JamesCoburn_34_m
33	JamesCoburn	37	AGE37	6404	6403_JamesCoburn_37_m
33	JamesCoburn	39	AGE39	6406	6405_JamesCoburn_39_m
33	JamesCoburn	38	AGE38	6405	6404_JamesCoburn_38_m
33	JamesCoburn	42	AGE42	6410	6409_JamesCoburn_42_m
33	JamesCoburn	53	AGE53	6420	6419_JamesCoburn_53_m
33	JamesCoburn	68	AGE68	6426	6425_JamesCoburn_68_m
33	JamesCoburn	50	AGE50	6417	6416_JamesCoburn_50_m
33	JamesCoburn	49	AGE49	6416	6415_JamesCoburn_49_m
33	JamesCoburn	40	AGE40	6408	6407_JamesCoburn_40_m
33	JamesCoburn	70	AGE70	6427	6426_JamesCoburn_70_m
33	JamesCoburn	73	AGE73	6429	6428_JamesCoburn_73_m
33	JamesCoburn	46	AGE46	6413	6412_JamesCoburn_46_m
33	JamesCoburn	72	AGE72	6428	6427_JamesCoburn_72_m
33	JamesCoburn	44	AGE44	6412	6411_JamesCoburn_44_m
33	JamesCoburn	65	AGE65	6425	6424_JamesCoburn_65_m
33	JamesCoburn	41	AGE41	6409	6408_JamesCoburn_41_m
34	MireilleDarc	48	AGE48	11677	11676_MireilleDarc_48_f
34	MireilleDarc	58	AGE58	11684	11683_MireilleDarc_58_f
34	MireilleDarc	32	AGE32	11662	11661_MireilleDarc_32_f
34	MireilleDarc	55	AGE55	11681	11680_MireilleDarc_55_f
34	MireilleDarc	71	AGE71	11692	11691_MireilleDarc_71_f
34	MireilleDarc	33	AGE33	11664	11663_MireilleDarc_33_f
34	MireilleDarc	29	AGE29	11660	11659_MireilleDarc_29_f
34	MireilleDarc	69	AGE69	11690	11689_MireilleDarc_69_f
34	MireilleDarc	44	AGE44	11674	11673_MireilleDarc_44_f
34	MireilleDarc	60	AGE60	11686	11685_MireilleDarc_60_f
34	MireilleDarc	34	AGE34	11665	11664_MireilleDarc_34_f
34	MireilleDarc	45	AGE45	11675	11674_MireilleDarc_45_f
34	MireilleDarc	43	AGE43	11673	11672_MireilleDarc_43_f
34	MireilleDarc	57	AGE57	11683	11682_MireilleDarc_57_f
34	MireilleDarc	54	AGE54	11680	11679_MireilleDarc_54_f
34	MireilleDarc	51	AGE51	11679	11678_MireilleDarc_51_f
34	MireilleDarc	37	AGE37	11669	11668_MireilleDarc_37_f
34	MireilleDarc	68	AGE68	11689	11688_MireilleDarc_68_f
34	MireilleDarc	36	AGE36	11668	11667_MireilleDarc_36_f
34	MireilleDarc	35	AGE35	11667	11666_MireilleDarc_35_f
34	MireilleDarc	70	AGE70	11691	11690_MireilleDarc_70_f
34	MireilleDarc	46	AGE46	11676	11675_MireilleDarc_46_f
34	MireilleDarc	59	AGE59	11685	11684_MireilleDarc_59_f
34	MireilleDarc	26	AGE26	11657	11656_MireilleDarc_26_f
34	MireilleDarc	49	AGE49	11678	11677_MireilleDarc_49_f
34	MireilleDarc	38	AGE38	11670	11669_MireilleDarc_38_f
34	MireilleDarc	24	AGE24	11655	11654_MireilleDarc_24_f
34	MireilleDarc	67	AGE67	11688	11687_MireilleDarc_67_f
34	MireilleDarc	74	AGE74	11694	11693_MireilleDarc_74_f
34	MireilleDarc	34	AGE34	11666	11665_MireilleDarc_34_f
34	MireilleDarc	25	AGE25	11656	11655_MireilleDarc_25_f
34	MireilleDarc	28	AGE28	11659	11658_MireilleDarc_28_f
34	MireilleDarc	23	AGE23	11654	11653_MireilleDarc_23_f
34	MireilleDarc	40	AGE40	11672	11671_MireilleDarc_40_f
34	MireilleDarc	72	AGE72	11693	11692_MireilleDarc_72_f
34	MireilleDarc	39	AGE39	11671	11670_MireilleDarc_39_f
34	MireilleDarc	33	AGE33	11663	11662_MireilleDarc_33_f
34	MireilleDarc	22	AGE22	11653	11652_MireilleDarc_22_f
34	MireilleDarc	56	AGE56	11682	11681_MireilleDarc_56_f
34	MireilleDarc	27	AGE27	11658	11657_MireilleDarc_27_f
34	MireilleDarc	30	AGE30	11661	11660_MireilleDarc_30_f
35	LouisJourdan	44	AGE44	7352	7351_LouisJourdan_44_m
35	LouisJourdan	71	AGE71	7363	7362_LouisJourdan_71_m
35	LouisJourdan	62	AGE62	7358	7357_LouisJourdan_62_m
35	LouisJourdan	77	AGE77	7365	7364_LouisJourdan_77_m
35	LouisJourdan	37	AGE37	7348	7347_LouisJourdan_37_m
35	LouisJourdan	22	AGE22	7336	7335_LouisJourdan_22_m
35	LouisJourdan	38	AGE38	7349	7348_LouisJourdan_38_m
35	LouisJourdan	19	AGE19	7335	7334_LouisJourdan_19_m
35	LouisJourdan	68	AGE68	7362	7361_LouisJourdan_68_m
35	LouisJourdan	39	AGE39	7350	7349_LouisJourdan_39_m
35	LouisJourdan	24	AGE24	7337	7336_LouisJourdan_24_m
35	LouisJourdan	26	AGE26	7338	7337_LouisJourdan_26_m
35	LouisJourdan	67	AGE67	7361	7360_LouisJourdan_67_m
35	LouisJourdan	92	AGE92	7367	7366_LouisJourdan_92_m
35	LouisJourdan	32	AGE32	7344	7343_LouisJourdan_32_m
35	LouisJourdan	63	AGE63	7359	7358_LouisJourdan_63_m
35	LouisJourdan	48	AGE48	7354	7353_LouisJourdan_48_m
35	LouisJourdan	42	AGE42	7351	7350_LouisJourdan_42_m
35	LouisJourdan	73	AGE73	7364	7363_LouisJourdan_73_m
35	LouisJourdan	66	AGE66	7360	7359_LouisJourdan_66_m
35	LouisJourdan	59	AGE59	7357	7356_LouisJourdan_59_m
35	LouisJourdan	25	AGE25	7343	7342_LouisJourdan_25_m
35	LouisJourdan	57	AGE57	7356	7355_LouisJourdan_57_m
35	LouisJourdan	87	AGE87	7366	7365_LouisJourdan_87_m
35	LouisJourdan	54	AGE54	7355	7354_LouisJourdan_54_m
35	LouisJourdan	28	AGE28	7340	7339_LouisJourdan_28_m
35	LouisJourdan	27	AGE27	7339	7338_LouisJourdan_27_m
35	LouisJourdan	31	AGE31	7342	7341_LouisJourdan_31_m
35	LouisJourdan	34	AGE34	7345	7344_LouisJourdan_34_m
35	LouisJourdan	35	AGE35	7346	7345_LouisJourdan_35_m
35	LouisJourdan	36	AGE36	7347	7346_LouisJourdan_36_m
35	LouisJourdan	46	AGE46	7353	7352_LouisJourdan_46_m
35	LouisJourdan	30	AGE30	7341	7340_LouisJourdan_30_m
36	ScottGlenn	66	AGE66	2946	2945_ScottGlenn_66_m
36	ScottGlenn	31	AGE31	2914	2913_ScottGlenn_31_m
36	ScottGlenn	32	AGE32	2915	2914_ScottGlenn_32_m
36	ScottGlenn	35	AGE35	2918	2917_ScottGlenn_35_m
36	ScottGlenn	40	AGE40	2921	2920_ScottGlenn_40_m
36	ScottGlenn	54	AGE54	2936	2935_ScottGlenn_54_m
36	ScottGlenn	49	AGE49	2931	2930_ScottGlenn_49_m
36	ScottGlenn	48	AGE48	2930	2929_ScottGlenn_48_m
36	ScottGlenn	38	AGE38	2919	2918_ScottGlenn_38_m
36	ScottGlenn	51	AGE51	2933	2932_ScottGlenn_51_m
36	ScottGlenn	67	AGE67	2947	2946_ScottGlenn_67_m
36	ScottGlenn	33	AGE33	2916	2915_ScottGlenn_33_m
36	ScottGlenn	53	AGE53	2935	2934_ScottGlenn_53_m
36	ScottGlenn	29	AGE29	2912	2911_ScottGlenn_29_m
36	ScottGlenn	44	AGE44	2926	2925_ScottGlenn_44_m
36	ScottGlenn	52	AGE52	2934	2933_ScottGlenn_52_m
36	ScottGlenn	61	AGE61	2942	2941_ScottGlenn_61_m
36	ScottGlenn	41	AGE41	2922	2921_ScottGlenn_41_m
36	ScottGlenn	63	AGE63	2943	2942_ScottGlenn_63_m
36	ScottGlenn	65	AGE65	2945	2944_ScottGlenn_65_m
36	ScottGlenn	70	AGE70	2949	2948_ScottGlenn_70_m
36	ScottGlenn	30	AGE30	2913	2912_ScottGlenn_30_m
36	ScottGlenn	39	AGE39	2920	2919_ScottGlenn_39_m
36	ScottGlenn	69	AGE69	2948	2947_ScottGlenn_69_m
36	ScottGlenn	59	AGE59	2940	2939_ScottGlenn_59_m
36	ScottGlenn	47	AGE47	2929	2928_ScottGlenn_47_m
36	ScottGlenn	60	AGE60	2941	2940_ScottGlenn_60_m
36	ScottGlenn	64	AGE64	2944	2943_ScottGlenn_64_m
36	ScottGlenn	71	AGE71	2950	2949_ScottGlenn_71_m
36	ScottGlenn	55	AGE55	2937	2936_ScottGlenn_55_m
36	ScottGlenn	42	AGE42	2924	2923_ScottGlenn_42_m
36	ScottGlenn	46	AGE46	2928	2927_ScottGlenn_46_m
36	ScottGlenn	57	AGE57	2939	2938_ScottGlenn_57_m
36	ScottGlenn	73	AGE73	2952	2951_ScottGlenn_73_m
36	ScottGlenn	50	AGE50	2932	2931_ScottGlenn_50_m
36	ScottGlenn	45	AGE45	2927	2926_ScottGlenn_45_m
36	ScottGlenn	42	AGE42	2923	2922_ScottGlenn_42_m
36	ScottGlenn	56	AGE56	2938	2937_ScottGlenn_56_m
36	ScottGlenn	72	AGE72	2951	2950_ScottGlenn_72_m
36	ScottGlenn	43	AGE43	2925	2924_ScottGlenn_43_m
36	ScottGlenn	34	AGE34	2917	2916_ScottGlenn_34_m
37	JoanneWoodward	28	AGE28	12258	12257_JoanneWoodward_28_f
37	JoanneWoodward	44	AGE44	12276	12275_JoanneWoodward_44_f
37	JoanneWoodward	39	AGE39	12265	12264_JoanneWoodward_39_f
37	JoanneWoodward	29	AGE29	12256	12255_JoanneWoodward_29_f
37	JoanneWoodward	70	AGE70	12275	12274_JoanneWoodward_70_f
37	JoanneWoodward	60	AGE60	12267	12266_JoanneWoodward_60_f
37	JoanneWoodward	68	AGE68	12270	12269_JoanneWoodward_68_f
37	JoanneWoodward	71	AGE71	12271	12270_JoanneWoodward_71_f
37	JoanneWoodward	22	AGE22	12254	12253_JoanneWoodward_22_f
37	JoanneWoodward	82	AGE82	12274	12273_JoanneWoodward_82_f
37	JoanneWoodward	33	AGE33	12261	12260_JoanneWoodward_33_f
37	JoanneWoodward	69	AGE69	12252	12251_JoanneWoodward_69_f
37	JoanneWoodward	25	AGE25	12277	12276_JoanneWoodward_25_f
37	JoanneWoodward	34	AGE34	12260	12259_JoanneWoodward_34_f
37	JoanneWoodward	78	AGE78	12273	12272_JoanneWoodward_78_f
37	JoanneWoodward	30	AGE30	12259	12258_JoanneWoodward_30_f
37	JoanneWoodward	41	AGE41	12266	12265_JoanneWoodward_41_f
37	JoanneWoodward	74	AGE74	12272	12271_JoanneWoodward_74_f
37	JoanneWoodward	27	AGE27	12257	12256_JoanneWoodward_27_f
37	JoanneWoodward	35	AGE35	12262	12261_JoanneWoodward_35_f
37	JoanneWoodward	63	AGE63	12268	12267_JoanneWoodward_63_f
37	JoanneWoodward	66	AGE66	12269	12268_JoanneWoodward_66_f
37	JoanneWoodward	38	AGE38	12264	12263_JoanneWoodward_38_f
37	JoanneWoodward	30	AGE30	12253	12252_JoanneWoodward_30_f
37	JoanneWoodward	36	AGE36	12263	12262_JoanneWoodward_36_f
37	JoanneWoodward	26	AGE26	12255	12254_JoanneWoodward_26_f
38	BarbaraBouchet	71	AGE71	11880	11879_BarbaraBouchet_71_f
38	BarbaraBouchet	52	AGE52	11866	11865_BarbaraBouchet_52_f
38	BarbaraBouchet	22	AGE22	11845	11844_BarbaraBouchet_22_f
38	BarbaraBouchet	27	AGE27	11850	11849_BarbaraBouchet_27_f
38	BarbaraBouchet	44	AGE44	11863	11862_BarbaraBouchet_44_f
38	BarbaraBouchet	26	AGE26	11849	11848_BarbaraBouchet_26_f
38	BarbaraBouchet	50	AGE50	11865	11864_BarbaraBouchet_50_f
38	BarbaraBouchet	35	AGE35	11857	11856_BarbaraBouchet_35_f
38	BarbaraBouchet	60	AGE60	11870	11869_BarbaraBouchet_60_f
38	BarbaraBouchet	65	AGE65	11875	11874_BarbaraBouchet_65_f
38	BarbaraBouchet	25	AGE25	11848	11847_BarbaraBouchet_25_f
38	BarbaraBouchet	19	AGE19	11842	11841_BarbaraBouchet_19_f
38	BarbaraBouchet	67	AGE67	11876	11875_BarbaraBouchet_67_f
38	BarbaraBouchet	62	AGE62	11872	11871_BarbaraBouchet_62_f
38	BarbaraBouchet	64	AGE64	11874	11873_BarbaraBouchet_64_f
38	BarbaraBouchet	59	AGE59	11869	11868_BarbaraBouchet_59_f
38	BarbaraBouchet	41	AGE41	11862	11861_BarbaraBouchet_41_f
38	BarbaraBouchet	28	AGE28	11851	11850_BarbaraBouchet_28_f
38	BarbaraBouchet	20	AGE20	11843	11842_BarbaraBouchet_20_f
38	BarbaraBouchet	34	AGE34	11856	11855_BarbaraBouchet_34_f
38	BarbaraBouchet	54	AGE54	11867	11866_BarbaraBouchet_54_f
38	BarbaraBouchet	29	AGE29	11852	11851_BarbaraBouchet_29_f
38	BarbaraBouchet	40	AGE40	11861	11860_BarbaraBouchet_40_f
38	BarbaraBouchet	18	AGE18	11841	11840_BarbaraBouchet_18_f
38	BarbaraBouchet	61	AGE61	11871	11870_BarbaraBouchet_61_f
38	BarbaraBouchet	68	AGE68	11877	11876_BarbaraBouchet_68_f
38	BarbaraBouchet	17	AGE17	11840	11839_BarbaraBouchet_17_f
38	BarbaraBouchet	32	AGE32	11854	11853_BarbaraBouchet_32_f
38	BarbaraBouchet	39	AGE39	11860	11859_BarbaraBouchet_39_f
38	BarbaraBouchet	63	AGE63	11873	11872_BarbaraBouchet_63_f
38	BarbaraBouchet	33	AGE33	11855	11854_BarbaraBouchet_33_f
38	BarbaraBouchet	69	AGE69	11878	11877_BarbaraBouchet_69_f
38	BarbaraBouchet	70	AGE70	11879	11878_BarbaraBouchet_70_f
38	BarbaraBouchet	24	AGE24	11847	11846_BarbaraBouchet_24_f
38	BarbaraBouchet	38	AGE38	11859	11858_BarbaraBouchet_38_f
38	BarbaraBouchet	21	AGE21	11844	11843_BarbaraBouchet_21_f
38	BarbaraBouchet	57	AGE57	11868	11867_BarbaraBouchet_57_f
38	BarbaraBouchet	57	AGE57	11864	11863_BarbaraBouchet_57_f
38	BarbaraBouchet	23	AGE23	11846	11845_BarbaraBouchet_23_f
38	BarbaraBouchet	30	AGE30	11853	11852_BarbaraBouchet_30_f
38	BarbaraBouchet	37	AGE37	11858	11857_BarbaraBouchet_37_f
39	TonyBlair	52	AGE52	664	663_TonyBlair_52_m
39	TonyBlair	51	AGE51	654	653_TonyBlair_51_m
39	TonyBlair	54	AGE54	663	662_TonyBlair_54_m
39	TonyBlair	51	AGE51	672	671_TonyBlair_51_m
39	TonyBlair	37	AGE37	659	658_TonyBlair_37_m
39	TonyBlair	38	AGE38	656	655_TonyBlair_38_m
39	TonyBlair	52	AGE52	669	668_TonyBlair_52_m
39	TonyBlair	58	AGE58	653	652_TonyBlair_58_m
39	TonyBlair	54	AGE54	655	654_TonyBlair_54_m
39	TonyBlair	39	AGE39	649	648_TonyBlair_39_m
39	TonyBlair	55	AGE55	652	651_TonyBlair_55_m
39	TonyBlair	57	AGE57	658	657_TonyBlair_57_m
39	TonyBlair	51	AGE51	657	656_TonyBlair_51_m
39	TonyBlair	25	AGE25	668	667_TonyBlair_25_m
39	TonyBlair	57	AGE57	670	669_TonyBlair_57_m
39	TonyBlair	44	AGE44	665	664_TonyBlair_44_m
39	TonyBlair	44	AGE44	660	659_TonyBlair_44_m
39	TonyBlair	50	AGE50	662	661_TonyBlair_50_m
39	TonyBlair	57	AGE57	667	666_TonyBlair_57_m
39	TonyBlair	33	AGE33	673	672_TonyBlair_33_m
39	TonyBlair	43	AGE43	647	646_TonyBlair_43_m
39	TonyBlair	52	AGE52	650	649_TonyBlair_52_m
39	TonyBlair	54	AGE54	651	650_TonyBlair_54_m
39	TonyBlair	44	AGE44	671	670_TonyBlair_44_m
39	TonyBlair	57	AGE57	666	665_TonyBlair_57_m
39	TonyBlair	51	AGE51	648	647_TonyBlair_51_m
39	TonyBlair	54	AGE54	674	673_TonyBlair_54_m
39	TonyBlair	47	AGE47	661	660_TonyBlair_47_m
40	AnthonyHopkins	76	AGE76	5110	5109_AnthonyHopkins_76_m
40	AnthonyHopkins	55	AGE55	5102	5101_AnthonyHopkins_55_m
40	AnthonyHopkins	45	AGE45	5077	5076_AnthonyHopkins_45_m
40	AnthonyHopkins	50	AGE50	5101	5100_AnthonyHopkins_50_m
40	AnthonyHopkins	39	AGE39	5073	5072_AnthonyHopkins_39_m
40	AnthonyHopkins	32	AGE32	5068	5067_AnthonyHopkins_32_m
40	AnthonyHopkins	61	AGE61	5083	5082_AnthonyHopkins_61_m
40	AnthonyHopkins	49	AGE49	5078	5077_AnthonyHopkins_49_m
40	AnthonyHopkins	72	AGE72	5097	5096_AnthonyHopkins_72_m
40	AnthonyHopkins	69	AGE69	5109	5108_AnthonyHopkins_69_m
40	AnthonyHopkins	58	AGE58	5082	5081_AnthonyHopkins_58_m
40	AnthonyHopkins	75	AGE75	5098	5097_AnthonyHopkins_75_m
40	AnthonyHopkins	73	AGE73	5085	5084_AnthonyHopkins_73_m
40	AnthonyHopkins	31	AGE31	5067	5066_AnthonyHopkins_31_m
40	AnthonyHopkins	42	AGE42	5090	5089_AnthonyHopkins_42_m
40	AnthonyHopkins	62	AGE62	5084	5083_AnthonyHopkins_62_m
40	AnthonyHopkins	59	AGE59	5092	5091_AnthonyHopkins_59_m
40	AnthonyHopkins	70	AGE70	5089	5088_AnthonyHopkins_70_m
40	AnthonyHopkins	34	AGE34	5069	5068_AnthonyHopkins_34_m
40	AnthonyHopkins	18	AGE18	5065	5064_AnthonyHopkins_18_m
40	AnthonyHopkins	66	AGE66	5094	5093_AnthonyHopkins_66_m
40	AnthonyHopkins	35	AGE35	5070	5069_AnthonyHopkins_35_m
40	AnthonyHopkins	44	AGE44	5099	5098_AnthonyHopkins_44_m
40	AnthonyHopkins	68	AGE68	5088	5087_AnthonyHopkins_68_m
40	AnthonyHopkins	64	AGE64	5107	5106_AnthonyHopkins_64_m
40	AnthonyHopkins	43	AGE43	5076	5075_AnthonyHopkins_43_m
40	AnthonyHopkins	30	AGE30	5066	5065_AnthonyHopkins_30_m
40	AnthonyHopkins	37	AGE37	5071	5070_AnthonyHopkins_37_m
40	AnthonyHopkins	57	AGE57	5103	5102_AnthonyHopkins_57_m
40	AnthonyHopkins	55	AGE55	5091	5090_AnthonyHopkins_55_m
40	AnthonyHopkins	60	AGE60	5105	5104_AnthonyHopkins_60_m
40	AnthonyHopkins	56	AGE56	5081	5080_AnthonyHopkins_56_m
40	AnthonyHopkins	60	AGE60	5106	5105_AnthonyHopkins_60_m
40	AnthonyHopkins	65	AGE65	5108	5107_AnthonyHopkins_65_m
40	AnthonyHopkins	63	AGE63	5093	5092_AnthonyHopkins_63_m
40	AnthonyHopkins	59	AGE59	5104	5103_AnthonyHopkins_59_m
40	AnthonyHopkins	39	AGE39	5087	5086_AnthonyHopkins_39_m
40	AnthonyHopkins	67	AGE67	5095	5094_AnthonyHopkins_67_m
40	AnthonyHopkins	54	AGE54	5080	5079_AnthonyHopkins_54_m
40	AnthonyHopkins	48	AGE48	5100	5099_AnthonyHopkins_48_m
40	AnthonyHopkins	74	AGE74	5086	5085_AnthonyHopkins_74_m
40	AnthonyHopkins	40	AGE40	5074	5073_AnthonyHopkins_40_m
40	AnthonyHopkins	41	AGE41	5075	5074_AnthonyHopkins_41_m
40	AnthonyHopkins	38	AGE38	5072	5071_AnthonyHopkins_38_m
40	AnthonyHopkins	70	AGE70	5096	5095_AnthonyHopkins_70_m
40	AnthonyHopkins	51	AGE51	5079	5078_AnthonyHopkins_51_m
41	DenzelWashington	52	AGE52	6185	6184_DenzelWashington_52_m
41	DenzelWashington	42	AGE42	6170	6169_DenzelWashington_42_m
41	DenzelWashington	50	AGE50	6180	6179_DenzelWashington_50_m
41	DenzelWashington	15	AGE15	6176	6175_DenzelWashington_15_m
41	DenzelWashington	20	AGE20	6177	6176_DenzelWashington_20_m
41	DenzelWashington	40	AGE40	6183	6182_DenzelWashington_40_m
41	DenzelWashington	55	AGE55	6188	6187_DenzelWashington_55_m
41	DenzelWashington	38	AGE38	6172	6171_DenzelWashington_38_m
41	DenzelWashington	50	AGE50	6171	6170_DenzelWashington_50_m
41	DenzelWashington	55	AGE55	6173	6172_DenzelWashington_55_m
41	DenzelWashington	45	AGE45	6179	6178_DenzelWashington_45_m
41	DenzelWashington	48	AGE48	6187	6186_DenzelWashington_48_m
41	DenzelWashington	35	AGE35	6174	6173_DenzelWashington_35_m
41	DenzelWashington	40	AGE40	6175	6174_DenzelWashington_40_m
41	DenzelWashington	22	AGE22	6181	6180_DenzelWashington_22_m
41	DenzelWashington	25	AGE25	6182	6181_DenzelWashington_25_m
41	DenzelWashington	50	AGE50	6186	6185_DenzelWashington_50_m
41	DenzelWashington	50	AGE50	6178	6177_DenzelWashington_50_m
41	DenzelWashington	55	AGE55	6184	6183_DenzelWashington_55_m
42	RoyScheider	50	AGE50	6805	6804_RoyScheider_50_m
42	RoyScheider	39	AGE39	13215	13214_RoyScheider_39_f
42	RoyScheider	45	AGE45	6800	6799_RoyScheider_45_m
42	RoyScheider	43	AGE43	6799	6798_RoyScheider_43_m
42	RoyScheider	51	AGE51	13227	13226_RoyScheider_51_f
42	RoyScheider	33	AGE33	6796	6795_RoyScheider_33_m
42	RoyScheider	41	AGE41	6795	6794_RoyScheider_41_m
42	RoyScheider	65	AGE65	13233	13232_RoyScheider_65_f
42	RoyScheider	41	AGE41	6797	6796_RoyScheider_41_m
42	RoyScheider	76	AGE76	13240	13239_RoyScheider_76_f
42	RoyScheider	72	AGE72	6814	6813_RoyScheider_72_m
42	RoyScheider	41	AGE41	13217	13216_RoyScheider_41_f
42	RoyScheider	51	AGE51	6806	6805_RoyScheider_51_m
42	RoyScheider	72	AGE72	13235	13234_RoyScheider_72_f
42	RoyScheider	48	AGE48	13224	13223_RoyScheider_48_f
42	RoyScheider	75	AGE75	6818	6817_RoyScheider_75_m
42	RoyScheider	48	AGE48	6803	6802_RoyScheider_48_m
42	RoyScheider	57	AGE57	6808	6807_RoyScheider_57_m
42	RoyScheider	33	AGE33	13214	13213_RoyScheider_33_f
42	RoyScheider	73	AGE73	13236	13235_RoyScheider_73_f
42	RoyScheider	41	AGE41	13218	13217_RoyScheider_41_f
42	RoyScheider	40	AGE40	13216	13215_RoyScheider_40_f
42	RoyScheider	46	AGE46	13222	13221_RoyScheider_46_f
42	RoyScheider	49	AGE49	13225	13224_RoyScheider_49_f
42	RoyScheider	75	AGE75	13239	13238_RoyScheider_75_f
42	RoyScheider	39	AGE39	6793	6792_RoyScheider_39_m
42	RoyScheider	74	AGE74	6816	6815_RoyScheider_74_m
42	RoyScheider	58	AGE58	6809	6808_RoyScheider_58_m
42	RoyScheider	57	AGE57	13229	13228_RoyScheider_57_f
42	RoyScheider	40	AGE40	6794	6793_RoyScheider_40_m
42	RoyScheider	63	AGE63	6811	6810_RoyScheider_63_m
42	RoyScheider	60	AGE60	13231	13230_RoyScheider_60_f
42	RoyScheider	58	AGE58	13230	13229_RoyScheider_58_f
42	RoyScheider	46	AGE46	6801	6800_RoyScheider_46_m
42	RoyScheider	74	AGE74	6817	6816_RoyScheider_74_m
42	RoyScheider	49	AGE49	6804	6803_RoyScheider_49_m
42	RoyScheider	76	AGE76	6819	6818_RoyScheider_76_m
42	RoyScheider	63	AGE63	13232	13231_RoyScheider_63_f
42	RoyScheider	47	AGE47	6802	6801_RoyScheider_47_m
42	RoyScheider	73	AGE73	6815	6814_RoyScheider_73_m
42	RoyScheider	45	AGE45	13221	13220_RoyScheider_45_f
42	RoyScheider	60	AGE60	6810	6809_RoyScheider_60_m
42	RoyScheider	65	AGE65	6812	6811_RoyScheider_65_m
42	RoyScheider	50	AGE50	13226	13225_RoyScheider_50_f
42	RoyScheider	70	AGE70	6813	6812_RoyScheider_70_m
42	RoyScheider	42	AGE42	13219	13218_RoyScheider_42_f
42	RoyScheider	74	AGE74	13238	13237_RoyScheider_74_f
42	RoyScheider	42	AGE42	6798	6797_RoyScheider_42_m
42	RoyScheider	47	AGE47	13223	13222_RoyScheider_47_f
42	RoyScheider	70	AGE70	13234	13233_RoyScheider_70_f
42	RoyScheider	43	AGE43	13220	13219_RoyScheider_43_f
42	RoyScheider	56	AGE56	6807	6806_RoyScheider_56_m
42	RoyScheider	74	AGE74	13237	13236_RoyScheider_74_f
42	RoyScheider	56	AGE56	13228	13227_RoyScheider_56_f
43	AnnMiller	28	AGE28	15015	15014_AnnMiller_28_f
43	AnnMiller	64	AGE64	15035	15034_AnnMiller_64_f
43	AnnMiller	32	AGE32	15018	15017_AnnMiller_32_f
43	AnnMiller	59	AGE59	15032	15031_AnnMiller_59_f
43	AnnMiller	17	AGE17	15004	15003_AnnMiller_17_f
43	AnnMiller	72	AGE72	15037	15036_AnnMiller_72_f
43	AnnMiller	31	AGE31	15017	15016_AnnMiller_31_f
43	AnnMiller	15	AGE15	15002	15001_AnnMiller_15_f
43	AnnMiller	33	AGE33	15019	15018_AnnMiller_33_f
43	AnnMiller	21	AGE21	15008	15007_AnnMiller_21_f
43	AnnMiller	58	AGE58	15031	15030_AnnMiller_58_f
43	AnnMiller	77	AGE77	15039	15038_AnnMiller_77_f
43	AnnMiller	27	AGE27	15014	15013_AnnMiller_27_f
43	AnnMiller	57	AGE57	15030	15029_AnnMiller_57_f
43	AnnMiller	80	AGE80	15042	15041_AnnMiller_80_f
43	AnnMiller	18	AGE18	15005	15004_AnnMiller_18_f
43	AnnMiller	42	AGE42	15023	15022_AnnMiller_42_f
43	AnnMiller	50	AGE50	15026	15025_AnnMiller_50_f
43	AnnMiller	24	AGE24	15011	15010_AnnMiller_24_f
43	AnnMiller	25	AGE25	15012	15011_AnnMiller_25_f
43	AnnMiller	55	AGE55	15029	15028_AnnMiller_55_f
43	AnnMiller	20	AGE20	15007	15006_AnnMiller_20_f
43	AnnMiller	79	AGE79	15041	15040_AnnMiller_79_f
43	AnnMiller	16	AGE16	15003	15002_AnnMiller_16_f
43	AnnMiller	69	AGE69	15036	15035_AnnMiller_69_f
43	AnnMiller	35	AGE35	15020	15019_AnnMiller_35_f
43	AnnMiller	45	AGE45	15024	15023_AnnMiller_45_f
43	AnnMiller	40	AGE40	15022	15021_AnnMiller_40_f
43	AnnMiller	22	AGE22	15009	15008_AnnMiller_22_f
43	AnnMiller	78	AGE78	15040	15039_AnnMiller_78_f
43	AnnMiller	53	AGE53	15028	15027_AnnMiller_53_f
43	AnnMiller	51	AGE51	15027	15026_AnnMiller_51_f
43	AnnMiller	26	AGE26	15013	15012_AnnMiller_26_f
43	AnnMiller	19	AGE19	15006	15005_AnnMiller_19_f
43	AnnMiller	75	AGE75	15038	15037_AnnMiller_75_f
43	AnnMiller	30	AGE30	15016	15015_AnnMiller_30_f
43	AnnMiller	37	AGE37	15021	15020_AnnMiller_37_f
43	AnnMiller	60	AGE60	15033	15032_AnnMiller_60_f
43	AnnMiller	49	AGE49	15025	15024_AnnMiller_49_f
43	AnnMiller	23	AGE23	15010	15009_AnnMiller_23_f
43	AnnMiller	61	AGE61	15034	15033_AnnMiller_61_f
44	VincentPrice	31	AGE31	7714	7713_VincentPrice_31_m
44	VincentPrice	71	AGE71	7738	7737_VincentPrice_71_m
44	VincentPrice	35	AGE35	7711	7710_VincentPrice_35_m
44	VincentPrice	32	AGE32	7710	7709_VincentPrice_32_m
44	VincentPrice	69	AGE69	7737	7736_VincentPrice_69_m
44	VincentPrice	60	AGE60	7735	7734_VincentPrice_60_m
44	VincentPrice	68	AGE68	7736	7735_VincentPrice_68_m
44	VincentPrice	55	AGE55	7733	7732_VincentPrice_55_m
44	VincentPrice	33	AGE33	7715	7714_VincentPrice_33_m
44	VincentPrice	47	AGE47	7726	7725_VincentPrice_47_m
44	VincentPrice	40	AGE40	7720	7719_VincentPrice_40_m
44	VincentPrice	54	AGE54	7732	7731_VincentPrice_54_m
44	VincentPrice	29	AGE29	7709	7708_VincentPrice_29_m
44	VincentPrice	27	AGE27	7708	7707_VincentPrice_27_m
44	VincentPrice	44	AGE44	7723	7722_VincentPrice_44_m
44	VincentPrice	50	AGE50	7729	7728_VincentPrice_50_m
44	VincentPrice	48	AGE48	7727	7726_VincentPrice_48_m
44	VincentPrice	77	AGE77	7742	7741_VincentPrice_77_m
44	VincentPrice	39	AGE39	7719	7718_VincentPrice_39_m
44	VincentPrice	53	AGE53	7731	7730_VincentPrice_53_m
44	VincentPrice	45	AGE45	7724	7723_VincentPrice_45_m
44	VincentPrice	49	AGE49	7728	7727_VincentPrice_49_m
44	VincentPrice	51	AGE51	7730	7729_VincentPrice_51_m
44	VincentPrice	30	AGE30	7713	7712_VincentPrice_30_m
44	VincentPrice	42	AGE42	7721	7720_VincentPrice_42_m
44	VincentPrice	38	AGE38	7718	7717_VincentPrice_38_m
44	VincentPrice	37	AGE37	7717	7716_VincentPrice_37_m
44	VincentPrice	72	AGE72	7739	7738_VincentPrice_72_m
44	VincentPrice	43	AGE43	7722	7721_VincentPrice_43_m
44	VincentPrice	79	AGE79	7743	7742_VincentPrice_79_m
44	VincentPrice	28	AGE28	7712	7711_VincentPrice_28_m
44	VincentPrice	76	AGE76	7741	7740_VincentPrice_76_m
44	VincentPrice	73	AGE73	7740	7739_VincentPrice_73_m
44	VincentPrice	36	AGE36	7716	7715_VincentPrice_36_m
44	VincentPrice	58	AGE58	7734	7733_VincentPrice_58_m
44	VincentPrice	46	AGE46	7725	7724_VincentPrice_46_m
45	MendeleievDmitri	55	AGE55	1213	1212_MendeleievDmitri_55_m
45	MendeleievDmitri	58	AGE58	1214	1213_MendeleievDmitri_58_m
45	MendeleievDmitri	37	AGE37	1210	1209_MendeleievDmitri_37_m
45	MendeleievDmitri	40	AGE40	1207	1206_MendeleievDmitri_40_m
45	MendeleievDmitri	65	AGE65	1215	1214_MendeleievDmitri_65_m
45	MendeleievDmitri	45	AGE45	1204	1203_MendeleievDmitri_45_m
45	MendeleievDmitri	63	AGE63	1211	1210_MendeleievDmitri_63_m
45	MendeleievDmitri	63	AGE63	1209	1208_MendeleievDmitri_63_m
45	MendeleievDmitri	35	AGE35	1212	1211_MendeleievDmitri_35_m
45	MendeleievDmitri	42	AGE42	1208	1207_MendeleievDmitri_42_m
45	MendeleievDmitri	70	AGE70	1205	1204_MendeleievDmitri_70_m
46	JohnMalkovich	55	AGE55	5390	5389_JohnMalkovich_55_m
46	JohnMalkovich	54	AGE54	5389	5388_JohnMalkovich_54_m
46	JohnMalkovich	35	AGE35	5370	5369_JohnMalkovich_35_m
46	JohnMalkovich	34	AGE34	5369	5368_JohnMalkovich_34_m
46	JohnMalkovich	59	AGE59	5396	5395_JohnMalkovich_59_m
46	JohnMalkovich	56	AGE56	5392	5391_JohnMalkovich_56_m
46	JohnMalkovich	42	AGE42	5379	5378_JohnMalkovich_42_m
46	JohnMalkovich	48	AGE48	5385	5384_JohnMalkovich_48_m
46	JohnMalkovich	38	AGE38	5373	5372_JohnMalkovich_38_m
46	JohnMalkovich	31	AGE31	5366	5365_JohnMalkovich_31_m
46	JohnMalkovich	43	AGE43	5380	5379_JohnMalkovich_43_m
46	JohnMalkovich	60	AGE60	5397	5396_JohnMalkovich_60_m
46	JohnMalkovich	53	AGE53	5388	5387_JohnMalkovich_53_m
46	JohnMalkovich	38	AGE38	5372	5371_JohnMalkovich_38_m
46	JohnMalkovich	41	AGE41	5377	5376_JohnMalkovich_41_m
46	JohnMalkovich	40	AGE40	5376	5375_JohnMalkovich_40_m
46	JohnMalkovich	37	AGE37	5371	5370_JohnMalkovich_37_m
46	JohnMalkovich	57	AGE57	5394	5393_JohnMalkovich_57_m
46	JohnMalkovich	39	AGE39	5374	5373_JohnMalkovich_39_m
46	JohnMalkovich	44	AGE44	5381	5380_JohnMalkovich_44_m
46	JohnMalkovich	55	AGE55	5391	5390_JohnMalkovich_55_m
46	JohnMalkovich	45	AGE45	5382	5381_JohnMalkovich_45_m
46	JohnMalkovich	49	AGE49	5386	5385_JohnMalkovich_49_m
46	JohnMalkovich	58	AGE58	5395	5394_JohnMalkovich_58_m
46	JohnMalkovich	42	AGE42	5378	5377_JohnMalkovich_42_m
46	JohnMalkovich	47	AGE47	5384	5383_JohnMalkovich_47_m
46	JohnMalkovich	57	AGE57	5393	5392_JohnMalkovich_57_m
46	JohnMalkovich	39	AGE39	5375	5374_JohnMalkovich_39_m
46	JohnMalkovich	34	AGE34	5368	5367_JohnMalkovich_34_m
46	JohnMalkovich	32	AGE32	5367	5366_JohnMalkovich_32_m
46	JohnMalkovich	46	AGE46	5383	5382_JohnMalkovich_46_m
46	JohnMalkovich	50	AGE50	5387	5386_JohnMalkovich_50_m
47	PeterFonda	68	AGE68	2807	2806_PeterFonda_68_m
47	PeterFonda	67	AGE67	2806	2805_PeterFonda_67_m
47	PeterFonda	60	AGE60	2799	2798_PeterFonda_60_m
47	PeterFonda	69	AGE69	2808	2807_PeterFonda_69_m
47	PeterFonda	66	AGE66	2805	2804_PeterFonda_66_m
47	PeterFonda	74	AGE74	2813	2812_PeterFonda_74_m
47	PeterFonda	61	AGE61	2800	2799_PeterFonda_61_m
47	PeterFonda	73	AGE73	2812	2811_PeterFonda_73_m
47	PeterFonda	65	AGE65	2804	2803_PeterFonda_65_m
47	PeterFonda	59	AGE59	2798	2797_PeterFonda_59_m
47	PeterFonda	72	AGE72	2811	2810_PeterFonda_72_m
47	PeterFonda	70	AGE70	2809	2808_PeterFonda_70_m
47	PeterFonda	64	AGE64	2803	2802_PeterFonda_64_m
47	PeterFonda	62	AGE62	2801	2800_PeterFonda_62_m
47	PeterFonda	71	AGE71	2810	2809_PeterFonda_71_m
47	PeterFonda	63	AGE63	2802	2801_PeterFonda_63_m
48	GenaRowlands	52	AGE52	4142	4141_GenaRowlands_52_m
48	GenaRowlands	33	AGE33	4130	4129_GenaRowlands_33_m
48	GenaRowlands	83	AGE83	4163	4162_GenaRowlands_83_m
48	GenaRowlands	57	AGE57	4146	4145_GenaRowlands_57_m
48	GenaRowlands	72	AGE72	4156	4155_GenaRowlands_72_m
48	GenaRowlands	48	AGE48	4139	4138_GenaRowlands_48_m
48	GenaRowlands	49	AGE49	4140	4139_GenaRowlands_49_m
48	GenaRowlands	84	AGE84	4164	4163_GenaRowlands_84_m
48	GenaRowlands	74	AGE74	4158	4157_GenaRowlands_74_m
48	GenaRowlands	71	AGE71	4155	4154_GenaRowlands_71_m
48	GenaRowlands	29	AGE29	4126	4125_GenaRowlands_29_m
48	GenaRowlands	64	AGE64	4150	4149_GenaRowlands_64_m
48	GenaRowlands	39	AGE39	4135	4134_GenaRowlands_39_m
48	GenaRowlands	35	AGE35	4132	4131_GenaRowlands_35_m
48	GenaRowlands	32	AGE32	4129	4128_GenaRowlands_32_m
48	GenaRowlands	56	AGE56	4145	4144_GenaRowlands_56_m
48	GenaRowlands	44	AGE44	4137	4136_GenaRowlands_44_m
48	GenaRowlands	77	AGE77	4160	4159_GenaRowlands_77_m
48	GenaRowlands	67	AGE67	4152	4151_GenaRowlands_67_m
48	GenaRowlands	34	AGE34	4131	4130_GenaRowlands_34_m
48	GenaRowlands	38	AGE38	4134	4133_GenaRowlands_38_m
48	GenaRowlands	54	AGE54	4143	4142_GenaRowlands_54_m
48	GenaRowlands	58	AGE58	4147	4146_GenaRowlands_58_m
48	GenaRowlands	37	AGE37	4133	4132_GenaRowlands_37_m
48	GenaRowlands	55	AGE55	4144	4143_GenaRowlands_55_m
48	GenaRowlands	45	AGE45	4138	4137_GenaRowlands_45_m
48	GenaRowlands	61	AGE61	4148	4147_GenaRowlands_61_m
48	GenaRowlands	81	AGE81	4162	4161_GenaRowlands_81_m
48	GenaRowlands	31	AGE31	4128	4127_GenaRowlands_31_m
48	GenaRowlands	30	AGE30	4127	4126_GenaRowlands_30_m
48	GenaRowlands	79	AGE79	4161	4160_GenaRowlands_79_m
48	GenaRowlands	50	AGE50	4141	4140_GenaRowlands_50_m
48	GenaRowlands	85	AGE85	4165	4164_GenaRowlands_85_m
48	GenaRowlands	41	AGE41	4136	4135_GenaRowlands_41_m
48	GenaRowlands	66	AGE66	4151	4150_GenaRowlands_66_m
48	GenaRowlands	28	AGE28	4125	4124_GenaRowlands_28_m
48	GenaRowlands	25	AGE25	4124	4123_GenaRowlands_25_m
48	GenaRowlands	76	AGE76	4159	4158_GenaRowlands_76_m
48	GenaRowlands	62	AGE62	4149	4148_GenaRowlands_62_m
48	GenaRowlands	70	AGE70	4154	4153_GenaRowlands_70_m
48	GenaRowlands	73	AGE73	4157	4156_GenaRowlands_73_m
48	GenaRowlands	68	AGE68	4153	4152_GenaRowlands_68_m
49	BobHope	92	AGE92	5177	5176_BobHope_92_m
49	BobHope	90	AGE90	5176	5175_BobHope_90_m
49	BobHope	29	AGE29	5147	5146_BobHope_29_m
49	BobHope	58	AGE58	5146	5145_BobHope_58_m
49	BobHope	41	AGE41	5154	5153_BobHope_41_m
49	BobHope	55	AGE55	5163	5162_BobHope_55_m
49	BobHope	70	AGE70	5156	5155_BobHope_70_m
49	BobHope	94	AGE94	5179	5178_BobHope_94_m
49	BobHope	64	AGE64	5168	5167_BobHope_64_m
49	BobHope	93	AGE93	5178	5177_BobHope_93_m
49	BobHope	35	AGE35	5149	5148_BobHope_35_m
49	BobHope	50	AGE50	5160	5159_BobHope_50_m
49	BobHope	60	AGE60	5166	5165_BobHope_60_m
49	BobHope	58	AGE58	5165	5164_BobHope_58_m
49	BobHope	80	AGE80	5174	5173_BobHope_80_m
49	BobHope	49	AGE49	5159	5158_BobHope_49_m
49	BobHope	77	AGE77	5173	5172_BobHope_77_m
49	BobHope	37	AGE37	5151	5150_BobHope_37_m
49	BobHope	75	AGE75	5145	5144_BobHope_75_m
49	BobHope	39	AGE39	5153	5152_BobHope_39_m
49	BobHope	54	AGE54	5162	5161_BobHope_54_m
49	BobHope	38	AGE38	5152	5151_BobHope_38_m
49	BobHope	31	AGE31	5148	5147_BobHope_31_m
49	BobHope	57	AGE57	5164	5163_BobHope_57_m
49	BobHope	83	AGE83	5170	5169_BobHope_83_m
49	BobHope	75	AGE75	5172	5171_BobHope_75_m
49	BobHope	82	AGE82	5175	5174_BobHope_82_m
49	BobHope	47	AGE47	5158	5157_BobHope_47_m
49	BobHope	52	AGE52	5161	5160_BobHope_52_m
49	BobHope	58	AGE58	5180	5179_BobHope_58_m
49	BobHope	36	AGE36	5150	5149_BobHope_36_m
49	BobHope	46	AGE46	5157	5156_BobHope_46_m
49	BobHope	74	AGE74	5169	5168_BobHope_74_m
49	BobHope	90	AGE90	5181	5180_BobHope_90_m
49	BobHope	42	AGE42	5155	5154_BobHope_42_m
49	BobHope	68	AGE68	5171	5170_BobHope_68_m
49	BobHope	62	AGE62	5167	5166_BobHope_62_m
50	PeggyLipton	29	AGE29	10804	10803_PeggyLipton_29_f
50	PeggyLipton	47	AGE47	10812	10811_PeggyLipton_47_f
50	PeggyLipton	53	AGE53	10816	10815_PeggyLipton_53_f
50	PeggyLipton	23	AGE23	10798	10797_PeggyLipton_23_f
50	PeggyLipton	22	AGE22	10797	10796_PeggyLipton_22_f
50	PeggyLipton	57	AGE57	10818	10817_PeggyLipton_57_f
50	PeggyLipton	56	AGE56	10817	10816_PeggyLipton_56_f
50	PeggyLipton	18	AGE18	10795	10794_PeggyLipton_18_f
50	PeggyLipton	38	AGE38	10807	10806_PeggyLipton_38_f
50	PeggyLipton	66	AGE66	10826	10825_PeggyLipton_66_f
50	PeggyLipton	34	AGE34	10806	10805_PeggyLipton_34_f
50	PeggyLipton	62	AGE62	10822	10821_PeggyLipton_62_f
50	PeggyLipton	40	AGE40	10808	10807_PeggyLipton_40_f
50	PeggyLipton	24	AGE24	10799	10798_PeggyLipton_24_f
50	PeggyLipton	26	AGE26	10801	10800_PeggyLipton_26_f
50	PeggyLipton	19	AGE19	10796	10795_PeggyLipton_19_f
50	PeggyLipton	25	AGE25	10800	10799_PeggyLipton_25_f
50	PeggyLipton	64	AGE64	10824	10823_PeggyLipton_64_f
50	PeggyLipton	49	AGE49	10814	10813_PeggyLipton_49_f
50	PeggyLipton	63	AGE63	10823	10822_PeggyLipton_63_f
50	PeggyLipton	60	AGE60	10820	10819_PeggyLipton_60_f
50	PeggyLipton	65	AGE65	10825	10824_PeggyLipton_65_f
50	PeggyLipton	48	AGE48	10813	10812_PeggyLipton_48_f
50	PeggyLipton	43	AGE43	10810	10809_PeggyLipton_43_f
50	PeggyLipton	46	AGE46	10811	10810_PeggyLipton_46_f
50	PeggyLipton	61	AGE61	10821	10820_PeggyLipton_61_f
50	PeggyLipton	32	AGE32	10805	10804_PeggyLipton_32_f
50	PeggyLipton	51	AGE51	10815	10814_PeggyLipton_51_f
50	PeggyLipton	59	AGE59	10819	10818_PeggyLipton_59_f
50	PeggyLipton	27	AGE27	10802	10801_PeggyLipton_27_f
50	PeggyLipton	42	AGE42	10809	10808_PeggyLipton_42_f
50	PeggyLipton	28	AGE28	10803	10802_PeggyLipton_28_f
51	ClaudeL╨ТviStrauss	92	AGE92	1230	1229_ClaudeL╨ТviStrauss_92_m
51	ClaudeL╨ТviStrauss	85	AGE85	1222	1221_ClaudeL╨ТviStrauss_85_m
51	ClaudeL╨ТviStrauss	80	AGE80	1216	1215_ClaudeL╨ТviStrauss_80_m
51	ClaudeL╨ТviStrauss	22	AGE22	1220	1219_ClaudeL╨ТviStrauss_22_m
51	ClaudeL╨ТviStrauss	54	AGE54	1219	1218_ClaudeL╨ТviStrauss_54_m
51	ClaudeL╨ТviStrauss	61	AGE61	1221	1220_ClaudeL╨ТviStrauss_61_m
51	ClaudeL╨ТviStrauss	50	AGE50	1231	1230_ClaudeL╨ТviStrauss_50_m
51	ClaudeL╨ТviStrauss	40	AGE40	1217	1216_ClaudeL╨ТviStrauss_40_m
51	ClaudeL╨ТviStrauss	40	AGE40	1218	1217_ClaudeL╨ТviStrauss_40_m
51	ClaudeL╨ТviStrauss	30	AGE30	1223	1222_ClaudeL╨ТviStrauss_30_m
51	ClaudeL╨ТviStrauss	91	AGE91	1224	1223_ClaudeL╨ТviStrauss_91_m
51	ClaudeL╨ТviStrauss	95	AGE95	1228	1227_ClaudeL╨ТviStrauss_95_m
51	ClaudeL╨ТviStrauss	72	AGE72	1225	1224_ClaudeL╨ТviStrauss_72_m
51	ClaudeL╨ТviStrauss	42	AGE42	1232	1231_ClaudeL╨ТviStrauss_42_m
51	ClaudeL╨ТviStrauss	95	AGE95	1226	1225_ClaudeL╨ТviStrauss_95_m
51	ClaudeL╨ТviStrauss	72	AGE72	1229	1228_ClaudeL╨ТviStrauss_72_m
51	ClaudeL╨ТviStrauss	59	AGE59	1227	1226_ClaudeL╨ТviStrauss_59_m
52	IngridBergman	29	AGE29	14231	14230_IngridBergman_29_f
52	IngridBergman	19	AGE19	14222	14221_IngridBergman_19_f
52	IngridBergman	29	AGE29	14220	14219_IngridBergman_29_f
52	IngridBergman	14	AGE14	14241	14240_IngridBergman_14_f
52	IngridBergman	45	AGE45	14237	14236_IngridBergman_45_f
52	IngridBergman	28	AGE28	14226	14225_IngridBergman_28_f
52	IngridBergman	55	AGE55	14238	14237_IngridBergman_55_f
52	IngridBergman	43	AGE43	14227	14226_IngridBergman_43_f
52	IngridBergman	21	AGE21	14223	14222_IngridBergman_21_f
52	IngridBergman	46	AGE46	14228	14227_IngridBergman_46_f
52	IngridBergman	63	AGE63	14239	14238_IngridBergman_63_f
52	IngridBergman	67	AGE67	14240	14239_IngridBergman_67_f
52	IngridBergman	31	AGE31	14233	14232_IngridBergman_31_f
52	IngridBergman	24	AGE24	14225	14224_IngridBergman_24_f
52	IngridBergman	36	AGE36	14235	14234_IngridBergman_36_f
52	IngridBergman	23	AGE23	14224	14223_IngridBergman_23_f
52	IngridBergman	25	AGE25	14221	14220_IngridBergman_25_f
52	IngridBergman	40	AGE40	14236	14235_IngridBergman_40_f
52	IngridBergman	57	AGE57	14229	14228_IngridBergman_57_f
52	IngridBergman	33	AGE33	14234	14233_IngridBergman_33_f
52	IngridBergman	27	AGE27	14230	14229_IngridBergman_27_f
52	IngridBergman	30	AGE30	14232	14231_IngridBergman_30_f
53	JulieChristie	21	AGE21	11503	11502_JulieChristie_21_f
53	JulieChristie	63	AGE63	11524	11523_JulieChristie_63_f
53	JulieChristie	67	AGE67	11527	11526_JulieChristie_67_f
53	JulieChristie	25	AGE25	11506	11505_JulieChristie_25_f
53	JulieChristie	30	AGE30	11511	11510_JulieChristie_30_f
53	JulieChristie	51	AGE51	11520	11519_JulieChristie_51_f
53	JulieChristie	28	AGE28	11509	11508_JulieChristie_28_f
53	JulieChristie	58	AGE58	11522	11521_JulieChristie_58_f
53	JulieChristie	66	AGE66	11526	11525_JulieChristie_66_f
53	JulieChristie	47	AGE47	11519	11518_JulieChristie_47_f
53	JulieChristie	37	AGE37	11514	11513_JulieChristie_37_f
53	JulieChristie	20	AGE20	11502	11501_JulieChristie_20_f
53	JulieChristie	40	AGE40	11515	11514_JulieChristie_40_f
53	JulieChristie	24	AGE24	11505	11504_JulieChristie_24_f
53	JulieChristie	72	AGE72	11530	11529_JulieChristie_72_f
53	JulieChristie	60	AGE60	11523	11522_JulieChristie_60_f
53	JulieChristie	65	AGE65	11525	11524_JulieChristie_65_f
53	JulieChristie	32	AGE32	11512	11511_JulieChristie_32_f
53	JulieChristie	55	AGE55	11521	11520_JulieChristie_55_f
53	JulieChristie	71	AGE71	11529	11528_JulieChristie_71_f
53	JulieChristie	70	AGE70	11528	11527_JulieChristie_70_f
53	JulieChristie	42	AGE42	11517	11516_JulieChristie_42_f
53	JulieChristie	45	AGE45	11518	11517_JulieChristie_45_f
53	JulieChristie	29	AGE29	11510	11509_JulieChristie_29_f
53	JulieChristie	22	AGE22	11504	11503_JulieChristie_22_f
53	JulieChristie	27	AGE27	11508	11507_JulieChristie_27_f
53	JulieChristie	41	AGE41	11516	11515_JulieChristie_41_f
53	JulieChristie	34	AGE34	11513	11512_JulieChristie_34_f
53	JulieChristie	26	AGE26	11507	11506_JulieChristie_26_f
54	KevinSpacey	46	AGE46	3436	3435_KevinSpacey_46_m
54	KevinSpacey	40	AGE40	3429	3428_KevinSpacey_40_m
54	KevinSpacey	38	AGE38	3424	3423_KevinSpacey_38_m
54	KevinSpacey	32	AGE32	3417	3416_KevinSpacey_32_m
54	KevinSpacey	51	AGE51	3440	3439_KevinSpacey_51_m
54	KevinSpacey	27	AGE27	3410	3409_KevinSpacey_27_m
54	KevinSpacey	54	AGE54	3443	3442_KevinSpacey_54_m
54	KevinSpacey	28	AGE28	3411	3410_KevinSpacey_28_m
54	KevinSpacey	39	AGE39	3427	3426_KevinSpacey_39_m
54	KevinSpacey	45	AGE45	3434	3433_KevinSpacey_45_m
54	KevinSpacey	47	AGE47	3437	3436_KevinSpacey_47_m
54	KevinSpacey	39	AGE39	3426	3425_KevinSpacey_39_m
54	KevinSpacey	40	AGE40	3428	3427_KevinSpacey_40_m
54	KevinSpacey	48	AGE48	3438	3437_KevinSpacey_48_m
54	KevinSpacey	36	AGE36	3421	3420_KevinSpacey_36_m
54	KevinSpacey	44	AGE44	3432	3431_KevinSpacey_44_m
54	KevinSpacey	36	AGE36	3420	3419_KevinSpacey_36_m
54	KevinSpacey	29	AGE29	3413	3412_KevinSpacey_29_m
54	KevinSpacey	29	AGE29	3412	3411_KevinSpacey_29_m
54	KevinSpacey	32	AGE32	3415	3414_KevinSpacey_32_m
54	KevinSpacey	35	AGE35	3419	3418_KevinSpacey_35_m
54	KevinSpacey	30	AGE30	3414	3413_KevinSpacey_30_m
54	KevinSpacey	41	AGE41	3430	3429_KevinSpacey_41_m
54	KevinSpacey	32	AGE32	3418	3417_KevinSpacey_32_m
54	KevinSpacey	38	AGE38	3425	3424_KevinSpacey_38_m
54	KevinSpacey	32	AGE32	3416	3415_KevinSpacey_32_m
54	KevinSpacey	36	AGE36	3422	3421_KevinSpacey_36_m
54	KevinSpacey	54	AGE54	3442	3441_KevinSpacey_54_m
54	KevinSpacey	50	AGE50	3439	3438_KevinSpacey_50_m
54	KevinSpacey	44	AGE44	3433	3432_KevinSpacey_44_m
54	KevinSpacey	46	AGE46	3435	3434_KevinSpacey_46_m
54	KevinSpacey	42	AGE42	3431	3430_KevinSpacey_42_m
54	KevinSpacey	53	AGE53	3441	3440_KevinSpacey_53_m
54	KevinSpacey	37	AGE37	3423	3422_KevinSpacey_37_m
55	JamesWoods	42	AGE42	2616	2615_JamesWoods_42_m
55	JamesWoods	48	AGE48	2621	2620_JamesWoods_48_m
55	JamesWoods	58	AGE58	2628	2627_JamesWoods_58_m
55	JamesWoods	31	AGE31	2608	2607_JamesWoods_31_m
55	JamesWoods	66	AGE66	2633	2632_JamesWoods_66_m
55	JamesWoods	52	AGE52	2624	2623_JamesWoods_52_m
55	JamesWoods	67	AGE67	2634	2633_JamesWoods_67_m
55	JamesWoods	47	AGE47	2620	2619_JamesWoods_47_m
55	JamesWoods	38	AGE38	2613	2612_JamesWoods_38_m
55	JamesWoods	32	AGE32	2609	2608_JamesWoods_32_m
55	JamesWoods	45	AGE45	2618	2617_JamesWoods_45_m
55	JamesWoods	60	AGE60	2630	2629_JamesWoods_60_m
55	JamesWoods	64	AGE64	2632	2631_JamesWoods_64_m
55	JamesWoods	56	AGE56	2627	2626_JamesWoods_56_m
55	JamesWoods	40	AGE40	2615	2614_JamesWoods_40_m
55	JamesWoods	36	AGE36	2611	2610_JamesWoods_36_m
55	JamesWoods	63	AGE63	2631	2630_JamesWoods_63_m
55	JamesWoods	59	AGE59	2629	2628_JamesWoods_59_m
55	JamesWoods	27	AGE27	2606	2605_JamesWoods_27_m
55	JamesWoods	53	AGE53	2625	2624_JamesWoods_53_m
55	JamesWoods	29	AGE29	2607	2606_JamesWoods_29_m
55	JamesWoods	25	AGE25	2605	2604_JamesWoods_25_m
55	JamesWoods	44	AGE44	2617	2616_JamesWoods_44_m
55	JamesWoods	39	AGE39	2614	2613_JamesWoods_39_m
55	JamesWoods	37	AGE37	2612	2611_JamesWoods_37_m
55	JamesWoods	33	AGE33	2610	2609_JamesWoods_33_m
55	JamesWoods	54	AGE54	2626	2625_JamesWoods_54_m
55	JamesWoods	46	AGE46	2619	2618_JamesWoods_46_m
55	JamesWoods	51	AGE51	2623	2622_JamesWoods_51_m
55	JamesWoods	50	AGE50	2622	2621_JamesWoods_50_m
55	JamesWoods	21	AGE21	2604	2603_JamesWoods_21_m
56	AudreyHepburn	47	AGE47	14537	14536_AudreyHepburn_47_f
56	AudreyHepburn	30	AGE30	14548	14547_AudreyHepburn_30_f
56	AudreyHepburn	32	AGE32	14538	14537_AudreyHepburn_32_f
56	AudreyHepburn	23	AGE23	14528	14527_AudreyHepburn_23_f
56	AudreyHepburn	27	AGE27	14547	14546_AudreyHepburn_27_f
56	AudreyHepburn	32	AGE32	14550	14549_AudreyHepburn_32_f
56	AudreyHepburn	22	AGE22	14516	14515_AudreyHepburn_22_f
56	AudreyHepburn	24	AGE24	14544	14543_AudreyHepburn_24_f
56	AudreyHepburn	19	AGE19	14541	14540_AudreyHepburn_19_f
56	AudreyHepburn	25	AGE25	14545	14544_AudreyHepburn_25_f
56	AudreyHepburn	58	AGE58	14527	14526_AudreyHepburn_58_f
56	AudreyHepburn	36	AGE36	14552	14551_AudreyHepburn_36_f
56	AudreyHepburn	18	AGE18	14534	14533_AudreyHepburn_18_f
56	AudreyHepburn	62	AGE62	14521	14520_AudreyHepburn_62_f
56	AudreyHepburn	50	AGE50	14539	14538_AudreyHepburn_50_f
56	AudreyHepburn	25	AGE25	14535	14534_AudreyHepburn_25_f
56	AudreyHepburn	25	AGE25	14530	14529_AudreyHepburn_25_f
56	AudreyHepburn	34	AGE34	14525	14524_AudreyHepburn_34_f
56	AudreyHepburn	38	AGE38	14515	14514_AudreyHepburn_38_f
56	AudreyHepburn	47	AGE47	14522	14521_AudreyHepburn_47_f
56	AudreyHepburn	62	AGE62	14536	14535_AudreyHepburn_62_f
56	AudreyHepburn	68	AGE68	14533	14532_AudreyHepburn_68_f
56	AudreyHepburn	31	AGE31	14549	14548_AudreyHepburn_31_f
56	AudreyHepburn	52	AGE52	14526	14525_AudreyHepburn_52_f
56	AudreyHepburn	49	AGE49	14556	14555_AudreyHepburn_49_f
56	AudreyHepburn	33	AGE33	14524	14523_AudreyHepburn_33_f
56	AudreyHepburn	26	AGE26	14546	14545_AudreyHepburn_26_f
56	AudreyHepburn	35	AGE35	14551	14550_AudreyHepburn_35_f
56	AudreyHepburn	22	AGE22	14517	14516_AudreyHepburn_22_f
56	AudreyHepburn	24	AGE24	14532	14531_AudreyHepburn_24_f
56	AudreyHepburn	47	AGE47	14555	14554_AudreyHepburn_47_f
56	AudreyHepburn	27	AGE27	14529	14528_AudreyHepburn_27_f
56	AudreyHepburn	30	AGE30	14540	14539_AudreyHepburn_30_f
56	AudreyHepburn	28	AGE28	14523	14522_AudreyHepburn_28_f
56	AudreyHepburn	60	AGE60	14519	14518_AudreyHepburn_60_f
56	AudreyHepburn	24	AGE24	14531	14530_AudreyHepburn_24_f
56	AudreyHepburn	20	AGE20	14518	14517_AudreyHepburn_20_f
56	AudreyHepburn	21	AGE21	14542	14541_AudreyHepburn_21_f
56	AudreyHepburn	23	AGE23	14543	14542_AudreyHepburn_23_f
56	AudreyHepburn	25	AGE25	14520	14519_AudreyHepburn_25_f
56	AudreyHepburn	37	AGE37	14553	14552_AudreyHepburn_37_f
56	AudreyHepburn	38	AGE38	14554	14553_AudreyHepburn_38_f
57	AlikiBoug	21	AGE21	12553	12552_AlikiBoug_21_f
57	AlikiBoug	18	AGE18	12540	12539_AlikiBoug_18_f
57	AlikiBoug	28	AGE28	12546	12545_AlikiBoug_28_f
57	AlikiBoug	37	AGE37	12536	12535_AlikiBoug_37_f
57	AlikiBoug	37	AGE37	12550	12549_AlikiBoug_37_f
57	AlikiBoug	26	AGE26	12532	12531_AlikiBoug_26_f
57	AlikiBoug	25	AGE25	12554	12553_AlikiBoug_25_f
57	AlikiBoug	33	AGE33	12537	12536_AlikiBoug_33_f
57	AlikiBoug	42	AGE42	12548	12547_AlikiBoug_42_f
57	AlikiBoug	29	AGE29	12557	12556_AlikiBoug_29_f
57	AlikiBoug	34	AGE34	12558	12557_AlikiBoug_34_f
57	AlikiBoug	36	AGE36	12563	12562_AlikiBoug_36_f
57	AlikiBoug	33	AGE33	12566	12565_AlikiBoug_33_f
57	AlikiBoug	26	AGE26	12547	12546_AlikiBoug_26_f
57	AlikiBoug	40	AGE40	12543	12542_AlikiBoug_40_f
57	AlikiBoug	19	AGE19	12545	12544_AlikiBoug_19_f
57	AlikiBoug	27	AGE27	12551	12550_AlikiBoug_27_f
57	AlikiBoug	36	AGE36	12534	12533_AlikiBoug_36_f
57	AlikiBoug	42	AGE42	12539	12538_AlikiBoug_42_f
57	AlikiBoug	35	AGE35	12560	12559_AlikiBoug_35_f
57	AlikiBoug	33	AGE33	12562	12561_AlikiBoug_33_f
57	AlikiBoug	35	AGE35	12533	12532_AlikiBoug_35_f
57	AlikiBoug	20	AGE20	12549	12548_AlikiBoug_20_f
57	AlikiBoug	47	AGE47	12542	12541_AlikiBoug_47_f
57	AlikiBoug	31	AGE31	12561	12560_AlikiBoug_31_f
57	AlikiBoug	47	AGE47	12565	12564_AlikiBoug_47_f
57	AlikiBoug	37	AGE37	12559	12558_AlikiBoug_37_f
57	AlikiBoug	31	AGE31	12556	12555_AlikiBoug_31_f
57	AlikiBoug	43	AGE43	12535	12534_AlikiBoug_43_f
57	AlikiBoug	63	AGE63	12541	12540_AlikiBoug_63_f
57	AlikiBoug	52	AGE52	12552	12551_AlikiBoug_52_f
57	AlikiBoug	21	AGE21	12531	12530_AlikiBoug_21_f
57	AlikiBoug	28	AGE28	12567	12566_AlikiBoug_28_f
57	AlikiBoug	55	AGE55	12544	12543_AlikiBoug_55_f
57	AlikiBoug	28	AGE28	12555	12554_AlikiBoug_28_f
57	AlikiBoug	29	AGE29	12564	12563_AlikiBoug_29_f
57	AlikiBoug	50	AGE50	12538	12537_AlikiBoug_50_f
58	OliviadeHavilland	21	AGE21	14422	14421_OliviadeHavilland_21_f
58	OliviadeHavilland	46	AGE46	14439	14438_OliviadeHavilland_46_f
58	OliviadeHavilland	93	AGE93	14429	14428_OliviadeHavilland_93_f
58	OliviadeHavilland	62	AGE62	14442	14441_OliviadeHavilland_62_f
58	OliviadeHavilland	17	AGE17	14424	14423_OliviadeHavilland_17_f
58	OliviadeHavilland	19	AGE19	14425	14424_OliviadeHavilland_19_f
58	OliviadeHavilland	30	AGE30	14434	14433_OliviadeHavilland_30_f
58	OliviadeHavilland	20	AGE20	14431	14430_OliviadeHavilland_20_f
58	OliviadeHavilland	33	AGE33	14427	14426_OliviadeHavilland_33_f
58	OliviadeHavilland	37	AGE37	14428	14427_OliviadeHavilland_37_f
58	OliviadeHavilland	22	AGE22	14432	14431_OliviadeHavilland_22_f
58	OliviadeHavilland	24	AGE24	14423	14422_OliviadeHavilland_24_f
58	OliviadeHavilland	42	AGE42	14437	14436_OliviadeHavilland_42_f
58	OliviadeHavilland	49	AGE49	14440	14439_OliviadeHavilland_49_f
58	OliviadeHavilland	92	AGE92	14444	14443_OliviadeHavilland_92_f
58	OliviadeHavilland	25	AGE25	14426	14425_OliviadeHavilland_25_f
58	OliviadeHavilland	34	AGE34	14436	14435_OliviadeHavilland_34_f
58	OliviadeHavilland	65	AGE65	14443	14442_OliviadeHavilland_65_f
58	OliviadeHavilland	94	AGE94	14430	14429_OliviadeHavilland_94_f
58	OliviadeHavilland	43	AGE43	14438	14437_OliviadeHavilland_43_f
58	OliviadeHavilland	24	AGE24	14433	14432_OliviadeHavilland_24_f
58	OliviadeHavilland	32	AGE32	14435	14434_OliviadeHavilland_32_f
58	OliviadeHavilland	58	AGE58	14441	14440_OliviadeHavilland_58_f
59	MichaelKeaton	53	AGE53	5505	5504_MichaelKeaton_53_m
59	MichaelKeaton	47	AGE47	5500	5499_MichaelKeaton_47_m
59	MichaelKeaton	50	AGE50	5502	5501_MichaelKeaton_50_m
59	MichaelKeaton	31	AGE31	5486	5485_MichaelKeaton_31_m
59	MichaelKeaton	46	AGE46	5499	5498_MichaelKeaton_46_m
59	MichaelKeaton	40	AGE40	5493	5492_MichaelKeaton_40_m
59	MichaelKeaton	58	AGE58	5507	5506_MichaelKeaton_58_m
59	MichaelKeaton	34	AGE34	5487	5486_MichaelKeaton_34_m
59	MichaelKeaton	25	AGE25	5483	5482_MichaelKeaton_25_m
59	MichaelKeaton	49	AGE49	5501	5500_MichaelKeaton_49_m
59	MichaelKeaton	39	AGE39	5492	5491_MichaelKeaton_39_m
59	MichaelKeaton	18	AGE18	5482	5481_MichaelKeaton_18_m
59	MichaelKeaton	35	AGE35	5488	5487_MichaelKeaton_35_m
59	MichaelKeaton	29	AGE29	5484	5483_MichaelKeaton_29_m
59	MichaelKeaton	60	AGE60	5509	5508_MichaelKeaton_60_m
59	MichaelKeaton	14	AGE14	5481	5480_MichaelKeaton_14_m
59	MichaelKeaton	36	AGE36	5489	5488_MichaelKeaton_36_m
59	MichaelKeaton	43	AGE43	5496	5495_MichaelKeaton_43_m
59	MichaelKeaton	59	AGE59	5508	5507_MichaelKeaton_59_m
59	MichaelKeaton	51	AGE51	5503	5502_MichaelKeaton_51_m
59	MichaelKeaton	62	AGE62	5511	5510_MichaelKeaton_62_m
59	MichaelKeaton	44	AGE44	5497	5496_MichaelKeaton_44_m
59	MichaelKeaton	55	AGE55	5506	5505_MichaelKeaton_55_m
59	MichaelKeaton	61	AGE61	5510	5509_MichaelKeaton_61_m
59	MichaelKeaton	65	AGE65	5514	5513_MichaelKeaton_65_m
59	MichaelKeaton	23	AGE23	5479	5478_MichaelKeaton_23_m
59	MichaelKeaton	63	AGE63	5512	5511_MichaelKeaton_63_m
59	MichaelKeaton	28	AGE28	5480	5479_MichaelKeaton_28_m
59	MichaelKeaton	45	AGE45	5498	5497_MichaelKeaton_45_m
59	MichaelKeaton	41	AGE41	5494	5493_MichaelKeaton_41_m
59	MichaelKeaton	37	AGE37	5490	5489_MichaelKeaton_37_m
59	MichaelKeaton	38	AGE38	5491	5490_MichaelKeaton_38_m
59	MichaelKeaton	30	AGE30	5485	5484_MichaelKeaton_30_m
59	MichaelKeaton	52	AGE52	5504	5503_MichaelKeaton_52_m
59	MichaelKeaton	64	AGE64	5513	5512_MichaelKeaton_64_m
59	MichaelKeaton	42	AGE42	5495	5494_MichaelKeaton_42_m
60	CharlesGrodin	72	AGE72	5201	5200_CharlesGrodin_72_m
60	CharlesGrodin	59	AGE59	5195	5194_CharlesGrodin_59_m
60	CharlesGrodin	39	AGE39	5184	5183_CharlesGrodin_39_m
60	CharlesGrodin	69	AGE69	5199	5198_CharlesGrodin_69_m
60	CharlesGrodin	37	AGE37	5183	5182_CharlesGrodin_37_m
60	CharlesGrodin	48	AGE48	5190	5189_CharlesGrodin_48_m
60	CharlesGrodin	35	AGE35	5182	5181_CharlesGrodin_35_m
60	CharlesGrodin	46	AGE46	5189	5188_CharlesGrodin_46_m
60	CharlesGrodin	61	AGE61	5196	5195_CharlesGrodin_61_m
60	CharlesGrodin	45	AGE45	5188	5187_CharlesGrodin_45_m
60	CharlesGrodin	77	AGE77	5205	5204_CharlesGrodin_77_m
60	CharlesGrodin	74	AGE74	5203	5202_CharlesGrodin_74_m
60	CharlesGrodin	54	AGE54	5193	5192_CharlesGrodin_54_m
60	CharlesGrodin	50	AGE50	5191	5190_CharlesGrodin_50_m
60	CharlesGrodin	55	AGE55	5194	5193_CharlesGrodin_55_m
60	CharlesGrodin	68	AGE68	5198	5197_CharlesGrodin_68_m
60	CharlesGrodin	75	AGE75	5204	5203_CharlesGrodin_75_m
60	CharlesGrodin	52	AGE52	5192	5191_CharlesGrodin_52_m
60	CharlesGrodin	41	AGE41	5185	5184_CharlesGrodin_41_m
60	CharlesGrodin	70	AGE70	5200	5199_CharlesGrodin_70_m
60	CharlesGrodin	65	AGE65	5197	5196_CharlesGrodin_65_m
60	CharlesGrodin	78	AGE78	5206	5205_CharlesGrodin_78_m
60	CharlesGrodin	73	AGE73	5202	5201_CharlesGrodin_73_m
60	CharlesGrodin	43	AGE43	5187	5186_CharlesGrodin_43_m
60	CharlesGrodin	42	AGE42	5186	5185_CharlesGrodin_42_m
61	RonaldReagan	72	AGE72	753	752_RonaldReagan_72_m
61	RonaldReagan	39	AGE39	736	735_RonaldReagan_39_m
61	RonaldReagan	68	AGE68	749	748_RonaldReagan_68_m
61	RonaldReagan	56	AGE56	726	725_RonaldReagan_56_m
61	RonaldReagan	67	AGE67	748	747_RonaldReagan_67_m
61	RonaldReagan	78	AGE78	754	753_RonaldReagan_78_m
61	RonaldReagan	43	AGE43	738	737_RonaldReagan_43_m
61	RonaldReagan	21	AGE21	722	721_RonaldReagan_21_m
61	RonaldReagan	19	AGE19	720	719_RonaldReagan_19_m
61	RonaldReagan	57	AGE57	743	742_RonaldReagan_57_m
61	RonaldReagan	70	AGE70	717	716_RonaldReagan_70_m
61	RonaldReagan	41	AGE41	737	736_RonaldReagan_41_m
61	RonaldReagan	36	AGE36	733	732_RonaldReagan_36_m
61	RonaldReagan	29	AGE29	723	722_RonaldReagan_29_m
61	RonaldReagan	35	AGE35	732	731_RonaldReagan_35_m
61	RonaldReagan	92	AGE92	752	751_RonaldReagan_92_m
61	RonaldReagan	73	AGE73	755	754_RonaldReagan_73_m
61	RonaldReagan	62	AGE62	746	745_RonaldReagan_62_m
61	RonaldReagan	65	AGE65	747	746_RonaldReagan_65_m
61	RonaldReagan	55	AGE55	742	741_RonaldReagan_55_m
61	RonaldReagan	13	AGE13	718	717_RonaldReagan_13_m
61	RonaldReagan	31	AGE31	728	727_RonaldReagan_31_m
61	RonaldReagan	30	AGE30	724	723_RonaldReagan_30_m
61	RonaldReagan	32	AGE32	729	728_RonaldReagan_32_m
61	RonaldReagan	44	AGE44	739	738_RonaldReagan_44_m
61	RonaldReagan	28	AGE28	721	720_RonaldReagan_28_m
61	RonaldReagan	16	AGE16	719	718_RonaldReagan_16_m
61	RonaldReagan	54	AGE54	741	740_RonaldReagan_54_m
61	RonaldReagan	51	AGE51	725	724_RonaldReagan_51_m
61	RonaldReagan	69	AGE69	750	749_RonaldReagan_69_m
61	RonaldReagan	60	AGE60	745	744_RonaldReagan_60_m
61	RonaldReagan	33	AGE33	730	729_RonaldReagan_33_m
61	RonaldReagan	63	AGE63	727	726_RonaldReagan_63_m
61	RonaldReagan	58	AGE58	744	743_RonaldReagan_58_m
61	RonaldReagan	53	AGE53	716	715_RonaldReagan_53_m
61	RonaldReagan	37	AGE37	734	733_RonaldReagan_37_m
61	RonaldReagan	65	AGE65	751	750_RonaldReagan_65_m
61	RonaldReagan	38	AGE38	735	734_RonaldReagan_38_m
61	RonaldReagan	34	AGE34	731	730_RonaldReagan_34_m
61	RonaldReagan	30	AGE30	756	755_RonaldReagan_30_m
61	RonaldReagan	49	AGE49	740	739_RonaldReagan_49_m
62	SteveMcQueen	32	AGE32	9389	9388_SteveMcQueen_32_m
62	SteveMcQueen	46	AGE46	9404	9403_SteveMcQueen_46_m
62	SteveMcQueen	30	AGE30	9387	9386_SteveMcQueen_30_m
62	SteveMcQueen	28	AGE28	9383	9382_SteveMcQueen_28_m
62	SteveMcQueen	26	AGE26	9382	9381_SteveMcQueen_26_m
62	SteveMcQueen	38	AGE38	9396	9395_SteveMcQueen_38_m
62	SteveMcQueen	36	AGE36	9392	9391_SteveMcQueen_36_m
62	SteveMcQueen	40	AGE40	9399	9398_SteveMcQueen_40_m
62	SteveMcQueen	38	AGE38	9395	9394_SteveMcQueen_38_m
62	SteveMcQueen	37	AGE37	9394	9393_SteveMcQueen_37_m
62	SteveMcQueen	48	AGE48	9406	9405_SteveMcQueen_48_m
62	SteveMcQueen	31	AGE31	9388	9387_SteveMcQueen_31_m
62	SteveMcQueen	39	AGE39	9407	9406_SteveMcQueen_39_m
62	SteveMcQueen	39	AGE39	9397	9396_SteveMcQueen_39_m
62	SteveMcQueen	36	AGE36	9391	9390_SteveMcQueen_36_m
62	SteveMcQueen	40	AGE40	9398	9397_SteveMcQueen_40_m
62	SteveMcQueen	28	AGE28	9385	9384_SteveMcQueen_28_m
62	SteveMcQueen	36	AGE36	9393	9392_SteveMcQueen_36_m
62	SteveMcQueen	42	AGE42	9401	9400_SteveMcQueen_42_m
62	SteveMcQueen	29	AGE29	9386	9385_SteveMcQueen_29_m
62	SteveMcQueen	47	AGE47	9405	9404_SteveMcQueen_47_m
62	SteveMcQueen	30	AGE30	9381	9380_SteveMcQueen_30_m
62	SteveMcQueen	44	AGE44	9402	9401_SteveMcQueen_44_m
62	SteveMcQueen	35	AGE35	9390	9389_SteveMcQueen_35_m
62	SteveMcQueen	37	AGE37	9384	9383_SteveMcQueen_37_m
62	SteveMcQueen	44	AGE44	9403	9402_SteveMcQueen_44_m
62	SteveMcQueen	41	AGE41	9400	9399_SteveMcQueen_41_m
63	PeggyAshcroft	63	AGE63	14467	14466_PeggyAshcroft_63_f
63	PeggyAshcroft	22	AGE22	14445	14444_PeggyAshcroft_22_f
63	PeggyAshcroft	44	AGE44	14482	14481_PeggyAshcroft_44_f
63	PeggyAshcroft	28	AGE28	14452	14451_PeggyAshcroft_28_f
63	PeggyAshcroft	82	AGE82	14479	14478_PeggyAshcroft_82_f
63	PeggyAshcroft	77	AGE77	14477	14476_PeggyAshcroft_77_f
63	PeggyAshcroft	23	AGE23	14447	14446_PeggyAshcroft_23_f
63	PeggyAshcroft	70	AGE70	14471	14470_PeggyAshcroft_70_f
63	PeggyAshcroft	75	AGE75	14475	14474_PeggyAshcroft_75_f
63	PeggyAshcroft	22	AGE22	14446	14445_PeggyAshcroft_22_f
63	PeggyAshcroft	65	AGE65	14468	14467_PeggyAshcroft_65_f
63	PeggyAshcroft	73	AGE73	14473	14472_PeggyAshcroft_73_f
63	PeggyAshcroft	33	AGE33	14480	14479_PeggyAshcroft_33_f
63	PeggyAshcroft	35	AGE35	14455	14454_PeggyAshcroft_35_f
63	PeggyAshcroft	61	AGE61	14465	14464_PeggyAshcroft_61_f
63	PeggyAshcroft	68	AGE68	14470	14469_PeggyAshcroft_68_f
63	PeggyAshcroft	41	AGE41	14481	14480_PeggyAshcroft_41_f
63	PeggyAshcroft	76	AGE76	14476	14475_PeggyAshcroft_76_f
63	PeggyAshcroft	47	AGE47	14460	14459_PeggyAshcroft_47_f
63	PeggyAshcroft	72	AGE72	14472	14471_PeggyAshcroft_72_f
63	PeggyAshcroft	27	AGE27	14451	14450_PeggyAshcroft_27_f
63	PeggyAshcroft	55	AGE55	14463	14462_PeggyAshcroft_55_f
63	PeggyAshcroft	24	AGE24	14448	14447_PeggyAshcroft_24_f
63	PeggyAshcroft	38	AGE38	14456	14455_PeggyAshcroft_38_f
63	PeggyAshcroft	44	AGE44	14458	14457_PeggyAshcroft_44_f
63	PeggyAshcroft	32	AGE32	14454	14453_PeggyAshcroft_32_f
63	PeggyAshcroft	54	AGE54	14462	14461_PeggyAshcroft_54_f
63	PeggyAshcroft	57	AGE57	14464	14463_PeggyAshcroft_57_f
63	PeggyAshcroft	77	AGE77	14478	14477_PeggyAshcroft_77_f
63	PeggyAshcroft	52	AGE52	14461	14460_PeggyAshcroft_52_f
63	PeggyAshcroft	43	AGE43	14457	14456_PeggyAshcroft_43_f
63	PeggyAshcroft	30	AGE30	14453	14452_PeggyAshcroft_30_f
63	PeggyAshcroft	26	AGE26	14450	14449_PeggyAshcroft_26_f
63	PeggyAshcroft	56	AGE56	14483	14482_PeggyAshcroft_56_f
63	PeggyAshcroft	81	AGE81	14484	14483_PeggyAshcroft_81_f
63	PeggyAshcroft	62	AGE62	14466	14465_PeggyAshcroft_62_f
63	PeggyAshcroft	67	AGE67	14469	14468_PeggyAshcroft_67_f
63	PeggyAshcroft	25	AGE25	14449	14448_PeggyAshcroft_25_f
63	PeggyAshcroft	74	AGE74	14474	14473_PeggyAshcroft_74_f
63	PeggyAshcroft	45	AGE45	14459	14458_PeggyAshcroft_45_f
64	MikeConnors	86	AGE86	3635	3634_MikeConnors_86_m
64	MikeConnors	73	AGE73	3623	3622_MikeConnors_73_m
64	MikeConnors	71	AGE71	3622	3621_MikeConnors_71_m
64	MikeConnors	85	AGE85	3634	3633_MikeConnors_85_m
64	MikeConnors	31	AGE31	3598	3597_MikeConnors_31_m
64	MikeConnors	53	AGE53	3614	3613_MikeConnors_53_m
64	MikeConnors	33	AGE33	3600	3599_MikeConnors_33_m
64	MikeConnors	49	AGE49	3612	3611_MikeConnors_49_m
64	MikeConnors	30	AGE30	3636	3635_MikeConnors_30_m
64	MikeConnors	32	AGE32	3599	3598_MikeConnors_32_m
64	MikeConnors	83	AGE83	3632	3631_MikeConnors_83_m
64	MikeConnors	46	AGE46	3609	3608_MikeConnors_46_m
64	MikeConnors	54	AGE54	3615	3614_MikeConnors_54_m
64	MikeConnors	78	AGE78	3628	3627_MikeConnors_78_m
64	MikeConnors	50	AGE50	3613	3612_MikeConnors_50_m
64	MikeConnors	55	AGE55	3616	3615_MikeConnors_55_m
64	MikeConnors	80	AGE80	3629	3628_MikeConnors_80_m
64	MikeConnors	82	AGE82	3631	3630_MikeConnors_82_m
64	MikeConnors	43	AGE43	3606	3605_MikeConnors_43_m
64	MikeConnors	60	AGE60	3618	3617_MikeConnors_60_m
64	MikeConnors	77	AGE77	3627	3626_MikeConnors_77_m
64	MikeConnors	41	AGE41	3604	3603_MikeConnors_41_m
64	MikeConnors	84	AGE84	3633	3632_MikeConnors_84_m
64	MikeConnors	37	AGE37	3602	3601_MikeConnors_37_m
64	MikeConnors	47	AGE47	3610	3609_MikeConnors_47_m
64	MikeConnors	56	AGE56	3617	3616_MikeConnors_56_m
64	MikeConnors	35	AGE35	3601	3600_MikeConnors_35_m
64	MikeConnors	45	AGE45	3608	3607_MikeConnors_45_m
64	MikeConnors	62	AGE62	3619	3618_MikeConnors_62_m
64	MikeConnors	48	AGE48	3611	3610_MikeConnors_48_m
64	MikeConnors	68	AGE68	3620	3619_MikeConnors_68_m
64	MikeConnors	76	AGE76	3626	3625_MikeConnors_76_m
64	MikeConnors	42	AGE42	3605	3604_MikeConnors_42_m
64	MikeConnors	75	AGE75	3625	3624_MikeConnors_75_m
64	MikeConnors	44	AGE44	3607	3606_MikeConnors_44_m
64	MikeConnors	70	AGE70	3621	3620_MikeConnors_70_m
64	MikeConnors	81	AGE81	3630	3629_MikeConnors_81_m
64	MikeConnors	40	AGE40	3603	3602_MikeConnors_40_m
64	MikeConnors	74	AGE74	3624	3623_MikeConnors_74_m
65	JohnForsythe	56	AGE56	8080	8079_JohnForsythe_56_m
65	JohnForsythe	37	AGE37	8067	8066_JohnForsythe_37_m
65	JohnForsythe	70	AGE70	8088	8087_JohnForsythe_70_m
65	JohnForsythe	82	AGE82	8091	8090_JohnForsythe_82_m
65	JohnForsythe	61	AGE61	8081	8080_JohnForsythe_61_m
65	JohnForsythe	50	AGE50	8075	8074_JohnForsythe_50_m
65	JohnForsythe	54	AGE54	8078	8077_JohnForsythe_54_m
65	JohnForsythe	88	AGE88	8092	8091_JohnForsythe_88_m
65	JohnForsythe	64	AGE64	8084	8083_JohnForsythe_64_m
65	JohnForsythe	52	AGE52	8076	8075_JohnForsythe_52_m
65	JohnForsythe	25	AGE25	8065	8064_JohnForsythe_25_m
65	JohnForsythe	74	AGE74	8089	8088_JohnForsythe_74_m
65	JohnForsythe	67	AGE67	8087	8086_JohnForsythe_67_m
65	JohnForsythe	43	AGE43	8070	8069_JohnForsythe_43_m
65	JohnForsythe	41	AGE41	8069	8068_JohnForsythe_41_m
65	JohnForsythe	48	AGE48	8074	8073_JohnForsythe_48_m
65	JohnForsythe	55	AGE55	8079	8078_JohnForsythe_55_m
65	JohnForsythe	34	AGE34	8066	8065_JohnForsythe_34_m
65	JohnForsythe	44	AGE44	8071	8070_JohnForsythe_44_m
65	JohnForsythe	76	AGE76	8090	8089_JohnForsythe_76_m
65	JohnForsythe	66	AGE66	8086	8085_JohnForsythe_66_m
65	JohnForsythe	65	AGE65	8085	8084_JohnForsythe_65_m
65	JohnForsythe	62	AGE62	8082	8081_JohnForsythe_62_m
65	JohnForsythe	53	AGE53	8077	8076_JohnForsythe_53_m
65	JohnForsythe	48	AGE48	8073	8072_JohnForsythe_48_m
65	JohnForsythe	63	AGE63	8083	8082_JohnForsythe_63_m
65	JohnForsythe	46	AGE46	8072	8071_JohnForsythe_46_m
65	JohnForsythe	39	AGE39	8068	8067_JohnForsythe_39_m
66	BruceWillis	45	AGE45	3086	3085_BruceWillis_45_m
66	BruceWillis	35	AGE35	3076	3075_BruceWillis_35_m
66	BruceWillis	44	AGE44	3085	3084_BruceWillis_44_m
66	BruceWillis	30	AGE30	3069	3068_BruceWillis_30_m
66	BruceWillis	53	AGE53	3094	3093_BruceWillis_53_m
66	BruceWillis	50	AGE50	3091	3090_BruceWillis_50_m
66	BruceWillis	55	AGE55	3096	3095_BruceWillis_55_m
66	BruceWillis	49	AGE49	3090	3089_BruceWillis_49_m
66	BruceWillis	31	AGE31	3070	3069_BruceWillis_31_m
66	BruceWillis	51	AGE51	3092	3091_BruceWillis_51_m
66	BruceWillis	57	AGE57	3098	3097_BruceWillis_57_m
66	BruceWillis	47	AGE47	3088	3087_BruceWillis_47_m
66	BruceWillis	37	AGE37	3078	3077_BruceWillis_37_m
66	BruceWillis	33	AGE33	3073	3072_BruceWillis_33_m
66	BruceWillis	39	AGE39	3081	3080_BruceWillis_39_m
66	BruceWillis	42	AGE42	3083	3082_BruceWillis_42_m
66	BruceWillis	32	AGE32	3072	3071_BruceWillis_32_m
66	BruceWillis	29	AGE29	3067	3066_BruceWillis_29_m
66	BruceWillis	46	AGE46	3087	3086_BruceWillis_46_m
66	BruceWillis	29	AGE29	3068	3067_BruceWillis_29_m
66	BruceWillis	34	AGE34	3074	3073_BruceWillis_34_m
66	BruceWillis	56	AGE56	3097	3096_BruceWillis_56_m
66	BruceWillis	54	AGE54	3095	3094_BruceWillis_54_m
66	BruceWillis	38	AGE38	3080	3079_BruceWillis_38_m
66	BruceWillis	35	AGE35	3075	3074_BruceWillis_35_m
66	BruceWillis	52	AGE52	3093	3092_BruceWillis_52_m
66	BruceWillis	40	AGE40	3082	3081_BruceWillis_40_m
66	BruceWillis	31	AGE31	3071	3070_BruceWillis_31_m
66	BruceWillis	38	AGE38	3079	3078_BruceWillis_38_m
66	BruceWillis	36	AGE36	3077	3076_BruceWillis_36_m
66	BruceWillis	48	AGE48	3089	3088_BruceWillis_48_m
67	JamesCaan	33	AGE33	1990	1989_JamesCaan_33_m
67	JamesCaan	24	AGE24	1978	1977_JamesCaan_24_m
67	JamesCaan	56	AGE56	2007	2006_JamesCaan_56_m
67	JamesCaan	60	AGE60	2011	2010_JamesCaan_60_m
67	JamesCaan	48	AGE48	2003	2002_JamesCaan_48_m
67	JamesCaan	39	AGE39	1997	1996_JamesCaan_39_m
67	JamesCaan	50	AGE50	2004	2003_JamesCaan_50_m
67	JamesCaan	67	AGE67	2015	2014_JamesCaan_67_m
67	JamesCaan	32	AGE32	1988	1987_JamesCaan_32_m
67	JamesCaan	41	AGE41	1999	1998_JamesCaan_41_m
67	JamesCaan	35	AGE35	1993	1992_JamesCaan_35_m
67	JamesCaan	34	AGE34	1992	1991_JamesCaan_34_m
67	JamesCaan	27	AGE27	1982	1981_JamesCaan_27_m
67	JamesCaan	29	AGE29	1985	1984_JamesCaan_29_m
67	JamesCaan	70	AGE70	2018	2017_JamesCaan_70_m
67	JamesCaan	41	AGE41	2000	1999_JamesCaan_41_m
67	JamesCaan	28	AGE28	1983	1982_JamesCaan_28_m
67	JamesCaan	47	AGE47	2002	2001_JamesCaan_47_m
67	JamesCaan	55	AGE55	2006	2005_JamesCaan_55_m
67	JamesCaan	72	AGE72	2019	2018_JamesCaan_72_m
67	JamesCaan	38	AGE38	1996	1995_JamesCaan_38_m
67	JamesCaan	30	AGE30	1986	1985_JamesCaan_30_m
67	JamesCaan	68	AGE68	2016	2015_JamesCaan_68_m
67	JamesCaan	60	AGE60	2010	2009_JamesCaan_60_m
67	JamesCaan	42	AGE42	2001	2000_JamesCaan_42_m
67	JamesCaan	40	AGE40	1998	1997_JamesCaan_40_m
67	JamesCaan	58	AGE58	2008	2007_JamesCaan_58_m
67	JamesCaan	62	AGE62	2013	2012_JamesCaan_62_m
67	JamesCaan	51	AGE51	2005	2004_JamesCaan_51_m
67	JamesCaan	37	AGE37	1995	1994_JamesCaan_37_m
67	JamesCaan	59	AGE59	2009	2008_JamesCaan_59_m
67	JamesCaan	73	AGE73	2020	2019_JamesCaan_73_m
67	JamesCaan	25	AGE25	1979	1978_JamesCaan_25_m
67	JamesCaan	33	AGE33	1991	1990_JamesCaan_33_m
67	JamesCaan	27	AGE27	1981	1980_JamesCaan_27_m
67	JamesCaan	69	AGE69	2017	2016_JamesCaan_69_m
67	JamesCaan	63	AGE63	2014	2013_JamesCaan_63_m
67	JamesCaan	32	AGE32	1989	1988_JamesCaan_32_m
67	JamesCaan	61	AGE61	2012	2011_JamesCaan_61_m
67	JamesCaan	31	AGE31	1987	1986_JamesCaan_31_m
67	JamesCaan	26	AGE26	1980	1979_JamesCaan_26_m
67	JamesCaan	28	AGE28	1984	1983_JamesCaan_28_m
67	JamesCaan	36	AGE36	1994	1993_JamesCaan_36_m
68	KevinCostner	50	AGE50	4279	4278_KevinCostner_50_m
68	KevinCostner	52	AGE52	4281	4280_KevinCostner_52_m
68	KevinCostner	55	AGE55	4283	4282_KevinCostner_55_m
68	KevinCostner	24	AGE24	4260	4259_KevinCostner_24_m
68	KevinCostner	51	AGE51	4280	4279_KevinCostner_51_m
68	KevinCostner	32	AGE32	4265	4264_KevinCostner_32_m
68	KevinCostner	36	AGE36	4269	4268_KevinCostner_36_m
68	KevinCostner	37	AGE37	4271	4270_KevinCostner_37_m
68	KevinCostner	48	AGE48	4277	4276_KevinCostner_48_m
68	KevinCostner	36	AGE36	4268	4267_KevinCostner_36_m
68	KevinCostner	44	AGE44	4274	4273_KevinCostner_44_m
68	KevinCostner	37	AGE37	4270	4269_KevinCostner_37_m
68	KevinCostner	57	AGE57	4284	4283_KevinCostner_57_m
68	KevinCostner	28	AGE28	4263	4262_KevinCostner_28_m
68	KevinCostner	48	AGE48	4278	4277_KevinCostner_48_m
68	KevinCostner	35	AGE35	4267	4266_KevinCostner_35_m
68	KevinCostner	58	AGE58	4285	4284_KevinCostner_58_m
68	KevinCostner	32	AGE32	4266	4265_KevinCostner_32_m
68	KevinCostner	59	AGE59	4287	4286_KevinCostner_59_m
68	KevinCostner	27	AGE27	4262	4261_KevinCostner_27_m
68	KevinCostner	39	AGE39	4273	4272_KevinCostner_39_m
68	KevinCostner	25	AGE25	4261	4260_KevinCostner_25_m
68	KevinCostner	38	AGE38	4272	4271_KevinCostner_38_m
68	KevinCostner	47	AGE47	4276	4275_KevinCostner_47_m
68	KevinCostner	45	AGE45	4275	4274_KevinCostner_45_m
68	KevinCostner	31	AGE31	4264	4263_KevinCostner_31_m
68	KevinCostner	59	AGE59	4286	4285_KevinCostner_59_m
68	KevinCostner	53	AGE53	4282	4281_KevinCostner_53_m
69	BrianDennehy	73	AGE73	3973	3972_BrianDennehy_73_m
69	BrianDennehy	46	AGE46	3949	3948_BrianDennehy_46_m
69	BrianDennehy	53	AGE53	3955	3954_BrianDennehy_53_m
69	BrianDennehy	40	AGE40	3943	3942_BrianDennehy_40_m
69	BrianDennehy	65	AGE65	3964	3963_BrianDennehy_65_m
69	BrianDennehy	49	AGE49	3952	3951_BrianDennehy_49_m
69	BrianDennehy	67	AGE67	3967	3966_BrianDennehy_67_m
69	BrianDennehy	63	AGE63	3962	3961_BrianDennehy_63_m
69	BrianDennehy	52	AGE52	3954	3953_BrianDennehy_52_m
69	BrianDennehy	71	AGE71	3971	3970_BrianDennehy_71_m
69	BrianDennehy	68	AGE68	3968	3967_BrianDennehy_68_m
69	BrianDennehy	67	AGE67	3966	3965_BrianDennehy_67_m
69	BrianDennehy	54	AGE54	3956	3955_BrianDennehy_54_m
69	BrianDennehy	56	AGE56	3958	3957_BrianDennehy_56_m
69	BrianDennehy	70	AGE70	3970	3969_BrianDennehy_70_m
69	BrianDennehy	44	AGE44	3947	3946_BrianDennehy_44_m
69	BrianDennehy	62	AGE62	3961	3960_BrianDennehy_62_m
69	BrianDennehy	60	AGE60	3960	3959_BrianDennehy_60_m
69	BrianDennehy	42	AGE42	3945	3944_BrianDennehy_42_m
69	BrianDennehy	43	AGE43	3946	3945_BrianDennehy_43_m
69	BrianDennehy	69	AGE69	3969	3968_BrianDennehy_69_m
69	BrianDennehy	55	AGE55	3957	3956_BrianDennehy_55_m
69	BrianDennehy	48	AGE48	3951	3950_BrianDennehy_48_m
69	BrianDennehy	41	AGE41	3944	3943_BrianDennehy_41_m
69	BrianDennehy	57	AGE57	3959	3958_BrianDennehy_57_m
69	BrianDennehy	45	AGE45	3948	3947_BrianDennehy_45_m
69	BrianDennehy	72	AGE72	3972	3971_BrianDennehy_72_m
69	BrianDennehy	76	AGE76	3974	3973_BrianDennehy_76_m
69	BrianDennehy	66	AGE66	3965	3964_BrianDennehy_66_m
69	BrianDennehy	39	AGE39	3942	3941_BrianDennehy_39_m
69	BrianDennehy	64	AGE64	3963	3962_BrianDennehy_64_m
69	BrianDennehy	50	AGE50	3953	3952_BrianDennehy_50_m
69	BrianDennehy	47	AGE47	3950	3949_BrianDennehy_47_m
70	PamelaSueMartin	62	AGE62	15782	15781_PamelaSueMartin_62_f
70	PamelaSueMartin	27	AGE27	15761	15760_PamelaSueMartin_27_f
70	PamelaSueMartin	26	AGE26	15760	15759_PamelaSueMartin_26_f
70	PamelaSueMartin	33	AGE33	15767	15766_PamelaSueMartin_33_f
70	PamelaSueMartin	29	AGE29	15763	15762_PamelaSueMartin_29_f
70	PamelaSueMartin	20	AGE20	15755	15754_PamelaSueMartin_20_f
70	PamelaSueMartin	28	AGE28	15762	15761_PamelaSueMartin_28_f
70	PamelaSueMartin	36	AGE36	15769	15768_PamelaSueMartin_36_f
70	PamelaSueMartin	32	AGE32	15766	15765_PamelaSueMartin_32_f
70	PamelaSueMartin	19	AGE19	15754	15753_PamelaSueMartin_19_f
70	PamelaSueMartin	34	AGE34	15768	15767_PamelaSueMartin_34_f
70	PamelaSueMartin	58	AGE58	15780	15779_PamelaSueMartin_58_f
70	PamelaSueMartin	49	AGE49	15776	15775_PamelaSueMartin_49_f
70	PamelaSueMartin	24	AGE24	15758	15757_PamelaSueMartin_24_f
70	PamelaSueMartin	31	AGE31	15765	15764_PamelaSueMartin_31_f
70	PamelaSueMartin	45	AGE45	15775	15774_PamelaSueMartin_45_f
70	PamelaSueMartin	17	AGE17	15752	15751_PamelaSueMartin_17_f
70	PamelaSueMartin	42	AGE42	15774	15773_PamelaSueMartin_42_f
70	PamelaSueMartin	38	AGE38	15771	15770_PamelaSueMartin_38_f
70	PamelaSueMartin	37	AGE37	15770	15769_PamelaSueMartin_37_f
70	PamelaSueMartin	22	AGE22	15756	15755_PamelaSueMartin_22_f
70	PamelaSueMartin	39	AGE39	15772	15771_PamelaSueMartin_39_f
70	PamelaSueMartin	30	AGE30	15764	15763_PamelaSueMartin_30_f
70	PamelaSueMartin	23	AGE23	15757	15756_PamelaSueMartin_23_f
70	PamelaSueMartin	54	AGE54	15779	15778_PamelaSueMartin_54_f
70	PamelaSueMartin	52	AGE52	15777	15776_PamelaSueMartin_52_f
70	PamelaSueMartin	59	AGE59	15781	15780_PamelaSueMartin_59_f
70	PamelaSueMartin	53	AGE53	15778	15777_PamelaSueMartin_53_f
70	PamelaSueMartin	18	AGE18	15753	15752_PamelaSueMartin_18_f
70	PamelaSueMartin	40	AGE40	15773	15772_PamelaSueMartin_40_f
70	PamelaSueMartin	25	AGE25	15759	15758_PamelaSueMartin_25_f
71	EvaMarieSaint	31	AGE31	12094	12093_EvaMarieSaint_31_f
71	EvaMarieSaint	88	AGE88	12128	12127_EvaMarieSaint_88_f
71	EvaMarieSaint	87	AGE87	12127	12126_EvaMarieSaint_87_f
71	EvaMarieSaint	89	AGE89	12129	12128_EvaMarieSaint_89_f
71	EvaMarieSaint	83	AGE83	12123	12122_EvaMarieSaint_83_f
71	EvaMarieSaint	90	AGE90	12130	12129_EvaMarieSaint_90_f
71	EvaMarieSaint	77	AGE77	12118	12117_EvaMarieSaint_77_f
71	EvaMarieSaint	37	AGE37	12100	12099_EvaMarieSaint_37_f
71	EvaMarieSaint	41	AGE41	12102	12101_EvaMarieSaint_41_f
71	EvaMarieSaint	58	AGE58	12110	12109_EvaMarieSaint_58_f
71	EvaMarieSaint	68	AGE68	12114	12113_EvaMarieSaint_68_f
71	EvaMarieSaint	53	AGE53	12109	12108_EvaMarieSaint_53_f
71	EvaMarieSaint	29	AGE29	12092	12091_EvaMarieSaint_29_f
71	EvaMarieSaint	81	AGE81	12121	12120_EvaMarieSaint_81_f
71	EvaMarieSaint	84	AGE84	12124	12123_EvaMarieSaint_84_f
71	EvaMarieSaint	79	AGE79	12119	12118_EvaMarieSaint_79_f
71	EvaMarieSaint	44	AGE44	12104	12103_EvaMarieSaint_44_f
71	EvaMarieSaint	32	AGE32	12095	12094_EvaMarieSaint_32_f
71	EvaMarieSaint	23	AGE23	12089	12088_EvaMarieSaint_23_f
71	EvaMarieSaint	30	AGE30	12093	12092_EvaMarieSaint_30_f
71	EvaMarieSaint	73	AGE73	12116	12115_EvaMarieSaint_73_f
71	EvaMarieSaint	28	AGE28	12091	12090_EvaMarieSaint_28_f
71	EvaMarieSaint	46	AGE46	12105	12104_EvaMarieSaint_46_f
71	EvaMarieSaint	82	AGE82	12122	12121_EvaMarieSaint_82_f
71	EvaMarieSaint	34	AGE34	12097	12096_EvaMarieSaint_34_f
71	EvaMarieSaint	66	AGE66	12113	12112_EvaMarieSaint_66_f
71	EvaMarieSaint	36	AGE36	12099	12098_EvaMarieSaint_36_f
71	EvaMarieSaint	85	AGE85	12125	12124_EvaMarieSaint_85_f
71	EvaMarieSaint	63	AGE63	12112	12111_EvaMarieSaint_63_f
71	EvaMarieSaint	71	AGE71	12115	12114_EvaMarieSaint_71_f
71	EvaMarieSaint	33	AGE33	12096	12095_EvaMarieSaint_33_f
71	EvaMarieSaint	80	AGE80	12120	12119_EvaMarieSaint_80_f
71	EvaMarieSaint	62	AGE62	12111	12110_EvaMarieSaint_62_f
71	EvaMarieSaint	26	AGE26	12090	12089_EvaMarieSaint_26_f
71	EvaMarieSaint	86	AGE86	12126	12125_EvaMarieSaint_86_f
71	EvaMarieSaint	35	AGE35	12098	12097_EvaMarieSaint_35_f
71	EvaMarieSaint	40	AGE40	12101	12100_EvaMarieSaint_40_f
71	EvaMarieSaint	42	AGE42	12103	12102_EvaMarieSaint_42_f
71	EvaMarieSaint	48	AGE48	12106	12105_EvaMarieSaint_48_f
71	EvaMarieSaint	50	AGE50	12107	12106_EvaMarieSaint_50_f
71	EvaMarieSaint	52	AGE52	12108	12107_EvaMarieSaint_52_f
71	EvaMarieSaint	76	AGE76	12117	12116_EvaMarieSaint_76_f
72	HenryFonda	36	AGE36	8020	8019_HenryFonda_36_m
72	HenryFonda	33	AGE33	8018	8017_HenryFonda_33_m
72	HenryFonda	45	AGE45	8021	8020_HenryFonda_45_m
72	HenryFonda	51	AGE51	8022	8021_HenryFonda_51_m
72	HenryFonda	67	AGE67	8028	8027_HenryFonda_67_m
72	HenryFonda	55	AGE55	8024	8023_HenryFonda_55_m
72	HenryFonda	40	AGE40	8032	8031_HenryFonda_40_m
72	HenryFonda	35	AGE35	8019	8018_HenryFonda_35_m
72	HenryFonda	63	AGE63	8026	8025_HenryFonda_63_m
72	HenryFonda	63	AGE63	8027	8026_HenryFonda_63_m
72	HenryFonda	52	AGE52	8023	8022_HenryFonda_52_m
72	HenryFonda	58	AGE58	8025	8024_HenryFonda_58_m
72	HenryFonda	73	AGE73	8030	8029_HenryFonda_73_m
72	HenryFonda	72	AGE72	8031	8030_HenryFonda_72_m
72	HenryFonda	68	AGE68	8029	8028_HenryFonda_68_m
73	DyanCannon	25	AGE25	15250	15249_DyanCannon_25_f
73	DyanCannon	70	AGE70	15280	15279_DyanCannon_70_f
73	DyanCannon	40	AGE40	15261	15260_DyanCannon_40_f
73	DyanCannon	68	AGE68	15278	15277_DyanCannon_68_f
73	DyanCannon	63	AGE63	15273	15272_DyanCannon_63_f
73	DyanCannon	45	AGE45	15266	15265_DyanCannon_45_f
73	DyanCannon	31	AGE31	15254	15253_DyanCannon_31_f
73	DyanCannon	22	AGE22	15249	15248_DyanCannon_22_f
73	DyanCannon	32	AGE32	15290	15289_DyanCannon_32_f
73	DyanCannon	20	AGE20	15248	15247_DyanCannon_20_f
73	DyanCannon	72	AGE72	15282	15281_DyanCannon_72_f
73	DyanCannon	71	AGE71	15281	15280_DyanCannon_71_f
73	DyanCannon	46	AGE46	15267	15266_DyanCannon_46_f
73	DyanCannon	32	AGE32	15255	15254_DyanCannon_32_f
73	DyanCannon	65	AGE65	15275	15274_DyanCannon_65_f
73	DyanCannon	55	AGE55	15271	15270_DyanCannon_55_f
73	DyanCannon	35	AGE35	15258	15257_DyanCannon_35_f
73	DyanCannon	43	AGE43	15293	15292_DyanCannon_43_f
73	DyanCannon	30	AGE30	15253	15252_DyanCannon_30_f
73	DyanCannon	58	AGE58	15272	15271_DyanCannon_58_f
73	DyanCannon	41	AGE41	15262	15261_DyanCannon_41_f
73	DyanCannon	31	AGE31	15289	15288_DyanCannon_31_f
73	DyanCannon	67	AGE67	15277	15276_DyanCannon_67_f
73	DyanCannon	29	AGE29	15252	15251_DyanCannon_29_f
73	DyanCannon	38	AGE38	15260	15259_DyanCannon_38_f
73	DyanCannon	66	AGE66	15276	15275_DyanCannon_66_f
73	DyanCannon	69	AGE69	15279	15278_DyanCannon_69_f
73	DyanCannon	28	AGE28	15288	15287_DyanCannon_28_f
73	DyanCannon	40	AGE40	15292	15291_DyanCannon_40_f
73	DyanCannon	43	AGE43	15264	15263_DyanCannon_43_f
73	DyanCannon	73	AGE73	15283	15282_DyanCannon_73_f
73	DyanCannon	76	AGE76	15285	15284_DyanCannon_76_f
73	DyanCannon	45	AGE45	15294	15293_DyanCannon_45_f
73	DyanCannon	34	AGE34	15257	15256_DyanCannon_34_f
73	DyanCannon	51	AGE51	15269	15268_DyanCannon_51_f
73	DyanCannon	42	AGE42	15263	15262_DyanCannon_42_f
73	DyanCannon	26	AGE26	15251	15250_DyanCannon_26_f
73	DyanCannon	48	AGE48	15268	15267_DyanCannon_48_f
73	DyanCannon	34	AGE34	15291	15290_DyanCannon_34_f
73	DyanCannon	75	AGE75	15284	15283_DyanCannon_75_f
73	DyanCannon	33	AGE33	15256	15255_DyanCannon_33_f
73	DyanCannon	36	AGE36	15259	15258_DyanCannon_36_f
73	DyanCannon	64	AGE64	15274	15273_DyanCannon_64_f
73	DyanCannon	44	AGE44	15265	15264_DyanCannon_44_f
73	DyanCannon	78	AGE78	15287	15286_DyanCannon_78_f
73	DyanCannon	53	AGE53	15270	15269_DyanCannon_53_f
73	DyanCannon	77	AGE77	15286	15285_DyanCannon_77_f
74	AnthonyQuayle	76	AGE76	7853	7852_AnthonyQuayle_76_m
74	AnthonyQuayle	52	AGE52	7837	7836_AnthonyQuayle_52_m
74	AnthonyQuayle	22	AGE22	7823	7822_AnthonyQuayle_22_m
74	AnthonyQuayle	53	AGE53	7838	7837_AnthonyQuayle_53_m
74	AnthonyQuayle	39	AGE39	7827	7826_AnthonyQuayle_39_m
74	AnthonyQuayle	57	AGE57	7842	7841_AnthonyQuayle_57_m
74	AnthonyQuayle	58	AGE58	7843	7842_AnthonyQuayle_58_m
74	AnthonyQuayle	42	AGE42	7828	7827_AnthonyQuayle_42_m
74	AnthonyQuayle	75	AGE75	7852	7851_AnthonyQuayle_75_m
74	AnthonyQuayle	66	AGE66	7848	7847_AnthonyQuayle_66_m
74	AnthonyQuayle	56	AGE56	7841	7840_AnthonyQuayle_56_m
74	AnthonyQuayle	32	AGE32	7825	7824_AnthonyQuayle_32_m
74	AnthonyQuayle	70	AGE70	7851	7850_AnthonyQuayle_70_m
74	AnthonyQuayle	69	AGE69	7850	7849_AnthonyQuayle_69_m
74	AnthonyQuayle	49	AGE49	7834	7833_AnthonyQuayle_49_m
74	AnthonyQuayle	47	AGE47	7832	7831_AnthonyQuayle_47_m
74	AnthonyQuayle	44	AGE44	7830	7829_AnthonyQuayle_44_m
74	AnthonyQuayle	48	AGE48	7833	7832_AnthonyQuayle_48_m
74	AnthonyQuayle	35	AGE35	7826	7825_AnthonyQuayle_35_m
74	AnthonyQuayle	43	AGE43	7829	7828_AnthonyQuayle_43_m
74	AnthonyQuayle	61	AGE61	7845	7844_AnthonyQuayle_61_m
74	AnthonyQuayle	54	AGE54	7839	7838_AnthonyQuayle_54_m
74	AnthonyQuayle	51	AGE51	7836	7835_AnthonyQuayle_51_m
74	AnthonyQuayle	67	AGE67	7849	7848_AnthonyQuayle_67_m
74	AnthonyQuayle	50	AGE50	7835	7834_AnthonyQuayle_50_m
74	AnthonyQuayle	60	AGE60	7844	7843_AnthonyQuayle_60_m
74	AnthonyQuayle	64	AGE64	7847	7846_AnthonyQuayle_64_m
74	AnthonyQuayle	46	AGE46	7831	7830_AnthonyQuayle_46_m
74	AnthonyQuayle	25	AGE25	7824	7823_AnthonyQuayle_25_m
74	AnthonyQuayle	63	AGE63	7846	7845_AnthonyQuayle_63_m
74	AnthonyQuayle	55	AGE55	7840	7839_AnthonyQuayle_55_m
75	EllenBurstyn	70	AGE70	10990	10989_EllenBurstyn_70_f
75	EllenBurstyn	69	AGE69	11014	11013_EllenBurstyn_69_f
75	EllenBurstyn	32	AGE32	10993	10992_EllenBurstyn_32_f
75	EllenBurstyn	45	AGE45	10999	10998_EllenBurstyn_45_f
75	EllenBurstyn	64	AGE64	11010	11009_EllenBurstyn_64_f
75	EllenBurstyn	75	AGE75	11017	11016_EllenBurstyn_75_f
75	EllenBurstyn	52	AGE52	11003	11002_EllenBurstyn_52_f
75	EllenBurstyn	33	AGE33	11022	11021_EllenBurstyn_33_f
75	EllenBurstyn	24	AGE24	11024	11023_EllenBurstyn_24_f
75	EllenBurstyn	18	AGE18	10992	10991_EllenBurstyn_18_f
75	EllenBurstyn	38	AGE38	10995	10994_EllenBurstyn_38_f
75	EllenBurstyn	77	AGE77	11019	11018_EllenBurstyn_77_f
75	EllenBurstyn	54	AGE54	11004	11003_EllenBurstyn_54_f
75	EllenBurstyn	63	AGE63	11008	11007_EllenBurstyn_63_f
75	EllenBurstyn	31	AGE31	10991	10990_EllenBurstyn_31_f
75	EllenBurstyn	72	AGE72	11016	11015_EllenBurstyn_72_f
75	EllenBurstyn	61	AGE61	11006	11005_EllenBurstyn_61_f
75	EllenBurstyn	71	AGE71	11023	11022_EllenBurstyn_71_f
75	EllenBurstyn	81	AGE81	11020	11019_EllenBurstyn_81_f
75	EllenBurstyn	41	AGE41	10997	10996_EllenBurstyn_41_f
75	EllenBurstyn	39	AGE39	10996	10995_EllenBurstyn_39_f
75	EllenBurstyn	42	AGE42	10998	10997_EllenBurstyn_42_f
75	EllenBurstyn	49	AGE49	11002	11001_EllenBurstyn_49_f
75	EllenBurstyn	55	AGE55	11005	11004_EllenBurstyn_55_f
75	EllenBurstyn	53	AGE53	11000	10999_EllenBurstyn_53_f
75	EllenBurstyn	37	AGE37	10994	10993_EllenBurstyn_37_f
75	EllenBurstyn	82	AGE82	11021	11020_EllenBurstyn_82_f
75	EllenBurstyn	68	AGE68	11012	11011_EllenBurstyn_68_f
75	EllenBurstyn	66	AGE66	11011	11010_EllenBurstyn_66_f
75	EllenBurstyn	46	AGE46	11001	11000_EllenBurstyn_46_f
75	EllenBurstyn	70	AGE70	11015	11014_EllenBurstyn_70_f
75	EllenBurstyn	64	AGE64	11009	11008_EllenBurstyn_64_f
75	EllenBurstyn	76	AGE76	11018	11017_EllenBurstyn_76_f
75	EllenBurstyn	62	AGE62	11007	11006_EllenBurstyn_62_f
75	EllenBurstyn	68	AGE68	11013	11012_EllenBurstyn_68_f
76	HarveyKeitel	44	AGE44	4190	4189_HarveyKeitel_44_m
76	HarveyKeitel	57	AGE57	4198	4197_HarveyKeitel_57_m
76	HarveyKeitel	50	AGE50	4194	4193_HarveyKeitel_50_m
76	HarveyKeitel	39	AGE39	4187	4186_HarveyKeitel_39_m
76	HarveyKeitel	64	AGE64	4204	4203_HarveyKeitel_64_m
76	HarveyKeitel	43	AGE43	4189	4188_HarveyKeitel_43_m
76	HarveyKeitel	52	AGE52	4196	4195_HarveyKeitel_52_m
76	HarveyKeitel	31	AGE31	4183	4182_HarveyKeitel_31_m
76	HarveyKeitel	48	AGE48	4193	4192_HarveyKeitel_48_m
76	HarveyKeitel	51	AGE51	4195	4194_HarveyKeitel_51_m
76	HarveyKeitel	62	AGE62	4202	4201_HarveyKeitel_62_m
76	HarveyKeitel	67	AGE67	4208	4207_HarveyKeitel_67_m
76	HarveyKeitel	45	AGE45	4191	4190_HarveyKeitel_45_m
76	HarveyKeitel	73	AGE73	4212	4211_HarveyKeitel_73_m
76	HarveyKeitel	41	AGE41	4188	4187_HarveyKeitel_41_m
76	HarveyKeitel	36	AGE36	4184	4183_HarveyKeitel_36_m
76	HarveyKeitel	56	AGE56	4197	4196_HarveyKeitel_56_m
76	HarveyKeitel	61	AGE61	4201	4200_HarveyKeitel_61_m
76	HarveyKeitel	63	AGE63	4203	4202_HarveyKeitel_63_m
76	HarveyKeitel	65	AGE65	4206	4205_HarveyKeitel_65_m
76	HarveyKeitel	39	AGE39	4186	4185_HarveyKeitel_39_m
76	HarveyKeitel	37	AGE37	4185	4184_HarveyKeitel_37_m
76	HarveyKeitel	69	AGE69	4211	4210_HarveyKeitel_69_m
76	HarveyKeitel	68	AGE68	4209	4208_HarveyKeitel_68_m
76	HarveyKeitel	47	AGE47	4192	4191_HarveyKeitel_47_m
76	HarveyKeitel	68	AGE68	4210	4209_HarveyKeitel_68_m
76	HarveyKeitel	65	AGE65	4205	4204_HarveyKeitel_65_m
76	HarveyKeitel	28	AGE28	4181	4180_HarveyKeitel_28_m
76	HarveyKeitel	61	AGE61	4200	4199_HarveyKeitel_61_m
76	HarveyKeitel	58	AGE58	4199	4198_HarveyKeitel_58_m
76	HarveyKeitel	30	AGE30	4182	4181_HarveyKeitel_30_m
76	HarveyKeitel	66	AGE66	4207	4206_HarveyKeitel_66_m
77	RobertRyan	61	AGE61	7580	7579_RobertRyan_61_m
77	RobertRyan	35	AGE35	7564	7563_RobertRyan_35_m
77	RobertRyan	37	AGE37	7566	7565_RobertRyan_37_m
77	RobertRyan	39	AGE39	7568	7567_RobertRyan_39_m
77	RobertRyan	52	AGE52	7584	7583_RobertRyan_52_m
77	RobertRyan	32	AGE32	7562	7561_RobertRyan_32_m
77	RobertRyan	60	AGE60	7579	7578_RobertRyan_60_m
77	RobertRyan	38	AGE38	7567	7566_RobertRyan_38_m
77	RobertRyan	42	AGE42	7576	7575_RobertRyan_42_m
77	RobertRyan	51	AGE51	7577	7576_RobertRyan_51_m
77	RobertRyan	40	AGE40	7569	7568_RobertRyan_40_m
77	RobertRyan	44	AGE44	7571	7570_RobertRyan_44_m
77	RobertRyan	63	AGE63	7575	7574_RobertRyan_63_m
77	RobertRyan	62	AGE62	7581	7580_RobertRyan_62_m
77	RobertRyan	33	AGE33	7563	7562_RobertRyan_33_m
77	RobertRyan	43	AGE43	7570	7569_RobertRyan_43_m
77	RobertRyan	57	AGE57	7578	7577_RobertRyan_57_m
77	RobertRyan	36	AGE36	7565	7564_RobertRyan_36_m
77	RobertRyan	64	AGE64	7582	7581_RobertRyan_64_m
77	RobertRyan	53	AGE53	7573	7572_RobertRyan_53_m
77	RobertRyan	57	AGE57	7574	7573_RobertRyan_57_m
77	RobertRyan	41	AGE41	7583	7582_RobertRyan_41_m
77	RobertRyan	50	AGE50	7572	7571_RobertRyan_50_m
77	RobertRyan	54	AGE54	7585	7584_RobertRyan_54_m
78	JamesBest	55	AGE55	1959	1958_JamesBest_55_m
78	JamesBest	82	AGE82	1972	1971_JamesBest_82_m
78	JamesBest	80	AGE80	1970	1969_JamesBest_80_m
78	JamesBest	37	AGE37	1951	1950_JamesBest_37_m
78	JamesBest	86	AGE86	1975	1974_JamesBest_86_m
78	JamesBest	81	AGE81	1971	1970_JamesBest_81_m
78	JamesBest	34	AGE34	1948	1947_JamesBest_34_m
78	JamesBest	79	AGE79	1969	1968_JamesBest_79_m
78	JamesBest	52	AGE52	1957	1956_JamesBest_52_m
78	JamesBest	26	AGE26	1943	1942_JamesBest_26_m
78	JamesBest	29	AGE29	1944	1943_JamesBest_29_m
78	JamesBest	41	AGE41	1954	1953_JamesBest_41_m
78	JamesBest	68	AGE68	1963	1962_JamesBest_68_m
78	JamesBest	64	AGE64	1962	1961_JamesBest_64_m
78	JamesBest	87	AGE87	1976	1975_JamesBest_87_m
78	JamesBest	74	AGE74	1965	1964_JamesBest_74_m
78	JamesBest	60	AGE60	1961	1960_JamesBest_60_m
78	JamesBest	75	AGE75	1966	1965_JamesBest_75_m
78	JamesBest	39	AGE39	1953	1952_JamesBest_39_m
78	JamesBest	85	AGE85	1974	1973_JamesBest_85_m
78	JamesBest	71	AGE71	1964	1963_JamesBest_71_m
78	JamesBest	24	AGE24	1942	1941_JamesBest_24_m
78	JamesBest	33	AGE33	1947	1946_JamesBest_33_m
78	JamesBest	53	AGE53	1958	1957_JamesBest_53_m
78	JamesBest	44	AGE44	1955	1954_JamesBest_44_m
78	JamesBest	31	AGE31	1945	1944_JamesBest_31_m
78	JamesBest	32	AGE32	1946	1945_JamesBest_32_m
78	JamesBest	76	AGE76	1967	1966_JamesBest_76_m
78	JamesBest	38	AGE38	1952	1951_JamesBest_38_m
78	JamesBest	57	AGE57	1960	1959_JamesBest_57_m
78	JamesBest	78	AGE78	1968	1967_JamesBest_78_m
78	JamesBest	88	AGE88	1977	1976_JamesBest_88_m
78	JamesBest	36	AGE36	1950	1949_JamesBest_36_m
78	JamesBest	84	AGE84	1973	1972_JamesBest_84_m
78	JamesBest	35	AGE35	1949	1948_JamesBest_35_m
78	JamesBest	49	AGE49	1956	1955_JamesBest_49_m
79	JudyDavis	28	AGE28	9850	9849_JudyDavis_28_f
79	JudyDavis	52	AGE52	9838	9837_JudyDavis_52_f
79	JudyDavis	37	AGE37	9830	9829_JudyDavis_37_f
79	JudyDavis	24	AGE24	9824	9823_JudyDavis_24_f
79	JudyDavis	54	AGE54	9839	9838_JudyDavis_54_f
79	JudyDavis	42	AGE42	9833	9832_JudyDavis_42_f
79	JudyDavis	28	AGE28	9847	9846_JudyDavis_28_f
79	JudyDavis	46	AGE46	9835	9834_JudyDavis_46_f
79	JudyDavis	45	AGE45	9845	9844_JudyDavis_45_f
79	JudyDavis	32	AGE32	9827	9826_JudyDavis_32_f
79	JudyDavis	48	AGE48	9837	9836_JudyDavis_48_f
79	JudyDavis	33	AGE33	9844	9843_JudyDavis_33_f
79	JudyDavis	57	AGE57	9840	9839_JudyDavis_57_f
79	JudyDavis	55	AGE55	9842	9841_JudyDavis_55_f
79	JudyDavis	36	AGE36	9829	9828_JudyDavis_36_f
79	JudyDavis	40	AGE40	9849	9848_JudyDavis_40_f
79	JudyDavis	31	AGE31	9826	9825_JudyDavis_31_f
79	JudyDavis	27	AGE27	9825	9824_JudyDavis_27_f
79	JudyDavis	36	AGE36	9828	9827_JudyDavis_36_f
79	JudyDavis	47	AGE47	9836	9835_JudyDavis_47_f
79	JudyDavis	58	AGE58	9841	9840_JudyDavis_58_f
79	JudyDavis	38	AGE38	9846	9845_JudyDavis_38_f
79	JudyDavis	41	AGE41	9832	9831_JudyDavis_41_f
79	JudyDavis	43	AGE43	9834	9833_JudyDavis_43_f
79	JudyDavis	45	AGE45	9843	9842_JudyDavis_45_f
79	JudyDavis	39	AGE39	9831	9830_JudyDavis_39_f
79	JudyDavis	38	AGE38	9848	9847_JudyDavis_38_f
80	KathrynGrayson	46	AGE46	15685	15684_KathrynGrayson_46_f
80	KathrynGrayson	34	AGE34	15679	15678_KathrynGrayson_34_f
80	KathrynGrayson	52	AGE52	15688	15687_KathrynGrayson_52_f
80	KathrynGrayson	75	AGE75	15697	15696_KathrynGrayson_75_f
80	KathrynGrayson	69	AGE69	15694	15693_KathrynGrayson_69_f
80	KathrynGrayson	29	AGE29	15674	15673_KathrynGrayson_29_f
80	KathrynGrayson	73	AGE73	15696	15695_KathrynGrayson_73_f
80	KathrynGrayson	19	AGE19	15664	15663_KathrynGrayson_19_f
80	KathrynGrayson	20	AGE20	15665	15664_KathrynGrayson_20_f
80	KathrynGrayson	31	AGE31	15676	15675_KathrynGrayson_31_f
80	KathrynGrayson	43	AGE43	15683	15682_KathrynGrayson_43_f
80	KathrynGrayson	25	AGE25	15670	15669_KathrynGrayson_25_f
80	KathrynGrayson	40	AGE40	15682	15681_KathrynGrayson_40_f
80	KathrynGrayson	32	AGE32	15677	15676_KathrynGrayson_32_f
80	KathrynGrayson	24	AGE24	15669	15668_KathrynGrayson_24_f
80	KathrynGrayson	28	AGE28	15673	15672_KathrynGrayson_28_f
80	KathrynGrayson	70	AGE70	15695	15694_KathrynGrayson_70_f
80	KathrynGrayson	33	AGE33	15678	15677_KathrynGrayson_33_f
80	KathrynGrayson	47	AGE47	15686	15685_KathrynGrayson_47_f
80	KathrynGrayson	62	AGE62	15691	15690_KathrynGrayson_62_f
80	KathrynGrayson	80	AGE80	15698	15697_KathrynGrayson_80_f
80	KathrynGrayson	35	AGE35	15680	15679_KathrynGrayson_35_f
80	KathrynGrayson	68	AGE68	15693	15692_KathrynGrayson_68_f
80	KathrynGrayson	66	AGE66	15692	15691_KathrynGrayson_66_f
80	KathrynGrayson	38	AGE38	15681	15680_KathrynGrayson_38_f
80	KathrynGrayson	45	AGE45	15684	15683_KathrynGrayson_45_f
80	KathrynGrayson	22	AGE22	15667	15666_KathrynGrayson_22_f
80	KathrynGrayson	81	AGE81	15699	15698_KathrynGrayson_81_f
80	KathrynGrayson	27	AGE27	15672	15671_KathrynGrayson_27_f
80	KathrynGrayson	26	AGE26	15671	15670_KathrynGrayson_26_f
80	KathrynGrayson	51	AGE51	15687	15686_KathrynGrayson_51_f
80	KathrynGrayson	23	AGE23	15668	15667_KathrynGrayson_23_f
80	KathrynGrayson	82	AGE82	15700	15699_KathrynGrayson_82_f
80	KathrynGrayson	58	AGE58	15690	15689_KathrynGrayson_58_f
80	KathrynGrayson	30	AGE30	15675	15674_KathrynGrayson_30_f
80	KathrynGrayson	21	AGE21	15666	15665_KathrynGrayson_21_f
80	KathrynGrayson	53	AGE53	15689	15688_KathrynGrayson_53_f
81	EdwigeFenech	32	AGE32	15305	15304_EdwigeFenech_32_f
81	EdwigeFenech	42	AGE42	15314	15313_EdwigeFenech_42_f
81	EdwigeFenech	23	AGE23	15298	15297_EdwigeFenech_23_f
81	EdwigeFenech	54	AGE54	15322	15321_EdwigeFenech_54_f
81	EdwigeFenech	57	AGE57	15324	15323_EdwigeFenech_57_f
81	EdwigeFenech	28	AGE28	15301	15300_EdwigeFenech_28_f
81	EdwigeFenech	31	AGE31	15304	15303_EdwigeFenech_31_f
81	EdwigeFenech	59	AGE59	15326	15325_EdwigeFenech_59_f
81	EdwigeFenech	30	AGE30	15303	15302_EdwigeFenech_30_f
81	EdwigeFenech	61	AGE61	15328	15327_EdwigeFenech_61_f
81	EdwigeFenech	36	AGE36	15309	15308_EdwigeFenech_36_f
81	EdwigeFenech	64	AGE64	15332	15331_EdwigeFenech_64_f
81	EdwigeFenech	47	AGE47	15317	15316_EdwigeFenech_47_f
81	EdwigeFenech	49	AGE49	15319	15318_EdwigeFenech_49_f
81	EdwigeFenech	27	AGE27	15300	15299_EdwigeFenech_27_f
81	EdwigeFenech	61	AGE61	15329	15328_EdwigeFenech_61_f
81	EdwigeFenech	29	AGE29	15302	15301_EdwigeFenech_29_f
81	EdwigeFenech	60	AGE60	15327	15326_EdwigeFenech_60_f
81	EdwigeFenech	20	AGE20	15295	15294_EdwigeFenech_20_f
81	EdwigeFenech	63	AGE63	15331	15330_EdwigeFenech_63_f
81	EdwigeFenech	44	AGE44	15315	15314_EdwigeFenech_44_f
81	EdwigeFenech	58	AGE58	15325	15324_EdwigeFenech_58_f
81	EdwigeFenech	33	AGE33	15306	15305_EdwigeFenech_33_f
81	EdwigeFenech	21	AGE21	15296	15295_EdwigeFenech_21_f
81	EdwigeFenech	40	AGE40	15312	15311_EdwigeFenech_40_f
81	EdwigeFenech	35	AGE35	15308	15307_EdwigeFenech_35_f
81	EdwigeFenech	39	AGE39	15311	15310_EdwigeFenech_39_f
81	EdwigeFenech	38	AGE38	15310	15309_EdwigeFenech_38_f
81	EdwigeFenech	53	AGE53	15321	15320_EdwigeFenech_53_f
81	EdwigeFenech	48	AGE48	15318	15317_EdwigeFenech_48_f
81	EdwigeFenech	56	AGE56	15323	15322_EdwigeFenech_56_f
81	EdwigeFenech	34	AGE34	15307	15306_EdwigeFenech_34_f
81	EdwigeFenech	41	AGE41	15313	15312_EdwigeFenech_41_f
81	EdwigeFenech	22	AGE22	15297	15296_EdwigeFenech_22_f
81	EdwigeFenech	46	AGE46	15316	15315_EdwigeFenech_46_f
81	EdwigeFenech	51	AGE51	15320	15319_EdwigeFenech_51_f
81	EdwigeFenech	62	AGE62	15330	15329_EdwigeFenech_62_f
81	EdwigeFenech	25	AGE25	15299	15298_EdwigeFenech_25_f
82	MarcelloMastroianni	71	AGE71	9609	9608_MarcelloMastroianni_71_m
82	MarcelloMastroianni	63	AGE63	9602	9601_MarcelloMastroianni_63_m
82	MarcelloMastroianni	34	AGE34	9577	9576_MarcelloMastroianni_34_m
82	MarcelloMastroianni	38	AGE38	9580	9579_MarcelloMastroianni_38_m
82	MarcelloMastroianni	48	AGE48	9590	9589_MarcelloMastroianni_48_m
82	MarcelloMastroianni	16	AGE16	9566	9565_MarcelloMastroianni_16_m
82	MarcelloMastroianni	70	AGE70	9608	9607_MarcelloMastroianni_70_m
82	MarcelloMastroianni	52	AGE52	9593	9592_MarcelloMastroianni_52_m
82	MarcelloMastroianni	62	AGE62	9601	9600_MarcelloMastroianni_62_m
82	MarcelloMastroianni	35	AGE35	9578	9577_MarcelloMastroianni_35_m
82	MarcelloMastroianni	47	AGE47	9589	9588_MarcelloMastroianni_47_m
82	MarcelloMastroianni	61	AGE61	9600	9599_MarcelloMastroianni_61_m
82	MarcelloMastroianni	66	AGE66	9604	9603_MarcelloMastroianni_66_m
82	MarcelloMastroianni	46	AGE46	9587	9586_MarcelloMastroianni_46_m
82	MarcelloMastroianni	33	AGE33	9576	9575_MarcelloMastroianni_33_m
82	MarcelloMastroianni	68	AGE68	9606	9605_MarcelloMastroianni_68_m
82	MarcelloMastroianni	56	AGE56	9596	9595_MarcelloMastroianni_56_m
82	MarcelloMastroianni	49	AGE49	9591	9590_MarcelloMastroianni_49_m
82	MarcelloMastroianni	41	AGE41	9583	9582_MarcelloMastroianni_41_m
82	MarcelloMastroianni	46	AGE46	9588	9587_MarcelloMastroianni_46_m
82	MarcelloMastroianni	67	AGE67	9605	9604_MarcelloMastroianni_67_m
82	MarcelloMastroianni	18	AGE18	9567	9566_MarcelloMastroianni_18_m
82	MarcelloMastroianni	54	AGE54	9595	9594_MarcelloMastroianni_54_m
82	MarcelloMastroianni	42	AGE42	9584	9583_MarcelloMastroianni_42_m
82	MarcelloMastroianni	39	AGE39	9581	9580_MarcelloMastroianni_39_m
82	MarcelloMastroianni	50	AGE50	9592	9591_MarcelloMastroianni_50_m
82	MarcelloMastroianni	30	AGE30	9573	9572_MarcelloMastroianni_30_m
82	MarcelloMastroianni	44	AGE44	9586	9585_MarcelloMastroianni_44_m
82	MarcelloMastroianni	32	AGE32	9575	9574_MarcelloMastroianni_32_m
82	MarcelloMastroianni	65	AGE65	9603	9602_MarcelloMastroianni_65_m
82	MarcelloMastroianni	29	AGE29	9572	9571_MarcelloMastroianni_29_m
82	MarcelloMastroianni	31	AGE31	9574	9573_MarcelloMastroianni_31_m
82	MarcelloMastroianni	28	AGE28	9571	9570_MarcelloMastroianni_28_m
82	MarcelloMastroianni	40	AGE40	9582	9581_MarcelloMastroianni_40_m
82	MarcelloMastroianni	26	AGE26	9569	9568_MarcelloMastroianni_26_m
82	MarcelloMastroianni	59	AGE59	9599	9598_MarcelloMastroianni_59_m
82	MarcelloMastroianni	43	AGE43	9585	9584_MarcelloMastroianni_43_m
82	MarcelloMastroianni	69	AGE69	9607	9606_MarcelloMastroianni_69_m
82	MarcelloMastroianni	57	AGE57	9597	9596_MarcelloMastroianni_57_m
82	MarcelloMastroianni	72	AGE72	9610	9609_MarcelloMastroianni_72_m
82	MarcelloMastroianni	58	AGE58	9598	9597_MarcelloMastroianni_58_m
82	MarcelloMastroianni	27	AGE27	9570	9569_MarcelloMastroianni_27_m
82	MarcelloMastroianni	36	AGE36	9579	9578_MarcelloMastroianni_36_m
82	MarcelloMastroianni	24	AGE24	9568	9567_MarcelloMastroianni_24_m
82	MarcelloMastroianni	53	AGE53	9594	9593_MarcelloMastroianni_53_m
82	MarcelloMastroianni	72	AGE72	9611	9610_MarcelloMastroianni_72_m
83	AlPacino	62	AGE62	1623	1622_AlPacino_62_m
83	AlPacino	70	AGE70	1634	1633_AlPacino_70_m
83	AlPacino	50	AGE50	1633	1632_AlPacino_50_m
83	AlPacino	30	AGE30	1626	1625_AlPacino_30_m
83	AlPacino	48	AGE48	1627	1626_AlPacino_48_m
83	AlPacino	33	AGE33	1635	1634_AlPacino_33_m
83	AlPacino	45	AGE45	1621	1620_AlPacino_45_m
83	AlPacino	47	AGE47	1637	1636_AlPacino_47_m
83	AlPacino	50	AGE50	1629	1628_AlPacino_50_m
83	AlPacino	35	AGE35	1630	1629_AlPacino_35_m
83	AlPacino	70	AGE70	1641	1640_AlPacino_70_m
83	AlPacino	39	AGE39	1632	1631_AlPacino_39_m
83	AlPacino	58	AGE58	1622	1621_AlPacino_58_m
83	AlPacino	48	AGE48	1645	1644_AlPacino_48_m
83	AlPacino	25	AGE25	1636	1635_AlPacino_25_m
83	AlPacino	50	AGE50	1638	1637_AlPacino_50_m
83	AlPacino	65	AGE65	1625	1624_AlPacino_65_m
83	AlPacino	20	AGE20	1619	1618_AlPacino_20_m
83	AlPacino	22	AGE22	1620	1619_AlPacino_22_m
83	AlPacino	18	AGE18	1639	1638_AlPacino_18_m
83	AlPacino	63	AGE63	1640	1639_AlPacino_63_m
83	AlPacino	68	AGE68	1624	1623_AlPacino_68_m
83	AlPacino	45	AGE45	1628	1627_AlPacino_45_m
83	AlPacino	50	AGE50	1644	1643_AlPacino_50_m
83	AlPacino	68	AGE68	1642	1641_AlPacino_68_m
83	AlPacino	28	AGE28	1631	1630_AlPacino_28_m
83	AlPacino	65	AGE65	1643	1642_AlPacino_65_m
84	AngelaLansbury	53	AGE53	11968	11967_AngelaLansbury_53_f
84	AngelaLansbury	22	AGE22	11950	11949_AngelaLansbury_22_f
84	AngelaLansbury	28	AGE28	11955	11954_AngelaLansbury_28_f
84	AngelaLansbury	84	AGE84	11988	11987_AngelaLansbury_84_f
84	AngelaLansbury	29	AGE29	11956	11955_AngelaLansbury_29_f
84	AngelaLansbury	71	AGE71	11981	11980_AngelaLansbury_71_f
84	AngelaLansbury	67	AGE67	11978	11977_AngelaLansbury_67_f
84	AngelaLansbury	82	AGE82	11987	11986_AngelaLansbury_82_f
84	AngelaLansbury	40	AGE40	11962	11961_AngelaLansbury_40_f
84	AngelaLansbury	32	AGE32	11958	11957_AngelaLansbury_32_f
84	AngelaLansbury	80	AGE80	11985	11984_AngelaLansbury_80_f
84	AngelaLansbury	68	AGE68	11979	11978_AngelaLansbury_68_f
84	AngelaLansbury	20	AGE20	11949	11948_AngelaLansbury_20_f
84	AngelaLansbury	25	AGE25	11952	11951_AngelaLansbury_25_f
84	AngelaLansbury	85	AGE85	11989	11988_AngelaLansbury_85_f
84	AngelaLansbury	81	AGE81	11986	11985_AngelaLansbury_81_f
84	AngelaLansbury	50	AGE50	11966	11965_AngelaLansbury_50_f
84	AngelaLansbury	55	AGE55	11969	11968_AngelaLansbury_55_f
84	AngelaLansbury	61	AGE61	11973	11972_AngelaLansbury_61_f
84	AngelaLansbury	65	AGE65	11976	11975_AngelaLansbury_65_f
84	AngelaLansbury	66	AGE66	11977	11976_AngelaLansbury_66_f
84	AngelaLansbury	45	AGE45	11964	11963_AngelaLansbury_45_f
84	AngelaLansbury	63	AGE63	11974	11973_AngelaLansbury_63_f
84	AngelaLansbury	46	AGE46	11965	11964_AngelaLansbury_46_f
84	AngelaLansbury	60	AGE60	11972	11971_AngelaLansbury_60_f
84	AngelaLansbury	19	AGE19	11948	11947_AngelaLansbury_19_f
84	AngelaLansbury	41	AGE41	11963	11962_AngelaLansbury_41_f
84	AngelaLansbury	64	AGE64	11975	11974_AngelaLansbury_64_f
84	AngelaLansbury	51	AGE51	11967	11966_AngelaLansbury_51_f
84	AngelaLansbury	59	AGE59	11971	11970_AngelaLansbury_59_f
84	AngelaLansbury	87	AGE87	11990	11989_AngelaLansbury_87_f
84	AngelaLansbury	27	AGE27	11954	11953_AngelaLansbury_27_f
84	AngelaLansbury	26	AGE26	11953	11952_AngelaLansbury_26_f
84	AngelaLansbury	30	AGE30	11957	11956_AngelaLansbury_30_f
84	AngelaLansbury	23	AGE23	11951	11950_AngelaLansbury_23_f
84	AngelaLansbury	35	AGE35	11960	11959_AngelaLansbury_35_f
84	AngelaLansbury	70	AGE70	11980	11979_AngelaLansbury_70_f
84	AngelaLansbury	75	AGE75	11983	11982_AngelaLansbury_75_f
84	AngelaLansbury	58	AGE58	11970	11969_AngelaLansbury_58_f
84	AngelaLansbury	78	AGE78	11984	11983_AngelaLansbury_78_f
84	AngelaLansbury	37	AGE37	11961	11960_AngelaLansbury_37_f
84	AngelaLansbury	33	AGE33	11959	11958_AngelaLansbury_33_f
84	AngelaLansbury	74	AGE74	11982	11981_AngelaLansbury_74_f
85	JodieFoster	13	AGE13	11086	11085_JodieFoster_13_f
85	JodieFoster	31	AGE31	11099	11098_JodieFoster_31_f
85	JodieFoster	28	AGE28	11096	11095_JodieFoster_28_f
85	JodieFoster	35	AGE35	11103	11102_JodieFoster_35_f
85	JodieFoster	20	AGE20	11091	11090_JodieFoster_20_f
85	JodieFoster	17	AGE17	11089	11088_JodieFoster_17_f
85	JodieFoster	30	AGE30	11098	11097_JodieFoster_30_f
85	JodieFoster	29	AGE29	11097	11096_JodieFoster_29_f
85	JodieFoster	32	AGE32	11100	11099_JodieFoster_32_f
85	JodieFoster	48	AGE48	11112	11111_JodieFoster_48_f
85	JodieFoster	14	AGE14	11087	11086_JodieFoster_14_f
85	JodieFoster	34	AGE34	11102	11101_JodieFoster_34_f
85	JodieFoster	36	AGE36	11104	11103_JodieFoster_36_f
85	JodieFoster	12	AGE12	11085	11084_JodieFoster_12_f
85	JodieFoster	44	AGE44	11108	11107_JodieFoster_44_f
85	JodieFoster	18	AGE18	11090	11089_JodieFoster_18_f
85	JodieFoster	27	AGE27	11095	11094_JodieFoster_27_f
85	JodieFoster	24	AGE24	11093	11092_JodieFoster_24_f
85	JodieFoster	39	AGE39	11105	11104_JodieFoster_39_f
85	JodieFoster	46	AGE46	11110	11109_JodieFoster_46_f
85	JodieFoster	11	AGE11	11084	11083_JodieFoster_11_f
85	JodieFoster	47	AGE47	11111	11110_JodieFoster_47_f
85	JodieFoster	33	AGE33	11101	11100_JodieFoster_33_f
85	JodieFoster	15	AGE15	11088	11087_JodieFoster_15_f
85	JodieFoster	21	AGE21	11092	11091_JodieFoster_21_f
85	JodieFoster	45	AGE45	11109	11108_JodieFoster_45_f
85	JodieFoster	40	AGE40	11106	11105_JodieFoster_40_f
85	JodieFoster	43	AGE43	11107	11106_JodieFoster_43_f
85	JodieFoster	26	AGE26	11094	11093_JodieFoster_26_f
86	MarietteHartley	33	AGE33	10282	10281_MarietteHartley_33_f
86	MarietteHartley	39	AGE39	10287	10286_MarietteHartley_39_f
86	MarietteHartley	28	AGE28	10278	10277_MarietteHartley_28_f
86	MarietteHartley	37	AGE37	10285	10284_MarietteHartley_37_f
86	MarietteHartley	41	AGE41	10288	10287_MarietteHartley_41_f
86	MarietteHartley	31	AGE31	10280	10279_MarietteHartley_31_f
86	MarietteHartley	56	AGE56	10297	10296_MarietteHartley_56_f
86	MarietteHartley	45	AGE45	10292	10291_MarietteHartley_45_f
86	MarietteHartley	49	AGE49	10294	10293_MarietteHartley_49_f
86	MarietteHartley	43	AGE43	10290	10289_MarietteHartley_43_f
86	MarietteHartley	59	AGE59	10298	10297_MarietteHartley_59_f
86	MarietteHartley	62	AGE62	10301	10300_MarietteHartley_62_f
86	MarietteHartley	55	AGE55	10296	10295_MarietteHartley_55_f
86	MarietteHartley	44	AGE44	10291	10290_MarietteHartley_44_f
86	MarietteHartley	67	AGE67	10303	10302_MarietteHartley_67_f
86	MarietteHartley	38	AGE38	10286	10285_MarietteHartley_38_f
86	MarietteHartley	73	AGE73	10304	10303_MarietteHartley_73_f
86	MarietteHartley	53	AGE53	10295	10294_MarietteHartley_53_f
86	MarietteHartley	22	AGE22	10273	10272_MarietteHartley_22_f
86	MarietteHartley	25	AGE25	10277	10276_MarietteHartley_25_f
86	MarietteHartley	60	AGE60	10299	10298_MarietteHartley_60_f
86	MarietteHartley	29	AGE29	10279	10278_MarietteHartley_29_f
86	MarietteHartley	23	AGE23	10275	10274_MarietteHartley_23_f
86	MarietteHartley	42	AGE42	10289	10288_MarietteHartley_42_f
86	MarietteHartley	65	AGE65	10302	10301_MarietteHartley_65_f
86	MarietteHartley	22	AGE22	10274	10273_MarietteHartley_22_f
86	MarietteHartley	21	AGE21	10272	10271_MarietteHartley_21_f
86	MarietteHartley	24	AGE24	10276	10275_MarietteHartley_24_f
86	MarietteHartley	61	AGE61	10300	10299_MarietteHartley_61_f
86	MarietteHartley	47	AGE47	10293	10292_MarietteHartley_47_f
86	MarietteHartley	32	AGE32	10281	10280_MarietteHartley_32_f
86	MarietteHartley	35	AGE35	10284	10283_MarietteHartley_35_f
86	MarietteHartley	34	AGE34	10283	10282_MarietteHartley_34_f
87	JPaulGetty	82	AGE82	389	388_JPaulGetty_82_m
87	JPaulGetty	55	AGE55	393	392_JPaulGetty_55_m
87	JPaulGetty	74	AGE74	396	395_JPaulGetty_74_m
87	JPaulGetty	52	AGE52	391	390_JPaulGetty_52_m
87	JPaulGetty	78	AGE78	390	389_JPaulGetty_78_m
87	JPaulGetty	80	AGE80	395	394_JPaulGetty_80_m
87	JPaulGetty	53	AGE53	392	391_JPaulGetty_53_m
88	StacyKeach	70	AGE70	3833	3832_StacyKeach_70_m
88	StacyKeach	29	AGE29	3800	3799_StacyKeach_29_m
88	StacyKeach	52	AGE52	3817	3816_StacyKeach_52_m
88	StacyKeach	31	AGE31	3802	3801_StacyKeach_31_m
88	StacyKeach	57	AGE57	3822	3821_StacyKeach_57_m
88	StacyKeach	69	AGE69	3832	3831_StacyKeach_69_m
88	StacyKeach	56	AGE56	3821	3820_StacyKeach_56_m
88	StacyKeach	49	AGE49	3816	3815_StacyKeach_49_m
88	StacyKeach	31	AGE31	3803	3802_StacyKeach_31_m
88	StacyKeach	41	AGE41	3810	3809_StacyKeach_41_m
88	StacyKeach	42	AGE42	3811	3810_StacyKeach_42_m
88	StacyKeach	35	AGE35	3806	3805_StacyKeach_35_m
88	StacyKeach	53	AGE53	3818	3817_StacyKeach_53_m
88	StacyKeach	55	AGE55	3820	3819_StacyKeach_55_m
88	StacyKeach	43	AGE43	3812	3811_StacyKeach_43_m
88	StacyKeach	33	AGE33	3805	3804_StacyKeach_33_m
88	StacyKeach	62	AGE62	3826	3825_StacyKeach_62_m
88	StacyKeach	72	AGE72	3835	3834_StacyKeach_72_m
88	StacyKeach	54	AGE54	3819	3818_StacyKeach_54_m
88	StacyKeach	30	AGE30	3801	3800_StacyKeach_30_m
88	StacyKeach	46	AGE46	3814	3813_StacyKeach_46_m
88	StacyKeach	71	AGE71	3834	3833_StacyKeach_71_m
88	StacyKeach	17	AGE17	3798	3797_StacyKeach_17_m
88	StacyKeach	36	AGE36	3807	3806_StacyKeach_36_m
88	StacyKeach	39	AGE39	3809	3808_StacyKeach_39_m
88	StacyKeach	65	AGE65	3828	3827_StacyKeach_65_m
88	StacyKeach	59	AGE59	3823	3822_StacyKeach_59_m
88	StacyKeach	32	AGE32	3804	3803_StacyKeach_32_m
88	StacyKeach	27	AGE27	3799	3798_StacyKeach_27_m
88	StacyKeach	66	AGE66	3829	3828_StacyKeach_66_m
88	StacyKeach	67	AGE67	3830	3829_StacyKeach_67_m
88	StacyKeach	37	AGE37	3808	3807_StacyKeach_37_m
88	StacyKeach	73	AGE73	3836	3835_StacyKeach_73_m
88	StacyKeach	47	AGE47	3815	3814_StacyKeach_47_m
88	StacyKeach	61	AGE61	3825	3824_StacyKeach_61_m
88	StacyKeach	60	AGE60	3824	3823_StacyKeach_60_m
88	StacyKeach	44	AGE44	3813	3812_StacyKeach_44_m
88	StacyKeach	68	AGE68	3831	3830_StacyKeach_68_m
88	StacyKeach	64	AGE64	3827	3826_StacyKeach_64_m
89	PatriciaNeal	59	AGE59	13740	13739_PatriciaNeal_59_f
89	PatriciaNeal	31	AGE31	13723	13722_PatriciaNeal_31_f
89	PatriciaNeal	73	AGE73	13743	13742_PatriciaNeal_73_f
89	PatriciaNeal	75	AGE75	13747	13746_PatriciaNeal_75_f
89	PatriciaNeal	18	AGE18	13718	13717_PatriciaNeal_18_f
89	PatriciaNeal	42	AGE42	13731	13730_PatriciaNeal_42_f
89	PatriciaNeal	25	AGE25	13727	13726_PatriciaNeal_25_f
89	PatriciaNeal	42	AGE42	13733	13732_PatriciaNeal_42_f
89	PatriciaNeal	46	AGE46	13736	13735_PatriciaNeal_46_f
89	PatriciaNeal	63	AGE63	13742	13741_PatriciaNeal_63_f
89	PatriciaNeal	60	AGE60	13754	13753_PatriciaNeal_60_f
89	PatriciaNeal	23	AGE23	13719	13718_PatriciaNeal_23_f
89	PatriciaNeal	52	AGE52	13751	13750_PatriciaNeal_52_f
89	PatriciaNeal	27	AGE27	13724	13723_PatriciaNeal_27_f
89	PatriciaNeal	76	AGE76	13749	13748_PatriciaNeal_76_f
89	PatriciaNeal	28	AGE28	13722	13721_PatriciaNeal_28_f
89	PatriciaNeal	84	AGE84	13745	13744_PatriciaNeal_84_f
89	PatriciaNeal	49	AGE49	13752	13751_PatriciaNeal_49_f
89	PatriciaNeal	34	AGE34	13725	13724_PatriciaNeal_34_f
89	PatriciaNeal	47	AGE47	13737	13736_PatriciaNeal_47_f
89	PatriciaNeal	44	AGE44	13734	13733_PatriciaNeal_44_f
89	PatriciaNeal	26	AGE26	13721	13720_PatriciaNeal_26_f
89	PatriciaNeal	24	AGE24	13748	13747_PatriciaNeal_24_f
89	PatriciaNeal	45	AGE45	13735	13734_PatriciaNeal_45_f
89	PatriciaNeal	24	AGE24	13750	13749_PatriciaNeal_24_f
89	PatriciaNeal	35	AGE35	13728	13727_PatriciaNeal_35_f
89	PatriciaNeal	39	AGE39	13730	13729_PatriciaNeal_39_f
89	PatriciaNeal	24	AGE24	13720	13719_PatriciaNeal_24_f
89	PatriciaNeal	68	AGE68	13746	13745_PatriciaNeal_68_f
89	PatriciaNeal	35	AGE35	13726	13725_PatriciaNeal_35_f
89	PatriciaNeal	37	AGE37	13729	13728_PatriciaNeal_37_f
89	PatriciaNeal	45	AGE45	13753	13752_PatriciaNeal_45_f
89	PatriciaNeal	48	AGE48	13739	13738_PatriciaNeal_48_f
89	PatriciaNeal	23	AGE23	13732	13731_PatriciaNeal_23_f
89	PatriciaNeal	80	AGE80	13744	13743_PatriciaNeal_80_f
89	PatriciaNeal	20	AGE20	13717	13716_PatriciaNeal_20_f
89	PatriciaNeal	62	AGE62	13741	13740_PatriciaNeal_62_f
89	PatriciaNeal	47	AGE47	13738	13737_PatriciaNeal_47_f
90	MichelPiccoli	59	AGE59	4767	4766_MichelPiccoli_59_m
90	MichelPiccoli	41	AGE41	4747	4746_MichelPiccoli_41_m
90	MichelPiccoli	72	AGE72	4777	4776_MichelPiccoli_72_m
90	MichelPiccoli	57	AGE57	4765	4764_MichelPiccoli_57_m
90	MichelPiccoli	70	AGE70	4776	4775_MichelPiccoli_70_m
90	MichelPiccoli	31	AGE31	4734	4733_MichelPiccoli_31_m
90	MichelPiccoli	39	AGE39	4744	4743_MichelPiccoli_39_m
90	MichelPiccoli	81	AGE81	4778	4777_MichelPiccoli_81_m
90	MichelPiccoli	51	AGE51	4758	4757_MichelPiccoli_51_m
90	MichelPiccoli	54	AGE54	4761	4760_MichelPiccoli_54_m
90	MichelPiccoli	60	AGE60	4768	4767_MichelPiccoli_60_m
90	MichelPiccoli	66	AGE66	4774	4773_MichelPiccoli_66_m
90	MichelPiccoli	33	AGE33	4736	4735_MichelPiccoli_33_m
90	MichelPiccoli	44	AGE44	4750	4749_MichelPiccoli_44_m
90	MichelPiccoli	36	AGE36	4739	4738_MichelPiccoli_36_m
90	MichelPiccoli	47	AGE47	4753	4752_MichelPiccoli_47_m
90	MichelPiccoli	42	AGE42	4748	4747_MichelPiccoli_42_m
90	MichelPiccoli	43	AGE43	4749	4748_MichelPiccoli_43_m
90	MichelPiccoli	58	AGE58	4766	4765_MichelPiccoli_58_m
90	MichelPiccoli	55	AGE55	4762	4761_MichelPiccoli_55_m
90	MichelPiccoli	50	AGE50	4757	4756_MichelPiccoli_50_m
90	MichelPiccoli	57	AGE57	4764	4763_MichelPiccoli_57_m
90	MichelPiccoli	38	AGE38	4742	4741_MichelPiccoli_38_m
90	MichelPiccoli	38	AGE38	4741	4740_MichelPiccoli_38_m
90	MichelPiccoli	49	AGE49	4755	4754_MichelPiccoli_49_m
90	MichelPiccoli	41	AGE41	4746	4745_MichelPiccoli_41_m
90	MichelPiccoli	52	AGE52	4759	4758_MichelPiccoli_52_m
90	MichelPiccoli	65	AGE65	4773	4772_MichelPiccoli_65_m
90	MichelPiccoli	83	AGE83	4780	4779_MichelPiccoli_83_m
90	MichelPiccoli	37	AGE37	4740	4739_MichelPiccoli_37_m
90	MichelPiccoli	46	AGE46	4752	4751_MichelPiccoli_46_m
90	MichelPiccoli	40	AGE40	4745	4744_MichelPiccoli_40_m
90	MichelPiccoli	53	AGE53	4760	4759_MichelPiccoli_53_m
90	MichelPiccoli	82	AGE82	4779	4778_MichelPiccoli_82_m
90	MichelPiccoli	62	AGE62	4770	4769_MichelPiccoli_62_m
90	MichelPiccoli	50	AGE50	4756	4755_MichelPiccoli_50_m
90	MichelPiccoli	63	AGE63	4771	4770_MichelPiccoli_63_m
90	MichelPiccoli	35	AGE35	4738	4737_MichelPiccoli_35_m
90	MichelPiccoli	56	AGE56	4763	4762_MichelPiccoli_56_m
90	MichelPiccoli	32	AGE32	4735	4734_MichelPiccoli_32_m
90	MichelPiccoli	30	AGE30	4733	4732_MichelPiccoli_30_m
90	MichelPiccoli	45	AGE45	4751	4750_MichelPiccoli_45_m
90	MichelPiccoli	34	AGE34	4737	4736_MichelPiccoli_34_m
90	MichelPiccoli	86	AGE86	4781	4780_MichelPiccoli_86_m
90	MichelPiccoli	66	AGE66	4775	4774_MichelPiccoli_66_m
90	MichelPiccoli	61	AGE61	4769	4768_MichelPiccoli_61_m
90	MichelPiccoli	48	AGE48	4754	4753_MichelPiccoli_48_m
90	MichelPiccoli	87	AGE87	4783	4782_MichelPiccoli_87_m
90	MichelPiccoli	38	AGE38	4743	4742_MichelPiccoli_38_m
90	MichelPiccoli	64	AGE64	4772	4771_MichelPiccoli_64_m
90	MichelPiccoli	86	AGE86	4782	4781_MichelPiccoli_86_m
91	DickieMoore	81	AGE81	6221	6220_DickieMoore_81_m
91	DickieMoore	21	AGE21	6213	6212_DickieMoore_21_m
91	DickieMoore	78	AGE78	6220	6219_DickieMoore_78_m
91	DickieMoore	61	AGE61	6216	6215_DickieMoore_61_m
91	DickieMoore	80	AGE80	6208	6207_DickieMoore_80_m
91	DickieMoore	15	AGE15	6194	6193_DickieMoore_15_m
91	DickieMoore	66	AGE66	6205	6204_DickieMoore_66_m
91	DickieMoore	57	AGE57	6202	6201_DickieMoore_57_m
91	DickieMoore	75	AGE75	6218	6217_DickieMoore_75_m
91	DickieMoore	22	AGE22	6214	6213_DickieMoore_22_m
91	DickieMoore	62	AGE62	6203	6202_DickieMoore_62_m
91	DickieMoore	73	AGE73	6206	6205_DickieMoore_73_m
91	DickieMoore	77	AGE77	6219	6218_DickieMoore_77_m
91	DickieMoore	79	AGE79	6207	6206_DickieMoore_79_m
91	DickieMoore	24	AGE24	6200	6199_DickieMoore_24_m
91	DickieMoore	9	AGE9	6191	6190_DickieMoore_9_m
91	DickieMoore	85	AGE85	6222	6221_DickieMoore_85_m
91	DickieMoore	19	AGE19	6212	6211_DickieMoore_19_m
91	DickieMoore	23	AGE23	6199	6198_DickieMoore_23_m
91	DickieMoore	11	AGE11	6193	6192_DickieMoore_11_m
91	DickieMoore	84	AGE84	6209	6208_DickieMoore_84_m
91	DickieMoore	27	AGE27	6201	6200_DickieMoore_27_m
91	DickieMoore	87	AGE87	6223	6222_DickieMoore_87_m
91	DickieMoore	88	AGE88	6211	6210_DickieMoore_88_m
91	DickieMoore	16	AGE16	6195	6194_DickieMoore_16_m
91	DickieMoore	64	AGE64	6217	6216_DickieMoore_64_m
91	DickieMoore	7	AGE7	6189	6188_DickieMoore_7_m
91	DickieMoore	63	AGE63	6204	6203_DickieMoore_63_m
91	DickieMoore	20	AGE20	6198	6197_DickieMoore_20_m
91	DickieMoore	17	AGE17	6196	6195_DickieMoore_17_m
91	DickieMoore	59	AGE59	6215	6214_DickieMoore_59_m
91	DickieMoore	86	AGE86	6210	6209_DickieMoore_86_m
91	DickieMoore	10	AGE10	6192	6191_DickieMoore_10_m
91	DickieMoore	18	AGE18	6197	6196_DickieMoore_18_m
91	DickieMoore	8	AGE8	6190	6189_DickieMoore_8_m
92	RogerMoore	51	AGE51	4862	4861_RogerMoore_51_m
92	RogerMoore	46	AGE46	4870	4869_RogerMoore_46_m
92	RogerMoore	40	AGE40	4873	4872_RogerMoore_40_m
92	RogerMoore	28	AGE28	4857	4856_RogerMoore_28_m
92	RogerMoore	51	AGE51	4867	4866_RogerMoore_51_m
92	RogerMoore	32	AGE32	4872	4871_RogerMoore_32_m
92	RogerMoore	67	AGE67	4871	4870_RogerMoore_67_m
92	RogerMoore	51	AGE51	4869	4868_RogerMoore_51_m
92	RogerMoore	85	AGE85	4854	4853_RogerMoore_85_m
92	RogerMoore	42	AGE42	4858	4857_RogerMoore_42_m
92	RogerMoore	70	AGE70	4855	4854_RogerMoore_70_m
92	RogerMoore	81	AGE81	4875	4874_RogerMoore_81_m
92	RogerMoore	46	AGE46	4853	4852_RogerMoore_46_m
92	RogerMoore	39	AGE39	4864	4863_RogerMoore_39_m
92	RogerMoore	47	AGE47	4874	4873_RogerMoore_47_m
92	RogerMoore	46	AGE46	4866	4865_RogerMoore_46_m
92	RogerMoore	33	AGE33	4852	4851_RogerMoore_33_m
92	RogerMoore	35	AGE35	4863	4862_RogerMoore_35_m
92	RogerMoore	50	AGE50	4861	4860_RogerMoore_50_m
92	RogerMoore	40	AGE40	4856	4855_RogerMoore_40_m
92	RogerMoore	75	AGE75	4859	4858_RogerMoore_75_m
92	RogerMoore	43	AGE43	4860	4859_RogerMoore_43_m
92	RogerMoore	42	AGE42	4865	4864_RogerMoore_42_m
92	RogerMoore	84	AGE84	4851	4850_RogerMoore_84_m
92	RogerMoore	52	AGE52	4868	4867_RogerMoore_52_m
93	JonFinch	30	AGE30	5401	5400_JonFinch_30_m
93	JonFinch	61	AGE61	5419	5418_JonFinch_61_m
93	JonFinch	40	AGE40	5411	5410_JonFinch_40_m
93	JonFinch	39	AGE39	5410	5409_JonFinch_39_m
93	JonFinch	36	AGE36	5407	5406_JonFinch_36_m
93	JonFinch	44	AGE44	5413	5412_JonFinch_44_m
93	JonFinch	29	AGE29	5399	5398_JonFinch_29_m
93	JonFinch	34	AGE34	5405	5404_JonFinch_34_m
93	JonFinch	41	AGE41	5412	5411_JonFinch_41_m
93	JonFinch	35	AGE35	5406	5405_JonFinch_35_m
93	JonFinch	52	AGE52	5416	5415_JonFinch_52_m
93	JonFinch	37	AGE37	5408	5407_JonFinch_37_m
93	JonFinch	50	AGE50	5415	5414_JonFinch_50_m
93	JonFinch	47	AGE47	5414	5413_JonFinch_47_m
93	JonFinch	29	AGE29	5400	5399_JonFinch_29_m
93	JonFinch	63	AGE63	5420	5419_JonFinch_63_m
93	JonFinch	54	AGE54	5417	5416_JonFinch_54_m
93	JonFinch	58	AGE58	5418	5417_JonFinch_58_m
93	JonFinch	28	AGE28	5398	5397_JonFinch_28_m
93	JonFinch	33	AGE33	5403	5402_JonFinch_33_m
93	JonFinch	38	AGE38	5409	5408_JonFinch_38_m
93	JonFinch	31	AGE31	5402	5401_JonFinch_31_m
93	JonFinch	34	AGE34	5404	5403_JonFinch_34_m
94	GabrielGarciaMarquez	68	AGE68	1496	1495_GabrielGarciaMarquez_68_m
94	GabrielGarciaMarquez	24	AGE24	1493	1492_GabrielGarciaMarquez_24_m
94	GabrielGarciaMarquez	40	AGE40	1505	1504_GabrielGarciaMarquez_40_m
94	GabrielGarciaMarquez	65	AGE65	1497	1496_GabrielGarciaMarquez_65_m
94	GabrielGarciaMarquez	82	AGE82	1509	1508_GabrielGarciaMarquez_82_m
94	GabrielGarciaMarquez	28	AGE28	1491	1490_GabrielGarciaMarquez_28_m
94	GabrielGarciaMarquez	52	AGE52	1489	1488_GabrielGarciaMarquez_52_m
94	GabrielGarciaMarquez	52	AGE52	1510	1509_GabrielGarciaMarquez_52_m
94	GabrielGarciaMarquez	78	AGE78	1507	1506_GabrielGarciaMarquez_78_m
94	GabrielGarciaMarquez	57	AGE57	1508	1507_GabrielGarciaMarquez_57_m
94	GabrielGarciaMarquez	64	AGE64	1494	1493_GabrielGarciaMarquez_64_m
94	GabrielGarciaMarquez	67	AGE67	1490	1489_GabrielGarciaMarquez_67_m
94	GabrielGarciaMarquez	18	AGE18	1501	1500_GabrielGarciaMarquez_18_m
94	GabrielGarciaMarquez	22	AGE22	1502	1501_GabrielGarciaMarquez_22_m
94	GabrielGarciaMarquez	67	AGE67	1506	1505_GabrielGarciaMarquez_67_m
94	GabrielGarciaMarquez	70	AGE70	1498	1497_GabrielGarciaMarquez_70_m
94	GabrielGarciaMarquez	85	AGE85	1499	1498_GabrielGarciaMarquez_85_m
94	GabrielGarciaMarquez	55	AGE55	1503	1502_GabrielGarciaMarquez_55_m
94	GabrielGarciaMarquez	80	AGE80	1500	1499_GabrielGarciaMarquez_80_m
94	GabrielGarciaMarquez	74	AGE74	1495	1494_GabrielGarciaMarquez_74_m
94	GabrielGarciaMarquez	74	AGE74	1504	1503_GabrielGarciaMarquez_74_m
94	GabrielGarciaMarquez	37	AGE37	1492	1491_GabrielGarciaMarquez_37_m
95	DavidSarnoff	41	AGE41	365	364_DavidSarnoff_41_m
95	DavidSarnoff	38	AGE38	375	374_DavidSarnoff_38_m
95	DavidSarnoff	70	AGE70	388	387_DavidSarnoff_70_m
95	DavidSarnoff	38	AGE38	384	383_DavidSarnoff_38_m
95	DavidSarnoff	34	AGE34	383	382_DavidSarnoff_34_m
95	DavidSarnoff	73	AGE73	369	368_DavidSarnoff_73_m
95	DavidSarnoff	16	AGE16	386	385_DavidSarnoff_16_m
95	DavidSarnoff	53	AGE53	371	370_DavidSarnoff_53_m
95	DavidSarnoff	78	AGE78	385	384_DavidSarnoff_78_m
95	DavidSarnoff	45	AGE45	374	373_DavidSarnoff_45_m
95	DavidSarnoff	76	AGE76	387	386_DavidSarnoff_76_m
95	DavidSarnoff	39	AGE39	373	372_DavidSarnoff_39_m
95	DavidSarnoff	45	AGE45	380	379_DavidSarnoff_45_m
95	DavidSarnoff	75	AGE75	372	371_DavidSarnoff_75_m
95	DavidSarnoff	40	AGE40	376	375_DavidSarnoff_40_m
95	DavidSarnoff	48	AGE48	379	378_DavidSarnoff_48_m
95	DavidSarnoff	43	AGE43	378	377_DavidSarnoff_43_m
95	DavidSarnoff	46	AGE46	377	376_DavidSarnoff_46_m
95	DavidSarnoff	28	AGE28	366	365_DavidSarnoff_28_m
95	DavidSarnoff	33	AGE33	381	380_DavidSarnoff_33_m
95	DavidSarnoff	31	AGE31	382	381_DavidSarnoff_31_m
95	DavidSarnoff	25	AGE25	368	367_DavidSarnoff_25_m
95	DavidSarnoff	57	AGE57	367	366_DavidSarnoff_57_m
95	DavidSarnoff	42	AGE42	370	369_DavidSarnoff_42_m
96	JackColeman	25	AGE25	3294	3293_JackColeman_25_m
96	JackColeman	32	AGE32	3301	3300_JackColeman_32_m
96	JackColeman	55	AGE55	3316	3315_JackColeman_55_m
96	JackColeman	24	AGE24	3293	3292_JackColeman_24_m
96	JackColeman	28	AGE28	3297	3296_JackColeman_28_m
96	JackColeman	38	AGE38	3303	3302_JackColeman_38_m
96	JackColeman	47	AGE47	3308	3307_JackColeman_47_m
96	JackColeman	48	AGE48	3309	3308_JackColeman_48_m
96	JackColeman	54	AGE54	3315	3314_JackColeman_54_m
96	JackColeman	26	AGE26	3295	3294_JackColeman_26_m
96	JackColeman	44	AGE44	3306	3305_JackColeman_44_m
96	JackColeman	35	AGE35	3302	3301_JackColeman_35_m
96	JackColeman	57	AGE57	3318	3317_JackColeman_57_m
96	JackColeman	51	AGE51	3313	3312_JackColeman_51_m
96	JackColeman	49	AGE49	3311	3310_JackColeman_49_m
96	JackColeman	27	AGE27	3296	3295_JackColeman_27_m
96	JackColeman	56	AGE56	3317	3316_JackColeman_56_m
96	JackColeman	42	AGE42	3305	3304_JackColeman_42_m
96	JackColeman	40	AGE40	3304	3303_JackColeman_40_m
96	JackColeman	46	AGE46	3307	3306_JackColeman_46_m
96	JackColeman	23	AGE23	3292	3291_JackColeman_23_m
96	JackColeman	48	AGE48	3310	3309_JackColeman_48_m
96	JackColeman	30	AGE30	3299	3298_JackColeman_30_m
96	JackColeman	29	AGE29	3298	3297_JackColeman_29_m
96	JackColeman	31	AGE31	3300	3299_JackColeman_31_m
96	JackColeman	52	AGE52	3314	3313_JackColeman_52_m
96	JackColeman	50	AGE50	3312	3311_JackColeman_50_m
96	JackColeman	45	AGE45	3319	3318_JackColeman_45_m
97	SerenaWilliams	36	AGE36	16009	16008_SerenaWilliams_36_f
97	SerenaWilliams	24	AGE24	16474	16473_SerenaWilliams_24_f
97	SerenaWilliams	21	AGE21	16473	16472_SerenaWilliams_21_f
97	SerenaWilliams	20	AGE20	16477	16476_SerenaWilliams_20_f
97	SerenaWilliams	19	AGE19	16476	16475_SerenaWilliams_19_f
97	SerenaWilliams	36	AGE36	16008	16007_SerenaWilliams_36_f
97	SerenaWilliams	28	AGE28	16483	16482_SerenaWilliams_28_f
97	SerenaWilliams	29	AGE29	16472	16471_SerenaWilliams_29_f
97	SerenaWilliams	32	AGE32	16487	16486_SerenaWilliams_32_f
97	SerenaWilliams	32	AGE32	16469	16468_SerenaWilliams_32_f
97	SerenaWilliams	31	AGE31	16485	16484_SerenaWilliams_31_f
97	SerenaWilliams	23	AGE23	16478	16477_SerenaWilliams_23_f
97	SerenaWilliams	18	AGE18	16475	16474_SerenaWilliams_18_f
97	SerenaWilliams	35	AGE35	16471	16470_SerenaWilliams_35_f
97	SerenaWilliams	32	AGE32	16486	16485_SerenaWilliams_32_f
97	SerenaWilliams	24	AGE24	16479	16478_SerenaWilliams_24_f
97	SerenaWilliams	27	AGE27	16482	16481_SerenaWilliams_27_f
97	SerenaWilliams	26	AGE26	16481	16480_SerenaWilliams_26_f
97	SerenaWilliams	25	AGE25	16480	16479_SerenaWilliams_25_f
97	SerenaWilliams	30	AGE30	16484	16483_SerenaWilliams_30_f
97	SerenaWilliams	35	AGE35	16010	16009_SerenaWilliams_35_f
97	SerenaWilliams	33	AGE33	16488	16487_SerenaWilliams_33_f
97	SerenaWilliams	31	AGE31	16470	16469_SerenaWilliams_31_f
97	SerenaWilliams	34	AGE34	16011	16010_SerenaWilliams_34_f
98	RichardChamberlain	33	AGE33	8273	8272_RichardChamberlain_33_m
98	RichardChamberlain	66	AGE66	8297	8296_RichardChamberlain_66_m
98	RichardChamberlain	29	AGE29	8272	8271_RichardChamberlain_29_m
98	RichardChamberlain	31	AGE31	8276	8275_RichardChamberlain_31_m
98	RichardChamberlain	48	AGE48	8288	8287_RichardChamberlain_48_m
98	RichardChamberlain	41	AGE41	8282	8281_RichardChamberlain_41_m
98	RichardChamberlain	36	AGE36	8278	8277_RichardChamberlain_36_m
98	RichardChamberlain	73	AGE73	8301	8300_RichardChamberlain_73_m
98	RichardChamberlain	52	AGE52	8289	8288_RichardChamberlain_52_m
98	RichardChamberlain	47	AGE47	8287	8286_RichardChamberlain_47_m
98	RichardChamberlain	30	AGE30	8275	8274_RichardChamberlain_30_m
98	RichardChamberlain	61	AGE61	8294	8293_RichardChamberlain_61_m
98	RichardChamberlain	54	AGE54	8290	8289_RichardChamberlain_54_m
98	RichardChamberlain	27	AGE27	8270	8269_RichardChamberlain_27_m
98	RichardChamberlain	78	AGE78	8303	8302_RichardChamberlain_78_m
98	RichardChamberlain	34	AGE34	8277	8276_RichardChamberlain_34_m
98	RichardChamberlain	79	AGE79	8304	8303_RichardChamberlain_79_m
98	RichardChamberlain	56	AGE56	8292	8291_RichardChamberlain_56_m
98	RichardChamberlain	68	AGE68	8298	8297_RichardChamberlain_68_m
98	RichardChamberlain	28	AGE28	8271	8270_RichardChamberlain_28_m
98	RichardChamberlain	65	AGE65	8296	8295_RichardChamberlain_65_m
98	RichardChamberlain	39	AGE39	8280	8279_RichardChamberlain_39_m
98	RichardChamberlain	46	AGE46	8286	8285_RichardChamberlain_46_m
98	RichardChamberlain	80	AGE80	8305	8304_RichardChamberlain_80_m
98	RichardChamberlain	43	AGE43	8283	8282_RichardChamberlain_43_m
98	RichardChamberlain	26	AGE26	8269	8268_RichardChamberlain_26_m
98	RichardChamberlain	45	AGE45	8285	8284_RichardChamberlain_45_m
98	RichardChamberlain	76	AGE76	8302	8301_RichardChamberlain_76_m
98	RichardChamberlain	40	AGE40	8281	8280_RichardChamberlain_40_m
98	RichardChamberlain	71	AGE71	8299	8298_RichardChamberlain_71_m
98	RichardChamberlain	63	AGE63	8295	8294_RichardChamberlain_63_m
98	RichardChamberlain	57	AGE57	8293	8292_RichardChamberlain_57_m
98	RichardChamberlain	72	AGE72	8300	8299_RichardChamberlain_72_m
98	RichardChamberlain	44	AGE44	8284	8283_RichardChamberlain_44_m
98	RichardChamberlain	55	AGE55	8291	8290_RichardChamberlain_55_m
98	RichardChamberlain	35	AGE35	8274	8273_RichardChamberlain_35_m
98	RichardChamberlain	38	AGE38	8279	8278_RichardChamberlain_38_m
99	YvonneDeCarlo	26	AGE26	14605	14604_YvonneDeCarlo_26_f
99	YvonneDeCarlo	57	AGE57	14620	14619_YvonneDeCarlo_57_f
99	YvonneDeCarlo	47	AGE47	14614	14613_YvonneDeCarlo_47_f
99	YvonneDeCarlo	78	AGE78	14626	14625_YvonneDeCarlo_78_f
99	YvonneDeCarlo	60	AGE60	14621	14620_YvonneDeCarlo_60_f
99	YvonneDeCarlo	36	AGE36	14610	14609_YvonneDeCarlo_36_f
99	YvonneDeCarlo	52	AGE52	14617	14616_YvonneDeCarlo_52_f
99	YvonneDeCarlo	35	AGE35	14609	14608_YvonneDeCarlo_35_f
99	YvonneDeCarlo	54	AGE54	14618	14617_YvonneDeCarlo_54_f
99	YvonneDeCarlo	34	AGE34	14608	14607_YvonneDeCarlo_34_f
99	YvonneDeCarlo	56	AGE56	14619	14618_YvonneDeCarlo_56_f
99	YvonneDeCarlo	32	AGE32	14607	14606_YvonneDeCarlo_32_f
99	YvonneDeCarlo	19	AGE19	14603	14602_YvonneDeCarlo_19_f
99	YvonneDeCarlo	38	AGE38	14611	14610_YvonneDeCarlo_38_f
99	YvonneDeCarlo	68	AGE68	14624	14623_YvonneDeCarlo_68_f
99	YvonneDeCarlo	40	AGE40	14612	14611_YvonneDeCarlo_40_f
99	YvonneDeCarlo	46	AGE46	14613	14612_YvonneDeCarlo_46_f
99	YvonneDeCarlo	64	AGE64	14622	14621_YvonneDeCarlo_64_f
99	YvonneDeCarlo	48	AGE48	14615	14614_YvonneDeCarlo_48_f
99	YvonneDeCarlo	27	AGE27	14606	14605_YvonneDeCarlo_27_f
99	YvonneDeCarlo	50	AGE50	14616	14615_YvonneDeCarlo_50_f
99	YvonneDeCarlo	66	AGE66	14623	14622_YvonneDeCarlo_66_f
99	YvonneDeCarlo	72	AGE72	14625	14624_YvonneDeCarlo_72_f
99	YvonneDeCarlo	21	AGE21	14604	14603_YvonneDeCarlo_21_f
100	LyleTalbot	33	AGE33	7375	7374_LyleTalbot_33_m
100	LyleTalbot	60	AGE60	7392	7391_LyleTalbot_60_m
100	LyleTalbot	41	AGE41	7380	7379_LyleTalbot_41_m
100	LyleTalbot	34	AGE34	7376	7375_LyleTalbot_34_m
100	LyleTalbot	35	AGE35	7377	7376_LyleTalbot_35_m
100	LyleTalbot	28	AGE28	7370	7369_LyleTalbot_28_m
100	LyleTalbot	46	AGE46	7381	7380_LyleTalbot_46_m
100	LyleTalbot	36	AGE36	7378	7377_LyleTalbot_36_m
100	LyleTalbot	83	AGE83	7397	7396_LyleTalbot_83_m
100	LyleTalbot	29	AGE29	7371	7370_LyleTalbot_29_m
100	LyleTalbot	51	AGE51	7384	7383_LyleTalbot_51_m
100	LyleTalbot	55	AGE55	7387	7386_LyleTalbot_55_m
100	LyleTalbot	61	AGE61	7393	7392_LyleTalbot_61_m
100	LyleTalbot	47	AGE47	7382	7381_LyleTalbot_47_m
100	LyleTalbot	54	AGE54	7386	7385_LyleTalbot_54_m
100	LyleTalbot	81	AGE81	7400	7399_LyleTalbot_81_m
100	LyleTalbot	66	AGE66	7394	7393_LyleTalbot_66_m
100	LyleTalbot	57	AGE57	7389	7388_LyleTalbot_57_m
100	LyleTalbot	38	AGE38	7379	7378_LyleTalbot_38_m
100	LyleTalbot	30	AGE30	7372	7371_LyleTalbot_30_m
100	LyleTalbot	72	AGE72	7395	7394_LyleTalbot_72_m
100	LyleTalbot	88	AGE88	7398	7397_LyleTalbot_88_m
100	LyleTalbot	92	AGE92	7399	7398_LyleTalbot_92_m
100	LyleTalbot	31	AGE31	7373	7372_LyleTalbot_31_m
100	LyleTalbot	56	AGE56	7388	7387_LyleTalbot_56_m
100	LyleTalbot	77	AGE77	7396	7395_LyleTalbot_77_m
100	LyleTalbot	58	AGE58	7390	7389_LyleTalbot_58_m
100	LyleTalbot	53	AGE53	7385	7384_LyleTalbot_53_m
100	LyleTalbot	49	AGE49	7383	7382_LyleTalbot_49_m
100	LyleTalbot	26	AGE26	7368	7367_LyleTalbot_26_m
100	LyleTalbot	59	AGE59	7391	7390_LyleTalbot_59_m
100	LyleTalbot	32	AGE32	7374	7373_LyleTalbot_32_m
100	LyleTalbot	27	AGE27	7369	7368_LyleTalbot_27_m
101	EdwardTeller	68	AGE68	1036	1035_EdwardTeller_68_m
101	EdwardTeller	30	AGE30	1037	1036_EdwardTeller_30_m
101	EdwardTeller	91	AGE91	1040	1039_EdwardTeller_91_m
101	EdwardTeller	52	AGE52	1052	1051_EdwardTeller_52_m
101	EdwardTeller	17	AGE17	1042	1041_EdwardTeller_17_m
101	EdwardTeller	87	AGE87	1044	1043_EdwardTeller_87_m
101	EdwardTeller	50	AGE50	1039	1038_EdwardTeller_50_m
101	EdwardTeller	35	AGE35	1038	1037_EdwardTeller_35_m
101	EdwardTeller	27	AGE27	1048	1047_EdwardTeller_27_m
101	EdwardTeller	93	AGE93	1041	1040_EdwardTeller_93_m
101	EdwardTeller	81	AGE81	1045	1044_EdwardTeller_81_m
101	EdwardTeller	27	AGE27	1035	1034_EdwardTeller_27_m
101	EdwardTeller	48	AGE48	1047	1046_EdwardTeller_48_m
101	EdwardTeller	72	AGE72	1034	1033_EdwardTeller_72_m
101	EdwardTeller	28	AGE28	1049	1048_EdwardTeller_28_m
101	EdwardTeller	49	AGE49	1046	1045_EdwardTeller_49_m
101	EdwardTeller	43	AGE43	1050	1049_EdwardTeller_43_m
101	EdwardTeller	40	AGE40	1053	1052_EdwardTeller_40_m
101	EdwardTeller	53	AGE53	1051	1050_EdwardTeller_53_m
101	EdwardTeller	45	AGE45	1054	1053_EdwardTeller_45_m
101	EdwardTeller	54	AGE54	1043	1042_EdwardTeller_54_m
102	WalterPidgeon	38	AGE38	8433	8432_WalterPidgeon_38_m
102	WalterPidgeon	50	AGE50	8445	8444_WalterPidgeon_50_m
102	WalterPidgeon	58	AGE58	8452	8451_WalterPidgeon_58_m
102	WalterPidgeon	76	AGE76	8460	8459_WalterPidgeon_76_m
102	WalterPidgeon	51	AGE51	8446	8445_WalterPidgeon_51_m
102	WalterPidgeon	40	AGE40	8435	8434_WalterPidgeon_40_m
102	WalterPidgeon	48	AGE48	8443	8442_WalterPidgeon_48_m
102	WalterPidgeon	54	AGE54	8449	8448_WalterPidgeon_54_m
102	WalterPidgeon	56	AGE56	8450	8449_WalterPidgeon_56_m
102	WalterPidgeon	45	AGE45	8440	8439_WalterPidgeon_45_m
102	WalterPidgeon	44	AGE44	8439	8438_WalterPidgeon_44_m
102	WalterPidgeon	46	AGE46	8441	8440_WalterPidgeon_46_m
102	WalterPidgeon	53	AGE53	8448	8447_WalterPidgeon_53_m
102	WalterPidgeon	41	AGE41	8436	8435_WalterPidgeon_41_m
102	WalterPidgeon	43	AGE43	8438	8437_WalterPidgeon_43_m
102	WalterPidgeon	73	AGE73	8459	8458_WalterPidgeon_73_m
102	WalterPidgeon	66	AGE66	8456	8455_WalterPidgeon_66_m
102	WalterPidgeon	49	AGE49	8444	8443_WalterPidgeon_49_m
102	WalterPidgeon	39	AGE39	8434	8433_WalterPidgeon_39_m
102	WalterPidgeon	62	AGE62	8454	8453_WalterPidgeon_62_m
102	WalterPidgeon	42	AGE42	8437	8436_WalterPidgeon_42_m
102	WalterPidgeon	64	AGE64	8455	8454_WalterPidgeon_64_m
102	WalterPidgeon	59	AGE59	8453	8452_WalterPidgeon_59_m
102	WalterPidgeon	71	AGE71	8458	8457_WalterPidgeon_71_m
102	WalterPidgeon	57	AGE57	8451	8450_WalterPidgeon_57_m
102	WalterPidgeon	52	AGE52	8447	8446_WalterPidgeon_52_m
102	WalterPidgeon	68	AGE68	8457	8456_WalterPidgeon_68_m
102	WalterPidgeon	47	AGE47	8442	8441_WalterPidgeon_47_m
103	Houston	23	AGE23	16386	16385_Houston_23_f
103	Houston	47	AGE47	16382	16381_Houston_47_f
103	Houston	23	AGE23	16385	16384_Houston_23_f
103	Houston	23	AGE23	16374	16373_Houston_23_f
103	Houston	35	AGE35	16394	16393_Houston_35_f
103	Houston	25	AGE25	16371	16370_Houston_25_f
103	Houston	19	AGE19	16383	16382_Houston_19_f
103	Houston	22	AGE22	16384	16383_Houston_22_f
103	Houston	31	AGE31	16392	16391_Houston_31_f
103	Houston	27	AGE27	16390	16389_Houston_27_f
103	Houston	47	AGE47	16380	16379_Houston_47_f
103	Houston	23	AGE23	16397	16396_Houston_23_f
103	Houston	25	AGE25	16389	16388_Houston_25_f
103	Houston	30	AGE30	16373	16372_Houston_30_f
103	Houston	37	AGE37	16395	16394_Houston_37_f
103	Houston	41	AGE41	16396	16395_Houston_41_f
103	Houston	28	AGE28	16391	16390_Houston_28_f
103	Houston	47	AGE47	16379	16378_Houston_47_f
103	Houston	47	AGE47	16375	16374_Houston_47_f
103	Houston	23	AGE23	16387	16386_Houston_23_f
103	Houston	46	AGE46	16377	16376_Houston_46_f
103	Houston	25	AGE25	16372	16371_Houston_25_f
103	Houston	46	AGE46	16376	16375_Houston_46_f
103	Houston	24	AGE24	16388	16387_Houston_24_f
103	Houston	25	AGE25	16378	16377_Houston_25_f
103	Houston	47	AGE47	16381	16380_Houston_47_f
103	Houston	32	AGE32	16393	16392_Houston_32_f
104	VanessaRedgrave	43	AGE43	13813	13812_VanessaRedgrave_43_f
104	VanessaRedgrave	74	AGE74	13839	13838_VanessaRedgrave_74_f
104	VanessaRedgrave	64	AGE64	13829	13828_VanessaRedgrave_64_f
104	VanessaRedgrave	66	AGE66	13831	13830_VanessaRedgrave_66_f
104	VanessaRedgrave	41	AGE41	13811	13810_VanessaRedgrave_41_f
104	VanessaRedgrave	54	AGE54	13820	13819_VanessaRedgrave_54_f
104	VanessaRedgrave	47	AGE47	13815	13814_VanessaRedgrave_47_f
104	VanessaRedgrave	47	AGE47	13814	13813_VanessaRedgrave_47_f
104	VanessaRedgrave	38	AGE38	13808	13807_VanessaRedgrave_38_f
104	VanessaRedgrave	77	AGE77	13842	13841_VanessaRedgrave_77_f
104	VanessaRedgrave	67	AGE67	13832	13831_VanessaRedgrave_67_f
104	VanessaRedgrave	59	AGE59	13823	13822_VanessaRedgrave_59_f
104	VanessaRedgrave	33	AGE33	13806	13805_VanessaRedgrave_33_f
104	VanessaRedgrave	76	AGE76	13841	13840_VanessaRedgrave_76_f
104	VanessaRedgrave	52	AGE52	13819	13818_VanessaRedgrave_52_f
104	VanessaRedgrave	39	AGE39	13809	13808_VanessaRedgrave_39_f
104	VanessaRedgrave	61	AGE61	13825	13824_VanessaRedgrave_61_f
104	VanessaRedgrave	30	AGE30	13805	13804_VanessaRedgrave_30_f
104	VanessaRedgrave	37	AGE37	13807	13806_VanessaRedgrave_37_f
104	VanessaRedgrave	68	AGE68	13833	13832_VanessaRedgrave_68_f
104	VanessaRedgrave	42	AGE42	13812	13811_VanessaRedgrave_42_f
104	VanessaRedgrave	21	AGE21	13803	13802_VanessaRedgrave_21_f
104	VanessaRedgrave	69	AGE69	13834	13833_VanessaRedgrave_69_f
104	VanessaRedgrave	61	AGE61	13826	13825_VanessaRedgrave_61_f
104	VanessaRedgrave	29	AGE29	13804	13803_VanessaRedgrave_29_f
104	VanessaRedgrave	60	AGE60	13824	13823_VanessaRedgrave_60_f
104	VanessaRedgrave	48	AGE48	13816	13815_VanessaRedgrave_48_f
104	VanessaRedgrave	40	AGE40	13810	13809_VanessaRedgrave_40_f
104	VanessaRedgrave	49	AGE49	13817	13816_VanessaRedgrave_49_f
104	VanessaRedgrave	58	AGE58	13822	13821_VanessaRedgrave_58_f
104	VanessaRedgrave	56	AGE56	13821	13820_VanessaRedgrave_56_f
104	VanessaRedgrave	72	AGE72	13837	13836_VanessaRedgrave_72_f
104	VanessaRedgrave	65	AGE65	13830	13829_VanessaRedgrave_65_f
104	VanessaRedgrave	63	AGE63	13828	13827_VanessaRedgrave_63_f
104	VanessaRedgrave	75	AGE75	13840	13839_VanessaRedgrave_75_f
104	VanessaRedgrave	62	AGE62	13827	13826_VanessaRedgrave_62_f
104	VanessaRedgrave	70	AGE70	13835	13834_VanessaRedgrave_70_f
104	VanessaRedgrave	51	AGE51	13818	13817_VanessaRedgrave_51_f
104	VanessaRedgrave	73	AGE73	13838	13837_VanessaRedgrave_73_f
104	VanessaRedgrave	71	AGE71	13836	13835_VanessaRedgrave_71_f
105	KatharineRoss	32	AGE32	15635	15634_KatharineRoss_32_f
105	KatharineRoss	67	AGE67	15658	15657_KatharineRoss_67_f
105	KatharineRoss	38	AGE38	15641	15640_KatharineRoss_38_f
105	KatharineRoss	61	AGE61	15654	15653_KatharineRoss_61_f
105	KatharineRoss	64	AGE64	15656	15655_KatharineRoss_64_f
105	KatharineRoss	47	AGE47	15648	15647_KatharineRoss_47_f
105	KatharineRoss	59	AGE59	15653	15652_KatharineRoss_59_f
105	KatharineRoss	48	AGE48	15649	15648_KatharineRoss_48_f
105	KatharineRoss	27	AGE27	15631	15630_KatharineRoss_27_f
105	KatharineRoss	41	AGE41	15644	15643_KatharineRoss_41_f
105	KatharineRoss	28	AGE28	15632	15631_KatharineRoss_28_f
105	KatharineRoss	73	AGE73	15663	15662_KatharineRoss_73_f
105	KatharineRoss	23	AGE23	15627	15626_KatharineRoss_23_f
105	KatharineRoss	70	AGE70	15660	15659_KatharineRoss_70_f
105	KatharineRoss	53	AGE53	15651	15650_KatharineRoss_53_f
105	KatharineRoss	26	AGE26	15630	15629_KatharineRoss_26_f
105	KatharineRoss	29	AGE29	15633	15632_KatharineRoss_29_f
105	KatharineRoss	36	AGE36	15639	15638_KatharineRoss_36_f
105	KatharineRoss	68	AGE68	15659	15658_KatharineRoss_68_f
105	KatharineRoss	37	AGE37	15640	15639_KatharineRoss_37_f
105	KatharineRoss	22	AGE22	15626	15625_KatharineRoss_22_f
105	KatharineRoss	42	AGE42	15645	15644_KatharineRoss_42_f
105	KatharineRoss	33	AGE33	15636	15635_KatharineRoss_33_f
105	KatharineRoss	72	AGE72	15662	15661_KatharineRoss_72_f
105	KatharineRoss	30	AGE30	15634	15633_KatharineRoss_30_f
105	KatharineRoss	24	AGE24	15628	15627_KatharineRoss_24_f
105	KatharineRoss	46	AGE46	15647	15646_KatharineRoss_46_f
105	KatharineRoss	40	AGE40	15643	15642_KatharineRoss_40_f
105	KatharineRoss	66	AGE66	15657	15656_KatharineRoss_66_f
105	KatharineRoss	55	AGE55	15652	15651_KatharineRoss_55_f
105	KatharineRoss	71	AGE71	15661	15660_KatharineRoss_71_f
105	KatharineRoss	44	AGE44	15646	15645_KatharineRoss_44_f
105	KatharineRoss	39	AGE39	15642	15641_KatharineRoss_39_f
105	KatharineRoss	62	AGE62	15655	15654_KatharineRoss_62_f
105	KatharineRoss	35	AGE35	15638	15637_KatharineRoss_35_f
105	KatharineRoss	25	AGE25	15629	15628_KatharineRoss_25_f
105	KatharineRoss	34	AGE34	15637	15636_KatharineRoss_34_f
105	KatharineRoss	51	AGE51	15650	15649_KatharineRoss_51_f
106	SteveMartin	65	AGE65	3881	3880_SteveMartin_65_m
106	SteveMartin	33	AGE33	3870	3869_SteveMartin_33_m
106	SteveMartin	35	AGE35	3866	3865_SteveMartin_35_m
106	SteveMartin	51	AGE51	3874	3873_SteveMartin_51_m
106	SteveMartin	30	AGE30	3867	3866_SteveMartin_30_m
106	SteveMartin	61	AGE61	3877	3876_SteveMartin_61_m
106	SteveMartin	67	AGE67	3883	3882_SteveMartin_67_m
106	SteveMartin	63	AGE63	3879	3878_SteveMartin_63_m
106	SteveMartin	53	AGE53	3885	3884_SteveMartin_53_m
106	SteveMartin	64	AGE64	3880	3879_SteveMartin_64_m
106	SteveMartin	40	AGE40	3871	3870_SteveMartin_40_m
106	SteveMartin	66	AGE66	3882	3881_SteveMartin_66_m
106	SteveMartin	57	AGE57	3875	3874_SteveMartin_57_m
106	SteveMartin	62	AGE62	3878	3877_SteveMartin_62_m
106	SteveMartin	38	AGE38	3873	3872_SteveMartin_38_m
106	SteveMartin	60	AGE60	3876	3875_SteveMartin_60_m
106	SteveMartin	45	AGE45	3872	3871_SteveMartin_45_m
106	SteveMartin	42	AGE42	3868	3867_SteveMartin_42_m
106	SteveMartin	43	AGE43	3869	3868_SteveMartin_43_m
106	SteveMartin	68	AGE68	3884	3883_SteveMartin_68_m
106	SteveMartin	18	AGE18	3865	3864_SteveMartin_18_m
107	DianneWiest	37	AGE37	10481	10480_DianneWiest_37_f
107	DianneWiest	61	AGE61	10498	10497_DianneWiest_61_f
107	DianneWiest	51	AGE51	10492	10491_DianneWiest_51_f
107	DianneWiest	42	AGE42	10485	10484_DianneWiest_42_f
107	DianneWiest	60	AGE60	10497	10496_DianneWiest_60_f
107	DianneWiest	45	AGE45	10488	10487_DianneWiest_45_f
107	DianneWiest	38	AGE38	10482	10481_DianneWiest_38_f
107	DianneWiest	55	AGE55	10495	10494_DianneWiest_55_f
107	DianneWiest	41	AGE41	10484	10483_DianneWiest_41_f
107	DianneWiest	66	AGE66	10502	10501_DianneWiest_66_f
107	DianneWiest	30	AGE30	10478	10477_DianneWiest_30_f
107	DianneWiest	53	AGE53	10494	10493_DianneWiest_53_f
107	DianneWiest	65	AGE65	10501	10500_DianneWiest_65_f
107	DianneWiest	62	AGE62	10499	10498_DianneWiest_62_f
107	DianneWiest	37	AGE37	10480	10479_DianneWiest_37_f
107	DianneWiest	49	AGE49	10490	10489_DianneWiest_49_f
107	DianneWiest	48	AGE48	10489	10488_DianneWiest_48_f
107	DianneWiest	33	AGE33	10479	10478_DianneWiest_33_f
107	DianneWiest	43	AGE43	10486	10485_DianneWiest_43_f
107	DianneWiest	44	AGE44	10487	10486_DianneWiest_44_f
107	DianneWiest	50	AGE50	10491	10490_DianneWiest_50_f
107	DianneWiest	39	AGE39	10483	10482_DianneWiest_39_f
107	DianneWiest	64	AGE64	10500	10499_DianneWiest_64_f
107	DianneWiest	52	AGE52	10493	10492_DianneWiest_52_f
107	DianneWiest	59	AGE59	10496	10495_DianneWiest_59_f
108	MelindaDillion	45	AGE45	12315	12314_MelindaDillion_45_f
108	MelindaDillion	40	AGE40	12310	12309_MelindaDillion_40_f
108	MelindaDillion	44	AGE44	12314	12313_MelindaDillion_44_f
108	MelindaDillion	73	AGE73	12329	12328_MelindaDillion_73_f
108	MelindaDillion	55	AGE55	12321	12320_MelindaDillion_55_f
108	MelindaDillion	63	AGE63	12324	12323_MelindaDillion_63_f
108	MelindaDillion	68	AGE68	12327	12326_MelindaDillion_68_f
108	MelindaDillion	64	AGE64	12325	12324_MelindaDillion_64_f
108	MelindaDillion	70	AGE70	12328	12327_MelindaDillion_70_f
108	MelindaDillion	48	AGE48	12318	12317_MelindaDillion_48_f
108	MelindaDillion	46	AGE46	12316	12315_MelindaDillion_46_f
108	MelindaDillion	38	AGE38	12308	12307_MelindaDillion_38_f
108	MelindaDillion	57	AGE57	12322	12321_MelindaDillion_57_f
108	MelindaDillion	50	AGE50	12319	12318_MelindaDillion_50_f
108	MelindaDillion	43	AGE43	12313	12312_MelindaDillion_43_f
108	MelindaDillion	30	AGE30	12305	12304_MelindaDillion_30_f
108	MelindaDillion	37	AGE37	12307	12306_MelindaDillion_37_f
108	MelindaDillion	29	AGE29	12304	12303_MelindaDillion_29_f
108	MelindaDillion	34	AGE34	12306	12305_MelindaDillion_34_f
108	MelindaDillion	47	AGE47	12317	12316_MelindaDillion_47_f
108	MelindaDillion	39	AGE39	12309	12308_MelindaDillion_39_f
108	MelindaDillion	66	AGE66	12326	12325_MelindaDillion_66_f
108	MelindaDillion	42	AGE42	12312	12311_MelindaDillion_42_f
108	MelindaDillion	41	AGE41	12311	12310_MelindaDillion_41_f
108	MelindaDillion	54	AGE54	12320	12319_MelindaDillion_54_f
108	MelindaDillion	59	AGE59	12323	12322_MelindaDillion_59_f
109	MariaCallas	30	AGE30	10	9_MariaCallas_30_f
109	MariaCallas	41	AGE41	8	7_MariaCallas_41_f
109	MariaCallas	33	AGE33	9	8_MariaCallas_33_f
109	MariaCallas	34	AGE34	17	16_MariaCallas_34_f
109	MariaCallas	42	AGE42	21	20_MariaCallas_42_f
109	MariaCallas	33	AGE33	3	2_MariaCallas_33_f
109	MariaCallas	53	AGE53	14	13_MariaCallas_53_f
109	MariaCallas	34	AGE34	6	5_MariaCallas_34_f
109	MariaCallas	31	AGE31	23	22_MariaCallas_31_f
109	MariaCallas	32	AGE32	15	14_MariaCallas_32_f
109	MariaCallas	35	AGE35	4	3_MariaCallas_35_f
109	MariaCallas	37	AGE37	13	12_MariaCallas_37_f
109	MariaCallas	26	AGE26	22	21_MariaCallas_26_f
109	MariaCallas	28	AGE28	11	10_MariaCallas_28_f
109	MariaCallas	33	AGE33	18	17_MariaCallas_33_f
109	MariaCallas	47	AGE47	19	18_MariaCallas_47_f
109	MariaCallas	40	AGE40	2	1_MariaCallas_40_f
109	MariaCallas	30	AGE30	20	19_MariaCallas_30_f
109	MariaCallas	39	AGE39	12	11_MariaCallas_39_f
109	MariaCallas	35	AGE35	1	0_MariaCallas_35_f
109	MariaCallas	41	AGE41	5	4_MariaCallas_41_f
109	MariaCallas	31	AGE31	7	6_MariaCallas_31_f
109	MariaCallas	41	AGE41	24	23_MariaCallas_41_f
109	MariaCallas	42	AGE42	16	15_MariaCallas_42_f
110	MargaretThatcher	34	AGE34	558	557_MargaretThatcher_34_f
110	MargaretThatcher	77	AGE77	572	571_MargaretThatcher_77_f
110	MargaretThatcher	24	AGE24	565	564_MargaretThatcher_24_f
110	MargaretThatcher	57	AGE57	561	560_MargaretThatcher_57_f
110	MargaretThatcher	48	AGE48	567	566_MargaretThatcher_48_f
110	MargaretThatcher	57	AGE57	577	576_MargaretThatcher_57_f
110	MargaretThatcher	75	AGE75	573	572_MargaretThatcher_75_f
110	MargaretThatcher	78	AGE78	570	569_MargaretThatcher_78_f
110	MargaretThatcher	26	AGE26	574	573_MargaretThatcher_26_f
110	MargaretThatcher	45	AGE45	560	559_MargaretThatcher_45_f
110	MargaretThatcher	87	AGE87	575	574_MargaretThatcher_87_f
110	MargaretThatcher	26	AGE26	559	558_MargaretThatcher_26_f
110	MargaretThatcher	43	AGE43	568	567_MargaretThatcher_43_f
110	MargaretThatcher	55	AGE55	569	568_MargaretThatcher_55_f
110	MargaretThatcher	82	AGE82	557	556_MargaretThatcher_82_f
110	MargaretThatcher	50	AGE50	563	562_MargaretThatcher_50_f
110	MargaretThatcher	49	AGE49	564	563_MargaretThatcher_49_f
110	MargaretThatcher	71	AGE71	562	561_MargaretThatcher_71_f
110	MargaretThatcher	60	AGE60	579	578_MargaretThatcher_60_f
110	MargaretThatcher	19	AGE19	576	575_MargaretThatcher_19_f
110	MargaretThatcher	83	AGE83	571	570_MargaretThatcher_83_f
110	MargaretThatcher	47	AGE47	566	565_MargaretThatcher_47_f
110	MargaretThatcher	59	AGE59	578	577_MargaretThatcher_59_f
111	WEBDuBois	16	AGE16	760	759_WEBDuBois_16_m
111	WEBDuBois	30	AGE30	759	758_WEBDuBois_30_m
111	WEBDuBois	60	AGE60	768	767_WEBDuBois_60_m
111	WEBDuBois	52	AGE52	764	763_WEBDuBois_52_m
111	WEBDuBois	20	AGE20	766	765_WEBDuBois_20_m
111	WEBDuBois	4	AGE4	757	756_WEBDuBois_4_m
111	WEBDuBois	55	AGE55	761	760_WEBDuBois_55_m
111	WEBDuBois	60	AGE60	767	766_WEBDuBois_60_m
111	WEBDuBois	39	AGE39	758	757_WEBDuBois_39_m
111	WEBDuBois	57	AGE57	765	764_WEBDuBois_57_m
111	WEBDuBois	50	AGE50	763	762_WEBDuBois_50_m
112	MickeyRooney	30	AGE30	7416	7415_MickeyRooney_30_m
112	MickeyRooney	75	AGE75	7435	7434_MickeyRooney_75_m
112	MickeyRooney	77	AGE77	7437	7436_MickeyRooney_77_m
112	MickeyRooney	17	AGE17	7407	7406_MickeyRooney_17_m
112	MickeyRooney	63	AGE63	7432	7431_MickeyRooney_63_m
112	MickeyRooney	81	AGE81	7439	7438_MickeyRooney_81_m
112	MickeyRooney	78	AGE78	7438	7437_MickeyRooney_78_m
112	MickeyRooney	58	AGE58	7428	7427_MickeyRooney_58_m
112	MickeyRooney	42	AGE42	7422	7421_MickeyRooney_42_m
112	MickeyRooney	94	AGE94	7446	7445_MickeyRooney_94_m
112	MickeyRooney	35	AGE35	7418	7417_MickeyRooney_35_m
112	MickeyRooney	60	AGE60	7430	7429_MickeyRooney_60_m
112	MickeyRooney	51	AGE51	7427	7426_MickeyRooney_51_m
112	MickeyRooney	73	AGE73	7434	7433_MickeyRooney_73_m
112	MickeyRooney	13	AGE13	7404	7403_MickeyRooney_13_m
112	MickeyRooney	85	AGE85	7441	7440_MickeyRooney_85_m
112	MickeyRooney	29	AGE29	7415	7414_MickeyRooney_29_m
112	MickeyRooney	45	AGE45	7424	7423_MickeyRooney_45_m
112	MickeyRooney	24	AGE24	7412	7411_MickeyRooney_24_m
112	MickeyRooney	19	AGE19	7408	7407_MickeyRooney_19_m
112	MickeyRooney	22	AGE22	7410	7409_MickeyRooney_22_m
112	MickeyRooney	59	AGE59	7429	7428_MickeyRooney_59_m
112	MickeyRooney	26	AGE26	7413	7412_MickeyRooney_26_m
112	MickeyRooney	76	AGE76	7436	7435_MickeyRooney_76_m
112	MickeyRooney	7	AGE7	7401	7400_MickeyRooney_7_m
112	MickeyRooney	92	AGE92	7444	7443_MickeyRooney_92_m
112	MickeyRooney	23	AGE23	7411	7410_MickeyRooney_23_m
112	MickeyRooney	10	AGE10	7403	7402_MickeyRooney_10_m
112	MickeyRooney	16	AGE16	7406	7405_MickeyRooney_16_m
112	MickeyRooney	28	AGE28	7414	7413_MickeyRooney_28_m
112	MickeyRooney	8	AGE8	7402	7401_MickeyRooney_8_m
112	MickeyRooney	61	AGE61	7431	7430_MickeyRooney_61_m
112	MickeyRooney	86	AGE86	7442	7441_MickeyRooney_86_m
112	MickeyRooney	49	AGE49	7426	7425_MickeyRooney_49_m
112	MickeyRooney	40	AGE40	7420	7419_MickeyRooney_40_m
112	MickeyRooney	37	AGE37	7419	7418_MickeyRooney_37_m
112	MickeyRooney	71	AGE71	7433	7432_MickeyRooney_71_m
112	MickeyRooney	33	AGE33	7417	7416_MickeyRooney_33_m
112	MickeyRooney	43	AGE43	7423	7422_MickeyRooney_43_m
112	MickeyRooney	41	AGE41	7421	7420_MickeyRooney_41_m
112	MickeyRooney	93	AGE93	7445	7444_MickeyRooney_93_m
112	MickeyRooney	47	AGE47	7425	7424_MickeyRooney_47_m
112	MickeyRooney	15	AGE15	7405	7404_MickeyRooney_15_m
112	MickeyRooney	90	AGE90	7443	7442_MickeyRooney_90_m
112	MickeyRooney	83	AGE83	7440	7439_MickeyRooney_83_m
112	MickeyRooney	21	AGE21	7409	7408_MickeyRooney_21_m
113	GladysCooper	74	AGE74	13513	13512_GladysCooper_74_f
113	GladysCooper	83	AGE83	7125	7124_GladysCooper_83_m
113	GladysCooper	19	AGE19	7098	7097_GladysCooper_19_m
113	GladysCooper	70	AGE70	7121	7120_GladysCooper_70_m
113	GladysCooper	18	AGE18	7101	7100_GladysCooper_18_m
113	GladysCooper	24	AGE24	7104	7103_GladysCooper_24_m
113	GladysCooper	25	AGE25	7105	7104_GladysCooper_25_m
113	GladysCooper	53	AGE53	13505	13504_GladysCooper_53_f
113	GladysCooper	9	AGE9	7097	7096_GladysCooper_9_m
113	GladysCooper	62	AGE62	13510	13509_GladysCooper_62_f
113	GladysCooper	83	AGE83	13516	13515_GladysCooper_83_f
113	GladysCooper	59	AGE59	13509	13508_GladysCooper_59_f
113	GladysCooper	57	AGE57	7117	7116_GladysCooper_57_m
113	GladysCooper	18	AGE18	13491	13490_GladysCooper_18_f
113	GladysCooper	51	AGE51	7112	7111_GladysCooper_51_m
113	GladysCooper	66	AGE66	13511	13510_GladysCooper_66_f
113	GladysCooper	70	AGE70	13512	13511_GladysCooper_70_f
113	GladysCooper	19	AGE19	13492	13491_GladysCooper_19_f
113	GladysCooper	22	AGE22	13494	13493_GladysCooper_22_f
113	GladysCooper	16	AGE16	13490	13489_GladysCooper_16_f
113	GladysCooper	54	AGE54	7115	7114_GladysCooper_54_m
113	GladysCooper	30	AGE30	13498	13497_GladysCooper_30_f
113	GladysCooper	40	AGE40	7109	7108_GladysCooper_40_m
113	GladysCooper	24	AGE24	13495	13494_GladysCooper_24_f
113	GladysCooper	9	AGE9	13488	13487_GladysCooper_9_f
113	GladysCooper	59	AGE59	7118	7117_GladysCooper_59_m
113	GladysCooper	80	AGE80	7124	7123_GladysCooper_80_m
113	GladysCooper	15	AGE15	7099	7098_GladysCooper_15_m
113	GladysCooper	30	AGE30	7107	7106_GladysCooper_30_m
113	GladysCooper	66	AGE66	7120	7119_GladysCooper_66_m
113	GladysCooper	27	AGE27	7106	7105_GladysCooper_27_m
113	GladysCooper	21	AGE21	7102	7101_GladysCooper_21_m
113	GladysCooper	74	AGE74	7122	7121_GladysCooper_74_m
113	GladysCooper	54	AGE54	13506	13505_GladysCooper_54_f
113	GladysCooper	21	AGE21	13493	13492_GladysCooper_21_f
113	GladysCooper	51	AGE51	13503	13502_GladysCooper_51_f
113	GladysCooper	53	AGE53	7114	7113_GladysCooper_53_m
113	GladysCooper	57	AGE57	13508	13507_GladysCooper_57_f
113	GladysCooper	55	AGE55	7116	7115_GladysCooper_55_m
113	GladysCooper	16	AGE16	7100	7099_GladysCooper_16_m
113	GladysCooper	77	AGE77	7123	7122_GladysCooper_77_m
113	GladysCooper	36	AGE36	7108	7107_GladysCooper_36_m
113	GladysCooper	52	AGE52	13504	13503_GladysCooper_52_f
113	GladysCooper	55	AGE55	13507	13506_GladysCooper_55_f
113	GladysCooper	49	AGE49	7111	7110_GladysCooper_49_m
113	GladysCooper	52	AGE52	7113	7112_GladysCooper_52_m
113	GladysCooper	42	AGE42	13501	13500_GladysCooper_42_f
113	GladysCooper	42	AGE42	7110	7109_GladysCooper_42_m
113	GladysCooper	62	AGE62	7119	7118_GladysCooper_62_m
113	GladysCooper	80	AGE80	13515	13514_GladysCooper_80_f
113	GladysCooper	77	AGE77	13514	13513_GladysCooper_77_f
113	GladysCooper	49	AGE49	13502	13501_GladysCooper_49_f
113	GladysCooper	27	AGE27	13497	13496_GladysCooper_27_f
113	GladysCooper	40	AGE40	13500	13499_GladysCooper_40_f
113	GladysCooper	15	AGE15	13489	13488_GladysCooper_15_f
113	GladysCooper	25	AGE25	13496	13495_GladysCooper_25_f
113	GladysCooper	36	AGE36	13499	13498_GladysCooper_36_f
113	GladysCooper	22	AGE22	7103	7102_GladysCooper_22_m
114	akistsoxatzopoulos	3	AGE3	784	783_akistsoxatzopoulos_3_m
114	akistsoxatzopoulos	62	AGE62	801	800_akistsoxatzopoulos_62_m
114	akistsoxatzopoulos	35	AGE35	790	789_akistsoxatzopoulos_35_m
114	akistsoxatzopoulos	65	AGE65	799	798_akistsoxatzopoulos_65_m
114	akistsoxatzopoulos	70	AGE70	794	793_akistsoxatzopoulos_70_m
114	akistsoxatzopoulos	74	AGE74	798	797_akistsoxatzopoulos_74_m
114	akistsoxatzopoulos	60	AGE60	803	802_akistsoxatzopoulos_60_m
114	akistsoxatzopoulos	68	AGE68	791	790_akistsoxatzopoulos_68_m
114	akistsoxatzopoulos	65	AGE65	796	795_akistsoxatzopoulos_65_m
114	akistsoxatzopoulos	65	AGE65	792	791_akistsoxatzopoulos_65_m
114	akistsoxatzopoulos	24	AGE24	785	784_akistsoxatzopoulos_24_m
114	akistsoxatzopoulos	70	AGE70	804	803_akistsoxatzopoulos_70_m
114	akistsoxatzopoulos	43	AGE43	787	786_akistsoxatzopoulos_43_m
114	akistsoxatzopoulos	35	AGE35	789	788_akistsoxatzopoulos_35_m
114	akistsoxatzopoulos	42	AGE42	805	804_akistsoxatzopoulos_42_m
114	akistsoxatzopoulos	68	AGE68	793	792_akistsoxatzopoulos_68_m
114	akistsoxatzopoulos	72	AGE72	800	799_akistsoxatzopoulos_72_m
114	akistsoxatzopoulos	74	AGE74	788	787_akistsoxatzopoulos_74_m
114	akistsoxatzopoulos	25	AGE25	795	794_akistsoxatzopoulos_25_m
114	akistsoxatzopoulos	68	AGE68	797	796_akistsoxatzopoulos_68_m
114	akistsoxatzopoulos	57	AGE57	802	801_akistsoxatzopoulos_57_m
115	BarbaraBain	30	AGE30	10405	10404_BarbaraBain_30_f
115	BarbaraBain	79	AGE79	10437	10436_BarbaraBain_79_f
115	BarbaraBain	42	AGE42	10413	10412_BarbaraBain_42_f
115	BarbaraBain	41	AGE41	10412	10411_BarbaraBain_41_f
115	BarbaraBain	28	AGE28	10404	10403_BarbaraBain_28_f
115	BarbaraBain	32	AGE32	10406	10405_BarbaraBain_32_f
115	BarbaraBain	39	AGE39	10410	10409_BarbaraBain_39_f
115	BarbaraBain	38	AGE38	10409	10408_BarbaraBain_38_f
115	BarbaraBain	66	AGE66	10428	10427_BarbaraBain_66_f
115	BarbaraBain	75	AGE75	10435	10434_BarbaraBain_75_f
115	BarbaraBain	49	AGE49	10417	10416_BarbaraBain_49_f
115	BarbaraBain	63	AGE63	10426	10425_BarbaraBain_63_f
115	BarbaraBain	44	AGE44	10414	10413_BarbaraBain_44_f
115	BarbaraBain	64	AGE64	10427	10426_BarbaraBain_64_f
115	BarbaraBain	80	AGE80	10438	10437_BarbaraBain_80_f
115	BarbaraBain	53	AGE53	10419	10418_BarbaraBain_53_f
115	BarbaraBain	27	AGE27	10403	10402_BarbaraBain_27_f
115	BarbaraBain	54	AGE54	10420	10419_BarbaraBain_54_f
115	BarbaraBain	37	AGE37	10408	10407_BarbaraBain_37_f
115	BarbaraBain	59	AGE59	10423	10422_BarbaraBain_59_f
115	BarbaraBain	36	AGE36	10407	10406_BarbaraBain_36_f
115	BarbaraBain	60	AGE60	10424	10423_BarbaraBain_60_f
115	BarbaraBain	70	AGE70	10430	10429_BarbaraBain_70_f
115	BarbaraBain	81	AGE81	10439	10438_BarbaraBain_81_f
115	BarbaraBain	51	AGE51	10418	10417_BarbaraBain_51_f
115	BarbaraBain	61	AGE61	10425	10424_BarbaraBain_61_f
115	BarbaraBain	46	AGE46	10416	10415_BarbaraBain_46_f
115	BarbaraBain	72	AGE72	10431	10430_BarbaraBain_72_f
115	BarbaraBain	77	AGE77	10436	10435_BarbaraBain_77_f
115	BarbaraBain	55	AGE55	10421	10420_BarbaraBain_55_f
115	BarbaraBain	40	AGE40	10411	10410_BarbaraBain_40_f
115	BarbaraBain	56	AGE56	10422	10421_BarbaraBain_56_f
115	BarbaraBain	75	AGE75	10434	10433_BarbaraBain_75_f
115	BarbaraBain	69	AGE69	10429	10428_BarbaraBain_69_f
115	BarbaraBain	45	AGE45	10415	10414_BarbaraBain_45_f
115	BarbaraBain	74	AGE74	10433	10432_BarbaraBain_74_f
115	BarbaraBain	82	AGE82	10440	10439_BarbaraBain_82_f
115	BarbaraBain	73	AGE73	10432	10431_BarbaraBain_73_f
116	ConradHilton	90	AGE90	471	470_ConradHilton_90_m
116	ConradHilton	55	AGE55	464	463_ConradHilton_55_m
116	ConradHilton	32	AGE32	469	468_ConradHilton_32_m
116	ConradHilton	87	AGE87	465	464_ConradHilton_87_m
116	ConradHilton	73	AGE73	468	467_ConradHilton_73_m
116	ConradHilton	65	AGE65	467	466_ConradHilton_65_m
116	ConradHilton	75	AGE75	472	471_ConradHilton_75_m
116	ConradHilton	75	AGE75	470	469_ConradHilton_75_m
116	ConradHilton	70	AGE70	466	465_ConradHilton_70_m
117	VeraEllen	31	AGE31	15906	15905_VeraEllen_31_f
117	VeraEllen	26	AGE26	15902	15901_VeraEllen_26_f
117	VeraEllen	43	AGE43	15917	15916_VeraEllen_43_f
117	VeraEllen	40	AGE40	15914	15913_VeraEllen_40_f
117	VeraEllen	21	AGE21	15899	15898_VeraEllen_21_f
117	VeraEllen	24	AGE24	15901	15900_VeraEllen_24_f
117	VeraEllen	19	AGE19	15898	15897_VeraEllen_19_f
117	VeraEllen	37	AGE37	15911	15910_VeraEllen_37_f
117	VeraEllen	41	AGE41	15915	15914_VeraEllen_41_f
117	VeraEllen	23	AGE23	15900	15899_VeraEllen_23_f
117	VeraEllen	28	AGE28	15903	15902_VeraEllen_28_f
117	VeraEllen	29	AGE29	15904	15903_VeraEllen_29_f
117	VeraEllen	47	AGE47	15919	15918_VeraEllen_47_f
117	VeraEllen	42	AGE42	15916	15915_VeraEllen_42_f
117	VeraEllen	44	AGE44	15918	15917_VeraEllen_44_f
117	VeraEllen	17	AGE17	15897	15896_VeraEllen_17_f
117	VeraEllen	36	AGE36	15910	15909_VeraEllen_36_f
117	VeraEllen	34	AGE34	15909	15908_VeraEllen_34_f
117	VeraEllen	30	AGE30	15905	15904_VeraEllen_30_f
117	VeraEllen	38	AGE38	15912	15911_VeraEllen_38_f
117	VeraEllen	39	AGE39	15913	15912_VeraEllen_39_f
117	VeraEllen	32	AGE32	15907	15906_VeraEllen_32_f
117	VeraEllen	33	AGE33	15908	15907_VeraEllen_33_f
118	HelmutBerger	31	AGE31	4221	4220_HelmutBerger_31_m
118	HelmutBerger	67	AGE67	4240	4239_HelmutBerger_67_m
118	HelmutBerger	29	AGE29	4219	4218_HelmutBerger_29_m
118	HelmutBerger	30	AGE30	4220	4219_HelmutBerger_30_m
118	HelmutBerger	41	AGE41	4227	4226_HelmutBerger_41_m
118	HelmutBerger	64	AGE64	4238	4237_HelmutBerger_64_m
118	HelmutBerger	22	AGE22	4213	4212_HelmutBerger_22_m
118	HelmutBerger	35	AGE35	4225	4224_HelmutBerger_35_m
118	HelmutBerger	25	AGE25	4216	4215_HelmutBerger_25_m
118	HelmutBerger	46	AGE46	4230	4229_HelmutBerger_46_m
118	HelmutBerger	25	AGE25	4217	4216_HelmutBerger_25_m
118	HelmutBerger	60	AGE60	4235	4234_HelmutBerger_60_m
118	HelmutBerger	61	AGE61	4236	4235_HelmutBerger_61_m
118	HelmutBerger	68	AGE68	4241	4240_HelmutBerger_68_m
118	HelmutBerger	54	AGE54	4232	4231_HelmutBerger_54_m
118	HelmutBerger	51	AGE51	4231	4230_HelmutBerger_51_m
118	HelmutBerger	39	AGE39	4226	4225_HelmutBerger_39_m
118	HelmutBerger	59	AGE59	4234	4233_HelmutBerger_59_m
118	HelmutBerger	24	AGE24	4215	4214_HelmutBerger_24_m
118	HelmutBerger	65	AGE65	4239	4238_HelmutBerger_65_m
118	HelmutBerger	55	AGE55	4233	4232_HelmutBerger_55_m
118	HelmutBerger	26	AGE26	4218	4217_HelmutBerger_26_m
118	HelmutBerger	32	AGE32	4222	4221_HelmutBerger_32_m
118	HelmutBerger	44	AGE44	4229	4228_HelmutBerger_44_m
118	HelmutBerger	33	AGE33	4223	4222_HelmutBerger_33_m
118	HelmutBerger	42	AGE42	4228	4227_HelmutBerger_42_m
118	HelmutBerger	63	AGE63	4237	4236_HelmutBerger_63_m
118	HelmutBerger	23	AGE23	4214	4213_HelmutBerger_23_m
118	HelmutBerger	34	AGE34	4224	4223_HelmutBerger_34_m
119	AlanYoung	91	AGE91	1900	1899_AlanYoung_91_m
119	AlanYoung	50	AGE50	1889	1888_AlanYoung_50_m
119	AlanYoung	44	AGE44	1886	1885_AlanYoung_44_m
119	AlanYoung	30	AGE30	1874	1873_AlanYoung_30_m
119	AlanYoung	66	AGE66	1892	1891_AlanYoung_66_m
119	AlanYoung	23	AGE23	1869	1868_AlanYoung_23_m
119	AlanYoung	28	AGE28	1872	1871_AlanYoung_28_m
119	AlanYoung	43	AGE43	1885	1884_AlanYoung_43_m
119	AlanYoung	42	AGE42	1884	1883_AlanYoung_42_m
119	AlanYoung	87	AGE87	1896	1895_AlanYoung_87_m
119	AlanYoung	52	AGE52	1890	1889_AlanYoung_52_m
119	AlanYoung	29	AGE29	1873	1872_AlanYoung_29_m
119	AlanYoung	45	AGE45	1887	1886_AlanYoung_45_m
119	AlanYoung	33	AGE33	1876	1875_AlanYoung_33_m
119	AlanYoung	35	AGE35	1878	1877_AlanYoung_35_m
119	AlanYoung	36	AGE36	1879	1878_AlanYoung_36_m
119	AlanYoung	40	AGE40	1882	1881_AlanYoung_40_m
119	AlanYoung	85	AGE85	1894	1893_AlanYoung_85_m
119	AlanYoung	88	AGE88	1897	1896_AlanYoung_88_m
119	AlanYoung	79	AGE79	1893	1892_AlanYoung_79_m
119	AlanYoung	31	AGE31	1875	1874_AlanYoung_31_m
119	AlanYoung	25	AGE25	1870	1869_AlanYoung_25_m
119	AlanYoung	89	AGE89	1898	1897_AlanYoung_89_m
119	AlanYoung	39	AGE39	1881	1880_AlanYoung_39_m
119	AlanYoung	38	AGE38	1880	1879_AlanYoung_38_m
119	AlanYoung	90	AGE90	1899	1898_AlanYoung_90_m
119	AlanYoung	86	AGE86	1895	1894_AlanYoung_86_m
119	AlanYoung	53	AGE53	1891	1890_AlanYoung_53_m
119	AlanYoung	27	AGE27	1871	1870_AlanYoung_27_m
119	AlanYoung	34	AGE34	1877	1876_AlanYoung_34_m
119	AlanYoung	46	AGE46	1888	1887_AlanYoung_46_m
119	AlanYoung	41	AGE41	1883	1882_AlanYoung_41_m
120	TomJones	67	AGE67	1861	1860_TomJones_67_m
120	TomJones	22	AGE22	9752	9751_TomJones_22_f
120	TomJones	28	AGE28	1838	1837_TomJones_28_m
120	TomJones	32	AGE32	1841	1840_TomJones_32_m
120	TomJones	33	AGE33	9763	9762_TomJones_33_f
120	TomJones	72	AGE72	1866	1865_TomJones_72_m
120	TomJones	18	AGE18	9751	9750_TomJones_18_f
120	TomJones	38	AGE38	9765	9764_TomJones_38_f
120	TomJones	63	AGE63	9778	9777_TomJones_63_f
120	TomJones	44	AGE44	1846	1845_TomJones_44_m
120	TomJones	29	AGE29	1839	1838_TomJones_29_m
120	TomJones	30	AGE30	1840	1839_TomJones_30_m
120	TomJones	69	AGE69	1863	1862_TomJones_69_m
120	TomJones	27	AGE27	9758	9757_TomJones_27_f
120	TomJones	74	AGE74	1868	1867_TomJones_74_m
120	TomJones	64	AGE64	9779	9778_TomJones_64_f
120	TomJones	24	AGE24	1834	1833_TomJones_24_m
120	TomJones	40	AGE40	9766	9765_TomJones_40_f
120	TomJones	25	AGE25	9756	9755_TomJones_25_f
120	TomJones	65	AGE65	1859	1858_TomJones_65_m
120	TomJones	58	AGE58	9773	9772_TomJones_58_f
120	TomJones	68	AGE68	9783	9782_TomJones_68_f
120	TomJones	65	AGE65	9780	9779_TomJones_65_f
120	TomJones	66	AGE66	9781	9780_TomJones_66_f
120	TomJones	60	AGE60	1854	1853_TomJones_60_m
120	TomJones	55	AGE55	9772	9771_TomJones_55_f
120	TomJones	73	AGE73	9788	9787_TomJones_73_f
120	TomJones	24	AGE24	9755	9754_TomJones_24_f
120	TomJones	68	AGE68	1862	1861_TomJones_68_m
120	TomJones	63	AGE63	1857	1856_TomJones_63_m
120	TomJones	51	AGE51	9770	9769_TomJones_51_f
120	TomJones	25	AGE25	1835	1834_TomJones_25_m
120	TomJones	71	AGE71	1865	1864_TomJones_71_m
120	TomJones	72	AGE72	9787	9786_TomJones_72_f
120	TomJones	62	AGE62	9777	9776_TomJones_62_f
120	TomJones	40	AGE40	1845	1844_TomJones_40_m
120	TomJones	27	AGE27	1837	1836_TomJones_27_m
120	TomJones	18	AGE18	1830	1829_TomJones_18_m
120	TomJones	23	AGE23	9753	9752_TomJones_23_f
120	TomJones	23	AGE23	1832	1831_TomJones_23_m
120	TomJones	50	AGE50	9769	9768_TomJones_50_f
120	TomJones	35	AGE35	9764	9763_TomJones_35_f
120	TomJones	24	AGE24	1833	1832_TomJones_24_m
120	TomJones	61	AGE61	1855	1854_TomJones_61_m
120	TomJones	48	AGE48	1847	1846_TomJones_48_m
120	TomJones	35	AGE35	1843	1842_TomJones_35_m
120	TomJones	38	AGE38	1844	1843_TomJones_38_m
120	TomJones	71	AGE71	9786	9785_TomJones_71_f
120	TomJones	59	AGE59	1853	1852_TomJones_59_m
120	TomJones	53	AGE53	9771	9770_TomJones_53_f
120	TomJones	26	AGE26	9757	9756_TomJones_26_f
120	TomJones	60	AGE60	9775	9774_TomJones_60_f
120	TomJones	73	AGE73	1867	1866_TomJones_73_m
120	TomJones	74	AGE74	9789	9788_TomJones_74_f
120	TomJones	70	AGE70	9785	9784_TomJones_70_f
120	TomJones	50	AGE50	1848	1847_TomJones_50_m
120	TomJones	58	AGE58	1852	1851_TomJones_58_m
120	TomJones	59	AGE59	9774	9773_TomJones_59_f
120	TomJones	28	AGE28	9759	9758_TomJones_28_f
120	TomJones	55	AGE55	1851	1850_TomJones_55_m
120	TomJones	33	AGE33	1842	1841_TomJones_33_m
120	TomJones	48	AGE48	9768	9767_TomJones_48_f
120	TomJones	29	AGE29	9760	9759_TomJones_29_f
120	TomJones	69	AGE69	9784	9783_TomJones_69_f
120	TomJones	24	AGE24	9754	9753_TomJones_24_f
120	TomJones	67	AGE67	9782	9781_TomJones_67_f
120	TomJones	30	AGE30	9761	9760_TomJones_30_f
120	TomJones	32	AGE32	9762	9761_TomJones_32_f
120	TomJones	26	AGE26	1836	1835_TomJones_26_m
120	TomJones	22	AGE22	1831	1830_TomJones_22_m
120	TomJones	66	AGE66	1860	1859_TomJones_66_m
120	TomJones	64	AGE64	1858	1857_TomJones_64_m
120	TomJones	51	AGE51	1849	1848_TomJones_51_m
120	TomJones	53	AGE53	1850	1849_TomJones_53_m
120	TomJones	62	AGE62	1856	1855_TomJones_62_m
120	TomJones	70	AGE70	1864	1863_TomJones_70_m
120	TomJones	44	AGE44	9767	9766_TomJones_44_f
120	TomJones	61	AGE61	9776	9775_TomJones_61_f
121	RafVallone	49	AGE49	6042	6041_RafVallone_49_m
121	RafVallone	26	AGE26	6026	6025_RafVallone_26_m
121	RafVallone	82	AGE82	6057	6056_RafVallone_82_m
121	RafVallone	46	AGE46	6039	6038_RafVallone_46_m
121	RafVallone	40	AGE40	6035	6034_RafVallone_40_m
121	RafVallone	36	AGE36	6031	6030_RafVallone_36_m
121	RafVallone	84	AGE84	6058	6057_RafVallone_84_m
121	RafVallone	51	AGE51	6044	6043_RafVallone_51_m
121	RafVallone	77	AGE77	6056	6055_RafVallone_77_m
121	RafVallone	56	AGE56	6046	6045_RafVallone_56_m
121	RafVallone	39	AGE39	6034	6033_RafVallone_39_m
121	RafVallone	72	AGE72	6055	6054_RafVallone_72_m
121	RafVallone	34	AGE34	6024	6023_RafVallone_34_m
121	RafVallone	32	AGE32	6028	6027_RafVallone_32_m
121	RafVallone	68	AGE68	6054	6053_RafVallone_68_m
121	RafVallone	45	AGE45	6038	6037_RafVallone_45_m
121	RafVallone	50	AGE50	6043	6042_RafVallone_50_m
121	RafVallone	86	AGE86	6059	6058_RafVallone_86_m
121	RafVallone	33	AGE33	6029	6028_RafVallone_33_m
121	RafVallone	41	AGE41	6036	6035_RafVallone_41_m
121	RafVallone	57	AGE57	6047	6046_RafVallone_57_m
121	RafVallone	25	AGE25	6025	6024_RafVallone_25_m
121	RafVallone	35	AGE35	6030	6029_RafVallone_35_m
121	RafVallone	52	AGE52	6045	6044_RafVallone_52_m
121	RafVallone	48	AGE48	6041	6040_RafVallone_48_m
121	RafVallone	67	AGE67	6053	6052_RafVallone_67_m
121	RafVallone	42	AGE42	6037	6036_RafVallone_42_m
121	RafVallone	38	AGE38	6033	6032_RafVallone_38_m
121	RafVallone	63	AGE63	6051	6050_RafVallone_63_m
121	RafVallone	61	AGE61	6049	6048_RafVallone_61_m
121	RafVallone	60	AGE60	6048	6047_RafVallone_60_m
121	RafVallone	37	AGE37	6032	6031_RafVallone_37_m
121	RafVallone	47	AGE47	6040	6039_RafVallone_47_m
121	RafVallone	28	AGE28	6027	6026_RafVallone_28_m
121	RafVallone	62	AGE62	6050	6049_RafVallone_62_m
121	RafVallone	65	AGE65	6052	6051_RafVallone_65_m
122	MorganFreeman 	35	AGE35	16047	16046_MorganFreeman _35_m
122	MorganFreeman 	41	AGE41	16048	16047_MorganFreeman _41_m
122	MorganFreeman 	51	AGE51	16051	16050_MorganFreeman _51_m
122	MorganFreeman 	71	AGE71	16038	16037_MorganFreeman _71_m
122	MorganFreeman 	67	AGE67	16041	16040_MorganFreeman _67_m
122	MorganFreeman 	79	AGE79	16027	16026_MorganFreeman _79_m
122	MorganFreeman 	74	AGE74	16036	16035_MorganFreeman _74_m
122	MorganFreeman 	79	AGE79	16024	16023_MorganFreeman _79_m
122	MorganFreeman 	51	AGE51	16031	16030_MorganFreeman _51_m
122	MorganFreeman 	59	AGE59	16033	16032_MorganFreeman _59_m
122	MorganFreeman 	75	AGE75	16044	16043_MorganFreeman _75_m
122	MorganFreeman 	52	AGE52	16052	16051_MorganFreeman _52_m
122	MorganFreeman 	18	AGE18	16043	16042_MorganFreeman _18_m
122	MorganFreeman 	49	AGE49	16049	16048_MorganFreeman _49_m
122	MorganFreeman 	70	AGE70	16037	16036_MorganFreeman _70_m
122	MorganFreeman 	79	AGE79	16028	16027_MorganFreeman _79_m
122	MorganFreeman 	80	AGE80	16026	16025_MorganFreeman _80_m
122	MorganFreeman 	67	AGE67	16035	16034_MorganFreeman _67_m
122	MorganFreeman 	77	AGE77	16023	16022_MorganFreeman _77_m
122	MorganFreeman 	44	AGE44	16050	16049_MorganFreeman _44_m
122	MorganFreeman 	77	AGE77	16029	16028_MorganFreeman _77_m
122	MorganFreeman 	60	AGE60	16034	16033_MorganFreeman _60_m
122	MorganFreeman 	72	AGE72	16045	16044_MorganFreeman _72_m
122	MorganFreeman 	41	AGE41	16030	16029_MorganFreeman _41_m
122	MorganFreeman 	17	AGE17	16042	16041_MorganFreeman _17_m
122	MorganFreeman 	68	AGE68	16040	16039_MorganFreeman _68_m
122	MorganFreeman 	70	AGE70	16022	16021_MorganFreeman _70_m
122	MorganFreeman 	69	AGE69	16039	16038_MorganFreeman _69_m
122	MorganFreeman 	73	AGE73	16021	16020_MorganFreeman _73_m
122	MorganFreeman 	80	AGE80	16025	16024_MorganFreeman _80_m
122	MorganFreeman 	35	AGE35	16046	16045_MorganFreeman _35_m
122	MorganFreeman 	51	AGE51	16032	16031_MorganFreeman _51_m
123	Dee	86	AGE86	16344	16343_Dee_86_f
123	Dee	60	AGE60	16350	16349_Dee_60_f
123	Dee	81	AGE81	16336	16335_Dee_81_f
123	Dee	63	AGE63	16348	16347_Dee_63_f
123	Dee	69	AGE69	16330	16329_Dee_69_f
123	Dee	80	AGE80	16335	16334_Dee_80_f
123	Dee	28	AGE28	16342	16341_Dee_28_f
123	Dee	82	AGE82	16334	16333_Dee_82_f
123	Dee	28	AGE28	16331	16330_Dee_28_f
123	Dee	57	AGE57	16340	16339_Dee_57_f
123	Dee	41	AGE41	16341	16340_Dee_41_f
123	Dee	91	AGE91	16332	16331_Dee_91_f
123	Dee	85	AGE85	16339	16338_Dee_85_f
123	Dee	88	AGE88	16343	16342_Dee_88_f
123	Dee	40	AGE40	16329	16328_Dee_40_f
123	Dee	84	AGE84	16349	16348_Dee_84_f
123	Dee	50	AGE50	16333	16332_Dee_50_f
123	Dee	24	AGE24	16346	16345_Dee_24_f
123	Dee	84	AGE84	16345	16344_Dee_84_f
123	Dee	86	AGE86	16338	16337_Dee_86_f
123	Dee	71	AGE71	16347	16346_Dee_71_f
123	Dee	89	AGE89	16337	16336_Dee_89_f
124	SartreJeanPaul	43	AGE43	1403	1402_SartreJeanPaul_43_m
124	SartreJeanPaul	57	AGE57	1405	1404_SartreJeanPaul_57_m
124	SartreJeanPaul	35	AGE35	1397	1396_SartreJeanPaul_35_m
124	SartreJeanPaul	58	AGE58	1400	1399_SartreJeanPaul_58_m
124	SartreJeanPaul	53	AGE53	1399	1398_SartreJeanPaul_53_m
124	SartreJeanPaul	55	AGE55	1404	1403_SartreJeanPaul_55_m
124	SartreJeanPaul	43	AGE43	1396	1395_SartreJeanPaul_43_m
124	SartreJeanPaul	41	AGE41	1401	1400_SartreJeanPaul_41_m
124	SartreJeanPaul	41	AGE41	1398	1397_SartreJeanPaul_41_m
124	SartreJeanPaul	42	AGE42	1402	1401_SartreJeanPaul_42_m
124	SartreJeanPaul	63	AGE63	1406	1405_SartreJeanPaul_63_m
125	AlexandrakisAlekos	34	AGE34	9632	9631_AlexandrakisAlekos_34_m
125	AlexandrakisAlekos	34	AGE34	9641	9640_AlexandrakisAlekos_34_m
125	AlexandrakisAlekos	25	AGE25	9640	9639_AlexandrakisAlekos_25_m
125	AlexandrakisAlekos	40	AGE40	9634	9633_AlexandrakisAlekos_40_m
125	AlexandrakisAlekos	40	AGE40	9629	9628_AlexandrakisAlekos_40_m
125	AlexandrakisAlekos	35	AGE35	9637	9636_AlexandrakisAlekos_35_m
125	AlexandrakisAlekos	45	AGE45	9628	9627_AlexandrakisAlekos_45_m
125	AlexandrakisAlekos	43	AGE43	9630	9629_AlexandrakisAlekos_43_m
125	AlexandrakisAlekos	45	AGE45	9636	9635_AlexandrakisAlekos_45_m
125	AlexandrakisAlekos	38	AGE38	9631	9630_AlexandrakisAlekos_38_m
125	AlexandrakisAlekos	73	AGE73	9626	9625_AlexandrakisAlekos_73_m
125	AlexandrakisAlekos	30	AGE30	9635	9634_AlexandrakisAlekos_30_m
125	AlexandrakisAlekos	45	AGE45	9642	9641_AlexandrakisAlekos_45_m
125	AlexandrakisAlekos	34	AGE34	9638	9637_AlexandrakisAlekos_34_m
125	AlexandrakisAlekos	68	AGE68	9639	9638_AlexandrakisAlekos_68_m
125	AlexandrakisAlekos	55	AGE55	9633	9632_AlexandrakisAlekos_55_m
125	AlexandrakisAlekos	33	AGE33	9627	9626_AlexandrakisAlekos_33_m
126	JamesArness	49	AGE49	6351	6350_JamesArness_49_m
126	JamesArness	30	AGE30	6338	6337_JamesArness_30_m
126	JamesArness	41	AGE41	6348	6347_JamesArness_41_m
126	JamesArness	36	AGE36	6344	6343_JamesArness_36_m
126	JamesArness	33	AGE33	6341	6340_JamesArness_33_m
126	JamesArness	66	AGE66	6362	6361_JamesArness_66_m
126	JamesArness	54	AGE54	6356	6355_JamesArness_54_m
126	JamesArness	64	AGE64	6361	6360_JamesArness_64_m
126	JamesArness	52	AGE52	6354	6353_JamesArness_52_m
126	JamesArness	51	AGE51	6353	6352_JamesArness_51_m
126	JamesArness	35	AGE35	6343	6342_JamesArness_35_m
126	JamesArness	55	AGE55	6357	6356_JamesArness_55_m
126	JamesArness	34	AGE34	6342	6341_JamesArness_34_m
126	JamesArness	21	AGE21	6331	6330_JamesArness_21_m
126	JamesArness	56	AGE56	6358	6357_JamesArness_56_m
126	JamesArness	76	AGE76	6366	6365_JamesArness_76_m
126	JamesArness	57	AGE57	6359	6358_JamesArness_57_m
126	JamesArness	78	AGE78	6367	6366_JamesArness_78_m
126	JamesArness	27	AGE27	6335	6334_JamesArness_27_m
126	JamesArness	59	AGE59	6360	6359_JamesArness_59_m
126	JamesArness	48	AGE48	6350	6349_JamesArness_48_m
126	JamesArness	23	AGE23	6332	6331_JamesArness_23_m
126	JamesArness	72	AGE72	6365	6364_JamesArness_72_m
126	JamesArness	29	AGE29	6337	6336_JamesArness_29_m
126	JamesArness	25	AGE25	6333	6332_JamesArness_25_m
126	JamesArness	79	AGE79	6368	6367_JamesArness_79_m
126	JamesArness	37	AGE37	6345	6344_JamesArness_37_m
126	JamesArness	39	AGE39	6347	6346_JamesArness_39_m
126	JamesArness	38	AGE38	6346	6345_JamesArness_38_m
126	JamesArness	26	AGE26	6334	6333_JamesArness_26_m
126	JamesArness	70	AGE70	6364	6363_JamesArness_70_m
126	JamesArness	46	AGE46	6349	6348_JamesArness_46_m
126	JamesArness	31	AGE31	6339	6338_JamesArness_31_m
126	JamesArness	87	AGE87	6369	6368_JamesArness_87_m
126	JamesArness	50	AGE50	6352	6351_JamesArness_50_m
126	JamesArness	32	AGE32	6340	6339_JamesArness_32_m
126	JamesArness	28	AGE28	6336	6335_JamesArness_28_m
126	JamesArness	53	AGE53	6355	6354_JamesArness_53_m
126	JamesArness	68	AGE68	6363	6362_JamesArness_68_m
127	HumphreyBogard	50	AGE50	9012	9011_HumphreyBogard_50_m
127	HumphreyBogard	56	AGE56	9037	9036_HumphreyBogard_56_m
127	HumphreyBogard	37	AGE37	9014	9013_HumphreyBogard_37_m
127	HumphreyBogard	41	AGE41	9029	9028_HumphreyBogard_41_m
127	HumphreyBogard	36	AGE36	9035	9034_HumphreyBogard_36_m
127	HumphreyBogard	42	AGE42	9038	9037_HumphreyBogard_42_m
127	HumphreyBogard	47	AGE47	9016	9015_HumphreyBogard_47_m
127	HumphreyBogard	38	AGE38	9030	9029_HumphreyBogard_38_m
127	HumphreyBogard	42	AGE42	9022	9021_HumphreyBogard_42_m
127	HumphreyBogard	40	AGE40	9013	9012_HumphreyBogard_40_m
127	HumphreyBogard	48	AGE48	9026	9025_HumphreyBogard_48_m
127	HumphreyBogard	35	AGE35	9033	9032_HumphreyBogard_35_m
127	HumphreyBogard	43	AGE43	9017	9016_HumphreyBogard_43_m
127	HumphreyBogard	43	AGE43	9025	9024_HumphreyBogard_43_m
127	HumphreyBogard	37	AGE37	9039	9038_HumphreyBogard_37_m
127	HumphreyBogard	50	AGE50	9023	9022_HumphreyBogard_50_m
127	HumphreyBogard	39	AGE39	9027	9026_HumphreyBogard_39_m
127	HumphreyBogard	47	AGE47	9015	9014_HumphreyBogard_47_m
127	HumphreyBogard	37	AGE37	9028	9027_HumphreyBogard_37_m
127	HumphreyBogard	45	AGE45	9019	9018_HumphreyBogard_45_m
127	HumphreyBogard	55	AGE55	9034	9033_HumphreyBogard_55_m
127	HumphreyBogard	43	AGE43	9018	9017_HumphreyBogard_43_m
127	HumphreyBogard	50	AGE50	9024	9023_HumphreyBogard_50_m
127	HumphreyBogard	38	AGE38	9032	9031_HumphreyBogard_38_m
127	HumphreyBogard	44	AGE44	9021	9020_HumphreyBogard_44_m
127	HumphreyBogard	40	AGE40	9031	9030_HumphreyBogard_40_m
128	JPMorgan	38	AGE38	358	357_JPMorgan_38_m
128	JPMorgan	50	AGE50	360	359_JPMorgan_50_m
128	JPMorgan	62	AGE62	362	361_JPMorgan_62_m
128	JPMorgan	52	AGE52	364	363_JPMorgan_52_m
128	JPMorgan	65	AGE65	356	355_JPMorgan_65_m
128	JPMorgan	48	AGE48	359	358_JPMorgan_48_m
128	JPMorgan	25	AGE25	363	362_JPMorgan_25_m
128	JPMorgan	66	AGE66	361	360_JPMorgan_66_m
128	JPMorgan	70	AGE70	357	356_JPMorgan_70_m
129	AlCorley	33	AGE33	1603	1602_AlCorley_33_m
129	AlCorley	31	AGE31	1602	1601_AlCorley_31_m
129	AlCorley	45	AGE45	1608	1607_AlCorley_45_m
129	AlCorley	28	AGE28	1600	1599_AlCorley_28_m
129	AlCorley	53	AGE53	1616	1615_AlCorley_53_m
129	AlCorley	48	AGE48	1611	1610_AlCorley_48_m
129	AlCorley	50	AGE50	1613	1612_AlCorley_50_m
129	AlCorley	20	AGE20	1593	1592_AlCorley_20_m
129	AlCorley	22	AGE22	1594	1593_AlCorley_22_m
129	AlCorley	23	AGE23	1595	1594_AlCorley_23_m
129	AlCorley	52	AGE52	1615	1614_AlCorley_52_m
129	AlCorley	58	AGE58	1617	1616_AlCorley_58_m
129	AlCorley	51	AGE51	1614	1613_AlCorley_51_m
129	AlCorley	26	AGE26	1598	1597_AlCorley_26_m
129	AlCorley	25	AGE25	1597	1596_AlCorley_25_m
129	AlCorley	49	AGE49	1612	1611_AlCorley_49_m
129	AlCorley	29	AGE29	1601	1600_AlCorley_29_m
129	AlCorley	39	AGE39	1606	1605_AlCorley_39_m
129	AlCorley	24	AGE24	1596	1595_AlCorley_24_m
129	AlCorley	46	AGE46	1609	1608_AlCorley_46_m
129	AlCorley	27	AGE27	1599	1598_AlCorley_27_m
129	AlCorley	59	AGE59	1618	1617_AlCorley_59_m
129	AlCorley	36	AGE36	1605	1604_AlCorley_36_m
129	AlCorley	44	AGE44	1607	1606_AlCorley_44_m
129	AlCorley	34	AGE34	1604	1603_AlCorley_34_m
129	AlCorley	47	AGE47	1610	1609_AlCorley_47_m
130	merrillcharles	69	AGE69	424	423_merrillcharles_69_m
130	merrillcharles	65	AGE65	423	422_merrillcharles_65_m
130	merrillcharles	70	AGE70	425	424_merrillcharles_70_m
130	merrillcharles	70	AGE70	422	421_merrillcharles_70_m
130	merrillcharles	17	AGE17	426	425_merrillcharles_17_m
131	ElizabethTaylor	49	AGE49	14705	14704_ElizabethTaylor_49_f
131	ElizabethTaylor	28	AGE28	14709	14708_ElizabethTaylor_28_f
131	ElizabethTaylor	21	AGE21	14703	14702_ElizabethTaylor_21_f
131	ElizabethTaylor	75	AGE75	14707	14706_ElizabethTaylor_75_f
131	ElizabethTaylor	18	AGE18	14701	14700_ElizabethTaylor_18_f
131	ElizabethTaylor	23	AGE23	14698	14697_ElizabethTaylor_23_f
131	ElizabethTaylor	75	AGE75	14700	14699_ElizabethTaylor_75_f
131	ElizabethTaylor	20	AGE20	14702	14701_ElizabethTaylor_20_f
131	ElizabethTaylor	33	AGE33	14710	14709_ElizabethTaylor_33_f
131	ElizabethTaylor	56	AGE56	14706	14705_ElizabethTaylor_56_f
131	ElizabethTaylor	77	AGE77	14695	14694_ElizabethTaylor_77_f
131	ElizabethTaylor	49	AGE49	14699	14698_ElizabethTaylor_49_f
131	ElizabethTaylor	16	AGE16	14697	14696_ElizabethTaylor_16_f
131	ElizabethTaylor	75	AGE75	14694	14693_ElizabethTaylor_75_f
131	ElizabethTaylor	61	AGE61	14708	14707_ElizabethTaylor_61_f
131	ElizabethTaylor	13	AGE13	14696	14695_ElizabethTaylor_13_f
131	ElizabethTaylor	40	AGE40	14712	14711_ElizabethTaylor_40_f
131	ElizabethTaylor	35	AGE35	14704	14703_ElizabethTaylor_35_f
131	ElizabethTaylor	50	AGE50	14711	14710_ElizabethTaylor_50_f
132	AlexanderGrahamBell	74	AGE74	1265	1264_AlexanderGrahamBell_74_m
132	AlexanderGrahamBell	74	AGE74	1257	1256_AlexanderGrahamBell_74_m
132	AlexanderGrahamBell	35	AGE35	1258	1257_AlexanderGrahamBell_35_m
132	AlexanderGrahamBell	70	AGE70	1266	1265_AlexanderGrahamBell_70_m
132	AlexanderGrahamBell	40	AGE40	1255	1254_AlexanderGrahamBell_40_m
132	AlexanderGrahamBell	75	AGE75	1267	1266_AlexanderGrahamBell_75_m
132	AlexanderGrahamBell	38	AGE38	1263	1262_AlexanderGrahamBell_38_m
132	AlexanderGrahamBell	62	AGE62	1259	1258_AlexanderGrahamBell_62_m
132	AlexanderGrahamBell	29	AGE29	1254	1253_AlexanderGrahamBell_29_m
132	AlexanderGrahamBell	73	AGE73	1260	1259_AlexanderGrahamBell_73_m
132	AlexanderGrahamBell	29	AGE29	1262	1261_AlexanderGrahamBell_29_m
132	AlexanderGrahamBell	27	AGE27	1253	1252_AlexanderGrahamBell_27_m
132	AlexanderGrahamBell	65	AGE65	1256	1255_AlexanderGrahamBell_65_m
132	AlexanderGrahamBell	29	AGE29	1261	1260_AlexanderGrahamBell_29_m
133	LeeJCobb	39	AGE39	6555	6554_LeeJCobb_39_m
133	LeeJCobb	55	AGE55	6569	6568_LeeJCobb_55_m
133	LeeJCobb	37	AGE37	6553	6552_LeeJCobb_37_m
133	LeeJCobb	42	AGE42	6563	6562_LeeJCobb_42_m
133	LeeJCobb	40	AGE40	6562	6561_LeeJCobb_40_m
133	LeeJCobb	26	AGE26	6549	6548_LeeJCobb_26_m
133	LeeJCobb	46	AGE46	6566	6565_LeeJCobb_46_m
133	LeeJCobb	44	AGE44	6565	6564_LeeJCobb_44_m
133	LeeJCobb	59	AGE59	6570	6569_LeeJCobb_59_m
133	LeeJCobb	48	AGE48	6567	6566_LeeJCobb_48_m
133	LeeJCobb	57	AGE57	6559	6558_LeeJCobb_57_m
133	LeeJCobb	34	AGE34	6551	6550_LeeJCobb_34_m
133	LeeJCobb	24	AGE24	6548	6547_LeeJCobb_24_m
133	LeeJCobb	53	AGE53	6558	6557_LeeJCobb_53_m
133	LeeJCobb	60	AGE60	6571	6570_LeeJCobb_60_m
133	LeeJCobb	64	AGE64	6573	6572_LeeJCobb_64_m
133	LeeJCobb	61	AGE61	6560	6559_LeeJCobb_61_m
133	LeeJCobb	63	AGE63	6561	6560_LeeJCobb_63_m
133	LeeJCobb	35	AGE35	6552	6551_LeeJCobb_35_m
133	LeeJCobb	28	AGE28	6550	6549_LeeJCobb_28_m
133	LeeJCobb	43	AGE43	6564	6563_LeeJCobb_43_m
133	LeeJCobb	38	AGE38	6554	6553_LeeJCobb_38_m
133	LeeJCobb	50	AGE50	6568	6567_LeeJCobb_50_m
133	LeeJCobb	51	AGE51	6557	6556_LeeJCobb_51_m
133	LeeJCobb	62	AGE62	6572	6571_LeeJCobb_62_m
133	LeeJCobb	47	AGE47	6556	6555_LeeJCobb_47_m
134	JohnLithgow	66	AGE66	3405	3404_JohnLithgow_66_m
134	JohnLithgow	53	AGE53	3396	3395_JohnLithgow_53_m
134	JohnLithgow	69	AGE69	3408	3407_JohnLithgow_69_m
134	JohnLithgow	70	AGE70	3409	3408_JohnLithgow_70_m
134	JohnLithgow	50	AGE50	3393	3392_JohnLithgow_50_m
134	JohnLithgow	64	AGE64	3403	3402_JohnLithgow_64_m
134	JohnLithgow	59	AGE59	3399	3398_JohnLithgow_59_m
134	JohnLithgow	52	AGE52	3395	3394_JohnLithgow_52_m
134	JohnLithgow	62	AGE62	3401	3400_JohnLithgow_62_m
134	JohnLithgow	56	AGE56	3397	3396_JohnLithgow_56_m
134	JohnLithgow	39	AGE39	3384	3383_JohnLithgow_39_m
134	JohnLithgow	47	AGE47	3390	3389_JohnLithgow_47_m
134	JohnLithgow	68	AGE68	3407	3406_JohnLithgow_68_m
134	JohnLithgow	51	AGE51	3394	3393_JohnLithgow_51_m
134	JohnLithgow	49	AGE49	3392	3391_JohnLithgow_49_m
134	JohnLithgow	46	AGE46	3389	3388_JohnLithgow_46_m
134	JohnLithgow	43	AGE43	3387	3386_JohnLithgow_43_m
134	JohnLithgow	60	AGE60	3400	3399_JohnLithgow_60_m
134	JohnLithgow	42	AGE42	3385	3384_JohnLithgow_42_m
134	JohnLithgow	43	AGE43	3386	3385_JohnLithgow_43_m
134	JohnLithgow	48	AGE48	3391	3390_JohnLithgow_48_m
134	JohnLithgow	65	AGE65	3404	3403_JohnLithgow_65_m
134	JohnLithgow	63	AGE63	3402	3401_JohnLithgow_63_m
134	JohnLithgow	57	AGE57	3398	3397_JohnLithgow_57_m
134	JohnLithgow	67	AGE67	3406	3405_JohnLithgow_67_m
135	RichardPryor	45	AGE45	16230	16229_RichardPryor_45_m
135	RichardPryor	47	AGE47	16018	16017_RichardPryor_47_m
135	RichardPryor	26	AGE26	16223	16222_RichardPryor_26_m
135	RichardPryor	39	AGE39	16233	16232_RichardPryor_39_m
135	RichardPryor	61	AGE61	16227	16226_RichardPryor_61_m
135	RichardPryor	46	AGE46	16212	16211_RichardPryor_46_m
135	RichardPryor	37	AGE37	16214	16213_RichardPryor_37_m
135	RichardPryor	60	AGE60	16221	16220_RichardPryor_60_m
135	RichardPryor	40	AGE40	16235	16234_RichardPryor_40_m
135	RichardPryor	37	AGE37	16220	16219_RichardPryor_37_m
135	RichardPryor	55	AGE55	16234	16233_RichardPryor_55_m
135	RichardPryor	65	AGE65	16228	16227_RichardPryor_65_m
135	RichardPryor	7	AGE7	16213	16212_RichardPryor_7_m
135	RichardPryor	37	AGE37	16226	16225_RichardPryor_37_m
135	RichardPryor	29	AGE29	16210	16209_RichardPryor_29_m
135	RichardPryor	30	AGE30	16218	16217_RichardPryor_30_m
135	RichardPryor	37	AGE37	16216	16215_RichardPryor_37_m
135	RichardPryor	47	AGE47	16017	16016_RichardPryor_47_m
135	RichardPryor	47	AGE47	16209	16208_RichardPryor_47_m
135	RichardPryor	36	AGE36	16231	16230_RichardPryor_36_m
135	RichardPryor	43	AGE43	16222	16221_RichardPryor_43_m
135	RichardPryor	41	AGE41	16217	16216_RichardPryor_41_m
135	RichardPryor	26	AGE26	16224	16223_RichardPryor_26_m
135	RichardPryor	28	AGE28	16229	16228_RichardPryor_28_m
135	RichardPryor	43	AGE43	16211	16210_RichardPryor_43_m
135	RichardPryor	24	AGE24	16020	16019_RichardPryor_24_m
135	RichardPryor	37	AGE37	16215	16214_RichardPryor_37_m
135	RichardPryor	28	AGE28	16219	16218_RichardPryor_28_m
135	RichardPryor	26	AGE26	16225	16224_RichardPryor_26_m
135	RichardPryor	54	AGE54	16232	16231_RichardPryor_54_m
136	LawrenceTierney	27	AGE27	9086	9085_LawrenceTierney_27_m
136	LawrenceTierney	66	AGE66	9095	9094_LawrenceTierney_66_m
136	LawrenceTierney	24	AGE24	9082	9081_LawrenceTierney_24_m
136	LawrenceTierney	26	AGE26	9084	9083_LawrenceTierney_26_m
136	LawrenceTierney	69	AGE69	9105	9104_LawrenceTierney_69_m
136	LawrenceTierney	75	AGE75	9099	9098_LawrenceTierney_75_m
136	LawrenceTierney	78	AGE78	9101	9100_LawrenceTierney_78_m
136	LawrenceTierney	76	AGE76	9100	9099_LawrenceTierney_76_m
136	LawrenceTierney	31	AGE31	9090	9089_LawrenceTierney_31_m
136	LawrenceTierney	77	AGE77	9107	9106_LawrenceTierney_77_m
136	LawrenceTierney	61	AGE61	9093	9092_LawrenceTierney_61_m
136	LawrenceTierney	25	AGE25	9083	9082_LawrenceTierney_25_m
136	LawrenceTierney	35	AGE35	9104	9103_LawrenceTierney_35_m
136	LawrenceTierney	30	AGE30	9089	9088_LawrenceTierney_30_m
136	LawrenceTierney	73	AGE73	9097	9096_LawrenceTierney_73_m
136	LawrenceTierney	34	AGE34	9103	9102_LawrenceTierney_34_m
136	LawrenceTierney	72	AGE72	9106	9105_LawrenceTierney_72_m
136	LawrenceTierney	32	AGE32	9102	9101_LawrenceTierney_32_m
136	LawrenceTierney	62	AGE62	9094	9093_LawrenceTierney_62_m
136	LawrenceTierney	26	AGE26	9085	9084_LawrenceTierney_26_m
136	LawrenceTierney	57	AGE57	9091	9090_LawrenceTierney_57_m
136	LawrenceTierney	74	AGE74	9098	9097_LawrenceTierney_74_m
136	LawrenceTierney	58	AGE58	9092	9091_LawrenceTierney_58_m
136	LawrenceTierney	29	AGE29	9088	9087_LawrenceTierney_29_m
136	LawrenceTierney	28	AGE28	9087	9086_LawrenceTierney_28_m
136	LawrenceTierney	68	AGE68	9096	9095_LawrenceTierney_68_m
137	SidneyPoitier	52	AGE52	16162	16161_SidneyPoitier_52_m
137	SidneyPoitier	85	AGE85	16177	16176_SidneyPoitier_85_m
137	SidneyPoitier	70	AGE70	16169	16168_SidneyPoitier_70_m
137	SidneyPoitier	24	AGE24	16149	16148_SidneyPoitier_24_m
137	SidneyPoitier	40	AGE40	16158	16157_SidneyPoitier_40_m
137	SidneyPoitier	50	AGE50	16161	16160_SidneyPoitier_50_m
137	SidneyPoitier	31	AGE31	16153	16152_SidneyPoitier_31_m
137	SidneyPoitier	44	AGE44	16160	16159_SidneyPoitier_44_m
137	SidneyPoitier	85	AGE85	16176	16175_SidneyPoitier_85_m
137	SidneyPoitier	62	AGE62	16165	16164_SidneyPoitier_62_m
137	SidneyPoitier	38	AGE38	16157	16156_SidneyPoitier_38_m
137	SidneyPoitier	33	AGE33	16154	16153_SidneyPoitier_33_m
137	SidneyPoitier	69	AGE69	16167	16166_SidneyPoitier_69_m
137	SidneyPoitier	87	AGE87	16178	16177_SidneyPoitier_87_m
137	SidneyPoitier	74	AGE74	16172	16171_SidneyPoitier_74_m
137	SidneyPoitier	31	AGE31	16147	16146_SidneyPoitier_31_m
137	SidneyPoitier	87	AGE87	16179	16178_SidneyPoitier_87_m
137	SidneyPoitier	25	AGE25	16150	16149_SidneyPoitier_25_m
137	SidneyPoitier	36	AGE36	16156	16155_SidneyPoitier_36_m
137	SidneyPoitier	34	AGE34	16155	16154_SidneyPoitier_34_m
137	SidneyPoitier	31	AGE31	16146	16145_SidneyPoitier_31_m
137	SidneyPoitier	61	AGE61	16164	16163_SidneyPoitier_61_m
137	SidneyPoitier	75	AGE75	16173	16172_SidneyPoitier_75_m
137	SidneyPoitier	88	AGE88	16180	16179_SidneyPoitier_88_m
137	SidneyPoitier	82	AGE82	16175	16174_SidneyPoitier_82_m
137	SidneyPoitier	27	AGE27	16151	16150_SidneyPoitier_27_m
137	SidneyPoitier	30	AGE30	16152	16151_SidneyPoitier_30_m
137	SidneyPoitier	24	AGE24	16148	16147_SidneyPoitier_24_m
137	SidneyPoitier	69	AGE69	16168	16167_SidneyPoitier_69_m
137	SidneyPoitier	89	AGE89	16181	16180_SidneyPoitier_89_m
137	SidneyPoitier	72	AGE72	16170	16169_SidneyPoitier_72_m
137	SidneyPoitier	41	AGE41	16159	16158_SidneyPoitier_41_m
137	SidneyPoitier	73	AGE73	16171	16170_SidneyPoitier_73_m
137	SidneyPoitier	53	AGE53	16163	16162_SidneyPoitier_53_m
137	SidneyPoitier	23	AGE23	16013	16012_SidneyPoitier_23_m
137	SidneyPoitier	68	AGE68	16166	16165_SidneyPoitier_68_m
138	RomySchneider	31	AGE31	14099	14098_RomySchneider_31_f
138	RomySchneider	44	AGE44	14111	14110_RomySchneider_44_f
138	RomySchneider	25	AGE25	14092	14091_RomySchneider_25_f
138	RomySchneider	24	AGE24	14091	14090_RomySchneider_24_f
138	RomySchneider	42	AGE42	14109	14108_RomySchneider_42_f
138	RomySchneider	39	AGE39	14106	14105_RomySchneider_39_f
138	RomySchneider	34	AGE34	14101	14100_RomySchneider_34_f
138	RomySchneider	15	AGE15	14083	14082_RomySchneider_15_f
138	RomySchneider	18	AGE18	14085	14084_RomySchneider_18_f
138	RomySchneider	28	AGE28	14096	14095_RomySchneider_28_f
138	RomySchneider	16	AGE16	14084	14083_RomySchneider_16_f
138	RomySchneider	36	AGE36	14103	14102_RomySchneider_36_f
138	RomySchneider	25	AGE25	14093	14092_RomySchneider_25_f
138	RomySchneider	23	AGE23	14090	14089_RomySchneider_23_f
138	RomySchneider	35	AGE35	14102	14101_RomySchneider_35_f
138	RomySchneider	29	AGE29	14097	14096_RomySchneider_29_f
138	RomySchneider	27	AGE27	14095	14094_RomySchneider_27_f
138	RomySchneider	40	AGE40	14107	14106_RomySchneider_40_f
138	RomySchneider	22	AGE22	14089	14088_RomySchneider_22_f
138	RomySchneider	21	AGE21	14088	14087_RomySchneider_21_f
138	RomySchneider	20	AGE20	14087	14086_RomySchneider_20_f
138	RomySchneider	41	AGE41	14108	14107_RomySchneider_41_f
138	RomySchneider	37	AGE37	14104	14103_RomySchneider_37_f
138	RomySchneider	19	AGE19	14086	14085_RomySchneider_19_f
138	RomySchneider	43	AGE43	14110	14109_RomySchneider_43_f
138	RomySchneider	26	AGE26	14094	14093_RomySchneider_26_f
138	RomySchneider	30	AGE30	14098	14097_RomySchneider_30_f
138	RomySchneider	38	AGE38	14105	14104_RomySchneider_38_f
138	RomySchneider	32	AGE32	14100	14099_RomySchneider_32_f
139	GalileoGalilei	70	AGE70	1148	1147_GalileoGalilei_70_m
139	GalileoGalilei	74	AGE74	1147	1146_GalileoGalilei_74_m
139	GalileoGalilei	72	AGE72	1151	1150_GalileoGalilei_72_m
139	GalileoGalilei	63	AGE63	1150	1149_GalileoGalilei_63_m
139	GalileoGalilei	35	AGE35	1152	1151_GalileoGalilei_35_m
139	GalileoGalilei	41	AGE41	1149	1148_GalileoGalilei_41_m
139	GalileoGalilei	38	AGE38	1146	1145_GalileoGalilei_38_m
139	GalileoGalilei	68	AGE68	1145	1144_GalileoGalilei_68_m
140	EdHarris	51	AGE51	1711	1710_EdHarris_51_m
140	EdHarris	45	AGE45	1705	1704_EdHarris_45_m
140	EdHarris	44	AGE44	1703	1702_EdHarris_44_m
140	EdHarris	45	AGE45	1704	1703_EdHarris_45_m
140	EdHarris	32	AGE32	1692	1691_EdHarris_32_m
140	EdHarris	62	AGE62	1720	1719_EdHarris_62_m
140	EdHarris	50	AGE50	1710	1709_EdHarris_50_m
140	EdHarris	63	AGE63	1721	1720_EdHarris_63_m
140	EdHarris	43	AGE43	1702	1701_EdHarris_43_m
140	EdHarris	57	AGE57	1716	1715_EdHarris_57_m
140	EdHarris	33	AGE33	1693	1692_EdHarris_33_m
140	EdHarris	34	AGE34	1695	1694_EdHarris_34_m
140	EdHarris	53	AGE53	1712	1711_EdHarris_53_m
140	EdHarris	37	AGE37	1698	1697_EdHarris_37_m
140	EdHarris	48	AGE48	1708	1707_EdHarris_48_m
140	EdHarris	33	AGE33	1694	1693_EdHarris_33_m
140	EdHarris	56	AGE56	1714	1713_EdHarris_56_m
140	EdHarris	60	AGE60	1718	1717_EdHarris_60_m
140	EdHarris	62	AGE62	1719	1718_EdHarris_62_m
140	EdHarris	54	AGE54	1713	1712_EdHarris_54_m
140	EdHarris	40	AGE40	1701	1700_EdHarris_40_m
140	EdHarris	38	AGE38	1699	1698_EdHarris_38_m
140	EdHarris	64	AGE64	1722	1721_EdHarris_64_m
140	EdHarris	41	AGE41	1723	1722_EdHarris_41_m
140	EdHarris	35	AGE35	1697	1696_EdHarris_35_m
140	EdHarris	30	AGE30	1690	1689_EdHarris_30_m
140	EdHarris	49	AGE49	1709	1708_EdHarris_49_m
140	EdHarris	47	AGE47	1707	1706_EdHarris_47_m
140	EdHarris	46	AGE46	1706	1705_EdHarris_46_m
140	EdHarris	31	AGE31	1691	1690_EdHarris_31_m
140	EdHarris	56	AGE56	1715	1714_EdHarris_56_m
140	EdHarris	34	AGE34	1696	1695_EdHarris_34_m
140	EdHarris	28	AGE28	1689	1688_EdHarris_28_m
140	EdHarris	39	AGE39	1700	1699_EdHarris_39_m
140	EdHarris	58	AGE58	1717	1716_EdHarris_58_m
141	ErnestBorgnine	82	AGE82	8937	8936_ErnestBorgnine_82_m
141	ErnestBorgnine	43	AGE43	8915	8914_ErnestBorgnine_43_m
141	ErnestBorgnine	57	AGE57	8925	8924_ErnestBorgnine_57_m
141	ErnestBorgnine	38	AGE38	8911	8910_ErnestBorgnine_38_m
141	ErnestBorgnine	53	AGE53	8921	8920_ErnestBorgnine_53_m
141	ErnestBorgnine	59	AGE59	8927	8926_ErnestBorgnine_59_m
141	ErnestBorgnine	58	AGE58	8926	8925_ErnestBorgnine_58_m
141	ErnestBorgnine	41	AGE41	8914	8913_ErnestBorgnine_41_m
141	ErnestBorgnine	86	AGE86	8940	8939_ErnestBorgnine_86_m
141	ErnestBorgnine	79	AGE79	8935	8934_ErnestBorgnine_79_m
141	ErnestBorgnine	55	AGE55	8923	8922_ErnestBorgnine_55_m
141	ErnestBorgnine	80	AGE80	8936	8935_ErnestBorgnine_80_m
141	ErnestBorgnine	63	AGE63	8930	8929_ErnestBorgnine_63_m
141	ErnestBorgnine	93	AGE93	8944	8943_ErnestBorgnine_93_m
141	ErnestBorgnine	85	AGE85	8939	8938_ErnestBorgnine_85_m
141	ErnestBorgnine	75	AGE75	8934	8933_ErnestBorgnine_75_m
141	ErnestBorgnine	65	AGE65	8931	8930_ErnestBorgnine_65_m
141	ErnestBorgnine	61	AGE61	8929	8928_ErnestBorgnine_61_m
141	ErnestBorgnine	60	AGE60	8928	8927_ErnestBorgnine_60_m
141	ErnestBorgnine	38	AGE38	8910	8909_ErnestBorgnine_38_m
141	ErnestBorgnine	37	AGE37	8909	8908_ErnestBorgnine_37_m
141	ErnestBorgnine	88	AGE88	8941	8940_ErnestBorgnine_88_m
141	ErnestBorgnine	89	AGE89	8942	8941_ErnestBorgnine_89_m
141	ErnestBorgnine	46	AGE46	8916	8915_ErnestBorgnine_46_m
141	ErnestBorgnine	94	AGE94	8945	8944_ErnestBorgnine_94_m
141	ErnestBorgnine	91	AGE91	8943	8942_ErnestBorgnine_91_m
141	ErnestBorgnine	47	AGE47	8917	8916_ErnestBorgnine_47_m
141	ErnestBorgnine	56	AGE56	8924	8923_ErnestBorgnine_56_m
141	ErnestBorgnine	51	AGE51	8919	8918_ErnestBorgnine_51_m
141	ErnestBorgnine	41	AGE41	8913	8912_ErnestBorgnine_41_m
141	ErnestBorgnine	84	AGE84	8938	8937_ErnestBorgnine_84_m
141	ErnestBorgnine	73	AGE73	8933	8932_ErnestBorgnine_73_m
141	ErnestBorgnine	54	AGE54	8922	8921_ErnestBorgnine_54_m
141	ErnestBorgnine	48	AGE48	8918	8917_ErnestBorgnine_48_m
141	ErnestBorgnine	52	AGE52	8920	8919_ErnestBorgnine_52_m
141	ErnestBorgnine	39	AGE39	8912	8911_ErnestBorgnine_39_m
141	ErnestBorgnine	72	AGE72	8932	8931_ErnestBorgnine_72_m
142	JanetGaynor	21	AGE21	14246	14245_JanetGaynor_21_f
142	JanetGaynor	20	AGE20	14242	14241_JanetGaynor_20_f
142	JanetGaynor	26	AGE26	14250	14249_JanetGaynor_26_f
142	JanetGaynor	27	AGE27	14251	14250_JanetGaynor_27_f
142	JanetGaynor	24	AGE24	14249	14248_JanetGaynor_24_f
142	JanetGaynor	29	AGE29	14253	14252_JanetGaynor_29_f
142	JanetGaynor	72	AGE72	14268	14267_JanetGaynor_72_f
142	JanetGaynor	31	AGE31	14255	14254_JanetGaynor_31_f
142	JanetGaynor	48	AGE48	14258	14257_JanetGaynor_48_f
142	JanetGaynor	71	AGE71	14259	14258_JanetGaynor_71_f
142	JanetGaynor	76	AGE76	14261	14260_JanetGaynor_76_f
142	JanetGaynor	23	AGE23	14263	14262_JanetGaynor_23_f
142	JanetGaynor	51	AGE51	14256	14255_JanetGaynor_51_f
142	JanetGaynor	23	AGE23	14248	14247_JanetGaynor_23_f
142	JanetGaynor	28	AGE28	14252	14251_JanetGaynor_28_f
142	JanetGaynor	30	AGE30	14254	14253_JanetGaynor_30_f
142	JanetGaynor	31	AGE31	14265	14264_JanetGaynor_31_f
142	JanetGaynor	74	AGE74	14260	14259_JanetGaynor_74_f
142	JanetGaynor	14	AGE14	14244	14243_JanetGaynor_14_f
142	JanetGaynor	30	AGE30	14264	14263_JanetGaynor_30_f
142	JanetGaynor	24	AGE24	14262	14261_JanetGaynor_24_f
142	JanetGaynor	20	AGE20	14245	14244_JanetGaynor_20_f
142	JanetGaynor	21	AGE21	14243	14242_JanetGaynor_21_f
142	JanetGaynor	32	AGE32	14257	14256_JanetGaynor_32_f
142	JanetGaynor	22	AGE22	14247	14246_JanetGaynor_22_f
142	JanetGaynor	25	AGE25	14266	14265_JanetGaynor_25_f
143	BarbraStreisand	31	AGE31	12913	12912_BarbraStreisand_31_f
143	BarbraStreisand	41	AGE41	12924	12923_BarbraStreisand_41_f
143	BarbraStreisand	42	AGE42	12925	12924_BarbraStreisand_42_f
143	BarbraStreisand	38	AGE38	12923	12922_BarbraStreisand_38_f
143	BarbraStreisand	22	AGE22	12938	12937_BarbraStreisand_22_f
143	BarbraStreisand	27	AGE27	12909	12908_BarbraStreisand_27_f
143	BarbraStreisand	71	AGE71	12934	12933_BarbraStreisand_71_f
143	BarbraStreisand	33	AGE33	12915	12914_BarbraStreisand_33_f
143	BarbraStreisand	10	AGE10	12937	12936_BarbraStreisand_10_f
143	BarbraStreisand	58	AGE58	12929	12928_BarbraStreisand_58_f
143	BarbraStreisand	11	AGE11	12935	12934_BarbraStreisand_11_f
143	BarbraStreisand	30	AGE30	12912	12911_BarbraStreisand_30_f
143	BarbraStreisand	29	AGE29	12911	12910_BarbraStreisand_29_f
143	BarbraStreisand	62	AGE62	12930	12929_BarbraStreisand_62_f
143	BarbraStreisand	20	AGE20	12919	12918_BarbraStreisand_20_f
143	BarbraStreisand	20	AGE20	12907	12906_BarbraStreisand_20_f
143	BarbraStreisand	68	AGE68	12918	12917_BarbraStreisand_68_f
143	BarbraStreisand	46	AGE46	12926	12925_BarbraStreisand_46_f
143	BarbraStreisand	28	AGE28	12910	12909_BarbraStreisand_28_f
143	BarbraStreisand	35	AGE35	12922	12921_BarbraStreisand_35_f
143	BarbraStreisand	69	AGE69	12932	12931_BarbraStreisand_69_f
143	BarbraStreisand	34	AGE34	12921	12920_BarbraStreisand_34_f
143	BarbraStreisand	56	AGE56	12928	12927_BarbraStreisand_56_f
143	BarbraStreisand	21	AGE21	12920	12919_BarbraStreisand_21_f
143	BarbraStreisand	48	AGE48	12927	12926_BarbraStreisand_48_f
143	BarbraStreisand	63	AGE63	12917	12916_BarbraStreisand_63_f
143	BarbraStreisand	26	AGE26	12908	12907_BarbraStreisand_26_f
143	BarbraStreisand	67	AGE67	12931	12930_BarbraStreisand_67_f
143	BarbraStreisand	59	AGE59	12916	12915_BarbraStreisand_59_f
143	BarbraStreisand	32	AGE32	12914	12913_BarbraStreisand_32_f
143	BarbraStreisand	70	AGE70	12933	12932_BarbraStreisand_70_f
143	BarbraStreisand	25	AGE25	12936	12935_BarbraStreisand_25_f
144	SusannahYork	45	AGE45	14127	14126_SusannahYork_45_f
144	SusannahYork	22	AGE22	14113	14112_SusannahYork_22_f
144	SusannahYork	71	AGE71	14141	14140_SusannahYork_71_f
144	SusannahYork	61	AGE61	14137	14136_SusannahYork_61_f
144	SusannahYork	35	AGE35	14122	14121_SusannahYork_35_f
144	SusannahYork	29	AGE29	14118	14117_SusannahYork_29_f
144	SusannahYork	30	AGE30	14119	14118_SusannahYork_30_f
144	SusannahYork	26	AGE26	14116	14115_SusannahYork_26_f
144	SusannahYork	57	AGE57	14134	14133_SusannahYork_57_f
144	SusannahYork	39	AGE39	14125	14124_SusannahYork_39_f
144	SusannahYork	64	AGE64	14138	14137_SusannahYork_64_f
144	SusannahYork	21	AGE21	14112	14111_SusannahYork_21_f
144	SusannahYork	55	AGE55	14132	14131_SusannahYork_55_f
144	SusannahYork	38	AGE38	14124	14123_SusannahYork_38_f
144	SusannahYork	60	AGE60	14136	14135_SusannahYork_60_f
144	SusannahYork	41	AGE41	14142	14141_SusannahYork_41_f
144	SusannahYork	59	AGE59	14135	14134_SusannahYork_59_f
144	SusannahYork	65	AGE65	14139	14138_SusannahYork_65_f
144	SusannahYork	69	AGE69	14140	14139_SusannahYork_69_f
144	SusannahYork	27	AGE27	14117	14116_SusannahYork_27_f
144	SusannahYork	24	AGE24	14115	14114_SusannahYork_24_f
144	SusannahYork	51	AGE51	14130	14129_SusannahYork_51_f
144	SusannahYork	46	AGE46	14128	14127_SusannahYork_46_f
144	SusannahYork	53	AGE53	14131	14130_SusannahYork_53_f
144	SusannahYork	48	AGE48	14129	14128_SusannahYork_48_f
144	SusannahYork	23	AGE23	14114	14113_SusannahYork_23_f
144	SusannahYork	31	AGE31	14120	14119_SusannahYork_31_f
144	SusannahYork	42	AGE42	14126	14125_SusannahYork_42_f
144	SusannahYork	56	AGE56	14133	14132_SusannahYork_56_f
144	SusannahYork	36	AGE36	14123	14122_SusannahYork_36_f
144	SusannahYork	33	AGE33	14121	14120_SusannahYork_33_f
145	DonJohnson	36	AGE36	2513	2512_DonJohnson_36_m
145	DonJohnson	60	AGE60	2533	2532_DonJohnson_60_m
145	DonJohnson	23	AGE23	2502	2501_DonJohnson_23_m
145	DonJohnson	64	AGE64	2535	2534_DonJohnson_64_m
145	DonJohnson	38	AGE38	2515	2514_DonJohnson_38_m
145	DonJohnson	26	AGE26	2505	2504_DonJohnson_26_m
145	DonJohnson	65	AGE65	2536	2535_DonJohnson_65_m
145	DonJohnson	28	AGE28	2507	2506_DonJohnson_28_m
145	DonJohnson	47	AGE47	2521	2520_DonJohnson_47_m
145	DonJohnson	31	AGE31	2509	2508_DonJohnson_31_m
145	DonJohnson	37	AGE37	2514	2513_DonJohnson_37_m
145	DonJohnson	59	AGE59	2532	2531_DonJohnson_59_m
145	DonJohnson	50	AGE50	2524	2523_DonJohnson_50_m
145	DonJohnson	48	AGE48	2522	2521_DonJohnson_48_m
145	DonJohnson	30	AGE30	2508	2507_DonJohnson_30_m
145	DonJohnson	39	AGE39	2516	2515_DonJohnson_39_m
145	DonJohnson	20	AGE20	2499	2498_DonJohnson_20_m
145	DonJohnson	27	AGE27	2506	2505_DonJohnson_27_m
145	DonJohnson	43	AGE43	2518	2517_DonJohnson_43_m
145	DonJohnson	56	AGE56	2530	2529_DonJohnson_56_m
145	DonJohnson	51	AGE51	2525	2524_DonJohnson_51_m
145	DonJohnson	22	AGE22	2501	2500_DonJohnson_22_m
145	DonJohnson	45	AGE45	2519	2518_DonJohnson_45_m
145	DonJohnson	34	AGE34	2511	2510_DonJohnson_34_m
145	DonJohnson	21	AGE21	2500	2499_DonJohnson_21_m
145	DonJohnson	61	AGE61	2534	2533_DonJohnson_61_m
145	DonJohnson	46	AGE46	2520	2519_DonJohnson_46_m
145	DonJohnson	17	AGE17	2498	2497_DonJohnson_17_m
145	DonJohnson	55	AGE55	2529	2528_DonJohnson_55_m
145	DonJohnson	35	AGE35	2512	2511_DonJohnson_35_m
145	DonJohnson	33	AGE33	2510	2509_DonJohnson_33_m
145	DonJohnson	52	AGE52	2526	2525_DonJohnson_52_m
145	DonJohnson	57	AGE57	2531	2530_DonJohnson_57_m
145	DonJohnson	53	AGE53	2527	2526_DonJohnson_53_m
145	DonJohnson	40	AGE40	2517	2516_DonJohnson_40_m
145	DonJohnson	49	AGE49	2523	2522_DonJohnson_49_m
145	DonJohnson	24	AGE24	2503	2502_DonJohnson_24_m
145	DonJohnson	54	AGE54	2528	2527_DonJohnson_54_m
145	DonJohnson	25	AGE25	2504	2503_DonJohnson_25_m
146	RicardoMontalb╨░n	25	AGE25	9534	9533_RicardoMontalb╨░n_25_m
146	RicardoMontalb╨░n	22	AGE22	9532	9531_RicardoMontalb╨░n_22_m
146	RicardoMontalb╨░n	70	AGE70	9559	9558_RicardoMontalb╨░n_70_m
146	RicardoMontalb╨░n	57	AGE57	9553	9552_RicardoMontalb╨░n_57_m
146	RicardoMontalb╨░n	23	AGE23	9533	9532_RicardoMontalb╨░n_23_m
146	RicardoMontalb╨░n	65	AGE65	9556	9555_RicardoMontalb╨░n_65_m
146	RicardoMontalb╨░n	55	AGE55	9551	9550_RicardoMontalb╨░n_55_m
146	RicardoMontalb╨░n	31	AGE31	9539	9538_RicardoMontalb╨░n_31_m
146	RicardoMontalb╨░n	83	AGE83	9564	9563_RicardoMontalb╨░n_83_m
146	RicardoMontalb╨░n	51	AGE51	9549	9548_RicardoMontalb╨░n_51_m
146	RicardoMontalb╨░n	77	AGE77	9561	9560_RicardoMontalb╨░n_77_m
146	RicardoMontalb╨░n	74	AGE74	9560	9559_RicardoMontalb╨░n_74_m
146	RicardoMontalb╨░n	30	AGE30	9538	9537_RicardoMontalb╨░n_30_m
146	RicardoMontalb╨░n	41	AGE41	9543	9542_RicardoMontalb╨░n_41_m
146	RicardoMontalb╨░n	47	AGE47	9546	9545_RicardoMontalb╨░n_47_m
146	RicardoMontalb╨░n	61	AGE61	9555	9554_RicardoMontalb╨░n_61_m
146	RicardoMontalb╨░n	82	AGE82	9563	9562_RicardoMontalb╨░n_82_m
146	RicardoMontalb╨░n	46	AGE46	9545	9544_RicardoMontalb╨░n_46_m
146	RicardoMontalb╨░n	28	AGE28	9536	9535_RicardoMontalb╨░n_28_m
146	RicardoMontalb╨░n	37	AGE37	9541	9540_RicardoMontalb╨░n_37_m
146	RicardoMontalb╨░n	44	AGE44	9544	9543_RicardoMontalb╨░n_44_m
146	RicardoMontalb╨░n	40	AGE40	9542	9541_RicardoMontalb╨░n_40_m
146	RicardoMontalb╨░n	68	AGE68	9558	9557_RicardoMontalb╨░n_68_m
146	RicardoMontalb╨░n	48	AGE48	9547	9546_RicardoMontalb╨░n_48_m
146	RicardoMontalb╨░n	58	AGE58	9554	9553_RicardoMontalb╨░n_58_m
146	RicardoMontalb╨░n	50	AGE50	9548	9547_RicardoMontalb╨░n_50_m
146	RicardoMontalb╨░n	67	AGE67	9557	9556_RicardoMontalb╨░n_67_m
146	RicardoMontalb╨░n	27	AGE27	9535	9534_RicardoMontalb╨░n_27_m
146	RicardoMontalb╨░n	32	AGE32	9540	9539_RicardoMontalb╨░n_32_m
146	RicardoMontalb╨░n	29	AGE29	9537	9536_RicardoMontalb╨░n_29_m
146	RicardoMontalb╨░n	78	AGE78	9562	9561_RicardoMontalb╨░n_78_m
146	RicardoMontalb╨░n	56	AGE56	9552	9551_RicardoMontalb╨░n_56_m
146	RicardoMontalb╨░n	52	AGE52	9550	9549_RicardoMontalb╨░n_52_m
146	RicardoMontalb╨░n	84	AGE84	9565	9564_RicardoMontalb╨░n_84_m
147	SamuelJacksonn	63	AGE63	16139	16138_SamuelJacksonn_63_m
147	SamuelJacksonn	55	AGE55	16129	16128_SamuelJacksonn_55_m
147	SamuelJacksonn	58	AGE58	16132	16131_SamuelJacksonn_58_m
147	SamuelJacksonn	36	AGE36	16112	16111_SamuelJacksonn_36_m
147	SamuelJacksonn	50	AGE50	16120	16119_SamuelJacksonn_50_m
147	SamuelJacksonn	52	AGE52	16125	16124_SamuelJacksonn_52_m
147	SamuelJacksonn	52	AGE52	16122	16121_SamuelJacksonn_52_m
147	SamuelJacksonn	56	AGE56	16130	16129_SamuelJacksonn_56_m
147	SamuelJacksonn	60	AGE60	16134	16133_SamuelJacksonn_60_m
147	SamuelJacksonn	48	AGE48	16118	16117_SamuelJacksonn_48_m
147	SamuelJacksonn	45	AGE45	16114	16113_SamuelJacksonn_45_m
147	SamuelJacksonn	44	AGE44	16113	16112_SamuelJacksonn_44_m
147	SamuelJacksonn	52	AGE52	16126	16125_SamuelJacksonn_52_m
147	SamuelJacksonn	66	AGE66	16142	16141_SamuelJacksonn_66_m
147	SamuelJacksonn	46	AGE46	16115	16114_SamuelJacksonn_46_m
147	SamuelJacksonn	59	AGE59	16133	16132_SamuelJacksonn_59_m
147	SamuelJacksonn	47	AGE47	16116	16115_SamuelJacksonn_47_m
147	SamuelJacksonn	51	AGE51	16123	16122_SamuelJacksonn_51_m
147	SamuelJacksonn	62	AGE62	16137	16136_SamuelJacksonn_62_m
147	SamuelJacksonn	53	AGE53	16124	16123_SamuelJacksonn_53_m
147	SamuelJacksonn	49	AGE49	16121	16120_SamuelJacksonn_49_m
147	SamuelJacksonn	53	AGE53	16127	16126_SamuelJacksonn_53_m
147	SamuelJacksonn	61	AGE61	16135	16134_SamuelJacksonn_61_m
147	SamuelJacksonn	62	AGE62	16136	16135_SamuelJacksonn_62_m
147	SamuelJacksonn	47	AGE47	16117	16116_SamuelJacksonn_47_m
147	SamuelJacksonn	48	AGE48	16119	16118_SamuelJacksonn_48_m
147	SamuelJacksonn	68	AGE68	16144	16143_SamuelJacksonn_68_m
147	SamuelJacksonn	57	AGE57	16131	16130_SamuelJacksonn_57_m
147	SamuelJacksonn	69	AGE69	16145	16144_SamuelJacksonn_69_m
147	SamuelJacksonn	64	AGE64	16140	16139_SamuelJacksonn_64_m
147	SamuelJacksonn	65	AGE65	16141	16140_SamuelJacksonn_65_m
147	SamuelJacksonn	63	AGE63	16138	16137_SamuelJacksonn_63_m
147	SamuelJacksonn	54	AGE54	16128	16127_SamuelJacksonn_54_m
148	WillSmith 	45	AGE45	16079	16078_WillSmith _45_m
148	WillSmith 	43	AGE43	16012	16011_WillSmith _43_m
148	WillSmith 	41	AGE41	16076	16075_WillSmith _41_m
148	WillSmith 	24	AGE24	16058	16057_WillSmith _24_m
148	WillSmith 	39	AGE39	16074	16073_WillSmith _39_m
148	WillSmith 	28	AGE28	16063	16062_WillSmith _28_m
148	WillSmith 	27	AGE27	16062	16061_WillSmith _27_m
148	WillSmith 	32	AGE32	16067	16066_WillSmith _32_m
148	WillSmith 	22	AGE22	16054	16053_WillSmith _22_m
148	WillSmith 	44	AGE44	16078	16077_WillSmith _44_m
148	WillSmith 	40	AGE40	16075	16074_WillSmith _40_m
148	WillSmith 	26	AGE26	16061	16060_WillSmith _26_m
148	WillSmith 	31	AGE31	16066	16065_WillSmith _31_m
148	WillSmith 	42	AGE42	16077	16076_WillSmith _42_m
148	WillSmith 	34	AGE34	16069	16068_WillSmith _34_m
148	WillSmith 	33	AGE33	16068	16067_WillSmith _33_m
148	WillSmith 	25	AGE25	16060	16059_WillSmith _25_m
148	WillSmith 	29	AGE29	16064	16063_WillSmith _29_m
148	WillSmith 	49	AGE49	16081	16080_WillSmith _49_m
148	WillSmith 	35	AGE35	16070	16069_WillSmith _35_m
148	WillSmith 	22	AGE22	16055	16054_WillSmith _22_m
148	WillSmith 	23	AGE23	16056	16055_WillSmith _23_m
148	WillSmith 	25	AGE25	16059	16058_WillSmith _25_m
148	WillSmith 	48	AGE48	16053	16052_WillSmith _48_m
148	WillSmith 	24	AGE24	16057	16056_WillSmith _24_m
148	WillSmith 	38	AGE38	16073	16072_WillSmith _38_m
148	WillSmith 	37	AGE37	16072	16071_WillSmith _37_m
148	WillSmith 	36	AGE36	16071	16070_WillSmith _36_m
148	WillSmith 	30	AGE30	16065	16064_WillSmith _30_m
148	WillSmith 	45	AGE45	16080	16079_WillSmith _45_m
149	AlecGuinness	69	AGE69	8772	8771_AlecGuinness_69_m
149	AlecGuinness	45	AGE45	8760	8759_AlecGuinness_45_m
149	AlecGuinness	35	AGE35	8753	8752_AlecGuinness_35_m
149	AlecGuinness	26	AGE26	8774	8773_AlecGuinness_26_m
149	AlecGuinness	37	AGE37	8750	8749_AlecGuinness_37_m
149	AlecGuinness	37	AGE37	8780	8779_AlecGuinness_37_m
149	AlecGuinness	30	AGE30	8777	8776_AlecGuinness_30_m
149	AlecGuinness	45	AGE45	8761	8760_AlecGuinness_45_m
149	AlecGuinness	39	AGE39	8756	8755_AlecGuinness_39_m
149	AlecGuinness	40	AGE40	8775	8774_AlecGuinness_40_m
149	AlecGuinness	50	AGE50	8763	8762_AlecGuinness_50_m
149	AlecGuinness	33	AGE33	8751	8750_AlecGuinness_33_m
149	AlecGuinness	48	AGE48	8770	8769_AlecGuinness_48_m
149	AlecGuinness	34	AGE34	8752	8751_AlecGuinness_34_m
149	AlecGuinness	63	AGE63	8766	8765_AlecGuinness_63_m
149	AlecGuinness	46	AGE46	8762	8761_AlecGuinness_46_m
149	AlecGuinness	66	AGE66	8781	8780_AlecGuinness_66_m
149	AlecGuinness	43	AGE43	8759	8758_AlecGuinness_43_m
149	AlecGuinness	63	AGE63	8765	8764_AlecGuinness_63_m
149	AlecGuinness	28	AGE28	8773	8772_AlecGuinness_28_m
149	AlecGuinness	30	AGE30	8747	8746_AlecGuinness_30_m
149	AlecGuinness	63	AGE63	8768	8767_AlecGuinness_63_m
149	AlecGuinness	63	AGE63	8778	8777_AlecGuinness_63_m
149	AlecGuinness	39	AGE39	8757	8756_AlecGuinness_39_m
149	AlecGuinness	63	AGE63	8746	8745_AlecGuinness_63_m
149	AlecGuinness	32	AGE32	8748	8747_AlecGuinness_32_m
149	AlecGuinness	16	AGE16	8779	8778_AlecGuinness_16_m
149	AlecGuinness	32	AGE32	8754	8753_AlecGuinness_32_m
149	AlecGuinness	39	AGE39	8758	8757_AlecGuinness_39_m
149	AlecGuinness	81	AGE81	8771	8770_AlecGuinness_81_m
149	AlecGuinness	66	AGE66	8767	8766_AlecGuinness_66_m
149	AlecGuinness	35	AGE35	8776	8775_AlecGuinness_35_m
149	AlecGuinness	69	AGE69	8749	8748_AlecGuinness_69_m
149	AlecGuinness	53	AGE53	8764	8763_AlecGuinness_53_m
149	AlecGuinness	37	AGE37	8769	8768_AlecGuinness_37_m
149	AlecGuinness	36	AGE36	8755	8754_AlecGuinness_36_m
150	RitaLeviMontalcini	95	AGE95	1310	1309_RitaLeviMontalcini_95_f
150	RitaLeviMontalcini	41	AGE41	1300	1299_RitaLeviMontalcini_41_f
150	RitaLeviMontalcini	57	AGE57	1299	1298_RitaLeviMontalcini_57_f
150	RitaLeviMontalcini	98	AGE98	1304	1303_RitaLeviMontalcini_98_f
150	RitaLeviMontalcini	27	AGE27	1306	1305_RitaLeviMontalcini_27_f
150	RitaLeviMontalcini	99	AGE99	1305	1304_RitaLeviMontalcini_99_f
150	RitaLeviMontalcini	98	AGE98	1303	1302_RitaLeviMontalcini_98_f
150	RitaLeviMontalcini	101	AGE101	1312	1311_RitaLeviMontalcini_101_f
150	RitaLeviMontalcini	96	AGE96	1302	1301_RitaLeviMontalcini_96_f
150	RitaLeviMontalcini	18	AGE18	1307	1306_RitaLeviMontalcini_18_f
150	RitaLeviMontalcini	75	AGE75	1301	1300_RitaLeviMontalcini_75_f
150	RitaLeviMontalcini	93	AGE93	1311	1310_RitaLeviMontalcini_93_f
150	RitaLeviMontalcini	13	AGE13	1298	1297_RitaLeviMontalcini_13_f
150	RitaLeviMontalcini	32	AGE32	1308	1307_RitaLeviMontalcini_32_f
150	RitaLeviMontalcini	67	AGE67	1309	1308_RitaLeviMontalcini_67_f
151	AnnieGirardot	53	AGE53	13896	13895_AnnieGirardot_53_f
151	AnnieGirardot	34	AGE34	13885	13884_AnnieGirardot_34_f
151	AnnieGirardot	43	AGE43	13891	13890_AnnieGirardot_43_f
151	AnnieGirardot	67	AGE67	13903	13902_AnnieGirardot_67_f
151	AnnieGirardot	76	AGE76	13909	13908_AnnieGirardot_76_f
151	AnnieGirardot	30	AGE30	13881	13880_AnnieGirardot_30_f
151	AnnieGirardot	50	AGE50	13895	13894_AnnieGirardot_50_f
151	AnnieGirardot	54	AGE54	13897	13896_AnnieGirardot_54_f
151	AnnieGirardot	42	AGE42	13890	13889_AnnieGirardot_42_f
151	AnnieGirardot	74	AGE74	13908	13907_AnnieGirardot_74_f
151	AnnieGirardot	64	AGE64	13902	13901_AnnieGirardot_64_f
151	AnnieGirardot	56	AGE56	13898	13897_AnnieGirardot_56_f
151	AnnieGirardot	32	AGE32	13883	13882_AnnieGirardot_32_f
151	AnnieGirardot	62	AGE62	13901	13900_AnnieGirardot_62_f
151	AnnieGirardot	79	AGE79	13911	13910_AnnieGirardot_79_f
151	AnnieGirardot	27	AGE27	13878	13877_AnnieGirardot_27_f
151	AnnieGirardot	73	AGE73	13907	13906_AnnieGirardot_73_f
151	AnnieGirardot	29	AGE29	13880	13879_AnnieGirardot_29_f
151	AnnieGirardot	71	AGE71	13905	13904_AnnieGirardot_71_f
151	AnnieGirardot	77	AGE77	13910	13909_AnnieGirardot_77_f
151	AnnieGirardot	26	AGE26	13876	13875_AnnieGirardot_26_f
151	AnnieGirardot	28	AGE28	13879	13878_AnnieGirardot_28_f
151	AnnieGirardot	26	AGE26	13877	13876_AnnieGirardot_26_f
151	AnnieGirardot	40	AGE40	13889	13888_AnnieGirardot_40_f
151	AnnieGirardot	58	AGE58	13899	13898_AnnieGirardot_58_f
151	AnnieGirardot	36	AGE36	13887	13886_AnnieGirardot_36_f
151	AnnieGirardot	33	AGE33	13884	13883_AnnieGirardot_33_f
151	AnnieGirardot	35	AGE35	13886	13885_AnnieGirardot_35_f
151	AnnieGirardot	31	AGE31	13882	13881_AnnieGirardot_31_f
151	AnnieGirardot	73	AGE73	13906	13905_AnnieGirardot_73_f
151	AnnieGirardot	60	AGE60	13900	13899_AnnieGirardot_60_f
151	AnnieGirardot	69	AGE69	13904	13903_AnnieGirardot_69_f
151	AnnieGirardot	45	AGE45	13893	13892_AnnieGirardot_45_f
151	AnnieGirardot	44	AGE44	13892	13891_AnnieGirardot_44_f
151	AnnieGirardot	47	AGE47	13894	13893_AnnieGirardot_47_f
151	AnnieGirardot	39	AGE39	13888	13887_AnnieGirardot_39_f
152	MaryPickford	35	AGE35	14401	14400_MaryPickford_35_f
152	MaryPickford	24	AGE24	14417	14416_MaryPickford_24_f
152	MaryPickford	30	AGE30	14416	14415_MaryPickford_30_f
152	MaryPickford	17	AGE17	14410	14409_MaryPickford_17_f
152	MaryPickford	28	AGE28	14395	14394_MaryPickford_28_f
152	MaryPickford	5	AGE5	14388	14387_MaryPickford_5_f
152	MaryPickford	26	AGE26	14418	14417_MaryPickford_26_f
152	MaryPickford	22	AGE22	14391	14390_MaryPickford_22_f
152	MaryPickford	58	AGE58	14408	14407_MaryPickford_58_f
152	MaryPickford	42	AGE42	14399	14398_MaryPickford_42_f
152	MaryPickford	21	AGE21	14390	14389_MaryPickford_21_f
152	MaryPickford	37	AGE37	14413	14412_MaryPickford_37_f
152	MaryPickford	33	AGE33	14412	14411_MaryPickford_33_f
152	MaryPickford	37	AGE37	14402	14401_MaryPickford_37_f
152	MaryPickford	54	AGE54	14411	14410_MaryPickford_54_f
152	MaryPickford	60	AGE60	14409	14408_MaryPickford_60_f
152	MaryPickford	56	AGE56	14406	14405_MaryPickford_56_f
152	MaryPickford	29	AGE29	14396	14395_MaryPickford_29_f
152	MaryPickford	45	AGE45	14404	14403_MaryPickford_45_f
152	MaryPickford	25	AGE25	14392	14391_MaryPickford_25_f
152	MaryPickford	27	AGE27	14393	14392_MaryPickford_27_f
152	MaryPickford	20	AGE20	14389	14388_MaryPickford_20_f
152	MaryPickford	29	AGE29	14415	14414_MaryPickford_29_f
152	MaryPickford	27	AGE27	14414	14413_MaryPickford_27_f
152	MaryPickford	24	AGE24	14421	14420_MaryPickford_24_f
152	MaryPickford	27	AGE27	14394	14393_MaryPickford_27_f
152	MaryPickford	34	AGE34	14400	14399_MaryPickford_34_f
152	MaryPickford	25	AGE25	14420	14419_MaryPickford_25_f
152	MaryPickford	84	AGE84	14407	14406_MaryPickford_84_f
152	MaryPickford	33	AGE33	14398	14397_MaryPickford_33_f
152	MaryPickford	23	AGE23	14419	14418_MaryPickford_23_f
152	MaryPickford	37	AGE37	14403	14402_MaryPickford_37_f
152	MaryPickford	55	AGE55	14405	14404_MaryPickford_55_f
152	MaryPickford	30	AGE30	14397	14396_MaryPickford_30_f
153	GaryOldman	39	AGE39	2555	2554_GaryOldman_39_m
153	GaryOldman	27	AGE27	2542	2541_GaryOldman_27_m
153	GaryOldman	40	AGE40	2557	2556_GaryOldman_40_m
153	GaryOldman	31	AGE31	2546	2545_GaryOldman_31_m
153	GaryOldman	48	AGE48	2565	2564_GaryOldman_48_m
153	GaryOldman	36	AGE36	2552	2551_GaryOldman_36_m
153	GaryOldman	53	AGE53	2570	2569_GaryOldman_53_m
153	GaryOldman	28	AGE28	2543	2542_GaryOldman_28_m
153	GaryOldman	35	AGE35	2550	2549_GaryOldman_35_m
153	GaryOldman	22	AGE22	2537	2536_GaryOldman_22_m
153	GaryOldman	36	AGE36	2551	2550_GaryOldman_36_m
153	GaryOldman	38	AGE38	2554	2553_GaryOldman_38_m
153	GaryOldman	34	AGE34	2549	2548_GaryOldman_34_m
153	GaryOldman	42	AGE42	2560	2559_GaryOldman_42_m
153	GaryOldman	37	AGE37	2553	2552_GaryOldman_37_m
153	GaryOldman	46	AGE46	2564	2563_GaryOldman_46_m
153	GaryOldman	25	AGE25	2540	2539_GaryOldman_25_m
153	GaryOldman	41	AGE41	2558	2557_GaryOldman_41_m
153	GaryOldman	29	AGE29	2544	2543_GaryOldman_29_m
153	GaryOldman	24	AGE24	2539	2538_GaryOldman_24_m
153	GaryOldman	54	AGE54	2571	2570_GaryOldman_54_m
153	GaryOldman	26	AGE26	2541	2540_GaryOldman_26_m
153	GaryOldman	24	AGE24	2538	2537_GaryOldman_24_m
153	GaryOldman	52	AGE52	2569	2568_GaryOldman_52_m
153	GaryOldman	45	AGE45	2563	2562_GaryOldman_45_m
153	GaryOldman	44	AGE44	2562	2561_GaryOldman_44_m
153	GaryOldman	39	AGE39	2556	2555_GaryOldman_39_m
153	GaryOldman	43	AGE43	2561	2560_GaryOldman_43_m
153	GaryOldman	49	AGE49	2566	2565_GaryOldman_49_m
153	GaryOldman	42	AGE42	2559	2558_GaryOldman_42_m
153	GaryOldman	52	AGE52	2568	2567_GaryOldman_52_m
153	GaryOldman	32	AGE32	2547	2546_GaryOldman_32_m
153	GaryOldman	30	AGE30	2545	2544_GaryOldman_30_m
153	GaryOldman	51	AGE51	2567	2566_GaryOldman_51_m
153	GaryOldman	33	AGE33	2548	2547_GaryOldman_33_m
153	GaryOldman	56	AGE56	2572	2571_GaryOldman_56_m
154	JeanneMoreau	68	AGE68	11072	11071_JeanneMoreau_68_f
154	JeanneMoreau	80	AGE80	11079	11078_JeanneMoreau_80_f
154	JeanneMoreau	27	AGE27	11047	11046_JeanneMoreau_27_f
154	JeanneMoreau	70	AGE70	11074	11073_JeanneMoreau_70_f
154	JeanneMoreau	62	AGE62	11068	11067_JeanneMoreau_62_f
154	JeanneMoreau	30	AGE30	11049	11048_JeanneMoreau_30_f
154	JeanneMoreau	79	AGE79	11078	11077_JeanneMoreau_79_f
154	JeanneMoreau	25	AGE25	11045	11044_JeanneMoreau_25_f
154	JeanneMoreau	65	AGE65	11071	11070_JeanneMoreau_65_f
154	JeanneMoreau	78	AGE78	11077	11076_JeanneMoreau_78_f
154	JeanneMoreau	63	AGE63	11069	11068_JeanneMoreau_63_f
154	JeanneMoreau	44	AGE44	11062	11061_JeanneMoreau_44_f
154	JeanneMoreau	53	AGE53	11066	11065_JeanneMoreau_53_f
154	JeanneMoreau	29	AGE29	11048	11047_JeanneMoreau_29_f
154	JeanneMoreau	49	AGE49	11065	11064_JeanneMoreau_49_f
154	JeanneMoreau	36	AGE36	11055	11054_JeanneMoreau_36_f
154	JeanneMoreau	37	AGE37	11056	11055_JeanneMoreau_37_f
154	JeanneMoreau	46	AGE46	11063	11062_JeanneMoreau_46_f
154	JeanneMoreau	40	AGE40	11058	11057_JeanneMoreau_40_f
154	JeanneMoreau	32	AGE32	11051	11050_JeanneMoreau_32_f
154	JeanneMoreau	31	AGE31	11050	11049_JeanneMoreau_31_f
154	JeanneMoreau	69	AGE69	11073	11072_JeanneMoreau_69_f
154	JeanneMoreau	33	AGE33	11052	11051_JeanneMoreau_33_f
154	JeanneMoreau	47	AGE47	11064	11063_JeanneMoreau_47_f
154	JeanneMoreau	77	AGE77	11076	11075_JeanneMoreau_77_f
154	JeanneMoreau	84	AGE84	11082	11081_JeanneMoreau_84_f
154	JeanneMoreau	85	AGE85	11083	11082_JeanneMoreau_85_f
154	JeanneMoreau	41	AGE41	11059	11058_JeanneMoreau_41_f
154	JeanneMoreau	43	AGE43	11061	11060_JeanneMoreau_43_f
154	JeanneMoreau	82	AGE82	11081	11080_JeanneMoreau_82_f
154	JeanneMoreau	26	AGE26	11046	11045_JeanneMoreau_26_f
154	JeanneMoreau	38	AGE38	11057	11056_JeanneMoreau_38_f
154	JeanneMoreau	72	AGE72	11075	11074_JeanneMoreau_72_f
154	JeanneMoreau	35	AGE35	11054	11053_JeanneMoreau_35_f
154	JeanneMoreau	34	AGE34	11053	11052_JeanneMoreau_34_f
154	JeanneMoreau	54	AGE54	11067	11066_JeanneMoreau_54_f
154	JeanneMoreau	81	AGE81	11080	11079_JeanneMoreau_81_f
154	JeanneMoreau	42	AGE42	11060	11059_JeanneMoreau_42_f
154	JeanneMoreau	64	AGE64	11070	11069_JeanneMoreau_64_f
155	SteveJobsb	52	AGE52	399	398_SteveJobsb_52_m
155	SteveJobsb	38	AGE38	407	406_SteveJobsb_38_m
155	SteveJobsb	20	AGE20	410	409_SteveJobsb_20_m
155	SteveJobsb	30	AGE30	406	405_SteveJobsb_30_m
155	SteveJobsb	47	AGE47	403	402_SteveJobsb_47_m
155	SteveJobsb	29	AGE29	401	400_SteveJobsb_29_m
155	SteveJobsb	55	AGE55	397	396_SteveJobsb_55_m
155	SteveJobsb	32	AGE32	402	401_SteveJobsb_32_m
155	SteveJobsb	17	AGE17	408	407_SteveJobsb_17_m
155	SteveJobsb	33	AGE33	398	397_SteveJobsb_33_m
155	SteveJobsb	50	AGE50	404	403_SteveJobsb_50_m
155	SteveJobsb	28	AGE28	405	404_SteveJobsb_28_m
155	SteveJobsb	56	AGE56	409	408_SteveJobsb_56_m
155	SteveJobsb	19	AGE19	400	399_SteveJobsb_19_m
156	ClerkMaxwell	30	AGE30	1026	1025_ClerkMaxwell_30_m
156	ClerkMaxwell	37	AGE37	1030	1029_ClerkMaxwell_37_m
156	ClerkMaxwell	42	AGE42	1033	1032_ClerkMaxwell_42_m
156	ClerkMaxwell	35	AGE35	1028	1027_ClerkMaxwell_35_m
157	angelamerkel	52	AGE52	543	542_angelamerkel_52_f
157	angelamerkel	17	AGE17	538	537_angelamerkel_17_f
157	angelamerkel	56	AGE56	533	532_angelamerkel_56_f
157	angelamerkel	54	AGE54	549	548_angelamerkel_54_f
157	angelamerkel	37	AGE37	553	552_angelamerkel_37_f
157	angelamerkel	20	AGE20	552	551_angelamerkel_20_f
157	angelamerkel	51	AGE51	551	550_angelamerkel_51_f
157	angelamerkel	47	AGE47	531	530_angelamerkel_47_f
157	angelamerkel	58	AGE58	529	528_angelamerkel_58_f
157	angelamerkel	36	AGE36	555	554_angelamerkel_36_f
157	angelamerkel	26	AGE26	541	540_angelamerkel_26_f
157	angelamerkel	47	AGE47	548	547_angelamerkel_47_f
157	angelamerkel	20	AGE20	545	544_angelamerkel_20_f
157	angelamerkel	51	AGE51	535	534_angelamerkel_51_f
157	angelamerkel	51	AGE51	547	546_angelamerkel_51_f
157	angelamerkel	43	AGE43	542	541_angelamerkel_43_f
157	angelamerkel	57	AGE57	537	536_angelamerkel_57_f
157	angelamerkel	51	AGE51	536	535_angelamerkel_51_f
157	angelamerkel	59	AGE59	554	553_angelamerkel_59_f
157	angelamerkel	51	AGE51	532	531_angelamerkel_51_f
157	angelamerkel	42	AGE42	556	555_angelamerkel_42_f
157	angelamerkel	26	AGE26	546	545_angelamerkel_26_f
157	angelamerkel	54	AGE54	539	538_angelamerkel_54_f
157	angelamerkel	55	AGE55	544	543_angelamerkel_55_f
157	angelamerkel	50	AGE50	540	539_angelamerkel_50_f
157	angelamerkel	54	AGE54	530	529_angelamerkel_54_f
157	angelamerkel	43	AGE43	534	533_angelamerkel_43_f
158	SpencerTracy	35	AGE35	8383	8382_SpencerTracy_35_m
158	SpencerTracy	45	AGE45	8397	8396_SpencerTracy_45_m
158	SpencerTracy	38	AGE38	8387	8386_SpencerTracy_38_m
158	SpencerTracy	35	AGE35	8396	8395_SpencerTracy_35_m
158	SpencerTracy	62	AGE62	8388	8387_SpencerTracy_62_m
158	SpencerTracy	60	AGE60	8386	8385_SpencerTracy_60_m
158	SpencerTracy	63	AGE63	8392	8391_SpencerTracy_63_m
158	SpencerTracy	32	AGE32	8379	8378_SpencerTracy_32_m
158	SpencerTracy	60	AGE60	8400	8399_SpencerTracy_60_m
158	SpencerTracy	65	AGE65	8404	8403_SpencerTracy_65_m
158	SpencerTracy	42	AGE42	8389	8388_SpencerTracy_42_m
158	SpencerTracy	28	AGE28	8378	8377_SpencerTracy_28_m
158	SpencerTracy	62	AGE62	8384	8383_SpencerTracy_62_m
158	SpencerTracy	35	AGE35	8398	8397_SpencerTracy_35_m
158	SpencerTracy	38	AGE38	8395	8394_SpencerTracy_38_m
158	SpencerTracy	35	AGE35	8402	8401_SpencerTracy_35_m
158	SpencerTracy	58	AGE58	8401	8400_SpencerTracy_58_m
158	SpencerTracy	44	AGE44	8403	8402_SpencerTracy_44_m
158	SpencerTracy	48	AGE48	8382	8381_SpencerTracy_48_m
158	SpencerTracy	55	AGE55	8390	8389_SpencerTracy_55_m
158	SpencerTracy	17	AGE17	8385	8384_SpencerTracy_17_m
158	SpencerTracy	19	AGE19	8380	8379_SpencerTracy_19_m
158	SpencerTracy	58	AGE58	8399	8398_SpencerTracy_58_m
158	SpencerTracy	33	AGE33	8391	8390_SpencerTracy_33_m
158	SpencerTracy	63	AGE63	8394	8393_SpencerTracy_63_m
158	SpencerTracy	36	AGE36	8381	8380_SpencerTracy_36_m
158	SpencerTracy	41	AGE41	8393	8392_SpencerTracy_41_m
159	PierceBrosnan	54	AGE54	4812	4811_PierceBrosnan_54_m
159	PierceBrosnan	47	AGE47	4802	4801_PierceBrosnan_47_m
159	PierceBrosnan	49	AGE49	4805	4804_PierceBrosnan_49_m
159	PierceBrosnan	46	AGE46	4801	4800_PierceBrosnan_46_m
159	PierceBrosnan	41	AGE41	4797	4796_PierceBrosnan_41_m
159	PierceBrosnan	30	AGE30	4787	4786_PierceBrosnan_30_m
159	PierceBrosnan	44	AGE44	4800	4799_PierceBrosnan_44_m
159	PierceBrosnan	51	AGE51	4807	4806_PierceBrosnan_51_m
159	PierceBrosnan	57	AGE57	4815	4814_PierceBrosnan_57_m
159	PierceBrosnan	52	AGE52	4808	4807_PierceBrosnan_52_m
159	PierceBrosnan	36	AGE36	4793	4792_PierceBrosnan_36_m
159	PierceBrosnan	50	AGE50	4806	4805_PierceBrosnan_50_m
159	PierceBrosnan	29	AGE29	4786	4785_PierceBrosnan_29_m
159	PierceBrosnan	35	AGE35	4792	4791_PierceBrosnan_35_m
159	PierceBrosnan	31	AGE31	4788	4787_PierceBrosnan_31_m
159	PierceBrosnan	34	AGE34	4791	4790_PierceBrosnan_34_m
159	PierceBrosnan	60	AGE60	4819	4818_PierceBrosnan_60_m
159	PierceBrosnan	39	AGE39	4795	4794_PierceBrosnan_39_m
159	PierceBrosnan	32	AGE32	4789	4788_PierceBrosnan_32_m
159	PierceBrosnan	53	AGE53	4810	4809_PierceBrosnan_53_m
159	PierceBrosnan	58	AGE58	4817	4816_PierceBrosnan_58_m
159	PierceBrosnan	43	AGE43	4799	4798_PierceBrosnan_43_m
159	PierceBrosnan	56	AGE56	4814	4813_PierceBrosnan_56_m
159	PierceBrosnan	27	AGE27	4785	4784_PierceBrosnan_27_m
159	PierceBrosnan	61	AGE61	4820	4819_PierceBrosnan_61_m
159	PierceBrosnan	49	AGE49	4804	4803_PierceBrosnan_49_m
159	PierceBrosnan	48	AGE48	4803	4802_PierceBrosnan_48_m
159	PierceBrosnan	37	AGE37	4794	4793_PierceBrosnan_37_m
159	PierceBrosnan	57	AGE57	4816	4815_PierceBrosnan_57_m
159	PierceBrosnan	26	AGE26	4784	4783_PierceBrosnan_26_m
159	PierceBrosnan	59	AGE59	4818	4817_PierceBrosnan_59_m
159	PierceBrosnan	53	AGE53	4811	4810_PierceBrosnan_53_m
159	PierceBrosnan	40	AGE40	4796	4795_PierceBrosnan_40_m
159	PierceBrosnan	33	AGE33	4790	4789_PierceBrosnan_33_m
159	PierceBrosnan	52	AGE52	4809	4808_PierceBrosnan_52_m
159	PierceBrosnan	55	AGE55	4813	4812_PierceBrosnan_55_m
159	PierceBrosnan	42	AGE42	4798	4797_PierceBrosnan_42_m
160	Einstain	42	AGE42	986	985_Einstain_42_m
160	Einstain	41	AGE41	976	975_Einstain_41_m
160	Einstain	73	AGE73	987	986_Einstain_73_m
160	Einstain	45	AGE45	985	984_Einstain_45_m
160	Einstain	24	AGE24	977	976_Einstain_24_m
160	Einstain	68	AGE68	979	978_Einstain_68_m
160	Einstain	41	AGE41	982	981_Einstain_41_m
160	Einstain	25	AGE25	978	977_Einstain_25_m
160	Einstain	74	AGE74	981	980_Einstain_74_m
160	Einstain	55	AGE55	983	982_Einstain_55_m
160	Einstain	70	AGE70	984	983_Einstain_70_m
160	Einstain	40	AGE40	980	979_Einstain_40_m
161	MaggieSmith	32	AGE32	10703	10702_MaggieSmith_32_f
161	MaggieSmith	70	AGE70	10721	10720_MaggieSmith_70_f
161	MaggieSmith	28	AGE28	10698	10697_MaggieSmith_28_f
161	MaggieSmith	73	AGE73	10716	10715_MaggieSmith_73_f
161	MaggieSmith	48	AGE48	10709	10708_MaggieSmith_48_f
161	MaggieSmith	29	AGE29	10699	10698_MaggieSmith_29_f
161	MaggieSmith	67	AGE67	10715	10714_MaggieSmith_67_f
161	MaggieSmith	23	AGE23	10725	10724_MaggieSmith_23_f
161	MaggieSmith	39	AGE39	10696	10695_MaggieSmith_39_f
161	MaggieSmith	71	AGE71	10726	10725_MaggieSmith_71_f
161	MaggieSmith	31	AGE31	10702	10701_MaggieSmith_31_f
161	MaggieSmith	38	AGE38	10694	10693_MaggieSmith_38_f
161	MaggieSmith	61	AGE61	10712	10711_MaggieSmith_61_f
161	MaggieSmith	30	AGE30	10700	10699_MaggieSmith_30_f
161	MaggieSmith	47	AGE47	10708	10707_MaggieSmith_47_f
161	MaggieSmith	35	AGE35	10723	10722_MaggieSmith_35_f
161	MaggieSmith	24	AGE24	10695	10694_MaggieSmith_24_f
161	MaggieSmith	45	AGE45	10707	10706_MaggieSmith_45_f
161	MaggieSmith	35	AGE35	10727	10726_MaggieSmith_35_f
161	MaggieSmith	42	AGE42	10706	10705_MaggieSmith_42_f
161	MaggieSmith	35	AGE35	10719	10718_MaggieSmith_35_f
161	MaggieSmith	52	AGE52	10710	10709_MaggieSmith_52_f
161	MaggieSmith	63	AGE63	10714	10713_MaggieSmith_63_f
161	MaggieSmith	78	AGE78	10718	10717_MaggieSmith_78_f
161	MaggieSmith	34	AGE34	10704	10703_MaggieSmith_34_f
161	MaggieSmith	62	AGE62	10713	10712_MaggieSmith_62_f
161	MaggieSmith	76	AGE76	10717	10716_MaggieSmith_76_f
161	MaggieSmith	40	AGE40	10720	10719_MaggieSmith_40_f
161	MaggieSmith	26	AGE26	10724	10723_MaggieSmith_26_f
161	MaggieSmith	36	AGE36	10705	10704_MaggieSmith_36_f
161	MaggieSmith	54	AGE54	10711	10710_MaggieSmith_54_f
161	MaggieSmith	25	AGE25	10697	10696_MaggieSmith_25_f
161	MaggieSmith	31	AGE31	10701	10700_MaggieSmith_31_f
161	MaggieSmith	24	AGE24	10722	10721_MaggieSmith_24_f
162	PeterSellers	38	AGE38	9158	9157_PeterSellers_38_m
162	PeterSellers	42	AGE42	9165	9164_PeterSellers_42_m
162	PeterSellers	33	AGE33	9170	9169_PeterSellers_33_m
162	PeterSellers	39	AGE39	9162	9161_PeterSellers_39_m
162	PeterSellers	25	AGE25	9187	9186_PeterSellers_25_m
162	PeterSellers	42	AGE42	9180	9179_PeterSellers_42_m
162	PeterSellers	34	AGE34	9175	9174_PeterSellers_34_m
162	PeterSellers	40	AGE40	9157	9156_PeterSellers_40_m
162	PeterSellers	54	AGE54	9169	9168_PeterSellers_54_m
162	PeterSellers	42	AGE42	9186	9185_PeterSellers_42_m
162	PeterSellers	43	AGE43	9174	9173_PeterSellers_43_m
162	PeterSellers	37	AGE37	9183	9182_PeterSellers_37_m
162	PeterSellers	52	AGE52	9184	9183_PeterSellers_52_m
162	PeterSellers	38	AGE38	9160	9159_PeterSellers_38_m
162	PeterSellers	42	AGE42	9172	9171_PeterSellers_42_m
162	PeterSellers	39	AGE39	9178	9177_PeterSellers_39_m
162	PeterSellers	48	AGE48	9159	9158_PeterSellers_48_m
162	PeterSellers	35	AGE35	9164	9163_PeterSellers_35_m
162	PeterSellers	36	AGE36	9173	9172_PeterSellers_36_m
162	PeterSellers	42	AGE42	9185	9184_PeterSellers_42_m
162	PeterSellers	40	AGE40	9181	9180_PeterSellers_40_m
162	PeterSellers	35	AGE35	9167	9166_PeterSellers_35_m
162	PeterSellers	25	AGE25	9155	9154_PeterSellers_25_m
162	PeterSellers	54	AGE54	9182	9181_PeterSellers_54_m
162	PeterSellers	44	AGE44	9171	9170_PeterSellers_44_m
162	PeterSellers	45	AGE45	9161	9160_PeterSellers_45_m
162	PeterSellers	53	AGE53	9177	9176_PeterSellers_53_m
162	PeterSellers	30	AGE30	9154	9153_PeterSellers_30_m
162	PeterSellers	41	AGE41	9156	9155_PeterSellers_41_m
162	PeterSellers	54	AGE54	9168	9167_PeterSellers_54_m
162	PeterSellers	38	AGE38	9176	9175_PeterSellers_38_m
162	PeterSellers	34	AGE34	9166	9165_PeterSellers_34_m
162	PeterSellers	44	AGE44	9179	9178_PeterSellers_44_m
162	PeterSellers	39	AGE39	9163	9162_PeterSellers_39_m
163	CharlieSheen	48	AGE48	4046	4045_CharlieSheen_48_m
163	CharlieSheen	19	AGE19	4019	4018_CharlieSheen_19_m
163	CharlieSheen	34	AGE34	4032	4031_CharlieSheen_34_m
163	CharlieSheen	35	AGE35	4033	4032_CharlieSheen_35_m
163	CharlieSheen	47	AGE47	4044	4043_CharlieSheen_47_m
163	CharlieSheen	20	AGE20	4020	4019_CharlieSheen_20_m
163	CharlieSheen	37	AGE37	4035	4034_CharlieSheen_37_m
163	CharlieSheen	36	AGE36	4034	4033_CharlieSheen_36_m
163	CharlieSheen	46	AGE46	4043	4042_CharlieSheen_46_m
163	CharlieSheen	41	AGE41	4039	4038_CharlieSheen_41_m
163	CharlieSheen	24	AGE24	4024	4023_CharlieSheen_24_m
163	CharlieSheen	23	AGE23	4023	4022_CharlieSheen_23_m
163	CharlieSheen	22	AGE22	4022	4021_CharlieSheen_22_m
163	CharlieSheen	31	AGE31	4030	4029_CharlieSheen_31_m
163	CharlieSheen	26	AGE26	4026	4025_CharlieSheen_26_m
163	CharlieSheen	25	AGE25	4025	4024_CharlieSheen_25_m
163	CharlieSheen	45	AGE45	4042	4041_CharlieSheen_45_m
163	CharlieSheen	48	AGE48	4047	4046_CharlieSheen_48_m
163	CharlieSheen	17	AGE17	4017	4016_CharlieSheen_17_m
163	CharlieSheen	49	AGE49	4049	4048_CharlieSheen_49_m
163	CharlieSheen	32	AGE32	4031	4030_CharlieSheen_32_m
163	CharlieSheen	49	AGE49	4048	4047_CharlieSheen_49_m
163	CharlieSheen	40	AGE40	4038	4037_CharlieSheen_40_m
163	CharlieSheen	42	AGE42	4040	4039_CharlieSheen_42_m
163	CharlieSheen	18	AGE18	4018	4017_CharlieSheen_18_m
163	CharlieSheen	7	AGE7	4015	4014_CharlieSheen_7_m
163	CharlieSheen	29	AGE29	4028	4027_CharlieSheen_29_m
163	CharlieSheen	47	AGE47	4045	4044_CharlieSheen_47_m
163	CharlieSheen	39	AGE39	4037	4036_CharlieSheen_39_m
163	CharlieSheen	28	AGE28	4027	4026_CharlieSheen_28_m
163	CharlieSheen	38	AGE38	4036	4035_CharlieSheen_38_m
163	CharlieSheen	21	AGE21	4021	4020_CharlieSheen_21_m
163	CharlieSheen	16	AGE16	4016	4015_CharlieSheen_16_m
163	CharlieSheen	30	AGE30	4029	4028_CharlieSheen_30_m
163	CharlieSheen	44	AGE44	4041	4040_CharlieSheen_44_m
163	CharlieSheen	50	AGE50	4050	4049_CharlieSheen_50_m
164	KimBasinger	35	AGE35	10592	10591_KimBasinger_35_f
164	KimBasinger	32	AGE32	10589	10588_KimBasinger_32_f
164	KimBasinger	55	AGE55	10600	10599_KimBasinger_55_f
164	KimBasinger	41	AGE41	10594	10593_KimBasinger_41_f
164	KimBasinger	25	AGE25	10585	10584_KimBasinger_25_f
164	KimBasinger	29	AGE29	10586	10585_KimBasinger_29_f
164	KimBasinger	53	AGE53	10599	10598_KimBasinger_53_f
164	KimBasinger	36	AGE36	10593	10592_KimBasinger_36_f
164	KimBasinger	47	AGE47	10598	10597_KimBasinger_47_f
164	KimBasinger	46	AGE46	10597	10596_KimBasinger_46_f
164	KimBasinger	60	AGE60	10601	10600_KimBasinger_60_f
164	KimBasinger	33	AGE33	10590	10589_KimBasinger_33_f
164	KimBasinger	34	AGE34	10591	10590_KimBasinger_34_f
164	KimBasinger	45	AGE45	10596	10595_KimBasinger_45_f
164	KimBasinger	30	AGE30	10587	10586_KimBasinger_30_f
164	KimBasinger	41	AGE41	10595	10594_KimBasinger_41_f
164	KimBasinger	31	AGE31	10588	10587_KimBasinger_31_f
165	AdolfHitlerr	53	AGE53	776	775_AdolfHitlerr_53_m
165	AdolfHitlerr	11	AGE11	779	778_AdolfHitlerr_11_m
165	AdolfHitlerr	44	AGE44	771	770_AdolfHitlerr_44_m
165	AdolfHitlerr	55	AGE55	781	780_AdolfHitlerr_55_m
165	AdolfHitlerr	52	AGE52	770	769_AdolfHitlerr_52_m
165	AdolfHitlerr	43	AGE43	773	772_AdolfHitlerr_43_m
165	AdolfHitlerr	44	AGE44	772	771_AdolfHitlerr_44_m
165	AdolfHitlerr	46	AGE46	775	774_AdolfHitlerr_46_m
165	AdolfHitlerr	55	AGE55	782	781_AdolfHitlerr_55_m
165	AdolfHitlerr	30	AGE30	780	779_AdolfHitlerr_30_m
165	AdolfHitlerr	48	AGE48	778	777_AdolfHitlerr_48_m
165	AdolfHitlerr	54	AGE54	783	782_AdolfHitlerr_54_m
165	AdolfHitlerr	36	AGE36	774	773_AdolfHitlerr_36_m
165	AdolfHitlerr	48	AGE48	777	776_AdolfHitlerr_48_m
166	AnnJillian	10	AGE10	14974	14973_AnnJillian_10_f
166	AnnJillian	41	AGE41	14991	14990_AnnJillian_41_f
166	AnnJillian	47	AGE47	14996	14995_AnnJillian_47_f
166	AnnJillian	13	AGE13	14977	14976_AnnJillian_13_f
166	AnnJillian	31	AGE31	14983	14982_AnnJillian_31_f
166	AnnJillian	34	AGE34	14985	14984_AnnJillian_34_f
166	AnnJillian	27	AGE27	14980	14979_AnnJillian_27_f
166	AnnJillian	42	AGE42	14992	14991_AnnJillian_42_f
166	AnnJillian	62	AGE62	15000	14999_AnnJillian_62_f
166	AnnJillian	35	AGE35	14986	14985_AnnJillian_35_f
166	AnnJillian	21	AGE21	14978	14977_AnnJillian_21_f
166	AnnJillian	24	AGE24	14979	14978_AnnJillian_24_f
166	AnnJillian	30	AGE30	14982	14981_AnnJillian_30_f
166	AnnJillian	36	AGE36	14987	14986_AnnJillian_36_f
166	AnnJillian	38	AGE38	14989	14988_AnnJillian_38_f
166	AnnJillian	12	AGE12	14976	14975_AnnJillian_12_f
166	AnnJillian	32	AGE32	14984	14983_AnnJillian_32_f
166	AnnJillian	43	AGE43	14993	14992_AnnJillian_43_f
166	AnnJillian	37	AGE37	14988	14987_AnnJillian_37_f
166	AnnJillian	11	AGE11	14975	14974_AnnJillian_11_f
166	AnnJillian	40	AGE40	14990	14989_AnnJillian_40_f
166	AnnJillian	29	AGE29	14981	14980_AnnJillian_29_f
166	AnnJillian	44	AGE44	14994	14993_AnnJillian_44_f
166	AnnJillian	49	AGE49	14997	14996_AnnJillian_49_f
166	AnnJillian	46	AGE46	14995	14994_AnnJillian_46_f
166	AnnJillian	54	AGE54	14998	14997_AnnJillian_54_f
166	AnnJillian	57	AGE57	14999	14998_AnnJillian_57_f
166	AnnJillian	64	AGE64	15001	15000_AnnJillian_64_f
167	KatharineHepburn	33	AGE33	14919	14918_KatharineHepburn_33_f
167	KatharineHepburn	62	AGE62	14913	14912_KatharineHepburn_62_f
167	KatharineHepburn	48	AGE48	14907	14906_KatharineHepburn_48_f
167	KatharineHepburn	37	AGE37	14902	14901_KatharineHepburn_37_f
167	KatharineHepburn	33	AGE33	14924	14923_KatharineHepburn_33_f
167	KatharineHepburn	64	AGE64	14914	14913_KatharineHepburn_64_f
167	KatharineHepburn	60	AGE60	14911	14910_KatharineHepburn_60_f
167	KatharineHepburn	35	AGE35	14900	14899_KatharineHepburn_35_f
167	KatharineHepburn	48	AGE48	14921	14920_KatharineHepburn_48_f
167	KatharineHepburn	87	AGE87	14917	14916_KatharineHepburn_87_f
167	KatharineHepburn	61	AGE61	14922	14921_KatharineHepburn_61_f
167	KatharineHepburn	34	AGE34	14899	14898_KatharineHepburn_34_f
167	KatharineHepburn	36	AGE36	14901	14900_KatharineHepburn_36_f
167	KatharineHepburn	48	AGE48	14923	14922_KatharineHepburn_48_f
167	KatharineHepburn	44	AGE44	14905	14904_KatharineHepburn_44_f
167	KatharineHepburn	55	AGE55	14910	14909_KatharineHepburn_55_f
167	KatharineHepburn	49	AGE49	14908	14907_KatharineHepburn_49_f
167	KatharineHepburn	38	AGE38	14903	14902_KatharineHepburn_38_f
167	KatharineHepburn	42	AGE42	14904	14903_KatharineHepburn_42_f
167	KatharineHepburn	95	AGE95	14918	14917_KatharineHepburn_95_f
167	KatharineHepburn	90	AGE90	14916	14915_KatharineHepburn_90_f
167	KatharineHepburn	49	AGE49	14909	14908_KatharineHepburn_49_f
167	KatharineHepburn	40	AGE40	14920	14919_KatharineHepburn_40_f
167	KatharineHepburn	48	AGE48	14906	14905_KatharineHepburn_48_f
167	KatharineHepburn	21	AGE21	14898	14897_KatharineHepburn_21_f
167	KatharineHepburn	61	AGE61	14912	14911_KatharineHepburn_61_f
167	KatharineHepburn	66	AGE66	14915	14914_KatharineHepburn_66_f
168	JohnCleese	41	AGE41	2681	2680_JohnCleese_41_m
168	JohnCleese	33	AGE33	2676	2675_JohnCleese_33_m
168	JohnCleese	47	AGE47	2685	2684_JohnCleese_47_m
168	JohnCleese	73	AGE73	2699	2698_JohnCleese_73_m
168	JohnCleese	42	AGE42	2682	2681_JohnCleese_42_m
168	JohnCleese	40	AGE40	2680	2679_JohnCleese_40_m
168	JohnCleese	29	AGE29	2672	2671_JohnCleese_29_m
168	JohnCleese	36	AGE36	2678	2677_JohnCleese_36_m
168	JohnCleese	50	AGE50	2688	2687_JohnCleese_50_m
168	JohnCleese	67	AGE67	2697	2696_JohnCleese_67_m
168	JohnCleese	55	AGE55	2690	2689_JohnCleese_55_m
168	JohnCleese	64	AGE64	2695	2694_JohnCleese_64_m
168	JohnCleese	35	AGE35	2677	2676_JohnCleese_35_m
168	JohnCleese	32	AGE32	2675	2674_JohnCleese_32_m
168	JohnCleese	43	AGE43	2683	2682_JohnCleese_43_m
168	JohnCleese	70	AGE70	2698	2697_JohnCleese_70_m
168	JohnCleese	58	AGE58	2692	2691_JohnCleese_58_m
168	JohnCleese	44	AGE44	2684	2683_JohnCleese_44_m
168	JohnCleese	30	AGE30	2673	2672_JohnCleese_30_m
168	JohnCleese	31	AGE31	2674	2673_JohnCleese_31_m
168	JohnCleese	62	AGE62	2693	2692_JohnCleese_62_m
168	JohnCleese	37	AGE37	2679	2678_JohnCleese_37_m
168	JohnCleese	62	AGE62	2694	2693_JohnCleese_62_m
168	JohnCleese	65	AGE65	2696	2695_JohnCleese_65_m
168	JohnCleese	49	AGE49	2686	2685_JohnCleese_49_m
168	JohnCleese	56	AGE56	2691	2690_JohnCleese_56_m
168	JohnCleese	49	AGE49	2687	2686_JohnCleese_49_m
168	JohnCleese	53	AGE53	2689	2688_JohnCleese_53_m
169	Turner	46	AGE46	16429	16428_Turner_46_f
169	Turner	72	AGE72	16432	16431_Turner_72_f
169	Turner	44	AGE44	16426	16425_Turner_44_f
169	Turner	77	AGE77	16437	16436_Turner_77_f
169	Turner	76	AGE76	16436	16435_Turner_76_f
169	Turner	32	AGE32	16422	16421_Turner_32_f
169	Turner	45	AGE45	16424	16423_Turner_45_f
169	Turner	69	AGE69	16434	16433_Turner_69_f
169	Turner	41	AGE41	16420	16419_Turner_41_f
169	Turner	69	AGE69	16431	16430_Turner_69_f
169	Turner	46	AGE46	16428	16427_Turner_46_f
169	Turner	44	AGE44	16421	16420_Turner_44_f
169	Turner	73	AGE73	16433	16432_Turner_73_f
169	Turner	27	AGE27	16418	16417_Turner_27_f
169	Turner	54	AGE54	16430	16429_Turner_54_f
169	Turner	18	AGE18	16435	16434_Turner_18_f
169	Turner	37	AGE37	16419	16418_Turner_37_f
169	Turner	70	AGE70	16423	16422_Turner_70_f
169	Turner	44	AGE44	16425	16424_Turner_44_f
169	Turner	46	AGE46	16427	16426_Turner_46_f
170	CharlesBoyer	29	AGE29	6952	6951_CharlesBoyer_29_m
170	CharlesBoyer	45	AGE45	6963	6962_CharlesBoyer_45_m
170	CharlesBoyer	67	AGE67	6980	6979_CharlesBoyer_67_m
170	CharlesBoyer	66	AGE66	6979	6978_CharlesBoyer_66_m
170	CharlesBoyer	54	AGE54	6969	6968_CharlesBoyer_54_m
170	CharlesBoyer	59	AGE59	6974	6973_CharlesBoyer_59_m
170	CharlesBoyer	63	AGE63	6976	6975_CharlesBoyer_63_m
170	CharlesBoyer	69	AGE69	6982	6981_CharlesBoyer_69_m
170	CharlesBoyer	76	AGE76	6985	6984_CharlesBoyer_76_m
170	CharlesBoyer	64	AGE64	6977	6976_CharlesBoyer_64_m
170	CharlesBoyer	71	AGE71	6983	6982_CharlesBoyer_71_m
170	CharlesBoyer	65	AGE65	6978	6977_CharlesBoyer_65_m
170	CharlesBoyer	56	AGE56	6971	6970_CharlesBoyer_56_m
170	CharlesBoyer	53	AGE53	6968	6967_CharlesBoyer_53_m
170	CharlesBoyer	43	AGE43	6961	6960_CharlesBoyer_43_m
170	CharlesBoyer	34	AGE34	6955	6954_CharlesBoyer_34_m
170	CharlesBoyer	33	AGE33	6954	6953_CharlesBoyer_33_m
170	CharlesBoyer	28	AGE28	6951	6950_CharlesBoyer_28_m
170	CharlesBoyer	50	AGE50	6966	6965_CharlesBoyer_50_m
170	CharlesBoyer	46	AGE46	6964	6963_CharlesBoyer_46_m
170	CharlesBoyer	36	AGE36	6956	6955_CharlesBoyer_36_m
170	CharlesBoyer	58	AGE58	6973	6972_CharlesBoyer_58_m
170	CharlesBoyer	55	AGE55	6970	6969_CharlesBoyer_55_m
170	CharlesBoyer	38	AGE38	6958	6957_CharlesBoyer_38_m
170	CharlesBoyer	57	AGE57	6972	6971_CharlesBoyer_57_m
170	CharlesBoyer	41	AGE41	6960	6959_CharlesBoyer_41_m
170	CharlesBoyer	68	AGE68	6981	6980_CharlesBoyer_68_m
170	CharlesBoyer	37	AGE37	6957	6956_CharlesBoyer_37_m
170	CharlesBoyer	51	AGE51	6967	6966_CharlesBoyer_51_m
170	CharlesBoyer	61	AGE61	6975	6974_CharlesBoyer_61_m
170	CharlesBoyer	44	AGE44	6962	6961_CharlesBoyer_44_m
170	CharlesBoyer	48	AGE48	6965	6964_CharlesBoyer_48_m
170	CharlesBoyer	74	AGE74	6984	6983_CharlesBoyer_74_m
170	CharlesBoyer	31	AGE31	6953	6952_CharlesBoyer_31_m
170	CharlesBoyer	39	AGE39	6959	6958_CharlesBoyer_39_m
171	EmmaThompson	47	AGE47	11040	11039_EmmaThompson_47_f
171	EmmaThompson	40	AGE40	11036	11035_EmmaThompson_40_f
171	EmmaThompson	43	AGE43	11038	11037_EmmaThompson_43_f
171	EmmaThompson	44	AGE44	11039	11038_EmmaThompson_44_f
171	EmmaThompson	55	AGE55	11044	11043_EmmaThompson_55_f
171	EmmaThompson	24	AGE24	11026	11025_EmmaThompson_24_f
171	EmmaThompson	33	AGE33	11031	11030_EmmaThompson_33_f
171	EmmaThompson	32	AGE32	11029	11028_EmmaThompson_32_f
171	EmmaThompson	37	AGE37	11034	11033_EmmaThompson_37_f
171	EmmaThompson	35	AGE35	11033	11032_EmmaThompson_35_f
171	EmmaThompson	27	AGE27	11027	11026_EmmaThompson_27_f
171	EmmaThompson	51	AGE51	11043	11042_EmmaThompson_51_f
171	EmmaThompson	49	AGE49	11042	11041_EmmaThompson_49_f
171	EmmaThompson	33	AGE33	11030	11029_EmmaThompson_33_f
171	EmmaThompson	30	AGE30	11028	11027_EmmaThompson_30_f
171	EmmaThompson	38	AGE38	11035	11034_EmmaThompson_38_f
171	EmmaThompson	49	AGE49	11041	11040_EmmaThompson_49_f
171	EmmaThompson	34	AGE34	11032	11031_EmmaThompson_34_f
171	EmmaThompson	23	AGE23	11025	11024_EmmaThompson_23_f
171	EmmaThompson	42	AGE42	11037	11036_EmmaThompson_42_f
172	ChristopherEccleston	35	AGE35	8893	8892_ChristopherEccleston_35_m
172	ChristopherEccleston	37	AGE37	8895	8894_ChristopherEccleston_37_m
172	ChristopherEccleston	34	AGE34	8892	8891_ChristopherEccleston_34_m
172	ChristopherEccleston	43	AGE43	8900	8899_ChristopherEccleston_43_m
172	ChristopherEccleston	32	AGE32	8890	8889_ChristopherEccleston_32_m
172	ChristopherEccleston	41	AGE41	8898	8897_ChristopherEccleston_41_m
172	ChristopherEccleston	33	AGE33	8891	8890_ChristopherEccleston_33_m
172	ChristopherEccleston	36	AGE36	8894	8893_ChristopherEccleston_36_m
172	ChristopherEccleston	45	AGE45	8902	8901_ChristopherEccleston_45_m
172	ChristopherEccleston	28	AGE28	8885	8884_ChristopherEccleston_28_m
172	ChristopherEccleston	24	AGE24	8882	8881_ChristopherEccleston_24_m
172	ChristopherEccleston	29	AGE29	8887	8886_ChristopherEccleston_29_m
172	ChristopherEccleston	47	AGE47	8904	8903_ChristopherEccleston_47_m
172	ChristopherEccleston	39	AGE39	8896	8895_ChristopherEccleston_39_m
172	ChristopherEccleston	31	AGE31	8889	8888_ChristopherEccleston_31_m
172	ChristopherEccleston	44	AGE44	8901	8900_ChristopherEccleston_44_m
172	ChristopherEccleston	27	AGE27	8884	8883_ChristopherEccleston_27_m
172	ChristopherEccleston	49	AGE49	8906	8905_ChristopherEccleston_49_m
172	ChristopherEccleston	40	AGE40	8897	8896_ChristopherEccleston_40_m
172	ChristopherEccleston	26	AGE26	8883	8882_ChristopherEccleston_26_m
172	ChristopherEccleston	49	AGE49	8907	8906_ChristopherEccleston_49_m
172	ChristopherEccleston	30	AGE30	8888	8887_ChristopherEccleston_30_m
172	ChristopherEccleston	48	AGE48	8905	8904_ChristopherEccleston_48_m
172	ChristopherEccleston	29	AGE29	8886	8885_ChristopherEccleston_29_m
172	ChristopherEccleston	42	AGE42	8899	8898_ChristopherEccleston_42_m
172	ChristopherEccleston	50	AGE50	8908	8907_ChristopherEccleston_50_m
172	ChristopherEccleston	46	AGE46	8903	8902_ChristopherEccleston_46_m
173	GreerGarson	48	AGE48	14022	14021_GreerGarson_48_f
173	GreerGarson	39	AGE39	14013	14012_GreerGarson_39_f
173	GreerGarson	39	AGE39	14033	14032_GreerGarson_39_f
173	GreerGarson	81	AGE81	14021	14020_GreerGarson_81_f
173	GreerGarson	45	AGE45	14031	14030_GreerGarson_45_f
173	GreerGarson	54	AGE54	14029	14028_GreerGarson_54_f
173	GreerGarson	50	AGE50	14032	14031_GreerGarson_50_f
173	GreerGarson	49	AGE49	14024	14023_GreerGarson_49_f
173	GreerGarson	33	AGE33	14028	14027_GreerGarson_33_f
173	GreerGarson	62	AGE62	14019	14018_GreerGarson_62_f
173	GreerGarson	28	AGE28	14023	14022_GreerGarson_28_f
173	GreerGarson	40	AGE40	14035	14034_GreerGarson_40_f
173	GreerGarson	63	AGE63	14020	14019_GreerGarson_63_f
173	GreerGarson	35	AGE35	14010	14009_GreerGarson_35_f
173	GreerGarson	41	AGE41	14025	14024_GreerGarson_41_f
173	GreerGarson	58	AGE58	14030	14029_GreerGarson_58_f
173	GreerGarson	45	AGE45	14016	14015_GreerGarson_45_f
173	GreerGarson	43	AGE43	14015	14014_GreerGarson_43_f
173	GreerGarson	36	AGE36	14011	14010_GreerGarson_36_f
173	GreerGarson	32	AGE32	14009	14008_GreerGarson_32_f
173	GreerGarson	61	AGE61	14018	14017_GreerGarson_61_f
173	GreerGarson	46	AGE46	14017	14016_GreerGarson_46_f
173	GreerGarson	56	AGE56	14034	14033_GreerGarson_56_f
173	GreerGarson	30	AGE30	14026	14025_GreerGarson_30_f
173	GreerGarson	58	AGE58	14027	14026_GreerGarson_58_f
173	GreerGarson	38	AGE38	14012	14011_GreerGarson_38_f
173	GreerGarson	43	AGE43	14014	14013_GreerGarson_43_f
174	LelandStanford	46	AGE46	412	411_LelandStanford_46_m
174	LelandStanford	40	AGE40	414	413_LelandStanford_40_m
174	LelandStanford	38	AGE38	418	417_LelandStanford_38_m
174	LelandStanford	38	AGE38	413	412_LelandStanford_38_m
174	LelandStanford	49	AGE49	421	420_LelandStanford_49_m
174	LelandStanford	57	AGE57	415	414_LelandStanford_57_m
174	LelandStanford	67	AGE67	416	415_LelandStanford_67_m
174	LelandStanford	66	AGE66	411	410_LelandStanford_66_m
174	LelandStanford	26	AGE26	419	418_LelandStanford_26_m
174	LelandStanford	54	AGE54	420	419_LelandStanford_54_m
175	FrancesDee	90	AGE90	5837	5836_FrancesDee_90_m
175	FrancesDee	89	AGE89	5836	5835_FrancesDee_89_m
175	FrancesDee	43	AGE43	12608	12607_FrancesDee_43_f
175	FrancesDee	35	AGE35	12603	12602_FrancesDee_35_f
175	FrancesDee	40	AGE40	5828	5827_FrancesDee_40_m
175	FrancesDee	33	AGE33	12602	12601_FrancesDee_33_f
175	FrancesDee	90	AGE90	12615	12614_FrancesDee_90_f
175	FrancesDee	31	AGE31	5823	5822_FrancesDee_31_m
175	FrancesDee	30	AGE30	12600	12599_FrancesDee_30_f
175	FrancesDee	38	AGE38	12605	12604_FrancesDee_38_f
175	FrancesDee	41	AGE41	5829	5828_FrancesDee_41_m
175	FrancesDee	89	AGE89	12614	12613_FrancesDee_89_f
175	FrancesDee	25	AGE25	5820	5819_FrancesDee_25_m
175	FrancesDee	37	AGE37	12604	12603_FrancesDee_37_f
175	FrancesDee	22	AGE22	12596	12595_FrancesDee_22_f
175	FrancesDee	44	AGE44	12609	12608_FrancesDee_44_f
175	FrancesDee	76	AGE76	12612	12611_FrancesDee_76_f
175	FrancesDee	70	AGE70	12611	12610_FrancesDee_70_f
175	FrancesDee	41	AGE41	12607	12606_FrancesDee_41_f
175	FrancesDee	29	AGE29	12599	12598_FrancesDee_29_f
175	FrancesDee	37	AGE37	5826	5825_FrancesDee_37_m
175	FrancesDee	44	AGE44	5831	5830_FrancesDee_44_m
175	FrancesDee	29	AGE29	5821	5820_FrancesDee_29_m
175	FrancesDee	24	AGE24	5819	5818_FrancesDee_24_m
175	FrancesDee	93	AGE93	5839	5838_FrancesDee_93_m
175	FrancesDee	33	AGE33	5824	5823_FrancesDee_33_m
175	FrancesDee	45	AGE45	5832	5831_FrancesDee_45_m
175	FrancesDee	43	AGE43	5830	5829_FrancesDee_43_m
175	FrancesDee	22	AGE22	5818	5817_FrancesDee_22_m
175	FrancesDee	40	AGE40	12606	12605_FrancesDee_40_f
175	FrancesDee	83	AGE83	5835	5834_FrancesDee_83_m
175	FrancesDee	24	AGE24	12597	12596_FrancesDee_24_f
175	FrancesDee	35	AGE35	5825	5824_FrancesDee_35_m
175	FrancesDee	31	AGE31	12601	12600_FrancesDee_31_f
175	FrancesDee	83	AGE83	12613	12612_FrancesDee_83_f
175	FrancesDee	30	AGE30	5822	5821_FrancesDee_30_m
175	FrancesDee	45	AGE45	12610	12609_FrancesDee_45_f
175	FrancesDee	91	AGE91	12616	12615_FrancesDee_91_f
175	FrancesDee	25	AGE25	12598	12597_FrancesDee_25_f
175	FrancesDee	38	AGE38	5827	5826_FrancesDee_38_m
175	FrancesDee	70	AGE70	5833	5832_FrancesDee_70_m
175	FrancesDee	93	AGE93	12617	12616_FrancesDee_93_f
175	FrancesDee	91	AGE91	5838	5837_FrancesDee_91_m
175	FrancesDee	76	AGE76	5834	5833_FrancesDee_76_m
176	RodTaylor	43	AGE43	2271	2270_RodTaylor_43_m
176	RodTaylor	36	AGE36	2264	2263_RodTaylor_36_m
176	RodTaylor	26	AGE26	2256	2255_RodTaylor_26_m
176	RodTaylor	61	AGE61	2283	2282_RodTaylor_61_m
176	RodTaylor	32	AGE32	2261	2260_RodTaylor_32_m
176	RodTaylor	30	AGE30	2259	2258_RodTaylor_30_m
176	RodTaylor	35	AGE35	2263	2262_RodTaylor_35_m
176	RodTaylor	69	AGE69	2288	2287_RodTaylor_69_m
176	RodTaylor	64	AGE64	2285	2284_RodTaylor_64_m
176	RodTaylor	37	AGE37	2265	2264_RodTaylor_37_m
176	RodTaylor	28	AGE28	2257	2256_RodTaylor_28_m
176	RodTaylor	31	AGE31	2260	2259_RodTaylor_31_m
176	RodTaylor	62	AGE62	2284	2283_RodTaylor_62_m
176	RodTaylor	80	AGE80	2290	2289_RodTaylor_80_m
176	RodTaylor	33	AGE33	2262	2261_RodTaylor_33_m
176	RodTaylor	44	AGE44	2272	2271_RodTaylor_44_m
176	RodTaylor	66	AGE66	2287	2286_RodTaylor_66_m
176	RodTaylor	79	AGE79	2289	2288_RodTaylor_79_m
176	RodTaylor	46	AGE46	2274	2273_RodTaylor_46_m
176	RodTaylor	40	AGE40	2268	2267_RodTaylor_40_m
176	RodTaylor	24	AGE24	2253	2252_RodTaylor_24_m
176	RodTaylor	81	AGE81	2291	2290_RodTaylor_81_m
176	RodTaylor	53	AGE53	2280	2279_RodTaylor_53_m
176	RodTaylor	50	AGE50	2277	2276_RodTaylor_50_m
176	RodTaylor	49	AGE49	2276	2275_RodTaylor_49_m
176	RodTaylor	65	AGE65	2286	2285_RodTaylor_65_m
176	RodTaylor	38	AGE38	2266	2265_RodTaylor_38_m
176	RodTaylor	29	AGE29	2258	2257_RodTaylor_29_m
176	RodTaylor	41	AGE41	2269	2268_RodTaylor_41_m
176	RodTaylor	45	AGE45	2273	2272_RodTaylor_45_m
176	RodTaylor	38	AGE38	2267	2266_RodTaylor_38_m
176	RodTaylor	25	AGE25	2255	2254_RodTaylor_25_m
176	RodTaylor	24	AGE24	2254	2253_RodTaylor_24_m
176	RodTaylor	42	AGE42	2270	2269_RodTaylor_42_m
176	RodTaylor	58	AGE58	2281	2280_RodTaylor_58_m
176	RodTaylor	20	AGE20	2252	2251_RodTaylor_20_m
176	RodTaylor	52	AGE52	2279	2278_RodTaylor_52_m
176	RodTaylor	48	AGE48	2275	2274_RodTaylor_48_m
176	RodTaylor	60	AGE60	2282	2281_RodTaylor_60_m
176	RodTaylor	51	AGE51	2278	2277_RodTaylor_51_m
177	OliviaHussey	16	AGE16	11696	11695_OliviaHussey_16_f
177	OliviaHussey	33	AGE33	11708	11707_OliviaHussey_33_f
177	OliviaHussey	28	AGE28	11704	11703_OliviaHussey_28_f
177	OliviaHussey	18	AGE18	11697	11696_OliviaHussey_18_f
177	OliviaHussey	63	AGE63	11723	11722_OliviaHussey_63_f
177	OliviaHussey	23	AGE23	11701	11700_OliviaHussey_23_f
177	OliviaHussey	62	AGE62	11722	11721_OliviaHussey_62_f
177	OliviaHussey	31	AGE31	11707	11706_OliviaHussey_31_f
177	OliviaHussey	29	AGE29	11705	11704_OliviaHussey_29_f
177	OliviaHussey	55	AGE55	11718	11717_OliviaHussey_55_f
177	OliviaHussey	41	AGE41	11712	11711_OliviaHussey_41_f
177	OliviaHussey	56	AGE56	11719	11718_OliviaHussey_56_f
177	OliviaHussey	40	AGE40	11711	11710_OliviaHussey_40_f
177	OliviaHussey	21	AGE21	11699	11698_OliviaHussey_21_f
177	OliviaHussey	43	AGE43	11713	11712_OliviaHussey_43_f
177	OliviaHussey	14	AGE14	11695	11694_OliviaHussey_14_f
177	OliviaHussey	34	AGE34	11709	11708_OliviaHussey_34_f
177	OliviaHussey	60	AGE60	11721	11720_OliviaHussey_60_f
177	OliviaHussey	20	AGE20	11698	11697_OliviaHussey_20_f
177	OliviaHussey	46	AGE46	11715	11714_OliviaHussey_46_f
177	OliviaHussey	57	AGE57	11720	11719_OliviaHussey_57_f
177	OliviaHussey	39	AGE39	11710	11709_OliviaHussey_39_f
177	OliviaHussey	52	AGE52	11717	11716_OliviaHussey_52_f
177	OliviaHussey	30	AGE30	11706	11705_OliviaHussey_30_f
177	OliviaHussey	26	AGE26	11702	11701_OliviaHussey_26_f
177	OliviaHussey	22	AGE22	11700	11699_OliviaHussey_22_f
177	OliviaHussey	44	AGE44	11714	11713_OliviaHussey_44_f
177	OliviaHussey	50	AGE50	11716	11715_OliviaHussey_50_f
177	OliviaHussey	27	AGE27	11703	11702_OliviaHussey_27_f
178	AndyGriffith	78	AGE78	7818	7817_AndyGriffith_78_m
178	AndyGriffith	69	AGE69	7814	7813_AndyGriffith_69_m
178	AndyGriffith	52	AGE52	7804	7803_AndyGriffith_52_m
178	AndyGriffith	42	AGE42	7796	7795_AndyGriffith_42_m
178	AndyGriffith	36	AGE36	7791	7790_AndyGriffith_36_m
178	AndyGriffith	20	AGE20	7786	7785_AndyGriffith_20_m
178	AndyGriffith	72	AGE72	7815	7814_AndyGriffith_72_m
178	AndyGriffith	45	AGE45	7798	7797_AndyGriffith_45_m
178	AndyGriffith	39	AGE39	7793	7792_AndyGriffith_39_m
178	AndyGriffith	61	AGE61	7811	7810_AndyGriffith_61_m
178	AndyGriffith	53	AGE53	7805	7804_AndyGriffith_53_m
178	AndyGriffith	31	AGE31	7787	7786_AndyGriffith_31_m
178	AndyGriffith	34	AGE34	7789	7788_AndyGriffith_34_m
178	AndyGriffith	50	AGE50	7802	7801_AndyGriffith_50_m
178	AndyGriffith	68	AGE68	7813	7812_AndyGriffith_68_m
178	AndyGriffith	59	AGE59	7809	7808_AndyGriffith_59_m
178	AndyGriffith	79	AGE79	7819	7818_AndyGriffith_79_m
178	AndyGriffith	41	AGE41	7795	7794_AndyGriffith_41_m
178	AndyGriffith	48	AGE48	7800	7799_AndyGriffith_48_m
178	AndyGriffith	82	AGE82	7822	7821_AndyGriffith_82_m
178	AndyGriffith	81	AGE81	7821	7820_AndyGriffith_81_m
178	AndyGriffith	47	AGE47	7799	7798_AndyGriffith_47_m
178	AndyGriffith	55	AGE55	7807	7806_AndyGriffith_55_m
178	AndyGriffith	58	AGE58	7808	7807_AndyGriffith_58_m
178	AndyGriffith	35	AGE35	7790	7789_AndyGriffith_35_m
178	AndyGriffith	80	AGE80	7820	7819_AndyGriffith_80_m
178	AndyGriffith	77	AGE77	7817	7816_AndyGriffith_77_m
178	AndyGriffith	51	AGE51	7803	7802_AndyGriffith_51_m
178	AndyGriffith	43	AGE43	7797	7796_AndyGriffith_43_m
178	AndyGriffith	74	AGE74	7816	7815_AndyGriffith_74_m
178	AndyGriffith	33	AGE33	7788	7787_AndyGriffith_33_m
178	AndyGriffith	49	AGE49	7801	7800_AndyGriffith_49_m
178	AndyGriffith	54	AGE54	7806	7805_AndyGriffith_54_m
178	AndyGriffith	60	AGE60	7810	7809_AndyGriffith_60_m
178	AndyGriffith	40	AGE40	7794	7793_AndyGriffith_40_m
178	AndyGriffith	66	AGE66	7812	7811_AndyGriffith_66_m
178	AndyGriffith	38	AGE38	7792	7791_AndyGriffith_38_m
179	LorettaYoung	28	AGE28	14367	14366_LorettaYoung_28_f
179	LorettaYoung	39	AGE39	14375	14374_LorettaYoung_39_f
179	LorettaYoung	15	AGE15	14357	14356_LorettaYoung_15_f
179	LorettaYoung	47	AGE47	14377	14376_LorettaYoung_47_f
179	LorettaYoung	26	AGE26	14365	14364_LorettaYoung_26_f
179	LorettaYoung	48	AGE48	14378	14377_LorettaYoung_48_f
179	LorettaYoung	18	AGE18	14385	14384_LorettaYoung_18_f
179	LorettaYoung	18	AGE18	14360	14359_LorettaYoung_18_f
179	LorettaYoung	17	AGE17	14383	14382_LorettaYoung_17_f
179	LorettaYoung	25	AGE25	14364	14363_LorettaYoung_25_f
179	LorettaYoung	49	AGE49	14379	14378_LorettaYoung_49_f
179	LorettaYoung	23	AGE23	14362	14361_LorettaYoung_23_f
179	LorettaYoung	13	AGE13	14356	14355_LorettaYoung_13_f
179	LorettaYoung	18	AGE18	14355	14354_LorettaYoung_18_f
179	LorettaYoung	31	AGE31	14369	14368_LorettaYoung_31_f
179	LorettaYoung	34	AGE34	14372	14371_LorettaYoung_34_f
179	LorettaYoung	33	AGE33	14371	14370_LorettaYoung_33_f
179	LorettaYoung	17	AGE17	14359	14358_LorettaYoung_17_f
179	LorettaYoung	72	AGE72	14382	14381_LorettaYoung_72_f
179	LorettaYoung	32	AGE32	14370	14369_LorettaYoung_32_f
179	LorettaYoung	37	AGE37	14373	14372_LorettaYoung_37_f
179	LorettaYoung	43	AGE43	14387	14386_LorettaYoung_43_f
179	LorettaYoung	27	AGE27	14366	14365_LorettaYoung_27_f
179	LorettaYoung	16	AGE16	14358	14357_LorettaYoung_16_f
179	LorettaYoung	38	AGE38	14374	14373_LorettaYoung_38_f
179	LorettaYoung	16	AGE16	14384	14383_LorettaYoung_16_f
179	LorettaYoung	29	AGE29	14368	14367_LorettaYoung_29_f
179	LorettaYoung	75	AGE75	14381	14380_LorettaYoung_75_f
179	LorettaYoung	22	AGE22	14361	14360_LorettaYoung_22_f
179	LorettaYoung	40	AGE40	14376	14375_LorettaYoung_40_f
179	LorettaYoung	40	AGE40	14386	14385_LorettaYoung_40_f
179	LorettaYoung	24	AGE24	14363	14362_LorettaYoung_24_f
179	LorettaYoung	65	AGE65	14380	14379_LorettaYoung_65_f
180	MichellePfeiffer	28	AGE28	13189	13188_MichellePfeiffer_28_f
180	MichellePfeiffer	17	AGE17	13185	13184_MichellePfeiffer_17_f
180	MichellePfeiffer	33	AGE33	13202	13201_MichellePfeiffer_33_f
180	MichellePfeiffer	31	AGE31	13200	13199_MichellePfeiffer_31_f
180	MichellePfeiffer	41	AGE41	13195	13194_MichellePfeiffer_41_f
180	MichellePfeiffer	51	AGE51	13212	13211_MichellePfeiffer_51_f
180	MichellePfeiffer	30	AGE30	13191	13190_MichellePfeiffer_30_f
180	MichellePfeiffer	43	AGE43	13196	13195_MichellePfeiffer_43_f
180	MichellePfeiffer	44	AGE44	13208	13207_MichellePfeiffer_44_f
180	MichellePfeiffer	29	AGE29	13190	13189_MichellePfeiffer_29_f
180	MichellePfeiffer	39	AGE39	13206	13205_MichellePfeiffer_39_f
180	MichellePfeiffer	55	AGE55	13213	13212_MichellePfeiffer_55_f
180	MichellePfeiffer	49	AGE49	13210	13209_MichellePfeiffer_49_f
180	MichellePfeiffer	35	AGE35	13193	13192_MichellePfeiffer_35_f
180	MichellePfeiffer	24	AGE24	13187	13186_MichellePfeiffer_24_f
180	MichellePfeiffer	52	AGE52	13198	13197_MichellePfeiffer_52_f
180	MichellePfeiffer	22	AGE22	13186	13185_MichellePfeiffer_22_f
180	MichellePfeiffer	37	AGE37	13194	13193_MichellePfeiffer_37_f
180	MichellePfeiffer	32	AGE32	13192	13191_MichellePfeiffer_32_f
180	MichellePfeiffer	42	AGE42	13207	13206_MichellePfeiffer_42_f
180	MichellePfeiffer	45	AGE45	13209	13208_MichellePfeiffer_45_f
180	MichellePfeiffer	36	AGE36	13204	13203_MichellePfeiffer_36_f
180	MichellePfeiffer	50	AGE50	13211	13210_MichellePfeiffer_50_f
180	MichellePfeiffer	25	AGE25	13188	13187_MichellePfeiffer_25_f
180	MichellePfeiffer	38	AGE38	13205	13204_MichellePfeiffer_38_f
180	MichellePfeiffer	32	AGE32	13201	13200_MichellePfeiffer_32_f
180	MichellePfeiffer	49	AGE49	13197	13196_MichellePfeiffer_49_f
180	MichellePfeiffer	54	AGE54	13199	13198_MichellePfeiffer_54_f
180	MichellePfeiffer	33	AGE33	13203	13202_MichellePfeiffer_33_f
181	FernandoRey	59	AGE59	6321	6320_FernandoRey_59_m
181	FernandoRey	51	AGE51	6313	6312_FernandoRey_51_m
181	FernandoRey	70	AGE70	6328	6327_FernandoRey_70_m
181	FernandoRey	66	AGE66	6326	6325_FernandoRey_66_m
181	FernandoRey	75	AGE75	6330	6329_FernandoRey_75_m
181	FernandoRey	55	AGE55	6317	6316_FernandoRey_55_m
181	FernandoRey	50	AGE50	6312	6311_FernandoRey_50_m
181	FernandoRey	52	AGE52	6314	6313_FernandoRey_52_m
181	FernandoRey	30	AGE30	6298	6297_FernandoRey_30_m
181	FernandoRey	31	AGE31	6299	6298_FernandoRey_31_m
181	FernandoRey	40	AGE40	6305	6304_FernandoRey_40_m
181	FernandoRey	53	AGE53	6315	6314_FernandoRey_53_m
181	FernandoRey	72	AGE72	6329	6328_FernandoRey_72_m
181	FernandoRey	34	AGE34	6302	6301_FernandoRey_34_m
181	FernandoRey	57	AGE57	6319	6318_FernandoRey_57_m
181	FernandoRey	47	AGE47	6309	6308_FernandoRey_47_m
181	FernandoRey	45	AGE45	6308	6307_FernandoRey_45_m
181	FernandoRey	54	AGE54	6316	6315_FernandoRey_54_m
181	FernandoRey	62	AGE62	6323	6322_FernandoRey_62_m
181	FernandoRey	68	AGE68	6327	6326_FernandoRey_68_m
181	FernandoRey	58	AGE58	6320	6319_FernandoRey_58_m
181	FernandoRey	32	AGE32	6300	6299_FernandoRey_32_m
181	FernandoRey	48	AGE48	6310	6309_FernandoRey_48_m
181	FernandoRey	64	AGE64	6325	6324_FernandoRey_64_m
181	FernandoRey	43	AGE43	6307	6306_FernandoRey_43_m
181	FernandoRey	33	AGE33	6301	6300_FernandoRey_33_m
181	FernandoRey	60	AGE60	6322	6321_FernandoRey_60_m
181	FernandoRey	49	AGE49	6311	6310_FernandoRey_49_m
181	FernandoRey	56	AGE56	6318	6317_FernandoRey_56_m
181	FernandoRey	63	AGE63	6324	6323_FernandoRey_63_m
181	FernandoRey	38	AGE38	6304	6303_FernandoRey_38_m
181	FernandoRey	42	AGE42	6306	6305_FernandoRey_42_m
182	DustinHoffman	30	AGE30	4524	4523_DustinHoffman_30_m
182	DustinHoffman	76	AGE76	4520	4519_DustinHoffman_76_m
182	DustinHoffman	38	AGE38	4521	4520_DustinHoffman_38_m
182	DustinHoffman	42	AGE42	4536	4535_DustinHoffman_42_m
182	DustinHoffman	45	AGE45	4539	4538_DustinHoffman_45_m
182	DustinHoffman	40	AGE40	4541	4540_DustinHoffman_40_m
182	DustinHoffman	54	AGE54	4532	4531_DustinHoffman_54_m
182	DustinHoffman	37	AGE37	4543	4542_DustinHoffman_37_m
182	DustinHoffman	37	AGE37	4537	4536_DustinHoffman_37_m
182	DustinHoffman	37	AGE37	4535	4534_DustinHoffman_37_m
182	DustinHoffman	54	AGE54	4540	4539_DustinHoffman_54_m
182	DustinHoffman	32	AGE32	4538	4537_DustinHoffman_32_m
182	DustinHoffman	62	AGE62	4529	4528_DustinHoffman_62_m
182	DustinHoffman	71	AGE71	4522	4521_DustinHoffman_71_m
182	DustinHoffman	60	AGE60	4519	4518_DustinHoffman_60_m
182	DustinHoffman	42	AGE42	4531	4530_DustinHoffman_42_m
182	DustinHoffman	57	AGE57	4530	4529_DustinHoffman_57_m
182	DustinHoffman	30	AGE30	4534	4533_DustinHoffman_30_m
182	DustinHoffman	36	AGE36	4527	4526_DustinHoffman_36_m
182	DustinHoffman	48	AGE48	4526	4525_DustinHoffman_48_m
182	DustinHoffman	18	AGE18	4542	4541_DustinHoffman_18_m
182	DustinHoffman	60	AGE60	4528	4527_DustinHoffman_60_m
182	DustinHoffman	29	AGE29	4518	4517_DustinHoffman_29_m
182	DustinHoffman	29	AGE29	4525	4524_DustinHoffman_29_m
182	DustinHoffman	60	AGE60	4533	4532_DustinHoffman_60_m
182	DustinHoffman	43	AGE43	4523	4522_DustinHoffman_43_m
183	WoodyAllen	37	AGE37	2989	2988_WoodyAllen_37_m
183	WoodyAllen	73	AGE73	3002	3001_WoodyAllen_73_m
183	WoodyAllen	44	AGE44	2992	2991_WoodyAllen_44_m
183	WoodyAllen	54	AGE54	3000	2999_WoodyAllen_54_m
183	WoodyAllen	67	AGE67	3004	3003_WoodyAllen_67_m
183	WoodyAllen	68	AGE68	2998	2997_WoodyAllen_68_m
183	WoodyAllen	70	AGE70	2999	2998_WoodyAllen_70_m
183	WoodyAllen	18	AGE18	2986	2985_WoodyAllen_18_m
183	WoodyAllen	47	AGE47	3005	3004_WoodyAllen_47_m
183	WoodyAllen	29	AGE29	2985	2984_WoodyAllen_29_m
183	WoodyAllen	49	AGE49	2994	2993_WoodyAllen_49_m
183	WoodyAllen	58	AGE58	2996	2995_WoodyAllen_58_m
183	WoodyAllen	67	AGE67	2997	2996_WoodyAllen_67_m
183	WoodyAllen	42	AGE42	2990	2989_WoodyAllen_42_m
183	WoodyAllen	51	AGE51	2995	2994_WoodyAllen_51_m
183	WoodyAllen	72	AGE72	3001	3000_WoodyAllen_72_m
183	WoodyAllen	45	AGE45	2991	2990_WoodyAllen_45_m
183	WoodyAllen	31	AGE31	2988	2987_WoodyAllen_31_m
183	WoodyAllen	71	AGE71	2987	2986_WoodyAllen_71_m
183	WoodyAllen	75	AGE75	3003	3002_WoodyAllen_75_m
183	WoodyAllen	47	AGE47	2993	2992_WoodyAllen_47_m
184	GeorgesMarchal	32	AGE32	9338	9337_GeorgesMarchal_32_m
184	GeorgesMarchal	43	AGE43	9344	9343_GeorgesMarchal_43_m
184	GeorgesMarchal	62	AGE62	9354	9353_GeorgesMarchal_62_m
184	GeorgesMarchal	61	AGE61	9353	9352_GeorgesMarchal_61_m
184	GeorgesMarchal	34	AGE34	9340	9339_GeorgesMarchal_34_m
184	GeorgesMarchal	35	AGE35	9341	9340_GeorgesMarchal_35_m
184	GeorgesMarchal	49	AGE49	9347	9346_GeorgesMarchal_49_m
184	GeorgesMarchal	45	AGE45	9345	9344_GeorgesMarchal_45_m
184	GeorgesMarchal	60	AGE60	9352	9351_GeorgesMarchal_60_m
184	GeorgesMarchal	66	AGE66	9356	9355_GeorgesMarchal_66_m
184	GeorgesMarchal	33	AGE33	9339	9338_GeorgesMarchal_33_m
184	GeorgesMarchal	67	AGE67	9357	9356_GeorgesMarchal_67_m
184	GeorgesMarchal	57	AGE57	9350	9349_GeorgesMarchal_57_m
184	GeorgesMarchal	23	AGE23	9335	9334_GeorgesMarchal_23_m
184	GeorgesMarchal	46	AGE46	9346	9345_GeorgesMarchal_46_m
184	GeorgesMarchal	20	AGE20	9333	9332_GeorgesMarchal_20_m
184	GeorgesMarchal	65	AGE65	9355	9354_GeorgesMarchal_65_m
184	GeorgesMarchal	41	AGE41	9342	9341_GeorgesMarchal_41_m
184	GeorgesMarchal	52	AGE52	9349	9348_GeorgesMarchal_52_m
184	GeorgesMarchal	51	AGE51	9348	9347_GeorgesMarchal_51_m
184	GeorgesMarchal	69	AGE69	9358	9357_GeorgesMarchal_69_m
184	GeorgesMarchal	22	AGE22	9334	9333_GeorgesMarchal_22_m
184	GeorgesMarchal	25	AGE25	9337	9336_GeorgesMarchal_25_m
184	GeorgesMarchal	24	AGE24	9336	9335_GeorgesMarchal_24_m
184	GeorgesMarchal	58	AGE58	9351	9350_GeorgesMarchal_58_m
184	GeorgesMarchal	42	AGE42	9343	9342_GeorgesMarchal_42_m
185	TheodoreRoosevelt	42	AGE42	911	910_TheodoreRoosevelt_42_m
185	TheodoreRoosevelt	46	AGE46	912	911_TheodoreRoosevelt_46_m
185	TheodoreRoosevelt	46	AGE46	919	918_TheodoreRoosevelt_46_m
185	TheodoreRoosevelt	41	AGE41	923	922_TheodoreRoosevelt_41_m
185	TheodoreRoosevelt	34	AGE34	917	916_TheodoreRoosevelt_34_m
185	TheodoreRoosevelt	23	AGE23	922	921_TheodoreRoosevelt_23_m
185	TheodoreRoosevelt	20	AGE20	915	914_TheodoreRoosevelt_20_m
185	TheodoreRoosevelt	55	AGE55	914	913_TheodoreRoosevelt_55_m
185	TheodoreRoosevelt	18	AGE18	916	915_TheodoreRoosevelt_18_m
185	TheodoreRoosevelt	14	AGE14	910	909_TheodoreRoosevelt_14_m
185	TheodoreRoosevelt	54	AGE54	920	919_TheodoreRoosevelt_54_m
185	TheodoreRoosevelt	44	AGE44	913	912_TheodoreRoosevelt_44_m
185	TheodoreRoosevelt	45	AGE45	921	920_TheodoreRoosevelt_45_m
185	TheodoreRoosevelt	53	AGE53	924	923_TheodoreRoosevelt_53_m
186	ElliottGould	28	AGE28	4544	4543_ElliottGould_28_m
186	ElliottGould	30	AGE30	4545	4544_ElliottGould_30_m
186	ElliottGould	32	AGE32	4547	4546_ElliottGould_32_m
186	ElliottGould	76	AGE76	4549	4548_ElliottGould_76_m
186	ElliottGould	34	AGE34	4548	4547_ElliottGould_34_m
186	ElliottGould	31	AGE31	4546	4545_ElliottGould_31_m
187	JenniferJones	20	AGE20	14595	14594_JenniferJones_20_f
187	JenniferJones	30	AGE30	14577	14576_JenniferJones_30_f
187	JenniferJones	21	AGE21	14583	14582_JenniferJones_21_f
187	JenniferJones	32	AGE32	14585	14584_JenniferJones_32_f
187	JenniferJones	26	AGE26	14588	14587_JenniferJones_26_f
187	JenniferJones	22	AGE22	14596	14595_JenniferJones_22_f
187	JenniferJones	22	AGE22	14584	14583_JenniferJones_22_f
187	JenniferJones	35	AGE35	14599	14598_JenniferJones_35_f
187	JenniferJones	24	AGE24	14574	14573_JenniferJones_24_f
187	JenniferJones	35	AGE35	14579	14578_JenniferJones_35_f
187	JenniferJones	36	AGE36	14580	14579_JenniferJones_36_f
187	JenniferJones	27	AGE27	14594	14593_JenniferJones_27_f
187	JenniferJones	23	AGE23	14593	14592_JenniferJones_23_f
187	JenniferJones	30	AGE30	14591	14590_JenniferJones_30_f
187	JenniferJones	20	AGE20	14575	14574_JenniferJones_20_f
187	JenniferJones	34	AGE34	14597	14596_JenniferJones_34_f
187	JenniferJones	55	AGE55	14590	14589_JenniferJones_55_f
187	JenniferJones	50	AGE50	14582	14581_JenniferJones_50_f
187	JenniferJones	78	AGE78	14602	14601_JenniferJones_78_f
187	JenniferJones	34	AGE34	14601	14600_JenniferJones_34_f
187	JenniferJones	27	AGE27	14598	14597_JenniferJones_27_f
187	JenniferJones	26	AGE26	14576	14575_JenniferJones_26_f
187	JenniferJones	29	AGE29	14592	14591_JenniferJones_29_f
187	JenniferJones	24	AGE24	14587	14586_JenniferJones_24_f
187	JenniferJones	43	AGE43	14581	14580_JenniferJones_43_f
187	JenniferJones	31	AGE31	14578	14577_JenniferJones_31_f
187	JenniferJones	25	AGE25	14586	14585_JenniferJones_25_f
187	JenniferJones	33	AGE33	14573	14572_JenniferJones_33_f
187	JenniferJones	24	AGE24	14600	14599_JenniferJones_24_f
187	JenniferJones	36	AGE36	14589	14588_JenniferJones_36_f
188	JulieAndrews	28	AGE28	11478	11477_JulieAndrews_28_f
188	JulieAndrews	31	AGE31	11481	11480_JulieAndrews_31_f
188	JulieAndrews	29	AGE29	11479	11478_JulieAndrews_29_f
188	JulieAndrews	68	AGE68	11500	11499_JulieAndrews_68_f
188	JulieAndrews	75	AGE75	11496	11495_JulieAndrews_75_f
188	JulieAndrews	40	AGE40	11484	11483_JulieAndrews_40_f
188	JulieAndrews	44	AGE44	11488	11487_JulieAndrews_44_f
188	JulieAndrews	54	AGE54	11490	11489_JulieAndrews_54_f
188	JulieAndrews	72	AGE72	11494	11493_JulieAndrews_72_f
188	JulieAndrews	77	AGE77	11498	11497_JulieAndrews_77_f
188	JulieAndrews	25	AGE25	11477	11476_JulieAndrews_25_f
188	JulieAndrews	66	AGE66	11491	11490_JulieAndrews_66_f
188	JulieAndrews	38	AGE38	11486	11485_JulieAndrews_38_f
188	JulieAndrews	36	AGE36	11485	11484_JulieAndrews_36_f
188	JulieAndrews	37	AGE37	11482	11481_JulieAndrews_37_f
188	JulieAndrews	65	AGE65	11472	11471_JulieAndrews_65_f
188	JulieAndrews	21	AGE21	11476	11475_JulieAndrews_21_f
188	JulieAndrews	32	AGE32	11474	11473_JulieAndrews_32_f
188	JulieAndrews	14	AGE14	11473	11472_JulieAndrews_14_f
188	JulieAndrews	46	AGE46	11489	11488_JulieAndrews_46_f
188	JulieAndrews	74	AGE74	11495	11494_JulieAndrews_74_f
188	JulieAndrews	71	AGE71	11493	11492_JulieAndrews_71_f
188	JulieAndrews	39	AGE39	11483	11482_JulieAndrews_39_f
188	JulieAndrews	30	AGE30	11480	11479_JulieAndrews_30_f
188	JulieAndrews	69	AGE69	11492	11491_JulieAndrews_69_f
188	JulieAndrews	78	AGE78	11499	11498_JulieAndrews_78_f
188	JulieAndrews	22	AGE22	11487	11486_JulieAndrews_22_f
188	JulieAndrews	33	AGE33	11501	11500_JulieAndrews_33_f
188	JulieAndrews	76	AGE76	11497	11496_JulieAndrews_76_f
188	JulieAndrews	26	AGE26	11475	11474_JulieAndrews_26_f
189	MurrayHamilton	37	AGE37	8695	8694_MurrayHamilton_37_m
189	MurrayHamilton	44	AGE44	8701	8700_MurrayHamilton_44_m
189	MurrayHamilton	36	AGE36	8694	8693_MurrayHamilton_36_m
189	MurrayHamilton	45	AGE45	8702	8701_MurrayHamilton_45_m
189	MurrayHamilton	40	AGE40	8698	8697_MurrayHamilton_40_m
189	MurrayHamilton	39	AGE39	8697	8696_MurrayHamilton_39_m
189	MurrayHamilton	61	AGE61	8711	8710_MurrayHamilton_61_m
189	MurrayHamilton	55	AGE55	8707	8706_MurrayHamilton_55_m
189	MurrayHamilton	54	AGE54	8706	8705_MurrayHamilton_54_m
189	MurrayHamilton	43	AGE43	8700	8699_MurrayHamilton_43_m
189	MurrayHamilton	57	AGE57	8709	8708_MurrayHamilton_57_m
189	MurrayHamilton	30	AGE30	8690	8689_MurrayHamilton_30_m
189	MurrayHamilton	48	AGE48	8703	8702_MurrayHamilton_48_m
189	MurrayHamilton	58	AGE58	8710	8709_MurrayHamilton_58_m
189	MurrayHamilton	35	AGE35	8693	8692_MurrayHamilton_35_m
189	MurrayHamilton	34	AGE34	8692	8691_MurrayHamilton_34_m
189	MurrayHamilton	62	AGE62	8712	8711_MurrayHamilton_62_m
189	MurrayHamilton	51	AGE51	8705	8704_MurrayHamilton_51_m
189	MurrayHamilton	63	AGE63	8713	8712_MurrayHamilton_63_m
189	MurrayHamilton	28	AGE28	8689	8688_MurrayHamilton_28_m
189	MurrayHamilton	50	AGE50	8704	8703_MurrayHamilton_50_m
189	MurrayHamilton	42	AGE42	8699	8698_MurrayHamilton_42_m
189	MurrayHamilton	56	AGE56	8708	8707_MurrayHamilton_56_m
189	MurrayHamilton	33	AGE33	8691	8690_MurrayHamilton_33_m
189	MurrayHamilton	38	AGE38	8696	8695_MurrayHamilton_38_m
190	ClintWalker	51	AGE51	4072	4071_ClintWalker_51_m
190	ClintWalker	41	AGE41	4065	4064_ClintWalker_41_m
190	ClintWalker	32	AGE32	4056	4055_ClintWalker_32_m
190	ClintWalker	50	AGE50	4071	4070_ClintWalker_50_m
190	ClintWalker	60	AGE60	4075	4074_ClintWalker_60_m
190	ClintWalker	36	AGE36	4060	4059_ClintWalker_36_m
190	ClintWalker	79	AGE79	4084	4083_ClintWalker_79_m
190	ClintWalker	39	AGE39	4063	4062_ClintWalker_39_m
190	ClintWalker	77	AGE77	4082	4081_ClintWalker_77_m
190	ClintWalker	44	AGE44	4068	4067_ClintWalker_44_m
190	ClintWalker	56	AGE56	4074	4073_ClintWalker_56_m
190	ClintWalker	34	AGE34	4058	4057_ClintWalker_34_m
190	ClintWalker	45	AGE45	4069	4068_ClintWalker_45_m
190	ClintWalker	63	AGE63	4076	4075_ClintWalker_63_m
190	ClintWalker	76	AGE76	4081	4080_ClintWalker_76_m
190	ClintWalker	54	AGE54	4073	4072_ClintWalker_54_m
190	ClintWalker	40	AGE40	4064	4063_ClintWalker_40_m
190	ClintWalker	24	AGE24	4051	4050_ClintWalker_24_m
190	ClintWalker	29	AGE29	4053	4052_ClintWalker_29_m
190	ClintWalker	78	AGE78	4083	4082_ClintWalker_78_m
190	ClintWalker	83	AGE83	4086	4085_ClintWalker_83_m
190	ClintWalker	35	AGE35	4059	4058_ClintWalker_35_m
190	ClintWalker	42	AGE42	4066	4065_ClintWalker_42_m
190	ClintWalker	80	AGE80	4085	4084_ClintWalker_80_m
190	ClintWalker	43	AGE43	4067	4066_ClintWalker_43_m
190	ClintWalker	68	AGE68	4077	4076_ClintWalker_68_m
190	ClintWalker	71	AGE71	4078	4077_ClintWalker_71_m
190	ClintWalker	87	AGE87	4087	4086_ClintWalker_87_m
190	ClintWalker	37	AGE37	4061	4060_ClintWalker_37_m
190	ClintWalker	30	AGE30	4054	4053_ClintWalker_30_m
190	ClintWalker	38	AGE38	4062	4061_ClintWalker_38_m
190	ClintWalker	49	AGE49	4070	4069_ClintWalker_49_m
190	ClintWalker	31	AGE31	4055	4054_ClintWalker_31_m
190	ClintWalker	75	AGE75	4080	4079_ClintWalker_75_m
190	ClintWalker	33	AGE33	4057	4056_ClintWalker_33_m
190	ClintWalker	27	AGE27	4052	4051_ClintWalker_27_m
190	ClintWalker	73	AGE73	4079	4078_ClintWalker_73_m
191	LouCostello	36	AGE36	6604	6603_LouCostello_36_m
191	LouCostello	37	AGE37	6605	6604_LouCostello_37_m
191	LouCostello	53	AGE53	6620	6619_LouCostello_53_m
191	LouCostello	33	AGE33	6601	6600_LouCostello_33_m
191	LouCostello	23	AGE23	6599	6598_LouCostello_23_m
191	LouCostello	44	AGE44	6612	6611_LouCostello_44_m
191	LouCostello	38	AGE38	6606	6605_LouCostello_38_m
191	LouCostello	39	AGE39	6607	6606_LouCostello_39_m
191	LouCostello	41	AGE41	6609	6608_LouCostello_41_m
191	LouCostello	46	AGE46	6614	6613_LouCostello_46_m
191	LouCostello	48	AGE48	6616	6615_LouCostello_48_m
191	LouCostello	52	AGE52	6619	6618_LouCostello_52_m
191	LouCostello	50	AGE50	6618	6617_LouCostello_50_m
191	LouCostello	42	AGE42	6610	6609_LouCostello_42_m
191	LouCostello	35	AGE35	6603	6602_LouCostello_35_m
191	LouCostello	45	AGE45	6613	6612_LouCostello_45_m
191	LouCostello	40	AGE40	6608	6607_LouCostello_40_m
191	LouCostello	34	AGE34	6602	6601_LouCostello_34_m
191	LouCostello	43	AGE43	6611	6610_LouCostello_43_m
191	LouCostello	49	AGE49	6617	6616_LouCostello_49_m
191	LouCostello	32	AGE32	6600	6599_LouCostello_32_m
191	LouCostello	47	AGE47	6615	6614_LouCostello_47_m
192	NielsBohr	40	AGE40	1090	1089_NielsBohr_40_m
192	NielsBohr	72	AGE72	1102	1101_NielsBohr_72_m
192	NielsBohr	24	AGE24	1080	1079_NielsBohr_24_m
192	NielsBohr	49	AGE49	1084	1083_NielsBohr_49_m
192	NielsBohr	62	AGE62	1096	1095_NielsBohr_62_m
192	NielsBohr	17	AGE17	1082	1081_NielsBohr_17_m
192	NielsBohr	67	AGE67	1081	1080_NielsBohr_67_m
192	NielsBohr	68	AGE68	1088	1087_NielsBohr_68_m
192	NielsBohr	41	AGE41	1083	1082_NielsBohr_41_m
192	NielsBohr	50	AGE50	1093	1092_NielsBohr_50_m
192	NielsBohr	60	AGE60	1086	1085_NielsBohr_60_m
192	NielsBohr	35	AGE35	1091	1090_NielsBohr_35_m
192	NielsBohr	32	AGE32	1099	1098_NielsBohr_32_m
192	NielsBohr	58	AGE58	1085	1084_NielsBohr_58_m
192	NielsBohr	64	AGE64	1098	1097_NielsBohr_64_m
192	NielsBohr	39	AGE39	1094	1093_NielsBohr_39_m
192	NielsBohr	73	AGE73	1089	1088_NielsBohr_73_m
192	NielsBohr	63	AGE63	1087	1086_NielsBohr_63_m
192	NielsBohr	50	AGE50	1100	1099_NielsBohr_50_m
192	NielsBohr	25	AGE25	1101	1100_NielsBohr_25_m
192	NielsBohr	52	AGE52	1097	1096_NielsBohr_52_m
192	NielsBohr	75	AGE75	1092	1091_NielsBohr_75_m
193	GeorgePeppard	27	AGE27	7905	7904_GeorgePeppard_27_m
193	GeorgePeppard	34	AGE34	7911	7910_GeorgePeppard_34_m
193	GeorgePeppard	37	AGE37	7913	7912_GeorgePeppard_37_m
193	GeorgePeppard	45	AGE45	7916	7915_GeorgePeppard_45_m
193	GeorgePeppard	38	AGE38	7931	7930_GeorgePeppard_38_m
193	GeorgePeppard	42	AGE42	7935	7934_GeorgePeppard_42_m
193	GeorgePeppard	38	AGE38	7914	7913_GeorgePeppard_38_m
193	GeorgePeppard	29	AGE29	7907	7906_GeorgePeppard_29_m
193	GeorgePeppard	26	AGE26	7904	7903_GeorgePeppard_26_m
193	GeorgePeppard	65	AGE65	7938	7937_GeorgePeppard_65_m
193	GeorgePeppard	41	AGE41	7934	7933_GeorgePeppard_41_m
193	GeorgePeppard	43	AGE43	7936	7935_GeorgePeppard_43_m
193	GeorgePeppard	56	AGE56	7923	7922_GeorgePeppard_56_m
193	GeorgePeppard	49	AGE49	7918	7917_GeorgePeppard_49_m
193	GeorgePeppard	28	AGE28	7906	7905_GeorgePeppard_28_m
193	GeorgePeppard	55	AGE55	7922	7921_GeorgePeppard_55_m
193	GeorgePeppard	32	AGE32	7909	7908_GeorgePeppard_32_m
193	GeorgePeppard	33	AGE33	7910	7909_GeorgePeppard_33_m
193	GeorgePeppard	35	AGE35	7912	7911_GeorgePeppard_35_m
193	GeorgePeppard	44	AGE44	7915	7914_GeorgePeppard_44_m
193	GeorgePeppard	64	AGE64	7928	7927_GeorgePeppard_64_m
193	GeorgePeppard	29	AGE29	7908	7907_GeorgePeppard_29_m
193	GeorgePeppard	58	AGE58	7925	7924_GeorgePeppard_58_m
193	GeorgePeppard	52	AGE52	7921	7920_GeorgePeppard_52_m
193	GeorgePeppard	66	AGE66	7929	7928_GeorgePeppard_66_m
193	GeorgePeppard	57	AGE57	7924	7923_GeorgePeppard_57_m
193	GeorgePeppard	40	AGE40	7933	7932_GeorgePeppard_40_m
193	GeorgePeppard	47	AGE47	7917	7916_GeorgePeppard_47_m
193	GeorgePeppard	63	AGE63	7927	7926_GeorgePeppard_63_m
193	GeorgePeppard	36	AGE36	7930	7929_GeorgePeppard_36_m
193	GeorgePeppard	64	AGE64	7937	7936_GeorgePeppard_64_m
193	GeorgePeppard	39	AGE39	7932	7931_GeorgePeppard_39_m
193	GeorgePeppard	59	AGE59	7926	7925_GeorgePeppard_59_m
193	GeorgePeppard	51	AGE51	7920	7919_GeorgePeppard_51_m
193	GeorgePeppard	50	AGE50	7919	7918_GeorgePeppard_50_m
194	JaneFonda	70	AGE70	10130	10129_JaneFonda_70_f
194	JaneFonda	39	AGE39	10119	10118_JaneFonda_39_f
194	JaneFonda	33	AGE33	10115	10114_JaneFonda_33_f
194	JaneFonda	25	AGE25	10108	10107_JaneFonda_25_f
194	JaneFonda	26	AGE26	10109	10108_JaneFonda_26_f
194	JaneFonda	53	AGE53	10124	10123_JaneFonda_53_f
194	JaneFonda	30	AGE30	10113	10112_JaneFonda_30_f
194	JaneFonda	62	AGE62	10126	10125_JaneFonda_62_f
194	JaneFonda	41	AGE41	10121	10120_JaneFonda_41_f
194	JaneFonda	69	AGE69	10129	10128_JaneFonda_69_f
194	JaneFonda	59	AGE59	10105	10104_JaneFonda_59_f
194	JaneFonda	25	AGE25	10107	10106_JaneFonda_25_f
194	JaneFonda	72	AGE72	10132	10131_JaneFonda_72_f
194	JaneFonda	57	AGE57	10125	10124_JaneFonda_57_f
194	JaneFonda	31	AGE31	10114	10113_JaneFonda_31_f
194	JaneFonda	66	AGE66	10127	10126_JaneFonda_66_f
194	JaneFonda	29	AGE29	10112	10111_JaneFonda_29_f
194	JaneFonda	27	AGE27	10110	10109_JaneFonda_27_f
194	JaneFonda	71	AGE71	10131	10130_JaneFonda_71_f
194	JaneFonda	55	AGE55	10106	10105_JaneFonda_55_f
194	JaneFonda	74	AGE74	10133	10132_JaneFonda_74_f
194	JaneFonda	49	AGE49	10123	10122_JaneFonda_49_f
194	JaneFonda	28	AGE28	10111	10110_JaneFonda_28_f
194	JaneFonda	40	AGE40	10120	10119_JaneFonda_40_f
194	JaneFonda	68	AGE68	10128	10127_JaneFonda_68_f
194	JaneFonda	60	AGE60	10134	10133_JaneFonda_60_f
194	JaneFonda	43	AGE43	10122	10121_JaneFonda_43_f
194	JaneFonda	34	AGE34	10116	10115_JaneFonda_34_f
194	JaneFonda	38	AGE38	10118	10117_JaneFonda_38_f
194	JaneFonda	35	AGE35	10117	10116_JaneFonda_35_f
195	LorneGreene	54	AGE54	8152	8151_LorneGreene_54_m
195	LorneGreene	48	AGE48	8146	8145_LorneGreene_48_m
195	LorneGreene	43	AGE43	8142	8141_LorneGreene_43_m
195	LorneGreene	68	AGE68	8163	8162_LorneGreene_68_m
195	LorneGreene	63	AGE63	8158	8157_LorneGreene_63_m
195	LorneGreene	50	AGE50	8148	8147_LorneGreene_50_m
195	LorneGreene	25	AGE25	8138	8137_LorneGreene_25_m
195	LorneGreene	66	AGE66	8161	8160_LorneGreene_66_m
195	LorneGreene	51	AGE51	8149	8148_LorneGreene_51_m
195	LorneGreene	71	AGE71	8165	8164_LorneGreene_71_m
195	LorneGreene	55	AGE55	8153	8152_LorneGreene_55_m
195	LorneGreene	64	AGE64	8159	8158_LorneGreene_64_m
195	LorneGreene	65	AGE65	8160	8159_LorneGreene_65_m
195	LorneGreene	61	AGE61	8156	8155_LorneGreene_61_m
195	LorneGreene	67	AGE67	8162	8161_LorneGreene_67_m
195	LorneGreene	62	AGE62	8157	8156_LorneGreene_62_m
195	LorneGreene	70	AGE70	8164	8163_LorneGreene_70_m
195	LorneGreene	53	AGE53	8151	8150_LorneGreene_53_m
195	LorneGreene	49	AGE49	8147	8146_LorneGreene_49_m
195	LorneGreene	38	AGE38	8141	8140_LorneGreene_38_m
195	LorneGreene	57	AGE57	8154	8153_LorneGreene_57_m
195	LorneGreene	28	AGE28	8139	8138_LorneGreene_28_m
195	LorneGreene	18	AGE18	8137	8136_LorneGreene_18_m
195	LorneGreene	46	AGE46	8145	8144_LorneGreene_46_m
195	LorneGreene	33	AGE33	8140	8139_LorneGreene_33_m
195	LorneGreene	58	AGE58	8155	8154_LorneGreene_58_m
195	LorneGreene	44	AGE44	8143	8142_LorneGreene_44_m
195	LorneGreene	52	AGE52	8150	8149_LorneGreene_52_m
195	LorneGreene	45	AGE45	8144	8143_LorneGreene_45_m
196	KimNovak	47	AGE47	9863	9862_KimNovak_47_f
196	KimNovak	22	AGE22	9852	9851_KimNovak_22_f
196	KimNovak	24	AGE24	9855	9854_KimNovak_24_f
196	KimNovak	31	AGE31	9861	9860_KimNovak_31_f
196	KimNovak	28	AGE28	9858	9857_KimNovak_28_f
196	KimNovak	24	AGE24	9854	9853_KimNovak_24_f
196	KimNovak	63	AGE63	9864	9863_KimNovak_63_f
196	KimNovak	33	AGE33	9869	9868_KimNovak_33_f
196	KimNovak	47	AGE47	9862	9861_KimNovak_47_f
196	KimNovak	31	AGE31	9867	9866_KimNovak_31_f
196	KimNovak	21	AGE21	9851	9850_KimNovak_21_f
196	KimNovak	29	AGE29	9859	9858_KimNovak_29_f
196	KimNovak	30	AGE30	9865	9864_KimNovak_30_f
196	KimNovak	26	AGE26	9866	9865_KimNovak_26_f
196	KimNovak	72	AGE72	9868	9867_KimNovak_72_f
196	KimNovak	27	AGE27	9857	9856_KimNovak_27_f
196	KimNovak	23	AGE23	9853	9852_KimNovak_23_f
196	KimNovak	29	AGE29	9860	9859_KimNovak_29_f
196	KimNovak	25	AGE25	9856	9855_KimNovak_25_f
197	LinoVentura	36	AGE36	7306	7305_LinoVentura_36_m
197	LinoVentura	43	AGE43	7313	7312_LinoVentura_43_m
197	LinoVentura	34	AGE34	7304	7303_LinoVentura_34_m
197	LinoVentura	44	AGE44	7314	7313_LinoVentura_44_m
197	LinoVentura	59	AGE59	7333	7332_LinoVentura_59_m
197	LinoVentura	68	AGE68	7332	7331_LinoVentura_68_m
197	LinoVentura	56	AGE56	7326	7325_LinoVentura_56_m
197	LinoVentura	41	AGE41	7311	7310_LinoVentura_41_m
197	LinoVentura	50	AGE50	7320	7319_LinoVentura_50_m
197	LinoVentura	65	AGE65	7330	7329_LinoVentura_65_m
197	LinoVentura	48	AGE48	7318	7317_LinoVentura_48_m
197	LinoVentura	39	AGE39	7309	7308_LinoVentura_39_m
197	LinoVentura	38	AGE38	7308	7307_LinoVentura_38_m
197	LinoVentura	49	AGE49	7319	7318_LinoVentura_49_m
197	LinoVentura	46	AGE46	7316	7315_LinoVentura_46_m
197	LinoVentura	52	AGE52	7322	7321_LinoVentura_52_m
197	LinoVentura	63	AGE63	7334	7333_LinoVentura_63_m
197	LinoVentura	61	AGE61	7328	7327_LinoVentura_61_m
197	LinoVentura	47	AGE47	7317	7316_LinoVentura_47_m
197	LinoVentura	45	AGE45	7315	7314_LinoVentura_45_m
197	LinoVentura	51	AGE51	7321	7320_LinoVentura_51_m
197	LinoVentura	40	AGE40	7310	7309_LinoVentura_40_m
197	LinoVentura	67	AGE67	7331	7330_LinoVentura_67_m
197	LinoVentura	54	AGE54	7324	7323_LinoVentura_54_m
197	LinoVentura	60	AGE60	7327	7326_LinoVentura_60_m
197	LinoVentura	37	AGE37	7307	7306_LinoVentura_37_m
197	LinoVentura	42	AGE42	7312	7311_LinoVentura_42_m
197	LinoVentura	62	AGE62	7329	7328_LinoVentura_62_m
197	LinoVentura	35	AGE35	7305	7304_LinoVentura_35_m
197	LinoVentura	53	AGE53	7323	7322_LinoVentura_53_m
197	LinoVentura	55	AGE55	7325	7324_LinoVentura_55_m
198	ThomasTerry	46	AGE46	6854	6853_ThomasTerry_46_m
198	ThomasTerry	63	AGE63	6869	6868_ThomasTerry_63_m
198	ThomasTerry	53	AGE53	6861	6860_ThomasTerry_53_m
198	ThomasTerry	55	AGE55	6863	6862_ThomasTerry_55_m
198	ThomasTerry	48	AGE48	6856	6855_ThomasTerry_48_m
198	ThomasTerry	67	AGE67	6871	6870_ThomasTerry_67_m
198	ThomasTerry	39	AGE39	6848	6847_ThomasTerry_39_m
198	ThomasTerry	51	AGE51	6859	6858_ThomasTerry_51_m
198	ThomasTerry	34	AGE34	6843	6842_ThomasTerry_34_m
198	ThomasTerry	59	AGE59	6867	6866_ThomasTerry_59_m
198	ThomasTerry	65	AGE65	6870	6869_ThomasTerry_65_m
198	ThomasTerry	38	AGE38	6847	6846_ThomasTerry_38_m
198	ThomasTerry	41	AGE41	6850	6849_ThomasTerry_41_m
198	ThomasTerry	61	AGE61	6868	6867_ThomasTerry_61_m
198	ThomasTerry	43	AGE43	6851	6850_ThomasTerry_43_m
198	ThomasTerry	45	AGE45	6853	6852_ThomasTerry_45_m
198	ThomasTerry	35	AGE35	6844	6843_ThomasTerry_35_m
198	ThomasTerry	58	AGE58	6866	6865_ThomasTerry_58_m
198	ThomasTerry	44	AGE44	6852	6851_ThomasTerry_44_m
198	ThomasTerry	54	AGE54	6862	6861_ThomasTerry_54_m
198	ThomasTerry	49	AGE49	6857	6856_ThomasTerry_49_m
198	ThomasTerry	40	AGE40	6849	6848_ThomasTerry_40_m
198	ThomasTerry	36	AGE36	6845	6844_ThomasTerry_36_m
198	ThomasTerry	47	AGE47	6855	6854_ThomasTerry_47_m
198	ThomasTerry	37	AGE37	6846	6845_ThomasTerry_37_m
198	ThomasTerry	71	AGE71	6872	6871_ThomasTerry_71_m
198	ThomasTerry	52	AGE52	6860	6859_ThomasTerry_52_m
198	ThomasTerry	57	AGE57	6865	6864_ThomasTerry_57_m
198	ThomasTerry	56	AGE56	6864	6863_ThomasTerry_56_m
198	ThomasTerry	50	AGE50	6858	6857_ThomasTerry_50_m
199	CharltonHeaston	42	AGE42	8861	8860_CharltonHeaston_42_m
199	CharltonHeaston	45	AGE45	8868	8867_CharltonHeaston_45_m
199	CharltonHeaston	50	AGE50	8865	8864_CharltonHeaston_50_m
199	CharltonHeaston	35	AGE35	8874	8873_CharltonHeaston_35_m
199	CharltonHeaston	79	AGE79	8872	8871_CharltonHeaston_79_m
199	CharltonHeaston	38	AGE38	8866	8865_CharltonHeaston_38_m
199	CharltonHeaston	78	AGE78	8871	8870_CharltonHeaston_78_m
199	CharltonHeaston	45	AGE45	8862	8861_CharltonHeaston_45_m
199	CharltonHeaston	37	AGE37	8869	8868_CharltonHeaston_37_m
199	CharltonHeaston	27	AGE27	8880	8879_CharltonHeaston_27_m
199	CharltonHeaston	38	AGE38	8875	8874_CharltonHeaston_38_m
199	CharltonHeaston	45	AGE45	8863	8862_CharltonHeaston_45_m
199	CharltonHeaston	39	AGE39	8867	8866_CharltonHeaston_39_m
199	CharltonHeaston	58	AGE58	8881	8880_CharltonHeaston_58_m
199	CharltonHeaston	79	AGE79	8877	8876_CharltonHeaston_79_m
199	CharltonHeaston	61	AGE61	8876	8875_CharltonHeaston_61_m
199	CharltonHeaston	37	AGE37	8879	8878_CharltonHeaston_37_m
199	CharltonHeaston	80	AGE80	8878	8877_CharltonHeaston_80_m
199	CharltonHeaston	27	AGE27	8860	8859_CharltonHeaston_27_m
199	CharltonHeaston	19	AGE19	8873	8872_CharltonHeaston_19_m
199	CharltonHeaston	38	AGE38	8864	8863_CharltonHeaston_38_m
199	CharltonHeaston	54	AGE54	8870	8869_CharltonHeaston_54_m
200	AnnMargret	32	AGE32	10380	10379_AnnMargret_32_f
200	AnnMargret	64	AGE64	10398	10397_AnnMargret_64_f
200	AnnMargret	73	AGE73	10402	10401_AnnMargret_73_f
200	AnnMargret	68	AGE68	10399	10398_AnnMargret_68_f
200	AnnMargret	41	AGE41	10388	10387_AnnMargret_41_f
200	AnnMargret	25	AGE25	10375	10374_AnnMargret_25_f
200	AnnMargret	63	AGE63	10397	10396_AnnMargret_63_f
200	AnnMargret	26	AGE26	10376	10375_AnnMargret_26_f
200	AnnMargret	30	AGE30	10378	10377_AnnMargret_30_f
200	AnnMargret	31	AGE31	10379	10378_AnnMargret_31_f
200	AnnMargret	24	AGE24	10374	10373_AnnMargret_24_f
200	AnnMargret	22	AGE22	10372	10371_AnnMargret_22_f
200	AnnMargret	44	AGE44	10390	10389_AnnMargret_44_f
200	AnnMargret	20	AGE20	10371	10370_AnnMargret_20_f
200	AnnMargret	53	AGE53	10393	10392_AnnMargret_53_f
200	AnnMargret	47	AGE47	10391	10390_AnnMargret_47_f
200	AnnMargret	59	AGE59	10395	10394_AnnMargret_59_f
200	AnnMargret	33	AGE33	10381	10380_AnnMargret_33_f
200	AnnMargret	34	AGE34	10382	10381_AnnMargret_34_f
200	AnnMargret	39	AGE39	10387	10386_AnnMargret_39_f
200	AnnMargret	52	AGE52	10392	10391_AnnMargret_52_f
200	AnnMargret	70	AGE70	10401	10400_AnnMargret_70_f
200	AnnMargret	38	AGE38	10386	10385_AnnMargret_38_f
200	AnnMargret	69	AGE69	10400	10399_AnnMargret_69_f
200	AnnMargret	23	AGE23	10373	10372_AnnMargret_23_f
200	AnnMargret	36	AGE36	10384	10383_AnnMargret_36_f
200	AnnMargret	54	AGE54	10394	10393_AnnMargret_54_f
200	AnnMargret	37	AGE37	10385	10384_AnnMargret_37_f
200	AnnMargret	61	AGE61	10396	10395_AnnMargret_61_f
200	AnnMargret	42	AGE42	10389	10388_AnnMargret_42_f
200	AnnMargret	29	AGE29	10377	10376_AnnMargret_29_f
200	AnnMargret	35	AGE35	10383	10382_AnnMargret_35_f
201	KirkDouglas	86	AGE86	4299	4298_KirkDouglas_86_m
201	KirkDouglas	32	AGE32	4300	4299_KirkDouglas_32_m
201	KirkDouglas	34	AGE34	4289	4288_KirkDouglas_34_m
201	KirkDouglas	42	AGE42	4303	4302_KirkDouglas_42_m
201	KirkDouglas	84	AGE84	4288	4287_KirkDouglas_84_m
201	KirkDouglas	60	AGE60	4301	4300_KirkDouglas_60_m
201	KirkDouglas	20	AGE20	4302	4301_KirkDouglas_20_m
201	KirkDouglas	81	AGE81	4298	4297_KirkDouglas_81_m
201	KirkDouglas	16	AGE16	4304	4303_KirkDouglas_16_m
201	KirkDouglas	40	AGE40	4290	4289_KirkDouglas_40_m
201	KirkDouglas	49	AGE49	4295	4294_KirkDouglas_49_m
201	KirkDouglas	71	AGE71	4296	4295_KirkDouglas_71_m
201	KirkDouglas	80	AGE80	4297	4296_KirkDouglas_80_m
201	KirkDouglas	39	AGE39	4292	4291_KirkDouglas_39_m
201	KirkDouglas	40	AGE40	4291	4290_KirkDouglas_40_m
201	KirkDouglas	39	AGE39	4293	4292_KirkDouglas_39_m
201	KirkDouglas	46	AGE46	4294	4293_KirkDouglas_46_m
202	JudyHolliday	29	AGE29	14079	14078_JudyHolliday_29_f
202	JudyHolliday	28	AGE28	14078	14077_JudyHolliday_28_f
202	JudyHolliday	36	AGE36	14073	14072_JudyHolliday_36_f
202	JudyHolliday	42	AGE42	14075	14074_JudyHolliday_42_f
202	JudyHolliday	24	AGE24	14068	14067_JudyHolliday_24_f
202	JudyHolliday	17	AGE17	14062	14061_JudyHolliday_17_f
202	JudyHolliday	35	AGE35	14071	14070_JudyHolliday_35_f
202	JudyHolliday	35	AGE35	14081	14080_JudyHolliday_35_f
202	JudyHolliday	28	AGE28	14063	14062_JudyHolliday_28_f
202	JudyHolliday	32	AGE32	14066	14065_JudyHolliday_32_f
202	JudyHolliday	28	AGE28	14080	14079_JudyHolliday_28_f
202	JudyHolliday	42	AGE42	14074	14073_JudyHolliday_42_f
202	JudyHolliday	36	AGE36	14072	14071_JudyHolliday_36_f
202	JudyHolliday	27	AGE27	14061	14060_JudyHolliday_27_f
202	JudyHolliday	27	AGE27	14077	14076_JudyHolliday_27_f
202	JudyHolliday	33	AGE33	14082	14081_JudyHolliday_33_f
202	JudyHolliday	33	AGE33	14069	14068_JudyHolliday_33_f
202	JudyHolliday	32	AGE32	14065	14064_JudyHolliday_32_f
202	JudyHolliday	33	AGE33	14067	14066_JudyHolliday_33_f
202	JudyHolliday	35	AGE35	14070	14069_JudyHolliday_35_f
202	JudyHolliday	31	AGE31	14064	14063_JudyHolliday_31_f
202	JudyHolliday	29	AGE29	14076	14075_JudyHolliday_29_f
203	DebraPaget	30	AGE30	15233	15232_DebraPaget_30_f
203	DebraPaget	17	AGE17	15218	15217_DebraPaget_17_f
203	DebraPaget	28	AGE28	15231	15230_DebraPaget_28_f
203	DebraPaget	18	AGE18	15219	15218_DebraPaget_18_f
203	DebraPaget	24	AGE24	15226	15225_DebraPaget_24_f
203	DebraPaget	70	AGE70	15242	15241_DebraPaget_70_f
203	DebraPaget	25	AGE25	15227	15226_DebraPaget_25_f
203	DebraPaget	35	AGE35	15237	15236_DebraPaget_35_f
203	DebraPaget	40	AGE40	15239	15238_DebraPaget_40_f
203	DebraPaget	26	AGE26	15228	15227_DebraPaget_26_f
203	DebraPaget	31	AGE31	15234	15233_DebraPaget_31_f
203	DebraPaget	73	AGE73	15243	15242_DebraPaget_73_f
203	DebraPaget	23	AGE23	15225	15224_DebraPaget_23_f
203	DebraPaget	37	AGE37	15238	15237_DebraPaget_37_f
203	DebraPaget	34	AGE34	15236	15235_DebraPaget_34_f
203	DebraPaget	79	AGE79	15246	15245_DebraPaget_79_f
203	DebraPaget	55	AGE55	15241	15240_DebraPaget_55_f
203	DebraPaget	75	AGE75	15244	15243_DebraPaget_75_f
203	DebraPaget	29	AGE29	15232	15231_DebraPaget_29_f
203	DebraPaget	22	AGE22	15224	15223_DebraPaget_22_f
203	DebraPaget	19	AGE19	15220	15219_DebraPaget_19_f
203	DebraPaget	20	AGE20	15222	15221_DebraPaget_20_f
203	DebraPaget	78	AGE78	15245	15244_DebraPaget_78_f
203	DebraPaget	17	AGE17	15217	15216_DebraPaget_17_f
203	DebraPaget	16	AGE16	15216	15215_DebraPaget_16_f
203	DebraPaget	20	AGE20	15221	15220_DebraPaget_20_f
203	DebraPaget	81	AGE81	15247	15246_DebraPaget_81_f
203	DebraPaget	42	AGE42	15240	15239_DebraPaget_42_f
203	DebraPaget	21	AGE21	15223	15222_DebraPaget_21_f
203	DebraPaget	27	AGE27	15229	15228_DebraPaget_27_f
203	DebraPaget	27	AGE27	15230	15229_DebraPaget_27_f
203	DebraPaget	15	AGE15	15215	15214_DebraPaget_15_f
203	DebraPaget	32	AGE32	15235	15234_DebraPaget_32_f
204	LilliPalmer	30	AGE30	13669	13668_LilliPalmer_30_f
204	LilliPalmer	37	AGE37	13673	13672_LilliPalmer_37_f
204	LilliPalmer	57	AGE57	13684	13683_LilliPalmer_57_f
204	LilliPalmer	46	AGE46	13678	13677_LilliPalmer_46_f
204	LilliPalmer	71	AGE71	13689	13688_LilliPalmer_71_f
204	LilliPalmer	64	AGE64	13687	13686_LilliPalmer_64_f
204	LilliPalmer	35	AGE35	13671	13670_LilliPalmer_35_f
204	LilliPalmer	26	AGE26	13667	13666_LilliPalmer_26_f
204	LilliPalmer	59	AGE59	13685	13684_LilliPalmer_59_f
204	LilliPalmer	49	AGE49	13680	13679_LilliPalmer_49_f
204	LilliPalmer	61	AGE61	13686	13685_LilliPalmer_61_f
204	LilliPalmer	28	AGE28	13668	13667_LilliPalmer_28_f
204	LilliPalmer	45	AGE45	13677	13676_LilliPalmer_45_f
204	LilliPalmer	56	AGE56	13683	13682_LilliPalmer_56_f
204	LilliPalmer	48	AGE48	13679	13678_LilliPalmer_48_f
204	LilliPalmer	38	AGE38	13674	13673_LilliPalmer_38_f
204	LilliPalmer	53	AGE53	13681	13680_LilliPalmer_53_f
204	LilliPalmer	54	AGE54	13682	13681_LilliPalmer_54_f
204	LilliPalmer	36	AGE36	13672	13671_LilliPalmer_36_f
204	LilliPalmer	21	AGE21	13666	13665_LilliPalmer_21_f
204	LilliPalmer	43	AGE43	13676	13675_LilliPalmer_43_f
204	LilliPalmer	68	AGE68	13688	13687_LilliPalmer_68_f
204	LilliPalmer	40	AGE40	13675	13674_LilliPalmer_40_f
204	LilliPalmer	34	AGE34	13670	13669_LilliPalmer_34_f
205	LarryEllison	46	AGE46	334	333_LarryEllison_46_m
205	LarryEllison	49	AGE49	326	325_LarryEllison_49_m
205	LarryEllison	66	AGE66	327	326_LarryEllison_66_m
205	LarryEllison	69	AGE69	337	336_LarryEllison_69_m
205	LarryEllison	48	AGE48	335	334_LarryEllison_48_m
205	LarryEllison	51	AGE51	336	335_LarryEllison_51_m
205	LarryEllison	20	AGE20	330	329_LarryEllison_20_m
205	LarryEllison	42	AGE42	324	323_LarryEllison_42_m
205	LarryEllison	58	AGE58	338	337_LarryEllison_58_m
205	LarryEllison	68	AGE68	332	331_LarryEllison_68_m
205	LarryEllison	30	AGE30	331	330_LarryEllison_30_m
205	LarryEllison	45	AGE45	325	324_LarryEllison_45_m
205	LarryEllison	52	AGE52	333	332_LarryEllison_52_m
205	LarryEllison	65	AGE65	328	327_LarryEllison_65_m
205	LarryEllison	60	AGE60	329	328_LarryEllison_60_m
206	HowardKeel	75	AGE75	5922	5921_HowardKeel_75_m
206	HowardKeel	36	AGE36	5892	5891_HowardKeel_36_m
206	HowardKeel	40	AGE40	5896	5895_HowardKeel_40_m
206	HowardKeel	68	AGE68	5912	5911_HowardKeel_68_m
206	HowardKeel	72	AGE72	5915	5914_HowardKeel_72_m
206	HowardKeel	85	AGE85	5921	5920_HowardKeel_85_m
206	HowardKeel	56	AGE56	5902	5901_HowardKeel_56_m
206	HowardKeel	46	AGE46	5899	5898_HowardKeel_46_m
206	HowardKeel	52	AGE52	5901	5900_HowardKeel_52_m
206	HowardKeel	32	AGE32	5888	5887_HowardKeel_32_m
206	HowardKeel	81	AGE81	5923	5922_HowardKeel_81_m
206	HowardKeel	34	AGE34	5890	5889_HowardKeel_34_m
206	HowardKeel	73	AGE73	5916	5915_HowardKeel_73_m
206	HowardKeel	84	AGE84	5920	5919_HowardKeel_84_m
206	HowardKeel	77	AGE77	5917	5916_HowardKeel_77_m
206	HowardKeel	43	AGE43	5898	5897_HowardKeel_43_m
206	HowardKeel	33	AGE33	5889	5888_HowardKeel_33_m
206	HowardKeel	30	AGE30	5886	5885_HowardKeel_30_m
206	HowardKeel	62	AGE62	5907	5906_HowardKeel_62_m
206	HowardKeel	70	AGE70	5913	5912_HowardKeel_70_m
206	HowardKeel	39	AGE39	5895	5894_HowardKeel_39_m
206	HowardKeel	58	AGE58	5903	5902_HowardKeel_58_m
206	HowardKeel	29	AGE29	5885	5884_HowardKeel_29_m
206	HowardKeel	38	AGE38	5894	5893_HowardKeel_38_m
206	HowardKeel	37	AGE37	5893	5892_HowardKeel_37_m
206	HowardKeel	42	AGE42	5897	5896_HowardKeel_42_m
206	HowardKeel	80	AGE80	5918	5917_HowardKeel_80_m
206	HowardKeel	64	AGE64	5909	5908_HowardKeel_64_m
206	HowardKeel	67	AGE67	5911	5910_HowardKeel_67_m
206	HowardKeel	35	AGE35	5891	5890_HowardKeel_35_m
206	HowardKeel	63	AGE63	5908	5907_HowardKeel_63_m
206	HowardKeel	59	AGE59	5904	5903_HowardKeel_59_m
206	HowardKeel	60	AGE60	5905	5904_HowardKeel_60_m
206	HowardKeel	61	AGE61	5906	5905_HowardKeel_61_m
206	HowardKeel	50	AGE50	5900	5899_HowardKeel_50_m
206	HowardKeel	83	AGE83	5919	5918_HowardKeel_83_m
206	HowardKeel	31	AGE31	5887	5886_HowardKeel_31_m
206	HowardKeel	71	AGE71	5914	5913_HowardKeel_71_m
206	HowardKeel	65	AGE65	5910	5909_HowardKeel_65_m
207	BillCosby	75	AGE75	16200	16199_BillCosby_75_m
207	BillCosby	53	AGE53	16193	16192_BillCosby_53_m
207	BillCosby	74	AGE74	16182	16181_BillCosby_74_m
207	BillCosby	73	AGE73	16202	16201_BillCosby_73_m
207	BillCosby	26	AGE26	16186	16185_BillCosby_26_m
207	BillCosby	51	AGE51	16192	16191_BillCosby_51_m
207	BillCosby	59	AGE59	16190	16189_BillCosby_59_m
207	BillCosby	72	AGE72	16204	16203_BillCosby_72_m
207	BillCosby	28	AGE28	16184	16183_BillCosby_28_m
207	BillCosby	65	AGE65	16194	16193_BillCosby_65_m
207	BillCosby	76	AGE76	16198	16197_BillCosby_76_m
207	BillCosby	74	AGE74	16201	16200_BillCosby_74_m
207	BillCosby	79	AGE79	16196	16195_BillCosby_79_m
207	BillCosby	70	AGE70	16207	16206_BillCosby_70_m
207	BillCosby	77	AGE77	16197	16196_BillCosby_77_m
207	BillCosby	80	AGE80	16195	16194_BillCosby_80_m
207	BillCosby	73	AGE73	16203	16202_BillCosby_73_m
207	BillCosby	20	AGE20	16183	16182_BillCosby_20_m
207	BillCosby	48	AGE48	16015	16014_BillCosby_48_m
207	BillCosby	76	AGE76	16199	16198_BillCosby_76_m
207	BillCosby	30	AGE30	16014	16013_BillCosby_30_m
207	BillCosby	38	AGE38	16187	16186_BillCosby_38_m
207	BillCosby	32	AGE32	16185	16184_BillCosby_32_m
207	BillCosby	38	AGE38	16188	16187_BillCosby_38_m
207	BillCosby	71	AGE71	16206	16205_BillCosby_71_m
207	BillCosby	33	AGE33	16189	16188_BillCosby_33_m
207	BillCosby	72	AGE72	16205	16204_BillCosby_72_m
207	BillCosby	75	AGE75	16016	16015_BillCosby_75_m
207	BillCosby	60	AGE60	16191	16190_BillCosby_60_m
207	BillCosby	70	AGE70	16208	16207_BillCosby_70_m
208	ShelleyWinters	80	AGE80	14777	14776_ShelleyWinters_80_f
208	ShelleyWinters	48	AGE48	14773	14772_ShelleyWinters_48_f
208	ShelleyWinters	46	AGE46	14767	14766_ShelleyWinters_46_f
208	ShelleyWinters	76	AGE76	14785	14784_ShelleyWinters_76_f
208	ShelleyWinters	56	AGE56	14769	14768_ShelleyWinters_56_f
208	ShelleyWinters	31	AGE31	14759	14758_ShelleyWinters_31_f
208	ShelleyWinters	55	AGE55	14775	14774_ShelleyWinters_55_f
208	ShelleyWinters	22	AGE22	14752	14751_ShelleyWinters_22_f
208	ShelleyWinters	39	AGE39	14764	14763_ShelleyWinters_39_f
208	ShelleyWinters	56	AGE56	14776	14775_ShelleyWinters_56_f
208	ShelleyWinters	28	AGE28	14784	14783_ShelleyWinters_28_f
208	ShelleyWinters	29	AGE29	14763	14762_ShelleyWinters_29_f
208	ShelleyWinters	25	AGE25	14779	14778_ShelleyWinters_25_f
208	ShelleyWinters	42	AGE42	14766	14765_ShelleyWinters_42_f
208	ShelleyWinters	60	AGE60	14771	14770_ShelleyWinters_60_f
208	ShelleyWinters	40	AGE40	14780	14779_ShelleyWinters_40_f
208	ShelleyWinters	28	AGE28	14782	14781_ShelleyWinters_28_f
208	ShelleyWinters	55	AGE55	14768	14767_ShelleyWinters_55_f
208	ShelleyWinters	45	AGE45	14753	14752_ShelleyWinters_45_f
208	ShelleyWinters	31	AGE31	14760	14759_ShelleyWinters_31_f
208	ShelleyWinters	28	AGE28	14757	14756_ShelleyWinters_28_f
208	ShelleyWinters	30	AGE30	14761	14760_ShelleyWinters_30_f
208	ShelleyWinters	76	AGE76	14774	14773_ShelleyWinters_76_f
208	ShelleyWinters	34	AGE34	14758	14757_ShelleyWinters_34_f
208	ShelleyWinters	58	AGE58	14770	14769_ShelleyWinters_58_f
208	ShelleyWinters	52	AGE52	14772	14771_ShelleyWinters_52_f
208	ShelleyWinters	27	AGE27	14754	14753_ShelleyWinters_27_f
208	ShelleyWinters	25	AGE25	14756	14755_ShelleyWinters_25_f
208	ShelleyWinters	40	AGE40	14765	14764_ShelleyWinters_40_f
208	ShelleyWinters	33	AGE33	14778	14777_ShelleyWinters_33_f
208	ShelleyWinters	35	AGE35	14762	14761_ShelleyWinters_35_f
208	ShelleyWinters	24	AGE24	14783	14782_ShelleyWinters_24_f
208	ShelleyWinters	33	AGE33	14781	14780_ShelleyWinters_33_f
208	ShelleyWinters	20	AGE20	14755	14754_ShelleyWinters_20_f
209	Konstantaras	59	AGE59	8107	8106_Konstantaras_59_m
209	Konstantaras	58	AGE58	8098	8097_Konstantaras_58_m
209	Konstantaras	46	AGE46	8094	8093_Konstantaras_46_m
209	Konstantaras	54	AGE54	8102	8101_Konstantaras_54_m
209	Konstantaras	52	AGE52	8099	8098_Konstantaras_52_m
209	Konstantaras	59	AGE59	8093	8092_Konstantaras_59_m
209	Konstantaras	56	AGE56	8097	8096_Konstantaras_56_m
209	Konstantaras	54	AGE54	8100	8099_Konstantaras_54_m
209	Konstantaras	62	AGE62	8111	8110_Konstantaras_62_m
209	Konstantaras	59	AGE59	8109	8108_Konstantaras_59_m
209	Konstantaras	51	AGE51	8101	8100_Konstantaras_51_m
209	Konstantaras	54	AGE54	8103	8102_Konstantaras_54_m
209	Konstantaras	58	AGE58	8095	8094_Konstantaras_58_m
209	Konstantaras	47	AGE47	8104	8103_Konstantaras_47_m
209	Konstantaras	54	AGE54	8108	8107_Konstantaras_54_m
209	Konstantaras	55	AGE55	8106	8105_Konstantaras_55_m
209	Konstantaras	51	AGE51	8096	8095_Konstantaras_51_m
209	Konstantaras	55	AGE55	8105	8104_Konstantaras_55_m
209	Konstantaras	58	AGE58	8110	8109_Konstantaras_58_m
210	JeanPeters	38	AGE38	13601	13600_JeanPeters_38_f
210	JeanPeters	55	AGE55	13605	13604_JeanPeters_55_f
210	JeanPeters	47	AGE47	13603	13602_JeanPeters_47_f
210	JeanPeters	22	AGE22	13588	13587_JeanPeters_22_f
210	JeanPeters	28	AGE28	13593	13592_JeanPeters_28_f
210	JeanPeters	59	AGE59	13606	13605_JeanPeters_59_f
210	JeanPeters	18	AGE18	13585	13584_JeanPeters_18_f
210	JeanPeters	51	AGE51	13604	13603_JeanPeters_51_f
210	JeanPeters	36	AGE36	13599	13598_JeanPeters_36_f
210	JeanPeters	32	AGE32	13595	13594_JeanPeters_32_f
210	JeanPeters	31	AGE31	13594	13593_JeanPeters_31_f
210	JeanPeters	37	AGE37	13600	13599_JeanPeters_37_f
210	JeanPeters	34	AGE34	13597	13596_JeanPeters_34_f
210	JeanPeters	26	AGE26	13591	13590_JeanPeters_26_f
210	JeanPeters	11	AGE11	13584	13583_JeanPeters_11_f
210	JeanPeters	45	AGE45	13602	13601_JeanPeters_45_f
210	JeanPeters	33	AGE33	13596	13595_JeanPeters_33_f
210	JeanPeters	19	AGE19	13586	13585_JeanPeters_19_f
210	JeanPeters	27	AGE27	13592	13591_JeanPeters_27_f
210	JeanPeters	35	AGE35	13598	13597_JeanPeters_35_f
210	JeanPeters	24	AGE24	13590	13589_JeanPeters_24_f
210	JeanPeters	23	AGE23	13589	13588_JeanPeters_23_f
210	JeanPeters	21	AGE21	13587	13586_JeanPeters_21_f
211	AnjelicaHuston	60	AGE60	11836	11835_AnjelicaHuston_60_f
211	AnjelicaHuston	53	AGE53	11829	11828_AnjelicaHuston_53_f
211	AnjelicaHuston	31	AGE31	11815	11814_AnjelicaHuston_31_f
211	AnjelicaHuston	34	AGE34	11816	11815_AnjelicaHuston_34_f
211	AnjelicaHuston	45	AGE45	11822	11821_AnjelicaHuston_45_f
211	AnjelicaHuston	62	AGE62	11838	11837_AnjelicaHuston_62_f
211	AnjelicaHuston	30	AGE30	11814	11813_AnjelicaHuston_30_f
211	AnjelicaHuston	56	AGE56	11831	11830_AnjelicaHuston_56_f
211	AnjelicaHuston	17	AGE17	11810	11809_AnjelicaHuston_17_f
211	AnjelicaHuston	47	AGE47	11823	11822_AnjelicaHuston_47_f
211	AnjelicaHuston	55	AGE55	11830	11829_AnjelicaHuston_55_f
211	AnjelicaHuston	61	AGE61	11837	11836_AnjelicaHuston_61_f
211	AnjelicaHuston	44	AGE44	11821	11820_AnjelicaHuston_44_f
211	AnjelicaHuston	18	AGE18	11811	11810_AnjelicaHuston_18_f
211	AnjelicaHuston	24	AGE24	11812	11811_AnjelicaHuston_24_f
211	AnjelicaHuston	50	AGE50	11826	11825_AnjelicaHuston_50_f
211	AnjelicaHuston	27	AGE27	11813	11812_AnjelicaHuston_27_f
211	AnjelicaHuston	16	AGE16	11809	11808_AnjelicaHuston_16_f
211	AnjelicaHuston	58	AGE58	11833	11832_AnjelicaHuston_58_f
211	AnjelicaHuston	57	AGE57	11832	11831_AnjelicaHuston_57_f
211	AnjelicaHuston	48	AGE48	11824	11823_AnjelicaHuston_48_f
211	AnjelicaHuston	36	AGE36	11817	11816_AnjelicaHuston_36_f
211	AnjelicaHuston	59	AGE59	11834	11833_AnjelicaHuston_59_f
211	AnjelicaHuston	63	AGE63	11839	11838_AnjelicaHuston_63_f
211	AnjelicaHuston	52	AGE52	11828	11827_AnjelicaHuston_52_f
211	AnjelicaHuston	60	AGE60	11835	11834_AnjelicaHuston_60_f
211	AnjelicaHuston	40	AGE40	11818	11817_AnjelicaHuston_40_f
211	AnjelicaHuston	40	AGE40	11819	11818_AnjelicaHuston_40_f
211	AnjelicaHuston	42	AGE42	11820	11819_AnjelicaHuston_42_f
211	AnjelicaHuston	50	AGE50	11825	11824_AnjelicaHuston_50_f
211	AnjelicaHuston	51	AGE51	11827	11826_AnjelicaHuston_51_f
212	NormaShearer	33	AGE33	13711	13710_NormaShearer_33_f
212	NormaShearer	28	AGE28	13703	13702_NormaShearer_28_f
212	NormaShearer	35	AGE35	13706	13705_NormaShearer_35_f
212	NormaShearer	37	AGE37	13698	13697_NormaShearer_37_f
212	NormaShearer	29	AGE29	13709	13708_NormaShearer_29_f
212	NormaShearer	37	AGE37	13699	13698_NormaShearer_37_f
212	NormaShearer	25	AGE25	13714	13713_NormaShearer_25_f
212	NormaShearer	36	AGE36	13696	13695_NormaShearer_36_f
212	NormaShearer	33	AGE33	13697	13696_NormaShearer_33_f
212	NormaShearer	22	AGE22	13690	13689_NormaShearer_22_f
212	NormaShearer	38	AGE38	13700	13699_NormaShearer_38_f
212	NormaShearer	18	AGE18	13708	13707_NormaShearer_18_f
212	NormaShearer	28	AGE28	13712	13711_NormaShearer_28_f
212	NormaShearer	31	AGE31	13716	13715_NormaShearer_31_f
212	NormaShearer	38	AGE38	13701	13700_NormaShearer_38_f
212	NormaShearer	32	AGE32	13710	13709_NormaShearer_32_f
212	NormaShearer	29	AGE29	13693	13692_NormaShearer_29_f
212	NormaShearer	39	AGE39	13713	13712_NormaShearer_39_f
212	NormaShearer	34	AGE34	13695	13694_NormaShearer_34_f
212	NormaShearer	25	AGE25	13705	13704_NormaShearer_25_f
212	NormaShearer	27	AGE27	13707	13706_NormaShearer_27_f
212	NormaShearer	27	AGE27	13691	13690_NormaShearer_27_f
212	NormaShearer	26	AGE26	13715	13714_NormaShearer_26_f
212	NormaShearer	28	AGE28	13692	13691_NormaShearer_28_f
212	NormaShearer	40	AGE40	13702	13701_NormaShearer_40_f
212	NormaShearer	23	AGE23	13704	13703_NormaShearer_23_f
212	NormaShearer	32	AGE32	13694	13693_NormaShearer_32_f
213	RabindranathTagore	65	AGE65	1455	1454_RabindranathTagore_65_m
213	RabindranathTagore	76	AGE76	1464	1463_RabindranathTagore_76_m
213	RabindranathTagore	73	AGE73	1459	1458_RabindranathTagore_73_m
213	RabindranathTagore	62	AGE62	1473	1472_RabindranathTagore_62_m
213	RabindranathTagore	55	AGE55	1452	1451_RabindranathTagore_55_m
213	RabindranathTagore	69	AGE69	1456	1455_RabindranathTagore_69_m
213	RabindranathTagore	65	AGE65	1474	1473_RabindranathTagore_65_m
213	RabindranathTagore	25	AGE25	1469	1468_RabindranathTagore_25_m
213	RabindranathTagore	45	AGE45	1472	1471_RabindranathTagore_45_m
213	RabindranathTagore	44	AGE44	1465	1464_RabindranathTagore_44_m
213	RabindranathTagore	67	AGE67	1475	1474_RabindranathTagore_67_m
213	RabindranathTagore	22	AGE22	1470	1469_RabindranathTagore_22_m
213	RabindranathTagore	12	AGE12	1468	1467_RabindranathTagore_12_m
213	RabindranathTagore	62	AGE62	1471	1470_RabindranathTagore_62_m
213	RabindranathTagore	70	AGE70	1457	1456_RabindranathTagore_70_m
213	RabindranathTagore	79	AGE79	1467	1466_RabindranathTagore_79_m
213	RabindranathTagore	19	AGE19	1462	1461_RabindranathTagore_19_m
213	RabindranathTagore	74	AGE74	1461	1460_RabindranathTagore_74_m
213	RabindranathTagore	51	AGE51	1466	1465_RabindranathTagore_51_m
213	RabindranathTagore	63	AGE63	1458	1457_RabindranathTagore_63_m
213	RabindranathTagore	74	AGE74	1463	1462_RabindranathTagore_74_m
213	RabindranathTagore	20	AGE20	1460	1459_RabindranathTagore_20_m
213	RabindranathTagore	59	AGE59	1453	1452_RabindranathTagore_59_m
214	JoanLeslie	16	AGE16	10165	10164_JoanLeslie_16_f
214	JoanLeslie	30	AGE30	10175	10174_JoanLeslie_30_f
214	JoanLeslie	33	AGE33	10177	10176_JoanLeslie_33_f
214	JoanLeslie	22	AGE22	10169	10168_JoanLeslie_22_f
214	JoanLeslie	17	AGE17	10166	10165_JoanLeslie_17_f
214	JoanLeslie	87	AGE87	10191	10190_JoanLeslie_87_f
214	JoanLeslie	78	AGE78	10186	10185_JoanLeslie_78_f
214	JoanLeslie	29	AGE29	10174	10173_JoanLeslie_29_f
214	JoanLeslie	80	AGE80	10187	10186_JoanLeslie_80_f
214	JoanLeslie	21	AGE21	10168	10167_JoanLeslie_21_f
214	JoanLeslie	45	AGE45	10181	10180_JoanLeslie_45_f
214	JoanLeslie	83	AGE83	10189	10188_JoanLeslie_83_f
214	JoanLeslie	23	AGE23	10170	10169_JoanLeslie_23_f
214	JoanLeslie	13	AGE13	10164	10163_JoanLeslie_13_f
214	JoanLeslie	50	AGE50	10182	10181_JoanLeslie_50_f
214	JoanLeslie	36	AGE36	10179	10178_JoanLeslie_36_f
214	JoanLeslie	38	AGE38	10180	10179_JoanLeslie_38_f
214	JoanLeslie	28	AGE28	10173	10172_JoanLeslie_28_f
214	JoanLeslie	74	AGE74	10184	10183_JoanLeslie_74_f
214	JoanLeslie	77	AGE77	10185	10184_JoanLeslie_77_f
214	JoanLeslie	35	AGE35	10178	10177_JoanLeslie_35_f
214	JoanLeslie	32	AGE32	10176	10175_JoanLeslie_32_f
214	JoanLeslie	25	AGE25	10171	10170_JoanLeslie_25_f
214	JoanLeslie	19	AGE19	10167	10166_JoanLeslie_19_f
214	JoanLeslie	26	AGE26	10172	10171_JoanLeslie_26_f
214	JoanLeslie	81	AGE81	10188	10187_JoanLeslie_81_f
214	JoanLeslie	84	AGE84	10190	10189_JoanLeslie_84_f
214	JoanLeslie	59	AGE59	10183	10182_JoanLeslie_59_f
215	JulieHagerty	46	AGE46	15566	15565_JulieHagerty_46_f
215	JulieHagerty	32	AGE32	15559	15558_JulieHagerty_32_f
215	JulieHagerty	58	AGE58	15575	15574_JulieHagerty_58_f
215	JulieHagerty	36	AGE36	15561	15560_JulieHagerty_36_f
215	JulieHagerty	45	AGE45	15565	15564_JulieHagerty_45_f
215	JulieHagerty	59	AGE59	15576	15575_JulieHagerty_59_f
215	JulieHagerty	26	AGE26	15554	15553_JulieHagerty_26_f
215	JulieHagerty	31	AGE31	15558	15557_JulieHagerty_31_f
215	JulieHagerty	54	AGE54	15571	15570_JulieHagerty_54_f
215	JulieHagerty	28	AGE28	15556	15555_JulieHagerty_28_f
215	JulieHagerty	50	AGE50	15569	15568_JulieHagerty_50_f
215	JulieHagerty	53	AGE53	15570	15569_JulieHagerty_53_f
215	JulieHagerty	37	AGE37	15562	15561_JulieHagerty_37_f
215	JulieHagerty	55	AGE55	15572	15571_JulieHagerty_55_f
215	JulieHagerty	49	AGE49	15568	15567_JulieHagerty_49_f
215	JulieHagerty	30	AGE30	15557	15556_JulieHagerty_30_f
215	JulieHagerty	35	AGE35	15560	15559_JulieHagerty_35_f
215	JulieHagerty	21	AGE21	15550	15549_JulieHagerty_21_f
215	JulieHagerty	24	AGE24	15552	15551_JulieHagerty_24_f
215	JulieHagerty	25	AGE25	15553	15552_JulieHagerty_25_f
215	JulieHagerty	47	AGE47	15567	15566_JulieHagerty_47_f
215	JulieHagerty	56	AGE56	15573	15572_JulieHagerty_56_f
215	JulieHagerty	40	AGE40	15563	15562_JulieHagerty_40_f
215	JulieHagerty	23	AGE23	15551	15550_JulieHagerty_23_f
215	JulieHagerty	57	AGE57	15574	15573_JulieHagerty_57_f
215	JulieHagerty	27	AGE27	15555	15554_JulieHagerty_27_f
215	JulieHagerty	43	AGE43	15564	15563_JulieHagerty_43_f
216	FrederickSanger	42	AGE42	1154	1153_FrederickSanger_42_m
216	FrederickSanger	78	AGE78	1160	1159_FrederickSanger_78_m
216	FrederickSanger	78	AGE78	1161	1160_FrederickSanger_78_m
216	FrederickSanger	60	AGE60	1157	1156_FrederickSanger_60_m
216	FrederickSanger	79	AGE79	1159	1158_FrederickSanger_79_m
216	FrederickSanger	31	AGE31	1162	1161_FrederickSanger_31_m
216	FrederickSanger	57	AGE57	1163	1162_FrederickSanger_57_m
216	FrederickSanger	31	AGE31	1153	1152_FrederickSanger_31_m
216	FrederickSanger	11	AGE11	1155	1154_FrederickSanger_11_m
216	FrederickSanger	75	AGE75	1158	1157_FrederickSanger_75_m
217	MargaretOBrien	40	AGE40	12799	12798_MargaretOBrien_40_f
217	MargaretOBrien	12	AGE12	12785	12784_MargaretOBrien_12_f
217	MargaretOBrien	19	AGE19	12791	12790_MargaretOBrien_19_f
217	MargaretOBrien	75	AGE75	12808	12807_MargaretOBrien_75_f
217	MargaretOBrien	13	AGE13	12786	12785_MargaretOBrien_13_f
217	MargaretOBrien	8	AGE8	12783	12782_MargaretOBrien_8_f
217	MargaretOBrien	17	AGE17	12790	12789_MargaretOBrien_17_f
217	MargaretOBrien	43	AGE43	12800	12799_MargaretOBrien_43_f
217	MargaretOBrien	65	AGE65	12806	12805_MargaretOBrien_65_f
217	MargaretOBrien	67	AGE67	12807	12806_MargaretOBrien_67_f
217	MargaretOBrien	33	AGE33	12798	12797_MargaretOBrien_33_f
217	MargaretOBrien	20	AGE20	12792	12791_MargaretOBrien_20_f
217	MargaretOBrien	14	AGE14	12787	12786_MargaretOBrien_14_f
217	MargaretOBrien	7	AGE7	12782	12781_MargaretOBrien_7_f
217	MargaretOBrien	64	AGE64	12805	12804_MargaretOBrien_64_f
217	MargaretOBrien	11	AGE11	12784	12783_MargaretOBrien_11_f
217	MargaretOBrien	47	AGE47	12801	12800_MargaretOBrien_47_f
217	MargaretOBrien	58	AGE58	12803	12802_MargaretOBrien_58_f
217	MargaretOBrien	26	AGE26	12796	12795_MargaretOBrien_26_f
217	MargaretOBrien	16	AGE16	12789	12788_MargaretOBrien_16_f
217	MargaretOBrien	25	AGE25	12795	12794_MargaretOBrien_25_f
217	MargaretOBrien	5	AGE5	12780	12779_MargaretOBrien_5_f
217	MargaretOBrien	53	AGE53	12802	12801_MargaretOBrien_53_f
217	MargaretOBrien	23	AGE23	12794	12793_MargaretOBrien_23_f
217	MargaretOBrien	15	AGE15	12788	12787_MargaretOBrien_15_f
217	MargaretOBrien	62	AGE62	12804	12803_MargaretOBrien_62_f
217	MargaretOBrien	6	AGE6	12781	12780_MargaretOBrien_6_f
217	MargaretOBrien	21	AGE21	12793	12792_MargaretOBrien_21_f
217	MargaretOBrien	28	AGE28	12797	12796_MargaretOBrien_28_f
218	cambell	31	AGE31	16266	16265_cambell_31_f
219	DerekJacobi	57	AGE57	3179	3178_DerekJacobi_57_m
219	DerekJacobi	48	AGE48	3173	3172_DerekJacobi_48_m
219	DerekJacobi	60	AGE60	3181	3180_DerekJacobi_60_m
219	DerekJacobi	33	AGE33	3164	3163_DerekJacobi_33_m
219	DerekJacobi	70	AGE70	3189	3188_DerekJacobi_70_m
219	DerekJacobi	32	AGE32	3163	3162_DerekJacobi_32_m
219	DerekJacobi	38	AGE38	3168	3167_DerekJacobi_38_m
219	DerekJacobi	75	AGE75	3193	3192_DerekJacobi_75_m
219	DerekJacobi	62	AGE62	3183	3182_DerekJacobi_62_m
219	DerekJacobi	34	AGE34	3165	3164_DerekJacobi_34_m
219	DerekJacobi	52	AGE52	3174	3173_DerekJacobi_52_m
219	DerekJacobi	35	AGE35	3166	3165_DerekJacobi_35_m
219	DerekJacobi	59	AGE59	3180	3179_DerekJacobi_59_m
219	DerekJacobi	40	AGE40	3170	3169_DerekJacobi_40_m
219	DerekJacobi	55	AGE55	3177	3176_DerekJacobi_55_m
219	DerekJacobi	56	AGE56	3178	3177_DerekJacobi_56_m
219	DerekJacobi	64	AGE64	3185	3184_DerekJacobi_64_m
219	DerekJacobi	69	AGE69	3188	3187_DerekJacobi_69_m
219	DerekJacobi	36	AGE36	3167	3166_DerekJacobi_36_m
219	DerekJacobi	76	AGE76	3194	3193_DerekJacobi_76_m
219	DerekJacobi	68	AGE68	3187	3186_DerekJacobi_68_m
219	DerekJacobi	72	AGE72	3190	3189_DerekJacobi_72_m
219	DerekJacobi	66	AGE66	3186	3185_DerekJacobi_66_m
219	DerekJacobi	74	AGE74	3192	3191_DerekJacobi_74_m
219	DerekJacobi	41	AGE41	3171	3170_DerekJacobi_41_m
219	DerekJacobi	73	AGE73	3191	3190_DerekJacobi_73_m
219	DerekJacobi	54	AGE54	3176	3175_DerekJacobi_54_m
219	DerekJacobi	39	AGE39	3169	3168_DerekJacobi_39_m
219	DerekJacobi	31	AGE31	3162	3161_DerekJacobi_31_m
219	DerekJacobi	61	AGE61	3182	3181_DerekJacobi_61_m
219	DerekJacobi	63	AGE63	3184	3183_DerekJacobi_63_m
219	DerekJacobi	53	AGE53	3175	3174_DerekJacobi_53_m
219	DerekJacobi	46	AGE46	3172	3171_DerekJacobi_46_m
219	DerekJacobi	27	AGE27	3161	3160_DerekJacobi_27_m
220	RobertDeNiro	43	AGE43	5682	5681_RobertDeNiro_43_m
220	RobertDeNiro	68	AGE68	5688	5687_RobertDeNiro_68_m
220	RobertDeNiro	41	AGE41	5678	5677_RobertDeNiro_41_m
220	RobertDeNiro	69	AGE69	5689	5688_RobertDeNiro_69_m
220	RobertDeNiro	64	AGE64	5687	5686_RobertDeNiro_64_m
220	RobertDeNiro	40	AGE40	5676	5675_RobertDeNiro_40_m
220	RobertDeNiro	40	AGE40	5677	5676_RobertDeNiro_40_m
220	RobertDeNiro	30	AGE30	5681	5680_RobertDeNiro_30_m
220	RobertDeNiro	54	AGE54	5684	5683_RobertDeNiro_54_m
220	RobertDeNiro	32	AGE32	5680	5679_RobertDeNiro_32_m
220	RobertDeNiro	33	AGE33	5686	5685_RobertDeNiro_33_m
220	RobertDeNiro	28	AGE28	5685	5684_RobertDeNiro_28_m
220	RobertDeNiro	34	AGE34	5683	5682_RobertDeNiro_34_m
220	RobertDeNiro	36	AGE36	5679	5678_RobertDeNiro_36_m
221	JulieBishop	15	AGE15	15519	15518_JulieBishop_15_f
221	JulieBishop	14	AGE14	15518	15517_JulieBishop_14_f
221	JulieBishop	37	AGE37	15541	15540_JulieBishop_37_f
221	JulieBishop	60	AGE60	15549	15548_JulieBishop_60_f
221	JulieBishop	42	AGE42	15545	15544_JulieBishop_42_f
221	JulieBishop	48	AGE48	15547	15546_JulieBishop_48_f
221	JulieBishop	40	AGE40	15544	15543_JulieBishop_40_f
221	JulieBishop	30	AGE30	15534	15533_JulieBishop_30_f
221	JulieBishop	16	AGE16	15520	15519_JulieBishop_16_f
221	JulieBishop	27	AGE27	15531	15530_JulieBishop_27_f
221	JulieBishop	31	AGE31	15535	15534_JulieBishop_31_f
221	JulieBishop	34	AGE34	15538	15537_JulieBishop_34_f
221	JulieBishop	38	AGE38	15542	15541_JulieBishop_38_f
221	JulieBishop	17	AGE17	15521	15520_JulieBishop_17_f
221	JulieBishop	19	AGE19	15523	15522_JulieBishop_19_f
221	JulieBishop	25	AGE25	15529	15528_JulieBishop_25_f
221	JulieBishop	20	AGE20	15524	15523_JulieBishop_20_f
221	JulieBishop	21	AGE21	15525	15524_JulieBishop_21_f
221	JulieBishop	39	AGE39	15543	15542_JulieBishop_39_f
221	JulieBishop	23	AGE23	15527	15526_JulieBishop_23_f
221	JulieBishop	32	AGE32	15536	15535_JulieBishop_32_f
221	JulieBishop	35	AGE35	15539	15538_JulieBishop_35_f
221	JulieBishop	36	AGE36	15540	15539_JulieBishop_36_f
221	JulieBishop	29	AGE29	15533	15532_JulieBishop_29_f
221	JulieBishop	22	AGE22	15526	15525_JulieBishop_22_f
221	JulieBishop	26	AGE26	15530	15529_JulieBishop_26_f
221	JulieBishop	50	AGE50	15548	15547_JulieBishop_50_f
221	JulieBishop	18	AGE18	15522	15521_JulieBishop_18_f
221	JulieBishop	46	AGE46	15546	15545_JulieBishop_46_f
221	JulieBishop	33	AGE33	15537	15536_JulieBishop_33_f
221	JulieBishop	24	AGE24	15528	15527_JulieBishop_24_f
221	JulieBishop	28	AGE28	15532	15531_JulieBishop_28_f
222	JhonLenon	28	AGE28	194	193_JhonLenon_28_m
222	JhonLenon	27	AGE27	174	173_JhonLenon_27_m
222	JhonLenon	25	AGE25	185	184_JhonLenon_25_m
222	JhonLenon	18	AGE18	200	199_JhonLenon_18_m
222	JhonLenon	18	AGE18	187	186_JhonLenon_18_m
222	JhonLenon	25	AGE25	182	181_JhonLenon_25_m
222	JhonLenon	17	AGE17	192	191_JhonLenon_17_m
222	JhonLenon	22	AGE22	201	200_JhonLenon_22_m
222	JhonLenon	19	AGE19	193	192_JhonLenon_19_m
222	JhonLenon	30	AGE30	195	194_JhonLenon_30_m
222	JhonLenon	30	AGE30	198	197_JhonLenon_30_m
222	JhonLenon	30	AGE30	196	195_JhonLenon_30_m
222	JhonLenon	28	AGE28	186	185_JhonLenon_28_m
222	JhonLenon	32	AGE32	184	183_JhonLenon_32_m
222	JhonLenon	32	AGE32	178	177_JhonLenon_32_m
222	JhonLenon	30	AGE30	181	180_JhonLenon_30_m
222	JhonLenon	20	AGE20	188	187_JhonLenon_20_m
222	JhonLenon	10	AGE10	191	190_JhonLenon_10_m
222	JhonLenon	24	AGE24	179	178_JhonLenon_24_m
222	JhonLenon	31	AGE31	173	172_JhonLenon_31_m
222	JhonLenon	17	AGE17	176	175_JhonLenon_17_m
222	JhonLenon	35	AGE35	183	182_JhonLenon_35_m
222	JhonLenon	33	AGE33	190	189_JhonLenon_33_m
222	JhonLenon	6	AGE6	172	171_JhonLenon_6_m
222	JhonLenon	33	AGE33	199	198_JhonLenon_33_m
222	JhonLenon	20	AGE20	175	174_JhonLenon_20_m
222	JhonLenon	27	AGE27	180	179_JhonLenon_27_m
222	JhonLenon	20	AGE20	177	176_JhonLenon_20_m
222	JhonLenon	21	AGE21	189	188_JhonLenon_21_m
222	JhonLenon	27	AGE27	197	196_JhonLenon_27_m
223	ElkeSommer	40	AGE40	9958	9957_ElkeSommer_40_f
223	ElkeSommer	61	AGE61	9971	9970_ElkeSommer_61_f
223	ElkeSommer	37	AGE37	9956	9955_ElkeSommer_37_f
223	ElkeSommer	42	AGE42	9961	9960_ElkeSommer_42_f
223	ElkeSommer	38	AGE38	9957	9956_ElkeSommer_38_f
223	ElkeSommer	67	AGE67	9976	9975_ElkeSommer_67_f
223	ElkeSommer	41	AGE41	9959	9958_ElkeSommer_41_f
223	ElkeSommer	51	AGE51	9966	9965_ElkeSommer_51_f
223	ElkeSommer	58	AGE58	9969	9968_ElkeSommer_58_f
223	ElkeSommer	63	AGE63	9973	9972_ElkeSommer_63_f
223	ElkeSommer	34	AGE34	9954	9953_ElkeSommer_34_f
223	ElkeSommer	65	AGE65	9975	9974_ElkeSommer_65_f
223	ElkeSommer	46	AGE46	9964	9963_ElkeSommer_46_f
223	ElkeSommer	29	AGE29	9950	9949_ElkeSommer_29_f
223	ElkeSommer	28	AGE28	9949	9948_ElkeSommer_28_f
223	ElkeSommer	64	AGE64	9974	9973_ElkeSommer_64_f
223	ElkeSommer	56	AGE56	9968	9967_ElkeSommer_56_f
223	ElkeSommer	44	AGE44	9963	9962_ElkeSommer_44_f
223	ElkeSommer	18	AGE18	9947	9946_ElkeSommer_18_f
223	ElkeSommer	30	AGE30	9951	9950_ElkeSommer_30_f
223	ElkeSommer	27	AGE27	9948	9947_ElkeSommer_27_f
223	ElkeSommer	41	AGE41	9960	9959_ElkeSommer_41_f
223	ElkeSommer	69	AGE69	9977	9976_ElkeSommer_69_f
223	ElkeSommer	60	AGE60	9970	9969_ElkeSommer_60_f
223	ElkeSommer	43	AGE43	9962	9961_ElkeSommer_43_f
223	ElkeSommer	72	AGE72	9979	9978_ElkeSommer_72_f
223	ElkeSommer	32	AGE32	9953	9952_ElkeSommer_32_f
223	ElkeSommer	70	AGE70	9978	9977_ElkeSommer_70_f
223	ElkeSommer	55	AGE55	9967	9966_ElkeSommer_55_f
223	ElkeSommer	62	AGE62	9972	9971_ElkeSommer_62_f
223	ElkeSommer	31	AGE31	9952	9951_ElkeSommer_31_f
223	ElkeSommer	35	AGE35	9955	9954_ElkeSommer_35_f
223	ElkeSommer	47	AGE47	9965	9964_ElkeSommer_47_f
224	campbell	33	AGE33	16286	16285_campbell_33_f
224	campbell	37	AGE37	16269	16268_campbell_37_f
224	campbell	26	AGE26	16280	16279_campbell_26_f
224	campbell	27	AGE27	16281	16280_campbell_27_f
224	campbell	25	AGE25	16275	16274_campbell_25_f
224	campbell	25	AGE25	16279	16278_campbell_25_f
224	campbell	44	AGE44	16289	16288_campbell_44_f
224	campbell	30	AGE30	16284	16283_campbell_30_f
224	campbell	28	AGE28	16277	16276_campbell_28_f
224	campbell	30	AGE30	16283	16282_campbell_30_f
224	campbell	44	AGE44	16290	16289_campbell_44_f
224	campbell	43	AGE43	16288	16287_campbell_43_f
224	campbell	30	AGE30	16282	16281_campbell_30_f
224	campbell	28	AGE28	16265	16264_campbell_28_f
224	campbell	25	AGE25	16278	16277_campbell_25_f
224	campbell	45	AGE45	16291	16290_campbell_45_f
224	campbell	32	AGE32	16268	16267_campbell_32_f
224	campbell	33	AGE33	16273	16272_campbell_33_f
224	campbell	25	AGE25	16271	16270_campbell_25_f
224	campbell	42	AGE42	16267	16266_campbell_42_f
224	campbell	25	AGE25	16270	16269_campbell_25_f
224	campbell	19	AGE19	16272	16271_campbell_19_f
224	campbell	41	AGE41	16287	16286_campbell_41_f
224	campbell	30	AGE30	16285	16284_campbell_30_f
224	campbell	22	AGE22	16276	16275_campbell_22_f
225	ClarkGable	32	AGE32	5816	5815_ClarkGable_32_m
225	ClarkGable	22	AGE22	5804	5803_ClarkGable_22_m
225	ClarkGable	31	AGE31	5815	5814_ClarkGable_31_m
225	ClarkGable	35	AGE35	5805	5804_ClarkGable_35_m
225	ClarkGable	30	AGE30	5807	5806_ClarkGable_30_m
225	ClarkGable	35	AGE35	5803	5802_ClarkGable_35_m
225	ClarkGable	37	AGE37	5808	5807_ClarkGable_37_m
225	ClarkGable	48	AGE48	5812	5811_ClarkGable_48_m
225	ClarkGable	42	AGE42	5810	5809_ClarkGable_42_m
225	ClarkGable	43	AGE43	5813	5812_ClarkGable_43_m
225	ClarkGable	35	AGE35	5806	5805_ClarkGable_35_m
225	ClarkGable	31	AGE31	5814	5813_ClarkGable_31_m
225	ClarkGable	46	AGE46	5809	5808_ClarkGable_46_m
225	ClarkGable	35	AGE35	5817	5816_ClarkGable_35_m
225	ClarkGable	40	AGE40	5811	5810_ClarkGable_40_m
226	TommySands	27	AGE27	3928	3927_TommySands_27_m
226	TommySands	26	AGE26	3927	3926_TommySands_26_m
226	TommySands	68	AGE68	3939	3938_TommySands_68_m
226	TommySands	22	AGE22	3923	3922_TommySands_22_m
226	TommySands	72	AGE72	3941	3940_TommySands_72_m
226	TommySands	60	AGE60	3933	3932_TommySands_60_m
226	TommySands	25	AGE25	3926	3925_TommySands_25_m
226	TommySands	64	AGE64	3936	3935_TommySands_64_m
226	TommySands	20	AGE20	3921	3920_TommySands_20_m
226	TommySands	19	AGE19	3920	3919_TommySands_19_m
226	TommySands	45	AGE45	3932	3931_TommySands_45_m
226	TommySands	30	AGE30	3929	3928_TommySands_30_m
226	TommySands	67	AGE67	3938	3937_TommySands_67_m
226	TommySands	43	AGE43	3931	3930_TommySands_43_m
226	TommySands	70	AGE70	3940	3939_TommySands_70_m
226	TommySands	66	AGE66	3937	3936_TommySands_66_m
226	TommySands	21	AGE21	3922	3921_TommySands_21_m
226	TommySands	38	AGE38	3930	3929_TommySands_38_m
226	TommySands	18	AGE18	3919	3918_TommySands_18_m
226	TommySands	23	AGE23	3924	3923_TommySands_23_m
226	TommySands	24	AGE24	3925	3924_TommySands_24_m
226	TommySands	62	AGE62	3934	3933_TommySands_62_m
226	TommySands	63	AGE63	3935	3934_TommySands_63_m
227	KennethBranagh	31	AGE31	5428	5427_KennethBranagh_31_m
227	KennethBranagh	36	AGE36	5431	5430_KennethBranagh_36_m
227	KennethBranagh	29	AGE29	5426	5425_KennethBranagh_29_m
227	KennethBranagh	42	AGE42	5437	5436_KennethBranagh_42_m
227	KennethBranagh	35	AGE35	5430	5429_KennethBranagh_35_m
227	KennethBranagh	23	AGE23	5421	5420_KennethBranagh_23_m
227	KennethBranagh	37	AGE37	5432	5431_KennethBranagh_37_m
227	KennethBranagh	41	AGE41	5436	5435_KennethBranagh_41_m
227	KennethBranagh	43	AGE43	5438	5437_KennethBranagh_43_m
227	KennethBranagh	45	AGE45	5441	5440_KennethBranagh_45_m
227	KennethBranagh	34	AGE34	5429	5428_KennethBranagh_34_m
227	KennethBranagh	44	AGE44	5439	5438_KennethBranagh_44_m
227	KennethBranagh	44	AGE44	5440	5439_KennethBranagh_44_m
227	KennethBranagh	24	AGE24	5422	5421_KennethBranagh_24_m
227	KennethBranagh	26	AGE26	5424	5423_KennethBranagh_26_m
227	KennethBranagh	39	AGE39	5434	5433_KennethBranagh_39_m
227	KennethBranagh	49	AGE49	5443	5442_KennethBranagh_49_m
227	KennethBranagh	53	AGE53	5445	5444_KennethBranagh_53_m
227	KennethBranagh	27	AGE27	5425	5424_KennethBranagh_27_m
227	KennethBranagh	38	AGE38	5433	5432_KennethBranagh_38_m
227	KennethBranagh	54	AGE54	5446	5445_KennethBranagh_54_m
227	KennethBranagh	25	AGE25	5423	5422_KennethBranagh_25_m
227	KennethBranagh	30	AGE30	5427	5426_KennethBranagh_30_m
227	KennethBranagh	51	AGE51	5444	5443_KennethBranagh_51_m
227	KennethBranagh	40	AGE40	5435	5434_KennethBranagh_40_m
227	KennethBranagh	47	AGE47	5442	5441_KennethBranagh_47_m
228	SophiaLoren	44	AGE44	11288	11287_SophiaLoren_44_f
228	SophiaLoren	66	AGE66	11295	11294_SophiaLoren_66_f
228	SophiaLoren	32	AGE32	11283	11282_SophiaLoren_32_f
228	SophiaLoren	68	AGE68	11296	11295_SophiaLoren_68_f
228	SophiaLoren	26	AGE26	11301	11300_SophiaLoren_26_f
228	SophiaLoren	64	AGE64	11293	11292_SophiaLoren_64_f
228	SophiaLoren	36	AGE36	11305	11304_SophiaLoren_36_f
228	SophiaLoren	29	AGE29	11281	11280_SophiaLoren_29_f
228	SophiaLoren	17	AGE17	11300	11299_SophiaLoren_17_f
228	SophiaLoren	59	AGE59	11292	11291_SophiaLoren_59_f
228	SophiaLoren	25	AGE25	11278	11277_SophiaLoren_25_f
228	SophiaLoren	36	AGE36	11285	11284_SophiaLoren_36_f
228	SophiaLoren	31	AGE31	11282	11281_SophiaLoren_31_f
228	SophiaLoren	41	AGE41	11299	11298_SophiaLoren_41_f
228	SophiaLoren	38	AGE38	11286	11285_SophiaLoren_38_f
228	SophiaLoren	65	AGE65	11294	11293_SophiaLoren_65_f
228	SophiaLoren	53	AGE53	11291	11290_SophiaLoren_53_f
228	SophiaLoren	76	AGE76	11298	11297_SophiaLoren_76_f
228	SophiaLoren	28	AGE28	11280	11279_SophiaLoren_28_f
228	SophiaLoren	51	AGE51	11289	11288_SophiaLoren_51_f
228	SophiaLoren	52	AGE52	11290	11289_SophiaLoren_52_f
228	SophiaLoren	27	AGE27	11279	11278_SophiaLoren_27_f
228	SophiaLoren	29	AGE29	11302	11301_SophiaLoren_29_f
228	SophiaLoren	75	AGE75	11297	11296_SophiaLoren_75_f
228	SophiaLoren	35	AGE35	11284	11283_SophiaLoren_35_f
228	SophiaLoren	30	AGE30	11303	11302_SophiaLoren_30_f
228	SophiaLoren	26	AGE26	11304	11303_SophiaLoren_26_f
228	SophiaLoren	40	AGE40	11287	11286_SophiaLoren_40_f
229	Myl╨ЪneDemongeot	46	AGE46	12863	12862_Myl╨ЪneDemongeot_46_f
229	Myl╨ЪneDemongeot	47	AGE47	12864	12863_Myl╨ЪneDemongeot_47_f
229	Myl╨ЪneDemongeot	23	AGE23	12849	12848_Myl╨ЪneDemongeot_23_f
229	Myl╨ЪneDemongeot	35	AGE35	12858	12857_Myl╨ЪneDemongeot_35_f
229	Myl╨ЪneDemongeot	49	AGE49	12867	12866_Myl╨ЪneDemongeot_49_f
229	Myl╨ЪneDemongeot	27	AGE27	12851	12850_Myl╨ЪneDemongeot_27_f
229	Myl╨ЪneDemongeot	22	AGE22	12848	12847_Myl╨ЪneDemongeot_22_f
229	Myl╨ЪneDemongeot	40	AGE40	12859	12858_Myl╨ЪneDemongeot_40_f
229	Myl╨ЪneDemongeot	42	AGE42	12860	12859_Myl╨ЪneDemongeot_42_f
229	Myl╨ЪneDemongeot	78	AGE78	12876	12875_Myl╨ЪneDemongeot_78_f
229	Myl╨ЪneDemongeot	24	AGE24	12850	12849_Myl╨ЪneDemongeot_24_f
229	Myl╨ЪneDemongeot	45	AGE45	12862	12861_Myl╨ЪneDemongeot_45_f
229	Myl╨ЪneDemongeot	57	AGE57	12869	12868_Myl╨ЪneDemongeot_57_f
229	Myl╨ЪneDemongeot	68	AGE68	12873	12872_Myl╨ЪneDemongeot_68_f
229	Myl╨ЪneDemongeot	76	AGE76	12875	12874_Myl╨ЪneDemongeot_76_f
229	Myl╨ЪneDemongeot	33	AGE33	12857	12856_Myl╨ЪneDemongeot_33_f
229	Myl╨ЪneDemongeot	65	AGE65	12872	12871_Myl╨ЪneDemongeot_65_f
229	Myl╨ЪneDemongeot	29	AGE29	12853	12852_Myl╨ЪneDemongeot_29_f
229	Myl╨ЪneDemongeot	48	AGE48	12866	12865_Myl╨ЪneDemongeot_48_f
229	Myl╨ЪneDemongeot	43	AGE43	12861	12860_Myl╨ЪneDemongeot_43_f
229	Myl╨ЪneDemongeot	70	AGE70	12874	12873_Myl╨ЪneDemongeot_70_f
229	Myl╨ЪneDemongeot	47	AGE47	12865	12864_Myl╨ЪneDemongeot_47_f
229	Myl╨ЪneDemongeot	62	AGE62	12871	12870_Myl╨ЪneDemongeot_62_f
229	Myl╨ЪneDemongeot	18	AGE18	12847	12846_Myl╨ЪneDemongeot_18_f
229	Myl╨ЪneDemongeot	60	AGE60	12870	12869_Myl╨ЪneDemongeot_60_f
229	Myl╨ЪneDemongeot	31	AGE31	12855	12854_Myl╨ЪneDemongeot_31_f
229	Myl╨ЪneDemongeot	53	AGE53	12868	12867_Myl╨ЪneDemongeot_53_f
229	Myl╨ЪneDemongeot	30	AGE30	12854	12853_Myl╨ЪneDemongeot_30_f
229	Myl╨ЪneDemongeot	32	AGE32	12856	12855_Myl╨ЪneDemongeot_32_f
229	Myl╨ЪneDemongeot	28	AGE28	12852	12851_Myl╨ЪneDemongeot_28_f
230	SusanGeorge	39	AGE39	10869	10868_SusanGeorge_39_f
230	SusanGeorge	53	AGE53	10875	10874_SusanGeorge_53_f
230	SusanGeorge	47	AGE47	10873	10872_SusanGeorge_47_f
230	SusanGeorge	35	AGE35	10866	10865_SusanGeorge_35_f
230	SusanGeorge	43	AGE43	10872	10871_SusanGeorge_43_f
230	SusanGeorge	24	AGE24	10862	10861_SusanGeorge_24_f
230	SusanGeorge	51	AGE51	10874	10873_SusanGeorge_51_f
230	SusanGeorge	40	AGE40	10870	10869_SusanGeorge_40_f
230	SusanGeorge	23	AGE23	10861	10860_SusanGeorge_23_f
230	SusanGeorge	17	AGE17	10855	10854_SusanGeorge_17_f
230	SusanGeorge	32	AGE32	10865	10864_SusanGeorge_32_f
230	SusanGeorge	19	AGE19	10857	10856_SusanGeorge_19_f
230	SusanGeorge	21	AGE21	10859	10858_SusanGeorge_21_f
230	SusanGeorge	20	AGE20	10858	10857_SusanGeorge_20_f
230	SusanGeorge	38	AGE38	10868	10867_SusanGeorge_38_f
230	SusanGeorge	22	AGE22	10860	10859_SusanGeorge_22_f
230	SusanGeorge	29	AGE29	10864	10863_SusanGeorge_29_f
230	SusanGeorge	18	AGE18	10856	10855_SusanGeorge_18_f
230	SusanGeorge	60	AGE60	10876	10875_SusanGeorge_60_f
230	SusanGeorge	41	AGE41	10871	10870_SusanGeorge_41_f
230	SusanGeorge	25	AGE25	10863	10862_SusanGeorge_25_f
230	SusanGeorge	61	AGE61	10877	10876_SusanGeorge_61_f
230	SusanGeorge	36	AGE36	10867	10866_SusanGeorge_36_f
231	AnthonyAndrews	62	AGE62	5055	5054_AnthonyAndrews_62_m
231	AnthonyAndrews	64	AGE64	5064	5063_AnthonyAndrews_64_m
231	AnthonyAndrews	52	AGE52	5061	5060_AnthonyAndrews_52_m
231	AnthonyAndrews	53	AGE53	5052	5051_AnthonyAndrews_53_m
231	AnthonyAndrews	57	AGE57	5049	5048_AnthonyAndrews_57_m
231	AnthonyAndrews	41	AGE41	5057	5056_AnthonyAndrews_41_m
231	AnthonyAndrews	51	AGE51	5047	5046_AnthonyAndrews_51_m
231	AnthonyAndrews	60	AGE60	5043	5042_AnthonyAndrews_60_m
231	AnthonyAndrews	63	AGE63	5044	5043_AnthonyAndrews_63_m
231	AnthonyAndrews	55	AGE55	5042	5041_AnthonyAndrews_55_m
231	AnthonyAndrews	59	AGE59	5063	5062_AnthonyAndrews_59_m
231	AnthonyAndrews	29	AGE29	5034	5033_AnthonyAndrews_29_m
231	AnthonyAndrews	35	AGE35	5039	5038_AnthonyAndrews_35_m
231	AnthonyAndrews	66	AGE66	5045	5044_AnthonyAndrews_66_m
231	AnthonyAndrews	34	AGE34	5038	5037_AnthonyAndrews_34_m
231	AnthonyAndrews	65	AGE65	5050	5049_AnthonyAndrews_65_m
231	AnthonyAndrews	37	AGE37	5041	5040_AnthonyAndrews_37_m
231	AnthonyAndrews	39	AGE39	5051	5050_AnthonyAndrews_39_m
231	AnthonyAndrews	56	AGE56	5053	5052_AnthonyAndrews_56_m
231	AnthonyAndrews	58	AGE58	5062	5061_AnthonyAndrews_58_m
231	AnthonyAndrews	45	AGE45	5059	5058_AnthonyAndrews_45_m
231	AnthonyAndrews	49	AGE49	5060	5059_AnthonyAndrews_49_m
231	AnthonyAndrews	54	AGE54	5048	5047_AnthonyAndrews_54_m
231	AnthonyAndrews	47	AGE47	5046	5045_AnthonyAndrews_47_m
231	AnthonyAndrews	38	AGE38	5056	5055_AnthonyAndrews_38_m
231	AnthonyAndrews	33	AGE33	5037	5036_AnthonyAndrews_33_m
231	AnthonyAndrews	61	AGE61	5054	5053_AnthonyAndrews_61_m
231	AnthonyAndrews	42	AGE42	5058	5057_AnthonyAndrews_42_m
231	AnthonyAndrews	25	AGE25	5032	5031_AnthonyAndrews_25_m
231	AnthonyAndrews	32	AGE32	5036	5035_AnthonyAndrews_32_m
231	AnthonyAndrews	36	AGE36	5040	5039_AnthonyAndrews_36_m
231	AnthonyAndrews	27	AGE27	5033	5032_AnthonyAndrews_27_m
231	AnthonyAndrews	31	AGE31	5035	5034_AnthonyAndrews_31_m
232	ConnieBooth	42	AGE42	15160	15159_ConnieBooth_42_f
232	ConnieBooth	28	AGE28	15149	15148_ConnieBooth_28_f
232	ConnieBooth	32	AGE32	15152	15151_ConnieBooth_32_f
232	ConnieBooth	60	AGE60	15171	15170_ConnieBooth_60_f
232	ConnieBooth	52	AGE52	15168	15167_ConnieBooth_52_f
232	ConnieBooth	27	AGE27	15148	15147_ConnieBooth_27_f
232	ConnieBooth	43	AGE43	15161	15160_ConnieBooth_43_f
232	ConnieBooth	24	AGE24	15145	15144_ConnieBooth_24_f
232	ConnieBooth	44	AGE44	15162	15161_ConnieBooth_44_f
232	ConnieBooth	35	AGE35	15153	15152_ConnieBooth_35_f
232	ConnieBooth	63	AGE63	15173	15172_ConnieBooth_63_f
232	ConnieBooth	48	AGE48	15166	15165_ConnieBooth_48_f
232	ConnieBooth	66	AGE66	15176	15175_ConnieBooth_66_f
232	ConnieBooth	56	AGE56	15169	15168_ConnieBooth_56_f
232	ConnieBooth	40	AGE40	15158	15157_ConnieBooth_40_f
232	ConnieBooth	58	AGE58	15170	15169_ConnieBooth_58_f
232	ConnieBooth	45	AGE45	15163	15162_ConnieBooth_45_f
232	ConnieBooth	38	AGE38	15156	15155_ConnieBooth_38_f
232	ConnieBooth	47	AGE47	15165	15164_ConnieBooth_47_f
232	ConnieBooth	41	AGE41	15159	15158_ConnieBooth_41_f
232	ConnieBooth	25	AGE25	15146	15145_ConnieBooth_25_f
232	ConnieBooth	26	AGE26	15147	15146_ConnieBooth_26_f
232	ConnieBooth	46	AGE46	15164	15163_ConnieBooth_46_f
232	ConnieBooth	49	AGE49	15167	15166_ConnieBooth_49_f
232	ConnieBooth	31	AGE31	15151	15150_ConnieBooth_31_f
232	ConnieBooth	37	AGE37	15155	15154_ConnieBooth_37_f
232	ConnieBooth	70	AGE70	15177	15176_ConnieBooth_70_f
232	ConnieBooth	30	AGE30	15150	15149_ConnieBooth_30_f
232	ConnieBooth	39	AGE39	15157	15156_ConnieBooth_39_f
232	ConnieBooth	36	AGE36	15154	15153_ConnieBooth_36_f
232	ConnieBooth	62	AGE62	15172	15171_ConnieBooth_62_f
232	ConnieBooth	65	AGE65	15175	15174_ConnieBooth_65_f
232	ConnieBooth	71	AGE71	15178	15177_ConnieBooth_71_f
232	ConnieBooth	64	AGE64	15174	15173_ConnieBooth_64_f
233	Arletty	56	AGE56	10922	10921_Arletty_56_f
233	Arletty	65	AGE65	10928	10927_Arletty_65_f
233	Arletty	40	AGE40	10911	10910_Arletty_40_f
233	Arletty	88	AGE88	10936	10935_Arletty_88_f
233	Arletty	59	AGE59	10924	10923_Arletty_59_f
233	Arletty	52	AGE52	10919	10918_Arletty_52_f
233	Arletty	45	AGE45	10914	10913_Arletty_45_f
233	Arletty	51	AGE51	10918	10917_Arletty_51_f
233	Arletty	86	AGE86	10935	10934_Arletty_86_f
233	Arletty	80	AGE80	10933	10932_Arletty_80_f
233	Arletty	68	AGE68	10929	10928_Arletty_68_f
233	Arletty	34	AGE34	10905	10904_Arletty_34_f
233	Arletty	47	AGE47	10915	10914_Arletty_47_f
233	Arletty	34	AGE34	10906	10905_Arletty_34_f
233	Arletty	55	AGE55	10921	10920_Arletty_55_f
233	Arletty	76	AGE76	10932	10931_Arletty_76_f
233	Arletty	82	AGE82	10934	10933_Arletty_82_f
233	Arletty	39	AGE39	10909	10908_Arletty_39_f
233	Arletty	72	AGE72	10930	10929_Arletty_72_f
233	Arletty	63	AGE63	10926	10925_Arletty_63_f
233	Arletty	35	AGE35	10907	10906_Arletty_35_f
233	Arletty	57	AGE57	10923	10922_Arletty_57_f
233	Arletty	39	AGE39	10910	10909_Arletty_39_f
233	Arletty	50	AGE50	10917	10916_Arletty_50_f
233	Arletty	53	AGE53	10920	10919_Arletty_53_f
233	Arletty	43	AGE43	10913	10912_Arletty_43_f
233	Arletty	37	AGE37	10908	10907_Arletty_37_f
233	Arletty	64	AGE64	10927	10926_Arletty_64_f
233	Arletty	73	AGE73	10931	10930_Arletty_73_f
233	Arletty	41	AGE41	10912	10911_Arletty_41_f
233	Arletty	47	AGE47	10916	10915_Arletty_47_f
233	Arletty	60	AGE60	10925	10924_Arletty_60_f
234	MyrnaLoy	27	AGE27	12369	12368_MyrnaLoy_27_f
234	MyrnaLoy	55	AGE55	12363	12362_MyrnaLoy_55_f
234	MyrnaLoy	70	AGE70	12366	12365_MyrnaLoy_70_f
234	MyrnaLoy	67	AGE67	12376	12375_MyrnaLoy_67_f
234	MyrnaLoy	45	AGE45	12375	12374_MyrnaLoy_45_f
234	MyrnaLoy	40	AGE40	12356	12355_MyrnaLoy_40_f
234	MyrnaLoy	30	AGE30	12372	12371_MyrnaLoy_30_f
234	MyrnaLoy	32	AGE32	12351	12350_MyrnaLoy_32_f
234	MyrnaLoy	20	AGE20	12332	12331_MyrnaLoy_20_f
234	MyrnaLoy	35	AGE35	12378	12377_MyrnaLoy_35_f
234	MyrnaLoy	25	AGE25	12342	12341_MyrnaLoy_25_f
234	MyrnaLoy	62	AGE62	12364	12363_MyrnaLoy_62_f
234	MyrnaLoy	55	AGE55	12344	12343_MyrnaLoy_55_f
234	MyrnaLoy	25	AGE25	12337	12336_MyrnaLoy_25_f
234	MyrnaLoy	43	AGE43	12360	12359_MyrnaLoy_43_f
234	MyrnaLoy	28	AGE28	12379	12378_MyrnaLoy_28_f
234	MyrnaLoy	53	AGE53	12362	12361_MyrnaLoy_53_f
234	MyrnaLoy	42	AGE42	12368	12367_MyrnaLoy_42_f
234	MyrnaLoy	29	AGE29	12348	12347_MyrnaLoy_29_f
234	MyrnaLoy	34	AGE34	12353	12352_MyrnaLoy_34_f
234	MyrnaLoy	31	AGE31	12350	12349_MyrnaLoy_31_f
234	MyrnaLoy	43	AGE43	12359	12358_MyrnaLoy_43_f
234	MyrnaLoy	26	AGE26	12373	12372_MyrnaLoy_26_f
234	MyrnaLoy	21	AGE21	12340	12339_MyrnaLoy_21_f
234	MyrnaLoy	23	AGE23	12336	12335_MyrnaLoy_23_f
234	MyrnaLoy	86	AGE86	12371	12370_MyrnaLoy_86_f
234	MyrnaLoy	70	AGE70	12333	12332_MyrnaLoy_70_f
234	MyrnaLoy	75	AGE75	12374	12373_MyrnaLoy_75_f
234	MyrnaLoy	42	AGE42	12358	12357_MyrnaLoy_42_f
234	MyrnaLoy	28	AGE28	12347	12346_MyrnaLoy_28_f
234	MyrnaLoy	28	AGE28	12346	12345_MyrnaLoy_28_f
234	MyrnaLoy	33	AGE33	12377	12376_MyrnaLoy_33_f
234	MyrnaLoy	23	AGE23	12341	12340_MyrnaLoy_23_f
234	MyrnaLoy	60	AGE60	12367	12366_MyrnaLoy_60_f
234	MyrnaLoy	28	AGE28	12370	12369_MyrnaLoy_28_f
234	MyrnaLoy	19	AGE19	12352	12351_MyrnaLoy_19_f
234	MyrnaLoy	51	AGE51	12330	12329_MyrnaLoy_51_f
234	MyrnaLoy	45	AGE45	12361	12360_MyrnaLoy_45_f
234	MyrnaLoy	36	AGE36	12355	12354_MyrnaLoy_36_f
234	MyrnaLoy	20	AGE20	12338	12337_MyrnaLoy_20_f
234	MyrnaLoy	35	AGE35	12354	12353_MyrnaLoy_35_f
234	MyrnaLoy	25	AGE25	12343	12342_MyrnaLoy_25_f
234	MyrnaLoy	41	AGE41	12357	12356_MyrnaLoy_41_f
234	MyrnaLoy	20	AGE20	12339	12338_MyrnaLoy_20_f
234	MyrnaLoy	29	AGE29	12349	12348_MyrnaLoy_29_f
234	MyrnaLoy	67	AGE67	12365	12364_MyrnaLoy_67_f
234	MyrnaLoy	22	AGE22	12334	12333_MyrnaLoy_22_f
234	MyrnaLoy	30	AGE30	12335	12334_MyrnaLoy_30_f
234	MyrnaLoy	75	AGE75	12331	12330_MyrnaLoy_75_f
234	MyrnaLoy	27	AGE27	12345	12344_MyrnaLoy_27_f
235	SilvanaMangano	22	AGE22	14793	14792_SilvanaMangano_22_f
235	SilvanaMangano	26	AGE26	14796	14795_SilvanaMangano_26_f
235	SilvanaMangano	57	AGE57	14817	14816_SilvanaMangano_57_f
235	SilvanaMangano	44	AGE44	14813	14812_SilvanaMangano_44_f
235	SilvanaMangano	15	AGE15	14786	14785_SilvanaMangano_15_f
235	SilvanaMangano	42	AGE42	14811	14810_SilvanaMangano_42_f
235	SilvanaMangano	54	AGE54	14816	14815_SilvanaMangano_54_f
235	SilvanaMangano	40	AGE40	14809	14808_SilvanaMangano_40_f
235	SilvanaMangano	32	AGE32	14801	14800_SilvanaMangano_32_f
235	SilvanaMangano	20	AGE20	14790	14789_SilvanaMangano_20_f
235	SilvanaMangano	33	AGE33	14802	14801_SilvanaMangano_33_f
235	SilvanaMangano	27	AGE27	14797	14796_SilvanaMangano_27_f
235	SilvanaMangano	37	AGE37	14805	14804_SilvanaMangano_37_f
235	SilvanaMangano	39	AGE39	14808	14807_SilvanaMangano_39_f
235	SilvanaMangano	35	AGE35	14803	14802_SilvanaMangano_35_f
235	SilvanaMangano	31	AGE31	14800	14799_SilvanaMangano_31_f
235	SilvanaMangano	18	AGE18	14789	14788_SilvanaMangano_18_f
235	SilvanaMangano	21	AGE21	14792	14791_SilvanaMangano_21_f
235	SilvanaMangano	48	AGE48	14815	14814_SilvanaMangano_48_f
235	SilvanaMangano	24	AGE24	14794	14793_SilvanaMangano_24_f
235	SilvanaMangano	45	AGE45	14814	14813_SilvanaMangano_45_f
235	SilvanaMangano	36	AGE36	14804	14803_SilvanaMangano_36_f
235	SilvanaMangano	37	AGE37	14806	14805_SilvanaMangano_37_f
235	SilvanaMangano	41	AGE41	14810	14809_SilvanaMangano_41_f
235	SilvanaMangano	43	AGE43	14812	14811_SilvanaMangano_43_f
235	SilvanaMangano	38	AGE38	14807	14806_SilvanaMangano_38_f
235	SilvanaMangano	30	AGE30	14799	14798_SilvanaMangano_30_f
235	SilvanaMangano	17	AGE17	14788	14787_SilvanaMangano_17_f
235	SilvanaMangano	25	AGE25	14795	14794_SilvanaMangano_25_f
235	SilvanaMangano	16	AGE16	14787	14786_SilvanaMangano_16_f
235	SilvanaMangano	23	AGE23	14791	14790_SilvanaMangano_23_f
235	SilvanaMangano	28	AGE28	14798	14797_SilvanaMangano_28_f
236	VeronicaLake	49	AGE49	15940	15939_VeronicaLake_49_f
236	VeronicaLake	29	AGE29	15930	15929_VeronicaLake_29_f
236	VeronicaLake	43	AGE43	15937	15936_VeronicaLake_43_f
236	VeronicaLake	21	AGE21	15923	15922_VeronicaLake_21_f
236	VeronicaLake	45	AGE45	15938	15937_VeronicaLake_45_f
236	VeronicaLake	47	AGE47	15939	15938_VeronicaLake_47_f
236	VeronicaLake	23	AGE23	15925	15924_VeronicaLake_23_f
236	VeronicaLake	20	AGE20	15922	15921_VeronicaLake_20_f
236	VeronicaLake	26	AGE26	15928	15927_VeronicaLake_26_f
236	VeronicaLake	51	AGE51	15942	15941_VeronicaLake_51_f
236	VeronicaLake	24	AGE24	15926	15925_VeronicaLake_24_f
236	VeronicaLake	48	AGE48	15933	15932_VeronicaLake_48_f
236	VeronicaLake	50	AGE50	15941	15940_VeronicaLake_50_f
236	VeronicaLake	28	AGE28	15934	15933_VeronicaLake_28_f
236	VeronicaLake	27	AGE27	15929	15928_VeronicaLake_27_f
236	VeronicaLake	18	AGE18	15920	15919_VeronicaLake_18_f
236	VeronicaLake	19	AGE19	15921	15920_VeronicaLake_19_f
236	VeronicaLake	25	AGE25	15927	15926_VeronicaLake_25_f
236	VeronicaLake	40	AGE40	15931	15930_VeronicaLake_40_f
236	VeronicaLake	30	AGE30	15935	15934_VeronicaLake_30_f
236	VeronicaLake	22	AGE22	15924	15923_VeronicaLake_22_f
236	VeronicaLake	34	AGE34	15936	15935_VeronicaLake_34_f
236	VeronicaLake	46	AGE46	15932	15931_VeronicaLake_46_f
237	KathleenTurner	37	AGE37	12763	12762_KathleenTurner_37_f
237	KathleenTurner	49	AGE49	12772	12771_KathleenTurner_49_f
237	KathleenTurner	59	AGE59	12779	12778_KathleenTurner_59_f
237	KathleenTurner	49	AGE49	12771	12770_KathleenTurner_49_f
237	KathleenTurner	27	AGE27	12757	12756_KathleenTurner_27_f
237	KathleenTurner	46	AGE46	12768	12767_KathleenTurner_46_f
237	KathleenTurner	43	AGE43	12765	12764_KathleenTurner_43_f
237	KathleenTurner	30	AGE30	12758	12757_KathleenTurner_30_f
237	KathleenTurner	31	AGE31	12759	12758_KathleenTurner_31_f
237	KathleenTurner	45	AGE45	12767	12766_KathleenTurner_45_f
237	KathleenTurner	35	AGE35	12762	12761_KathleenTurner_35_f
237	KathleenTurner	32	AGE32	12760	12759_KathleenTurner_32_f
237	KathleenTurner	56	AGE56	12778	12777_KathleenTurner_56_f
237	KathleenTurner	41	AGE41	12764	12763_KathleenTurner_41_f
237	KathleenTurner	45	AGE45	12766	12765_KathleenTurner_45_f
237	KathleenTurner	50	AGE50	12773	12772_KathleenTurner_50_f
237	KathleenTurner	54	AGE54	12776	12775_KathleenTurner_54_f
237	KathleenTurner	55	AGE55	12777	12776_KathleenTurner_55_f
237	KathleenTurner	51	AGE51	12774	12773_KathleenTurner_51_f
237	KathleenTurner	48	AGE48	12770	12769_KathleenTurner_48_f
237	KathleenTurner	47	AGE47	12769	12768_KathleenTurner_47_f
237	KathleenTurner	52	AGE52	12775	12774_KathleenTurner_52_f
237	KathleenTurner	34	AGE34	12761	12760_KathleenTurner_34_f
238	RobertMitchum	58	AGE58	9231	9230_RobertMitchum_58_m
238	RobertMitchum	74	AGE74	9224	9223_RobertMitchum_74_m
238	RobertMitchum	26	AGE26	9206	9205_RobertMitchum_26_m
238	RobertMitchum	49	AGE49	9219	9218_RobertMitchum_49_m
238	RobertMitchum	44	AGE44	9214	9213_RobertMitchum_44_m
238	RobertMitchum	58	AGE58	9235	9234_RobertMitchum_58_m
238	RobertMitchum	66	AGE66	9228	9227_RobertMitchum_66_m
238	RobertMitchum	37	AGE37	9212	9211_RobertMitchum_37_m
238	RobertMitchum	72	AGE72	9217	9216_RobertMitchum_72_m
238	RobertMitchum	46	AGE46	9216	9215_RobertMitchum_46_m
238	RobertMitchum	48	AGE48	9210	9209_RobertMitchum_48_m
238	RobertMitchum	38	AGE38	9213	9212_RobertMitchum_38_m
238	RobertMitchum	57	AGE57	9227	9226_RobertMitchum_57_m
238	RobertMitchum	50	AGE50	9211	9210_RobertMitchum_50_m
238	RobertMitchum	28	AGE28	9207	9206_RobertMitchum_28_m
238	RobertMitchum	43	AGE43	9233	9232_RobertMitchum_43_m
238	RobertMitchum	78	AGE78	9232	9231_RobertMitchum_78_m
238	RobertMitchum	56	AGE56	9221	9220_RobertMitchum_56_m
238	RobertMitchum	29	AGE29	9208	9207_RobertMitchum_29_m
238	RobertMitchum	58	AGE58	9225	9224_RobertMitchum_58_m
238	RobertMitchum	61	AGE61	9223	9222_RobertMitchum_61_m
238	RobertMitchum	34	AGE34	9222	9221_RobertMitchum_34_m
238	RobertMitchum	56	AGE56	9234	9233_RobertMitchum_56_m
238	RobertMitchum	57	AGE57	9230	9229_RobertMitchum_57_m
238	RobertMitchum	43	AGE43	9218	9217_RobertMitchum_43_m
238	RobertMitchum	53	AGE53	9220	9219_RobertMitchum_53_m
238	RobertMitchum	52	AGE52	9229	9228_RobertMitchum_52_m
238	RobertMitchum	55	AGE55	9236	9235_RobertMitchum_55_m
238	RobertMitchum	75	AGE75	9226	9225_RobertMitchum_75_m
238	RobertMitchum	45	AGE45	9209	9208_RobertMitchum_45_m
238	RobertMitchum	45	AGE45	9215	9214_RobertMitchum_45_m
239	RoseMarie	80	AGE80	9907	9906_RoseMarie_80_f
239	RoseMarie	88	AGE88	9912	9911_RoseMarie_88_f
239	RoseMarie	79	AGE79	9906	9905_RoseMarie_79_f
239	RoseMarie	87	AGE87	9911	9910_RoseMarie_87_f
239	RoseMarie	50	AGE50	9900	9899_RoseMarie_50_f
239	RoseMarie	42	AGE42	9897	9896_RoseMarie_42_f
239	RoseMarie	83	AGE83	9909	9908_RoseMarie_83_f
239	RoseMarie	46	AGE46	9899	9898_RoseMarie_46_f
239	RoseMarie	44	AGE44	9898	9897_RoseMarie_44_f
239	RoseMarie	78	AGE78	9905	9904_RoseMarie_78_f
239	RoseMarie	35	AGE35	9894	9893_RoseMarie_35_f
239	RoseMarie	37	AGE37	9895	9894_RoseMarie_37_f
239	RoseMarie	40	AGE40	9896	9895_RoseMarie_40_f
239	RoseMarie	57	AGE57	9902	9901_RoseMarie_57_f
239	RoseMarie	77	AGE77	9904	9903_RoseMarie_77_f
239	RoseMarie	85	AGE85	9910	9909_RoseMarie_85_f
239	RoseMarie	82	AGE82	9908	9907_RoseMarie_82_f
239	RoseMarie	30	AGE30	9893	9892_RoseMarie_30_f
239	RoseMarie	70	AGE70	9903	9902_RoseMarie_70_f
239	RoseMarie	52	AGE52	9901	9900_RoseMarie_52_f
240	ErrolFlynn	41	AGE41	6286	6285_ErrolFlynn_41_m
240	ErrolFlynn	33	AGE33	6283	6282_ErrolFlynn_33_m
240	ErrolFlynn	37	AGE37	6267	6266_ErrolFlynn_37_m
240	ErrolFlynn	43	AGE43	6273	6272_ErrolFlynn_43_m
240	ErrolFlynn	38	AGE38	6293	6292_ErrolFlynn_38_m
240	ErrolFlynn	50	AGE50	6280	6279_ErrolFlynn_50_m
240	ErrolFlynn	42	AGE42	6296	6295_ErrolFlynn_42_m
240	ErrolFlynn	29	AGE29	6274	6273_ErrolFlynn_29_m
240	ErrolFlynn	39	AGE39	6287	6286_ErrolFlynn_39_m
240	ErrolFlynn	41	AGE41	6279	6278_ErrolFlynn_41_m
240	ErrolFlynn	28	AGE28	6292	6291_ErrolFlynn_28_m
240	ErrolFlynn	26	AGE26	6270	6269_ErrolFlynn_26_m
240	ErrolFlynn	45	AGE45	6269	6268_ErrolFlynn_45_m
240	ErrolFlynn	24	AGE24	6288	6287_ErrolFlynn_24_m
240	ErrolFlynn	32	AGE32	6295	6294_ErrolFlynn_32_m
240	ErrolFlynn	40	AGE40	6290	6289_ErrolFlynn_40_m
240	ErrolFlynn	37	AGE37	6297	6296_ErrolFlynn_37_m
240	ErrolFlynn	31	AGE31	6284	6283_ErrolFlynn_31_m
240	ErrolFlynn	34	AGE34	6277	6276_ErrolFlynn_34_m
240	ErrolFlynn	23	AGE23	6294	6293_ErrolFlynn_23_m
240	ErrolFlynn	32	AGE32	6276	6275_ErrolFlynn_32_m
240	ErrolFlynn	38	AGE38	6278	6277_ErrolFlynn_38_m
240	ErrolFlynn	30	AGE30	6282	6281_ErrolFlynn_30_m
240	ErrolFlynn	31	AGE31	6275	6274_ErrolFlynn_31_m
240	ErrolFlynn	28	AGE28	6272	6271_ErrolFlynn_28_m
240	ErrolFlynn	27	AGE27	6271	6270_ErrolFlynn_27_m
240	ErrolFlynn	23	AGE23	6289	6288_ErrolFlynn_23_m
240	ErrolFlynn	31	AGE31	6266	6265_ErrolFlynn_31_m
240	ErrolFlynn	35	AGE35	6268	6267_ErrolFlynn_35_m
240	ErrolFlynn	30	AGE30	6291	6290_ErrolFlynn_30_m
240	ErrolFlynn	27	AGE27	6281	6280_ErrolFlynn_27_m
240	ErrolFlynn	34	AGE34	6285	6284_ErrolFlynn_34_m
241	SeanConnery	32	AGE32	3794	3793_SeanConnery_32_m
241	SeanConnery	18	AGE18	3789	3788_SeanConnery_18_m
241	SeanConnery	40	AGE40	3791	3790_SeanConnery_40_m
241	SeanConnery	74	AGE74	3784	3783_SeanConnery_74_m
241	SeanConnery	41	AGE41	3787	3786_SeanConnery_41_m
241	SeanConnery	82	AGE82	3797	3796_SeanConnery_82_m
241	SeanConnery	78	AGE78	3785	3784_SeanConnery_78_m
241	SeanConnery	36	AGE36	3780	3779_SeanConnery_36_m
241	SeanConnery	32	AGE32	3778	3777_SeanConnery_32_m
241	SeanConnery	60	AGE60	3788	3787_SeanConnery_60_m
241	SeanConnery	61	AGE61	3795	3794_SeanConnery_61_m
241	SeanConnery	57	AGE57	3783	3782_SeanConnery_57_m
241	SeanConnery	67	AGE67	3796	3795_SeanConnery_67_m
241	SeanConnery	52	AGE52	3792	3791_SeanConnery_52_m
241	SeanConnery	49	AGE49	3781	3780_SeanConnery_49_m
241	SeanConnery	66	AGE66	3782	3781_SeanConnery_66_m
241	SeanConnery	43	AGE43	3786	3785_SeanConnery_43_m
241	SeanConnery	45	AGE45	3790	3789_SeanConnery_45_m
241	SeanConnery	34	AGE34	3779	3778_SeanConnery_34_m
241	SeanConnery	77	AGE77	3793	3792_SeanConnery_77_m
242	AvaGardner	58	AGE58	13333	13332_AvaGardner_58_f
242	AvaGardner	24	AGE24	13338	13337_AvaGardner_24_f
242	AvaGardner	55	AGE55	13336	13335_AvaGardner_55_f
242	AvaGardner	50	AGE50	13331	13330_AvaGardner_50_f
242	AvaGardner	25	AGE25	13320	13319_AvaGardner_25_f
242	AvaGardner	55	AGE55	13344	13343_AvaGardner_55_f
242	AvaGardner	35	AGE35	13342	13341_AvaGardner_35_f
242	AvaGardner	25	AGE25	13326	13325_AvaGardner_25_f
242	AvaGardner	44	AGE44	13343	13342_AvaGardner_44_f
242	AvaGardner	28	AGE28	13330	13329_AvaGardner_28_f
242	AvaGardner	22	AGE22	13322	13321_AvaGardner_22_f
242	AvaGardner	63	AGE63	13329	13328_AvaGardner_63_f
242	AvaGardner	23	AGE23	13340	13339_AvaGardner_23_f
242	AvaGardner	17	AGE17	13335	13334_AvaGardner_17_f
242	AvaGardner	23	AGE23	13324	13323_AvaGardner_23_f
242	AvaGardner	54	AGE54	13337	13336_AvaGardner_54_f
242	AvaGardner	22	AGE22	13334	13333_AvaGardner_22_f
242	AvaGardner	29	AGE29	13327	13326_AvaGardner_29_f
242	AvaGardner	19	AGE19	13339	13338_AvaGardner_19_f
242	AvaGardner	13	AGE13	13321	13320_AvaGardner_13_f
242	AvaGardner	24	AGE24	13325	13324_AvaGardner_24_f
242	AvaGardner	34	AGE34	13328	13327_AvaGardner_34_f
242	AvaGardner	19	AGE19	13341	13340_AvaGardner_19_f
242	AvaGardner	55	AGE55	13332	13331_AvaGardner_55_f
242	AvaGardner	36	AGE36	13319	13318_AvaGardner_36_f
242	AvaGardner	42	AGE42	13323	13322_AvaGardner_42_f
243	Dench	71	AGE71	16366	16365_Dench_71_f
243	Dench	81	AGE81	16354	16353_Dench_81_f
243	Dench	74	AGE74	16365	16364_Dench_74_f
243	Dench	73	AGE73	16364	16363_Dench_73_f
243	Dench	66	AGE66	16352	16351_Dench_66_f
243	Dench	58	AGE58	16355	16354_Dench_58_f
243	Dench	78	AGE78	16357	16356_Dench_78_f
243	Dench	77	AGE77	16361	16360_Dench_77_f
243	Dench	57	AGE57	16353	16352_Dench_57_f
243	Dench	67	AGE67	16370	16369_Dench_67_f
243	Dench	79	AGE79	16369	16368_Dench_79_f
243	Dench	83	AGE83	16351	16350_Dench_83_f
243	Dench	65	AGE65	16367	16366_Dench_65_f
243	Dench	79	AGE79	16356	16355_Dench_79_f
243	Dench	78	AGE78	16358	16357_Dench_78_f
243	Dench	67	AGE67	16359	16358_Dench_67_f
243	Dench	70	AGE70	16362	16361_Dench_70_f
243	Dench	70	AGE70	16363	16362_Dench_70_f
243	Dench	78	AGE78	16368	16367_Dench_78_f
244	JeffGoldblum	52	AGE52	4664	4663_JeffGoldblum_52_m
244	JeffGoldblum	22	AGE22	4647	4646_JeffGoldblum_22_m
244	JeffGoldblum	56	AGE56	4667	4666_JeffGoldblum_56_m
244	JeffGoldblum	46	AGE46	4660	4659_JeffGoldblum_46_m
244	JeffGoldblum	45	AGE45	4659	4658_JeffGoldblum_45_m
244	JeffGoldblum	47	AGE47	4661	4660_JeffGoldblum_47_m
244	JeffGoldblum	36	AGE36	4654	4653_JeffGoldblum_36_m
244	JeffGoldblum	31	AGE31	4650	4649_JeffGoldblum_31_m
244	JeffGoldblum	41	AGE41	4657	4656_JeffGoldblum_41_m
244	JeffGoldblum	57	AGE57	4668	4667_JeffGoldblum_57_m
244	JeffGoldblum	40	AGE40	4656	4655_JeffGoldblum_40_m
244	JeffGoldblum	54	AGE54	4665	4664_JeffGoldblum_54_m
244	JeffGoldblum	20	AGE20	4646	4645_JeffGoldblum_20_m
244	JeffGoldblum	55	AGE55	4666	4665_JeffGoldblum_55_m
244	JeffGoldblum	24	AGE24	4648	4647_JeffGoldblum_24_m
244	JeffGoldblum	62	AGE62	4671	4670_JeffGoldblum_62_m
244	JeffGoldblum	49	AGE49	4663	4662_JeffGoldblum_49_m
244	JeffGoldblum	35	AGE35	4653	4652_JeffGoldblum_35_m
244	JeffGoldblum	59	AGE59	4670	4669_JeffGoldblum_59_m
244	JeffGoldblum	29	AGE29	4649	4648_JeffGoldblum_29_m
244	JeffGoldblum	48	AGE48	4662	4661_JeffGoldblum_48_m
244	JeffGoldblum	44	AGE44	4658	4657_JeffGoldblum_44_m
244	JeffGoldblum	18	AGE18	4645	4644_JeffGoldblum_18_m
244	JeffGoldblum	37	AGE37	4655	4654_JeffGoldblum_37_m
244	JeffGoldblum	26	AGE26	4651	4650_JeffGoldblum_26_m
244	JeffGoldblum	34	AGE34	4652	4651_JeffGoldblum_34_m
244	JeffGoldblum	58	AGE58	4669	4668_JeffGoldblum_58_m
245	RichardBoone	58	AGE58	7523	7522_RichardBoone_58_m
245	RichardBoone	47	AGE47	7516	7515_RichardBoone_47_m
245	RichardBoone	50	AGE50	7518	7517_RichardBoone_50_m
245	RichardBoone	32	AGE32	7499	7498_RichardBoone_32_m
245	RichardBoone	49	AGE49	7517	7516_RichardBoone_49_m
245	RichardBoone	34	AGE34	7501	7500_RichardBoone_34_m
245	RichardBoone	59	AGE59	7524	7523_RichardBoone_59_m
245	RichardBoone	42	AGE42	7510	7509_RichardBoone_42_m
245	RichardBoone	46	AGE46	7515	7514_RichardBoone_46_m
245	RichardBoone	63	AGE63	7527	7526_RichardBoone_63_m
245	RichardBoone	39	AGE39	7506	7505_RichardBoone_39_m
245	RichardBoone	44	AGE44	7513	7512_RichardBoone_44_m
245	RichardBoone	35	AGE35	7502	7501_RichardBoone_35_m
245	RichardBoone	57	AGE57	7522	7521_RichardBoone_57_m
245	RichardBoone	55	AGE55	7521	7520_RichardBoone_55_m
245	RichardBoone	37	AGE37	7504	7503_RichardBoone_37_m
245	RichardBoone	41	AGE41	7508	7507_RichardBoone_41_m
245	RichardBoone	33	AGE33	7500	7499_RichardBoone_33_m
245	RichardBoone	60	AGE60	7525	7524_RichardBoone_60_m
245	RichardBoone	45	AGE45	7514	7513_RichardBoone_45_m
245	RichardBoone	38	AGE38	7505	7504_RichardBoone_38_m
245	RichardBoone	40	AGE40	7507	7506_RichardBoone_40_m
245	RichardBoone	41	AGE41	7509	7508_RichardBoone_41_m
245	RichardBoone	53	AGE53	7520	7519_RichardBoone_53_m
245	RichardBoone	36	AGE36	7503	7502_RichardBoone_36_m
245	RichardBoone	61	AGE61	7526	7525_RichardBoone_61_m
245	RichardBoone	43	AGE43	7512	7511_RichardBoone_43_m
245	RichardBoone	31	AGE31	7498	7497_RichardBoone_31_m
245	RichardBoone	51	AGE51	7519	7518_RichardBoone_51_m
245	RichardBoone	43	AGE43	7511	7510_RichardBoone_43_m
246	LeifErickson	27	AGE27	7276	7275_LeifErickson_27_m
246	LeifErickson	46	AGE46	7287	7286_LeifErickson_46_m
246	LeifErickson	62	AGE62	7299	7298_LeifErickson_62_m
246	LeifErickson	63	AGE63	7300	7299_LeifErickson_63_m
246	LeifErickson	49	AGE49	7289	7288_LeifErickson_49_m
246	LeifErickson	47	AGE47	7288	7287_LeifErickson_47_m
246	LeifErickson	26	AGE26	7275	7274_LeifErickson_26_m
246	LeifErickson	35	AGE35	7283	7282_LeifErickson_35_m
246	LeifErickson	32	AGE32	7281	7280_LeifErickson_32_m
246	LeifErickson	51	AGE51	7290	7289_LeifErickson_51_m
246	LeifErickson	65	AGE65	7302	7301_LeifErickson_65_m
246	LeifErickson	66	AGE66	7303	7302_LeifErickson_66_m
246	LeifErickson	59	AGE59	7296	7295_LeifErickson_59_m
246	LeifErickson	64	AGE64	7301	7300_LeifErickson_64_m
246	LeifErickson	61	AGE61	7298	7297_LeifErickson_61_m
246	LeifErickson	52	AGE52	7291	7290_LeifErickson_52_m
246	LeifErickson	58	AGE58	7295	7294_LeifErickson_58_m
246	LeifErickson	54	AGE54	7292	7291_LeifErickson_54_m
246	LeifErickson	28	AGE28	7280	7279_LeifErickson_28_m
246	LeifErickson	37	AGE37	7284	7283_LeifErickson_37_m
246	LeifErickson	40	AGE40	7285	7284_LeifErickson_40_m
246	LeifErickson	57	AGE57	7294	7293_LeifErickson_57_m
246	LeifErickson	30	AGE30	7278	7277_LeifErickson_30_m
246	LeifErickson	31	AGE31	7279	7278_LeifErickson_31_m
246	LeifErickson	44	AGE44	7286	7285_LeifErickson_44_m
246	LeifErickson	34	AGE34	7282	7281_LeifErickson_34_m
246	LeifErickson	25	AGE25	7274	7273_LeifErickson_25_m
246	LeifErickson	60	AGE60	7297	7296_LeifErickson_60_m
246	LeifErickson	24	AGE24	7273	7272_LeifErickson_24_m
246	LeifErickson	56	AGE56	7293	7292_LeifErickson_56_m
246	LeifErickson	23	AGE23	7272	7271_LeifErickson_23_m
246	LeifErickson	29	AGE29	7277	7276_LeifErickson_29_m
247	MichaelYork	35	AGE35	3571	3570_MichaelYork_35_m
247	MichaelYork	50	AGE50	3580	3579_MichaelYork_50_m
247	MichaelYork	23	AGE23	3558	3557_MichaelYork_23_m
247	MichaelYork	34	AGE34	3569	3568_MichaelYork_34_m
247	MichaelYork	24	AGE24	3559	3558_MichaelYork_24_m
247	MichaelYork	68	AGE68	3596	3595_MichaelYork_68_m
247	MichaelYork	57	AGE57	3586	3585_MichaelYork_57_m
247	MichaelYork	25	AGE25	3560	3559_MichaelYork_25_m
247	MichaelYork	36	AGE36	3572	3571_MichaelYork_36_m
247	MichaelYork	61	AGE61	3590	3589_MichaelYork_61_m
247	MichaelYork	34	AGE34	3570	3569_MichaelYork_34_m
247	MichaelYork	46	AGE46	3577	3576_MichaelYork_46_m
247	MichaelYork	65	AGE65	3594	3593_MichaelYork_65_m
247	MichaelYork	29	AGE29	3564	3563_MichaelYork_29_m
247	MichaelYork	60	AGE60	3589	3588_MichaelYork_60_m
247	MichaelYork	28	AGE28	3563	3562_MichaelYork_28_m
247	MichaelYork	59	AGE59	3588	3587_MichaelYork_59_m
247	MichaelYork	30	AGE30	3565	3564_MichaelYork_30_m
247	MichaelYork	42	AGE42	3575	3574_MichaelYork_42_m
247	MichaelYork	51	AGE51	3581	3580_MichaelYork_51_m
247	MichaelYork	41	AGE41	3574	3573_MichaelYork_41_m
247	MichaelYork	52	AGE52	3582	3581_MichaelYork_52_m
247	MichaelYork	47	AGE47	3578	3577_MichaelYork_47_m
247	MichaelYork	63	AGE63	3592	3591_MichaelYork_63_m
247	MichaelYork	68	AGE68	3595	3594_MichaelYork_68_m
247	MichaelYork	27	AGE27	3562	3561_MichaelYork_27_m
247	MichaelYork	49	AGE49	3579	3578_MichaelYork_49_m
247	MichaelYork	64	AGE64	3593	3592_MichaelYork_64_m
247	MichaelYork	56	AGE56	3585	3584_MichaelYork_56_m
247	MichaelYork	57	AGE57	3587	3586_MichaelYork_57_m
247	MichaelYork	26	AGE26	3561	3560_MichaelYork_26_m
247	MichaelYork	31	AGE31	3566	3565_MichaelYork_31_m
247	MichaelYork	54	AGE54	3584	3583_MichaelYork_54_m
247	MichaelYork	44	AGE44	3576	3575_MichaelYork_44_m
247	MichaelYork	37	AGE37	3573	3572_MichaelYork_37_m
247	MichaelYork	32	AGE32	3567	3566_MichaelYork_32_m
247	MichaelYork	13	AGE13	3557	3556_MichaelYork_13_m
247	MichaelYork	53	AGE53	3583	3582_MichaelYork_53_m
247	MichaelYork	33	AGE33	3568	3567_MichaelYork_33_m
247	MichaelYork	62	AGE62	3591	3590_MichaelYork_62_m
247	MichaelYork	70	AGE70	3597	3596_MichaelYork_70_m
248	MartinScorsese	64	AGE64	5466	5465_MartinScorsese_64_m
248	MartinScorsese	38	AGE38	5454	5453_MartinScorsese_38_m
248	MartinScorsese	70	AGE70	5470	5469_MartinScorsese_70_m
248	MartinScorsese	27	AGE27	5476	5475_MartinScorsese_27_m
248	MartinScorsese	42	AGE42	5455	5454_MartinScorsese_42_m
248	MartinScorsese	40	AGE40	5447	5446_MartinScorsese_40_m
248	MartinScorsese	66	AGE66	5468	5467_MartinScorsese_66_m
248	MartinScorsese	59	AGE59	5477	5476_MartinScorsese_59_m
248	MartinScorsese	36	AGE36	5478	5477_MartinScorsese_36_m
248	MartinScorsese	62	AGE62	5464	5463_MartinScorsese_62_m
248	MartinScorsese	71	AGE71	5471	5470_MartinScorsese_71_m
248	MartinScorsese	54	AGE54	5459	5458_MartinScorsese_54_m
248	MartinScorsese	61	AGE61	5463	5462_MartinScorsese_61_m
248	MartinScorsese	35	AGE35	5453	5452_MartinScorsese_35_m
248	MartinScorsese	55	AGE55	5450	5449_MartinScorsese_55_m
248	MartinScorsese	65	AGE65	5467	5466_MartinScorsese_65_m
248	MartinScorsese	47	AGE47	5457	5456_MartinScorsese_47_m
248	MartinScorsese	60	AGE60	5462	5461_MartinScorsese_60_m
248	MartinScorsese	57	AGE57	5460	5459_MartinScorsese_57_m
248	MartinScorsese	72	AGE72	5472	5471_MartinScorsese_72_m
248	MartinScorsese	51	AGE51	5458	5457_MartinScorsese_51_m
248	MartinScorsese	31	AGE31	5452	5451_MartinScorsese_31_m
248	MartinScorsese	63	AGE63	5465	5464_MartinScorsese_63_m
248	MartinScorsese	41	AGE41	5475	5474_MartinScorsese_41_m
248	MartinScorsese	50	AGE50	5473	5472_MartinScorsese_50_m
248	MartinScorsese	67	AGE67	5469	5468_MartinScorsese_67_m
248	MartinScorsese	21	AGE21	5449	5448_MartinScorsese_21_m
248	MartinScorsese	25	AGE25	5451	5450_MartinScorsese_25_m
248	MartinScorsese	34	AGE34	5448	5447_MartinScorsese_34_m
248	MartinScorsese	58	AGE58	5461	5460_MartinScorsese_58_m
248	MartinScorsese	39	AGE39	5474	5473_MartinScorsese_39_m
248	MartinScorsese	45	AGE45	5456	5455_MartinScorsese_45_m
249	LivUllmann	66	AGE66	10265	10264_LivUllmann_66_f
249	LivUllmann	72	AGE72	10269	10268_LivUllmann_72_f
249	LivUllmann	75	AGE75	10270	10269_LivUllmann_75_f
249	LivUllmann	39	AGE39	10255	10254_LivUllmann_39_f
249	LivUllmann	46	AGE46	10258	10257_LivUllmann_46_f
249	LivUllmann	35	AGE35	10251	10250_LivUllmann_35_f
249	LivUllmann	52	AGE52	10261	10260_LivUllmann_52_f
249	LivUllmann	62	AGE62	10264	10263_LivUllmann_62_f
249	LivUllmann	33	AGE33	10249	10248_LivUllmann_33_f
249	LivUllmann	31	AGE31	10248	10247_LivUllmann_31_f
249	LivUllmann	69	AGE69	10267	10266_LivUllmann_69_f
249	LivUllmann	38	AGE38	10254	10253_LivUllmann_38_f
249	LivUllmann	34	AGE34	10250	10249_LivUllmann_34_f
249	LivUllmann	41	AGE41	10257	10256_LivUllmann_41_f
249	LivUllmann	30	AGE30	10247	10246_LivUllmann_30_f
249	LivUllmann	37	AGE37	10253	10252_LivUllmann_37_f
249	LivUllmann	24	AGE24	10245	10244_LivUllmann_24_f
249	LivUllmann	51	AGE51	10260	10259_LivUllmann_51_f
249	LivUllmann	71	AGE71	10268	10267_LivUllmann_71_f
249	LivUllmann	36	AGE36	10252	10251_LivUllmann_36_f
249	LivUllmann	29	AGE29	10246	10245_LivUllmann_29_f
249	LivUllmann	53	AGE53	10262	10261_LivUllmann_53_f
249	LivUllmann	54	AGE54	10271	10270_LivUllmann_54_f
249	LivUllmann	40	AGE40	10256	10255_LivUllmann_40_f
249	LivUllmann	47	AGE47	10259	10258_LivUllmann_47_f
249	LivUllmann	58	AGE58	10263	10262_LivUllmann_58_f
249	LivUllmann	19	AGE19	10244	10243_LivUllmann_19_f
249	LivUllmann	67	AGE67	10266	10265_LivUllmann_67_f
250	IsabelleHuppert	34	AGE34	12655	12654_IsabelleHuppert_34_f
250	IsabelleHuppert	32	AGE32	12654	12653_IsabelleHuppert_32_f
250	IsabelleHuppert	43	AGE43	12662	12661_IsabelleHuppert_43_f
250	IsabelleHuppert	26	AGE26	12649	12648_IsabelleHuppert_26_f
250	IsabelleHuppert	60	AGE60	12671	12670_IsabelleHuppert_60_f
250	IsabelleHuppert	20	AGE20	12642	12641_IsabelleHuppert_20_f
250	IsabelleHuppert	39	AGE39	12660	12659_IsabelleHuppert_39_f
250	IsabelleHuppert	29	AGE29	12652	12651_IsabelleHuppert_29_f
250	IsabelleHuppert	23	AGE23	12646	12645_IsabelleHuppert_23_f
250	IsabelleHuppert	51	AGE51	12667	12666_IsabelleHuppert_51_f
250	IsabelleHuppert	44	AGE44	12663	12662_IsabelleHuppert_44_f
250	IsabelleHuppert	18	AGE18	12641	12640_IsabelleHuppert_18_f
250	IsabelleHuppert	20	AGE20	12643	12642_IsabelleHuppert_20_f
250	IsabelleHuppert	45	AGE45	12664	12663_IsabelleHuppert_45_f
250	IsabelleHuppert	38	AGE38	12659	12658_IsabelleHuppert_38_f
250	IsabelleHuppert	42	AGE42	12661	12660_IsabelleHuppert_42_f
250	IsabelleHuppert	35	AGE35	12656	12655_IsabelleHuppert_35_f
250	IsabelleHuppert	58	AGE58	12669	12668_IsabelleHuppert_58_f
250	IsabelleHuppert	37	AGE37	12658	12657_IsabelleHuppert_37_f
250	IsabelleHuppert	24	AGE24	12647	12646_IsabelleHuppert_24_f
250	IsabelleHuppert	36	AGE36	12657	12656_IsabelleHuppert_36_f
250	IsabelleHuppert	48	AGE48	12666	12665_IsabelleHuppert_48_f
250	IsabelleHuppert	57	AGE57	12668	12667_IsabelleHuppert_57_f
250	IsabelleHuppert	46	AGE46	12665	12664_IsabelleHuppert_46_f
250	IsabelleHuppert	30	AGE30	12653	12652_IsabelleHuppert_30_f
250	IsabelleHuppert	22	AGE22	12644	12643_IsabelleHuppert_22_f
250	IsabelleHuppert	27	AGE27	12650	12649_IsabelleHuppert_27_f
250	IsabelleHuppert	59	AGE59	12670	12669_IsabelleHuppert_59_f
250	IsabelleHuppert	25	AGE25	12648	12647_IsabelleHuppert_25_f
250	IsabelleHuppert	28	AGE28	12651	12650_IsabelleHuppert_28_f
250	IsabelleHuppert	22	AGE22	12645	12644_IsabelleHuppert_22_f
251	St╨ТphaneAudran	73	AGE73	15894	15893_St╨ТphaneAudran_73_f
251	St╨ТphaneAudran	48	AGE48	15876	15875_St╨ТphaneAudran_48_f
251	St╨ТphaneAudran	52	AGE52	15880	15879_St╨ТphaneAudran_52_f
251	St╨ТphaneAudran	67	AGE67	15890	15889_St╨ТphaneAudran_67_f
251	St╨ТphaneAudran	38	AGE38	15867	15866_St╨ТphaneAudran_38_f
251	St╨ТphaneAudran	42	AGE42	15871	15870_St╨ТphaneAudran_42_f
251	St╨ТphaneAudran	31	AGE31	15861	15860_St╨ТphaneAudran_31_f
251	St╨ТphaneAudran	49	AGE49	15877	15876_St╨ТphaneAudran_49_f
251	St╨ТphaneAudran	43	AGE43	15872	15871_St╨ТphaneAudran_43_f
251	St╨ТphaneAudran	26	AGE26	15856	15855_St╨ТphaneAudran_26_f
251	St╨ТphaneAudran	64	AGE64	15889	15888_St╨ТphaneAudran_64_f
251	St╨ТphaneAudran	40	AGE40	15869	15868_St╨ТphaneAudran_40_f
251	St╨ТphaneAudran	39	AGE39	15868	15867_St╨ТphaneAudran_39_f
251	St╨ТphaneAudran	47	AGE47	15875	15874_St╨ТphaneAudran_47_f
251	St╨ТphaneAudran	37	AGE37	15866	15865_St╨ТphaneAudran_37_f
251	St╨ТphaneAudran	53	AGE53	15881	15880_St╨ТphaneAudran_53_f
251	St╨ТphaneAudran	25	AGE25	15855	15854_St╨ТphaneAudran_25_f
251	St╨ТphaneAudran	50	AGE50	15878	15877_St╨ТphaneAudran_50_f
251	St╨ТphaneAudran	30	AGE30	15860	15859_St╨ТphaneAudran_30_f
251	St╨ТphaneAudran	45	AGE45	15874	15873_St╨ТphaneAudran_45_f
251	St╨ТphaneAudran	36	AGE36	15865	15864_St╨ТphaneAudran_36_f
251	St╨ТphaneAudran	62	AGE62	15887	15886_St╨ТphaneAudran_62_f
251	St╨ТphaneAudran	57	AGE57	15884	15883_St╨ТphaneAudran_57_f
251	St╨ТphaneAudran	70	AGE70	15893	15892_St╨ТphaneAudran_70_f
251	St╨ТphaneAudran	33	AGE33	15862	15861_St╨ТphaneAudran_33_f
251	St╨ТphaneAudran	22	AGE22	15852	15851_St╨ТphaneAudran_22_f
251	St╨ТphaneAudran	23	AGE23	15853	15852_St╨ТphaneAudran_23_f
251	St╨ТphaneAudran	27	AGE27	15857	15856_St╨ТphaneAudran_27_f
251	St╨ТphaneAudran	35	AGE35	15864	15863_St╨ТphaneAudran_35_f
251	St╨ТphaneAudran	28	AGE28	15858	15857_St╨ТphaneAudran_28_f
251	St╨ТphaneAudran	55	AGE55	15882	15881_St╨ТphaneAudran_55_f
251	St╨ТphaneAudran	69	AGE69	15892	15891_St╨ТphaneAudran_69_f
251	St╨ТphaneAudran	41	AGE41	15870	15869_St╨ТphaneAudran_41_f
251	St╨ТphaneAudran	75	AGE75	15895	15894_St╨ТphaneAudran_75_f
251	St╨ТphaneAudran	56	AGE56	15883	15882_St╨ТphaneAudran_56_f
251	St╨ТphaneAudran	59	AGE59	15885	15884_St╨ТphaneAudran_59_f
251	St╨ТphaneAudran	60	AGE60	15886	15885_St╨ТphaneAudran_60_f
251	St╨ТphaneAudran	51	AGE51	15879	15878_St╨ТphaneAudran_51_f
251	St╨ТphaneAudran	68	AGE68	15891	15890_St╨ТphaneAudran_68_f
251	St╨ТphaneAudran	29	AGE29	15859	15858_St╨ТphaneAudran_29_f
251	St╨ТphaneAudran	44	AGE44	15873	15872_St╨ТphaneAudran_44_f
251	St╨ТphaneAudran	63	AGE63	15888	15887_St╨ТphaneAudran_63_f
251	St╨ТphaneAudran	76	AGE76	15896	15895_St╨ТphaneAudran_76_f
251	St╨ТphaneAudran	34	AGE34	15863	15862_St╨ТphaneAudran_34_f
252	ErnestRutherford	38	AGE38	1190	1189_ErnestRutherford_38_m
252	ErnestRutherford	14	AGE14	1191	1190_ErnestRutherford_14_m
252	ErnestRutherford	63	AGE63	1196	1195_ErnestRutherford_63_m
252	ErnestRutherford	63	AGE63	1201	1200_ErnestRutherford_63_m
252	ErnestRutherford	45	AGE45	1203	1202_ErnestRutherford_45_m
252	ErnestRutherford	21	AGE21	1188	1187_ErnestRutherford_21_m
252	ErnestRutherford	37	AGE37	1185	1184_ErnestRutherford_37_m
252	ErnestRutherford	62	AGE62	1189	1188_ErnestRutherford_62_m
252	ErnestRutherford	60	AGE60	1194	1193_ErnestRutherford_60_m
252	ErnestRutherford	43	AGE43	1197	1196_ErnestRutherford_43_m
252	ErnestRutherford	44	AGE44	1200	1199_ErnestRutherford_44_m
252	ErnestRutherford	28	AGE28	1179	1178_ErnestRutherford_28_m
252	ErnestRutherford	58	AGE58	1195	1194_ErnestRutherford_58_m
252	ErnestRutherford	58	AGE58	1198	1197_ErnestRutherford_58_m
252	ErnestRutherford	27	AGE27	1183	1182_ErnestRutherford_27_m
252	ErnestRutherford	60	AGE60	1187	1186_ErnestRutherford_60_m
252	ErnestRutherford	23	AGE23	1181	1180_ErnestRutherford_23_m
252	ErnestRutherford	39	AGE39	1186	1185_ErnestRutherford_39_m
252	ErnestRutherford	37	AGE37	1202	1201_ErnestRutherford_37_m
252	ErnestRutherford	40	AGE40	1193	1192_ErnestRutherford_40_m
252	ErnestRutherford	30	AGE30	1192	1191_ErnestRutherford_30_m
252	ErnestRutherford	37	AGE37	1199	1198_ErnestRutherford_37_m
252	ErnestRutherford	25	AGE25	1182	1181_ErnestRutherford_25_m
253	HarrisonFord	51	AGE51	4173	4172_HarrisonFord_51_m
253	HarrisonFord	66	AGE66	4177	4176_HarrisonFord_66_m
253	HarrisonFord	40	AGE40	4180	4179_HarrisonFord_40_m
253	HarrisonFord	43	AGE43	4171	4170_HarrisonFord_43_m
253	HarrisonFord	43	AGE43	4170	4169_HarrisonFord_43_m
253	HarrisonFord	68	AGE68	4178	4177_HarrisonFord_68_m
253	HarrisonFord	63	AGE63	4179	4178_HarrisonFord_63_m
253	HarrisonFord	32	AGE32	4166	4165_HarrisonFord_32_m
253	HarrisonFord	55	AGE55	4174	4173_HarrisonFord_55_m
253	HarrisonFord	58	AGE58	4176	4175_HarrisonFord_58_m
253	HarrisonFord	42	AGE42	4169	4168_HarrisonFord_42_m
253	HarrisonFord	56	AGE56	4175	4174_HarrisonFord_56_m
253	HarrisonFord	47	AGE47	4172	4171_HarrisonFord_47_m
253	HarrisonFord	39	AGE39	4168	4167_HarrisonFord_39_m
253	HarrisonFord	35	AGE35	4167	4166_HarrisonFord_35_m
254	Thanasisveggos	42	AGE42	9418	9417_Thanasisveggos_42_m
254	Thanasisveggos	40	AGE40	9411	9410_Thanasisveggos_40_m
254	Thanasisveggos	37	AGE37	9419	9418_Thanasisveggos_37_m
254	Thanasisveggos	43	AGE43	9409	9408_Thanasisveggos_43_m
254	Thanasisveggos	80	AGE80	9414	9413_Thanasisveggos_80_m
254	Thanasisveggos	25	AGE25	9408	9407_Thanasisveggos_25_m
254	Thanasisveggos	38	AGE38	9410	9409_Thanasisveggos_38_m
254	Thanasisveggos	29	AGE29	9422	9421_Thanasisveggos_29_m
254	Thanasisveggos	49	AGE49	9413	9412_Thanasisveggos_49_m
254	Thanasisveggos	68	AGE68	9421	9420_Thanasisveggos_68_m
254	Thanasisveggos	33	AGE33	9424	9423_Thanasisveggos_33_m
254	Thanasisveggos	32	AGE32	9415	9414_Thanasisveggos_32_m
254	Thanasisveggos	65	AGE65	9423	9422_Thanasisveggos_65_m
254	Thanasisveggos	35	AGE35	9420	9419_Thanasisveggos_35_m
254	Thanasisveggos	38	AGE38	9417	9416_Thanasisveggos_38_m
254	Thanasisveggos	27	AGE27	9416	9415_Thanasisveggos_27_m
254	Thanasisveggos	43	AGE43	9412	9411_Thanasisveggos_43_m
255	NickNolte	53	AGE53	2203	2202_NickNolte_53_m
255	NickNolte	72	AGE72	2221	2220_NickNolte_72_m
255	NickNolte	34	AGE34	2185	2184_NickNolte_34_m
255	NickNolte	67	AGE67	2216	2215_NickNolte_67_m
255	NickNolte	50	AGE50	2200	2199_NickNolte_50_m
255	NickNolte	42	AGE42	2192	2191_NickNolte_42_m
255	NickNolte	36	AGE36	2187	2186_NickNolte_36_m
255	NickNolte	70	AGE70	2219	2218_NickNolte_70_m
255	NickNolte	49	AGE49	2199	2198_NickNolte_49_m
255	NickNolte	46	AGE46	2196	2195_NickNolte_46_m
255	NickNolte	68	AGE68	2217	2216_NickNolte_68_m
255	NickNolte	33	AGE33	2184	2183_NickNolte_33_m
255	NickNolte	71	AGE71	2220	2219_NickNolte_71_m
255	NickNolte	57	AGE57	2207	2206_NickNolte_57_m
255	NickNolte	35	AGE35	2186	2185_NickNolte_35_m
255	NickNolte	48	AGE48	2197	2196_NickNolte_48_m
255	NickNolte	55	AGE55	2205	2204_NickNolte_55_m
255	NickNolte	58	AGE58	2208	2207_NickNolte_58_m
255	NickNolte	56	AGE56	2206	2205_NickNolte_56_m
255	NickNolte	64	AGE64	2214	2213_NickNolte_64_m
255	NickNolte	69	AGE69	2218	2217_NickNolte_69_m
255	NickNolte	37	AGE37	2188	2187_NickNolte_37_m
255	NickNolte	66	AGE66	2215	2214_NickNolte_66_m
255	NickNolte	45	AGE45	2195	2194_NickNolte_45_m
255	NickNolte	63	AGE63	2213	2212_NickNolte_63_m
255	NickNolte	59	AGE59	2209	2208_NickNolte_59_m
255	NickNolte	48	AGE48	2198	2197_NickNolte_48_m
255	NickNolte	43	AGE43	2193	2192_NickNolte_43_m
255	NickNolte	41	AGE41	2191	2190_NickNolte_41_m
255	NickNolte	51	AGE51	2201	2200_NickNolte_51_m
255	NickNolte	31	AGE31	2182	2181_NickNolte_31_m
255	NickNolte	38	AGE38	2189	2188_NickNolte_38_m
255	NickNolte	61	AGE61	2210	2209_NickNolte_61_m
255	NickNolte	39	AGE39	2190	2189_NickNolte_39_m
255	NickNolte	52	AGE52	2202	2201_NickNolte_52_m
255	NickNolte	44	AGE44	2194	2193_NickNolte_44_m
255	NickNolte	63	AGE63	2212	2211_NickNolte_63_m
255	NickNolte	32	AGE32	2183	2182_NickNolte_32_m
255	NickNolte	54	AGE54	2204	2203_NickNolte_54_m
255	NickNolte	62	AGE62	2211	2210_NickNolte_62_m
256	PatrickSwayze	29	AGE29	8167	8166_PatrickSwayze_29_m
256	PatrickSwayze	49	AGE49	8178	8177_PatrickSwayze_49_m
256	PatrickSwayze	34	AGE34	8169	8168_PatrickSwayze_34_m
256	PatrickSwayze	57	AGE57	8186	8185_PatrickSwayze_57_m
256	PatrickSwayze	28	AGE28	8166	8165_PatrickSwayze_28_m
256	PatrickSwayze	36	AGE36	8170	8169_PatrickSwayze_36_m
256	PatrickSwayze	51	AGE51	8179	8178_PatrickSwayze_51_m
256	PatrickSwayze	53	AGE53	8181	8180_PatrickSwayze_53_m
256	PatrickSwayze	46	AGE46	8176	8175_PatrickSwayze_46_m
256	PatrickSwayze	55	AGE55	8184	8183_PatrickSwayze_55_m
256	PatrickSwayze	54	AGE54	8183	8182_PatrickSwayze_54_m
256	PatrickSwayze	52	AGE52	8180	8179_PatrickSwayze_52_m
256	PatrickSwayze	38	AGE38	8171	8170_PatrickSwayze_38_m
256	PatrickSwayze	54	AGE54	8182	8181_PatrickSwayze_54_m
256	PatrickSwayze	45	AGE45	8175	8174_PatrickSwayze_45_m
256	PatrickSwayze	31	AGE31	8168	8167_PatrickSwayze_31_m
256	PatrickSwayze	57	AGE57	8185	8184_PatrickSwayze_57_m
256	PatrickSwayze	41	AGE41	8172	8171_PatrickSwayze_41_m
256	PatrickSwayze	45	AGE45	8174	8173_PatrickSwayze_45_m
256	PatrickSwayze	43	AGE43	8173	8172_PatrickSwayze_43_m
256	PatrickSwayze	46	AGE46	8177	8176_PatrickSwayze_46_m
257	HorstBuchholz	32	AGE32	8047	8046_HorstBuchholz_32_m
257	HorstBuchholz	61	AGE61	8060	8059_HorstBuchholz_61_m
257	HorstBuchholz	30	AGE30	8040	8039_HorstBuchholz_30_m
257	HorstBuchholz	44	AGE44	8054	8053_HorstBuchholz_44_m
257	HorstBuchholz	26	AGE26	8037	8036_HorstBuchholz_26_m
257	HorstBuchholz	64	AGE64	8061	8060_HorstBuchholz_64_m
257	HorstBuchholz	48	AGE48	8042	8041_HorstBuchholz_48_m
257	HorstBuchholz	57	AGE57	8058	8057_HorstBuchholz_57_m
257	HorstBuchholz	54	AGE54	8044	8043_HorstBuchholz_54_m
257	HorstBuchholz	49	AGE49	8043	8042_HorstBuchholz_49_m
257	HorstBuchholz	69	AGE69	8063	8062_HorstBuchholz_69_m
257	HorstBuchholz	27	AGE27	8038	8037_HorstBuchholz_27_m
257	HorstBuchholz	32	AGE32	8048	8047_HorstBuchholz_32_m
257	HorstBuchholz	21	AGE21	8033	8032_HorstBuchholz_21_m
257	HorstBuchholz	23	AGE23	8035	8034_HorstBuchholz_23_m
257	HorstBuchholz	40	AGE40	8052	8051_HorstBuchholz_40_m
257	HorstBuchholz	37	AGE37	8050	8049_HorstBuchholz_37_m
257	HorstBuchholz	25	AGE25	8036	8035_HorstBuchholz_25_m
257	HorstBuchholz	28	AGE28	8039	8038_HorstBuchholz_28_m
257	HorstBuchholz	38	AGE38	8051	8050_HorstBuchholz_38_m
257	HorstBuchholz	45	AGE45	8055	8054_HorstBuchholz_45_m
257	HorstBuchholz	42	AGE42	8053	8052_HorstBuchholz_42_m
257	HorstBuchholz	52	AGE52	8057	8056_HorstBuchholz_52_m
257	HorstBuchholz	59	AGE59	8045	8044_HorstBuchholz_59_m
257	HorstBuchholz	70	AGE70	8064	8063_HorstBuchholz_70_m
257	HorstBuchholz	60	AGE60	8059	8058_HorstBuchholz_60_m
257	HorstBuchholz	34	AGE34	8049	8048_HorstBuchholz_34_m
257	HorstBuchholz	65	AGE65	8062	8061_HorstBuchholz_65_m
257	HorstBuchholz	46	AGE46	8056	8055_HorstBuchholz_46_m
257	HorstBuchholz	47	AGE47	8041	8040_HorstBuchholz_47_m
257	HorstBuchholz	22	AGE22	8034	8033_HorstBuchholz_22_m
257	HorstBuchholz	68	AGE68	8046	8045_HorstBuchholz_68_m
258	FredMacMurray	27	AGE27	8948	8947_FredMacMurray_27_m
258	FredMacMurray	55	AGE55	8969	8968_FredMacMurray_55_m
258	FredMacMurray	48	AGE48	8962	8961_FredMacMurray_48_m
258	FredMacMurray	36	AGE36	8954	8953_FredMacMurray_36_m
258	FredMacMurray	72	AGE72	8978	8977_FredMacMurray_72_m
258	FredMacMurray	77	AGE77	8982	8981_FredMacMurray_77_m
258	FredMacMurray	47	AGE47	8961	8960_FredMacMurray_47_m
258	FredMacMurray	39	AGE39	8957	8956_FredMacMurray_39_m
258	FredMacMurray	50	AGE50	8964	8963_FredMacMurray_50_m
258	FredMacMurray	66	AGE66	8975	8974_FredMacMurray_66_m
258	FredMacMurray	76	AGE76	8981	8980_FredMacMurray_76_m
258	FredMacMurray	31	AGE31	8951	8950_FredMacMurray_31_m
258	FredMacMurray	45	AGE45	8959	8958_FredMacMurray_45_m
258	FredMacMurray	37	AGE37	8955	8954_FredMacMurray_37_m
258	FredMacMurray	74	AGE74	8979	8978_FredMacMurray_74_m
258	FredMacMurray	32	AGE32	8952	8951_FredMacMurray_32_m
258	FredMacMurray	26	AGE26	8947	8946_FredMacMurray_26_m
258	FredMacMurray	52	AGE52	8966	8965_FredMacMurray_52_m
258	FredMacMurray	81	AGE81	8986	8985_FredMacMurray_81_m
258	FredMacMurray	53	AGE53	8967	8966_FredMacMurray_53_m
258	FredMacMurray	59	AGE59	8972	8971_FredMacMurray_59_m
258	FredMacMurray	28	AGE28	8949	8948_FredMacMurray_28_m
258	FredMacMurray	69	AGE69	8977	8976_FredMacMurray_69_m
258	FredMacMurray	75	AGE75	8980	8979_FredMacMurray_75_m
258	FredMacMurray	30	AGE30	8950	8949_FredMacMurray_30_m
258	FredMacMurray	78	AGE78	8983	8982_FredMacMurray_78_m
258	FredMacMurray	67	AGE67	8976	8975_FredMacMurray_67_m
258	FredMacMurray	43	AGE43	8958	8957_FredMacMurray_43_m
258	FredMacMurray	79	AGE79	8984	8983_FredMacMurray_79_m
258	FredMacMurray	54	AGE54	8968	8967_FredMacMurray_54_m
258	FredMacMurray	62	AGE62	8973	8972_FredMacMurray_62_m
258	FredMacMurray	56	AGE56	8970	8969_FredMacMurray_56_m
258	FredMacMurray	80	AGE80	8985	8984_FredMacMurray_80_m
258	FredMacMurray	64	AGE64	8974	8973_FredMacMurray_64_m
258	FredMacMurray	38	AGE38	8956	8955_FredMacMurray_38_m
258	FredMacMurray	51	AGE51	8965	8964_FredMacMurray_51_m
258	FredMacMurray	46	AGE46	8960	8959_FredMacMurray_46_m
258	FredMacMurray	34	AGE34	8953	8952_FredMacMurray_34_m
258	FredMacMurray	57	AGE57	8971	8970_FredMacMurray_57_m
258	FredMacMurray	24	AGE24	8946	8945_FredMacMurray_24_m
258	FredMacMurray	49	AGE49	8963	8962_FredMacMurray_49_m
259	ChristopherWalken	52	AGE52	7014	7013_ChristopherWalken_52_m
259	ChristopherWalken	41	AGE41	7004	7003_ChristopherWalken_41_m
259	ChristopherWalken	46	AGE46	7009	7008_ChristopherWalken_46_m
259	ChristopherWalken	42	AGE42	7005	7004_ChristopherWalken_42_m
259	ChristopherWalken	61	AGE61	7019	7018_ChristopherWalken_61_m
259	ChristopherWalken	25	AGE25	6990	6989_ChristopherWalken_25_m
259	ChristopherWalken	37	AGE37	7001	7000_ChristopherWalken_37_m
259	ChristopherWalken	37	AGE37	7000	6999_ChristopherWalken_37_m
259	ChristopherWalken	50	AGE50	7013	7012_ChristopherWalken_50_m
259	ChristopherWalken	35	AGE35	6997	6996_ChristopherWalken_35_m
259	ChristopherWalken	33	AGE33	6995	6994_ChristopherWalken_33_m
259	ChristopherWalken	28	AGE28	6992	6991_ChristopherWalken_28_m
259	ChristopherWalken	53	AGE53	7015	7014_ChristopherWalken_53_m
259	ChristopherWalken	34	AGE34	6996	6995_ChristopherWalken_34_m
259	ChristopherWalken	47	AGE47	7010	7009_ChristopherWalken_47_m
259	ChristopherWalken	30	AGE30	6994	6993_ChristopherWalken_30_m
259	ChristopherWalken	66	AGE66	7023	7022_ChristopherWalken_66_m
259	ChristopherWalken	67	AGE67	7025	7024_ChristopherWalken_67_m
259	ChristopherWalken	29	AGE29	6993	6992_ChristopherWalken_29_m
259	ChristopherWalken	48	AGE48	7011	7010_ChristopherWalken_48_m
259	ChristopherWalken	64	AGE64	7021	7020_ChristopherWalken_64_m
259	ChristopherWalken	19	AGE19	6988	6987_ChristopherWalken_19_m
259	ChristopherWalken	27	AGE27	6991	6990_ChristopherWalken_27_m
259	ChristopherWalken	23	AGE23	6989	6988_ChristopherWalken_23_m
259	ChristopherWalken	55	AGE55	7016	7015_ChristopherWalken_55_m
259	ChristopherWalken	68	AGE68	7026	7025_ChristopherWalken_68_m
259	ChristopherWalken	60	AGE60	7018	7017_ChristopherWalken_60_m
259	ChristopherWalken	37	AGE37	6999	6998_ChristopherWalken_37_m
259	ChristopherWalken	62	AGE62	7020	7019_ChristopherWalken_62_m
259	ChristopherWalken	65	AGE65	7022	7021_ChristopherWalken_65_m
259	ChristopherWalken	15	AGE15	6986	6985_ChristopherWalken_15_m
259	ChristopherWalken	39	AGE39	7003	7002_ChristopherWalken_39_m
259	ChristopherWalken	43	AGE43	7007	7006_ChristopherWalken_43_m
259	ChristopherWalken	49	AGE49	7012	7011_ChristopherWalken_49_m
259	ChristopherWalken	17	AGE17	6987	6986_ChristopherWalken_17_m
259	ChristopherWalken	36	AGE36	6998	6997_ChristopherWalken_36_m
259	ChristopherWalken	66	AGE66	7024	7023_ChristopherWalken_66_m
259	ChristopherWalken	38	AGE38	7002	7001_ChristopherWalken_38_m
259	ChristopherWalken	45	AGE45	7008	7007_ChristopherWalken_45_m
259	ChristopherWalken	56	AGE56	7017	7016_ChristopherWalken_56_m
259	ChristopherWalken	42	AGE42	7006	7005_ChristopherWalken_42_m
260	AmandaRedman	54	AGE54	13297	13296_AmandaRedman_54_f
260	AmandaRedman	50	AGE50	13293	13292_AmandaRedman_50_f
260	AmandaRedman	43	AGE43	13286	13285_AmandaRedman_43_f
260	AmandaRedman	55	AGE55	13298	13297_AmandaRedman_55_f
260	AmandaRedman	53	AGE53	13296	13295_AmandaRedman_53_f
260	AmandaRedman	34	AGE34	13278	13277_AmandaRedman_34_f
260	AmandaRedman	49	AGE49	13292	13291_AmandaRedman_49_f
260	AmandaRedman	31	AGE31	13276	13275_AmandaRedman_31_f
260	AmandaRedman	44	AGE44	13287	13286_AmandaRedman_44_f
260	AmandaRedman	23	AGE23	13270	13269_AmandaRedman_23_f
260	AmandaRedman	25	AGE25	13272	13271_AmandaRedman_25_f
260	AmandaRedman	24	AGE24	13271	13270_AmandaRedman_24_f
260	AmandaRedman	36	AGE36	13279	13278_AmandaRedman_36_f
260	AmandaRedman	37	AGE37	13280	13279_AmandaRedman_37_f
260	AmandaRedman	57	AGE57	13299	13298_AmandaRedman_57_f
260	AmandaRedman	48	AGE48	13291	13290_AmandaRedman_48_f
260	AmandaRedman	42	AGE42	13285	13284_AmandaRedman_42_f
260	AmandaRedman	33	AGE33	13277	13276_AmandaRedman_33_f
260	AmandaRedman	39	AGE39	13282	13281_AmandaRedman_39_f
260	AmandaRedman	41	AGE41	13284	13283_AmandaRedman_41_f
260	AmandaRedman	40	AGE40	13283	13282_AmandaRedman_40_f
260	AmandaRedman	45	AGE45	13288	13287_AmandaRedman_45_f
260	AmandaRedman	28	AGE28	13274	13273_AmandaRedman_28_f
260	AmandaRedman	46	AGE46	13289	13288_AmandaRedman_46_f
260	AmandaRedman	47	AGE47	13290	13289_AmandaRedman_47_f
260	AmandaRedman	38	AGE38	13281	13280_AmandaRedman_38_f
260	AmandaRedman	51	AGE51	13294	13293_AmandaRedman_51_f
260	AmandaRedman	27	AGE27	13273	13272_AmandaRedman_27_f
260	AmandaRedman	29	AGE29	13275	13274_AmandaRedman_29_f
260	AmandaRedman	22	AGE22	13269	13268_AmandaRedman_22_f
260	AmandaRedman	52	AGE52	13295	13294_AmandaRedman_52_f
261	KlausKinski	29	AGE29	6522	6521_KlausKinski_29_m
261	KlausKinski	43	AGE43	6533	6532_KlausKinski_43_m
261	KlausKinski	28	AGE28	6520	6519_KlausKinski_28_m
261	KlausKinski	37	AGE37	6527	6526_KlausKinski_37_m
261	KlausKinski	45	AGE45	6535	6534_KlausKinski_45_m
261	KlausKinski	46	AGE46	6536	6535_KlausKinski_46_m
261	KlausKinski	63	AGE63	6547	6546_KlausKinski_63_m
261	KlausKinski	29	AGE29	6521	6520_KlausKinski_29_m
261	KlausKinski	56	AGE56	6543	6542_KlausKinski_56_m
261	KlausKinski	24	AGE24	6519	6518_KlausKinski_24_m
261	KlausKinski	47	AGE47	6537	6536_KlausKinski_47_m
261	KlausKinski	34	AGE34	6524	6523_KlausKinski_34_m
261	KlausKinski	59	AGE59	6544	6543_KlausKinski_59_m
261	KlausKinski	22	AGE22	6518	6517_KlausKinski_22_m
261	KlausKinski	44	AGE44	6534	6533_KlausKinski_44_m
261	KlausKinski	51	AGE51	6540	6539_KlausKinski_51_m
261	KlausKinski	62	AGE62	6546	6545_KlausKinski_62_m
261	KlausKinski	30	AGE30	6523	6522_KlausKinski_30_m
261	KlausKinski	54	AGE54	6542	6541_KlausKinski_54_m
261	KlausKinski	41	AGE41	6531	6530_KlausKinski_41_m
261	KlausKinski	50	AGE50	6539	6538_KlausKinski_50_m
261	KlausKinski	39	AGE39	6529	6528_KlausKinski_39_m
261	KlausKinski	35	AGE35	6525	6524_KlausKinski_35_m
261	KlausKinski	38	AGE38	6528	6527_KlausKinski_38_m
261	KlausKinski	40	AGE40	6530	6529_KlausKinski_40_m
261	KlausKinski	48	AGE48	6538	6537_KlausKinski_48_m
261	KlausKinski	42	AGE42	6532	6531_KlausKinski_42_m
261	KlausKinski	61	AGE61	6545	6544_KlausKinski_61_m
261	KlausKinski	52	AGE52	6541	6540_KlausKinski_52_m
262	MarlonBrando	26	AGE26	9123	9122_MarlonBrando_26_m
262	MarlonBrando	5	AGE5	9111	9110_MarlonBrando_5_m
262	MarlonBrando	25	AGE25	9113	9112_MarlonBrando_25_m
262	MarlonBrando	40	AGE40	9115	9114_MarlonBrando_40_m
262	MarlonBrando	37	AGE37	9128	9127_MarlonBrando_37_m
262	MarlonBrando	49	AGE49	9117	9116_MarlonBrando_49_m
262	MarlonBrando	68	AGE68	9119	9118_MarlonBrando_68_m
262	MarlonBrando	49	AGE49	9110	9109_MarlonBrando_49_m
262	MarlonBrando	40	AGE40	9116	9115_MarlonBrando_40_m
262	MarlonBrando	20	AGE20	9125	9124_MarlonBrando_20_m
262	MarlonBrando	20	AGE20	9127	9126_MarlonBrando_20_m
262	MarlonBrando	17	AGE17	9108	9107_MarlonBrando_17_m
262	MarlonBrando	76	AGE76	9124	9123_MarlonBrando_76_m
262	MarlonBrando	48	AGE48	9118	9117_MarlonBrando_48_m
262	MarlonBrando	49	AGE49	9126	9125_MarlonBrando_49_m
262	MarlonBrando	50	AGE50	9121	9120_MarlonBrando_50_m
262	MarlonBrando	72	AGE72	9112	9111_MarlonBrando_72_m
262	MarlonBrando	32	AGE32	9114	9113_MarlonBrando_32_m
262	MarlonBrando	70	AGE70	9122	9121_MarlonBrando_70_m
262	MarlonBrando	38	AGE38	9109	9108_MarlonBrando_38_m
262	MarlonBrando	50	AGE50	9120	9119_MarlonBrando_50_m
263	JanePowell	45	AGE45	15393	15392_JanePowell_45_f
263	JanePowell	18	AGE18	15374	15373_JanePowell_18_f
263	JanePowell	54	AGE54	15398	15397_JanePowell_54_f
263	JanePowell	74	AGE74	15412	15411_JanePowell_74_f
263	JanePowell	49	AGE49	15395	15394_JanePowell_49_f
263	JanePowell	58	AGE58	15401	15400_JanePowell_58_f
263	JanePowell	86	AGE86	15421	15420_JanePowell_86_f
263	JanePowell	60	AGE60	15403	15402_JanePowell_60_f
263	JanePowell	84	AGE84	15420	15419_JanePowell_84_f
263	JanePowell	80	AGE80	15418	15417_JanePowell_80_f
263	JanePowell	48	AGE48	15394	15393_JanePowell_48_f
263	JanePowell	43	AGE43	15392	15391_JanePowell_43_f
263	JanePowell	52	AGE52	15397	15396_JanePowell_52_f
263	JanePowell	26	AGE26	15381	15380_JanePowell_26_f
263	JanePowell	14	AGE14	15370	15369_JanePowell_14_f
263	JanePowell	81	AGE81	15419	15418_JanePowell_81_f
263	JanePowell	28	AGE28	15383	15382_JanePowell_28_f
263	JanePowell	71	AGE71	15410	15409_JanePowell_71_f
263	JanePowell	22	AGE22	15377	15376_JanePowell_22_f
263	JanePowell	30	AGE30	15385	15384_JanePowell_30_f
263	JanePowell	78	AGE78	15416	15415_JanePowell_78_f
263	JanePowell	56	AGE56	15400	15399_JanePowell_56_f
263	JanePowell	68	AGE68	15409	15408_JanePowell_68_f
263	JanePowell	15	AGE15	15371	15370_JanePowell_15_f
263	JanePowell	39	AGE39	15390	15389_JanePowell_39_f
263	JanePowell	17	AGE17	15373	15372_JanePowell_17_f
263	JanePowell	64	AGE64	15407	15406_JanePowell_64_f
263	JanePowell	73	AGE73	15411	15410_JanePowell_73_f
263	JanePowell	59	AGE59	15402	15401_JanePowell_59_f
263	JanePowell	31	AGE31	15386	15385_JanePowell_31_f
263	JanePowell	21	AGE21	15376	15375_JanePowell_21_f
263	JanePowell	32	AGE32	15387	15386_JanePowell_32_f
263	JanePowell	55	AGE55	15399	15398_JanePowell_55_f
263	JanePowell	27	AGE27	15382	15381_JanePowell_27_f
263	JanePowell	41	AGE41	15391	15390_JanePowell_41_f
263	JanePowell	76	AGE76	15414	15413_JanePowell_76_f
263	JanePowell	75	AGE75	15413	15412_JanePowell_75_f
263	JanePowell	51	AGE51	15396	15395_JanePowell_51_f
263	JanePowell	23	AGE23	15378	15377_JanePowell_23_f
263	JanePowell	62	AGE62	15405	15404_JanePowell_62_f
263	JanePowell	63	AGE63	15406	15405_JanePowell_63_f
263	JanePowell	38	AGE38	15389	15388_JanePowell_38_f
263	JanePowell	16	AGE16	15372	15371_JanePowell_16_f
263	JanePowell	65	AGE65	15408	15407_JanePowell_65_f
263	JanePowell	36	AGE36	15388	15387_JanePowell_36_f
263	JanePowell	79	AGE79	15417	15416_JanePowell_79_f
263	JanePowell	24	AGE24	15379	15378_JanePowell_24_f
263	JanePowell	77	AGE77	15415	15414_JanePowell_77_f
263	JanePowell	25	AGE25	15380	15379_JanePowell_25_f
263	JanePowell	19	AGE19	15375	15374_JanePowell_19_f
263	JanePowell	61	AGE61	15404	15403_JanePowell_61_f
263	JanePowell	29	AGE29	15384	15383_JanePowell_29_f
264	LexBarker	28	AGE28	6577	6576_LexBarker_28_m
264	LexBarker	37	AGE37	6585	6584_LexBarker_37_m
264	LexBarker	47	AGE47	6593	6592_LexBarker_47_m
264	LexBarker	43	AGE43	6591	6590_LexBarker_43_m
264	LexBarker	52	AGE52	6597	6596_LexBarker_52_m
264	LexBarker	16	AGE16	6574	6573_LexBarker_16_m
264	LexBarker	41	AGE41	6589	6588_LexBarker_41_m
264	LexBarker	39	AGE39	6587	6586_LexBarker_39_m
264	LexBarker	51	AGE51	6596	6595_LexBarker_51_m
264	LexBarker	54	AGE54	6598	6597_LexBarker_54_m
264	LexBarker	29	AGE29	6578	6577_LexBarker_29_m
264	LexBarker	39	AGE39	6588	6587_LexBarker_39_m
264	LexBarker	33	AGE33	6581	6580_LexBarker_33_m
264	LexBarker	48	AGE48	6594	6593_LexBarker_48_m
264	LexBarker	32	AGE32	6580	6579_LexBarker_32_m
264	LexBarker	27	AGE27	6575	6574_LexBarker_27_m
264	LexBarker	46	AGE46	6592	6591_LexBarker_46_m
264	LexBarker	36	AGE36	6584	6583_LexBarker_36_m
264	LexBarker	38	AGE38	6586	6585_LexBarker_38_m
264	LexBarker	35	AGE35	6583	6582_LexBarker_35_m
264	LexBarker	31	AGE31	6579	6578_LexBarker_31_m
264	LexBarker	34	AGE34	6582	6581_LexBarker_34_m
264	LexBarker	49	AGE49	6595	6594_LexBarker_49_m
264	LexBarker	27	AGE27	6576	6575_LexBarker_27_m
264	LexBarker	42	AGE42	6590	6589_LexBarker_42_m
265	BurtReynolds	71	AGE71	4013	4012_BurtReynolds_71_m
265	BurtReynolds	57	AGE57	3993	3992_BurtReynolds_57_m
265	BurtReynolds	39	AGE39	4008	4007_BurtReynolds_39_m
265	BurtReynolds	24	AGE24	3976	3975_BurtReynolds_24_m
265	BurtReynolds	51	AGE51	4010	4009_BurtReynolds_51_m
265	BurtReynolds	65	AGE65	4012	4011_BurtReynolds_65_m
265	BurtReynolds	44	AGE44	3988	3987_BurtReynolds_44_m
265	BurtReynolds	49	AGE49	3989	3988_BurtReynolds_49_m
265	BurtReynolds	74	AGE74	4003	4002_BurtReynolds_74_m
265	BurtReynolds	29	AGE29	3980	3979_BurtReynolds_29_m
265	BurtReynolds	28	AGE28	3979	3978_BurtReynolds_28_m
265	BurtReynolds	55	AGE55	3992	3991_BurtReynolds_55_m
265	BurtReynolds	68	AGE68	3999	3998_BurtReynolds_68_m
265	BurtReynolds	37	AGE37	3985	3984_BurtReynolds_37_m
265	BurtReynolds	37	AGE37	4007	4006_BurtReynolds_37_m
265	BurtReynolds	69	AGE69	4000	3999_BurtReynolds_69_m
265	BurtReynolds	31	AGE31	3981	3980_BurtReynolds_31_m
265	BurtReynolds	42	AGE42	3987	3986_BurtReynolds_42_m
265	BurtReynolds	68	AGE68	3998	3997_BurtReynolds_68_m
265	BurtReynolds	73	AGE73	4002	4001_BurtReynolds_73_m
265	BurtReynolds	70	AGE70	4001	4000_BurtReynolds_70_m
265	BurtReynolds	59	AGE59	4011	4010_BurtReynolds_59_m
265	BurtReynolds	27	AGE27	3978	3977_BurtReynolds_27_m
265	BurtReynolds	26	AGE26	3977	3976_BurtReynolds_26_m
265	BurtReynolds	78	AGE78	4006	4005_BurtReynolds_78_m
265	BurtReynolds	77	AGE77	4005	4004_BurtReynolds_77_m
265	BurtReynolds	33	AGE33	3982	3981_BurtReynolds_33_m
265	BurtReynolds	52	AGE52	3991	3990_BurtReynolds_52_m
265	BurtReynolds	62	AGE62	3995	3994_BurtReynolds_62_m
265	BurtReynolds	38	AGE38	3986	3985_BurtReynolds_38_m
265	BurtReynolds	61	AGE61	3994	3993_BurtReynolds_61_m
265	BurtReynolds	21	AGE21	3975	3974_BurtReynolds_21_m
265	BurtReynolds	36	AGE36	3984	3983_BurtReynolds_36_m
265	BurtReynolds	64	AGE64	3996	3995_BurtReynolds_64_m
265	BurtReynolds	46	AGE46	4009	4008_BurtReynolds_46_m
265	BurtReynolds	34	AGE34	3983	3982_BurtReynolds_34_m
265	BurtReynolds	67	AGE67	3997	3996_BurtReynolds_67_m
265	BurtReynolds	50	AGE50	3990	3989_BurtReynolds_50_m
265	BurtReynolds	75	AGE75	4004	4003_BurtReynolds_75_m
265	BurtReynolds	72	AGE72	4014	4013_BurtReynolds_72_m
266	MickJagger	58	AGE58	2790	2789_MickJagger_58_m
266	MickJagger	47	AGE47	2786	2785_MickJagger_47_m
266	MickJagger	23	AGE23	130	129_MickJagger_23_m
266	MickJagger	28	AGE28	2779	2778_MickJagger_28_m
266	MickJagger	71	AGE71	2797	2796_MickJagger_71_m
266	MickJagger	37	AGE37	2782	2781_MickJagger_37_m
266	MickJagger	39	AGE39	2783	2782_MickJagger_39_m
266	MickJagger	24	AGE24	117	116_MickJagger_24_m
266	MickJagger	55	AGE55	2788	2787_MickJagger_55_m
266	MickJagger	64	AGE64	2794	2793_MickJagger_64_m
266	MickJagger	27	AGE27	128	127_MickJagger_27_m
266	MickJagger	50	AGE50	119	118_MickJagger_50_m
266	MickJagger	24	AGE24	2776	2775_MickJagger_24_m
266	MickJagger	20	AGE20	123	122_MickJagger_20_m
266	MickJagger	63	AGE63	2793	2792_MickJagger_63_m
266	MickJagger	23	AGE23	2775	2774_MickJagger_23_m
266	MickJagger	29	AGE29	127	126_MickJagger_29_m
266	MickJagger	27	AGE27	112	111_MickJagger_27_m
266	MickJagger	40	AGE40	2784	2783_MickJagger_40_m
266	MickJagger	18	AGE18	122	121_MickJagger_18_m
266	MickJagger	21	AGE21	2773	2772_MickJagger_21_m
266	MickJagger	36	AGE36	2781	2780_MickJagger_36_m
266	MickJagger	30	AGE30	113	112_MickJagger_30_m
266	MickJagger	28	AGE28	121	120_MickJagger_28_m
266	MickJagger	60	AGE60	2791	2790_MickJagger_60_m
266	MickJagger	33	AGE33	2780	2779_MickJagger_33_m
266	MickJagger	68	AGE68	2796	2795_MickJagger_68_m
266	MickJagger	27	AGE27	2778	2777_MickJagger_27_m
266	MickJagger	22	AGE22	115	114_MickJagger_22_m
266	MickJagger	42	AGE42	2785	2784_MickJagger_42_m
266	MickJagger	21	AGE21	116	115_MickJagger_21_m
266	MickJagger	49	AGE49	2787	2786_MickJagger_49_m
266	MickJagger	65	AGE65	114	113_MickJagger_65_m
266	MickJagger	68	AGE68	118	117_MickJagger_68_m
266	MickJagger	63	AGE63	120	119_MickJagger_63_m
266	MickJagger	22	AGE22	2774	2773_MickJagger_22_m
266	MickJagger	20	AGE20	2772	2771_MickJagger_20_m
266	MickJagger	66	AGE66	2795	2794_MickJagger_66_m
266	MickJagger	33	AGE33	125	124_MickJagger_33_m
266	MickJagger	25	AGE25	129	128_MickJagger_25_m
266	MickJagger	26	AGE26	2777	2776_MickJagger_26_m
266	MickJagger	18	AGE18	126	125_MickJagger_18_m
266	MickJagger	22	AGE22	124	123_MickJagger_22_m
266	MickJagger	39	AGE39	131	130_MickJagger_39_m
266	MickJagger	57	AGE57	2789	2788_MickJagger_57_m
266	MickJagger	62	AGE62	2792	2791_MickJagger_62_m
267	MerkouriMelina	43	AGE43	14941	14940_MerkouriMelina_43_f
267	MerkouriMelina	68	AGE68	14931	14930_MerkouriMelina_68_f
267	MerkouriMelina	50	AGE50	14933	14932_MerkouriMelina_50_f
267	MerkouriMelina	55	AGE55	14926	14925_MerkouriMelina_55_f
267	MerkouriMelina	47	AGE47	14940	14939_MerkouriMelina_47_f
267	MerkouriMelina	50	AGE50	14936	14935_MerkouriMelina_50_f
267	MerkouriMelina	42	AGE42	14927	14926_MerkouriMelina_42_f
267	MerkouriMelina	73	AGE73	14930	14929_MerkouriMelina_73_f
267	MerkouriMelina	43	AGE43	14934	14933_MerkouriMelina_43_f
267	MerkouriMelina	62	AGE62	14932	14931_MerkouriMelina_62_f
267	MerkouriMelina	38	AGE38	14928	14927_MerkouriMelina_38_f
267	MerkouriMelina	40	AGE40	14937	14936_MerkouriMelina_40_f
267	MerkouriMelina	48	AGE48	14925	14924_MerkouriMelina_48_f
267	MerkouriMelina	38	AGE38	14939	14938_MerkouriMelina_38_f
267	MerkouriMelina	68	AGE68	14938	14937_MerkouriMelina_68_f
267	MerkouriMelina	42	AGE42	14935	14934_MerkouriMelina_42_f
267	MerkouriMelina	72	AGE72	14929	14928_MerkouriMelina_72_f
268	WarrenBeatty	61	AGE61	5027	5026_WarrenBeatty_61_m
268	WarrenBeatty	73	AGE73	5022	5021_WarrenBeatty_73_m
268	WarrenBeatty	37	AGE37	5003	5002_WarrenBeatty_37_m
268	WarrenBeatty	25	AGE25	5031	5030_WarrenBeatty_25_m
268	WarrenBeatty	27	AGE27	4991	4990_WarrenBeatty_27_m
268	WarrenBeatty	21	AGE21	4993	4992_WarrenBeatty_21_m
268	WarrenBeatty	39	AGE39	5005	5004_WarrenBeatty_39_m
268	WarrenBeatty	29	AGE29	4999	4998_WarrenBeatty_29_m
268	WarrenBeatty	53	AGE53	5009	5008_WarrenBeatty_53_m
268	WarrenBeatty	28	AGE28	4998	4997_WarrenBeatty_28_m
268	WarrenBeatty	38	AGE38	5004	5003_WarrenBeatty_38_m
268	WarrenBeatty	41	AGE41	5026	5025_WarrenBeatty_41_m
268	WarrenBeatty	53	AGE53	5008	5007_WarrenBeatty_53_m
268	WarrenBeatty	35	AGE35	5025	5024_WarrenBeatty_35_m
268	WarrenBeatty	24	AGE24	5028	5027_WarrenBeatty_24_m
268	WarrenBeatty	69	AGE69	5018	5017_WarrenBeatty_69_m
268	WarrenBeatty	23	AGE23	4994	4993_WarrenBeatty_23_m
268	WarrenBeatty	58	AGE58	5011	5010_WarrenBeatty_58_m
268	WarrenBeatty	74	AGE74	5023	5022_WarrenBeatty_74_m
268	WarrenBeatty	25	AGE25	4996	4995_WarrenBeatty_25_m
268	WarrenBeatty	75	AGE75	5024	5023_WarrenBeatty_75_m
268	WarrenBeatty	30	AGE30	5000	4999_WarrenBeatty_30_m
268	WarrenBeatty	64	AGE64	5015	5014_WarrenBeatty_64_m
268	WarrenBeatty	65	AGE65	5016	5015_WarrenBeatty_65_m
268	WarrenBeatty	70	AGE70	5019	5018_WarrenBeatty_70_m
268	WarrenBeatty	30	AGE30	5030	5029_WarrenBeatty_30_m
268	WarrenBeatty	71	AGE71	5020	5019_WarrenBeatty_71_m
268	WarrenBeatty	43	AGE43	5006	5005_WarrenBeatty_43_m
268	WarrenBeatty	33	AGE33	5001	5000_WarrenBeatty_33_m
268	WarrenBeatty	63	AGE63	5014	5013_WarrenBeatty_63_m
268	WarrenBeatty	72	AGE72	5021	5020_WarrenBeatty_72_m
268	WarrenBeatty	45	AGE45	5007	5006_WarrenBeatty_45_m
268	WarrenBeatty	36	AGE36	5002	5001_WarrenBeatty_36_m
268	WarrenBeatty	24	AGE24	4995	4994_WarrenBeatty_24_m
268	WarrenBeatty	42	AGE42	5029	5028_WarrenBeatty_42_m
268	WarrenBeatty	68	AGE68	5017	5016_WarrenBeatty_68_m
268	WarrenBeatty	38	AGE38	4992	4991_WarrenBeatty_38_m
268	WarrenBeatty	61	AGE61	5012	5011_WarrenBeatty_61_m
268	WarrenBeatty	62	AGE62	5013	5012_WarrenBeatty_62_m
268	WarrenBeatty	27	AGE27	4997	4996_WarrenBeatty_27_m
268	WarrenBeatty	57	AGE57	5010	5009_WarrenBeatty_57_m
268	WarrenBeatty	31	AGE31	4990	4989_WarrenBeatty_31_m
269	BenGazzara	78	AGE78	5799	5798_BenGazzara_78_m
269	BenGazzara	27	AGE27	5766	5765_BenGazzara_27_m
269	BenGazzara	37	AGE37	5775	5774_BenGazzara_37_m
269	BenGazzara	20	AGE20	5761	5760_BenGazzara_20_m
269	BenGazzara	59	AGE59	5787	5786_BenGazzara_59_m
269	BenGazzara	30	AGE30	5769	5768_BenGazzara_30_m
269	BenGazzara	72	AGE72	5792	5791_BenGazzara_72_m
269	BenGazzara	26	AGE26	5765	5764_BenGazzara_26_m
269	BenGazzara	42	AGE42	5778	5777_BenGazzara_42_m
269	BenGazzara	55	AGE55	5786	5785_BenGazzara_55_m
269	BenGazzara	36	AGE36	5774	5773_BenGazzara_36_m
269	BenGazzara	23	AGE23	5763	5762_BenGazzara_23_m
269	BenGazzara	47	AGE47	5781	5780_BenGazzara_47_m
269	BenGazzara	75	AGE75	5796	5795_BenGazzara_75_m
269	BenGazzara	67	AGE67	5790	5789_BenGazzara_67_m
269	BenGazzara	34	AGE34	5772	5771_BenGazzara_34_m
269	BenGazzara	74	AGE74	5795	5794_BenGazzara_74_m
269	BenGazzara	64	AGE64	5789	5788_BenGazzara_64_m
269	BenGazzara	76	AGE76	5797	5796_BenGazzara_76_m
269	BenGazzara	32	AGE32	5771	5770_BenGazzara_32_m
269	BenGazzara	24	AGE24	5764	5763_BenGazzara_24_m
269	BenGazzara	74	AGE74	5794	5793_BenGazzara_74_m
269	BenGazzara	38	AGE38	5776	5775_BenGazzara_38_m
269	BenGazzara	52	AGE52	5784	5783_BenGazzara_52_m
269	BenGazzara	70	AGE70	5791	5790_BenGazzara_70_m
269	BenGazzara	49	AGE49	5782	5781_BenGazzara_49_m
269	BenGazzara	82	AGE82	5802	5801_BenGazzara_82_m
269	BenGazzara	31	AGE31	5770	5769_BenGazzara_31_m
269	BenGazzara	80	AGE80	5800	5799_BenGazzara_80_m
269	BenGazzara	51	AGE51	5783	5782_BenGazzara_51_m
269	BenGazzara	61	AGE61	5788	5787_BenGazzara_61_m
269	BenGazzara	22	AGE22	5762	5761_BenGazzara_22_m
269	BenGazzara	40	AGE40	5777	5776_BenGazzara_40_m
269	BenGazzara	53	AGE53	5785	5784_BenGazzara_53_m
269	BenGazzara	43	AGE43	5779	5778_BenGazzara_43_m
269	BenGazzara	35	AGE35	5773	5772_BenGazzara_35_m
269	BenGazzara	81	AGE81	5801	5800_BenGazzara_81_m
269	BenGazzara	73	AGE73	5793	5792_BenGazzara_73_m
269	BenGazzara	45	AGE45	5780	5779_BenGazzara_45_m
269	BenGazzara	29	AGE29	5768	5767_BenGazzara_29_m
269	BenGazzara	77	AGE77	5798	5797_BenGazzara_77_m
269	BenGazzara	28	AGE28	5767	5766_BenGazzara_28_m
270	ErnestHemingway	60	AGE60	1414	1413_ErnestHemingway_60_m
270	ErnestHemingway	28	AGE28	1426	1425_ErnestHemingway_28_m
270	ErnestHemingway	55	AGE55	1421	1420_ErnestHemingway_55_m
270	ErnestHemingway	28	AGE28	1423	1422_ErnestHemingway_28_m
270	ErnestHemingway	23	AGE23	1408	1407_ErnestHemingway_23_m
270	ErnestHemingway	21	AGE21	1410	1409_ErnestHemingway_21_m
270	ErnestHemingway	24	AGE24	1416	1415_ErnestHemingway_24_m
270	ErnestHemingway	51	AGE51	1413	1412_ErnestHemingway_51_m
270	ErnestHemingway	38	AGE38	1409	1408_ErnestHemingway_38_m
270	ErnestHemingway	51	AGE51	1428	1427_ErnestHemingway_51_m
270	ErnestHemingway	45	AGE45	1422	1421_ErnestHemingway_45_m
270	ErnestHemingway	35	AGE35	1427	1426_ErnestHemingway_35_m
270	ErnestHemingway	60	AGE60	1419	1418_ErnestHemingway_60_m
270	ErnestHemingway	17	AGE17	1417	1416_ErnestHemingway_17_m
270	ErnestHemingway	30	AGE30	1425	1424_ErnestHemingway_30_m
270	ErnestHemingway	52	AGE52	1420	1419_ErnestHemingway_52_m
270	ErnestHemingway	54	AGE54	1429	1428_ErnestHemingway_54_m
270	ErnestHemingway	19	AGE19	1415	1414_ErnestHemingway_19_m
270	ErnestHemingway	49	AGE49	1412	1411_ErnestHemingway_49_m
270	ErnestHemingway	63	AGE63	1411	1410_ErnestHemingway_63_m
270	ErnestHemingway	57	AGE57	1424	1423_ErnestHemingway_57_m
270	ErnestHemingway	61	AGE61	1418	1417_ErnestHemingway_61_m
271	RichardAttenborough	22	AGE22	8715	8714_RichardAttenborough_22_m
271	RichardAttenborough	40	AGE40	8738	8737_RichardAttenborough_40_m
271	RichardAttenborough	41	AGE41	8726	8725_RichardAttenborough_41_m
271	RichardAttenborough	65	AGE65	8742	8741_RichardAttenborough_65_m
271	RichardAttenborough	26	AGE26	8719	8718_RichardAttenborough_26_m
271	RichardAttenborough	51	AGE51	8739	8738_RichardAttenborough_51_m
271	RichardAttenborough	25	AGE25	8718	8717_RichardAttenborough_25_m
271	RichardAttenborough	74	AGE74	8744	8743_RichardAttenborough_74_m
271	RichardAttenborough	41	AGE41	8727	8726_RichardAttenborough_41_m
271	RichardAttenborough	19	AGE19	8714	8713_RichardAttenborough_19_m
271	RichardAttenborough	29	AGE29	8732	8731_RichardAttenborough_29_m
271	RichardAttenborough	32	AGE32	8733	8732_RichardAttenborough_32_m
271	RichardAttenborough	54	AGE54	8729	8728_RichardAttenborough_54_m
271	RichardAttenborough	37	AGE37	8737	8736_RichardAttenborough_37_m
271	RichardAttenborough	23	AGE23	8716	8715_RichardAttenborough_23_m
271	RichardAttenborough	27	AGE27	8720	8719_RichardAttenborough_27_m
271	RichardAttenborough	55	AGE55	8740	8739_RichardAttenborough_55_m
271	RichardAttenborough	34	AGE34	8724	8723_RichardAttenborough_34_m
271	RichardAttenborough	33	AGE33	8722	8721_RichardAttenborough_33_m
271	RichardAttenborough	38	AGE38	8725	8724_RichardAttenborough_38_m
271	RichardAttenborough	35	AGE35	8734	8733_RichardAttenborough_35_m
271	RichardAttenborough	36	AGE36	8735	8734_RichardAttenborough_36_m
271	RichardAttenborough	33	AGE33	8723	8722_RichardAttenborough_33_m
271	RichardAttenborough	56	AGE56	8730	8729_RichardAttenborough_56_m
271	RichardAttenborough	59	AGE59	8741	8740_RichardAttenborough_59_m
271	RichardAttenborough	24	AGE24	8717	8716_RichardAttenborough_24_m
271	RichardAttenborough	67	AGE67	8731	8730_RichardAttenborough_67_m
271	RichardAttenborough	36	AGE36	8736	8735_RichardAttenborough_36_m
271	RichardAttenborough	28	AGE28	8721	8720_RichardAttenborough_28_m
271	RichardAttenborough	75	AGE75	8745	8744_RichardAttenborough_75_m
271	RichardAttenborough	52	AGE52	8728	8727_RichardAttenborough_52_m
271	RichardAttenborough	71	AGE71	8743	8742_RichardAttenborough_71_m
272	ElvisPresley	38	AGE38	225	224_ElvisPresley_38_m
272	ElvisPresley	26	AGE26	213	212_ElvisPresley_26_m
272	ElvisPresley	17	AGE17	206	205_ElvisPresley_17_m
272	ElvisPresley	19	AGE19	207	206_ElvisPresley_19_m
272	ElvisPresley	40	AGE40	227	226_ElvisPresley_40_m
272	ElvisPresley	41	AGE41	228	227_ElvisPresley_41_m
272	ElvisPresley	36	AGE36	223	222_ElvisPresley_36_m
272	ElvisPresley	33	AGE33	219	218_ElvisPresley_33_m
272	ElvisPresley	28	AGE28	215	214_ElvisPresley_28_m
272	ElvisPresley	37	AGE37	224	223_ElvisPresley_37_m
272	ElvisPresley	24	AGE24	211	210_ElvisPresley_24_m
272	ElvisPresley	22	AGE22	208	207_ElvisPresley_22_m
272	ElvisPresley	14	AGE14	203	202_ElvisPresley_14_m
272	ElvisPresley	34	AGE34	221	220_ElvisPresley_34_m
272	ElvisPresley	10	AGE10	202	201_ElvisPresley_10_m
272	ElvisPresley	31	AGE31	218	217_ElvisPresley_31_m
272	ElvisPresley	25	AGE25	212	211_ElvisPresley_25_m
272	ElvisPresley	42	AGE42	230	229_ElvisPresley_42_m
272	ElvisPresley	23	AGE23	210	209_ElvisPresley_23_m
272	ElvisPresley	23	AGE23	209	208_ElvisPresley_23_m
272	ElvisPresley	16	AGE16	205	204_ElvisPresley_16_m
272	ElvisPresley	39	AGE39	226	225_ElvisPresley_39_m
272	ElvisPresley	30	AGE30	217	216_ElvisPresley_30_m
272	ElvisPresley	29	AGE29	216	215_ElvisPresley_29_m
272	ElvisPresley	41	AGE41	229	228_ElvisPresley_41_m
272	ElvisPresley	35	AGE35	222	221_ElvisPresley_35_m
272	ElvisPresley	27	AGE27	214	213_ElvisPresley_27_m
272	ElvisPresley	34	AGE34	220	219_ElvisPresley_34_m
272	ElvisPresley	15	AGE15	204	203_ElvisPresley_15_m
273	JoanCrawford	26	AGE26	14298	14297_JoanCrawford_26_f
273	JoanCrawford	62	AGE62	14286	14285_JoanCrawford_62_f
273	JoanCrawford	29	AGE29	14278	14277_JoanCrawford_29_f
273	JoanCrawford	41	AGE41	14296	14295_JoanCrawford_41_f
273	JoanCrawford	23	AGE23	14269	14268_JoanCrawford_23_f
273	JoanCrawford	66	AGE66	14292	14291_JoanCrawford_66_f
273	JoanCrawford	20	AGE20	14273	14272_JoanCrawford_20_f
273	JoanCrawford	35	AGE35	14271	14270_JoanCrawford_35_f
273	JoanCrawford	30	AGE30	14279	14278_JoanCrawford_30_f
273	JoanCrawford	28	AGE28	14277	14276_JoanCrawford_28_f
273	JoanCrawford	27	AGE27	14297	14296_JoanCrawford_27_f
273	JoanCrawford	32	AGE32	14270	14269_JoanCrawford_32_f
273	JoanCrawford	46	AGE46	14282	14281_JoanCrawford_46_f
273	JoanCrawford	65	AGE65	14295	14294_JoanCrawford_65_f
273	JoanCrawford	31	AGE31	14280	14279_JoanCrawford_31_f
273	JoanCrawford	61	AGE61	14289	14288_JoanCrawford_61_f
273	JoanCrawford	47	AGE47	14294	14293_JoanCrawford_47_f
273	JoanCrawford	41	AGE41	14287	14286_JoanCrawford_41_f
273	JoanCrawford	24	AGE24	14274	14273_JoanCrawford_24_f
273	JoanCrawford	50	AGE50	14299	14298_JoanCrawford_50_f
273	JoanCrawford	68	AGE68	14285	14284_JoanCrawford_68_f
273	JoanCrawford	32	AGE32	14291	14290_JoanCrawford_32_f
273	JoanCrawford	35	AGE35	14293	14292_JoanCrawford_35_f
273	JoanCrawford	25	AGE25	14272	14271_JoanCrawford_25_f
273	JoanCrawford	67	AGE67	14288	14287_JoanCrawford_67_f
273	JoanCrawford	45	AGE45	14290	14289_JoanCrawford_45_f
273	JoanCrawford	61	AGE61	14284	14283_JoanCrawford_61_f
273	JoanCrawford	26	AGE26	14275	14274_JoanCrawford_26_f
273	JoanCrawford	58	AGE58	14283	14282_JoanCrawford_58_f
273	JoanCrawford	27	AGE27	14276	14275_JoanCrawford_27_f
273	JoanCrawford	41	AGE41	14281	14280_JoanCrawford_41_f
274	WaltDisney	35	AGE35	165	164_WaltDisney_35_m
274	WaltDisney	21	AGE21	167	166_WaltDisney_21_m
274	WaltDisney	64	AGE64	168	167_WaltDisney_64_m
274	WaltDisney	53	AGE53	169	168_WaltDisney_53_m
274	WaltDisney	38	AGE38	163	162_WaltDisney_38_m
274	WaltDisney	32	AGE32	166	165_WaltDisney_32_m
274	WaltDisney	42	AGE42	170	169_WaltDisney_42_m
274	WaltDisney	62	AGE62	162	161_WaltDisney_62_m
274	WaltDisney	60	AGE60	164	163_WaltDisney_60_m
274	WaltDisney	36	AGE36	171	170_WaltDisney_36_m
274	WaltDisney	37	AGE37	161	160_WaltDisney_37_m
275	NelsonMandela	46	AGE46	16257	16256_NelsonMandela_46_m
275	NelsonMandela	40	AGE40	16019	16018_NelsonMandela_40_m
275	NelsonMandela	72	AGE72	16242	16241_NelsonMandela_72_m
275	NelsonMandela	75	AGE75	16244	16243_NelsonMandela_75_m
275	NelsonMandela	90	AGE90	16251	16250_NelsonMandela_90_m
275	NelsonMandela	34	AGE34	16261	16260_NelsonMandela_34_m
275	NelsonMandela	19	AGE19	16237	16236_NelsonMandela_19_m
275	NelsonMandela	34	AGE34	16253	16252_NelsonMandela_34_m
275	NelsonMandela	82	AGE82	16255	16254_NelsonMandela_82_m
275	NelsonMandela	87	AGE87	16241	16240_NelsonMandela_87_m
275	NelsonMandela	76	AGE76	16258	16257_NelsonMandela_76_m
275	NelsonMandela	32	AGE32	16239	16238_NelsonMandela_32_m
275	NelsonMandela	91	AGE91	16240	16239_NelsonMandela_91_m
275	NelsonMandela	77	AGE77	16259	16258_NelsonMandela_77_m
275	NelsonMandela	89	AGE89	16252	16251_NelsonMandela_89_m
275	NelsonMandela	92	AGE92	16249	16248_NelsonMandela_92_m
275	NelsonMandela	85	AGE85	16254	16253_NelsonMandela_85_m
275	NelsonMandela	73	AGE73	16246	16245_NelsonMandela_73_m
275	NelsonMandela	72	AGE72	16248	16247_NelsonMandela_72_m
275	NelsonMandela	26	AGE26	16238	16237_NelsonMandela_26_m
275	NelsonMandela	32	AGE32	16260	16259_NelsonMandela_32_m
275	NelsonMandela	73	AGE73	16264	16263_NelsonMandela_73_m
275	NelsonMandela	74	AGE74	16245	16244_NelsonMandela_74_m
275	NelsonMandela	90	AGE90	16236	16235_NelsonMandela_90_m
275	NelsonMandela	70	AGE70	16263	16262_NelsonMandela_70_m
275	NelsonMandela	75	AGE75	16243	16242_NelsonMandela_75_m
275	NelsonMandela	82	AGE82	16250	16249_NelsonMandela_82_m
275	NelsonMandela	33	AGE33	16262	16261_NelsonMandela_33_m
275	NelsonMandela	72	AGE72	16247	16246_NelsonMandela_72_m
276	AnthonyPerkins	57	AGE57	8814	8813_AnthonyPerkins_57_m
276	AnthonyPerkins	36	AGE36	8795	8794_AnthonyPerkins_36_m
276	AnthonyPerkins	30	AGE30	8789	8788_AnthonyPerkins_30_m
276	AnthonyPerkins	59	AGE59	8817	8816_AnthonyPerkins_59_m
276	AnthonyPerkins	48	AGE48	8807	8806_AnthonyPerkins_48_m
276	AnthonyPerkins	24	AGE24	8785	8784_AnthonyPerkins_24_m
276	AnthonyPerkins	60	AGE60	8818	8817_AnthonyPerkins_60_m
276	AnthonyPerkins	20	AGE20	8782	8781_AnthonyPerkins_20_m
276	AnthonyPerkins	29	AGE29	8788	8787_AnthonyPerkins_29_m
276	AnthonyPerkins	47	AGE47	8806	8805_AnthonyPerkins_47_m
276	AnthonyPerkins	40	AGE40	8799	8798_AnthonyPerkins_40_m
276	AnthonyPerkins	55	AGE55	8812	8811_AnthonyPerkins_55_m
276	AnthonyPerkins	57	AGE57	8815	8814_AnthonyPerkins_57_m
276	AnthonyPerkins	33	AGE33	8792	8791_AnthonyPerkins_33_m
276	AnthonyPerkins	35	AGE35	8794	8793_AnthonyPerkins_35_m
276	AnthonyPerkins	28	AGE28	8787	8786_AnthonyPerkins_28_m
276	AnthonyPerkins	56	AGE56	8813	8812_AnthonyPerkins_56_m
276	AnthonyPerkins	39	AGE39	8798	8797_AnthonyPerkins_39_m
276	AnthonyPerkins	46	AGE46	8805	8804_AnthonyPerkins_46_m
276	AnthonyPerkins	42	AGE42	8801	8800_AnthonyPerkins_42_m
276	AnthonyPerkins	23	AGE23	8784	8783_AnthonyPerkins_23_m
276	AnthonyPerkins	27	AGE27	8786	8785_AnthonyPerkins_27_m
276	AnthonyPerkins	58	AGE58	8816	8815_AnthonyPerkins_58_m
276	AnthonyPerkins	43	AGE43	8802	8801_AnthonyPerkins_43_m
276	AnthonyPerkins	53	AGE53	8810	8809_AnthonyPerkins_53_m
276	AnthonyPerkins	51	AGE51	8808	8807_AnthonyPerkins_51_m
276	AnthonyPerkins	46	AGE46	8804	8803_AnthonyPerkins_46_m
276	AnthonyPerkins	52	AGE52	8809	8808_AnthonyPerkins_52_m
276	AnthonyPerkins	32	AGE32	8791	8790_AnthonyPerkins_32_m
276	AnthonyPerkins	54	AGE54	8811	8810_AnthonyPerkins_54_m
276	AnthonyPerkins	34	AGE34	8793	8792_AnthonyPerkins_34_m
276	AnthonyPerkins	38	AGE38	8797	8796_AnthonyPerkins_38_m
276	AnthonyPerkins	37	AGE37	8796	8795_AnthonyPerkins_37_m
276	AnthonyPerkins	31	AGE31	8790	8789_AnthonyPerkins_31_m
276	AnthonyPerkins	41	AGE41	8800	8799_AnthonyPerkins_41_m
276	AnthonyPerkins	21	AGE21	8783	8782_AnthonyPerkins_21_m
276	AnthonyPerkins	45	AGE45	8803	8802_AnthonyPerkins_45_m
277	AliMacGraw	32	AGE32	9919	9918_AliMacGraw_32_f
277	AliMacGraw	27	AGE27	9915	9914_AliMacGraw_27_f
277	AliMacGraw	28	AGE28	9916	9915_AliMacGraw_28_f
277	AliMacGraw	31	AGE31	9918	9917_AliMacGraw_31_f
277	AliMacGraw	72	AGE72	9944	9943_AliMacGraw_72_f
277	AliMacGraw	38	AGE38	9923	9922_AliMacGraw_38_f
277	AliMacGraw	47	AGE47	9929	9928_AliMacGraw_47_f
277	AliMacGraw	48	AGE48	9930	9929_AliMacGraw_48_f
277	AliMacGraw	74	AGE74	9946	9945_AliMacGraw_74_f
277	AliMacGraw	26	AGE26	9914	9913_AliMacGraw_26_f
277	AliMacGraw	66	AGE66	9939	9938_AliMacGraw_66_f
277	AliMacGraw	60	AGE60	9937	9936_AliMacGraw_60_f
277	AliMacGraw	63	AGE63	9938	9937_AliMacGraw_63_f
277	AliMacGraw	70	AGE70	9942	9941_AliMacGraw_70_f
277	AliMacGraw	69	AGE69	9941	9940_AliMacGraw_69_f
277	AliMacGraw	58	AGE58	9936	9935_AliMacGraw_58_f
277	AliMacGraw	49	AGE49	9931	9930_AliMacGraw_49_f
277	AliMacGraw	54	AGE54	9933	9932_AliMacGraw_54_f
277	AliMacGraw	73	AGE73	9945	9944_AliMacGraw_73_f
277	AliMacGraw	41	AGE41	9924	9923_AliMacGraw_41_f
277	AliMacGraw	71	AGE71	9943	9942_AliMacGraw_71_f
277	AliMacGraw	68	AGE68	9940	9939_AliMacGraw_68_f
277	AliMacGraw	51	AGE51	9932	9931_AliMacGraw_51_f
277	AliMacGraw	45	AGE45	9927	9926_AliMacGraw_45_f
277	AliMacGraw	54	AGE54	9934	9933_AliMacGraw_54_f
277	AliMacGraw	55	AGE55	9935	9934_AliMacGraw_55_f
277	AliMacGraw	44	AGE44	9926	9925_AliMacGraw_44_f
277	AliMacGraw	42	AGE42	9925	9924_AliMacGraw_42_f
277	AliMacGraw	29	AGE29	9917	9916_AliMacGraw_29_f
277	AliMacGraw	25	AGE25	9913	9912_AliMacGraw_25_f
277	AliMacGraw	46	AGE46	9928	9927_AliMacGraw_46_f
277	AliMacGraw	35	AGE35	9922	9921_AliMacGraw_35_f
277	AliMacGraw	34	AGE34	9921	9920_AliMacGraw_34_f
277	AliMacGraw	33	AGE33	9920	9919_AliMacGraw_33_f
278	GiorgosSeferis	62	AGE62	1378	1377_GiorgosSeferis_62_m
278	GiorgosSeferis	65	AGE65	1379	1378_GiorgosSeferis_65_m
278	GiorgosSeferis	30	AGE30	1377	1376_GiorgosSeferis_30_m
278	GiorgosSeferis	21	AGE21	1373	1372_GiorgosSeferis_21_m
278	GiorgosSeferis	65	AGE65	1376	1375_GiorgosSeferis_65_m
278	GiorgosSeferis	43	AGE43	1375	1374_GiorgosSeferis_43_m
278	GiorgosSeferis	70	AGE70	1374	1373_GiorgosSeferis_70_m
279	DorisDay	17	AGE17	9709	9708_DorisDay_17_f
279	DorisDay	68	AGE68	9741	9740_DorisDay_68_f
279	DorisDay	65	AGE65	9738	9737_DorisDay_65_f
279	DorisDay	33	AGE33	9720	9719_DorisDay_33_f
279	DorisDay	63	AGE63	9737	9736_DorisDay_63_f
279	DorisDay	54	AGE54	9735	9734_DorisDay_54_f
279	DorisDay	67	AGE67	9740	9739_DorisDay_67_f
279	DorisDay	26	AGE26	9713	9712_DorisDay_26_f
279	DorisDay	40	AGE40	9726	9725_DorisDay_40_f
279	DorisDay	36	AGE36	9723	9722_DorisDay_36_f
279	DorisDay	73	AGE73	9742	9741_DorisDay_73_f
279	DorisDay	38	AGE38	9724	9723_DorisDay_38_f
279	DorisDay	48	AGE48	9731	9730_DorisDay_48_f
279	DorisDay	76	AGE76	9743	9742_DorisDay_76_f
279	DorisDay	66	AGE66	9739	9738_DorisDay_66_f
279	DorisDay	21	AGE21	9706	9705_DorisDay_21_f
279	DorisDay	34	AGE34	9747	9746_DorisDay_34_f
279	DorisDay	35	AGE35	9722	9721_DorisDay_35_f
279	DorisDay	29	AGE29	9716	9715_DorisDay_29_f
279	DorisDay	78	AGE78	9744	9743_DorisDay_78_f
279	DorisDay	31	AGE31	9718	9717_DorisDay_31_f
279	DorisDay	28	AGE28	9715	9714_DorisDay_28_f
279	DorisDay	47	AGE47	9728	9727_DorisDay_47_f
279	DorisDay	34	AGE34	9721	9720_DorisDay_34_f
279	DorisDay	22	AGE22	9750	9749_DorisDay_22_f
279	DorisDay	48	AGE48	9702	9701_DorisDay_48_f
279	DorisDay	31	AGE31	9748	9747_DorisDay_31_f
279	DorisDay	52	AGE52	9733	9732_DorisDay_52_f
279	DorisDay	62	AGE62	9703	9702_DorisDay_62_f
279	DorisDay	51	AGE51	9732	9731_DorisDay_51_f
279	DorisDay	25	AGE25	9711	9710_DorisDay_25_f
279	DorisDay	24	AGE24	9749	9748_DorisDay_24_f
279	DorisDay	35	AGE35	9704	9703_DorisDay_35_f
279	DorisDay	32	AGE32	9719	9718_DorisDay_32_f
279	DorisDay	20	AGE20	9712	9711_DorisDay_20_f
279	DorisDay	38	AGE38	9708	9707_DorisDay_38_f
279	DorisDay	30	AGE30	9717	9716_DorisDay_30_f
279	DorisDay	23	AGE23	9710	9709_DorisDay_23_f
279	DorisDay	46	AGE46	9730	9729_DorisDay_46_f
279	DorisDay	45	AGE45	9729	9728_DorisDay_45_f
279	DorisDay	39	AGE39	9725	9724_DorisDay_39_f
279	DorisDay	33	AGE33	9707	9706_DorisDay_33_f
279	DorisDay	57	AGE57	9746	9745_DorisDay_57_f
279	DorisDay	53	AGE53	9734	9733_DorisDay_53_f
279	DorisDay	27	AGE27	9714	9713_DorisDay_27_f
279	DorisDay	82	AGE82	9745	9744_DorisDay_82_f
279	DorisDay	18	AGE18	9705	9704_DorisDay_18_f
279	DorisDay	58	AGE58	9736	9735_DorisDay_58_f
279	DorisDay	42	AGE42	9727	9726_DorisDay_42_f
280	BillNighy	65	AGE65	3066	3065_BillNighy_65_m
280	BillNighy	46	AGE46	3046	3045_BillNighy_46_m
280	BillNighy	47	AGE47	3047	3046_BillNighy_47_m
280	BillNighy	36	AGE36	3040	3039_BillNighy_36_m
280	BillNighy	42	AGE42	3042	3041_BillNighy_42_m
280	BillNighy	30	AGE30	3036	3035_BillNighy_30_m
280	BillNighy	60	AGE60	3059	3058_BillNighy_60_m
280	BillNighy	64	AGE64	3065	3064_BillNighy_64_m
280	BillNighy	33	AGE33	3038	3037_BillNighy_33_m
280	BillNighy	43	AGE43	3043	3042_BillNighy_43_m
280	BillNighy	63	AGE63	3064	3063_BillNighy_63_m
280	BillNighy	50	AGE50	3049	3048_BillNighy_50_m
280	BillNighy	61	AGE61	3061	3060_BillNighy_61_m
280	BillNighy	61	AGE61	3062	3061_BillNighy_61_m
280	BillNighy	54	AGE54	3052	3051_BillNighy_54_m
280	BillNighy	56	AGE56	3054	3053_BillNighy_56_m
280	BillNighy	49	AGE49	3048	3047_BillNighy_49_m
280	BillNighy	57	AGE57	3055	3054_BillNighy_57_m
280	BillNighy	58	AGE58	3056	3055_BillNighy_58_m
280	BillNighy	32	AGE32	3037	3036_BillNighy_32_m
280	BillNighy	53	AGE53	3051	3050_BillNighy_53_m
280	BillNighy	55	AGE55	3053	3052_BillNighy_55_m
280	BillNighy	59	AGE59	3058	3057_BillNighy_59_m
280	BillNighy	40	AGE40	3041	3040_BillNighy_40_m
280	BillNighy	45	AGE45	3045	3044_BillNighy_45_m
280	BillNighy	52	AGE52	3050	3049_BillNighy_52_m
280	BillNighy	34	AGE34	3039	3038_BillNighy_34_m
280	BillNighy	44	AGE44	3044	3043_BillNighy_44_m
280	BillNighy	59	AGE59	3057	3056_BillNighy_59_m
280	BillNighy	62	AGE62	3063	3062_BillNighy_62_m
280	BillNighy	60	AGE60	3060	3059_BillNighy_60_m
281	RutgerHauer	26	AGE26	3750	3749_RutgerHauer_26_m
281	RutgerHauer	61	AGE61	3775	3774_RutgerHauer_61_m
281	RutgerHauer	25	AGE25	3749	3748_RutgerHauer_25_m
281	RutgerHauer	46	AGE46	3766	3765_RutgerHauer_46_m
281	RutgerHauer	59	AGE59	3774	3773_RutgerHauer_59_m
281	RutgerHauer	58	AGE58	3773	3772_RutgerHauer_58_m
281	RutgerHauer	51	AGE51	3769	3768_RutgerHauer_51_m
281	RutgerHauer	36	AGE36	3758	3757_RutgerHauer_36_m
281	RutgerHauer	48	AGE48	3767	3766_RutgerHauer_48_m
281	RutgerHauer	35	AGE35	3757	3756_RutgerHauer_35_m
281	RutgerHauer	40	AGE40	3762	3761_RutgerHauer_40_m
281	RutgerHauer	66	AGE66	3776	3775_RutgerHauer_66_m
281	RutgerHauer	29	AGE29	3752	3751_RutgerHauer_29_m
281	RutgerHauer	49	AGE49	3768	3767_RutgerHauer_49_m
281	RutgerHauer	56	AGE56	3772	3771_RutgerHauer_56_m
281	RutgerHauer	31	AGE31	3753	3752_RutgerHauer_31_m
281	RutgerHauer	68	AGE68	3777	3776_RutgerHauer_68_m
281	RutgerHauer	53	AGE53	3770	3769_RutgerHauer_53_m
281	RutgerHauer	42	AGE42	3763	3762_RutgerHauer_42_m
281	RutgerHauer	34	AGE34	3756	3755_RutgerHauer_34_m
281	RutgerHauer	45	AGE45	3765	3764_RutgerHauer_45_m
281	RutgerHauer	32	AGE32	3754	3753_RutgerHauer_32_m
281	RutgerHauer	38	AGE38	3760	3759_RutgerHauer_38_m
281	RutgerHauer	54	AGE54	3771	3770_RutgerHauer_54_m
281	RutgerHauer	28	AGE28	3751	3750_RutgerHauer_28_m
281	RutgerHauer	38	AGE38	3761	3760_RutgerHauer_38_m
281	RutgerHauer	43	AGE43	3764	3763_RutgerHauer_43_m
281	RutgerHauer	33	AGE33	3755	3754_RutgerHauer_33_m
281	RutgerHauer	37	AGE37	3759	3758_RutgerHauer_37_m
282	ValerieHarper	40	AGE40	11794	11793_ValerieHarper_40_f
282	ValerieHarper	26	AGE26	11785	11784_ValerieHarper_26_f
282	ValerieHarper	51	AGE51	11798	11797_ValerieHarper_51_f
282	ValerieHarper	35	AGE35	11791	11790_ValerieHarper_35_f
282	ValerieHarper	53	AGE53	11799	11798_ValerieHarper_53_f
282	ValerieHarper	43	AGE43	11795	11794_ValerieHarper_43_f
282	ValerieHarper	61	AGE61	11802	11801_ValerieHarper_61_f
282	ValerieHarper	28	AGE28	11786	11785_ValerieHarper_28_f
282	ValerieHarper	63	AGE63	11803	11802_ValerieHarper_63_f
282	ValerieHarper	30	AGE30	11787	11786_ValerieHarper_30_f
282	ValerieHarper	32	AGE32	11789	11788_ValerieHarper_32_f
282	ValerieHarper	38	AGE38	11793	11792_ValerieHarper_38_f
282	ValerieHarper	17	AGE17	11782	11781_ValerieHarper_17_f
282	ValerieHarper	37	AGE37	11792	11791_ValerieHarper_37_f
282	ValerieHarper	70	AGE70	11807	11806_ValerieHarper_70_f
282	ValerieHarper	33	AGE33	11790	11789_ValerieHarper_33_f
282	ValerieHarper	31	AGE31	11788	11787_ValerieHarper_31_f
282	ValerieHarper	49	AGE49	11797	11796_ValerieHarper_49_f
282	ValerieHarper	69	AGE69	11806	11805_ValerieHarper_69_f
282	ValerieHarper	66	AGE66	11805	11804_ValerieHarper_66_f
282	ValerieHarper	20	AGE20	11783	11782_ValerieHarper_20_f
282	ValerieHarper	65	AGE65	11804	11803_ValerieHarper_65_f
282	ValerieHarper	44	AGE44	11796	11795_ValerieHarper_44_f
282	ValerieHarper	57	AGE57	11801	11800_ValerieHarper_57_f
282	ValerieHarper	24	AGE24	11784	11783_ValerieHarper_24_f
282	ValerieHarper	55	AGE55	11800	11799_ValerieHarper_55_f
282	ValerieHarper	71	AGE71	11808	11807_ValerieHarper_71_f
283	BettyGrable	22	AGE22	13921	13920_BettyGrable_22_f
283	BettyGrable	26	AGE26	13924	13923_BettyGrable_26_f
283	BettyGrable	21	AGE21	13920	13919_BettyGrable_21_f
283	BettyGrable	14	AGE14	13914	13913_BettyGrable_14_f
283	BettyGrable	37	AGE37	13935	13934_BettyGrable_37_f
283	BettyGrable	35	AGE35	13932	13931_BettyGrable_35_f
283	BettyGrable	31	AGE31	13928	13927_BettyGrable_31_f
283	BettyGrable	23	AGE23	13922	13921_BettyGrable_23_f
283	BettyGrable	37	AGE37	13934	13933_BettyGrable_37_f
283	BettyGrable	4	AGE4	13912	13911_BettyGrable_4_f
283	BettyGrable	25	AGE25	13923	13922_BettyGrable_25_f
283	BettyGrable	51	AGE51	13940	13939_BettyGrable_51_f
283	BettyGrable	55	AGE55	13942	13941_BettyGrable_55_f
283	BettyGrable	33	AGE33	13930	13929_BettyGrable_33_f
283	BettyGrable	36	AGE36	13933	13932_BettyGrable_36_f
283	BettyGrable	32	AGE32	13929	13928_BettyGrable_32_f
283	BettyGrable	42	AGE42	13937	13936_BettyGrable_42_f
283	BettyGrable	34	AGE34	13931	13930_BettyGrable_34_f
283	BettyGrable	20	AGE20	13918	13917_BettyGrable_20_f
283	BettyGrable	47	AGE47	13939	13938_BettyGrable_47_f
283	BettyGrable	13	AGE13	13913	13912_BettyGrable_13_f
283	BettyGrable	21	AGE21	13919	13918_BettyGrable_21_f
283	BettyGrable	17	AGE17	13915	13914_BettyGrable_17_f
283	BettyGrable	30	AGE30	13927	13926_BettyGrable_30_f
283	BettyGrable	18	AGE18	13916	13915_BettyGrable_18_f
283	BettyGrable	29	AGE29	13925	13924_BettyGrable_29_f
283	BettyGrable	45	AGE45	13938	13937_BettyGrable_45_f
283	BettyGrable	53	AGE53	13941	13940_BettyGrable_53_f
283	BettyGrable	29	AGE29	13926	13925_BettyGrable_29_f
283	BettyGrable	19	AGE19	13917	13916_BettyGrable_19_f
283	BettyGrable	41	AGE41	13936	13935_BettyGrable_41_f
284	RobertMorley	65	AGE65	7543	7542_RobertMorley_65_m
284	RobertMorley	61	AGE61	7541	7540_RobertMorley_61_m
284	RobertMorley	75	AGE75	7546	7545_RobertMorley_75_m
284	RobertMorley	62	AGE62	7542	7541_RobertMorley_62_m
284	RobertMorley	71	AGE71	7560	7559_RobertMorley_71_m
284	RobertMorley	57	AGE57	7540	7539_RobertMorley_57_m
284	RobertMorley	55	AGE55	7539	7538_RobertMorley_55_m
284	RobertMorley	29	AGE29	7528	7527_RobertMorley_29_m
284	RobertMorley	54	AGE54	7555	7554_RobertMorley_54_m
284	RobertMorley	49	AGE49	7551	7550_RobertMorley_49_m
284	RobertMorley	51	AGE51	7553	7552_RobertMorley_51_m
284	RobertMorley	30	AGE30	7529	7528_RobertMorley_30_m
284	RobertMorley	50	AGE50	7552	7551_RobertMorley_50_m
284	RobertMorley	48	AGE48	7550	7549_RobertMorley_48_m
284	RobertMorley	56	AGE56	7556	7555_RobertMorley_56_m
284	RobertMorley	53	AGE53	7538	7537_RobertMorley_53_m
284	RobertMorley	59	AGE59	7558	7557_RobertMorley_59_m
284	RobertMorley	67	AGE67	7559	7558_RobertMorley_67_m
284	RobertMorley	47	AGE47	7537	7536_RobertMorley_47_m
284	RobertMorley	58	AGE58	7557	7556_RobertMorley_58_m
284	RobertMorley	34	AGE34	7531	7530_RobertMorley_34_m
284	RobertMorley	70	AGE70	7544	7543_RobertMorley_70_m
284	RobertMorley	46	AGE46	7549	7548_RobertMorley_46_m
284	RobertMorley	45	AGE45	7536	7535_RobertMorley_45_m
284	RobertMorley	43	AGE43	7534	7533_RobertMorley_43_m
284	RobertMorley	44	AGE44	7535	7534_RobertMorley_44_m
284	RobertMorley	73	AGE73	7545	7544_RobertMorley_73_m
284	RobertMorley	41	AGE41	7533	7532_RobertMorley_41_m
284	RobertMorley	82	AGE82	7548	7547_RobertMorley_82_m
284	RobertMorley	52	AGE52	7554	7553_RobertMorley_52_m
284	RobertMorley	37	AGE37	7532	7531_RobertMorley_37_m
284	RobertMorley	32	AGE32	7530	7529_RobertMorley_32_m
284	RobertMorley	77	AGE77	7561	7560_RobertMorley_77_m
284	RobertMorley	81	AGE81	7547	7546_RobertMorley_81_m
285	RyanONeal	19	AGE19	2864	2863_RyanONeal_19_m
285	RyanONeal	28	AGE28	2849	2848_RyanONeal_28_m
285	RyanONeal	71	AGE71	2869	2868_RyanONeal_71_m
285	RyanONeal	34	AGE34	2853	2852_RyanONeal_34_m
285	RyanONeal	64	AGE64	2859	2858_RyanONeal_64_m
285	RyanONeal	70	AGE70	2862	2861_RyanONeal_70_m
285	RyanONeal	37	AGE37	2854	2853_RyanONeal_37_m
285	RyanONeal	32	AGE32	2852	2851_RyanONeal_32_m
285	RyanONeal	27	AGE27	2845	2844_RyanONeal_27_m
285	RyanONeal	29	AGE29	2846	2845_RyanONeal_29_m
285	RyanONeal	39	AGE39	2855	2854_RyanONeal_39_m
285	RyanONeal	68	AGE68	2861	2860_RyanONeal_68_m
285	RyanONeal	67	AGE67	2868	2867_RyanONeal_67_m
285	RyanONeal	24	AGE24	2870	2869_RyanONeal_24_m
285	RyanONeal	20	AGE20	2848	2847_RyanONeal_20_m
285	RyanONeal	48	AGE48	2858	2857_RyanONeal_48_m
285	RyanONeal	46	AGE46	2857	2856_RyanONeal_46_m
285	RyanONeal	21	AGE21	2844	2843_RyanONeal_21_m
285	RyanONeal	71	AGE71	2863	2862_RyanONeal_71_m
285	RyanONeal	24	AGE24	2847	2846_RyanONeal_24_m
285	RyanONeal	68	AGE68	2871	2870_RyanONeal_68_m
285	RyanONeal	61	AGE61	2867	2866_RyanONeal_61_m
285	RyanONeal	67	AGE67	2865	2864_RyanONeal_67_m
285	RyanONeal	23	AGE23	2866	2865_RyanONeal_23_m
285	RyanONeal	43	AGE43	2856	2855_RyanONeal_43_m
285	RyanONeal	29	AGE29	2850	2849_RyanONeal_29_m
285	RyanONeal	58	AGE58	2860	2859_RyanONeal_58_m
285	RyanONeal	31	AGE31	2851	2850_RyanONeal_31_m
286	CydCharisse	48	AGE48	15193	15192_CydCharisse_48_f
286	CydCharisse	36	AGE36	15185	15184_CydCharisse_36_f
286	CydCharisse	72	AGE72	15202	15201_CydCharisse_72_f
286	CydCharisse	43	AGE43	15190	15189_CydCharisse_43_f
286	CydCharisse	44	AGE44	15191	15190_CydCharisse_44_f
286	CydCharisse	51	AGE51	15194	15193_CydCharisse_51_f
286	CydCharisse	81	AGE81	15209	15208_CydCharisse_81_f
286	CydCharisse	75	AGE75	15204	15203_CydCharisse_75_f
286	CydCharisse	80	AGE80	15208	15207_CydCharisse_80_f
286	CydCharisse	30	AGE30	15180	15179_CydCharisse_30_f
286	CydCharisse	77	AGE77	15205	15204_CydCharisse_77_f
286	CydCharisse	83	AGE83	15211	15210_CydCharisse_83_f
286	CydCharisse	68	AGE68	15200	15199_CydCharisse_68_f
286	CydCharisse	38	AGE38	15186	15185_CydCharisse_38_f
286	CydCharisse	82	AGE82	15210	15209_CydCharisse_82_f
286	CydCharisse	78	AGE78	15206	15205_CydCharisse_78_f
286	CydCharisse	33	AGE33	15182	15181_CydCharisse_33_f
286	CydCharisse	32	AGE32	15181	15180_CydCharisse_32_f
286	CydCharisse	67	AGE67	15199	15198_CydCharisse_67_f
286	CydCharisse	31	AGE31	15187	15186_CydCharisse_31_f
286	CydCharisse	27	AGE27	15179	15178_CydCharisse_27_f
286	CydCharisse	53	AGE53	15195	15194_CydCharisse_53_f
286	CydCharisse	40	AGE40	15188	15187_CydCharisse_40_f
286	CydCharisse	79	AGE79	15207	15206_CydCharisse_79_f
286	CydCharisse	60	AGE60	15196	15195_CydCharisse_60_f
286	CydCharisse	73	AGE73	15203	15202_CydCharisse_73_f
286	CydCharisse	65	AGE65	15198	15197_CydCharisse_65_f
286	CydCharisse	41	AGE41	15189	15188_CydCharisse_41_f
286	CydCharisse	46	AGE46	15192	15191_CydCharisse_46_f
286	CydCharisse	63	AGE63	15197	15196_CydCharisse_63_f
286	CydCharisse	34	AGE34	15183	15182_CydCharisse_34_f
286	CydCharisse	84	AGE84	15213	15212_CydCharisse_84_f
286	CydCharisse	35	AGE35	15184	15183_CydCharisse_35_f
286	CydCharisse	85	AGE85	15214	15213_CydCharisse_85_f
286	CydCharisse	70	AGE70	15201	15200_CydCharisse_70_f
286	CydCharisse	83	AGE83	15212	15211_CydCharisse_83_f
287	JosephCotten	6	AGE6	7210	7209_JosephCotten_6_m
287	JosephCotten	37	AGE37	7214	7213_JosephCotten_37_m
287	JosephCotten	66	AGE66	7237	7236_JosephCotten_66_m
287	JosephCotten	69	AGE69	7239	7238_JosephCotten_69_m
287	JosephCotten	67	AGE67	7238	7237_JosephCotten_67_m
287	JosephCotten	62	AGE62	7235	7234_JosephCotten_62_m
287	JosephCotten	46	AGE46	7220	7219_JosephCotten_46_m
287	JosephCotten	41	AGE41	7231	7230_JosephCotten_41_m
287	JosephCotten	87	AGE87	7230	7229_JosephCotten_87_m
287	JosephCotten	38	AGE38	7216	7215_JosephCotten_38_m
287	JosephCotten	60	AGE60	7226	7225_JosephCotten_60_m
287	JosephCotten	72	AGE72	7227	7226_JosephCotten_72_m
287	JosephCotten	47	AGE47	7221	7220_JosephCotten_47_m
287	JosephCotten	80	AGE80	7242	7241_JosephCotten_80_m
287	JosephCotten	48	AGE48	7222	7221_JosephCotten_48_m
287	JosephCotten	59	AGE59	7233	7232_JosephCotten_59_m
287	JosephCotten	36	AGE36	7213	7212_JosephCotten_36_m
287	JosephCotten	50	AGE50	7223	7222_JosephCotten_50_m
287	JosephCotten	42	AGE42	7219	7218_JosephCotten_42_m
287	JosephCotten	54	AGE54	7232	7231_JosephCotten_54_m
287	JosephCotten	39	AGE39	7217	7216_JosephCotten_39_m
287	JosephCotten	85	AGE85	7229	7228_JosephCotten_85_m
287	JosephCotten	35	AGE35	7212	7211_JosephCotten_35_m
287	JosephCotten	64	AGE64	7236	7235_JosephCotten_64_m
287	JosephCotten	51	AGE51	7224	7223_JosephCotten_51_m
287	JosephCotten	38	AGE38	7215	7214_JosephCotten_38_m
287	JosephCotten	55	AGE55	7225	7224_JosephCotten_55_m
287	JosephCotten	74	AGE74	7228	7227_JosephCotten_74_m
287	JosephCotten	70	AGE70	7240	7239_JosephCotten_70_m
287	JosephCotten	33	AGE33	7211	7210_JosephCotten_33_m
287	JosephCotten	40	AGE40	7218	7217_JosephCotten_40_m
287	JosephCotten	76	AGE76	7241	7240_JosephCotten_76_m
287	JosephCotten	61	AGE61	7234	7233_JosephCotten_61_m
288	AnitaEkberg	30	AGE30	10346	10345_AnitaEkberg_30_f
288	AnitaEkberg	43	AGE43	10356	10355_AnitaEkberg_43_f
288	AnitaEkberg	75	AGE75	10368	10367_AnitaEkberg_75_f
288	AnitaEkberg	67	AGE67	10364	10363_AnitaEkberg_67_f
288	AnitaEkberg	49	AGE49	10358	10357_AnitaEkberg_49_f
288	AnitaEkberg	79	AGE79	10369	10368_AnitaEkberg_79_f
288	AnitaEkberg	22	AGE22	10336	10335_AnitaEkberg_22_f
288	AnitaEkberg	41	AGE41	10355	10354_AnitaEkberg_41_f
288	AnitaEkberg	21	AGE21	10335	10334_AnitaEkberg_21_f
288	AnitaEkberg	39	AGE39	10354	10353_AnitaEkberg_39_f
288	AnitaEkberg	29	AGE29	10344	10343_AnitaEkberg_29_f
288	AnitaEkberg	31	AGE31	10347	10346_AnitaEkberg_31_f
288	AnitaEkberg	56	AGE56	10360	10359_AnitaEkberg_56_f
288	AnitaEkberg	51	AGE51	10359	10358_AnitaEkberg_51_f
288	AnitaEkberg	28	AGE28	10343	10342_AnitaEkberg_28_f
288	AnitaEkberg	30	AGE30	10345	10344_AnitaEkberg_30_f
288	AnitaEkberg	36	AGE36	10352	10351_AnitaEkberg_36_f
288	AnitaEkberg	23	AGE23	10337	10336_AnitaEkberg_23_f
288	AnitaEkberg	74	AGE74	10367	10366_AnitaEkberg_74_f
288	AnitaEkberg	72	AGE72	10366	10365_AnitaEkberg_72_f
288	AnitaEkberg	27	AGE27	10342	10341_AnitaEkberg_27_f
288	AnitaEkberg	20	AGE20	10334	10333_AnitaEkberg_20_f
288	AnitaEkberg	38	AGE38	10353	10352_AnitaEkberg_38_f
288	AnitaEkberg	25	AGE25	10339	10338_AnitaEkberg_25_f
288	AnitaEkberg	34	AGE34	10350	10349_AnitaEkberg_34_f
288	AnitaEkberg	63	AGE63	10362	10361_AnitaEkberg_63_f
288	AnitaEkberg	61	AGE61	10361	10360_AnitaEkberg_61_f
288	AnitaEkberg	26	AGE26	10340	10339_AnitaEkberg_26_f
288	AnitaEkberg	33	AGE33	10349	10348_AnitaEkberg_33_f
288	AnitaEkberg	47	AGE47	10357	10356_AnitaEkberg_47_f
288	AnitaEkberg	35	AGE35	10351	10350_AnitaEkberg_35_f
288	AnitaEkberg	32	AGE32	10348	10347_AnitaEkberg_32_f
288	AnitaEkberg	82	AGE82	10370	10369_AnitaEkberg_82_f
288	AnitaEkberg	71	AGE71	10365	10364_AnitaEkberg_71_f
288	AnitaEkberg	26	AGE26	10341	10340_AnitaEkberg_26_f
288	AnitaEkberg	24	AGE24	10338	10337_AnitaEkberg_24_f
289	JohnWayne	28	AGE28	7208	7207_JohnWayne_28_m
289	JohnWayne	71	AGE71	7204	7203_JohnWayne_71_m
289	JohnWayne	41	AGE41	7194	7193_JohnWayne_41_m
289	JohnWayne	71	AGE71	7203	7202_JohnWayne_71_m
289	JohnWayne	68	AGE68	7202	7201_JohnWayne_68_m
289	JohnWayne	34	AGE34	7188	7187_JohnWayne_34_m
289	JohnWayne	34	AGE34	7185	7184_JohnWayne_34_m
289	JohnWayne	34	AGE34	7195	7194_JohnWayne_34_m
289	JohnWayne	68	AGE68	7200	7199_JohnWayne_68_m
289	JohnWayne	34	AGE34	7206	7205_JohnWayne_34_m
289	JohnWayne	45	AGE45	7187	7186_JohnWayne_45_m
289	JohnWayne	43	AGE43	7189	7188_JohnWayne_43_m
289	JohnWayne	40	AGE40	7196	7195_JohnWayne_40_m
289	JohnWayne	67	AGE67	7199	7198_JohnWayne_67_m
289	JohnWayne	34	AGE34	7192	7191_JohnWayne_34_m
289	JohnWayne	45	AGE45	7190	7189_JohnWayne_45_m
289	JohnWayne	49	AGE49	7197	7196_JohnWayne_49_m
289	JohnWayne	39	AGE39	7191	7190_JohnWayne_39_m
289	JohnWayne	25	AGE25	7205	7204_JohnWayne_25_m
289	JohnWayne	35	AGE35	7193	7192_JohnWayne_35_m
289	JohnWayne	62	AGE62	7198	7197_JohnWayne_62_m
289	JohnWayne	45	AGE45	7186	7185_JohnWayne_45_m
289	JohnWayne	69	AGE69	7201	7200_JohnWayne_69_m
289	JohnWayne	42	AGE42	7209	7208_JohnWayne_42_m
289	JohnWayne	36	AGE36	7207	7206_JohnWayne_36_m
290	CHARLIERUGGLES	75	AGE75	9524	9523_CHARLIERUGGLES_75_m
290	CHARLIERUGGLES	56	AGE56	9515	9514_CHARLIERUGGLES_56_m
290	CHARLIERUGGLES	69	AGE69	9520	9519_CHARLIERUGGLES_69_m
290	CHARLIERUGGLES	62	AGE62	9518	9517_CHARLIERUGGLES_62_m
290	CHARLIERUGGLES	71	AGE71	9521	9520_CHARLIERUGGLES_71_m
290	CHARLIERUGGLES	76	AGE76	9525	9524_CHARLIERUGGLES_76_m
290	CHARLIERUGGLES	79	AGE79	9528	9527_CHARLIERUGGLES_79_m
290	CHARLIERUGGLES	81	AGE81	9510	9509_CHARLIERUGGLES_81_m
290	CHARLIERUGGLES	78	AGE78	9527	9526_CHARLIERUGGLES_78_m
290	CHARLIERUGGLES	82	AGE82	9530	9529_CHARLIERUGGLES_82_m
290	CHARLIERUGGLES	73	AGE73	9522	9521_CHARLIERUGGLES_73_m
290	CHARLIERUGGLES	42	AGE42	9502	9501_CHARLIERUGGLES_42_m
290	CHARLIERUGGLES	47	AGE47	9507	9506_CHARLIERUGGLES_47_m
290	CHARLIERUGGLES	50	AGE50	9511	9510_CHARLIERUGGLES_50_m
290	CHARLIERUGGLES	58	AGE58	9516	9515_CHARLIERUGGLES_58_m
290	CHARLIERUGGLES	40	AGE40	9501	9500_CHARLIERUGGLES_40_m
290	CHARLIERUGGLES	77	AGE77	9526	9525_CHARLIERUGGLES_77_m
290	CHARLIERUGGLES	43	AGE43	9503	9502_CHARLIERUGGLES_43_m
290	CHARLIERUGGLES	52	AGE52	9513	9512_CHARLIERUGGLES_52_m
290	CHARLIERUGGLES	46	AGE46	9506	9505_CHARLIERUGGLES_46_m
290	CHARLIERUGGLES	65	AGE65	9519	9518_CHARLIERUGGLES_65_m
290	CHARLIERUGGLES	60	AGE60	9517	9516_CHARLIERUGGLES_60_m
290	CHARLIERUGGLES	80	AGE80	9529	9528_CHARLIERUGGLES_80_m
290	CHARLIERUGGLES	44	AGE44	9504	9503_CHARLIERUGGLES_44_m
290	CHARLIERUGGLES	54	AGE54	9514	9513_CHARLIERUGGLES_54_m
290	CHARLIERUGGLES	45	AGE45	9505	9504_CHARLIERUGGLES_45_m
290	CHARLIERUGGLES	83	AGE83	9531	9530_CHARLIERUGGLES_83_m
290	CHARLIERUGGLES	51	AGE51	9512	9511_CHARLIERUGGLES_51_m
290	CHARLIERUGGLES	49	AGE49	9509	9508_CHARLIERUGGLES_49_m
290	CHARLIERUGGLES	74	AGE74	9523	9522_CHARLIERUGGLES_74_m
290	CHARLIERUGGLES	48	AGE48	9508	9507_CHARLIERUGGLES_48_m
291	IlyaPrigogine	57	AGE57	1272	1271_IlyaPrigogine_57_m
291	IlyaPrigogine	80	AGE80	1281	1280_IlyaPrigogine_80_m
291	IlyaPrigogine	80	AGE80	1282	1281_IlyaPrigogine_80_m
291	IlyaPrigogine	72	AGE72	1277	1276_IlyaPrigogine_72_m
291	IlyaPrigogine	70	AGE70	1274	1273_IlyaPrigogine_70_m
291	IlyaPrigogine	65	AGE65	1268	1267_IlyaPrigogine_65_m
291	IlyaPrigogine	62	AGE62	1279	1278_IlyaPrigogine_62_m
291	IlyaPrigogine	78	AGE78	1270	1269_IlyaPrigogine_78_m
291	IlyaPrigogine	57	AGE57	1271	1270_IlyaPrigogine_57_m
291	IlyaPrigogine	73	AGE73	1276	1275_IlyaPrigogine_73_m
291	IlyaPrigogine	73	AGE73	1275	1274_IlyaPrigogine_73_m
291	IlyaPrigogine	80	AGE80	1280	1279_IlyaPrigogine_80_m
291	IlyaPrigogine	55	AGE55	1273	1272_IlyaPrigogine_55_m
291	IlyaPrigogine	82	AGE82	1269	1268_IlyaPrigogine_82_m
291	IlyaPrigogine	68	AGE68	1278	1277_IlyaPrigogine_68_m
292	KathrynHays	41	AGE41	10571	10570_KathrynHays_41_f
292	KathrynHays	40	AGE40	10570	10569_KathrynHays_40_f
292	KathrynHays	22	AGE22	10558	10557_KathrynHays_22_f
292	KathrynHays	32	AGE32	10563	10562_KathrynHays_32_f
292	KathrynHays	34	AGE34	10565	10564_KathrynHays_34_f
292	KathrynHays	25	AGE25	10560	10559_KathrynHays_25_f
292	KathrynHays	30	AGE30	10561	10560_KathrynHays_30_f
292	KathrynHays	75	AGE75	10583	10582_KathrynHays_75_f
292	KathrynHays	45	AGE45	10572	10571_KathrynHays_45_f
292	KathrynHays	31	AGE31	10562	10561_KathrynHays_31_f
292	KathrynHays	77	AGE77	10584	10583_KathrynHays_77_f
292	KathrynHays	35	AGE35	10566	10565_KathrynHays_35_f
292	KathrynHays	57	AGE57	10575	10574_KathrynHays_57_f
292	KathrynHays	63	AGE63	10578	10577_KathrynHays_63_f
292	KathrynHays	23	AGE23	10559	10558_KathrynHays_23_f
292	KathrynHays	17	AGE17	10556	10555_KathrynHays_17_f
292	KathrynHays	65	AGE65	10579	10578_KathrynHays_65_f
292	KathrynHays	67	AGE67	10580	10579_KathrynHays_67_f
292	KathrynHays	47	AGE47	10573	10572_KathrynHays_47_f
292	KathrynHays	62	AGE62	10577	10576_KathrynHays_62_f
292	KathrynHays	70	AGE70	10581	10580_KathrynHays_70_f
292	KathrynHays	20	AGE20	10557	10556_KathrynHays_20_f
292	KathrynHays	33	AGE33	10564	10563_KathrynHays_33_f
292	KathrynHays	37	AGE37	10568	10567_KathrynHays_37_f
292	KathrynHays	36	AGE36	10567	10566_KathrynHays_36_f
292	KathrynHays	72	AGE72	10582	10581_KathrynHays_72_f
292	KathrynHays	51	AGE51	10574	10573_KathrynHays_51_f
292	KathrynHays	38	AGE38	10569	10568_KathrynHays_38_f
292	KathrynHays	59	AGE59	10576	10575_KathrynHays_59_f
293	PeterGraves	25	AGE25	6670	6669_PeterGraves_25_m
293	PeterGraves	61	AGE61	6691	6690_PeterGraves_61_m
293	PeterGraves	27	AGE27	6672	6671_PeterGraves_27_m
293	PeterGraves	53	AGE53	6687	6686_PeterGraves_53_m
293	PeterGraves	51	AGE51	6702	6701_PeterGraves_51_m
293	PeterGraves	83	AGE83	6708	6707_PeterGraves_83_m
293	PeterGraves	70	AGE70	6694	6693_PeterGraves_70_m
293	PeterGraves	46	AGE46	6701	6700_PeterGraves_46_m
293	PeterGraves	40	AGE40	6681	6680_PeterGraves_40_m
293	PeterGraves	66	AGE66	6692	6691_PeterGraves_66_m
293	PeterGraves	42	AGE42	6700	6699_PeterGraves_42_m
293	PeterGraves	54	AGE54	6704	6703_PeterGraves_54_m
293	PeterGraves	23	AGE23	6668	6667_PeterGraves_23_m
293	PeterGraves	56	AGE56	6688	6687_PeterGraves_56_m
293	PeterGraves	79	AGE79	6696	6695_PeterGraves_79_m
293	PeterGraves	77	AGE77	6707	6706_PeterGraves_77_m
293	PeterGraves	39	AGE39	6680	6679_PeterGraves_39_m
293	PeterGraves	82	AGE82	6699	6698_PeterGraves_82_m
293	PeterGraves	52	AGE52	6703	6702_PeterGraves_52_m
293	PeterGraves	80	AGE80	6697	6696_PeterGraves_80_m
293	PeterGraves	37	AGE37	6679	6678_PeterGraves_37_m
293	PeterGraves	45	AGE45	6685	6684_PeterGraves_45_m
293	PeterGraves	44	AGE44	6684	6683_PeterGraves_44_m
293	PeterGraves	57	AGE57	6689	6688_PeterGraves_57_m
293	PeterGraves	36	AGE36	6678	6677_PeterGraves_36_m
293	PeterGraves	31	AGE31	6676	6675_PeterGraves_31_m
293	PeterGraves	81	AGE81	6698	6697_PeterGraves_81_m
293	PeterGraves	24	AGE24	6669	6668_PeterGraves_24_m
293	PeterGraves	43	AGE43	6683	6682_PeterGraves_43_m
293	PeterGraves	41	AGE41	6682	6681_PeterGraves_41_m
293	PeterGraves	34	AGE34	6677	6676_PeterGraves_34_m
293	PeterGraves	72	AGE72	6706	6705_PeterGraves_72_m
293	PeterGraves	29	AGE29	6674	6673_PeterGraves_29_m
293	PeterGraves	26	AGE26	6671	6670_PeterGraves_26_m
293	PeterGraves	69	AGE69	6693	6692_PeterGraves_69_m
293	PeterGraves	62	AGE62	6705	6704_PeterGraves_62_m
293	PeterGraves	30	AGE30	6675	6674_PeterGraves_30_m
293	PeterGraves	48	AGE48	6686	6685_PeterGraves_48_m
293	PeterGraves	60	AGE60	6690	6689_PeterGraves_60_m
293	PeterGraves	28	AGE28	6673	6672_PeterGraves_28_m
293	PeterGraves	75	AGE75	6695	6694_PeterGraves_75_m
294	JamieLeeCurtis	26	AGE26	12676	12675_JamieLeeCurtis_26_f
294	JamieLeeCurtis	22	AGE22	12674	12673_JamieLeeCurtis_22_f
294	JamieLeeCurtis	51	AGE51	12693	12692_JamieLeeCurtis_51_f
294	JamieLeeCurtis	40	AGE40	12684	12683_JamieLeeCurtis_40_f
294	JamieLeeCurtis	38	AGE38	12682	12681_JamieLeeCurtis_38_f
294	JamieLeeCurtis	21	AGE21	12673	12672_JamieLeeCurtis_21_f
294	JamieLeeCurtis	33	AGE33	12698	12697_JamieLeeCurtis_33_f
294	JamieLeeCurtis	29	AGE29	12678	12677_JamieLeeCurtis_29_f
294	JamieLeeCurtis	52	AGE52	12694	12693_JamieLeeCurtis_52_f
294	JamieLeeCurtis	50	AGE50	12696	12695_JamieLeeCurtis_50_f
294	JamieLeeCurtis	20	AGE20	12672	12671_JamieLeeCurtis_20_f
294	JamieLeeCurtis	55	AGE55	12695	12694_JamieLeeCurtis_55_f
294	JamieLeeCurtis	45	AGE45	12687	12686_JamieLeeCurtis_45_f
294	JamieLeeCurtis	28	AGE28	12697	12696_JamieLeeCurtis_28_f
294	JamieLeeCurtis	39	AGE39	12683	12682_JamieLeeCurtis_39_f
294	JamieLeeCurtis	31	AGE31	12679	12678_JamieLeeCurtis_31_f
294	JamieLeeCurtis	48	AGE48	12690	12689_JamieLeeCurtis_48_f
294	JamieLeeCurtis	25	AGE25	12675	12674_JamieLeeCurtis_25_f
294	JamieLeeCurtis	27	AGE27	12677	12676_JamieLeeCurtis_27_f
294	JamieLeeCurtis	50	AGE50	12692	12691_JamieLeeCurtis_50_f
294	JamieLeeCurtis	46	AGE46	12689	12688_JamieLeeCurtis_46_f
294	JamieLeeCurtis	42	AGE42	12686	12685_JamieLeeCurtis_42_f
294	JamieLeeCurtis	49	AGE49	12691	12690_JamieLeeCurtis_49_f
294	JamieLeeCurtis	41	AGE41	12685	12684_JamieLeeCurtis_41_f
294	JamieLeeCurtis	34	AGE34	12680	12679_JamieLeeCurtis_34_f
294	JamieLeeCurtis	38	AGE38	12681	12680_JamieLeeCurtis_38_f
294	JamieLeeCurtis	47	AGE47	12701	12700_JamieLeeCurtis_47_f
294	JamieLeeCurtis	46	AGE46	12688	12687_JamieLeeCurtis_46_f
294	JamieLeeCurtis	43	AGE43	12700	12699_JamieLeeCurtis_43_f
294	JamieLeeCurtis	36	AGE36	12699	12698_JamieLeeCurtis_36_f
295	JanetEllis	30	AGE30	15435	15434_JanetEllis_30_f
295	JanetEllis	7	AGE7	15422	15421_JanetEllis_7_f
295	JanetEllis	28	AGE28	15433	15432_JanetEllis_28_f
295	JanetEllis	49	AGE49	15447	15446_JanetEllis_49_f
295	JanetEllis	54	AGE54	15452	15451_JanetEllis_54_f
295	JanetEllis	56	AGE56	15454	15453_JanetEllis_56_f
295	JanetEllis	58	AGE58	15456	15455_JanetEllis_58_f
295	JanetEllis	53	AGE53	15451	15450_JanetEllis_53_f
295	JanetEllis	27	AGE27	15432	15431_JanetEllis_27_f
295	JanetEllis	46	AGE46	15445	15444_JanetEllis_46_f
295	JanetEllis	24	AGE24	15427	15426_JanetEllis_24_f
295	JanetEllis	34	AGE34	15439	15438_JanetEllis_34_f
295	JanetEllis	21	AGE21	15424	15423_JanetEllis_21_f
295	JanetEllis	35	AGE35	15440	15439_JanetEllis_35_f
295	JanetEllis	37	AGE37	15442	15441_JanetEllis_37_f
295	JanetEllis	39	AGE39	15443	15442_JanetEllis_39_f
295	JanetEllis	27	AGE27	15431	15430_JanetEllis_27_f
295	JanetEllis	36	AGE36	15441	15440_JanetEllis_36_f
295	JanetEllis	50	AGE50	15448	15447_JanetEllis_50_f
295	JanetEllis	23	AGE23	15426	15425_JanetEllis_23_f
295	JanetEllis	32	AGE32	15437	15436_JanetEllis_32_f
295	JanetEllis	33	AGE33	15438	15437_JanetEllis_33_f
295	JanetEllis	51	AGE51	15449	15448_JanetEllis_51_f
295	JanetEllis	22	AGE22	15425	15424_JanetEllis_22_f
295	JanetEllis	55	AGE55	15453	15452_JanetEllis_55_f
295	JanetEllis	29	AGE29	15434	15433_JanetEllis_29_f
295	JanetEllis	43	AGE43	15444	15443_JanetEllis_43_f
295	JanetEllis	20	AGE20	15423	15422_JanetEllis_20_f
295	JanetEllis	26	AGE26	15429	15428_JanetEllis_26_f
295	JanetEllis	60	AGE60	15458	15457_JanetEllis_60_f
295	JanetEllis	31	AGE31	15436	15435_JanetEllis_31_f
295	JanetEllis	25	AGE25	15428	15427_JanetEllis_25_f
295	JanetEllis	57	AGE57	15455	15454_JanetEllis_57_f
295	JanetEllis	48	AGE48	15446	15445_JanetEllis_48_f
295	JanetEllis	26	AGE26	15430	15429_JanetEllis_26_f
295	JanetEllis	52	AGE52	15450	15449_JanetEllis_52_f
295	JanetEllis	59	AGE59	15457	15456_JanetEllis_59_f
296	JaneRussell	33	AGE33	13117	13116_JaneRussell_33_f
296	JaneRussell	59	AGE59	13129	13128_JaneRussell_59_f
296	JaneRussell	85	AGE85	13137	13136_JaneRussell_85_f
296	JaneRussell	88	AGE88	13140	13139_JaneRussell_88_f
296	JaneRussell	64	AGE64	13130	13129_JaneRussell_64_f
296	JaneRussell	19	AGE19	13110	13109_JaneRussell_19_f
296	JaneRussell	37	AGE37	13120	13119_JaneRussell_37_f
296	JaneRussell	55	AGE55	13128	13127_JaneRussell_55_f
296	JaneRussell	21	AGE21	13111	13110_JaneRussell_21_f
296	JaneRussell	45	AGE45	13124	13123_JaneRussell_45_f
296	JaneRussell	86	AGE86	13138	13137_JaneRussell_86_f
296	JaneRussell	39	AGE39	13121	13120_JaneRussell_39_f
296	JaneRussell	50	AGE50	13126	13125_JaneRussell_50_f
296	JaneRussell	87	AGE87	13139	13138_JaneRussell_87_f
296	JaneRussell	42	AGE42	13122	13121_JaneRussell_42_f
296	JaneRussell	31	AGE31	13114	13113_JaneRussell_31_f
296	JaneRussell	82	AGE82	13135	13134_JaneRussell_82_f
296	JaneRussell	30	AGE30	13113	13112_JaneRussell_30_f
296	JaneRussell	84	AGE84	13136	13135_JaneRussell_84_f
296	JaneRussell	27	AGE27	13112	13111_JaneRussell_27_f
296	JaneRussell	35	AGE35	13119	13118_JaneRussell_35_f
296	JaneRussell	52	AGE52	13127	13126_JaneRussell_52_f
296	JaneRussell	31	AGE31	13115	13114_JaneRussell_31_f
296	JaneRussell	43	AGE43	13123	13122_JaneRussell_43_f
296	JaneRussell	67	AGE67	13131	13130_JaneRussell_67_f
296	JaneRussell	48	AGE48	13125	13124_JaneRussell_48_f
296	JaneRussell	34	AGE34	13118	13117_JaneRussell_34_f
296	JaneRussell	69	AGE69	13132	13131_JaneRussell_69_f
296	JaneRussell	76	AGE76	13133	13132_JaneRussell_76_f
296	JaneRussell	80	AGE80	13134	13133_JaneRussell_80_f
296	JaneRussell	32	AGE32	13116	13115_JaneRussell_32_f
297	TildaSwinton	39	AGE39	11769	11768_TildaSwinton_39_f
297	TildaSwinton	27	AGE27	11764	11763_TildaSwinton_27_f
297	TildaSwinton	50	AGE50	11780	11779_TildaSwinton_50_f
297	TildaSwinton	46	AGE46	11776	11775_TildaSwinton_46_f
297	TildaSwinton	38	AGE38	11768	11767_TildaSwinton_38_f
297	TildaSwinton	24	AGE24	11762	11761_TildaSwinton_24_f
297	TildaSwinton	49	AGE49	11779	11778_TildaSwinton_49_f
297	TildaSwinton	40	AGE40	11770	11769_TildaSwinton_40_f
297	TildaSwinton	41	AGE41	11771	11770_TildaSwinton_41_f
297	TildaSwinton	47	AGE47	11777	11776_TildaSwinton_47_f
297	TildaSwinton	45	AGE45	11775	11774_TildaSwinton_45_f
297	TildaSwinton	28	AGE28	11765	11764_TildaSwinton_28_f
297	TildaSwinton	52	AGE52	11781	11780_TildaSwinton_52_f
297	TildaSwinton	29	AGE29	11766	11765_TildaSwinton_29_f
297	TildaSwinton	25	AGE25	11763	11762_TildaSwinton_25_f
297	TildaSwinton	42	AGE42	11772	11771_TildaSwinton_42_f
297	TildaSwinton	48	AGE48	11778	11777_TildaSwinton_48_f
297	TildaSwinton	43	AGE43	11773	11772_TildaSwinton_43_f
297	TildaSwinton	32	AGE32	11767	11766_TildaSwinton_32_f
297	TildaSwinton	44	AGE44	11774	11773_TildaSwinton_44_f
298	FrankSinatra	65	AGE65	8630	8629_FrankSinatra_65_m
298	FrankSinatra	55	AGE55	8618	8617_FrankSinatra_55_m
298	FrankSinatra	43	AGE43	8619	8618_FrankSinatra_43_m
298	FrankSinatra	51	AGE51	8635	8634_FrankSinatra_51_m
298	FrankSinatra	40	AGE40	8625	8624_FrankSinatra_40_m
298	FrankSinatra	53	AGE53	8612	8611_FrankSinatra_53_m
298	FrankSinatra	40	AGE40	8626	8625_FrankSinatra_40_m
298	FrankSinatra	32	AGE32	8611	8610_FrankSinatra_32_m
298	FrankSinatra	62	AGE62	8614	8613_FrankSinatra_62_m
298	FrankSinatra	43	AGE43	8629	8628_FrankSinatra_43_m
298	FrankSinatra	47	AGE47	8615	8614_FrankSinatra_47_m
298	FrankSinatra	27	AGE27	8634	8633_FrankSinatra_27_m
298	FrankSinatra	57	AGE57	8613	8612_FrankSinatra_57_m
298	FrankSinatra	45	AGE45	8616	8615_FrankSinatra_45_m
298	FrankSinatra	35	AGE35	8622	8621_FrankSinatra_35_m
298	FrankSinatra	38	AGE38	8620	8619_FrankSinatra_38_m
298	FrankSinatra	48	AGE48	8628	8627_FrankSinatra_48_m
298	FrankSinatra	22	AGE22	8637	8636_FrankSinatra_22_m
298	FrankSinatra	52	AGE52	8621	8620_FrankSinatra_52_m
298	FrankSinatra	28	AGE28	8633	8632_FrankSinatra_28_m
298	FrankSinatra	42	AGE42	8627	8626_FrankSinatra_42_m
298	FrankSinatra	42	AGE42	8617	8616_FrankSinatra_42_m
298	FrankSinatra	23	AGE23	8632	8631_FrankSinatra_23_m
298	FrankSinatra	24	AGE24	8631	8630_FrankSinatra_24_m
298	FrankSinatra	39	AGE39	8624	8623_FrankSinatra_39_m
298	FrankSinatra	38	AGE38	8623	8622_FrankSinatra_38_m
298	FrankSinatra	65	AGE65	8636	8635_FrankSinatra_65_m
299	GeorgeMontgomery	24	AGE24	9311	9310_GeorgeMontgomery_24_m
299	GeorgeMontgomery	43	AGE43	9323	9322_GeorgeMontgomery_43_m
299	GeorgeMontgomery	31	AGE31	9316	9315_GeorgeMontgomery_31_m
299	GeorgeMontgomery	21	AGE21	9309	9308_GeorgeMontgomery_21_m
299	GeorgeMontgomery	50	AGE50	9327	9326_GeorgeMontgomery_50_m
299	GeorgeMontgomery	47	AGE47	9325	9324_GeorgeMontgomery_47_m
299	GeorgeMontgomery	62	AGE62	9332	9331_GeorgeMontgomery_62_m
299	GeorgeMontgomery	22	AGE22	9310	9309_GeorgeMontgomery_22_m
299	GeorgeMontgomery	42	AGE42	9322	9321_GeorgeMontgomery_42_m
299	GeorgeMontgomery	51	AGE51	9328	9327_GeorgeMontgomery_51_m
299	GeorgeMontgomery	25	AGE25	9312	9311_GeorgeMontgomery_25_m
299	GeorgeMontgomery	59	AGE59	9331	9330_GeorgeMontgomery_59_m
299	GeorgeMontgomery	38	AGE38	9319	9318_GeorgeMontgomery_38_m
299	GeorgeMontgomery	34	AGE34	9317	9316_GeorgeMontgomery_34_m
299	GeorgeMontgomery	40	AGE40	9321	9320_GeorgeMontgomery_40_m
299	GeorgeMontgomery	53	AGE53	9329	9328_GeorgeMontgomery_53_m
299	GeorgeMontgomery	29	AGE29	9315	9314_GeorgeMontgomery_29_m
299	GeorgeMontgomery	49	AGE49	9326	9325_GeorgeMontgomery_49_m
299	GeorgeMontgomery	36	AGE36	9318	9317_GeorgeMontgomery_36_m
299	GeorgeMontgomery	55	AGE55	9330	9329_GeorgeMontgomery_55_m
299	GeorgeMontgomery	26	AGE26	9313	9312_GeorgeMontgomery_26_m
299	GeorgeMontgomery	27	AGE27	9314	9313_GeorgeMontgomery_27_m
299	GeorgeMontgomery	39	AGE39	9320	9319_GeorgeMontgomery_39_m
299	GeorgeMontgomery	45	AGE45	9324	9323_GeorgeMontgomery_45_m
300	PeterMarkRichman	39	AGE39	7474	7473_PeterMarkRichman_39_m
300	PeterMarkRichman	30	AGE30	7467	7466_PeterMarkRichman_30_m
300	PeterMarkRichman	78	AGE78	7495	7494_PeterMarkRichman_78_m
300	PeterMarkRichman	62	AGE62	7491	7490_PeterMarkRichman_62_m
300	PeterMarkRichman	60	AGE60	7479	7478_PeterMarkRichman_60_m
300	PeterMarkRichman	80	AGE80	7497	7496_PeterMarkRichman_80_m
300	PeterMarkRichman	46	AGE46	7487	7486_PeterMarkRichman_46_m
300	PeterMarkRichman	73	AGE73	7494	7493_PeterMarkRichman_73_m
300	PeterMarkRichman	55	AGE55	7477	7476_PeterMarkRichman_55_m
300	PeterMarkRichman	42	AGE42	7483	7482_PeterMarkRichman_42_m
300	PeterMarkRichman	33	AGE33	7470	7469_PeterMarkRichman_33_m
300	PeterMarkRichman	31	AGE31	7468	7467_PeterMarkRichman_31_m
300	PeterMarkRichman	37	AGE37	7473	7472_PeterMarkRichman_37_m
300	PeterMarkRichman	36	AGE36	7472	7471_PeterMarkRichman_36_m
300	PeterMarkRichman	40	AGE40	7475	7474_PeterMarkRichman_40_m
300	PeterMarkRichman	79	AGE79	7496	7495_PeterMarkRichman_79_m
300	PeterMarkRichman	32	AGE32	7469	7468_PeterMarkRichman_32_m
300	PeterMarkRichman	75	AGE75	7482	7481_PeterMarkRichman_75_m
300	PeterMarkRichman	66	AGE66	7492	7491_PeterMarkRichman_66_m
300	PeterMarkRichman	34	AGE34	7471	7470_PeterMarkRichman_34_m
300	PeterMarkRichman	64	AGE64	7481	7480_PeterMarkRichman_64_m
300	PeterMarkRichman	44	AGE44	7485	7484_PeterMarkRichman_44_m
300	PeterMarkRichman	41	AGE41	7476	7475_PeterMarkRichman_41_m
300	PeterMarkRichman	49	AGE49	7489	7488_PeterMarkRichman_49_m
300	PeterMarkRichman	59	AGE59	7478	7477_PeterMarkRichman_59_m
300	PeterMarkRichman	61	AGE61	7480	7479_PeterMarkRichman_61_m
300	PeterMarkRichman	43	AGE43	7484	7483_PeterMarkRichman_43_m
300	PeterMarkRichman	71	AGE71	7493	7492_PeterMarkRichman_71_m
300	PeterMarkRichman	51	AGE51	7490	7489_PeterMarkRichman_51_m
300	PeterMarkRichman	45	AGE45	7486	7485_PeterMarkRichman_45_m
300	PeterMarkRichman	47	AGE47	7488	7487_PeterMarkRichman_47_m
301	JudyGarland	46	AGE46	14059	14058_JudyGarland_46_f
301	JudyGarland	32	AGE32	14047	14046_JudyGarland_32_f
301	JudyGarland	41	AGE41	14056	14055_JudyGarland_41_f
301	JudyGarland	13	AGE13	14037	14036_JudyGarland_13_f
301	JudyGarland	40	AGE40	14054	14053_JudyGarland_40_f
301	JudyGarland	31	AGE31	14046	14045_JudyGarland_31_f
301	JudyGarland	35	AGE35	14049	14048_JudyGarland_35_f
301	JudyGarland	42	AGE42	14057	14056_JudyGarland_42_f
301	JudyGarland	23	AGE23	14043	14042_JudyGarland_23_f
301	JudyGarland	26	AGE26	14044	14043_JudyGarland_26_f
301	JudyGarland	39	AGE39	14053	14052_JudyGarland_39_f
301	JudyGarland	33	AGE33	14048	14047_JudyGarland_33_f
301	JudyGarland	19	AGE19	14040	14039_JudyGarland_19_f
301	JudyGarland	39	AGE39	14052	14051_JudyGarland_39_f
301	JudyGarland	16	AGE16	14039	14038_JudyGarland_16_f
301	JudyGarland	21	AGE21	14041	14040_JudyGarland_21_f
301	JudyGarland	45	AGE45	14060	14059_JudyGarland_45_f
301	JudyGarland	41	AGE41	14055	14054_JudyGarland_41_f
301	JudyGarland	15	AGE15	14038	14037_JudyGarland_15_f
301	JudyGarland	27	AGE27	14045	14044_JudyGarland_27_f
301	JudyGarland	43	AGE43	14058	14057_JudyGarland_43_f
301	JudyGarland	8	AGE8	14036	14035_JudyGarland_8_f
301	JudyGarland	38	AGE38	14051	14050_JudyGarland_38_f
301	JudyGarland	21	AGE21	14042	14041_JudyGarland_21_f
301	JudyGarland	38	AGE38	14050	14049_JudyGarland_38_f
302	ClaudeRich	55	AGE55	2475	2474_ClaudeRich_55_m
302	ClaudeRich	37	AGE37	2463	2462_ClaudeRich_37_m
302	ClaudeRich	77	AGE77	2492	2491_ClaudeRich_77_m
302	ClaudeRich	78	AGE78	2493	2492_ClaudeRich_78_m
302	ClaudeRich	81	AGE81	2496	2495_ClaudeRich_81_m
302	ClaudeRich	51	AGE51	2472	2471_ClaudeRich_51_m
302	ClaudeRich	56	AGE56	2476	2475_ClaudeRich_56_m
302	ClaudeRich	61	AGE61	2479	2478_ClaudeRich_61_m
302	ClaudeRich	30	AGE30	2458	2457_ClaudeRich_30_m
302	ClaudeRich	33	AGE33	2460	2459_ClaudeRich_33_m
302	ClaudeRich	64	AGE64	2481	2480_ClaudeRich_64_m
302	ClaudeRich	39	AGE39	2465	2464_ClaudeRich_39_m
302	ClaudeRich	72	AGE72	2487	2486_ClaudeRich_72_m
302	ClaudeRich	44	AGE44	2468	2467_ClaudeRich_44_m
302	ClaudeRich	38	AGE38	2464	2463_ClaudeRich_38_m
302	ClaudeRich	66	AGE66	2483	2482_ClaudeRich_66_m
302	ClaudeRich	67	AGE67	2484	2483_ClaudeRich_67_m
302	ClaudeRich	40	AGE40	2466	2465_ClaudeRich_40_m
302	ClaudeRich	41	AGE41	2467	2466_ClaudeRich_41_m
302	ClaudeRich	60	AGE60	2478	2477_ClaudeRich_60_m
302	ClaudeRich	35	AGE35	2461	2460_ClaudeRich_35_m
302	ClaudeRich	46	AGE46	2470	2469_ClaudeRich_46_m
302	ClaudeRich	63	AGE63	2480	2479_ClaudeRich_63_m
302	ClaudeRich	53	AGE53	2474	2473_ClaudeRich_53_m
302	ClaudeRich	82	AGE82	2497	2496_ClaudeRich_82_m
302	ClaudeRich	74	AGE74	2489	2488_ClaudeRich_74_m
302	ClaudeRich	65	AGE65	2482	2481_ClaudeRich_65_m
302	ClaudeRich	73	AGE73	2488	2487_ClaudeRich_73_m
302	ClaudeRich	59	AGE59	2477	2476_ClaudeRich_59_m
302	ClaudeRich	70	AGE70	2486	2485_ClaudeRich_70_m
302	ClaudeRich	52	AGE52	2473	2472_ClaudeRich_52_m
302	ClaudeRich	32	AGE32	2459	2458_ClaudeRich_32_m
302	ClaudeRich	45	AGE45	2469	2468_ClaudeRich_45_m
302	ClaudeRich	75	AGE75	2490	2489_ClaudeRich_75_m
302	ClaudeRich	79	AGE79	2494	2493_ClaudeRich_79_m
302	ClaudeRich	36	AGE36	2462	2461_ClaudeRich_36_m
302	ClaudeRich	49	AGE49	2471	2470_ClaudeRich_49_m
302	ClaudeRich	80	AGE80	2495	2494_ClaudeRich_80_m
302	ClaudeRich	68	AGE68	2485	2484_ClaudeRich_68_m
302	ClaudeRich	76	AGE76	2491	2490_ClaudeRich_76_m
303	GeneHackman	37	AGE37	3229	3228_GeneHackman_37_m
303	GeneHackman	78	AGE78	3241	3240_GeneHackman_78_m
303	GeneHackman	81	AGE81	3252	3251_GeneHackman_81_m
303	GeneHackman	74	AGE74	3237	3236_GeneHackman_74_m
303	GeneHackman	47	AGE47	3239	3238_GeneHackman_47_m
303	GeneHackman	80	AGE80	3227	3226_GeneHackman_80_m
303	GeneHackman	55	AGE55	3245	3244_GeneHackman_55_m
303	GeneHackman	71	AGE71	3235	3234_GeneHackman_71_m
303	GeneHackman	37	AGE37	3226	3225_GeneHackman_37_m
303	GeneHackman	52	AGE52	3259	3258_GeneHackman_52_m
303	GeneHackman	38	AGE38	3230	3229_GeneHackman_38_m
303	GeneHackman	74	AGE74	3247	3246_GeneHackman_74_m
303	GeneHackman	45	AGE45	3254	3253_GeneHackman_45_m
303	GeneHackman	42	AGE42	3233	3232_GeneHackman_42_m
303	GeneHackman	40	AGE40	3232	3231_GeneHackman_40_m
303	GeneHackman	60	AGE60	3253	3252_GeneHackman_60_m
303	GeneHackman	51	AGE51	3256	3255_GeneHackman_51_m
303	GeneHackman	48	AGE48	3249	3248_GeneHackman_48_m
303	GeneHackman	77	AGE77	3248	3247_GeneHackman_77_m
303	GeneHackman	55	AGE55	3238	3237_GeneHackman_55_m
303	GeneHackman	50	AGE50	3257	3256_GeneHackman_50_m
303	GeneHackman	51	AGE51	3255	3254_GeneHackman_51_m
303	GeneHackman	56	AGE56	3243	3242_GeneHackman_56_m
303	GeneHackman	56	AGE56	3231	3230_GeneHackman_56_m
303	GeneHackman	31	AGE31	3228	3227_GeneHackman_31_m
303	GeneHackman	55	AGE55	3258	3257_GeneHackman_55_m
303	GeneHackman	48	AGE48	3240	3239_GeneHackman_48_m
303	GeneHackman	16	AGE16	3236	3235_GeneHackman_16_m
303	GeneHackman	71	AGE71	3246	3245_GeneHackman_71_m
303	GeneHackman	42	AGE42	3251	3250_GeneHackman_42_m
303	GeneHackman	63	AGE63	3244	3243_GeneHackman_63_m
303	GeneHackman	78	AGE78	3234	3233_GeneHackman_78_m
303	GeneHackman	50	AGE50	3242	3241_GeneHackman_50_m
303	GeneHackman	45	AGE45	3250	3249_GeneHackman_45_m
304	DavidNiven	42	AGE42	7040	7039_DavidNiven_42_m
304	DavidNiven	69	AGE69	7049	7048_DavidNiven_69_m
304	DavidNiven	29	AGE29	7031	7030_DavidNiven_29_m
304	DavidNiven	40	AGE40	7039	7038_DavidNiven_40_m
304	DavidNiven	56	AGE56	7045	7044_DavidNiven_56_m
304	DavidNiven	32	AGE32	7034	7033_DavidNiven_32_m
304	DavidNiven	36	AGE36	7055	7054_DavidNiven_36_m
304	DavidNiven	70	AGE70	7062	7061_DavidNiven_70_m
304	DavidNiven	30	AGE30	7033	7032_DavidNiven_30_m
304	DavidNiven	48	AGE48	7057	7056_DavidNiven_48_m
304	DavidNiven	65	AGE65	7047	7046_DavidNiven_65_m
304	DavidNiven	52	AGE52	7058	7057_DavidNiven_52_m
304	DavidNiven	72	AGE72	7051	7050_DavidNiven_72_m
304	DavidNiven	66	AGE66	7061	7060_DavidNiven_66_m
304	DavidNiven	35	AGE35	7054	7053_DavidNiven_35_m
304	DavidNiven	73	AGE73	7052	7051_DavidNiven_73_m
304	DavidNiven	33	AGE33	7036	7035_DavidNiven_33_m
304	DavidNiven	20	AGE20	7027	7026_DavidNiven_20_m
304	DavidNiven	28	AGE28	7030	7029_DavidNiven_28_m
304	DavidNiven	68	AGE68	7048	7047_DavidNiven_68_m
304	DavidNiven	41	AGE41	7056	7055_DavidNiven_41_m
304	DavidNiven	69	AGE69	7050	7049_DavidNiven_69_m
304	DavidNiven	51	AGE51	7043	7042_DavidNiven_51_m
304	DavidNiven	23	AGE23	7053	7052_DavidNiven_23_m
304	DavidNiven	34	AGE34	7037	7036_DavidNiven_34_m
304	DavidNiven	59	AGE59	7046	7045_DavidNiven_59_m
304	DavidNiven	53	AGE53	7059	7058_DavidNiven_53_m
304	DavidNiven	64	AGE64	7060	7059_DavidNiven_64_m
304	DavidNiven	47	AGE47	7042	7041_DavidNiven_47_m
304	DavidNiven	32	AGE32	7035	7034_DavidNiven_32_m
304	DavidNiven	29	AGE29	7032	7031_DavidNiven_29_m
304	DavidNiven	26	AGE26	7028	7027_DavidNiven_26_m
304	DavidNiven	37	AGE37	7038	7037_DavidNiven_37_m
304	DavidNiven	71	AGE71	7063	7062_DavidNiven_71_m
304	DavidNiven	44	AGE44	7041	7040_DavidNiven_44_m
304	DavidNiven	54	AGE54	7044	7043_DavidNiven_54_m
304	DavidNiven	27	AGE27	7029	7028_DavidNiven_27_m
305	TanyaRoberts	55	AGE55	11326	11325_TanyaRoberts_55_f
305	TanyaRoberts	32	AGE32	11315	11314_TanyaRoberts_32_f
305	TanyaRoberts	19	AGE19	11309	11308_TanyaRoberts_19_f
305	TanyaRoberts	52	AGE52	11323	11322_TanyaRoberts_52_f
305	TanyaRoberts	39	AGE39	11319	11318_TanyaRoberts_39_f
305	TanyaRoberts	44	AGE44	11322	11321_TanyaRoberts_44_f
305	TanyaRoberts	17	AGE17	11307	11306_TanyaRoberts_17_f
305	TanyaRoberts	18	AGE18	11308	11307_TanyaRoberts_18_f
305	TanyaRoberts	22	AGE22	11312	11311_TanyaRoberts_22_f
305	TanyaRoberts	20	AGE20	11310	11309_TanyaRoberts_20_f
305	TanyaRoberts	16	AGE16	11306	11305_TanyaRoberts_16_f
305	TanyaRoberts	40	AGE40	11320	11319_TanyaRoberts_40_f
305	TanyaRoberts	36	AGE36	11318	11317_TanyaRoberts_36_f
305	TanyaRoberts	34	AGE34	11317	11316_TanyaRoberts_34_f
305	TanyaRoberts	33	AGE33	11316	11315_TanyaRoberts_33_f
305	TanyaRoberts	53	AGE53	11324	11323_TanyaRoberts_53_f
305	TanyaRoberts	43	AGE43	11321	11320_TanyaRoberts_43_f
305	TanyaRoberts	29	AGE29	11314	11313_TanyaRoberts_29_f
305	TanyaRoberts	54	AGE54	11325	11324_TanyaRoberts_54_f
305	TanyaRoberts	23	AGE23	11313	11312_TanyaRoberts_23_f
305	TanyaRoberts	21	AGE21	11311	11310_TanyaRoberts_21_f
306	KrisKristofferson	53	AGE53	7256	7255_KrisKristofferson_53_m
306	KrisKristofferson	68	AGE68	7264	7263_KrisKristofferson_68_m
306	KrisKristofferson	36	AGE36	7246	7245_KrisKristofferson_36_m
306	KrisKristofferson	32	AGE32	7244	7243_KrisKristofferson_32_m
306	KrisKristofferson	74	AGE74	7270	7269_KrisKristofferson_74_m
306	KrisKristofferson	37	AGE37	7247	7246_KrisKristofferson_37_m
306	KrisKristofferson	59	AGE59	7259	7258_KrisKristofferson_59_m
306	KrisKristofferson	45	AGE45	7251	7250_KrisKristofferson_45_m
306	KrisKristofferson	38	AGE38	7248	7247_KrisKristofferson_38_m
306	KrisKristofferson	72	AGE72	7268	7267_KrisKristofferson_72_m
306	KrisKristofferson	64	AGE64	7262	7261_KrisKristofferson_64_m
306	KrisKristofferson	58	AGE58	7258	7257_KrisKristofferson_58_m
306	KrisKristofferson	70	AGE70	7266	7265_KrisKristofferson_70_m
306	KrisKristofferson	66	AGE66	7263	7262_KrisKristofferson_66_m
306	KrisKristofferson	62	AGE62	7261	7260_KrisKristofferson_62_m
306	KrisKristofferson	49	AGE49	7253	7252_KrisKristofferson_49_m
306	KrisKristofferson	69	AGE69	7265	7264_KrisKristofferson_69_m
306	KrisKristofferson	50	AGE50	7254	7253_KrisKristofferson_50_m
306	KrisKristofferson	73	AGE73	7269	7268_KrisKristofferson_73_m
306	KrisKristofferson	57	AGE57	7257	7256_KrisKristofferson_57_m
306	KrisKristofferson	71	AGE71	7267	7266_KrisKristofferson_71_m
306	KrisKristofferson	40	AGE40	7249	7248_KrisKristofferson_40_m
306	KrisKristofferson	24	AGE24	7243	7242_KrisKristofferson_24_m
306	KrisKristofferson	47	AGE47	7252	7251_KrisKristofferson_47_m
306	KrisKristofferson	52	AGE52	7255	7254_KrisKristofferson_52_m
306	KrisKristofferson	35	AGE35	7245	7244_KrisKristofferson_35_m
306	KrisKristofferson	41	AGE41	7250	7249_KrisKristofferson_41_m
306	KrisKristofferson	60	AGE60	7260	7259_KrisKristofferson_60_m
306	KrisKristofferson	78	AGE78	7271	7270_KrisKristofferson_78_m
307	GiulianoGemma	44	AGE44	7997	7996_GiulianoGemma_44_m
307	GiulianoGemma	43	AGE43	7996	7995_GiulianoGemma_43_m
307	GiulianoGemma	24	AGE24	7978	7977_GiulianoGemma_24_m
307	GiulianoGemma	55	AGE55	8004	8003_GiulianoGemma_55_m
307	GiulianoGemma	51	AGE51	8002	8001_GiulianoGemma_51_m
307	GiulianoGemma	68	AGE68	8012	8011_GiulianoGemma_68_m
307	GiulianoGemma	66	AGE66	8010	8009_GiulianoGemma_66_m
307	GiulianoGemma	45	AGE45	7998	7997_GiulianoGemma_45_m
307	GiulianoGemma	63	AGE63	8007	8006_GiulianoGemma_63_m
307	GiulianoGemma	47	AGE47	7999	7998_GiulianoGemma_47_m
307	GiulianoGemma	62	AGE62	8006	8005_GiulianoGemma_62_m
307	GiulianoGemma	27	AGE27	7981	7980_GiulianoGemma_27_m
307	GiulianoGemma	73	AGE73	8016	8015_GiulianoGemma_73_m
307	GiulianoGemma	69	AGE69	8013	8012_GiulianoGemma_69_m
307	GiulianoGemma	48	AGE48	8000	7999_GiulianoGemma_48_m
307	GiulianoGemma	28	AGE28	7982	7981_GiulianoGemma_28_m
307	GiulianoGemma	36	AGE36	7990	7989_GiulianoGemma_36_m
307	GiulianoGemma	49	AGE49	8001	8000_GiulianoGemma_49_m
307	GiulianoGemma	64	AGE64	8008	8007_GiulianoGemma_64_m
307	GiulianoGemma	42	AGE42	7995	7994_GiulianoGemma_42_m
307	GiulianoGemma	37	AGE37	7991	7990_GiulianoGemma_37_m
307	GiulianoGemma	65	AGE65	8009	8008_GiulianoGemma_65_m
307	GiulianoGemma	38	AGE38	7992	7991_GiulianoGemma_38_m
307	GiulianoGemma	72	AGE72	8015	8014_GiulianoGemma_72_m
307	GiulianoGemma	20	AGE20	7977	7976_GiulianoGemma_20_m
307	GiulianoGemma	33	AGE33	7987	7986_GiulianoGemma_33_m
307	GiulianoGemma	29	AGE29	7983	7982_GiulianoGemma_29_m
307	GiulianoGemma	39	AGE39	7993	7992_GiulianoGemma_39_m
307	GiulianoGemma	32	AGE32	7986	7985_GiulianoGemma_32_m
307	GiulianoGemma	67	AGE67	8011	8010_GiulianoGemma_67_m
307	GiulianoGemma	34	AGE34	7988	7987_GiulianoGemma_34_m
307	GiulianoGemma	60	AGE60	8005	8004_GiulianoGemma_60_m
307	GiulianoGemma	75	AGE75	8017	8016_GiulianoGemma_75_m
307	GiulianoGemma	52	AGE52	8003	8002_GiulianoGemma_52_m
307	GiulianoGemma	35	AGE35	7989	7988_GiulianoGemma_35_m
307	GiulianoGemma	31	AGE31	7985	7984_GiulianoGemma_31_m
307	GiulianoGemma	41	AGE41	7994	7993_GiulianoGemma_41_m
307	GiulianoGemma	25	AGE25	7979	7978_GiulianoGemma_25_m
307	GiulianoGemma	70	AGE70	8014	8013_GiulianoGemma_70_m
307	GiulianoGemma	30	AGE30	7984	7983_GiulianoGemma_30_m
307	GiulianoGemma	26	AGE26	7980	7979_GiulianoGemma_26_m
308	JanetLeigh	71	AGE71	12727	12726_JanetLeigh_71_f
308	JanetLeigh	27	AGE27	12707	12706_JanetLeigh_27_f
308	JanetLeigh	48	AGE48	12721	12720_JanetLeigh_48_f
308	JanetLeigh	53	AGE53	12723	12722_JanetLeigh_53_f
308	JanetLeigh	32	AGE32	12711	12710_JanetLeigh_32_f
308	JanetLeigh	75	AGE75	12730	12729_JanetLeigh_75_f
308	JanetLeigh	31	AGE31	12710	12709_JanetLeigh_31_f
308	JanetLeigh	25	AGE25	12706	12705_JanetLeigh_25_f
308	JanetLeigh	77	AGE77	12732	12731_JanetLeigh_77_f
308	JanetLeigh	39	AGE39	12717	12716_JanetLeigh_39_f
308	JanetLeigh	58	AGE58	12724	12723_JanetLeigh_58_f
308	JanetLeigh	44	AGE44	12719	12718_JanetLeigh_44_f
308	JanetLeigh	74	AGE74	12729	12728_JanetLeigh_74_f
308	JanetLeigh	24	AGE24	12705	12704_JanetLeigh_24_f
308	JanetLeigh	76	AGE76	12731	12730_JanetLeigh_76_f
308	JanetLeigh	73	AGE73	12728	12727_JanetLeigh_73_f
308	JanetLeigh	45	AGE45	12720	12719_JanetLeigh_45_f
308	JanetLeigh	36	AGE36	12714	12713_JanetLeigh_36_f
308	JanetLeigh	51	AGE51	12722	12721_JanetLeigh_51_f
308	JanetLeigh	40	AGE40	12718	12717_JanetLeigh_40_f
308	JanetLeigh	28	AGE28	12708	12707_JanetLeigh_28_f
308	JanetLeigh	35	AGE35	12713	12712_JanetLeigh_35_f
308	JanetLeigh	37	AGE37	12715	12714_JanetLeigh_37_f
308	JanetLeigh	22	AGE22	12703	12702_JanetLeigh_22_f
308	JanetLeigh	30	AGE30	12709	12708_JanetLeigh_30_f
308	JanetLeigh	63	AGE63	12725	12724_JanetLeigh_63_f
308	JanetLeigh	68	AGE68	12726	12725_JanetLeigh_68_f
308	JanetLeigh	23	AGE23	12704	12703_JanetLeigh_23_f
308	JanetLeigh	34	AGE34	12712	12711_JanetLeigh_34_f
308	JanetLeigh	38	AGE38	12716	12715_JanetLeigh_38_f
308	JanetLeigh	21	AGE21	12702	12701_JanetLeigh_21_f
309	WilliamDafoe	30	AGE30	4465	4464_WilliamDafoe_30_m
309	WilliamDafoe	36	AGE36	4467	4466_WilliamDafoe_36_m
309	WilliamDafoe	48	AGE48	4477	4476_WilliamDafoe_48_m
309	WilliamDafoe	46	AGE46	4475	4474_WilliamDafoe_46_m
309	WilliamDafoe	34	AGE34	4466	4465_WilliamDafoe_34_m
309	WilliamDafoe	44	AGE44	4473	4472_WilliamDafoe_44_m
309	WilliamDafoe	51	AGE51	4481	4480_WilliamDafoe_51_m
309	WilliamDafoe	42	AGE42	4471	4470_WilliamDafoe_42_m
309	WilliamDafoe	49	AGE49	4479	4478_WilliamDafoe_49_m
309	WilliamDafoe	29	AGE29	4463	4462_WilliamDafoe_29_m
309	WilliamDafoe	45	AGE45	4474	4473_WilliamDafoe_45_m
309	WilliamDafoe	26	AGE26	4459	4458_WilliamDafoe_26_m
309	WilliamDafoe	30	AGE30	4464	4463_WilliamDafoe_30_m
309	WilliamDafoe	27	AGE27	4460	4459_WilliamDafoe_27_m
309	WilliamDafoe	51	AGE51	4480	4479_WilliamDafoe_51_m
309	WilliamDafoe	47	AGE47	4476	4475_WilliamDafoe_47_m
309	WilliamDafoe	37	AGE37	4469	4468_WilliamDafoe_37_m
309	WilliamDafoe	42	AGE42	4472	4471_WilliamDafoe_42_m
309	WilliamDafoe	49	AGE49	4478	4477_WilliamDafoe_49_m
309	WilliamDafoe	27	AGE27	4461	4460_WilliamDafoe_27_m
309	WilliamDafoe	38	AGE38	4470	4469_WilliamDafoe_38_m
309	WilliamDafoe	36	AGE36	4468	4467_WilliamDafoe_36_m
309	WilliamDafoe	59	AGE59	4484	4483_WilliamDafoe_59_m
309	WilliamDafoe	52	AGE52	4482	4481_WilliamDafoe_52_m
309	WilliamDafoe	54	AGE54	4483	4482_WilliamDafoe_54_m
310	KevinBacon	24	AGE24	2706	2705_KevinBacon_24_m
310	KevinBacon	26	AGE26	2709	2708_KevinBacon_26_m
310	KevinBacon	34	AGE34	2717	2716_KevinBacon_34_m
310	KevinBacon	56	AGE56	2742	2741_KevinBacon_56_m
310	KevinBacon	49	AGE49	2735	2734_KevinBacon_49_m
310	KevinBacon	30	AGE30	2713	2712_KevinBacon_30_m
310	KevinBacon	38	AGE38	2723	2722_KevinBacon_38_m
310	KevinBacon	25	AGE25	2708	2707_KevinBacon_25_m
310	KevinBacon	29	AGE29	2712	2711_KevinBacon_29_m
310	KevinBacon	54	AGE54	2740	2739_KevinBacon_54_m
310	KevinBacon	39	AGE39	2724	2723_KevinBacon_39_m
310	KevinBacon	37	AGE37	2722	2721_KevinBacon_37_m
310	KevinBacon	37	AGE37	2721	2720_KevinBacon_37_m
310	KevinBacon	31	AGE31	2714	2713_KevinBacon_31_m
310	KevinBacon	51	AGE51	2737	2736_KevinBacon_51_m
310	KevinBacon	35	AGE35	2719	2718_KevinBacon_35_m
310	KevinBacon	36	AGE36	2720	2719_KevinBacon_36_m
310	KevinBacon	23	AGE23	2705	2704_KevinBacon_23_m
310	KevinBacon	42	AGE42	2727	2726_KevinBacon_42_m
310	KevinBacon	48	AGE48	2733	2732_KevinBacon_48_m
310	KevinBacon	52	AGE52	2738	2737_KevinBacon_52_m
310	KevinBacon	21	AGE21	2702	2701_KevinBacon_21_m
310	KevinBacon	55	AGE55	2741	2740_KevinBacon_55_m
310	KevinBacon	20	AGE20	2701	2700_KevinBacon_20_m
310	KevinBacon	49	AGE49	2734	2733_KevinBacon_49_m
310	KevinBacon	32	AGE32	2715	2714_KevinBacon_32_m
310	KevinBacon	22	AGE22	2704	2703_KevinBacon_22_m
310	KevinBacon	33	AGE33	2716	2715_KevinBacon_33_m
310	KevinBacon	50	AGE50	2736	2735_KevinBacon_50_m
310	KevinBacon	53	AGE53	2739	2738_KevinBacon_53_m
310	KevinBacon	44	AGE44	2728	2727_KevinBacon_44_m
310	KevinBacon	47	AGE47	2732	2731_KevinBacon_47_m
310	KevinBacon	22	AGE22	2703	2702_KevinBacon_22_m
310	KevinBacon	20	AGE20	2700	2699_KevinBacon_20_m
310	KevinBacon	28	AGE28	2711	2710_KevinBacon_28_m
310	KevinBacon	41	AGE41	2726	2725_KevinBacon_41_m
310	KevinBacon	40	AGE40	2725	2724_KevinBacon_40_m
310	KevinBacon	24	AGE24	2707	2706_KevinBacon_24_m
310	KevinBacon	46	AGE46	2731	2730_KevinBacon_46_m
310	KevinBacon	34	AGE34	2718	2717_KevinBacon_34_m
310	KevinBacon	44	AGE44	2729	2728_KevinBacon_44_m
310	KevinBacon	45	AGE45	2730	2729_KevinBacon_45_m
310	KevinBacon	27	AGE27	2710	2709_KevinBacon_27_m
311	MonicaVitti	42	AGE42	11195	11194_MonicaVitti_42_f
311	MonicaVitti	31	AGE31	11211	11210_MonicaVitti_31_f
311	MonicaVitti	33	AGE33	11189	11188_MonicaVitti_33_f
311	MonicaVitti	49	AGE49	11201	11200_MonicaVitti_49_f
311	MonicaVitti	34	AGE34	11209	11208_MonicaVitti_34_f
311	MonicaVitti	32	AGE32	11186	11185_MonicaVitti_32_f
311	MonicaVitti	64	AGE64	11208	11207_MonicaVitti_64_f
311	MonicaVitti	29	AGE29	11183	11182_MonicaVitti_29_f
311	MonicaVitti	27	AGE27	11182	11181_MonicaVitti_27_f
311	MonicaVitti	35	AGE35	11213	11212_MonicaVitti_35_f
311	MonicaVitti	36	AGE36	11199	11198_MonicaVitti_36_f
311	MonicaVitti	43	AGE43	11196	11195_MonicaVitti_43_f
311	MonicaVitti	29	AGE29	11215	11214_MonicaVitti_29_f
311	MonicaVitti	30	AGE30	11198	11197_MonicaVitti_30_f
311	MonicaVitti	49	AGE49	11200	11199_MonicaVitti_49_f
311	MonicaVitti	69	AGE69	11216	11215_MonicaVitti_69_f
311	MonicaVitti	33	AGE33	11210	11209_MonicaVitti_33_f
311	MonicaVitti	30	AGE30	11184	11183_MonicaVitti_30_f
311	MonicaVitti	34	AGE34	11204	11203_MonicaVitti_34_f
311	MonicaVitti	59	AGE59	11206	11205_MonicaVitti_59_f
311	MonicaVitti	51	AGE51	11203	11202_MonicaVitti_51_f
311	MonicaVitti	36	AGE36	11190	11189_MonicaVitti_36_f
311	MonicaVitti	57	AGE57	11205	11204_MonicaVitti_57_f
311	MonicaVitti	35	AGE35	11212	11211_MonicaVitti_35_f
311	MonicaVitti	34	AGE34	11188	11187_MonicaVitti_34_f
311	MonicaVitti	44	AGE44	11197	11196_MonicaVitti_44_f
311	MonicaVitti	39	AGE39	11193	11192_MonicaVitti_39_f
311	MonicaVitti	64	AGE64	11192	11191_MonicaVitti_64_f
311	MonicaVitti	51	AGE51	11202	11201_MonicaVitti_51_f
311	MonicaVitti	41	AGE41	11194	11193_MonicaVitti_41_f
311	MonicaVitti	33	AGE33	11187	11186_MonicaVitti_33_f
311	MonicaVitti	37	AGE37	11191	11190_MonicaVitti_37_f
311	MonicaVitti	47	AGE47	11214	11213_MonicaVitti_47_f
311	MonicaVitti	30	AGE30	11185	11184_MonicaVitti_30_f
311	MonicaVitti	35	AGE35	11181	11180_MonicaVitti_35_f
311	MonicaVitti	60	AGE60	11207	11206_MonicaVitti_60_f
312	JohnnyCash	30	AGE30	6496	6495_JohnnyCash_30_m
312	JohnnyCash	25	AGE25	6480	6479_JohnnyCash_25_m
312	JohnnyCash	44	AGE44	6489	6488_JohnnyCash_44_m
312	JohnnyCash	37	AGE37	6500	6499_JohnnyCash_37_m
312	JohnnyCash	29	AGE29	6495	6494_JohnnyCash_29_m
312	JohnnyCash	46	AGE46	6504	6503_JohnnyCash_46_m
312	JohnnyCash	26	AGE26	6481	6480_JohnnyCash_26_m
312	JohnnyCash	38	AGE38	6501	6500_JohnnyCash_38_m
312	JohnnyCash	55	AGE55	6506	6505_JohnnyCash_55_m
312	JohnnyCash	61	AGE61	6510	6509_JohnnyCash_61_m
312	JohnnyCash	51	AGE51	6490	6489_JohnnyCash_51_m
312	JohnnyCash	43	AGE43	6503	6502_JohnnyCash_43_m
312	JohnnyCash	58	AGE58	6493	6492_JohnnyCash_58_m
312	JohnnyCash	40	AGE40	6486	6485_JohnnyCash_40_m
312	JohnnyCash	64	AGE64	6513	6512_JohnnyCash_64_m
312	JohnnyCash	62	AGE62	6511	6510_JohnnyCash_62_m
312	JohnnyCash	18	AGE18	6474	6473_JohnnyCash_18_m
312	JohnnyCash	27	AGE27	6482	6481_JohnnyCash_27_m
312	JohnnyCash	59	AGE59	6508	6507_JohnnyCash_59_m
312	JohnnyCash	48	AGE48	6505	6504_JohnnyCash_48_m
312	JohnnyCash	66	AGE66	6514	6513_JohnnyCash_66_m
312	JohnnyCash	32	AGE32	6484	6483_JohnnyCash_32_m
312	JohnnyCash	39	AGE39	6502	6501_JohnnyCash_39_m
312	JohnnyCash	23	AGE23	6478	6477_JohnnyCash_23_m
312	JohnnyCash	60	AGE60	6509	6508_JohnnyCash_60_m
312	JohnnyCash	21	AGE21	6476	6475_JohnnyCash_21_m
312	JohnnyCash	33	AGE33	6485	6484_JohnnyCash_33_m
312	JohnnyCash	41	AGE41	6487	6486_JohnnyCash_41_m
312	JohnnyCash	42	AGE42	6488	6487_JohnnyCash_42_m
312	JohnnyCash	63	AGE63	6512	6511_JohnnyCash_63_m
312	JohnnyCash	68	AGE68	6515	6514_JohnnyCash_68_m
312	JohnnyCash	31	AGE31	6497	6496_JohnnyCash_31_m
312	JohnnyCash	20	AGE20	6475	6474_JohnnyCash_20_m
312	JohnnyCash	54	AGE54	6492	6491_JohnnyCash_54_m
312	JohnnyCash	35	AGE35	6498	6497_JohnnyCash_35_m
312	JohnnyCash	28	AGE28	6483	6482_JohnnyCash_28_m
312	JohnnyCash	53	AGE53	6491	6490_JohnnyCash_53_m
312	JohnnyCash	69	AGE69	6494	6493_JohnnyCash_69_m
312	JohnnyCash	70	AGE70	6517	6516_JohnnyCash_70_m
312	JohnnyCash	10	AGE10	6473	6472_JohnnyCash_10_m
312	JohnnyCash	22	AGE22	6477	6476_JohnnyCash_22_m
312	JohnnyCash	56	AGE56	6507	6506_JohnnyCash_56_m
312	JohnnyCash	69	AGE69	6516	6515_JohnnyCash_69_m
312	JohnnyCash	24	AGE24	6479	6478_JohnnyCash_24_m
312	JohnnyCash	36	AGE36	6499	6498_JohnnyCash_36_m
313	LeslieCaron	38	AGE38	3455	3454_LeslieCaron_38_m
313	LeslieCaron	45	AGE45	3458	3457_LeslieCaron_45_m
313	LeslieCaron	46	AGE46	3459	3458_LeslieCaron_46_m
313	LeslieCaron	80	AGE80	3481	3480_LeslieCaron_80_m
313	LeslieCaron	32	AGE32	3451	3450_LeslieCaron_32_m
313	LeslieCaron	79	AGE79	3480	3479_LeslieCaron_79_m
313	LeslieCaron	70	AGE70	3472	3471_LeslieCaron_70_m
313	LeslieCaron	22	AGE22	3445	3444_LeslieCaron_22_m
313	LeslieCaron	61	AGE61	3467	3466_LeslieCaron_61_m
313	LeslieCaron	65	AGE65	3469	3468_LeslieCaron_65_m
313	LeslieCaron	39	AGE39	3456	3455_LeslieCaron_39_m
313	LeslieCaron	76	AGE76	3477	3476_LeslieCaron_76_m
313	LeslieCaron	64	AGE64	3468	3467_LeslieCaron_64_m
313	LeslieCaron	51	AGE51	3462	3461_LeslieCaron_51_m
313	LeslieCaron	36	AGE36	3454	3453_LeslieCaron_36_m
313	LeslieCaron	54	AGE54	3464	3463_LeslieCaron_54_m
313	LeslieCaron	24	AGE24	3446	3445_LeslieCaron_24_m
313	LeslieCaron	74	AGE74	3475	3474_LeslieCaron_74_m
313	LeslieCaron	34	AGE34	3453	3452_LeslieCaron_34_m
313	LeslieCaron	69	AGE69	3471	3470_LeslieCaron_69_m
313	LeslieCaron	41	AGE41	3457	3456_LeslieCaron_41_m
313	LeslieCaron	72	AGE72	3473	3472_LeslieCaron_72_m
313	LeslieCaron	73	AGE73	3474	3473_LeslieCaron_73_m
313	LeslieCaron	66	AGE66	3470	3469_LeslieCaron_66_m
313	LeslieCaron	78	AGE78	3479	3478_LeslieCaron_78_m
313	LeslieCaron	59	AGE59	3466	3465_LeslieCaron_59_m
313	LeslieCaron	56	AGE56	3465	3464_LeslieCaron_56_m
313	LeslieCaron	31	AGE31	3450	3449_LeslieCaron_31_m
313	LeslieCaron	25	AGE25	3447	3446_LeslieCaron_25_m
313	LeslieCaron	29	AGE29	3449	3448_LeslieCaron_29_m
313	LeslieCaron	27	AGE27	3448	3447_LeslieCaron_27_m
313	LeslieCaron	75	AGE75	3476	3475_LeslieCaron_75_m
313	LeslieCaron	53	AGE53	3463	3462_LeslieCaron_53_m
313	LeslieCaron	77	AGE77	3478	3477_LeslieCaron_77_m
313	LeslieCaron	81	AGE81	3482	3481_LeslieCaron_81_m
313	LeslieCaron	83	AGE83	3483	3482_LeslieCaron_83_m
313	LeslieCaron	20	AGE20	3444	3443_LeslieCaron_20_m
313	LeslieCaron	47	AGE47	3460	3459_LeslieCaron_47_m
313	LeslieCaron	33	AGE33	3452	3451_LeslieCaron_33_m
313	LeslieCaron	49	AGE49	3461	3460_LeslieCaron_49_m
314	YannisRitsos	55	AGE55	1517	1516_YannisRitsos_55_m
314	YannisRitsos	57	AGE57	1524	1523_YannisRitsos_57_m
314	YannisRitsos	58	AGE58	1511	1510_YannisRitsos_58_m
314	YannisRitsos	27	AGE27	1514	1513_YannisRitsos_27_m
314	YannisRitsos	67	AGE67	1522	1521_YannisRitsos_67_m
314	YannisRitsos	65	AGE65	1518	1517_YannisRitsos_65_m
314	YannisRitsos	70	AGE70	1520	1519_YannisRitsos_70_m
314	YannisRitsos	63	AGE63	1512	1511_YannisRitsos_63_m
314	YannisRitsos	45	AGE45	1519	1518_YannisRitsos_45_m
314	YannisRitsos	25	AGE25	1513	1512_YannisRitsos_25_m
314	YannisRitsos	70	AGE70	1523	1522_YannisRitsos_70_m
314	YannisRitsos	29	AGE29	1515	1514_YannisRitsos_29_m
315	DirkBogarde	56	AGE56	6257	6256_DirkBogarde_56_m
315	DirkBogarde	72	AGE72	6265	6264_DirkBogarde_72_m
315	DirkBogarde	38	AGE38	6241	6240_DirkBogarde_38_m
315	DirkBogarde	41	AGE41	6245	6244_DirkBogarde_41_m
315	DirkBogarde	33	AGE33	6235	6234_DirkBogarde_33_m
315	DirkBogarde	51	AGE51	6252	6251_DirkBogarde_51_m
315	DirkBogarde	52	AGE52	6253	6252_DirkBogarde_52_m
315	DirkBogarde	23	AGE23	6230	6229_DirkBogarde_23_m
315	DirkBogarde	43	AGE43	6247	6246_DirkBogarde_43_m
315	DirkBogarde	40	AGE40	6244	6243_DirkBogarde_40_m
315	DirkBogarde	60	AGE60	6259	6258_DirkBogarde_60_m
315	DirkBogarde	42	AGE42	6246	6245_DirkBogarde_42_m
315	DirkBogarde	45	AGE45	6248	6247_DirkBogarde_45_m
315	DirkBogarde	65	AGE65	6262	6261_DirkBogarde_65_m
315	DirkBogarde	18	AGE18	6225	6224_DirkBogarde_18_m
315	DirkBogarde	32	AGE32	6234	6233_DirkBogarde_32_m
315	DirkBogarde	36	AGE36	6238	6237_DirkBogarde_36_m
315	DirkBogarde	31	AGE31	6232	6231_DirkBogarde_31_m
315	DirkBogarde	34	AGE34	6236	6235_DirkBogarde_34_m
315	DirkBogarde	56	AGE56	6256	6255_DirkBogarde_56_m
315	DirkBogarde	39	AGE39	6242	6241_DirkBogarde_39_m
315	DirkBogarde	65	AGE65	6261	6260_DirkBogarde_65_m
315	DirkBogarde	54	AGE54	6255	6254_DirkBogarde_54_m
315	DirkBogarde	53	AGE53	6254	6253_DirkBogarde_53_m
315	DirkBogarde	22	AGE22	6226	6225_DirkBogarde_22_m
315	DirkBogarde	27	AGE27	6228	6227_DirkBogarde_27_m
315	DirkBogarde	62	AGE62	6260	6259_DirkBogarde_62_m
315	DirkBogarde	57	AGE57	6258	6257_DirkBogarde_57_m
315	DirkBogarde	29	AGE29	6231	6230_DirkBogarde_29_m
315	DirkBogarde	67	AGE67	6263	6262_DirkBogarde_67_m
315	DirkBogarde	35	AGE35	6237	6236_DirkBogarde_35_m
315	DirkBogarde	37	AGE37	6239	6238_DirkBogarde_37_m
315	DirkBogarde	46	AGE46	6250	6249_DirkBogarde_46_m
315	DirkBogarde	28	AGE28	6229	6228_DirkBogarde_28_m
315	DirkBogarde	11	AGE11	6224	6223_DirkBogarde_11_m
315	DirkBogarde	69	AGE69	6264	6263_DirkBogarde_69_m
315	DirkBogarde	47	AGE47	6251	6250_DirkBogarde_47_m
315	DirkBogarde	37	AGE37	6240	6239_DirkBogarde_37_m
315	DirkBogarde	31	AGE31	6233	6232_DirkBogarde_31_m
315	DirkBogarde	40	AGE40	6243	6242_DirkBogarde_40_m
315	DirkBogarde	45	AGE45	6249	6248_DirkBogarde_45_m
315	DirkBogarde	27	AGE27	6227	6226_DirkBogarde_27_m
316	MegRyan	50	AGE50	9697	9696_MegRyan_50_f
316	MegRyan	33	AGE33	9681	9680_MegRyan_33_f
316	MegRyan	28	AGE28	9676	9675_MegRyan_28_f
316	MegRyan	51	AGE51	9698	9697_MegRyan_51_f
316	MegRyan	19	AGE19	9669	9668_MegRyan_19_f
316	MegRyan	49	AGE49	9696	9695_MegRyan_49_f
316	MegRyan	35	AGE35	9682	9681_MegRyan_35_f
316	MegRyan	44	AGE44	9691	9690_MegRyan_44_f
316	MegRyan	77	AGE77	9701	9700_MegRyan_77_f
316	MegRyan	38	AGE38	9685	9684_MegRyan_38_f
316	MegRyan	29	AGE29	9677	9676_MegRyan_29_f
316	MegRyan	48	AGE48	9695	9694_MegRyan_48_f
316	MegRyan	22	AGE22	9670	9669_MegRyan_22_f
316	MegRyan	53	AGE53	9700	9699_MegRyan_53_f
316	MegRyan	52	AGE52	9699	9698_MegRyan_52_f
316	MegRyan	36	AGE36	9683	9682_MegRyan_36_f
316	MegRyan	32	AGE32	9680	9679_MegRyan_32_f
316	MegRyan	47	AGE47	9694	9693_MegRyan_47_f
316	MegRyan	41	AGE41	9688	9687_MegRyan_41_f
316	MegRyan	40	AGE40	9687	9686_MegRyan_40_f
316	MegRyan	46	AGE46	9693	9692_MegRyan_46_f
316	MegRyan	23	AGE23	9671	9670_MegRyan_23_f
316	MegRyan	25	AGE25	9673	9672_MegRyan_25_f
316	MegRyan	45	AGE45	9692	9691_MegRyan_45_f
316	MegRyan	31	AGE31	9679	9678_MegRyan_31_f
316	MegRyan	39	AGE39	9686	9685_MegRyan_39_f
316	MegRyan	7	AGE7	9668	9667_MegRyan_7_f
316	MegRyan	37	AGE37	9684	9683_MegRyan_37_f
316	MegRyan	27	AGE27	9675	9674_MegRyan_27_f
316	MegRyan	43	AGE43	9690	9689_MegRyan_43_f
316	MegRyan	24	AGE24	9672	9671_MegRyan_24_f
316	MegRyan	30	AGE30	9678	9677_MegRyan_30_f
316	MegRyan	42	AGE42	9689	9688_MegRyan_42_f
316	MegRyan	26	AGE26	9674	9673_MegRyan_26_f
317	BillMurray	53	AGE53	2413	2412_BillMurray_53_m
317	BillMurray	46	AGE46	2404	2403_BillMurray_46_m
317	BillMurray	53	AGE53	2414	2413_BillMurray_53_m
317	BillMurray	61	AGE61	2420	2419_BillMurray_61_m
317	BillMurray	62	AGE62	2421	2420_BillMurray_62_m
317	BillMurray	33	AGE33	2395	2394_BillMurray_33_m
317	BillMurray	47	AGE47	2407	2406_BillMurray_47_m
317	BillMurray	34	AGE34	2397	2396_BillMurray_34_m
317	BillMurray	39	AGE39	2399	2398_BillMurray_39_m
317	BillMurray	30	AGE30	2392	2391_BillMurray_30_m
317	BillMurray	47	AGE47	2406	2405_BillMurray_47_m
317	BillMurray	60	AGE60	2419	2418_BillMurray_60_m
317	BillMurray	30	AGE30	2391	2390_BillMurray_30_m
317	BillMurray	54	AGE54	2415	2414_BillMurray_54_m
317	BillMurray	40	AGE40	2401	2400_BillMurray_40_m
317	BillMurray	38	AGE38	2398	2397_BillMurray_38_m
317	BillMurray	49	AGE49	2409	2408_BillMurray_49_m
317	BillMurray	34	AGE34	2396	2395_BillMurray_34_m
317	BillMurray	31	AGE31	2393	2392_BillMurray_31_m
317	BillMurray	51	AGE51	2411	2410_BillMurray_51_m
317	BillMurray	46	AGE46	2405	2404_BillMurray_46_m
317	BillMurray	48	AGE48	2408	2407_BillMurray_48_m
317	BillMurray	59	AGE59	2418	2417_BillMurray_59_m
317	BillMurray	63	AGE63	2422	2421_BillMurray_63_m
317	BillMurray	55	AGE55	2416	2415_BillMurray_55_m
317	BillMurray	27	AGE27	2389	2388_BillMurray_27_m
317	BillMurray	26	AGE26	2387	2386_BillMurray_26_m
317	BillMurray	53	AGE53	2412	2411_BillMurray_53_m
317	BillMurray	41	AGE41	2402	2401_BillMurray_41_m
317	BillMurray	44	AGE44	2403	2402_BillMurray_44_m
317	BillMurray	29	AGE29	2390	2389_BillMurray_29_m
317	BillMurray	57	AGE57	2417	2416_BillMurray_57_m
317	BillMurray	27	AGE27	2388	2387_BillMurray_27_m
317	BillMurray	32	AGE32	2394	2393_BillMurray_32_m
317	BillMurray	50	AGE50	2410	2409_BillMurray_50_m
317	BillMurray	39	AGE39	2400	2399_BillMurray_39_m
317	BillMurray	64	AGE64	2423	2422_BillMurray_64_m
318	EsteeLauder	26	AGE26	27	26_EsteeLauder_26_f
318	EsteeLauder	72	AGE72	43	42_EsteeLauder_72_f
318	EsteeLauder	82	AGE82	32	31_EsteeLauder_82_f
318	EsteeLauder	38	AGE38	35	34_EsteeLauder_38_f
318	EsteeLauder	65	AGE65	38	37_EsteeLauder_65_f
318	EsteeLauder	50	AGE50	34	33_EsteeLauder_50_f
318	EsteeLauder	75	AGE75	33	32_EsteeLauder_75_f
318	EsteeLauder	48	AGE48	26	25_EsteeLauder_48_f
318	EsteeLauder	64	AGE64	40	39_EsteeLauder_64_f
318	EsteeLauder	52	AGE52	25	24_EsteeLauder_52_f
318	EsteeLauder	54	AGE54	41	40_EsteeLauder_54_f
318	EsteeLauder	77	AGE77	29	28_EsteeLauder_77_f
318	EsteeLauder	78	AGE78	31	30_EsteeLauder_78_f
318	EsteeLauder	72	AGE72	28	27_EsteeLauder_72_f
318	EsteeLauder	64	AGE64	42	41_EsteeLauder_64_f
318	EsteeLauder	75	AGE75	36	35_EsteeLauder_75_f
318	EsteeLauder	57	AGE57	30	29_EsteeLauder_57_f
318	EsteeLauder	70	AGE70	39	38_EsteeLauder_70_f
319	RingoStarr	60	AGE60	3708	3707_RingoStarr_60_m
319	RingoStarr	73	AGE73	3716	3715_RingoStarr_73_m
319	RingoStarr	58	AGE58	3706	3705_RingoStarr_58_m
319	RingoStarr	26	AGE26	3686	3685_RingoStarr_26_m
319	RingoStarr	40	AGE40	3698	3697_RingoStarr_40_m
319	RingoStarr	23	AGE23	3682	3681_RingoStarr_23_m
319	RingoStarr	29	AGE29	3689	3688_RingoStarr_29_m
319	RingoStarr	33	AGE33	3694	3693_RingoStarr_33_m
319	RingoStarr	74	AGE74	3717	3716_RingoStarr_74_m
319	RingoStarr	45	AGE45	3702	3701_RingoStarr_45_m
319	RingoStarr	28	AGE28	3688	3687_RingoStarr_28_m
319	RingoStarr	53	AGE53	3705	3704_RingoStarr_53_m
319	RingoStarr	29	AGE29	3690	3689_RingoStarr_29_m
319	RingoStarr	71	AGE71	3715	3714_RingoStarr_71_m
319	RingoStarr	27	AGE27	3687	3686_RingoStarr_27_m
319	RingoStarr	42	AGE42	3700	3699_RingoStarr_42_m
319	RingoStarr	67	AGE67	3712	3711_RingoStarr_67_m
319	RingoStarr	68	AGE68	3713	3712_RingoStarr_68_m
319	RingoStarr	62	AGE62	3709	3708_RingoStarr_62_m
319	RingoStarr	38	AGE38	3697	3696_RingoStarr_38_m
319	RingoStarr	31	AGE31	3692	3691_RingoStarr_31_m
319	RingoStarr	66	AGE66	3711	3710_RingoStarr_66_m
319	RingoStarr	35	AGE35	3696	3695_RingoStarr_35_m
319	RingoStarr	24	AGE24	3684	3683_RingoStarr_24_m
319	RingoStarr	41	AGE41	3699	3698_RingoStarr_41_m
319	RingoStarr	24	AGE24	3683	3682_RingoStarr_24_m
319	RingoStarr	30	AGE30	3691	3690_RingoStarr_30_m
319	RingoStarr	59	AGE59	3707	3706_RingoStarr_59_m
319	RingoStarr	51	AGE51	3704	3703_RingoStarr_51_m
319	RingoStarr	63	AGE63	3710	3709_RingoStarr_63_m
319	RingoStarr	34	AGE34	3695	3694_RingoStarr_34_m
319	RingoStarr	32	AGE32	3693	3692_RingoStarr_32_m
319	RingoStarr	48	AGE48	3703	3702_RingoStarr_48_m
319	RingoStarr	70	AGE70	3714	3713_RingoStarr_70_m
319	RingoStarr	43	AGE43	3701	3700_RingoStarr_43_m
319	RingoStarr	25	AGE25	3685	3684_RingoStarr_25_m
320	TippiHedren	55	AGE55	10886	10885_TippiHedren_55_f
320	TippiHedren	22	AGE22	10878	10877_TippiHedren_22_f
320	TippiHedren	76	AGE76	10902	10901_TippiHedren_76_f
320	TippiHedren	79	AGE79	10904	10903_TippiHedren_79_f
320	TippiHedren	49	AGE49	10882	10881_TippiHedren_49_f
320	TippiHedren	74	AGE74	10901	10900_TippiHedren_74_f
320	TippiHedren	39	AGE39	10880	10879_TippiHedren_39_f
320	TippiHedren	73	AGE73	10900	10899_TippiHedren_73_f
320	TippiHedren	52	AGE52	10884	10883_TippiHedren_52_f
320	TippiHedren	71	AGE71	10899	10898_TippiHedren_71_f
320	TippiHedren	63	AGE63	10889	10888_TippiHedren_63_f
320	TippiHedren	68	AGE68	10896	10895_TippiHedren_68_f
320	TippiHedren	67	AGE67	10895	10894_TippiHedren_67_f
320	TippiHedren	69	AGE69	10897	10896_TippiHedren_69_f
320	TippiHedren	51	AGE51	10883	10882_TippiHedren_51_f
320	TippiHedren	37	AGE37	10879	10878_TippiHedren_37_f
320	TippiHedren	52	AGE52	10885	10884_TippiHedren_52_f
320	TippiHedren	64	AGE64	10891	10890_TippiHedren_64_f
320	TippiHedren	58	AGE58	10887	10886_TippiHedren_58_f
320	TippiHedren	65	AGE65	10892	10891_TippiHedren_65_f
320	TippiHedren	77	AGE77	10903	10902_TippiHedren_77_f
320	TippiHedren	60	AGE60	10888	10887_TippiHedren_60_f
320	TippiHedren	64	AGE64	10890	10889_TippiHedren_64_f
320	TippiHedren	70	AGE70	10898	10897_TippiHedren_70_f
320	TippiHedren	67	AGE67	10894	10893_TippiHedren_67_f
320	TippiHedren	46	AGE46	10881	10880_TippiHedren_46_f
320	TippiHedren	66	AGE66	10893	10892_TippiHedren_66_f
321	DannyDeVito	60	AGE60	3155	3154_DannyDeVito_60_m
321	DannyDeVito	65	AGE65	3159	3158_DannyDeVito_65_m
321	DannyDeVito	50	AGE50	3148	3147_DannyDeVito_50_m
321	DannyDeVito	44	AGE44	3144	3143_DannyDeVito_44_m
321	DannyDeVito	63	AGE63	3157	3156_DannyDeVito_63_m
321	DannyDeVito	64	AGE64	3158	3157_DannyDeVito_64_m
321	DannyDeVito	57	AGE57	3152	3151_DannyDeVito_57_m
321	DannyDeVito	61	AGE61	3156	3155_DannyDeVito_61_m
321	DannyDeVito	43	AGE43	3143	3142_DannyDeVito_43_m
321	DannyDeVito	49	AGE49	3147	3146_DannyDeVito_49_m
321	DannyDeVito	59	AGE59	3154	3153_DannyDeVito_59_m
321	DannyDeVito	54	AGE54	3150	3149_DannyDeVito_54_m
321	DannyDeVito	48	AGE48	3146	3145_DannyDeVito_48_m
321	DannyDeVito	37	AGE37	3140	3139_DannyDeVito_37_m
321	DannyDeVito	42	AGE42	3142	3141_DannyDeVito_42_m
321	DannyDeVito	35	AGE35	3139	3138_DannyDeVito_35_m
321	DannyDeVito	65	AGE65	3160	3159_DannyDeVito_65_m
321	DannyDeVito	55	AGE55	3151	3150_DannyDeVito_55_m
321	DannyDeVito	38	AGE38	3141	3140_DannyDeVito_38_m
321	DannyDeVito	31	AGE31	3138	3137_DannyDeVito_31_m
321	DannyDeVito	58	AGE58	3153	3152_DannyDeVito_58_m
321	DannyDeVito	16	AGE16	3137	3136_DannyDeVito_16_m
321	DannyDeVito	53	AGE53	3149	3148_DannyDeVito_53_m
321	DannyDeVito	47	AGE47	3145	3144_DannyDeVito_47_m
322	AlbertCamus	44	AGE44	1319	1318_AlbertCamus_44_m
322	AlbertCamus	42	AGE42	1321	1320_AlbertCamus_42_m
322	AlbertCamus	35	AGE35	1330	1329_AlbertCamus_35_m
322	AlbertCamus	7	AGE7	1313	1312_AlbertCamus_7_m
322	AlbertCamus	40	AGE40	1322	1321_AlbertCamus_40_m
322	AlbertCamus	37	AGE37	1335	1334_AlbertCamus_37_m
322	AlbertCamus	30	AGE30	1324	1323_AlbertCamus_30_m
322	AlbertCamus	40	AGE40	1329	1328_AlbertCamus_40_m
322	AlbertCamus	37	AGE37	1317	1316_AlbertCamus_37_m
322	AlbertCamus	34	AGE34	1318	1317_AlbertCamus_34_m
322	AlbertCamus	34	AGE34	1323	1322_AlbertCamus_34_m
322	AlbertCamus	40	AGE40	1331	1330_AlbertCamus_40_m
322	AlbertCamus	42	AGE42	1327	1326_AlbertCamus_42_m
322	AlbertCamus	40	AGE40	1333	1332_AlbertCamus_40_m
322	AlbertCamus	42	AGE42	1325	1324_AlbertCamus_42_m
322	AlbertCamus	38	AGE38	1320	1319_AlbertCamus_38_m
322	AlbertCamus	39	AGE39	1328	1327_AlbertCamus_39_m
322	AlbertCamus	39	AGE39	1332	1331_AlbertCamus_39_m
322	AlbertCamus	43	AGE43	1334	1333_AlbertCamus_43_m
322	AlbertCamus	42	AGE42	1336	1335_AlbertCamus_42_m
322	AlbertCamus	17	AGE17	1315	1314_AlbertCamus_17_m
322	AlbertCamus	11	AGE11	1314	1313_AlbertCamus_11_m
322	AlbertCamus	36	AGE36	1326	1325_AlbertCamus_36_m
323	JohnJames	28	AGE28	2027	2026_JohnJames_28_m
323	JohnJames	32	AGE32	2032	2031_JohnJames_32_m
323	JohnJames	41	AGE41	2038	2037_JohnJames_41_m
323	JohnJames	47	AGE47	2041	2040_JohnJames_47_m
323	JohnJames	28	AGE28	2028	2027_JohnJames_28_m
323	JohnJames	23	AGE23	2021	2020_JohnJames_23_m
323	JohnJames	34	AGE34	2034	2033_JohnJames_34_m
323	JohnJames	35	AGE35	2035	2034_JohnJames_35_m
323	JohnJames	33	AGE33	2033	2032_JohnJames_33_m
323	JohnJames	59	AGE59	2047	2046_JohnJames_59_m
323	JohnJames	44	AGE44	2039	2038_JohnJames_44_m
323	JohnJames	29	AGE29	2029	2028_JohnJames_29_m
323	JohnJames	51	AGE51	2044	2043_JohnJames_51_m
323	JohnJames	46	AGE46	2040	2039_JohnJames_46_m
323	JohnJames	52	AGE52	2045	2044_JohnJames_52_m
323	JohnJames	31	AGE31	2031	2030_JohnJames_31_m
323	JohnJames	30	AGE30	2030	2029_JohnJames_30_m
323	JohnJames	27	AGE27	2026	2025_JohnJames_27_m
323	JohnJames	26	AGE26	2025	2024_JohnJames_26_m
323	JohnJames	24	AGE24	2022	2021_JohnJames_24_m
323	JohnJames	25	AGE25	2024	2023_JohnJames_25_m
323	JohnJames	24	AGE24	2023	2022_JohnJames_24_m
323	JohnJames	49	AGE49	2042	2041_JohnJames_49_m
323	JohnJames	50	AGE50	2043	2042_JohnJames_50_m
323	JohnJames	55	AGE55	2046	2045_JohnJames_55_m
323	JohnJames	39	AGE39	2037	2036_JohnJames_39_m
323	JohnJames	36	AGE36	2036	2035_JohnJames_36_m
324	JaneAsher	20	AGE20	9802	9801_JaneAsher_20_f
324	JaneAsher	56	AGE56	9816	9815_JaneAsher_56_f
324	JaneAsher	24	AGE24	9803	9802_JaneAsher_24_f
324	JaneAsher	59	AGE59	9818	9817_JaneAsher_59_f
324	JaneAsher	28	AGE28	9807	9806_JaneAsher_28_f
324	JaneAsher	53	AGE53	9814	9813_JaneAsher_53_f
324	JaneAsher	18	AGE18	9800	9799_JaneAsher_18_f
324	JaneAsher	67	AGE67	9823	9822_JaneAsher_67_f
324	JaneAsher	47	AGE47	9812	9811_JaneAsher_47_f
324	JaneAsher	12	AGE12	9794	9793_JaneAsher_12_f
324	JaneAsher	8	AGE8	9792	9791_JaneAsher_8_f
324	JaneAsher	39	AGE39	9810	9809_JaneAsher_39_f
324	JaneAsher	9	AGE9	9793	9792_JaneAsher_9_f
324	JaneAsher	58	AGE58	9817	9816_JaneAsher_58_f
324	JaneAsher	25	AGE25	9805	9804_JaneAsher_25_f
324	JaneAsher	51	AGE51	9813	9812_JaneAsher_51_f
324	JaneAsher	24	AGE24	9804	9803_JaneAsher_24_f
324	JaneAsher	55	AGE55	9815	9814_JaneAsher_55_f
324	JaneAsher	17	AGE17	9799	9798_JaneAsher_17_f
324	JaneAsher	64	AGE64	9821	9820_JaneAsher_64_f
324	JaneAsher	26	AGE26	9806	9805_JaneAsher_26_f
324	JaneAsher	19	AGE19	9801	9800_JaneAsher_19_f
324	JaneAsher	12	AGE12	9795	9794_JaneAsher_12_f
324	JaneAsher	17	AGE17	9798	9797_JaneAsher_17_f
324	JaneAsher	65	AGE65	9822	9821_JaneAsher_65_f
324	JaneAsher	7	AGE7	9791	9790_JaneAsher_7_f
324	JaneAsher	32	AGE32	9809	9808_JaneAsher_32_f
324	JaneAsher	44	AGE44	9811	9810_JaneAsher_44_f
324	JaneAsher	15	AGE15	9796	9795_JaneAsher_15_f
324	JaneAsher	6	AGE6	9790	9789_JaneAsher_6_f
324	JaneAsher	16	AGE16	9797	9796_JaneAsher_16_f
324	JaneAsher	63	AGE63	9820	9819_JaneAsher_63_f
324	JaneAsher	29	AGE29	9808	9807_JaneAsher_29_f
324	JaneAsher	62	AGE62	9819	9818_JaneAsher_62_f
325	tomselleck	49	AGE49	2968	2967_tomselleck_49_m
325	tomselleck	39	AGE39	2961	2960_tomselleck_39_m
325	tomselleck	38	AGE38	2960	2959_tomselleck_38_m
325	tomselleck	37	AGE37	2958	2957_tomselleck_37_m
325	tomselleck	40	AGE40	2962	2961_tomselleck_40_m
325	tomselleck	37	AGE37	2957	2956_tomselleck_37_m
325	tomselleck	61	AGE61	2978	2977_tomselleck_61_m
325	tomselleck	52	AGE52	2971	2970_tomselleck_52_m
325	tomselleck	52	AGE52	2972	2971_tomselleck_52_m
325	tomselleck	69	AGE69	2984	2983_tomselleck_69_m
325	tomselleck	41	AGE41	2963	2962_tomselleck_41_m
325	tomselleck	60	AGE60	2977	2976_tomselleck_60_m
325	tomselleck	33	AGE33	2953	2952_tomselleck_33_m
325	tomselleck	62	AGE62	2979	2978_tomselleck_62_m
325	tomselleck	47	AGE47	2967	2966_tomselleck_47_m
325	tomselleck	68	AGE68	2983	2982_tomselleck_68_m
325	tomselleck	38	AGE38	2959	2958_tomselleck_38_m
325	tomselleck	51	AGE51	2970	2969_tomselleck_51_m
325	tomselleck	66	AGE66	2982	2981_tomselleck_66_m
325	tomselleck	45	AGE45	2966	2965_tomselleck_45_m
325	tomselleck	42	AGE42	2964	2963_tomselleck_42_m
325	tomselleck	58	AGE58	2975	2974_tomselleck_58_m
325	tomselleck	59	AGE59	2976	2975_tomselleck_59_m
325	tomselleck	65	AGE65	2981	2980_tomselleck_65_m
325	tomselleck	57	AGE57	2974	2973_tomselleck_57_m
325	tomselleck	54	AGE54	2973	2972_tomselleck_54_m
325	tomselleck	44	AGE44	2965	2964_tomselleck_44_m
325	tomselleck	64	AGE64	2980	2979_tomselleck_64_m
325	tomselleck	50	AGE50	2969	2968_tomselleck_50_m
325	tomselleck	35	AGE35	2955	2954_tomselleck_35_m
325	tomselleck	34	AGE34	2954	2953_tomselleck_34_m
325	tomselleck	36	AGE36	2956	2955_tomselleck_36_m
326	SteveKanaly	33	AGE33	3844	3843_SteveKanaly_33_m
326	SteveKanaly	54	AGE54	3858	3857_SteveKanaly_54_m
326	SteveKanaly	48	AGE48	3855	3854_SteveKanaly_48_m
326	SteveKanaly	37	AGE37	3848	3847_SteveKanaly_37_m
326	SteveKanaly	30	AGE30	3841	3840_SteveKanaly_30_m
326	SteveKanaly	50	AGE50	3856	3855_SteveKanaly_50_m
326	SteveKanaly	34	AGE34	3845	3844_SteveKanaly_34_m
326	SteveKanaly	62	AGE62	3861	3860_SteveKanaly_62_m
326	SteveKanaly	65	AGE65	3863	3862_SteveKanaly_65_m
326	SteveKanaly	58	AGE58	3859	3858_SteveKanaly_58_m
326	SteveKanaly	52	AGE52	3857	3856_SteveKanaly_52_m
326	SteveKanaly	36	AGE36	3847	3846_SteveKanaly_36_m
326	SteveKanaly	69	AGE69	3864	3863_SteveKanaly_69_m
326	SteveKanaly	39	AGE39	3849	3848_SteveKanaly_39_m
326	SteveKanaly	46	AGE46	3854	3853_SteveKanaly_46_m
326	SteveKanaly	35	AGE35	3846	3845_SteveKanaly_35_m
326	SteveKanaly	31	AGE31	3842	3841_SteveKanaly_31_m
326	SteveKanaly	43	AGE43	3853	3852_SteveKanaly_43_m
326	SteveKanaly	63	AGE63	3862	3861_SteveKanaly_63_m
326	SteveKanaly	32	AGE32	3843	3842_SteveKanaly_32_m
326	SteveKanaly	29	AGE29	3840	3839_SteveKanaly_29_m
326	SteveKanaly	27	AGE27	3838	3837_SteveKanaly_27_m
326	SteveKanaly	41	AGE41	3851	3850_SteveKanaly_41_m
326	SteveKanaly	40	AGE40	3850	3849_SteveKanaly_40_m
326	SteveKanaly	28	AGE28	3839	3838_SteveKanaly_28_m
326	SteveKanaly	26	AGE26	3837	3836_SteveKanaly_26_m
326	SteveKanaly	42	AGE42	3852	3851_SteveKanaly_42_m
326	SteveKanaly	61	AGE61	3860	3859_SteveKanaly_61_m
327	TommyLeeJones	45	AGE45	5742	5741_TommyLeeJones_45_m
327	TommyLeeJones	57	AGE57	5754	5753_TommyLeeJones_57_m
327	TommyLeeJones	54	AGE54	5752	5751_TommyLeeJones_54_m
327	TommyLeeJones	60	AGE60	5756	5755_TommyLeeJones_60_m
327	TommyLeeJones	51	AGE51	5749	5748_TommyLeeJones_51_m
327	TommyLeeJones	39	AGE39	5738	5737_TommyLeeJones_39_m
327	TommyLeeJones	63	AGE63	5758	5757_TommyLeeJones_63_m
327	TommyLeeJones	62	AGE62	5757	5756_TommyLeeJones_62_m
327	TommyLeeJones	59	AGE59	5755	5754_TommyLeeJones_59_m
327	TommyLeeJones	41	AGE41	5739	5738_TommyLeeJones_41_m
327	TommyLeeJones	30	AGE30	5731	5730_TommyLeeJones_30_m
327	TommyLeeJones	37	AGE37	5736	5735_TommyLeeJones_37_m
327	TommyLeeJones	57	AGE57	5753	5752_TommyLeeJones_57_m
327	TommyLeeJones	18	AGE18	5726	5725_TommyLeeJones_18_m
327	TommyLeeJones	42	AGE42	5740	5739_TommyLeeJones_42_m
327	TommyLeeJones	24	AGE24	5728	5727_TommyLeeJones_24_m
327	TommyLeeJones	23	AGE23	5727	5726_TommyLeeJones_23_m
327	TommyLeeJones	34	AGE34	5735	5734_TommyLeeJones_34_m
327	TommyLeeJones	48	AGE48	5745	5744_TommyLeeJones_48_m
327	TommyLeeJones	47	AGE47	5744	5743_TommyLeeJones_47_m
327	TommyLeeJones	53	AGE53	5751	5750_TommyLeeJones_53_m
327	TommyLeeJones	52	AGE52	5750	5749_TommyLeeJones_52_m
327	TommyLeeJones	63	AGE63	5759	5758_TommyLeeJones_63_m
327	TommyLeeJones	25	AGE25	5729	5728_TommyLeeJones_25_m
327	TommyLeeJones	46	AGE46	5743	5742_TommyLeeJones_46_m
327	TommyLeeJones	32	AGE32	5734	5733_TommyLeeJones_32_m
327	TommyLeeJones	49	AGE49	5746	5745_TommyLeeJones_49_m
327	TommyLeeJones	31	AGE31	5733	5732_TommyLeeJones_31_m
327	TommyLeeJones	43	AGE43	5741	5740_TommyLeeJones_43_m
327	TommyLeeJones	51	AGE51	5748	5747_TommyLeeJones_51_m
327	TommyLeeJones	30	AGE30	5732	5731_TommyLeeJones_30_m
327	TommyLeeJones	65	AGE65	5760	5759_TommyLeeJones_65_m
327	TommyLeeJones	29	AGE29	5730	5729_TommyLeeJones_29_m
327	TommyLeeJones	38	AGE38	5737	5736_TommyLeeJones_38_m
327	TommyLeeJones	49	AGE49	5747	5746_TommyLeeJones_49_m
328	PabloPicasso	81	AGE81	279	278_PabloPicasso_81_m
328	PabloPicasso	73	AGE73	280	279_PabloPicasso_73_m
328	PabloPicasso	15	AGE15	276	275_PabloPicasso_15_m
328	PabloPicasso	56	AGE56	273	272_PabloPicasso_56_m
328	PabloPicasso	76	AGE76	278	277_PabloPicasso_76_m
328	PabloPicasso	81	AGE81	274	273_PabloPicasso_81_m
328	PabloPicasso	39	AGE39	284	283_PabloPicasso_39_m
328	PabloPicasso	80	AGE80	283	282_PabloPicasso_80_m
328	PabloPicasso	55	AGE55	277	276_PabloPicasso_55_m
328	PabloPicasso	88	AGE88	281	280_PabloPicasso_88_m
328	PabloPicasso	76	AGE76	275	274_PabloPicasso_76_m
328	PabloPicasso	60	AGE60	282	281_PabloPicasso_60_m
328	PabloPicasso	41	AGE41	272	271_PabloPicasso_41_m
328	PabloPicasso	80	AGE80	271	270_PabloPicasso_80_m
329	MargaretNolan	30	AGE30	15713	15712_MargaretNolan_30_f
329	MargaretNolan	66	AGE66	15721	15720_MargaretNolan_66_f
329	MargaretNolan	64	AGE64	15720	15719_MargaretNolan_64_f
329	MargaretNolan	23	AGE23	15706	15705_MargaretNolan_23_f
329	MargaretNolan	35	AGE35	15717	15716_MargaretNolan_35_f
329	MargaretNolan	70	AGE70	15725	15724_MargaretNolan_70_f
329	MargaretNolan	20	AGE20	15703	15702_MargaretNolan_20_f
329	MargaretNolan	34	AGE34	15716	15715_MargaretNolan_34_f
329	MargaretNolan	19	AGE19	15702	15701_MargaretNolan_19_f
329	MargaretNolan	71	AGE71	15726	15725_MargaretNolan_71_f
329	MargaretNolan	31	AGE31	15714	15713_MargaretNolan_31_f
329	MargaretNolan	26	AGE26	15709	15708_MargaretNolan_26_f
329	MargaretNolan	68	AGE68	15723	15722_MargaretNolan_68_f
329	MargaretNolan	22	AGE22	15705	15704_MargaretNolan_22_f
329	MargaretNolan	28	AGE28	15711	15710_MargaretNolan_28_f
329	MargaretNolan	29	AGE29	15712	15711_MargaretNolan_29_f
329	MargaretNolan	27	AGE27	15710	15709_MargaretNolan_27_f
329	MargaretNolan	32	AGE32	15715	15714_MargaretNolan_32_f
329	MargaretNolan	67	AGE67	15722	15721_MargaretNolan_67_f
329	MargaretNolan	25	AGE25	15708	15707_MargaretNolan_25_f
329	MargaretNolan	24	AGE24	15707	15706_MargaretNolan_24_f
329	MargaretNolan	21	AGE21	15704	15703_MargaretNolan_21_f
329	MargaretNolan	37	AGE37	15718	15717_MargaretNolan_37_f
329	MargaretNolan	40	AGE40	15719	15718_MargaretNolan_40_f
329	MargaretNolan	18	AGE18	15701	15700_MargaretNolan_18_f
329	MargaretNolan	69	AGE69	15724	15723_MargaretNolan_69_f
330	JuneAllyson	30	AGE30	13636	13635_JuneAllyson_30_f
330	JuneAllyson	86	AGE86	13658	13657_JuneAllyson_86_f
330	JuneAllyson	23	AGE23	13661	13660_JuneAllyson_23_f
330	JuneAllyson	27	AGE27	13662	13661_JuneAllyson_27_f
330	JuneAllyson	40	AGE40	13651	13650_JuneAllyson_40_f
330	JuneAllyson	83	AGE83	13657	13656_JuneAllyson_83_f
330	JuneAllyson	35	AGE35	13647	13646_JuneAllyson_35_f
330	JuneAllyson	81	AGE81	13656	13655_JuneAllyson_81_f
330	JuneAllyson	21	AGE21	13663	13662_JuneAllyson_21_f
330	JuneAllyson	86	AGE86	13665	13664_JuneAllyson_86_f
330	JuneAllyson	43	AGE43	13653	13652_JuneAllyson_43_f
330	JuneAllyson	36	AGE36	13637	13636_JuneAllyson_36_f
330	JuneAllyson	39	AGE39	13650	13649_JuneAllyson_39_f
330	JuneAllyson	33	AGE33	13646	13645_JuneAllyson_33_f
330	JuneAllyson	55	AGE55	13655	13654_JuneAllyson_55_f
330	JuneAllyson	46	AGE46	13660	13659_JuneAllyson_46_f
330	JuneAllyson	28	AGE28	13642	13641_JuneAllyson_28_f
330	JuneAllyson	27	AGE27	13640	13639_JuneAllyson_27_f
330	JuneAllyson	52	AGE52	13659	13658_JuneAllyson_52_f
330	JuneAllyson	38	AGE38	13649	13648_JuneAllyson_38_f
330	JuneAllyson	31	AGE31	13644	13643_JuneAllyson_31_f
330	JuneAllyson	20	AGE20	13639	13638_JuneAllyson_20_f
330	JuneAllyson	20	AGE20	13638	13637_JuneAllyson_20_f
330	JuneAllyson	27	AGE27	13641	13640_JuneAllyson_27_f
330	JuneAllyson	60	AGE60	13664	13663_JuneAllyson_60_f
330	JuneAllyson	54	AGE54	13654	13653_JuneAllyson_54_f
330	JuneAllyson	32	AGE32	13645	13644_JuneAllyson_32_f
330	JuneAllyson	36	AGE36	13648	13647_JuneAllyson_36_f
330	JuneAllyson	30	AGE30	13643	13642_JuneAllyson_30_f
330	JuneAllyson	42	AGE42	13652	13651_JuneAllyson_42_f
331	SamElliott	42	AGE42	2885	2884_SamElliott_42_m
331	SamElliott	36	AGE36	2881	2880_SamElliott_36_m
331	SamElliott	71	AGE71	2911	2910_SamElliott_71_m
331	SamElliott	66	AGE66	2907	2906_SamElliott_66_m
331	SamElliott	54	AGE54	2896	2895_SamElliott_54_m
331	SamElliott	48	AGE48	2891	2890_SamElliott_48_m
331	SamElliott	28	AGE28	2874	2873_SamElliott_28_m
331	SamElliott	40	AGE40	2883	2882_SamElliott_40_m
331	SamElliott	70	AGE70	2910	2909_SamElliott_70_m
331	SamElliott	41	AGE41	2884	2883_SamElliott_41_m
331	SamElliott	33	AGE33	2878	2877_SamElliott_33_m
331	SamElliott	47	AGE47	2890	2889_SamElliott_47_m
331	SamElliott	35	AGE35	2880	2879_SamElliott_35_m
331	SamElliott	49	AGE49	2892	2891_SamElliott_49_m
331	SamElliott	63	AGE63	2904	2903_SamElliott_63_m
331	SamElliott	31	AGE31	2876	2875_SamElliott_31_m
331	SamElliott	56	AGE56	2897	2896_SamElliott_56_m
331	SamElliott	69	AGE69	2909	2908_SamElliott_69_m
331	SamElliott	52	AGE52	2895	2894_SamElliott_52_m
331	SamElliott	57	AGE57	2898	2897_SamElliott_57_m
331	SamElliott	37	AGE37	2882	2881_SamElliott_37_m
331	SamElliott	59	AGE59	2900	2899_SamElliott_59_m
331	SamElliott	46	AGE46	2889	2888_SamElliott_46_m
331	SamElliott	34	AGE34	2879	2878_SamElliott_34_m
331	SamElliott	50	AGE50	2893	2892_SamElliott_50_m
331	SamElliott	44	AGE44	2887	2886_SamElliott_44_m
331	SamElliott	45	AGE45	2888	2887_SamElliott_45_m
331	SamElliott	62	AGE62	2903	2902_SamElliott_62_m
331	SamElliott	61	AGE61	2902	2901_SamElliott_61_m
331	SamElliott	68	AGE68	2908	2907_SamElliott_68_m
331	SamElliott	26	AGE26	2872	2871_SamElliott_26_m
331	SamElliott	51	AGE51	2894	2893_SamElliott_51_m
331	SamElliott	60	AGE60	2901	2900_SamElliott_60_m
331	SamElliott	58	AGE58	2899	2898_SamElliott_58_m
331	SamElliott	43	AGE43	2886	2885_SamElliott_43_m
331	SamElliott	27	AGE27	2873	2872_SamElliott_27_m
331	SamElliott	30	AGE30	2875	2874_SamElliott_30_m
331	SamElliott	65	AGE65	2906	2905_SamElliott_65_m
331	SamElliott	32	AGE32	2877	2876_SamElliott_32_m
331	SamElliott	64	AGE64	2905	2904_SamElliott_64_m
332	TomHanks	39	AGE39	1775	1774_TomHanks_39_m
332	TomHanks	39	AGE39	1774	1773_TomHanks_39_m
332	TomHanks	52	AGE52	1790	1789_TomHanks_52_m
332	TomHanks	36	AGE36	1771	1770_TomHanks_36_m
332	TomHanks	46	AGE46	1783	1782_TomHanks_46_m
332	TomHanks	44	AGE44	1780	1779_TomHanks_44_m
332	TomHanks	43	AGE43	1778	1777_TomHanks_43_m
332	TomHanks	38	AGE38	1773	1772_TomHanks_38_m
332	TomHanks	51	AGE51	1789	1788_TomHanks_51_m
332	TomHanks	47	AGE47	1784	1783_TomHanks_47_m
332	TomHanks	48	AGE48	1785	1784_TomHanks_48_m
332	TomHanks	26	AGE26	1762	1761_TomHanks_26_m
332	TomHanks	58	AGE58	1796	1795_TomHanks_58_m
332	TomHanks	49	AGE49	1786	1785_TomHanks_49_m
332	TomHanks	32	AGE32	1767	1766_TomHanks_32_m
332	TomHanks	43	AGE43	1779	1778_TomHanks_43_m
332	TomHanks	29	AGE29	1764	1763_TomHanks_29_m
332	TomHanks	24	AGE24	1761	1760_TomHanks_24_m
332	TomHanks	36	AGE36	1770	1769_TomHanks_36_m
332	TomHanks	42	AGE42	1777	1776_TomHanks_42_m
332	TomHanks	50	AGE50	1788	1787_TomHanks_50_m
332	TomHanks	54	AGE54	1792	1791_TomHanks_54_m
332	TomHanks	30	AGE30	1765	1764_TomHanks_30_m
332	TomHanks	34	AGE34	1769	1768_TomHanks_34_m
332	TomHanks	56	AGE56	1794	1793_TomHanks_56_m
332	TomHanks	42	AGE42	1776	1775_TomHanks_42_m
332	TomHanks	46	AGE46	1782	1781_TomHanks_46_m
332	TomHanks	28	AGE28	1763	1762_TomHanks_28_m
332	TomHanks	31	AGE31	1766	1765_TomHanks_31_m
332	TomHanks	57	AGE57	1795	1794_TomHanks_57_m
332	TomHanks	37	AGE37	1772	1771_TomHanks_37_m
332	TomHanks	55	AGE55	1793	1792_TomHanks_55_m
332	TomHanks	53	AGE53	1791	1790_TomHanks_53_m
332	TomHanks	45	AGE45	1781	1780_TomHanks_45_m
332	TomHanks	50	AGE50	1787	1786_TomHanks_50_m
332	TomHanks	33	AGE33	1768	1767_TomHanks_33_m
333	RobertPowell	64	AGE64	4429	4428_RobertPowell_64_m
333	RobertPowell	33	AGE33	4410	4409_RobertPowell_33_m
333	RobertPowell	56	AGE56	4426	4425_RobertPowell_56_m
333	RobertPowell	38	AGE38	4415	4414_RobertPowell_38_m
333	RobertPowell	67	AGE67	4431	4430_RobertPowell_67_m
333	RobertPowell	42	AGE42	4418	4417_RobertPowell_42_m
333	RobertPowell	37	AGE37	4414	4413_RobertPowell_37_m
333	RobertPowell	51	AGE51	4424	4423_RobertPowell_51_m
333	RobertPowell	34	AGE34	4411	4410_RobertPowell_34_m
333	RobertPowell	46	AGE46	4421	4420_RobertPowell_46_m
333	RobertPowell	25	AGE25	4404	4403_RobertPowell_25_m
333	RobertPowell	49	AGE49	4423	4422_RobertPowell_49_m
333	RobertPowell	28	AGE28	4406	4405_RobertPowell_28_m
333	RobertPowell	61	AGE61	4427	4426_RobertPowell_61_m
333	RobertPowell	43	AGE43	4419	4418_RobertPowell_43_m
333	RobertPowell	39	AGE39	4416	4415_RobertPowell_39_m
333	RobertPowell	36	AGE36	4413	4412_RobertPowell_36_m
333	RobertPowell	44	AGE44	4420	4419_RobertPowell_44_m
333	RobertPowell	35	AGE35	4412	4411_RobertPowell_35_m
333	RobertPowell	30	AGE30	4408	4407_RobertPowell_30_m
333	RobertPowell	26	AGE26	4405	4404_RobertPowell_26_m
333	RobertPowell	29	AGE29	4407	4406_RobertPowell_29_m
333	RobertPowell	54	AGE54	4425	4424_RobertPowell_54_m
333	RobertPowell	65	AGE65	4430	4429_RobertPowell_65_m
333	RobertPowell	47	AGE47	4422	4421_RobertPowell_47_m
333	RobertPowell	32	AGE32	4409	4408_RobertPowell_32_m
333	RobertPowell	24	AGE24	4403	4402_RobertPowell_24_m
333	RobertPowell	63	AGE63	4428	4427_RobertPowell_63_m
333	RobertPowell	11	AGE11	4402	4401_RobertPowell_11_m
333	RobertPowell	40	AGE40	4417	4416_RobertPowell_40_m
333	RobertPowell	69	AGE69	4432	4431_RobertPowell_69_m
334	LauraAntonelli	34	AGE34	12286	12285_LauraAntonelli_34_f
334	LauraAntonelli	44	AGE44	12293	12292_LauraAntonelli_44_f
334	LauraAntonelli	29	AGE29	12281	12280_LauraAntonelli_29_f
334	LauraAntonelli	30	AGE30	12282	12281_LauraAntonelli_30_f
334	LauraAntonelli	35	AGE35	12287	12286_LauraAntonelli_35_f
334	LauraAntonelli	40	AGE40	12289	12288_LauraAntonelli_40_f
334	LauraAntonelli	46	AGE46	12295	12294_LauraAntonelli_46_f
334	LauraAntonelli	28	AGE28	12280	12279_LauraAntonelli_28_f
334	LauraAntonelli	23	AGE23	12278	12277_LauraAntonelli_23_f
334	LauraAntonelli	42	AGE42	12291	12290_LauraAntonelli_42_f
334	LauraAntonelli	52	AGE52	12297	12296_LauraAntonelli_52_f
334	LauraAntonelli	24	AGE24	12279	12278_LauraAntonelli_24_f
334	LauraAntonelli	65	AGE65	12301	12300_LauraAntonelli_65_f
334	LauraAntonelli	43	AGE43	12292	12291_LauraAntonelli_43_f
334	LauraAntonelli	31	AGE31	12283	12282_LauraAntonelli_31_f
334	LauraAntonelli	54	AGE54	12298	12297_LauraAntonelli_54_f
334	LauraAntonelli	55	AGE55	12299	12298_LauraAntonelli_55_f
334	LauraAntonelli	66	AGE66	12302	12301_LauraAntonelli_66_f
334	LauraAntonelli	72	AGE72	12303	12302_LauraAntonelli_72_f
334	LauraAntonelli	59	AGE59	12300	12299_LauraAntonelli_59_f
334	LauraAntonelli	39	AGE39	12288	12287_LauraAntonelli_39_f
334	LauraAntonelli	41	AGE41	12290	12289_LauraAntonelli_41_f
334	LauraAntonelli	45	AGE45	12294	12293_LauraAntonelli_45_f
334	LauraAntonelli	32	AGE32	12284	12283_LauraAntonelli_32_f
334	LauraAntonelli	33	AGE33	12285	12284_LauraAntonelli_33_f
334	LauraAntonelli	48	AGE48	12296	12295_LauraAntonelli_48_f
335	JoanFontaine	19	AGE19	14319	14318_JoanFontaine_19_f
335	JoanFontaine	28	AGE28	14305	14304_JoanFontaine_28_f
335	JoanFontaine	20	AGE20	14321	14320_JoanFontaine_20_f
335	JoanFontaine	24	AGE24	14303	14302_JoanFontaine_24_f
335	JoanFontaine	23	AGE23	14322	14321_JoanFontaine_23_f
335	JoanFontaine	71	AGE71	14311	14310_JoanFontaine_71_f
335	JoanFontaine	25	AGE25	14326	14325_JoanFontaine_25_f
335	JoanFontaine	78	AGE78	14323	14322_JoanFontaine_78_f
335	JoanFontaine	30	AGE30	14320	14319_JoanFontaine_30_f
335	JoanFontaine	85	AGE85	14317	14316_JoanFontaine_85_f
335	JoanFontaine	72	AGE72	14316	14315_JoanFontaine_72_f
335	JoanFontaine	29	AGE29	14306	14305_JoanFontaine_29_f
335	JoanFontaine	18	AGE18	14302	14301_JoanFontaine_18_f
335	JoanFontaine	32	AGE32	14314	14313_JoanFontaine_32_f
335	JoanFontaine	23	AGE23	14313	14312_JoanFontaine_23_f
335	JoanFontaine	29	AGE29	14324	14323_JoanFontaine_29_f
335	JoanFontaine	25	AGE25	14312	14311_JoanFontaine_25_f
335	JoanFontaine	39	AGE39	14309	14308_JoanFontaine_39_f
335	JoanFontaine	20	AGE20	14318	14317_JoanFontaine_20_f
335	JoanFontaine	26	AGE26	14325	14324_JoanFontaine_26_f
335	JoanFontaine	28	AGE28	14300	14299_JoanFontaine_28_f
335	JoanFontaine	25	AGE25	14304	14303_JoanFontaine_25_f
335	JoanFontaine	68	AGE68	14310	14309_JoanFontaine_68_f
335	JoanFontaine	36	AGE36	14307	14306_JoanFontaine_36_f
335	JoanFontaine	28	AGE28	14301	14300_JoanFontaine_28_f
335	JoanFontaine	75	AGE75	14315	14314_JoanFontaine_75_f
335	JoanFontaine	38	AGE38	14308	14307_JoanFontaine_38_f
336	PatrickStewart	62	AGE62	5574	5573_PatrickStewart_62_m
336	PatrickStewart	63	AGE63	5575	5574_PatrickStewart_63_m
336	PatrickStewart	46	AGE46	5564	5563_PatrickStewart_46_m
336	PatrickStewart	66	AGE66	5578	5577_PatrickStewart_66_m
336	PatrickStewart	39	AGE39	5559	5558_PatrickStewart_39_m
336	PatrickStewart	72	AGE72	5585	5584_PatrickStewart_72_m
336	PatrickStewart	34	AGE34	5555	5554_PatrickStewart_34_m
336	PatrickStewart	74	AGE74	5586	5585_PatrickStewart_74_m
336	PatrickStewart	45	AGE45	5563	5562_PatrickStewart_45_m
336	PatrickStewart	57	AGE57	5570	5569_PatrickStewart_57_m
336	PatrickStewart	53	AGE53	5568	5567_PatrickStewart_53_m
336	PatrickStewart	47	AGE47	5565	5564_PatrickStewart_47_m
336	PatrickStewart	35	AGE35	5556	5555_PatrickStewart_35_m
336	PatrickStewart	44	AGE44	5562	5561_PatrickStewart_44_m
336	PatrickStewart	60	AGE60	5573	5572_PatrickStewart_60_m
336	PatrickStewart	48	AGE48	5566	5565_PatrickStewart_48_m
336	PatrickStewart	28	AGE28	5554	5553_PatrickStewart_28_m
336	PatrickStewart	18	AGE18	5553	5552_PatrickStewart_18_m
336	PatrickStewart	55	AGE55	5569	5568_PatrickStewart_55_m
336	PatrickStewart	71	AGE71	5582	5581_PatrickStewart_71_m
336	PatrickStewart	71	AGE71	5583	5582_PatrickStewart_71_m
336	PatrickStewart	65	AGE65	5577	5576_PatrickStewart_65_m
336	PatrickStewart	70	AGE70	5581	5580_PatrickStewart_70_m
336	PatrickStewart	42	AGE42	5561	5560_PatrickStewart_42_m
336	PatrickStewart	35	AGE35	5557	5556_PatrickStewart_35_m
336	PatrickStewart	40	AGE40	5560	5559_PatrickStewart_40_m
336	PatrickStewart	11	AGE11	5552	5551_PatrickStewart_11_m
336	PatrickStewart	74	AGE74	5551	5550_PatrickStewart_74_m
336	PatrickStewart	72	AGE72	5584	5583_PatrickStewart_72_m
336	PatrickStewart	68	AGE68	5579	5578_PatrickStewart_68_m
336	PatrickStewart	51	AGE51	5567	5566_PatrickStewart_51_m
336	PatrickStewart	59	AGE59	5572	5571_PatrickStewart_59_m
336	PatrickStewart	58	AGE58	5571	5570_PatrickStewart_58_m
336	PatrickStewart	69	AGE69	5580	5579_PatrickStewart_69_m
336	PatrickStewart	64	AGE64	5576	5575_PatrickStewart_64_m
336	PatrickStewart	36	AGE36	5558	5557_PatrickStewart_36_m
337	RichardCrenna	67	AGE67	8340	8339_RichardCrenna_67_m
337	RichardCrenna	47	AGE47	8322	8321_RichardCrenna_47_m
337	RichardCrenna	36	AGE36	8312	8311_RichardCrenna_36_m
337	RichardCrenna	63	AGE63	8338	8337_RichardCrenna_63_m
337	RichardCrenna	41	AGE41	8316	8315_RichardCrenna_41_m
337	RichardCrenna	46	AGE46	8321	8320_RichardCrenna_46_m
337	RichardCrenna	52	AGE52	8330	8329_RichardCrenna_52_m
337	RichardCrenna	59	AGE59	8334	8333_RichardCrenna_59_m
337	RichardCrenna	57	AGE57	8333	8332_RichardCrenna_57_m
337	RichardCrenna	20	AGE20	8313	8312_RichardCrenna_20_m
337	RichardCrenna	42	AGE42	8317	8316_RichardCrenna_42_m
337	RichardCrenna	55	AGE55	8332	8331_RichardCrenna_55_m
337	RichardCrenna	37	AGE37	8315	8314_RichardCrenna_37_m
337	RichardCrenna	60	AGE60	8335	8334_RichardCrenna_60_m
337	RichardCrenna	72	AGE72	8343	8342_RichardCrenna_72_m
337	RichardCrenna	53	AGE53	8331	8330_RichardCrenna_53_m
337	RichardCrenna	43	AGE43	8318	8317_RichardCrenna_43_m
337	RichardCrenna	22	AGE22	8307	8306_RichardCrenna_22_m
337	RichardCrenna	48	AGE48	8328	8327_RichardCrenna_48_m
337	RichardCrenna	73	AGE73	8344	8343_RichardCrenna_73_m
337	RichardCrenna	62	AGE62	8337	8336_RichardCrenna_62_m
337	RichardCrenna	32	AGE32	8314	8313_RichardCrenna_32_m
337	RichardCrenna	51	AGE51	8329	8328_RichardCrenna_51_m
337	RichardCrenna	30	AGE30	8310	8309_RichardCrenna_30_m
337	RichardCrenna	39	AGE39	8326	8325_RichardCrenna_39_m
337	RichardCrenna	71	AGE71	8342	8341_RichardCrenna_71_m
337	RichardCrenna	44	AGE44	8319	8318_RichardCrenna_44_m
337	RichardCrenna	49	AGE49	8323	8322_RichardCrenna_49_m
337	RichardCrenna	74	AGE74	8345	8344_RichardCrenna_74_m
337	RichardCrenna	18	AGE18	8306	8305_RichardCrenna_18_m
337	RichardCrenna	69	AGE69	8341	8340_RichardCrenna_69_m
337	RichardCrenna	45	AGE45	8320	8319_RichardCrenna_45_m
337	RichardCrenna	28	AGE28	8309	8308_RichardCrenna_28_m
337	RichardCrenna	75	AGE75	8346	8345_RichardCrenna_75_m
337	RichardCrenna	34	AGE34	8311	8310_RichardCrenna_34_m
337	RichardCrenna	38	AGE38	8325	8324_RichardCrenna_38_m
337	RichardCrenna	64	AGE64	8339	8338_RichardCrenna_64_m
337	RichardCrenna	26	AGE26	8308	8307_RichardCrenna_26_m
337	RichardCrenna	40	AGE40	8327	8326_RichardCrenna_40_m
337	RichardCrenna	56	AGE56	8324	8323_RichardCrenna_56_m
337	RichardCrenna	61	AGE61	8336	8335_RichardCrenna_61_m
338	FrancescaAnnis	51	AGE51	12151	12150_FrancescaAnnis_51_f
338	FrancescaAnnis	37	AGE37	12144	12143_FrancescaAnnis_37_f
338	FrancescaAnnis	27	AGE27	12137	12136_FrancescaAnnis_27_f
338	FrancescaAnnis	22	AGE22	12134	12133_FrancescaAnnis_22_f
338	FrancescaAnnis	65	AGE65	12160	12159_FrancescaAnnis_65_f
338	FrancescaAnnis	66	AGE66	12161	12160_FrancescaAnnis_66_f
338	FrancescaAnnis	30	AGE30	12140	12139_FrancescaAnnis_30_f
338	FrancescaAnnis	26	AGE26	12136	12135_FrancescaAnnis_26_f
338	FrancescaAnnis	53	AGE53	12152	12151_FrancescaAnnis_53_f
338	FrancescaAnnis	19	AGE19	12131	12130_FrancescaAnnis_19_f
338	FrancescaAnnis	33	AGE33	12141	12140_FrancescaAnnis_33_f
338	FrancescaAnnis	55	AGE55	12153	12152_FrancescaAnnis_55_f
338	FrancescaAnnis	63	AGE63	12158	12157_FrancescaAnnis_63_f
338	FrancescaAnnis	57	AGE57	12154	12153_FrancescaAnnis_57_f
338	FrancescaAnnis	29	AGE29	12139	12138_FrancescaAnnis_29_f
338	FrancescaAnnis	35	AGE35	12143	12142_FrancescaAnnis_35_f
338	FrancescaAnnis	25	AGE25	12135	12134_FrancescaAnnis_25_f
338	FrancescaAnnis	64	AGE64	12159	12158_FrancescaAnnis_64_f
338	FrancescaAnnis	38	AGE38	12145	12144_FrancescaAnnis_38_f
338	FrancescaAnnis	41	AGE41	12147	12146_FrancescaAnnis_41_f
338	FrancescaAnnis	21	AGE21	12133	12132_FrancescaAnnis_21_f
338	FrancescaAnnis	58	AGE58	12155	12154_FrancescaAnnis_58_f
338	FrancescaAnnis	43	AGE43	12148	12147_FrancescaAnnis_43_f
338	FrancescaAnnis	39	AGE39	12146	12145_FrancescaAnnis_39_f
338	FrancescaAnnis	47	AGE47	12149	12148_FrancescaAnnis_47_f
338	FrancescaAnnis	28	AGE28	12138	12137_FrancescaAnnis_28_f
338	FrancescaAnnis	60	AGE60	12156	12155_FrancescaAnnis_60_f
338	FrancescaAnnis	68	AGE68	12162	12161_FrancescaAnnis_68_f
338	FrancescaAnnis	50	AGE50	12150	12149_FrancescaAnnis_50_f
338	FrancescaAnnis	20	AGE20	12132	12131_FrancescaAnnis_20_f
338	FrancescaAnnis	34	AGE34	12142	12141_FrancescaAnnis_34_f
338	FrancescaAnnis	61	AGE61	12157	12156_FrancescaAnnis_61_f
339	ChuckNorris	72	AGE72	3134	3133_ChuckNorris_72_m
339	ChuckNorris	42	AGE42	3108	3107_ChuckNorris_42_m
339	ChuckNorris	50	AGE50	3114	3113_ChuckNorris_50_m
339	ChuckNorris	68	AGE68	3131	3130_ChuckNorris_68_m
339	ChuckNorris	75	AGE75	3136	3135_ChuckNorris_75_m
339	ChuckNorris	47	AGE47	3112	3111_ChuckNorris_47_m
339	ChuckNorris	51	AGE51	3115	3114_ChuckNorris_51_m
339	ChuckNorris	32	AGE32	3100	3099_ChuckNorris_32_m
339	ChuckNorris	65	AGE65	3129	3128_ChuckNorris_65_m
339	ChuckNorris	38	AGE38	3105	3104_ChuckNorris_38_m
339	ChuckNorris	58	AGE58	3122	3121_ChuckNorris_58_m
339	ChuckNorris	59	AGE59	3123	3122_ChuckNorris_59_m
339	ChuckNorris	71	AGE71	3133	3132_ChuckNorris_71_m
339	ChuckNorris	45	AGE45	3110	3109_ChuckNorris_45_m
339	ChuckNorris	64	AGE64	3128	3127_ChuckNorris_64_m
339	ChuckNorris	46	AGE46	3111	3110_ChuckNorris_46_m
339	ChuckNorris	52	AGE52	3116	3115_ChuckNorris_52_m
339	ChuckNorris	57	AGE57	3121	3120_ChuckNorris_57_m
339	ChuckNorris	55	AGE55	3119	3118_ChuckNorris_55_m
339	ChuckNorris	56	AGE56	3120	3119_ChuckNorris_56_m
339	ChuckNorris	67	AGE67	3130	3129_ChuckNorris_67_m
339	ChuckNorris	63	AGE63	3127	3126_ChuckNorris_63_m
339	ChuckNorris	61	AGE61	3125	3124_ChuckNorris_61_m
339	ChuckNorris	33	AGE33	3101	3100_ChuckNorris_33_m
339	ChuckNorris	62	AGE62	3126	3125_ChuckNorris_62_m
339	ChuckNorris	41	AGE41	3107	3106_ChuckNorris_41_m
339	ChuckNorris	39	AGE39	3106	3105_ChuckNorris_39_m
339	ChuckNorris	74	AGE74	3135	3134_ChuckNorris_74_m
339	ChuckNorris	70	AGE70	3132	3131_ChuckNorris_70_m
339	ChuckNorris	60	AGE60	3124	3123_ChuckNorris_60_m
339	ChuckNorris	34	AGE34	3102	3101_ChuckNorris_34_m
339	ChuckNorris	28	AGE28	3099	3098_ChuckNorris_28_m
339	ChuckNorris	36	AGE36	3103	3102_ChuckNorris_36_m
339	ChuckNorris	43	AGE43	3109	3108_ChuckNorris_43_m
339	ChuckNorris	49	AGE49	3113	3112_ChuckNorris_49_m
339	ChuckNorris	54	AGE54	3118	3117_ChuckNorris_54_m
339	ChuckNorris	53	AGE53	3117	3116_ChuckNorris_53_m
339	ChuckNorris	37	AGE37	3104	3103_ChuckNorris_37_m
340	CliffRobertson	61	AGE61	8563	8562_CliffRobertson_61_m
340	CliffRobertson	66	AGE66	8578	8577_CliffRobertson_66_m
340	CliffRobertson	41	AGE41	8557	8556_CliffRobertson_41_m
340	CliffRobertson	60	AGE60	8562	8561_CliffRobertson_60_m
340	CliffRobertson	58	AGE58	8576	8575_CliffRobertson_58_m
340	CliffRobertson	62	AGE62	8577	8576_CliffRobertson_62_m
340	CliffRobertson	80	AGE80	8579	8578_CliffRobertson_80_m
340	CliffRobertson	79	AGE79	8567	8566_CliffRobertson_79_m
340	CliffRobertson	32	AGE32	8551	8550_CliffRobertson_32_m
340	CliffRobertson	50	AGE50	8559	8558_CliffRobertson_50_m
340	CliffRobertson	41	AGE41	8556	8555_CliffRobertson_41_m
340	CliffRobertson	86	AGE86	8571	8570_CliffRobertson_86_m
340	CliffRobertson	44	AGE44	8572	8571_CliffRobertson_44_m
340	CliffRobertson	42	AGE42	8558	8557_CliffRobertson_42_m
340	CliffRobertson	46	AGE46	8573	8572_CliffRobertson_46_m
340	CliffRobertson	40	AGE40	8555	8554_CliffRobertson_40_m
340	CliffRobertson	37	AGE37	8553	8552_CliffRobertson_37_m
340	CliffRobertson	39	AGE39	8554	8553_CliffRobertson_39_m
340	CliffRobertson	52	AGE52	8560	8559_CliffRobertson_52_m
340	CliffRobertson	72	AGE72	8564	8563_CliffRobertson_72_m
340	CliffRobertson	81	AGE81	8568	8567_CliffRobertson_81_m
340	CliffRobertson	35	AGE35	8552	8551_CliffRobertson_35_m
340	CliffRobertson	84	AGE84	8570	8569_CliffRobertson_84_m
340	CliffRobertson	77	AGE77	8566	8565_CliffRobertson_77_m
340	CliffRobertson	82	AGE82	8569	8568_CliffRobertson_82_m
340	CliffRobertson	73	AGE73	8565	8564_CliffRobertson_73_m
340	CliffRobertson	56	AGE56	8561	8560_CliffRobertson_56_m
340	CliffRobertson	47	AGE47	8574	8573_CliffRobertson_47_m
340	CliffRobertson	57	AGE57	8575	8574_CliffRobertson_57_m
341	AnnaMassey	73	AGE73	12483	12482_AnnaMassey_73_f
341	AnnaMassey	59	AGE59	12477	12476_AnnaMassey_59_f
341	AnnaMassey	54	AGE54	12475	12474_AnnaMassey_54_f
341	AnnaMassey	48	AGE48	12473	12472_AnnaMassey_48_f
341	AnnaMassey	38	AGE38	12471	12470_AnnaMassey_38_f
341	AnnaMassey	20	AGE20	12461	12460_AnnaMassey_20_f
341	AnnaMassey	65	AGE65	12479	12478_AnnaMassey_65_f
341	AnnaMassey	61	AGE61	12478	12477_AnnaMassey_61_f
341	AnnaMassey	68	AGE68	12480	12479_AnnaMassey_68_f
341	AnnaMassey	74	AGE74	12484	12483_AnnaMassey_74_f
341	AnnaMassey	21	AGE21	12462	12461_AnnaMassey_21_f
341	AnnaMassey	31	AGE31	12465	12464_AnnaMassey_31_f
341	AnnaMassey	37	AGE37	12470	12469_AnnaMassey_37_f
341	AnnaMassey	46	AGE46	12485	12484_AnnaMassey_46_f
341	AnnaMassey	43	AGE43	12472	12471_AnnaMassey_43_f
341	AnnaMassey	66	AGE66	12486	12485_AnnaMassey_66_f
341	AnnaMassey	52	AGE52	12474	12473_AnnaMassey_52_f
341	AnnaMassey	23	AGE23	12463	12462_AnnaMassey_23_f
341	AnnaMassey	28	AGE28	12464	12463_AnnaMassey_28_f
341	AnnaMassey	13	AGE13	12467	12466_AnnaMassey_13_f
341	AnnaMassey	70	AGE70	12487	12486_AnnaMassey_70_f
341	AnnaMassey	72	AGE72	12482	12481_AnnaMassey_72_f
341	AnnaMassey	55	AGE55	12476	12475_AnnaMassey_55_f
341	AnnaMassey	32	AGE32	12466	12465_AnnaMassey_32_f
341	AnnaMassey	71	AGE71	12481	12480_AnnaMassey_71_f
341	AnnaMassey	36	AGE36	12469	12468_AnnaMassey_36_f
341	AnnaMassey	35	AGE35	12468	12467_AnnaMassey_35_f
342	MarieCurie	50	AGE50	1295	1294_MarieCurie_50_f
342	MarieCurie	36	AGE36	1285	1284_MarieCurie_36_f
342	MarieCurie	58	AGE58	1289	1288_MarieCurie_58_f
342	MarieCurie	66	AGE66	1297	1296_MarieCurie_66_f
342	MarieCurie	55	AGE55	1286	1285_MarieCurie_55_f
342	MarieCurie	44	AGE44	1288	1287_MarieCurie_44_f
342	MarieCurie	28	AGE28	1283	1282_MarieCurie_28_f
342	MarieCurie	20	AGE20	1292	1291_MarieCurie_20_f
342	MarieCurie	29	AGE29	1284	1283_MarieCurie_29_f
342	MarieCurie	42	AGE42	1290	1289_MarieCurie_42_f
342	MarieCurie	21	AGE21	1291	1290_MarieCurie_21_f
342	MarieCurie	39	AGE39	1287	1286_MarieCurie_39_f
342	MarieCurie	50	AGE50	1293	1292_MarieCurie_50_f
342	MarieCurie	52	AGE52	1296	1295_MarieCurie_52_f
342	MarieCurie	23	AGE23	1294	1293_MarieCurie_23_f
343	PaulmcCartney	43	AGE43	148	147_PaulmcCartney_43_m
343	PaulmcCartney	23	AGE23	132	131_PaulmcCartney_23_m
343	PaulmcCartney	26	AGE26	153	152_PaulmcCartney_26_m
343	PaulmcCartney	17	AGE17	149	148_PaulmcCartney_17_m
343	PaulmcCartney	29	AGE29	135	134_PaulmcCartney_29_m
343	PaulmcCartney	70	AGE70	145	144_PaulmcCartney_70_m
343	PaulmcCartney	27	AGE27	134	133_PaulmcCartney_27_m
343	PaulmcCartney	21	AGE21	152	151_PaulmcCartney_21_m
343	PaulmcCartney	22	AGE22	154	153_PaulmcCartney_22_m
343	PaulmcCartney	27	AGE27	158	157_PaulmcCartney_27_m
343	PaulmcCartney	27	AGE27	144	143_PaulmcCartney_27_m
343	PaulmcCartney	15	AGE15	160	159_PaulmcCartney_15_m
343	PaulmcCartney	34	AGE34	137	136_PaulmcCartney_34_m
343	PaulmcCartney	34	AGE34	138	137_PaulmcCartney_34_m
343	PaulmcCartney	22	AGE22	146	145_PaulmcCartney_22_m
343	PaulmcCartney	30	AGE30	159	158_PaulmcCartney_30_m
343	PaulmcCartney	67	AGE67	143	142_PaulmcCartney_67_m
343	PaulmcCartney	31	AGE31	136	135_PaulmcCartney_31_m
343	PaulmcCartney	64	AGE64	141	140_PaulmcCartney_64_m
343	PaulmcCartney	40	AGE40	140	139_PaulmcCartney_40_m
343	PaulmcCartney	26	AGE26	133	132_PaulmcCartney_26_m
343	PaulmcCartney	67	AGE67	142	141_PaulmcCartney_67_m
343	PaulmcCartney	20	AGE20	147	146_PaulmcCartney_20_m
343	PaulmcCartney	20	AGE20	151	150_PaulmcCartney_20_m
343	PaulmcCartney	26	AGE26	157	156_PaulmcCartney_26_m
343	PaulmcCartney	36	AGE36	139	138_PaulmcCartney_36_m
343	PaulmcCartney	17	AGE17	150	149_PaulmcCartney_17_m
343	PaulmcCartney	26	AGE26	155	154_PaulmcCartney_26_m
343	PaulmcCartney	20	AGE20	156	155_PaulmcCartney_20_m
344	ElVenizelos	45	AGE45	708	707_ElVenizelos_45_m
344	ElVenizelos	50	AGE50	706	705_ElVenizelos_50_m
344	ElVenizelos	31	AGE31	700	699_ElVenizelos_31_m
344	ElVenizelos	47	AGE47	704	703_ElVenizelos_47_m
344	ElVenizelos	69	AGE69	705	704_ElVenizelos_69_m
344	ElVenizelos	70	AGE70	707	706_ElVenizelos_70_m
344	ElVenizelos	49	AGE49	709	708_ElVenizelos_49_m
344	ElVenizelos	41	AGE41	701	700_ElVenizelos_41_m
344	ElVenizelos	50	AGE50	713	712_ElVenizelos_50_m
344	ElVenizelos	53	AGE53	714	713_ElVenizelos_53_m
344	ElVenizelos	56	AGE56	702	701_ElVenizelos_56_m
344	ElVenizelos	57	AGE57	703	702_ElVenizelos_57_m
344	ElVenizelos	72	AGE72	710	709_ElVenizelos_72_m
344	ElVenizelos	48	AGE48	712	711_ElVenizelos_48_m
344	ElVenizelos	37	AGE37	711	710_ElVenizelos_37_m
344	ElVenizelos	68	AGE68	715	714_ElVenizelos_68_m
345	JuliaRoberts	23	AGE23	11459	11458_JuliaRoberts_23_f
345	JuliaRoberts	43	AGE43	11471	11470_JuliaRoberts_43_f
345	JuliaRoberts	35	AGE35	11467	11466_JuliaRoberts_35_f
345	JuliaRoberts	29	AGE29	11463	11462_JuliaRoberts_29_f
345	JuliaRoberts	18	AGE18	11455	11454_JuliaRoberts_18_f
345	JuliaRoberts	37	AGE37	11469	11468_JuliaRoberts_37_f
345	JuliaRoberts	19	AGE19	11456	11455_JuliaRoberts_19_f
345	JuliaRoberts	22	AGE22	11458	11457_JuliaRoberts_22_f
345	JuliaRoberts	33	AGE33	11465	11464_JuliaRoberts_33_f
345	JuliaRoberts	34	AGE34	11466	11465_JuliaRoberts_34_f
345	JuliaRoberts	32	AGE32	11464	11463_JuliaRoberts_32_f
345	JuliaRoberts	25	AGE25	11461	11460_JuliaRoberts_25_f
345	JuliaRoberts	36	AGE36	11468	11467_JuliaRoberts_36_f
345	JuliaRoberts	24	AGE24	11460	11459_JuliaRoberts_24_f
345	JuliaRoberts	15	AGE15	11453	11452_JuliaRoberts_15_f
345	JuliaRoberts	9	AGE9	11452	11451_JuliaRoberts_9_f
345	JuliaRoberts	21	AGE21	11457	11456_JuliaRoberts_21_f
345	JuliaRoberts	38	AGE38	11470	11469_JuliaRoberts_38_f
345	JuliaRoberts	17	AGE17	11454	11453_JuliaRoberts_17_f
345	JuliaRoberts	26	AGE26	11462	11461_JuliaRoberts_26_f
346	GloriaSwanson	32	AGE32	13983	13982_GloriaSwanson_32_f
346	GloriaSwanson	55	AGE55	13989	13988_GloriaSwanson_55_f
346	GloriaSwanson	20	AGE20	14008	14007_GloriaSwanson_20_f
346	GloriaSwanson	75	AGE75	13993	13992_GloriaSwanson_75_f
346	GloriaSwanson	77	AGE77	14000	13999_GloriaSwanson_77_f
346	GloriaSwanson	34	AGE34	13984	13983_GloriaSwanson_34_f
346	GloriaSwanson	22	AGE22	13976	13975_GloriaSwanson_22_f
346	GloriaSwanson	69	AGE69	14001	14000_GloriaSwanson_69_f
346	GloriaSwanson	51	AGE51	13988	13987_GloriaSwanson_51_f
346	GloriaSwanson	28	AGE28	13979	13978_GloriaSwanson_28_f
346	GloriaSwanson	24	AGE24	13997	13996_GloriaSwanson_24_f
346	GloriaSwanson	68	AGE68	13991	13990_GloriaSwanson_68_f
346	GloriaSwanson	26	AGE26	14004	14003_GloriaSwanson_26_f
346	GloriaSwanson	20	AGE20	13999	13998_GloriaSwanson_20_f
346	GloriaSwanson	46	AGE46	14005	14004_GloriaSwanson_46_f
346	GloriaSwanson	19	AGE19	13981	13980_GloriaSwanson_19_f
346	GloriaSwanson	53	AGE53	13996	13995_GloriaSwanson_53_f
346	GloriaSwanson	76	AGE76	13994	13993_GloriaSwanson_76_f
346	GloriaSwanson	30	AGE30	14006	14005_GloriaSwanson_30_f
346	GloriaSwanson	42	AGE42	13987	13986_GloriaSwanson_42_f
346	GloriaSwanson	29	AGE29	13980	13979_GloriaSwanson_29_f
346	GloriaSwanson	27	AGE27	13978	13977_GloriaSwanson_27_f
346	GloriaSwanson	32	AGE32	13998	13997_GloriaSwanson_32_f
346	GloriaSwanson	26	AGE26	13977	13976_GloriaSwanson_26_f
346	GloriaSwanson	71	AGE71	13992	13991_GloriaSwanson_71_f
346	GloriaSwanson	24	AGE24	14007	14006_GloriaSwanson_24_f
346	GloriaSwanson	23	AGE23	14003	14002_GloriaSwanson_23_f
346	GloriaSwanson	50	AGE50	14002	14001_GloriaSwanson_50_f
346	GloriaSwanson	79	AGE79	13995	13994_GloriaSwanson_79_f
346	GloriaSwanson	36	AGE36	13985	13984_GloriaSwanson_36_f
346	GloriaSwanson	67	AGE67	13990	13989_GloriaSwanson_67_f
346	GloriaSwanson	40	AGE40	13986	13985_GloriaSwanson_40_f
346	GloriaSwanson	21	AGE21	13975	13974_GloriaSwanson_21_f
346	GloriaSwanson	30	AGE30	13982	13981_GloriaSwanson_30_f
346	GloriaSwanson	38	AGE38	13974	13973_GloriaSwanson_38_f
347	Soljenitsyne	57	AGE57	1349	1348_Soljenitsyne_57_m
347	Soljenitsyne	50	AGE50	1350	1349_Soljenitsyne_50_m
347	Soljenitsyne	68	AGE68	1348	1347_Soljenitsyne_68_m
347	Soljenitsyne	56	AGE56	1342	1341_Soljenitsyne_56_m
347	Soljenitsyne	55	AGE55	1340	1339_Soljenitsyne_55_m
347	Soljenitsyne	20	AGE20	1343	1342_Soljenitsyne_20_m
347	Soljenitsyne	23	AGE23	1344	1343_Soljenitsyne_23_m
347	Soljenitsyne	60	AGE60	1339	1338_Soljenitsyne_60_m
347	Soljenitsyne	57	AGE57	1341	1340_Soljenitsyne_57_m
347	Soljenitsyne	17	AGE17	1337	1336_Soljenitsyne_17_m
347	Soljenitsyne	89	AGE89	1347	1346_Soljenitsyne_89_m
347	Soljenitsyne	30	AGE30	1338	1337_Soljenitsyne_30_m
347	Soljenitsyne	56	AGE56	1345	1344_Soljenitsyne_56_m
348	VivienLeigh	27	AGE27	14157	14156_VivienLeigh_27_f
348	VivienLeigh	47	AGE47	14154	14153_VivienLeigh_47_f
348	VivienLeigh	32	AGE32	14151	14150_VivienLeigh_32_f
348	VivienLeigh	22	AGE22	14147	14146_VivienLeigh_22_f
348	VivienLeigh	25	AGE25	14155	14154_VivienLeigh_25_f
348	VivienLeigh	38	AGE38	14153	14152_VivienLeigh_38_f
348	VivienLeigh	6	AGE6	14143	14142_VivienLeigh_6_f
348	VivienLeigh	28	AGE28	14149	14148_VivienLeigh_28_f
348	VivienLeigh	42	AGE42	14144	14143_VivienLeigh_42_f
348	VivienLeigh	35	AGE35	14152	14151_VivienLeigh_35_f
348	VivienLeigh	27	AGE27	14148	14147_VivienLeigh_27_f
348	VivienLeigh	35	AGE35	14156	14155_VivienLeigh_35_f
348	VivienLeigh	24	AGE24	14145	14144_VivienLeigh_24_f
348	VivienLeigh	28	AGE28	14150	14149_VivienLeigh_28_f
348	VivienLeigh	24	AGE24	14146	14145_VivienLeigh_24_f
349	GregorMendel	32	AGE32	1113	1112_GregorMendel_32_m
349	GregorMendel	37	AGE37	1114	1113_GregorMendel_37_m
349	GregorMendel	30	AGE30	1115	1114_GregorMendel_30_m
349	GregorMendel	30	AGE30	1112	1111_GregorMendel_30_m
349	GregorMendel	30	AGE30	1116	1115_GregorMendel_30_m
349	GregorMendel	38	AGE38	1110	1109_GregorMendel_38_m
349	GregorMendel	37	AGE37	1117	1116_GregorMendel_37_m
349	GregorMendel	50	AGE50	1111	1110_GregorMendel_50_m
350	VittorioGassman	74	AGE74	9267	9266_VittorioGassman_74_m
350	VittorioGassman	36	AGE36	9242	9241_VittorioGassman_36_m
350	VittorioGassman	52	AGE52	9254	9253_VittorioGassman_52_m
350	VittorioGassman	55	AGE55	9256	9255_VittorioGassman_55_m
350	VittorioGassman	39	AGE39	9245	9244_VittorioGassman_39_m
350	VittorioGassman	66	AGE66	9263	9262_VittorioGassman_66_m
350	VittorioGassman	77	AGE77	9270	9269_VittorioGassman_77_m
350	VittorioGassman	24	AGE24	9237	9236_VittorioGassman_24_m
350	VittorioGassman	45	AGE45	9250	9249_VittorioGassman_45_m
350	VittorioGassman	65	AGE65	9262	9261_VittorioGassman_65_m
350	VittorioGassman	72	AGE72	9265	9264_VittorioGassman_72_m
350	VittorioGassman	50	AGE50	9253	9252_VittorioGassman_50_m
350	VittorioGassman	70	AGE70	9264	9263_VittorioGassman_70_m
350	VittorioGassman	49	AGE49	9252	9251_VittorioGassman_49_m
350	VittorioGassman	61	AGE61	9260	9259_VittorioGassman_61_m
350	VittorioGassman	41	AGE41	9247	9246_VittorioGassman_41_m
350	VittorioGassman	46	AGE46	9251	9250_VittorioGassman_46_m
350	VittorioGassman	52	AGE52	9255	9254_VittorioGassman_52_m
350	VittorioGassman	38	AGE38	9244	9243_VittorioGassman_38_m
350	VittorioGassman	62	AGE62	9261	9260_VittorioGassman_62_m
350	VittorioGassman	44	AGE44	9249	9248_VittorioGassman_44_m
350	VittorioGassman	40	AGE40	9246	9245_VittorioGassman_40_m
350	VittorioGassman	58	AGE58	9258	9257_VittorioGassman_58_m
350	VittorioGassman	77	AGE77	9271	9270_VittorioGassman_77_m
350	VittorioGassman	31	AGE31	9239	9238_VittorioGassman_31_m
350	VittorioGassman	59	AGE59	9259	9258_VittorioGassman_59_m
350	VittorioGassman	26	AGE26	9238	9237_VittorioGassman_26_m
350	VittorioGassman	73	AGE73	9266	9265_VittorioGassman_73_m
350	VittorioGassman	76	AGE76	9269	9268_VittorioGassman_76_m
350	VittorioGassman	33	AGE33	9240	9239_VittorioGassman_33_m
350	VittorioGassman	75	AGE75	9268	9267_VittorioGassman_75_m
350	VittorioGassman	43	AGE43	9248	9247_VittorioGassman_43_m
350	VittorioGassman	37	AGE37	9243	9242_VittorioGassman_37_m
350	VittorioGassman	34	AGE34	9241	9240_VittorioGassman_34_m
350	VittorioGassman	57	AGE57	9257	9256_VittorioGassman_57_m
351	JonVoight	36	AGE36	2055	2054_JonVoight_36_m
351	JonVoight	60	AGE60	2074	2073_JonVoight_60_m
351	JonVoight	47	AGE47	2063	2062_JonVoight_47_m
351	JonVoight	39	AGE39	2059	2058_JonVoight_39_m
351	JonVoight	74	AGE74	2089	2088_JonVoight_74_m
351	JonVoight	31	AGE31	2050	2049_JonVoight_31_m
351	JonVoight	34	AGE34	2052	2051_JonVoight_34_m
351	JonVoight	35	AGE35	2053	2052_JonVoight_35_m
351	JonVoight	65	AGE65	2079	2078_JonVoight_65_m
351	JonVoight	76	AGE76	2092	2091_JonVoight_76_m
351	JonVoight	66	AGE66	2081	2080_JonVoight_66_m
351	JonVoight	61	AGE61	2075	2074_JonVoight_61_m
351	JonVoight	50	AGE50	2066	2065_JonVoight_50_m
351	JonVoight	59	AGE59	2072	2071_JonVoight_59_m
351	JonVoight	41	AGE41	2060	2059_JonVoight_41_m
351	JonVoight	32	AGE32	2051	2050_JonVoight_32_m
351	JonVoight	54	AGE54	2068	2067_JonVoight_54_m
351	JonVoight	48	AGE48	2065	2064_JonVoight_48_m
351	JonVoight	73	AGE73	2088	2087_JonVoight_73_m
351	JonVoight	61	AGE61	2076	2075_JonVoight_61_m
351	JonVoight	52	AGE52	2067	2066_JonVoight_52_m
351	JonVoight	57	AGE57	2070	2069_JonVoight_57_m
351	JonVoight	75	AGE75	2091	2090_JonVoight_75_m
351	JonVoight	68	AGE68	2083	2082_JonVoight_68_m
351	JonVoight	67	AGE67	2082	2081_JonVoight_67_m
351	JonVoight	60	AGE60	2073	2072_JonVoight_60_m
351	JonVoight	37	AGE37	2057	2056_JonVoight_37_m
351	JonVoight	75	AGE75	2090	2089_JonVoight_75_m
351	JonVoight	31	AGE31	2049	2048_JonVoight_31_m
351	JonVoight	66	AGE66	2080	2079_JonVoight_66_m
351	JonVoight	58	AGE58	2071	2070_JonVoight_58_m
351	JonVoight	47	AGE47	2064	2063_JonVoight_47_m
351	JonVoight	45	AGE45	2062	2061_JonVoight_45_m
351	JonVoight	44	AGE44	2061	2060_JonVoight_44_m
351	JonVoight	36	AGE36	2056	2055_JonVoight_36_m
351	JonVoight	28	AGE28	2048	2047_JonVoight_28_m
351	JonVoight	35	AGE35	2054	2053_JonVoight_35_m
351	JonVoight	70	AGE70	2084	2083_JonVoight_70_m
351	JonVoight	64	AGE64	2078	2077_JonVoight_64_m
351	JonVoight	71	AGE71	2085	2084_JonVoight_71_m
351	JonVoight	72	AGE72	2087	2086_JonVoight_72_m
351	JonVoight	62	AGE62	2077	2076_JonVoight_62_m
351	JonVoight	55	AGE55	2069	2068_JonVoight_55_m
351	JonVoight	38	AGE38	2058	2057_JonVoight_38_m
351	JonVoight	71	AGE71	2086	2085_JonVoight_71_m
352	OdysseasElytis	74	AGE74	1394	1393_OdysseasElytis_74_m
352	OdysseasElytis	26	AGE26	1383	1382_OdysseasElytis_26_m
352	OdysseasElytis	50	AGE50	1388	1387_OdysseasElytis_50_m
352	OdysseasElytis	65	AGE65	1395	1394_OdysseasElytis_65_m
352	OdysseasElytis	71	AGE71	1381	1380_OdysseasElytis_71_m
352	OdysseasElytis	55	AGE55	1385	1384_OdysseasElytis_55_m
352	OdysseasElytis	68	AGE68	1386	1385_OdysseasElytis_68_m
352	OdysseasElytis	65	AGE65	1391	1390_OdysseasElytis_65_m
352	OdysseasElytis	83	AGE83	1392	1391_OdysseasElytis_83_m
352	OdysseasElytis	70	AGE70	1387	1386_OdysseasElytis_70_m
352	OdysseasElytis	58	AGE58	1384	1383_OdysseasElytis_58_m
352	OdysseasElytis	64	AGE64	1393	1392_OdysseasElytis_64_m
352	OdysseasElytis	52	AGE52	1389	1388_OdysseasElytis_52_m
352	OdysseasElytis	20	AGE20	1382	1381_OdysseasElytis_20_m
352	OdysseasElytis	43	AGE43	1390	1389_OdysseasElytis_43_m
352	OdysseasElytis	43	AGE43	1380	1379_OdysseasElytis_43_m
353	ArmandAssante	56	AGE56	5139	5138_ArmandAssante_56_m
353	ArmandAssante	46	AGE46	5131	5130_ArmandAssante_46_m
353	ArmandAssante	58	AGE58	5123	5122_ArmandAssante_58_m
353	ArmandAssante	49	AGE49	5134	5133_ArmandAssante_49_m
353	ArmandAssante	25	AGE25	5112	5111_ArmandAssante_25_m
353	ArmandAssante	59	AGE59	5141	5140_ArmandAssante_59_m
353	ArmandAssante	47	AGE47	5132	5131_ArmandAssante_47_m
353	ArmandAssante	29	AGE29	5115	5114_ArmandAssante_29_m
353	ArmandAssante	41	AGE41	5129	5128_ArmandAssante_41_m
353	ArmandAssante	31	AGE31	5118	5117_ArmandAssante_31_m
353	ArmandAssante	33	AGE33	5124	5123_ArmandAssante_33_m
353	ArmandAssante	65	AGE65	5144	5143_ArmandAssante_65_m
353	ArmandAssante	57	AGE57	5140	5139_ArmandAssante_57_m
353	ArmandAssante	34	AGE34	5125	5124_ArmandAssante_34_m
353	ArmandAssante	30	AGE30	5116	5115_ArmandAssante_30_m
353	ArmandAssante	52	AGE52	5136	5135_ArmandAssante_52_m
353	ArmandAssante	48	AGE48	5133	5132_ArmandAssante_48_m
353	ArmandAssante	36	AGE36	5126	5125_ArmandAssante_36_m
353	ArmandAssante	48	AGE48	5121	5120_ArmandAssante_48_m
353	ArmandAssante	32	AGE32	5119	5118_ArmandAssante_32_m
353	ArmandAssante	39	AGE39	5128	5127_ArmandAssante_39_m
353	ArmandAssante	44	AGE44	5120	5119_ArmandAssante_44_m
353	ArmandAssante	51	AGE51	5122	5121_ArmandAssante_51_m
353	ArmandAssante	23	AGE23	5111	5110_ArmandAssante_23_m
353	ArmandAssante	54	AGE54	5137	5136_ArmandAssante_54_m
353	ArmandAssante	50	AGE50	5135	5134_ArmandAssante_50_m
353	ArmandAssante	55	AGE55	5138	5137_ArmandAssante_55_m
353	ArmandAssante	43	AGE43	5130	5129_ArmandAssante_43_m
353	ArmandAssante	31	AGE31	5117	5116_ArmandAssante_31_m
353	ArmandAssante	27	AGE27	5114	5113_ArmandAssante_27_m
353	ArmandAssante	38	AGE38	5127	5126_ArmandAssante_38_m
353	ArmandAssante	61	AGE61	5143	5142_ArmandAssante_61_m
353	ArmandAssante	26	AGE26	5113	5112_ArmandAssante_26_m
353	ArmandAssante	60	AGE60	5142	5141_ArmandAssante_60_m
354	RandolphScott	63	AGE63	8238	8237_RandolphScott_63_m
354	RandolphScott	40	AGE40	8224	8223_RandolphScott_40_m
354	RandolphScott	44	AGE44	8227	8226_RandolphScott_44_m
354	RandolphScott	55	AGE55	8233	8232_RandolphScott_55_m
354	RandolphScott	52	AGE52	8231	8230_RandolphScott_52_m
354	RandolphScott	47	AGE47	8229	8228_RandolphScott_47_m
354	RandolphScott	36	AGE36	8220	8219_RandolphScott_36_m
354	RandolphScott	54	AGE54	8232	8231_RandolphScott_54_m
354	RandolphScott	35	AGE35	8219	8218_RandolphScott_35_m
354	RandolphScott	60	AGE60	8236	8235_RandolphScott_60_m
354	RandolphScott	58	AGE58	8234	8233_RandolphScott_58_m
354	RandolphScott	50	AGE50	8230	8229_RandolphScott_50_m
354	RandolphScott	45	AGE45	8228	8227_RandolphScott_45_m
354	RandolphScott	81	AGE81	8239	8238_RandolphScott_81_m
354	RandolphScott	34	AGE34	8218	8217_RandolphScott_34_m
354	RandolphScott	84	AGE84	8240	8239_RandolphScott_84_m
354	RandolphScott	39	AGE39	8223	8222_RandolphScott_39_m
354	RandolphScott	42	AGE42	8226	8225_RandolphScott_42_m
354	RandolphScott	59	AGE59	8235	8234_RandolphScott_59_m
354	RandolphScott	38	AGE38	8222	8221_RandolphScott_38_m
354	RandolphScott	37	AGE37	8221	8220_RandolphScott_37_m
354	RandolphScott	61	AGE61	8237	8236_RandolphScott_61_m
354	RandolphScott	41	AGE41	8225	8224_RandolphScott_41_m
354	RandolphScott	32	AGE32	8217	8216_RandolphScott_32_m
355	CelesteHolm	46	AGE46	13394	13393_CelesteHolm_46_f
355	CelesteHolm	78	AGE78	13399	13398_CelesteHolm_78_f
355	CelesteHolm	43	AGE43	13393	13392_CelesteHolm_43_f
355	CelesteHolm	39	AGE39	13392	13391_CelesteHolm_39_f
355	CelesteHolm	41	AGE41	13377	13376_CelesteHolm_41_f
355	CelesteHolm	38	AGE38	13391	13390_CelesteHolm_38_f
355	CelesteHolm	32	AGE32	13376	13375_CelesteHolm_32_f
355	CelesteHolm	86	AGE86	13402	13401_CelesteHolm_86_f
355	CelesteHolm	59	AGE59	13381	13380_CelesteHolm_59_f
355	CelesteHolm	81	AGE81	13400	13399_CelesteHolm_81_f
355	CelesteHolm	50	AGE50	13378	13377_CelesteHolm_50_f
355	CelesteHolm	36	AGE36	13390	13389_CelesteHolm_36_f
355	CelesteHolm	56	AGE56	13380	13379_CelesteHolm_56_f
355	CelesteHolm	70	AGE70	13397	13396_CelesteHolm_70_f
355	CelesteHolm	71	AGE71	13383	13382_CelesteHolm_71_f
355	CelesteHolm	66	AGE66	13382	13381_CelesteHolm_66_f
355	CelesteHolm	61	AGE61	13395	13394_CelesteHolm_61_f
355	CelesteHolm	75	AGE75	13398	13397_CelesteHolm_75_f
355	CelesteHolm	25	AGE25	13374	13373_CelesteHolm_25_f
355	CelesteHolm	83	AGE83	13385	13384_CelesteHolm_83_f
355	CelesteHolm	91	AGE91	13404	13403_CelesteHolm_91_f
355	CelesteHolm	84	AGE84	13401	13400_CelesteHolm_84_f
355	CelesteHolm	89	AGE89	13388	13387_CelesteHolm_89_f
355	CelesteHolm	90	AGE90	13403	13402_CelesteHolm_90_f
355	CelesteHolm	87	AGE87	13387	13386_CelesteHolm_87_f
355	CelesteHolm	63	AGE63	13396	13395_CelesteHolm_63_f
355	CelesteHolm	27	AGE27	13375	13374_CelesteHolm_27_f
355	CelesteHolm	85	AGE85	13386	13385_CelesteHolm_85_f
355	CelesteHolm	73	AGE73	13384	13383_CelesteHolm_73_f
355	CelesteHolm	54	AGE54	13379	13378_CelesteHolm_54_f
355	CelesteHolm	35	AGE35	13389	13388_CelesteHolm_35_f
356	JeffreyJones	55	AGE55	4256	4255_JeffreyJones_55_m
356	JeffreyJones	62	AGE62	4257	4256_JeffreyJones_62_m
356	JeffreyJones	41	AGE41	4246	4245_JeffreyJones_41_m
356	JeffreyJones	42	AGE42	4247	4246_JeffreyJones_42_m
356	JeffreyJones	48	AGE48	4251	4250_JeffreyJones_48_m
356	JeffreyJones	46	AGE46	4250	4249_JeffreyJones_46_m
356	JeffreyJones	51	AGE51	4253	4252_JeffreyJones_51_m
356	JeffreyJones	54	AGE54	4255	4254_JeffreyJones_54_m
356	JeffreyJones	50	AGE50	4252	4251_JeffreyJones_50_m
356	JeffreyJones	39	AGE39	4244	4243_JeffreyJones_39_m
356	JeffreyJones	63	AGE63	4258	4257_JeffreyJones_63_m
356	JeffreyJones	37	AGE37	4242	4241_JeffreyJones_37_m
356	JeffreyJones	38	AGE38	4243	4242_JeffreyJones_38_m
356	JeffreyJones	40	AGE40	4245	4244_JeffreyJones_40_m
356	JeffreyJones	43	AGE43	4248	4247_JeffreyJones_43_m
356	JeffreyJones	67	AGE67	4259	4258_JeffreyJones_67_m
356	JeffreyJones	53	AGE53	4254	4253_JeffreyJones_53_m
356	JeffreyJones	44	AGE44	4249	4248_JeffreyJones_44_m
357	KathyBates	56	AGE56	10237	10236_KathyBates_56_f
357	KathyBates	61	AGE61	10233	10232_KathyBates_61_f
357	KathyBates	38	AGE38	10223	10222_KathyBates_38_f
357	KathyBates	47	AGE47	10227	10226_KathyBates_47_f
357	KathyBates	54	AGE54	10236	10235_KathyBates_54_f
357	KathyBates	62	AGE62	10234	10233_KathyBates_62_f
357	KathyBates	27	AGE27	10221	10220_KathyBates_27_f
357	KathyBates	43	AGE43	10224	10223_KathyBates_43_f
357	KathyBates	23	AGE23	10220	10219_KathyBates_23_f
357	KathyBates	46	AGE46	10230	10229_KathyBates_46_f
357	KathyBates	59	AGE59	10238	10237_KathyBates_59_f
357	KathyBates	59	AGE59	10232	10231_KathyBates_59_f
357	KathyBates	65	AGE65	10243	10242_KathyBates_65_f
357	KathyBates	34	AGE34	10222	10221_KathyBates_34_f
357	KathyBates	49	AGE49	10228	10227_KathyBates_49_f
357	KathyBates	47	AGE47	10226	10225_KathyBates_47_f
357	KathyBates	57	AGE57	10235	10234_KathyBates_57_f
357	KathyBates	48	AGE48	10231	10230_KathyBates_48_f
357	KathyBates	54	AGE54	10229	10228_KathyBates_54_f
357	KathyBates	60	AGE60	10239	10238_KathyBates_60_f
357	KathyBates	49	AGE49	10242	10241_KathyBates_49_f
357	KathyBates	60	AGE60	10240	10239_KathyBates_60_f
357	KathyBates	23	AGE23	10219	10218_KathyBates_23_f
357	KathyBates	43	AGE43	10225	10224_KathyBates_43_f
357	KathyBates	62	AGE62	10241	10240_KathyBates_62_f
358	NicolasSarkozy	45	AGE45	5535	5534_NicolasSarkozy_45_m
358	NicolasSarkozy	53	AGE53	5542	5541_NicolasSarkozy_53_m
358	NicolasSarkozy	49	AGE49	5538	5537_NicolasSarkozy_49_m
358	NicolasSarkozy	51	AGE51	5540	5539_NicolasSarkozy_51_m
358	NicolasSarkozy	43	AGE43	5533	5532_NicolasSarkozy_43_m
358	NicolasSarkozy	21	AGE21	5516	5515_NicolasSarkozy_21_m
358	NicolasSarkozy	58	AGE58	5547	5546_NicolasSarkozy_58_m
358	NicolasSarkozy	35	AGE35	5526	5525_NicolasSarkozy_35_m
358	NicolasSarkozy	31	AGE31	5523	5522_NicolasSarkozy_31_m
358	NicolasSarkozy	56	AGE56	5545	5544_NicolasSarkozy_56_m
358	NicolasSarkozy	60	AGE60	5549	5548_NicolasSarkozy_60_m
358	NicolasSarkozy	41	AGE41	5532	5531_NicolasSarkozy_41_m
358	NicolasSarkozy	34	AGE34	5525	5524_NicolasSarkozy_34_m
358	NicolasSarkozy	30	AGE30	5522	5521_NicolasSarkozy_30_m
358	NicolasSarkozy	61	AGE61	5550	5549_NicolasSarkozy_61_m
358	NicolasSarkozy	37	AGE37	5528	5527_NicolasSarkozy_37_m
358	NicolasSarkozy	28	AGE28	5521	5520_NicolasSarkozy_28_m
358	NicolasSarkozy	26	AGE26	5519	5518_NicolasSarkozy_26_m
358	NicolasSarkozy	32	AGE32	5524	5523_NicolasSarkozy_32_m
358	NicolasSarkozy	57	AGE57	5546	5545_NicolasSarkozy_57_m
358	NicolasSarkozy	52	AGE52	5541	5540_NicolasSarkozy_52_m
358	NicolasSarkozy	37	AGE37	5527	5526_NicolasSarkozy_37_m
358	NicolasSarkozy	25	AGE25	5518	5517_NicolasSarkozy_25_m
358	NicolasSarkozy	27	AGE27	5520	5519_NicolasSarkozy_27_m
358	NicolasSarkozy	40	AGE40	5530	5529_NicolasSarkozy_40_m
358	NicolasSarkozy	44	AGE44	5534	5533_NicolasSarkozy_44_m
358	NicolasSarkozy	38	AGE38	5529	5528_NicolasSarkozy_38_m
358	NicolasSarkozy	59	AGE59	5548	5547_NicolasSarkozy_59_m
358	NicolasSarkozy	54	AGE54	5543	5542_NicolasSarkozy_54_m
358	NicolasSarkozy	48	AGE48	5537	5536_NicolasSarkozy_48_m
358	NicolasSarkozy	20	AGE20	5515	5514_NicolasSarkozy_20_m
358	NicolasSarkozy	50	AGE50	5539	5538_NicolasSarkozy_50_m
358	NicolasSarkozy	55	AGE55	5544	5543_NicolasSarkozy_55_m
358	NicolasSarkozy	47	AGE47	5536	5535_NicolasSarkozy_47_m
358	NicolasSarkozy	41	AGE41	5531	5530_NicolasSarkozy_41_m
359	KostasVoutsas	40	AGE40	4706	4705_KostasVoutsas_40_m
359	KostasVoutsas	60	AGE60	4717	4716_KostasVoutsas_60_m
359	KostasVoutsas	32	AGE32	4703	4702_KostasVoutsas_32_m
359	KostasVoutsas	52	AGE52	4720	4719_KostasVoutsas_52_m
359	KostasVoutsas	60	AGE60	4711	4710_KostasVoutsas_60_m
359	KostasVoutsas	60	AGE60	4707	4706_KostasVoutsas_60_m
359	KostasVoutsas	65	AGE65	4719	4718_KostasVoutsas_65_m
359	KostasVoutsas	32	AGE32	4709	4708_KostasVoutsas_32_m
359	KostasVoutsas	70	AGE70	4713	4712_KostasVoutsas_70_m
359	KostasVoutsas	35	AGE35	4715	4714_KostasVoutsas_35_m
359	KostasVoutsas	80	AGE80	4714	4713_KostasVoutsas_80_m
359	KostasVoutsas	65	AGE65	4718	4717_KostasVoutsas_65_m
359	KostasVoutsas	61	AGE61	4702	4701_KostasVoutsas_61_m
359	KostasVoutsas	32	AGE32	4710	4709_KostasVoutsas_32_m
359	KostasVoutsas	62	AGE62	4705	4704_KostasVoutsas_62_m
359	KostasVoutsas	48	AGE48	4712	4711_KostasVoutsas_48_m
359	KostasVoutsas	53	AGE53	4704	4703_KostasVoutsas_53_m
359	KostasVoutsas	33	AGE33	4716	4715_KostasVoutsas_33_m
359	KostasVoutsas	58	AGE58	4708	4707_KostasVoutsas_58_m
360	UgoTognazzi	47	AGE47	7689	7688_UgoTognazzi_47_m
360	UgoTognazzi	65	AGE65	7706	7705_UgoTognazzi_65_m
360	UgoTognazzi	39	AGE39	7680	7679_UgoTognazzi_39_m
360	UgoTognazzi	64	AGE64	7705	7704_UgoTognazzi_64_m
360	UgoTognazzi	35	AGE35	7676	7675_UgoTognazzi_35_m
360	UgoTognazzi	49	AGE49	7692	7691_UgoTognazzi_49_m
360	UgoTognazzi	36	AGE36	7677	7676_UgoTognazzi_36_m
360	UgoTognazzi	42	AGE42	7684	7683_UgoTognazzi_42_m
360	UgoTognazzi	56	AGE56	7700	7699_UgoTognazzi_56_m
360	UgoTognazzi	34	AGE34	7675	7674_UgoTognazzi_34_m
360	UgoTognazzi	51	AGE51	7694	7693_UgoTognazzi_51_m
360	UgoTognazzi	60	AGE60	7702	7701_UgoTognazzi_60_m
360	UgoTognazzi	54	AGE54	7698	7697_UgoTognazzi_54_m
360	UgoTognazzi	62	AGE62	7703	7702_UgoTognazzi_62_m
360	UgoTognazzi	40	AGE40	7682	7681_UgoTognazzi_40_m
360	UgoTognazzi	50	AGE50	7693	7692_UgoTognazzi_50_m
360	UgoTognazzi	52	AGE52	7695	7694_UgoTognazzi_52_m
360	UgoTognazzi	53	AGE53	7697	7696_UgoTognazzi_53_m
360	UgoTognazzi	32	AGE32	7673	7672_UgoTognazzi_32_m
360	UgoTognazzi	43	AGE43	7685	7684_UgoTognazzi_43_m
360	UgoTognazzi	30	AGE30	7671	7670_UgoTognazzi_30_m
360	UgoTognazzi	45	AGE45	7687	7686_UgoTognazzi_45_m
360	UgoTognazzi	55	AGE55	7699	7698_UgoTognazzi_55_m
360	UgoTognazzi	63	AGE63	7704	7703_UgoTognazzi_63_m
360	UgoTognazzi	48	AGE48	7690	7689_UgoTognazzi_48_m
360	UgoTognazzi	37	AGE37	7678	7677_UgoTognazzi_37_m
360	UgoTognazzi	38	AGE38	7679	7678_UgoTognazzi_38_m
360	UgoTognazzi	67	AGE67	7707	7706_UgoTognazzi_67_m
360	UgoTognazzi	40	AGE40	7681	7680_UgoTognazzi_40_m
360	UgoTognazzi	31	AGE31	7672	7671_UgoTognazzi_31_m
360	UgoTognazzi	33	AGE33	7674	7673_UgoTognazzi_33_m
360	UgoTognazzi	42	AGE42	7683	7682_UgoTognazzi_42_m
360	UgoTognazzi	53	AGE53	7696	7695_UgoTognazzi_53_m
360	UgoTognazzi	46	AGE46	7688	7687_UgoTognazzi_46_m
360	UgoTognazzi	48	AGE48	7691	7690_UgoTognazzi_48_m
360	UgoTognazzi	57	AGE57	7701	7700_UgoTognazzi_57_m
360	UgoTognazzi	44	AGE44	7686	7685_UgoTognazzi_44_m
361	CarlSagan	21	AGE21	990	989_CarlSagan_21_m
361	CarlSagan	46	AGE46	991	990_CarlSagan_46_m
361	CarlSagan	42	AGE42	996	995_CarlSagan_42_m
361	CarlSagan	35	AGE35	1000	999_CarlSagan_35_m
361	CarlSagan	59	AGE59	997	996_CarlSagan_59_m
361	CarlSagan	50	AGE50	998	997_CarlSagan_50_m
361	CarlSagan	50	AGE50	992	991_CarlSagan_50_m
361	CarlSagan	40	AGE40	995	994_CarlSagan_40_m
361	CarlSagan	25	AGE25	994	993_CarlSagan_25_m
361	CarlSagan	60	AGE60	988	987_CarlSagan_60_m
361	CarlSagan	20	AGE20	989	988_CarlSagan_20_m
361	CarlSagan	25	AGE25	999	998_CarlSagan_25_m
361	CarlSagan	42	AGE42	993	992_CarlSagan_42_m
362	CyndiLauper	32	AGE32	11434	11433_CyndiLauper_32_f
362	CyndiLauper	30	AGE30	11432	11431_CyndiLauper_30_f
362	CyndiLauper	59	AGE59	11448	11447_CyndiLauper_59_f
362	CyndiLauper	61	AGE61	11451	11450_CyndiLauper_61_f
362	CyndiLauper	55	AGE55	11445	11444_CyndiLauper_55_f
362	CyndiLauper	60	AGE60	11449	11448_CyndiLauper_60_f
362	CyndiLauper	52	AGE52	11442	11441_CyndiLauper_52_f
362	CyndiLauper	61	AGE61	11450	11449_CyndiLauper_61_f
362	CyndiLauper	49	AGE49	11440	11439_CyndiLauper_49_f
362	CyndiLauper	37	AGE37	11436	11435_CyndiLauper_37_f
362	CyndiLauper	58	AGE58	11447	11446_CyndiLauper_58_f
362	CyndiLauper	53	AGE53	11443	11442_CyndiLauper_53_f
362	CyndiLauper	45	AGE45	11438	11437_CyndiLauper_45_f
362	CyndiLauper	54	AGE54	11444	11443_CyndiLauper_54_f
362	CyndiLauper	29	AGE29	11431	11430_CyndiLauper_29_f
362	CyndiLauper	34	AGE34	11435	11434_CyndiLauper_34_f
362	CyndiLauper	31	AGE31	11433	11432_CyndiLauper_31_f
362	CyndiLauper	27	AGE27	11430	11429_CyndiLauper_27_f
362	CyndiLauper	56	AGE56	11446	11445_CyndiLauper_56_f
362	CyndiLauper	48	AGE48	11439	11438_CyndiLauper_48_f
362	CyndiLauper	38	AGE38	11437	11436_CyndiLauper_38_f
362	CyndiLauper	51	AGE51	11441	11440_CyndiLauper_51_f
362	CyndiLauper	20	AGE20	11429	11428_CyndiLauper_20_f
363	GretaGarbo	58	AGE58	13109	13108_GretaGarbo_58_f
363	GretaGarbo	84	AGE84	13104	13103_GretaGarbo_84_f
363	GretaGarbo	13	AGE13	13085	13084_GretaGarbo_13_f
363	GretaGarbo	85	AGE85	13105	13104_GretaGarbo_85_f
363	GretaGarbo	30	AGE30	13094	13093_GretaGarbo_30_f
363	GretaGarbo	26	AGE26	13091	13090_GretaGarbo_26_f
363	GretaGarbo	27	AGE27	13092	13091_GretaGarbo_27_f
363	GretaGarbo	20	AGE20	13086	13085_GretaGarbo_20_f
363	GretaGarbo	42	AGE42	13107	13106_GretaGarbo_42_f
363	GretaGarbo	28	AGE28	13093	13092_GretaGarbo_28_f
363	GretaGarbo	60	AGE60	13102	13101_GretaGarbo_60_f
363	GretaGarbo	51	AGE51	13100	13099_GretaGarbo_51_f
363	GretaGarbo	25	AGE25	13090	13089_GretaGarbo_25_f
363	GretaGarbo	31	AGE31	13095	13094_GretaGarbo_31_f
363	GretaGarbo	24	AGE24	13089	13088_GretaGarbo_24_f
363	GretaGarbo	55	AGE55	13101	13100_GretaGarbo_55_f
363	GretaGarbo	47	AGE47	13108	13107_GretaGarbo_47_f
363	GretaGarbo	32	AGE32	13096	13095_GretaGarbo_32_f
363	GretaGarbo	23	AGE23	13087	13086_GretaGarbo_23_f
363	GretaGarbo	85	AGE85	13106	13105_GretaGarbo_85_f
363	GretaGarbo	48	AGE48	13099	13098_GretaGarbo_48_f
363	GretaGarbo	34	AGE34	13097	13096_GretaGarbo_34_f
363	GretaGarbo	23	AGE23	13088	13087_GretaGarbo_23_f
363	GretaGarbo	46	AGE46	13098	13097_GretaGarbo_46_f
363	GretaGarbo	64	AGE64	13103	13102_GretaGarbo_64_f
364	SarahDouglas	30	AGE30	15790	15789_SarahDouglas_30_f
364	SarahDouglas	49	AGE49	15802	15801_SarahDouglas_49_f
364	SarahDouglas	25	AGE25	15786	15785_SarahDouglas_25_f
364	SarahDouglas	37	AGE37	15797	15796_SarahDouglas_37_f
364	SarahDouglas	24	AGE24	15785	15784_SarahDouglas_24_f
364	SarahDouglas	31	AGE31	15791	15790_SarahDouglas_31_f
364	SarahDouglas	39	AGE39	15799	15798_SarahDouglas_39_f
364	SarahDouglas	33	AGE33	15793	15792_SarahDouglas_33_f
364	SarahDouglas	18	AGE18	15783	15782_SarahDouglas_18_f
364	SarahDouglas	34	AGE34	15794	15793_SarahDouglas_34_f
364	SarahDouglas	56	AGE56	15806	15805_SarahDouglas_56_f
364	SarahDouglas	32	AGE32	15792	15791_SarahDouglas_32_f
364	SarahDouglas	63	AGE63	15813	15812_SarahDouglas_63_f
364	SarahDouglas	58	AGE58	15808	15807_SarahDouglas_58_f
364	SarahDouglas	53	AGE53	15803	15802_SarahDouglas_53_f
364	SarahDouglas	35	AGE35	15795	15794_SarahDouglas_35_f
364	SarahDouglas	21	AGE21	15784	15783_SarahDouglas_21_f
364	SarahDouglas	43	AGE43	15800	15799_SarahDouglas_43_f
364	SarahDouglas	36	AGE36	15796	15795_SarahDouglas_36_f
364	SarahDouglas	54	AGE54	15804	15803_SarahDouglas_54_f
364	SarahDouglas	57	AGE57	15807	15806_SarahDouglas_57_f
364	SarahDouglas	59	AGE59	15809	15808_SarahDouglas_59_f
364	SarahDouglas	62	AGE62	15812	15811_SarahDouglas_62_f
364	SarahDouglas	28	AGE28	15789	15788_SarahDouglas_28_f
364	SarahDouglas	47	AGE47	15801	15800_SarahDouglas_47_f
364	SarahDouglas	26	AGE26	15787	15786_SarahDouglas_26_f
364	SarahDouglas	61	AGE61	15811	15810_SarahDouglas_61_f
364	SarahDouglas	38	AGE38	15798	15797_SarahDouglas_38_f
364	SarahDouglas	55	AGE55	15805	15804_SarahDouglas_55_f
364	SarahDouglas	60	AGE60	15810	15809_SarahDouglas_60_f
364	SarahDouglas	27	AGE27	15788	15787_SarahDouglas_27_f
365	JohnVernon	32	AGE32	6447	6446_JohnVernon_32_m
365	JohnVernon	50	AGE50	6461	6460_JohnVernon_50_m
365	JohnVernon	39	AGE39	6454	6453_JohnVernon_39_m
365	JohnVernon	58	AGE58	6468	6467_JohnVernon_58_m
365	JohnVernon	35	AGE35	6450	6449_JohnVernon_35_m
365	JohnVernon	31	AGE31	6446	6445_JohnVernon_31_m
365	JohnVernon	53	AGE53	6464	6463_JohnVernon_53_m
365	JohnVernon	63	AGE63	6470	6469_JohnVernon_63_m
365	JohnVernon	34	AGE34	6449	6448_JohnVernon_34_m
365	JohnVernon	42	AGE42	6457	6456_JohnVernon_42_m
365	JohnVernon	47	AGE47	6459	6458_JohnVernon_47_m
365	JohnVernon	54	AGE54	6465	6464_JohnVernon_54_m
365	JohnVernon	52	AGE52	6463	6462_JohnVernon_52_m
365	JohnVernon	30	AGE30	6445	6444_JohnVernon_30_m
365	JohnVernon	51	AGE51	6462	6461_JohnVernon_51_m
365	JohnVernon	33	AGE33	6448	6447_JohnVernon_33_m
365	JohnVernon	49	AGE49	6460	6459_JohnVernon_49_m
365	JohnVernon	67	AGE67	6471	6470_JohnVernon_67_m
365	JohnVernon	56	AGE56	6466	6465_JohnVernon_56_m
365	JohnVernon	41	AGE41	6456	6455_JohnVernon_41_m
365	JohnVernon	60	AGE60	6469	6468_JohnVernon_60_m
365	JohnVernon	71	AGE71	6472	6471_JohnVernon_71_m
365	JohnVernon	57	AGE57	6467	6466_JohnVernon_57_m
365	JohnVernon	37	AGE37	6452	6451_JohnVernon_37_m
365	JohnVernon	38	AGE38	6453	6452_JohnVernon_38_m
365	JohnVernon	46	AGE46	6458	6457_JohnVernon_46_m
365	JohnVernon	36	AGE36	6451	6450_JohnVernon_36_m
365	JohnVernon	40	AGE40	6455	6454_JohnVernon_40_m
366	MelFerrer	32	AGE32	6621	6620_MelFerrer_32_m
366	MelFerrer	36	AGE36	6627	6626_MelFerrer_36_m
366	MelFerrer	40	AGE40	6624	6623_MelFerrer_40_m
366	MelFerrer	57	AGE57	6639	6638_MelFerrer_57_m
366	MelFerrer	65	AGE65	6643	6642_MelFerrer_65_m
366	MelFerrer	75	AGE75	6645	6644_MelFerrer_75_m
366	MelFerrer	54	AGE54	6636	6635_MelFerrer_54_m
366	MelFerrer	44	AGE44	6631	6630_MelFerrer_44_m
366	MelFerrer	63	AGE63	6642	6641_MelFerrer_63_m
366	MelFerrer	72	AGE72	6644	6643_MelFerrer_72_m
366	MelFerrer	48	AGE48	6634	6633_MelFerrer_48_m
366	MelFerrer	46	AGE46	6633	6632_MelFerrer_46_m
366	MelFerrer	35	AGE35	6626	6625_MelFerrer_35_m
366	MelFerrer	83	AGE83	6647	6646_MelFerrer_83_m
366	MelFerrer	55	AGE55	6637	6636_MelFerrer_55_m
366	MelFerrer	42	AGE42	6630	6629_MelFerrer_42_m
366	MelFerrer	58	AGE58	6640	6639_MelFerrer_58_m
366	MelFerrer	41	AGE41	6629	6628_MelFerrer_41_m
366	MelFerrer	38	AGE38	6623	6622_MelFerrer_38_m
366	MelFerrer	60	AGE60	6641	6640_MelFerrer_60_m
366	MelFerrer	89	AGE89	6649	6648_MelFerrer_89_m
366	MelFerrer	45	AGE45	6632	6631_MelFerrer_45_m
366	MelFerrer	79	AGE79	6646	6645_MelFerrer_79_m
366	MelFerrer	56	AGE56	6638	6637_MelFerrer_56_m
366	MelFerrer	51	AGE51	6635	6634_MelFerrer_51_m
366	MelFerrer	87	AGE87	6648	6647_MelFerrer_87_m
366	MelFerrer	33	AGE33	6625	6624_MelFerrer_33_m
366	MelFerrer	34	AGE34	6622	6621_MelFerrer_34_m
366	MelFerrer	39	AGE39	6628	6627_MelFerrer_39_m
367	LiamNeeson	35	AGE35	2749	2748_LiamNeeson_35_m
367	LiamNeeson	37	AGE37	2752	2751_LiamNeeson_37_m
367	LiamNeeson	51	AGE51	2762	2761_LiamNeeson_51_m
367	LiamNeeson	38	AGE38	2753	2752_LiamNeeson_38_m
367	LiamNeeson	41	AGE41	2754	2753_LiamNeeson_41_m
367	LiamNeeson	33	AGE33	2747	2746_LiamNeeson_33_m
367	LiamNeeson	62	AGE62	2771	2770_LiamNeeson_62_m
367	LiamNeeson	52	AGE52	2763	2762_LiamNeeson_52_m
367	LiamNeeson	42	AGE42	2757	2756_LiamNeeson_42_m
367	LiamNeeson	27	AGE27	2743	2742_LiamNeeson_27_m
367	LiamNeeson	27	AGE27	2744	2743_LiamNeeson_27_m
367	LiamNeeson	46	AGE46	2759	2758_LiamNeeson_46_m
367	LiamNeeson	41	AGE41	2756	2755_LiamNeeson_41_m
367	LiamNeeson	48	AGE48	2760	2759_LiamNeeson_48_m
367	LiamNeeson	55	AGE55	2766	2765_LiamNeeson_55_m
367	LiamNeeson	60	AGE60	2770	2769_LiamNeeson_60_m
367	LiamNeeson	36	AGE36	2751	2750_LiamNeeson_36_m
367	LiamNeeson	54	AGE54	2765	2764_LiamNeeson_54_m
367	LiamNeeson	57	AGE57	2768	2767_LiamNeeson_57_m
367	LiamNeeson	34	AGE34	2748	2747_LiamNeeson_34_m
367	LiamNeeson	32	AGE32	2746	2745_LiamNeeson_32_m
367	LiamNeeson	56	AGE56	2767	2766_LiamNeeson_56_m
367	LiamNeeson	31	AGE31	2745	2744_LiamNeeson_31_m
367	LiamNeeson	53	AGE53	2764	2763_LiamNeeson_53_m
367	LiamNeeson	35	AGE35	2750	2749_LiamNeeson_35_m
367	LiamNeeson	44	AGE44	2758	2757_LiamNeeson_44_m
367	LiamNeeson	50	AGE50	2761	2760_LiamNeeson_50_m
367	LiamNeeson	58	AGE58	2769	2768_LiamNeeson_58_m
367	LiamNeeson	41	AGE41	2755	2754_LiamNeeson_41_m
368	BettyGarrett	58	AGE58	15061	15060_BettyGarrett_58_f
368	BettyGarrett	82	AGE82	15077	15076_BettyGarrett_82_f
368	BettyGarrett	25	AGE25	15043	15042_BettyGarrett_25_f
368	BettyGarrett	64	AGE64	15064	15063_BettyGarrett_64_f
368	BettyGarrett	36	AGE36	15053	15052_BettyGarrett_36_f
368	BettyGarrett	33	AGE33	15050	15049_BettyGarrett_33_f
368	BettyGarrett	67	AGE67	15066	15065_BettyGarrett_67_f
368	BettyGarrett	66	AGE66	15065	15064_BettyGarrett_66_f
368	BettyGarrett	60	AGE60	15063	15062_BettyGarrett_60_f
368	BettyGarrett	74	AGE74	15071	15070_BettyGarrett_74_f
368	BettyGarrett	32	AGE32	15049	15048_BettyGarrett_32_f
368	BettyGarrett	83	AGE83	15078	15077_BettyGarrett_83_f
368	BettyGarrett	59	AGE59	15062	15061_BettyGarrett_59_f
368	BettyGarrett	71	AGE71	15069	15068_BettyGarrett_71_f
368	BettyGarrett	27	AGE27	15045	15044_BettyGarrett_27_f
368	BettyGarrett	34	AGE34	15051	15050_BettyGarrett_34_f
368	BettyGarrett	85	AGE85	15079	15078_BettyGarrett_85_f
368	BettyGarrett	73	AGE73	15070	15069_BettyGarrett_73_f
368	BettyGarrett	38	AGE38	15054	15053_BettyGarrett_38_f
368	BettyGarrett	86	AGE86	15080	15079_BettyGarrett_86_f
368	BettyGarrett	30	AGE30	15047	15046_BettyGarrett_30_f
368	BettyGarrett	28	AGE28	15046	15045_BettyGarrett_28_f
368	BettyGarrett	79	AGE79	15075	15074_BettyGarrett_79_f
368	BettyGarrett	31	AGE31	15048	15047_BettyGarrett_31_f
368	BettyGarrett	49	AGE49	15057	15056_BettyGarrett_49_f
368	BettyGarrett	26	AGE26	15044	15043_BettyGarrett_26_f
368	BettyGarrett	41	AGE41	15055	15054_BettyGarrett_41_f
368	BettyGarrett	91	AGE91	15082	15081_BettyGarrett_91_f
368	BettyGarrett	69	AGE69	15068	15067_BettyGarrett_69_f
368	BettyGarrett	68	AGE68	15067	15066_BettyGarrett_68_f
368	BettyGarrett	90	AGE90	15081	15080_BettyGarrett_90_f
368	BettyGarrett	35	AGE35	15052	15051_BettyGarrett_35_f
368	BettyGarrett	57	AGE57	15060	15059_BettyGarrett_57_f
368	BettyGarrett	53	AGE53	15058	15057_BettyGarrett_53_f
368	BettyGarrett	76	AGE76	15072	15071_BettyGarrett_76_f
368	BettyGarrett	81	AGE81	15076	15075_BettyGarrett_81_f
368	BettyGarrett	56	AGE56	15059	15058_BettyGarrett_56_f
368	BettyGarrett	77	AGE77	15073	15072_BettyGarrett_77_f
368	BettyGarrett	44	AGE44	15056	15055_BettyGarrett_44_f
368	BettyGarrett	78	AGE78	15074	15073_BettyGarrett_78_f
369	BorisKarloff	69	AGE69	6944	6943_BorisKarloff_69_m
369	BorisKarloff	39	AGE39	6914	6913_BorisKarloff_39_m
369	BorisKarloff	67	AGE67	6942	6941_BorisKarloff_67_m
369	BorisKarloff	40	AGE40	6915	6914_BorisKarloff_40_m
369	BorisKarloff	45	AGE45	6930	6929_BorisKarloff_45_m
369	BorisKarloff	63	AGE63	6941	6940_BorisKarloff_63_m
369	BorisKarloff	44	AGE44	6920	6919_BorisKarloff_44_m
369	BorisKarloff	64	AGE64	6926	6925_BorisKarloff_64_m
369	BorisKarloff	58	AGE58	6940	6939_BorisKarloff_58_m
369	BorisKarloff	42	AGE42	6917	6916_BorisKarloff_42_m
369	BorisKarloff	56	AGE56	6939	6938_BorisKarloff_56_m
369	BorisKarloff	48	AGE48	6934	6933_BorisKarloff_48_m
369	BorisKarloff	51	AGE51	6936	6935_BorisKarloff_51_m
369	BorisKarloff	71	AGE71	6945	6944_BorisKarloff_71_m
369	BorisKarloff	65	AGE65	6927	6926_BorisKarloff_65_m
369	BorisKarloff	50	AGE50	6935	6934_BorisKarloff_50_m
369	BorisKarloff	41	AGE41	6916	6915_BorisKarloff_41_m
369	BorisKarloff	32	AGE32	6912	6911_BorisKarloff_32_m
369	BorisKarloff	75	AGE75	6947	6946_BorisKarloff_75_m
369	BorisKarloff	76	AGE76	6948	6947_BorisKarloff_76_m
369	BorisKarloff	78	AGE78	6949	6948_BorisKarloff_78_m
369	BorisKarloff	43	AGE43	6919	6918_BorisKarloff_43_m
369	BorisKarloff	79	AGE79	6929	6928_BorisKarloff_79_m
369	BorisKarloff	38	AGE38	6913	6912_BorisKarloff_38_m
369	BorisKarloff	45	AGE45	6931	6930_BorisKarloff_45_m
369	BorisKarloff	81	AGE81	6950	6949_BorisKarloff_81_m
369	BorisKarloff	53	AGE53	6924	6923_BorisKarloff_53_m
369	BorisKarloff	47	AGE47	6933	6932_BorisKarloff_47_m
369	BorisKarloff	52	AGE52	6937	6936_BorisKarloff_52_m
369	BorisKarloff	49	AGE49	6923	6922_BorisKarloff_49_m
369	BorisKarloff	46	AGE46	6932	6931_BorisKarloff_46_m
369	BorisKarloff	43	AGE43	6918	6917_BorisKarloff_43_m
369	BorisKarloff	74	AGE74	6946	6945_BorisKarloff_74_m
369	BorisKarloff	55	AGE55	6938	6937_BorisKarloff_55_m
369	BorisKarloff	47	AGE47	6921	6920_BorisKarloff_47_m
369	BorisKarloff	73	AGE73	6928	6927_BorisKarloff_73_m
369	BorisKarloff	68	AGE68	6943	6942_BorisKarloff_68_m
369	BorisKarloff	48	AGE48	6922	6921_BorisKarloff_48_m
370	PeterOToole	36	AGE36	5634	5633_PeterOToole_36_m
370	PeterOToole	30	AGE30	5633	5632_PeterOToole_30_m
370	PeterOToole	66	AGE66	5644	5643_PeterOToole_66_m
370	PeterOToole	50	AGE50	5641	5640_PeterOToole_50_m
370	PeterOToole	38	AGE38	5652	5651_PeterOToole_38_m
370	PeterOToole	68	AGE68	5650	5649_PeterOToole_68_m
370	PeterOToole	56	AGE56	5643	5642_PeterOToole_56_m
370	PeterOToole	55	AGE55	5642	5641_PeterOToole_55_m
370	PeterOToole	40	AGE40	5635	5634_PeterOToole_40_m
370	PeterOToole	53	AGE53	5632	5631_PeterOToole_53_m
370	PeterOToole	41	AGE41	5651	5650_PeterOToole_41_m
370	PeterOToole	50	AGE50	5640	5639_PeterOToole_50_m
370	PeterOToole	48	AGE48	5639	5638_PeterOToole_48_m
370	PeterOToole	74	AGE74	5647	5646_PeterOToole_74_m
370	PeterOToole	71	AGE71	5645	5644_PeterOToole_71_m
370	PeterOToole	48	AGE48	5638	5637_PeterOToole_48_m
370	PeterOToole	60	AGE60	5648	5647_PeterOToole_60_m
370	PeterOToole	26	AGE26	5636	5635_PeterOToole_26_m
370	PeterOToole	42	AGE42	5649	5648_PeterOToole_42_m
370	PeterOToole	74	AGE74	5646	5645_PeterOToole_74_m
370	PeterOToole	42	AGE42	5637	5636_PeterOToole_42_m
371	ChristopherPlummer	40	AGE40	7866	7865_ChristopherPlummer_40_m
371	ChristopherPlummer	73	AGE73	7877	7876_ChristopherPlummer_73_m
371	ChristopherPlummer	47	AGE47	7870	7869_ChristopherPlummer_47_m
371	ChristopherPlummer	32	AGE32	7856	7855_ChristopherPlummer_32_m
371	ChristopherPlummer	34	AGE34	7858	7857_ChristopherPlummer_34_m
371	ChristopherPlummer	78	AGE78	7879	7878_ChristopherPlummer_78_m
371	ChristopherPlummer	37	AGE37	7863	7862_ChristopherPlummer_37_m
371	ChristopherPlummer	39	AGE39	7865	7864_ChristopherPlummer_39_m
371	ChristopherPlummer	45	AGE45	7869	7868_ChristopherPlummer_45_m
371	ChristopherPlummer	35	AGE35	7859	7858_ChristopherPlummer_35_m
371	ChristopherPlummer	44	AGE44	7868	7867_ChristopherPlummer_44_m
371	ChristopherPlummer	35	AGE35	7860	7859_ChristopherPlummer_35_m
371	ChristopherPlummer	29	AGE29	7855	7854_ChristopherPlummer_29_m
371	ChristopherPlummer	77	AGE77	7878	7877_ChristopherPlummer_77_m
371	ChristopherPlummer	72	AGE72	7876	7875_ChristopherPlummer_72_m
371	ChristopherPlummer	84	AGE84	7880	7879_ChristopherPlummer_84_m
371	ChristopherPlummer	48	AGE48	7871	7870_ChristopherPlummer_48_m
371	ChristopherPlummer	38	AGE38	7864	7863_ChristopherPlummer_38_m
371	ChristopherPlummer	29	AGE29	7854	7853_ChristopherPlummer_29_m
371	ChristopherPlummer	62	AGE62	7874	7873_ChristopherPlummer_62_m
371	ChristopherPlummer	36	AGE36	7862	7861_ChristopherPlummer_36_m
371	ChristopherPlummer	69	AGE69	7875	7874_ChristopherPlummer_69_m
371	ChristopherPlummer	58	AGE58	7873	7872_ChristopherPlummer_58_m
371	ChristopherPlummer	33	AGE33	7857	7856_ChristopherPlummer_33_m
371	ChristopherPlummer	36	AGE36	7861	7860_ChristopherPlummer_36_m
371	ChristopherPlummer	56	AGE56	7872	7871_ChristopherPlummer_56_m
371	ChristopherPlummer	43	AGE43	7867	7866_ChristopherPlummer_43_m
372	BernadetteLafont	63	AGE63	14891	14890_BernadetteLafont_63_f
372	BernadetteLafont	32	AGE32	14871	14870_BernadetteLafont_32_f
372	BernadetteLafont	68	AGE68	14893	14892_BernadetteLafont_68_f
372	BernadetteLafont	50	AGE50	14886	14885_BernadetteLafont_50_f
372	BernadetteLafont	71	AGE71	14895	14894_BernadetteLafont_71_f
372	BernadetteLafont	26	AGE26	14866	14865_BernadetteLafont_26_f
372	BernadetteLafont	20	AGE20	14859	14858_BernadetteLafont_20_f
372	BernadetteLafont	27	AGE27	14867	14866_BernadetteLafont_27_f
372	BernadetteLafont	49	AGE49	14885	14884_BernadetteLafont_49_f
372	BernadetteLafont	52	AGE52	14888	14887_BernadetteLafont_52_f
372	BernadetteLafont	41	AGE41	14877	14876_BernadetteLafont_41_f
372	BernadetteLafont	46	AGE46	14882	14881_BernadetteLafont_46_f
372	BernadetteLafont	29	AGE29	14868	14867_BernadetteLafont_29_f
372	BernadetteLafont	43	AGE43	14879	14878_BernadetteLafont_43_f
372	BernadetteLafont	42	AGE42	14878	14877_BernadetteLafont_42_f
372	BernadetteLafont	23	AGE23	14863	14862_BernadetteLafont_23_f
372	BernadetteLafont	75	AGE75	14897	14896_BernadetteLafont_75_f
372	BernadetteLafont	21	AGE21	14860	14859_BernadetteLafont_21_f
372	BernadetteLafont	74	AGE74	14896	14895_BernadetteLafont_74_f
372	BernadetteLafont	24	AGE24	14864	14863_BernadetteLafont_24_f
372	BernadetteLafont	34	AGE34	14873	14872_BernadetteLafont_34_f
372	BernadetteLafont	35	AGE35	14874	14873_BernadetteLafont_35_f
372	BernadetteLafont	33	AGE33	14872	14871_BernadetteLafont_33_f
372	BernadetteLafont	46	AGE46	14881	14880_BernadetteLafont_46_f
372	BernadetteLafont	65	AGE65	14892	14891_BernadetteLafont_65_f
372	BernadetteLafont	36	AGE36	14875	14874_BernadetteLafont_36_f
372	BernadetteLafont	51	AGE51	14887	14886_BernadetteLafont_51_f
372	BernadetteLafont	22	AGE22	14861	14860_BernadetteLafont_22_f
372	BernadetteLafont	48	AGE48	14884	14883_BernadetteLafont_48_f
372	BernadetteLafont	37	AGE37	14876	14875_BernadetteLafont_37_f
372	BernadetteLafont	69	AGE69	14894	14893_BernadetteLafont_69_f
372	BernadetteLafont	22	AGE22	14862	14861_BernadetteLafont_22_f
372	BernadetteLafont	45	AGE45	14880	14879_BernadetteLafont_45_f
372	BernadetteLafont	30	AGE30	14869	14868_BernadetteLafont_30_f
372	BernadetteLafont	25	AGE25	14865	14864_BernadetteLafont_25_f
372	BernadetteLafont	54	AGE54	14889	14888_BernadetteLafont_54_f
372	BernadetteLafont	59	AGE59	14890	14889_BernadetteLafont_59_f
372	BernadetteLafont	47	AGE47	14883	14882_BernadetteLafont_47_f
372	BernadetteLafont	31	AGE31	14870	14869_BernadetteLafont_31_f
372	BernadetteLafont	19	AGE19	14858	14857_BernadetteLafont_19_f
373	BobDylan	45	AGE45	1673	1672_BobDylan_45_m
373	BobDylan	29	AGE29	1660	1659_BobDylan_29_m
373	BobDylan	23	AGE23	1653	1652_BobDylan_23_m
373	BobDylan	22	AGE22	1651	1650_BobDylan_22_m
373	BobDylan	37	AGE37	1667	1666_BobDylan_37_m
373	BobDylan	18	AGE18	1647	1646_BobDylan_18_m
373	BobDylan	33	AGE33	1664	1663_BobDylan_33_m
373	BobDylan	64	AGE64	1683	1682_BobDylan_64_m
373	BobDylan	21	AGE21	1650	1649_BobDylan_21_m
373	BobDylan	30	AGE30	1661	1660_BobDylan_30_m
373	BobDylan	16	AGE16	1646	1645_BobDylan_16_m
373	BobDylan	32	AGE32	1663	1662_BobDylan_32_m
373	BobDylan	56	AGE56	1679	1678_BobDylan_56_m
373	BobDylan	27	AGE27	1658	1657_BobDylan_27_m
373	BobDylan	41	AGE41	1669	1668_BobDylan_41_m
373	BobDylan	35	AGE35	1666	1665_BobDylan_35_m
373	BobDylan	40	AGE40	1668	1667_BobDylan_40_m
373	BobDylan	43	AGE43	1671	1670_BobDylan_43_m
373	BobDylan	46	AGE46	1674	1673_BobDylan_46_m
373	BobDylan	74	AGE74	1688	1687_BobDylan_74_m
373	BobDylan	47	AGE47	1675	1674_BobDylan_47_m
373	BobDylan	72	AGE72	1687	1686_BobDylan_72_m
373	BobDylan	24	AGE24	1654	1653_BobDylan_24_m
373	BobDylan	23	AGE23	1652	1651_BobDylan_23_m
373	BobDylan	24	AGE24	1655	1654_BobDylan_24_m
373	BobDylan	44	AGE44	1672	1671_BobDylan_44_m
373	BobDylan	71	AGE71	1686	1685_BobDylan_71_m
373	BobDylan	62	AGE62	1682	1681_BobDylan_62_m
373	BobDylan	34	AGE34	1665	1664_BobDylan_34_m
373	BobDylan	57	AGE57	1680	1679_BobDylan_57_m
373	BobDylan	68	AGE68	1685	1684_BobDylan_68_m
373	BobDylan	28	AGE28	1659	1658_BobDylan_28_m
373	BobDylan	66	AGE66	1684	1683_BobDylan_66_m
373	BobDylan	42	AGE42	1670	1669_BobDylan_42_m
373	BobDylan	54	AGE54	1678	1677_BobDylan_54_m
373	BobDylan	19	AGE19	1648	1647_BobDylan_19_m
373	BobDylan	31	AGE31	1662	1661_BobDylan_31_m
373	BobDylan	49	AGE49	1677	1676_BobDylan_49_m
373	BobDylan	25	AGE25	1656	1655_BobDylan_25_m
373	BobDylan	20	AGE20	1649	1648_BobDylan_20_m
373	BobDylan	26	AGE26	1657	1656_BobDylan_26_m
373	BobDylan	61	AGE61	1681	1680_BobDylan_61_m
373	BobDylan	48	AGE48	1676	1675_BobDylan_48_m
374	Mparkoulis	25	AGE25	2170	2169_Mparkoulis_25_m
374	Mparkoulis	68	AGE68	2179	2178_Mparkoulis_68_m
374	Mparkoulis	30	AGE30	2168	2167_Mparkoulis_30_m
374	Mparkoulis	65	AGE65	2175	2174_Mparkoulis_65_m
374	Mparkoulis	73	AGE73	2177	2176_Mparkoulis_73_m
374	Mparkoulis	25	AGE25	2167	2166_Mparkoulis_25_m
374	Mparkoulis	75	AGE75	2176	2175_Mparkoulis_75_m
374	Mparkoulis	32	AGE32	2171	2170_Mparkoulis_32_m
374	Mparkoulis	35	AGE35	2172	2171_Mparkoulis_35_m
374	Mparkoulis	33	AGE33	2181	2180_Mparkoulis_33_m
374	Mparkoulis	62	AGE62	2174	2173_Mparkoulis_62_m
374	Mparkoulis	30	AGE30	2169	2168_Mparkoulis_30_m
374	Mparkoulis	72	AGE72	2180	2179_Mparkoulis_72_m
374	Mparkoulis	75	AGE75	2178	2177_Mparkoulis_75_m
374	Mparkoulis	58	AGE58	2173	2172_Mparkoulis_58_m
375	EdwardGRobinson	74	AGE74	9463	9462_EdwardGRobinson_74_m
375	EdwardGRobinson	43	AGE43	9430	9429_EdwardGRobinson_43_m
375	EdwardGRobinson	59	AGE59	9449	9448_EdwardGRobinson_59_m
375	EdwardGRobinson	48	AGE48	9438	9437_EdwardGRobinson_48_m
375	EdwardGRobinson	39	AGE39	9426	9425_EdwardGRobinson_39_m
375	EdwardGRobinson	67	AGE67	9457	9456_EdwardGRobinson_67_m
375	EdwardGRobinson	58	AGE58	9448	9447_EdwardGRobinson_58_m
375	EdwardGRobinson	51	AGE51	9441	9440_EdwardGRobinson_51_m
375	EdwardGRobinson	46	AGE46	9436	9435_EdwardGRobinson_46_m
375	EdwardGRobinson	80	AGE80	9467	9466_EdwardGRobinson_80_m
375	EdwardGRobinson	50	AGE50	9440	9439_EdwardGRobinson_50_m
375	EdwardGRobinson	64	AGE64	9454	9453_EdwardGRobinson_64_m
375	EdwardGRobinson	41	AGE41	9428	9427_EdwardGRobinson_41_m
375	EdwardGRobinson	56	AGE56	9446	9445_EdwardGRobinson_56_m
375	EdwardGRobinson	45	AGE45	9435	9434_EdwardGRobinson_45_m
375	EdwardGRobinson	57	AGE57	9447	9446_EdwardGRobinson_57_m
375	EdwardGRobinson	38	AGE38	9433	9432_EdwardGRobinson_38_m
375	EdwardGRobinson	54	AGE54	9444	9443_EdwardGRobinson_54_m
375	EdwardGRobinson	34	AGE34	9425	9424_EdwardGRobinson_34_m
375	EdwardGRobinson	49	AGE49	9439	9438_EdwardGRobinson_49_m
375	EdwardGRobinson	52	AGE52	9442	9441_EdwardGRobinson_52_m
375	EdwardGRobinson	61	AGE61	9451	9450_EdwardGRobinson_61_m
375	EdwardGRobinson	63	AGE63	9453	9452_EdwardGRobinson_63_m
375	EdwardGRobinson	76	AGE76	9465	9464_EdwardGRobinson_76_m
375	EdwardGRobinson	42	AGE42	9429	9428_EdwardGRobinson_42_m
375	EdwardGRobinson	70	AGE70	9459	9458_EdwardGRobinson_70_m
375	EdwardGRobinson	53	AGE53	9443	9442_EdwardGRobinson_53_m
375	EdwardGRobinson	37	AGE37	9432	9431_EdwardGRobinson_37_m
375	EdwardGRobinson	72	AGE72	9461	9460_EdwardGRobinson_72_m
375	EdwardGRobinson	65	AGE65	9455	9454_EdwardGRobinson_65_m
375	EdwardGRobinson	66	AGE66	9456	9455_EdwardGRobinson_66_m
375	EdwardGRobinson	36	AGE36	9431	9430_EdwardGRobinson_36_m
375	EdwardGRobinson	47	AGE47	9437	9436_EdwardGRobinson_47_m
375	EdwardGRobinson	77	AGE77	9466	9465_EdwardGRobinson_77_m
375	EdwardGRobinson	40	AGE40	9427	9426_EdwardGRobinson_40_m
375	EdwardGRobinson	69	AGE69	9458	9457_EdwardGRobinson_69_m
375	EdwardGRobinson	73	AGE73	9462	9461_EdwardGRobinson_73_m
375	EdwardGRobinson	75	AGE75	9464	9463_EdwardGRobinson_75_m
375	EdwardGRobinson	55	AGE55	9445	9444_EdwardGRobinson_55_m
375	EdwardGRobinson	71	AGE71	9460	9459_EdwardGRobinson_71_m
375	EdwardGRobinson	62	AGE62	9452	9451_EdwardGRobinson_62_m
375	EdwardGRobinson	44	AGE44	9434	9433_EdwardGRobinson_44_m
375	EdwardGRobinson	60	AGE60	9450	9449_EdwardGRobinson_60_m
376	Fernandel	43	AGE43	4562	4561_Fernandel_43_m
376	Fernandel	56	AGE56	4575	4574_Fernandel_56_m
376	Fernandel	29	AGE29	4551	4550_Fernandel_29_m
376	Fernandel	66	AGE66	4581	4580_Fernandel_66_m
376	Fernandel	47	AGE47	4566	4565_Fernandel_47_m
376	Fernandel	10	AGE10	4550	4549_Fernandel_10_m
376	Fernandel	30	AGE30	4552	4551_Fernandel_30_m
376	Fernandel	54	AGE54	4573	4572_Fernandel_54_m
376	Fernandel	48	AGE48	4567	4566_Fernandel_48_m
376	Fernandel	61	AGE61	4579	4578_Fernandel_61_m
376	Fernandel	59	AGE59	4577	4576_Fernandel_59_m
376	Fernandel	50	AGE50	4569	4568_Fernandel_50_m
376	Fernandel	53	AGE53	4572	4571_Fernandel_53_m
376	Fernandel	40	AGE40	4560	4559_Fernandel_40_m
376	Fernandel	62	AGE62	4580	4579_Fernandel_62_m
376	Fernandel	34	AGE34	4556	4555_Fernandel_34_m
376	Fernandel	42	AGE42	4561	4560_Fernandel_42_m
376	Fernandel	49	AGE49	4568	4567_Fernandel_49_m
376	Fernandel	31	AGE31	4553	4552_Fernandel_31_m
376	Fernandel	37	AGE37	4558	4557_Fernandel_37_m
376	Fernandel	51	AGE51	4570	4569_Fernandel_51_m
376	Fernandel	52	AGE52	4571	4570_Fernandel_52_m
376	Fernandel	46	AGE46	4565	4564_Fernandel_46_m
376	Fernandel	45	AGE45	4564	4563_Fernandel_45_m
376	Fernandel	32	AGE32	4554	4553_Fernandel_32_m
376	Fernandel	60	AGE60	4578	4577_Fernandel_60_m
376	Fernandel	55	AGE55	4574	4573_Fernandel_55_m
376	Fernandel	35	AGE35	4557	4556_Fernandel_35_m
376	Fernandel	39	AGE39	4559	4558_Fernandel_39_m
376	Fernandel	57	AGE57	4576	4575_Fernandel_57_m
376	Fernandel	44	AGE44	4563	4562_Fernandel_44_m
377	TomHulce	36	AGE36	1810	1809_TomHulce_36_m
377	TomHulce	41	AGE41	1814	1813_TomHulce_41_m
377	TomHulce	32	AGE32	1806	1805_TomHulce_32_m
377	TomHulce	29	AGE29	1803	1802_TomHulce_29_m
377	TomHulce	54	AGE54	1824	1823_TomHulce_54_m
377	TomHulce	31	AGE31	1805	1804_TomHulce_31_m
377	TomHulce	33	AGE33	1807	1806_TomHulce_33_m
377	TomHulce	50	AGE50	1820	1819_TomHulce_50_m
377	TomHulce	23	AGE23	1799	1798_TomHulce_23_m
377	TomHulce	53	AGE53	1823	1822_TomHulce_53_m
377	TomHulce	30	AGE30	1804	1803_TomHulce_30_m
377	TomHulce	21	AGE21	1797	1796_TomHulce_21_m
377	TomHulce	28	AGE28	1802	1801_TomHulce_28_m
377	TomHulce	40	AGE40	1813	1812_TomHulce_40_m
377	TomHulce	34	AGE34	1808	1807_TomHulce_34_m
377	TomHulce	58	AGE58	1828	1827_TomHulce_58_m
377	TomHulce	56	AGE56	1826	1825_TomHulce_56_m
377	TomHulce	27	AGE27	1801	1800_TomHulce_27_m
377	TomHulce	45	AGE45	1816	1815_TomHulce_45_m
377	TomHulce	49	AGE49	1819	1818_TomHulce_49_m
377	TomHulce	52	AGE52	1822	1821_TomHulce_52_m
377	TomHulce	51	AGE51	1821	1820_TomHulce_51_m
377	TomHulce	39	AGE39	1812	1811_TomHulce_39_m
377	TomHulce	37	AGE37	1811	1810_TomHulce_37_m
377	TomHulce	22	AGE22	1798	1797_TomHulce_22_m
377	TomHulce	55	AGE55	1825	1824_TomHulce_55_m
377	TomHulce	47	AGE47	1817	1816_TomHulce_47_m
377	TomHulce	48	AGE48	1818	1817_TomHulce_48_m
377	TomHulce	25	AGE25	1800	1799_TomHulce_25_m
377	TomHulce	43	AGE43	1815	1814_TomHulce_43_m
377	TomHulce	57	AGE57	1827	1826_TomHulce_57_m
377	TomHulce	35	AGE35	1809	1808_TomHulce_35_m
377	TomHulce	59	AGE59	1829	1828_TomHulce_59_m
378	ImeldaStaunton	46	AGE46	12206	12205_ImeldaStaunton_46_f
378	ImeldaStaunton	30	AGE30	12193	12192_ImeldaStaunton_30_f
378	ImeldaStaunton	47	AGE47	12207	12206_ImeldaStaunton_47_f
378	ImeldaStaunton	30	AGE30	12192	12191_ImeldaStaunton_30_f
378	ImeldaStaunton	40	AGE40	12200	12199_ImeldaStaunton_40_f
378	ImeldaStaunton	58	AGE58	12217	12216_ImeldaStaunton_58_f
378	ImeldaStaunton	53	AGE53	12212	12211_ImeldaStaunton_53_f
378	ImeldaStaunton	42	AGE42	12202	12201_ImeldaStaunton_42_f
378	ImeldaStaunton	54	AGE54	12214	12213_ImeldaStaunton_54_f
378	ImeldaStaunton	55	AGE55	12215	12214_ImeldaStaunton_55_f
378	ImeldaStaunton	54	AGE54	12213	12212_ImeldaStaunton_54_f
378	ImeldaStaunton	43	AGE43	12203	12202_ImeldaStaunton_43_f
378	ImeldaStaunton	50	AGE50	12209	12208_ImeldaStaunton_50_f
378	ImeldaStaunton	52	AGE52	12211	12210_ImeldaStaunton_52_f
378	ImeldaStaunton	48	AGE48	12208	12207_ImeldaStaunton_48_f
378	ImeldaStaunton	57	AGE57	12216	12215_ImeldaStaunton_57_f
378	ImeldaStaunton	45	AGE45	12205	12204_ImeldaStaunton_45_f
378	ImeldaStaunton	32	AGE32	12194	12193_ImeldaStaunton_32_f
378	ImeldaStaunton	24	AGE24	12191	12190_ImeldaStaunton_24_f
378	ImeldaStaunton	34	AGE34	12195	12194_ImeldaStaunton_34_f
378	ImeldaStaunton	36	AGE36	12197	12196_ImeldaStaunton_36_f
378	ImeldaStaunton	51	AGE51	12210	12209_ImeldaStaunton_51_f
378	ImeldaStaunton	37	AGE37	12198	12197_ImeldaStaunton_37_f
378	ImeldaStaunton	41	AGE41	12201	12200_ImeldaStaunton_41_f
378	ImeldaStaunton	35	AGE35	12196	12195_ImeldaStaunton_35_f
378	ImeldaStaunton	44	AGE44	12204	12203_ImeldaStaunton_44_f
378	ImeldaStaunton	38	AGE38	12199	12198_ImeldaStaunton_38_f
379	JamesCagney	39	AGE39	6380	6379_JamesCagney_39_m
379	JamesCagney	56	AGE56	6390	6389_JamesCagney_56_m
379	JamesCagney	51	AGE51	6387	6386_JamesCagney_51_m
379	JamesCagney	19	AGE19	6370	6369_JamesCagney_19_m
379	JamesCagney	60	AGE60	6393	6392_JamesCagney_60_m
379	JamesCagney	33	AGE33	6375	6374_JamesCagney_33_m
379	JamesCagney	34	AGE34	6376	6375_JamesCagney_34_m
379	JamesCagney	45	AGE45	6382	6381_JamesCagney_45_m
379	JamesCagney	56	AGE56	6391	6390_JamesCagney_56_m
379	JamesCagney	32	AGE32	6374	6373_JamesCagney_32_m
379	JamesCagney	52	AGE52	6388	6387_JamesCagney_52_m
379	JamesCagney	42	AGE42	6381	6380_JamesCagney_42_m
379	JamesCagney	58	AGE58	6392	6391_JamesCagney_58_m
379	JamesCagney	48	AGE48	6383	6382_JamesCagney_48_m
379	JamesCagney	63	AGE63	6395	6394_JamesCagney_63_m
379	JamesCagney	36	AGE36	6379	6378_JamesCagney_36_m
379	JamesCagney	81	AGE81	6396	6395_JamesCagney_81_m
379	JamesCagney	61	AGE61	6394	6393_JamesCagney_61_m
379	JamesCagney	35	AGE35	6377	6376_JamesCagney_35_m
379	JamesCagney	30	AGE30	6372	6371_JamesCagney_30_m
379	JamesCagney	50	AGE50	6385	6384_JamesCagney_50_m
379	JamesCagney	82	AGE82	6397	6396_JamesCagney_82_m
379	JamesCagney	31	AGE31	6373	6372_JamesCagney_31_m
379	JamesCagney	54	AGE54	6389	6388_JamesCagney_54_m
379	JamesCagney	48	AGE48	6384	6383_JamesCagney_48_m
379	JamesCagney	51	AGE51	6386	6385_JamesCagney_51_m
379	JamesCagney	26	AGE26	6371	6370_JamesCagney_26_m
379	JamesCagney	35	AGE35	6378	6377_JamesCagney_35_m
380	TomasMilian	74	AGE74	3911	3910_TomasMilian_74_m
380	TomasMilian	34	AGE34	3895	3894_TomasMilian_34_m
380	TomasMilian	76	AGE76	3914	3913_TomasMilian_76_m
380	TomasMilian	27	AGE27	3888	3887_TomasMilian_27_m
380	TomasMilian	28	AGE28	3889	3888_TomasMilian_28_m
380	TomasMilian	40	AGE40	3901	3900_TomasMilian_40_m
380	TomasMilian	41	AGE41	3902	3901_TomasMilian_41_m
380	TomasMilian	75	AGE75	3913	3912_TomasMilian_75_m
380	TomasMilian	35	AGE35	3896	3895_TomasMilian_35_m
380	TomasMilian	29	AGE29	3890	3889_TomasMilian_29_m
380	TomasMilian	31	AGE31	3892	3891_TomasMilian_31_m
380	TomasMilian	39	AGE39	3900	3899_TomasMilian_39_m
380	TomasMilian	53	AGE53	3905	3904_TomasMilian_53_m
380	TomasMilian	43	AGE43	3903	3902_TomasMilian_43_m
380	TomasMilian	77	AGE77	3915	3914_TomasMilian_77_m
380	TomasMilian	33	AGE33	3894	3893_TomasMilian_33_m
380	TomasMilian	30	AGE30	3891	3890_TomasMilian_30_m
380	TomasMilian	79	AGE79	3916	3915_TomasMilian_79_m
380	TomasMilian	25	AGE25	3886	3885_TomasMilian_25_m
380	TomasMilian	75	AGE75	3912	3911_TomasMilian_75_m
380	TomasMilian	37	AGE37	3898	3897_TomasMilian_37_m
380	TomasMilian	64	AGE64	3908	3907_TomasMilian_64_m
380	TomasMilian	36	AGE36	3897	3896_TomasMilian_36_m
380	TomasMilian	61	AGE61	3907	3906_TomasMilian_61_m
380	TomasMilian	71	AGE71	3909	3908_TomasMilian_71_m
380	TomasMilian	69	AGE69	3918	3917_TomasMilian_69_m
380	TomasMilian	26	AGE26	3887	3886_TomasMilian_26_m
380	TomasMilian	80	AGE80	3917	3916_TomasMilian_80_m
380	TomasMilian	38	AGE38	3899	3898_TomasMilian_38_m
380	TomasMilian	49	AGE49	3904	3903_TomasMilian_49_m
380	TomasMilian	72	AGE72	3910	3909_TomasMilian_72_m
380	TomasMilian	57	AGE57	3906	3905_TomasMilian_57_m
380	TomasMilian	32	AGE32	3893	3892_TomasMilian_32_m
381	TonyCurtis	24	AGE24	7643	7642_TonyCurtis_24_m
381	TonyCurtis	77	AGE77	7660	7659_TonyCurtis_77_m
381	TonyCurtis	47	AGE47	7649	7648_TonyCurtis_47_m
381	TonyCurtis	29	AGE29	7656	7655_TonyCurtis_29_m
381	TonyCurtis	82	AGE82	7653	7652_TonyCurtis_82_m
381	TonyCurtis	43	AGE43	7659	7658_TonyCurtis_43_m
381	TonyCurtis	17	AGE17	7641	7640_TonyCurtis_17_m
381	TonyCurtis	86	AGE86	7666	7665_TonyCurtis_86_m
381	TonyCurtis	84	AGE84	7665	7664_TonyCurtis_84_m
381	TonyCurtis	68	AGE68	7670	7669_TonyCurtis_68_m
381	TonyCurtis	37	AGE37	7658	7657_TonyCurtis_37_m
381	TonyCurtis	18	AGE18	7642	7641_TonyCurtis_18_m
381	TonyCurtis	72	AGE72	7661	7660_TonyCurtis_72_m
381	TonyCurtis	25	AGE25	7657	7656_TonyCurtis_25_m
381	TonyCurtis	36	AGE36	7645	7644_TonyCurtis_36_m
381	TonyCurtis	47	AGE47	7655	7654_TonyCurtis_47_m
381	TonyCurtis	71	AGE71	7652	7651_TonyCurtis_71_m
381	TonyCurtis	30	AGE30	7644	7643_TonyCurtis_30_m
381	TonyCurtis	45	AGE45	7646	7645_TonyCurtis_45_m
381	TonyCurtis	47	AGE47	7650	7649_TonyCurtis_47_m
381	TonyCurtis	43	AGE43	7654	7653_TonyCurtis_43_m
381	TonyCurtis	46	AGE46	7667	7666_TonyCurtis_46_m
381	TonyCurtis	27	AGE27	7647	7646_TonyCurtis_27_m
381	TonyCurtis	73	AGE73	7669	7668_TonyCurtis_73_m
381	TonyCurtis	33	AGE33	7648	7647_TonyCurtis_33_m
381	TonyCurtis	85	AGE85	7664	7663_TonyCurtis_85_m
381	TonyCurtis	34	AGE34	7668	7667_TonyCurtis_34_m
381	TonyCurtis	84	AGE84	7663	7662_TonyCurtis_84_m
381	TonyCurtis	83	AGE83	7662	7661_TonyCurtis_83_m
381	TonyCurtis	34	AGE34	7651	7650_TonyCurtis_34_m
382	GilbertRoland	38	AGE38	7951	7950_GilbertRoland_38_m
382	GilbertRoland	26	AGE26	7943	7942_GilbertRoland_26_m
382	GilbertRoland	54	AGE54	7964	7963_GilbertRoland_54_m
382	GilbertRoland	42	AGE42	7954	7953_GilbertRoland_42_m
382	GilbertRoland	56	AGE56	7965	7964_GilbertRoland_56_m
382	GilbertRoland	77	AGE77	7972	7971_GilbertRoland_77_m
382	GilbertRoland	57	AGE57	7966	7965_GilbertRoland_57_m
382	GilbertRoland	69	AGE69	7976	7975_GilbertRoland_69_m
382	GilbertRoland	51	AGE51	7962	7961_GilbertRoland_51_m
382	GilbertRoland	68	AGE68	7970	7969_GilbertRoland_68_m
382	GilbertRoland	49	AGE49	7959	7958_GilbertRoland_49_m
382	GilbertRoland	59	AGE59	7967	7966_GilbertRoland_59_m
382	GilbertRoland	47	AGE47	7957	7956_GilbertRoland_47_m
382	GilbertRoland	64	AGE64	7968	7967_GilbertRoland_64_m
382	GilbertRoland	50	AGE50	7961	7960_GilbertRoland_50_m
382	GilbertRoland	66	AGE66	7969	7968_GilbertRoland_66_m
382	GilbertRoland	46	AGE46	7974	7973_GilbertRoland_46_m
382	GilbertRoland	52	AGE52	7963	7962_GilbertRoland_52_m
382	GilbertRoland	50	AGE50	7960	7959_GilbertRoland_50_m
382	GilbertRoland	41	AGE41	7953	7952_GilbertRoland_41_m
382	GilbertRoland	72	AGE72	7971	7970_GilbertRoland_72_m
382	GilbertRoland	27	AGE27	7944	7943_GilbertRoland_27_m
382	GilbertRoland	25	AGE25	7942	7941_GilbertRoland_25_m
382	GilbertRoland	40	AGE40	7952	7951_GilbertRoland_40_m
382	GilbertRoland	24	AGE24	7941	7940_GilbertRoland_24_m
382	GilbertRoland	35	AGE35	7949	7948_GilbertRoland_35_m
382	GilbertRoland	45	AGE45	7973	7972_GilbertRoland_45_m
382	GilbertRoland	48	AGE48	7958	7957_GilbertRoland_48_m
382	GilbertRoland	32	AGE32	7948	7947_GilbertRoland_32_m
382	GilbertRoland	43	AGE43	7955	7954_GilbertRoland_43_m
382	GilbertRoland	44	AGE44	7956	7955_GilbertRoland_44_m
382	GilbertRoland	30	AGE30	7946	7945_GilbertRoland_30_m
382	GilbertRoland	18	AGE18	7939	7938_GilbertRoland_18_m
382	GilbertRoland	62	AGE62	7975	7974_GilbertRoland_62_m
382	GilbertRoland	28	AGE28	7945	7944_GilbertRoland_28_m
382	GilbertRoland	23	AGE23	7940	7939_GilbertRoland_23_m
382	GilbertRoland	37	AGE37	7950	7949_GilbertRoland_37_m
382	GilbertRoland	31	AGE31	7947	7946_GilbertRoland_31_m
383	JamesGarner	48	AGE48	4637	4636_JamesGarner_48_m
383	JamesGarner	36	AGE36	4639	4638_JamesGarner_36_m
383	JamesGarner	46	AGE46	4623	4622_JamesGarner_46_m
383	JamesGarner	31	AGE31	4616	4615_JamesGarner_31_m
383	JamesGarner	76	AGE76	4633	4632_JamesGarner_76_m
383	JamesGarner	68	AGE68	4629	4628_JamesGarner_68_m
383	JamesGarner	52	AGE52	4624	4623_JamesGarner_52_m
383	JamesGarner	58	AGE58	4628	4627_JamesGarner_58_m
383	JamesGarner	57	AGE57	4627	4626_JamesGarner_57_m
383	JamesGarner	36	AGE36	4619	4618_JamesGarner_36_m
383	JamesGarner	47	AGE47	4610	4609_JamesGarner_47_m
383	JamesGarner	28	AGE28	4613	4612_JamesGarner_28_m
383	JamesGarner	74	AGE74	4632	4631_JamesGarner_74_m
383	JamesGarner	35	AGE35	4641	4640_JamesGarner_35_m
383	JamesGarner	33	AGE33	4626	4625_JamesGarner_33_m
383	JamesGarner	37	AGE37	4620	4619_JamesGarner_37_m
383	JamesGarner	38	AGE38	4621	4620_JamesGarner_38_m
383	JamesGarner	30	AGE30	4615	4614_JamesGarner_30_m
383	JamesGarner	32	AGE32	4617	4616_JamesGarner_32_m
383	JamesGarner	79	AGE79	4643	4642_JamesGarner_79_m
383	JamesGarner	82	AGE82	4634	4633_JamesGarner_82_m
383	JamesGarner	50	AGE50	4625	4624_JamesGarner_50_m
383	JamesGarner	47	AGE47	4638	4637_JamesGarner_47_m
383	JamesGarner	29	AGE29	4614	4613_JamesGarner_29_m
383	JamesGarner	34	AGE34	4611	4610_JamesGarner_34_m
383	JamesGarner	35	AGE35	4618	4617_JamesGarner_35_m
383	JamesGarner	41	AGE41	4640	4639_JamesGarner_41_m
383	JamesGarner	80	AGE80	4635	4634_JamesGarner_80_m
383	JamesGarner	42	AGE42	4622	4621_JamesGarner_42_m
383	JamesGarner	33	AGE33	4642	4641_JamesGarner_33_m
383	JamesGarner	62	AGE62	4636	4635_JamesGarner_62_m
383	JamesGarner	72	AGE72	4630	4629_JamesGarner_72_m
383	JamesGarner	20	AGE20	4612	4611_JamesGarner_20_m
383	JamesGarner	73	AGE73	4631	4630_JamesGarner_73_m
383	JamesGarner	75	AGE75	4644	4643_JamesGarner_75_m
384	JosephStalin	35	AGE35	812	811_JosephStalin_35_m
384	JosephStalin	65	AGE65	826	825_JosephStalin_65_m
384	JosephStalin	30	AGE30	823	822_JosephStalin_30_m
384	JosephStalin	68	AGE68	825	824_JosephStalin_68_m
384	JosephStalin	57	AGE57	828	827_JosephStalin_57_m
384	JosephStalin	16	AGE16	807	806_JosephStalin_16_m
384	JosephStalin	67	AGE67	818	817_JosephStalin_67_m
384	JosephStalin	64	AGE64	816	815_JosephStalin_64_m
384	JosephStalin	52	AGE52	827	826_JosephStalin_52_m
384	JosephStalin	63	AGE63	819	818_JosephStalin_63_m
384	JosephStalin	54	AGE54	811	810_JosephStalin_54_m
384	JosephStalin	65	AGE65	817	816_JosephStalin_65_m
384	JosephStalin	55	AGE55	824	823_JosephStalin_55_m
384	JosephStalin	37	AGE37	808	807_JosephStalin_37_m
384	JosephStalin	64	AGE64	815	814_JosephStalin_64_m
384	JosephStalin	41	AGE41	813	812_JosephStalin_41_m
384	JosephStalin	44	AGE44	809	808_JosephStalin_44_m
384	JosephStalin	72	AGE72	821	820_JosephStalin_72_m
384	JosephStalin	45	AGE45	822	821_JosephStalin_45_m
384	JosephStalin	59	AGE59	814	813_JosephStalin_59_m
384	JosephStalin	65	AGE65	820	819_JosephStalin_65_m
384	JosephStalin	66	AGE66	810	809_JosephStalin_66_m
385	UrsulaAndress	77	AGE77	12391	12390_UrsulaAndress_77_f
385	UrsulaAndress	37	AGE37	12388	12387_UrsulaAndress_37_f
385	UrsulaAndress	34	AGE34	12398	12397_UrsulaAndress_34_f
385	UrsulaAndress	45	AGE45	12405	12404_UrsulaAndress_45_f
385	UrsulaAndress	19	AGE19	12400	12399_UrsulaAndress_19_f
385	UrsulaAndress	30	AGE30	12384	12383_UrsulaAndress_30_f
385	UrsulaAndress	74	AGE74	12390	12389_UrsulaAndress_74_f
385	UrsulaAndress	26	AGE26	12393	12392_UrsulaAndress_26_f
385	UrsulaAndress	36	AGE36	12395	12394_UrsulaAndress_36_f
385	UrsulaAndress	42	AGE42	12401	12400_UrsulaAndress_42_f
385	UrsulaAndress	73	AGE73	12394	12393_UrsulaAndress_73_f
385	UrsulaAndress	29	AGE29	12383	12382_UrsulaAndress_29_f
385	UrsulaAndress	58	AGE58	12407	12406_UrsulaAndress_58_f
385	UrsulaAndress	25	AGE25	12408	12407_UrsulaAndress_25_f
385	UrsulaAndress	42	AGE42	12402	12401_UrsulaAndress_42_f
385	UrsulaAndress	28	AGE28	12381	12380_UrsulaAndress_28_f
385	UrsulaAndress	28	AGE28	12397	12396_UrsulaAndress_28_f
385	UrsulaAndress	33	AGE33	12399	12398_UrsulaAndress_33_f
385	UrsulaAndress	29	AGE29	12382	12381_UrsulaAndress_29_f
385	UrsulaAndress	70	AGE70	12409	12408_UrsulaAndress_70_f
385	UrsulaAndress	35	AGE35	12387	12386_UrsulaAndress_35_f
385	UrsulaAndress	30	AGE30	12396	12395_UrsulaAndress_30_f
385	UrsulaAndress	36	AGE36	12392	12391_UrsulaAndress_36_f
385	UrsulaAndress	44	AGE44	12404	12403_UrsulaAndress_44_f
385	UrsulaAndress	31	AGE31	12385	12384_UrsulaAndress_31_f
385	UrsulaAndress	43	AGE43	12403	12402_UrsulaAndress_43_f
385	UrsulaAndress	32	AGE32	12386	12385_UrsulaAndress_32_f
385	UrsulaAndress	27	AGE27	12380	12379_UrsulaAndress_27_f
385	UrsulaAndress	47	AGE47	12389	12388_UrsulaAndress_47_f
385	UrsulaAndress	58	AGE58	12406	12405_UrsulaAndress_58_f
386	AlainDelon	35	AGE35	2371	2370_AlainDelon_35_m
386	AlainDelon	35	AGE35	2381	2380_AlainDelon_35_m
386	AlainDelon	72	AGE72	2376	2375_AlainDelon_72_m
386	AlainDelon	25	AGE25	2383	2382_AlainDelon_25_m
386	AlainDelon	60	AGE60	2384	2383_AlainDelon_60_m
386	AlainDelon	74	AGE74	2382	2381_AlainDelon_74_m
386	AlainDelon	30	AGE30	2375	2374_AlainDelon_30_m
386	AlainDelon	47	AGE47	2368	2367_AlainDelon_47_m
386	AlainDelon	40	AGE40	2367	2366_AlainDelon_40_m
386	AlainDelon	25	AGE25	2374	2373_AlainDelon_25_m
386	AlainDelon	68	AGE68	2362	2361_AlainDelon_68_m
386	AlainDelon	25	AGE25	2361	2360_AlainDelon_25_m
386	AlainDelon	70	AGE70	2365	2364_AlainDelon_70_m
386	AlainDelon	62	AGE62	2379	2378_AlainDelon_62_m
386	AlainDelon	75	AGE75	2364	2363_AlainDelon_75_m
386	AlainDelon	58	AGE58	2378	2377_AlainDelon_58_m
386	AlainDelon	68	AGE68	2366	2365_AlainDelon_68_m
386	AlainDelon	65	AGE65	2369	2368_AlainDelon_65_m
386	AlainDelon	65	AGE65	2377	2376_AlainDelon_65_m
386	AlainDelon	28	AGE28	2370	2369_AlainDelon_28_m
386	AlainDelon	65	AGE65	2363	2362_AlainDelon_65_m
386	AlainDelon	40	AGE40	2372	2371_AlainDelon_40_m
386	AlainDelon	65	AGE65	2385	2384_AlainDelon_65_m
386	AlainDelon	28	AGE28	2373	2372_AlainDelon_28_m
386	AlainDelon	10	AGE10	2386	2385_AlainDelon_10_m
386	AlainDelon	48	AGE48	2380	2379_AlainDelon_48_m
387	MartinLutherKing	19	AGE19	15960	15959_MartinLutherKing_19_m
387	MartinLutherKing	37	AGE37	15957	15956_MartinLutherKing_37_m
387	MartinLutherKing	34	AGE34	15944	15943_MartinLutherKing_34_m
387	MartinLutherKing	35	AGE35	15956	15955_MartinLutherKing_35_m
387	MartinLutherKing	35	AGE35	15948	15947_MartinLutherKing_35_m
387	MartinLutherKing	38	AGE38	15958	15957_MartinLutherKing_38_m
387	MartinLutherKing	36	AGE36	15970	15969_MartinLutherKing_36_m
387	MartinLutherKing	34	AGE34	15946	15945_MartinLutherKing_34_m
387	MartinLutherKing	35	AGE35	15952	15951_MartinLutherKing_35_m
387	MartinLutherKing	35	AGE35	15949	15948_MartinLutherKing_35_m
387	MartinLutherKing	35	AGE35	15962	15961_MartinLutherKing_35_m
387	MartinLutherKing	29	AGE29	15966	15965_MartinLutherKing_29_m
387	MartinLutherKing	3	AGE3	15959	15958_MartinLutherKing_3_m
387	MartinLutherKing	37	AGE37	15950	15949_MartinLutherKing_37_m
387	MartinLutherKing	34	AGE34	15954	15953_MartinLutherKing_34_m
387	MartinLutherKing	37	AGE37	15972	15971_MartinLutherKing_37_m
387	MartinLutherKing	27	AGE27	15965	15964_MartinLutherKing_27_m
387	MartinLutherKing	34	AGE34	15961	15960_MartinLutherKing_34_m
387	MartinLutherKing	35	AGE35	15967	15966_MartinLutherKing_35_m
387	MartinLutherKing	27	AGE27	15943	15942_MartinLutherKing_27_m
387	MartinLutherKing	35	AGE35	15955	15954_MartinLutherKing_35_m
387	MartinLutherKing	37	AGE37	15971	15970_MartinLutherKing_37_m
387	MartinLutherKing	34	AGE34	15964	15963_MartinLutherKing_34_m
387	MartinLutherKing	35	AGE35	15945	15944_MartinLutherKing_35_m
387	MartinLutherKing	36	AGE36	15969	15968_MartinLutherKing_36_m
387	MartinLutherKing	34	AGE34	15953	15952_MartinLutherKing_34_m
388	JoanCollins	73	AGE73	10553	10552_JoanCollins_73_f
388	JoanCollins	52	AGE52	10545	10544_JoanCollins_52_f
388	JoanCollins	67	AGE67	10551	10550_JoanCollins_67_f
388	JoanCollins	49	AGE49	10543	10542_JoanCollins_49_f
388	JoanCollins	55	AGE55	10546	10545_JoanCollins_55_f
388	JoanCollins	21	AGE21	10532	10531_JoanCollins_21_f
388	JoanCollins	31	AGE31	10535	10534_JoanCollins_31_f
388	JoanCollins	69	AGE69	10552	10551_JoanCollins_69_f
388	JoanCollins	34	AGE34	10538	10537_JoanCollins_34_f
388	JoanCollins	76	AGE76	10554	10553_JoanCollins_76_f
388	JoanCollins	64	AGE64	10549	10548_JoanCollins_64_f
388	JoanCollins	51	AGE51	10544	10543_JoanCollins_51_f
388	JoanCollins	33	AGE33	10536	10535_JoanCollins_33_f
388	JoanCollins	39	AGE39	10541	10540_JoanCollins_39_f
388	JoanCollins	37	AGE37	10540	10539_JoanCollins_37_f
388	JoanCollins	29	AGE29	10534	10533_JoanCollins_29_f
388	JoanCollins	48	AGE48	10542	10541_JoanCollins_48_f
388	JoanCollins	33	AGE33	10537	10536_JoanCollins_33_f
388	JoanCollins	66	AGE66	10550	10549_JoanCollins_66_f
388	JoanCollins	25	AGE25	10533	10532_JoanCollins_25_f
388	JoanCollins	77	AGE77	10555	10554_JoanCollins_77_f
388	JoanCollins	56	AGE56	10547	10546_JoanCollins_56_f
388	JoanCollins	63	AGE63	10548	10547_JoanCollins_63_f
388	JoanCollins	37	AGE37	10539	10538_JoanCollins_37_f
389	JaneBirkin	20	AGE20	10068	10067_JaneBirkin_20_f
389	JaneBirkin	39	AGE39	10085	10084_JaneBirkin_39_f
389	JaneBirkin	46	AGE46	10090	10089_JaneBirkin_46_f
389	JaneBirkin	49	AGE49	10093	10092_JaneBirkin_49_f
389	JaneBirkin	25	AGE25	10072	10071_JaneBirkin_25_f
389	JaneBirkin	21	AGE21	10069	10068_JaneBirkin_21_f
389	JaneBirkin	28	AGE28	10074	10073_JaneBirkin_28_f
389	JaneBirkin	48	AGE48	10092	10091_JaneBirkin_48_f
389	JaneBirkin	67	AGE67	10103	10102_JaneBirkin_67_f
389	JaneBirkin	41	AGE41	10087	10086_JaneBirkin_41_f
389	JaneBirkin	30	AGE30	10076	10075_JaneBirkin_30_f
389	JaneBirkin	42	AGE42	10088	10087_JaneBirkin_42_f
389	JaneBirkin	63	AGE63	10101	10100_JaneBirkin_63_f
389	JaneBirkin	53	AGE53	10096	10095_JaneBirkin_53_f
389	JaneBirkin	33	AGE33	10079	10078_JaneBirkin_33_f
389	JaneBirkin	31	AGE31	10077	10076_JaneBirkin_31_f
389	JaneBirkin	40	AGE40	10086	10085_JaneBirkin_40_f
389	JaneBirkin	36	AGE36	10081	10080_JaneBirkin_36_f
389	JaneBirkin	35	AGE35	10080	10079_JaneBirkin_35_f
389	JaneBirkin	58	AGE58	10099	10098_JaneBirkin_58_f
389	JaneBirkin	56	AGE56	10098	10097_JaneBirkin_56_f
389	JaneBirkin	37	AGE37	10082	10081_JaneBirkin_37_f
389	JaneBirkin	19	AGE19	10066	10065_JaneBirkin_19_f
389	JaneBirkin	68	AGE68	10104	10103_JaneBirkin_68_f
389	JaneBirkin	50	AGE50	10094	10093_JaneBirkin_50_f
389	JaneBirkin	64	AGE64	10102	10101_JaneBirkin_64_f
389	JaneBirkin	27	AGE27	10073	10072_JaneBirkin_27_f
389	JaneBirkin	47	AGE47	10091	10090_JaneBirkin_47_f
389	JaneBirkin	29	AGE29	10075	10074_JaneBirkin_29_f
389	JaneBirkin	60	AGE60	10100	10099_JaneBirkin_60_f
389	JaneBirkin	32	AGE32	10078	10077_JaneBirkin_32_f
389	JaneBirkin	55	AGE55	10097	10096_JaneBirkin_55_f
389	JaneBirkin	19	AGE19	10067	10066_JaneBirkin_19_f
389	JaneBirkin	38	AGE38	10083	10082_JaneBirkin_38_f
389	JaneBirkin	44	AGE44	10089	10088_JaneBirkin_44_f
389	JaneBirkin	23	AGE23	10070	10069_JaneBirkin_23_f
389	JaneBirkin	39	AGE39	10084	10083_JaneBirkin_39_f
389	JaneBirkin	52	AGE52	10095	10094_JaneBirkin_52_f
389	JaneBirkin	24	AGE24	10071	10070_JaneBirkin_24_f
390	Garycooper	37	AGE37	7086	7085_Garycooper_37_m
390	Garycooper	42	AGE42	7090	7089_Garycooper_42_m
390	Garycooper	55	AGE55	7093	7092_Garycooper_55_m
390	Garycooper	29	AGE29	7095	7094_Garycooper_29_m
390	Garycooper	55	AGE55	7094	7093_Garycooper_55_m
390	Garycooper	34	AGE34	7084	7083_Garycooper_34_m
390	Garycooper	54	AGE54	7088	7087_Garycooper_54_m
390	Garycooper	35	AGE35	7091	7090_Garycooper_35_m
390	Garycooper	19	AGE19	7096	7095_Garycooper_19_m
390	Garycooper	53	AGE53	7087	7086_Garycooper_53_m
390	Garycooper	27	AGE27	7089	7088_Garycooper_27_m
390	Garycooper	35	AGE35	7085	7084_Garycooper_35_m
390	Garycooper	39	AGE39	7092	7091_Garycooper_39_m
391	AlKapone	35	AGE35	509	508_AlKapone_35_m
391	AlKapone	30	AGE30	526	525_AlKapone_30_m
391	AlKapone	37	AGE37	520	519_AlKapone_37_m
391	AlKapone	32	AGE32	513	512_AlKapone_32_m
391	AlKapone	28	AGE28	511	510_AlKapone_28_m
391	AlKapone	35	AGE35	525	524_AlKapone_35_m
391	AlKapone	30	AGE30	515	514_AlKapone_30_m
391	AlKapone	23	AGE23	510	509_AlKapone_23_m
391	AlKapone	32	AGE32	524	523_AlKapone_32_m
391	AlKapone	5	AGE5	508	507_AlKapone_5_m
391	AlKapone	32	AGE32	519	518_AlKapone_32_m
391	AlKapone	30	AGE30	523	522_AlKapone_30_m
391	AlKapone	30	AGE30	527	526_AlKapone_30_m
391	AlKapone	30	AGE30	521	520_AlKapone_30_m
391	AlKapone	30	AGE30	518	517_AlKapone_30_m
391	AlKapone	33	AGE33	516	515_AlKapone_33_m
391	AlKapone	35	AGE35	528	527_AlKapone_35_m
391	AlKapone	32	AGE32	512	511_AlKapone_32_m
391	AlKapone	33	AGE33	522	521_AlKapone_33_m
391	AlKapone	26	AGE26	514	513_AlKapone_26_m
391	AlKapone	30	AGE30	517	516_AlKapone_30_m
392	EstherWilliams	33	AGE33	14173	14172_EstherWilliams_33_f
392	EstherWilliams	38	AGE38	14176	14175_EstherWilliams_38_f
392	EstherWilliams	75	AGE75	14179	14178_EstherWilliams_75_f
392	EstherWilliams	83	AGE83	14182	14181_EstherWilliams_83_f
392	EstherWilliams	43	AGE43	14167	14166_EstherWilliams_43_f
392	EstherWilliams	76	AGE76	14180	14179_EstherWilliams_76_f
392	EstherWilliams	77	AGE77	14171	14170_EstherWilliams_77_f
392	EstherWilliams	21	AGE21	14159	14158_EstherWilliams_21_f
392	EstherWilliams	70	AGE70	14177	14176_EstherWilliams_70_f
392	EstherWilliams	30	AGE30	14164	14163_EstherWilliams_30_f
392	EstherWilliams	46	AGE46	14168	14167_EstherWilliams_46_f
392	EstherWilliams	18	AGE18	14158	14157_EstherWilliams_18_f
392	EstherWilliams	36	AGE36	14175	14174_EstherWilliams_36_f
392	EstherWilliams	85	AGE85	14172	14171_EstherWilliams_85_f
392	EstherWilliams	24	AGE24	14161	14160_EstherWilliams_24_f
392	EstherWilliams	25	AGE25	14162	14161_EstherWilliams_25_f
392	EstherWilliams	63	AGE63	14170	14169_EstherWilliams_63_f
392	EstherWilliams	23	AGE23	14160	14159_EstherWilliams_23_f
392	EstherWilliams	32	AGE32	14165	14164_EstherWilliams_32_f
392	EstherWilliams	73	AGE73	14178	14177_EstherWilliams_73_f
392	EstherWilliams	26	AGE26	14163	14162_EstherWilliams_26_f
392	EstherWilliams	35	AGE35	14174	14173_EstherWilliams_35_f
392	EstherWilliams	84	AGE84	14183	14182_EstherWilliams_84_f
392	EstherWilliams	59	AGE59	14169	14168_EstherWilliams_59_f
392	EstherWilliams	79	AGE79	14181	14180_EstherWilliams_79_f
392	EstherWilliams	41	AGE41	14166	14165_EstherWilliams_41_f
393	WinstonChurchill	21	AGE21	883	882_WinstonChurchill_21_m
393	WinstonChurchill	77	AGE77	884	883_WinstonChurchill_77_m
393	WinstonChurchill	69	AGE69	882	881_WinstonChurchill_69_m
393	WinstonChurchill	68	AGE68	881	880_WinstonChurchill_68_m
393	WinstonChurchill	30	AGE30	868	867_WinstonChurchill_30_m
393	WinstonChurchill	67	AGE67	872	871_WinstonChurchill_67_m
393	WinstonChurchill	68	AGE68	876	875_WinstonChurchill_68_m
393	WinstonChurchill	65	AGE65	877	876_WinstonChurchill_65_m
393	WinstonChurchill	68	AGE68	873	872_WinstonChurchill_68_m
393	WinstonChurchill	48	AGE48	870	869_WinstonChurchill_48_m
393	WinstonChurchill	65	AGE65	875	874_WinstonChurchill_65_m
393	WinstonChurchill	75	AGE75	878	877_WinstonChurchill_75_m
393	WinstonChurchill	40	AGE40	869	868_WinstonChurchill_40_m
393	WinstonChurchill	72	AGE72	879	878_WinstonChurchill_72_m
393	WinstonChurchill	66	AGE66	874	873_WinstonChurchill_66_m
393	WinstonChurchill	65	AGE65	880	879_WinstonChurchill_65_m
393	WinstonChurchill	67	AGE67	867	866_WinstonChurchill_67_m
393	WinstonChurchill	41	AGE41	871	870_WinstonChurchill_41_m
394	OrsonWelles	23	AGE23	6667	6666_OrsonWelles_23_m
394	OrsonWelles	26	AGE26	6653	6652_OrsonWelles_26_m
394	OrsonWelles	38	AGE38	6655	6654_OrsonWelles_38_m
394	OrsonWelles	52	AGE52	6662	6661_OrsonWelles_52_m
394	OrsonWelles	24	AGE24	6664	6663_OrsonWelles_24_m
394	OrsonWelles	22	AGE22	6650	6649_OrsonWelles_22_m
394	OrsonWelles	67	AGE67	6666	6665_OrsonWelles_67_m
394	OrsonWelles	45	AGE45	6658	6657_OrsonWelles_45_m
394	OrsonWelles	32	AGE32	6665	6664_OrsonWelles_32_m
394	OrsonWelles	30	AGE30	6656	6655_OrsonWelles_30_m
394	OrsonWelles	52	AGE52	6659	6658_OrsonWelles_52_m
394	OrsonWelles	52	AGE52	6651	6650_OrsonWelles_52_m
394	OrsonWelles	62	AGE62	6661	6660_OrsonWelles_62_m
394	OrsonWelles	31	AGE31	6654	6653_OrsonWelles_31_m
394	OrsonWelles	45	AGE45	6652	6651_OrsonWelles_45_m
394	OrsonWelles	43	AGE43	6660	6659_OrsonWelles_43_m
394	OrsonWelles	32	AGE32	6657	6656_OrsonWelles_32_m
394	OrsonWelles	50	AGE50	6663	6662_OrsonWelles_50_m
395	michaeljackson	25	AGE25	257	256_michaeljackson_25_m
395	michaeljackson	14	AGE14	262	261_michaeljackson_14_m
395	michaeljackson	15	AGE15	269	268_michaeljackson_15_m
395	michaeljackson	3	AGE3	256	255_michaeljackson_3_m
395	michaeljackson	44	AGE44	268	267_michaeljackson_44_m
395	michaeljackson	46	AGE46	265	264_michaeljackson_46_m
395	michaeljackson	29	AGE29	259	258_michaeljackson_29_m
395	michaeljackson	26	AGE26	266	265_michaeljackson_26_m
395	michaeljackson	17	AGE17	260	259_michaeljackson_17_m
395	michaeljackson	10	AGE10	261	260_michaeljackson_10_m
395	michaeljackson	19	AGE19	267	266_michaeljackson_19_m
395	michaeljackson	35	AGE35	264	263_michaeljackson_35_m
395	michaeljackson	14	AGE14	258	257_michaeljackson_14_m
395	michaeljackson	32	AGE32	263	262_michaeljackson_32_m
396	JeremyKemp	40	AGE40	2644	2643_JeremyKemp_40_m
396	JeremyKemp	36	AGE36	2642	2641_JeremyKemp_36_m
396	JeremyKemp	33	AGE33	2640	2639_JeremyKemp_33_m
396	JeremyKemp	60	AGE60	2649	2648_JeremyKemp_60_m
396	JeremyKemp	31	AGE31	2639	2638_JeremyKemp_31_m
396	JeremyKemp	66	AGE66	2652	2651_JeremyKemp_66_m
396	JeremyKemp	29	AGE29	2637	2636_JeremyKemp_29_m
396	JeremyKemp	28	AGE28	2636	2635_JeremyKemp_28_m
396	JeremyKemp	45	AGE45	2646	2645_JeremyKemp_45_m
396	JeremyKemp	64	AGE64	2651	2650_JeremyKemp_64_m
396	JeremyKemp	62	AGE62	2650	2649_JeremyKemp_62_m
396	JeremyKemp	34	AGE34	2641	2640_JeremyKemp_34_m
396	JeremyKemp	27	AGE27	2635	2634_JeremyKemp_27_m
396	JeremyKemp	57	AGE57	2648	2647_JeremyKemp_57_m
396	JeremyKemp	49	AGE49	2647	2646_JeremyKemp_49_m
396	JeremyKemp	30	AGE30	2638	2637_JeremyKemp_30_m
396	JeremyKemp	38	AGE38	2643	2642_JeremyKemp_38_m
396	JeremyKemp	42	AGE42	2645	2644_JeremyKemp_42_m
397	GeraldineChaplin	37	AGE37	13032	13031_GeraldineChaplin_37_f
397	GeraldineChaplin	59	AGE59	13047	13046_GeraldineChaplin_59_f
397	GeraldineChaplin	33	AGE33	13028	13027_GeraldineChaplin_33_f
397	GeraldineChaplin	63	AGE63	13050	13049_GeraldineChaplin_63_f
397	GeraldineChaplin	65	AGE65	13052	13051_GeraldineChaplin_65_f
397	GeraldineChaplin	43	AGE43	13036	13035_GeraldineChaplin_43_f
397	GeraldineChaplin	30	AGE30	13025	13024_GeraldineChaplin_30_f
397	GeraldineChaplin	18	AGE18	13009	13008_GeraldineChaplin_18_f
397	GeraldineChaplin	69	AGE69	13055	13054_GeraldineChaplin_69_f
397	GeraldineChaplin	8	AGE8	13008	13007_GeraldineChaplin_8_f
397	GeraldineChaplin	22	AGE22	13013	13012_GeraldineChaplin_22_f
397	GeraldineChaplin	61	AGE61	13048	13047_GeraldineChaplin_61_f
397	GeraldineChaplin	34	AGE34	13029	13028_GeraldineChaplin_34_f
397	GeraldineChaplin	29	AGE29	13024	13023_GeraldineChaplin_29_f
397	GeraldineChaplin	49	AGE49	13040	13039_GeraldineChaplin_49_f
397	GeraldineChaplin	44	AGE44	13037	13036_GeraldineChaplin_44_f
397	GeraldineChaplin	56	AGE56	13046	13045_GeraldineChaplin_56_f
397	GeraldineChaplin	35	AGE35	13018	13017_GeraldineChaplin_35_f
397	GeraldineChaplin	27	AGE27	13022	13021_GeraldineChaplin_27_f
397	GeraldineChaplin	24	AGE24	13015	13014_GeraldineChaplin_24_f
397	GeraldineChaplin	70	AGE70	13056	13055_GeraldineChaplin_70_f
397	GeraldineChaplin	60	AGE60	13020	13019_GeraldineChaplin_60_f
397	GeraldineChaplin	36	AGE36	13030	13029_GeraldineChaplin_36_f
397	GeraldineChaplin	28	AGE28	13023	13022_GeraldineChaplin_28_f
397	GeraldineChaplin	62	AGE62	13049	13048_GeraldineChaplin_62_f
397	GeraldineChaplin	58	AGE58	13019	13018_GeraldineChaplin_58_f
397	GeraldineChaplin	51	AGE51	13041	13040_GeraldineChaplin_51_f
397	GeraldineChaplin	19	AGE19	13010	13009_GeraldineChaplin_19_f
397	GeraldineChaplin	38	AGE38	13033	13032_GeraldineChaplin_38_f
397	GeraldineChaplin	53	AGE53	13043	13042_GeraldineChaplin_53_f
397	GeraldineChaplin	45	AGE45	13038	13037_GeraldineChaplin_45_f
397	GeraldineChaplin	39	AGE39	13034	13033_GeraldineChaplin_39_f
397	GeraldineChaplin	66	AGE66	13053	13052_GeraldineChaplin_66_f
397	GeraldineChaplin	31	AGE31	13026	13025_GeraldineChaplin_31_f
397	GeraldineChaplin	64	AGE64	13051	13050_GeraldineChaplin_64_f
397	GeraldineChaplin	21	AGE21	13012	13011_GeraldineChaplin_21_f
397	GeraldineChaplin	25	AGE25	13016	13015_GeraldineChaplin_25_f
397	GeraldineChaplin	48	AGE48	13039	13038_GeraldineChaplin_48_f
397	GeraldineChaplin	26	AGE26	13021	13020_GeraldineChaplin_26_f
397	GeraldineChaplin	32	AGE32	13027	13026_GeraldineChaplin_32_f
397	GeraldineChaplin	54	AGE54	13044	13043_GeraldineChaplin_54_f
397	GeraldineChaplin	40	AGE40	13035	13034_GeraldineChaplin_40_f
397	GeraldineChaplin	36	AGE36	13031	13030_GeraldineChaplin_36_f
397	GeraldineChaplin	55	AGE55	13045	13044_GeraldineChaplin_55_f
397	GeraldineChaplin	20	AGE20	13011	13010_GeraldineChaplin_20_f
397	GeraldineChaplin	67	AGE67	13054	13053_GeraldineChaplin_67_f
397	GeraldineChaplin	35	AGE35	13017	13016_GeraldineChaplin_35_f
397	GeraldineChaplin	23	AGE23	13014	13013_GeraldineChaplin_23_f
397	GeraldineChaplin	52	AGE52	13042	13041_GeraldineChaplin_52_f
398	CarlMarx	55	AGE55	1476	1475_CarlMarx_55_m
398	CarlMarx	45	AGE45	1482	1481_CarlMarx_45_m
398	CarlMarx	62	AGE62	1487	1486_CarlMarx_62_m
398	CarlMarx	40	AGE40	1483	1482_CarlMarx_40_m
398	CarlMarx	50	AGE50	1484	1483_CarlMarx_50_m
398	CarlMarx	60	AGE60	1488	1487_CarlMarx_60_m
398	CarlMarx	58	AGE58	1480	1479_CarlMarx_58_m
398	CarlMarx	50	AGE50	1479	1478_CarlMarx_50_m
398	CarlMarx	55	AGE55	1486	1485_CarlMarx_55_m
398	CarlMarx	30	AGE30	1481	1480_CarlMarx_30_m
398	CarlMarx	50	AGE50	1477	1476_CarlMarx_50_m
398	CarlMarx	58	AGE58	1478	1477_CarlMarx_58_m
398	CarlMarx	58	AGE58	1485	1484_CarlMarx_58_m
399	RonPerlman	63	AGE63	2840	2839_RonPerlman_63_m
399	RonPerlman	33	AGE33	2816	2815_RonPerlman_33_m
399	RonPerlman	65	AGE65	2843	2842_RonPerlman_65_m
399	RonPerlman	40	AGE40	2821	2820_RonPerlman_40_m
399	RonPerlman	44	AGE44	2824	2823_RonPerlman_44_m
399	RonPerlman	50	AGE50	2828	2827_RonPerlman_50_m
399	RonPerlman	43	AGE43	2823	2822_RonPerlman_43_m
399	RonPerlman	31	AGE31	2814	2813_RonPerlman_31_m
399	RonPerlman	61	AGE61	2838	2837_RonPerlman_61_m
399	RonPerlman	64	AGE64	2842	2841_RonPerlman_64_m
399	RonPerlman	42	AGE42	2822	2821_RonPerlman_42_m
399	RonPerlman	57	AGE57	2834	2833_RonPerlman_57_m
399	RonPerlman	59	AGE59	2836	2835_RonPerlman_59_m
399	RonPerlman	58	AGE58	2835	2834_RonPerlman_58_m
399	RonPerlman	52	AGE52	2830	2829_RonPerlman_52_m
399	RonPerlman	56	AGE56	2833	2832_RonPerlman_56_m
399	RonPerlman	38	AGE38	2820	2819_RonPerlman_38_m
399	RonPerlman	45	AGE45	2825	2824_RonPerlman_45_m
399	RonPerlman	62	AGE62	2839	2838_RonPerlman_62_m
399	RonPerlman	60	AGE60	2837	2836_RonPerlman_60_m
399	RonPerlman	55	AGE55	2832	2831_RonPerlman_55_m
399	RonPerlman	54	AGE54	2831	2830_RonPerlman_54_m
399	RonPerlman	47	AGE47	2826	2825_RonPerlman_47_m
399	RonPerlman	64	AGE64	2841	2840_RonPerlman_64_m
399	RonPerlman	32	AGE32	2815	2814_RonPerlman_32_m
399	RonPerlman	51	AGE51	2829	2828_RonPerlman_51_m
399	RonPerlman	34	AGE34	2817	2816_RonPerlman_34_m
399	RonPerlman	37	AGE37	2819	2818_RonPerlman_37_m
399	RonPerlman	35	AGE35	2818	2817_RonPerlman_35_m
399	RonPerlman	48	AGE48	2827	2826_RonPerlman_48_m
400	EliWallach	95	AGE95	3218	3217_EliWallach_95_m
400	EliWallach	41	AGE41	3217	3216_EliWallach_41_m
400	EliWallach	55	AGE55	3220	3219_EliWallach_55_m
400	EliWallach	52	AGE52	3225	3224_EliWallach_52_m
400	EliWallach	61	AGE61	3210	3209_EliWallach_61_m
400	EliWallach	65	AGE65	3212	3211_EliWallach_65_m
400	EliWallach	53	AGE53	3206	3205_EliWallach_53_m
400	EliWallach	42	AGE42	3223	3222_EliWallach_42_m
400	EliWallach	51	AGE51	3204	3203_EliWallach_51_m
400	EliWallach	51	AGE51	3205	3204_EliWallach_51_m
400	EliWallach	45	AGE45	3208	3207_EliWallach_45_m
400	EliWallach	54	AGE54	3211	3210_EliWallach_54_m
400	EliWallach	58	AGE58	3209	3208_EliWallach_58_m
400	EliWallach	66	AGE66	3199	3198_EliWallach_66_m
400	EliWallach	77	AGE77	3196	3195_EliWallach_77_m
400	EliWallach	45	AGE45	3201	3200_EliWallach_45_m
400	EliWallach	52	AGE52	3207	3206_EliWallach_52_m
400	EliWallach	91	AGE91	3216	3215_EliWallach_91_m
400	EliWallach	71	AGE71	3213	3212_EliWallach_71_m
400	EliWallach	41	AGE41	3200	3199_EliWallach_41_m
400	EliWallach	85	AGE85	3195	3194_EliWallach_85_m
400	EliWallach	56	AGE56	3224	3223_EliWallach_56_m
400	EliWallach	40	AGE40	3197	3196_EliWallach_40_m
400	EliWallach	43	AGE43	3221	3220_EliWallach_43_m
400	EliWallach	56	AGE56	3222	3221_EliWallach_56_m
400	EliWallach	51	AGE51	3203	3202_EliWallach_51_m
400	EliWallach	77	AGE77	3214	3213_EliWallach_77_m
400	EliWallach	97	AGE97	3219	3218_EliWallach_97_m
400	EliWallach	73	AGE73	3215	3214_EliWallach_73_m
400	EliWallach	46	AGE46	3202	3201_EliWallach_46_m
400	EliWallach	36	AGE36	3198	3197_EliWallach_36_m
401	ErinGray	56	AGE56	15361	15360_ErinGray_56_f
401	ErinGray	31	AGE31	15341	15340_ErinGray_31_f
401	ErinGray	33	AGE33	15343	15342_ErinGray_33_f
401	ErinGray	54	AGE54	15359	15358_ErinGray_54_f
401	ErinGray	25	AGE25	15336	15335_ErinGray_25_f
401	ErinGray	22	AGE22	15333	15332_ErinGray_22_f
401	ErinGray	27	AGE27	15338	15337_ErinGray_27_f
401	ErinGray	50	AGE50	15355	15354_ErinGray_50_f
401	ErinGray	23	AGE23	15334	15333_ErinGray_23_f
401	ErinGray	38	AGE38	15348	15347_ErinGray_38_f
401	ErinGray	39	AGE39	15349	15348_ErinGray_39_f
401	ErinGray	28	AGE28	15339	15338_ErinGray_28_f
401	ErinGray	65	AGE65	15369	15368_ErinGray_65_f
401	ErinGray	58	AGE58	15363	15362_ErinGray_58_f
401	ErinGray	55	AGE55	15360	15359_ErinGray_55_f
401	ErinGray	48	AGE48	15354	15353_ErinGray_48_f
401	ErinGray	35	AGE35	15345	15344_ErinGray_35_f
401	ErinGray	53	AGE53	15358	15357_ErinGray_53_f
401	ErinGray	46	AGE46	15353	15352_ErinGray_46_f
401	ErinGray	36	AGE36	15346	15345_ErinGray_36_f
401	ErinGray	29	AGE29	15340	15339_ErinGray_29_f
401	ErinGray	24	AGE24	15335	15334_ErinGray_24_f
401	ErinGray	32	AGE32	15342	15341_ErinGray_32_f
401	ErinGray	57	AGE57	15362	15361_ErinGray_57_f
401	ErinGray	41	AGE41	15350	15349_ErinGray_41_f
401	ErinGray	52	AGE52	15357	15356_ErinGray_52_f
401	ErinGray	51	AGE51	15356	15355_ErinGray_51_f
401	ErinGray	45	AGE45	15352	15351_ErinGray_45_f
401	ErinGray	64	AGE64	15368	15367_ErinGray_64_f
401	ErinGray	26	AGE26	15337	15336_ErinGray_26_f
401	ErinGray	61	AGE61	15365	15364_ErinGray_61_f
401	ErinGray	34	AGE34	15344	15343_ErinGray_34_f
401	ErinGray	63	AGE63	15367	15366_ErinGray_63_f
401	ErinGray	43	AGE43	15351	15350_ErinGray_43_f
401	ErinGray	60	AGE60	15364	15363_ErinGray_60_f
401	ErinGray	62	AGE62	15366	15365_ErinGray_62_f
401	ErinGray	37	AGE37	15347	15346_ErinGray_37_f
402	Davis	50	AGE50	16327	16326_Davis_50_f
402	Davis	49	AGE49	16321	16320_Davis_49_f
402	Davis	45	AGE45	16315	16314_Davis_45_f
402	Davis	50	AGE50	16325	16324_Davis_50_f
402	Davis	46	AGE46	16322	16321_Davis_46_f
402	Davis	50	AGE50	16328	16327_Davis_50_f
402	Davis	40	AGE40	16316	16315_Davis_40_f
402	Davis	52	AGE52	16324	16323_Davis_52_f
402	Davis	51	AGE51	16319	16318_Davis_51_f
402	Davis	52	AGE52	16323	16322_Davis_52_f
402	Davis	47	AGE47	16317	16316_Davis_47_f
402	Davis	51	AGE51	16320	16319_Davis_51_f
402	Davis	49	AGE49	16318	16317_Davis_49_f
402	Davis	50	AGE50	16326	16325_Davis_50_f
403	RogerAllam	44	AGE44	3731	3730_RogerAllam_44_m
403	RogerAllam	50	AGE50	3736	3735_RogerAllam_50_m
403	RogerAllam	32	AGE32	3721	3720_RogerAllam_32_m
403	RogerAllam	29	AGE29	3718	3717_RogerAllam_29_m
403	RogerAllam	51	AGE51	3737	3736_RogerAllam_51_m
403	RogerAllam	60	AGE60	3746	3745_RogerAllam_60_m
403	RogerAllam	54	AGE54	3740	3739_RogerAllam_54_m
403	RogerAllam	56	AGE56	3742	3741_RogerAllam_56_m
403	RogerAllam	49	AGE49	3735	3734_RogerAllam_49_m
403	RogerAllam	61	AGE61	3747	3746_RogerAllam_61_m
403	RogerAllam	38	AGE38	3727	3726_RogerAllam_38_m
403	RogerAllam	52	AGE52	3738	3737_RogerAllam_52_m
403	RogerAllam	31	AGE31	3720	3719_RogerAllam_31_m
403	RogerAllam	59	AGE59	3745	3744_RogerAllam_59_m
403	RogerAllam	34	AGE34	3723	3722_RogerAllam_34_m
403	RogerAllam	55	AGE55	3741	3740_RogerAllam_55_m
403	RogerAllam	47	AGE47	3733	3732_RogerAllam_47_m
403	RogerAllam	58	AGE58	3744	3743_RogerAllam_58_m
403	RogerAllam	48	AGE48	3734	3733_RogerAllam_48_m
403	RogerAllam	30	AGE30	3719	3718_RogerAllam_30_m
403	RogerAllam	37	AGE37	3726	3725_RogerAllam_37_m
403	RogerAllam	42	AGE42	3730	3729_RogerAllam_42_m
403	RogerAllam	35	AGE35	3724	3723_RogerAllam_35_m
403	RogerAllam	36	AGE36	3725	3724_RogerAllam_36_m
403	RogerAllam	53	AGE53	3739	3738_RogerAllam_53_m
403	RogerAllam	41	AGE41	3729	3728_RogerAllam_41_m
403	RogerAllam	57	AGE57	3743	3742_RogerAllam_57_m
403	RogerAllam	33	AGE33	3722	3721_RogerAllam_33_m
403	RogerAllam	45	AGE45	3732	3731_RogerAllam_45_m
403	RogerAllam	40	AGE40	3728	3727_RogerAllam_40_m
403	RogerAllam	62	AGE62	3748	3747_RogerAllam_62_m
404	CatherineSpaak	19	AGE19	11925	11924_CatherineSpaak_19_f
404	CatherineSpaak	29	AGE29	11930	11929_CatherineSpaak_29_f
404	CatherineSpaak	60	AGE60	11940	11939_CatherineSpaak_60_f
404	CatherineSpaak	35	AGE35	11933	11932_CatherineSpaak_35_f
404	CatherineSpaak	33	AGE33	11932	11931_CatherineSpaak_33_f
404	CatherineSpaak	25	AGE25	11928	11927_CatherineSpaak_25_f
404	CatherineSpaak	63	AGE63	11943	11942_CatherineSpaak_63_f
404	CatherineSpaak	45	AGE45	11936	11935_CatherineSpaak_45_f
404	CatherineSpaak	39	AGE39	11934	11933_CatherineSpaak_39_f
404	CatherineSpaak	62	AGE62	11942	11941_CatherineSpaak_62_f
404	CatherineSpaak	17	AGE17	11923	11922_CatherineSpaak_17_f
404	CatherineSpaak	16	AGE16	11922	11921_CatherineSpaak_16_f
404	CatherineSpaak	66	AGE66	11945	11944_CatherineSpaak_66_f
404	CatherineSpaak	56	AGE56	11937	11936_CatherineSpaak_56_f
404	CatherineSpaak	67	AGE67	11946	11945_CatherineSpaak_67_f
404	CatherineSpaak	30	AGE30	11931	11930_CatherineSpaak_30_f
404	CatherineSpaak	69	AGE69	11947	11946_CatherineSpaak_69_f
404	CatherineSpaak	15	AGE15	11921	11920_CatherineSpaak_15_f
404	CatherineSpaak	26	AGE26	11929	11928_CatherineSpaak_26_f
404	CatherineSpaak	59	AGE59	11939	11938_CatherineSpaak_59_f
404	CatherineSpaak	24	AGE24	11927	11926_CatherineSpaak_24_f
404	CatherineSpaak	43	AGE43	11935	11934_CatherineSpaak_43_f
404	CatherineSpaak	61	AGE61	11941	11940_CatherineSpaak_61_f
404	CatherineSpaak	65	AGE65	11944	11943_CatherineSpaak_65_f
404	CatherineSpaak	22	AGE22	11926	11925_CatherineSpaak_22_f
404	CatherineSpaak	58	AGE58	11938	11937_CatherineSpaak_58_f
404	CatherineSpaak	18	AGE18	11924	11923_CatherineSpaak_18_f
405	Gorbachev	55	AGE55	616	615_Gorbachev_55_m
405	Gorbachev	62	AGE62	610	609_Gorbachev_62_m
405	Gorbachev	59	AGE59	608	607_Gorbachev_59_m
405	Gorbachev	60	AGE60	615	614_Gorbachev_60_m
405	Gorbachev	50	AGE50	609	608_Gorbachev_50_m
405	Gorbachev	73	AGE73	619	618_Gorbachev_73_m
405	Gorbachev	56	AGE56	621	620_Gorbachev_56_m
405	Gorbachev	82	AGE82	614	613_Gorbachev_82_m
405	Gorbachev	59	AGE59	623	622_Gorbachev_59_m
405	Gorbachev	82	AGE82	618	617_Gorbachev_82_m
405	Gorbachev	48	AGE48	607	606_Gorbachev_48_m
405	Gorbachev	56	AGE56	611	610_Gorbachev_56_m
405	Gorbachev	57	AGE57	617	616_Gorbachev_57_m
405	Gorbachev	58	AGE58	612	611_Gorbachev_58_m
405	Gorbachev	52	AGE52	622	621_Gorbachev_52_m
405	Gorbachev	54	AGE54	604	603_Gorbachev_54_m
405	Gorbachev	60	AGE60	620	619_Gorbachev_60_m
405	Gorbachev	50	AGE50	613	612_Gorbachev_50_m
405	Gorbachev	69	AGE69	624	623_Gorbachev_69_m
405	Gorbachev	78	AGE78	605	604_Gorbachev_78_m
405	Gorbachev	76	AGE76	606	605_Gorbachev_76_m
406	StevenSeagal	48	AGE48	4444	4443_StevenSeagal_48_m
406	StevenSeagal	59	AGE59	4454	4453_StevenSeagal_59_m
406	StevenSeagal	53	AGE53	4448	4447_StevenSeagal_53_m
406	StevenSeagal	37	AGE37	4435	4434_StevenSeagal_37_m
406	StevenSeagal	42	AGE42	4438	4437_StevenSeagal_42_m
406	StevenSeagal	35	AGE35	4433	4432_StevenSeagal_35_m
406	StevenSeagal	36	AGE36	4434	4433_StevenSeagal_36_m
406	StevenSeagal	54	AGE54	4449	4448_StevenSeagal_54_m
406	StevenSeagal	47	AGE47	4443	4442_StevenSeagal_47_m
406	StevenSeagal	58	AGE58	4453	4452_StevenSeagal_58_m
406	StevenSeagal	44	AGE44	4440	4439_StevenSeagal_44_m
406	StevenSeagal	38	AGE38	4436	4435_StevenSeagal_38_m
406	StevenSeagal	40	AGE40	4437	4436_StevenSeagal_40_m
406	StevenSeagal	61	AGE61	4456	4455_StevenSeagal_61_m
406	StevenSeagal	55	AGE55	4450	4449_StevenSeagal_55_m
406	StevenSeagal	49	AGE49	4445	4444_StevenSeagal_49_m
406	StevenSeagal	56	AGE56	4451	4450_StevenSeagal_56_m
406	StevenSeagal	52	AGE52	4447	4446_StevenSeagal_52_m
406	StevenSeagal	63	AGE63	4458	4457_StevenSeagal_63_m
406	StevenSeagal	51	AGE51	4446	4445_StevenSeagal_51_m
406	StevenSeagal	46	AGE46	4442	4441_StevenSeagal_46_m
406	StevenSeagal	57	AGE57	4452	4451_StevenSeagal_57_m
406	StevenSeagal	62	AGE62	4457	4456_StevenSeagal_62_m
406	StevenSeagal	45	AGE45	4441	4440_StevenSeagal_45_m
406	StevenSeagal	43	AGE43	4439	4438_StevenSeagal_43_m
406	StevenSeagal	60	AGE60	4455	4454_StevenSeagal_60_m
407	JulieAdams	28	AGE28	10194	10193_JulieAdams_28_f
407	JulieAdams	39	AGE39	10200	10199_JulieAdams_39_f
407	JulieAdams	59	AGE59	10208	10207_JulieAdams_59_f
407	JulieAdams	41	AGE41	10201	10200_JulieAdams_41_f
407	JulieAdams	57	AGE57	10207	10206_JulieAdams_57_f
407	JulieAdams	84	AGE84	10215	10214_JulieAdams_84_f
407	JulieAdams	50	AGE50	10204	10203_JulieAdams_50_f
407	JulieAdams	53	AGE53	10205	10204_JulieAdams_53_f
407	JulieAdams	67	AGE67	10210	10209_JulieAdams_67_f
407	JulieAdams	24	AGE24	10192	10191_JulieAdams_24_f
407	JulieAdams	49	AGE49	10203	10202_JulieAdams_49_f
407	JulieAdams	45	AGE45	10202	10201_JulieAdams_45_f
407	JulieAdams	55	AGE55	10206	10205_JulieAdams_55_f
407	JulieAdams	35	AGE35	10198	10197_JulieAdams_35_f
407	JulieAdams	85	AGE85	10216	10215_JulieAdams_85_f
407	JulieAdams	32	AGE32	10196	10195_JulieAdams_32_f
407	JulieAdams	34	AGE34	10197	10196_JulieAdams_34_f
407	JulieAdams	73	AGE73	10213	10212_JulieAdams_73_f
407	JulieAdams	25	AGE25	10193	10192_JulieAdams_25_f
407	JulieAdams	70	AGE70	10212	10211_JulieAdams_70_f
407	JulieAdams	30	AGE30	10195	10194_JulieAdams_30_f
407	JulieAdams	80	AGE80	10214	10213_JulieAdams_80_f
407	JulieAdams	87	AGE87	10217	10216_JulieAdams_87_f
407	JulieAdams	88	AGE88	10218	10217_JulieAdams_88_f
407	JulieAdams	64	AGE64	10209	10208_JulieAdams_64_f
407	JulieAdams	68	AGE68	10211	10210_JulieAdams_68_f
407	JulieAdams	36	AGE36	10199	10198_JulieAdams_36_f
408	MelBrooks	62	AGE62	2114	2113_MelBrooks_62_m
408	MelBrooks	72	AGE72	2117	2116_MelBrooks_72_m
408	MelBrooks	73	AGE73	2118	2117_MelBrooks_73_m
408	MelBrooks	53	AGE53	2107	2106_MelBrooks_53_m
408	MelBrooks	61	AGE61	2113	2112_MelBrooks_61_m
408	MelBrooks	84	AGE84	2129	2128_MelBrooks_84_m
408	MelBrooks	48	AGE48	2102	2101_MelBrooks_48_m
408	MelBrooks	83	AGE83	2128	2127_MelBrooks_83_m
408	MelBrooks	77	AGE77	2122	2121_MelBrooks_77_m
408	MelBrooks	80	AGE80	2125	2124_MelBrooks_80_m
408	MelBrooks	52	AGE52	2106	2105_MelBrooks_52_m
408	MelBrooks	38	AGE38	2097	2096_MelBrooks_38_m
408	MelBrooks	67	AGE67	2116	2115_MelBrooks_67_m
408	MelBrooks	64	AGE64	2115	2114_MelBrooks_64_m
408	MelBrooks	86	AGE86	2131	2130_MelBrooks_86_m
408	MelBrooks	85	AGE85	2130	2129_MelBrooks_85_m
408	MelBrooks	54	AGE54	2108	2107_MelBrooks_54_m
408	MelBrooks	59	AGE59	2112	2111_MelBrooks_59_m
408	MelBrooks	87	AGE87	2132	2131_MelBrooks_87_m
408	MelBrooks	40	AGE40	2098	2097_MelBrooks_40_m
408	MelBrooks	81	AGE81	2126	2125_MelBrooks_81_m
408	MelBrooks	58	AGE58	2111	2110_MelBrooks_58_m
408	MelBrooks	44	AGE44	2100	2099_MelBrooks_44_m
408	MelBrooks	55	AGE55	2109	2108_MelBrooks_55_m
408	MelBrooks	41	AGE41	2099	2098_MelBrooks_41_m
408	MelBrooks	46	AGE46	2101	2100_MelBrooks_46_m
408	MelBrooks	82	AGE82	2127	2126_MelBrooks_82_m
408	MelBrooks	24	AGE24	2094	2093_MelBrooks_24_m
408	MelBrooks	18	AGE18	2093	2092_MelBrooks_18_m
408	MelBrooks	74	AGE74	2119	2118_MelBrooks_74_m
408	MelBrooks	32	AGE32	2096	2095_MelBrooks_32_m
408	MelBrooks	57	AGE57	2110	2109_MelBrooks_57_m
408	MelBrooks	28	AGE28	2095	2094_MelBrooks_28_m
408	MelBrooks	76	AGE76	2121	2120_MelBrooks_76_m
408	MelBrooks	88	AGE88	2133	2132_MelBrooks_88_m
408	MelBrooks	78	AGE78	2123	2122_MelBrooks_78_m
408	MelBrooks	51	AGE51	2105	2104_MelBrooks_51_m
408	MelBrooks	49	AGE49	2103	2102_MelBrooks_49_m
408	MelBrooks	75	AGE75	2120	2119_MelBrooks_75_m
408	MelBrooks	50	AGE50	2104	2103_MelBrooks_50_m
408	MelBrooks	79	AGE79	2124	2123_MelBrooks_79_m
409	RexHarrison	74	AGE74	6728	6727_RexHarrison_74_m
409	RexHarrison	75	AGE75	6739	6738_RexHarrison_75_m
409	RexHarrison	46	AGE46	6733	6732_RexHarrison_46_m
409	RexHarrison	31	AGE31	6714	6713_RexHarrison_31_m
409	RexHarrison	79	AGE79	6741	6740_RexHarrison_79_m
409	RexHarrison	57	AGE57	6737	6736_RexHarrison_57_m
409	RexHarrison	48	AGE48	6720	6719_RexHarrison_48_m
409	RexHarrison	34	AGE34	6717	6716_RexHarrison_34_m
409	RexHarrison	44	AGE44	6732	6731_RexHarrison_44_m
409	RexHarrison	28	AGE28	6711	6710_RexHarrison_28_m
409	RexHarrison	42	AGE42	6731	6730_RexHarrison_42_m
409	RexHarrison	76	AGE76	6740	6739_RexHarrison_76_m
409	RexHarrison	59	AGE59	6723	6722_RexHarrison_59_m
409	RexHarrison	70	AGE70	6738	6737_RexHarrison_70_m
409	RexHarrison	61	AGE61	6724	6723_RexHarrison_61_m
409	RexHarrison	33	AGE33	6716	6715_RexHarrison_33_m
409	RexHarrison	69	AGE69	6725	6724_RexHarrison_69_m
409	RexHarrison	56	AGE56	6736	6735_RexHarrison_56_m
409	RexHarrison	55	AGE55	6735	6734_RexHarrison_55_m
409	RexHarrison	30	AGE30	6713	6712_RexHarrison_30_m
409	RexHarrison	26	AGE26	6709	6708_RexHarrison_26_m
409	RexHarrison	38	AGE38	6718	6717_RexHarrison_38_m
409	RexHarrison	71	AGE71	6727	6726_RexHarrison_71_m
409	RexHarrison	41	AGE41	6730	6729_RexHarrison_41_m
409	RexHarrison	78	AGE78	6729	6728_RexHarrison_78_m
409	RexHarrison	27	AGE27	6710	6709_RexHarrison_27_m
409	RexHarrison	51	AGE51	6734	6733_RexHarrison_51_m
409	RexHarrison	32	AGE32	6715	6714_RexHarrison_32_m
409	RexHarrison	53	AGE53	6721	6720_RexHarrison_53_m
409	RexHarrison	55	AGE55	6722	6721_RexHarrison_55_m
409	RexHarrison	29	AGE29	6712	6711_RexHarrison_29_m
409	RexHarrison	39	AGE39	6719	6718_RexHarrison_39_m
409	RexHarrison	69	AGE69	6726	6725_RexHarrison_69_m
410	AlejandroRey	33	AGE33	8493	8492_AlejandroRey_33_m
410	AlejandroRey	45	AGE45	8508	8507_AlejandroRey_45_m
410	AlejandroRey	32	AGE32	8492	8491_AlejandroRey_32_m
410	AlejandroRey	44	AGE44	8502	8501_AlejandroRey_44_m
410	AlejandroRey	34	AGE34	8494	8493_AlejandroRey_34_m
410	AlejandroRey	57	AGE57	8510	8509_AlejandroRey_57_m
410	AlejandroRey	41	AGE41	8506	8505_AlejandroRey_41_m
410	AlejandroRey	54	AGE54	8504	8503_AlejandroRey_54_m
410	AlejandroRey	43	AGE43	8507	8506_AlejandroRey_43_m
410	AlejandroRey	49	AGE49	8503	8502_AlejandroRey_49_m
410	AlejandroRey	37	AGE37	8497	8496_AlejandroRey_37_m
410	AlejandroRey	35	AGE35	8495	8494_AlejandroRey_35_m
410	AlejandroRey	40	AGE40	8505	8504_AlejandroRey_40_m
410	AlejandroRey	37	AGE37	8498	8497_AlejandroRey_37_m
410	AlejandroRey	36	AGE36	8496	8495_AlejandroRey_36_m
410	AlejandroRey	39	AGE39	8500	8499_AlejandroRey_39_m
410	AlejandroRey	38	AGE38	8499	8498_AlejandroRey_38_m
410	AlejandroRey	47	AGE47	8509	8508_AlejandroRey_47_m
410	AlejandroRey	42	AGE42	8501	8500_AlejandroRey_42_m
411	LeslieNielsen	50	AGE50	8116	8115_LeslieNielsen_50_m
411	LeslieNielsen	79	AGE79	8124	8123_LeslieNielsen_79_m
411	LeslieNielsen	54	AGE54	8115	8114_LeslieNielsen_54_m
411	LeslieNielsen	82	AGE82	8125	8124_LeslieNielsen_82_m
411	LeslieNielsen	38	AGE38	8113	8112_LeslieNielsen_38_m
411	LeslieNielsen	68	AGE68	8128	8127_LeslieNielsen_68_m
411	LeslieNielsen	64	AGE64	8117	8116_LeslieNielsen_64_m
411	LeslieNielsen	63	AGE63	8131	8130_LeslieNielsen_63_m
411	LeslieNielsen	81	AGE81	8134	8133_LeslieNielsen_81_m
411	LeslieNielsen	80	AGE80	8130	8129_LeslieNielsen_80_m
411	LeslieNielsen	68	AGE68	8133	8132_LeslieNielsen_68_m
411	LeslieNielsen	36	AGE36	8129	8128_LeslieNielsen_36_m
411	LeslieNielsen	62	AGE62	8118	8117_LeslieNielsen_62_m
411	LeslieNielsen	67	AGE67	8122	8121_LeslieNielsen_67_m
411	LeslieNielsen	65	AGE65	8136	8135_LeslieNielsen_65_m
411	LeslieNielsen	67	AGE67	8132	8131_LeslieNielsen_67_m
411	LeslieNielsen	40	AGE40	8114	8113_LeslieNielsen_40_m
411	LeslieNielsen	26	AGE26	8112	8111_LeslieNielsen_26_m
411	LeslieNielsen	62	AGE62	8135	8134_LeslieNielsen_62_m
411	LeslieNielsen	72	AGE72	8126	8125_LeslieNielsen_72_m
411	LeslieNielsen	64	AGE64	8119	8118_LeslieNielsen_64_m
411	LeslieNielsen	66	AGE66	8127	8126_LeslieNielsen_66_m
411	LeslieNielsen	71	AGE71	8121	8120_LeslieNielsen_71_m
411	LeslieNielsen	66	AGE66	8120	8119_LeslieNielsen_66_m
411	LeslieNielsen	77	AGE77	8123	8122_LeslieNielsen_77_m
412	BeaArthur	14	AGE14	11881	11880_BeaArthur_14_f
412	BeaArthur	38	AGE38	11888	11887_BeaArthur_38_f
412	BeaArthur	56	AGE56	11900	11899_BeaArthur_56_f
412	BeaArthur	80	AGE80	11914	11913_BeaArthur_80_f
412	BeaArthur	66	AGE66	11908	11907_BeaArthur_66_f
412	BeaArthur	49	AGE49	11892	11891_BeaArthur_49_f
412	BeaArthur	51	AGE51	11894	11893_BeaArthur_51_f
412	BeaArthur	63	AGE63	11905	11904_BeaArthur_63_f
412	BeaArthur	71	AGE71	11911	11910_BeaArthur_71_f
412	BeaArthur	83	AGE83	11917	11916_BeaArthur_83_f
412	BeaArthur	21	AGE21	11883	11882_BeaArthur_21_f
412	BeaArthur	82	AGE82	11916	11915_BeaArthur_82_f
412	BeaArthur	85	AGE85	11919	11918_BeaArthur_85_f
412	BeaArthur	76	AGE76	11913	11912_BeaArthur_76_f
412	BeaArthur	59	AGE59	11902	11901_BeaArthur_59_f
412	BeaArthur	65	AGE65	11907	11906_BeaArthur_65_f
412	BeaArthur	84	AGE84	11918	11917_BeaArthur_84_f
412	BeaArthur	28	AGE28	11886	11885_BeaArthur_28_f
412	BeaArthur	55	AGE55	11899	11898_BeaArthur_55_f
412	BeaArthur	68	AGE68	11910	11909_BeaArthur_68_f
412	BeaArthur	64	AGE64	11906	11905_BeaArthur_64_f
412	BeaArthur	52	AGE52	11895	11894_BeaArthur_52_f
412	BeaArthur	81	AGE81	11915	11914_BeaArthur_81_f
412	BeaArthur	74	AGE74	11912	11911_BeaArthur_74_f
412	BeaArthur	26	AGE26	11885	11884_BeaArthur_26_f
412	BeaArthur	43	AGE43	11889	11888_BeaArthur_43_f
412	BeaArthur	67	AGE67	11909	11908_BeaArthur_67_f
412	BeaArthur	86	AGE86	11920	11919_BeaArthur_86_f
412	BeaArthur	23	AGE23	11884	11883_BeaArthur_23_f
412	BeaArthur	61	AGE61	11903	11902_BeaArthur_61_f
412	BeaArthur	52	AGE52	11896	11895_BeaArthur_52_f
412	BeaArthur	33	AGE33	11887	11886_BeaArthur_33_f
412	BeaArthur	62	AGE62	11904	11903_BeaArthur_62_f
412	BeaArthur	48	AGE48	11891	11890_BeaArthur_48_f
412	BeaArthur	53	AGE53	11897	11896_BeaArthur_53_f
412	BeaArthur	46	AGE46	11890	11889_BeaArthur_46_f
412	BeaArthur	50	AGE50	11893	11892_BeaArthur_50_f
412	BeaArthur	20	AGE20	11882	11881_BeaArthur_20_f
412	BeaArthur	54	AGE54	11898	11897_BeaArthur_54_f
412	BeaArthur	58	AGE58	11901	11900_BeaArthur_58_f
413	EnricoFermi	36	AGE36	1056	1055_EnricoFermi_36_m
413	EnricoFermi	33	AGE33	1059	1058_EnricoFermi_33_m
413	EnricoFermi	46	AGE46	1066	1065_EnricoFermi_46_m
413	EnricoFermi	38	AGE38	1055	1054_EnricoFermi_38_m
413	EnricoFermi	48	AGE48	1065	1064_EnricoFermi_48_m
413	EnricoFermi	42	AGE42	1060	1059_EnricoFermi_42_m
413	EnricoFermi	48	AGE48	1062	1061_EnricoFermi_48_m
413	EnricoFermi	28	AGE28	1061	1060_EnricoFermi_28_m
413	EnricoFermi	50	AGE50	1067	1066_EnricoFermi_50_m
413	EnricoFermi	20	AGE20	1057	1056_EnricoFermi_20_m
413	EnricoFermi	47	AGE47	1064	1063_EnricoFermi_47_m
413	EnricoFermi	38	AGE38	1063	1062_EnricoFermi_38_m
413	EnricoFermi	18	AGE18	1058	1057_EnricoFermi_18_m
414	LauraDern	37	AGE37	9888	9887_LauraDern_37_f
414	LauraDern	21	AGE21	9877	9876_LauraDern_21_f
414	LauraDern	39	AGE39	9890	9889_LauraDern_39_f
414	LauraDern	43	AGE43	9892	9891_LauraDern_43_f
414	LauraDern	33	AGE33	9884	9883_LauraDern_33_f
414	LauraDern	12	AGE12	9870	9869_LauraDern_12_f
414	LauraDern	25	AGE25	9879	9878_LauraDern_25_f
414	LauraDern	35	AGE35	9886	9885_LauraDern_35_f
414	LauraDern	30	AGE30	9882	9881_LauraDern_30_f
414	LauraDern	36	AGE36	9887	9886_LauraDern_36_f
414	LauraDern	32	AGE32	9883	9882_LauraDern_32_f
414	LauraDern	13	AGE13	9871	9870_LauraDern_13_f
414	LauraDern	14	AGE14	9872	9871_LauraDern_14_f
414	LauraDern	24	AGE24	9878	9877_LauraDern_24_f
414	LauraDern	38	AGE38	9889	9888_LauraDern_38_f
414	LauraDern	18	AGE18	9875	9874_LauraDern_18_f
414	LauraDern	28	AGE28	9880	9879_LauraDern_28_f
414	LauraDern	29	AGE29	9881	9880_LauraDern_29_f
414	LauraDern	34	AGE34	9885	9884_LauraDern_34_f
414	LauraDern	16	AGE16	9874	9873_LauraDern_16_f
414	LauraDern	20	AGE20	9876	9875_LauraDern_20_f
414	LauraDern	15	AGE15	9873	9872_LauraDern_15_f
414	LauraDern	40	AGE40	9891	9890_LauraDern_40_f
415	SamNeill	41	AGE41	2302	2301_SamNeill_41_m
415	SamNeill	43	AGE43	2304	2303_SamNeill_43_m
415	SamNeill	36	AGE36	2297	2296_SamNeill_36_m
415	SamNeill	47	AGE47	2307	2306_SamNeill_47_m
415	SamNeill	30	AGE30	2292	2291_SamNeill_30_m
415	SamNeill	54	AGE54	2314	2313_SamNeill_54_m
415	SamNeill	60	AGE60	2318	2317_SamNeill_60_m
415	SamNeill	55	AGE55	2315	2314_SamNeill_55_m
415	SamNeill	35	AGE35	2296	2295_SamNeill_35_m
415	SamNeill	59	AGE59	2317	2316_SamNeill_59_m
415	SamNeill	42	AGE42	2303	2302_SamNeill_42_m
415	SamNeill	34	AGE34	2295	2294_SamNeill_34_m
415	SamNeill	63	AGE63	2321	2320_SamNeill_63_m
415	SamNeill	31	AGE31	2293	2292_SamNeill_31_m
415	SamNeill	38	AGE38	2299	2298_SamNeill_38_m
415	SamNeill	39	AGE39	2300	2299_SamNeill_39_m
415	SamNeill	62	AGE62	2320	2319_SamNeill_62_m
415	SamNeill	33	AGE33	2294	2293_SamNeill_33_m
415	SamNeill	37	AGE37	2298	2297_SamNeill_37_m
415	SamNeill	51	AGE51	2311	2310_SamNeill_51_m
415	SamNeill	45	AGE45	2305	2304_SamNeill_45_m
415	SamNeill	66	AGE66	2325	2324_SamNeill_66_m
415	SamNeill	40	AGE40	2301	2300_SamNeill_40_m
415	SamNeill	57	AGE57	2316	2315_SamNeill_57_m
415	SamNeill	46	AGE46	2306	2305_SamNeill_46_m
415	SamNeill	52	AGE52	2312	2311_SamNeill_52_m
415	SamNeill	49	AGE49	2309	2308_SamNeill_49_m
415	SamNeill	61	AGE61	2319	2318_SamNeill_61_m
415	SamNeill	64	AGE64	2322	2321_SamNeill_64_m
415	SamNeill	50	AGE50	2310	2309_SamNeill_50_m
415	SamNeill	65	AGE65	2323	2322_SamNeill_65_m
415	SamNeill	53	AGE53	2313	2312_SamNeill_53_m
415	SamNeill	48	AGE48	2308	2307_SamNeill_48_m
415	SamNeill	66	AGE66	2324	2323_SamNeill_66_m
416	JohnHuston	76	AGE76	6019	6018_JohnHuston_76_m
416	JohnHuston	65	AGE65	6009	6008_JohnHuston_65_m
416	JohnHuston	35	AGE35	5992	5991_JohnHuston_35_m
416	JohnHuston	47	AGE47	5998	5997_JohnHuston_47_m
416	JohnHuston	50	AGE50	6000	5999_JohnHuston_50_m
416	JohnHuston	74	AGE74	6018	6017_JohnHuston_74_m
416	JohnHuston	49	AGE49	5999	5998_JohnHuston_49_m
416	JohnHuston	61	AGE61	6006	6005_JohnHuston_61_m
416	JohnHuston	80	AGE80	6023	6022_JohnHuston_80_m
416	JohnHuston	70	AGE70	6015	6014_JohnHuston_70_m
416	JohnHuston	24	AGE24	5989	5988_JohnHuston_24_m
416	JohnHuston	73	AGE73	6017	6016_JohnHuston_73_m
416	JohnHuston	69	AGE69	6014	6013_JohnHuston_69_m
416	JohnHuston	63	AGE63	6007	6006_JohnHuston_63_m
416	JohnHuston	52	AGE52	6001	6000_JohnHuston_52_m
416	JohnHuston	40	AGE40	5994	5993_JohnHuston_40_m
416	JohnHuston	45	AGE45	5997	5996_JohnHuston_45_m
416	JohnHuston	67	AGE67	6011	6010_JohnHuston_67_m
416	JohnHuston	64	AGE64	6008	6007_JohnHuston_64_m
416	JohnHuston	69	AGE69	6013	6012_JohnHuston_69_m
416	JohnHuston	44	AGE44	5996	5995_JohnHuston_44_m
416	JohnHuston	66	AGE66	6010	6009_JohnHuston_66_m
416	JohnHuston	68	AGE68	6012	6011_JohnHuston_68_m
416	JohnHuston	34	AGE34	5991	5990_JohnHuston_34_m
416	JohnHuston	37	AGE37	5993	5992_JohnHuston_37_m
416	JohnHuston	78	AGE78	6021	6020_JohnHuston_78_m
416	JohnHuston	58	AGE58	6003	6002_JohnHuston_58_m
416	JohnHuston	59	AGE59	6004	6003_JohnHuston_59_m
416	JohnHuston	26	AGE26	5990	5989_JohnHuston_26_m
416	JohnHuston	71	AGE71	6016	6015_JohnHuston_71_m
416	JohnHuston	79	AGE79	6022	6021_JohnHuston_79_m
416	JohnHuston	42	AGE42	5995	5994_JohnHuston_42_m
416	JohnHuston	60	AGE60	6005	6004_JohnHuston_60_m
417	StevenBerkoff	69	AGE69	4948	4947_StevenBerkoff_69_m
417	StevenBerkoff	61	AGE61	4952	4951_StevenBerkoff_61_m
417	StevenBerkoff	72	AGE72	4956	4955_StevenBerkoff_72_m
417	StevenBerkoff	48	AGE48	4941	4940_StevenBerkoff_48_m
417	StevenBerkoff	68	AGE68	4947	4946_StevenBerkoff_68_m
417	StevenBerkoff	67	AGE67	4955	4954_StevenBerkoff_67_m
417	StevenBerkoff	30	AGE30	4929	4928_StevenBerkoff_30_m
417	StevenBerkoff	63	AGE63	4946	4945_StevenBerkoff_63_m
417	StevenBerkoff	43	AGE43	4936	4935_StevenBerkoff_43_m
417	StevenBerkoff	38	AGE38	4934	4933_StevenBerkoff_38_m
417	StevenBerkoff	31	AGE31	4930	4929_StevenBerkoff_31_m
417	StevenBerkoff	56	AGE56	4944	4943_StevenBerkoff_56_m
417	StevenBerkoff	41	AGE41	4935	4934_StevenBerkoff_41_m
417	StevenBerkoff	51	AGE51	4942	4941_StevenBerkoff_51_m
417	StevenBerkoff	45	AGE45	4938	4937_StevenBerkoff_45_m
417	StevenBerkoff	76	AGE76	4960	4959_StevenBerkoff_76_m
417	StevenBerkoff	73	AGE73	4957	4956_StevenBerkoff_73_m
417	StevenBerkoff	47	AGE47	4940	4939_StevenBerkoff_47_m
417	StevenBerkoff	75	AGE75	4959	4958_StevenBerkoff_75_m
417	StevenBerkoff	46	AGE46	4939	4938_StevenBerkoff_46_m
417	StevenBerkoff	32	AGE32	4931	4930_StevenBerkoff_32_m
417	StevenBerkoff	53	AGE53	4943	4942_StevenBerkoff_53_m
417	StevenBerkoff	64	AGE64	4953	4952_StevenBerkoff_64_m
417	StevenBerkoff	58	AGE58	4951	4950_StevenBerkoff_58_m
417	StevenBerkoff	74	AGE74	4958	4957_StevenBerkoff_74_m
417	StevenBerkoff	77	AGE77	4961	4960_StevenBerkoff_77_m
417	StevenBerkoff	70	AGE70	4949	4948_StevenBerkoff_70_m
417	StevenBerkoff	33	AGE33	4932	4931_StevenBerkoff_33_m
417	StevenBerkoff	12	AGE12	4927	4926_StevenBerkoff_12_m
417	StevenBerkoff	65	AGE65	4954	4953_StevenBerkoff_65_m
417	StevenBerkoff	59	AGE59	4945	4944_StevenBerkoff_59_m
417	StevenBerkoff	34	AGE34	4933	4932_StevenBerkoff_34_m
417	StevenBerkoff	28	AGE28	4928	4927_StevenBerkoff_28_m
417	StevenBerkoff	71	AGE71	4950	4949_StevenBerkoff_71_m
417	StevenBerkoff	44	AGE44	4937	4936_StevenBerkoff_44_m
417	StevenBerkoff	78	AGE78	4962	4961_StevenBerkoff_78_m
418	DeborahKerr	28	AGE28	13967	13966_DeborahKerr_28_f
418	DeborahKerr	39	AGE39	13970	13969_DeborahKerr_39_f
418	DeborahKerr	36	AGE36	13944	13943_DeborahKerr_36_f
418	DeborahKerr	37	AGE37	13951	13950_DeborahKerr_37_f
418	DeborahKerr	39	AGE39	13949	13948_DeborahKerr_39_f
418	DeborahKerr	49	AGE49	13973	13972_DeborahKerr_49_f
418	DeborahKerr	65	AGE65	13954	13953_DeborahKerr_65_f
418	DeborahKerr	35	AGE35	13957	13956_DeborahKerr_35_f
418	DeborahKerr	60	AGE60	13946	13945_DeborahKerr_60_f
418	DeborahKerr	34	AGE34	13947	13946_DeborahKerr_34_f
418	DeborahKerr	80	AGE80	13964	13963_DeborahKerr_80_f
418	DeborahKerr	64	AGE64	13961	13960_DeborahKerr_64_f
418	DeborahKerr	61	AGE61	13950	13949_DeborahKerr_61_f
418	DeborahKerr	40	AGE40	13956	13955_DeborahKerr_40_f
418	DeborahKerr	35	AGE35	13969	13968_DeborahKerr_35_f
418	DeborahKerr	26	AGE26	13960	13959_DeborahKerr_26_f
418	DeborahKerr	37	AGE37	13945	13944_DeborahKerr_37_f
418	DeborahKerr	75	AGE75	13962	13961_DeborahKerr_75_f
418	DeborahKerr	79	AGE79	13953	13952_DeborahKerr_79_f
418	DeborahKerr	36	AGE36	13948	13947_DeborahKerr_36_f
418	DeborahKerr	52	AGE52	13943	13942_DeborahKerr_52_f
418	DeborahKerr	24	AGE24	13958	13957_DeborahKerr_24_f
418	DeborahKerr	24	AGE24	13959	13958_DeborahKerr_24_f
418	DeborahKerr	42	AGE42	13966	13965_DeborahKerr_42_f
418	DeborahKerr	37	AGE37	13955	13954_DeborahKerr_37_f
418	DeborahKerr	30	AGE30	13971	13970_DeborahKerr_30_f
418	DeborahKerr	23	AGE23	13963	13962_DeborahKerr_23_f
418	DeborahKerr	46	AGE46	13952	13951_DeborahKerr_46_f
418	DeborahKerr	50	AGE50	13968	13967_DeborahKerr_50_f
418	DeborahKerr	34	AGE34	13972	13971_DeborahKerr_34_f
418	DeborahKerr	27	AGE27	13965	13964_DeborahKerr_27_f
419	ShirleyJones	67	AGE67	11266	11265_ShirleyJones_67_f
419	ShirleyJones	41	AGE41	11257	11256_ShirleyJones_41_f
419	ShirleyJones	47	AGE47	11260	11259_ShirleyJones_47_f
419	ShirleyJones	59	AGE59	11264	11263_ShirleyJones_59_f
419	ShirleyJones	39	AGE39	11256	11255_ShirleyJones_39_f
419	ShirleyJones	69	AGE69	11267	11266_ShirleyJones_69_f
419	ShirleyJones	73	AGE73	11271	11270_ShirleyJones_73_f
419	ShirleyJones	76	AGE76	11274	11273_ShirleyJones_76_f
419	ShirleyJones	27	AGE27	11248	11247_ShirleyJones_27_f
419	ShirleyJones	49	AGE49	11261	11260_ShirleyJones_49_f
419	ShirleyJones	51	AGE51	11262	11261_ShirleyJones_51_f
419	ShirleyJones	79	AGE79	11277	11276_ShirleyJones_79_f
419	ShirleyJones	75	AGE75	11273	11272_ShirleyJones_75_f
419	ShirleyJones	29	AGE29	11250	11249_ShirleyJones_29_f
419	ShirleyJones	61	AGE61	11265	11264_ShirleyJones_61_f
419	ShirleyJones	37	AGE37	11254	11253_ShirleyJones_37_f
419	ShirleyJones	74	AGE74	11272	11271_ShirleyJones_74_f
419	ShirleyJones	26	AGE26	11247	11246_ShirleyJones_26_f
419	ShirleyJones	70	AGE70	11268	11267_ShirleyJones_70_f
419	ShirleyJones	19	AGE19	11243	11242_ShirleyJones_19_f
419	ShirleyJones	45	AGE45	11259	11258_ShirleyJones_45_f
419	ShirleyJones	21	AGE21	11244	11243_ShirleyJones_21_f
419	ShirleyJones	56	AGE56	11263	11262_ShirleyJones_56_f
419	ShirleyJones	35	AGE35	11253	11252_ShirleyJones_35_f
419	ShirleyJones	44	AGE44	11258	11257_ShirleyJones_44_f
419	ShirleyJones	78	AGE78	11276	11275_ShirleyJones_78_f
419	ShirleyJones	24	AGE24	11246	11245_ShirleyJones_24_f
419	ShirleyJones	38	AGE38	11255	11254_ShirleyJones_38_f
419	ShirleyJones	28	AGE28	11249	11248_ShirleyJones_28_f
419	ShirleyJones	21	AGE21	11245	11244_ShirleyJones_21_f
419	ShirleyJones	71	AGE71	11269	11268_ShirleyJones_71_f
419	ShirleyJones	77	AGE77	11275	11274_ShirleyJones_77_f
419	ShirleyJones	32	AGE32	11252	11251_ShirleyJones_32_f
419	ShirleyJones	31	AGE31	11251	11250_ShirleyJones_31_f
419	ShirleyJones	72	AGE72	11270	11269_ShirleyJones_72_f
420	MaryTylerMoore	63	AGE63	12837	12836_MaryTylerMoore_63_f
420	MaryTylerMoore	61	AGE61	12841	12840_MaryTylerMoore_61_f
420	MaryTylerMoore	75	AGE75	12845	12844_MaryTylerMoore_75_f
420	MaryTylerMoore	34	AGE34	12819	12818_MaryTylerMoore_34_f
420	MaryTylerMoore	30	AGE30	12815	12814_MaryTylerMoore_30_f
420	MaryTylerMoore	48	AGE48	12832	12831_MaryTylerMoore_48_f
420	MaryTylerMoore	43	AGE43	12829	12828_MaryTylerMoore_43_f
420	MaryTylerMoore	28	AGE28	12813	12812_MaryTylerMoore_28_f
420	MaryTylerMoore	70	AGE70	12839	12838_MaryTylerMoore_70_f
420	MaryTylerMoore	50	AGE50	12833	12832_MaryTylerMoore_50_f
420	MaryTylerMoore	29	AGE29	12814	12813_MaryTylerMoore_29_f
420	MaryTylerMoore	22	AGE22	12809	12808_MaryTylerMoore_22_f
420	MaryTylerMoore	77	AGE77	12840	12839_MaryTylerMoore_77_f
420	MaryTylerMoore	45	AGE45	12831	12830_MaryTylerMoore_45_f
420	MaryTylerMoore	40	AGE40	12827	12826_MaryTylerMoore_40_f
420	MaryTylerMoore	27	AGE27	12812	12811_MaryTylerMoore_27_f
420	MaryTylerMoore	34	AGE34	12820	12819_MaryTylerMoore_34_f
420	MaryTylerMoore	31	AGE31	12816	12815_MaryTylerMoore_31_f
420	MaryTylerMoore	52	AGE52	12834	12833_MaryTylerMoore_52_f
420	MaryTylerMoore	41	AGE41	12828	12827_MaryTylerMoore_41_f
420	MaryTylerMoore	38	AGE38	12825	12824_MaryTylerMoore_38_f
420	MaryTylerMoore	72	AGE72	12844	12843_MaryTylerMoore_72_f
420	MaryTylerMoore	26	AGE26	12811	12810_MaryTylerMoore_26_f
420	MaryTylerMoore	37	AGE37	12823	12822_MaryTylerMoore_37_f
420	MaryTylerMoore	25	AGE25	12810	12809_MaryTylerMoore_25_f
420	MaryTylerMoore	56	AGE56	12835	12834_MaryTylerMoore_56_f
420	MaryTylerMoore	61	AGE61	12836	12835_MaryTylerMoore_61_f
420	MaryTylerMoore	44	AGE44	12830	12829_MaryTylerMoore_44_f
420	MaryTylerMoore	39	AGE39	12826	12825_MaryTylerMoore_39_f
420	MaryTylerMoore	38	AGE38	12824	12823_MaryTylerMoore_38_f
420	MaryTylerMoore	32	AGE32	12817	12816_MaryTylerMoore_32_f
420	MaryTylerMoore	71	AGE71	12843	12842_MaryTylerMoore_71_f
420	MaryTylerMoore	33	AGE33	12818	12817_MaryTylerMoore_33_f
420	MaryTylerMoore	76	AGE76	12846	12845_MaryTylerMoore_76_f
420	MaryTylerMoore	64	AGE64	12842	12841_MaryTylerMoore_64_f
420	MaryTylerMoore	66	AGE66	12838	12837_MaryTylerMoore_66_f
420	MaryTylerMoore	35	AGE35	12821	12820_MaryTylerMoore_35_f
420	MaryTylerMoore	36	AGE36	12822	12821_MaryTylerMoore_36_f
421	SigourneyWeaver	55	AGE55	13312	13311_SigourneyWeaver_55_f
421	SigourneyWeaver	61	AGE61	13316	13315_SigourneyWeaver_61_f
421	SigourneyWeaver	50	AGE50	13309	13308_SigourneyWeaver_50_f
421	SigourneyWeaver	42	AGE42	13300	13299_SigourneyWeaver_42_f
421	SigourneyWeaver	62	AGE62	13317	13316_SigourneyWeaver_62_f
421	SigourneyWeaver	58	AGE58	13314	13313_SigourneyWeaver_58_f
421	SigourneyWeaver	34	AGE34	13303	13302_SigourneyWeaver_34_f
421	SigourneyWeaver	47	AGE47	13307	13306_SigourneyWeaver_47_f
421	SigourneyWeaver	32	AGE32	13301	13300_SigourneyWeaver_32_f
421	SigourneyWeaver	49	AGE49	13308	13307_SigourneyWeaver_49_f
421	SigourneyWeaver	63	AGE63	13318	13317_SigourneyWeaver_63_f
421	SigourneyWeaver	46	AGE46	13306	13305_SigourneyWeaver_46_f
421	SigourneyWeaver	56	AGE56	13313	13312_SigourneyWeaver_56_f
421	SigourneyWeaver	52	AGE52	13310	13309_SigourneyWeaver_52_f
421	SigourneyWeaver	33	AGE33	13302	13301_SigourneyWeaver_33_f
421	SigourneyWeaver	54	AGE54	13311	13310_SigourneyWeaver_54_f
421	SigourneyWeaver	59	AGE59	13315	13314_SigourneyWeaver_59_f
421	SigourneyWeaver	39	AGE39	13304	13303_SigourneyWeaver_39_f
421	SigourneyWeaver	40	AGE40	13305	13304_SigourneyWeaver_40_f
422	HarrySTruman	80	AGE80	842	841_HarrySTruman_80_m
422	HarrySTruman	75	AGE75	834	833_HarrySTruman_75_m
422	HarrySTruman	13	AGE13	838	837_HarrySTruman_13_m
422	HarrySTruman	67	AGE67	833	832_HarrySTruman_67_m
422	HarrySTruman	62	AGE62	839	838_HarrySTruman_62_m
422	HarrySTruman	61	AGE61	829	828_HarrySTruman_61_m
422	HarrySTruman	69	AGE69	841	840_HarrySTruman_69_m
422	HarrySTruman	64	AGE64	831	830_HarrySTruman_64_m
422	HarrySTruman	25	AGE25	836	835_HarrySTruman_25_m
422	HarrySTruman	80	AGE80	837	836_HarrySTruman_80_m
422	HarrySTruman	66	AGE66	840	839_HarrySTruman_66_m
422	HarrySTruman	59	AGE59	832	831_HarrySTruman_59_m
422	HarrySTruman	79	AGE79	843	842_HarrySTruman_79_m
422	HarrySTruman	62	AGE62	830	829_HarrySTruman_62_m
422	HarrySTruman	20	AGE20	835	834_HarrySTruman_20_m
422	HarrySTruman	60	AGE60	844	843_HarrySTruman_60_m
423	JoanCusack	24	AGE24	10139	10138_JoanCusack_24_f
423	JoanCusack	26	AGE26	10141	10140_JoanCusack_26_f
423	JoanCusack	23	AGE23	10138	10137_JoanCusack_23_f
423	JoanCusack	31	AGE31	10145	10144_JoanCusack_31_f
423	JoanCusack	35	AGE35	10149	10148_JoanCusack_35_f
423	JoanCusack	37	AGE37	10152	10151_JoanCusack_37_f
423	JoanCusack	39	AGE39	10153	10152_JoanCusack_39_f
423	JoanCusack	47	AGE47	10160	10159_JoanCusack_47_f
423	JoanCusack	43	AGE43	10157	10156_JoanCusack_43_f
423	JoanCusack	32	AGE32	10146	10145_JoanCusack_32_f
423	JoanCusack	27	AGE27	10142	10141_JoanCusack_27_f
423	JoanCusack	28	AGE28	10143	10142_JoanCusack_28_f
423	JoanCusack	18	AGE18	10135	10134_JoanCusack_18_f
423	JoanCusack	50	AGE50	10162	10161_JoanCusack_50_f
423	JoanCusack	40	AGE40	10154	10153_JoanCusack_40_f
423	JoanCusack	34	AGE34	10148	10147_JoanCusack_34_f
423	JoanCusack	22	AGE22	10137	10136_JoanCusack_22_f
423	JoanCusack	37	AGE37	10151	10150_JoanCusack_37_f
423	JoanCusack	36	AGE36	10150	10149_JoanCusack_36_f
423	JoanCusack	29	AGE29	10144	10143_JoanCusack_29_f
423	JoanCusack	45	AGE45	10158	10157_JoanCusack_45_f
423	JoanCusack	46	AGE46	10159	10158_JoanCusack_46_f
423	JoanCusack	25	AGE25	10140	10139_JoanCusack_25_f
423	JoanCusack	50	AGE50	10163	10162_JoanCusack_50_f
423	JoanCusack	41	AGE41	10155	10154_JoanCusack_41_f
423	JoanCusack	42	AGE42	10156	10155_JoanCusack_42_f
423	JoanCusack	21	AGE21	10136	10135_JoanCusack_21_f
423	JoanCusack	49	AGE49	10161	10160_JoanCusack_49_f
423	JoanCusack	33	AGE33	10147	10146_JoanCusack_33_f
424	GraceKelly	27	AGE27	13065	13064_GraceKelly_27_f
424	GraceKelly	25	AGE25	13064	13063_GraceKelly_25_f
424	GraceKelly	23	AGE23	13062	13061_GraceKelly_23_f
424	GraceKelly	28	AGE28	13069	13068_GraceKelly_28_f
424	GraceKelly	37	AGE37	13058	13057_GraceKelly_37_f
424	GraceKelly	28	AGE28	13066	13065_GraceKelly_28_f
424	GraceKelly	48	AGE48	13084	13083_GraceKelly_48_f
424	GraceKelly	22	AGE22	13061	13060_GraceKelly_22_f
424	GraceKelly	45	AGE45	13072	13071_GraceKelly_45_f
424	GraceKelly	26	AGE26	13059	13058_GraceKelly_26_f
424	GraceKelly	45	AGE45	13060	13059_GraceKelly_45_f
424	GraceKelly	42	AGE42	13074	13073_GraceKelly_42_f
424	GraceKelly	25	AGE25	13075	13074_GraceKelly_25_f
424	GraceKelly	29	AGE29	13080	13079_GraceKelly_29_f
424	GraceKelly	23	AGE23	13068	13067_GraceKelly_23_f
424	GraceKelly	24	AGE24	13063	13062_GraceKelly_24_f
424	GraceKelly	27	AGE27	13078	13077_GraceKelly_27_f
424	GraceKelly	43	AGE43	13079	13078_GraceKelly_43_f
424	GraceKelly	42	AGE42	13076	13075_GraceKelly_42_f
424	GraceKelly	28	AGE28	13057	13056_GraceKelly_28_f
424	GraceKelly	20	AGE20	13077	13076_GraceKelly_20_f
424	GraceKelly	50	AGE50	13081	13080_GraceKelly_50_f
424	GraceKelly	22	AGE22	13067	13066_GraceKelly_22_f
424	GraceKelly	11	AGE11	13083	13082_GraceKelly_11_f
424	GraceKelly	18	AGE18	13073	13072_GraceKelly_18_f
424	GraceKelly	23	AGE23	13071	13070_GraceKelly_23_f
424	GraceKelly	30	AGE30	13070	13069_GraceKelly_30_f
424	GraceKelly	33	AGE33	13082	13081_GraceKelly_33_f
425	FlemingAlex	73	AGE73	1068	1067_FlemingAlex_73_m
425	FlemingAlex	74	AGE74	1078	1077_FlemingAlex_74_m
425	FlemingAlex	74	AGE74	1073	1072_FlemingAlex_74_m
425	FlemingAlex	74	AGE74	1070	1069_FlemingAlex_74_m
425	FlemingAlex	60	AGE60	1071	1070_FlemingAlex_60_m
425	FlemingAlex	50	AGE50	1079	1078_FlemingAlex_50_m
425	FlemingAlex	69	AGE69	1075	1074_FlemingAlex_69_m
425	FlemingAlex	68	AGE68	1072	1071_FlemingAlex_68_m
425	FlemingAlex	74	AGE74	1069	1068_FlemingAlex_74_m
425	FlemingAlex	73	AGE73	1077	1076_FlemingAlex_73_m
425	FlemingAlex	70	AGE70	1076	1075_FlemingAlex_70_m
425	FlemingAlex	70	AGE70	1074	1073_FlemingAlex_70_m
426	TheodorakisMikis	38	AGE38	254	253_TheodorakisMikis_38_m
426	TheodorakisMikis	70	AGE70	249	248_TheodorakisMikis_70_m
426	TheodorakisMikis	27	AGE27	240	239_TheodorakisMikis_27_m
426	TheodorakisMikis	42	AGE42	237	236_TheodorakisMikis_42_m
426	TheodorakisMikis	70	AGE70	251	250_TheodorakisMikis_70_m
426	TheodorakisMikis	62	AGE62	250	249_TheodorakisMikis_62_m
426	TheodorakisMikis	18	AGE18	231	230_TheodorakisMikis_18_m
426	TheodorakisMikis	20	AGE20	235	234_TheodorakisMikis_20_m
426	TheodorakisMikis	45	AGE45	248	247_TheodorakisMikis_45_m
426	TheodorakisMikis	85	AGE85	253	252_TheodorakisMikis_85_m
426	TheodorakisMikis	40	AGE40	252	251_TheodorakisMikis_40_m
426	TheodorakisMikis	52	AGE52	239	238_TheodorakisMikis_52_m
426	TheodorakisMikis	42	AGE42	244	243_TheodorakisMikis_42_m
426	TheodorakisMikis	50	AGE50	233	232_TheodorakisMikis_50_m
426	TheodorakisMikis	65	AGE65	245	244_TheodorakisMikis_65_m
426	TheodorakisMikis	40	AGE40	243	242_TheodorakisMikis_40_m
426	TheodorakisMikis	78	AGE78	241	240_TheodorakisMikis_78_m
426	TheodorakisMikis	57	AGE57	232	231_TheodorakisMikis_57_m
426	TheodorakisMikis	40	AGE40	242	241_TheodorakisMikis_40_m
426	TheodorakisMikis	83	AGE83	247	246_TheodorakisMikis_83_m
426	TheodorakisMikis	83	AGE83	246	245_TheodorakisMikis_83_m
426	TheodorakisMikis	60	AGE60	234	233_TheodorakisMikis_60_m
426	TheodorakisMikis	31	AGE31	236	235_TheodorakisMikis_31_m
426	TheodorakisMikis	52	AGE52	238	237_TheodorakisMikis_52_m
427	NewmanPaul	35	AGE35	7448	7447_NewmanPaul_35_m
427	NewmanPaul	82	AGE82	7460	7459_NewmanPaul_82_m
427	NewmanPaul	58	AGE58	7464	7463_NewmanPaul_58_m
427	NewmanPaul	33	AGE33	7454	7453_NewmanPaul_33_m
427	NewmanPaul	58	AGE58	7457	7456_NewmanPaul_58_m
427	NewmanPaul	52	AGE52	7456	7455_NewmanPaul_52_m
427	NewmanPaul	55	AGE55	7465	7464_NewmanPaul_55_m
427	NewmanPaul	62	AGE62	7463	7462_NewmanPaul_62_m
427	NewmanPaul	25	AGE25	7447	7446_NewmanPaul_25_m
427	NewmanPaul	50	AGE50	7455	7454_NewmanPaul_50_m
427	NewmanPaul	81	AGE81	7461	7460_NewmanPaul_81_m
427	NewmanPaul	80	AGE80	7450	7449_NewmanPaul_80_m
427	NewmanPaul	48	AGE48	7462	7461_NewmanPaul_48_m
427	NewmanPaul	28	AGE28	7452	7451_NewmanPaul_28_m
427	NewmanPaul	42	AGE42	7453	7452_NewmanPaul_42_m
427	NewmanPaul	29	AGE29	7449	7448_NewmanPaul_29_m
427	NewmanPaul	19	AGE19	7466	7465_NewmanPaul_19_m
427	NewmanPaul	73	AGE73	7459	7458_NewmanPaul_73_m
427	NewmanPaul	19	AGE19	7451	7450_NewmanPaul_19_m
427	NewmanPaul	62	AGE62	7458	7457_NewmanPaul_62_m
428	OmarSharif	67	AGE67	3657	3656_OmarSharif_67_m
428	OmarSharif	26	AGE26	3639	3638_OmarSharif_26_m
428	OmarSharif	69	AGE69	3659	3658_OmarSharif_69_m
428	OmarSharif	32	AGE32	3641	3640_OmarSharif_32_m
428	OmarSharif	39	AGE39	3646	3645_OmarSharif_39_m
428	OmarSharif	18	AGE18	3637	3636_OmarSharif_18_m
428	OmarSharif	59	AGE59	3656	3655_OmarSharif_59_m
428	OmarSharif	68	AGE68	3658	3657_OmarSharif_68_m
428	OmarSharif	37	AGE37	3643	3642_OmarSharif_37_m
428	OmarSharif	41	AGE41	3648	3647_OmarSharif_41_m
428	OmarSharif	70	AGE70	3660	3659_OmarSharif_70_m
428	OmarSharif	72	AGE72	3662	3661_OmarSharif_72_m
428	OmarSharif	52	AGE52	3653	3652_OmarSharif_52_m
428	OmarSharif	71	AGE71	3661	3660_OmarSharif_71_m
428	OmarSharif	73	AGE73	3663	3662_OmarSharif_73_m
428	OmarSharif	39	AGE39	3645	3644_OmarSharif_39_m
428	OmarSharif	36	AGE36	3642	3641_OmarSharif_36_m
428	OmarSharif	75	AGE75	3664	3663_OmarSharif_75_m
428	OmarSharif	81	AGE81	3665	3664_OmarSharif_81_m
428	OmarSharif	38	AGE38	3644	3643_OmarSharif_38_m
428	OmarSharif	52	AGE52	3652	3651_OmarSharif_52_m
428	OmarSharif	40	AGE40	3647	3646_OmarSharif_40_m
428	OmarSharif	30	AGE30	3640	3639_OmarSharif_30_m
428	OmarSharif	41	AGE41	3649	3648_OmarSharif_41_m
428	OmarSharif	55	AGE55	3654	3653_OmarSharif_55_m
428	OmarSharif	21	AGE21	3638	3637_OmarSharif_21_m
428	OmarSharif	44	AGE44	3651	3650_OmarSharif_44_m
428	OmarSharif	59	AGE59	3655	3654_OmarSharif_59_m
428	OmarSharif	43	AGE43	3650	3649_OmarSharif_43_m
429	JoanLorring	40	AGE40	13182	13181_JoanLorring_40_f
429	JoanLorring	24	AGE24	6434	6433_JoanLorring_24_m
429	JoanLorring	17	AGE17	13170	13169_JoanLorring_17_f
429	JoanLorring	27	AGE27	6436	6435_JoanLorring_27_m
429	JoanLorring	38	AGE38	13180	13179_JoanLorring_38_f
429	JoanLorring	52	AGE52	6444	6443_JoanLorring_52_m
429	JoanLorring	18	AGE18	13171	13170_JoanLorring_18_f
429	JoanLorring	25	AGE25	13175	13174_JoanLorring_25_f
429	JoanLorring	16	AGE16	6430	6429_JoanLorring_16_m
429	JoanLorring	28	AGE28	13177	13176_JoanLorring_28_f
429	JoanLorring	37	AGE37	13179	13178_JoanLorring_37_f
429	JoanLorring	39	AGE39	13181	13180_JoanLorring_39_f
429	JoanLorring	28	AGE28	6437	6436_JoanLorring_28_m
429	JoanLorring	25	AGE25	6435	6434_JoanLorring_25_m
429	JoanLorring	27	AGE27	13176	13175_JoanLorring_27_f
429	JoanLorring	30	AGE30	13178	13177_JoanLorring_30_f
429	JoanLorring	20	AGE20	6433	6432_JoanLorring_20_m
429	JoanLorring	43	AGE43	6443	6442_JoanLorring_43_m
429	JoanLorring	20	AGE20	13174	13173_JoanLorring_20_f
429	JoanLorring	40	AGE40	6442	6441_JoanLorring_40_m
429	JoanLorring	30	AGE30	6438	6437_JoanLorring_30_m
429	JoanLorring	43	AGE43	13183	13182_JoanLorring_43_f
429	JoanLorring	16	AGE16	13173	13172_JoanLorring_16_f
429	JoanLorring	18	AGE18	6432	6431_JoanLorring_18_m
429	JoanLorring	24	AGE24	13172	13171_JoanLorring_24_f
429	JoanLorring	38	AGE38	6440	6439_JoanLorring_38_m
429	JoanLorring	37	AGE37	6439	6438_JoanLorring_37_m
429	JoanLorring	39	AGE39	6441	6440_JoanLorring_39_m
429	JoanLorring	52	AGE52	13184	13183_JoanLorring_52_f
429	JoanLorring	17	AGE17	6431	6430_JoanLorring_17_m
430	HelenHayes	85	AGE85	13554	13553_HelenHayes_85_f
430	HelenHayes	50	AGE50	13541	13540_HelenHayes_50_f
430	HelenHayes	72	AGE72	13537	13536_HelenHayes_72_f
430	HelenHayes	74	AGE74	13556	13555_HelenHayes_74_f
430	HelenHayes	70	AGE70	13553	13552_HelenHayes_70_f
430	HelenHayes	6	AGE6	13519	13518_HelenHayes_6_f
430	HelenHayes	33	AGE33	13549	13548_HelenHayes_33_f
430	HelenHayes	70	AGE70	13545	13544_HelenHayes_70_f
430	HelenHayes	85	AGE85	13540	13539_HelenHayes_85_f
430	HelenHayes	68	AGE68	13535	13534_HelenHayes_68_f
430	HelenHayes	52	AGE52	13520	13519_HelenHayes_52_f
430	HelenHayes	52	AGE52	13527	13526_HelenHayes_52_f
430	HelenHayes	44	AGE44	13533	13532_HelenHayes_44_f
430	HelenHayes	11	AGE11	13532	13531_HelenHayes_11_f
430	HelenHayes	34	AGE34	13517	13516_HelenHayes_34_f
430	HelenHayes	30	AGE30	13528	13527_HelenHayes_30_f
430	HelenHayes	34	AGE34	13538	13537_HelenHayes_34_f
430	HelenHayes	70	AGE70	13555	13554_HelenHayes_70_f
430	HelenHayes	58	AGE58	13531	13530_HelenHayes_58_f
430	HelenHayes	31	AGE31	13523	13522_HelenHayes_31_f
430	HelenHayes	80	AGE80	13521	13520_HelenHayes_80_f
430	HelenHayes	90	AGE90	13557	13556_HelenHayes_90_f
430	HelenHayes	30	AGE30	13547	13546_HelenHayes_30_f
430	HelenHayes	78	AGE78	13544	13543_HelenHayes_78_f
430	HelenHayes	17	AGE17	13529	13528_HelenHayes_17_f
430	HelenHayes	83	AGE83	13552	13551_HelenHayes_83_f
430	HelenHayes	56	AGE56	13530	13529_HelenHayes_56_f
430	HelenHayes	74	AGE74	13550	13549_HelenHayes_74_f
430	HelenHayes	27	AGE27	13526	13525_HelenHayes_27_f
430	HelenHayes	29	AGE29	13542	13541_HelenHayes_29_f
430	HelenHayes	23	AGE23	13534	13533_HelenHayes_23_f
430	HelenHayes	55	AGE55	13539	13538_HelenHayes_55_f
430	HelenHayes	40	AGE40	13536	13535_HelenHayes_40_f
430	HelenHayes	78	AGE78	13551	13550_HelenHayes_78_f
430	HelenHayes	25	AGE25	13525	13524_HelenHayes_25_f
430	HelenHayes	32	AGE32	13524	13523_HelenHayes_32_f
430	HelenHayes	75	AGE75	13548	13547_HelenHayes_75_f
430	HelenHayes	77	AGE77	13522	13521_HelenHayes_77_f
430	HelenHayes	32	AGE32	13546	13545_HelenHayes_32_f
430	HelenHayes	84	AGE84	13543	13542_HelenHayes_84_f
430	HelenHayes	50	AGE50	13518	13517_HelenHayes_50_f
431	RobertRedford	10	AGE10	4844	4843_RobertRedford_10_m
431	RobertRedford	73	AGE73	4840	4839_RobertRedford_73_m
431	RobertRedford	71	AGE71	4838	4837_RobertRedford_71_m
431	RobertRedford	33	AGE33	4824	4823_RobertRedford_33_m
431	RobertRedford	64	AGE64	4835	4834_RobertRedford_64_m
431	RobertRedford	68	AGE68	4847	4846_RobertRedford_68_m
431	RobertRedford	51	AGE51	4832	4831_RobertRedford_51_m
431	RobertRedford	31	AGE31	4823	4822_RobertRedford_31_m
431	RobertRedford	75	AGE75	4842	4841_RobertRedford_75_m
431	RobertRedford	40	AGE40	4826	4825_RobertRedford_40_m
431	RobertRedford	37	AGE37	4828	4827_RobertRedford_37_m
431	RobertRedford	70	AGE70	4837	4836_RobertRedford_70_m
431	RobertRedford	38	AGE38	4846	4845_RobertRedford_38_m
431	RobertRedford	36	AGE36	4845	4844_RobertRedford_36_m
431	RobertRedford	48	AGE48	4830	4829_RobertRedford_48_m
431	RobertRedford	77	AGE77	4848	4847_RobertRedford_77_m
431	RobertRedford	72	AGE72	4839	4838_RobertRedford_72_m
431	RobertRedford	77	AGE77	4843	4842_RobertRedford_77_m
431	RobertRedford	37	AGE37	4827	4826_RobertRedford_37_m
431	RobertRedford	45	AGE45	4829	4828_RobertRedford_45_m
431	RobertRedford	66	AGE66	4836	4835_RobertRedford_66_m
431	RobertRedford	27	AGE27	4821	4820_RobertRedford_27_m
431	RobertRedford	56	AGE56	4834	4833_RobertRedford_56_m
431	RobertRedford	74	AGE74	4841	4840_RobertRedford_74_m
431	RobertRedford	28	AGE28	4822	4821_RobertRedford_28_m
431	RobertRedford	49	AGE49	4831	4830_RobertRedford_49_m
431	RobertRedford	52	AGE52	4850	4849_RobertRedford_52_m
431	RobertRedford	54	AGE54	4833	4832_RobertRedford_54_m
431	RobertRedford	34	AGE34	4825	4824_RobertRedford_34_m
431	RobertRedford	29	AGE29	4849	4848_RobertRedford_29_m
432	JenniferAniston	34	AGE34	12749	12748_JenniferAniston_34_f
432	JenniferAniston	21	AGE21	12738	12737_JenniferAniston_21_f
432	JenniferAniston	32	AGE32	12747	12746_JenniferAniston_32_f
432	JenniferAniston	29	AGE29	12743	12742_JenniferAniston_29_f
432	JenniferAniston	26	AGE26	12740	12739_JenniferAniston_26_f
432	JenniferAniston	36	AGE36	12751	12750_JenniferAniston_36_f
432	JenniferAniston	29	AGE29	12744	12743_JenniferAniston_29_f
432	JenniferAniston	45	AGE45	12756	12755_JenniferAniston_45_f
432	JenniferAniston	38	AGE38	12753	12752_JenniferAniston_38_f
432	JenniferAniston	41	AGE41	12755	12754_JenniferAniston_41_f
432	JenniferAniston	27	AGE27	12741	12740_JenniferAniston_27_f
432	JenniferAniston	28	AGE28	12742	12741_JenniferAniston_28_f
432	JenniferAniston	35	AGE35	12750	12749_JenniferAniston_35_f
432	JenniferAniston	17	AGE17	12735	12734_JenniferAniston_17_f
432	JenniferAniston	18	AGE18	12736	12735_JenniferAniston_18_f
432	JenniferAniston	19	AGE19	12737	12736_JenniferAniston_19_f
432	JenniferAniston	22	AGE22	12739	12738_JenniferAniston_22_f
432	JenniferAniston	33	AGE33	12748	12747_JenniferAniston_33_f
432	JenniferAniston	31	AGE31	12746	12745_JenniferAniston_31_f
432	JenniferAniston	16	AGE16	12734	12733_JenniferAniston_16_f
432	JenniferAniston	40	AGE40	12754	12753_JenniferAniston_40_f
432	JenniferAniston	31	AGE31	12745	12744_JenniferAniston_31_f
432	JenniferAniston	37	AGE37	12752	12751_JenniferAniston_37_f
432	JenniferAniston	15	AGE15	12733	12732_JenniferAniston_15_f
433	MaximilianShell	42	AGE42	9477	9476_MaximilianShell_42_m
433	MaximilianShell	28	AGE28	9469	9468_MaximilianShell_28_m
433	MaximilianShell	83	AGE83	9500	9499_MaximilianShell_83_m
433	MaximilianShell	53	AGE53	9483	9482_MaximilianShell_53_m
433	MaximilianShell	79	AGE79	9496	9495_MaximilianShell_79_m
433	MaximilianShell	39	AGE39	9476	9475_MaximilianShell_39_m
433	MaximilianShell	63	AGE63	9489	9488_MaximilianShell_63_m
433	MaximilianShell	49	AGE49	9481	9480_MaximilianShell_49_m
433	MaximilianShell	35	AGE35	9474	9473_MaximilianShell_35_m
433	MaximilianShell	43	AGE43	9478	9477_MaximilianShell_43_m
433	MaximilianShell	25	AGE25	9468	9467_MaximilianShell_25_m
433	MaximilianShell	65	AGE65	9490	9489_MaximilianShell_65_m
433	MaximilianShell	33	AGE33	9472	9471_MaximilianShell_33_m
433	MaximilianShell	54	AGE54	9484	9483_MaximilianShell_54_m
433	MaximilianShell	72	AGE72	9494	9493_MaximilianShell_72_m
433	MaximilianShell	32	AGE32	9471	9470_MaximilianShell_32_m
433	MaximilianShell	51	AGE51	9482	9481_MaximilianShell_51_m
433	MaximilianShell	47	AGE47	9480	9479_MaximilianShell_47_m
433	MaximilianShell	31	AGE31	9470	9469_MaximilianShell_31_m
433	MaximilianShell	60	AGE60	9488	9487_MaximilianShell_60_m
433	MaximilianShell	56	AGE56	9485	9484_MaximilianShell_56_m
433	MaximilianShell	82	AGE82	9499	9498_MaximilianShell_82_m
433	MaximilianShell	69	AGE69	9492	9491_MaximilianShell_69_m
433	MaximilianShell	45	AGE45	9479	9478_MaximilianShell_45_m
433	MaximilianShell	67	AGE67	9491	9490_MaximilianShell_67_m
433	MaximilianShell	70	AGE70	9493	9492_MaximilianShell_70_m
433	MaximilianShell	34	AGE34	9473	9472_MaximilianShell_34_m
433	MaximilianShell	80	AGE80	9497	9496_MaximilianShell_80_m
433	MaximilianShell	59	AGE59	9487	9486_MaximilianShell_59_m
433	MaximilianShell	37	AGE37	9475	9474_MaximilianShell_37_m
433	MaximilianShell	58	AGE58	9486	9485_MaximilianShell_58_m
433	MaximilianShell	81	AGE81	9498	9497_MaximilianShell_81_m
433	MaximilianShell	74	AGE74	9495	9494_MaximilianShell_74_m
434	DavidCarradine	69	AGE69	8602	8601_DavidCarradine_69_m
434	DavidCarradine	38	AGE38	8588	8587_DavidCarradine_38_m
434	DavidCarradine	52	AGE52	8594	8593_DavidCarradine_52_m
434	DavidCarradine	39	AGE39	8589	8588_DavidCarradine_39_m
434	DavidCarradine	30	AGE30	8582	8581_DavidCarradine_30_m
434	DavidCarradine	55	AGE55	8595	8594_DavidCarradine_55_m
434	DavidCarradine	34	AGE34	8584	8583_DavidCarradine_34_m
434	DavidCarradine	71	AGE71	8609	8608_DavidCarradine_71_m
434	DavidCarradine	36	AGE36	8586	8585_DavidCarradine_36_m
434	DavidCarradine	29	AGE29	8581	8580_DavidCarradine_29_m
434	DavidCarradine	56	AGE56	8596	8595_DavidCarradine_56_m
434	DavidCarradine	28	AGE28	8580	8579_DavidCarradine_28_m
434	DavidCarradine	35	AGE35	8585	8584_DavidCarradine_35_m
434	DavidCarradine	32	AGE32	8583	8582_DavidCarradine_32_m
434	DavidCarradine	63	AGE63	8599	8598_DavidCarradine_63_m
434	DavidCarradine	41	AGE41	8604	8603_DavidCarradine_41_m
434	DavidCarradine	59	AGE59	8597	8596_DavidCarradine_59_m
434	DavidCarradine	51	AGE51	8593	8592_DavidCarradine_51_m
434	DavidCarradine	53	AGE53	8606	8605_DavidCarradine_53_m
434	DavidCarradine	44	AGE44	8592	8591_DavidCarradine_44_m
434	DavidCarradine	37	AGE37	8587	8586_DavidCarradine_37_m
434	DavidCarradine	61	AGE61	8598	8597_DavidCarradine_61_m
434	DavidCarradine	72	AGE72	8610	8609_DavidCarradine_72_m
434	DavidCarradine	64	AGE64	8608	8607_DavidCarradine_64_m
434	DavidCarradine	67	AGE67	8601	8600_DavidCarradine_67_m
434	DavidCarradine	43	AGE43	8591	8590_DavidCarradine_43_m
434	DavidCarradine	48	AGE48	8605	8604_DavidCarradine_48_m
434	DavidCarradine	70	AGE70	8603	8602_DavidCarradine_70_m
434	DavidCarradine	54	AGE54	8607	8606_DavidCarradine_54_m
434	DavidCarradine	42	AGE42	8590	8589_DavidCarradine_42_m
434	DavidCarradine	66	AGE66	8600	8599_DavidCarradine_66_m
435	DebbieReynolds	40	AGE40	12035	12034_DebbieReynolds_40_f
435	DebbieReynolds	33	AGE33	12033	12032_DebbieReynolds_33_f
435	DebbieReynolds	35	AGE35	12054	12053_DebbieReynolds_35_f
435	DebbieReynolds	30	AGE30	12030	12029_DebbieReynolds_30_f
435	DebbieReynolds	28	AGE28	12029	12028_DebbieReynolds_28_f
435	DebbieReynolds	80	AGE80	12057	12056_DebbieReynolds_80_f
435	DebbieReynolds	81	AGE81	12051	12050_DebbieReynolds_81_f
435	DebbieReynolds	20	AGE20	12021	12020_DebbieReynolds_20_f
435	DebbieReynolds	15	AGE15	12017	12016_DebbieReynolds_15_f
435	DebbieReynolds	46	AGE46	12038	12037_DebbieReynolds_46_f
435	DebbieReynolds	23	AGE23	12024	12023_DebbieReynolds_23_f
435	DebbieReynolds	62	AGE62	12043	12042_DebbieReynolds_62_f
435	DebbieReynolds	21	AGE21	12022	12021_DebbieReynolds_21_f
435	DebbieReynolds	48	AGE48	12039	12038_DebbieReynolds_48_f
435	DebbieReynolds	69	AGE69	12046	12045_DebbieReynolds_69_f
435	DebbieReynolds	32	AGE32	12031	12030_DebbieReynolds_32_f
435	DebbieReynolds	50	AGE50	12040	12039_DebbieReynolds_50_f
435	DebbieReynolds	54	AGE54	12041	12040_DebbieReynolds_54_f
435	DebbieReynolds	29	AGE29	12052	12051_DebbieReynolds_29_f
435	DebbieReynolds	26	AGE26	12027	12026_DebbieReynolds_26_f
435	DebbieReynolds	32	AGE32	12032	12031_DebbieReynolds_32_f
435	DebbieReynolds	18	AGE18	12019	12018_DebbieReynolds_18_f
435	DebbieReynolds	76	AGE76	12050	12049_DebbieReynolds_76_f
435	DebbieReynolds	36	AGE36	12034	12033_DebbieReynolds_36_f
435	DebbieReynolds	19	AGE19	12020	12019_DebbieReynolds_19_f
435	DebbieReynolds	60	AGE60	12042	12041_DebbieReynolds_60_f
435	DebbieReynolds	66	AGE66	12045	12044_DebbieReynolds_66_f
435	DebbieReynolds	73	AGE73	12048	12047_DebbieReynolds_73_f
435	DebbieReynolds	42	AGE42	12037	12036_DebbieReynolds_42_f
435	DebbieReynolds	64	AGE64	12044	12043_DebbieReynolds_64_f
435	DebbieReynolds	34	AGE34	12053	12052_DebbieReynolds_34_f
435	DebbieReynolds	78	AGE78	12056	12055_DebbieReynolds_78_f
435	DebbieReynolds	27	AGE27	12028	12027_DebbieReynolds_27_f
435	DebbieReynolds	71	AGE71	12047	12046_DebbieReynolds_71_f
435	DebbieReynolds	41	AGE41	12036	12035_DebbieReynolds_41_f
435	DebbieReynolds	22	AGE22	12023	12022_DebbieReynolds_22_f
435	DebbieReynolds	74	AGE74	12049	12048_DebbieReynolds_74_f
435	DebbieReynolds	25	AGE25	12026	12025_DebbieReynolds_25_f
435	DebbieReynolds	24	AGE24	12025	12024_DebbieReynolds_24_f
435	DebbieReynolds	16	AGE16	12018	12017_DebbieReynolds_16_f
435	DebbieReynolds	39	AGE39	12055	12054_DebbieReynolds_39_f
436	LindsayWagner	50	AGE50	11580	11579_LindsayWagner_50_f
436	LindsayWagner	26	AGE26	11570	11569_LindsayWagner_26_f
436	LindsayWagner	52	AGE52	11581	11580_LindsayWagner_52_f
436	LindsayWagner	31	AGE31	11572	11571_LindsayWagner_31_f
436	LindsayWagner	60	AGE60	11585	11584_LindsayWagner_60_f
436	LindsayWagner	34	AGE34	11574	11573_LindsayWagner_34_f
436	LindsayWagner	24	AGE24	11568	11567_LindsayWagner_24_f
436	LindsayWagner	61	AGE61	11586	11585_LindsayWagner_61_f
436	LindsayWagner	49	AGE49	11579	11578_LindsayWagner_49_f
436	LindsayWagner	59	AGE59	11584	11583_LindsayWagner_59_f
436	LindsayWagner	63	AGE63	11588	11587_LindsayWagner_63_f
436	LindsayWagner	25	AGE25	11569	11568_LindsayWagner_25_f
436	LindsayWagner	44	AGE44	11577	11576_LindsayWagner_44_f
436	LindsayWagner	62	AGE62	11587	11586_LindsayWagner_62_f
436	LindsayWagner	48	AGE48	11578	11577_LindsayWagner_48_f
436	LindsayWagner	42	AGE42	11576	11575_LindsayWagner_42_f
436	LindsayWagner	41	AGE41	11575	11574_LindsayWagner_41_f
436	LindsayWagner	28	AGE28	11571	11570_LindsayWagner_28_f
436	LindsayWagner	33	AGE33	11573	11572_LindsayWagner_33_f
436	LindsayWagner	57	AGE57	11583	11582_LindsayWagner_57_f
436	LindsayWagner	54	AGE54	11582	11581_LindsayWagner_54_f
437	MarisaPavan	36	AGE36	3499	3498_MarisaPavan_36_m
437	MarisaPavan	30	AGE30	3495	3494_MarisaPavan_30_m
437	MarisaPavan	19	AGE19	3486	3485_MarisaPavan_19_m
437	MarisaPavan	31	AGE31	3496	3495_MarisaPavan_31_m
437	MarisaPavan	23	AGE23	3489	3488_MarisaPavan_23_m
437	MarisaPavan	18	AGE18	3485	3484_MarisaPavan_18_m
437	MarisaPavan	61	AGE61	3509	3508_MarisaPavan_61_m
437	MarisaPavan	83	AGE83	3516	3515_MarisaPavan_83_m
437	MarisaPavan	34	AGE34	3498	3497_MarisaPavan_34_m
437	MarisaPavan	33	AGE33	3497	3496_MarisaPavan_33_m
437	MarisaPavan	21	AGE21	3487	3486_MarisaPavan_21_m
437	MarisaPavan	45	AGE45	3503	3502_MarisaPavan_45_m
437	MarisaPavan	59	AGE59	3508	3507_MarisaPavan_59_m
437	MarisaPavan	51	AGE51	3505	3504_MarisaPavan_51_m
437	MarisaPavan	14	AGE14	3484	3483_MarisaPavan_14_m
437	MarisaPavan	64	AGE64	3510	3509_MarisaPavan_64_m
437	MarisaPavan	57	AGE57	3507	3506_MarisaPavan_57_m
437	MarisaPavan	41	AGE41	3501	3500_MarisaPavan_41_m
437	MarisaPavan	77	AGE77	3514	3513_MarisaPavan_77_m
437	MarisaPavan	22	AGE22	3488	3487_MarisaPavan_22_m
437	MarisaPavan	27	AGE27	3493	3492_MarisaPavan_27_m
437	MarisaPavan	28	AGE28	3494	3493_MarisaPavan_28_m
437	MarisaPavan	43	AGE43	3502	3501_MarisaPavan_43_m
437	MarisaPavan	25	AGE25	3491	3490_MarisaPavan_25_m
437	MarisaPavan	26	AGE26	3492	3491_MarisaPavan_26_m
437	MarisaPavan	75	AGE75	3512	3511_MarisaPavan_75_m
437	MarisaPavan	24	AGE24	3490	3489_MarisaPavan_24_m
437	MarisaPavan	76	AGE76	3513	3512_MarisaPavan_76_m
437	MarisaPavan	48	AGE48	3504	3503_MarisaPavan_48_m
437	MarisaPavan	78	AGE78	3515	3514_MarisaPavan_78_m
437	MarisaPavan	54	AGE54	3506	3505_MarisaPavan_54_m
437	MarisaPavan	70	AGE70	3511	3510_MarisaPavan_70_m
437	MarisaPavan	38	AGE38	3500	3499_MarisaPavan_38_m
438	JackLemon	17	AGE17	5297	5296_JackLemon_17_m
438	JackLemon	52	AGE52	5321	5320_JackLemon_52_m
438	JackLemon	55	AGE55	5317	5316_JackLemon_55_m
438	JackLemon	45	AGE45	5310	5309_JackLemon_45_m
438	JackLemon	23	AGE23	5301	5300_JackLemon_23_m
438	JackLemon	51	AGE51	5316	5315_JackLemon_51_m
438	JackLemon	39	AGE39	5322	5321_JackLemon_39_m
438	JackLemon	68	AGE68	5315	5314_JackLemon_68_m
438	JackLemon	28	AGE28	5303	5302_JackLemon_28_m
438	JackLemon	71	AGE71	5324	5323_JackLemon_71_m
438	JackLemon	25	AGE25	5302	5301_JackLemon_25_m
438	JackLemon	35	AGE35	5306	5305_JackLemon_35_m
438	JackLemon	40	AGE40	5308	5307_JackLemon_40_m
438	JackLemon	67	AGE67	5311	5310_JackLemon_67_m
438	JackLemon	43	AGE43	5318	5317_JackLemon_43_m
438	JackLemon	49	AGE49	5320	5319_JackLemon_49_m
438	JackLemon	38	AGE38	5307	5306_JackLemon_38_m
438	JackLemon	16	AGE16	5299	5298_JackLemon_16_m
438	JackLemon	35	AGE35	5314	5313_JackLemon_35_m
438	JackLemon	45	AGE45	5309	5308_JackLemon_45_m
438	JackLemon	65	AGE65	5313	5312_JackLemon_65_m
438	JackLemon	35	AGE35	5305	5304_JackLemon_35_m
438	JackLemon	30	AGE30	5304	5303_JackLemon_30_m
438	JackLemon	33	AGE33	5323	5322_JackLemon_33_m
438	JackLemon	15	AGE15	5296	5295_JackLemon_15_m
438	JackLemon	20	AGE20	5300	5299_JackLemon_20_m
438	JackLemon	19	AGE19	5298	5297_JackLemon_19_m
438	JackLemon	70	AGE70	5319	5318_JackLemon_70_m
438	JackLemon	52	AGE52	5312	5311_JackLemon_52_m
438	JackLemon	13	AGE13	5295	5294_JackLemon_13_m
439	IsabelleAdjani	48	AGE48	12242	12241_IsabelleAdjani_48_f
439	IsabelleAdjani	39	AGE39	12239	12238_IsabelleAdjani_39_f
439	IsabelleAdjani	19	AGE19	12223	12222_IsabelleAdjani_19_f
439	IsabelleAdjani	55	AGE55	12246	12245_IsabelleAdjani_55_f
439	IsabelleAdjani	21	AGE21	12225	12224_IsabelleAdjani_21_f
439	IsabelleAdjani	54	AGE54	12245	12244_IsabelleAdjani_54_f
439	IsabelleAdjani	24	AGE24	12227	12226_IsabelleAdjani_24_f
439	IsabelleAdjani	32	AGE32	12235	12234_IsabelleAdjani_32_f
439	IsabelleAdjani	16	AGE16	12219	12218_IsabelleAdjani_16_f
439	IsabelleAdjani	53	AGE53	12244	12243_IsabelleAdjani_53_f
439	IsabelleAdjani	56	AGE56	12247	12246_IsabelleAdjani_56_f
439	IsabelleAdjani	58	AGE58	12250	12249_IsabelleAdjani_58_f
439	IsabelleAdjani	29	AGE29	12232	12231_IsabelleAdjani_29_f
439	IsabelleAdjani	58	AGE58	12251	12250_IsabelleAdjani_58_f
439	IsabelleAdjani	43	AGE43	12241	12240_IsabelleAdjani_43_f
439	IsabelleAdjani	57	AGE57	12249	12248_IsabelleAdjani_57_f
439	IsabelleAdjani	41	AGE41	12240	12239_IsabelleAdjani_41_f
439	IsabelleAdjani	33	AGE33	12237	12236_IsabelleAdjani_33_f
439	IsabelleAdjani	18	AGE18	12222	12221_IsabelleAdjani_18_f
439	IsabelleAdjani	56	AGE56	12248	12247_IsabelleAdjani_56_f
439	IsabelleAdjani	31	AGE31	12234	12233_IsabelleAdjani_31_f
439	IsabelleAdjani	25	AGE25	12228	12227_IsabelleAdjani_25_f
439	IsabelleAdjani	27	AGE27	12230	12229_IsabelleAdjani_27_f
439	IsabelleAdjani	28	AGE28	12231	12230_IsabelleAdjani_28_f
439	IsabelleAdjani	33	AGE33	12236	12235_IsabelleAdjani_33_f
439	IsabelleAdjani	22	AGE22	12226	12225_IsabelleAdjani_22_f
439	IsabelleAdjani	17	AGE17	12221	12220_IsabelleAdjani_17_f
439	IsabelleAdjani	50	AGE50	12243	12242_IsabelleAdjani_50_f
439	IsabelleAdjani	15	AGE15	12218	12217_IsabelleAdjani_15_f
439	IsabelleAdjani	16	AGE16	12220	12219_IsabelleAdjani_16_f
439	IsabelleAdjani	30	AGE30	12233	12232_IsabelleAdjani_30_f
439	IsabelleAdjani	20	AGE20	12224	12223_IsabelleAdjani_20_f
439	IsabelleAdjani	26	AGE26	12229	12228_IsabelleAdjani_26_f
439	IsabelleAdjani	39	AGE39	12238	12237_IsabelleAdjani_39_f
440	RayDanton	28	AGE28	5659	5658_RayDanton_28_m
440	RayDanton	36	AGE36	5667	5666_RayDanton_36_m
440	RayDanton	26	AGE26	5657	5656_RayDanton_26_m
440	RayDanton	21	AGE21	5653	5652_RayDanton_21_m
440	RayDanton	41	AGE41	5671	5670_RayDanton_41_m
440	RayDanton	44	AGE44	5673	5672_RayDanton_44_m
440	RayDanton	38	AGE38	5669	5668_RayDanton_38_m
440	RayDanton	27	AGE27	5658	5657_RayDanton_27_m
440	RayDanton	43	AGE43	5672	5671_RayDanton_43_m
440	RayDanton	32	AGE32	5663	5662_RayDanton_32_m
440	RayDanton	24	AGE24	5656	5655_RayDanton_24_m
440	RayDanton	29	AGE29	5660	5659_RayDanton_29_m
440	RayDanton	23	AGE23	5655	5654_RayDanton_23_m
440	RayDanton	45	AGE45	5674	5673_RayDanton_45_m
440	RayDanton	22	AGE22	5654	5653_RayDanton_22_m
440	RayDanton	37	AGE37	5668	5667_RayDanton_37_m
440	RayDanton	49	AGE49	5675	5674_RayDanton_49_m
440	RayDanton	39	AGE39	5670	5669_RayDanton_39_m
440	RayDanton	34	AGE34	5665	5664_RayDanton_34_m
440	RayDanton	35	AGE35	5666	5665_RayDanton_35_m
440	RayDanton	30	AGE30	5661	5660_RayDanton_30_m
440	RayDanton	33	AGE33	5664	5663_RayDanton_33_m
440	RayDanton	31	AGE31	5662	5661_RayDanton_31_m
441	motherTereza	82	AGE82	496	495_motherTereza_82_f
441	motherTereza	15	AGE15	497	496_motherTereza_15_f
441	motherTereza	68	AGE68	504	503_motherTereza_68_f
441	motherTereza	76	AGE76	485	484_motherTereza_76_f
441	motherTereza	50	AGE50	491	490_motherTereza_50_f
441	motherTereza	73	AGE73	493	492_motherTereza_73_f
441	motherTereza	85	AGE85	507	506_motherTereza_85_f
441	motherTereza	85	AGE85	495	494_motherTereza_85_f
441	motherTereza	70	AGE70	499	498_motherTereza_70_f
441	motherTereza	72	AGE72	486	485_motherTereza_72_f
441	motherTereza	69	AGE69	503	502_motherTereza_69_f
441	motherTereza	76	AGE76	487	486_motherTereza_76_f
441	motherTereza	15	AGE15	505	504_motherTereza_15_f
441	motherTereza	72	AGE72	500	499_motherTereza_72_f
441	motherTereza	18	AGE18	498	497_motherTereza_18_f
441	motherTereza	72	AGE72	490	489_motherTereza_72_f
441	motherTereza	45	AGE45	489	488_motherTereza_45_f
441	motherTereza	75	AGE75	488	487_motherTereza_75_f
441	motherTereza	68	AGE68	502	501_motherTereza_68_f
441	motherTereza	78	AGE78	484	483_motherTereza_78_f
441	motherTereza	70	AGE70	494	493_motherTereza_70_f
441	motherTereza	11	AGE11	492	491_motherTereza_11_f
441	motherTereza	73	AGE73	501	500_motherTereza_73_f
441	motherTereza	80	AGE80	506	505_motherTereza_80_f
442	mitsotakis	46	AGE46	633	632_mitsotakis_46_m
442	mitsotakis	95	AGE95	639	638_mitsotakis_95_m
442	mitsotakis	93	AGE93	632	631_mitsotakis_93_m
442	mitsotakis	75	AGE75	637	636_mitsotakis_75_m
442	mitsotakis	93	AGE93	645	644_mitsotakis_93_m
442	mitsotakis	70	AGE70	635	634_mitsotakis_70_m
442	mitsotakis	81	AGE81	638	637_mitsotakis_81_m
442	mitsotakis	75	AGE75	627	626_mitsotakis_75_m
442	mitsotakis	70	AGE70	642	641_mitsotakis_70_m
442	mitsotakis	85	AGE85	628	627_mitsotakis_85_m
442	mitsotakis	66	AGE66	634	633_mitsotakis_66_m
442	mitsotakis	76	AGE76	640	639_mitsotakis_76_m
442	mitsotakis	34	AGE34	630	629_mitsotakis_34_m
442	mitsotakis	72	AGE72	636	635_mitsotakis_72_m
442	mitsotakis	83	AGE83	646	645_mitsotakis_83_m
442	mitsotakis	35	AGE35	643	642_mitsotakis_35_m
442	mitsotakis	83	AGE83	626	625_mitsotakis_83_m
442	mitsotakis	72	AGE72	644	643_mitsotakis_72_m
442	mitsotakis	37	AGE37	631	630_mitsotakis_37_m
442	mitsotakis	34	AGE34	629	628_mitsotakis_34_m
442	mitsotakis	44	AGE44	641	640_mitsotakis_44_m
442	mitsotakis	44	AGE44	625	624_mitsotakis_44_m
443	HedyLamarr	42	AGE42	12638	12637_HedyLamarr_42_f
443	HedyLamarr	41	AGE41	12637	12636_HedyLamarr_41_f
443	HedyLamarr	38	AGE38	12627	12626_HedyLamarr_38_f
443	HedyLamarr	30	AGE30	12636	12635_HedyLamarr_30_f
443	HedyLamarr	17	AGE17	12618	12617_HedyLamarr_17_f
443	HedyLamarr	40	AGE40	12628	12627_HedyLamarr_40_f
443	HedyLamarr	25	AGE25	12635	12634_HedyLamarr_25_f
443	HedyLamarr	33	AGE33	12623	12622_HedyLamarr_33_f
443	HedyLamarr	34	AGE34	12624	12623_HedyLamarr_34_f
443	HedyLamarr	71	AGE71	12633	12632_HedyLamarr_71_f
443	HedyLamarr	66	AGE66	12632	12631_HedyLamarr_66_f
443	HedyLamarr	48	AGE48	12629	12628_HedyLamarr_48_f
443	HedyLamarr	36	AGE36	12625	12624_HedyLamarr_36_f
443	HedyLamarr	51	AGE51	12630	12629_HedyLamarr_51_f
443	HedyLamarr	78	AGE78	12634	12633_HedyLamarr_78_f
443	HedyLamarr	24	AGE24	12622	12621_HedyLamarr_24_f
443	HedyLamarr	56	AGE56	12631	12630_HedyLamarr_56_f
443	HedyLamarr	18	AGE18	12619	12618_HedyLamarr_18_f
443	HedyLamarr	20	AGE20	12621	12620_HedyLamarr_20_f
443	HedyLamarr	60	AGE60	12640	12639_HedyLamarr_60_f
443	HedyLamarr	37	AGE37	12626	12625_HedyLamarr_37_f
443	HedyLamarr	19	AGE19	12620	12619_HedyLamarr_19_f
443	HedyLamarr	43	AGE43	12639	12638_HedyLamarr_43_f
444	RitaHayworth	30	AGE30	13764	13763_RitaHayworth_30_f
444	RitaHayworth	24	AGE24	13759	13758_RitaHayworth_24_f
444	RitaHayworth	43	AGE43	13782	13781_RitaHayworth_43_f
444	RitaHayworth	47	AGE47	13783	13782_RitaHayworth_47_f
444	RitaHayworth	50	AGE50	13766	13765_RitaHayworth_50_f
444	RitaHayworth	27	AGE27	13778	13777_RitaHayworth_27_f
444	RitaHayworth	42	AGE42	13776	13775_RitaHayworth_42_f
444	RitaHayworth	16	AGE16	13756	13755_RitaHayworth_16_f
444	RitaHayworth	46	AGE46	13765	13764_RitaHayworth_46_f
444	RitaHayworth	26	AGE26	13769	13768_RitaHayworth_26_f
444	RitaHayworth	54	AGE54	13768	13767_RitaHayworth_54_f
444	RitaHayworth	29	AGE29	13779	13778_RitaHayworth_29_f
444	RitaHayworth	35	AGE35	13774	13773_RitaHayworth_35_f
444	RitaHayworth	25	AGE25	13761	13760_RitaHayworth_25_f
444	RitaHayworth	26	AGE26	13772	13771_RitaHayworth_26_f
444	RitaHayworth	52	AGE52	13770	13769_RitaHayworth_52_f
444	RitaHayworth	36	AGE36	13775	13774_RitaHayworth_36_f
444	RitaHayworth	33	AGE33	13781	13780_RitaHayworth_33_f
444	RitaHayworth	18	AGE18	13757	13756_RitaHayworth_18_f
444	RitaHayworth	22	AGE22	13755	13754_RitaHayworth_22_f
444	RitaHayworth	50	AGE50	13767	13766_RitaHayworth_50_f
444	RitaHayworth	29	AGE29	13763	13762_RitaHayworth_29_f
444	RitaHayworth	26	AGE26	13780	13779_RitaHayworth_26_f
444	RitaHayworth	26	AGE26	13760	13759_RitaHayworth_26_f
444	RitaHayworth	23	AGE23	13758	13757_RitaHayworth_23_f
444	RitaHayworth	40	AGE40	13771	13770_RitaHayworth_40_f
444	RitaHayworth	48	AGE48	13773	13772_RitaHayworth_48_f
444	RitaHayworth	37	AGE37	13777	13776_RitaHayworth_37_f
444	RitaHayworth	28	AGE28	13762	13761_RitaHayworth_28_f
445	JohnCassavetes	32	AGE32	8665	8664_JohnCassavetes_32_m
445	JohnCassavetes	39	AGE39	8671	8670_JohnCassavetes_39_m
445	JohnCassavetes	31	AGE31	8664	8663_JohnCassavetes_31_m
445	JohnCassavetes	55	AGE55	8686	8685_JohnCassavetes_55_m
445	JohnCassavetes	51	AGE51	8684	8683_JohnCassavetes_51_m
445	JohnCassavetes	47	AGE47	8680	8679_JohnCassavetes_47_m
445	JohnCassavetes	48	AGE48	8682	8681_JohnCassavetes_48_m
445	JohnCassavetes	43	AGE43	8676	8675_JohnCassavetes_43_m
445	JohnCassavetes	56	AGE56	8687	8686_JohnCassavetes_56_m
445	JohnCassavetes	35	AGE35	8668	8667_JohnCassavetes_35_m
445	JohnCassavetes	42	AGE42	8675	8674_JohnCassavetes_42_m
445	JohnCassavetes	46	AGE46	8679	8678_JohnCassavetes_46_m
445	JohnCassavetes	49	AGE49	8683	8682_JohnCassavetes_49_m
445	JohnCassavetes	36	AGE36	8669	8668_JohnCassavetes_36_m
445	JohnCassavetes	37	AGE37	8670	8669_JohnCassavetes_37_m
445	JohnCassavetes	57	AGE57	8688	8687_JohnCassavetes_57_m
445	JohnCassavetes	48	AGE48	8681	8680_JohnCassavetes_48_m
445	JohnCassavetes	40	AGE40	8673	8672_JohnCassavetes_40_m
445	JohnCassavetes	34	AGE34	8667	8666_JohnCassavetes_34_m
445	JohnCassavetes	44	AGE44	8677	8676_JohnCassavetes_44_m
445	JohnCassavetes	39	AGE39	8672	8671_JohnCassavetes_39_m
445	JohnCassavetes	30	AGE30	8663	8662_JohnCassavetes_30_m
445	JohnCassavetes	45	AGE45	8678	8677_JohnCassavetes_45_m
445	JohnCassavetes	52	AGE52	8685	8684_JohnCassavetes_52_m
445	JohnCassavetes	33	AGE33	8666	8665_JohnCassavetes_33_m
445	JohnCassavetes	28	AGE28	8661	8660_JohnCassavetes_28_m
445	JohnCassavetes	27	AGE27	8660	8659_JohnCassavetes_27_m
445	JohnCassavetes	41	AGE41	8674	8673_JohnCassavetes_41_m
445	JohnCassavetes	29	AGE29	8662	8661_JohnCassavetes_29_m
446	AbeVigoda	89	AGE89	2355	2354_AbeVigoda_89_m
446	AbeVigoda	58	AGE58	2334	2333_AbeVigoda_58_m
446	AbeVigoda	64	AGE64	2339	2338_AbeVigoda_64_m
446	AbeVigoda	86	AGE86	2354	2353_AbeVigoda_86_m
446	AbeVigoda	53	AGE53	2329	2328_AbeVigoda_53_m
446	AbeVigoda	51	AGE51	2327	2326_AbeVigoda_51_m
446	AbeVigoda	57	AGE57	2333	2332_AbeVigoda_57_m
446	AbeVigoda	93	AGE93	2359	2358_AbeVigoda_93_m
446	AbeVigoda	20	AGE20	2360	2359_AbeVigoda_20_m
446	AbeVigoda	68	AGE68	2342	2341_AbeVigoda_68_m
446	AbeVigoda	91	AGE91	2357	2356_AbeVigoda_91_m
446	AbeVigoda	74	AGE74	2347	2346_AbeVigoda_74_m
446	AbeVigoda	61	AGE61	2337	2336_AbeVigoda_61_m
446	AbeVigoda	84	AGE84	2352	2351_AbeVigoda_84_m
446	AbeVigoda	76	AGE76	2348	2347_AbeVigoda_76_m
446	AbeVigoda	70	AGE70	2344	2343_AbeVigoda_70_m
446	AbeVigoda	65	AGE65	2340	2339_AbeVigoda_65_m
446	AbeVigoda	92	AGE92	2358	2357_AbeVigoda_92_m
446	AbeVigoda	54	AGE54	2330	2329_AbeVigoda_54_m
446	AbeVigoda	60	AGE60	2336	2335_AbeVigoda_60_m
446	AbeVigoda	66	AGE66	2341	2340_AbeVigoda_66_m
446	AbeVigoda	83	AGE83	2351	2350_AbeVigoda_83_m
446	AbeVigoda	52	AGE52	2328	2327_AbeVigoda_52_m
446	AbeVigoda	71	AGE71	2345	2344_AbeVigoda_71_m
446	AbeVigoda	56	AGE56	2332	2331_AbeVigoda_56_m
446	AbeVigoda	79	AGE79	2349	2348_AbeVigoda_79_m
446	AbeVigoda	62	AGE62	2338	2337_AbeVigoda_62_m
446	AbeVigoda	49	AGE49	2326	2325_AbeVigoda_49_m
446	AbeVigoda	85	AGE85	2353	2352_AbeVigoda_85_m
446	AbeVigoda	72	AGE72	2346	2345_AbeVigoda_72_m
446	AbeVigoda	69	AGE69	2343	2342_AbeVigoda_69_m
446	AbeVigoda	90	AGE90	2356	2355_AbeVigoda_90_m
446	AbeVigoda	59	AGE59	2335	2334_AbeVigoda_59_m
446	AbeVigoda	55	AGE55	2331	2330_AbeVigoda_55_m
446	AbeVigoda	80	AGE80	2350	2349_AbeVigoda_80_m
447	GlennClose	33	AGE33	9983	9982_GlennClose_33_f
447	GlennClose	58	AGE58	9998	9997_GlennClose_58_f
447	GlennClose	40	AGE40	9986	9985_GlennClose_40_f
447	GlennClose	54	AGE54	9996	9995_GlennClose_54_f
447	GlennClose	59	AGE59	9999	9998_GlennClose_59_f
447	GlennClose	34	AGE34	9984	9983_GlennClose_34_f
447	GlennClose	62	AGE62	10001	10000_GlennClose_62_f
447	GlennClose	61	AGE61	10000	9999_GlennClose_61_f
447	GlennClose	44	AGE44	9990	9989_GlennClose_44_f
447	GlennClose	51	AGE51	9993	9992_GlennClose_51_f
447	GlennClose	52	AGE52	9994	9993_GlennClose_52_f
447	GlennClose	39	AGE39	9985	9984_GlennClose_39_f
447	GlennClose	56	AGE56	9997	9996_GlennClose_56_f
447	GlennClose	49	AGE49	9991	9990_GlennClose_49_f
447	GlennClose	53	AGE53	9995	9994_GlennClose_53_f
447	GlennClose	31	AGE31	9981	9980_GlennClose_31_f
447	GlennClose	32	AGE32	9982	9981_GlennClose_32_f
447	GlennClose	43	AGE43	9989	9988_GlennClose_43_f
447	GlennClose	18	AGE18	9980	9979_GlennClose_18_f
447	GlennClose	50	AGE50	9992	9991_GlennClose_50_f
447	GlennClose	41	AGE41	9987	9986_GlennClose_41_f
447	GlennClose	42	AGE42	9988	9987_GlennClose_42_f
448	AlbertSchweitzer	80	AGE80	1170	1169_AlbertSchweitzer_80_m
448	AlbertSchweitzer	50	AGE50	1165	1164_AlbertSchweitzer_50_m
448	AlbertSchweitzer	68	AGE68	1174	1173_AlbertSchweitzer_68_m
448	AlbertSchweitzer	88	AGE88	1167	1166_AlbertSchweitzer_88_m
448	AlbertSchweitzer	68	AGE68	1166	1165_AlbertSchweitzer_68_m
448	AlbertSchweitzer	58	AGE58	1168	1167_AlbertSchweitzer_58_m
448	AlbertSchweitzer	67	AGE67	1177	1176_AlbertSchweitzer_67_m
448	AlbertSchweitzer	78	AGE78	1173	1172_AlbertSchweitzer_78_m
448	AlbertSchweitzer	72	AGE72	1169	1168_AlbertSchweitzer_72_m
448	AlbertSchweitzer	75	AGE75	1164	1163_AlbertSchweitzer_75_m
448	AlbertSchweitzer	25	AGE25	1178	1177_AlbertSchweitzer_25_m
448	AlbertSchweitzer	79	AGE79	1172	1171_AlbertSchweitzer_79_m
448	AlbertSchweitzer	70	AGE70	1171	1170_AlbertSchweitzer_70_m
449	ZsaZsaGabor	91	AGE91	11396	11395_ZsaZsaGabor_91_f
449	ZsaZsaGabor	23	AGE23	11366	11365_ZsaZsaGabor_23_f
449	ZsaZsaGabor	73	AGE73	11387	11386_ZsaZsaGabor_73_f
449	ZsaZsaGabor	22	AGE22	11365	11364_ZsaZsaGabor_22_f
449	ZsaZsaGabor	53	AGE53	11380	11379_ZsaZsaGabor_53_f
449	ZsaZsaGabor	50	AGE50	11379	11378_ZsaZsaGabor_50_f
449	ZsaZsaGabor	82	AGE82	11393	11392_ZsaZsaGabor_82_f
449	ZsaZsaGabor	45	AGE45	11375	11374_ZsaZsaGabor_45_f
449	ZsaZsaGabor	78	AGE78	11391	11390_ZsaZsaGabor_78_f
449	ZsaZsaGabor	80	AGE80	11392	11391_ZsaZsaGabor_80_f
449	ZsaZsaGabor	90	AGE90	11395	11394_ZsaZsaGabor_90_f
449	ZsaZsaGabor	35	AGE35	11369	11368_ZsaZsaGabor_35_f
449	ZsaZsaGabor	83	AGE83	11394	11393_ZsaZsaGabor_83_f
449	ZsaZsaGabor	64	AGE64	11384	11383_ZsaZsaGabor_64_f
449	ZsaZsaGabor	31	AGE31	11368	11367_ZsaZsaGabor_31_f
449	ZsaZsaGabor	76	AGE76	11389	11388_ZsaZsaGabor_76_f
449	ZsaZsaGabor	57	AGE57	11382	11381_ZsaZsaGabor_57_f
449	ZsaZsaGabor	94	AGE94	11397	11396_ZsaZsaGabor_94_f
449	ZsaZsaGabor	42	AGE42	11373	11372_ZsaZsaGabor_42_f
449	ZsaZsaGabor	6	AGE6	11364	11363_ZsaZsaGabor_6_f
449	ZsaZsaGabor	37	AGE37	11370	11369_ZsaZsaGabor_37_f
449	ZsaZsaGabor	95	AGE95	11398	11397_ZsaZsaGabor_95_f
449	ZsaZsaGabor	72	AGE72	11386	11385_ZsaZsaGabor_72_f
449	ZsaZsaGabor	39	AGE39	11371	11370_ZsaZsaGabor_39_f
449	ZsaZsaGabor	49	AGE49	11378	11377_ZsaZsaGabor_49_f
449	ZsaZsaGabor	58	AGE58	11383	11382_ZsaZsaGabor_58_f
449	ZsaZsaGabor	48	AGE48	11377	11376_ZsaZsaGabor_48_f
449	ZsaZsaGabor	65	AGE65	11385	11384_ZsaZsaGabor_65_f
449	ZsaZsaGabor	96	AGE96	11399	11398_ZsaZsaGabor_96_f
449	ZsaZsaGabor	27	AGE27	11367	11366_ZsaZsaGabor_27_f
449	ZsaZsaGabor	44	AGE44	11374	11373_ZsaZsaGabor_44_f
449	ZsaZsaGabor	47	AGE47	11376	11375_ZsaZsaGabor_47_f
449	ZsaZsaGabor	77	AGE77	11390	11389_ZsaZsaGabor_77_f
449	ZsaZsaGabor	55	AGE55	11381	11380_ZsaZsaGabor_55_f
449	ZsaZsaGabor	75	AGE75	11388	11387_ZsaZsaGabor_75_f
449	ZsaZsaGabor	41	AGE41	11372	11371_ZsaZsaGabor_41_f
450	RobertOppenheimer	40	AGE40	1234	1233_RobertOppenheimer_40_m
450	RobertOppenheimer	26	AGE26	1244	1243_RobertOppenheimer_26_m
450	RobertOppenheimer	52	AGE52	1237	1236_RobertOppenheimer_52_m
450	RobertOppenheimer	42	AGE42	1235	1234_RobertOppenheimer_42_m
450	RobertOppenheimer	40	AGE40	1242	1241_RobertOppenheimer_40_m
450	RobertOppenheimer	23	AGE23	1246	1245_RobertOppenheimer_23_m
450	RobertOppenheimer	52	AGE52	1247	1246_RobertOppenheimer_52_m
450	RobertOppenheimer	61	AGE61	1245	1244_RobertOppenheimer_61_m
450	RobertOppenheimer	58	AGE58	1240	1239_RobertOppenheimer_58_m
450	RobertOppenheimer	52	AGE52	1241	1240_RobertOppenheimer_52_m
450	RobertOppenheimer	50	AGE50	1238	1237_RobertOppenheimer_50_m
450	RobertOppenheimer	11	AGE11	1243	1242_RobertOppenheimer_11_m
450	RobertOppenheimer	40	AGE40	1239	1238_RobertOppenheimer_40_m
450	RobertOppenheimer	59	AGE59	1233	1232_RobertOppenheimer_59_m
450	RobertOppenheimer	54	AGE54	1236	1235_RobertOppenheimer_54_m
451	BurtLancaster	47	AGE47	9295	9294_BurtLancaster_47_m
451	BurtLancaster	44	AGE44	9281	9280_BurtLancaster_44_m
451	BurtLancaster	72	AGE72	9286	9285_BurtLancaster_72_m
451	BurtLancaster	67	AGE67	9308	9307_BurtLancaster_67_m
451	BurtLancaster	42	AGE42	9293	9292_BurtLancaster_42_m
451	BurtLancaster	43	AGE43	9307	9306_BurtLancaster_43_m
451	BurtLancaster	38	AGE38	9290	9289_BurtLancaster_38_m
451	BurtLancaster	48	AGE48	9282	9281_BurtLancaster_48_m
451	BurtLancaster	42	AGE42	9277	9276_BurtLancaster_42_m
451	BurtLancaster	43	AGE43	9294	9293_BurtLancaster_43_m
451	BurtLancaster	38	AGE38	9298	9297_BurtLancaster_38_m
451	BurtLancaster	43	AGE43	9305	9304_BurtLancaster_43_m
451	BurtLancaster	49	AGE49	9301	9300_BurtLancaster_49_m
451	BurtLancaster	76	AGE76	9272	9271_BurtLancaster_76_m
451	BurtLancaster	35	AGE35	9296	9295_BurtLancaster_35_m
451	BurtLancaster	40	AGE40	9273	9272_BurtLancaster_40_m
451	BurtLancaster	50	AGE50	9274	9273_BurtLancaster_50_m
451	BurtLancaster	35	AGE35	9289	9288_BurtLancaster_35_m
451	BurtLancaster	34	AGE34	9275	9274_BurtLancaster_34_m
451	BurtLancaster	56	AGE56	9302	9301_BurtLancaster_56_m
451	BurtLancaster	49	AGE49	9303	9302_BurtLancaster_49_m
451	BurtLancaster	51	AGE51	9297	9296_BurtLancaster_51_m
451	BurtLancaster	37	AGE37	9285	9284_BurtLancaster_37_m
451	BurtLancaster	36	AGE36	9276	9275_BurtLancaster_36_m
451	BurtLancaster	36	AGE36	9304	9303_BurtLancaster_36_m
451	BurtLancaster	56	AGE56	9283	9282_BurtLancaster_56_m
451	BurtLancaster	73	AGE73	9306	9305_BurtLancaster_73_m
451	BurtLancaster	39	AGE39	9299	9298_BurtLancaster_39_m
451	BurtLancaster	67	AGE67	9287	9286_BurtLancaster_67_m
451	BurtLancaster	67	AGE67	9288	9287_BurtLancaster_67_m
451	BurtLancaster	39	AGE39	9279	9278_BurtLancaster_39_m
451	BurtLancaster	63	AGE63	9292	9291_BurtLancaster_63_m
451	BurtLancaster	51	AGE51	9284	9283_BurtLancaster_51_m
451	BurtLancaster	39	AGE39	9280	9279_BurtLancaster_39_m
451	BurtLancaster	47	AGE47	9300	9299_BurtLancaster_47_m
451	BurtLancaster	38	AGE38	9278	9277_BurtLancaster_38_m
451	BurtLancaster	33	AGE33	9291	9290_BurtLancaster_33_m
452	GordonThomson	61	AGE61	4600	4599_GordonThomson_61_m
452	GordonThomson	63	AGE63	4602	4601_GordonThomson_63_m
452	GordonThomson	60	AGE60	4599	4598_GordonThomson_60_m
452	GordonThomson	43	AGE43	4591	4590_GordonThomson_43_m
452	GordonThomson	65	AGE65	4604	4603_GordonThomson_65_m
452	GordonThomson	70	AGE70	4609	4608_GordonThomson_70_m
452	GordonThomson	37	AGE37	4584	4583_GordonThomson_37_m
452	GordonThomson	55	AGE55	4597	4596_GordonThomson_55_m
452	GordonThomson	39	AGE39	4586	4585_GordonThomson_39_m
452	GordonThomson	44	AGE44	4592	4591_GordonThomson_44_m
452	GordonThomson	62	AGE62	4601	4600_GordonThomson_62_m
452	GordonThomson	66	AGE66	4605	4604_GordonThomson_66_m
452	GordonThomson	50	AGE50	4595	4594_GordonThomson_50_m
452	GordonThomson	69	AGE69	4608	4607_GordonThomson_69_m
452	GordonThomson	41	AGE41	4588	4587_GordonThomson_41_m
452	GordonThomson	36	AGE36	4583	4582_GordonThomson_36_m
452	GordonThomson	64	AGE64	4603	4602_GordonThomson_64_m
452	GordonThomson	53	AGE53	4596	4595_GordonThomson_53_m
452	GordonThomson	38	AGE38	4585	4584_GordonThomson_38_m
452	GordonThomson	35	AGE35	4582	4581_GordonThomson_35_m
452	GordonThomson	45	AGE45	4593	4592_GordonThomson_45_m
452	GordonThomson	46	AGE46	4594	4593_GordonThomson_46_m
452	GordonThomson	68	AGE68	4607	4606_GordonThomson_68_m
452	GordonThomson	57	AGE57	4598	4597_GordonThomson_57_m
452	GordonThomson	67	AGE67	4606	4605_GordonThomson_67_m
452	GordonThomson	40	AGE40	4587	4586_GordonThomson_40_m
452	GordonThomson	42	AGE42	4590	4589_GordonThomson_42_m
452	GordonThomson	41	AGE41	4589	4588_GordonThomson_41_m
453	DaliahLavi	30	AGE30	10947	10946_DaliahLavi_30_f
453	DaliahLavi	34	AGE34	10950	10949_DaliahLavi_34_f
453	DaliahLavi	25	AGE25	10942	10941_DaliahLavi_25_f
453	DaliahLavi	23	AGE23	10939	10938_DaliahLavi_23_f
453	DaliahLavi	60	AGE60	10958	10957_DaliahLavi_60_f
453	DaliahLavi	24	AGE24	10941	10940_DaliahLavi_24_f
453	DaliahLavi	33	AGE33	10949	10948_DaliahLavi_33_f
453	DaliahLavi	49	AGE49	10955	10954_DaliahLavi_49_f
453	DaliahLavi	28	AGE28	10945	10944_DaliahLavi_28_f
453	DaliahLavi	66	AGE66	10961	10960_DaliahLavi_66_f
453	DaliahLavi	35	AGE35	10951	10950_DaliahLavi_35_f
453	DaliahLavi	53	AGE53	10956	10955_DaliahLavi_53_f
453	DaliahLavi	38	AGE38	10952	10951_DaliahLavi_38_f
453	DaliahLavi	47	AGE47	10954	10953_DaliahLavi_47_f
453	DaliahLavi	27	AGE27	10944	10943_DaliahLavi_27_f
453	DaliahLavi	41	AGE41	10953	10952_DaliahLavi_41_f
453	DaliahLavi	58	AGE58	10957	10956_DaliahLavi_58_f
453	DaliahLavi	22	AGE22	10938	10937_DaliahLavi_22_f
453	DaliahLavi	24	AGE24	10940	10939_DaliahLavi_24_f
453	DaliahLavi	68	AGE68	10962	10961_DaliahLavi_68_f
453	DaliahLavi	72	AGE72	10964	10963_DaliahLavi_72_f
453	DaliahLavi	26	AGE26	10943	10942_DaliahLavi_26_f
453	DaliahLavi	29	AGE29	10946	10945_DaliahLavi_29_f
453	DaliahLavi	21	AGE21	10937	10936_DaliahLavi_21_f
453	DaliahLavi	71	AGE71	10963	10962_DaliahLavi_71_f
453	DaliahLavi	31	AGE31	10948	10947_DaliahLavi_31_f
453	DaliahLavi	62	AGE62	10959	10958_DaliahLavi_62_f
453	DaliahLavi	64	AGE64	10960	10959_DaliahLavi_64_f
454	JerryLewis	39	AGE39	2658	2657_JerryLewis_39_m
454	JerryLewis	45	AGE45	2664	2663_JerryLewis_45_m
454	JerryLewis	20	AGE20	2654	2653_JerryLewis_20_m
454	JerryLewis	65	AGE65	2666	2665_JerryLewis_65_m
454	JerryLewis	85	AGE85	2662	2661_JerryLewis_85_m
454	JerryLewis	34	AGE34	2653	2652_JerryLewis_34_m
454	JerryLewis	78	AGE78	2668	2667_JerryLewis_78_m
454	JerryLewis	28	AGE28	2665	2664_JerryLewis_28_m
454	JerryLewis	24	AGE24	2655	2654_JerryLewis_24_m
454	JerryLewis	74	AGE74	2667	2666_JerryLewis_74_m
454	JerryLewis	87	AGE87	2671	2670_JerryLewis_87_m
454	JerryLewis	65	AGE65	2660	2659_JerryLewis_65_m
454	JerryLewis	38	AGE38	2670	2669_JerryLewis_38_m
454	JerryLewis	82	AGE82	2661	2660_JerryLewis_82_m
454	JerryLewis	33	AGE33	2669	2668_JerryLewis_33_m
454	JerryLewis	40	AGE40	2659	2658_JerryLewis_40_m
454	JerryLewis	32	AGE32	2663	2662_JerryLewis_32_m
454	JerryLewis	37	AGE37	2656	2655_JerryLewis_37_m
454	JerryLewis	38	AGE38	2657	2656_JerryLewis_38_m
455	AlanRickman	60	AGE60	3027	3026_AlanRickman_60_m
455	AlanRickman	65	AGE65	3032	3031_AlanRickman_65_m
455	AlanRickman	45	AGE45	3016	3015_AlanRickman_45_m
455	AlanRickman	32	AGE32	3008	3007_AlanRickman_32_m
455	AlanRickman	55	AGE55	3023	3022_AlanRickman_55_m
455	AlanRickman	62	AGE62	3029	3028_AlanRickman_62_m
455	AlanRickman	66	AGE66	3033	3032_AlanRickman_66_m
455	AlanRickman	28	AGE28	3006	3005_AlanRickman_28_m
455	AlanRickman	57	AGE57	3024	3023_AlanRickman_57_m
455	AlanRickman	59	AGE59	3026	3025_AlanRickman_59_m
455	AlanRickman	48	AGE48	3018	3017_AlanRickman_48_m
455	AlanRickman	42	AGE42	3013	3012_AlanRickman_42_m
455	AlanRickman	30	AGE30	3007	3006_AlanRickman_30_m
455	AlanRickman	35	AGE35	3010	3009_AlanRickman_35_m
455	AlanRickman	64	AGE64	3031	3030_AlanRickman_64_m
455	AlanRickman	36	AGE36	3011	3010_AlanRickman_36_m
455	AlanRickman	43	AGE43	3014	3013_AlanRickman_43_m
455	AlanRickman	61	AGE61	3028	3027_AlanRickman_61_m
455	AlanRickman	34	AGE34	3009	3008_AlanRickman_34_m
455	AlanRickman	63	AGE63	3030	3029_AlanRickman_63_m
455	AlanRickman	46	AGE46	3017	3016_AlanRickman_46_m
455	AlanRickman	58	AGE58	3025	3024_AlanRickman_58_m
455	AlanRickman	44	AGE44	3015	3014_AlanRickman_44_m
455	AlanRickman	39	AGE39	3012	3011_AlanRickman_39_m
455	AlanRickman	54	AGE54	3022	3021_AlanRickman_54_m
455	AlanRickman	49	AGE49	3019	3018_AlanRickman_49_m
455	AlanRickman	53	AGE53	3021	3020_AlanRickman_53_m
455	AlanRickman	67	AGE67	3034	3033_AlanRickman_67_m
455	AlanRickman	69	AGE69	3035	3034_AlanRickman_69_m
455	AlanRickman	52	AGE52	3020	3019_AlanRickman_52_m
456	Fotopoulos	65	AGE65	5264	5263_Fotopoulos_65_m
456	Fotopoulos	57	AGE57	5259	5258_Fotopoulos_57_m
456	Fotopoulos	37	AGE37	5255	5254_Fotopoulos_37_m
456	Fotopoulos	49	AGE49	5261	5260_Fotopoulos_49_m
456	Fotopoulos	43	AGE43	5254	5253_Fotopoulos_43_m
456	Fotopoulos	45	AGE45	5253	5252_Fotopoulos_45_m
456	Fotopoulos	64	AGE64	5266	5265_Fotopoulos_64_m
456	Fotopoulos	57	AGE57	5268	5267_Fotopoulos_57_m
456	Fotopoulos	49	AGE49	5256	5255_Fotopoulos_49_m
456	Fotopoulos	58	AGE58	5260	5259_Fotopoulos_58_m
456	Fotopoulos	50	AGE50	5257	5256_Fotopoulos_50_m
456	Fotopoulos	49	AGE49	5258	5257_Fotopoulos_49_m
456	Fotopoulos	40	AGE40	5251	5250_Fotopoulos_40_m
456	Fotopoulos	70	AGE70	5252	5251_Fotopoulos_70_m
456	Fotopoulos	58	AGE58	5267	5266_Fotopoulos_58_m
456	Fotopoulos	43	AGE43	5265	5264_Fotopoulos_43_m
456	Fotopoulos	72	AGE72	5263	5262_Fotopoulos_72_m
456	Fotopoulos	74	AGE74	5262	5261_Fotopoulos_74_m
457	JeffBridges	44	AGE44	3336	3335_JeffBridges_44_m
457	JeffBridges	46	AGE46	3337	3336_JeffBridges_46_m
457	JeffBridges	57	AGE57	3344	3343_JeffBridges_57_m
457	JeffBridges	10	AGE10	3320	3319_JeffBridges_10_m
457	JeffBridges	60	AGE60	3347	3346_JeffBridges_60_m
457	JeffBridges	29	AGE29	3330	3329_JeffBridges_29_m
457	JeffBridges	26	AGE26	3327	3326_JeffBridges_26_m
457	JeffBridges	53	AGE53	3341	3340_JeffBridges_53_m
457	JeffBridges	28	AGE28	3329	3328_JeffBridges_28_m
457	JeffBridges	51	AGE51	3339	3338_JeffBridges_51_m
457	JeffBridges	17	AGE17	3321	3320_JeffBridges_17_m
457	JeffBridges	64	AGE64	3349	3348_JeffBridges_64_m
457	JeffBridges	41	AGE41	3335	3334_JeffBridges_41_m
457	JeffBridges	24	AGE24	3326	3325_JeffBridges_24_m
457	JeffBridges	19	AGE19	3322	3321_JeffBridges_19_m
457	JeffBridges	35	AGE35	3331	3330_JeffBridges_35_m
457	JeffBridges	55	AGE55	3342	3341_JeffBridges_55_m
457	JeffBridges	61	AGE61	3348	3347_JeffBridges_61_m
457	JeffBridges	24	AGE24	3325	3324_JeffBridges_24_m
457	JeffBridges	40	AGE40	3334	3333_JeffBridges_40_m
457	JeffBridges	59	AGE59	3345	3344_JeffBridges_59_m
457	JeffBridges	38	AGE38	3333	3332_JeffBridges_38_m
457	JeffBridges	56	AGE56	3343	3342_JeffBridges_56_m
457	JeffBridges	21	AGE21	3323	3322_JeffBridges_21_m
457	JeffBridges	52	AGE52	3340	3339_JeffBridges_52_m
457	JeffBridges	36	AGE36	3332	3331_JeffBridges_36_m
457	JeffBridges	23	AGE23	3324	3323_JeffBridges_23_m
457	JeffBridges	47	AGE47	3338	3337_JeffBridges_47_m
457	JeffBridges	27	AGE27	3328	3327_JeffBridges_27_m
457	JeffBridges	59	AGE59	3346	3345_JeffBridges_59_m
458	JeanMarais	48	AGE48	5969	5968_JeanMarais_48_m
458	JeanMarais	69	AGE69	5979	5978_JeanMarais_69_m
458	JeanMarais	49	AGE49	5970	5969_JeanMarais_49_m
458	JeanMarais	47	AGE47	5968	5967_JeanMarais_47_m
458	JeanMarais	52	AGE52	5972	5971_JeanMarais_52_m
458	JeanMarais	45	AGE45	5967	5966_JeanMarais_45_m
458	JeanMarais	59	AGE59	5976	5975_JeanMarais_59_m
458	JeanMarais	38	AGE38	5964	5963_JeanMarais_38_m
458	JeanMarais	31	AGE31	5956	5955_JeanMarais_31_m
458	JeanMarais	51	AGE51	5971	5970_JeanMarais_51_m
458	JeanMarais	57	AGE57	5975	5974_JeanMarais_57_m
458	JeanMarais	56	AGE56	5974	5973_JeanMarais_56_m
458	JeanMarais	81	AGE81	5984	5983_JeanMarais_81_m
458	JeanMarais	77	AGE77	5981	5980_JeanMarais_77_m
458	JeanMarais	53	AGE53	5973	5972_JeanMarais_53_m
458	JeanMarais	37	AGE37	5963	5962_JeanMarais_37_m
458	JeanMarais	33	AGE33	5959	5958_JeanMarais_33_m
458	JeanMarais	67	AGE67	5978	5977_JeanMarais_67_m
458	JeanMarais	73	AGE73	5980	5979_JeanMarais_73_m
458	JeanMarais	24	AGE24	5951	5950_JeanMarais_24_m
458	JeanMarais	30	AGE30	5955	5954_JeanMarais_30_m
458	JeanMarais	85	AGE85	5988	5987_JeanMarais_85_m
458	JeanMarais	29	AGE29	5954	5953_JeanMarais_29_m
458	JeanMarais	84	AGE84	5987	5986_JeanMarais_84_m
458	JeanMarais	31	AGE31	5957	5956_JeanMarais_31_m
458	JeanMarais	27	AGE27	5953	5952_JeanMarais_27_m
458	JeanMarais	80	AGE80	5983	5982_JeanMarais_80_m
458	JeanMarais	83	AGE83	5986	5985_JeanMarais_83_m
458	JeanMarais	25	AGE25	5952	5951_JeanMarais_25_m
458	JeanMarais	82	AGE82	5985	5984_JeanMarais_82_m
458	JeanMarais	17	AGE17	5950	5949_JeanMarais_17_m
458	JeanMarais	44	AGE44	5966	5965_JeanMarais_44_m
458	JeanMarais	43	AGE43	5965	5964_JeanMarais_43_m
458	JeanMarais	32	AGE32	5958	5957_JeanMarais_32_m
458	JeanMarais	66	AGE66	5977	5976_JeanMarais_66_m
458	JeanMarais	36	AGE36	5962	5961_JeanMarais_36_m
458	JeanMarais	35	AGE35	5961	5960_JeanMarais_35_m
458	JeanMarais	34	AGE34	5960	5959_JeanMarais_34_m
458	JeanMarais	79	AGE79	5982	5981_JeanMarais_79_m
459	WilliamShatner	39	AGE39	6091	6090_WilliamShatner_39_m
459	WilliamShatner	55	AGE55	6077	6076_WilliamShatner_55_m
459	WilliamShatner	65	AGE65	6082	6081_WilliamShatner_65_m
459	WilliamShatner	48	AGE48	6074	6073_WilliamShatner_48_m
459	WilliamShatner	70	AGE70	6085	6084_WilliamShatner_70_m
459	WilliamShatner	38	AGE38	6067	6066_WilliamShatner_38_m
459	WilliamShatner	81	AGE81	6095	6094_WilliamShatner_81_m
459	WilliamShatner	52	AGE52	6076	6075_WilliamShatner_52_m
459	WilliamShatner	67	AGE67	6083	6082_WilliamShatner_67_m
459	WilliamShatner	75	AGE75	6094	6093_WilliamShatner_75_m
459	WilliamShatner	77	AGE77	6089	6088_WilliamShatner_77_m
459	WilliamShatner	27	AGE27	6061	6060_WilliamShatner_27_m
459	WilliamShatner	29	AGE29	6063	6062_WilliamShatner_29_m
459	WilliamShatner	32	AGE32	6064	6063_WilliamShatner_32_m
459	WilliamShatner	44	AGE44	6071	6070_WilliamShatner_44_m
459	WilliamShatner	71	AGE71	6086	6085_WilliamShatner_71_m
459	WilliamShatner	50	AGE50	6075	6074_WilliamShatner_50_m
459	WilliamShatner	33	AGE33	6065	6064_WilliamShatner_33_m
459	WilliamShatner	36	AGE36	6066	6065_WilliamShatner_36_m
459	WilliamShatner	64	AGE64	6081	6080_WilliamShatner_64_m
459	WilliamShatner	76	AGE76	6088	6087_WilliamShatner_76_m
459	WilliamShatner	47	AGE47	6073	6072_WilliamShatner_47_m
459	WilliamShatner	69	AGE69	6084	6083_WilliamShatner_69_m
459	WilliamShatner	40	AGE40	6068	6067_WilliamShatner_40_m
459	WilliamShatner	63	AGE63	6080	6079_WilliamShatner_63_m
459	WilliamShatner	28	AGE28	6062	6061_WilliamShatner_28_m
459	WilliamShatner	80	AGE80	6090	6089_WilliamShatner_80_m
459	WilliamShatner	42	AGE42	6070	6069_WilliamShatner_42_m
459	WilliamShatner	45	AGE45	6072	6071_WilliamShatner_45_m
459	WilliamShatner	60	AGE60	6079	6078_WilliamShatner_60_m
459	WilliamShatner	74	AGE74	6087	6086_WilliamShatner_74_m
459	WilliamShatner	58	AGE58	6078	6077_WilliamShatner_58_m
459	WilliamShatner	72	AGE72	6093	6092_WilliamShatner_72_m
459	WilliamShatner	41	AGE41	6069	6068_WilliamShatner_41_m
459	WilliamShatner	24	AGE24	6060	6059_WilliamShatner_24_m
459	WilliamShatner	49	AGE49	6092	6091_WilliamShatner_49_m
460	AnneBaxter	31	AGE31	12501	12500_AnneBaxter_31_f
460	AnneBaxter	42	AGE42	12522	12521_AnneBaxter_42_f
460	AnneBaxter	28	AGE28	12499	12498_AnneBaxter_28_f
460	AnneBaxter	23	AGE23	12496	12495_AnneBaxter_23_f
460	AnneBaxter	53	AGE53	12517	12516_AnneBaxter_53_f
460	AnneBaxter	27	AGE27	12498	12497_AnneBaxter_27_f
460	AnneBaxter	36	AGE36	12506	12505_AnneBaxter_36_f
460	AnneBaxter	48	AGE48	12524	12523_AnneBaxter_48_f
460	AnneBaxter	17	AGE17	12488	12487_AnneBaxter_17_f
460	AnneBaxter	61	AGE61	12529	12528_AnneBaxter_61_f
460	AnneBaxter	41	AGE41	12510	12509_AnneBaxter_41_f
460	AnneBaxter	62	AGE62	12518	12517_AnneBaxter_62_f
460	AnneBaxter	38	AGE38	12521	12520_AnneBaxter_38_f
460	AnneBaxter	25	AGE25	12497	12496_AnneBaxter_25_f
460	AnneBaxter	44	AGE44	12512	12511_AnneBaxter_44_f
460	AnneBaxter	43	AGE43	12511	12510_AnneBaxter_43_f
460	AnneBaxter	59	AGE59	12527	12526_AnneBaxter_59_f
460	AnneBaxter	16	AGE16	12493	12492_AnneBaxter_16_f
460	AnneBaxter	60	AGE60	12528	12527_AnneBaxter_60_f
460	AnneBaxter	18	AGE18	12494	12493_AnneBaxter_18_f
460	AnneBaxter	32	AGE32	12502	12501_AnneBaxter_32_f
460	AnneBaxter	20	AGE20	12490	12489_AnneBaxter_20_f
460	AnneBaxter	22	AGE22	12495	12494_AnneBaxter_22_f
460	AnneBaxter	24	AGE24	12492	12491_AnneBaxter_24_f
460	AnneBaxter	21	AGE21	12491	12490_AnneBaxter_21_f
460	AnneBaxter	39	AGE39	12508	12507_AnneBaxter_39_f
460	AnneBaxter	56	AGE56	12525	12524_AnneBaxter_56_f
460	AnneBaxter	62	AGE62	12530	12529_AnneBaxter_62_f
460	AnneBaxter	51	AGE51	12516	12515_AnneBaxter_51_f
460	AnneBaxter	50	AGE50	12515	12514_AnneBaxter_50_f
460	AnneBaxter	40	AGE40	12509	12508_AnneBaxter_40_f
460	AnneBaxter	30	AGE30	12500	12499_AnneBaxter_30_f
460	AnneBaxter	26	AGE26	12519	12518_AnneBaxter_26_f
460	AnneBaxter	35	AGE35	12505	12504_AnneBaxter_35_f
460	AnneBaxter	19	AGE19	12489	12488_AnneBaxter_19_f
460	AnneBaxter	34	AGE34	12504	12503_AnneBaxter_34_f
460	AnneBaxter	46	AGE46	12523	12522_AnneBaxter_46_f
460	AnneBaxter	29	AGE29	12520	12519_AnneBaxter_29_f
460	AnneBaxter	58	AGE58	12526	12525_AnneBaxter_58_f
460	AnneBaxter	37	AGE37	12507	12506_AnneBaxter_37_f
460	AnneBaxter	49	AGE49	12514	12513_AnneBaxter_49_f
460	AnneBaxter	45	AGE45	12513	12512_AnneBaxter_45_f
460	AnneBaxter	33	AGE33	12503	12502_AnneBaxter_33_f
461	TimCurry	59	AGE59	1751	1750_TimCurry_59_m
461	TimCurry	60	AGE60	1752	1751_TimCurry_60_m
461	TimCurry	32	AGE32	1729	1728_TimCurry_32_m
461	TimCurry	53	AGE53	1745	1744_TimCurry_53_m
461	TimCurry	39	AGE39	1735	1734_TimCurry_39_m
461	TimCurry	62	AGE62	1754	1753_TimCurry_62_m
461	TimCurry	35	AGE35	1732	1731_TimCurry_35_m
461	TimCurry	44	AGE44	1737	1736_TimCurry_44_m
461	TimCurry	67	AGE67	1759	1758_TimCurry_67_m
461	TimCurry	48	AGE48	1741	1740_TimCurry_48_m
461	TimCurry	66	AGE66	1758	1757_TimCurry_66_m
461	TimCurry	25	AGE25	1724	1723_TimCurry_25_m
461	TimCurry	46	AGE46	1739	1738_TimCurry_46_m
461	TimCurry	63	AGE63	1755	1754_TimCurry_63_m
461	TimCurry	58	AGE58	1750	1749_TimCurry_58_m
461	TimCurry	26	AGE26	1725	1724_TimCurry_26_m
461	TimCurry	64	AGE64	1756	1755_TimCurry_64_m
461	TimCurry	45	AGE45	1738	1737_TimCurry_45_m
461	TimCurry	47	AGE47	1740	1739_TimCurry_47_m
461	TimCurry	37	AGE37	1734	1733_TimCurry_37_m
461	TimCurry	34	AGE34	1731	1730_TimCurry_34_m
461	TimCurry	29	AGE29	1727	1726_TimCurry_29_m
461	TimCurry	54	AGE54	1746	1745_TimCurry_54_m
461	TimCurry	51	AGE51	1743	1742_TimCurry_51_m
461	TimCurry	57	AGE57	1749	1748_TimCurry_57_m
461	TimCurry	56	AGE56	1748	1747_TimCurry_56_m
461	TimCurry	30	AGE30	1728	1727_TimCurry_30_m
461	TimCurry	52	AGE52	1744	1743_TimCurry_52_m
461	TimCurry	69	AGE69	1760	1759_TimCurry_69_m
461	TimCurry	28	AGE28	1726	1725_TimCurry_28_m
461	TimCurry	50	AGE50	1742	1741_TimCurry_50_m
461	TimCurry	61	AGE61	1753	1752_TimCurry_61_m
461	TimCurry	42	AGE42	1736	1735_TimCurry_42_m
461	TimCurry	65	AGE65	1757	1756_TimCurry_65_m
461	TimCurry	36	AGE36	1733	1732_TimCurry_36_m
461	TimCurry	33	AGE33	1730	1729_TimCurry_33_m
461	TimCurry	55	AGE55	1747	1746_TimCurry_55_m
462	KateOMara	73	AGE73	15624	15623_KateOMara_73_f
462	KateOMara	41	AGE41	15598	15597_KateOMara_41_f
462	KateOMara	35	AGE35	15592	15591_KateOMara_35_f
462	KateOMara	56	AGE56	15612	15611_KateOMara_56_f
462	KateOMara	42	AGE42	15599	15598_KateOMara_42_f
462	KateOMara	33	AGE33	15590	15589_KateOMara_33_f
462	KateOMara	29	AGE29	15586	15585_KateOMara_29_f
462	KateOMara	64	AGE64	15616	15615_KateOMara_64_f
462	KateOMara	31	AGE31	15588	15587_KateOMara_31_f
462	KateOMara	50	AGE50	15607	15606_KateOMara_50_f
462	KateOMara	62	AGE62	15615	15614_KateOMara_62_f
462	KateOMara	23	AGE23	15580	15579_KateOMara_23_f
462	KateOMara	38	AGE38	15596	15595_KateOMara_38_f
462	KateOMara	37	AGE37	15595	15594_KateOMara_37_f
462	KateOMara	36	AGE36	15594	15593_KateOMara_36_f
462	KateOMara	27	AGE27	15584	15583_KateOMara_27_f
462	KateOMara	70	AGE70	15622	15621_KateOMara_70_f
462	KateOMara	68	AGE68	15620	15619_KateOMara_68_f
462	KateOMara	25	AGE25	15582	15581_KateOMara_25_f
462	KateOMara	21	AGE21	15578	15577_KateOMara_21_f
462	KateOMara	58	AGE58	15614	15613_KateOMara_58_f
462	KateOMara	34	AGE34	15591	15590_KateOMara_34_f
462	KateOMara	57	AGE57	15613	15612_KateOMara_57_f
462	KateOMara	22	AGE22	15579	15578_KateOMara_22_f
462	KateOMara	69	AGE69	15621	15620_KateOMara_69_f
462	KateOMara	46	AGE46	15603	15602_KateOMara_46_f
462	KateOMara	39	AGE39	15597	15596_KateOMara_39_f
462	KateOMara	32	AGE32	15589	15588_KateOMara_32_f
462	KateOMara	75	AGE75	15625	15624_KateOMara_75_f
462	KateOMara	26	AGE26	15583	15582_KateOMara_26_f
462	KateOMara	47	AGE47	15604	15603_KateOMara_47_f
462	KateOMara	71	AGE71	15623	15622_KateOMara_71_f
462	KateOMara	43	AGE43	15600	15599_KateOMara_43_f
462	KateOMara	53	AGE53	15610	15609_KateOMara_53_f
462	KateOMara	28	AGE28	15585	15584_KateOMara_28_f
462	KateOMara	67	AGE67	15619	15618_KateOMara_67_f
462	KateOMara	45	AGE45	15602	15601_KateOMara_45_f
462	KateOMara	48	AGE48	15605	15604_KateOMara_48_f
462	KateOMara	65	AGE65	15617	15616_KateOMara_65_f
462	KateOMara	52	AGE52	15609	15608_KateOMara_52_f
462	KateOMara	24	AGE24	15581	15580_KateOMara_24_f
462	KateOMara	51	AGE51	15608	15607_KateOMara_51_f
462	KateOMara	54	AGE54	15611	15610_KateOMara_54_f
462	KateOMara	49	AGE49	15606	15605_KateOMara_49_f
462	KateOMara	36	AGE36	15593	15592_KateOMara_36_f
462	KateOMara	44	AGE44	15601	15600_KateOMara_44_f
462	KateOMara	66	AGE66	15618	15617_KateOMara_66_f
462	KateOMara	20	AGE20	15577	15576_KateOMara_20_f
462	KateOMara	30	AGE30	15587	15586_KateOMara_30_f
463	OrnellaMuti	39	AGE39	10776	10775_OrnellaMuti_39_f
463	OrnellaMuti	37	AGE37	10774	10773_OrnellaMuti_37_f
463	OrnellaMuti	54	AGE54	10789	10788_OrnellaMuti_54_f
463	OrnellaMuti	48	AGE48	10783	10782_OrnellaMuti_48_f
463	OrnellaMuti	18	AGE18	10755	10754_OrnellaMuti_18_f
463	OrnellaMuti	20	AGE20	10757	10756_OrnellaMuti_20_f
463	OrnellaMuti	52	AGE52	10787	10786_OrnellaMuti_52_f
463	OrnellaMuti	56	AGE56	10791	10790_OrnellaMuti_56_f
463	OrnellaMuti	28	AGE28	10765	10764_OrnellaMuti_28_f
463	OrnellaMuti	58	AGE58	10793	10792_OrnellaMuti_58_f
463	OrnellaMuti	57	AGE57	10792	10791_OrnellaMuti_57_f
463	OrnellaMuti	41	AGE41	10778	10777_OrnellaMuti_41_f
463	OrnellaMuti	59	AGE59	10794	10793_OrnellaMuti_59_f
463	OrnellaMuti	24	AGE24	10761	10760_OrnellaMuti_24_f
463	OrnellaMuti	51	AGE51	10786	10785_OrnellaMuti_51_f
463	OrnellaMuti	38	AGE38	10775	10774_OrnellaMuti_38_f
463	OrnellaMuti	42	AGE42	10779	10778_OrnellaMuti_42_f
463	OrnellaMuti	34	AGE34	10771	10770_OrnellaMuti_34_f
463	OrnellaMuti	19	AGE19	10756	10755_OrnellaMuti_19_f
463	OrnellaMuti	53	AGE53	10788	10787_OrnellaMuti_53_f
463	OrnellaMuti	40	AGE40	10777	10776_OrnellaMuti_40_f
463	OrnellaMuti	46	AGE46	10782	10781_OrnellaMuti_46_f
463	OrnellaMuti	22	AGE22	10759	10758_OrnellaMuti_22_f
463	OrnellaMuti	50	AGE50	10785	10784_OrnellaMuti_50_f
463	OrnellaMuti	31	AGE31	10768	10767_OrnellaMuti_31_f
463	OrnellaMuti	35	AGE35	10772	10771_OrnellaMuti_35_f
463	OrnellaMuti	32	AGE32	10769	10768_OrnellaMuti_32_f
463	OrnellaMuti	45	AGE45	10781	10780_OrnellaMuti_45_f
463	OrnellaMuti	55	AGE55	10790	10789_OrnellaMuti_55_f
463	OrnellaMuti	30	AGE30	10767	10766_OrnellaMuti_30_f
463	OrnellaMuti	15	AGE15	10753	10752_OrnellaMuti_15_f
463	OrnellaMuti	29	AGE29	10766	10765_OrnellaMuti_29_f
463	OrnellaMuti	33	AGE33	10770	10769_OrnellaMuti_33_f
463	OrnellaMuti	49	AGE49	10784	10783_OrnellaMuti_49_f
463	OrnellaMuti	43	AGE43	10780	10779_OrnellaMuti_43_f
463	OrnellaMuti	27	AGE27	10764	10763_OrnellaMuti_27_f
463	OrnellaMuti	21	AGE21	10758	10757_OrnellaMuti_21_f
463	OrnellaMuti	26	AGE26	10763	10762_OrnellaMuti_26_f
463	OrnellaMuti	36	AGE36	10773	10772_OrnellaMuti_36_f
463	OrnellaMuti	23	AGE23	10760	10759_OrnellaMuti_23_f
463	OrnellaMuti	16	AGE16	10754	10753_OrnellaMuti_16_f
463	OrnellaMuti	25	AGE25	10762	10761_OrnellaMuti_25_f
464	BetteMidler	52	AGE52	10460	10459_BetteMidler_52_f
464	BetteMidler	56	AGE56	10443	10442_BetteMidler_56_f
464	BetteMidler	38	AGE38	10474	10473_BetteMidler_38_f
464	BetteMidler	41	AGE41	10475	10474_BetteMidler_41_f
464	BetteMidler	53	AGE53	10471	10470_BetteMidler_53_f
464	BetteMidler	56	AGE56	10470	10469_BetteMidler_56_f
464	BetteMidler	35	AGE35	10459	10458_BetteMidler_35_f
464	BetteMidler	54	AGE54	10472	10471_BetteMidler_54_f
464	BetteMidler	50	AGE50	10457	10456_BetteMidler_50_f
464	BetteMidler	52	AGE52	10449	10448_BetteMidler_52_f
464	BetteMidler	48	AGE48	10469	10468_BetteMidler_48_f
464	BetteMidler	34	AGE34	10477	10476_BetteMidler_34_f
464	BetteMidler	32	AGE32	10452	10451_BetteMidler_32_f
464	BetteMidler	40	AGE40	10451	10450_BetteMidler_40_f
464	BetteMidler	35	AGE35	10467	10466_BetteMidler_35_f
464	BetteMidler	48	AGE48	10458	10457_BetteMidler_48_f
464	BetteMidler	29	AGE29	10442	10441_BetteMidler_29_f
464	BetteMidler	45	AGE45	10446	10445_BetteMidler_45_f
464	BetteMidler	41	AGE41	10461	10460_BetteMidler_41_f
464	BetteMidler	66	AGE66	10455	10454_BetteMidler_66_f
464	BetteMidler	48	AGE48	10463	10462_BetteMidler_48_f
464	BetteMidler	32	AGE32	10465	10464_BetteMidler_32_f
464	BetteMidler	51	AGE51	10448	10447_BetteMidler_51_f
464	BetteMidler	67	AGE67	10464	10463_BetteMidler_67_f
464	BetteMidler	48	AGE48	10447	10446_BetteMidler_48_f
464	BetteMidler	52	AGE52	10473	10472_BetteMidler_52_f
464	BetteMidler	42	AGE42	10462	10461_BetteMidler_42_f
464	BetteMidler	43	AGE43	10445	10444_BetteMidler_43_f
464	BetteMidler	68	AGE68	10476	10475_BetteMidler_68_f
464	BetteMidler	36	AGE36	10468	10467_BetteMidler_36_f
464	BetteMidler	57	AGE57	10444	10443_BetteMidler_57_f
464	BetteMidler	21	AGE21	10441	10440_BetteMidler_21_f
464	BetteMidler	30	AGE30	10456	10455_BetteMidler_30_f
464	BetteMidler	55	AGE55	10450	10449_BetteMidler_55_f
464	BetteMidler	65	AGE65	10454	10453_BetteMidler_65_f
464	BetteMidler	55	AGE55	10466	10465_BetteMidler_55_f
464	BetteMidler	62	AGE62	10453	10452_BetteMidler_62_f
465	JohnDRockefeller	61	AGE61	439	438_JohnDRockefeller_61_m
465	JohnDRockefeller	52	AGE52	442	441_JohnDRockefeller_52_m
465	JohnDRockefeller	76	AGE76	437	436_JohnDRockefeller_76_m
465	JohnDRockefeller	75	AGE75	441	440_JohnDRockefeller_75_m
465	JohnDRockefeller	36	AGE36	434	433_JohnDRockefeller_36_m
465	JohnDRockefeller	70	AGE70	427	426_JohnDRockefeller_70_m
465	JohnDRockefeller	65	AGE65	428	427_JohnDRockefeller_65_m
465	JohnDRockefeller	58	AGE58	431	430_JohnDRockefeller_58_m
465	JohnDRockefeller	52	AGE52	435	434_JohnDRockefeller_52_m
465	JohnDRockefeller	85	AGE85	429	428_JohnDRockefeller_85_m
465	JohnDRockefeller	75	AGE75	440	439_JohnDRockefeller_75_m
465	JohnDRockefeller	32	AGE32	433	432_JohnDRockefeller_32_m
465	JohnDRockefeller	90	AGE90	438	437_JohnDRockefeller_90_m
465	JohnDRockefeller	50	AGE50	432	431_JohnDRockefeller_50_m
465	JohnDRockefeller	70	AGE70	430	429_JohnDRockefeller_70_m
465	JohnDRockefeller	36	AGE36	436	435_JohnDRockefeller_36_m
465	JohnDRockefeller	31	AGE31	443	442_JohnDRockefeller_31_m
466	CharlesBronson	63	AGE63	8513	8512_CharlesBronson_63_m
466	CharlesBronson	48	AGE48	8515	8514_CharlesBronson_48_m
466	CharlesBronson	39	AGE39	8519	8518_CharlesBronson_39_m
466	CharlesBronson	75	AGE75	8522	8521_CharlesBronson_75_m
466	CharlesBronson	68	AGE68	8524	8523_CharlesBronson_68_m
466	CharlesBronson	22	AGE22	8523	8522_CharlesBronson_22_m
466	CharlesBronson	38	AGE38	8516	8515_CharlesBronson_38_m
466	CharlesBronson	63	AGE63	8529	8528_CharlesBronson_63_m
466	CharlesBronson	21	AGE21	8518	8517_CharlesBronson_21_m
466	CharlesBronson	68	AGE68	8514	8513_CharlesBronson_68_m
466	CharlesBronson	65	AGE65	8521	8520_CharlesBronson_65_m
466	CharlesBronson	65	AGE65	8525	8524_CharlesBronson_65_m
466	CharlesBronson	75	AGE75	8527	8526_CharlesBronson_75_m
466	CharlesBronson	65	AGE65	8528	8527_CharlesBronson_65_m
466	CharlesBronson	40	AGE40	8517	8516_CharlesBronson_40_m
466	CharlesBronson	45	AGE45	8520	8519_CharlesBronson_45_m
466	CharlesBronson	53	AGE53	8512	8511_CharlesBronson_53_m
466	CharlesBronson	63	AGE63	8526	8525_CharlesBronson_63_m
466	CharlesBronson	58	AGE58	8511	8510_CharlesBronson_58_m
467	BertrandRussell	88	AGE88	1368	1367_BertrandRussell_88_m
467	BertrandRussell	35	AGE35	1370	1369_BertrandRussell_35_m
467	BertrandRussell	89	AGE89	1359	1358_BertrandRussell_89_m
467	BertrandRussell	80	AGE80	1362	1361_BertrandRussell_80_m
467	BertrandRussell	50	AGE50	1354	1353_BertrandRussell_50_m
467	BertrandRussell	25	AGE25	1369	1368_BertrandRussell_25_m
467	BertrandRussell	85	AGE85	1367	1366_BertrandRussell_85_m
467	BertrandRussell	60	AGE60	1371	1370_BertrandRussell_60_m
467	BertrandRussell	60	AGE60	1365	1364_BertrandRussell_60_m
467	BertrandRussell	8	AGE8	1352	1351_BertrandRussell_8_m
467	BertrandRussell	65	AGE65	1356	1355_BertrandRussell_65_m
467	BertrandRussell	11	AGE11	1351	1350_BertrandRussell_11_m
467	BertrandRussell	78	AGE78	1360	1359_BertrandRussell_78_m
467	BertrandRussell	80	AGE80	1363	1362_BertrandRussell_80_m
467	BertrandRussell	88	AGE88	1372	1371_BertrandRussell_88_m
467	BertrandRussell	65	AGE65	1355	1354_BertrandRussell_65_m
467	BertrandRussell	78	AGE78	1364	1363_BertrandRussell_78_m
467	BertrandRussell	95	AGE95	1361	1360_BertrandRussell_95_m
467	BertrandRussell	75	AGE75	1358	1357_BertrandRussell_75_m
467	BertrandRussell	85	AGE85	1353	1352_BertrandRussell_85_m
467	BertrandRussell	50	AGE50	1366	1365_BertrandRussell_50_m
467	BertrandRussell	75	AGE75	1357	1356_BertrandRussell_75_m
468	BetteDavis	27	AGE27	13347	13346_BetteDavis_27_f
468	BetteDavis	70	AGE70	13373	13372_BetteDavis_70_f
468	BetteDavis	73	AGE73	13369	13368_BetteDavis_73_f
468	BetteDavis	42	AGE42	13357	13356_BetteDavis_42_f
468	BetteDavis	28	AGE28	13348	13347_BetteDavis_28_f
468	BetteDavis	33	AGE33	13351	13350_BetteDavis_33_f
468	BetteDavis	48	AGE48	13355	13354_BetteDavis_48_f
468	BetteDavis	37	AGE37	13353	13352_BetteDavis_37_f
468	BetteDavis	77	AGE77	13368	13367_BetteDavis_77_f
468	BetteDavis	23	AGE23	13365	13364_BetteDavis_23_f
468	BetteDavis	31	AGE31	13350	13349_BetteDavis_31_f
468	BetteDavis	51	AGE51	13359	13358_BetteDavis_51_f
468	BetteDavis	42	AGE42	13360	13359_BetteDavis_42_f
468	BetteDavis	25	AGE25	13345	13344_BetteDavis_25_f
468	BetteDavis	38	AGE38	13371	13370_BetteDavis_38_f
468	BetteDavis	55	AGE55	13363	13362_BetteDavis_55_f
468	BetteDavis	47	AGE47	13358	13357_BetteDavis_47_f
468	BetteDavis	26	AGE26	13346	13345_BetteDavis_26_f
468	BetteDavis	79	AGE79	13367	13366_BetteDavis_79_f
468	BetteDavis	70	AGE70	13364	13363_BetteDavis_70_f
468	BetteDavis	46	AGE46	13361	13360_BetteDavis_46_f
468	BetteDavis	54	AGE54	13362	13361_BetteDavis_54_f
468	BetteDavis	48	AGE48	13354	13353_BetteDavis_48_f
468	BetteDavis	48	AGE48	13372	13371_BetteDavis_48_f
468	BetteDavis	34	AGE34	13352	13351_BetteDavis_34_f
468	BetteDavis	34	AGE34	13370	13369_BetteDavis_34_f
468	BetteDavis	35	AGE35	13366	13365_BetteDavis_35_f
468	BetteDavis	30	AGE30	13349	13348_BetteDavis_30_f
468	BetteDavis	54	AGE54	13356	13355_BetteDavis_54_f
469	ClaudiaCardinale	72	AGE72	13004	13003_ClaudiaCardinale_72_f
469	ClaudiaCardinale	25	AGE25	12981	12980_ClaudiaCardinale_25_f
469	ClaudiaCardinale	47	AGE47	12997	12996_ClaudiaCardinale_47_f
469	ClaudiaCardinale	31	AGE31	12986	12985_ClaudiaCardinale_31_f
469	ClaudiaCardinale	21	AGE21	12977	12976_ClaudiaCardinale_21_f
469	ClaudiaCardinale	22	AGE22	12978	12977_ClaudiaCardinale_22_f
469	ClaudiaCardinale	27	AGE27	12983	12982_ClaudiaCardinale_27_f
469	ClaudiaCardinale	42	AGE42	13006	13005_ClaudiaCardinale_42_f
469	ClaudiaCardinale	43	AGE43	12995	12994_ClaudiaCardinale_43_f
469	ClaudiaCardinale	64	AGE64	13002	13001_ClaudiaCardinale_64_f
469	ClaudiaCardinale	34	AGE34	12988	12987_ClaudiaCardinale_34_f
469	ClaudiaCardinale	28	AGE28	12984	12983_ClaudiaCardinale_28_f
469	ClaudiaCardinale	44	AGE44	13007	13006_ClaudiaCardinale_44_f
469	ClaudiaCardinale	37	AGE37	12992	12991_ClaudiaCardinale_37_f
469	ClaudiaCardinale	36	AGE36	12991	12990_ClaudiaCardinale_36_f
469	ClaudiaCardinale	40	AGE40	12993	12992_ClaudiaCardinale_40_f
469	ClaudiaCardinale	71	AGE71	13003	13002_ClaudiaCardinale_71_f
469	ClaudiaCardinale	53	AGE53	13000	12999_ClaudiaCardinale_53_f
469	ClaudiaCardinale	30	AGE30	12985	12984_ClaudiaCardinale_30_f
469	ClaudiaCardinale	23	AGE23	12979	12978_ClaudiaCardinale_23_f
469	ClaudiaCardinale	40	AGE40	12994	12993_ClaudiaCardinale_40_f
469	ClaudiaCardinale	52	AGE52	12999	12998_ClaudiaCardinale_52_f
469	ClaudiaCardinale	32	AGE32	12987	12986_ClaudiaCardinale_32_f
469	ClaudiaCardinale	35	AGE35	12990	12989_ClaudiaCardinale_35_f
469	ClaudiaCardinale	74	AGE74	13005	13004_ClaudiaCardinale_74_f
469	ClaudiaCardinale	35	AGE35	12989	12988_ClaudiaCardinale_35_f
469	ClaudiaCardinale	26	AGE26	12982	12981_ClaudiaCardinale_26_f
469	ClaudiaCardinale	46	AGE46	12996	12995_ClaudiaCardinale_46_f
469	ClaudiaCardinale	64	AGE64	13001	13000_ClaudiaCardinale_64_f
469	ClaudiaCardinale	24	AGE24	12980	12979_ClaudiaCardinale_24_f
469	ClaudiaCardinale	50	AGE50	12998	12997_ClaudiaCardinale_50_f
470	FranklinDRoosevelt	47	AGE47	929	928_FranklinDRoosevelt_47_m
470	FranklinDRoosevelt	51	AGE51	937	936_FranklinDRoosevelt_51_m
470	FranklinDRoosevelt	31	AGE31	925	924_FranklinDRoosevelt_31_m
470	FranklinDRoosevelt	61	AGE61	944	943_FranklinDRoosevelt_61_m
470	FranklinDRoosevelt	38	AGE38	928	927_FranklinDRoosevelt_38_m
470	FranklinDRoosevelt	23	AGE23	940	939_FranklinDRoosevelt_23_m
470	FranklinDRoosevelt	55	AGE55	942	941_FranklinDRoosevelt_55_m
470	FranklinDRoosevelt	56	AGE56	931	930_FranklinDRoosevelt_56_m
470	FranklinDRoosevelt	52	AGE52	935	934_FranklinDRoosevelt_52_m
470	FranklinDRoosevelt	63	AGE63	927	926_FranklinDRoosevelt_63_m
470	FranklinDRoosevelt	15	AGE15	934	933_FranklinDRoosevelt_15_m
470	FranklinDRoosevelt	22	AGE22	936	935_FranklinDRoosevelt_22_m
470	FranklinDRoosevelt	58	AGE58	941	940_FranklinDRoosevelt_58_m
470	FranklinDRoosevelt	51	AGE51	943	942_FranklinDRoosevelt_51_m
470	FranklinDRoosevelt	50	AGE50	930	929_FranklinDRoosevelt_50_m
470	FranklinDRoosevelt	60	AGE60	933	932_FranklinDRoosevelt_60_m
470	FranklinDRoosevelt	53	AGE53	926	925_FranklinDRoosevelt_53_m
470	FranklinDRoosevelt	55	AGE55	939	938_FranklinDRoosevelt_55_m
470	FranklinDRoosevelt	59	AGE59	932	931_FranklinDRoosevelt_59_m
470	FranklinDRoosevelt	52	AGE52	938	937_FranklinDRoosevelt_52_m
471	ClaudetteColbert	33	AGE33	14682	14681_ClaudetteColbert_33_f
471	ClaudetteColbert	40	AGE40	14672	14671_ClaudetteColbert_40_f
471	ClaudetteColbert	41	AGE41	14673	14672_ClaudetteColbert_41_f
471	ClaudetteColbert	48	AGE48	14687	14686_ClaudetteColbert_48_f
471	ClaudetteColbert	58	AGE58	14679	14678_ClaudetteColbert_58_f
471	ClaudetteColbert	28	AGE28	14666	14665_ClaudetteColbert_28_f
471	ClaudetteColbert	32	AGE32	14689	14688_ClaudetteColbert_32_f
471	ClaudetteColbert	27	AGE27	14675	14674_ClaudetteColbert_27_f
471	ClaudetteColbert	29	AGE29	14667	14666_ClaudetteColbert_29_f
471	ClaudetteColbert	78	AGE78	14681	14680_ClaudetteColbert_78_f
471	ClaudetteColbert	34	AGE34	14692	14691_ClaudetteColbert_34_f
471	ClaudetteColbert	56	AGE56	14678	14677_ClaudetteColbert_56_f
471	ClaudetteColbert	24	AGE24	14664	14663_ClaudetteColbert_24_f
471	ClaudetteColbert	84	AGE84	14690	14689_ClaudetteColbert_84_f
471	ClaudetteColbert	25	AGE25	14665	14664_ClaudetteColbert_25_f
471	ClaudetteColbert	40	AGE40	14693	14692_ClaudetteColbert_40_f
471	ClaudetteColbert	53	AGE53	14677	14676_ClaudetteColbert_53_f
471	ClaudetteColbert	36	AGE36	14670	14669_ClaudetteColbert_36_f
471	ClaudetteColbert	42	AGE42	14674	14673_ClaudetteColbert_42_f
471	ClaudetteColbert	31	AGE31	14668	14667_ClaudetteColbert_31_f
471	ClaudetteColbert	72	AGE72	14663	14662_ClaudetteColbert_72_f
471	ClaudetteColbert	42	AGE42	14683	14682_ClaudetteColbert_42_f
471	ClaudetteColbert	44	AGE44	14684	14683_ClaudetteColbert_44_f
471	ClaudetteColbert	31	AGE31	14662	14661_ClaudetteColbert_31_f
471	ClaudetteColbert	81	AGE81	14680	14679_ClaudetteColbert_81_f
471	ClaudetteColbert	39	AGE39	14676	14675_ClaudetteColbert_39_f
471	ClaudetteColbert	50	AGE50	14688	14687_ClaudetteColbert_50_f
471	ClaudetteColbert	28	AGE28	14691	14690_ClaudetteColbert_28_f
471	ClaudetteColbert	37	AGE37	14671	14670_ClaudetteColbert_37_f
471	ClaudetteColbert	52	AGE52	14685	14684_ClaudetteColbert_52_f
471	ClaudetteColbert	47	AGE47	14686	14685_ClaudetteColbert_47_f
471	ClaudetteColbert	32	AGE32	14669	14668_ClaudetteColbert_32_f
472	StephenHawking	23	AGE23	1006	1005_StephenHawking_23_m
472	StephenHawking	48	AGE48	1023	1022_StephenHawking_48_m
472	StephenHawking	67	AGE67	1014	1013_StephenHawking_67_m
472	StephenHawking	43	AGE43	1008	1007_StephenHawking_43_m
472	StephenHawking	64	AGE64	1022	1021_StephenHawking_64_m
472	StephenHawking	53	AGE53	1020	1019_StephenHawking_53_m
472	StephenHawking	15	AGE15	1003	1002_StephenHawking_15_m
472	StephenHawking	53	AGE53	1017	1016_StephenHawking_53_m
472	StephenHawking	67	AGE67	1013	1012_StephenHawking_67_m
472	StephenHawking	65	AGE65	1018	1017_StephenHawking_65_m
472	StephenHawking	64	AGE64	1012	1011_StephenHawking_64_m
472	StephenHawking	43	AGE43	1009	1008_StephenHawking_43_m
472	StephenHawking	67	AGE67	1015	1014_StephenHawking_67_m
472	StephenHawking	65	AGE65	1021	1020_StephenHawking_65_m
472	StephenHawking	62	AGE62	1011	1010_StephenHawking_62_m
472	StephenHawking	36	AGE36	1007	1006_StephenHawking_36_m
472	StephenHawking	45	AGE45	1024	1023_StephenHawking_45_m
472	StephenHawking	46	AGE46	1010	1009_StephenHawking_46_m
472	StephenHawking	54	AGE54	1025	1024_StephenHawking_54_m
472	StephenHawking	43	AGE43	1005	1004_StephenHawking_43_m
472	StephenHawking	1	AGE1	1001	1000_StephenHawking_1_m
472	StephenHawking	21	AGE21	1004	1003_StephenHawking_21_m
472	StephenHawking	3	AGE3	1002	1001_StephenHawking_3_m
472	StephenHawking	66	AGE66	1019	1018_StephenHawking_66_m
472	StephenHawking	40	AGE40	1016	1015_StephenHawking_40_m
473	LizaMinelli	66	AGE66	11177	11176_LizaMinelli_66_f
473	LizaMinelli	31	AGE31	11159	11158_LizaMinelli_31_f
473	LizaMinelli	57	AGE57	11171	11170_LizaMinelli_57_f
473	LizaMinelli	30	AGE30	11180	11179_LizaMinelli_30_f
473	LizaMinelli	27	AGE27	11154	11153_LizaMinelli_27_f
473	LizaMinelli	63	AGE63	11175	11174_LizaMinelli_63_f
473	LizaMinelli	33	AGE33	11178	11177_LizaMinelli_33_f
473	LizaMinelli	29	AGE29	11156	11155_LizaMinelli_29_f
473	LizaMinelli	28	AGE28	11155	11154_LizaMinelli_28_f
473	LizaMinelli	64	AGE64	11176	11175_LizaMinelli_64_f
473	LizaMinelli	41	AGE41	11164	11163_LizaMinelli_41_f
473	LizaMinelli	43	AGE43	11166	11165_LizaMinelli_43_f
473	LizaMinelli	26	AGE26	11153	11152_LizaMinelli_26_f
473	LizaMinelli	42	AGE42	11165	11164_LizaMinelli_42_f
473	LizaMinelli	56	AGE56	11170	11169_LizaMinelli_56_f
473	LizaMinelli	53	AGE53	11168	11167_LizaMinelli_53_f
473	LizaMinelli	60	AGE60	11174	11173_LizaMinelli_60_f
473	LizaMinelli	58	AGE58	11172	11171_LizaMinelli_58_f
473	LizaMinelli	17	AGE17	11150	11149_LizaMinelli_17_f
473	LizaMinelli	31	AGE31	11158	11157_LizaMinelli_31_f
473	LizaMinelli	29	AGE29	11157	11156_LizaMinelli_29_f
473	LizaMinelli	45	AGE45	11167	11166_LizaMinelli_45_f
473	LizaMinelli	35	AGE35	11160	11159_LizaMinelli_35_f
473	LizaMinelli	24	AGE24	11152	11151_LizaMinelli_24_f
473	LizaMinelli	55	AGE55	11169	11168_LizaMinelli_55_f
473	LizaMinelli	32	AGE32	11179	11178_LizaMinelli_32_f
473	LizaMinelli	40	AGE40	11163	11162_LizaMinelli_40_f
473	LizaMinelli	36	AGE36	11161	11160_LizaMinelli_36_f
473	LizaMinelli	38	AGE38	11162	11161_LizaMinelli_38_f
473	LizaMinelli	23	AGE23	11151	11150_LizaMinelli_23_f
473	LizaMinelli	59	AGE59	11173	11172_LizaMinelli_59_f
474	TellySavalas	68	AGE68	7637	7636_TellySavalas_68_m
474	TellySavalas	52	AGE52	7627	7626_TellySavalas_52_m
474	TellySavalas	40	AGE40	7612	7611_TellySavalas_40_m
474	TellySavalas	49	AGE49	7623	7622_TellySavalas_49_m
474	TellySavalas	56	AGE56	7630	7629_TellySavalas_56_m
474	TellySavalas	51	AGE51	7625	7624_TellySavalas_51_m
474	TellySavalas	39	AGE39	7611	7610_TellySavalas_39_m
474	TellySavalas	57	AGE57	7631	7630_TellySavalas_57_m
474	TellySavalas	44	AGE44	7618	7617_TellySavalas_44_m
474	TellySavalas	58	AGE58	7632	7631_TellySavalas_58_m
474	TellySavalas	57	AGE57	7640	7639_TellySavalas_57_m
474	TellySavalas	43	AGE43	7617	7616_TellySavalas_43_m
474	TellySavalas	63	AGE63	7634	7633_TellySavalas_63_m
474	TellySavalas	50	AGE50	7638	7637_TellySavalas_50_m
474	TellySavalas	62	AGE62	7633	7632_TellySavalas_62_m
474	TellySavalas	42	AGE42	7616	7615_TellySavalas_42_m
474	TellySavalas	54	AGE54	7639	7638_TellySavalas_54_m
474	TellySavalas	55	AGE55	7629	7628_TellySavalas_55_m
474	TellySavalas	50	AGE50	7624	7623_TellySavalas_50_m
474	TellySavalas	40	AGE40	7613	7612_TellySavalas_40_m
474	TellySavalas	45	AGE45	7619	7618_TellySavalas_45_m
474	TellySavalas	51	AGE51	7626	7625_TellySavalas_51_m
474	TellySavalas	41	AGE41	7615	7614_TellySavalas_41_m
474	TellySavalas	53	AGE53	7628	7627_TellySavalas_53_m
474	TellySavalas	47	AGE47	7621	7620_TellySavalas_47_m
474	TellySavalas	41	AGE41	7614	7613_TellySavalas_41_m
474	TellySavalas	48	AGE48	7622	7621_TellySavalas_48_m
474	TellySavalas	66	AGE66	7636	7635_TellySavalas_66_m
474	TellySavalas	65	AGE65	7635	7634_TellySavalas_65_m
474	TellySavalas	46	AGE46	7620	7619_TellySavalas_46_m
475	NeildeGrasseTyson 	53	AGE53	16001	16000_NeildeGrasseTyson _53_m
475	NeildeGrasseTyson 	56	AGE56	16002	16001_NeildeGrasseTyson _56_m
475	NeildeGrasseTyson 	54	AGE54	16006	16005_NeildeGrasseTyson _54_m
475	NeildeGrasseTyson 	51	AGE51	16000	15999_NeildeGrasseTyson _51_m
475	NeildeGrasseTyson 	51	AGE51	16003	16002_NeildeGrasseTyson _51_m
475	NeildeGrasseTyson 	50	AGE50	16004	16003_NeildeGrasseTyson _50_m
475	NeildeGrasseTyson 	56	AGE56	16005	16004_NeildeGrasseTyson _56_m
476	RaquelWelch	25	AGE25	10828	10827_RaquelWelch_25_f
476	RaquelWelch	62	AGE62	10847	10846_RaquelWelch_62_f
476	RaquelWelch	23	AGE23	10852	10851_RaquelWelch_23_f
476	RaquelWelch	41	AGE41	10839	10838_RaquelWelch_41_f
476	RaquelWelch	38	AGE38	10837	10836_RaquelWelch_38_f
476	RaquelWelch	27	AGE27	10830	10829_RaquelWelch_27_f
476	RaquelWelch	34	AGE34	10835	10834_RaquelWelch_34_f
476	RaquelWelch	60	AGE60	10846	10845_RaquelWelch_60_f
476	RaquelWelch	36	AGE36	10836	10835_RaquelWelch_36_f
476	RaquelWelch	49	AGE49	10842	10841_RaquelWelch_49_f
476	RaquelWelch	66	AGE66	10849	10848_RaquelWelch_66_f
476	RaquelWelch	30	AGE30	10832	10831_RaquelWelch_30_f
476	RaquelWelch	28	AGE28	10831	10830_RaquelWelch_28_f
476	RaquelWelch	32	AGE32	10834	10833_RaquelWelch_32_f
476	RaquelWelch	47	AGE47	10841	10840_RaquelWelch_47_f
476	RaquelWelch	38	AGE38	10853	10852_RaquelWelch_38_f
476	RaquelWelch	26	AGE26	10829	10828_RaquelWelch_26_f
476	RaquelWelch	31	AGE31	10833	10832_RaquelWelch_31_f
476	RaquelWelch	39	AGE39	10838	10837_RaquelWelch_39_f
476	RaquelWelch	68	AGE68	10850	10849_RaquelWelch_68_f
476	RaquelWelch	40	AGE40	10854	10853_RaquelWelch_40_f
476	RaquelWelch	65	AGE65	10848	10847_RaquelWelch_65_f
476	RaquelWelch	58	AGE58	10845	10844_RaquelWelch_58_f
476	RaquelWelch	45	AGE45	10840	10839_RaquelWelch_45_f
476	RaquelWelch	56	AGE56	10844	10843_RaquelWelch_56_f
476	RaquelWelch	24	AGE24	10827	10826_RaquelWelch_24_f
476	RaquelWelch	70	AGE70	10851	10850_RaquelWelch_70_f
476	RaquelWelch	53	AGE53	10843	10842_RaquelWelch_53_f
477	GeorgeHWBush	84	AGE84	694	693_GeorgeHWBush_84_m
477	GeorgeHWBush	83	AGE83	688	687_GeorgeHWBush_83_m
477	GeorgeHWBush	83	AGE83	693	692_GeorgeHWBush_83_m
477	GeorgeHWBush	65	AGE65	695	694_GeorgeHWBush_65_m
477	GeorgeHWBush	78	AGE78	690	689_GeorgeHWBush_78_m
477	GeorgeHWBush	66	AGE66	691	690_GeorgeHWBush_66_m
477	GeorgeHWBush	65	AGE65	699	698_GeorgeHWBush_65_m
477	GeorgeHWBush	68	AGE68	698	697_GeorgeHWBush_68_m
477	GeorgeHWBush	58	AGE58	696	695_GeorgeHWBush_58_m
477	GeorgeHWBush	67	AGE67	692	691_GeorgeHWBush_67_m
477	GeorgeHWBush	76	AGE76	697	696_GeorgeHWBush_76_m
477	GeorgeHWBush	20	AGE20	689	688_GeorgeHWBush_20_m
478	FredAstaire	45	AGE45	7886	7885_FredAstaire_45_m
478	FredAstaire	42	AGE42	7881	7880_FredAstaire_42_m
478	FredAstaire	37	AGE37	7887	7886_FredAstaire_37_m
478	FredAstaire	65	AGE65	7888	7887_FredAstaire_65_m
478	FredAstaire	41	AGE41	7896	7895_FredAstaire_41_m
478	FredAstaire	41	AGE41	7882	7881_FredAstaire_41_m
478	FredAstaire	75	AGE75	7903	7902_FredAstaire_75_m
478	FredAstaire	59	AGE59	7884	7883_FredAstaire_59_m
478	FredAstaire	38	AGE38	7893	7892_FredAstaire_38_m
478	FredAstaire	45	AGE45	7890	7889_FredAstaire_45_m
478	FredAstaire	37	AGE37	7901	7900_FredAstaire_37_m
478	FredAstaire	54	AGE54	7885	7884_FredAstaire_54_m
478	FredAstaire	42	AGE42	7900	7899_FredAstaire_42_m
478	FredAstaire	21	AGE21	7892	7891_FredAstaire_21_m
478	FredAstaire	20	AGE20	7902	7901_FredAstaire_20_m
478	FredAstaire	37	AGE37	7891	7890_FredAstaire_37_m
478	FredAstaire	42	AGE42	7898	7897_FredAstaire_42_m
478	FredAstaire	36	AGE36	7895	7894_FredAstaire_36_m
478	FredAstaire	51	AGE51	7899	7898_FredAstaire_51_m
478	FredAstaire	56	AGE56	7889	7888_FredAstaire_56_m
478	FredAstaire	82	AGE82	7897	7896_FredAstaire_82_m
478	FredAstaire	82	AGE82	7883	7882_FredAstaire_82_m
479	PeterUstinov	67	AGE67	8205	8204_PeterUstinov_67_m
479	PeterUstinov	68	AGE68	8209	8208_PeterUstinov_68_m
479	PeterUstinov	34	AGE34	8206	8205_PeterUstinov_34_m
479	PeterUstinov	75	AGE75	8201	8200_PeterUstinov_75_m
479	PeterUstinov	20	AGE20	8188	8187_PeterUstinov_20_m
479	PeterUstinov	70	AGE70	8192	8191_PeterUstinov_70_m
479	PeterUstinov	55	AGE55	8213	8212_PeterUstinov_55_m
479	PeterUstinov	30	AGE30	8208	8207_PeterUstinov_30_m
479	PeterUstinov	43	AGE43	8210	8209_PeterUstinov_43_m
479	PeterUstinov	48	AGE48	8193	8192_PeterUstinov_48_m
479	PeterUstinov	52	AGE52	8190	8189_PeterUstinov_52_m
479	PeterUstinov	18	AGE18	8191	8190_PeterUstinov_18_m
479	PeterUstinov	75	AGE75	8189	8188_PeterUstinov_75_m
479	PeterUstinov	70	AGE70	8197	8196_PeterUstinov_70_m
479	PeterUstinov	72	AGE72	8196	8195_PeterUstinov_72_m
479	PeterUstinov	43	AGE43	8194	8193_PeterUstinov_43_m
479	PeterUstinov	19	AGE19	8187	8186_PeterUstinov_19_m
479	PeterUstinov	38	AGE38	8204	8203_PeterUstinov_38_m
479	PeterUstinov	40	AGE40	8202	8201_PeterUstinov_40_m
479	PeterUstinov	33	AGE33	8216	8215_PeterUstinov_33_m
479	PeterUstinov	50	AGE50	8211	8210_PeterUstinov_50_m
479	PeterUstinov	28	AGE28	8207	8206_PeterUstinov_28_m
479	PeterUstinov	72	AGE72	8198	8197_PeterUstinov_72_m
479	PeterUstinov	73	AGE73	8203	8202_PeterUstinov_73_m
479	PeterUstinov	35	AGE35	8199	8198_PeterUstinov_35_m
479	PeterUstinov	70	AGE70	8200	8199_PeterUstinov_70_m
479	PeterUstinov	72	AGE72	8214	8213_PeterUstinov_72_m
479	PeterUstinov	48	AGE48	8215	8214_PeterUstinov_48_m
479	PeterUstinov	52	AGE52	8212	8211_PeterUstinov_52_m
479	PeterUstinov	68	AGE68	8195	8194_PeterUstinov_68_m
480	JeanGabin	54	AGE54	5329	5328_JeanGabin_54_m
480	JeanGabin	63	AGE63	5326	5325_JeanGabin_63_m
480	JeanGabin	65	AGE65	5336	5335_JeanGabin_65_m
480	JeanGabin	52	AGE52	5327	5326_JeanGabin_52_m
480	JeanGabin	42	AGE42	5335	5334_JeanGabin_42_m
480	JeanGabin	54	AGE54	5333	5332_JeanGabin_54_m
480	JeanGabin	46	AGE46	5325	5324_JeanGabin_46_m
480	JeanGabin	32	AGE32	5337	5336_JeanGabin_32_m
480	JeanGabin	52	AGE52	5332	5331_JeanGabin_52_m
480	JeanGabin	45	AGE45	5338	5337_JeanGabin_45_m
480	JeanGabin	54	AGE54	5334	5333_JeanGabin_54_m
480	JeanGabin	52	AGE52	5328	5327_JeanGabin_52_m
480	JeanGabin	70	AGE70	5330	5329_JeanGabin_70_m
480	JeanGabin	51	AGE51	5331	5330_JeanGabin_51_m
481	AndreMarieAmp╨Ъre	38	AGE38	1252	1251_AndreMarieAmp╨Ъre_38_m
481	AndreMarieAmp╨Ъre	30	AGE30	1250	1249_AndreMarieAmp╨Ъre_30_m
481	AndreMarieAmp╨Ъre	28	AGE28	1251	1250_AndreMarieAmp╨Ъre_28_m
481	AndreMarieAmp╨Ъre	35	AGE35	1248	1247_AndreMarieAmp╨Ъre_35_m
481	AndreMarieAmp╨Ъre	25	AGE25	1249	1248_AndreMarieAmp╨Ъre_25_m
482	JuneLockhart	80	AGE80	11141	11140_JuneLockhart_80_f
482	JuneLockhart	46	AGE46	11129	11128_JuneLockhart_46_f
482	JuneLockhart	23	AGE23	11118	11117_JuneLockhart_23_f
482	JuneLockhart	18	AGE18	11116	11115_JuneLockhart_18_f
482	JuneLockhart	42	AGE42	11127	11126_JuneLockhart_42_f
482	JuneLockhart	28	AGE28	11120	11119_JuneLockhart_28_f
482	JuneLockhart	60	AGE60	11133	11132_JuneLockhart_60_f
482	JuneLockhart	13	AGE13	11113	11112_JuneLockhart_13_f
482	JuneLockhart	56	AGE56	11132	11131_JuneLockhart_56_f
482	JuneLockhart	15	AGE15	11114	11113_JuneLockhart_15_f
482	JuneLockhart	83	AGE83	11144	11143_JuneLockhart_83_f
482	JuneLockhart	27	AGE27	11119	11118_JuneLockhart_27_f
482	JuneLockhart	40	AGE40	11125	11124_JuneLockhart_40_f
482	JuneLockhart	66	AGE66	11136	11135_JuneLockhart_66_f
482	JuneLockhart	86	AGE86	11146	11145_JuneLockhart_86_f
482	JuneLockhart	84	AGE84	11145	11144_JuneLockhart_84_f
482	JuneLockhart	63	AGE63	11134	11133_JuneLockhart_63_f
482	JuneLockhart	50	AGE50	11131	11130_JuneLockhart_50_f
482	JuneLockhart	48	AGE48	11130	11129_JuneLockhart_48_f
482	JuneLockhart	68	AGE68	11137	11136_JuneLockhart_68_f
482	JuneLockhart	21	AGE21	11117	11116_JuneLockhart_21_f
482	JuneLockhart	16	AGE16	11115	11114_JuneLockhart_16_f
482	JuneLockhart	82	AGE82	11143	11142_JuneLockhart_82_f
482	JuneLockhart	33	AGE33	11121	11120_JuneLockhart_33_f
482	JuneLockhart	36	AGE36	11124	11123_JuneLockhart_36_f
482	JuneLockhart	88	AGE88	11148	11147_JuneLockhart_88_f
482	JuneLockhart	81	AGE81	11142	11141_JuneLockhart_81_f
482	JuneLockhart	78	AGE78	11139	11138_JuneLockhart_78_f
482	JuneLockhart	79	AGE79	11140	11139_JuneLockhart_79_f
482	JuneLockhart	73	AGE73	11138	11137_JuneLockhart_73_f
482	JuneLockhart	34	AGE34	11122	11121_JuneLockhart_34_f
482	JuneLockhart	44	AGE44	11128	11127_JuneLockhart_44_f
482	JuneLockhart	65	AGE65	11135	11134_JuneLockhart_65_f
482	JuneLockhart	41	AGE41	11126	11125_JuneLockhart_41_f
482	JuneLockhart	35	AGE35	11123	11122_JuneLockhart_35_f
482	JuneLockhart	87	AGE87	11147	11146_JuneLockhart_87_f
482	JuneLockhart	89	AGE89	11149	11148_JuneLockhart_89_f
483	Bono	39	AGE39	1543	1542_Bono_39_m
483	Bono	37	AGE37	1541	1540_Bono_37_m
483	Bono	47	AGE47	1551	1550_Bono_47_m
483	Bono	40	AGE40	1544	1543_Bono_40_m
483	Bono	27	AGE27	1534	1533_Bono_27_m
483	Bono	28	AGE28	1535	1534_Bono_28_m
483	Bono	35	AGE35	1540	1539_Bono_35_m
483	Bono	30	AGE30	1536	1535_Bono_30_m
483	Bono	3	AGE3	1525	1524_Bono_3_m
483	Bono	53	AGE53	1556	1555_Bono_53_m
483	Bono	45	AGE45	1549	1548_Bono_45_m
483	Bono	48	AGE48	1552	1551_Bono_48_m
483	Bono	26	AGE26	1533	1532_Bono_26_m
483	Bono	22	AGE22	1529	1528_Bono_22_m
483	Bono	50	AGE50	1554	1553_Bono_50_m
483	Bono	23	AGE23	1530	1529_Bono_23_m
483	Bono	38	AGE38	1542	1541_Bono_38_m
483	Bono	18	AGE18	1526	1525_Bono_18_m
483	Bono	43	AGE43	1547	1546_Bono_43_m
483	Bono	32	AGE32	1537	1536_Bono_32_m
483	Bono	46	AGE46	1550	1549_Bono_46_m
483	Bono	49	AGE49	1553	1552_Bono_49_m
483	Bono	41	AGE41	1545	1544_Bono_41_m
483	Bono	44	AGE44	1548	1547_Bono_44_m
483	Bono	21	AGE21	1528	1527_Bono_21_m
483	Bono	51	AGE51	1555	1554_Bono_51_m
483	Bono	34	AGE34	1539	1538_Bono_34_m
483	Bono	54	AGE54	1557	1556_Bono_54_m
483	Bono	24	AGE24	1531	1530_Bono_24_m
483	Bono	33	AGE33	1538	1537_Bono_33_m
483	Bono	42	AGE42	1546	1545_Bono_42_m
483	Bono	55	AGE55	1558	1557_Bono_55_m
483	Bono	20	AGE20	1527	1526_Bono_20_m
483	Bono	25	AGE25	1532	1531_Bono_25_m
484	JackLarson	74	AGE74	5940	5939_JackLarson_74_m
484	JackLarson	37	AGE37	5931	5930_JackLarson_37_m
484	JackLarson	24	AGE24	5926	5925_JackLarson_24_m
484	JackLarson	26	AGE26	5927	5926_JackLarson_26_m
484	JackLarson	84	AGE84	5949	5948_JackLarson_84_m
484	JackLarson	22	AGE22	5924	5923_JackLarson_22_m
484	JackLarson	76	AGE76	5941	5940_JackLarson_76_m
484	JackLarson	73	AGE73	5939	5938_JackLarson_73_m
484	JackLarson	82	AGE82	5947	5946_JackLarson_82_m
484	JackLarson	62	AGE62	5935	5934_JackLarson_62_m
484	JackLarson	81	AGE81	5946	5945_JackLarson_81_m
484	JackLarson	69	AGE69	5937	5936_JackLarson_69_m
484	JackLarson	67	AGE67	5936	5935_JackLarson_67_m
484	JackLarson	40	AGE40	5932	5931_JackLarson_40_m
484	JackLarson	30	AGE30	5929	5928_JackLarson_30_m
484	JackLarson	83	AGE83	5948	5947_JackLarson_83_m
484	JackLarson	77	AGE77	5942	5941_JackLarson_77_m
484	JackLarson	23	AGE23	5925	5924_JackLarson_23_m
484	JackLarson	32	AGE32	5930	5929_JackLarson_32_m
484	JackLarson	72	AGE72	5938	5937_JackLarson_72_m
484	JackLarson	57	AGE57	5934	5933_JackLarson_57_m
484	JackLarson	80	AGE80	5945	5944_JackLarson_80_m
484	JackLarson	45	AGE45	5933	5932_JackLarson_45_m
484	JackLarson	79	AGE79	5944	5943_JackLarson_79_m
484	JackLarson	78	AGE78	5943	5942_JackLarson_78_m
484	JackLarson	27	AGE27	5928	5927_JackLarson_27_m
485	DanaAndrews	38	AGE38	6139	6138_DanaAndrews_38_m
485	DanaAndrews	60	AGE60	6154	6153_DanaAndrews_60_m
485	DanaAndrews	63	AGE63	6159	6158_DanaAndrews_63_m
485	DanaAndrews	59	AGE59	6153	6152_DanaAndrews_59_m
485	DanaAndrews	66	AGE66	6160	6159_DanaAndrews_66_m
485	DanaAndrews	45	AGE45	6144	6143_DanaAndrews_45_m
485	DanaAndrews	73	AGE73	6164	6163_DanaAndrews_73_m
485	DanaAndrews	74	AGE74	6165	6164_DanaAndrews_74_m
485	DanaAndrews	70	AGE70	6162	6161_DanaAndrews_70_m
485	DanaAndrews	47	AGE47	6146	6145_DanaAndrews_47_m
485	DanaAndrews	57	AGE57	6151	6150_DanaAndrews_57_m
485	DanaAndrews	15	AGE15	6131	6130_DanaAndrews_15_m
485	DanaAndrews	48	AGE48	6147	6146_DanaAndrews_48_m
485	DanaAndrews	61	AGE61	6155	6154_DanaAndrews_61_m
485	DanaAndrews	68	AGE68	6161	6160_DanaAndrews_68_m
485	DanaAndrews	53	AGE53	6150	6149_DanaAndrews_53_m
485	DanaAndrews	37	AGE37	6133	6132_DanaAndrews_37_m
485	DanaAndrews	51	AGE51	6149	6148_DanaAndrews_51_m
485	DanaAndrews	43	AGE43	6142	6141_DanaAndrews_43_m
485	DanaAndrews	50	AGE50	6156	6155_DanaAndrews_50_m
485	DanaAndrews	54	AGE54	6157	6156_DanaAndrews_54_m
485	DanaAndrews	81	AGE81	6168	6167_DanaAndrews_81_m
485	DanaAndrews	39	AGE39	6134	6133_DanaAndrews_39_m
485	DanaAndrews	36	AGE36	6138	6137_DanaAndrews_36_m
485	DanaAndrews	72	AGE72	6163	6162_DanaAndrews_72_m
485	DanaAndrews	42	AGE42	6141	6140_DanaAndrews_42_m
485	DanaAndrews	40	AGE40	6135	6134_DanaAndrews_40_m
485	DanaAndrews	58	AGE58	6152	6151_DanaAndrews_58_m
485	DanaAndrews	44	AGE44	6143	6142_DanaAndrews_44_m
485	DanaAndrews	76	AGE76	6166	6165_DanaAndrews_76_m
485	DanaAndrews	35	AGE35	6132	6131_DanaAndrews_35_m
485	DanaAndrews	33	AGE33	6136	6135_DanaAndrews_33_m
485	DanaAndrews	49	AGE49	6148	6147_DanaAndrews_49_m
485	DanaAndrews	41	AGE41	6140	6139_DanaAndrews_41_m
485	DanaAndrews	46	AGE46	6145	6144_DanaAndrews_46_m
485	DanaAndrews	34	AGE34	6137	6136_DanaAndrews_34_m
485	DanaAndrews	56	AGE56	6158	6157_DanaAndrews_56_m
485	DanaAndrews	81	AGE81	6169	6168_DanaAndrews_81_m
485	DanaAndrews	78	AGE78	6167	6166_DanaAndrews_78_m
486	MuhammadAli	33	AGE33	15996	15995_MuhammadAli_33_m
486	MuhammadAli	23	AGE23	15985	15984_MuhammadAli_23_m
486	MuhammadAli	22	AGE22	15995	15994_MuhammadAli_22_m
486	MuhammadAli	42	AGE42	15977	15976_MuhammadAli_42_m
486	MuhammadAli	45	AGE45	15988	15987_MuhammadAli_45_m
486	MuhammadAli	23	AGE23	15986	15985_MuhammadAli_23_m
486	MuhammadAli	28	AGE28	15983	15982_MuhammadAli_28_m
486	MuhammadAli	30	AGE30	15999	15998_MuhammadAli_30_m
486	MuhammadAli	23	AGE23	15976	15975_MuhammadAli_23_m
486	MuhammadAli	12	AGE12	15973	15972_MuhammadAli_12_m
486	MuhammadAli	18	AGE18	15975	15974_MuhammadAli_18_m
486	MuhammadAli	32	AGE32	15980	15979_MuhammadAli_32_m
486	MuhammadAli	25	AGE25	15997	15996_MuhammadAli_25_m
486	MuhammadAli	54	AGE54	15993	15992_MuhammadAli_54_m
486	MuhammadAli	24	AGE24	15979	15978_MuhammadAli_24_m
486	MuhammadAli	41	AGE41	15982	15981_MuhammadAli_41_m
486	MuhammadAli	31	AGE31	15992	15991_MuhammadAli_31_m
486	MuhammadAli	32	AGE32	15984	15983_MuhammadAli_32_m
486	MuhammadAli	18	AGE18	15974	15973_MuhammadAli_18_m
486	MuhammadAli	63	AGE63	15978	15977_MuhammadAli_63_m
486	MuhammadAli	20	AGE20	15994	15993_MuhammadAli_20_m
486	MuhammadAli	46	AGE46	15998	15997_MuhammadAli_46_m
486	MuhammadAli	36	AGE36	15981	15980_MuhammadAli_36_m
486	MuhammadAli	21	AGE21	15990	15989_MuhammadAli_21_m
486	MuhammadAli	25	AGE25	16007	16006_MuhammadAli_25_m
486	MuhammadAli	12	AGE12	15989	15988_MuhammadAli_12_m
487	JaneWyman	32	AGE32	13160	13159_JaneWyman_32_f
487	JaneWyman	22	AGE22	13158	13157_JaneWyman_22_f
487	JaneWyman	33	AGE33	13161	13160_JaneWyman_33_f
487	JaneWyman	28	AGE28	13147	13146_JaneWyman_28_f
487	JaneWyman	30	AGE30	13166	13165_JaneWyman_30_f
487	JaneWyman	68	AGE68	13156	13155_JaneWyman_68_f
487	JaneWyman	24	AGE24	13144	13143_JaneWyman_24_f
487	JaneWyman	26	AGE26	13153	13152_JaneWyman_26_f
487	JaneWyman	31	AGE31	13142	13141_JaneWyman_31_f
487	JaneWyman	38	AGE38	13151	13150_JaneWyman_38_f
487	JaneWyman	45	AGE45	13149	13148_JaneWyman_45_f
487	JaneWyman	38	AGE38	13141	13140_JaneWyman_38_f
487	JaneWyman	36	AGE36	13167	13166_JaneWyman_36_f
487	JaneWyman	40	AGE40	13155	13154_JaneWyman_40_f
487	JaneWyman	31	AGE31	13159	13158_JaneWyman_31_f
487	JaneWyman	27	AGE27	13146	13145_JaneWyman_27_f
487	JaneWyman	38	AGE38	13162	13161_JaneWyman_38_f
487	JaneWyman	56	AGE56	13152	13151_JaneWyman_56_f
487	JaneWyman	35	AGE35	13148	13147_JaneWyman_35_f
487	JaneWyman	42	AGE42	13163	13162_JaneWyman_42_f
487	JaneWyman	67	AGE67	13169	13168_JaneWyman_67_f
487	JaneWyman	26	AGE26	13145	13144_JaneWyman_26_f
487	JaneWyman	28	AGE28	13164	13163_JaneWyman_28_f
487	JaneWyman	23	AGE23	13165	13164_JaneWyman_23_f
487	JaneWyman	24	AGE24	13143	13142_JaneWyman_24_f
487	JaneWyman	31	AGE31	13150	13149_JaneWyman_31_f
487	JaneWyman	72	AGE72	13154	13153_JaneWyman_72_f
487	JaneWyman	36	AGE36	13168	13167_JaneWyman_36_f
488	DickVanDyke	79	AGE79	4116	4115_DickVanDyke_79_m
488	DickVanDyke	81	AGE81	4118	4117_DickVanDyke_81_m
488	DickVanDyke	42	AGE42	4096	4095_DickVanDyke_42_m
488	DickVanDyke	39	AGE39	4092	4091_DickVanDyke_39_m
488	DickVanDyke	45	AGE45	4100	4099_DickVanDyke_45_m
488	DickVanDyke	86	AGE86	4122	4121_DickVanDyke_86_m
488	DickVanDyke	65	AGE65	4111	4110_DickVanDyke_65_m
488	DickVanDyke	89	AGE89	4123	4122_DickVanDyke_89_m
488	DickVanDyke	62	AGE62	4109	4108_DickVanDyke_62_m
488	DickVanDyke	70	AGE70	4113	4112_DickVanDyke_70_m
488	DickVanDyke	42	AGE42	4095	4094_DickVanDyke_42_m
488	DickVanDyke	51	AGE51	4105	4104_DickVanDyke_51_m
488	DickVanDyke	75	AGE75	4115	4114_DickVanDyke_75_m
488	DickVanDyke	37	AGE37	4091	4090_DickVanDyke_37_m
488	DickVanDyke	80	AGE80	4117	4116_DickVanDyke_80_m
488	DickVanDyke	46	AGE46	4101	4100_DickVanDyke_46_m
488	DickVanDyke	73	AGE73	4114	4113_DickVanDyke_73_m
488	DickVanDyke	54	AGE54	4107	4106_DickVanDyke_54_m
488	DickVanDyke	84	AGE84	4121	4120_DickVanDyke_84_m
488	DickVanDyke	40	AGE40	4093	4092_DickVanDyke_40_m
488	DickVanDyke	41	AGE41	4094	4093_DickVanDyke_41_m
488	DickVanDyke	44	AGE44	4099	4098_DickVanDyke_44_m
488	DickVanDyke	36	AGE36	4089	4088_DickVanDyke_36_m
488	DickVanDyke	36	AGE36	4090	4089_DickVanDyke_36_m
488	DickVanDyke	52	AGE52	4106	4105_DickVanDyke_52_m
488	DickVanDyke	49	AGE49	4103	4102_DickVanDyke_49_m
488	DickVanDyke	47	AGE47	4102	4101_DickVanDyke_47_m
488	DickVanDyke	82	AGE82	4119	4118_DickVanDyke_82_m
488	DickVanDyke	50	AGE50	4104	4103_DickVanDyke_50_m
488	DickVanDyke	43	AGE43	4097	4096_DickVanDyke_43_m
488	DickVanDyke	35	AGE35	4088	4087_DickVanDyke_35_m
488	DickVanDyke	43	AGE43	4098	4097_DickVanDyke_43_m
488	DickVanDyke	68	AGE68	4112	4111_DickVanDyke_68_m
488	DickVanDyke	83	AGE83	4120	4119_DickVanDyke_83_m
488	DickVanDyke	61	AGE61	4108	4107_DickVanDyke_61_m
488	DickVanDyke	63	AGE63	4110	4109_DickVanDyke_63_m
489	MarleneDietrich	33	AGE33	14718	14717_MarleneDietrich_33_f
489	MarleneDietrich	56	AGE56	14739	14738_MarleneDietrich_56_f
489	MarleneDietrich	69	AGE69	14746	14745_MarleneDietrich_69_f
489	MarleneDietrich	58	AGE58	14741	14740_MarleneDietrich_58_f
489	MarleneDietrich	44	AGE44	14729	14728_MarleneDietrich_44_f
489	MarleneDietrich	54	AGE54	14736	14735_MarleneDietrich_54_f
489	MarleneDietrich	71	AGE71	14748	14747_MarleneDietrich_71_f
489	MarleneDietrich	67	AGE67	14745	14744_MarleneDietrich_67_f
489	MarleneDietrich	56	AGE56	14738	14737_MarleneDietrich_56_f
489	MarleneDietrich	41	AGE41	14726	14725_MarleneDietrich_41_f
489	MarleneDietrich	73	AGE73	14750	14749_MarleneDietrich_73_f
489	MarleneDietrich	72	AGE72	14749	14748_MarleneDietrich_72_f
489	MarleneDietrich	36	AGE36	14721	14720_MarleneDietrich_36_f
489	MarleneDietrich	70	AGE70	14747	14746_MarleneDietrich_70_f
489	MarleneDietrich	34	AGE34	14719	14718_MarleneDietrich_34_f
489	MarleneDietrich	29	AGE29	14714	14713_MarleneDietrich_29_f
489	MarleneDietrich	35	AGE35	14720	14719_MarleneDietrich_35_f
489	MarleneDietrich	30	AGE30	14715	14714_MarleneDietrich_30_f
489	MarleneDietrich	55	AGE55	14737	14736_MarleneDietrich_55_f
489	MarleneDietrich	49	AGE49	14732	14731_MarleneDietrich_49_f
489	MarleneDietrich	62	AGE62	14742	14741_MarleneDietrich_62_f
489	MarleneDietrich	31	AGE31	14716	14715_MarleneDietrich_31_f
489	MarleneDietrich	51	AGE51	14734	14733_MarleneDietrich_51_f
489	MarleneDietrich	49	AGE49	14733	14732_MarleneDietrich_49_f
489	MarleneDietrich	52	AGE52	14735	14734_MarleneDietrich_52_f
489	MarleneDietrich	74	AGE74	14751	14750_MarleneDietrich_74_f
489	MarleneDietrich	36	AGE36	14722	14721_MarleneDietrich_36_f
489	MarleneDietrich	43	AGE43	14728	14727_MarleneDietrich_43_f
489	MarleneDietrich	63	AGE63	14743	14742_MarleneDietrich_63_f
489	MarleneDietrich	39	AGE39	14724	14723_MarleneDietrich_39_f
489	MarleneDietrich	46	AGE46	14730	14729_MarleneDietrich_46_f
489	MarleneDietrich	32	AGE32	14717	14716_MarleneDietrich_32_f
489	MarleneDietrich	40	AGE40	14725	14724_MarleneDietrich_40_f
489	MarleneDietrich	37	AGE37	14723	14722_MarleneDietrich_37_f
489	MarleneDietrich	43	AGE43	14727	14726_MarleneDietrich_43_f
489	MarleneDietrich	58	AGE58	14740	14739_MarleneDietrich_58_f
489	MarleneDietrich	28	AGE28	14713	14712_MarleneDietrich_28_f
489	MarleneDietrich	47	AGE47	14731	14730_MarleneDietrich_47_f
489	MarleneDietrich	66	AGE66	14744	14743_MarleneDietrich_66_f
490	Gaddafi	27	AGE27	949	948_Gaddafi_27_m
490	Gaddafi	50	AGE50	968	967_Gaddafi_50_m
490	Gaddafi	28	AGE28	969	968_Gaddafi_28_m
490	Gaddafi	45	AGE45	946	945_Gaddafi_45_m
490	Gaddafi	32	AGE32	974	973_Gaddafi_32_m
490	Gaddafi	60	AGE60	971	970_Gaddafi_60_m
490	Gaddafi	68	AGE68	962	961_Gaddafi_68_m
490	Gaddafi	40	AGE40	965	964_Gaddafi_40_m
490	Gaddafi	62	AGE62	951	950_Gaddafi_62_m
490	Gaddafi	52	AGE52	964	963_Gaddafi_52_m
490	Gaddafi	40	AGE40	966	965_Gaddafi_40_m
490	Gaddafi	38	AGE38	975	974_Gaddafi_38_m
490	Gaddafi	35	AGE35	954	953_Gaddafi_35_m
490	Gaddafi	30	AGE30	960	959_Gaddafi_30_m
490	Gaddafi	51	AGE51	956	955_Gaddafi_51_m
490	Gaddafi	52	AGE52	973	972_Gaddafi_52_m
490	Gaddafi	27	AGE27	952	951_Gaddafi_27_m
490	Gaddafi	36	AGE36	950	949_Gaddafi_36_m
490	Gaddafi	48	AGE48	955	954_Gaddafi_48_m
490	Gaddafi	38	AGE38	959	958_Gaddafi_38_m
490	Gaddafi	61	AGE61	970	969_Gaddafi_61_m
490	Gaddafi	40	AGE40	957	956_Gaddafi_40_m
490	Gaddafi	36	AGE36	958	957_Gaddafi_36_m
490	Gaddafi	64	AGE64	947	946_Gaddafi_64_m
490	Gaddafi	27	AGE27	963	962_Gaddafi_27_m
490	Gaddafi	27	AGE27	948	947_Gaddafi_27_m
490	Gaddafi	28	AGE28	945	944_Gaddafi_28_m
490	Gaddafi	67	AGE67	953	952_Gaddafi_67_m
490	Gaddafi	48	AGE48	967	966_Gaddafi_48_m
490	Gaddafi	50	AGE50	972	971_Gaddafi_50_m
490	Gaddafi	60	AGE60	961	960_Gaddafi_60_m
491	PhilHartman	42	AGE42	3674	3673_PhilHartman_42_m
491	PhilHartman	41	AGE41	3673	3672_PhilHartman_41_m
491	PhilHartman	49	AGE49	3680	3679_PhilHartman_49_m
491	PhilHartman	38	AGE38	3671	3670_PhilHartman_38_m
491	PhilHartman	35	AGE35	3669	3668_PhilHartman_35_m
491	PhilHartman	28	AGE28	3666	3665_PhilHartman_28_m
491	PhilHartman	34	AGE34	3668	3667_PhilHartman_34_m
491	PhilHartman	46	AGE46	3677	3676_PhilHartman_46_m
491	PhilHartman	48	AGE48	3679	3678_PhilHartman_48_m
491	PhilHartman	32	AGE32	3667	3666_PhilHartman_32_m
491	PhilHartman	43	AGE43	3675	3674_PhilHartman_43_m
491	PhilHartman	47	AGE47	3678	3677_PhilHartman_47_m
491	PhilHartman	50	AGE50	3681	3680_PhilHartman_50_m
491	PhilHartman	37	AGE37	3670	3669_PhilHartman_37_m
491	PhilHartman	44	AGE44	3676	3675_PhilHartman_44_m
491	PhilHartman	39	AGE39	3672	3671_PhilHartman_39_m
492	RobertDuvall	40	AGE40	4377	4376_RobertDuvall_40_m
492	RobertDuvall	73	AGE73	4397	4396_RobertDuvall_73_m
492	RobertDuvall	35	AGE35	4374	4373_RobertDuvall_35_m
492	RobertDuvall	64	AGE64	4391	4390_RobertDuvall_64_m
492	RobertDuvall	75	AGE75	4398	4397_RobertDuvall_75_m
492	RobertDuvall	38	AGE38	4376	4375_RobertDuvall_38_m
492	RobertDuvall	56	AGE56	4386	4385_RobertDuvall_56_m
492	RobertDuvall	71	AGE71	4395	4394_RobertDuvall_71_m
492	RobertDuvall	72	AGE72	4396	4395_RobertDuvall_72_m
492	RobertDuvall	45	AGE45	4381	4380_RobertDuvall_45_m
492	RobertDuvall	62	AGE62	4390	4389_RobertDuvall_62_m
492	RobertDuvall	79	AGE79	4401	4400_RobertDuvall_79_m
492	RobertDuvall	50	AGE50	4383	4382_RobertDuvall_50_m
492	RobertDuvall	53	AGE53	4384	4383_RobertDuvall_53_m
492	RobertDuvall	42	AGE42	4380	4379_RobertDuvall_42_m
492	RobertDuvall	61	AGE61	4389	4388_RobertDuvall_61_m
492	RobertDuvall	30	AGE30	4371	4370_RobertDuvall_30_m
492	RobertDuvall	67	AGE67	4394	4393_RobertDuvall_67_m
492	RobertDuvall	48	AGE48	4382	4381_RobertDuvall_48_m
492	RobertDuvall	30	AGE30	4372	4371_RobertDuvall_30_m
492	RobertDuvall	78	AGE78	4400	4399_RobertDuvall_78_m
492	RobertDuvall	55	AGE55	4385	4384_RobertDuvall_55_m
492	RobertDuvall	37	AGE37	4375	4374_RobertDuvall_37_m
492	RobertDuvall	58	AGE58	4387	4386_RobertDuvall_58_m
492	RobertDuvall	77	AGE77	4399	4398_RobertDuvall_77_m
492	RobertDuvall	41	AGE41	4379	4378_RobertDuvall_41_m
492	RobertDuvall	60	AGE60	4388	4387_RobertDuvall_60_m
492	RobertDuvall	31	AGE31	4373	4372_RobertDuvall_31_m
492	RobertDuvall	65	AGE65	4392	4391_RobertDuvall_65_m
492	RobertDuvall	65	AGE65	4393	4392_RobertDuvall_65_m
492	RobertDuvall	41	AGE41	4378	4377_RobertDuvall_41_m
493	PiaLindstrom	18	AGE18	11217	11216_PiaLindstrom_18_f
493	PiaLindstrom	37	AGE37	11224	11223_PiaLindstrom_37_f
493	PiaLindstrom	52	AGE52	11230	11229_PiaLindstrom_52_f
493	PiaLindstrom	42	AGE42	11225	11224_PiaLindstrom_42_f
493	PiaLindstrom	70	AGE70	11240	11239_PiaLindstrom_70_f
493	PiaLindstrom	30	AGE30	11221	11220_PiaLindstrom_30_f
493	PiaLindstrom	74	AGE74	11242	11241_PiaLindstrom_74_f
493	PiaLindstrom	48	AGE48	11228	11227_PiaLindstrom_48_f
493	PiaLindstrom	73	AGE73	11241	11240_PiaLindstrom_73_f
493	PiaLindstrom	68	AGE68	11238	11237_PiaLindstrom_68_f
493	PiaLindstrom	25	AGE25	11220	11219_PiaLindstrom_25_f
493	PiaLindstrom	65	AGE65	11237	11236_PiaLindstrom_65_f
493	PiaLindstrom	55	AGE55	11231	11230_PiaLindstrom_55_f
493	PiaLindstrom	34	AGE34	11223	11222_PiaLindstrom_34_f
493	PiaLindstrom	32	AGE32	11222	11221_PiaLindstrom_32_f
493	PiaLindstrom	61	AGE61	11235	11234_PiaLindstrom_61_f
493	PiaLindstrom	59	AGE59	11234	11233_PiaLindstrom_59_f
493	PiaLindstrom	57	AGE57	11233	11232_PiaLindstrom_57_f
493	PiaLindstrom	22	AGE22	11219	11218_PiaLindstrom_22_f
493	PiaLindstrom	20	AGE20	11218	11217_PiaLindstrom_20_f
493	PiaLindstrom	50	AGE50	11229	11228_PiaLindstrom_50_f
493	PiaLindstrom	46	AGE46	11227	11226_PiaLindstrom_46_f
493	PiaLindstrom	63	AGE63	11236	11235_PiaLindstrom_63_f
493	PiaLindstrom	69	AGE69	11239	11238_PiaLindstrom_69_f
493	PiaLindstrom	56	AGE56	11232	11231_PiaLindstrom_56_f
493	PiaLindstrom	44	AGE44	11226	11225_PiaLindstrom_44_f
494	JessicaTandy	68	AGE68	13618	13617_JessicaTandy_68_f
494	JessicaTandy	81	AGE81	13632	13631_JessicaTandy_81_f
494	JessicaTandy	73	AGE73	13620	13619_JessicaTandy_73_f
494	JessicaTandy	76	AGE76	13630	13629_JessicaTandy_76_f
494	JessicaTandy	79	AGE79	13624	13623_JessicaTandy_79_f
494	JessicaTandy	78	AGE78	13623	13622_JessicaTandy_78_f
494	JessicaTandy	85	AGE85	13635	13634_JessicaTandy_85_f
494	JessicaTandy	77	AGE77	13622	13621_JessicaTandy_77_f
494	JessicaTandy	72	AGE72	13619	13618_JessicaTandy_72_f
494	JessicaTandy	61	AGE61	13629	13628_JessicaTandy_61_f
494	JessicaTandy	75	AGE75	13621	13620_JessicaTandy_75_f
494	JessicaTandy	29	AGE29	13607	13606_JessicaTandy_29_f
494	JessicaTandy	40	AGE40	13613	13612_JessicaTandy_40_f
494	JessicaTandy	57	AGE57	13617	13616_JessicaTandy_57_f
494	JessicaTandy	37	AGE37	13610	13609_JessicaTandy_37_f
494	JessicaTandy	82	AGE82	13633	13632_JessicaTandy_82_f
494	JessicaTandy	50	AGE50	13627	13626_JessicaTandy_50_f
494	JessicaTandy	41	AGE41	13614	13613_JessicaTandy_41_f
494	JessicaTandy	46	AGE46	13615	13614_JessicaTandy_46_f
494	JessicaTandy	42	AGE42	13625	13624_JessicaTandy_42_f
494	JessicaTandy	83	AGE83	13634	13633_JessicaTandy_83_f
494	JessicaTandy	45	AGE45	13626	13625_JessicaTandy_45_f
494	JessicaTandy	48	AGE48	13616	13615_JessicaTandy_48_f
494	JessicaTandy	53	AGE53	13628	13627_JessicaTandy_53_f
494	JessicaTandy	39	AGE39	13612	13611_JessicaTandy_39_f
494	JessicaTandy	38	AGE38	13611	13610_JessicaTandy_38_f
494	JessicaTandy	36	AGE36	13609	13608_JessicaTandy_36_f
494	JessicaTandy	35	AGE35	13608	13607_JessicaTandy_35_f
494	JessicaTandy	80	AGE80	13631	13630_JessicaTandy_80_f
495	CybillShepherd	36	AGE36	12001	12000_CybillShepherd_36_f
495	CybillShepherd	29	AGE29	11997	11996_CybillShepherd_29_f
495	CybillShepherd	43	AGE43	12006	12005_CybillShepherd_43_f
495	CybillShepherd	35	AGE35	12000	11999_CybillShepherd_35_f
495	CybillShepherd	28	AGE28	11996	11995_CybillShepherd_28_f
495	CybillShepherd	58	AGE58	12016	12015_CybillShepherd_58_f
495	CybillShepherd	55	AGE55	12011	12010_CybillShepherd_55_f
495	CybillShepherd	51	AGE51	12009	12008_CybillShepherd_51_f
495	CybillShepherd	56	AGE56	12012	12011_CybillShepherd_56_f
495	CybillShepherd	50	AGE50	12008	12007_CybillShepherd_50_f
495	CybillShepherd	22	AGE22	11993	11992_CybillShepherd_22_f
495	CybillShepherd	34	AGE34	11999	11998_CybillShepherd_34_f
495	CybillShepherd	24	AGE24	11994	11993_CybillShepherd_24_f
495	CybillShepherd	53	AGE53	12010	12009_CybillShepherd_53_f
495	CybillShepherd	61	AGE61	12015	12014_CybillShepherd_61_f
495	CybillShepherd	39	AGE39	12002	12001_CybillShepherd_39_f
495	CybillShepherd	21	AGE21	11991	11990_CybillShepherd_21_f
495	CybillShepherd	40	AGE40	12003	12002_CybillShepherd_40_f
495	CybillShepherd	57	AGE57	12013	12012_CybillShepherd_57_f
495	CybillShepherd	42	AGE42	12005	12004_CybillShepherd_42_f
495	CybillShepherd	41	AGE41	12004	12003_CybillShepherd_41_f
495	CybillShepherd	59	AGE59	12014	12013_CybillShepherd_59_f
495	CybillShepherd	31	AGE31	11998	11997_CybillShepherd_31_f
495	CybillShepherd	21	AGE21	11992	11991_CybillShepherd_21_f
495	CybillShepherd	25	AGE25	11995	11994_CybillShepherd_25_f
495	CybillShepherd	48	AGE48	12007	12006_CybillShepherd_48_f
496	GlendaJackson	77	AGE77	12182	12181_GlendaJackson_77_f
496	GlendaJackson	54	AGE54	12176	12175_GlendaJackson_54_f
496	GlendaJackson	63	AGE63	12178	12177_GlendaJackson_63_f
496	GlendaJackson	67	AGE67	12180	12179_GlendaJackson_67_f
496	GlendaJackson	35	AGE35	12168	12167_GlendaJackson_35_f
496	GlendaJackson	39	AGE39	12189	12188_GlendaJackson_39_f
496	GlendaJackson	29	AGE29	12165	12164_GlendaJackson_29_f
496	GlendaJackson	33	AGE33	12167	12166_GlendaJackson_33_f
496	GlendaJackson	55	AGE55	12177	12176_GlendaJackson_55_f
496	GlendaJackson	64	AGE64	12184	12183_GlendaJackson_64_f
496	GlendaJackson	37	AGE37	12183	12182_GlendaJackson_37_f
496	GlendaJackson	58	AGE58	12190	12189_GlendaJackson_58_f
496	GlendaJackson	27	AGE27	12163	12162_GlendaJackson_27_f
496	GlendaJackson	42	AGE42	12172	12171_GlendaJackson_42_f
496	GlendaJackson	35	AGE35	12169	12168_GlendaJackson_35_f
496	GlendaJackson	43	AGE43	12173	12172_GlendaJackson_43_f
496	GlendaJackson	40	AGE40	12187	12186_GlendaJackson_40_f
496	GlendaJackson	39	AGE39	12171	12170_GlendaJackson_39_f
496	GlendaJackson	43	AGE43	12185	12184_GlendaJackson_43_f
496	GlendaJackson	44	AGE44	12174	12173_GlendaJackson_44_f
496	GlendaJackson	29	AGE29	12164	12163_GlendaJackson_29_f
496	GlendaJackson	36	AGE36	12186	12185_GlendaJackson_36_f
496	GlendaJackson	36	AGE36	12170	12169_GlendaJackson_36_f
496	GlendaJackson	74	AGE74	12181	12180_GlendaJackson_74_f
496	GlendaJackson	70	AGE70	12188	12187_GlendaJackson_70_f
496	GlendaJackson	31	AGE31	12166	12165_GlendaJackson_31_f
496	GlendaJackson	67	AGE67	12179	12178_GlendaJackson_67_f
496	GlendaJackson	45	AGE45	12175	12174_GlendaJackson_45_f
497	CharlesDarwin	73	AGE73	1108	1107_CharlesDarwin_73_m
497	CharlesDarwin	62	AGE62	1105	1104_CharlesDarwin_62_m
497	CharlesDarwin	73	AGE73	1103	1102_CharlesDarwin_73_m
497	CharlesDarwin	29	AGE29	1104	1103_CharlesDarwin_29_m
497	CharlesDarwin	60	AGE60	1106	1105_CharlesDarwin_60_m
498	HeinrichHertz	36	AGE36	1144	1143_HeinrichHertz_36_m
498	HeinrichHertz	29	AGE29	1143	1142_HeinrichHertz_29_m
498	HeinrichHertz	21	AGE21	1137	1136_HeinrichHertz_21_m
498	HeinrichHertz	24	AGE24	1135	1134_HeinrichHertz_24_m
498	HeinrichHertz	36	AGE36	1136	1135_HeinrichHertz_36_m
498	HeinrichHertz	30	AGE30	1140	1139_HeinrichHertz_30_m
498	HeinrichHertz	36	AGE36	1138	1137_HeinrichHertz_36_m
498	HeinrichHertz	32	AGE32	1141	1140_HeinrichHertz_32_m
498	HeinrichHertz	35	AGE35	1142	1141_HeinrichHertz_35_m
499	AmandaBlake	36	AGE36	14951	14950_AmandaBlake_36_f
499	AmandaBlake	57	AGE57	14971	14970_AmandaBlake_57_f
499	AmandaBlake	47	AGE47	14966	14965_AmandaBlake_47_f
499	AmandaBlake	40	AGE40	14965	14964_AmandaBlake_40_f
499	AmandaBlake	51	AGE51	14968	14967_AmandaBlake_51_f
499	AmandaBlake	31	AGE31	14957	14956_AmandaBlake_31_f
499	AmandaBlake	50	AGE50	14967	14966_AmandaBlake_50_f
499	AmandaBlake	24	AGE24	14945	14944_AmandaBlake_24_f
499	AmandaBlake	55	AGE55	14969	14968_AmandaBlake_55_f
499	AmandaBlake	27	AGE27	14948	14947_AmandaBlake_27_f
499	AmandaBlake	28	AGE28	14949	14948_AmandaBlake_28_f
499	AmandaBlake	29	AGE29	14950	14949_AmandaBlake_29_f
499	AmandaBlake	32	AGE32	14958	14957_AmandaBlake_32_f
499	AmandaBlake	45	AGE45	14954	14953_AmandaBlake_45_f
499	AmandaBlake	21	AGE21	14942	14941_AmandaBlake_21_f
499	AmandaBlake	60	AGE60	14973	14972_AmandaBlake_60_f
499	AmandaBlake	39	AGE39	14964	14963_AmandaBlake_39_f
499	AmandaBlake	38	AGE38	14963	14962_AmandaBlake_38_f
499	AmandaBlake	26	AGE26	14947	14946_AmandaBlake_26_f
499	AmandaBlake	22	AGE22	14943	14942_AmandaBlake_22_f
499	AmandaBlake	23	AGE23	14944	14943_AmandaBlake_23_f
499	AmandaBlake	37	AGE37	14962	14961_AmandaBlake_37_f
499	AmandaBlake	34	AGE34	14960	14959_AmandaBlake_34_f
499	AmandaBlake	25	AGE25	14946	14945_AmandaBlake_25_f
499	AmandaBlake	33	AGE33	14959	14958_AmandaBlake_33_f
499	AmandaBlake	41	AGE41	14952	14951_AmandaBlake_41_f
499	AmandaBlake	30	AGE30	14956	14955_AmandaBlake_30_f
499	AmandaBlake	46	AGE46	14955	14954_AmandaBlake_46_f
499	AmandaBlake	58	AGE58	14972	14971_AmandaBlake_58_f
499	AmandaBlake	43	AGE43	14953	14952_AmandaBlake_43_f
499	AmandaBlake	56	AGE56	14970	14969_AmandaBlake_56_f
499	AmandaBlake	35	AGE35	14961	14960_AmandaBlake_35_f
500	IanHolm	57	AGE57	1575	1574_IanHolm_57_m
500	IanHolm	54	AGE54	1571	1570_IanHolm_54_m
500	IanHolm	36	AGE36	1560	1559_IanHolm_36_m
500	IanHolm	45	AGE45	1565	1564_IanHolm_45_m
500	IanHolm	67	AGE67	1582	1581_IanHolm_67_m
500	IanHolm	61	AGE61	1578	1577_IanHolm_61_m
500	IanHolm	48	AGE48	1569	1568_IanHolm_48_m
500	IanHolm	70	AGE70	1584	1583_IanHolm_70_m
500	IanHolm	37	AGE37	1561	1560_IanHolm_37_m
500	IanHolm	81	AGE81	1592	1591_IanHolm_81_m
500	IanHolm	38	AGE38	1562	1561_IanHolm_38_m
500	IanHolm	34	AGE34	1559	1558_IanHolm_34_m
500	IanHolm	40	AGE40	1563	1562_IanHolm_40_m
500	IanHolm	55	AGE55	1574	1573_IanHolm_55_m
500	IanHolm	72	AGE72	1587	1586_IanHolm_72_m
500	IanHolm	70	AGE70	1585	1584_IanHolm_70_m
500	IanHolm	66	AGE66	1581	1580_IanHolm_66_m
500	IanHolm	60	AGE60	1577	1576_IanHolm_60_m
500	IanHolm	46	AGE46	1567	1566_IanHolm_46_m
500	IanHolm	43	AGE43	1564	1563_IanHolm_43_m
500	IanHolm	45	AGE45	1566	1565_IanHolm_45_m
500	IanHolm	65	AGE65	1580	1579_IanHolm_65_m
500	IanHolm	75	AGE75	1590	1589_IanHolm_75_m
500	IanHolm	72	AGE72	1586	1585_IanHolm_72_m
500	IanHolm	48	AGE48	1568	1567_IanHolm_48_m
500	IanHolm	50	AGE50	1570	1569_IanHolm_50_m
500	IanHolm	73	AGE73	1588	1587_IanHolm_73_m
500	IanHolm	59	AGE59	1576	1575_IanHolm_59_m
500	IanHolm	54	AGE54	1572	1571_IanHolm_54_m
500	IanHolm	63	AGE63	1579	1578_IanHolm_63_m
500	IanHolm	81	AGE81	1591	1590_IanHolm_81_m
500	IanHolm	54	AGE54	1573	1572_IanHolm_54_m
500	IanHolm	74	AGE74	1589	1588_IanHolm_74_m
500	IanHolm	68	AGE68	1583	1582_IanHolm_68_m
501	RayLiotta	59	AGE59	2251	2250_RayLiotta_59_m
501	RayLiotta	42	AGE42	2233	2232_RayLiotta_42_m
501	RayLiotta	47	AGE47	2239	2238_RayLiotta_47_m
501	RayLiotta	56	AGE56	2248	2247_RayLiotta_56_m
501	RayLiotta	45	AGE45	2237	2236_RayLiotta_45_m
501	RayLiotta	49	AGE49	2241	2240_RayLiotta_49_m
501	RayLiotta	43	AGE43	2235	2234_RayLiotta_43_m
501	RayLiotta	51	AGE51	2243	2242_RayLiotta_51_m
501	RayLiotta	50	AGE50	2242	2241_RayLiotta_50_m
501	RayLiotta	57	AGE57	2249	2248_RayLiotta_57_m
501	RayLiotta	34	AGE34	2226	2225_RayLiotta_34_m
501	RayLiotta	46	AGE46	2238	2237_RayLiotta_46_m
501	RayLiotta	33	AGE33	2225	2224_RayLiotta_33_m
501	RayLiotta	40	AGE40	2231	2230_RayLiotta_40_m
501	RayLiotta	32	AGE32	2224	2223_RayLiotta_32_m
501	RayLiotta	44	AGE44	2236	2235_RayLiotta_44_m
501	RayLiotta	54	AGE54	2246	2245_RayLiotta_54_m
501	RayLiotta	48	AGE48	2240	2239_RayLiotta_48_m
501	RayLiotta	55	AGE55	2247	2246_RayLiotta_55_m
501	RayLiotta	38	AGE38	2229	2228_RayLiotta_38_m
501	RayLiotta	35	AGE35	2227	2226_RayLiotta_35_m
501	RayLiotta	42	AGE42	2234	2233_RayLiotta_42_m
501	RayLiotta	53	AGE53	2245	2244_RayLiotta_53_m
501	RayLiotta	39	AGE39	2230	2229_RayLiotta_39_m
501	RayLiotta	41	AGE41	2232	2231_RayLiotta_41_m
501	RayLiotta	37	AGE37	2228	2227_RayLiotta_37_m
501	RayLiotta	31	AGE31	2223	2222_RayLiotta_31_m
501	RayLiotta	52	AGE52	2244	2243_RayLiotta_52_m
501	RayLiotta	58	AGE58	2250	2249_RayLiotta_58_m
501	RayLiotta	28	AGE28	2222	2221_RayLiotta_28_m
502	FaradayMichael	53	AGE53	1126	1125_FaradayMichael_53_m
502	FaradayMichael	30	AGE30	1120	1119_FaradayMichael_30_m
502	FaradayMichael	35	AGE35	1121	1120_FaradayMichael_35_m
502	FaradayMichael	60	AGE60	1128	1127_FaradayMichael_60_m
502	FaradayMichael	34	AGE34	1127	1126_FaradayMichael_34_m
502	FaradayMichael	47	AGE47	1122	1121_FaradayMichael_47_m
502	FaradayMichael	55	AGE55	1123	1122_FaradayMichael_55_m
502	FaradayMichael	31	AGE31	1133	1132_FaradayMichael_31_m
502	FaradayMichael	60	AGE60	1125	1124_FaradayMichael_60_m
502	FaradayMichael	75	AGE75	1130	1129_FaradayMichael_75_m
502	FaradayMichael	55	AGE55	1119	1118_FaradayMichael_55_m
502	FaradayMichael	35	AGE35	1124	1123_FaradayMichael_35_m
502	FaradayMichael	70	AGE70	1129	1128_FaradayMichael_70_m
502	FaradayMichael	73	AGE73	1131	1130_FaradayMichael_73_m
502	FaradayMichael	30	AGE30	1132	1131_FaradayMichael_30_m
502	FaradayMichael	58	AGE58	1118	1117_FaradayMichael_58_m
502	FaradayMichael	29	AGE29	1134	1133_FaradayMichael_29_m
503	JeanPaulBelmondo	63	AGE63	7150	7149_JeanPaulBelmondo_63_m
503	JeanPaulBelmondo	78	AGE78	7153	7152_JeanPaulBelmondo_78_m
503	JeanPaulBelmondo	30	AGE30	7130	7129_JeanPaulBelmondo_30_m
503	JeanPaulBelmondo	48	AGE48	7143	7142_JeanPaulBelmondo_48_m
503	JeanPaulBelmondo	51	AGE51	7144	7143_JeanPaulBelmondo_51_m
503	JeanPaulBelmondo	39	AGE39	7137	7136_JeanPaulBelmondo_39_m
503	JeanPaulBelmondo	44	AGE44	7140	7139_JeanPaulBelmondo_44_m
503	JeanPaulBelmondo	37	AGE37	7135	7134_JeanPaulBelmondo_37_m
503	JeanPaulBelmondo	38	AGE38	7136	7135_JeanPaulBelmondo_38_m
503	JeanPaulBelmondo	53	AGE53	7146	7145_JeanPaulBelmondo_53_m
503	JeanPaulBelmondo	28	AGE28	7129	7128_JeanPaulBelmondo_28_m
503	JeanPaulBelmondo	62	AGE62	7148	7147_JeanPaulBelmondo_62_m
503	JeanPaulBelmondo	76	AGE76	7158	7157_JeanPaulBelmondo_76_m
503	JeanPaulBelmondo	52	AGE52	7145	7144_JeanPaulBelmondo_52_m
503	JeanPaulBelmondo	67	AGE67	7151	7150_JeanPaulBelmondo_67_m
503	JeanPaulBelmondo	71	AGE71	7157	7156_JeanPaulBelmondo_71_m
503	JeanPaulBelmondo	31	AGE31	7131	7130_JeanPaulBelmondo_31_m
503	JeanPaulBelmondo	42	AGE42	7138	7137_JeanPaulBelmondo_42_m
503	JeanPaulBelmondo	62	AGE62	7149	7148_JeanPaulBelmondo_62_m
503	JeanPaulBelmondo	27	AGE27	7128	7127_JeanPaulBelmondo_27_m
503	JeanPaulBelmondo	33	AGE33	7154	7153_JeanPaulBelmondo_33_m
503	JeanPaulBelmondo	56	AGE56	7155	7154_JeanPaulBelmondo_56_m
503	JeanPaulBelmondo	59	AGE59	7156	7155_JeanPaulBelmondo_59_m
503	JeanPaulBelmondo	54	AGE54	7147	7146_JeanPaulBelmondo_54_m
503	JeanPaulBelmondo	47	AGE47	7142	7141_JeanPaulBelmondo_47_m
503	JeanPaulBelmondo	77	AGE77	7152	7151_JeanPaulBelmondo_77_m
503	JeanPaulBelmondo	26	AGE26	7127	7126_JeanPaulBelmondo_26_m
503	JeanPaulBelmondo	35	AGE35	7133	7132_JeanPaulBelmondo_35_m
503	JeanPaulBelmondo	36	AGE36	7134	7133_JeanPaulBelmondo_36_m
503	JeanPaulBelmondo	45	AGE45	7141	7140_JeanPaulBelmondo_45_m
503	JeanPaulBelmondo	43	AGE43	7139	7138_JeanPaulBelmondo_43_m
503	JeanPaulBelmondo	25	AGE25	7126	7125_JeanPaulBelmondo_25_m
503	JeanPaulBelmondo	32	AGE32	7132	7131_JeanPaulBelmondo_32_m
504	BeverlyRoberts	32	AGE32	14567	14566_BeverlyRoberts_32_f
504	BeverlyRoberts	34	AGE34	14569	14568_BeverlyRoberts_34_f
504	BeverlyRoberts	26	AGE26	14564	14563_BeverlyRoberts_26_f
504	BeverlyRoberts	25	AGE25	14563	14562_BeverlyRoberts_25_f
504	BeverlyRoberts	18	AGE18	14557	14556_BeverlyRoberts_18_f
504	BeverlyRoberts	93	AGE93	14572	14571_BeverlyRoberts_93_f
504	BeverlyRoberts	31	AGE31	14566	14565_BeverlyRoberts_31_f
504	BeverlyRoberts	35	AGE35	14570	14569_BeverlyRoberts_35_f
504	BeverlyRoberts	23	AGE23	14561	14560_BeverlyRoberts_23_f
504	BeverlyRoberts	19	AGE19	14558	14557_BeverlyRoberts_19_f
504	BeverlyRoberts	24	AGE24	14562	14561_BeverlyRoberts_24_f
504	BeverlyRoberts	30	AGE30	14565	14564_BeverlyRoberts_30_f
504	BeverlyRoberts	36	AGE36	14571	14570_BeverlyRoberts_36_f
504	BeverlyRoberts	33	AGE33	14568	14567_BeverlyRoberts_33_f
504	BeverlyRoberts	21	AGE21	14559	14558_BeverlyRoberts_21_f
504	BeverlyRoberts	22	AGE22	14560	14559_BeverlyRoberts_22_f
505	GingerRogers	40	AGE40	13487	13486_GingerRogers_40_f
505	GingerRogers	55	AGE55	13477	13476_GingerRogers_55_f
505	GingerRogers	27	AGE27	13461	13460_GingerRogers_27_f
505	GingerRogers	26	AGE26	13463	13462_GingerRogers_26_f
505	GingerRogers	46	AGE46	13469	13468_GingerRogers_46_f
505	GingerRogers	24	AGE24	13457	13456_GingerRogers_24_f
505	GingerRogers	68	AGE68	13478	13477_GingerRogers_68_f
505	GingerRogers	44	AGE44	13468	13467_GingerRogers_44_f
505	GingerRogers	24	AGE24	13484	13483_GingerRogers_24_f
505	GingerRogers	32	AGE32	13480	13479_GingerRogers_32_f
505	GingerRogers	38	AGE38	13466	13465_GingerRogers_38_f
505	GingerRogers	76	AGE76	13486	13485_GingerRogers_76_f
505	GingerRogers	19	AGE19	13458	13457_GingerRogers_19_f
505	GingerRogers	29	AGE29	13481	13480_GingerRogers_29_f
505	GingerRogers	20	AGE20	13459	13458_GingerRogers_20_f
505	GingerRogers	68	AGE68	13479	13478_GingerRogers_68_f
505	GingerRogers	23	AGE23	13460	13459_GingerRogers_23_f
505	GingerRogers	34	AGE34	13471	13470_GingerRogers_34_f
505	GingerRogers	81	AGE81	13470	13469_GingerRogers_81_f
505	GingerRogers	21	AGE21	13473	13472_GingerRogers_21_f
505	GingerRogers	39	AGE39	13467	13466_GingerRogers_39_f
505	GingerRogers	21	AGE21	13482	13481_GingerRogers_21_f
505	GingerRogers	25	AGE25	13462	13461_GingerRogers_25_f
505	GingerRogers	27	AGE27	13464	13463_GingerRogers_27_f
505	GingerRogers	74	AGE74	13485	13484_GingerRogers_74_f
505	GingerRogers	29	AGE29	13465	13464_GingerRogers_29_f
505	GingerRogers	35	AGE35	13474	13473_GingerRogers_35_f
505	GingerRogers	41	AGE41	13483	13482_GingerRogers_41_f
505	GingerRogers	26	AGE26	13472	13471_GingerRogers_26_f
505	GingerRogers	39	AGE39	13475	13474_GingerRogers_39_f
505	GingerRogers	45	AGE45	13476	13475_GingerRogers_45_f
506	MargeChampion	30	AGE30	11598	11597_MargeChampion_30_f
506	MargeChampion	25	AGE25	11595	11594_MargeChampion_25_f
506	MargeChampion	21	AGE21	11592	11591_MargeChampion_21_f
506	MargeChampion	91	AGE91	11619	11618_MargeChampion_91_f
506	MargeChampion	22	AGE22	11593	11592_MargeChampion_22_f
506	MargeChampion	40	AGE40	11608	11607_MargeChampion_40_f
506	MargeChampion	65	AGE65	11612	11611_MargeChampion_65_f
506	MargeChampion	28	AGE28	11597	11596_MargeChampion_28_f
506	MargeChampion	23	AGE23	11594	11593_MargeChampion_23_f
506	MargeChampion	32	AGE32	11600	11599_MargeChampion_32_f
506	MargeChampion	19	AGE19	11590	11589_MargeChampion_19_f
506	MargeChampion	85	AGE85	11614	11613_MargeChampion_85_f
506	MargeChampion	87	AGE87	11616	11615_MargeChampion_87_f
506	MargeChampion	35	AGE35	11603	11602_MargeChampion_35_f
506	MargeChampion	37	AGE37	11605	11604_MargeChampion_37_f
506	MargeChampion	26	AGE26	11596	11595_MargeChampion_26_f
506	MargeChampion	46	AGE46	11609	11608_MargeChampion_46_f
506	MargeChampion	53	AGE53	11610	11609_MargeChampion_53_f
506	MargeChampion	31	AGE31	11599	11598_MargeChampion_31_f
506	MargeChampion	88	AGE88	11617	11616_MargeChampion_88_f
506	MargeChampion	81	AGE81	11613	11612_MargeChampion_81_f
506	MargeChampion	39	AGE39	11607	11606_MargeChampion_39_f
506	MargeChampion	33	AGE33	11601	11600_MargeChampion_33_f
506	MargeChampion	93	AGE93	11621	11620_MargeChampion_93_f
506	MargeChampion	20	AGE20	11591	11590_MargeChampion_20_f
506	MargeChampion	36	AGE36	11604	11603_MargeChampion_36_f
506	MargeChampion	92	AGE92	11620	11619_MargeChampion_92_f
506	MargeChampion	18	AGE18	11589	11588_MargeChampion_18_f
506	MargeChampion	38	AGE38	11606	11605_MargeChampion_38_f
506	MargeChampion	34	AGE34	11602	11601_MargeChampion_34_f
506	MargeChampion	94	AGE94	11622	11621_MargeChampion_94_f
506	MargeChampion	86	AGE86	11615	11614_MargeChampion_86_f
506	MargeChampion	57	AGE57	11611	11610_MargeChampion_57_f
506	MargeChampion	90	AGE90	11618	11617_MargeChampion_90_f
507	RowanAtkinson	25	AGE25	6780	6779_RowanAtkinson_25_m
507	RowanAtkinson	28	AGE28	6782	6781_RowanAtkinson_28_m
507	RowanAtkinson	39	AGE39	6786	6785_RowanAtkinson_39_m
507	RowanAtkinson	52	AGE52	6788	6787_RowanAtkinson_52_m
507	RowanAtkinson	45	AGE45	6792	6791_RowanAtkinson_45_m
507	RowanAtkinson	49	AGE49	6790	6789_RowanAtkinson_49_m
507	RowanAtkinson	56	AGE56	6789	6788_RowanAtkinson_56_m
507	RowanAtkinson	35	AGE35	6785	6784_RowanAtkinson_35_m
507	RowanAtkinson	30	AGE30	6779	6778_RowanAtkinson_30_m
507	RowanAtkinson	28	AGE28	6781	6780_RowanAtkinson_28_m
507	RowanAtkinson	51	AGE51	6787	6786_RowanAtkinson_51_m
507	RowanAtkinson	29	AGE29	6783	6782_RowanAtkinson_29_m
507	RowanAtkinson	30	AGE30	6784	6783_RowanAtkinson_30_m
507	RowanAtkinson	47	AGE47	6791	6790_RowanAtkinson_47_m
508	VictorMature	65	AGE65	8429	8428_VictorMature_65_m
508	VictorMature	31	AGE31	8411	8410_VictorMature_31_m
508	VictorMature	28	AGE28	8408	8407_VictorMature_28_m
508	VictorMature	26	AGE26	8405	8404_VictorMature_26_m
508	VictorMature	43	AGE43	8421	8420_VictorMature_43_m
508	VictorMature	29	AGE29	8409	8408_VictorMature_29_m
508	VictorMature	49	AGE49	8425	8424_VictorMature_49_m
508	VictorMature	27	AGE27	8407	8406_VictorMature_27_m
508	VictorMature	40	AGE40	8419	8418_VictorMature_40_m
508	VictorMature	33	AGE33	8413	8412_VictorMature_33_m
508	VictorMature	41	AGE41	8420	8419_VictorMature_41_m
508	VictorMature	44	AGE44	8422	8421_VictorMature_44_m
508	VictorMature	61	AGE61	8428	8427_VictorMature_61_m
508	VictorMature	45	AGE45	8423	8422_VictorMature_45_m
508	VictorMature	53	AGE53	8426	8425_VictorMature_53_m
508	VictorMature	69	AGE69	8430	8429_VictorMature_69_m
508	VictorMature	70	AGE70	8431	8430_VictorMature_70_m
508	VictorMature	38	AGE38	8417	8416_VictorMature_38_m
508	VictorMature	59	AGE59	8427	8426_VictorMature_59_m
508	VictorMature	32	AGE32	8412	8411_VictorMature_32_m
508	VictorMature	26	AGE26	8406	8405_VictorMature_26_m
508	VictorMature	48	AGE48	8424	8423_VictorMature_48_m
508	VictorMature	37	AGE37	8416	8415_VictorMature_37_m
508	VictorMature	39	AGE39	8418	8417_VictorMature_39_m
508	VictorMature	36	AGE36	8415	8414_VictorMature_36_m
508	VictorMature	35	AGE35	8414	8413_VictorMature_35_m
508	VictorMature	30	AGE30	8410	8409_VictorMature_30_m
508	VictorMature	74	AGE74	8432	8431_VictorMature_74_m
509	MichaelCaine	75	AGE75	4729	4728_MichaelCaine_75_m
509	MichaelCaine	70	AGE70	4731	4730_MichaelCaine_70_m
509	MichaelCaine	32	AGE32	4725	4724_MichaelCaine_32_m
509	MichaelCaine	66	AGE66	4722	4721_MichaelCaine_66_m
509	MichaelCaine	50	AGE50	4730	4729_MichaelCaine_50_m
509	MichaelCaine	32	AGE32	4728	4727_MichaelCaine_32_m
509	MichaelCaine	79	AGE79	4727	4726_MichaelCaine_79_m
509	MichaelCaine	33	AGE33	4726	4725_MichaelCaine_33_m
509	MichaelCaine	39	AGE39	4732	4731_MichaelCaine_39_m
509	MichaelCaine	60	AGE60	4721	4720_MichaelCaine_60_m
509	MichaelCaine	78	AGE78	4724	4723_MichaelCaine_78_m
509	MichaelCaine	52	AGE52	4723	4722_MichaelCaine_52_m
510	PeterFalk	40	AGE40	5596	5595_PeterFalk_40_m
510	PeterFalk	42	AGE42	5598	5597_PeterFalk_42_m
510	PeterFalk	78	AGE78	5624	5623_PeterFalk_78_m
510	PeterFalk	41	AGE41	5597	5596_PeterFalk_41_m
510	PeterFalk	68	AGE68	5618	5617_PeterFalk_68_m
510	PeterFalk	47	AGE47	5602	5601_PeterFalk_47_m
510	PeterFalk	49	AGE49	5605	5604_PeterFalk_49_m
510	PeterFalk	52	AGE52	5608	5607_PeterFalk_52_m
510	PeterFalk	74	AGE74	5622	5621_PeterFalk_74_m
510	PeterFalk	82	AGE82	5629	5628_PeterFalk_82_m
510	PeterFalk	37	AGE37	5593	5592_PeterFalk_37_m
510	PeterFalk	80	AGE80	5627	5626_PeterFalk_80_m
510	PeterFalk	50	AGE50	5606	5605_PeterFalk_50_m
510	PeterFalk	46	AGE46	5601	5600_PeterFalk_46_m
510	PeterFalk	62	AGE62	5616	5615_PeterFalk_62_m
510	PeterFalk	83	AGE83	5631	5630_PeterFalk_83_m
510	PeterFalk	36	AGE36	5592	5591_PeterFalk_36_m
510	PeterFalk	44	AGE44	5600	5599_PeterFalk_44_m
510	PeterFalk	81	AGE81	5628	5627_PeterFalk_81_m
510	PeterFalk	32	AGE32	5591	5590_PeterFalk_32_m
510	PeterFalk	48	AGE48	5604	5603_PeterFalk_48_m
510	PeterFalk	73	AGE73	5621	5620_PeterFalk_73_m
510	PeterFalk	39	AGE39	5595	5594_PeterFalk_39_m
510	PeterFalk	44	AGE44	5599	5598_PeterFalk_44_m
510	PeterFalk	79	AGE79	5626	5625_PeterFalk_79_m
510	PeterFalk	83	AGE83	5630	5629_PeterFalk_83_m
510	PeterFalk	18	AGE18	5587	5586_PeterFalk_18_m
510	PeterFalk	70	AGE70	5620	5619_PeterFalk_70_m
510	PeterFalk	48	AGE48	5603	5602_PeterFalk_48_m
510	PeterFalk	78	AGE78	5625	5624_PeterFalk_78_m
510	PeterFalk	56	AGE56	5613	5612_PeterFalk_56_m
510	PeterFalk	54	AGE54	5611	5610_PeterFalk_54_m
510	PeterFalk	68	AGE68	5619	5618_PeterFalk_68_m
510	PeterFalk	55	AGE55	5612	5611_PeterFalk_55_m
510	PeterFalk	75	AGE75	5623	5622_PeterFalk_75_m
510	PeterFalk	52	AGE52	5609	5608_PeterFalk_52_m
510	PeterFalk	30	AGE30	5589	5588_PeterFalk_30_m
510	PeterFalk	38	AGE38	5594	5593_PeterFalk_38_m
510	PeterFalk	58	AGE58	5614	5613_PeterFalk_58_m
510	PeterFalk	60	AGE60	5615	5614_PeterFalk_60_m
510	PeterFalk	29	AGE29	5588	5587_PeterFalk_29_m
510	PeterFalk	51	AGE51	5607	5606_PeterFalk_51_m
510	PeterFalk	32	AGE32	5590	5589_PeterFalk_32_m
510	PeterFalk	53	AGE53	5610	5609_PeterFalk_53_m
510	PeterFalk	66	AGE66	5617	5616_PeterFalk_66_m
511	JackNicolson	45	AGE45	5269	5268_JackNicolson_45_m
511	JackNicolson	73	AGE73	5282	5281_JackNicolson_73_m
511	JackNicolson	52	AGE52	5293	5292_JackNicolson_52_m
511	JackNicolson	36	AGE36	5271	5270_JackNicolson_36_m
511	JackNicolson	70	AGE70	5285	5284_JackNicolson_70_m
511	JackNicolson	34	AGE34	5287	5286_JackNicolson_34_m
511	JackNicolson	42	AGE42	5276	5275_JackNicolson_42_m
511	JackNicolson	74	AGE74	5291	5290_JackNicolson_74_m
511	JackNicolson	62	AGE62	5275	5274_JackNicolson_62_m
511	JackNicolson	34	AGE34	5281	5280_JackNicolson_34_m
511	JackNicolson	71	AGE71	5280	5279_JackNicolson_71_m
511	JackNicolson	52	AGE52	5277	5276_JackNicolson_52_m
511	JackNicolson	32	AGE32	5283	5282_JackNicolson_32_m
511	JackNicolson	48	AGE48	5274	5273_JackNicolson_48_m
511	JackNicolson	58	AGE58	5272	5271_JackNicolson_58_m
511	JackNicolson	48	AGE48	5278	5277_JackNicolson_48_m
511	JackNicolson	74	AGE74	5288	5287_JackNicolson_74_m
511	JackNicolson	37	AGE37	5284	5283_JackNicolson_37_m
511	JackNicolson	44	AGE44	5294	5293_JackNicolson_44_m
511	JackNicolson	43	AGE43	5289	5288_JackNicolson_43_m
511	JackNicolson	68	AGE68	5270	5269_JackNicolson_68_m
511	JackNicolson	35	AGE35	5273	5272_JackNicolson_35_m
511	JackNicolson	34	AGE34	5286	5285_JackNicolson_34_m
511	JackNicolson	17	AGE17	5292	5291_JackNicolson_17_m
511	JackNicolson	69	AGE69	5290	5289_JackNicolson_69_m
511	JackNicolson	50	AGE50	5279	5278_JackNicolson_50_m
512	WilliamHolden	54	AGE54	8484	8483_WilliamHolden_54_m
512	WilliamHolden	21	AGE21	8463	8462_WilliamHolden_21_m
512	WilliamHolden	46	AGE46	8478	8477_WilliamHolden_46_m
512	WilliamHolden	35	AGE35	8472	8471_WilliamHolden_35_m
512	WilliamHolden	56	AGE56	8486	8485_WilliamHolden_56_m
512	WilliamHolden	58	AGE58	8488	8487_WilliamHolden_58_m
512	WilliamHolden	48	AGE48	8479	8478_WilliamHolden_48_m
512	WilliamHolden	29	AGE29	8469	8468_WilliamHolden_29_m
512	WilliamHolden	24	AGE24	8466	8465_WilliamHolden_24_m
512	WilliamHolden	45	AGE45	8477	8476_WilliamHolden_45_m
512	WilliamHolden	53	AGE53	8483	8482_WilliamHolden_53_m
512	WilliamHolden	61	AGE61	8490	8489_WilliamHolden_61_m
512	WilliamHolden	57	AGE57	8487	8486_WilliamHolden_57_m
512	WilliamHolden	22	AGE22	8464	8463_WilliamHolden_22_m
512	WilliamHolden	25	AGE25	8467	8466_WilliamHolden_25_m
512	WilliamHolden	36	AGE36	8473	8472_WilliamHolden_36_m
512	WilliamHolden	63	AGE63	8491	8490_WilliamHolden_63_m
512	WilliamHolden	55	AGE55	8485	8484_WilliamHolden_55_m
512	WilliamHolden	51	AGE51	8481	8480_WilliamHolden_51_m
512	WilliamHolden	49	AGE49	8480	8479_WilliamHolden_49_m
512	WilliamHolden	23	AGE23	8465	8464_WilliamHolden_23_m
512	WilliamHolden	39	AGE39	8474	8473_WilliamHolden_39_m
512	WilliamHolden	41	AGE41	8476	8475_WilliamHolden_41_m
512	WilliamHolden	34	AGE34	8471	8470_WilliamHolden_34_m
512	WilliamHolden	30	AGE30	8470	8469_WilliamHolden_30_m
512	WilliamHolden	40	AGE40	8475	8474_WilliamHolden_40_m
512	WilliamHolden	60	AGE60	8489	8488_WilliamHolden_60_m
512	WilliamHolden	51	AGE51	8482	8481_WilliamHolden_51_m
512	WilliamHolden	27	AGE27	8468	8467_WilliamHolden_27_m
512	WilliamHolden	20	AGE20	8462	8461_WilliamHolden_20_m
513	DonnaReed	24	AGE24	12571	12570_DonnaReed_24_f
513	DonnaReed	26	AGE26	12573	12572_DonnaReed_26_f
513	DonnaReed	23	AGE23	12570	12569_DonnaReed_23_f
513	DonnaReed	43	AGE43	12586	12585_DonnaReed_43_f
513	DonnaReed	42	AGE42	12585	12584_DonnaReed_42_f
513	DonnaReed	39	AGE39	12583	12582_DonnaReed_39_f
513	DonnaReed	44	AGE44	12587	12586_DonnaReed_44_f
513	DonnaReed	22	AGE22	12569	12568_DonnaReed_22_f
513	DonnaReed	40	AGE40	12584	12583_DonnaReed_40_f
513	DonnaReed	21	AGE21	12568	12567_DonnaReed_21_f
513	DonnaReed	29	AGE29	12578	12577_DonnaReed_29_f
513	DonnaReed	26	AGE26	12574	12573_DonnaReed_26_f
513	DonnaReed	61	AGE61	12591	12590_DonnaReed_61_f
513	DonnaReed	27	AGE27	12575	12574_DonnaReed_27_f
513	DonnaReed	30	AGE30	12579	12578_DonnaReed_30_f
513	DonnaReed	38	AGE38	12582	12581_DonnaReed_38_f
513	DonnaReed	36	AGE36	12581	12580_DonnaReed_36_f
513	DonnaReed	55	AGE55	12595	12594_DonnaReed_55_f
513	DonnaReed	62	AGE62	12592	12591_DonnaReed_62_f
513	DonnaReed	47	AGE47	12588	12587_DonnaReed_47_f
513	DonnaReed	64	AGE64	12594	12593_DonnaReed_64_f
513	DonnaReed	52	AGE52	12589	12588_DonnaReed_52_f
513	DonnaReed	28	AGE28	12577	12576_DonnaReed_28_f
513	DonnaReed	25	AGE25	12572	12571_DonnaReed_25_f
513	DonnaReed	63	AGE63	12593	12592_DonnaReed_63_f
513	DonnaReed	53	AGE53	12590	12589_DonnaReed_53_f
513	DonnaReed	32	AGE32	12580	12579_DonnaReed_32_f
513	DonnaReed	27	AGE27	12576	12575_DonnaReed_27_f
514	LindaEvans	36	AGE36	10615	10614_LindaEvans_36_f
514	LindaEvans	43	AGE43	10621	10620_LindaEvans_43_f
514	LindaEvans	44	AGE44	10622	10621_LindaEvans_44_f
514	LindaEvans	49	AGE49	10625	10624_LindaEvans_49_f
514	LindaEvans	47	AGE47	10623	10622_LindaEvans_47_f
514	LindaEvans	20	AGE20	10603	10602_LindaEvans_20_f
514	LindaEvans	25	AGE25	10607	10606_LindaEvans_25_f
514	LindaEvans	27	AGE27	10609	10608_LindaEvans_27_f
514	LindaEvans	33	AGE33	10613	10612_LindaEvans_33_f
514	LindaEvans	21	AGE21	10604	10603_LindaEvans_21_f
514	LindaEvans	35	AGE35	10614	10613_LindaEvans_35_f
514	LindaEvans	38	AGE38	10617	10616_LindaEvans_38_f
514	LindaEvans	51	AGE51	10626	10625_LindaEvans_51_f
514	LindaEvans	26	AGE26	10608	10607_LindaEvans_26_f
514	LindaEvans	37	AGE37	10616	10615_LindaEvans_37_f
514	LindaEvans	22	AGE22	10605	10604_LindaEvans_22_f
514	LindaEvans	32	AGE32	10612	10611_LindaEvans_32_f
514	LindaEvans	18	AGE18	10602	10601_LindaEvans_18_f
514	LindaEvans	54	AGE54	10628	10627_LindaEvans_54_f
514	LindaEvans	29	AGE29	10610	10609_LindaEvans_29_f
514	LindaEvans	48	AGE48	10624	10623_LindaEvans_48_f
514	LindaEvans	42	AGE42	10620	10619_LindaEvans_42_f
514	LindaEvans	61	AGE61	10630	10629_LindaEvans_61_f
514	LindaEvans	40	AGE40	10618	10617_LindaEvans_40_f
514	LindaEvans	69	AGE69	10633	10632_LindaEvans_69_f
514	LindaEvans	41	AGE41	10619	10618_LindaEvans_41_f
514	LindaEvans	55	AGE55	10629	10628_LindaEvans_55_f
514	LindaEvans	53	AGE53	10627	10626_LindaEvans_53_f
514	LindaEvans	31	AGE31	10611	10610_LindaEvans_31_f
514	LindaEvans	66	AGE66	10632	10631_LindaEvans_66_f
514	LindaEvans	23	AGE23	10606	10605_LindaEvans_23_f
514	LindaEvans	64	AGE64	10631	10630_LindaEvans_64_f
515	mahatmagandhi	28	AGE28	858	857_mahatmagandhi_28_m
515	mahatmagandhi	76	AGE76	859	858_mahatmagandhi_76_m
515	mahatmagandhi	71	AGE71	851	850_mahatmagandhi_71_m
515	mahatmagandhi	30	AGE30	855	854_mahatmagandhi_30_m
515	mahatmagandhi	73	AGE73	857	856_mahatmagandhi_73_m
515	mahatmagandhi	49	AGE49	848	847_mahatmagandhi_49_m
515	mahatmagandhi	58	AGE58	860	859_mahatmagandhi_58_m
515	mahatmagandhi	26	AGE26	846	845_mahatmagandhi_26_m
515	mahatmagandhi	20	AGE20	854	853_mahatmagandhi_20_m
515	mahatmagandhi	62	AGE62	849	848_mahatmagandhi_62_m
515	mahatmagandhi	40	AGE40	847	846_mahatmagandhi_40_m
515	mahatmagandhi	76	AGE76	863	862_mahatmagandhi_76_m
515	mahatmagandhi	72	AGE72	864	863_mahatmagandhi_72_m
515	mahatmagandhi	7	AGE7	845	844_mahatmagandhi_7_m
515	mahatmagandhi	73	AGE73	852	851_mahatmagandhi_73_m
515	mahatmagandhi	72	AGE72	861	860_mahatmagandhi_72_m
515	mahatmagandhi	68	AGE68	865	864_mahatmagandhi_68_m
515	mahatmagandhi	71	AGE71	856	855_mahatmagandhi_71_m
515	mahatmagandhi	72	AGE72	866	865_mahatmagandhi_72_m
515	mahatmagandhi	52	AGE52	853	852_mahatmagandhi_52_m
516	JWMarriott	65	AGE65	479	478_JWMarriott_65_m
516	JWMarriott	62	AGE62	482	481_JWMarriott_62_m
516	JWMarriott	75	AGE75	474	473_JWMarriott_75_m
516	JWMarriott	77	AGE77	475	474_JWMarriott_77_m
516	JWMarriott	78	AGE78	477	476_JWMarriott_78_m
516	JWMarriott	60	AGE60	481	480_JWMarriott_60_m
516	JWMarriott	73	AGE73	478	477_JWMarriott_73_m
516	JWMarriott	75	AGE75	480	479_JWMarriott_75_m
516	JWMarriott	70	AGE70	483	482_JWMarriott_70_m
516	JWMarriott	76	AGE76	476	475_JWMarriott_76_m
516	JWMarriott	73	AGE73	473	472_JWMarriott_73_m
517	GeraldinePage	40	AGE40	14203	14202_GeraldinePage_40_f
517	GeraldinePage	43	AGE43	14194	14193_GeraldinePage_43_f
517	GeraldinePage	43	AGE43	14205	14204_GeraldinePage_43_f
517	GeraldinePage	45	AGE45	14209	14208_GeraldinePage_45_f
517	GeraldinePage	56	AGE56	14184	14183_GeraldinePage_56_f
517	GeraldinePage	41	AGE41	14217	14216_GeraldinePage_41_f
517	GeraldinePage	26	AGE26	14197	14196_GeraldinePage_26_f
517	GeraldinePage	47	AGE47	14207	14206_GeraldinePage_47_f
517	GeraldinePage	29	AGE29	14198	14197_GeraldinePage_29_f
517	GeraldinePage	38	AGE38	14187	14186_GeraldinePage_38_f
517	GeraldinePage	36	AGE36	14199	14198_GeraldinePage_36_f
517	GeraldinePage	40	AGE40	14219	14218_GeraldinePage_40_f
517	GeraldinePage	60	AGE60	14196	14195_GeraldinePage_60_f
517	GeraldinePage	24	AGE24	14218	14217_GeraldinePage_24_f
517	GeraldinePage	32	AGE32	14215	14214_GeraldinePage_32_f
517	GeraldinePage	39	AGE39	14189	14188_GeraldinePage_39_f
517	GeraldinePage	54	AGE54	14206	14205_GeraldinePage_54_f
517	GeraldinePage	53	AGE53	14186	14185_GeraldinePage_53_f
517	GeraldinePage	37	AGE37	14200	14199_GeraldinePage_37_f
517	GeraldinePage	34	AGE34	14201	14200_GeraldinePage_34_f
517	GeraldinePage	48	AGE48	14210	14209_GeraldinePage_48_f
517	GeraldinePage	49	AGE49	14211	14210_GeraldinePage_49_f
517	GeraldinePage	27	AGE27	14192	14191_GeraldinePage_27_f
517	GeraldinePage	43	AGE43	14212	14211_GeraldinePage_43_f
517	GeraldinePage	46	AGE46	14193	14192_GeraldinePage_46_f
517	GeraldinePage	60	AGE60	14213	14212_GeraldinePage_60_f
517	GeraldinePage	61	AGE61	14195	14194_GeraldinePage_61_f
517	GeraldinePage	42	AGE42	14204	14203_GeraldinePage_42_f
517	GeraldinePage	39	AGE39	14190	14189_GeraldinePage_39_f
517	GeraldinePage	36	AGE36	14191	14190_GeraldinePage_36_f
517	GeraldinePage	37	AGE37	14188	14187_GeraldinePage_37_f
517	GeraldinePage	59	AGE59	14208	14207_GeraldinePage_59_f
517	GeraldinePage	62	AGE62	14214	14213_GeraldinePage_62_f
517	GeraldinePage	40	AGE40	14185	14184_GeraldinePage_40_f
517	GeraldinePage	60	AGE60	14216	14215_GeraldinePage_60_f
517	GeraldinePage	40	AGE40	14202	14201_GeraldinePage_40_f
518	RomanPolanski	27	AGE27	4881	4880_RomanPolanski_27_m
518	RomanPolanski	25	AGE25	4879	4878_RomanPolanski_25_m
518	RomanPolanski	62	AGE62	4914	4913_RomanPolanski_62_m
518	RomanPolanski	34	AGE34	4887	4886_RomanPolanski_34_m
518	RomanPolanski	29	AGE29	4883	4882_RomanPolanski_29_m
518	RomanPolanski	21	AGE21	4876	4875_RomanPolanski_21_m
518	RomanPolanski	43	AGE43	4900	4899_RomanPolanski_43_m
518	RomanPolanski	46	AGE46	4902	4901_RomanPolanski_46_m
518	RomanPolanski	39	AGE39	4890	4889_RomanPolanski_39_m
518	RomanPolanski	23	AGE23	4878	4877_RomanPolanski_23_m
518	RomanPolanski	65	AGE65	4915	4914_RomanPolanski_65_m
518	RomanPolanski	30	AGE30	4884	4883_RomanPolanski_30_m
518	RomanPolanski	59	AGE59	4913	4912_RomanPolanski_59_m
518	RomanPolanski	73	AGE73	4919	4918_RomanPolanski_73_m
518	RomanPolanski	77	AGE77	4923	4922_RomanPolanski_77_m
518	RomanPolanski	53	AGE53	4909	4908_RomanPolanski_53_m
518	RomanPolanski	42	AGE42	4899	4898_RomanPolanski_42_m
518	RomanPolanski	55	AGE55	4911	4910_RomanPolanski_55_m
518	RomanPolanski	79	AGE79	4925	4924_RomanPolanski_79_m
518	RomanPolanski	37	AGE37	4894	4893_RomanPolanski_37_m
518	RomanPolanski	40	AGE40	4897	4896_RomanPolanski_40_m
518	RomanPolanski	51	AGE51	4907	4906_RomanPolanski_51_m
518	RomanPolanski	26	AGE26	4880	4879_RomanPolanski_26_m
518	RomanPolanski	39	AGE39	4895	4894_RomanPolanski_39_m
518	RomanPolanski	75	AGE75	4921	4920_RomanPolanski_75_m
518	RomanPolanski	55	AGE55	4912	4911_RomanPolanski_55_m
518	RomanPolanski	22	AGE22	4877	4876_RomanPolanski_22_m
518	RomanPolanski	32	AGE32	4885	4884_RomanPolanski_32_m
518	RomanPolanski	71	AGE71	4918	4917_RomanPolanski_71_m
518	RomanPolanski	44	AGE44	4901	4900_RomanPolanski_44_m
518	RomanPolanski	67	AGE67	4916	4915_RomanPolanski_67_m
518	RomanPolanski	36	AGE36	4893	4892_RomanPolanski_36_m
518	RomanPolanski	33	AGE33	4886	4885_RomanPolanski_33_m
518	RomanPolanski	40	AGE40	4896	4895_RomanPolanski_40_m
518	RomanPolanski	69	AGE69	4917	4916_RomanPolanski_69_m
518	RomanPolanski	54	AGE54	4910	4909_RomanPolanski_54_m
518	RomanPolanski	35	AGE35	4892	4891_RomanPolanski_35_m
518	RomanPolanski	41	AGE41	4898	4897_RomanPolanski_41_m
518	RomanPolanski	52	AGE52	4908	4907_RomanPolanski_52_m
518	RomanPolanski	28	AGE28	4882	4881_RomanPolanski_28_m
518	RomanPolanski	74	AGE74	4920	4919_RomanPolanski_74_m
518	RomanPolanski	49	AGE49	4905	4904_RomanPolanski_49_m
518	RomanPolanski	78	AGE78	4924	4923_RomanPolanski_78_m
518	RomanPolanski	47	AGE47	4903	4902_RomanPolanski_47_m
518	RomanPolanski	48	AGE48	4904	4903_RomanPolanski_48_m
518	RomanPolanski	80	AGE80	4926	4925_RomanPolanski_80_m
518	RomanPolanski	76	AGE76	4922	4921_RomanPolanski_76_m
518	RomanPolanski	31	AGE31	4891	4890_RomanPolanski_31_m
518	RomanPolanski	35	AGE35	4888	4887_RomanPolanski_35_m
518	RomanPolanski	38	AGE38	4889	4888_RomanPolanski_38_m
518	RomanPolanski	50	AGE50	4906	4905_RomanPolanski_50_m
519	ChevyChase	44	AGE44	2435	2434_ChevyChase_44_m
519	ChevyChase	40	AGE40	2456	2455_ChevyChase_40_m
519	ChevyChase	68	AGE68	2447	2446_ChevyChase_68_m
519	ChevyChase	40	AGE40	2432	2431_ChevyChase_40_m
519	ChevyChase	60	AGE60	2440	2439_ChevyChase_60_m
519	ChevyChase	43	AGE43	2434	2433_ChevyChase_43_m
519	ChevyChase	56	AGE56	2439	2438_ChevyChase_56_m
519	ChevyChase	33	AGE33	2450	2449_ChevyChase_33_m
519	ChevyChase	69	AGE69	2448	2447_ChevyChase_69_m
519	ChevyChase	32	AGE32	2430	2429_ChevyChase_32_m
519	ChevyChase	28	AGE28	2425	2424_ChevyChase_28_m
519	ChevyChase	35	AGE35	2429	2428_ChevyChase_35_m
519	ChevyChase	37	AGE37	2431	2430_ChevyChase_37_m
519	ChevyChase	52	AGE52	2438	2437_ChevyChase_52_m
519	ChevyChase	61	AGE61	2441	2440_ChevyChase_61_m
519	ChevyChase	62	AGE62	2442	2441_ChevyChase_62_m
519	ChevyChase	31	AGE31	2449	2448_ChevyChase_31_m
519	ChevyChase	34	AGE34	2428	2427_ChevyChase_34_m
519	ChevyChase	63	AGE63	2443	2442_ChevyChase_63_m
519	ChevyChase	35	AGE35	2455	2454_ChevyChase_35_m
519	ChevyChase	58	AGE58	2454	2453_ChevyChase_58_m
519	ChevyChase	65	AGE65	2444	2443_ChevyChase_65_m
519	ChevyChase	33	AGE33	2427	2426_ChevyChase_33_m
519	ChevyChase	25	AGE25	2426	2425_ChevyChase_25_m
519	ChevyChase	67	AGE67	2457	2456_ChevyChase_67_m
519	ChevyChase	51	AGE51	2437	2436_ChevyChase_51_m
519	ChevyChase	66	AGE66	2445	2444_ChevyChase_66_m
519	ChevyChase	45	AGE45	2451	2450_ChevyChase_45_m
519	ChevyChase	30	AGE30	2424	2423_ChevyChase_30_m
519	ChevyChase	67	AGE67	2446	2445_ChevyChase_67_m
519	ChevyChase	42	AGE42	2452	2451_ChevyChase_42_m
519	ChevyChase	57	AGE57	2453	2452_ChevyChase_57_m
519	ChevyChase	42	AGE42	2433	2432_ChevyChase_42_m
519	ChevyChase	46	AGE46	2436	2435_ChevyChase_46_m
520	MaryTamm	21	AGE21	15731	15730_MaryTamm_21_f
520	MaryTamm	17	AGE17	15728	15727_MaryTamm_17_f
520	MaryTamm	48	AGE48	15747	15746_MaryTamm_48_f
520	MaryTamm	32	AGE32	15738	15737_MaryTamm_32_f
520	MaryTamm	24	AGE24	15733	15732_MaryTamm_24_f
520	MaryTamm	33	AGE33	15739	15738_MaryTamm_33_f
520	MaryTamm	40	AGE40	15742	15741_MaryTamm_40_f
520	MaryTamm	23	AGE23	15732	15731_MaryTamm_23_f
520	MaryTamm	42	AGE42	15743	15742_MaryTamm_42_f
520	MaryTamm	19	AGE19	15730	15729_MaryTamm_19_f
520	MaryTamm	46	AGE46	15745	15744_MaryTamm_46_f
520	MaryTamm	30	AGE30	15737	15736_MaryTamm_30_f
520	MaryTamm	35	AGE35	15740	15739_MaryTamm_35_f
520	MaryTamm	27	AGE27	15735	15734_MaryTamm_27_f
520	MaryTamm	44	AGE44	15744	15743_MaryTamm_44_f
520	MaryTamm	53	AGE53	15750	15749_MaryTamm_53_f
520	MaryTamm	51	AGE51	15749	15748_MaryTamm_51_f
520	MaryTamm	15	AGE15	15727	15726_MaryTamm_15_f
520	MaryTamm	50	AGE50	15748	15747_MaryTamm_50_f
520	MaryTamm	36	AGE36	15741	15740_MaryTamm_36_f
520	MaryTamm	47	AGE47	15746	15745_MaryTamm_47_f
520	MaryTamm	25	AGE25	15734	15733_MaryTamm_25_f
520	MaryTamm	55	AGE55	15751	15750_MaryTamm_55_f
520	MaryTamm	29	AGE29	15736	15735_MaryTamm_29_f
520	MaryTamm	18	AGE18	15729	15728_MaryTamm_18_f
521	StefaniePowers	67	AGE67	15841	15840_StefaniePowers_67_f
521	StefaniePowers	47	AGE47	15827	15826_StefaniePowers_47_f
521	StefaniePowers	56	AGE56	15832	15831_StefaniePowers_56_f
521	StefaniePowers	54	AGE54	15847	15846_StefaniePowers_54_f
521	StefaniePowers	60	AGE60	15834	15833_StefaniePowers_60_f
521	StefaniePowers	32	AGE32	15818	15817_StefaniePowers_32_f
521	StefaniePowers	46	AGE46	15826	15825_StefaniePowers_46_f
521	StefaniePowers	37	AGE37	15821	15820_StefaniePowers_37_f
521	StefaniePowers	36	AGE36	15820	15819_StefaniePowers_36_f
521	StefaniePowers	23	AGE23	15815	15814_StefaniePowers_23_f
521	StefaniePowers	44	AGE44	15845	15844_StefaniePowers_44_f
521	StefaniePowers	65	AGE65	15839	15838_StefaniePowers_65_f
521	StefaniePowers	73	AGE73	15843	15842_StefaniePowers_73_f
521	StefaniePowers	42	AGE42	15844	15843_StefaniePowers_42_f
521	StefaniePowers	48	AGE48	15828	15827_StefaniePowers_48_f
521	StefaniePowers	64	AGE64	15838	15837_StefaniePowers_64_f
521	StefaniePowers	68	AGE68	15849	15848_StefaniePowers_68_f
521	StefaniePowers	69	AGE69	15842	15841_StefaniePowers_69_f
521	StefaniePowers	62	AGE62	15836	15835_StefaniePowers_62_f
521	StefaniePowers	66	AGE66	15840	15839_StefaniePowers_66_f
521	StefaniePowers	34	AGE34	15819	15818_StefaniePowers_34_f
521	StefaniePowers	29	AGE29	15817	15816_StefaniePowers_29_f
521	StefaniePowers	61	AGE61	15835	15834_StefaniePowers_61_f
521	StefaniePowers	21	AGE21	15814	15813_StefaniePowers_21_f
521	StefaniePowers	38	AGE38	15822	15821_StefaniePowers_38_f
521	StefaniePowers	63	AGE63	15837	15836_StefaniePowers_63_f
521	StefaniePowers	41	AGE41	15825	15824_StefaniePowers_41_f
521	StefaniePowers	49	AGE49	15829	15828_StefaniePowers_49_f
521	StefaniePowers	40	AGE40	15824	15823_StefaniePowers_40_f
521	StefaniePowers	55	AGE55	15848	15847_StefaniePowers_55_f
521	StefaniePowers	51	AGE51	15830	15829_StefaniePowers_51_f
521	StefaniePowers	52	AGE52	15831	15830_StefaniePowers_52_f
521	StefaniePowers	50	AGE50	15846	15845_StefaniePowers_50_f
521	StefaniePowers	71	AGE71	15851	15850_StefaniePowers_71_f
521	StefaniePowers	70	AGE70	15850	15849_StefaniePowers_70_f
521	StefaniePowers	24	AGE24	15816	15815_StefaniePowers_24_f
521	StefaniePowers	58	AGE58	15833	15832_StefaniePowers_58_f
521	StefaniePowers	39	AGE39	15823	15822_StefaniePowers_39_f
522	DannyGlover	63	AGE63	16105	16104_DannyGlover_63_m
522	DannyGlover	45	AGE45	16087	16086_DannyGlover_45_m
522	DannyGlover	69	AGE69	16099	16098_DannyGlover_69_m
522	DannyGlover	39	AGE39	16083	16082_DannyGlover_39_m
522	DannyGlover	41	AGE41	16084	16083_DannyGlover_41_m
522	DannyGlover	71	AGE71	16104	16103_DannyGlover_71_m
522	DannyGlover	47	AGE47	16090	16089_DannyGlover_47_m
522	DannyGlover	70	AGE70	16102	16101_DannyGlover_70_m
522	DannyGlover	68	AGE68	16096	16095_DannyGlover_68_m
522	DannyGlover	52	AGE52	16107	16106_DannyGlover_52_m
522	DannyGlover	70	AGE70	16100	16099_DannyGlover_70_m
522	DannyGlover	61	AGE61	16091	16090_DannyGlover_61_m
522	DannyGlover	42	AGE42	16109	16108_DannyGlover_42_m
522	DannyGlover	68	AGE68	16095	16094_DannyGlover_68_m
522	DannyGlover	68	AGE68	16097	16096_DannyGlover_68_m
522	DannyGlover	68	AGE68	16082	16081_DannyGlover_68_m
522	DannyGlover	41	AGE41	16092	16091_DannyGlover_41_m
522	DannyGlover	71	AGE71	16103	16102_DannyGlover_71_m
522	DannyGlover	43	AGE43	16085	16084_DannyGlover_43_m
522	DannyGlover	58	AGE58	16094	16093_DannyGlover_58_m
522	DannyGlover	62	AGE62	16093	16092_DannyGlover_62_m
522	DannyGlover	46	AGE46	16088	16087_DannyGlover_46_m
522	DannyGlover	70	AGE70	16101	16100_DannyGlover_70_m
522	DannyGlover	44	AGE44	16086	16085_DannyGlover_44_m
522	DannyGlover	39	AGE39	16111	16110_DannyGlover_39_m
522	DannyGlover	8	AGE8	16108	16107_DannyGlover_8_m
522	DannyGlover	70	AGE70	16098	16097_DannyGlover_70_m
522	DannyGlover	61	AGE61	16110	16109_DannyGlover_61_m
522	DannyGlover	63	AGE63	16106	16105_DannyGlover_63_m
522	DannyGlover	57	AGE57	16089	16088_DannyGlover_57_m
523	MartinSheen	31	AGE31	3520	3519_MartinSheen_31_m
523	MartinSheen	69	AGE69	3550	3549_MartinSheen_69_m
523	MartinSheen	38	AGE38	3527	3526_MartinSheen_38_m
523	MartinSheen	69	AGE69	3549	3548_MartinSheen_69_m
523	MartinSheen	62	AGE62	3543	3542_MartinSheen_62_m
523	MartinSheen	56	AGE56	3537	3536_MartinSheen_56_m
523	MartinSheen	68	AGE68	3548	3547_MartinSheen_68_m
523	MartinSheen	72	AGE72	3553	3552_MartinSheen_72_m
523	MartinSheen	43	AGE43	3530	3529_MartinSheen_43_m
523	MartinSheen	75	AGE75	3556	3555_MartinSheen_75_m
523	MartinSheen	73	AGE73	3554	3553_MartinSheen_73_m
523	MartinSheen	34	AGE34	3523	3522_MartinSheen_34_m
523	MartinSheen	59	AGE59	3540	3539_MartinSheen_59_m
523	MartinSheen	46	AGE46	3532	3531_MartinSheen_46_m
523	MartinSheen	67	AGE67	3547	3546_MartinSheen_67_m
523	MartinSheen	27	AGE27	3518	3517_MartinSheen_27_m
523	MartinSheen	35	AGE35	3524	3523_MartinSheen_35_m
523	MartinSheen	36	AGE36	3525	3524_MartinSheen_36_m
523	MartinSheen	63	AGE63	3544	3543_MartinSheen_63_m
523	MartinSheen	33	AGE33	3522	3521_MartinSheen_33_m
523	MartinSheen	58	AGE58	3539	3538_MartinSheen_58_m
523	MartinSheen	57	AGE57	3538	3537_MartinSheen_57_m
523	MartinSheen	23	AGE23	3517	3516_MartinSheen_23_m
523	MartinSheen	53	AGE53	3536	3535_MartinSheen_53_m
523	MartinSheen	47	AGE47	3533	3532_MartinSheen_47_m
523	MartinSheen	52	AGE52	3535	3534_MartinSheen_52_m
523	MartinSheen	61	AGE61	3542	3541_MartinSheen_61_m
523	MartinSheen	66	AGE66	3546	3545_MartinSheen_66_m
523	MartinSheen	44	AGE44	3531	3530_MartinSheen_44_m
523	MartinSheen	32	AGE32	3521	3520_MartinSheen_32_m
523	MartinSheen	64	AGE64	3545	3544_MartinSheen_64_m
523	MartinSheen	50	AGE50	3534	3533_MartinSheen_50_m
523	MartinSheen	29	AGE29	3519	3518_MartinSheen_29_m
523	MartinSheen	37	AGE37	3526	3525_MartinSheen_37_m
523	MartinSheen	71	AGE71	3552	3551_MartinSheen_71_m
523	MartinSheen	42	AGE42	3529	3528_MartinSheen_42_m
523	MartinSheen	70	AGE70	3551	3550_MartinSheen_70_m
523	MartinSheen	74	AGE74	3555	3554_MartinSheen_74_m
523	MartinSheen	40	AGE40	3528	3527_MartinSheen_40_m
523	MartinSheen	60	AGE60	3541	3540_MartinSheen_60_m
524	MaureenOHara	78	AGE78	11642	11641_MaureenOHara_78_f
524	MaureenOHara	21	AGE21	11624	11623_MaureenOHara_21_f
524	MaureenOHara	51	AGE51	11638	11637_MaureenOHara_51_f
524	MaureenOHara	20	AGE20	11623	11622_MaureenOHara_20_f
524	MaureenOHara	84	AGE84	11643	11642_MaureenOHara_84_f
524	MaureenOHara	39	AGE39	11636	11635_MaureenOHara_39_f
524	MaureenOHara	26	AGE26	11627	11626_MaureenOHara_26_f
524	MaureenOHara	45	AGE45	11637	11636_MaureenOHara_45_f
524	MaureenOHara	75	AGE75	11641	11640_MaureenOHara_75_f
524	MaureenOHara	20	AGE20	11651	11650_MaureenOHara_20_f
524	MaureenOHara	36	AGE36	11635	11634_MaureenOHara_36_f
524	MaureenOHara	33	AGE33	11632	11631_MaureenOHara_33_f
524	MaureenOHara	32	AGE32	11631	11630_MaureenOHara_32_f
524	MaureenOHara	28	AGE28	11649	11648_MaureenOHara_28_f
524	MaureenOHara	35	AGE35	11634	11633_MaureenOHara_35_f
524	MaureenOHara	35	AGE35	11644	11643_MaureenOHara_35_f
524	MaureenOHara	82	AGE82	11647	11646_MaureenOHara_82_f
524	MaureenOHara	78	AGE78	11645	11644_MaureenOHara_78_f
524	MaureenOHara	85	AGE85	11646	11645_MaureenOHara_85_f
524	MaureenOHara	28	AGE28	11629	11628_MaureenOHara_28_f
524	MaureenOHara	27	AGE27	11628	11627_MaureenOHara_27_f
524	MaureenOHara	30	AGE30	11648	11647_MaureenOHara_30_f
524	MaureenOHara	89	AGE89	11650	11649_MaureenOHara_89_f
524	MaureenOHara	71	AGE71	11639	11638_MaureenOHara_71_f
524	MaureenOHara	18	AGE18	11652	11651_MaureenOHara_18_f
524	MaureenOHara	75	AGE75	11640	11639_MaureenOHara_75_f
524	MaureenOHara	34	AGE34	11633	11632_MaureenOHara_34_f
524	MaureenOHara	23	AGE23	11626	11625_MaureenOHara_23_f
524	MaureenOHara	22	AGE22	11625	11624_MaureenOHara_22_f
524	MaureenOHara	29	AGE29	11630	11629_MaureenOHara_29_f
525	BoDerek	33	AGE33	9652	9651_BoDerek_33_f
525	BoDerek	24	AGE24	9646	9645_BoDerek_24_f
525	BoDerek	40	AGE40	9656	9655_BoDerek_40_f
525	BoDerek	51	AGE51	9665	9664_BoDerek_51_f
525	BoDerek	45	AGE45	9661	9660_BoDerek_45_f
525	BoDerek	28	AGE28	9650	9649_BoDerek_28_f
525	BoDerek	42	AGE42	9658	9657_BoDerek_42_f
525	BoDerek	36	AGE36	9653	9652_BoDerek_36_f
525	BoDerek	26	AGE26	9648	9647_BoDerek_26_f
525	BoDerek	41	AGE41	9657	9656_BoDerek_41_f
525	BoDerek	44	AGE44	9660	9659_BoDerek_44_f
525	BoDerek	43	AGE43	9659	9658_BoDerek_43_f
525	BoDerek	55	AGE55	9667	9666_BoDerek_55_f
525	BoDerek	39	AGE39	9655	9654_BoDerek_39_f
525	BoDerek	46	AGE46	9662	9661_BoDerek_46_f
525	BoDerek	23	AGE23	9645	9644_BoDerek_23_f
525	BoDerek	53	AGE53	9666	9665_BoDerek_53_f
525	BoDerek	38	AGE38	9654	9653_BoDerek_38_f
525	BoDerek	21	AGE21	9644	9643_BoDerek_21_f
525	BoDerek	27	AGE27	9649	9648_BoDerek_27_f
525	BoDerek	50	AGE50	9664	9663_BoDerek_50_f
525	BoDerek	20	AGE20	9643	9642_BoDerek_20_f
525	BoDerek	31	AGE31	9651	9650_BoDerek_31_f
525	BoDerek	47	AGE47	9663	9662_BoDerek_47_f
525	BoDerek	25	AGE25	9647	9646_BoDerek_25_f
526	AngieDickinson	24	AGE24	12413	12412_AngieDickinson_24_f
526	AngieDickinson	57	AGE57	12454	12453_AngieDickinson_57_f
526	AngieDickinson	33	AGE33	12441	12440_AngieDickinson_33_f
526	AngieDickinson	36	AGE36	12420	12419_AngieDickinson_36_f
526	AngieDickinson	63	AGE63	12430	12429_AngieDickinson_63_f
526	AngieDickinson	27	AGE27	12416	12415_AngieDickinson_27_f
526	AngieDickinson	50	AGE50	12450	12449_AngieDickinson_50_f
526	AngieDickinson	45	AGE45	12425	12424_AngieDickinson_45_f
526	AngieDickinson	79	AGE79	12436	12435_AngieDickinson_79_f
526	AngieDickinson	44	AGE44	12424	12423_AngieDickinson_44_f
526	AngieDickinson	19	AGE19	12410	12409_AngieDickinson_19_f
526	AngieDickinson	21	AGE21	12411	12410_AngieDickinson_21_f
526	AngieDickinson	29	AGE29	12418	12417_AngieDickinson_29_f
526	AngieDickinson	31	AGE31	12439	12438_AngieDickinson_31_f
526	AngieDickinson	67	AGE67	12432	12431_AngieDickinson_67_f
526	AngieDickinson	69	AGE69	12456	12455_AngieDickinson_69_f
526	AngieDickinson	81	AGE81	12438	12437_AngieDickinson_81_f
526	AngieDickinson	80	AGE80	12437	12436_AngieDickinson_80_f
526	AngieDickinson	64	AGE64	12431	12430_AngieDickinson_64_f
526	AngieDickinson	23	AGE23	12412	12411_AngieDickinson_23_f
526	AngieDickinson	73	AGE73	12457	12456_AngieDickinson_73_f
526	AngieDickinson	28	AGE28	12417	12416_AngieDickinson_28_f
526	AngieDickinson	25	AGE25	12414	12413_AngieDickinson_25_f
526	AngieDickinson	59	AGE59	12428	12427_AngieDickinson_59_f
526	AngieDickinson	51	AGE51	12451	12450_AngieDickinson_51_f
526	AngieDickinson	47	AGE47	12426	12425_AngieDickinson_47_f
526	AngieDickinson	76	AGE76	12458	12457_AngieDickinson_76_f
526	AngieDickinson	42	AGE42	12446	12445_AngieDickinson_42_f
526	AngieDickinson	34	AGE34	12442	12441_AngieDickinson_34_f
526	AngieDickinson	48	AGE48	12427	12426_AngieDickinson_48_f
526	AngieDickinson	46	AGE46	12448	12447_AngieDickinson_46_f
526	AngieDickinson	58	AGE58	12455	12454_AngieDickinson_58_f
526	AngieDickinson	37	AGE37	12444	12443_AngieDickinson_37_f
526	AngieDickinson	39	AGE39	12422	12421_AngieDickinson_39_f
526	AngieDickinson	26	AGE26	12415	12414_AngieDickinson_26_f
526	AngieDickinson	72	AGE72	12435	12434_AngieDickinson_72_f
526	AngieDickinson	40	AGE40	12445	12444_AngieDickinson_40_f
526	AngieDickinson	32	AGE32	12440	12439_AngieDickinson_32_f
526	AngieDickinson	70	AGE70	12433	12432_AngieDickinson_70_f
526	AngieDickinson	78	AGE78	12459	12458_AngieDickinson_78_f
526	AngieDickinson	35	AGE35	12443	12442_AngieDickinson_35_f
526	AngieDickinson	43	AGE43	12447	12446_AngieDickinson_43_f
526	AngieDickinson	52	AGE52	12452	12451_AngieDickinson_52_f
526	AngieDickinson	38	AGE38	12421	12420_AngieDickinson_38_f
526	AngieDickinson	71	AGE71	12434	12433_AngieDickinson_71_f
526	AngieDickinson	62	AGE62	12429	12428_AngieDickinson_62_f
526	AngieDickinson	41	AGE41	12423	12422_AngieDickinson_41_f
526	AngieDickinson	30	AGE30	12419	12418_AngieDickinson_30_f
526	AngieDickinson	54	AGE54	12453	12452_AngieDickinson_54_f
526	AngieDickinson	82	AGE82	12460	12459_AngieDickinson_82_f
526	AngieDickinson	49	AGE49	12449	12448_AngieDickinson_49_f
527	JohnGarfield	32	AGE32	7174	7173_JohnGarfield_32_m
527	JohnGarfield	35	AGE35	7178	7177_JohnGarfield_35_m
527	JohnGarfield	34	AGE34	7176	7175_JohnGarfield_34_m
527	JohnGarfield	28	AGE28	7167	7166_JohnGarfield_28_m
527	JohnGarfield	25	AGE25	7163	7162_JohnGarfield_25_m
527	JohnGarfield	34	AGE34	7177	7176_JohnGarfield_34_m
527	JohnGarfield	26	AGE26	7164	7163_JohnGarfield_26_m
527	JohnGarfield	31	AGE31	7172	7171_JohnGarfield_31_m
527	JohnGarfield	29	AGE29	7169	7168_JohnGarfield_29_m
527	JohnGarfield	23	AGE23	7161	7160_JohnGarfield_23_m
527	JohnGarfield	38	AGE38	7183	7182_JohnGarfield_38_m
527	JohnGarfield	36	AGE36	7181	7180_JohnGarfield_36_m
527	JohnGarfield	35	AGE35	7179	7178_JohnGarfield_35_m
527	JohnGarfield	30	AGE30	7170	7169_JohnGarfield_30_m
527	JohnGarfield	33	AGE33	7175	7174_JohnGarfield_33_m
527	JohnGarfield	22	AGE22	7160	7159_JohnGarfield_22_m
527	JohnGarfield	27	AGE27	7166	7165_JohnGarfield_27_m
527	JohnGarfield	30	AGE30	7171	7170_JohnGarfield_30_m
527	JohnGarfield	7	AGE7	7159	7158_JohnGarfield_7_m
527	JohnGarfield	24	AGE24	7162	7161_JohnGarfield_24_m
527	JohnGarfield	27	AGE27	7165	7164_JohnGarfield_27_m
527	JohnGarfield	32	AGE32	7173	7172_JohnGarfield_32_m
527	JohnGarfield	29	AGE29	7168	7167_JohnGarfield_29_m
527	JohnGarfield	36	AGE36	7180	7179_JohnGarfield_36_m
527	JohnGarfield	38	AGE38	7184	7183_JohnGarfield_38_m
527	JohnGarfield	37	AGE37	7182	7181_JohnGarfield_37_m
528	MichaelBloomberg	50	AGE50	315	314_MichaelBloomberg_50_m
528	MichaelBloomberg	68	AGE68	303	302_MichaelBloomberg_68_m
528	MichaelBloomberg	57	AGE57	312	311_MichaelBloomberg_57_m
528	MichaelBloomberg	71	AGE71	322	321_MichaelBloomberg_71_m
528	MichaelBloomberg	69	AGE69	304	303_MichaelBloomberg_69_m
528	MichaelBloomberg	70	AGE70	321	320_MichaelBloomberg_70_m
528	MichaelBloomberg	70	AGE70	311	310_MichaelBloomberg_70_m
528	MichaelBloomberg	48	AGE48	316	315_MichaelBloomberg_48_m
528	MichaelBloomberg	63	AGE63	305	304_MichaelBloomberg_63_m
528	MichaelBloomberg	71	AGE71	302	301_MichaelBloomberg_71_m
528	MichaelBloomberg	65	AGE65	308	307_MichaelBloomberg_65_m
528	MichaelBloomberg	71	AGE71	300	299_MichaelBloomberg_71_m
528	MichaelBloomberg	71	AGE71	317	316_MichaelBloomberg_71_m
528	MichaelBloomberg	65	AGE65	307	306_MichaelBloomberg_65_m
528	MichaelBloomberg	68	AGE68	310	309_MichaelBloomberg_68_m
528	MichaelBloomberg	50	AGE50	313	312_MichaelBloomberg_50_m
528	MichaelBloomberg	64	AGE64	306	305_MichaelBloomberg_64_m
528	MichaelBloomberg	68	AGE68	319	318_MichaelBloomberg_68_m
528	MichaelBloomberg	66	AGE66	309	308_MichaelBloomberg_66_m
528	MichaelBloomberg	62	AGE62	314	313_MichaelBloomberg_62_m
528	MichaelBloomberg	71	AGE71	301	300_MichaelBloomberg_71_m
528	MichaelBloomberg	71	AGE71	318	317_MichaelBloomberg_71_m
528	MichaelBloomberg	69	AGE69	320	319_MichaelBloomberg_69_m
528	MichaelBloomberg	70	AGE70	323	322_MichaelBloomberg_70_m
529	RichardBurton	30	AGE30	9190	9189_RichardBurton_30_m
529	RichardBurton	28	AGE28	9188	9187_RichardBurton_28_m
529	RichardBurton	27	AGE27	9203	9202_RichardBurton_27_m
529	RichardBurton	44	AGE44	9200	9199_RichardBurton_44_m
529	RichardBurton	45	AGE45	9191	9190_RichardBurton_45_m
529	RichardBurton	42	AGE42	9199	9198_RichardBurton_42_m
529	RichardBurton	50	AGE50	9195	9194_RichardBurton_50_m
529	RichardBurton	38	AGE38	9204	9203_RichardBurton_38_m
529	RichardBurton	59	AGE59	9197	9196_RichardBurton_59_m
529	RichardBurton	26	AGE26	9193	9192_RichardBurton_26_m
529	RichardBurton	45	AGE45	9196	9195_RichardBurton_45_m
529	RichardBurton	30	AGE30	9205	9204_RichardBurton_30_m
529	RichardBurton	40	AGE40	9198	9197_RichardBurton_40_m
529	RichardBurton	22	AGE22	9201	9200_RichardBurton_22_m
529	RichardBurton	42	AGE42	9194	9193_RichardBurton_42_m
529	RichardBurton	35	AGE35	9189	9188_RichardBurton_35_m
529	RichardBurton	48	AGE48	9192	9191_RichardBurton_48_m
529	RichardBurton	24	AGE24	9202	9201_RichardBurton_24_m
530	SimonMacCorkindale	25	AGE25	8349	8348_SimonMacCorkindale_25_m
530	SimonMacCorkindale	35	AGE35	8359	8358_SimonMacCorkindale_35_m
530	SimonMacCorkindale	58	AGE58	8377	8376_SimonMacCorkindale_58_m
530	SimonMacCorkindale	38	AGE38	8361	8360_SimonMacCorkindale_38_m
530	SimonMacCorkindale	23	AGE23	8347	8346_SimonMacCorkindale_23_m
530	SimonMacCorkindale	49	AGE49	8369	8368_SimonMacCorkindale_49_m
530	SimonMacCorkindale	27	AGE27	8351	8350_SimonMacCorkindale_27_m
530	SimonMacCorkindale	51	AGE51	8371	8370_SimonMacCorkindale_51_m
530	SimonMacCorkindale	34	AGE34	8358	8357_SimonMacCorkindale_34_m
530	SimonMacCorkindale	45	AGE45	8366	8365_SimonMacCorkindale_45_m
530	SimonMacCorkindale	52	AGE52	8372	8371_SimonMacCorkindale_52_m
530	SimonMacCorkindale	57	AGE57	8376	8375_SimonMacCorkindale_57_m
530	SimonMacCorkindale	40	AGE40	8363	8362_SimonMacCorkindale_40_m
530	SimonMacCorkindale	55	AGE55	8374	8373_SimonMacCorkindale_55_m
530	SimonMacCorkindale	33	AGE33	8357	8356_SimonMacCorkindale_33_m
530	SimonMacCorkindale	43	AGE43	8364	8363_SimonMacCorkindale_43_m
530	SimonMacCorkindale	50	AGE50	8370	8369_SimonMacCorkindale_50_m
530	SimonMacCorkindale	29	AGE29	8353	8352_SimonMacCorkindale_29_m
530	SimonMacCorkindale	37	AGE37	8360	8359_SimonMacCorkindale_37_m
530	SimonMacCorkindale	24	AGE24	8348	8347_SimonMacCorkindale_24_m
530	SimonMacCorkindale	30	AGE30	8354	8353_SimonMacCorkindale_30_m
530	SimonMacCorkindale	31	AGE31	8355	8354_SimonMacCorkindale_31_m
530	SimonMacCorkindale	53	AGE53	8373	8372_SimonMacCorkindale_53_m
530	SimonMacCorkindale	28	AGE28	8352	8351_SimonMacCorkindale_28_m
530	SimonMacCorkindale	44	AGE44	8365	8364_SimonMacCorkindale_44_m
530	SimonMacCorkindale	39	AGE39	8362	8361_SimonMacCorkindale_39_m
530	SimonMacCorkindale	32	AGE32	8356	8355_SimonMacCorkindale_32_m
530	SimonMacCorkindale	56	AGE56	8375	8374_SimonMacCorkindale_56_m
530	SimonMacCorkindale	48	AGE48	8368	8367_SimonMacCorkindale_48_m
530	SimonMacCorkindale	46	AGE46	8367	8366_SimonMacCorkindale_46_m
530	SimonMacCorkindale	26	AGE26	8350	8349_SimonMacCorkindale_26_m
531	TimothyDalton	29	AGE29	4965	4964_TimothyDalton_29_m
531	TimothyDalton	61	AGE61	4984	4983_TimothyDalton_61_m
531	TimothyDalton	59	AGE59	4983	4982_TimothyDalton_59_m
531	TimothyDalton	63	AGE63	4986	4985_TimothyDalton_63_m
531	TimothyDalton	43	AGE43	4971	4970_TimothyDalton_43_m
531	TimothyDalton	54	AGE54	4981	4980_TimothyDalton_54_m
531	TimothyDalton	46	AGE46	4975	4974_TimothyDalton_46_m
531	TimothyDalton	51	AGE51	4979	4978_TimothyDalton_51_m
531	TimothyDalton	48	AGE48	4976	4975_TimothyDalton_48_m
531	TimothyDalton	50	AGE50	4978	4977_TimothyDalton_50_m
531	TimothyDalton	39	AGE39	4970	4969_TimothyDalton_39_m
531	TimothyDalton	26	AGE26	4964	4963_TimothyDalton_26_m
531	TimothyDalton	56	AGE56	4982	4981_TimothyDalton_56_m
531	TimothyDalton	63	AGE63	4985	4984_TimothyDalton_63_m
531	TimothyDalton	66	AGE66	4987	4986_TimothyDalton_66_m
531	TimothyDalton	45	AGE45	4974	4973_TimothyDalton_45_m
531	TimothyDalton	24	AGE24	4963	4962_TimothyDalton_24_m
531	TimothyDalton	37	AGE37	4969	4968_TimothyDalton_37_m
531	TimothyDalton	36	AGE36	4968	4967_TimothyDalton_36_m
531	TimothyDalton	69	AGE69	4989	4988_TimothyDalton_69_m
531	TimothyDalton	52	AGE52	4980	4979_TimothyDalton_52_m
531	TimothyDalton	44	AGE44	4973	4972_TimothyDalton_44_m
531	TimothyDalton	35	AGE35	4967	4966_TimothyDalton_35_m
531	TimothyDalton	49	AGE49	4977	4976_TimothyDalton_49_m
531	TimothyDalton	34	AGE34	4966	4965_TimothyDalton_34_m
531	TimothyDalton	68	AGE68	4988	4987_TimothyDalton_68_m
531	TimothyDalton	44	AGE44	4972	4971_TimothyDalton_44_m
532	KostasXatzixristos	45	AGE45	9614	9613_KostasXatzixristos_45_m
532	KostasXatzixristos	40	AGE40	9617	9616_KostasXatzixristos_40_m
532	KostasXatzixristos	47	AGE47	9619	9618_KostasXatzixristos_47_m
532	KostasXatzixristos	65	AGE65	9625	9624_KostasXatzixristos_65_m
532	KostasXatzixristos	38	AGE38	9618	9617_KostasXatzixristos_38_m
532	KostasXatzixristos	38	AGE38	9613	9612_KostasXatzixristos_38_m
532	KostasXatzixristos	78	AGE78	9620	9619_KostasXatzixristos_78_m
532	KostasXatzixristos	72	AGE72	9621	9620_KostasXatzixristos_72_m
532	KostasXatzixristos	35	AGE35	9622	9621_KostasXatzixristos_35_m
532	KostasXatzixristos	47	AGE47	9624	9623_KostasXatzixristos_47_m
532	KostasXatzixristos	68	AGE68	9616	9615_KostasXatzixristos_68_m
532	KostasXatzixristos	42	AGE42	9623	9622_KostasXatzixristos_42_m
532	KostasXatzixristos	42	AGE42	9612	9611_KostasXatzixristos_42_m
532	KostasXatzixristos	40	AGE40	9615	9614_KostasXatzixristos_40_m
533	ClintEastwood	74	AGE74	5216	5215_ClintEastwood_74_m
533	ClintEastwood	75	AGE75	5215	5214_ClintEastwood_75_m
533	ClintEastwood	70	AGE70	5219	5218_ClintEastwood_70_m
533	ClintEastwood	22	AGE22	5207	5206_ClintEastwood_22_m
533	ClintEastwood	76	AGE76	5212	5211_ClintEastwood_76_m
533	ClintEastwood	35	AGE35	5209	5208_ClintEastwood_35_m
533	ClintEastwood	38	AGE38	5208	5207_ClintEastwood_38_m
533	ClintEastwood	72	AGE72	5214	5213_ClintEastwood_72_m
533	ClintEastwood	70	AGE70	5213	5212_ClintEastwood_70_m
533	ClintEastwood	42	AGE42	5218	5217_ClintEastwood_42_m
533	ClintEastwood	38	AGE38	5210	5209_ClintEastwood_38_m
533	ClintEastwood	75	AGE75	5220	5219_ClintEastwood_75_m
533	ClintEastwood	40	AGE40	5211	5210_ClintEastwood_40_m
533	ClintEastwood	70	AGE70	5217	5216_ClintEastwood_70_m
534	AlbertoSordi	51	AGE51	7768	7767_AlbertoSordi_51_m
534	AlbertoSordi	33	AGE33	7757	7756_AlbertoSordi_33_m
534	AlbertoSordi	27	AGE27	7747	7746_AlbertoSordi_27_m
534	AlbertoSordi	18	AGE18	7744	7743_AlbertoSordi_18_m
534	AlbertoSordi	55	AGE55	7770	7769_AlbertoSordi_55_m
534	AlbertoSordi	48	AGE48	7766	7765_AlbertoSordi_48_m
534	AlbertoSordi	81	AGE81	7784	7783_AlbertoSordi_81_m
534	AlbertoSordi	21	AGE21	7745	7744_AlbertoSordi_21_m
534	AlbertoSordi	69	AGE69	7778	7777_AlbertoSordi_69_m
534	AlbertoSordi	50	AGE50	7767	7766_AlbertoSordi_50_m
534	AlbertoSordi	30	AGE30	7751	7750_AlbertoSordi_30_m
534	AlbertoSordi	25	AGE25	7746	7745_AlbertoSordi_25_m
534	AlbertoSordi	76	AGE76	7780	7779_AlbertoSordi_76_m
534	AlbertoSordi	26	AGE26	7749	7748_AlbertoSordi_26_m
534	AlbertoSordi	78	AGE78	7782	7781_AlbertoSordi_78_m
534	AlbertoSordi	57	AGE57	7771	7770_AlbertoSordi_57_m
534	AlbertoSordi	40	AGE40	7763	7762_AlbertoSordi_40_m
534	AlbertoSordi	32	AGE32	7756	7755_AlbertoSordi_32_m
534	AlbertoSordi	52	AGE52	7769	7768_AlbertoSordi_52_m
534	AlbertoSordi	65	AGE65	7776	7775_AlbertoSordi_65_m
534	AlbertoSordi	38	AGE38	7762	7761_AlbertoSordi_38_m
534	AlbertoSordi	36	AGE36	7760	7759_AlbertoSordi_36_m
534	AlbertoSordi	28	AGE28	7748	7747_AlbertoSordi_28_m
534	AlbertoSordi	41	AGE41	7752	7751_AlbertoSordi_41_m
534	AlbertoSordi	72	AGE72	7755	7754_AlbertoSordi_72_m
534	AlbertoSordi	62	AGE62	7775	7774_AlbertoSordi_62_m
534	AlbertoSordi	75	AGE75	7779	7778_AlbertoSordi_75_m
534	AlbertoSordi	35	AGE35	7759	7758_AlbertoSordi_35_m
534	AlbertoSordi	82	AGE82	7785	7784_AlbertoSordi_82_m
534	AlbertoSordi	59	AGE59	7773	7772_AlbertoSordi_59_m
534	AlbertoSordi	44	AGE44	7753	7752_AlbertoSordi_44_m
534	AlbertoSordi	79	AGE79	7783	7782_AlbertoSordi_79_m
534	AlbertoSordi	67	AGE67	7777	7776_AlbertoSordi_67_m
534	AlbertoSordi	29	AGE29	7750	7749_AlbertoSordi_29_m
534	AlbertoSordi	43	AGE43	7764	7763_AlbertoSordi_43_m
534	AlbertoSordi	45	AGE45	7765	7764_AlbertoSordi_45_m
534	AlbertoSordi	34	AGE34	7758	7757_AlbertoSordi_34_m
534	AlbertoSordi	77	AGE77	7781	7780_AlbertoSordi_77_m
534	AlbertoSordi	37	AGE37	7761	7760_AlbertoSordi_37_m
534	AlbertoSordi	58	AGE58	7772	7771_AlbertoSordi_58_m
534	AlbertoSordi	70	AGE70	7754	7753_AlbertoSordi_70_m
534	AlbertoSordi	61	AGE61	7774	7773_AlbertoSordi_61_m
535	Tyson	73	AGE73	16454	16453_Tyson_73_f
535	Tyson	81	AGE81	16446	16445_Tyson_81_f
535	Tyson	46	AGE46	16457	16456_Tyson_46_f
535	Tyson	52	AGE52	16462	16461_Tyson_52_f
535	Tyson	87	AGE87	16445	16444_Tyson_87_f
535	Tyson	67	AGE67	16447	16446_Tyson_67_f
535	Tyson	54	AGE54	16450	16449_Tyson_54_f
535	Tyson	50	AGE50	16461	16460_Tyson_50_f
535	Tyson	86	AGE86	16451	16450_Tyson_86_f
535	Tyson	41	AGE41	16456	16455_Tyson_41_f
535	Tyson	88	AGE88	16444	16443_Tyson_88_f
535	Tyson	54	AGE54	16438	16437_Tyson_54_f
535	Tyson	53	AGE53	16464	16463_Tyson_53_f
535	Tyson	65	AGE65	16467	16466_Tyson_65_f
535	Tyson	50	AGE50	16460	16459_Tyson_50_f
535	Tyson	56	AGE56	16465	16464_Tyson_56_f
535	Tyson	85	AGE85	16452	16451_Tyson_85_f
535	Tyson	72	AGE72	16442	16441_Tyson_72_f
535	Tyson	61	AGE61	16466	16465_Tyson_61_f
535	Tyson	49	AGE49	16459	16458_Tyson_49_f
535	Tyson	36	AGE36	16440	16439_Tyson_36_f
535	Tyson	50	AGE50	16455	16454_Tyson_50_f
535	Tyson	39	AGE39	16443	16442_Tyson_39_f
535	Tyson	48	AGE48	16458	16457_Tyson_48_f
535	Tyson	73	AGE73	16449	16448_Tyson_73_f
535	Tyson	82	AGE82	16448	16447_Tyson_82_f
535	Tyson	49	AGE49	16439	16438_Tyson_49_f
535	Tyson	52	AGE52	16463	16462_Tyson_52_f
535	Tyson	72	AGE72	16468	16467_Tyson_72_f
535	Tyson	83	AGE83	16453	16452_Tyson_83_f
535	Tyson	90	AGE90	16441	16440_Tyson_90_f
536	BerryGordy	29	AGE29	447	446_BerryGordy_29_m
536	BerryGordy	19	AGE19	459	458_BerryGordy_19_m
536	BerryGordy	79	AGE79	446	445_BerryGordy_79_m
536	BerryGordy	40	AGE40	451	450_BerryGordy_40_m
536	BerryGordy	38	AGE38	452	451_BerryGordy_38_m
536	BerryGordy	78	AGE78	463	462_BerryGordy_78_m
536	BerryGordy	62	AGE62	460	459_BerryGordy_62_m
536	BerryGordy	45	AGE45	453	452_BerryGordy_45_m
536	BerryGordy	80	AGE80	457	456_BerryGordy_80_m
536	BerryGordy	41	AGE41	454	453_BerryGordy_41_m
536	BerryGordy	36	AGE36	445	444_BerryGordy_36_m
536	BerryGordy	43	AGE43	456	455_BerryGordy_43_m
536	BerryGordy	23	AGE23	455	454_BerryGordy_23_m
536	BerryGordy	38	AGE38	444	443_BerryGordy_38_m
536	BerryGordy	46	AGE46	462	461_BerryGordy_46_m
536	BerryGordy	83	AGE83	449	448_BerryGordy_83_m
536	BerryGordy	76	AGE76	458	457_BerryGordy_76_m
536	BerryGordy	52	AGE52	461	460_BerryGordy_52_m
536	BerryGordy	28	AGE28	450	449_BerryGordy_28_m
536	BerryGordy	72	AGE72	448	447_BerryGordy_72_m
537	Onasis	65	AGE65	342	341_Onasis_65_m
537	Onasis	58	AGE58	343	342_Onasis_58_m
537	Onasis	52	AGE52	339	338_Onasis_52_m
537	Onasis	65	AGE65	344	343_Onasis_65_m
537	Onasis	62	AGE62	349	348_Onasis_62_m
537	Onasis	52	AGE52	354	353_Onasis_52_m
537	Onasis	61	AGE61	341	340_Onasis_61_m
537	Onasis	52	AGE52	346	345_Onasis_52_m
537	Onasis	64	AGE64	340	339_Onasis_64_m
537	Onasis	26	AGE26	347	346_Onasis_26_m
537	Onasis	30	AGE30	348	347_Onasis_30_m
537	Onasis	69	AGE69	352	351_Onasis_69_m
537	Onasis	54	AGE54	350	349_Onasis_54_m
537	Onasis	30	AGE30	355	354_Onasis_30_m
537	Onasis	65	AGE65	351	350_Onasis_65_m
537	Onasis	65	AGE65	345	344_Onasis_65_m
538	BarbaraStanwyck	20	AGE20	14635	14634_BarbaraStanwyck_20_f
538	BarbaraStanwyck	26	AGE26	14634	14633_BarbaraStanwyck_26_f
538	BarbaraStanwyck	36	AGE36	14645	14644_BarbaraStanwyck_36_f
538	BarbaraStanwyck	44	AGE44	14639	14638_BarbaraStanwyck_44_f
538	BarbaraStanwyck	35	AGE35	14644	14643_BarbaraStanwyck_35_f
538	BarbaraStanwyck	57	AGE57	14655	14654_BarbaraStanwyck_57_f
538	BarbaraStanwyck	23	AGE23	14632	14631_BarbaraStanwyck_23_f
538	BarbaraStanwyck	38	AGE38	14647	14646_BarbaraStanwyck_38_f
538	BarbaraStanwyck	61	AGE61	14656	14655_BarbaraStanwyck_61_f
538	BarbaraStanwyck	25	AGE25	14631	14630_BarbaraStanwyck_25_f
538	BarbaraStanwyck	50	AGE50	14654	14653_BarbaraStanwyck_50_f
538	BarbaraStanwyck	60	AGE60	14660	14659_BarbaraStanwyck_60_f
538	BarbaraStanwyck	45	AGE45	14650	14649_BarbaraStanwyck_45_f
538	BarbaraStanwyck	40	AGE40	14648	14647_BarbaraStanwyck_40_f
538	BarbaraStanwyck	17	AGE17	14628	14627_BarbaraStanwyck_17_f
538	BarbaraStanwyck	39	AGE39	14640	14639_BarbaraStanwyck_39_f
538	BarbaraStanwyck	24	AGE24	14633	14632_BarbaraStanwyck_24_f
538	BarbaraStanwyck	49	AGE49	14653	14652_BarbaraStanwyck_49_f
538	BarbaraStanwyck	59	AGE59	14657	14656_BarbaraStanwyck_59_f
538	BarbaraStanwyck	33	AGE33	14643	14642_BarbaraStanwyck_33_f
538	BarbaraStanwyck	74	AGE74	14658	14657_BarbaraStanwyck_74_f
538	BarbaraStanwyck	25	AGE25	14636	14635_BarbaraStanwyck_25_f
538	BarbaraStanwyck	37	AGE37	14646	14645_BarbaraStanwyck_37_f
538	BarbaraStanwyck	21	AGE21	14630	14629_BarbaraStanwyck_21_f
538	BarbaraStanwyck	30	AGE30	14637	14636_BarbaraStanwyck_30_f
538	BarbaraStanwyck	30	AGE30	14642	14641_BarbaraStanwyck_30_f
538	BarbaraStanwyck	18	AGE18	14629	14628_BarbaraStanwyck_18_f
538	BarbaraStanwyck	32	AGE32	14638	14637_BarbaraStanwyck_32_f
538	BarbaraStanwyck	28	AGE28	14627	14626_BarbaraStanwyck_28_f
538	BarbaraStanwyck	61	AGE61	14641	14640_BarbaraStanwyck_61_f
538	BarbaraStanwyck	46	AGE46	14651	14650_BarbaraStanwyck_46_f
538	BarbaraStanwyck	70	AGE70	14659	14658_BarbaraStanwyck_70_f
538	BarbaraStanwyck	41	AGE41	14649	14648_BarbaraStanwyck_41_f
538	BarbaraStanwyck	48	AGE48	14652	14651_BarbaraStanwyck_48_f
538	BarbaraStanwyck	62	AGE62	14661	14660_BarbaraStanwyck_62_f
539	KristinScottThomas	53	AGE53	14353	14352_KristinScottThomas_53_f
539	KristinScottThomas	35	AGE35	14340	14339_KristinScottThomas_35_f
539	KristinScottThomas	37	AGE37	14342	14341_KristinScottThomas_37_f
539	KristinScottThomas	51	AGE51	14351	14350_KristinScottThomas_51_f
539	KristinScottThomas	36	AGE36	14341	14340_KristinScottThomas_36_f
539	KristinScottThomas	50	AGE50	14350	14349_KristinScottThomas_50_f
539	KristinScottThomas	43	AGE43	14344	14343_KristinScottThomas_43_f
539	KristinScottThomas	49	AGE49	14349	14348_KristinScottThomas_49_f
539	KristinScottThomas	33	AGE33	14337	14336_KristinScottThomas_33_f
539	KristinScottThomas	28	AGE28	14332	14331_KristinScottThomas_28_f
539	KristinScottThomas	29	AGE29	14333	14332_KristinScottThomas_29_f
539	KristinScottThomas	48	AGE48	14348	14347_KristinScottThomas_48_f
539	KristinScottThomas	52	AGE52	14352	14351_KristinScottThomas_52_f
539	KristinScottThomas	41	AGE41	14343	14342_KristinScottThomas_41_f
539	KristinScottThomas	24	AGE24	14327	14326_KristinScottThomas_24_f
539	KristinScottThomas	30	AGE30	14334	14333_KristinScottThomas_30_f
539	KristinScottThomas	34	AGE34	14338	14337_KristinScottThomas_34_f
539	KristinScottThomas	25	AGE25	14328	14327_KristinScottThomas_25_f
539	KristinScottThomas	48	AGE48	14347	14346_KristinScottThomas_48_f
539	KristinScottThomas	31	AGE31	14335	14334_KristinScottThomas_31_f
539	KristinScottThomas	28	AGE28	14331	14330_KristinScottThomas_28_f
539	KristinScottThomas	27	AGE27	14330	14329_KristinScottThomas_27_f
539	KristinScottThomas	46	AGE46	14346	14345_KristinScottThomas_46_f
539	KristinScottThomas	26	AGE26	14329	14328_KristinScottThomas_26_f
539	KristinScottThomas	54	AGE54	14354	14353_KristinScottThomas_54_f
539	KristinScottThomas	44	AGE44	14345	14344_KristinScottThomas_44_f
539	KristinScottThomas	32	AGE32	14336	14335_KristinScottThomas_32_f
539	KristinScottThomas	35	AGE35	14339	14338_KristinScottThomas_35_f
540	JeanClaudeVanDamme	40	AGE40	9060	9059_JeanClaudeVanDamme_40_m
540	JeanClaudeVanDamme	52	AGE52	9069	9068_JeanClaudeVanDamme_52_m
540	JeanClaudeVanDamme	51	AGE51	9079	9078_JeanClaudeVanDamme_51_m
540	JeanClaudeVanDamme	34	AGE34	9052	9051_JeanClaudeVanDamme_34_m
540	JeanClaudeVanDamme	46	AGE46	9064	9063_JeanClaudeVanDamme_46_m
540	JeanClaudeVanDamme	33	AGE33	9049	9048_JeanClaudeVanDamme_33_m
540	JeanClaudeVanDamme	30	AGE30	9047	9046_JeanClaudeVanDamme_30_m
540	JeanClaudeVanDamme	29	AGE29	9046	9045_JeanClaudeVanDamme_29_m
540	JeanClaudeVanDamme	48	AGE48	9077	9076_JeanClaudeVanDamme_48_m
540	JeanClaudeVanDamme	48	AGE48	9078	9077_JeanClaudeVanDamme_48_m
540	JeanClaudeVanDamme	47	AGE47	9076	9075_JeanClaudeVanDamme_47_m
540	JeanClaudeVanDamme	32	AGE32	9071	9070_JeanClaudeVanDamme_32_m
540	JeanClaudeVanDamme	26	AGE26	9042	9041_JeanClaudeVanDamme_26_m
540	JeanClaudeVanDamme	52	AGE52	9068	9067_JeanClaudeVanDamme_52_m
540	JeanClaudeVanDamme	39	AGE39	9059	9058_JeanClaudeVanDamme_39_m
540	JeanClaudeVanDamme	24	AGE24	9040	9039_JeanClaudeVanDamme_24_m
540	JeanClaudeVanDamme	44	AGE44	9063	9062_JeanClaudeVanDamme_44_m
540	JeanClaudeVanDamme	53	AGE53	9080	9079_JeanClaudeVanDamme_53_m
540	JeanClaudeVanDamme	44	AGE44	9074	9073_JeanClaudeVanDamme_44_m
540	JeanClaudeVanDamme	41	AGE41	9061	9060_JeanClaudeVanDamme_41_m
540	JeanClaudeVanDamme	49	AGE49	9065	9064_JeanClaudeVanDamme_49_m
540	JeanClaudeVanDamme	34	AGE34	9051	9050_JeanClaudeVanDamme_34_m
540	JeanClaudeVanDamme	37	AGE37	9054	9053_JeanClaudeVanDamme_37_m
540	JeanClaudeVanDamme	38	AGE38	9057	9056_JeanClaudeVanDamme_38_m
540	JeanClaudeVanDamme	27	AGE27	9043	9042_JeanClaudeVanDamme_27_m
540	JeanClaudeVanDamme	38	AGE38	9058	9057_JeanClaudeVanDamme_38_m
540	JeanClaudeVanDamme	45	AGE45	9075	9074_JeanClaudeVanDamme_45_m
540	JeanClaudeVanDamme	31	AGE31	9048	9047_JeanClaudeVanDamme_31_m
540	JeanClaudeVanDamme	37	AGE37	9055	9054_JeanClaudeVanDamme_37_m
540	JeanClaudeVanDamme	43	AGE43	9073	9072_JeanClaudeVanDamme_43_m
540	JeanClaudeVanDamme	52	AGE52	9070	9069_JeanClaudeVanDamme_52_m
540	JeanClaudeVanDamme	36	AGE36	9053	9052_JeanClaudeVanDamme_36_m
540	JeanClaudeVanDamme	37	AGE37	9056	9055_JeanClaudeVanDamme_37_m
540	JeanClaudeVanDamme	29	AGE29	9045	9044_JeanClaudeVanDamme_29_m
540	JeanClaudeVanDamme	28	AGE28	9044	9043_JeanClaudeVanDamme_28_m
540	JeanClaudeVanDamme	50	AGE50	9066	9065_JeanClaudeVanDamme_50_m
540	JeanClaudeVanDamme	53	AGE53	9081	9080_JeanClaudeVanDamme_53_m
540	JeanClaudeVanDamme	42	AGE42	9062	9061_JeanClaudeVanDamme_42_m
540	JeanClaudeVanDamme	36	AGE36	9072	9071_JeanClaudeVanDamme_36_m
540	JeanClaudeVanDamme	24	AGE24	9041	9040_JeanClaudeVanDamme_24_m
540	JeanClaudeVanDamme	51	AGE51	9067	9066_JeanClaudeVanDamme_51_m
540	JeanClaudeVanDamme	33	AGE33	9050	9049_JeanClaudeVanDamme_33_m
541	ThelmaRitter	56	AGE56	13794	13793_ThelmaRitter_56_f
541	ThelmaRitter	30	AGE30	13784	13783_ThelmaRitter_30_f
541	ThelmaRitter	37	AGE37	13786	13785_ThelmaRitter_37_f
541	ThelmaRitter	34	AGE34	13785	13784_ThelmaRitter_34_f
541	ThelmaRitter	63	AGE63	13800	13799_ThelmaRitter_63_f
541	ThelmaRitter	52	AGE52	13791	13790_ThelmaRitter_52_f
541	ThelmaRitter	59	AGE59	13797	13796_ThelmaRitter_59_f
541	ThelmaRitter	54	AGE54	13792	13791_ThelmaRitter_54_f
541	ThelmaRitter	55	AGE55	13793	13792_ThelmaRitter_55_f
541	ThelmaRitter	64	AGE64	13801	13800_ThelmaRitter_64_f
541	ThelmaRitter	41	AGE41	13787	13786_ThelmaRitter_41_f
541	ThelmaRitter	48	AGE48	13789	13788_ThelmaRitter_48_f
541	ThelmaRitter	62	AGE62	13799	13798_ThelmaRitter_62_f
541	ThelmaRitter	65	AGE65	13802	13801_ThelmaRitter_65_f
541	ThelmaRitter	61	AGE61	13798	13797_ThelmaRitter_61_f
541	ThelmaRitter	58	AGE58	13796	13795_ThelmaRitter_58_f
541	ThelmaRitter	57	AGE57	13795	13794_ThelmaRitter_57_f
541	ThelmaRitter	49	AGE49	13790	13789_ThelmaRitter_49_f
541	ThelmaRitter	47	AGE47	13788	13787_ThelmaRitter_47_f
542	IanMcKellen	28	AGE28	3265	3264_IanMcKellen_28_m
542	IanMcKellen	46	AGE46	3285	3284_IanMcKellen_46_m
542	IanMcKellen	66	AGE66	3281	3280_IanMcKellen_66_m
542	IanMcKellen	37	AGE37	3269	3268_IanMcKellen_37_m
542	IanMcKellen	41	AGE41	3272	3271_IanMcKellen_41_m
542	IanMcKellen	29	AGE29	3266	3265_IanMcKellen_29_m
542	IanMcKellen	25	AGE25	3263	3262_IanMcKellen_25_m
542	IanMcKellen	60	AGE60	3275	3274_IanMcKellen_60_m
542	IanMcKellen	57	AGE57	3274	3273_IanMcKellen_57_m
542	IanMcKellen	61	AGE61	3276	3275_IanMcKellen_61_m
542	IanMcKellen	47	AGE47	3286	3285_IanMcKellen_47_m
542	IanMcKellen	56	AGE56	3288	3287_IanMcKellen_56_m
542	IanMcKellen	41	AGE41	3271	3270_IanMcKellen_41_m
542	IanMcKellen	21	AGE21	3260	3259_IanMcKellen_21_m
542	IanMcKellen	33	AGE33	3268	3267_IanMcKellen_33_m
542	IanMcKellen	75	AGE75	3282	3281_IanMcKellen_75_m
542	IanMcKellen	67	AGE67	3291	3290_IanMcKellen_67_m
542	IanMcKellen	63	AGE63	3277	3276_IanMcKellen_63_m
542	IanMcKellen	55	AGE55	3287	3286_IanMcKellen_55_m
542	IanMcKellen	42	AGE42	3284	3283_IanMcKellen_42_m
542	IanMcKellen	30	AGE30	3283	3282_IanMcKellen_30_m
542	IanMcKellen	22	AGE22	3261	3260_IanMcKellen_22_m
542	IanMcKellen	65	AGE65	3279	3278_IanMcKellen_65_m
542	IanMcKellen	59	AGE59	3290	3289_IanMcKellen_59_m
542	IanMcKellen	64	AGE64	3278	3277_IanMcKellen_64_m
542	IanMcKellen	58	AGE58	3289	3288_IanMcKellen_58_m
542	IanMcKellen	66	AGE66	3280	3279_IanMcKellen_66_m
542	IanMcKellen	43	AGE43	3273	3272_IanMcKellen_43_m
542	IanMcKellen	27	AGE27	3264	3263_IanMcKellen_27_m
542	IanMcKellen	24	AGE24	3262	3261_IanMcKellen_24_m
542	IanMcKellen	38	AGE38	3270	3269_IanMcKellen_38_m
542	IanMcKellen	31	AGE31	3267	3266_IanMcKellen_31_m
543	JohnDerek	54	AGE54	5360	5359_JohnDerek_54_m
543	JohnDerek	48	AGE48	5358	5357_JohnDerek_48_m
543	JohnDerek	26	AGE26	5343	5342_JohnDerek_26_m
543	JohnDerek	57	AGE57	5362	5361_JohnDerek_57_m
543	JohnDerek	43	AGE43	5355	5354_JohnDerek_43_m
543	JohnDerek	29	AGE29	5347	5346_JohnDerek_29_m
543	JohnDerek	44	AGE44	5356	5355_JohnDerek_44_m
543	JohnDerek	28	AGE28	5345	5344_JohnDerek_28_m
543	JohnDerek	32	AGE32	5349	5348_JohnDerek_32_m
543	JohnDerek	53	AGE53	5359	5358_JohnDerek_53_m
543	JohnDerek	20	AGE20	5340	5339_JohnDerek_20_m
543	JohnDerek	43	AGE43	5365	5364_JohnDerek_43_m
543	JohnDerek	28	AGE28	5344	5343_JohnDerek_28_m
543	JohnDerek	33	AGE33	5351	5350_JohnDerek_33_m
543	JohnDerek	24	AGE24	5342	5341_JohnDerek_24_m
543	JohnDerek	34	AGE34	5352	5351_JohnDerek_34_m
543	JohnDerek	58	AGE58	5363	5362_JohnDerek_58_m
543	JohnDerek	30	AGE30	5348	5347_JohnDerek_30_m
543	JohnDerek	39	AGE39	5354	5353_JohnDerek_39_m
543	JohnDerek	19	AGE19	5339	5338_JohnDerek_19_m
543	JohnDerek	29	AGE29	5346	5345_JohnDerek_29_m
543	JohnDerek	56	AGE56	5361	5360_JohnDerek_56_m
543	JohnDerek	32	AGE32	5350	5349_JohnDerek_32_m
543	JohnDerek	22	AGE22	5341	5340_JohnDerek_22_m
543	JohnDerek	36	AGE36	5353	5352_JohnDerek_36_m
543	JohnDerek	46	AGE46	5357	5356_JohnDerek_46_m
543	JohnDerek	61	AGE61	5364	5363_JohnDerek_61_m
544	GeorgeCScott	34	AGE34	8990	8989_GeorgeCScott_34_m
544	GeorgeCScott	57	AGE57	9000	8999_GeorgeCScott_57_m
544	GeorgeCScott	63	AGE63	9002	9001_GeorgeCScott_63_m
544	GeorgeCScott	50	AGE50	8997	8996_GeorgeCScott_50_m
544	GeorgeCScott	32	AGE32	8988	8987_GeorgeCScott_32_m
544	GeorgeCScott	60	AGE60	9001	9000_GeorgeCScott_60_m
544	GeorgeCScott	32	AGE32	8989	8988_GeorgeCScott_32_m
544	GeorgeCScott	37	AGE37	9005	9004_GeorgeCScott_37_m
544	GeorgeCScott	43	AGE43	8992	8991_GeorgeCScott_43_m
544	GeorgeCScott	54	AGE54	8998	8997_GeorgeCScott_54_m
544	GeorgeCScott	50	AGE50	8996	8995_GeorgeCScott_50_m
544	GeorgeCScott	65	AGE65	9010	9009_GeorgeCScott_65_m
544	GeorgeCScott	37	AGE37	9004	9003_GeorgeCScott_37_m
544	GeorgeCScott	45	AGE45	8994	8993_GeorgeCScott_45_m
544	GeorgeCScott	46	AGE46	8995	8994_GeorgeCScott_46_m
544	GeorgeCScott	57	AGE57	8987	8986_GeorgeCScott_57_m
544	GeorgeCScott	66	AGE66	9003	9002_GeorgeCScott_66_m
544	GeorgeCScott	46	AGE46	9006	9005_GeorgeCScott_46_m
544	GeorgeCScott	43	AGE43	9011	9010_GeorgeCScott_43_m
544	GeorgeCScott	44	AGE44	8993	8992_GeorgeCScott_44_m
544	GeorgeCScott	55	AGE55	8999	8998_GeorgeCScott_55_m
544	GeorgeCScott	52	AGE52	9007	9006_GeorgeCScott_52_m
544	GeorgeCScott	26	AGE26	9009	9008_GeorgeCScott_26_m
544	GeorgeCScott	36	AGE36	8991	8990_GeorgeCScott_36_m
544	GeorgeCScott	53	AGE53	9008	9007_GeorgeCScott_53_m
545	FriedrichNietzsche	30	AGE30	1436	1435_FriedrichNietzsche_30_m
545	FriedrichNietzsche	32	AGE32	1446	1445_FriedrichNietzsche_32_m
545	FriedrichNietzsche	28	AGE28	1447	1446_FriedrichNietzsche_28_m
545	FriedrichNietzsche	38	AGE38	1434	1433_FriedrichNietzsche_38_m
545	FriedrichNietzsche	24	AGE24	1439	1438_FriedrichNietzsche_24_m
545	FriedrichNietzsche	17	AGE17	1445	1444_FriedrichNietzsche_17_m
545	FriedrichNietzsche	38	AGE38	1431	1430_FriedrichNietzsche_38_m
545	FriedrichNietzsche	20	AGE20	1441	1440_FriedrichNietzsche_20_m
545	FriedrichNietzsche	17	AGE17	1449	1448_FriedrichNietzsche_17_m
545	FriedrichNietzsche	32	AGE32	1450	1449_FriedrichNietzsche_32_m
545	FriedrichNietzsche	17	AGE17	1442	1441_FriedrichNietzsche_17_m
545	FriedrichNietzsche	21	AGE21	1438	1437_FriedrichNietzsche_21_m
545	FriedrichNietzsche	42	AGE42	1435	1434_FriedrichNietzsche_42_m
545	FriedrichNietzsche	28	AGE28	1433	1432_FriedrichNietzsche_28_m
545	FriedrichNietzsche	54	AGE54	1440	1439_FriedrichNietzsche_54_m
545	FriedrichNietzsche	38	AGE38	1437	1436_FriedrichNietzsche_38_m
545	FriedrichNietzsche	27	AGE27	1432	1431_FriedrichNietzsche_27_m
545	FriedrichNietzsche	42	AGE42	1448	1447_FriedrichNietzsche_42_m
545	FriedrichNietzsche	42	AGE42	1444	1443_FriedrichNietzsche_42_m
545	FriedrichNietzsche	38	AGE38	1443	1442_FriedrichNietzsche_38_m
546	SusanSarandon	41	AGE41	11735	11734_SusanSarandon_41_f
546	SusanSarandon	57	AGE57	11750	11749_SusanSarandon_57_f
546	SusanSarandon	38	AGE38	11733	11732_SusanSarandon_38_f
546	SusanSarandon	31	AGE31	11728	11727_SusanSarandon_31_f
546	SusanSarandon	67	AGE67	11760	11759_SusanSarandon_67_f
546	SusanSarandon	25	AGE25	11725	11724_SusanSarandon_25_f
546	SusanSarandon	56	AGE56	11749	11748_SusanSarandon_56_f
546	SusanSarandon	43	AGE43	11737	11736_SusanSarandon_43_f
546	SusanSarandon	50	AGE50	11744	11743_SusanSarandon_50_f
546	SusanSarandon	64	AGE64	11757	11756_SusanSarandon_64_f
546	SusanSarandon	55	AGE55	11748	11747_SusanSarandon_55_f
546	SusanSarandon	52	AGE52	11746	11745_SusanSarandon_52_f
546	SusanSarandon	37	AGE37	11732	11731_SusanSarandon_37_f
546	SusanSarandon	45	AGE45	11739	11738_SusanSarandon_45_f
546	SusanSarandon	46	AGE46	11741	11740_SusanSarandon_46_f
546	SusanSarandon	68	AGE68	11761	11760_SusanSarandon_68_f
546	SusanSarandon	46	AGE46	11740	11739_SusanSarandon_46_f
546	SusanSarandon	48	AGE48	11742	11741_SusanSarandon_48_f
546	SusanSarandon	36	AGE36	11731	11730_SusanSarandon_36_f
546	SusanSarandon	63	AGE63	11756	11755_SusanSarandon_63_f
546	SusanSarandon	61	AGE61	11754	11753_SusanSarandon_61_f
546	SusanSarandon	49	AGE49	11743	11742_SusanSarandon_49_f
546	SusanSarandon	34	AGE34	11730	11729_SusanSarandon_34_f
546	SusanSarandon	53	AGE53	11747	11746_SusanSarandon_53_f
546	SusanSarandon	42	AGE42	11736	11735_SusanSarandon_42_f
546	SusanSarandon	59	AGE59	11752	11751_SusanSarandon_59_f
546	SusanSarandon	44	AGE44	11738	11737_SusanSarandon_44_f
546	SusanSarandon	51	AGE51	11745	11744_SusanSarandon_51_f
546	SusanSarandon	66	AGE66	11759	11758_SusanSarandon_66_f
546	SusanSarandon	28	AGE28	11726	11725_SusanSarandon_28_f
546	SusanSarandon	62	AGE62	11755	11754_SusanSarandon_62_f
546	SusanSarandon	24	AGE24	11724	11723_SusanSarandon_24_f
546	SusanSarandon	39	AGE39	11734	11733_SusanSarandon_39_f
546	SusanSarandon	29	AGE29	11727	11726_SusanSarandon_29_f
546	SusanSarandon	32	AGE32	11729	11728_SusanSarandon_32_f
546	SusanSarandon	60	AGE60	11753	11752_SusanSarandon_60_f
546	SusanSarandon	58	AGE58	11751	11750_SusanSarandon_58_f
546	SusanSarandon	65	AGE65	11758	11757_SusanSarandon_65_f
547	RuthGordon	62	AGE62	12893	12892_RuthGordon_62_f
547	RuthGordon	66	AGE66	12894	12893_RuthGordon_66_f
547	RuthGordon	40	AGE40	12887	12886_RuthGordon_40_f
547	RuthGordon	72	AGE72	12897	12896_RuthGordon_72_f
547	RuthGordon	83	AGE83	12905	12904_RuthGordon_83_f
547	RuthGordon	77	AGE77	12901	12900_RuthGordon_77_f
547	RuthGordon	43	AGE43	12888	12887_RuthGordon_43_f
547	RuthGordon	74	AGE74	12899	12898_RuthGordon_74_f
547	RuthGordon	29	AGE29	12882	12881_RuthGordon_29_f
547	RuthGordon	79	AGE79	12903	12902_RuthGordon_79_f
547	RuthGordon	28	AGE28	12881	12880_RuthGordon_28_f
547	RuthGordon	58	AGE58	12892	12891_RuthGordon_58_f
547	RuthGordon	55	AGE55	12891	12890_RuthGordon_55_f
547	RuthGordon	76	AGE76	12900	12899_RuthGordon_76_f
547	RuthGordon	78	AGE78	12902	12901_RuthGordon_78_f
547	RuthGordon	26	AGE26	12879	12878_RuthGordon_26_f
547	RuthGordon	82	AGE82	12904	12903_RuthGordon_82_f
547	RuthGordon	52	AGE52	12890	12889_RuthGordon_52_f
547	RuthGordon	30	AGE30	12883	12882_RuthGordon_30_f
547	RuthGordon	69	AGE69	12895	12894_RuthGordon_69_f
547	RuthGordon	25	AGE25	12878	12877_RuthGordon_25_f
547	RuthGordon	50	AGE50	12889	12888_RuthGordon_50_f
547	RuthGordon	33	AGE33	12885	12884_RuthGordon_33_f
547	RuthGordon	27	AGE27	12880	12879_RuthGordon_27_f
547	RuthGordon	32	AGE32	12886	12885_RuthGordon_32_f
547	RuthGordon	71	AGE71	12896	12895_RuthGordon_71_f
547	RuthGordon	31	AGE31	12884	12883_RuthGordon_31_f
547	RuthGordon	73	AGE73	12898	12897_RuthGordon_73_f
547	RuthGordon	86	AGE86	12906	12905_RuthGordon_86_f
547	RuthGordon	23	AGE23	12877	12876_RuthGordon_23_f
548	CatherineDeneuve	40	AGE40	12957	12956_CatherineDeneuve_40_f
548	CatherineDeneuve	39	AGE39	12956	12955_CatherineDeneuve_39_f
548	CatherineDeneuve	62	AGE62	12969	12968_CatherineDeneuve_62_f
548	CatherineDeneuve	53	AGE53	12964	12963_CatherineDeneuve_53_f
548	CatherineDeneuve	69	AGE69	12975	12974_CatherineDeneuve_69_f
548	CatherineDeneuve	64	AGE64	12971	12970_CatherineDeneuve_64_f
548	CatherineDeneuve	35	AGE35	12954	12953_CatherineDeneuve_35_f
548	CatherineDeneuve	26	AGE26	12947	12946_CatherineDeneuve_26_f
548	CatherineDeneuve	68	AGE68	12974	12973_CatherineDeneuve_68_f
548	CatherineDeneuve	41	AGE41	12958	12957_CatherineDeneuve_41_f
548	CatherineDeneuve	38	AGE38	12955	12954_CatherineDeneuve_38_f
548	CatherineDeneuve	23	AGE23	12945	12944_CatherineDeneuve_23_f
548	CatherineDeneuve	55	AGE55	12965	12964_CatherineDeneuve_55_f
548	CatherineDeneuve	21	AGE21	12943	12942_CatherineDeneuve_21_f
548	CatherineDeneuve	27	AGE27	12948	12947_CatherineDeneuve_27_f
548	CatherineDeneuve	67	AGE67	12973	12972_CatherineDeneuve_67_f
548	CatherineDeneuve	28	AGE28	12949	12948_CatherineDeneuve_28_f
548	CatherineDeneuve	52	AGE52	12963	12962_CatherineDeneuve_52_f
548	CatherineDeneuve	34	AGE34	12953	12952_CatherineDeneuve_34_f
548	CatherineDeneuve	18	AGE18	12942	12941_CatherineDeneuve_18_f
548	CatherineDeneuve	11	AGE11	12939	12938_CatherineDeneuve_11_f
548	CatherineDeneuve	29	AGE29	12950	12949_CatherineDeneuve_29_f
548	CatherineDeneuve	14	AGE14	12940	12939_CatherineDeneuve_14_f
548	CatherineDeneuve	58	AGE58	12968	12967_CatherineDeneuve_58_f
548	CatherineDeneuve	49	AGE49	12961	12960_CatherineDeneuve_49_f
548	CatherineDeneuve	56	AGE56	12966	12965_CatherineDeneuve_56_f
548	CatherineDeneuve	17	AGE17	12941	12940_CatherineDeneuve_17_f
548	CatherineDeneuve	45	AGE45	12960	12959_CatherineDeneuve_45_f
548	CatherineDeneuve	57	AGE57	12967	12966_CatherineDeneuve_57_f
548	CatherineDeneuve	43	AGE43	12959	12958_CatherineDeneuve_43_f
548	CatherineDeneuve	50	AGE50	12962	12961_CatherineDeneuve_50_f
548	CatherineDeneuve	71	AGE71	12976	12975_CatherineDeneuve_71_f
548	CatherineDeneuve	33	AGE33	12952	12951_CatherineDeneuve_33_f
548	CatherineDeneuve	24	AGE24	12946	12945_CatherineDeneuve_24_f
548	CatherineDeneuve	65	AGE65	12972	12971_CatherineDeneuve_65_f
548	CatherineDeneuve	31	AGE31	12951	12950_CatherineDeneuve_31_f
548	CatherineDeneuve	63	AGE63	12970	12969_CatherineDeneuve_63_f
548	CatherineDeneuve	22	AGE22	12944	12943_CatherineDeneuve_22_f
549	GoldieHawn	28	AGE28	10006	10005_GoldieHawn_28_f
549	GoldieHawn	29	AGE29	10007	10006_GoldieHawn_29_f
549	GoldieHawn	35	AGE35	10011	10010_GoldieHawn_35_f
549	GoldieHawn	51	AGE51	10018	10017_GoldieHawn_51_f
549	GoldieHawn	44	AGE44	10014	10013_GoldieHawn_44_f
549	GoldieHawn	64	AGE64	10026	10025_GoldieHawn_64_f
549	GoldieHawn	60	AGE60	10024	10023_GoldieHawn_60_f
549	GoldieHawn	52	AGE52	10020	10019_GoldieHawn_52_f
549	GoldieHawn	27	AGE27	10005	10004_GoldieHawn_27_f
549	GoldieHawn	57	AGE57	10022	10021_GoldieHawn_57_f
549	GoldieHawn	59	AGE59	10023	10022_GoldieHawn_59_f
549	GoldieHawn	45	AGE45	10015	10014_GoldieHawn_45_f
549	GoldieHawn	24	AGE24	10003	10002_GoldieHawn_24_f
549	GoldieHawn	51	AGE51	10019	10018_GoldieHawn_51_f
549	GoldieHawn	23	AGE23	10002	10001_GoldieHawn_23_f
549	GoldieHawn	53	AGE53	10021	10020_GoldieHawn_53_f
549	GoldieHawn	39	AGE39	10013	10012_GoldieHawn_39_f
549	GoldieHawn	35	AGE35	10010	10009_GoldieHawn_35_f
549	GoldieHawn	24	AGE24	10004	10003_GoldieHawn_24_f
549	GoldieHawn	62	AGE62	10025	10024_GoldieHawn_62_f
549	GoldieHawn	65	AGE65	10027	10026_GoldieHawn_65_f
549	GoldieHawn	45	AGE45	10016	10015_GoldieHawn_45_f
549	GoldieHawn	50	AGE50	10017	10016_GoldieHawn_50_f
549	GoldieHawn	37	AGE37	10012	10011_GoldieHawn_37_f
549	GoldieHawn	30	AGE30	10008	10007_GoldieHawn_30_f
549	GoldieHawn	31	AGE31	10009	10008_GoldieHawn_31_f
550	RalphMacchio	39	AGE39	4356	4355_RalphMacchio_39_m
550	RalphMacchio	18	AGE18	4342	4341_RalphMacchio_18_m
550	RalphMacchio	27	AGE27	4348	4347_RalphMacchio_27_m
550	RalphMacchio	43	AGE43	4359	4358_RalphMacchio_43_m
550	RalphMacchio	28	AGE28	4349	4348_RalphMacchio_28_m
550	RalphMacchio	23	AGE23	4346	4345_RalphMacchio_23_m
550	RalphMacchio	16	AGE16	4340	4339_RalphMacchio_16_m
550	RalphMacchio	45	AGE45	4361	4360_RalphMacchio_45_m
550	RalphMacchio	42	AGE42	4358	4357_RalphMacchio_42_m
550	RalphMacchio	17	AGE17	4341	4340_RalphMacchio_17_m
550	RalphMacchio	50	AGE50	4366	4365_RalphMacchio_50_m
550	RalphMacchio	14	AGE14	4338	4337_RalphMacchio_14_m
550	RalphMacchio	44	AGE44	4360	4359_RalphMacchio_44_m
550	RalphMacchio	15	AGE15	4339	4338_RalphMacchio_15_m
550	RalphMacchio	29	AGE29	4350	4349_RalphMacchio_29_m
550	RalphMacchio	53	AGE53	4369	4368_RalphMacchio_53_m
550	RalphMacchio	54	AGE54	4370	4369_RalphMacchio_54_m
550	RalphMacchio	31	AGE31	4352	4351_RalphMacchio_31_m
550	RalphMacchio	52	AGE52	4368	4367_RalphMacchio_52_m
550	RalphMacchio	32	AGE32	4353	4352_RalphMacchio_32_m
550	RalphMacchio	37	AGE37	4355	4354_RalphMacchio_37_m
550	RalphMacchio	46	AGE46	4362	4361_RalphMacchio_46_m
550	RalphMacchio	19	AGE19	4343	4342_RalphMacchio_19_m
550	RalphMacchio	48	AGE48	4364	4363_RalphMacchio_48_m
550	RalphMacchio	22	AGE22	4345	4344_RalphMacchio_22_m
550	RalphMacchio	51	AGE51	4367	4366_RalphMacchio_51_m
550	RalphMacchio	20	AGE20	4344	4343_RalphMacchio_20_m
550	RalphMacchio	41	AGE41	4357	4356_RalphMacchio_41_m
550	RalphMacchio	30	AGE30	4351	4350_RalphMacchio_30_m
550	RalphMacchio	49	AGE49	4365	4364_RalphMacchio_49_m
550	RalphMacchio	34	AGE34	4354	4353_RalphMacchio_34_m
550	RalphMacchio	24	AGE24	4347	4346_RalphMacchio_24_m
550	RalphMacchio	47	AGE47	4363	4362_RalphMacchio_47_m
551	JeanetteMacDonald	35	AGE35	15476	15475_JeanetteMacDonald_35_f
551	JeanetteMacDonald	57	AGE57	15493	15492_JeanetteMacDonald_57_f
551	JeanetteMacDonald	46	AGE46	15487	15486_JeanetteMacDonald_46_f
551	JeanetteMacDonald	59	AGE59	15515	15514_JeanetteMacDonald_59_f
551	JeanetteMacDonald	45	AGE45	15486	15485_JeanetteMacDonald_45_f
551	JeanetteMacDonald	47	AGE47	15506	15505_JeanetteMacDonald_47_f
551	JeanetteMacDonald	31	AGE31	15472	15471_JeanetteMacDonald_31_f
551	JeanetteMacDonald	33	AGE33	15470	15469_JeanetteMacDonald_33_f
551	JeanetteMacDonald	49	AGE49	15489	15488_JeanetteMacDonald_49_f
551	JeanetteMacDonald	39	AGE39	15479	15478_JeanetteMacDonald_39_f
551	JeanetteMacDonald	43	AGE43	15484	15483_JeanetteMacDonald_43_f
551	JeanetteMacDonald	59	AGE59	15494	15493_JeanetteMacDonald_59_f
551	JeanetteMacDonald	51	AGE51	15490	15489_JeanetteMacDonald_51_f
551	JeanetteMacDonald	60	AGE60	15495	15494_JeanetteMacDonald_60_f
551	JeanetteMacDonald	48	AGE48	15507	15506_JeanetteMacDonald_48_f
551	JeanetteMacDonald	32	AGE32	15473	15472_JeanetteMacDonald_32_f
551	JeanetteMacDonald	39	AGE39	15499	15498_JeanetteMacDonald_39_f
551	JeanetteMacDonald	60	AGE60	15516	15515_JeanetteMacDonald_60_f
551	JeanetteMacDonald	43	AGE43	15503	15502_JeanetteMacDonald_43_f
551	JeanetteMacDonald	33	AGE33	15474	15473_JeanetteMacDonald_33_f
551	JeanetteMacDonald	42	AGE42	15502	15501_JeanetteMacDonald_42_f
551	JeanetteMacDonald	37	AGE37	15497	15496_JeanetteMacDonald_37_f
551	JeanetteMacDonald	52	AGE52	15510	15509_JeanetteMacDonald_52_f
551	JeanetteMacDonald	19	AGE19	15459	15458_JeanetteMacDonald_19_f
551	JeanetteMacDonald	54	AGE54	15511	15510_JeanetteMacDonald_54_f
551	JeanetteMacDonald	27	AGE27	15462	15461_JeanetteMacDonald_27_f
551	JeanetteMacDonald	41	AGE41	15482	15481_JeanetteMacDonald_41_f
551	JeanetteMacDonald	20	AGE20	15460	15459_JeanetteMacDonald_20_f
551	JeanetteMacDonald	40	AGE40	15481	15480_JeanetteMacDonald_40_f
551	JeanetteMacDonald	40	AGE40	15500	15499_JeanetteMacDonald_40_f
551	JeanetteMacDonald	39	AGE39	15480	15479_JeanetteMacDonald_39_f
551	JeanetteMacDonald	61	AGE61	15517	15516_JeanetteMacDonald_61_f
551	JeanetteMacDonald	32	AGE32	15469	15468_JeanetteMacDonald_32_f
551	JeanetteMacDonald	34	AGE34	15475	15474_JeanetteMacDonald_34_f
551	JeanetteMacDonald	42	AGE42	15483	15482_JeanetteMacDonald_42_f
551	JeanetteMacDonald	26	AGE26	15463	15462_JeanetteMacDonald_26_f
551	JeanetteMacDonald	51	AGE51	15509	15508_JeanetteMacDonald_51_f
551	JeanetteMacDonald	41	AGE41	15501	15500_JeanetteMacDonald_41_f
551	JeanetteMacDonald	55	AGE55	15512	15511_JeanetteMacDonald_55_f
551	JeanetteMacDonald	21	AGE21	15461	15460_JeanetteMacDonald_21_f
551	JeanetteMacDonald	27	AGE27	15464	15463_JeanetteMacDonald_27_f
551	JeanetteMacDonald	44	AGE44	15504	15503_JeanetteMacDonald_44_f
551	JeanetteMacDonald	29	AGE29	15466	15465_JeanetteMacDonald_29_f
551	JeanetteMacDonald	52	AGE52	15491	15490_JeanetteMacDonald_52_f
551	JeanetteMacDonald	36	AGE36	15477	15476_JeanetteMacDonald_36_f
551	JeanetteMacDonald	56	AGE56	15513	15512_JeanetteMacDonald_56_f
551	JeanetteMacDonald	56	AGE56	15492	15491_JeanetteMacDonald_56_f
551	JeanetteMacDonald	28	AGE28	15465	15464_JeanetteMacDonald_28_f
551	JeanetteMacDonald	45	AGE45	15505	15504_JeanetteMacDonald_45_f
551	JeanetteMacDonald	34	AGE34	15471	15470_JeanetteMacDonald_34_f
551	JeanetteMacDonald	47	AGE47	15488	15487_JeanetteMacDonald_47_f
551	JeanetteMacDonald	44	AGE44	15485	15484_JeanetteMacDonald_44_f
551	JeanetteMacDonald	58	AGE58	15514	15513_JeanetteMacDonald_58_f
551	JeanetteMacDonald	31	AGE31	15468	15467_JeanetteMacDonald_31_f
551	JeanetteMacDonald	37	AGE37	15478	15477_JeanetteMacDonald_37_f
551	JeanetteMacDonald	35	AGE35	15496	15495_JeanetteMacDonald_35_f
551	JeanetteMacDonald	38	AGE38	15498	15497_JeanetteMacDonald_38_f
551	JeanetteMacDonald	30	AGE30	15467	15466_JeanetteMacDonald_30_f
551	JeanetteMacDonald	49	AGE49	15508	15507_JeanetteMacDonald_49_f
552	FidelCastro	24	AGE24	676	675_FidelCastro_24_m
552	FidelCastro	89	AGE89	686	685_FidelCastro_89_m
552	FidelCastro	62	AGE62	680	679_FidelCastro_62_m
552	FidelCastro	89	AGE89	685	684_FidelCastro_89_m
552	FidelCastro	33	AGE33	678	677_FidelCastro_33_m
552	FidelCastro	79	AGE79	683	682_FidelCastro_79_m
552	FidelCastro	33	AGE33	687	686_FidelCastro_33_m
552	FidelCastro	78	AGE78	682	681_FidelCastro_78_m
552	FidelCastro	3	AGE3	675	674_FidelCastro_3_m
552	FidelCastro	32	AGE32	677	676_FidelCastro_32_m
552	FidelCastro	38	AGE38	679	678_FidelCastro_38_m
552	FidelCastro	75	AGE75	681	680_FidelCastro_75_m
552	FidelCastro	80	AGE80	684	683_FidelCastro_80_m
553	DanielleDarrieux	67	AGE67	13440	13439_DanielleDarrieux_67_f
553	DanielleDarrieux	62	AGE62	13435	13434_DanielleDarrieux_62_f
553	DanielleDarrieux	48	AGE48	13426	13425_DanielleDarrieux_48_f
553	DanielleDarrieux	70	AGE70	13442	13441_DanielleDarrieux_70_f
553	DanielleDarrieux	38	AGE38	13420	13419_DanielleDarrieux_38_f
553	DanielleDarrieux	66	AGE66	13439	13438_DanielleDarrieux_66_f
553	DanielleDarrieux	47	AGE47	13425	13424_DanielleDarrieux_47_f
553	DanielleDarrieux	92	AGE92	13451	13450_DanielleDarrieux_92_f
553	DanielleDarrieux	32	AGE32	13414	13413_DanielleDarrieux_32_f
553	DanielleDarrieux	24	AGE24	13413	13412_DanielleDarrieux_24_f
553	DanielleDarrieux	22	AGE22	13411	13410_DanielleDarrieux_22_f
553	DanielleDarrieux	72	AGE72	13443	13442_DanielleDarrieux_72_f
553	DanielleDarrieux	71	AGE71	13455	13454_DanielleDarrieux_71_f
553	DanielleDarrieux	60	AGE60	13433	13432_DanielleDarrieux_60_f
553	DanielleDarrieux	42	AGE42	13422	13421_DanielleDarrieux_42_f
553	DanielleDarrieux	61	AGE61	13434	13433_DanielleDarrieux_61_f
553	DanielleDarrieux	21	AGE21	13410	13409_DanielleDarrieux_21_f
553	DanielleDarrieux	56	AGE56	13430	13429_DanielleDarrieux_56_f
553	DanielleDarrieux	23	AGE23	13412	13411_DanielleDarrieux_23_f
553	DanielleDarrieux	35	AGE35	13417	13416_DanielleDarrieux_35_f
553	DanielleDarrieux	45	AGE45	13424	13423_DanielleDarrieux_45_f
553	DanielleDarrieux	89	AGE89	13456	13455_DanielleDarrieux_89_f
553	DanielleDarrieux	57	AGE57	13431	13430_DanielleDarrieux_57_f
553	DanielleDarrieux	91	AGE91	13449	13448_DanielleDarrieux_91_f
553	DanielleDarrieux	91	AGE91	13450	13449_DanielleDarrieux_91_f
553	DanielleDarrieux	77	AGE77	13445	13444_DanielleDarrieux_77_f
553	DanielleDarrieux	58	AGE58	13432	13431_DanielleDarrieux_58_f
553	DanielleDarrieux	37	AGE37	13419	13418_DanielleDarrieux_37_f
553	DanielleDarrieux	93	AGE93	13452	13451_DanielleDarrieux_93_f
553	DanielleDarrieux	63	AGE63	13436	13435_DanielleDarrieux_63_f
553	DanielleDarrieux	75	AGE75	13444	13443_DanielleDarrieux_75_f
553	DanielleDarrieux	80	AGE80	13446	13445_DanielleDarrieux_80_f
553	DanielleDarrieux	69	AGE69	13454	13453_DanielleDarrieux_69_f
553	DanielleDarrieux	36	AGE36	13418	13417_DanielleDarrieux_36_f
553	DanielleDarrieux	19	AGE19	13408	13407_DanielleDarrieux_19_f
553	DanielleDarrieux	17	AGE17	13406	13405_DanielleDarrieux_17_f
553	DanielleDarrieux	34	AGE34	13416	13415_DanielleDarrieux_34_f
553	DanielleDarrieux	41	AGE41	13453	13452_DanielleDarrieux_41_f
553	DanielleDarrieux	33	AGE33	13415	13414_DanielleDarrieux_33_f
553	DanielleDarrieux	18	AGE18	13407	13406_DanielleDarrieux_18_f
553	DanielleDarrieux	40	AGE40	13421	13420_DanielleDarrieux_40_f
553	DanielleDarrieux	52	AGE52	13429	13428_DanielleDarrieux_52_f
553	DanielleDarrieux	68	AGE68	13441	13440_DanielleDarrieux_68_f
553	DanielleDarrieux	65	AGE65	13438	13437_DanielleDarrieux_65_f
553	DanielleDarrieux	49	AGE49	13427	13426_DanielleDarrieux_49_f
553	DanielleDarrieux	20	AGE20	13409	13408_DanielleDarrieux_20_f
553	DanielleDarrieux	85	AGE85	13447	13446_DanielleDarrieux_85_f
553	DanielleDarrieux	50	AGE50	13428	13427_DanielleDarrieux_50_f
553	DanielleDarrieux	86	AGE86	13448	13447_DanielleDarrieux_86_f
553	DanielleDarrieux	64	AGE64	13437	13436_DanielleDarrieux_64_f
553	DanielleDarrieux	14	AGE14	13405	13404_DanielleDarrieux_14_f
553	DanielleDarrieux	43	AGE43	13423	13422_DanielleDarrieux_43_f
554	CharlieChaplin	28	AGE28	8537	8536_CharlieChaplin_28_m
554	CharlieChaplin	28	AGE28	8536	8535_CharlieChaplin_28_m
554	CharlieChaplin	25	AGE25	8548	8547_CharlieChaplin_25_m
554	CharlieChaplin	52	AGE52	8543	8542_CharlieChaplin_52_m
554	CharlieChaplin	85	AGE85	8546	8545_CharlieChaplin_85_m
554	CharlieChaplin	42	AGE42	8542	8541_CharlieChaplin_42_m
554	CharlieChaplin	40	AGE40	8547	8546_CharlieChaplin_40_m
554	CharlieChaplin	45	AGE45	8540	8539_CharlieChaplin_45_m
554	CharlieChaplin	30	AGE30	8530	8529_CharlieChaplin_30_m
554	CharlieChaplin	32	AGE32	8544	8543_CharlieChaplin_32_m
554	CharlieChaplin	55	AGE55	8539	8538_CharlieChaplin_55_m
554	CharlieChaplin	50	AGE50	8541	8540_CharlieChaplin_50_m
554	CharlieChaplin	80	AGE80	8531	8530_CharlieChaplin_80_m
554	CharlieChaplin	55	AGE55	8534	8533_CharlieChaplin_55_m
554	CharlieChaplin	42	AGE42	8533	8532_CharlieChaplin_42_m
554	CharlieChaplin	85	AGE85	8550	8549_CharlieChaplin_85_m
554	CharlieChaplin	50	AGE50	8532	8531_CharlieChaplin_50_m
554	CharlieChaplin	50	AGE50	8545	8544_CharlieChaplin_50_m
554	CharlieChaplin	12	AGE12	8549	8548_CharlieChaplin_12_m
554	CharlieChaplin	40	AGE40	8538	8537_CharlieChaplin_40_m
554	CharlieChaplin	25	AGE25	8535	8534_CharlieChaplin_25_m
555	GeneWilder	55	AGE55	2591	2590_GeneWilder_55_m
555	GeneWilder	18	AGE18	2573	2572_GeneWilder_18_m
555	GeneWilder	38	AGE38	2580	2579_GeneWilder_38_m
555	GeneWilder	70	AGE70	2597	2596_GeneWilder_70_m
555	GeneWilder	36	AGE36	2578	2577_GeneWilder_36_m
555	GeneWilder	71	AGE71	2598	2597_GeneWilder_71_m
555	GeneWilder	39	AGE39	2581	2580_GeneWilder_39_m
555	GeneWilder	34	AGE34	2576	2575_GeneWilder_34_m
555	GeneWilder	45	AGE45	2586	2585_GeneWilder_45_m
555	GeneWilder	47	AGE47	2588	2587_GeneWilder_47_m
555	GeneWilder	78	AGE78	2601	2600_GeneWilder_78_m
555	GeneWilder	79	AGE79	2602	2601_GeneWilder_79_m
555	GeneWilder	75	AGE75	2600	2599_GeneWilder_75_m
555	GeneWilder	62	AGE62	2593	2592_GeneWilder_62_m
555	GeneWilder	33	AGE33	2575	2574_GeneWilder_33_m
555	GeneWilder	65	AGE65	2594	2593_GeneWilder_65_m
555	GeneWilder	80	AGE80	2603	2602_GeneWilder_80_m
555	GeneWilder	27	AGE27	2574	2573_GeneWilder_27_m
555	GeneWilder	53	AGE53	2589	2588_GeneWilder_53_m
555	GeneWilder	59	AGE59	2592	2591_GeneWilder_59_m
555	GeneWilder	54	AGE54	2590	2589_GeneWilder_54_m
555	GeneWilder	37	AGE37	2579	2578_GeneWilder_37_m
555	GeneWilder	43	AGE43	2584	2583_GeneWilder_43_m
555	GeneWilder	44	AGE44	2585	2584_GeneWilder_44_m
555	GeneWilder	68	AGE68	2596	2595_GeneWilder_68_m
555	GeneWilder	46	AGE46	2587	2586_GeneWilder_46_m
555	GeneWilder	66	AGE66	2595	2594_GeneWilder_66_m
555	GeneWilder	73	AGE73	2599	2598_GeneWilder_73_m
555	GeneWilder	42	AGE42	2583	2582_GeneWilder_42_m
555	GeneWilder	35	AGE35	2577	2576_GeneWilder_35_m
555	GeneWilder	41	AGE41	2582	2581_GeneWilder_41_m
556	CarlosSantana	60	AGE60	4500	4499_CarlosSantana_60_m
556	CarlosSantana	26	AGE26	4492	4491_CarlosSantana_26_m
556	CarlosSantana	58	AGE58	4515	4514_CarlosSantana_58_m
556	CarlosSantana	12	AGE12	4485	4484_CarlosSantana_12_m
556	CarlosSantana	49	AGE49	4497	4496_CarlosSantana_49_m
556	CarlosSantana	67	AGE67	4517	4516_CarlosSantana_67_m
556	CarlosSantana	56	AGE56	4514	4513_CarlosSantana_56_m
556	CarlosSantana	68	AGE68	4504	4503_CarlosSantana_68_m
556	CarlosSantana	29	AGE29	4505	4504_CarlosSantana_29_m
556	CarlosSantana	14	AGE14	4486	4485_CarlosSantana_14_m
556	CarlosSantana	22	AGE22	4490	4489_CarlosSantana_22_m
556	CarlosSantana	61	AGE61	4516	4515_CarlosSantana_61_m
556	CarlosSantana	46	AGE46	4496	4495_CarlosSantana_46_m
556	CarlosSantana	40	AGE40	4508	4507_CarlosSantana_40_m
556	CarlosSantana	31	AGE31	4506	4505_CarlosSantana_31_m
556	CarlosSantana	53	AGE53	4498	4497_CarlosSantana_53_m
556	CarlosSantana	33	AGE33	4494	4493_CarlosSantana_33_m
556	CarlosSantana	54	AGE54	4513	4512_CarlosSantana_54_m
556	CarlosSantana	48	AGE48	4510	4509_CarlosSantana_48_m
556	CarlosSantana	52	AGE52	4512	4511_CarlosSantana_52_m
556	CarlosSantana	16	AGE16	4487	4486_CarlosSantana_16_m
556	CarlosSantana	51	AGE51	4511	4510_CarlosSantana_51_m
556	CarlosSantana	66	AGE66	4503	4502_CarlosSantana_66_m
556	CarlosSantana	62	AGE62	4501	4500_CarlosSantana_62_m
556	CarlosSantana	25	AGE25	4491	4490_CarlosSantana_25_m
556	CarlosSantana	20	AGE20	4488	4487_CarlosSantana_20_m
556	CarlosSantana	63	AGE63	4502	4501_CarlosSantana_63_m
556	CarlosSantana	22	AGE22	4489	4488_CarlosSantana_22_m
556	CarlosSantana	43	AGE43	4509	4508_CarlosSantana_43_m
556	CarlosSantana	55	AGE55	4499	4498_CarlosSantana_55_m
556	CarlosSantana	37	AGE37	4507	4506_CarlosSantana_37_m
556	CarlosSantana	35	AGE35	4495	4494_CarlosSantana_35_m
557	DavidMcCallum	70	AGE70	5236	5235_DavidMcCallum_70_m
557	DavidMcCallum	40	AGE40	5239	5238_DavidMcCallum_40_m
557	DavidMcCallum	46	AGE46	5232	5231_DavidMcCallum_46_m
557	DavidMcCallum	63	AGE63	5243	5242_DavidMcCallum_63_m
557	DavidMcCallum	39	AGE39	5238	5237_DavidMcCallum_39_m
557	DavidMcCallum	30	AGE30	5224	5223_DavidMcCallum_30_m
557	DavidMcCallum	59	AGE59	5242	5241_DavidMcCallum_59_m
557	DavidMcCallum	35	AGE35	5227	5226_DavidMcCallum_35_m
557	DavidMcCallum	48	AGE48	5240	5239_DavidMcCallum_48_m
557	DavidMcCallum	65	AGE65	5234	5233_DavidMcCallum_65_m
557	DavidMcCallum	77	AGE77	5249	5248_DavidMcCallum_77_m
557	DavidMcCallum	71	AGE71	5245	5244_DavidMcCallum_71_m
557	DavidMcCallum	69	AGE69	5244	5243_DavidMcCallum_69_m
557	DavidMcCallum	37	AGE37	5229	5228_DavidMcCallum_37_m
557	DavidMcCallum	42	AGE42	5230	5229_DavidMcCallum_42_m
557	DavidMcCallum	56	AGE56	5233	5232_DavidMcCallum_56_m
557	DavidMcCallum	29	AGE29	5223	5222_DavidMcCallum_29_m
557	DavidMcCallum	26	AGE26	5221	5220_DavidMcCallum_26_m
557	DavidMcCallum	72	AGE72	5246	5245_DavidMcCallum_72_m
557	DavidMcCallum	67	AGE67	5235	5234_DavidMcCallum_67_m
557	DavidMcCallum	74	AGE74	5247	5246_DavidMcCallum_74_m
557	DavidMcCallum	27	AGE27	5222	5221_DavidMcCallum_27_m
557	DavidMcCallum	51	AGE51	5241	5240_DavidMcCallum_51_m
557	DavidMcCallum	75	AGE75	5248	5247_DavidMcCallum_75_m
557	DavidMcCallum	32	AGE32	5225	5224_DavidMcCallum_32_m
557	DavidMcCallum	79	AGE79	5250	5249_DavidMcCallum_79_m
557	DavidMcCallum	81	AGE81	5237	5236_DavidMcCallum_81_m
557	DavidMcCallum	36	AGE36	5228	5227_DavidMcCallum_36_m
557	DavidMcCallum	34	AGE34	5226	5225_DavidMcCallum_34_m
557	DavidMcCallum	44	AGE44	5231	5230_DavidMcCallum_44_m
558	MichaelPalin	33	AGE33	4313	4312_MichaelPalin_33_m
558	MichaelPalin	26	AGE26	4307	4306_MichaelPalin_26_m
558	MichaelPalin	54	AGE54	4329	4328_MichaelPalin_54_m
558	MichaelPalin	62	AGE62	4333	4332_MichaelPalin_62_m
558	MichaelPalin	36	AGE36	4316	4315_MichaelPalin_36_m
558	MichaelPalin	71	AGE71	4337	4336_MichaelPalin_71_m
558	MichaelPalin	42	AGE42	4320	4319_MichaelPalin_42_m
558	MichaelPalin	51	AGE51	4326	4325_MichaelPalin_51_m
558	MichaelPalin	52	AGE52	4327	4326_MichaelPalin_52_m
558	MichaelPalin	29	AGE29	4309	4308_MichaelPalin_29_m
558	MichaelPalin	31	AGE31	4311	4310_MichaelPalin_31_m
558	MichaelPalin	63	AGE63	4334	4333_MichaelPalin_63_m
558	MichaelPalin	47	AGE47	4323	4322_MichaelPalin_47_m
558	MichaelPalin	30	AGE30	4310	4309_MichaelPalin_30_m
558	MichaelPalin	45	AGE45	4321	4320_MichaelPalin_45_m
558	MichaelPalin	55	AGE55	4330	4329_MichaelPalin_55_m
558	MichaelPalin	34	AGE34	4314	4313_MichaelPalin_34_m
558	MichaelPalin	38	AGE38	4317	4316_MichaelPalin_38_m
558	MichaelPalin	67	AGE67	4335	4334_MichaelPalin_67_m
558	MichaelPalin	35	AGE35	4315	4314_MichaelPalin_35_m
558	MichaelPalin	59	AGE59	4331	4330_MichaelPalin_59_m
558	MichaelPalin	40	AGE40	4318	4317_MichaelPalin_40_m
558	MichaelPalin	25	AGE25	4306	4305_MichaelPalin_25_m
558	MichaelPalin	61	AGE61	4332	4331_MichaelPalin_61_m
558	MichaelPalin	48	AGE48	4324	4323_MichaelPalin_48_m
558	MichaelPalin	49	AGE49	4325	4324_MichaelPalin_49_m
558	MichaelPalin	46	AGE46	4322	4321_MichaelPalin_46_m
558	MichaelPalin	32	AGE32	4312	4311_MichaelPalin_32_m
558	MichaelPalin	28	AGE28	4308	4307_MichaelPalin_28_m
558	MichaelPalin	54	AGE54	4328	4327_MichaelPalin_54_m
558	MichaelPalin	69	AGE69	4336	4335_MichaelPalin_69_m
558	MichaelPalin	17	AGE17	4305	4304_MichaelPalin_17_m
558	MichaelPalin	41	AGE41	4319	4318_MichaelPalin_41_m
559	SylvesterStallone	49	AGE49	7600	7599_SylvesterStallone_49_m
559	SylvesterStallone	36	AGE36	7591	7590_SylvesterStallone_36_m
559	SylvesterStallone	58	AGE58	7607	7606_SylvesterStallone_58_m
559	SylvesterStallone	37	AGE37	7592	7591_SylvesterStallone_37_m
559	SylvesterStallone	38	AGE38	7595	7594_SylvesterStallone_38_m
559	SylvesterStallone	56	AGE56	7605	7604_SylvesterStallone_56_m
559	SylvesterStallone	51	AGE51	7603	7602_SylvesterStallone_51_m
559	SylvesterStallone	63	AGE63	7610	7609_SylvesterStallone_63_m
559	SylvesterStallone	28	AGE28	7588	7587_SylvesterStallone_28_m
559	SylvesterStallone	64	AGE64	7594	7593_SylvesterStallone_64_m
559	SylvesterStallone	57	AGE57	7606	7605_SylvesterStallone_57_m
559	SylvesterStallone	41	AGE41	7593	7592_SylvesterStallone_41_m
559	SylvesterStallone	24	AGE24	7586	7585_SylvesterStallone_24_m
559	SylvesterStallone	50	AGE50	7601	7600_SylvesterStallone_50_m
559	SylvesterStallone	60	AGE60	7608	7607_SylvesterStallone_60_m
559	SylvesterStallone	62	AGE62	7609	7608_SylvesterStallone_62_m
559	SylvesterStallone	39	AGE39	7596	7595_SylvesterStallone_39_m
559	SylvesterStallone	49	AGE49	7599	7598_SylvesterStallone_49_m
559	SylvesterStallone	52	AGE52	7604	7603_SylvesterStallone_52_m
559	SylvesterStallone	45	AGE45	7598	7597_SylvesterStallone_45_m
559	SylvesterStallone	31	AGE31	7589	7588_SylvesterStallone_31_m
559	SylvesterStallone	50	AGE50	7602	7601_SylvesterStallone_50_m
559	SylvesterStallone	26	AGE26	7587	7586_SylvesterStallone_26_m
559	SylvesterStallone	36	AGE36	7590	7589_SylvesterStallone_36_m
559	SylvesterStallone	43	AGE43	7597	7596_SylvesterStallone_43_m
560	GregoryPeck	70	AGE70	9371	9370_GregoryPeck_70_m
560	GregoryPeck	65	AGE65	9377	9376_GregoryPeck_65_m
560	GregoryPeck	45	AGE45	9362	9361_GregoryPeck_45_m
560	GregoryPeck	85	AGE85	9373	9372_GregoryPeck_85_m
560	GregoryPeck	39	AGE39	9359	9358_GregoryPeck_39_m
560	GregoryPeck	50	AGE50	9364	9363_GregoryPeck_50_m
560	GregoryPeck	33	AGE33	9376	9375_GregoryPeck_33_m
560	GregoryPeck	36	AGE36	9379	9378_GregoryPeck_36_m
560	GregoryPeck	63	AGE63	9369	9368_GregoryPeck_63_m
560	GregoryPeck	28	AGE28	9380	9379_GregoryPeck_28_m
560	GregoryPeck	40	AGE40	9361	9360_GregoryPeck_40_m
560	GregoryPeck	42	AGE42	9363	9362_GregoryPeck_42_m
560	GregoryPeck	30	AGE30	9368	9367_GregoryPeck_30_m
560	GregoryPeck	58	AGE58	9370	9369_GregoryPeck_58_m
560	GregoryPeck	75	AGE75	9374	9373_GregoryPeck_75_m
560	GregoryPeck	52	AGE52	9366	9365_GregoryPeck_52_m
560	GregoryPeck	75	AGE75	9367	9366_GregoryPeck_75_m
560	GregoryPeck	72	AGE72	9360	9359_GregoryPeck_72_m
560	GregoryPeck	57	AGE57	9372	9371_GregoryPeck_57_m
560	GregoryPeck	84	AGE84	9365	9364_GregoryPeck_84_m
560	GregoryPeck	31	AGE31	9375	9374_GregoryPeck_31_m
561	QueenElizabet	35	AGE35	586	585_QueenElizabet_35_f
561	QueenElizabet	74	AGE74	592	591_QueenElizabet_74_f
561	QueenElizabet	3	AGE3	580	579_QueenElizabet_3_f
561	QueenElizabet	80	AGE80	588	587_QueenElizabet_80_f
561	QueenElizabet	34	AGE34	601	600_QueenElizabet_34_f
561	QueenElizabet	3	AGE3	582	581_QueenElizabet_3_f
561	QueenElizabet	75	AGE75	593	592_QueenElizabet_75_f
561	QueenElizabet	21	AGE21	581	580_QueenElizabet_21_f
561	QueenElizabet	78	AGE78	594	593_QueenElizabet_78_f
561	QueenElizabet	44	AGE44	589	588_QueenElizabet_44_f
561	QueenElizabet	26	AGE26	584	583_QueenElizabet_26_f
561	QueenElizabet	54	AGE54	591	590_QueenElizabet_54_f
561	QueenElizabet	79	AGE79	595	594_QueenElizabet_79_f
561	QueenElizabet	86	AGE86	598	597_QueenElizabet_86_f
561	QueenElizabet	70	AGE70	599	598_QueenElizabet_70_f
561	QueenElizabet	75	AGE75	600	599_QueenElizabet_75_f
561	QueenElizabet	45	AGE45	603	602_QueenElizabet_45_f
561	QueenElizabet	35	AGE35	585	584_QueenElizabet_35_f
561	QueenElizabet	81	AGE81	597	596_QueenElizabet_81_f
561	QueenElizabet	46	AGE46	590	589_QueenElizabet_46_f
561	QueenElizabet	80	AGE80	596	595_QueenElizabet_80_f
561	QueenElizabet	38	AGE38	587	586_QueenElizabet_38_f
561	QueenElizabet	21	AGE21	602	601_QueenElizabet_21_f
561	QueenElizabet	25	AGE25	583	582_QueenElizabet_25_f
562	RockHudson	17	AGE17	6744	6743_RockHudson_17_m
562	RockHudson	25	AGE25	6742	6741_RockHudson_25_m
562	RockHudson	35	AGE35	6757	6756_RockHudson_35_m
562	RockHudson	38	AGE38	6762	6761_RockHudson_38_m
562	RockHudson	44	AGE44	6761	6760_RockHudson_44_m
562	RockHudson	20	AGE20	6745	6744_RockHudson_20_m
562	RockHudson	30	AGE30	6751	6750_RockHudson_30_m
562	RockHudson	57	AGE57	6776	6775_RockHudson_57_m
562	RockHudson	31	AGE31	6752	6751_RockHudson_31_m
562	RockHudson	42	AGE42	6767	6766_RockHudson_42_m
562	RockHudson	53	AGE53	6773	6772_RockHudson_53_m
562	RockHudson	45	AGE45	6775	6774_RockHudson_45_m
562	RockHudson	29	AGE29	6749	6748_RockHudson_29_m
562	RockHudson	40	AGE40	6764	6763_RockHudson_40_m
562	RockHudson	60	AGE60	6778	6777_RockHudson_60_m
562	RockHudson	60	AGE60	6759	6758_RockHudson_60_m
562	RockHudson	43	AGE43	6768	6767_RockHudson_43_m
562	RockHudson	28	AGE28	6743	6742_RockHudson_28_m
562	RockHudson	13	AGE13	6755	6754_RockHudson_13_m
562	RockHudson	44	AGE44	6769	6768_RockHudson_44_m
562	RockHudson	46	AGE46	6771	6770_RockHudson_46_m
562	RockHudson	59	AGE59	6777	6776_RockHudson_59_m
562	RockHudson	33	AGE33	6756	6755_RockHudson_33_m
562	RockHudson	32	AGE32	6754	6753_RockHudson_32_m
562	RockHudson	29	AGE29	6748	6747_RockHudson_29_m
562	RockHudson	56	AGE56	6774	6773_RockHudson_56_m
562	RockHudson	51	AGE51	6772	6771_RockHudson_51_m
562	RockHudson	41	AGE41	6766	6765_RockHudson_41_m
562	RockHudson	45	AGE45	6770	6769_RockHudson_45_m
562	RockHudson	39	AGE39	6763	6762_RockHudson_39_m
562	RockHudson	40	AGE40	6765	6764_RockHudson_40_m
562	RockHudson	19	AGE19	6746	6745_RockHudson_19_m
562	RockHudson	36	AGE36	6758	6757_RockHudson_36_m
562	RockHudson	28	AGE28	6747	6746_RockHudson_28_m
562	RockHudson	31	AGE31	6753	6752_RockHudson_31_m
562	RockHudson	37	AGE37	6760	6759_RockHudson_37_m
562	RockHudson	30	AGE30	6750	6749_RockHudson_30_m
563	PaulAnka	33	AGE33	105	104_PaulAnka_33_m
563	PaulAnka	55	AGE55	99	98_PaulAnka_55_m
563	PaulAnka	64	AGE64	87	86_PaulAnka_64_m
563	PaulAnka	60	AGE60	103	102_PaulAnka_60_m
563	PaulAnka	16	AGE16	76	75_PaulAnka_16_m
563	PaulAnka	60	AGE60	92	91_PaulAnka_60_m
563	PaulAnka	22	AGE22	79	78_PaulAnka_22_m
563	PaulAnka	52	AGE52	101	100_PaulAnka_52_m
563	PaulAnka	24	AGE24	80	79_PaulAnka_24_m
563	PaulAnka	16	AGE16	70	69_PaulAnka_16_m
563	PaulAnka	18	AGE18	106	105_PaulAnka_18_m
563	PaulAnka	23	AGE23	84	83_PaulAnka_23_m
563	PaulAnka	57	AGE57	111	110_PaulAnka_57_m
563	PaulAnka	46	AGE46	100	99_PaulAnka_46_m
563	PaulAnka	68	AGE68	90	89_PaulAnka_68_m
563	PaulAnka	18	AGE18	107	106_PaulAnka_18_m
563	PaulAnka	29	AGE29	93	92_PaulAnka_29_m
563	PaulAnka	19	AGE19	77	76_PaulAnka_19_m
563	PaulAnka	71	AGE71	94	93_PaulAnka_71_m
563	PaulAnka	52	AGE52	97	96_PaulAnka_52_m
563	PaulAnka	72	AGE72	110	109_PaulAnka_72_m
563	PaulAnka	15	AGE15	75	74_PaulAnka_15_m
563	PaulAnka	19	AGE19	96	95_PaulAnka_19_m
563	PaulAnka	66	AGE66	88	87_PaulAnka_66_m
563	PaulAnka	20	AGE20	108	107_PaulAnka_20_m
563	PaulAnka	27	AGE27	81	80_PaulAnka_27_m
563	PaulAnka	17	AGE17	74	73_PaulAnka_17_m
563	PaulAnka	30	AGE30	82	81_PaulAnka_30_m
563	PaulAnka	47	AGE47	85	84_PaulAnka_47_m
563	PaulAnka	48	AGE48	98	97_PaulAnka_48_m
563	PaulAnka	17	AGE17	95	94_PaulAnka_17_m
563	PaulAnka	15	AGE15	71	70_PaulAnka_15_m
563	PaulAnka	65	AGE65	86	85_PaulAnka_65_m
563	PaulAnka	50	AGE50	102	101_PaulAnka_50_m
563	PaulAnka	66	AGE66	109	108_PaulAnka_66_m
563	PaulAnka	18	AGE18	73	72_PaulAnka_18_m
563	PaulAnka	45	AGE45	72	71_PaulAnka_45_m
563	PaulAnka	21	AGE21	78	77_PaulAnka_21_m
563	PaulAnka	30	AGE30	104	103_PaulAnka_30_m
563	PaulAnka	70	AGE70	91	90_PaulAnka_70_m
563	PaulAnka	67	AGE67	89	88_PaulAnka_67_m
563	PaulAnka	32	AGE32	83	82_PaulAnka_32_m
564	SusanHayward	30	AGE30	14504	14503_SusanHayward_30_f
564	SusanHayward	28	AGE28	14493	14492_SusanHayward_28_f
564	SusanHayward	26	AGE26	14489	14488_SusanHayward_26_f
564	SusanHayward	45	AGE45	14495	14494_SusanHayward_45_f
564	SusanHayward	47	AGE47	14502	14501_SusanHayward_47_f
564	SusanHayward	40	AGE40	14514	14513_SusanHayward_40_f
564	SusanHayward	34	AGE34	14500	14499_SusanHayward_34_f
564	SusanHayward	47	AGE47	14509	14508_SusanHayward_47_f
564	SusanHayward	21	AGE21	14486	14485_SusanHayward_21_f
564	SusanHayward	44	AGE44	14499	14498_SusanHayward_44_f
564	SusanHayward	28	AGE28	14490	14489_SusanHayward_28_f
564	SusanHayward	39	AGE39	14496	14495_SusanHayward_39_f
564	SusanHayward	25	AGE25	14492	14491_SusanHayward_25_f
564	SusanHayward	50	AGE50	14507	14506_SusanHayward_50_f
564	SusanHayward	55	AGE55	14494	14493_SusanHayward_55_f
564	SusanHayward	24	AGE24	14491	14490_SusanHayward_24_f
564	SusanHayward	39	AGE39	14498	14497_SusanHayward_39_f
564	SusanHayward	29	AGE29	14503	14502_SusanHayward_29_f
564	SusanHayward	31	AGE31	14512	14511_SusanHayward_31_f
564	SusanHayward	23	AGE23	14501	14500_SusanHayward_23_f
564	SusanHayward	30	AGE30	14505	14504_SusanHayward_30_f
564	SusanHayward	27	AGE27	14488	14487_SusanHayward_27_f
564	SusanHayward	47	AGE47	14508	14507_SusanHayward_47_f
564	SusanHayward	22	AGE22	14510	14509_SusanHayward_22_f
564	SusanHayward	23	AGE23	14485	14484_SusanHayward_23_f
564	SusanHayward	42	AGE42	14511	14510_SusanHayward_42_f
564	SusanHayward	36	AGE36	14506	14505_SusanHayward_36_f
564	SusanHayward	24	AGE24	14487	14486_SusanHayward_24_f
564	SusanHayward	25	AGE25	14497	14496_SusanHayward_25_f
564	SusanHayward	38	AGE38	14513	14512_SusanHayward_38_f
565	MelGibson	49	AGE49	2160	2159_MelGibson_49_m
565	MelGibson	30	AGE30	2143	2142_MelGibson_30_m
565	MelGibson	52	AGE52	2161	2160_MelGibson_52_m
565	MelGibson	44	AGE44	2156	2155_MelGibson_44_m
565	MelGibson	54	AGE54	2163	2162_MelGibson_54_m
565	MelGibson	48	AGE48	2159	2158_MelGibson_48_m
565	MelGibson	38	AGE38	2149	2148_MelGibson_38_m
565	MelGibson	19	AGE19	2134	2133_MelGibson_19_m
565	MelGibson	31	AGE31	2144	2143_MelGibson_31_m
565	MelGibson	47	AGE47	2158	2157_MelGibson_47_m
565	MelGibson	36	AGE36	2147	2146_MelGibson_36_m
565	MelGibson	44	AGE44	2155	2154_MelGibson_44_m
565	MelGibson	21	AGE21	2136	2135_MelGibson_21_m
565	MelGibson	32	AGE32	2145	2144_MelGibson_32_m
565	MelGibson	35	AGE35	2146	2145_MelGibson_35_m
565	MelGibson	24	AGE24	2139	2138_MelGibson_24_m
565	MelGibson	56	AGE56	2166	2165_MelGibson_56_m
565	MelGibson	20	AGE20	2135	2134_MelGibson_20_m
565	MelGibson	29	AGE29	2142	2141_MelGibson_29_m
565	MelGibson	39	AGE39	2150	2149_MelGibson_39_m
565	MelGibson	22	AGE22	2137	2136_MelGibson_22_m
565	MelGibson	45	AGE45	2157	2156_MelGibson_45_m
565	MelGibson	26	AGE26	2140	2139_MelGibson_26_m
565	MelGibson	55	AGE55	2164	2163_MelGibson_55_m
565	MelGibson	23	AGE23	2138	2137_MelGibson_23_m
565	MelGibson	39	AGE39	2151	2150_MelGibson_39_m
565	MelGibson	42	AGE42	2154	2153_MelGibson_42_m
565	MelGibson	53	AGE53	2162	2161_MelGibson_53_m
565	MelGibson	40	AGE40	2152	2151_MelGibson_40_m
565	MelGibson	37	AGE37	2148	2147_MelGibson_37_m
565	MelGibson	56	AGE56	2165	2164_MelGibson_56_m
565	MelGibson	27	AGE27	2141	2140_MelGibson_27_m
565	MelGibson	41	AGE41	2153	2152_MelGibson_41_m
566	Pele	40	AGE40	56	55_Pele_40_m
566	Pele	52	AGE52	58	57_Pele_52_m
566	Pele	30	AGE30	55	54_Pele_30_m
566	Pele	55	AGE55	48	47_Pele_55_m
566	Pele	17	AGE17	52	51_Pele_17_m
566	Pele	58	AGE58	62	61_Pele_58_m
566	Pele	71	AGE71	49	48_Pele_71_m
566	Pele	21	AGE21	46	45_Pele_21_m
566	Pele	55	AGE55	59	58_Pele_55_m
566	Pele	55	AGE55	63	62_Pele_55_m
566	Pele	32	AGE32	54	53_Pele_32_m
566	Pele	21	AGE21	50	49_Pele_21_m
566	Pele	20	AGE20	68	67_Pele_20_m
566	Pele	68	AGE68	45	44_Pele_68_m
566	Pele	58	AGE58	64	63_Pele_58_m
566	Pele	18	AGE18	66	65_Pele_18_m
566	Pele	38	AGE38	53	52_Pele_38_m
566	Pele	21	AGE21	61	60_Pele_21_m
566	Pele	19	AGE19	60	59_Pele_19_m
566	Pele	60	AGE60	67	66_Pele_60_m
566	Pele	12	AGE12	69	68_Pele_12_m
566	Pele	35	AGE35	47	46_Pele_35_m
566	Pele	37	AGE37	57	56_Pele_37_m
566	Pele	20	AGE20	65	64_Pele_20_m
566	Pele	18	AGE18	51	50_Pele_18_m
