subject_id	subject_name	class_id	class_name	sample_id	sample_name
37	JoanneWoodward	44	AGE44	12276	12275_JoanneWoodward_44_f
522	DannyGlover	44	AGE44	16086	16085_DannyGlover_44_m
107	DianneWiest	44	AGE44	10487	10486_DianneWiest_44_f
224	campbell	44	AGE44	16290	16289_campbell_44_f
353	ArmandAssante	44	AGE44	5120	5119_ArmandAssante_44_m
531	TimothyDalton	44	AGE44	4973	4972_TimothyDalton_44_m
323	JohnJames	44	AGE44	2039	2038_JohnJames_44_m
518	RomanPolanski	44	AGE44	4901	4900_RomanPolanski_44_m
38	BarbaraBouchet	44	AGE44	11863	11862_BarbaraBouchet_44_f
555	GeneWilder	44	AGE44	2585	2584_GeneWilder_44_m
4	CaryGrant	44	AGE44	6106	6105_CaryGrant_44_m
68	KevinCostner	44	AGE44	4274	4273_KevinCostner_44_m
120	TomJones	44	AGE44	9767	9766_TomJones_44_f
63	PeggyAshcroft	44	AGE44	14458	14457_PeggyAshcroft_44_f
322	AlbertCamus	44	AGE44	1319	1318_AlbertCamus_44_m
74	AnthonyQuayle	44	AGE44	7830	7829_AnthonyQuayle_44_m
385	UrsulaAndress	44	AGE44	12404	12403_UrsulaAndress_44_f
523	MartinSheen	44	AGE44	3531	3530_MartinSheen_44_m
449	ZsaZsaGabor	44	AGE44	11374	11373_ZsaZsaGabor_44_f
324	JaneAsher	44	AGE44	9811	9810_JaneAsher_44_f
461	TimCurry	44	AGE44	1737	1736_TimCurry_44_m
228	SophiaLoren	44	AGE44	11288	11287_SophiaLoren_44_f
521	StefaniePowers	44	AGE44	15845	15844_StefaniePowers_44_f
227	KennethBranagh	44	AGE44	5440	5439_KennethBranagh_44_m
227	KennethBranagh	44	AGE44	5439	5438_KennethBranagh_44_m
561	QueenElizabet	44	AGE44	589	588_QueenElizabet_44_f
24	HelenHunt	44	AGE44	10058	10057_HelenHunt_44_f
395	michaeljackson	44	AGE44	268	267_michaeljackson_44_m
224	campbell	44	AGE44	16289	16288_campbell_44_f
62	SteveMcQueen	44	AGE44	9402	9401_SteveMcQueen_44_m
64	MikeConnors	44	AGE44	3607	3606_MikeConnors_44_m
32	BonnieHunt	44	AGE44	15101	15100_BonnieHunt_44_f
105	KatharineRoss	44	AGE44	15646	15645_KatharineRoss_44_f
519	ChevyChase	44	AGE44	2435	2434_ChevyChase_44_m
551	JeanetteMacDonald	44	AGE44	15504	15503_JeanetteMacDonald_44_f
48	GenaRowlands	44	AGE44	4137	4136_GenaRowlands_44_m
137	SidneyPoitier	44	AGE44	16160	16159_SidneyPoitier_44_m
9	FessParker	44	AGE44	7073	7072_FessParker_44_m
384	JosephStalin	44	AGE44	809	808_JosephStalin_44_m
252	ErnestRutherford	44	AGE44	1200	1199_ErnestRutherford_44_m
551	JeanetteMacDonald	44	AGE44	15485	15484_JeanetteMacDonald_44_f
78	JamesBest	44	AGE44	1955	1954_JamesBest_44_m
197	LinoVentura	44	AGE44	7314	7313_LinoVentura_44_m
117	VeraEllen	44	AGE44	15918	15917_VeraEllen_44_f
408	MelBrooks	44	AGE44	2100	2099_MelBrooks_44_m
195	LorneGreene	44	AGE44	8143	8142_LorneGreene_44_m
213	RabindranathTagore	44	AGE44	1465	1464_RabindranathTagore_44_m
54	KevinSpacey	44	AGE44	3432	3431_KevinSpacey_44_m
39	TonyBlair	44	AGE44	660	659_TonyBlair_44_m
457	JeffBridges	44	AGE44	3336	3335_JeffBridges_44_m
211	AnjelicaHuston	44	AGE44	11821	11820_AnjelicaHuston_44_f
39	TonyBlair	44	AGE44	665	664_TonyBlair_44_m
471	ClaudetteColbert	44	AGE44	14684	14683_ClaudetteColbert_44_f
118	HelmutBerger	44	AGE44	4229	4228_HelmutBerger_44_m
350	VittorioGassman	44	AGE44	9249	9248_VittorioGassman_44_m
526	AngieDickinson	44	AGE44	12424	12423_AngieDickinson_44_f
251	St╨ТphaneAudran	44	AGE44	15873	15872_St╨ТphaneAudran_44_f
235	SilvanaMangano	44	AGE44	14813	14812_SilvanaMangano_44_f
562	RockHudson	44	AGE44	6761	6760_RockHudson_44_m
239	RoseMarie	44	AGE44	9898	9897_RoseMarie_44_f
34	MireilleDarc	44	AGE44	11674	11673_MireilleDarc_44_f
334	LauraAntonelli	44	AGE44	12293	12292_LauraAntonelli_44_f
358	NicolasSarkozy	44	AGE44	5534	5533_NicolasSarkozy_44_m
332	TomHanks	44	AGE44	1780	1779_TomHanks_44_m
538	BarbaraStanwyck	44	AGE44	14639	14638_BarbaraStanwyck_44_f
351	JonVoight	44	AGE44	2061	2060_JonVoight_44_m
46	JohnMalkovich	44	AGE44	5381	5380_JohnMalkovich_44_m
3	ArnoldSchwarzenegger	44	AGE44	8836	8835_ArnoldSchwarzenegger_44_m
265	BurtReynolds	44	AGE44	3988	3987_BurtReynolds_44_m
462	KateOMara	44	AGE44	15601	15600_KateOMara_44_f
452	GordonThomson	44	AGE44	4592	4591_GordonThomson_44_m
127	HumphreyBogard	44	AGE44	9021	9020_HumphreyBogard_44_m
455	AlanRickman	44	AGE44	3015	3014_AlanRickman_44_m
409	RexHarrison	44	AGE44	6732	6731_RexHarrison_44_m
65	JohnForsythe	44	AGE44	8071	8070_JohnForsythe_44_m
129	AlCorley	44	AGE44	1607	1606_AlCorley_44_m
120	TomJones	44	AGE44	1846	1845_TomJones_44_m
531	TimothyDalton	44	AGE44	4972	4971_TimothyDalton_44_m
119	AlanYoung	44	AGE44	1886	1885_AlanYoung_44_m
483	Bono	44	AGE44	1548	1547_Bono_44_m
1	HerbertLom	44	AGE44	5854	5853_HerbertLom_44_m
562	RockHudson	44	AGE44	6769	6768_RockHudson_44_m
389	JaneBirkin	44	AGE44	10089	10088_JaneBirkin_44_f
337	RichardCrenna	44	AGE44	8319	8318_RichardCrenna_44_m
127	HumphreyBogard	45	AGE45	9019	9018_HumphreyBogard_45_m
402	Davis	45	AGE45	16315	16314_Davis_45_f
366	MelFerrer	45	AGE45	6632	6631_MelFerrer_45_m
170	CharlesBoyer	45	AGE45	6963	6962_CharlesBoyer_45_m
496	GlendaJackson	45	AGE45	12175	12174_GlendaJackson_45_f
459	WilliamShatner	45	AGE45	6072	6071_WilliamShatner_45_m
114	akistsoxatzopoulos	45	AGE45	806	805_akistsoxatzopoulos_45_m
424	GraceKelly	45	AGE45	13060	13059_GraceKelly_45_f
294	JamieLeeCurtis	45	AGE45	12687	12686_JamieLeeCurtis_45_f
562	RockHudson	45	AGE45	6775	6774_RockHudson_45_m
424	GraceKelly	45	AGE45	13072	13071_GraceKelly_45_f
289	JohnWayne	45	AGE45	7187	7186_JohnWayne_45_m
76	HarveyKeitel	45	AGE45	4191	4190_HarveyKeitel_45_m
511	JackNicolson	45	AGE45	5269	5268_JackNicolson_45_m
4	CaryGrant	45	AGE45	6107	6106_CaryGrant_45_m
369	BorisKarloff	45	AGE45	6931	6930_BorisKarloff_45_m
472	StephenHawking	45	AGE45	1024	1023_StephenHawking_45_m
176	RodTaylor	45	AGE45	2273	2272_RodTaylor_45_m
522	DannyGlover	45	AGE45	16087	16086_DannyGlover_45_m
213	RabindranathTagore	45	AGE45	1472	1471_RabindranathTagore_45_m
169	Turner	45	AGE45	16424	16423_Turner_45_f
466	CharlesBronson	45	AGE45	8520	8519_CharlesBronson_45_m
1	HerbertLom	45	AGE45	5855	5854_HerbertLom_45_m
238	RobertMitchum	45	AGE45	9209	9208_RobertMitchum_45_m
378	ImeldaStaunton	45	AGE45	12205	12204_ImeldaStaunton_45_f
107	DianneWiest	45	AGE45	10488	10487_DianneWiest_45_f
289	JohnWayne	45	AGE45	7190	7189_JohnWayne_45_m
175	FrancesDee	45	AGE45	12610	12609_FrancesDee_45_f
215	JulieHagerty	45	AGE45	15565	15564_JulieHagerty_45_f
66	BruceWillis	45	AGE45	3086	3085_BruceWillis_45_m
125	AlexandrakisAlekos	45	AGE45	9642	9641_AlexandrakisAlekos_45_m
350	VittorioGassman	45	AGE45	9250	9249_VittorioGassman_45_m
175	FrancesDee	45	AGE45	5832	5831_FrancesDee_45_m
290	CHARLIERUGGLES	45	AGE45	9505	9504_CHARLIERUGGLES_45_m
173	GreerGarson	45	AGE45	14031	14030_GreerGarson_45_f
21	JamesStewart	45	AGE45	8648	8647_JamesStewart_45_m
261	KlausKinski	45	AGE45	6535	6534_KlausKinski_45_m
529	RichardBurton	45	AGE45	9196	9195_RichardBurton_45_m
173	GreerGarson	45	AGE45	14016	14015_GreerGarson_45_f
561	QueenElizabet	45	AGE45	603	602_QueenElizabet_45_f
72	HenryFonda	45	AGE45	8021	8020_HenryFonda_45_m
292	KathrynHays	45	AGE45	10572	10571_KathrynHays_45_f
90	MichelPiccoli	45	AGE45	4751	4750_MichelPiccoli_45_m
145	DonJohnson	45	AGE45	2519	2518_DonJohnson_45_m
48	GenaRowlands	45	AGE45	4138	4137_GenaRowlands_45_m
519	ChevyChase	45	AGE45	2451	2450_ChevyChase_45_m
325	tomselleck	45	AGE45	2966	2965_tomselleck_45_m
403	RogerAllam	45	AGE45	3732	3731_RogerAllam_45_m
125	AlexandrakisAlekos	45	AGE45	9636	9635_AlexandrakisAlekos_45_m
494	JessicaTandy	45	AGE45	13626	13625_JessicaTandy_45_f
426	TheodorakisMikis	45	AGE45	248	247_TheodorakisMikis_45_m
379	JamesCagney	45	AGE45	6382	6381_JamesCagney_45_m
263	JanePowell	45	AGE45	15393	15392_JanePowell_45_f
369	BorisKarloff	45	AGE45	6930	6929_BorisKarloff_45_m
327	TommyLeeJones	45	AGE45	5742	5741_TommyLeeJones_45_m
244	JeffGoldblum	45	AGE45	4659	4658_JeffGoldblum_45_m
565	MelGibson	45	AGE45	2157	2156_MelGibson_45_m
289	JohnWayne	45	AGE45	7186	7185_JohnWayne_45_m
42	RoyScheider	45	AGE45	13221	13220_RoyScheider_45_f
214	JoanLeslie	45	AGE45	10181	10180_JoanLeslie_45_f
293	PeterGraves	45	AGE45	6685	6684_PeterGraves_45_m
238	RobertMitchum	45	AGE45	9215	9214_RobertMitchum_45_m
554	CharlieChaplin	45	AGE45	8540	8539_CharlieChaplin_45_m
531	TimothyDalton	45	AGE45	4974	4973_TimothyDalton_45_m
544	GeorgeCScott	45	AGE45	8994	8993_GeorgeCScott_45_m
2	RoyRogers	45	AGE45	5707	5706_RoyRogers_45_m
54	KevinSpacey	45	AGE45	3434	3433_KevinSpacey_45_m
125	AlexandrakisAlekos	45	AGE45	9628	9627_AlexandrakisAlekos_45_m
11	MichaelSarrazin	45	AGE45	9143	9142_MichaelSarrazin_45_m
106	SteveMartin	45	AGE45	3872	3871_SteveMartin_45_m
404	CatherineSpaak	45	AGE45	11936	11935_CatherineSpaak_45_f
536	BerryGordy	45	AGE45	453	452_BerryGordy_45_m
172	ChristopherEccleston	45	AGE45	8902	8901_ChristopherEccleston_45_m
460	AnneBaxter	45	AGE45	12513	12512_AnneBaxter_45_f
445	JohnCassavetes	45	AGE45	8678	8677_JohnCassavetes_45_m
437	MarisaPavan	45	AGE45	3503	3502_MarisaPavan_45_m
83	AlPacino	45	AGE45	1621	1620_AlPacino_45_m
147	SamuelJacksonn	45	AGE45	16114	16113_SamuelJacksonn_45_m
73	DyanCannon	45	AGE45	15294	15293_DyanCannon_45_f
237	KathleenTurner	45	AGE45	12766	12765_KathleenTurner_45_f
158	SpencerTracy	45	AGE45	8397	8396_SpencerTracy_45_m
452	GordonThomson	45	AGE45	4593	4592_GordonThomson_45_m
69	BrianDennehy	45	AGE45	3948	3947_BrianDennehy_45_m
303	GeneHackman	45	AGE45	3254	3253_GeneHackman_45_m
234	MyrnaLoy	45	AGE45	12375	12374_MyrnaLoy_45_f
376	Fernandel	45	AGE45	4564	4563_Fernandel_45_m
462	KateOMara	45	AGE45	15602	15601_KateOMara_45_f
43	AnnMiller	45	AGE45	15024	15023_AnnMiller_45_f
419	ShirleyJones	45	AGE45	11259	11258_ShirleyJones_45_f
110	MargaretThatcher	45	AGE45	560	559_MargaretThatcher_45_f
549	GoldieHawn	45	AGE45	10016	10015_GoldieHawn_45_f
302	ClaudeRich	45	AGE45	2469	2468_ClaudeRich_45_m
455	AlanRickman	45	AGE45	3016	3015_AlanRickman_45_m
52	IngridBergman	45	AGE45	14237	14236_IngridBergman_45_f
507	RowanAtkinson	45	AGE45	6792	6791_RowanAtkinson_45_m
415	SamNeill	45	AGE45	2305	2304_SamNeill_45_m
336	PatrickStewart	45	AGE45	5563	5562_PatrickStewart_45_m
233	Arletty	45	AGE45	10914	10913_Arletty_45_f
160	Einstain	45	AGE45	985	984_Einstain_45_m
420	MaryTylerMoore	45	AGE45	12831	12830_MaryTylerMoore_45_f
373	BobDylan	45	AGE45	1673	1672_BobDylan_45_m
255	NickNolte	45	AGE45	2195	2194_NickNolte_45_m
250	IsabelleHuppert	45	AGE45	12664	12663_IsabelleHuppert_45_f
232	ConnieBooth	45	AGE45	15163	15162_ConnieBooth_45_f
161	MaggieSmith	45	AGE45	10707	10706_MaggieSmith_45_f
372	BernadetteLafont	45	AGE45	14880	14879_BernadetteLafont_45_f
10	JeffDaniels	45	AGE45	3369	3368_JeffDaniels_45_m
119	AlanYoung	45	AGE45	1887	1886_AlanYoung_45_m
549	GoldieHawn	45	AGE45	10015	10014_GoldieHawn_45_f
86	MarietteHartley	45	AGE45	10292	10291_MarietteHartley_45_f
234	MyrnaLoy	45	AGE45	12361	12360_MyrnaLoy_45_f
306	KrisKristofferson	45	AGE45	7251	7250_KrisKristofferson_45_m
417	StevenBerkoff	45	AGE45	4938	4937_StevenBerkoff_45_m
375	EdwardGRobinson	45	AGE45	9435	9434_EdwardGRobinson_45_m
400	EliWallach	45	AGE45	3208	3207_EliWallach_45_m
532	KostasXatzixristos	45	AGE45	9614	9613_KostasXatzixristos_45_m
153	GaryOldman	45	AGE45	2563	2562_GaryOldman_45_m
245	RichardBoone	45	AGE45	7514	7513_RichardBoone_45_m
34	MireilleDarc	45	AGE45	11675	11674_MireilleDarc_45_f
152	MaryPickford	45	AGE45	14404	14403_MaryPickford_45_f
400	EliWallach	45	AGE45	3201	3200_EliWallach_45_m
236	VeronicaLake	45	AGE45	15938	15937_VeronicaLake_45_f
251	St╨ТphaneAudran	45	AGE45	15874	15873_St╨ТphaneAudran_45_f
454	JerryLewis	45	AGE45	2664	2663_JerryLewis_45_m
332	TomHanks	45	AGE45	1781	1780_TomHanks_45_m
331	SamElliott	45	AGE45	2888	2887_SamElliott_45_m
548	CatherineDeneuve	45	AGE45	12960	12959_CatherineDeneuve_45_f
396	JeremyKemp	45	AGE45	2646	2645_JeremyKemp_45_m
416	JohnHuston	45	AGE45	5997	5996_JohnHuston_45_m
526	AngieDickinson	45	AGE45	12425	12424_AngieDickinson_45_f
85	JodieFoster	45	AGE45	11109	11108_JodieFoster_45_f
151	AnnieGirardot	45	AGE45	13893	13892_AnnieGirardot_45_f
503	JeanPaulBelmondo	45	AGE45	7141	7140_JeanPaulBelmondo_45_m
505	GingerRogers	45	AGE45	13476	13475_GingerRogers_45_f
156	ClerkMaxwell	45	AGE45	1029	1028_ClerkMaxwell_45_m
252	ErnestRutherford	45	AGE45	1203	1202_ErnestRutherford_45_m
307	GiulianoGemma	45	AGE45	7998	7997_GiulianoGemma_45_m
339	ChuckNorris	45	AGE45	3110	3109_ChuckNorris_45_m
84	AngelaLansbury	45	AGE45	11964	11963_AngelaLansbury_45_f
303	GeneHackman	45	AGE45	3250	3249_GeneHackman_45_m
10	JeffDaniels	45	AGE45	3370	3369_JeffDaniels_45_m
235	SilvanaMangano	45	AGE45	14814	14813_SilvanaMangano_45_f
149	AlecGuinness	45	AGE45	8761	8760_AlecGuinness_45_m
301	JudyGarland	45	AGE45	14060	14059_JudyGarland_45_f
308	JanetLeigh	45	AGE45	12720	12719_JanetLeigh_45_f
560	GregoryPeck	45	AGE45	9362	9361_GregoryPeck_45_m
464	BetteMidler	45	AGE45	10446	10445_BetteMidler_45_f
500	IanHolm	45	AGE45	1565	1564_IanHolm_45_m
148	WillSmith 	45	AGE45	16079	16078_WillSmith _45_m
344	ElVenizelos	45	AGE45	708	707_ElVenizelos_45_m
371	ChristopherPlummer	45	AGE45	7869	7868_ChristopherPlummer_45_m
121	RafVallone	45	AGE45	6038	6037_RafVallone_45_m
297	TildaSwinton	45	AGE45	11775	11774_TildaSwinton_45_f
227	KennethBranagh	45	AGE45	5441	5440_KennethBranagh_45_m
458	JeanMarais	45	AGE45	5967	5966_JeanMarais_45_m
401	ErinGray	45	AGE45	15352	15351_ErinGray_45_f
555	GeneWilder	45	AGE45	2586	2585_GeneWilder_45_m
449	ZsaZsaGabor	45	AGE45	11375	11374_ZsaZsaGabor_45_f
226	TommySands	45	AGE45	3932	3931_TommySands_45_m
298	FrankSinatra	45	AGE45	8616	8615_FrankSinatra_45_m
36	ScottGlenn	45	AGE45	2927	2926_ScottGlenn_45_m
534	AlbertoSordi	45	AGE45	7765	7764_AlbertoSordi_45_m
75	EllenBurstyn	45	AGE45	10999	10998_EllenBurstyn_45_f
296	JaneRussell	45	AGE45	13124	13123_JaneRussell_45_f
546	SusanSarandon	45	AGE45	11739	11738_SusanSarandon_45_f
224	campbell	45	AGE45	16291	16290_campbell_45_f
89	PatriciaNeal	45	AGE45	13735	13734_PatriciaNeal_45_f
423	JoanCusack	45	AGE45	10158	10157_JoanCusack_45_f
108	MelindaDillion	45	AGE45	12315	12314_MelindaDillion_45_f
26	FayeDunaway	45	AGE45	10517	10516_FayeDunaway_45_f
508	VictorMature	45	AGE45	8423	8422_VictorMature_45_m
499	AmandaBlake	45	AGE45	14954	14953_AmandaBlake_45_f
260	AmandaRedman	45	AGE45	13288	13287_AmandaRedman_45_f
461	TimCurry	45	AGE45	1738	1737_TimCurry_45_m
310	KevinBacon	45	AGE45	2730	2729_KevinBacon_45_m
259	ChristopherWalken	45	AGE45	7008	7007_ChristopherWalken_45_m
89	PatriciaNeal	45	AGE45	13753	13752_PatriciaNeal_45_f
530	SimonMacCorkindale	45	AGE45	8366	8365_SimonMacCorkindale_45_m
164	KimBasinger	45	AGE45	10596	10595_KimBasinger_45_f
394	OrsonWelles	45	AGE45	6652	6651_OrsonWelles_45_m
112	MickeyRooney	45	AGE45	7424	7423_MickeyRooney_45_m
525	BoDerek	45	AGE45	9661	9660_BoDerek_45_f
70	PamelaSueMartin	45	AGE45	15775	15774_PamelaSueMartin_45_f
501	RayLiotta	45	AGE45	2237	2236_RayLiotta_45_m
83	AlPacino	45	AGE45	1628	1627_AlPacino_45_m
394	OrsonWelles	45	AGE45	6658	6657_OrsonWelles_45_m
162	PeterSellers	45	AGE45	9161	9160_PeterSellers_45_m
149	AlecGuinness	45	AGE45	8760	8759_AlecGuinness_45_m
300	PeterMarkRichman	45	AGE45	7486	7485_PeterMarkRichman_45_m
231	AnthonyAndrews	45	AGE45	5059	5058_AnthonyAndrews_45_m
256	PatrickSwayze	45	AGE45	8175	8174_PatrickSwayze_45_m
55	JamesWoods	45	AGE45	2618	2617_JamesWoods_45_m
463	OrnellaMuti	45	AGE45	10781	10780_OrnellaMuti_45_f
44	VincentPrice	45	AGE45	7724	7723_VincentPrice_45_m
148	WillSmith 	45	AGE45	16080	16079_WillSmith _45_m
163	CharlieSheen	45	AGE45	4042	4041_CharlieSheen_45_m
524	MaureenOHara	45	AGE45	11637	11636_MaureenOHara_45_f
550	RalphMacchio	45	AGE45	4361	4360_RalphMacchio_45_m
559	SylvesterStallone	45	AGE45	7598	7597_SylvesterStallone_45_m
500	IanHolm	45	AGE45	1566	1565_IanHolm_45_m
299	GeorgeMontgomery	45	AGE45	9324	9323_GeorgeMontgomery_45_m
377	TomHulce	45	AGE45	1816	1815_TomHulce_45_m
257	HorstBuchholz	45	AGE45	8055	8054_HorstBuchholz_45_m
68	KevinCostner	45	AGE45	4275	4274_KevinCostner_45_m
17	LuiseRainer	45	AGE45	10644	10643_LuiseRainer_45_f
309	WilliamDafoe	45	AGE45	4474	4473_WilliamDafoe_45_m
27	LaurenBacall	45	AGE45	11548	11547_LaurenBacall_45_f
229	Myl╨ЪneDemongeot	45	AGE45	12862	12861_Myl╨ЪneDemongeot_45_f
258	FredMacMurray	45	AGE45	8959	8958_FredMacMurray_45_m
256	PatrickSwayze	45	AGE45	8174	8173_PatrickSwayze_45_m
313	LeslieCaron	45	AGE45	3458	3457_LeslieCaron_45_m
237	KathleenTurner	45	AGE45	12767	12766_KathleenTurner_45_f
198	ThomasTerry	45	AGE45	6853	6852_ThomasTerry_45_m
441	motherTereza	45	AGE45	489	488_motherTereza_45_f
483	Bono	45	AGE45	1549	1548_Bono_45_m
337	RichardCrenna	45	AGE45	8320	8319_RichardCrenna_45_m
181	FernandoRey	45	AGE45	6308	6307_FernandoRey_45_m
73	DyanCannon	45	AGE45	15266	15265_DyanCannon_45_f
512	WilliamHolden	45	AGE45	8477	8476_WilliamHolden_45_m
280	BillNighy	45	AGE45	3045	3044_BillNighy_45_m
199	CharltonHeaston	45	AGE45	8868	8867_CharltonHeaston_45_m
410	AlejandroRey	45	AGE45	8508	8507_AlejandroRey_45_m
80	KathrynGrayson	45	AGE45	15684	15683_KathrynGrayson_45_f
199	CharltonHeaston	45	AGE45	8862	8861_CharltonHeaston_45_m
273	JoanCrawford	45	AGE45	14290	14289_JoanCrawford_45_f
63	PeggyAshcroft	45	AGE45	14459	14458_PeggyAshcroft_45_f
490	Gaddafi	45	AGE45	946	945_Gaddafi_45_m
96	JackColeman	45	AGE45	3319	3318_JackColeman_45_m
407	JulieAdams	45	AGE45	10202	10201_JulieAdams_45_f
199	CharltonHeaston	45	AGE45	8863	8862_CharltonHeaston_45_m
189	MurrayHamilton	45	AGE45	8702	8701_MurrayHamilton_45_m
14	StevenSpielberg	45	AGE45	6820	6819_StevenSpielberg_45_m
79	JudyDavis	45	AGE45	9843	9842_JudyDavis_45_f
558	MichaelPalin	45	AGE45	4321	4320_MichaelPalin_45_m
474	TellySavalas	45	AGE45	7619	7618_TellySavalas_45_m
360	UgoTognazzi	45	AGE45	7687	7686_UgoTognazzi_45_m
398	CarlMarx	45	AGE45	1482	1481_CarlMarx_45_m
562	RockHudson	45	AGE45	6770	6769_RockHudson_45_m
538	BarbaraStanwyck	45	AGE45	14650	14649_BarbaraStanwyck_45_f
45	MendeleievDmitri	45	AGE45	1204	1203_MendeleievDmitri_45_m
381	TonyCurtis	45	AGE45	7646	7645_TonyCurtis_45_m
140	EdHarris	45	AGE45	1705	1704_EdHarris_45_m
30	AnnetteBening	45	AGE45	11417	11416_AnnetteBening_45_f
208	ShelleyWinters	45	AGE45	14753	14752_ShelleyWinters_45_f
314	YannisRitsos	45	AGE45	1519	1518_YannisRitsos_45_m
268	WarrenBeatty	45	AGE45	5007	5006_WarrenBeatty_45_m
180	MichellePfeiffer	45	AGE45	13209	13208_MichellePfeiffer_45_f
438	JackLemon	45	AGE45	5309	5308_JackLemon_45_m
529	RichardBurton	45	AGE45	9191	9190_RichardBurton_45_m
140	EdHarris	45	AGE45	1704	1703_EdHarris_45_m
487	JaneWyman	45	AGE45	13149	13148_JaneWyman_45_f
432	JenniferAniston	45	AGE45	12756	12755_JenniferAniston_45_f
190	ClintWalker	45	AGE45	4069	4068_ClintWalker_45_m
385	UrsulaAndress	45	AGE45	12405	12404_UrsulaAndress_45_f
132	AlexanderGrahamBell	45	AGE45	1264	1263_AlexanderGrahamBell_45_m
279	DorisDay	45	AGE45	9729	9728_DorisDay_45_f
182	DustinHoffman	45	AGE45	4539	4538_DustinHoffman_45_m
406	StevenSeagal	45	AGE45	4441	4440_StevenSeagal_45_m
25	ShirleyMacLaine	45	AGE45	13266	13265_ShirleyMacLaine_45_f
205	LarryEllison	45	AGE45	325	324_LarryEllison_45_m
184	GeorgesMarchal	45	AGE45	9345	9344_GeorgesMarchal_45_m
354	RandolphScott	45	AGE45	8228	8227_RandolphScott_45_m
270	ErnestHemingway	45	AGE45	1422	1421_ErnestHemingway_45_m
40	AnthonyHopkins	45	AGE45	5077	5076_AnthonyHopkins_45_m
95	DavidSarnoff	45	AGE45	374	373_DavidSarnoff_45_m
362	CyndiLauper	45	AGE45	11438	11437_CyndiLauper_45_f
41	DenzelWashington	45	AGE45	6179	6178_DenzelWashington_45_m
433	MaximilianShell	45	AGE45	9479	9478_MaximilianShell_45_m
185	TheodoreRoosevelt	45	AGE45	921	920_TheodoreRoosevelt_45_m
42	RoyScheider	45	AGE45	6800	6799_RoyScheider_45_m
283	BettyGrable	45	AGE45	13938	13937_BettyGrable_45_f
95	DavidSarnoff	45	AGE45	380	379_DavidSarnoff_45_m
29	IreneDunne	45	AGE45	13565	13564_IreneDunne_45_f
0	YvesMontand	45	AGE45	6889	6888_YvesMontand_45_m
53	JulieChristie	45	AGE45	11518	11517_JulieChristie_45_f
315	DirkBogarde	45	AGE45	6249	6248_DirkBogarde_45_m
480	JeanGabin	45	AGE45	5338	5337_JeanGabin_45_m
183	WoodyAllen	45	AGE45	2991	2990_WoodyAllen_45_m
102	WalterPidgeon	45	AGE45	8440	8439_WalterPidgeon_45_m
478	FredAstaire	45	AGE45	7890	7889_FredAstaire_45_m
488	DickVanDyke	45	AGE45	4100	4099_DickVanDyke_45_m
316	MegRyan	45	AGE45	9692	9691_MegRyan_45_f
25	ShirleyMacLaine	45	AGE45	13254	13253_ShirleyMacLaine_45_f
476	RaquelWelch	45	AGE45	10840	10839_RaquelWelch_45_f
281	RutgerHauer	45	AGE45	3765	3764_RutgerHauer_45_m
478	FredAstaire	45	AGE45	7886	7885_FredAstaire_45_m
315	DirkBogarde	45	AGE45	6248	6247_DirkBogarde_45_m
456	Fotopoulos	45	AGE45	5253	5252_Fotopoulos_45_m
20	JohnTravolta	45	AGE45	4697	4696_JohnTravolta_45_m
115	BarbaraBain	45	AGE45	10415	10414_BarbaraBain_45_f
440	RayDanton	45	AGE45	5674	5673_RayDanton_45_m
284	RobertMorley	45	AGE45	7536	7535_RobertMorley_45_m
101	EdwardTeller	45	AGE45	1054	1053_EdwardTeller_45_m
20	JohnTravolta	45	AGE45	4687	4686_JohnTravolta_45_m
563	PaulAnka	45	AGE45	72	71_PaulAnka_45_m
135	RichardPryor	45	AGE45	16230	16229_RichardPryor_45_m
240	ErrolFlynn	45	AGE45	6269	6268_ErrolFlynn_45_m
269	BenGazzara	45	AGE45	5780	5779_BenGazzara_45_m
382	GilbertRoland	45	AGE45	7973	7972_GilbertRoland_45_m
60	CharlesGrodin	45	AGE45	5188	5187_CharlesGrodin_45_m
248	MartinScorsese	45	AGE45	5456	5455_MartinScorsese_45_m
204	LilliPalmer	45	AGE45	13677	13676_LilliPalmer_45_f
358	NicolasSarkozy	45	AGE45	5535	5534_NicolasSarkozy_45_m
46	JohnMalkovich	45	AGE45	5382	5381_JohnMalkovich_45_m
473	LizaMinelli	45	AGE45	11167	11166_LizaMinelli_45_f
98	RichardChamberlain	45	AGE45	8285	8284_RichardChamberlain_45_m
484	JackLarson	45	AGE45	5933	5932_JackLarson_45_m
32	BonnieHunt	45	AGE45	15102	15101_BonnieHunt_45_f
486	MuhammadAli	45	AGE45	15988	15987_MuhammadAli_45_m
129	AlCorley	45	AGE45	1608	1607_AlCorley_45_m
319	RingoStarr	45	AGE45	3702	3701_RingoStarr_45_m
438	JackLemon	45	AGE45	5310	5309_JackLemon_45_m
191	LouCostello	45	AGE45	6613	6612_LouCostello_45_m
64	MikeConnors	45	AGE45	3608	3607_MikeConnors_45_m
211	AnjelicaHuston	45	AGE45	11822	11821_AnjelicaHuston_45_f
144	SusannahYork	45	AGE45	14127	14126_SusannahYork_45_f
485	DanaAndrews	45	AGE45	6144	6143_DanaAndrews_45_m
564	SusanHayward	45	AGE45	14495	14494_SusanHayward_45_f
276	AnthonyPerkins	45	AGE45	8803	8802_AnthonyPerkins_45_m
79	JudyDavis	45	AGE45	9845	9844_JudyDavis_45_f
193	GeorgePeppard	45	AGE45	7916	7915_GeorgePeppard_45_m
178	AndyGriffith	45	AGE45	7798	7797_AndyGriffith_45_m
553	DanielleDarrieux	45	AGE45	13424	13423_DanielleDarrieux_45_f
277	AliMacGraw	45	AGE45	9927	9926_AliMacGraw_45_f
492	RobertDuvall	45	AGE45	4381	4380_RobertDuvall_45_m
351	JonVoight	45	AGE45	2062	2061_JonVoight_45_m
397	GeraldineChaplin	45	AGE45	13038	13037_GeraldineChaplin_45_f
59	MichaelKeaton	45	AGE45	5498	5497_MichaelKeaton_45_m
517	GeraldinePage	45	AGE45	14209	14208_GeraldinePage_45_f
399	RonPerlman	45	AGE45	2825	2824_RonPerlman_45_m
431	RobertRedford	45	AGE45	4829	4828_RobertRedford_45_m
551	JeanetteMacDonald	45	AGE45	15505	15504_JeanetteMacDonald_45_f
551	JeanetteMacDonald	45	AGE45	15486	15485_JeanetteMacDonald_45_f
540	JeanClaudeVanDamme	45	AGE45	9075	9074_JeanClaudeVanDamme_45_m
334	LauraAntonelli	45	AGE45	12294	12293_LauraAntonelli_45_f
19	EdwardFox	45	AGE45	1919	1918_EdwardFox_45_m
384	JosephStalin	45	AGE45	822	821_JosephStalin_45_m
197	LinoVentura	45	AGE45	7315	7314_LinoVentura_45_m
241	SeanConnery	45	AGE45	3790	3789_SeanConnery_45_m
195	LorneGreene	45	AGE45	8144	8143_LorneGreene_45_m
210	JeanPeters	45	AGE45	13602	13601_JeanPeters_45_f
24	HelenHunt	45	AGE45	10059	10058_HelenHunt_45_f
517	GeraldinePage	46	AGE46	14193	14192_GeraldinePage_46_f
526	AngieDickinson	46	AGE46	12448	12447_AngieDickinson_46_f
421	SigourneyWeaver	46	AGE46	13306	13305_SigourneyWeaver_46_f
34	MireilleDarc	46	AGE46	11676	11675_MireilleDarc_46_f
557	DavidMcCallum	46	AGE46	5232	5231_DavidMcCallum_46_m
300	PeterMarkRichman	46	AGE46	7487	7486_PeterMarkRichman_46_m
6	Carroll	46	AGE46	16299	16298_Carroll_46_f
154	JeanneMoreau	46	AGE46	11063	11062_JeanneMoreau_46_f
88	StacyKeach	46	AGE46	3814	3813_StacyKeach_46_m
6	Carroll	46	AGE46	16305	16304_Carroll_46_f
140	EdHarris	46	AGE46	1706	1705_EdHarris_46_m
195	LorneGreene	46	AGE46	8145	8144_LorneGreene_46_m
118	HelmutBerger	46	AGE46	4230	4229_HelmutBerger_46_m
69	BrianDennehy	46	AGE46	3949	3948_BrianDennehy_46_m
372	BernadetteLafont	46	AGE46	14882	14881_BernadetteLafont_46_f
316	MegRyan	46	AGE46	9693	9692_MegRyan_46_f
276	AnthonyPerkins	46	AGE46	8804	8803_AnthonyPerkins_46_m
163	CharlieSheen	46	AGE46	4043	4042_CharlieSheen_46_m
201	KirkDouglas	46	AGE46	4294	4293_KirkDouglas_46_m
482	JuneLockhart	46	AGE46	11129	11128_JuneLockhart_46_f
505	GingerRogers	46	AGE46	13469	13468_GingerRogers_46_f
277	AliMacGraw	46	AGE46	9928	9927_AliMacGraw_46_f
417	StevenBerkoff	46	AGE46	4939	4938_StevenBerkoff_46_m
121	RafVallone	46	AGE46	6039	6038_RafVallone_46_m
165	AdolfHitlerr	46	AGE46	775	774_AdolfHitlerr_46_m
185	TheodoreRoosevelt	46	AGE46	912	911_TheodoreRoosevelt_46_m
13	CatherineSchell	46	AGE46	15131	15130_CatherineSchell_46_f
62	SteveMcQueen	46	AGE46	9404	9403_SteveMcQueen_46_m
485	DanaAndrews	46	AGE46	6145	6144_DanaAndrews_46_m
185	TheodoreRoosevelt	46	AGE46	919	918_TheodoreRoosevelt_46_m
153	GaryOldman	46	AGE46	2564	2563_GaryOldman_46_m
518	RomanPolanski	46	AGE46	4902	4901_RomanPolanski_46_m
336	PatrickStewart	46	AGE46	5564	5563_PatrickStewart_46_m
330	JuneAllyson	46	AGE46	13660	13659_JuneAllyson_46_f
204	LilliPalmer	46	AGE46	13678	13677_LilliPalmer_46_f
560	GregoryPeck	46	AGE46	9378	9377_GregoryPeck_46_m
238	RobertMitchum	46	AGE46	9216	9215_RobertMitchum_46_m
258	FredMacMurray	46	AGE46	8960	8959_FredMacMurray_46_m
95	DavidSarnoff	46	AGE46	377	376_DavidSarnoff_46_m
309	WilliamDafoe	46	AGE46	4475	4474_WilliamDafoe_46_m
19	EdwardFox	46	AGE46	1920	1919_EdwardFox_46_m
409	RexHarrison	46	AGE46	6733	6732_RexHarrison_46_m
102	WalterPidgeon	46	AGE46	8441	8440_WalterPidgeon_46_m
257	HorstBuchholz	46	AGE46	8056	8055_HorstBuchholz_46_m
375	EdwardGRobinson	46	AGE46	9436	9435_EdwardGRobinson_46_m
401	ErinGray	46	AGE46	15353	15352_ErinGray_46_f
236	VeronicaLake	46	AGE46	15932	15931_VeronicaLake_46_f
500	IanHolm	46	AGE46	1567	1566_IanHolm_46_m
134	JohnLithgow	46	AGE46	3389	3388_JohnLithgow_46_m
229	Myl╨ЪneDemongeot	46	AGE46	12863	12862_Myl╨ЪneDemongeot_46_f
237	KathleenTurner	46	AGE46	12768	12767_KathleenTurner_46_f
333	RobertPowell	46	AGE46	4421	4420_RobertPowell_46_m
555	GeneWilder	46	AGE46	2587	2586_GeneWilder_46_m
164	KimBasinger	46	AGE46	10597	10596_KimBasinger_46_f
457	JeffBridges	46	AGE46	3337	3336_JeffBridges_46_m
18	ElsaMartinelli	46	AGE46	12072	12071_ElsaMartinelli_46_f
392	EstherWilliams	46	AGE46	14168	14167_EstherWilliams_46_f
480	JeanGabin	46	AGE46	5325	5324_JeanGabin_46_m
12	MerylStreep	46	AGE46	10739	10738_MerylStreep_46_f
256	PatrickSwayze	46	AGE46	8177	8176_PatrickSwayze_46_m
301	JudyGarland	46	AGE46	14059	14058_JudyGarland_46_f
341	AnnaMassey	46	AGE46	12485	12484_AnnaMassey_46_f
418	DeborahKerr	46	AGE46	13952	13951_DeborahKerr_46_f
280	BillNighy	46	AGE46	3046	3045_BillNighy_46_m
395	michaeljackson	46	AGE46	265	264_michaeljackson_46_m
339	ChuckNorris	46	AGE46	3111	3110_ChuckNorris_46_m
531	TimothyDalton	46	AGE46	4975	4974_TimothyDalton_46_m
540	JeanClaudeVanDamme	46	AGE46	9064	9063_JeanClaudeVanDamme_46_m
415	SamNeill	46	AGE46	2306	2305_SamNeill_46_m
255	NickNolte	46	AGE46	2196	2195_NickNolte_46_m
556	CarlosSantana	46	AGE46	4496	4495_CarlosSantana_46_m
302	ClaudeRich	46	AGE46	2470	2469_ClaudeRich_46_m
198	ThomasTerry	46	AGE46	6854	6853_ThomasTerry_46_m
317	BillMurray	46	AGE46	2405	2404_BillMurray_46_m
357	KathyBates	46	AGE46	10230	10229_KathyBates_46_f
17	LuiseRainer	46	AGE46	10687	10686_LuiseRainer_46_f
400	EliWallach	46	AGE46	3202	3201_EliWallach_46_m
383	JamesGarner	46	AGE46	4623	4622_JamesGarner_46_m
191	LouCostello	46	AGE46	6614	6613_LouCostello_46_m
197	LinoVentura	46	AGE46	7316	7315_LinoVentura_46_m
279	DorisDay	46	AGE46	9730	9729_DorisDay_46_f
3	ArnoldSchwarzenegger	46	AGE46	8838	8837_ArnoldSchwarzenegger_46_m
376	Fernandel	46	AGE46	4565	4564_Fernandel_46_m
452	GordonThomson	46	AGE46	4594	4593_GordonThomson_46_m
373	BobDylan	46	AGE46	1674	1673_BobDylan_46_m
27	LaurenBacall	46	AGE46	11563	11562_LaurenBacall_46_f
159	PierceBrosnan	46	AGE46	4801	4800_PierceBrosnan_46_m
558	MichaelPalin	46	AGE46	4322	4321_MichaelPalin_46_m
100	LyleTalbot	46	AGE46	7381	7380_LyleTalbot_46_m
246	LeifErickson	46	AGE46	7287	7286_LeifErickson_46_m
119	AlanYoung	46	AGE46	1888	1887_AlanYoung_46_m
506	MargeChampion	46	AGE46	11609	11608_MargeChampion_46_f
462	KateOMara	46	AGE46	15603	15602_KateOMara_46_f
483	Bono	46	AGE46	1550	1549_Bono_46_m
332	TomHanks	46	AGE46	1783	1782_TomHanks_46_m
245	RichardBoone	46	AGE46	7515	7514_RichardBoone_46_m
275	NelsonMandela	46	AGE46	16257	16256_NelsonMandela_46_m
340	CliffRobertson	46	AGE46	8573	8572_CliffRobertson_46_m
525	BoDerek	46	AGE46	9662	9661_BoDerek_46_f
79	JudyDavis	46	AGE46	9835	9834_JudyDavis_46_f
256	PatrickSwayze	46	AGE46	8176	8175_PatrickSwayze_46_m
273	JoanCrawford	46	AGE46	14282	14281_JoanCrawford_46_f
408	MelBrooks	46	AGE46	2101	2100_MelBrooks_46_m
84	AngelaLansbury	46	AGE46	11965	11964_AngelaLansbury_46_f
250	IsabelleHuppert	46	AGE46	12665	12664_IsabelleHuppert_46_f
463	OrnellaMuti	46	AGE46	10782	10781_OrnellaMuti_46_f
188	JulieAndrews	46	AGE46	11489	11488_JulieAndrews_46_f
406	StevenSeagal	46	AGE46	4442	4441_StevenSeagal_46_m
96	JackColeman	46	AGE46	3307	3306_JackColeman_46_m
99	YvonneDeCarlo	46	AGE46	14613	14612_YvonneDeCarlo_46_f
85	JodieFoster	46	AGE46	11110	11109_JodieFoster_46_f
488	DickVanDyke	46	AGE46	4101	4100_DickVanDyke_46_m
356	JeffreyJones	46	AGE46	4250	4249_JeffreyJones_46_m
320	TippiHedren	46	AGE46	10881	10880_TippiHedren_46_f
276	AnthonyPerkins	46	AGE46	8805	8804_AnthonyPerkins_46_m
135	RichardPryor	46	AGE46	16212	16211_RichardPryor_46_m
331	SamElliott	46	AGE46	2889	2888_SamElliott_46_m
98	RichardChamberlain	46	AGE46	8286	8285_RichardChamberlain_46_m
35	LouisJourdan	46	AGE46	7353	7352_LouisJourdan_46_m
317	BillMurray	46	AGE46	2404	2403_BillMurray_46_m
232	ConnieBooth	46	AGE46	15164	15163_ConnieBooth_46_f
486	MuhammadAli	46	AGE46	15998	15997_MuhammadAli_46_m
360	UgoTognazzi	46	AGE46	7688	7687_UgoTognazzi_46_m
332	TomHanks	46	AGE46	1782	1781_TomHanks_46_m
149	AlecGuinness	46	AGE46	8762	8761_AlecGuinness_46_m
80	KathrynGrayson	46	AGE46	15685	15684_KathrynGrayson_46_f
501	RayLiotta	46	AGE46	2238	2237_RayLiotta_46_m
435	DebbieReynolds	46	AGE46	12038	12037_DebbieReynolds_46_f
55	JamesWoods	46	AGE46	2619	2618_JamesWoods_46_m
361	CarlSagan	46	AGE46	991	990_CarlSagan_46_m
372	BernadetteLafont	46	AGE46	14881	14880_BernadetteLafont_46_f
281	RutgerHauer	46	AGE46	3766	3765_RutgerHauer_46_m
52	IngridBergman	46	AGE46	14228	14227_IngridBergman_46_f
539	KristinScottThomas	46	AGE46	14346	14345_KristinScottThomas_46_f
247	MichaelYork	46	AGE46	3577	3576_MichaelYork_46_m
89	PatriciaNeal	46	AGE46	13736	13735_PatriciaNeal_46_f
33	JamesCoburn	46	AGE46	6413	6412_JamesCoburn_46_m
90	MichelPiccoli	46	AGE46	4752	4751_MichelPiccoli_46_m
353	ArmandAssante	46	AGE46	5131	5130_ArmandAssante_46_m
326	SteveKanaly	46	AGE46	3854	3853_SteveKanaly_46_m
312	JohnnyCash	46	AGE46	6504	6503_JohnnyCash_46_m
445	JohnCassavetes	46	AGE46	8679	8678_JohnCassavetes_46_m
46	JohnMalkovich	46	AGE46	5383	5382_JohnMalkovich_46_m
71	EvaMarieSaint	46	AGE46	12105	12104_EvaMarieSaint_46_f
172	ChristopherEccleston	46	AGE46	8903	8902_ChristopherEccleston_46_m
520	MaryTamm	46	AGE46	15745	15744_MaryTamm_46_f
286	CydCharisse	46	AGE46	15192	15191_CydCharisse_46_f
65	JohnForsythe	46	AGE46	8072	8071_JohnForsythe_46_m
209	Konstantaras	46	AGE46	8094	8093_Konstantaras_46_m
510	PeterFalk	46	AGE46	5601	5600_PeterFalk_46_m
173	GreerGarson	46	AGE46	14017	14016_GreerGarson_46_f
239	RoseMarie	46	AGE46	9899	9898_RoseMarie_46_f
145	DonJohnson	46	AGE46	2520	2519_DonJohnson_46_m
455	AlanRickman	46	AGE46	3017	3016_AlanRickman_46_m
174	LelandStanford	46	AGE46	412	411_LelandStanford_46_m
59	MichaelKeaton	46	AGE46	5499	5498_MichaelKeaton_46_m
293	PeterGraves	46	AGE46	6701	6700_PeterGraves_46_m
219	DerekJacobi	46	AGE46	3172	3171_DerekJacobi_46_m
468	BetteDavis	46	AGE46	13361	13360_BetteDavis_46_f
512	WilliamHolden	46	AGE46	8478	8477_WilliamHolden_46_m
285	RyanONeal	46	AGE46	2857	2856_RyanONeal_46_m
474	TellySavalas	46	AGE46	7620	7619_TellySavalas_46_m
327	TommyLeeJones	46	AGE46	5743	5742_TommyLeeJones_46_m
60	CharlesGrodin	46	AGE46	5189	5188_CharlesGrodin_46_m
521	StefaniePowers	46	AGE46	15826	15825_StefaniePowers_46_f
170	CharlesBoyer	46	AGE46	6964	6963_CharlesBoyer_46_m
2	RoyRogers	46	AGE46	5708	5707_RoyRogers_46_m
66	BruceWillis	46	AGE46	3087	3086_BruceWillis_46_m
346	GloriaSwanson	46	AGE46	14005	14004_GloriaSwanson_46_f
561	QueenElizabet	46	AGE46	590	589_QueenElizabet_46_f
323	JohnJames	46	AGE46	2040	2039_JohnJames_46_m
146	RicardoMontalb╨░n	46	AGE46	9545	9544_RicardoMontalb╨░n_46_m
381	TonyCurtis	46	AGE46	7667	7666_TonyCurtis_46_m
64	MikeConnors	46	AGE46	3609	3608_MikeConnors_46_m
208	ShelleyWinters	46	AGE46	14767	14766_ShelleyWinters_46_f
442	mitsotakis	46	AGE46	633	632_mitsotakis_46_m
23	VirnaLisi	46	AGE46	11360	11359_VirnaLisi_46_f
244	JeffGoldblum	46	AGE46	4660	4659_JeffGoldblum_46_m
1	HerbertLom	46	AGE46	5856	5855_HerbertLom_46_m
75	EllenBurstyn	46	AGE46	11001	11000_EllenBurstyn_46_f
221	JulieBishop	46	AGE46	15546	15545_JulieBishop_46_f
519	ChevyChase	46	AGE46	2436	2435_ChevyChase_46_m
469	ClaudiaCardinale	46	AGE46	12996	12995_ClaudiaCardinale_46_f
264	LexBarker	46	AGE46	6592	6591_LexBarker_46_m
105	KatharineRoss	46	AGE46	15647	15646_KatharineRoss_46_f
176	RodTaylor	46	AGE46	2274	2273_RodTaylor_46_m
92	RogerMoore	46	AGE46	4853	4852_RogerMoore_46_m
265	BurtReynolds	46	AGE46	4009	4008_BurtReynolds_46_m
366	MelFerrer	46	AGE46	6633	6632_MelFerrer_46_m
144	SusannahYork	46	AGE46	14128	14127_SusannahYork_46_f
32	BonnieHunt	46	AGE46	15103	15102_BonnieHunt_46_f
44	VincentPrice	46	AGE46	7725	7724_VincentPrice_46_m
42	RoyScheider	46	AGE46	6801	6800_RoyScheider_46_m
562	RockHudson	46	AGE46	6771	6770_RockHudson_46_m
389	JaneBirkin	46	AGE46	10090	10089_JaneBirkin_46_f
444	RitaHayworth	46	AGE46	13765	13764_RitaHayworth_46_f
9	FessParker	46	AGE46	7074	7073_FessParker_46_m
413	EnricoFermi	46	AGE46	1066	1065_EnricoFermi_46_m
536	BerryGordy	46	AGE46	462	461_BerryGordy_46_m
92	RogerMoore	46	AGE46	4870	4869_RogerMoore_46_m
472	StephenHawking	46	AGE46	1010	1009_StephenHawking_46_m
50	PeggyLipton	46	AGE46	10811	10810_PeggyLipton_46_f
177	OliviaHussey	46	AGE46	11715	11714_OliviaHussey_46_f
551	JeanetteMacDonald	46	AGE46	15487	15486_JeanetteMacDonald_46_f
543	JohnDerek	46	AGE46	5357	5356_JohnDerek_46_m
82	MarcelloMastroianni	46	AGE46	9587	9586_MarcelloMastroianni_46_m
493	PiaLindstrom	46	AGE46	11227	11226_PiaLindstrom_46_f
350	VittorioGassman	46	AGE46	9251	9250_VittorioGassman_46_m
143	BarbraStreisand	46	AGE46	12926	12925_BarbraStreisand_46_f
11	MichaelSarrazin	46	AGE46	9144	9143_MichaelSarrazin_46_m
287	JosephCotten	46	AGE46	7220	7219_JosephCotten_46_m
129	AlCorley	46	AGE46	1609	1608_AlCorley_46_m
42	RoyScheider	46	AGE46	13222	13221_RoyScheider_46_f
365	JohnVernon	46	AGE46	6458	6457_JohnVernon_46_m
491	PhilHartman	46	AGE46	3677	3676_PhilHartman_46_m
126	JamesArness	46	AGE46	6349	6348_JamesArness_46_m
15	AnneBancroft	46	AGE46	13863	13862_AnneBancroft_46_f
92	RogerMoore	46	AGE46	4866	4865_RogerMoore_46_m
460	AnneBaxter	46	AGE46	12523	12522_AnneBaxter_46_f
215	JulieHagerty	46	AGE46	15566	15565_JulieHagerty_46_f
249	LivUllmann	46	AGE46	10258	10257_LivUllmann_46_f
412	BeaArthur	46	AGE46	11890	11889_BeaArthur_46_f
494	JessicaTandy	46	AGE46	13615	13614_JessicaTandy_46_f
54	KevinSpacey	46	AGE46	3435	3434_KevinSpacey_46_m
544	GeorgeCScott	46	AGE46	9006	9005_GeorgeCScott_46_m
337	RichardCrenna	46	AGE46	8321	8320_RichardCrenna_46_m
544	GeorgeCScott	46	AGE46	8995	8994_GeorgeCScott_46_m
367	LiamNeeson	46	AGE46	2759	2758_LiamNeeson_46_m
290	CHARLIERUGGLES	46	AGE46	9506	9505_CHARLIERUGGLES_46_m
563	PaulAnka	46	AGE46	100	99_PaulAnka_46_m
334	LauraAntonelli	46	AGE46	12295	12294_LauraAntonelli_46_f
382	GilbertRoland	46	AGE46	7974	7973_GilbertRoland_46_m
378	ImeldaStaunton	46	AGE46	12206	12205_ImeldaStaunton_46_f
16	ReginaldOwen	46	AGE46	8243	8242_ReginaldOwen_46_m
523	MartinSheen	46	AGE46	3532	3531_MartinSheen_46_m
58	OliviadeHavilland	46	AGE46	14439	14438_OliviadeHavilland_46_f
206	HowardKeel	46	AGE46	5899	5898_HowardKeel_46_m
133	LeeJCobb	46	AGE46	6566	6565_LeeJCobb_46_m
423	JoanCusack	46	AGE46	10159	10158_JoanCusack_46_f
225	ClarkGable	46	AGE46	5809	5808_ClarkGable_46_m
82	MarcelloMastroianni	46	AGE46	9588	9587_MarcelloMastroianni_46_m
147	SamuelJacksonn	46	AGE46	16115	16114_SamuelJacksonn_46_m
310	KevinBacon	46	AGE46	2731	2730_KevinBacon_46_m
260	AmandaRedman	46	AGE46	13289	13288_AmandaRedman_46_f
522	DannyGlover	46	AGE46	16088	16087_DannyGlover_46_m
284	RobertMorley	46	AGE46	7549	7548_RobertMorley_46_m
54	KevinSpacey	46	AGE46	3436	3435_KevinSpacey_46_m
535	Tyson	46	AGE46	16457	16456_Tyson_46_f
103	Houston	46	AGE46	16377	16376_Houston_46_f
363	GretaGarbo	46	AGE46	13098	13097_GretaGarbo_46_f
49	BobHope	46	AGE46	5157	5156_BobHope_46_m
184	GeorgesMarchal	46	AGE46	9346	9345_GeorgesMarchal_46_m
141	ErnestBorgnine	46	AGE46	8916	8915_ErnestBorgnine_46_m
355	CelesteHolm	46	AGE46	13394	13393_CelesteHolm_46_f
115	BarbaraBain	46	AGE46	10416	10415_BarbaraBain_46_f
259	ChristopherWalken	46	AGE46	7009	7008_ChristopherWalken_46_m
313	LeslieCaron	46	AGE46	3459	3458_LeslieCaron_46_m
538	BarbaraStanwyck	46	AGE46	14651	14650_BarbaraStanwyck_46_f
205	LarryEllison	46	AGE46	334	333_LarryEllison_46_m
546	SusanSarandon	46	AGE46	11741	11740_SusanSarandon_46_f
166	AnnJillian	46	AGE46	14995	14994_AnnJillian_46_f
108	MelindaDillion	46	AGE46	12316	12315_MelindaDillion_46_f
499	AmandaBlake	46	AGE46	14955	14954_AmandaBlake_46_f
315	DirkBogarde	46	AGE46	6250	6249_DirkBogarde_46_m
530	SimonMacCorkindale	46	AGE46	8367	8366_SimonMacCorkindale_46_m
74	AnthonyQuayle	46	AGE46	7831	7830_AnthonyQuayle_46_m
36	ScottGlenn	46	AGE46	2928	2927_ScottGlenn_46_m
546	SusanSarandon	46	AGE46	11740	11739_SusanSarandon_46_f
297	TildaSwinton	46	AGE46	11776	11775_TildaSwinton_46_f
261	KlausKinski	46	AGE46	6536	6535_KlausKinski_46_m
81	EdwigeFenech	46	AGE46	15316	15315_EdwigeFenech_46_f
402	Davis	46	AGE46	16322	16321_Davis_46_f
461	TimCurry	46	AGE46	1739	1738_TimCurry_46_m
294	JamieLeeCurtis	46	AGE46	12688	12687_JamieLeeCurtis_46_f
542	IanMcKellen	46	AGE46	3285	3284_IanMcKellen_46_m
73	DyanCannon	46	AGE46	15267	15266_DyanCannon_46_f
223	ElkeSommer	46	AGE46	9964	9963_ElkeSommer_46_f
169	Turner	46	AGE46	16427	16426_Turner_46_f
294	JamieLeeCurtis	46	AGE46	12689	12688_JamieLeeCurtis_46_f
169	Turner	46	AGE46	16429	16428_Turner_46_f
489	MarleneDietrich	46	AGE46	14730	14729_MarleneDietrich_46_f
295	JanetEllis	46	AGE46	15445	15444_JanetEllis_46_f
103	Houston	46	AGE46	16376	16375_Houston_46_f
10	JeffDaniels	46	AGE46	3371	3370_JeffDaniels_46_m
169	Turner	46	AGE46	16428	16427_Turner_46_f
369	BorisKarloff	46	AGE46	6932	6931_BorisKarloff_46_m
550	RalphMacchio	46	AGE46	4362	4361_RalphMacchio_46_m
364	SarahDouglas	47	AGE47	15801	15800_SarahDouglas_47_f
564	SusanHayward	47	AGE47	14502	14501_SusanHayward_47_f
339	ChuckNorris	47	AGE47	3112	3111_ChuckNorris_47_m
81	EdwigeFenech	47	AGE47	15317	15316_EdwigeFenech_47_f
63	PeggyAshcroft	47	AGE47	14460	14459_PeggyAshcroft_47_f
372	BernadetteLafont	47	AGE47	14883	14882_BernadetteLafont_47_f
386	AlainDelon	47	AGE47	2368	2367_AlainDelon_47_m
19	EdwardFox	47	AGE47	1921	1920_EdwardFox_47_m
389	JaneBirkin	47	AGE47	10091	10090_JaneBirkin_47_f
82	MarcelloMastroianni	47	AGE47	9589	9588_MarcelloMastroianni_47_m
360	UgoTognazzi	47	AGE47	7689	7688_UgoTognazzi_47_m
55	JamesWoods	47	AGE47	2620	2619_JamesWoods_47_m
381	TonyCurtis	47	AGE47	7649	7648_TonyCurtis_47_m
383	JamesGarner	47	AGE47	4610	4609_JamesGarner_47_m
324	JaneAsher	47	AGE47	9812	9811_JaneAsher_47_f
309	WilliamDafoe	47	AGE47	4476	4475_WilliamDafoe_47_m
385	UrsulaAndress	47	AGE47	12389	12388_UrsulaAndress_47_f
413	EnricoFermi	47	AGE47	1064	1063_EnricoFermi_47_m
381	TonyCurtis	47	AGE47	7650	7649_TonyCurtis_47_m
551	JeanetteMacDonald	47	AGE47	15506	15505_JeanetteMacDonald_47_f
337	RichardCrenna	47	AGE47	8322	8321_RichardCrenna_47_m
54	KevinSpacey	47	AGE47	3437	3436_KevinSpacey_47_m
340	CliffRobertson	47	AGE47	8574	8573_CliffRobertson_47_m
358	NicolasSarkozy	47	AGE47	5536	5535_NicolasSarkozy_47_m
315	DirkBogarde	47	AGE47	6251	6250_DirkBogarde_47_m
383	JamesGarner	47	AGE47	4638	4637_JamesGarner_47_m
0	YvesMontand	47	AGE47	6890	6889_YvesMontand_47_m
558	MichaelPalin	47	AGE47	4323	4322_MichaelPalin_47_m
377	TomHulce	47	AGE47	1817	1816_TomHulce_47_m
76	HarveyKeitel	47	AGE47	4192	4191_HarveyKeitel_47_m
351	JonVoight	47	AGE47	2063	2062_JonVoight_47_m
338	FrancescaAnnis	47	AGE47	12149	12148_FrancescaAnnis_47_f
371	ChristopherPlummer	47	AGE47	7870	7869_ChristopherPlummer_47_m
83	AlPacino	47	AGE47	1637	1636_AlPacino_47_m
80	KathrynGrayson	47	AGE47	15686	15685_KathrynGrayson_47_f
555	GeneWilder	47	AGE47	2588	2587_GeneWilder_47_m
306	KrisKristofferson	47	AGE47	7252	7251_KrisKristofferson_47_m
415	SamNeill	47	AGE47	2307	2306_SamNeill_47_m
375	EdwardGRobinson	47	AGE47	9437	9436_EdwardGRobinson_47_m
323	JohnJames	47	AGE47	2041	2040_JohnJames_47_m
74	AnthonyQuayle	47	AGE47	7832	7831_AnthonyQuayle_47_m
351	JonVoight	47	AGE47	2064	2063_JonVoight_47_m
321	DannyDeVito	47	AGE47	3145	3144_DannyDeVito_47_m
327	TommyLeeJones	47	AGE47	5744	5743_TommyLeeJones_47_m
564	SusanHayward	47	AGE47	14508	14507_SusanHayward_47_f
354	RandolphScott	47	AGE47	8229	8228_RandolphScott_47_m
563	PaulAnka	47	AGE47	85	84_PaulAnka_47_m
24	HelenHunt	47	AGE47	10060	10059_HelenHunt_47_f
59	MichaelKeaton	47	AGE47	5500	5499_MichaelKeaton_47_m
57	AlikiBoug	47	AGE47	12542	12541_AlikiBoug_47_f
365	JohnVernon	47	AGE47	6459	6458_JohnVernon_47_m
79	JudyDavis	47	AGE47	9836	9835_JudyDavis_47_f
317	BillMurray	47	AGE47	2407	2406_BillMurray_47_m
373	BobDylan	47	AGE47	1675	1674_BobDylan_47_m
317	BillMurray	47	AGE47	2406	2405_BillMurray_47_m
399	RonPerlman	47	AGE47	2826	2825_RonPerlman_47_m
332	TomHanks	47	AGE47	1784	1783_TomHanks_47_m
2	RoyRogers	47	AGE47	5709	5708_RoyRogers_47_m
311	MonicaVitti	47	AGE47	11214	11213_MonicaVitti_47_f
553	DanielleDarrieux	47	AGE47	13425	13424_DanielleDarrieux_47_f
565	MelGibson	47	AGE47	2158	2157_MelGibson_47_m
62	SteveMcQueen	47	AGE47	9405	9404_SteveMcQueen_47_m
369	BorisKarloff	47	AGE47	6933	6932_BorisKarloff_47_m
369	BorisKarloff	47	AGE47	6921	6920_BorisKarloff_47_m
333	RobertPowell	47	AGE47	4422	4421_RobertPowell_47_m
336	PatrickStewart	47	AGE47	5565	5564_PatrickStewart_47_m
22	TerryMoore	47	AGE47	10322	10321_TerryMoore_47_f
56	AudreyHepburn	47	AGE47	14555	14554_AudreyHepburn_47_f
353	ArmandAssante	47	AGE47	5132	5131_ArmandAssante_47_m
331	SamElliott	47	AGE47	2890	2889_SamElliott_47_m
316	MegRyan	47	AGE47	9694	9693_MegRyan_47_f
406	StevenSeagal	47	AGE47	4443	4442_StevenSeagal_47_m
348	VivienLeigh	47	AGE47	14154	14153_VivienLeigh_47_f
57	AlikiBoug	47	AGE47	12565	12564_AlikiBoug_47_f
403	RogerAllam	47	AGE47	3733	3732_RogerAllam_47_m
67	JamesCaan	47	AGE47	2002	2001_JamesCaan_47_m
376	Fernandel	47	AGE47	4566	4565_Fernandel_47_m
69	BrianDennehy	47	AGE47	3950	3949_BrianDennehy_47_m
53	JulieChristie	47	AGE47	11519	11518_JulieChristie_47_f
68	KevinCostner	47	AGE47	4276	4275_KevinCostner_47_m
551	JeanetteMacDonald	47	AGE47	15488	15487_JeanetteMacDonald_47_f
410	AlejandroRey	47	AGE47	8509	8508_AlejandroRey_47_m
56	AudreyHepburn	47	AGE47	14522	14521_AudreyHepburn_47_f
66	BruceWillis	47	AGE47	3088	3087_BruceWillis_47_m
378	ImeldaStaunton	47	AGE47	12207	12206_ImeldaStaunton_47_f
325	tomselleck	47	AGE47	2967	2966_tomselleck_47_m
313	LeslieCaron	47	AGE47	3460	3459_LeslieCaron_47_m
564	SusanHayward	47	AGE47	14509	14508_SusanHayward_47_f
64	MikeConnors	47	AGE47	3610	3609_MikeConnors_47_m
357	KathyBates	47	AGE47	10227	10226_KathyBates_47_f
310	KevinBacon	47	AGE47	2732	2731_KevinBacon_47_m
416	JohnHuston	47	AGE47	5998	5997_JohnHuston_47_m
550	RalphMacchio	47	AGE47	4363	4362_RalphMacchio_47_m
344	ElVenizelos	47	AGE47	704	703_ElVenizelos_47_m
381	TonyCurtis	47	AGE47	7655	7654_TonyCurtis_47_m
363	GretaGarbo	47	AGE47	13108	13107_GretaGarbo_47_f
357	KathyBates	47	AGE47	10226	10225_KathyBates_47_f
382	GilbertRoland	47	AGE47	7957	7956_GilbertRoland_47_m
307	GiulianoGemma	47	AGE47	7999	7998_GiulianoGemma_47_m
402	Davis	47	AGE47	16317	16316_Davis_47_f
56	AudreyHepburn	47	AGE47	14537	14536_AudreyHepburn_47_f
417	StevenBerkoff	47	AGE47	4940	4939_StevenBerkoff_47_m
33	JamesCoburn	47	AGE47	6414	6413_JamesCoburn_47_m
471	ClaudetteColbert	47	AGE47	14686	14685_ClaudetteColbert_47_f
127	HumphreyBogard	47	AGE47	9015	9014_HumphreyBogard_47_m
510	PeterFalk	47	AGE47	5602	5601_PeterFalk_47_m
172	ChristopherEccleston	47	AGE47	8904	8903_ChristopherEccleston_47_m
445	JohnCassavetes	47	AGE47	8680	8679_JohnCassavetes_47_m
264	LexBarker	47	AGE47	6593	6592_LexBarker_47_m
292	KathrynHays	47	AGE47	10573	10572_KathrynHays_47_f
211	AnjelicaHuston	47	AGE47	11823	11822_AnjelicaHuston_47_f
129	AlCorley	47	AGE47	1610	1609_AlCorley_47_m
210	JeanPeters	47	AGE47	13603	13602_JeanPeters_47_f
518	RomanPolanski	47	AGE47	4903	4902_RomanPolanski_47_m
171	EmmaThompson	47	AGE47	11040	11039_EmmaThompson_47_f
266	MickJagger	47	AGE47	2786	2785_MickJagger_47_m
105	KatharineRoss	47	AGE47	15648	15647_KatharineRoss_47_f
444	RitaHayworth	47	AGE47	13783	13782_RitaHayworth_47_f
39	TonyBlair	47	AGE47	661	660_TonyBlair_47_m
474	TellySavalas	47	AGE47	7621	7620_TellySavalas_47_m
290	CHARLIERUGGLES	47	AGE47	9507	9506_CHARLIERUGGLES_47_m
267	MerkouriMelina	47	AGE47	14940	14939_MerkouriMelina_47_f
42	RoyScheider	47	AGE47	6802	6801_RoyScheider_47_m
145	DonJohnson	47	AGE47	2521	2520_DonJohnson_47_m
32	BonnieHunt	47	AGE47	15104	15103_BonnieHunt_47_f
288	AnitaEkberg	47	AGE47	10357	10356_AnitaEkberg_47_f
476	RaquelWelch	47	AGE47	10841	10840_RaquelWelch_47_f
46	JohnMalkovich	47	AGE47	5384	5383_JohnMalkovich_47_m
209	Konstantaras	47	AGE47	8104	8103_Konstantaras_47_m
104	VanessaRedgrave	47	AGE47	13814	13813_VanessaRedgrave_47_f
146	RicardoMontalb╨░n	47	AGE47	9546	9545_RicardoMontalb╨░n_47_m
90	MichelPiccoli	47	AGE47	4753	4752_MichelPiccoli_47_m
297	TildaSwinton	47	AGE47	11777	11776_TildaSwinton_47_f
108	MelindaDillion	47	AGE47	12317	12316_MelindaDillion_47_f
523	MartinSheen	47	AGE47	3533	3532_MartinSheen_47_m
449	ZsaZsaGabor	47	AGE47	11376	11375_ZsaZsaGabor_47_f
423	JoanCusack	47	AGE47	10160	10159_JoanCusack_47_f
227	KennethBranagh	47	AGE47	5442	5441_KennethBranagh_47_m
259	ChristopherWalken	47	AGE47	7010	7009_ChristopherWalken_47_m
89	PatriciaNeal	47	AGE47	13737	13736_PatriciaNeal_47_f
121	RafVallone	47	AGE47	6040	6039_RafVallone_47_m
147	SamuelJacksonn	47	AGE47	16116	16115_SamuelJacksonn_47_m
223	ElkeSommer	47	AGE47	9965	9964_ElkeSommer_47_f
522	DannyGlover	47	AGE47	16090	16089_DannyGlover_47_m
513	DonnaReed	47	AGE47	12588	12587_DonnaReed_47_f
168	JohnCleese	47	AGE47	2685	2684_JohnCleese_47_m
28	AndreasPapantreou	47	AGE47	894	893_AndreasPapantreou_47_m
261	KlausKinski	47	AGE47	6537	6536_KlausKinski_47_m
521	StefaniePowers	47	AGE47	15827	15826_StefaniePowers_47_f
520	MaryTamm	47	AGE47	15746	15745_MaryTamm_47_f
499	AmandaBlake	47	AGE47	14966	14965_AmandaBlake_47_f
89	PatriciaNeal	47	AGE47	13738	13737_PatriciaNeal_47_f
468	BetteDavis	47	AGE47	13358	13357_BetteDavis_47_f
294	JamieLeeCurtis	47	AGE47	12701	12700_JamieLeeCurtis_47_f
469	ClaudiaCardinale	47	AGE47	12997	12996_ClaudiaCardinale_47_f
217	MargaretOBrien	47	AGE47	12801	12800_MargaretOBrien_47_f
470	FranklinDRoosevelt	47	AGE47	929	928_FranklinDRoosevelt_47_m
215	JulieHagerty	47	AGE47	15567	15566_JulieHagerty_47_f
260	AmandaRedman	47	AGE47	13290	13289_AmandaRedman_47_f
269	BenGazzara	47	AGE47	5781	5780_BenGazzara_47_m
104	VanessaRedgrave	47	AGE47	13815	13814_VanessaRedgrave_47_f
103	Houston	47	AGE47	16381	16380_Houston_47_f
284	RobertMorley	47	AGE47	7537	7536_RobertMorley_47_m
485	DanaAndrews	47	AGE47	6146	6145_DanaAndrews_47_m
100	LyleTalbot	47	AGE47	7382	7381_LyleTalbot_47_m
541	ThelmaRitter	47	AGE47	13788	13787_ThelmaRitter_47_f
5	HatzidakisManos	47	AGE47	287	286_HatzidakisManos_47_m
50	PeggyLipton	47	AGE47	10812	10811_PeggyLipton_47_f
489	MarleneDietrich	47	AGE47	14731	14730_MarleneDietrich_47_f
276	AnthonyPerkins	47	AGE47	8806	8805_AnthonyPerkins_47_m
433	MaximilianShell	47	AGE47	9480	9479_MaximilianShell_47_m
540	JeanClaudeVanDamme	47	AGE47	9076	9075_JeanClaudeVanDamme_47_m
193	GeorgePeppard	47	AGE47	7917	7916_GeorgePeppard_47_m
283	BettyGrable	47	AGE47	13939	13938_BettyGrable_47_f
181	FernandoRey	47	AGE47	6309	6308_FernandoRey_47_m
183	WoodyAllen	47	AGE47	3005	3004_WoodyAllen_47_m
96	JackColeman	47	AGE47	3308	3307_JackColeman_47_m
191	LouCostello	47	AGE47	6615	6614_LouCostello_47_m
99	YvonneDeCarlo	47	AGE47	14614	14613_YvonneDeCarlo_47_f
514	LindaEvans	47	AGE47	10623	10622_LindaEvans_47_f
183	WoodyAllen	47	AGE47	2993	2992_WoodyAllen_47_m
14	StevenSpielberg	47	AGE47	6832	6831_StevenSpielberg_47_m
141	ErnestBorgnine	47	AGE47	8917	8916_ErnestBorgnine_47_m
279	DorisDay	47	AGE47	9728	9727_DorisDay_47_f
98	RichardChamberlain	47	AGE47	8287	8286_RichardChamberlain_47_m
280	BillNighy	47	AGE47	3047	3046_BillNighy_47_m
488	DickVanDyke	47	AGE47	4102	4101_DickVanDyke_47_m
140	EdHarris	47	AGE47	1707	1706_EdHarris_47_m
277	AliMacGraw	47	AGE47	9929	9928_AliMacGraw_47_f
142	JanetGaynor	47	AGE47	14267	14266_JanetGaynor_47_f
542	IanMcKellen	47	AGE47	3286	3285_IanMcKellen_47_m
196	KimNovak	47	AGE47	9863	9862_KimNovak_47_f
3	ArnoldSchwarzenegger	47	AGE47	8839	8838_ArnoldSchwarzenegger_47_m
49	BobHope	47	AGE47	5158	5157_BobHope_47_m
92	RogerMoore	47	AGE47	4874	4873_RogerMoore_47_m
133	LeeJCobb	47	AGE47	6556	6555_LeeJCobb_47_m
103	Houston	47	AGE47	16375	16374_Houston_47_f
103	Houston	47	AGE47	16379	16378_Houston_47_f
31	Ross	47	AGE47	16415	16414_Ross_47_f
103	Houston	47	AGE47	16380	16379_Houston_47_f
178	AndyGriffith	47	AGE47	7799	7798_AndyGriffith_47_m
134	JohnLithgow	47	AGE47	3390	3389_JohnLithgow_47_m
491	PhilHartman	47	AGE47	3678	3677_PhilHartman_47_m
103	Houston	47	AGE47	16382	16381_Houston_47_f
287	JosephCotten	47	AGE47	7221	7220_JosephCotten_47_m
102	WalterPidgeon	47	AGE47	8442	8441_WalterPidgeon_47_m
135	RichardPryor	47	AGE47	16018	16017_RichardPryor_47_m
179	LorettaYoung	47	AGE47	14377	14376_LorettaYoung_47_f
200	AnnMargret	47	AGE47	10391	10390_AnnMargret_47_f
135	RichardPryor	47	AGE47	16017	16016_RichardPryor_47_m
135	RichardPryor	47	AGE47	16209	16208_RichardPryor_47_m
483	Bono	47	AGE47	1551	1550_Bono_47_m
198	ThomasTerry	47	AGE47	6855	6854_ThomasTerry_47_m
93	JonFinch	47	AGE47	5414	5413_JonFinch_47_m
30	AnnetteBening	47	AGE47	11418	11417_AnnetteBening_47_f
273	JoanCrawford	47	AGE47	14294	14293_JoanCrawford_47_f
197	LinoVentura	47	AGE47	7317	7316_LinoVentura_47_m
517	GeraldinePage	47	AGE47	14207	14206_GeraldinePage_47_f
196	KimNovak	47	AGE47	9862	9861_KimNovak_47_f
36	ScottGlenn	47	AGE47	2929	2928_ScottGlenn_47_m
147	SamuelJacksonn	47	AGE47	16117	16116_SamuelJacksonn_47_m
127	HumphreyBogard	47	AGE47	9016	9015_HumphreyBogard_47_m
502	FaradayMichael	47	AGE47	1122	1121_FaradayMichael_47_m
157	angelamerkel	47	AGE47	531	530_angelamerkel_47_f
233	Arletty	47	AGE47	10916	10915_Arletty_47_f
503	JeanPaulBelmondo	47	AGE47	7142	7141_JeanPaulBelmondo_47_m
457	JeffBridges	47	AGE47	3338	3337_JeffBridges_47_m
451	BurtLancaster	47	AGE47	9300	9299_BurtLancaster_47_m
86	MarietteHartley	47	AGE47	10293	10292_MarietteHartley_47_f
237	KathleenTurner	47	AGE47	12769	12768_KathleenTurner_47_f
507	RowanAtkinson	47	AGE47	6791	6790_RowanAtkinson_47_m
304	DavidNiven	47	AGE47	7042	7041_DavidNiven_47_m
88	StacyKeach	47	AGE47	3815	3814_StacyKeach_47_m
163	CharlieSheen	47	AGE47	4045	4044_CharlieSheen_47_m
112	MickeyRooney	47	AGE47	7425	7424_MickeyRooney_47_m
85	JodieFoster	47	AGE47	11111	11110_JodieFoster_47_f
151	AnnieGirardot	47	AGE47	13894	13893_AnnieGirardot_47_f
155	SteveJobsb	47	AGE47	403	402_SteveJobsb_47_m
231	AnthonyAndrews	47	AGE47	5046	5045_AnthonyAndrews_47_m
419	ShirleyJones	47	AGE47	11260	11259_ShirleyJones_47_f
248	MartinScorsese	47	AGE47	5457	5456_MartinScorsese_47_m
461	TimCurry	47	AGE47	1740	1739_TimCurry_47_m
117	VeraEllen	47	AGE47	15919	15918_VeraEllen_47_f
253	HarrisonFord	47	AGE47	4172	4171_HarrisonFord_47_m
157	angelamerkel	47	AGE47	548	547_angelamerkel_47_f
110	MargaretThatcher	47	AGE47	566	565_MargaretThatcher_47_f
163	CharlieSheen	47	AGE47	4044	4043_CharlieSheen_47_m
233	Arletty	47	AGE47	10915	10914_Arletty_47_f
247	MichaelYork	47	AGE47	3578	3577_MichaelYork_47_m
10	JeffDaniels	47	AGE47	3372	3371_JeffDaniels_47_m
232	ConnieBooth	47	AGE47	15165	15164_ConnieBooth_47_f
3	ArnoldSchwarzenegger	47	AGE47	8840	8839_ArnoldSchwarzenegger_47_m
453	DaliahLavi	47	AGE47	10954	10953_DaliahLavi_47_f
501	RayLiotta	47	AGE47	2239	2238_RayLiotta_47_m
421	SigourneyWeaver	47	AGE47	13307	13306_SigourneyWeaver_47_f
12	MerylStreep	47	AGE47	10740	10739_MerylStreep_47_f
44	VincentPrice	47	AGE47	7726	7725_VincentPrice_47_m
532	KostasXatzixristos	47	AGE47	9619	9618_KostasXatzixristos_47_m
532	KostasXatzixristos	47	AGE47	9624	9623_KostasXatzixristos_47_m
161	MaggieSmith	47	AGE47	10708	10707_MaggieSmith_47_f
462	KateOMara	47	AGE47	15604	15603_KateOMara_47_f
230	SusanGeorge	47	AGE47	10873	10872_SusanGeorge_47_f
159	PierceBrosnan	47	AGE47	4802	4801_PierceBrosnan_47_m
525	BoDerek	47	AGE47	9663	9662_BoDerek_47_f
249	LivUllmann	47	AGE47	10259	10258_LivUllmann_47_f
246	LeifErickson	47	AGE47	7288	7287_LeifErickson_47_m
257	HorstBuchholz	47	AGE47	8041	8040_HorstBuchholz_47_m
244	JeffGoldblum	47	AGE47	4661	4660_JeffGoldblum_47_m
16	ReginaldOwen	47	AGE47	8246	8245_ReginaldOwen_47_m
451	BurtLancaster	47	AGE47	9295	9294_BurtLancaster_47_m
42	RoyScheider	47	AGE47	13223	13222_RoyScheider_47_f
298	FrankSinatra	47	AGE47	8615	8614_FrankSinatra_47_m
526	AngieDickinson	47	AGE47	12426	12425_AngieDickinson_47_f
245	RichardBoone	47	AGE47	7516	7515_RichardBoone_47_m
229	Myl╨ЪneDemongeot	47	AGE47	12864	12863_Myl╨ЪneDemongeot_47_f
303	GeneHackman	47	AGE47	3239	3238_GeneHackman_47_m
166	AnnJillian	47	AGE47	14996	14995_AnnJillian_47_f
109	MariaCallas	47	AGE47	19	18_MariaCallas_47_f
300	PeterMarkRichman	47	AGE47	7488	7487_PeterMarkRichman_47_m
164	KimBasinger	47	AGE47	10598	10597_KimBasinger_47_f
459	WilliamShatner	47	AGE47	6073	6072_WilliamShatner_47_m
299	GeorgeMontgomery	47	AGE47	9325	9324_GeorgeMontgomery_47_m
154	JeanneMoreau	47	AGE47	11064	11063_JeanneMoreau_47_f
251	St╨ТphaneAudran	47	AGE47	15875	15874_St╨ТphaneAudran_47_f
229	Myl╨ЪneDemongeot	47	AGE47	12865	12864_Myl╨ЪneDemongeot_47_f
236	VeronicaLake	47	AGE47	15939	15938_VeronicaLake_47_f
458	JeanMarais	47	AGE47	5968	5967_JeanMarais_47_m
258	FredMacMurray	47	AGE47	8961	8960_FredMacMurray_47_m
5	HatzidakisManos	47	AGE47	294	293_HatzidakisManos_47_m
237	KathleenTurner	48	AGE48	12770	12769_KathleenTurner_48_f
482	JuneLockhart	48	AGE48	11130	11129_JuneLockhart_48_f
236	VeronicaLake	48	AGE48	15933	15932_VeronicaLake_48_f
198	ThomasTerry	48	AGE48	6856	6855_ThomasTerry_48_m
517	GeraldinePage	48	AGE48	14210	14209_GeraldinePage_48_f
531	TimothyDalton	48	AGE48	4976	4975_TimothyDalton_48_m
357	KathyBates	48	AGE48	10231	10230_KathyBates_48_f
563	PaulAnka	48	AGE48	98	97_PaulAnka_48_m
539	KristinScottThomas	48	AGE48	14347	14346_KristinScottThomas_48_f
101	EdwardTeller	48	AGE48	1047	1046_EdwardTeller_48_m
35	LouisJourdan	48	AGE48	7354	7353_LouisJourdan_48_m
321	DannyDeVito	48	AGE48	3146	3145_DannyDeVito_48_m
54	KevinSpacey	48	AGE48	3438	3437_KevinSpacey_48_m
399	RonPerlman	48	AGE48	2827	2826_RonPerlman_48_m
526	AngieDickinson	48	AGE48	12427	12426_AngieDickinson_48_f
483	Bono	48	AGE48	1552	1551_Bono_48_m
539	KristinScottThomas	48	AGE48	14348	14347_KristinScottThomas_48_f
406	StevenSeagal	48	AGE48	4444	4443_StevenSeagal_48_m
134	JohnLithgow	48	AGE48	3391	3390_JohnLithgow_48_m
102	WalterPidgeon	48	AGE48	8443	8442_WalterPidgeon_48_m
538	BarbaraStanwyck	48	AGE48	14652	14651_BarbaraStanwyck_48_f
356	JeffreyJones	48	AGE48	4251	4250_JeffreyJones_48_m
464	BetteMidler	48	AGE48	10469	10468_BetteMidler_48_f
238	RobertMitchum	48	AGE48	9210	9209_RobertMitchum_48_m
409	RexHarrison	48	AGE48	6720	6719_RexHarrison_48_m
277	AliMacGraw	48	AGE48	9930	9929_AliMacGraw_48_f
40	AnthonyHopkins	48	AGE48	5100	5099_AnthonyHopkins_48_m
318	EsteeLauder	48	AGE48	26	25_EsteeLauder_48_f
71	EvaMarieSaint	48	AGE48	12106	12105_EvaMarieSaint_48_f
191	LouCostello	48	AGE48	6616	6615_LouCostello_48_m
383	JamesGarner	48	AGE48	4637	4636_JamesGarner_48_m
436	LindsayWagner	48	AGE48	11578	11577_LindsayWagner_48_f
279	DorisDay	48	AGE48	9731	9730_DorisDay_48_f
360	UgoTognazzi	48	AGE48	7690	7689_UgoTognazzi_48_m
46	JohnMalkovich	48	AGE48	5385	5384_JohnMalkovich_48_m
397	GeraldineChaplin	48	AGE48	13039	13038_GeraldineChaplin_48_f
459	WilliamShatner	48	AGE48	6074	6073_WilliamShatner_48_m
8	SimoneSignoret	48	AGE48	14820	14819_SimoneSignoret_48_f
317	BillMurray	48	AGE48	2408	2407_BillMurray_48_m
279	DorisDay	48	AGE48	9702	9701_DorisDay_48_f
360	UgoTognazzi	48	AGE48	7691	7690_UgoTognazzi_48_m
189	MurrayHamilton	48	AGE48	8703	8702_MurrayHamilton_48_m
140	EdHarris	48	AGE48	1708	1707_EdHarris_48_m
244	JeffGoldblum	48	AGE48	4662	4661_JeffGoldblum_48_m
98	RichardChamberlain	48	AGE48	8288	8287_RichardChamberlain_48_m
336	PatrickStewart	48	AGE48	5566	5565_PatrickStewart_48_m
79	JudyDavis	48	AGE48	9837	9836_JudyDavis_48_f
359	KostasVoutsas	48	AGE48	4712	4711_KostasVoutsas_48_m
8	SimoneSignoret	48	AGE48	14856	14855_SimoneSignoret_48_f
8	SimoneSignoret	48	AGE48	14845	14844_SimoneSignoret_48_f
13	CatherineSchell	48	AGE48	15132	15131_CatherineSchell_48_f
439	IsabelleAdjani	48	AGE48	12242	12241_IsabelleAdjani_48_f
319	RingoStarr	48	AGE48	3703	3702_RingoStarr_48_m
62	SteveMcQueen	48	AGE48	9406	9405_SteveMcQueen_48_m
461	TimCurry	48	AGE48	1741	1740_TimCurry_48_m
334	LauraAntonelli	48	AGE48	12296	12295_LauraAntonelli_48_f
408	MelBrooks	48	AGE48	2102	2101_MelBrooks_48_m
530	SimonMacCorkindale	48	AGE48	8368	8367_SimonMacCorkindale_48_m
485	DanaAndrews	48	AGE48	6147	6146_DanaAndrews_48_m
557	DavidMcCallum	48	AGE48	5240	5239_DavidMcCallum_48_m
556	CarlosSantana	48	AGE48	4510	4509_CarlosSantana_48_m
25	ShirleyMacLaine	48	AGE48	13255	13254_ShirleyMacLaine_48_f
337	RichardCrenna	48	AGE48	8328	8327_RichardCrenna_48_m
195	LorneGreene	48	AGE48	8146	8145_LorneGreene_48_m
437	MarisaPavan	48	AGE48	3504	3503_MarisaPavan_48_m
276	AnthonyPerkins	48	AGE48	8807	8806_AnthonyPerkins_48_m
540	JeanClaudeVanDamme	48	AGE48	9077	9076_JeanClaudeVanDamme_48_m
358	NicolasSarkozy	48	AGE48	5537	5536_NicolasSarkozy_48_m
460	AnneBaxter	48	AGE48	12524	12523_AnneBaxter_48_f
540	JeanClaudeVanDamme	48	AGE48	9078	9077_JeanClaudeVanDamme_48_m
458	JeanMarais	48	AGE48	5969	5968_JeanMarais_48_m
514	LindaEvans	48	AGE48	10624	10623_LindaEvans_48_f
99	YvonneDeCarlo	48	AGE48	14615	14614_YvonneDeCarlo_48_f
197	LinoVentura	48	AGE48	7318	7317_LinoVentura_48_m
528	MichaelBloomberg	48	AGE48	316	315_MichaelBloomberg_48_m
133	LeeJCobb	48	AGE48	6567	6566_LeeJCobb_48_m
235	SilvanaMangano	48	AGE48	14815	14814_SilvanaMangano_48_f
221	JulieBishop	48	AGE48	15547	15546_JulieBishop_48_f
107	DianneWiest	48	AGE48	10489	10488_DianneWiest_48_f
261	KlausKinski	48	AGE48	6538	6537_KlausKinski_48_m
120	TomJones	48	AGE48	1847	1846_TomJones_48_m
255	NickNolte	48	AGE48	2198	2197_NickNolte_48_m
48	GenaRowlands	48	AGE48	4139	4138_GenaRowlands_48_m
468	BetteDavis	48	AGE48	13354	13353_BetteDavis_48_f
468	BetteDavis	48	AGE48	13372	13371_BetteDavis_48_f
219	DerekJacobi	48	AGE48	3173	3172_DerekJacobi_48_m
65	JohnForsythe	48	AGE48	8073	8072_JohnForsythe_48_m
393	WinstonChurchill	48	AGE48	870	869_WinstonChurchill_48_m
4	CaryGrant	48	AGE48	6108	6107_CaryGrant_48_m
327	TommyLeeJones	48	AGE48	5745	5744_TommyLeeJones_48_m
262	MarlonBrando	48	AGE48	9118	9117_MarlonBrando_48_m
126	JamesArness	48	AGE48	6350	6349_JamesArness_48_m
65	JohnForsythe	48	AGE48	8074	8073_JohnForsythe_48_m
255	NickNolte	48	AGE48	2197	2196_NickNolte_48_m
263	JanePowell	48	AGE48	15394	15393_JanePowell_48_f
73	DyanCannon	48	AGE48	15268	15267_DyanCannon_48_f
471	ClaudetteColbert	48	AGE48	14687	14686_ClaudetteColbert_48_f
33	JamesCoburn	48	AGE48	6415	6414_JamesCoburn_48_m
445	JohnCassavetes	48	AGE48	8681	8680_JohnCassavetes_48_m
520	MaryTamm	48	AGE48	15747	15746_MaryTamm_48_f
127	HumphreyBogard	48	AGE48	9026	9025_HumphreyBogard_48_m
521	StefaniePowers	48	AGE48	15828	15827_StefaniePowers_48_f
120	TomJones	48	AGE48	9768	9767_TomJones_48_f
68	KevinCostner	48	AGE48	4277	4276_KevinCostner_48_m
258	FredMacMurray	48	AGE48	8962	8961_FredMacMurray_48_m
464	BetteMidler	48	AGE48	10458	10457_BetteMidler_48_f
68	KevinCostner	48	AGE48	4278	4277_KevinCostner_48_m
74	AnthonyQuayle	48	AGE48	7833	7832_AnthonyQuayle_48_m
449	ZsaZsaGabor	48	AGE48	11377	11376_ZsaZsaGabor_48_f
464	BetteMidler	48	AGE48	10463	10462_BetteMidler_48_f
464	BetteMidler	48	AGE48	10447	10446_BetteMidler_48_f
344	ElVenizelos	48	AGE48	712	711_ElVenizelos_48_m
331	SamElliott	48	AGE48	2891	2890_SamElliott_48_m
468	BetteDavis	48	AGE48	13355	13354_BetteDavis_48_f
451	BurtLancaster	48	AGE48	9282	9281_BurtLancaster_48_m
259	ChristopherWalken	48	AGE48	7011	7010_ChristopherWalken_48_m
121	RafVallone	48	AGE48	6041	6040_RafVallone_48_m
225	ClarkGable	48	AGE48	5812	5811_ClarkGable_48_m
257	HorstBuchholz	48	AGE48	8042	8041_HorstBuchholz_48_m
401	ErinGray	48	AGE48	15354	15353_ErinGray_48_f
229	Myl╨ЪneDemongeot	48	AGE48	12866	12865_Myl╨ЪneDemongeot_48_f
466	CharlesBronson	48	AGE48	8515	8514_CharlesBronson_48_m
260	AmandaRedman	48	AGE48	13291	13290_AmandaRedman_48_f
67	JamesCaan	48	AGE48	2003	2002_JamesCaan_48_m
66	BruceWillis	48	AGE48	3089	3088_BruceWillis_48_m
108	MelindaDillion	48	AGE48	12318	12317_MelindaDillion_48_f
553	DanielleDarrieux	48	AGE48	13426	13425_DanielleDarrieux_48_f
403	RogerAllam	48	AGE48	3734	3733_RogerAllam_48_m
341	AnnaMassey	48	AGE48	12473	12472_AnnaMassey_48_f
11	MichaelSarrazin	48	AGE48	9145	9144_MichaelSarrazin_48_m
353	ArmandAssante	48	AGE48	5121	5120_ArmandAssante_48_m
207	BillCosby	48	AGE48	16015	16014_BillCosby_48_m
0	YvesMontand	48	AGE48	6891	6890_YvesMontand_48_m
267	MerkouriMelina	48	AGE48	14925	14924_MerkouriMelina_48_f
462	KateOMara	48	AGE48	15605	15604_KateOMara_48_f
443	HedyLamarr	48	AGE48	12629	12628_HedyLamarr_48_f
405	Gorbachev	48	AGE48	607	606_Gorbachev_48_m
69	BrianDennehy	48	AGE48	3951	3950_BrianDennehy_48_m
9	FessParker	48	AGE48	7075	7074_FessParker_48_m
474	TellySavalas	48	AGE48	7622	7621_TellySavalas_48_m
104	VanessaRedgrave	48	AGE48	13816	13815_VanessaRedgrave_48_f
36	ScottGlenn	48	AGE48	2930	2929_ScottGlenn_48_m
479	PeterUstinov	48	AGE48	8193	8192_PeterUstinov_48_m
386	AlainDelon	48	AGE48	2380	2379_AlainDelon_48_m
204	LilliPalmer	48	AGE48	13679	13678_LilliPalmer_48_f
251	St╨ТphaneAudran	48	AGE48	15876	15875_St╨ТphaneAudran_48_f
4	CaryGrant	48	AGE48	6126	6125_CaryGrant_48_m
558	MichaelPalin	48	AGE48	4324	4323_MichaelPalin_48_m
479	PeterUstinov	48	AGE48	8215	8214_PeterUstinov_48_m
250	IsabelleHuppert	48	AGE48	12666	12665_IsabelleHuppert_48_f
455	AlanRickman	48	AGE48	3018	3017_AlanRickman_48_m
205	LarryEllison	48	AGE48	335	334_LarryEllison_48_m
445	JohnCassavetes	48	AGE48	8682	8681_JohnCassavetes_48_m
353	ArmandAssante	48	AGE48	5133	5132_ArmandAssante_48_m
24	HelenHunt	48	AGE48	10061	10060_HelenHunt_48_f
110	MargaretThatcher	48	AGE48	567	566_MargaretThatcher_48_f
232	ConnieBooth	48	AGE48	15166	15165_ConnieBooth_48_f
472	StephenHawking	48	AGE48	1023	1022_StephenHawking_48_m
332	TomHanks	48	AGE48	1785	1784_TomHanks_48_m
10	JeffDaniels	48	AGE48	3373	3372_JeffDaniels_48_m
326	SteveKanaly	48	AGE48	3855	3854_SteveKanaly_48_m
34	MireilleDarc	48	AGE48	11677	11676_MireilleDarc_48_f
389	JaneBirkin	48	AGE48	10092	10091_JaneBirkin_48_f
264	LexBarker	48	AGE48	6594	6593_LexBarker_48_m
535	Tyson	48	AGE48	16458	16457_Tyson_48_f
208	ShelleyWinters	48	AGE48	14773	14772_ShelleyWinters_48_f
128	JPMorgan	48	AGE48	359	358_JPMorgan_48_m
211	AnjelicaHuston	48	AGE48	11824	11823_AnjelicaHuston_48_f
129	AlCorley	48	AGE48	1611	1610_AlCorley_48_m
76	HarveyKeitel	48	AGE48	4193	4192_HarveyKeitel_48_m
388	JoanCollins	48	AGE48	10542	10541_JoanCollins_48_f
444	RitaHayworth	48	AGE48	13773	13772_RitaHayworth_48_f
64	MikeConnors	48	AGE48	3611	3610_MikeConnors_48_m
463	OrnellaMuti	48	AGE48	10783	10782_OrnellaMuti_48_f
534	AlbertoSordi	48	AGE48	7766	7765_AlbertoSordi_48_m
518	RomanPolanski	48	AGE48	4904	4903_RomanPolanski_48_m
105	KatharineRoss	48	AGE48	15649	15648_KatharineRoss_48_f
351	JonVoight	48	AGE48	2065	2064_JonVoight_48_m
382	GilbertRoland	48	AGE48	7958	7957_GilbertRoland_48_m
529	RichardBurton	48	AGE48	9192	9191_RichardBurton_48_m
510	PeterFalk	48	AGE48	5604	5603_PeterFalk_48_m
165	AdolfHitlerr	48	AGE48	778	777_AdolfHitlerr_48_m
179	LorettaYoung	48	AGE48	14378	14377_LorettaYoung_48_f
143	BarbraStreisand	48	AGE48	12927	12926_BarbraStreisand_48_f
550	RalphMacchio	48	AGE48	4364	4363_RalphMacchio_48_m
29	IreneDunne	48	AGE48	13566	13565_IreneDunne_48_f
373	BobDylan	48	AGE48	1676	1675_BobDylan_48_m
431	RobertRedford	48	AGE48	4830	4829_RobertRedford_48_m
42	RoyScheider	48	AGE48	6803	6802_RoyScheider_48_m
511	JackNicolson	48	AGE48	5278	5277_JackNicolson_48_m
508	VictorMature	48	AGE48	8424	8423_VictorMature_48_m
491	PhilHartman	48	AGE48	3679	3678_PhilHartman_48_m
551	JeanetteMacDonald	48	AGE48	15507	15506_JeanetteMacDonald_48_f
511	JackNicolson	48	AGE48	5274	5273_JackNicolson_48_m
149	AlecGuinness	48	AGE48	8770	8769_AlecGuinness_48_m
287	JosephCotten	48	AGE48	7222	7221_JosephCotten_48_m
178	AndyGriffith	48	AGE48	7800	7799_AndyGriffith_48_m
420	MaryTylerMoore	48	AGE48	12832	12831_MaryTylerMoore_48_f
42	RoyScheider	48	AGE48	13224	13223_RoyScheider_48_f
83	AlPacino	48	AGE48	1645	1644_AlPacino_48_m
294	JamieLeeCurtis	48	AGE48	12690	12689_JamieLeeCurtis_48_f
60	CharlesGrodin	48	AGE48	5190	5189_CharlesGrodin_48_m
28	AndreasPapantreou	48	AGE48	892	891_AndreasPapantreou_48_m
50	PeggyLipton	48	AGE48	10813	10812_PeggyLipton_48_f
285	RyanONeal	48	AGE48	2858	2857_RyanONeal_48_m
162	PeterSellers	48	AGE48	9159	9158_PeterSellers_48_m
512	WilliamHolden	48	AGE48	8479	8478_WilliamHolden_48_m
16	ReginaldOwen	48	AGE48	8244	8243_ReginaldOwen_48_m
490	Gaddafi	48	AGE48	955	954_Gaddafi_48_m
89	PatriciaNeal	48	AGE48	13739	13738_PatriciaNeal_48_f
304	DavidNiven	48	AGE48	7057	7056_DavidNiven_48_m
286	CydCharisse	48	AGE48	15193	15192_CydCharisse_48_f
372	BernadetteLafont	48	AGE48	14884	14883_BernadetteLafont_48_f
490	Gaddafi	48	AGE48	967	966_Gaddafi_48_m
495	CybillShepherd	48	AGE48	12007	12006_CybillShepherd_48_f
543	JohnDerek	48	AGE48	5358	5357_JohnDerek_48_m
378	ImeldaStaunton	48	AGE48	12208	12207_ImeldaStaunton_48_f
424	GraceKelly	48	AGE48	13084	13083_GraceKelly_48_f
308	JanetLeigh	48	AGE48	12721	12720_JanetLeigh_48_f
28	AndreasPapantreou	48	AGE48	903	902_AndreasPapantreou_48_m
412	BeaArthur	48	AGE48	11891	11890_BeaArthur_48_f
303	GeneHackman	48	AGE48	3240	3239_GeneHackman_48_m
415	SamNeill	48	AGE48	2308	2307_SamNeill_48_m
82	MarcelloMastroianni	48	AGE48	9590	9589_MarcelloMastroianni_48_m
303	GeneHackman	48	AGE48	3249	3248_GeneHackman_48_m
426	TheodorakisMikis	48	AGE48	255	254_TheodorakisMikis_48_m
145	DonJohnson	48	AGE48	2522	2521_DonJohnson_48_m
81	EdwigeFenech	48	AGE48	15318	15317_EdwigeFenech_48_f
55	JamesWoods	48	AGE48	2621	2620_JamesWoods_48_m
2	RoyRogers	48	AGE48	5710	5709_RoyRogers_48_m
379	JamesCagney	48	AGE48	6383	6382_JamesCagney_48_m
290	CHARLIERUGGLES	48	AGE48	9508	9507_CHARLIERUGGLES_48_m
379	JamesCagney	48	AGE48	6384	6383_JamesCagney_48_m
172	ChristopherEccleston	48	AGE48	8905	8904_ChristopherEccleston_48_m
90	MichelPiccoli	48	AGE48	4754	4753_MichelPiccoli_48_m
503	JeanPaulBelmondo	48	AGE48	7143	7142_JeanPaulBelmondo_48_m
173	GreerGarson	48	AGE48	14022	14021_GreerGarson_48_f
158	SpencerTracy	48	AGE48	8382	8381_SpencerTracy_48_m
427	NewmanPaul	48	AGE48	7462	7461_NewmanPaul_48_m
159	PierceBrosnan	48	AGE48	4803	4802_PierceBrosnan_48_m
181	FernandoRey	48	AGE48	6310	6309_FernandoRey_48_m
494	JessicaTandy	48	AGE48	13616	13615_JessicaTandy_48_f
28	AndreasPapantreou	48	AGE48	890	889_AndreasPapantreou_48_m
366	MelFerrer	48	AGE48	6634	6633_MelFerrer_48_m
307	GiulianoGemma	48	AGE48	8000	7999_GiulianoGemma_48_m
501	RayLiotta	48	AGE48	2240	2239_RayLiotta_48_m
369	BorisKarloff	48	AGE48	6934	6933_BorisKarloff_48_m
146	RicardoMontalb╨░n	48	AGE48	9547	9546_RicardoMontalb╨░n_48_m
293	PeterGraves	48	AGE48	6686	6685_PeterGraves_48_m
492	RobertDuvall	48	AGE48	4382	4381_RobertDuvall_48_m
7	DonnaDouglas	48	AGE48	10983	10982_DonnaDouglas_48_f
493	PiaLindstrom	48	AGE48	11228	11227_PiaLindstrom_48_f
161	MaggieSmith	48	AGE48	10709	10708_MaggieSmith_48_f
176	RodTaylor	48	AGE48	2275	2274_RodTaylor_48_m
170	CharlesBoyer	48	AGE48	6965	6964_CharlesBoyer_48_m
413	EnricoFermi	48	AGE48	1065	1064_EnricoFermi_48_m
144	SusannahYork	48	AGE48	14129	14128_SusannahYork_48_f
413	EnricoFermi	48	AGE48	1062	1061_EnricoFermi_48_m
371	ChristopherPlummer	48	AGE48	7871	7870_ChristopherPlummer_48_m
367	LiamNeeson	48	AGE48	2760	2759_LiamNeeson_48_m
510	PeterFalk	48	AGE48	5603	5602_PeterFalk_48_m
284	RobertMorley	48	AGE48	7550	7549_RobertMorley_48_m
44	VincentPrice	48	AGE48	7727	7726_VincentPrice_48_m
312	JohnnyCash	48	AGE48	6505	6504_JohnnyCash_48_m
296	JaneRussell	48	AGE48	13125	13124_JaneRussell_48_f
417	StevenBerkoff	48	AGE48	4941	4940_StevenBerkoff_48_m
297	TildaSwinton	48	AGE48	11778	11777_TildaSwinton_48_f
95	DavidSarnoff	48	AGE48	379	378_DavidSarnoff_48_m
370	PeterOToole	48	AGE48	5639	5638_PeterOToole_48_m
96	JackColeman	48	AGE48	3310	3309_JackColeman_48_m
377	TomHulce	48	AGE48	1818	1817_TomHulce_48_m
85	JodieFoster	48	AGE48	11112	11111_JodieFoster_48_f
163	CharlieSheen	48	AGE48	4047	4046_CharlieSheen_48_m
363	GretaGarbo	48	AGE48	13099	13098_GretaGarbo_48_f
141	ErnestBorgnine	48	AGE48	8918	8917_ErnestBorgnine_48_m
16	ReginaldOwen	48	AGE48	8247	8246_ReginaldOwen_48_m
167	KatharineHepburn	48	AGE48	14923	14922_KatharineHepburn_48_f
167	KatharineHepburn	48	AGE48	14907	14906_KatharineHepburn_48_f
370	PeterOToole	48	AGE48	5638	5637_PeterOToole_48_m
167	KatharineHepburn	48	AGE48	14921	14920_KatharineHepburn_48_f
153	GaryOldman	48	AGE48	2565	2564_GaryOldman_48_m
546	SusanSarandon	48	AGE48	11742	11741_SusanSarandon_48_f
500	IanHolm	48	AGE48	1569	1568_IanHolm_48_m
362	CyndiLauper	48	AGE48	11439	11438_CyndiLauper_48_f
500	IanHolm	48	AGE48	1568	1567_IanHolm_48_m
147	SamuelJacksonn	48	AGE48	16118	16117_SamuelJacksonn_48_m
148	WillSmith 	48	AGE48	16053	16052_WillSmith _48_m
96	JackColeman	48	AGE48	3309	3308_JackColeman_48_m
310	KevinBacon	48	AGE48	2733	2732_KevinBacon_48_m
309	WilliamDafoe	48	AGE48	4477	4476_WilliamDafoe_48_m
375	EdwardGRobinson	48	AGE48	9438	9437_EdwardGRobinson_48_m
30	AnnetteBening	48	AGE48	11419	11418_AnnetteBening_48_f
434	DavidCarradine	48	AGE48	8605	8604_DavidCarradine_48_m
167	KatharineHepburn	48	AGE48	14906	14905_KatharineHepburn_48_f
182	DustinHoffman	48	AGE48	4526	4525_DustinHoffman_48_m
316	MegRyan	48	AGE48	9695	9694_MegRyan_48_f
541	ThelmaRitter	48	AGE48	13789	13788_ThelmaRitter_48_f
295	JanetEllis	48	AGE48	15446	15445_JanetEllis_48_f
281	RutgerHauer	48	AGE48	3767	3766_RutgerHauer_48_m
298	FrankSinatra	48	AGE48	8628	8627_FrankSinatra_48_m
83	AlPacino	48	AGE48	1627	1626_AlPacino_48_m
369	BorisKarloff	48	AGE48	6922	6921_BorisKarloff_48_m
565	MelGibson	48	AGE48	2159	2158_MelGibson_48_m
19	EdwardFox	48	AGE48	1922	1921_EdwardFox_48_m
142	JanetGaynor	48	AGE48	14258	14257_JanetGaynor_48_f
435	DebbieReynolds	48	AGE48	12039	12038_DebbieReynolds_48_f
147	SamuelJacksonn	48	AGE48	16119	16118_SamuelJacksonn_48_m
41	DenzelWashington	48	AGE48	6187	6186_DenzelWashington_48_m
376	Fernandel	48	AGE48	4567	4566_Fernandel_48_m
163	CharlieSheen	48	AGE48	4046	4045_CharlieSheen_48_m
165	AdolfHitlerr	48	AGE48	777	776_AdolfHitlerr_48_m
535	Tyson	49	AGE49	16459	16458_Tyson_49_f
90	MichelPiccoli	49	AGE49	4755	4754_MichelPiccoli_49_m
508	VictorMature	49	AGE49	8425	8424_VictorMature_49_m
550	RalphMacchio	49	AGE49	4365	4364_RalphMacchio_49_m
396	JeremyKemp	49	AGE49	2647	2646_JeremyKemp_49_m
166	AnnJillian	49	AGE49	14997	14996_AnnJillian_49_f
553	DanielleDarrieux	49	AGE49	13427	13426_DanielleDarrieux_49_f
2	RoyRogers	49	AGE49	5711	5710_RoyRogers_49_m
445	JohnCassavetes	49	AGE49	8683	8682_JohnCassavetes_49_m
531	TimothyDalton	49	AGE49	4977	4976_TimothyDalton_49_m
507	RowanAtkinson	49	AGE49	6790	6789_RowanAtkinson_49_m
159	PierceBrosnan	49	AGE49	4805	4804_PierceBrosnan_49_m
449	ZsaZsaGabor	49	AGE49	11378	11377_ZsaZsaGabor_49_f
302	ClaudeRich	49	AGE49	2471	2470_ClaudeRich_49_m
147	SamuelJacksonn	49	AGE49	16121	16120_SamuelJacksonn_49_m
172	ChristopherEccleston	49	AGE49	8907	8906_ChristopherEccleston_49_m
265	BurtReynolds	49	AGE49	3989	3988_BurtReynolds_49_m
145	DonJohnson	49	AGE49	2523	2522_DonJohnson_49_m
389	JaneBirkin	49	AGE49	10093	10092_JaneBirkin_49_f
546	SusanSarandon	49	AGE49	11743	11742_SusanSarandon_49_f
415	SamNeill	49	AGE49	2309	2308_SamNeill_49_m
256	PatrickSwayze	49	AGE49	8178	8177_PatrickSwayze_49_m
172	ChristopherEccleston	49	AGE49	8906	8905_ChristopherEccleston_49_m
121	RafVallone	49	AGE49	6042	6041_RafVallone_49_m
377	TomHulce	49	AGE49	1819	1818_TomHulce_49_m
159	PierceBrosnan	49	AGE49	4804	4803_PierceBrosnan_49_m
88	StacyKeach	49	AGE49	3816	3815_StacyKeach_49_m
535	Tyson	49	AGE49	16439	16438_Tyson_49_f
264	LexBarker	49	AGE49	6595	6594_LexBarker_49_m
58	OliviadeHavilland	49	AGE49	14440	14439_OliviadeHavilland_49_f
510	PeterFalk	49	AGE49	5605	5604_PeterFalk_49_m
372	BernadetteLafont	49	AGE49	14885	14884_BernadetteLafont_49_f
171	EmmaThompson	49	AGE49	11041	11040_EmmaThompson_49_f
332	TomHanks	49	AGE49	1786	1785_TomHanks_49_m
171	EmmaThompson	49	AGE49	11042	11041_EmmaThompson_49_f
419	ShirleyJones	49	AGE49	11261	11260_ShirleyJones_49_f
236	VeronicaLake	49	AGE49	15940	15939_VeronicaLake_49_f
310	KevinBacon	49	AGE49	2735	2734_KevinBacon_49_m
297	TildaSwinton	49	AGE49	11779	11778_TildaSwinton_49_f
254	Thanasisveggos	49	AGE49	9413	9412_Thanasisveggos_49_m
368	BettyGarrett	49	AGE49	15057	15056_BettyGarrett_49_f
74	AnthonyQuayle	49	AGE49	7834	7833_AnthonyQuayle_49_m
447	GlennClose	49	AGE49	9991	9990_GlennClose_49_f
258	FredMacMurray	49	AGE49	8963	8962_FredMacMurray_49_m
260	AmandaRedman	49	AGE49	13292	13291_AmandaRedman_49_f
327	TommyLeeJones	49	AGE49	5746	5745_TommyLeeJones_49_m
122	MorganFreeman 	49	AGE49	16049	16048_MorganFreeman _49_m
126	JamesArness	49	AGE49	6351	6350_JamesArness_49_m
331	SamElliott	49	AGE49	2892	2891_SamElliott_49_m
294	JamieLeeCurtis	49	AGE49	12691	12690_JamieLeeCurtis_49_f
295	JanetEllis	49	AGE49	15447	15446_JanetEllis_49_f
559	SylvesterStallone	49	AGE49	7600	7599_SylvesterStallone_49_m
309	WilliamDafoe	49	AGE49	4478	4477_WilliamDafoe_49_m
168	JohnCleese	49	AGE49	2687	2686_JohnCleese_49_m
327	TommyLeeJones	49	AGE49	5747	5746_TommyLeeJones_49_m
107	DianneWiest	49	AGE49	10490	10489_DianneWiest_49_f
66	BruceWillis	49	AGE49	3090	3089_BruceWillis_49_m
311	MonicaVitti	49	AGE49	11201	11200_MonicaVitti_49_f
402	Davis	49	AGE49	16318	16317_Davis_49_f
451	BurtLancaster	49	AGE49	9301	9300_BurtLancaster_49_m
10	JeffDaniels	49	AGE49	3374	3373_JeffDaniels_49_m
339	ChuckNorris	49	AGE49	3113	3112_ChuckNorris_49_m
168	JohnCleese	49	AGE49	2686	2685_JohnCleese_49_m
19	EdwardFox	49	AGE49	1923	1922_EdwardFox_49_m
49	BobHope	49	AGE49	5159	5158_BobHope_49_m
369	BorisKarloff	49	AGE49	6923	6922_BorisKarloff_49_m
501	RayLiotta	49	AGE49	2241	2240_RayLiotta_49_m
462	KateOMara	49	AGE49	15606	15605_KateOMara_49_f
402	Davis	49	AGE49	16321	16320_Davis_49_f
423	JoanCusack	49	AGE49	10161	10160_JoanCusack_49_f
521	StefaniePowers	49	AGE49	15829	15828_StefaniePowers_49_f
262	MarlonBrando	49	AGE49	9117	9116_MarlonBrando_49_m
453	DaliahLavi	49	AGE49	10955	10954_DaliahLavi_49_f
262	MarlonBrando	49	AGE49	9110	9109_MarlonBrando_49_m
16	ReginaldOwen	49	AGE49	8248	8247_ReginaldOwen_49_m
333	RobertPowell	49	AGE49	4423	4422_RobertPowell_49_m
350	VittorioGassman	49	AGE49	9252	9251_VittorioGassman_49_m
488	DickVanDyke	49	AGE49	4103	4102_DickVanDyke_49_m
558	MichaelPalin	49	AGE49	4325	4324_MichaelPalin_49_m
263	JanePowell	49	AGE49	15395	15394_JanePowell_49_f
215	JulieHagerty	49	AGE49	15568	15567_JulieHagerty_49_f
227	KennethBranagh	49	AGE49	5443	5442_KennethBranagh_49_m
344	ElVenizelos	49	AGE49	709	708_ElVenizelos_49_m
110	MargaretThatcher	49	AGE49	564	563_MargaretThatcher_49_f
36	ScottGlenn	49	AGE49	2931	2930_ScottGlenn_49_m
403	RogerAllam	49	AGE49	3735	3734_RogerAllam_49_m
251	St╨ТphaneAudran	49	AGE49	15877	15876_St╨ТphaneAudran_49_f
44	VincentPrice	49	AGE49	7728	7727_VincentPrice_49_m
300	PeterMarkRichman	49	AGE49	7489	7488_PeterMarkRichman_49_m
89	PatriciaNeal	49	AGE49	13752	13751_PatriciaNeal_49_f
75	EllenBurstyn	49	AGE49	11002	11001_EllenBurstyn_49_f
3	ArnoldSchwarzenegger	49	AGE49	8841	8840_ArnoldSchwarzenegger_49_m
24	HelenHunt	49	AGE49	10062	10061_HelenHunt_49_f
262	MarlonBrando	49	AGE49	9126	9125_MarlonBrando_49_m
446	AbeVigoda	49	AGE49	2326	2325_AbeVigoda_49_m
375	EdwardGRobinson	49	AGE49	9439	9438_EdwardGRobinson_49_m
82	MarcelloMastroianni	49	AGE49	9591	9590_MarcelloMastroianni_49_m
33	JamesCoburn	49	AGE49	6416	6415_JamesCoburn_49_m
259	ChristopherWalken	49	AGE49	7012	7011_ChristopherWalken_49_m
311	MonicaVitti	49	AGE49	11200	11199_MonicaVitti_49_f
257	HorstBuchholz	49	AGE49	8043	8042_HorstBuchholz_49_m
167	KatharineHepburn	49	AGE49	14908	14907_KatharineHepburn_49_f
167	KatharineHepburn	49	AGE49	14909	14908_KatharineHepburn_49_f
310	KevinBacon	49	AGE49	2734	2733_KevinBacon_49_m
18	ElsaMartinelli	49	AGE49	12073	12072_ElsaMartinelli_49_f
163	CharlieSheen	49	AGE49	4048	4047_CharlieSheen_49_m
388	JoanCollins	49	AGE49	10543	10542_JoanCollins_49_f
181	FernandoRey	49	AGE49	6311	6310_FernandoRey_49_m
438	JackLemon	49	AGE49	5320	5319_JackLemon_49_m
148	WillSmith 	49	AGE49	16081	16080_WillSmith _49_m
541	ThelmaRitter	49	AGE49	13790	13789_ThelmaRitter_49_f
194	JaneFonda	49	AGE49	10123	10122_JaneFonda_49_f
418	DeborahKerr	49	AGE49	13973	13972_DeborahKerr_49_f
485	DanaAndrews	49	AGE49	6148	6147_DanaAndrews_49_m
433	MaximilianShell	49	AGE49	9481	9480_MaximilianShell_49_m
284	RobertMorley	49	AGE49	7551	7550_RobertMorley_49_m
48	GenaRowlands	49	AGE49	4140	4139_GenaRowlands_49_m
548	CatherineDeneuve	49	AGE49	12961	12960_CatherineDeneuve_49_f
299	GeorgeMontgomery	49	AGE49	9326	9325_GeorgeMontgomery_49_m
512	WilliamHolden	49	AGE49	8480	8479_WilliamHolden_49_m
25	ShirleyMacLaine	49	AGE49	13256	13255_ShirleyMacLaine_49_f
61	RonaldReagan	49	AGE49	740	739_RonaldReagan_49_m
458	JeanMarais	49	AGE49	5970	5969_JeanMarais_49_m
410	AlejandroRey	49	AGE49	8503	8502_AlejandroRey_49_m
364	SarahDouglas	49	AGE49	15802	15801_SarahDouglas_49_f
195	LorneGreene	49	AGE49	8147	8146_LorneGreene_49_m
515	mahatmagandhi	49	AGE49	848	847_mahatmagandhi_49_m
46	JohnMalkovich	49	AGE49	5386	5385_JohnMalkovich_49_m
483	Bono	49	AGE49	1553	1552_Bono_49_m
357	KathyBates	49	AGE49	10228	10227_KathyBates_49_f
337	RichardCrenna	49	AGE49	8323	8322_RichardCrenna_49_m
197	LinoVentura	49	AGE49	7319	7318_LinoVentura_49_m
357	KathyBates	49	AGE49	10242	10241_KathyBates_49_f
407	JulieAdams	49	AGE49	10203	10202_JulieAdams_49_f
34	MireilleDarc	49	AGE49	11678	11677_MireilleDarc_49_f
180	MichellePfeiffer	49	AGE49	13197	13196_MichellePfeiffer_49_f
245	RichardBoone	49	AGE49	7517	7516_RichardBoone_49_m
241	SeanConnery	49	AGE49	3781	3780_SeanConnery_49_m
358	NicolasSarkozy	49	AGE49	5538	5537_NicolasSarkozy_49_m
320	TippiHedren	49	AGE49	10882	10881_TippiHedren_49_f
69	BrianDennehy	49	AGE49	3952	3951_BrianDennehy_49_m
309	WilliamDafoe	49	AGE49	4479	4478_WilliamDafoe_49_m
29	IreneDunne	49	AGE49	13567	13566_IreneDunne_49_f
100	LyleTalbot	49	AGE49	7383	7382_LyleTalbot_49_m
382	GilbertRoland	49	AGE49	7959	7958_GilbertRoland_49_m
193	GeorgePeppard	49	AGE49	7918	7917_GeorgePeppard_49_m
1	HerbertLom	49	AGE49	5857	5856_HerbertLom_49_m
255	NickNolte	49	AGE49	2199	2198_NickNolte_49_m
113	GladysCooper	49	AGE49	13502	13501_GladysCooper_49_f
244	JeffGoldblum	49	AGE49	4663	4662_JeffGoldblum_49_m
317	BillMurray	49	AGE49	2409	2408_BillMurray_49_m
30	AnnetteBening	49	AGE49	11420	11419_AnnetteBening_49_f
246	LeifErickson	49	AGE49	7289	7288_LeifErickson_49_m
306	KrisKristofferson	49	AGE49	7253	7252_KrisKristofferson_49_m
96	JackColeman	49	AGE49	3311	3310_JackColeman_49_m
281	RutgerHauer	49	AGE49	3768	3767_RutgerHauer_49_m
113	GladysCooper	49	AGE49	7111	7110_GladysCooper_49_m
153	GaryOldman	49	AGE49	2566	2565_GaryOldman_49_m
530	SimonMacCorkindale	49	AGE49	8369	8368_SimonMacCorkindale_49_m
280	BillNighy	49	AGE49	3048	3047_BillNighy_49_m
231	AnthonyAndrews	49	AGE49	5060	5059_AnthonyAndrews_49_m
362	CyndiLauper	49	AGE49	11440	11439_CyndiLauper_49_f
43	AnnMiller	49	AGE49	15025	15024_AnnMiller_49_f
140	EdHarris	49	AGE49	1709	1708_EdHarris_49_m
514	LindaEvans	49	AGE49	10625	10624_LindaEvans_49_f
154	JeanneMoreau	49	AGE49	11065	11064_JeanneMoreau_49_f
184	GeorgesMarchal	49	AGE49	9347	9346_GeorgesMarchal_49_m
408	MelBrooks	49	AGE49	2103	2102_MelBrooks_49_m
565	MelGibson	49	AGE49	2160	2159_MelGibson_49_m
50	PeggyLipton	49	AGE49	10814	10813_PeggyLipton_49_f
183	WoodyAllen	49	AGE49	2994	2993_WoodyAllen_49_m
360	UgoTognazzi	49	AGE49	7692	7691_UgoTognazzi_49_m
192	NielsBohr	49	AGE49	1084	1083_NielsBohr_49_m
316	MegRyan	49	AGE49	9696	9695_MegRyan_49_f
277	AliMacGraw	49	AGE49	9931	9930_AliMacGraw_49_f
459	WilliamShatner	49	AGE49	6092	6091_WilliamShatner_49_m
78	JamesBest	49	AGE49	1956	1955_JamesBest_49_m
489	MarleneDietrich	49	AGE49	14733	14732_MarleneDietrich_49_f
191	LouCostello	49	AGE49	6617	6616_LouCostello_49_m
282	ValerieHarper	49	AGE49	11797	11796_ValerieHarper_49_f
540	JeanClaudeVanDamme	49	AGE49	9065	9064_JeanClaudeVanDamme_49_m
436	LindsayWagner	49	AGE49	11579	11578_LindsayWagner_49_f
190	ClintWalker	49	AGE49	4070	4069_ClintWalker_49_m
489	MarleneDietrich	49	AGE49	14732	14731_MarleneDietrich_49_f
180	MichellePfeiffer	49	AGE49	13210	13209_MichellePfeiffer_49_f
129	AlCorley	49	AGE49	1612	1611_AlCorley_49_m
551	JeanetteMacDonald	49	AGE49	15508	15507_JeanetteMacDonald_49_f
115	BarbaraBain	49	AGE49	10417	10416_BarbaraBain_49_f
12	MerylStreep	49	AGE49	10741	10740_MerylStreep_49_f
232	ConnieBooth	49	AGE49	15167	15166_ConnieBooth_49_f
163	CharlieSheen	49	AGE49	4049	4048_CharlieSheen_49_m
0	YvesMontand	49	AGE49	6892	6891_YvesMontand_49_m
229	Myl╨ЪneDemongeot	49	AGE49	12867	12866_Myl╨ЪneDemongeot_49_f
289	JohnWayne	49	AGE49	7197	7196_JohnWayne_49_m
59	MichaelKeaton	49	AGE49	5501	5500_MichaelKeaton_49_m
237	KathleenTurner	49	AGE49	12771	12770_KathleenTurner_49_f
42	RoyScheider	49	AGE49	6804	6803_RoyScheider_49_m
104	VanessaRedgrave	49	AGE49	13817	13816_VanessaRedgrave_49_f
323	JohnJames	49	AGE49	2042	2041_JohnJames_49_m
456	Fotopoulos	49	AGE49	5261	5260_Fotopoulos_49_m
376	Fernandel	49	AGE49	4568	4567_Fernandel_49_m
456	Fotopoulos	49	AGE49	5256	5255_Fotopoulos_49_m
26	FayeDunaway	49	AGE49	10518	10517_FayeDunaway_49_f
205	LarryEllison	49	AGE49	326	325_LarryEllison_49_m
476	RaquelWelch	49	AGE49	10842	10841_RaquelWelch_49_f
174	LelandStanford	49	AGE49	421	420_LelandStanford_49_m
64	MikeConnors	49	AGE49	3612	3611_MikeConnors_49_m
112	MickeyRooney	49	AGE49	7426	7425_MickeyRooney_49_m
15	AnneBancroft	49	AGE49	13854	13853_AnneBancroft_49_f
325	tomselleck	49	AGE49	2968	2967_tomselleck_49_m
56	AudreyHepburn	49	AGE49	14556	14555_AudreyHepburn_49_f
518	RomanPolanski	49	AGE49	4905	4904_RomanPolanski_49_m
474	TellySavalas	49	AGE49	7623	7622_TellySavalas_49_m
173	GreerGarson	49	AGE49	14024	14023_GreerGarson_49_f
32	BonnieHunt	49	AGE49	15105	15104_BonnieHunt_49_f
131	ElizabethTaylor	49	AGE49	14705	14704_ElizabethTaylor_49_f
451	BurtLancaster	49	AGE49	9303	9302_BurtLancaster_49_m
421	SigourneyWeaver	49	AGE49	13308	13307_SigourneyWeaver_49_f
290	CHARLIERUGGLES	49	AGE49	9509	9508_CHARLIERUGGLES_49_m
237	KathleenTurner	49	AGE49	12772	12771_KathleenTurner_49_f
266	MickJagger	49	AGE49	2787	2786_MickJagger_49_m
353	ArmandAssante	49	AGE49	5134	5133_ArmandAssante_49_m
70	PamelaSueMartin	49	AGE49	15776	15775_PamelaSueMartin_49_f
455	AlanRickman	49	AGE49	3019	3018_AlanRickman_49_m
131	ElizabethTaylor	49	AGE49	14699	14698_ElizabethTaylor_49_f
307	GiulianoGemma	49	AGE49	8001	8000_GiulianoGemma_49_m
556	CarlosSantana	49	AGE49	4497	4496_CarlosSantana_49_m
538	BarbaraStanwyck	49	AGE49	14653	14652_BarbaraStanwyck_49_f
176	RodTaylor	49	AGE49	2276	2275_RodTaylor_49_m
201	KirkDouglas	49	AGE49	4295	4294_KirkDouglas_49_m
559	SylvesterStallone	49	AGE49	7599	7598_SylvesterStallone_49_m
517	GeraldinePage	49	AGE49	14211	14210_GeraldinePage_49_f
313	LeslieCaron	49	AGE49	3461	3460_LeslieCaron_49_m
102	WalterPidgeon	49	AGE49	8444	8443_WalterPidgeon_49_m
539	KristinScottThomas	49	AGE49	14349	14348_KristinScottThomas_49_f
460	AnneBaxter	49	AGE49	12514	12513_AnneBaxter_49_f
412	BeaArthur	49	AGE49	11892	11891_BeaArthur_49_f
431	RobertRedford	49	AGE49	4831	4830_RobertRedford_49_m
321	DannyDeVito	49	AGE49	3147	3146_DannyDeVito_49_m
179	LorettaYoung	49	AGE49	14379	14378_LorettaYoung_49_f
526	AngieDickinson	49	AGE49	12449	12448_AngieDickinson_49_f
491	PhilHartman	49	AGE49	3680	3679_PhilHartman_49_m
198	ThomasTerry	49	AGE49	6857	6856_ThomasTerry_49_m
101	EdwardTeller	49	AGE49	1046	1045_EdwardTeller_49_m
406	StevenSeagal	49	AGE49	4445	4444_StevenSeagal_49_m
365	JohnVernon	49	AGE49	6460	6459_JohnVernon_49_m
178	AndyGriffith	49	AGE49	7801	7800_AndyGriffith_49_m
456	Fotopoulos	49	AGE49	5258	5257_Fotopoulos_49_m
247	MichaelYork	49	AGE49	3579	3578_MichaelYork_49_m
270	ErnestHemingway	49	AGE49	1412	1411_ErnestHemingway_49_m
204	LilliPalmer	49	AGE49	13680	13679_LilliPalmer_49_f
86	MarietteHartley	49	AGE49	10294	10293_MarietteHartley_49_f
42	RoyScheider	49	AGE49	13225	13224_RoyScheider_49_f
269	BenGazzara	49	AGE49	5782	5781_BenGazzara_49_m
440	RayDanton	49	AGE49	5675	5674_RayDanton_49_m
288	AnitaEkberg	49	AGE49	10358	10357_AnitaEkberg_49_f
134	JohnLithgow	49	AGE49	3392	3391_JohnLithgow_49_m
238	RobertMitchum	49	AGE49	9219	9218_RobertMitchum_49_m
81	EdwigeFenech	49	AGE49	15319	15318_EdwigeFenech_49_f
40	AnthonyHopkins	49	AGE49	5078	5077_AnthonyHopkins_49_m
373	BobDylan	49	AGE49	1677	1676_BobDylan_49_m
380	TomasMilian	49	AGE49	3904	3903_TomasMilian_49_m
416	JohnHuston	49	AGE49	5999	5998_JohnHuston_49_m
397	GeraldineChaplin	49	AGE49	13040	13039_GeraldineChaplin_49_f
551	JeanetteMacDonald	49	AGE49	15489	15488_JeanetteMacDonald_49_f
463	OrnellaMuti	49	AGE49	10784	10783_OrnellaMuti_49_f
28	AndreasPapantreou	49	AGE49	895	894_AndreasPapantreou_49_m
500	IanHolm	50	AGE50	1570	1569_IanHolm_50_m
372	BernadetteLafont	50	AGE50	14886	14885_BernadetteLafont_50_f
41	DenzelWashington	50	AGE50	6171	6170_DenzelWashington_50_m
340	CliffRobertson	50	AGE50	8559	8558_CliffRobertson_50_m
239	RoseMarie	50	AGE50	9900	9899_RoseMarie_50_f
56	AudreyHepburn	50	AGE50	14539	14538_AudreyHepburn_50_f
240	ErrolFlynn	50	AGE50	6280	6279_ErrolFlynn_50_m
460	AnneBaxter	50	AGE50	12515	12514_AnneBaxter_50_f
528	MichaelBloomberg	50	AGE50	315	314_MichaelBloomberg_50_m
376	Fernandel	50	AGE50	4569	4568_Fernandel_50_m
151	AnnieGirardot	50	AGE50	13895	13894_AnnieGirardot_50_f
242	AvaGardner	50	AGE50	13331	13330_AvaGardner_50_f
528	MichaelBloomberg	50	AGE50	313	312_MichaelBloomberg_50_m
529	RichardBurton	50	AGE50	9195	9194_RichardBurton_50_m
11	MichaelSarrazin	50	AGE50	9146	9145_MichaelSarrazin_50_m
459	WilliamShatner	50	AGE50	6075	6074_WilliamShatner_50_m
375	EdwardGRobinson	50	AGE50	9440	9439_EdwardGRobinson_50_m
245	RichardBoone	50	AGE50	7518	7517_RichardBoone_50_m
155	SteveJobsb	50	AGE50	404	403_SteveJobsb_50_m
157	angelamerkel	50	AGE50	540	539_angelamerkel_50_f
461	TimCurry	50	AGE50	1742	1741_TimCurry_50_m
237	KathleenTurner	50	AGE50	12773	12772_KathleenTurner_50_f
44	VincentPrice	50	AGE50	7729	7728_VincentPrice_50_m
17	LuiseRainer	50	AGE50	10648	10647_LuiseRainer_50_f
233	Arletty	50	AGE50	10917	10916_Arletty_50_f
43	AnnMiller	50	AGE50	15026	15025_AnnMiller_50_f
501	RayLiotta	50	AGE50	2242	2241_RayLiotta_50_m
149	AlecGuinness	50	AGE50	8763	8762_AlecGuinness_50_m
525	BoDerek	50	AGE50	9664	9663_BoDerek_50_f
377	TomHulce	50	AGE50	1820	1819_TomHulce_50_m
69	BrianDennehy	50	AGE50	3953	3952_BrianDennehy_50_m
526	AngieDickinson	50	AGE50	12450	12449_AngieDickinson_50_f
119	AlanYoung	50	AGE50	1889	1888_AlanYoung_50_m
159	PierceBrosnan	50	AGE50	4806	4805_PierceBrosnan_50_m
462	KateOMara	50	AGE50	15607	15606_KateOMara_50_f
339	ChuckNorris	50	AGE50	3114	3113_ChuckNorris_50_m
338	FrancescaAnnis	50	AGE50	12150	12149_FrancescaAnnis_50_f
394	OrsonWelles	50	AGE50	6663	6662_OrsonWelles_50_m
236	VeronicaLake	50	AGE50	15941	15940_VeronicaLake_50_f
350	VittorioGassman	50	AGE50	9253	9252_VittorioGassman_50_m
463	OrnellaMuti	50	AGE50	10785	10784_OrnellaMuti_50_f
490	Gaddafi	50	AGE50	972	971_Gaddafi_50_m
483	Bono	50	AGE50	1554	1553_Bono_50_m
198	ThomasTerry	50	AGE50	6858	6857_ThomasTerry_50_m
199	CharltonHeaston	50	AGE50	8865	8864_CharltonHeaston_50_m
356	JeffreyJones	50	AGE50	4252	4251_JeffreyJones_50_m
482	JuneLockhart	50	AGE50	11131	11130_JuneLockhart_50_f
563	PaulAnka	50	AGE50	102	101_PaulAnka_50_m
491	PhilHartman	50	AGE50	3681	3680_PhilHartman_50_m
134	JohnLithgow	50	AGE50	3393	3392_JohnLithgow_50_m
0	YvesMontand	50	AGE50	6893	6892_YvesMontand_50_m
178	AndyGriffith	50	AGE50	7802	7801_AndyGriffith_50_m
492	RobertDuvall	50	AGE50	4383	4382_RobertDuvall_50_m
355	CelesteHolm	50	AGE50	13378	13377_CelesteHolm_50_f
133	LeeJCobb	50	AGE50	6568	6567_LeeJCobb_50_m
479	PeterUstinov	50	AGE50	8211	8210_PeterUstinov_50_m
177	OliviaHussey	50	AGE50	11716	11715_OliviaHussey_50_f
176	RodTaylor	50	AGE50	2277	2276_RodTaylor_50_m
40	AnthonyHopkins	50	AGE50	5101	5100_AnthonyHopkins_50_m
493	PiaLindstrom	50	AGE50	11229	11228_PiaLindstrom_50_f
354	RandolphScott	50	AGE50	8230	8229_RandolphScott_50_m
494	JessicaTandy	50	AGE50	13627	13626_JessicaTandy_50_f
206	HowardKeel	50	AGE50	5900	5899_HowardKeel_50_m
131	ElizabethTaylor	50	AGE50	14711	14710_ElizabethTaylor_50_f
475	NeildeGrasseTyson 	50	AGE50	16004	16003_NeildeGrasseTyson _50_m
353	ArmandAssante	50	AGE50	5135	5134_ArmandAssante_50_m
145	DonJohnson	50	AGE50	2524	2523_DonJohnson_50_m
367	LiamNeeson	50	AGE50	2761	2760_LiamNeeson_50_m
495	CybillShepherd	50	AGE50	12008	12007_CybillShepherd_50_f
59	MichaelKeaton	50	AGE50	5502	5501_MichaelKeaton_50_m
511	JackNicolson	50	AGE50	5279	5278_JackNicolson_50_m
180	MichellePfeiffer	50	AGE50	13211	13210_MichellePfeiffer_50_f
365	JohnVernon	50	AGE50	6461	6460_JohnVernon_50_m
8	SimoneSignoret	50	AGE50	14851	14850_SimoneSignoret_50_f
187	JenniferJones	50	AGE50	14582	14581_JenniferJones_50_f
41	DenzelWashington	50	AGE50	6180	6179_DenzelWashington_50_m
361	CarlSagan	50	AGE50	992	991_CarlSagan_50_m
361	CarlSagan	50	AGE50	998	997_CarlSagan_50_m
54	KevinSpacey	50	AGE50	3439	3438_KevinSpacey_50_m
488	DickVanDyke	50	AGE50	4104	4103_DickVanDyke_50_m
41	DenzelWashington	50	AGE50	6186	6185_DenzelWashington_50_m
564	SusanHayward	50	AGE50	14507	14506_SusanHayward_50_f
189	MurrayHamilton	50	AGE50	8704	8703_MurrayHamilton_50_m
190	ClintWalker	50	AGE50	4071	4070_ClintWalker_50_m
41	DenzelWashington	50	AGE50	6178	6177_DenzelWashington_50_m
140	EdHarris	50	AGE50	1710	1709_EdHarris_50_m
42	RoyScheider	50	AGE50	6805	6804_RoyScheider_50_m
382	GilbertRoland	50	AGE50	7960	7959_GilbertRoland_50_m
510	PeterFalk	50	AGE50	5606	5605_PeterFalk_50_m
360	UgoTognazzi	50	AGE50	7693	7692_UgoTognazzi_50_m
382	GilbertRoland	50	AGE50	7961	7960_GilbertRoland_50_m
192	NielsBohr	50	AGE50	1093	1092_NielsBohr_50_m
192	NielsBohr	50	AGE50	1100	1099_NielsBohr_50_m
193	GeorgePeppard	50	AGE50	7919	7918_GeorgePeppard_50_m
383	JamesGarner	50	AGE50	4625	4624_JamesGarner_50_m
358	NicolasSarkozy	50	AGE50	5539	5538_NicolasSarkozy_50_m
20	JohnTravolta	50	AGE50	4700	4699_JohnTravolta_50_m
60	CharlesGrodin	50	AGE50	5191	5190_CharlesGrodin_50_m
490	Gaddafi	50	AGE50	968	967_Gaddafi_50_m
485	DanaAndrews	50	AGE50	6156	6155_DanaAndrews_50_m
195	LorneGreene	50	AGE50	8148	8147_LorneGreene_50_m
137	SidneyPoitier	50	AGE50	16161	16160_SidneyPoitier_50_m
8	SimoneSignoret	50	AGE50	14846	14845_SimoneSignoret_50_f
181	FernandoRey	50	AGE50	6312	6311_FernandoRey_50_m
191	LouCostello	50	AGE50	6618	6617_LouCostello_50_m
64	MikeConnors	50	AGE50	3613	3612_MikeConnors_50_m
474	TellySavalas	50	AGE50	7624	7623_TellySavalas_50_m
474	TellySavalas	50	AGE50	7638	7637_TellySavalas_50_m
38	BarbaraBouchet	50	AGE50	11865	11864_BarbaraBouchet_50_f
346	GloriaSwanson	50	AGE50	14002	14001_GloriaSwanson_50_f
221	JulieBishop	50	AGE50	15548	15547_JulieBishop_50_f
520	MaryTamm	50	AGE50	15748	15747_MaryTamm_50_f
123	Dee	50	AGE50	16333	16332_Dee_50_f
499	AmandaBlake	50	AGE50	14967	14966_AmandaBlake_50_f
467	BertrandRussell	50	AGE50	1366	1365_BertrandRussell_50_m
521	StefaniePowers	50	AGE50	15846	15845_StefaniePowers_50_f
467	BertrandRussell	50	AGE50	1354	1353_BertrandRussell_50_m
168	JohnCleese	50	AGE50	2688	2687_JohnCleese_50_m
370	PeterOToole	50	AGE50	5641	5640_PeterOToole_50_m
67	JamesCaan	50	AGE50	2004	2003_JamesCaan_50_m
370	PeterOToole	50	AGE50	5640	5639_PeterOToole_50_m
465	JohnDRockefeller	50	AGE50	432	431_JohnDRockefeller_50_m
66	BruceWillis	50	AGE50	3091	3090_BruceWillis_50_m
36	ScottGlenn	50	AGE50	2932	2931_ScottGlenn_50_m
344	ElVenizelos	50	AGE50	713	712_ElVenizelos_50_m
344	ElVenizelos	50	AGE50	706	705_ElVenizelos_50_m
560	GregoryPeck	50	AGE50	9364	9363_GregoryPeck_50_m
68	KevinCostner	50	AGE50	4279	4278_KevinCostner_50_m
523	MartinSheen	50	AGE50	3534	3533_MartinSheen_50_m
57	AlikiBoug	50	AGE50	12538	12537_AlikiBoug_50_f
559	SylvesterStallone	50	AGE50	7602	7601_SylvesterStallone_50_m
464	BetteMidler	50	AGE50	10457	10456_BetteMidler_50_f
342	MarieCurie	50	AGE50	1293	1292_MarieCurie_50_f
10	JeffDaniels	50	AGE50	3375	3374_JeffDaniels_50_m
342	MarieCurie	50	AGE50	1295	1294_MarieCurie_50_f
120	TomJones	50	AGE50	1848	1847_TomJones_50_m
163	CharlieSheen	50	AGE50	4050	4049_CharlieSheen_50_m
120	TomJones	50	AGE50	9769	9768_TomJones_50_f
121	RafVallone	50	AGE50	6043	6042_RafVallone_50_m
559	SylvesterStallone	50	AGE50	7601	7600_SylvesterStallone_50_m
347	Soljenitsyne	50	AGE50	1350	1349_Soljenitsyne_50_m
147	SamuelJacksonn	50	AGE50	16120	16119_SamuelJacksonn_50_m
46	JohnMalkovich	50	AGE50	5387	5386_JohnMalkovich_50_m
352	OdysseasElytis	50	AGE50	1388	1387_OdysseasElytis_50_m
379	JamesCagney	50	AGE50	6385	6384_JamesCagney_50_m
173	GreerGarson	50	AGE50	14032	14031_GreerGarson_50_f
39	TonyBlair	50	AGE50	662	661_TonyBlair_50_m
518	RomanPolanski	50	AGE50	4906	4905_RomanPolanski_50_m
172	ChristopherEccleston	50	AGE50	8908	8907_ChristopherEccleston_50_m
129	AlCorley	50	AGE50	1613	1612_AlCorley_50_m
211	AnjelicaHuston	50	AGE50	11826	11825_AnjelicaHuston_50_f
211	AnjelicaHuston	50	AGE50	11825	11824_AnjelicaHuston_50_f
351	JonVoight	50	AGE50	2066	2065_JonVoight_50_m
128	JPMorgan	50	AGE50	360	359_JPMorgan_50_m
127	HumphreyBogard	50	AGE50	9024	9023_HumphreyBogard_50_m
42	RoyScheider	50	AGE50	13226	13225_RoyScheider_50_f
378	ImeldaStaunton	50	AGE50	12209	12208_ImeldaStaunton_50_f
65	JohnForsythe	50	AGE50	8075	8074_JohnForsythe_50_m
127	HumphreyBogard	50	AGE50	9023	9022_HumphreyBogard_50_m
389	JaneBirkin	50	AGE50	10094	10093_JaneBirkin_50_f
170	CharlesBoyer	50	AGE50	6966	6965_CharlesBoyer_50_m
509	MichaelCaine	50	AGE50	4730	4729_MichaelCaine_50_m
214	JoanLeslie	50	AGE50	10182	10181_JoanLeslie_50_f
127	HumphreyBogard	50	AGE50	9012	9011_HumphreyBogard_50_m
126	JamesArness	50	AGE50	6352	6351_JamesArness_50_m
215	JulieHagerty	50	AGE50	15569	15568_JulieHagerty_50_f
349	GregorMendel	50	AGE50	1111	1110_GregorMendel_50_m
470	FranklinDRoosevelt	50	AGE50	930	929_FranklinDRoosevelt_50_m
146	RicardoMontalb╨░n	50	AGE50	9548	9547_RicardoMontalb╨░n_50_m
4	CaryGrant	50	AGE50	6103	6102_CaryGrant_50_m
369	BorisKarloff	50	AGE50	6935	6934_BorisKarloff_50_m
469	ClaudiaCardinale	50	AGE50	12998	12997_ClaudiaCardinale_50_f
471	ClaudetteColbert	50	AGE50	14688	14687_ClaudetteColbert_50_f
197	LinoVentura	50	AGE50	7320	7319_LinoVentura_50_m
238	RobertMitchum	50	AGE50	9211	9210_RobertMitchum_50_m
51	ClaudeL╨ТviStrauss	50	AGE50	1231	1230_ClaudeL╨ТviStrauss_50_m
96	JackColeman	50	AGE50	3312	3311_JackColeman_50_m
267	MerkouriMelina	50	AGE50	14933	14932_MerkouriMelina_50_f
12	MerylStreep	50	AGE50	10742	10741_MerylStreep_50_f
55	JamesWoods	50	AGE50	2622	2621_JamesWoods_50_m
83	AlPacino	50	AGE50	1644	1643_AlPacino_50_m
430	HelenHayes	50	AGE50	13518	13517_HelenHayes_50_f
287	JosephCotten	50	AGE50	7223	7222_JosephCotten_50_m
537	Onasis	50	AGE50	353	352_Onasis_50_m
251	St╨ТphaneAudran	50	AGE50	15878	15877_St╨ТphaneAudran_50_f
424	GraceKelly	50	AGE50	13081	13080_GraceKelly_50_f
332	TomHanks	50	AGE50	1787	1786_TomHanks_50_m
547	RuthGordon	50	AGE50	12889	12888_RuthGordon_50_f
421	SigourneyWeaver	50	AGE50	13309	13308_SigourneyWeaver_50_f
111	WEBDuBois	50	AGE50	763	762_WEBDuBois_50_m
83	AlPacino	50	AGE50	1638	1637_AlPacino_50_m
262	MarlonBrando	50	AGE50	9120	9119_MarlonBrando_50_m
92	RogerMoore	50	AGE50	4861	4860_RogerMoore_50_m
259	ChristopherWalken	50	AGE50	7013	7012_ChristopherWalken_50_m
49	BobHope	50	AGE50	5160	5159_BobHope_50_m
14	StevenSpielberg	50	AGE50	6841	6840_StevenSpielberg_50_m
535	Tyson	50	AGE50	16461	16460_Tyson_50_f
538	BarbaraStanwyck	50	AGE50	14654	14653_BarbaraStanwyck_50_f
549	GoldieHawn	50	AGE50	10017	10016_GoldieHawn_50_f
280	BillNighy	50	AGE50	3049	3048_BillNighy_50_m
425	FlemingAlex	50	AGE50	1079	1078_FlemingAlex_50_m
540	JeanClaudeVanDamme	50	AGE50	9066	9065_JeanClaudeVanDamme_50_m
24	HelenHunt	50	AGE50	10063	10062_HelenHunt_50_f
531	TimothyDalton	50	AGE50	4978	4977_TimothyDalton_50_m
535	Tyson	50	AGE50	16455	16454_Tyson_50_f
108	MelindaDillion	50	AGE50	12319	12318_MelindaDillion_50_f
405	Gorbachev	50	AGE50	609	608_Gorbachev_50_m
30	AnnetteBening	50	AGE50	11421	11420_AnnetteBening_50_f
420	MaryTylerMoore	50	AGE50	12833	12832_MaryTylerMoore_50_f
412	BeaArthur	50	AGE50	11893	11892_BeaArthur_50_f
267	MerkouriMelina	50	AGE50	14936	14935_MerkouriMelina_50_f
435	DebbieReynolds	50	AGE50	12040	12039_DebbieReynolds_50_f
90	MichelPiccoli	50	AGE50	4757	4756_MichelPiccoli_50_m
535	Tyson	50	AGE50	16460	16459_Tyson_50_f
93	JonFinch	50	AGE50	5415	5414_JonFinch_50_m
255	NickNolte	50	AGE50	2200	2199_NickNolte_50_m
297	TildaSwinton	50	AGE50	11780	11779_TildaSwinton_50_f
82	MarcelloMastroianni	50	AGE50	9592	9591_MarcelloMastroianni_50_m
295	JanetEllis	50	AGE50	15448	15447_JanetEllis_50_f
451	BurtLancaster	50	AGE50	9274	9273_BurtLancaster_50_m
284	RobertMorley	50	AGE50	7552	7551_RobertMorley_50_m
326	SteveKanaly	50	AGE50	3856	3855_SteveKanaly_50_m
294	JamieLeeCurtis	50	AGE50	12692	12691_JamieLeeCurtis_50_f
76	HarveyKeitel	50	AGE50	4194	4193_HarveyKeitel_50_m
423	JoanCusack	50	AGE50	10162	10161_JoanCusack_50_f
401	ErinGray	50	AGE50	15355	15354_ErinGray_50_f
296	JaneRussell	50	AGE50	13126	13125_JaneRussell_50_f
310	KevinBacon	50	AGE50	2736	2735_KevinBacon_50_m
325	tomselleck	50	AGE50	2969	2968_tomselleck_50_m
423	JoanCusack	50	AGE50	10163	10162_JoanCusack_50_f
331	SamElliott	50	AGE50	2893	2892_SamElliott_50_m
29	IreneDunne	50	AGE50	13568	13567_IreneDunne_50_f
248	MartinScorsese	50	AGE50	5473	5472_MartinScorsese_50_m
452	GordonThomson	50	AGE50	4595	4594_GordonThomson_50_m
553	DanielleDarrieux	50	AGE50	13428	13427_DanielleDarrieux_50_f
550	RalphMacchio	50	AGE50	4366	4365_RalphMacchio_50_m
332	TomHanks	50	AGE50	1788	1787_TomHanks_50_m
110	MargaretThatcher	50	AGE50	563	562_MargaretThatcher_50_f
444	RitaHayworth	50	AGE50	13766	13765_RitaHayworth_50_f
258	FredMacMurray	50	AGE50	8964	8963_FredMacMurray_50_m
299	GeorgeMontgomery	50	AGE50	9327	9326_GeorgeMontgomery_50_m
316	MegRyan	50	AGE50	9697	9696_MegRyan_50_f
83	AlPacino	50	AGE50	1633	1632_AlPacino_50_m
450	RobertOppenheimer	50	AGE50	1238	1237_RobertOppenheimer_50_m
534	AlbertoSordi	50	AGE50	7767	7766_AlbertoSordi_50_m
32	BonnieHunt	50	AGE50	15106	15105_BonnieHunt_50_f
411	LeslieNielsen	50	AGE50	8116	8115_LeslieNielsen_50_m
83	AlPacino	50	AGE50	1629	1628_AlPacino_50_m
265	BurtReynolds	50	AGE50	3990	3989_BurtReynolds_50_m
294	JamieLeeCurtis	50	AGE50	12696	12695_JamieLeeCurtis_50_f
444	RitaHayworth	50	AGE50	13767	13766_RitaHayworth_50_f
266	MickJagger	50	AGE50	119	118_MickJagger_50_m
74	AnthonyQuayle	50	AGE50	7835	7834_AnthonyQuayle_50_m
323	JohnJames	50	AGE50	2043	2042_JohnJames_50_m
449	ZsaZsaGabor	50	AGE50	11379	11378_ZsaZsaGabor_50_f
403	RogerAllam	50	AGE50	3736	3735_RogerAllam_50_m
321	DannyDeVito	50	AGE50	3148	3147_DannyDeVito_50_m
71	EvaMarieSaint	50	AGE50	12107	12106_EvaMarieSaint_50_f
554	CharlieChaplin	50	AGE50	8532	8531_CharlieChaplin_50_m
398	CarlMarx	50	AGE50	1484	1483_CarlMarx_50_m
530	SimonMacCorkindale	50	AGE50	8370	8369_SimonMacCorkindale_50_m
102	WalterPidgeon	50	AGE50	8445	8444_WalterPidgeon_50_m
399	RonPerlman	50	AGE50	2828	2827_RonPerlman_50_m
247	MichaelYork	50	AGE50	3580	3579_MichaelYork_50_m
31	Ross	50	AGE50	16417	16416_Ross_50_f
439	IsabelleAdjani	50	AGE50	12243	12242_IsabelleAdjani_50_f
408	MelBrooks	50	AGE50	2104	2103_MelBrooks_50_m
77	RobertRyan	50	AGE50	7572	7571_RobertRyan_50_m
303	GeneHackman	50	AGE50	3242	3241_GeneHackman_50_m
416	JohnHuston	50	AGE50	6000	5999_JohnHuston_50_m
554	CharlieChaplin	50	AGE50	8541	8540_CharlieChaplin_50_m
24	HelenHunt	50	AGE50	10064	10063_HelenHunt_50_f
430	HelenHayes	50	AGE50	13541	13540_HelenHayes_50_f
101	EdwardTeller	50	AGE50	1039	1038_EdwardTeller_50_m
554	CharlieChaplin	50	AGE50	8545	8544_CharlieChaplin_50_m
544	GeorgeCScott	50	AGE50	8996	8995_GeorgeCScott_50_m
413	EnricoFermi	50	AGE50	1067	1066_EnricoFermi_50_m
261	KlausKinski	50	AGE50	6539	6538_KlausKinski_50_m
306	KrisKristofferson	50	AGE50	7254	7253_KrisKristofferson_50_m
398	CarlMarx	50	AGE50	1479	1478_CarlMarx_50_m
402	Davis	50	AGE50	16328	16327_Davis_50_f
48	GenaRowlands	50	AGE50	4141	4140_GenaRowlands_50_m
402	Davis	50	AGE50	16326	16325_Davis_50_f
290	CHARLIERUGGLES	50	AGE50	9511	9510_CHARLIERUGGLES_50_m
544	GeorgeCScott	50	AGE50	8997	8996_GeorgeCScott_50_m
402	Davis	50	AGE50	16325	16324_Davis_50_f
398	CarlMarx	50	AGE50	1477	1476_CarlMarx_50_m
107	DianneWiest	50	AGE50	10491	10490_DianneWiest_50_f
407	JulieAdams	50	AGE50	10204	10203_JulieAdams_50_f
99	YvonneDeCarlo	50	AGE50	14616	14615_YvonneDeCarlo_50_f
273	JoanCrawford	50	AGE50	14299	14298_JoanCrawford_50_f
548	CatherineDeneuve	50	AGE50	12962	12961_CatherineDeneuve_50_f
539	KristinScottThomas	50	AGE50	14350	14349_KristinScottThomas_50_f
418	DeborahKerr	50	AGE50	13968	13967_DeborahKerr_50_f
546	SusanSarandon	50	AGE50	11744	11743_SusanSarandon_50_f
441	motherTereza	50	AGE50	491	490_motherTereza_50_f
402	Davis	50	AGE50	16327	16326_Davis_50_f
426	TheodorakisMikis	50	AGE50	233	232_TheodorakisMikis_50_m
90	MichelPiccoli	50	AGE50	4756	4755_MichelPiccoli_50_m
84	AngelaLansbury	50	AGE50	11966	11965_AngelaLansbury_50_f
317	BillMurray	50	AGE50	2410	2409_BillMurray_50_m
31	Ross	50	AGE50	16416	16415_Ross_50_f
415	SamNeill	50	AGE50	2310	2309_SamNeill_50_m
12	MerylStreep	50	AGE50	10743	10742_MerylStreep_50_f
447	GlennClose	50	AGE50	9992	9991_GlennClose_50_f
405	Gorbachev	50	AGE50	613	612_Gorbachev_50_m
33	JamesCoburn	50	AGE50	6417	6416_JamesCoburn_50_m
260	AmandaRedman	50	AGE50	13293	13292_AmandaRedman_50_f
448	AlbertSchweitzer	50	AGE50	1165	1164_AlbertSchweitzer_50_m
303	GeneHackman	50	AGE50	3257	3256_GeneHackman_50_m
436	LindsayWagner	50	AGE50	11580	11579_LindsayWagner_50_f
33	JamesCoburn	50	AGE50	6418	6417_JamesCoburn_50_m
262	MarlonBrando	50	AGE50	9121	9120_MarlonBrando_50_m
427	NewmanPaul	50	AGE50	7455	7454_NewmanPaul_50_m
2	RoyRogers	50	AGE50	5712	5711_RoyRogers_50_m
456	Fotopoulos	50	AGE50	5257	5256_Fotopoulos_50_m
318	EsteeLauder	50	AGE50	34	33_EsteeLauder_50_f
315	DirkBogarde	51	AGE51	6252	6251_DirkBogarde_51_m
39	TonyBlair	51	AGE51	657	656_TonyBlair_51_m
519	ChevyChase	51	AGE51	2437	2436_ChevyChase_51_m
470	FranklinDRoosevelt	51	AGE51	937	936_FranklinDRoosevelt_51_m
181	FernandoRey	51	AGE51	6313	6312_FernandoRey_51_m
264	LexBarker	51	AGE51	6596	6595_LexBarker_51_m
10	JeffDaniels	51	AGE51	3376	3375_JeffDaniels_51_m
510	PeterFalk	51	AGE51	5607	5606_PeterFalk_51_m
402	Davis	51	AGE51	16319	16318_Davis_51_f
403	RogerAllam	51	AGE51	3737	3736_RogerAllam_51_m
402	Davis	51	AGE51	16320	16319_Davis_51_f
313	LeslieCaron	51	AGE51	3462	3461_LeslieCaron_51_m
180	MichellePfeiffer	51	AGE51	13212	13211_MichellePfeiffer_51_f
286	CydCharisse	51	AGE51	15194	15193_CydCharisse_51_f
178	AndyGriffith	51	AGE51	7803	7802_AndyGriffith_51_m
470	FranklinDRoosevelt	51	AGE51	943	942_FranklinDRoosevelt_51_m
33	JamesCoburn	51	AGE51	6419	6418_JamesCoburn_51_m
92	RogerMoore	51	AGE51	4867	4866_RogerMoore_51_m
446	AbeVigoda	51	AGE51	2327	2326_AbeVigoda_51_m
126	JamesArness	51	AGE51	6353	6352_JamesArness_51_m
551	JeanetteMacDonald	51	AGE51	15490	15489_JeanetteMacDonald_51_f
107	DianneWiest	51	AGE51	10492	10491_DianneWiest_51_f
431	RobertRedford	51	AGE51	4832	4831_RobertRedford_51_m
412	BeaArthur	51	AGE51	11894	11893_BeaArthur_51_f
288	AnitaEkberg	51	AGE51	10359	10358_AnitaEkberg_51_f
21	JamesStewart	51	AGE51	8649	8648_JamesStewart_51_m
367	LiamNeeson	51	AGE51	2762	2761_LiamNeeson_51_m
176	RodTaylor	51	AGE51	2278	2277_RodTaylor_51_m
42	RoyScheider	51	AGE51	6806	6805_RoyScheider_51_m
39	TonyBlair	51	AGE51	654	653_TonyBlair_51_m
327	TommyLeeJones	51	AGE51	5748	5747_TommyLeeJones_51_m
263	JanePowell	51	AGE51	15396	15395_JanePowell_51_f
80	KathrynGrayson	51	AGE51	15687	15686_KathrynGrayson_51_f
287	JosephCotten	51	AGE51	7224	7223_JosephCotten_51_m
365	JohnVernon	51	AGE51	6462	6461_JohnVernon_51_m
92	RogerMoore	51	AGE51	4862	4861_RogerMoore_51_m
366	MelFerrer	51	AGE51	6635	6634_MelFerrer_51_m
39	TonyBlair	51	AGE51	672	671_TonyBlair_51_m
327	TommyLeeJones	51	AGE51	5749	5748_TommyLeeJones_51_m
59	MichaelKeaton	51	AGE51	5503	5502_MichaelKeaton_51_m
50	PeggyLipton	51	AGE51	10815	10814_PeggyLipton_51_f
213	RabindranathTagore	51	AGE51	1466	1465_RabindranathTagore_51_m
92	RogerMoore	51	AGE51	4869	4868_RogerMoore_51_m
144	SusannahYork	51	AGE51	14130	14129_SusannahYork_51_f
113	GladysCooper	51	AGE51	13503	13502_GladysCooper_51_f
211	AnjelicaHuston	51	AGE51	11827	11826_AnjelicaHuston_51_f
134	JohnLithgow	51	AGE51	3394	3393_JohnLithgow_51_m
480	JeanGabin	51	AGE51	5331	5330_JeanGabin_51_m
360	UgoTognazzi	51	AGE51	7694	7693_UgoTognazzi_51_m
270	ErnestHemingway	51	AGE51	1428	1427_ErnestHemingway_51_m
270	ErnestHemingway	51	AGE51	1413	1412_ErnestHemingway_51_m
277	AliMacGraw	51	AGE51	9932	9931_AliMacGraw_51_f
133	LeeJCobb	51	AGE51	6557	6556_LeeJCobb_51_m
61	RonaldReagan	51	AGE51	725	724_RonaldReagan_51_m
13	CatherineSchell	51	AGE51	15133	15132_CatherineSchell_51_f
140	EdHarris	51	AGE51	1711	1710_EdHarris_51_m
269	BenGazzara	51	AGE51	5783	5782_BenGazzara_51_m
409	RexHarrison	51	AGE51	6734	6733_RexHarrison_51_m
77	RobertRyan	51	AGE51	7577	7576_RobertRyan_51_m
317	BillMurray	51	AGE51	2411	2410_BillMurray_51_m
190	ClintWalker	51	AGE51	4072	4071_ClintWalker_51_m
323	JohnJames	51	AGE51	2044	2043_JohnJames_51_m
3	ArnoldSchwarzenegger	51	AGE51	8842	8841_ArnoldSchwarzenegger_51_m
279	DorisDay	51	AGE51	9732	9731_DorisDay_51_f
189	MurrayHamilton	51	AGE51	8705	8704_MurrayHamilton_51_m
205	LarryEllison	51	AGE51	336	335_LarryEllison_51_m
40	AnthonyHopkins	51	AGE51	5079	5078_AnthonyHopkins_51_m
271	RichardAttenborough	51	AGE51	8739	8738_RichardAttenborough_51_m
488	DickVanDyke	51	AGE51	4105	4104_DickVanDyke_51_m
551	JeanetteMacDonald	51	AGE51	15509	15508_JeanetteMacDonald_51_f
437	MarisaPavan	51	AGE51	3505	3504_MarisaPavan_51_m
358	NicolasSarkozy	51	AGE51	5540	5539_NicolasSarkozy_51_m
540	JeanClaudeVanDamme	51	AGE51	9079	9078_JeanClaudeVanDamme_51_m
319	RingoStarr	51	AGE51	3704	3703_RingoStarr_51_m
195	LorneGreene	51	AGE51	8149	8148_LorneGreene_51_m
30	AnnetteBening	51	AGE51	11422	11421_AnnetteBening_51_f
485	DanaAndrews	51	AGE51	6149	6148_DanaAndrews_51_m
100	LyleTalbot	51	AGE51	7384	7383_LyleTalbot_51_m
438	JackLemon	51	AGE51	5316	5315_JackLemon_51_m
320	TippiHedren	51	AGE51	10883	10882_TippiHedren_51_f
483	Bono	51	AGE51	1555	1554_Bono_51_m
197	LinoVentura	51	AGE51	7321	7320_LinoVentura_51_m
30	AnnetteBening	51	AGE51	11423	11422_AnnetteBening_51_f
198	ThomasTerry	51	AGE51	6859	6858_ThomasTerry_51_m
406	StevenSeagal	51	AGE51	4446	4445_StevenSeagal_51_m
8	SimoneSignoret	51	AGE51	14852	14851_SimoneSignoret_51_f
276	AnthonyPerkins	51	AGE51	8808	8807_AnthonyPerkins_51_m
193	GeorgePeppard	51	AGE51	7920	7919_GeorgePeppard_51_m
514	LindaEvans	51	AGE51	10626	10625_LindaEvans_51_f
102	WalterPidgeon	51	AGE51	8446	8445_WalterPidgeon_51_m
408	MelBrooks	51	AGE51	2105	2104_MelBrooks_51_m
356	JeffreyJones	51	AGE51	4253	4252_JeffreyJones_51_m
539	KristinScottThomas	51	AGE51	14351	14350_KristinScottThomas_51_f
478	FredAstaire	51	AGE51	7899	7898_FredAstaire_51_m
518	RomanPolanski	51	AGE51	4907	4906_RomanPolanski_51_m
207	BillCosby	51	AGE51	16192	16191_BillCosby_51_m
66	BruceWillis	51	AGE51	3092	3091_BruceWillis_51_m
209	Konstantaras	51	AGE51	8101	8100_Konstantaras_51_m
283	BettyGrable	51	AGE51	13940	13939_BettyGrable_51_f
209	Konstantaras	51	AGE51	8096	8095_Konstantaras_51_m
42	RoyScheider	51	AGE51	13227	13226_RoyScheider_51_f
562	RockHudson	51	AGE51	6772	6771_RockHudson_51_m
388	JoanCollins	51	AGE51	10544	10543_JoanCollins_51_f
210	JeanPeters	51	AGE51	13604	13603_JeanPeters_51_f
433	MaximilianShell	51	AGE51	9482	9481_MaximilianShell_51_m
512	WilliamHolden	51	AGE51	8481	8480_WilliamHolden_51_m
382	GilbertRoland	51	AGE51	7962	7961_GilbertRoland_51_m
284	RobertMorley	51	AGE51	7553	7552_RobertMorley_51_m
129	AlCorley	51	AGE51	1614	1613_AlCorley_51_m
76	HarveyKeitel	51	AGE51	4195	4194_HarveyKeitel_51_m
105	KatharineRoss	51	AGE51	15650	15649_KatharineRoss_51_f
325	tomselleck	51	AGE51	2970	2969_tomselleck_51_m
142	JanetGaynor	51	AGE51	14256	14255_JanetGaynor_51_f
265	BurtReynolds	51	AGE51	4010	4009_BurtReynolds_51_m
490	Gaddafi	51	AGE51	956	955_Gaddafi_51_m
106	SteveMartin	51	AGE51	3874	3873_SteveMartin_51_m
29	IreneDunne	51	AGE51	13569	13568_IreneDunne_51_f
474	TellySavalas	51	AGE51	7625	7624_TellySavalas_51_m
434	DavidCarradine	51	AGE51	8593	8592_DavidCarradine_51_m
39	TonyBlair	51	AGE51	648	647_TonyBlair_51_m
183	WoodyAllen	51	AGE51	2995	2994_WoodyAllen_51_m
32	BonnieHunt	51	AGE51	15107	15106_BonnieHunt_51_f
9	FessParker	51	AGE51	7076	7075_FessParker_51_m
19	EdwardFox	51	AGE51	1924	1923_EdwardFox_51_m
475	NeildeGrasseTyson 	51	AGE51	16003	16002_NeildeGrasseTyson _51_m
443	HedyLamarr	51	AGE51	12630	12629_HedyLamarr_51_f
20	JohnTravolta	51	AGE51	4681	4680_JohnTravolta_51_m
353	ArmandAssante	51	AGE51	5122	5121_ArmandAssante_51_m
475	NeildeGrasseTyson 	51	AGE51	16000	15999_NeildeGrasseTyson _51_m
281	RutgerHauer	51	AGE51	3769	3768_RutgerHauer_51_m
282	ValerieHarper	51	AGE51	11798	11797_ValerieHarper_51_f
445	JohnCassavetes	51	AGE51	8684	8683_JohnCassavetes_51_m
362	CyndiLauper	51	AGE51	11441	11440_CyndiLauper_51_f
24	HelenHunt	51	AGE51	10065	10064_HelenHunt_51_f
324	JaneAsher	51	AGE51	9813	9812_JaneAsher_51_f
474	TellySavalas	51	AGE51	7626	7625_TellySavalas_51_m
104	VanessaRedgrave	51	AGE51	13818	13817_VanessaRedgrave_51_f
512	WilliamHolden	51	AGE51	8482	8481_WilliamHolden_51_m
96	JackColeman	51	AGE51	3313	3312_JackColeman_51_m
141	ErnestBorgnine	51	AGE51	8919	8918_ErnestBorgnine_51_m
540	JeanClaudeVanDamme	51	AGE51	9067	9066_JeanClaudeVanDamme_51_m
489	MarleneDietrich	51	AGE51	14734	14733_MarleneDietrich_51_f
363	GretaGarbo	51	AGE51	13100	13099_GretaGarbo_51_f
184	GeorgesMarchal	51	AGE51	9348	9347_GeorgesMarchal_51_m
316	MegRyan	51	AGE51	9698	9697_MegRyan_51_f
520	MaryTamm	51	AGE51	15749	15748_MaryTamm_51_f
233	Arletty	51	AGE51	10918	10917_Arletty_51_f
22	TerryMoore	51	AGE51	10323	10322_TerryMoore_51_f
310	KevinBacon	51	AGE51	2737	2736_KevinBacon_51_m
451	BurtLancaster	51	AGE51	9284	9283_BurtLancaster_51_m
120	TomJones	51	AGE51	9770	9769_TomJones_51_f
298	FrankSinatra	51	AGE51	8635	8634_FrankSinatra_51_m
303	GeneHackman	51	AGE51	3255	3254_GeneHackman_51_m
399	RonPerlman	51	AGE51	2829	2828_RonPerlman_51_m
331	SamElliott	51	AGE51	2894	2893_SamElliott_51_m
525	BoDerek	51	AGE51	9665	9664_BoDerek_51_f
559	SylvesterStallone	51	AGE51	7603	7602_SylvesterStallone_51_m
376	Fernandel	51	AGE51	4570	4569_Fernandel_51_m
36	ScottGlenn	51	AGE51	2933	2932_ScottGlenn_51_m
503	JeanPaulBelmondo	51	AGE51	7144	7143_JeanPaulBelmondo_51_m
332	TomHanks	51	AGE51	1789	1788_TomHanks_51_m
546	SusanSarandon	51	AGE51	11745	11744_SusanSarandon_51_f
463	OrnellaMuti	51	AGE51	10786	10785_OrnellaMuti_51_f
338	FrancescaAnnis	51	AGE51	12151	12150_FrancescaAnnis_51_f
247	MichaelYork	51	AGE51	3581	3580_MichaelYork_51_m
115	BarbaraBain	51	AGE51	10418	10417_BarbaraBain_51_f
231	AnthonyAndrews	51	AGE51	5047	5046_AnthonyAndrews_51_m
397	GeraldineChaplin	51	AGE51	13041	13040_GeraldineChaplin_51_f
524	MaureenOHara	51	AGE51	11638	11637_MaureenOHara_51_f
113	GladysCooper	51	AGE51	7112	7111_GladysCooper_51_m
337	RichardCrenna	51	AGE51	8329	8328_RichardCrenna_51_m
256	PatrickSwayze	51	AGE51	8179	8178_PatrickSwayze_51_m
558	MichaelPalin	51	AGE51	4326	4325_MichaelPalin_51_m
72	HenryFonda	51	AGE51	8022	8021_HenryFonda_51_m
556	CarlosSantana	51	AGE51	4511	4510_CarlosSantana_51_m
157	angelamerkel	51	AGE51	535	534_angelamerkel_51_f
460	AnneBaxter	51	AGE51	12516	12515_AnneBaxter_51_f
16	ReginaldOwen	51	AGE51	8249	8248_ReginaldOwen_51_m
157	angelamerkel	51	AGE51	547	546_angelamerkel_51_f
147	SamuelJacksonn	51	AGE51	16123	16122_SamuelJacksonn_51_m
451	BurtLancaster	51	AGE51	9297	9296_BurtLancaster_51_m
157	angelamerkel	51	AGE51	536	535_angelamerkel_51_f
157	angelamerkel	51	AGE51	532	531_angelamerkel_51_f
255	NickNolte	51	AGE51	2201	2200_NickNolte_51_m
309	WilliamDafoe	51	AGE51	4480	4479_WilliamDafoe_51_m
295	JanetEllis	51	AGE51	15449	15448_JanetEllis_51_f
73	DyanCannon	51	AGE51	15269	15268_DyanCannon_51_f
377	TomHulce	51	AGE51	1821	1820_TomHulce_51_m
501	RayLiotta	51	AGE51	2243	2242_RayLiotta_51_m
234	MyrnaLoy	51	AGE51	12330	12329_MyrnaLoy_51_f
250	IsabelleHuppert	51	AGE51	12667	12666_IsabelleHuppert_51_f
372	BernadetteLafont	51	AGE51	14887	14886_BernadetteLafont_51_f
34	MireilleDarc	51	AGE51	11679	11678_MireilleDarc_51_f
118	HelmutBerger	51	AGE51	4231	4230_HelmutBerger_51_m
526	AngieDickinson	51	AGE51	12451	12450_AngieDickinson_51_f
112	MickeyRooney	51	AGE51	7427	7426_MickeyRooney_51_m
400	EliWallach	51	AGE51	3205	3204_EliWallach_51_m
400	EliWallach	51	AGE51	3204	3203_EliWallach_51_m
415	SamNeill	51	AGE51	2311	2310_SamNeill_51_m
237	KathleenTurner	51	AGE51	12774	12773_KathleenTurner_51_f
249	LivUllmann	51	AGE51	10260	10259_LivUllmann_51_f
0	YvesMontand	51	AGE51	6894	6893_YvesMontand_51_m
507	RowanAtkinson	51	AGE51	6787	6786_RowanAtkinson_51_m
236	VeronicaLake	51	AGE51	15942	15941_VeronicaLake_51_f
339	ChuckNorris	51	AGE51	3115	3114_ChuckNorris_51_m
302	ClaudeRich	51	AGE51	2472	2471_ClaudeRich_51_m
248	MartinScorsese	51	AGE51	5458	5457_MartinScorsese_51_m
419	ShirleyJones	51	AGE51	11262	11261_ShirleyJones_51_f
253	HarrisonFord	51	AGE51	4173	4172_HarrisonFord_51_m
303	GeneHackman	51	AGE51	3256	3255_GeneHackman_51_m
549	GoldieHawn	51	AGE51	10019	10018_GoldieHawn_51_f
534	AlbertoSordi	51	AGE51	7768	7767_AlbertoSordi_51_m
400	EliWallach	51	AGE51	3203	3202_EliWallach_51_m
299	GeorgeMontgomery	51	AGE51	9328	9327_GeorgeMontgomery_51_m
417	StevenBerkoff	51	AGE51	4942	4941_StevenBerkoff_51_m
251	St╨ТphaneAudran	51	AGE51	15879	15878_St╨ТphaneAudran_51_f
309	WilliamDafoe	51	AGE51	4481	4480_WilliamDafoe_51_m
531	TimothyDalton	51	AGE51	4979	4978_TimothyDalton_51_m
462	KateOMara	51	AGE51	15608	15607_KateOMara_51_f
159	PierceBrosnan	51	AGE51	4807	4806_PierceBrosnan_51_m
461	TimCurry	51	AGE51	1743	1742_TimCurry_51_m
53	JulieChristie	51	AGE51	11520	11519_JulieChristie_51_f
300	PeterMarkRichman	51	AGE51	7490	7489_PeterMarkRichman_51_m
308	JanetLeigh	51	AGE51	12722	12721_JanetLeigh_51_f
333	RobertPowell	51	AGE51	4424	4423_RobertPowell_51_m
457	JeffBridges	51	AGE51	3339	3338_JeffBridges_51_m
499	AmandaBlake	51	AGE51	14968	14967_AmandaBlake_51_f
230	SusanGeorge	51	AGE51	10874	10873_SusanGeorge_51_f
401	ErinGray	51	AGE51	15356	15355_ErinGray_51_f
153	GaryOldman	51	AGE51	2567	2566_GaryOldman_51_m
122	MorganFreeman 	51	AGE51	16031	16030_MorganFreeman _51_m
122	MorganFreeman 	51	AGE51	16051	16050_MorganFreeman _51_m
312	JohnnyCash	51	AGE51	6490	6489_JohnnyCash_51_m
292	KathrynHays	51	AGE51	10574	10573_KathrynHays_51_f
530	SimonMacCorkindale	51	AGE51	8371	8370_SimonMacCorkindale_51_m
246	LeifErickson	51	AGE51	7290	7289_LeifErickson_51_m
549	GoldieHawn	51	AGE51	10018	10017_GoldieHawn_51_f
293	PeterGraves	51	AGE51	6702	6701_PeterGraves_51_m
464	BetteMidler	51	AGE51	10448	10447_BetteMidler_51_f
458	JeanMarais	51	AGE51	5971	5970_JeanMarais_51_m
44	VincentPrice	51	AGE51	7730	7729_VincentPrice_51_m
74	AnthonyQuayle	51	AGE51	7836	7835_AnthonyQuayle_51_m
67	JamesCaan	51	AGE51	2005	2004_JamesCaan_51_m
379	JamesCagney	51	AGE51	6387	6386_JamesCagney_51_m
375	EdwardGRobinson	51	AGE51	9441	9440_EdwardGRobinson_51_m
336	PatrickStewart	51	AGE51	5567	5566_PatrickStewart_51_m
1	HerbertLom	51	AGE51	5858	5857_HerbertLom_51_m
81	EdwigeFenech	51	AGE51	15320	15319_EdwigeFenech_51_f
495	CybillShepherd	51	AGE51	12009	12008_CybillShepherd_51_f
447	GlennClose	51	AGE51	9993	9992_GlennClose_51_f
468	BetteDavis	51	AGE51	13359	13358_BetteDavis_51_f
145	DonJohnson	51	AGE51	2525	2524_DonJohnson_51_m
261	KlausKinski	51	AGE51	6540	6539_KlausKinski_51_m
122	MorganFreeman 	51	AGE51	16032	16031_MorganFreeman _51_m
346	GloriaSwanson	51	AGE51	13988	13987_GloriaSwanson_51_f
15	AnneBancroft	51	AGE51	13843	13842_AnneBancroft_51_f
290	CHARLIERUGGLES	51	AGE51	9512	9511_CHARLIERUGGLES_51_m
379	JamesCagney	51	AGE51	6386	6385_JamesCagney_51_m
521	StefaniePowers	51	AGE51	15830	15829_StefaniePowers_51_f
245	RichardBoone	51	AGE51	7519	7518_RichardBoone_51_m
557	DavidMcCallum	51	AGE51	5241	5240_DavidMcCallum_51_m
223	ElkeSommer	51	AGE51	9966	9965_ElkeSommer_51_f
260	AmandaRedman	51	AGE51	13294	13293_AmandaRedman_51_f
11	MichaelSarrazin	51	AGE51	9147	9146_MichaelSarrazin_51_m
84	AngelaLansbury	51	AGE51	11967	11966_AngelaLansbury_51_f
227	KennethBranagh	51	AGE51	5444	5443_KennethBranagh_51_m
54	KevinSpacey	51	AGE51	3440	3439_KevinSpacey_51_m
228	SophiaLoren	51	AGE51	11289	11288_SophiaLoren_51_f
307	GiulianoGemma	51	AGE51	8002	8001_GiulianoGemma_51_m
170	CharlesBoyer	51	AGE51	6967	6966_CharlesBoyer_51_m
550	RalphMacchio	51	AGE51	4367	4366_RalphMacchio_51_m
311	MonicaVitti	51	AGE51	11203	11202_MonicaVitti_51_f
43	AnnMiller	51	AGE51	15027	15026_AnnMiller_51_f
378	ImeldaStaunton	51	AGE51	12210	12209_ImeldaStaunton_51_f
120	TomJones	51	AGE51	1849	1848_TomJones_51_m
121	RafVallone	51	AGE51	6044	6043_RafVallone_51_m
157	angelamerkel	51	AGE51	551	550_angelamerkel_51_f
304	DavidNiven	51	AGE51	7043	7042_DavidNiven_51_m
146	RicardoMontalb╨░n	51	AGE51	9549	9548_RicardoMontalb╨░n_51_m
68	KevinCostner	51	AGE51	4280	4279_KevinCostner_51_m
90	MichelPiccoli	51	AGE51	4758	4757_MichelPiccoli_51_m
258	FredMacMurray	51	AGE51	8965	8964_FredMacMurray_51_m
369	BorisKarloff	51	AGE51	6936	6935_BorisKarloff_51_m
171	EmmaThompson	51	AGE51	11043	11042_EmmaThompson_51_f
294	JamieLeeCurtis	51	AGE51	12693	12692_JamieLeeCurtis_51_f
55	JamesWoods	51	AGE51	2623	2622_JamesWoods_51_m
311	MonicaVitti	51	AGE51	11202	11201_MonicaVitti_51_f
408	MelBrooks	52	AGE52	2106	2105_MelBrooks_52_m
153	GaryOldman	52	AGE52	2569	2568_GaryOldman_52_m
99	YvonneDeCarlo	52	AGE52	14617	14616_YvonneDeCarlo_52_f
358	NicolasSarkozy	52	AGE52	5541	5540_NicolasSarkozy_52_m
416	JohnHuston	52	AGE52	6001	6000_JohnHuston_52_m
304	DavidNiven	52	AGE52	7058	7057_DavidNiven_52_m
540	JeanClaudeVanDamme	52	AGE52	9069	9068_JeanClaudeVanDamme_52_m
375	EdwardGRobinson	52	AGE52	9442	9441_EdwardGRobinson_52_m
192	NielsBohr	52	AGE52	1097	1096_NielsBohr_52_m
193	GeorgePeppard	52	AGE52	7921	7920_GeorgePeppard_52_m
540	JeanClaudeVanDamme	52	AGE52	9070	9069_JeanClaudeVanDamme_52_m
540	JeanClaudeVanDamme	52	AGE52	9068	9067_JeanClaudeVanDamme_52_m
98	RichardChamberlain	52	AGE52	8289	8288_RichardChamberlain_52_m
507	RowanAtkinson	52	AGE52	6788	6787_RowanAtkinson_52_m
195	LorneGreene	52	AGE52	8150	8149_LorneGreene_52_m
159	PierceBrosnan	52	AGE52	4809	4808_PierceBrosnan_52_m
501	RayLiotta	52	AGE52	2244	2243_RayLiotta_52_m
78	JamesBest	52	AGE52	1957	1956_JamesBest_52_m
279	DorisDay	52	AGE52	9733	9732_DorisDay_52_f
56	AudreyHepburn	52	AGE52	14526	14525_AudreyHepburn_52_f
415	SamNeill	52	AGE52	2312	2311_SamNeill_52_m
191	LouCostello	52	AGE52	6619	6618_LouCostello_52_m
305	TanyaRoberts	52	AGE52	11323	11322_TanyaRoberts_52_f
155	SteveJobsb	52	AGE52	399	398_SteveJobsb_52_m
360	UgoTognazzi	52	AGE52	7695	7694_UgoTognazzi_52_m
376	Fernandel	52	AGE52	4571	4570_Fernandel_52_m
306	KrisKristofferson	52	AGE52	7255	7254_KrisKristofferson_52_m
503	JeanPaulBelmondo	52	AGE52	7145	7144_JeanPaulBelmondo_52_m
436	LindsayWagner	52	AGE52	11581	11580_LindsayWagner_52_f
418	DeborahKerr	52	AGE52	13943	13942_DeborahKerr_52_f
4	CaryGrant	52	AGE52	6121	6120_CaryGrant_52_m
79	JudyDavis	52	AGE52	9838	9837_JudyDavis_52_f
487	JaneWyman	52	AGE52	13157	13156_JaneWyman_52_f
359	KostasVoutsas	52	AGE52	4720	4719_KostasVoutsas_52_m
157	angelamerkel	52	AGE52	543	542_angelamerkel_52_f
551	JeanetteMacDonald	52	AGE52	15491	15490_JeanetteMacDonald_52_f
30	AnnetteBening	52	AGE52	11424	11423_AnnetteBening_52_f
438	JackLemon	52	AGE52	5321	5320_JackLemon_52_m
303	GeneHackman	52	AGE52	3259	3258_GeneHackman_52_m
14	StevenSpielberg	52	AGE52	6833	6832_StevenSpielberg_52_m
549	GoldieHawn	52	AGE52	10020	10019_GoldieHawn_52_f
318	EsteeLauder	52	AGE52	25	24_EsteeLauder_52_f
153	GaryOldman	52	AGE52	2568	2567_GaryOldman_52_m
30	AnnetteBening	52	AGE52	11425	11424_AnnetteBening_52_f
383	JamesGarner	52	AGE52	4624	4623_JamesGarner_52_m
159	PierceBrosnan	52	AGE52	4808	4807_PierceBrosnan_52_m
307	GiulianoGemma	52	AGE52	8003	8002_GiulianoGemma_52_m
276	AnthonyPerkins	52	AGE52	8809	8808_AnthonyPerkins_52_m
429	JoanLorring	52	AGE52	6444	6443_JoanLorring_52_m
302	ClaudeRich	52	AGE52	2473	2472_ClaudeRich_52_m
92	RogerMoore	52	AGE52	4868	4867_RogerMoore_52_m
509	MichaelCaine	52	AGE52	4723	4722_MichaelCaine_52_m
511	JackNicolson	52	AGE52	5277	5276_JackNicolson_52_m
293	PeterGraves	52	AGE52	6703	6702_PeterGraves_52_m
412	BeaArthur	52	AGE52	11895	11894_BeaArthur_52_f
90	MichelPiccoli	52	AGE52	4759	4758_MichelPiccoli_52_m
431	RobertRedford	52	AGE52	4850	4849_RobertRedford_52_m
93	JonFinch	52	AGE52	5416	5415_JonFinch_52_m
146	RicardoMontalb╨░n	52	AGE52	9550	9549_RicardoMontalb╨░n_52_m
294	JamieLeeCurtis	52	AGE52	12694	12693_JamieLeeCurtis_52_f
365	JohnVernon	52	AGE52	6463	6462_JohnVernon_52_m
55	JamesWoods	52	AGE52	2624	2623_JamesWoods_52_m
59	MichaelKeaton	52	AGE52	5504	5503_MichaelKeaton_52_m
378	ImeldaStaunton	52	AGE52	12211	12210_ImeldaStaunton_52_f
369	BorisKarloff	52	AGE52	6937	6936_BorisKarloff_52_m
180	MichellePfeiffer	52	AGE52	13198	13197_MichellePfeiffer_52_f
94	GabrielGarciaMarquez	52	AGE52	1489	1488_GabrielGarciaMarquez_52_m
147	SamuelJacksonn	52	AGE52	16125	16124_SamuelJacksonn_52_m
94	GabrielGarciaMarquez	52	AGE52	1510	1509_GabrielGarciaMarquez_52_m
412	BeaArthur	52	AGE52	11896	11895_BeaArthur_52_f
82	MarcelloMastroianni	52	AGE52	9593	9592_MarcelloMastroianni_52_m
178	AndyGriffith	52	AGE52	7804	7803_AndyGriffith_52_m
177	OliviaHussey	52	AGE52	11717	11716_OliviaHussey_52_f
15	AnneBancroft	52	AGE52	13849	13848_AnneBancroft_52_f
290	CHARLIERUGGLES	52	AGE52	9513	9512_CHARLIERUGGLES_52_m
429	JoanLorring	52	AGE52	13184	13183_JoanLorring_52_f
145	DonJohnson	52	AGE52	2526	2525_DonJohnson_52_m
510	PeterFalk	52	AGE52	5609	5608_PeterFalk_52_m
367	LiamNeeson	52	AGE52	2763	2762_LiamNeeson_52_m
428	OmarSharif	52	AGE52	3652	3651_OmarSharif_52_m
430	HelenHayes	52	AGE52	13520	13519_HelenHayes_52_f
430	HelenHayes	52	AGE52	13527	13526_HelenHayes_52_f
147	SamuelJacksonn	52	AGE52	16122	16121_SamuelJacksonn_52_m
428	OmarSharif	52	AGE52	3653	3652_OmarSharif_52_m
544	GeorgeCScott	52	AGE52	9007	9006_GeorgeCScott_52_m
0	YvesMontand	52	AGE52	6895	6894_YvesMontand_52_m
427	NewmanPaul	52	AGE52	7456	7455_NewmanPaul_52_m
426	TheodorakisMikis	52	AGE52	238	237_TheodorakisMikis_52_m
493	PiaLindstrom	52	AGE52	11230	11229_PiaLindstrom_52_f
426	TheodorakisMikis	52	AGE52	239	238_TheodorakisMikis_52_m
511	JackNicolson	52	AGE52	5293	5292_JackNicolson_52_m
379	JamesCagney	52	AGE52	6388	6387_JamesCagney_52_m
510	PeterFalk	52	AGE52	5608	5607_PeterFalk_52_m
176	RodTaylor	52	AGE52	2279	2278_RodTaylor_52_m
550	RalphMacchio	52	AGE52	4368	4367_RalphMacchio_52_m
315	DirkBogarde	52	AGE52	6253	6252_DirkBogarde_52_m
546	SusanSarandon	52	AGE52	11746	11745_SusanSarandon_52_f
377	TomHulce	52	AGE52	1822	1821_TomHulce_52_m
25	ShirleyMacLaine	52	AGE52	13257	13256_ShirleyMacLaine_52_f
316	MegRyan	52	AGE52	9699	9698_MegRyan_52_f
421	SigourneyWeaver	52	AGE52	13310	13309_SigourneyWeaver_52_f
382	GilbertRoland	52	AGE52	7963	7962_GilbertRoland_52_m
547	RuthGordon	52	AGE52	12890	12889_RuthGordon_52_f
184	GeorgesMarchal	52	AGE52	9349	9348_GeorgesMarchal_52_m
372	BernadetteLafont	52	AGE52	14888	14887_BernadetteLafont_52_f
88	StacyKeach	52	AGE52	3817	3816_StacyKeach_52_m
489	MarleneDietrich	52	AGE52	14735	14734_MarleneDietrich_52_f
96	JackColeman	52	AGE52	3314	3313_JackColeman_52_m
420	MaryTylerMoore	52	AGE52	12834	12833_MaryTylerMoore_52_f
87	JPaulGetty	52	AGE52	391	390_JPaulGetty_52_m
162	PeterSellers	52	AGE52	9184	9183_PeterSellers_52_m
161	MaggieSmith	52	AGE52	10710	10709_MaggieSmith_52_f
280	BillNighy	52	AGE52	3050	3049_BillNighy_52_m
362	CyndiLauper	52	AGE52	11442	11441_CyndiLauper_52_f
488	DickVanDyke	52	AGE52	4106	4105_DickVanDyke_52_m
513	DonnaReed	52	AGE52	12589	12588_DonnaReed_52_f
41	DenzelWashington	52	AGE52	6185	6184_DenzelWashington_52_m
80	KathrynGrayson	52	AGE52	15688	15687_KathrynGrayson_52_f
548	CatherineDeneuve	52	AGE52	12963	12962_CatherineDeneuve_52_f
57	AlikiBoug	52	AGE52	12552	12551_AlikiBoug_52_f
165	AdolfHitlerr	52	AGE52	770	769_AdolfHitlerr_52_m
147	SamuelJacksonn	52	AGE52	16126	16125_SamuelJacksonn_52_m
295	JanetEllis	52	AGE52	15450	15449_JanetEllis_52_f
181	FernandoRey	52	AGE52	6314	6313_FernandoRey_52_m
284	RobertMorley	52	AGE52	7554	7553_RobertMorley_52_m
490	Gaddafi	52	AGE52	973	972_Gaddafi_52_m
551	JeanetteMacDonald	52	AGE52	15510	15509_JeanetteMacDonald_52_f
296	JaneRussell	52	AGE52	13127	13126_JaneRussell_52_f
310	KevinBacon	52	AGE52	2738	2737_KevinBacon_52_m
89	PatriciaNeal	52	AGE52	13751	13750_PatriciaNeal_52_f
60	CharlesGrodin	52	AGE52	5192	5191_CharlesGrodin_52_m
490	Gaddafi	52	AGE52	964	963_Gaddafi_52_m
297	TildaSwinton	52	AGE52	11781	11780_TildaSwinton_52_f
566	Pele	52	AGE52	58	57_Pele_52_m
141	ErnestBorgnine	52	AGE52	8920	8919_ErnestBorgnine_52_m
16	ReginaldOwen	52	AGE52	8250	8249_ReginaldOwen_52_m
565	MelGibson	52	AGE52	2161	2160_MelGibson_52_m
434	DavidCarradine	52	AGE52	8594	8593_DavidCarradine_52_m
309	WilliamDafoe	52	AGE52	4482	4481_WilliamDafoe_52_m
541	ThelmaRitter	52	AGE52	13791	13790_ThelmaRitter_52_f
298	FrankSinatra	52	AGE52	8621	8620_FrankSinatra_52_m
5	HatzidakisManos	52	AGE52	295	294_HatzidakisManos_52_m
137	SidneyPoitier	52	AGE52	16162	16161_SidneyPoitier_52_m
198	ThomasTerry	52	AGE52	6860	6859_ThomasTerry_52_m
438	JackLemon	52	AGE52	5312	5311_JackLemon_52_m
470	FranklinDRoosevelt	52	AGE52	935	934_FranklinDRoosevelt_52_m
446	AbeVigoda	52	AGE52	2328	2327_AbeVigoda_52_m
327	TommyLeeJones	52	AGE52	5750	5749_TommyLeeJones_52_m
469	ClaudiaCardinale	52	AGE52	12999	12998_ClaudiaCardinale_52_f
126	JamesArness	52	AGE52	6354	6353_JamesArness_52_m
219	DerekJacobi	52	AGE52	3174	3173_DerekJacobi_52_m
535	Tyson	52	AGE52	16462	16461_Tyson_52_f
261	KlausKinski	52	AGE52	6541	6540_KlausKinski_52_m
515	mahatmagandhi	52	AGE52	853	852_mahatmagandhi_52_m
38	BarbaraBouchet	52	AGE52	11866	11865_BarbaraBouchet_52_f
4	CaryGrant	52	AGE52	6098	6097_CaryGrant_52_m
402	Davis	52	AGE52	16324	16323_Davis_52_f
447	GlennClose	52	AGE52	9994	9993_GlennClose_52_f
389	JaneBirkin	52	AGE52	10095	10094_JaneBirkin_52_f
260	AmandaRedman	52	AGE52	13295	13294_AmandaRedman_52_f
66	BruceWillis	52	AGE52	3093	3092_BruceWillis_52_m
521	StefaniePowers	52	AGE52	15831	15830_StefaniePowers_52_f
107	DianneWiest	52	AGE52	10493	10492_DianneWiest_52_f
75	EllenBurstyn	52	AGE52	11003	11002_EllenBurstyn_52_f
122	MorganFreeman 	52	AGE52	16052	16051_MorganFreeman _52_m
522	DannyGlover	52	AGE52	16107	16106_DannyGlover_52_m
560	GregoryPeck	52	AGE52	9366	9365_GregoryPeck_52_m
121	RafVallone	52	AGE52	6045	6044_RafVallone_52_m
465	JohnDRockefeller	52	AGE52	435	434_JohnDRockefeller_52_m
465	JohnDRockefeller	52	AGE52	442	441_JohnDRockefeller_52_m
464	BetteMidler	52	AGE52	10473	10472_BetteMidler_52_f
401	ErinGray	52	AGE52	15357	15356_ErinGray_52_f
259	ChristopherWalken	52	AGE52	7014	7013_ChristopherWalken_52_m
21	JamesStewart	52	AGE52	8650	8649_JamesStewart_52_m
350	VittorioGassman	52	AGE52	9254	9253_VittorioGassman_52_m
470	FranklinDRoosevelt	52	AGE52	938	937_FranklinDRoosevelt_52_m
403	RogerAllam	52	AGE52	3738	3737_RogerAllam_52_m
518	RomanPolanski	52	AGE52	4908	4907_RomanPolanski_52_m
536	BerryGordy	52	AGE52	461	460_BerryGordy_52_m
209	Konstantaras	52	AGE52	8099	8098_Konstantaras_52_m
474	TellySavalas	52	AGE52	7627	7626_TellySavalas_52_m
388	JoanCollins	52	AGE52	10545	10544_JoanCollins_52_f
444	RitaHayworth	52	AGE52	13770	13769_RitaHayworth_52_f
265	BurtReynolds	52	AGE52	3991	3990_BurtReynolds_52_m
39	TonyBlair	52	AGE52	650	649_TonyBlair_52_m
325	tomselleck	52	AGE52	2971	2970_tomselleck_52_m
325	tomselleck	52	AGE52	2972	2971_tomselleck_52_m
553	DanielleDarrieux	52	AGE52	13429	13428_DanielleDarrieux_52_f
129	AlCorley	52	AGE52	1615	1614_AlCorley_52_m
76	HarveyKeitel	52	AGE52	4196	4195_HarveyKeitel_52_m
351	JonVoight	52	AGE52	2067	2066_JonVoight_52_m
535	Tyson	52	AGE52	16463	16462_Tyson_52_f
211	AnjelicaHuston	52	AGE52	11828	11827_AnjelicaHuston_52_f
128	JPMorgan	52	AGE52	364	363_JPMorgan_52_m
264	LexBarker	52	AGE52	6597	6596_LexBarker_52_m
519	ChevyChase	52	AGE52	2438	2437_ChevyChase_52_m
39	TonyBlair	52	AGE52	669	668_TonyBlair_52_m
471	ClaudetteColbert	52	AGE52	14685	14684_ClaudetteColbert_52_f
326	SteveKanaly	52	AGE52	3857	3856_SteveKanaly_52_m
65	JohnForsythe	52	AGE52	8076	8075_JohnForsythe_52_m
213	RabindranathTagore	52	AGE52	1451	1450_RabindranathTagore_52_m
39	TonyBlair	52	AGE52	664	663_TonyBlair_52_m
350	VittorioGassman	52	AGE52	9255	9254_VittorioGassman_52_m
445	JohnCassavetes	52	AGE52	8685	8684_JohnCassavetes_52_m
554	CharlieChaplin	52	AGE52	8543	8542_CharlieChaplin_52_m
263	JanePowell	52	AGE52	15397	15396_JanePowell_52_f
330	JuneAllyson	52	AGE52	13659	13658_JuneAllyson_52_f
523	MartinSheen	52	AGE52	3535	3534_MartinSheen_52_m
450	RobertOppenheimer	52	AGE52	1237	1236_RobertOppenheimer_52_m
68	KevinCostner	52	AGE52	4281	4280_KevinCostner_52_m
10	JeffDaniels	52	AGE52	3377	3376_JeffDaniels_52_m
531	TimothyDalton	52	AGE52	4980	4979_TimothyDalton_52_m
556	CarlosSantana	52	AGE52	4512	4511_CarlosSantana_52_m
249	LivUllmann	52	AGE52	10261	10260_LivUllmann_52_f
455	AlanRickman	52	AGE52	3020	3019_AlanRickman_52_m
334	LauraAntonelli	52	AGE52	12297	12296_LauraAntonelli_52_f
400	EliWallach	52	AGE52	3225	3224_EliWallach_52_m
237	KathleenTurner	52	AGE52	12775	12774_KathleenTurner_52_f
461	TimCurry	52	AGE52	1744	1743_TimCurry_52_m
238	RobertMitchum	52	AGE52	9229	9228_RobertMitchum_52_m
70	PamelaSueMartin	52	AGE52	15777	15776_PamelaSueMartin_52_f
526	AngieDickinson	52	AGE52	12452	12451_AngieDickinson_52_f
72	HenryFonda	52	AGE52	8023	8022_HenryFonda_52_m
247	MichaelYork	52	AGE52	3582	3581_MichaelYork_52_m
239	RoseMarie	52	AGE52	9901	9900_RoseMarie_52_f
558	MichaelPalin	52	AGE52	4327	4326_MichaelPalin_52_m
241	SeanConnery	52	AGE52	3792	3791_SeanConnery_52_m
457	JeffBridges	52	AGE52	3340	3339_JeffBridges_52_m
399	RonPerlman	52	AGE52	2830	2829_RonPerlman_52_m
71	EvaMarieSaint	52	AGE52	12108	12107_EvaMarieSaint_52_f
530	SimonMacCorkindale	52	AGE52	8372	8371_SimonMacCorkindale_52_m
337	RichardCrenna	52	AGE52	8330	8329_RichardCrenna_52_m
458	JeanMarais	52	AGE52	5972	5971_JeanMarais_52_m
246	LeifErickson	52	AGE52	7291	7290_LeifErickson_52_m
244	JeffGoldblum	52	AGE52	4664	4663_JeffGoldblum_52_m
459	WilliamShatner	52	AGE52	6076	6075_WilliamShatner_52_m
113	GladysCooper	52	AGE52	7113	7112_GladysCooper_52_m
113	GladysCooper	52	AGE52	13504	13503_GladysCooper_52_f
397	GeraldineChaplin	52	AGE52	13042	13041_GeraldineChaplin_52_f
339	ChuckNorris	52	AGE52	3116	3115_ChuckNorris_52_m
537	Onasis	52	AGE52	339	338_Onasis_52_m
119	AlanYoung	52	AGE52	1890	1889_AlanYoung_52_m
400	EliWallach	52	AGE52	3207	3206_EliWallach_52_m
258	FredMacMurray	52	AGE52	8966	8965_FredMacMurray_52_m
228	SophiaLoren	52	AGE52	11290	11289_SophiaLoren_52_f
450	RobertOppenheimer	52	AGE52	1247	1246_RobertOppenheimer_52_m
450	RobertOppenheimer	52	AGE52	1241	1240_RobertOppenheimer_52_m
464	BetteMidler	52	AGE52	10449	10448_BetteMidler_52_f
257	HorstBuchholz	52	AGE52	8057	8056_HorstBuchholz_52_m
256	PatrickSwayze	52	AGE52	8180	8179_PatrickSwayze_52_m
342	MarieCurie	52	AGE52	1296	1295_MarieCurie_52_f
464	BetteMidler	52	AGE52	10460	10459_BetteMidler_52_f
331	SamElliott	52	AGE52	2895	2894_SamElliott_52_m
48	GenaRowlands	52	AGE52	4142	4141_GenaRowlands_52_m
74	AnthonyQuayle	52	AGE52	7837	7836_AnthonyQuayle_52_m
36	ScottGlenn	52	AGE52	2934	2933_ScottGlenn_52_m
559	SylvesterStallone	52	AGE52	7604	7603_SylvesterStallone_52_m
255	NickNolte	52	AGE52	2202	2201_NickNolte_52_m
231	AnthonyAndrews	52	AGE52	5061	5060_AnthonyAndrews_52_m
341	AnnaMassey	52	AGE52	12474	12473_AnnaMassey_52_f
534	AlbertoSordi	52	AGE52	7769	7768_AlbertoSordi_52_m
332	TomHanks	52	AGE52	1790	1789_TomHanks_52_m
394	OrsonWelles	52	AGE52	6662	6661_OrsonWelles_52_m
69	BrianDennehy	52	AGE52	3954	3953_BrianDennehy_52_m
394	OrsonWelles	52	AGE52	6659	6658_OrsonWelles_52_m
394	OrsonWelles	52	AGE52	6651	6650_OrsonWelles_52_m
232	ConnieBooth	52	AGE52	15168	15167_ConnieBooth_52_f
340	CliffRobertson	52	AGE52	8560	8559_CliffRobertson_52_m
463	OrnellaMuti	52	AGE52	10787	10786_OrnellaMuti_52_f
233	Arletty	52	AGE52	10919	10918_Arletty_52_f
111	WEBDuBois	52	AGE52	764	763_WEBDuBois_52_m
462	KateOMara	52	AGE52	15609	15608_KateOMara_52_f
251	St╨ТphaneAudran	52	AGE52	15880	15879_St╨ТphaneAudran_52_f
352	OdysseasElytis	52	AGE52	1389	1388_OdysseasElytis_52_m
402	Davis	52	AGE52	16323	16322_Davis_52_f
208	ShelleyWinters	52	AGE52	14772	14771_ShelleyWinters_52_f
405	Gorbachev	52	AGE52	622	621_Gorbachev_52_m
134	JohnLithgow	52	AGE52	3395	3394_JohnLithgow_52_m
270	ErnestHemingway	52	AGE52	1420	1419_ErnestHemingway_52_m
1	HerbertLom	52	AGE52	5859	5858_HerbertLom_52_m
406	StevenSeagal	52	AGE52	4447	4446_StevenSeagal_52_m
563	PaulAnka	52	AGE52	101	100_PaulAnka_52_m
101	EdwardTeller	52	AGE52	1052	1051_EdwardTeller_52_m
197	LinoVentura	52	AGE52	7322	7321_LinoVentura_52_m
354	RandolphScott	52	AGE52	8231	8230_RandolphScott_52_m
353	ArmandAssante	52	AGE52	5136	5135_ArmandAssante_52_m
323	JohnJames	52	AGE52	2045	2044_JohnJames_52_m
104	VanessaRedgrave	52	AGE52	13819	13818_VanessaRedgrave_52_f
102	WalterPidgeon	52	AGE52	8447	8446_WalterPidgeon_52_m
77	RobertRyan	52	AGE52	7584	7583_RobertRyan_52_m
271	RichardAttenborough	52	AGE52	8728	8727_RichardAttenborough_52_m
563	PaulAnka	52	AGE52	97	96_PaulAnka_52_m
63	PeggyAshcroft	52	AGE52	14461	14460_PeggyAshcroft_52_f
320	TippiHedren	52	AGE52	10885	10884_TippiHedren_52_f
3	ArnoldSchwarzenegger	52	AGE52	8843	8842_ArnoldSchwarzenegger_52_m
479	PeterUstinov	52	AGE52	8190	8189_PeterUstinov_52_m
320	TippiHedren	52	AGE52	10884	10883_TippiHedren_52_f
480	JeanGabin	52	AGE52	5332	5331_JeanGabin_52_m
539	KristinScottThomas	52	AGE52	14352	14351_KristinScottThomas_52_f
537	Onasis	52	AGE52	354	353_Onasis_52_m
206	HowardKeel	52	AGE52	5901	5900_HowardKeel_52_m
384	JosephStalin	52	AGE52	827	826_JosephStalin_52_m
49	BobHope	52	AGE52	5161	5160_BobHope_52_m
479	PeterUstinov	52	AGE52	8212	8211_PeterUstinov_52_m
537	Onasis	52	AGE52	346	345_Onasis_52_m
480	JeanGabin	52	AGE52	5328	5327_JeanGabin_52_m
480	JeanGabin	52	AGE52	5327	5326_JeanGabin_52_m
200	AnnMargret	52	AGE52	10392	10391_AnnMargret_52_f
269	BenGazzara	52	AGE52	5784	5783_BenGazzara_52_m
205	LarryEllison	52	AGE52	333	332_LarryEllison_52_m
147	SamuelJacksonn	53	AGE53	16124	16123_SamuelJacksonn_53_m
13	CatherineSchell	53	AGE53	15134	15133_CatherineSchell_53_f
231	AnthonyAndrews	53	AGE53	5052	5051_AnthonyAndrews_53_m
73	DyanCannon	53	AGE53	15270	15269_DyanCannon_53_f
165	AdolfHitlerr	53	AGE53	776	775_AdolfHitlerr_53_m
517	GeraldinePage	53	AGE53	14186	14185_GeraldinePage_53_f
452	GordonThomson	53	AGE53	4596	4595_GordonThomson_53_m
147	SamuelJacksonn	53	AGE53	16127	16126_SamuelJacksonn_53_m
200	AnnMargret	53	AGE53	10393	10392_AnnMargret_53_f
359	KostasVoutsas	53	AGE53	4704	4703_KostasVoutsas_53_m
10	JeffDaniels	53	AGE53	3378	3377_JeffDaniels_53_m
525	BoDerek	53	AGE53	9666	9665_BoDerek_53_f
453	DaliahLavi	53	AGE53	10956	10955_DaliahLavi_53_f
102	WalterPidgeon	53	AGE53	8448	8447_WalterPidgeon_53_m
255	NickNolte	53	AGE53	2203	2202_NickNolte_53_m
164	KimBasinger	53	AGE53	10599	10598_KimBasinger_53_f
298	FrankSinatra	53	AGE53	8612	8611_FrankSinatra_53_m
44	VincentPrice	53	AGE53	7731	7730_VincentPrice_53_m
78	JamesBest	53	AGE53	1958	1957_JamesBest_53_m
463	OrnellaMuti	53	AGE53	10788	10787_OrnellaMuti_53_f
546	SusanSarandon	53	AGE53	11747	11746_SusanSarandon_53_f
46	JohnMalkovich	53	AGE53	5388	5387_JohnMalkovich_53_m
61	RonaldReagan	53	AGE53	716	715_RonaldReagan_53_m
50	PeggyLipton	53	AGE53	10816	10815_PeggyLipton_53_f
550	RalphMacchio	53	AGE53	4369	4368_RalphMacchio_53_m
406	StevenSeagal	53	AGE53	4448	4447_StevenSeagal_53_m
228	SophiaLoren	53	AGE53	11291	11290_SophiaLoren_53_f
360	UgoTognazzi	53	AGE53	7697	7696_UgoTognazzi_53_m
170	CharlesBoyer	53	AGE53	6968	6967_CharlesBoyer_53_m
191	LouCostello	53	AGE53	6620	6619_LouCostello_53_m
120	TomJones	53	AGE53	1850	1849_TomJones_53_m
20	JohnTravolta	53	AGE53	4678	4677_JohnTravolta_53_m
401	ErinGray	53	AGE53	15358	15357_ErinGray_53_f
134	JohnLithgow	53	AGE53	3396	3395_JohnLithgow_53_m
28	AndreasPapantreou	53	AGE53	893	892_AndreasPapantreou_53_m
109	MariaCallas	53	AGE53	14	13_MariaCallas_53_f
168	JohnCleese	53	AGE53	2689	2688_JohnCleese_53_m
464	BetteMidler	53	AGE53	10471	10470_BetteMidler_53_f
295	JanetEllis	53	AGE53	15451	15450_JanetEllis_53_f
540	JeanClaudeVanDamme	53	AGE53	9080	9079_JeanClaudeVanDamme_53_m
369	BorisKarloff	53	AGE53	6924	6923_BorisKarloff_53_m
256	PatrickSwayze	53	AGE53	8181	8180_PatrickSwayze_53_m
229	Myl╨ЪneDemongeot	53	AGE53	12868	12867_Myl╨ЪneDemongeot_53_f
69	BrianDennehy	53	AGE53	3955	3954_BrianDennehy_53_m
370	PeterOToole	53	AGE53	5632	5631_PeterOToole_53_m
36	ScottGlenn	53	AGE53	2935	2934_ScottGlenn_53_m
310	KevinBacon	53	AGE53	2739	2738_KevinBacon_53_m
321	DannyDeVito	53	AGE53	3149	3148_DannyDeVito_53_m
120	TomJones	53	AGE53	9771	9770_TomJones_53_f
82	MarcelloMastroianni	53	AGE53	9594	9593_MarcelloMastroianni_53_m
299	GeorgeMontgomery	53	AGE53	9329	9328_GeorgeMontgomery_53_m
539	KristinScottThomas	53	AGE53	14353	14352_KristinScottThomas_53_f
74	AnthonyQuayle	53	AGE53	7838	7837_AnthonyQuayle_53_m
378	ImeldaStaunton	53	AGE53	12212	12211_ImeldaStaunton_53_f
68	KevinCostner	53	AGE53	4282	4281_KevinCostner_53_m
230	SusanGeorge	53	AGE53	10875	10874_SusanGeorge_53_f
77	RobertRyan	53	AGE53	7573	7572_RobertRyan_53_m
508	VictorMature	53	AGE53	8426	8425_VictorMature_53_m
339	ChuckNorris	53	AGE53	3117	3116_ChuckNorris_53_m
251	St╨ТphaneAudran	53	AGE53	15881	15880_St╨ТphaneAudran_53_f
233	Arletty	53	AGE53	10920	10919_Arletty_53_f
11	MichaelSarrazin	53	AGE53	9148	9147_MichaelSarrazin_53_m
0	YvesMontand	53	AGE53	6896	6895_YvesMontand_53_m
485	DanaAndrews	53	AGE53	6150	6149_DanaAndrews_53_m
71	EvaMarieSaint	53	AGE53	12109	12108_EvaMarieSaint_53_f
376	Fernandel	53	AGE53	4572	4571_Fernandel_53_m
43	AnnMiller	53	AGE53	15028	15027_AnnMiller_53_f
530	SimonMacCorkindale	53	AGE53	8373	8372_SimonMacCorkindale_53_m
113	GladysCooper	53	AGE53	13505	13504_GladysCooper_53_f
115	BarbaraBain	53	AGE53	10419	10418_BarbaraBain_53_f
407	JulieAdams	53	AGE53	10205	10204_JulieAdams_53_f
415	SamNeill	53	AGE53	2313	2312_SamNeill_53_m
506	MargeChampion	53	AGE53	11610	11609_MargeChampion_53_f
439	IsabelleAdjani	53	AGE53	12244	12243_IsabelleAdjani_53_f
503	JeanPaulBelmondo	53	AGE53	7146	7145_JeanPaulBelmondo_53_m
461	TimCurry	53	AGE53	1745	1744_TimCurry_53_m
337	RichardCrenna	53	AGE53	8331	8330_RichardCrenna_53_m
397	GeraldineChaplin	53	AGE53	13043	13042_GeraldineChaplin_53_f
100	LyleTalbot	53	AGE53	7385	7384_LyleTalbot_53_m
460	AnneBaxter	53	AGE53	12517	12516_AnneBaxter_53_f
153	GaryOldman	53	AGE53	2570	2569_GaryOldman_53_m
245	RichardBoone	53	AGE53	7520	7519_RichardBoone_53_m
113	GladysCooper	53	AGE53	7114	7113_GladysCooper_53_m
306	KrisKristofferson	53	AGE53	7256	7255_KrisKristofferson_53_m
375	EdwardGRobinson	53	AGE53	9443	9442_EdwardGRobinson_53_m
274	WaltDisney	53	AGE53	169	168_WaltDisney_53_m
417	StevenBerkoff	53	AGE53	4943	4942_StevenBerkoff_53_m
70	PamelaSueMartin	53	AGE53	15778	15777_PamelaSueMartin_53_f
336	PatrickStewart	53	AGE53	5568	5567_PatrickStewart_53_m
458	JeanMarais	53	AGE53	5973	5972_JeanMarais_53_m
305	TanyaRoberts	53	AGE53	11324	11323_TanyaRoberts_53_f
408	MelBrooks	53	AGE53	2107	2106_MelBrooks_53_m
358	NicolasSarkozy	53	AGE53	5542	5541_NicolasSarkozy_53_m
195	LorneGreene	53	AGE53	8151	8150_LorneGreene_53_m
304	DavidNiven	53	AGE53	7059	7058_DavidNiven_53_m
514	LindaEvans	53	AGE53	10627	10626_LindaEvans_53_f
154	JeanneMoreau	53	AGE53	11066	11065_JeanneMoreau_53_f
332	TomHanks	53	AGE53	1791	1790_TomHanks_53_m
238	RobertMitchum	53	AGE53	9220	9219_RobertMitchum_53_m
338	FrancescaAnnis	53	AGE53	12152	12151_FrancescaAnnis_53_f
84	AngelaLansbury	53	AGE53	11968	11967_AngelaLansbury_53_f
137	SidneyPoitier	53	AGE53	16163	16162_SidneyPoitier_53_m
276	AnthonyPerkins	53	AGE53	8810	8809_AnthonyPerkins_53_m
377	TomHulce	53	AGE53	1823	1822_TomHulce_53_m
101	EdwardTeller	53	AGE53	1051	1050_EdwardTeller_53_m
119	AlanYoung	53	AGE53	1891	1890_AlanYoung_53_m
162	PeterSellers	53	AGE53	9177	9176_PeterSellers_53_m
548	CatherineDeneuve	53	AGE53	12964	12963_CatherineDeneuve_53_f
234	MyrnaLoy	53	AGE53	12362	12361_MyrnaLoy_53_f
483	Bono	53	AGE53	1556	1555_Bono_53_m
87	JPaulGetty	53	AGE53	392	391_JPaulGetty_53_m
356	JeffreyJones	53	AGE53	4254	4253_JeffreyJones_53_m
462	KateOMara	53	AGE53	15610	15609_KateOMara_53_f
556	CarlosSantana	53	AGE53	4498	4497_CarlosSantana_53_m
88	StacyKeach	53	AGE53	3818	3817_StacyKeach_53_m
302	ClaudeRich	53	AGE53	2474	2473_ClaudeRich_53_m
308	JanetLeigh	53	AGE53	12723	12722_JanetLeigh_53_f
249	LivUllmann	53	AGE53	10262	10261_LivUllmann_53_f
86	MarietteHartley	53	AGE53	10295	10294_MarietteHartley_53_f
549	GoldieHawn	53	AGE53	10021	10020_GoldieHawn_53_f
247	MichaelYork	53	AGE53	3583	3582_MichaelYork_53_m
457	JeffBridges	53	AGE53	3341	3340_JeffBridges_53_m
319	RingoStarr	53	AGE53	3705	3704_RingoStarr_53_m
55	JamesWoods	53	AGE53	2625	2624_JamesWoods_53_m
159	PierceBrosnan	53	AGE53	4810	4809_PierceBrosnan_53_m
149	AlecGuinness	53	AGE53	8764	8763_AlecGuinness_53_m
151	AnnieGirardot	53	AGE53	13896	13895_AnnieGirardot_53_f
197	LinoVentura	53	AGE53	7323	7322_LinoVentura_53_m
198	ThomasTerry	53	AGE53	6861	6860_ThomasTerry_53_m
502	FaradayMichael	53	AGE53	1126	1125_FaradayMichael_53_m
159	PierceBrosnan	53	AGE53	4811	4810_PierceBrosnan_53_m
455	AlanRickman	53	AGE53	3021	3020_AlanRickman_53_m
501	RayLiotta	53	AGE53	2245	2244_RayLiotta_53_m
194	JaneFonda	53	AGE53	10124	10123_JaneFonda_53_f
400	EliWallach	53	AGE53	3206	3205_EliWallach_53_m
16	ReginaldOwen	53	AGE53	8251	8250_ReginaldOwen_53_m
258	FredMacMurray	53	AGE53	8967	8966_FredMacMurray_53_m
268	WarrenBeatty	53	AGE53	5009	5008_WarrenBeatty_53_m
365	JohnVernon	53	AGE53	6464	6463_JohnVernon_53_m
364	SarahDouglas	53	AGE53	15803	15802_SarahDouglas_53_f
65	JohnForsythe	53	AGE53	8077	8076_JohnForsythe_53_m
315	DirkBogarde	53	AGE53	6254	6253_DirkBogarde_53_m
185	TheodoreRoosevelt	53	AGE53	924	923_TheodoreRoosevelt_53_m
217	MargaretOBrien	53	AGE53	12802	12801_MargaretOBrien_53_f
211	AnjelicaHuston	53	AGE53	11829	11828_AnjelicaHuston_53_f
469	ClaudiaCardinale	53	AGE53	13000	12999_ClaudiaCardinale_53_f
286	CydCharisse	53	AGE53	15195	15194_CydCharisse_53_f
475	NeildeGrasseTyson 	53	AGE53	16001	16000_NeildeGrasseTyson _53_m
518	RomanPolanski	53	AGE53	4909	4908_RomanPolanski_53_m
144	SusannahYork	53	AGE53	14131	14130_SusannahYork_53_f
535	Tyson	53	AGE53	16464	16463_Tyson_53_f
14	StevenSpielberg	53	AGE53	6834	6833_StevenSpielberg_53_m
64	MikeConnors	53	AGE53	3614	3613_MikeConnors_53_m
380	TomasMilian	53	AGE53	3905	3904_TomasMilian_53_m
66	BruceWillis	53	AGE53	3094	3093_BruceWillis_53_m
176	RodTaylor	53	AGE53	2280	2279_RodTaylor_53_m
95	DavidSarnoff	53	AGE53	371	370_DavidSarnoff_53_m
474	TellySavalas	53	AGE53	7628	7627_TellySavalas_53_m
29	IreneDunne	53	AGE53	13570	13569_IreneDunne_53_f
268	WarrenBeatty	53	AGE53	5008	5007_WarrenBeatty_53_m
390	Garycooper	53	AGE53	7087	7086_Garycooper_53_m
15	AnneBancroft	53	AGE53	13851	13850_AnneBancroft_53_f
471	ClaudetteColbert	53	AGE53	14677	14676_ClaudetteColbert_53_f
389	JaneBirkin	53	AGE53	10096	10095_JaneBirkin_53_f
327	TommyLeeJones	53	AGE53	5751	5750_TommyLeeJones_53_m
1	HerbertLom	53	AGE53	5860	5859_HerbertLom_53_m
107	DianneWiest	53	AGE53	10494	10493_DianneWiest_53_f
313	LeslieCaron	53	AGE53	3463	3462_LeslieCaron_53_m
80	KathrynGrayson	53	AGE53	15689	15688_KathrynGrayson_53_f
141	ErnestBorgnine	53	AGE53	8921	8920_ErnestBorgnine_53_m
126	JamesArness	53	AGE53	6355	6354_JamesArness_53_m
446	AbeVigoda	53	AGE53	2329	2328_AbeVigoda_53_m
215	JulieHagerty	53	AGE53	15570	15569_JulieHagerty_53_f
75	EllenBurstyn	53	AGE53	11000	10999_EllenBurstyn_53_f
540	JeanClaudeVanDamme	53	AGE53	9081	9080_JeanClaudeVanDamme_53_m
412	BeaArthur	53	AGE53	11897	11896_BeaArthur_53_f
433	MaximilianShell	53	AGE53	9483	9482_MaximilianShell_53_m
178	AndyGriffith	53	AGE53	7805	7804_AndyGriffith_53_m
317	BillMurray	53	AGE53	2414	2413_BillMurray_53_m
470	FranklinDRoosevelt	53	AGE53	926	925_FranklinDRoosevelt_53_m
22	TerryMoore	53	AGE53	10324	10323_TerryMoore_53_f
492	RobertDuvall	53	AGE53	4384	4383_RobertDuvall_53_m
284	RobertMorley	53	AGE53	7538	7537_RobertMorley_53_m
129	AlCorley	53	AGE53	1616	1615_AlCorley_53_m
512	WilliamHolden	53	AGE53	8483	8482_WilliamHolden_53_m
281	RutgerHauer	53	AGE53	3770	3769_RutgerHauer_53_m
282	ValerieHarper	53	AGE53	11799	11798_ValerieHarper_53_f
181	FernandoRey	53	AGE53	6315	6314_FernandoRey_53_m
403	RogerAllam	53	AGE53	3739	3738_RogerAllam_53_m
476	RaquelWelch	53	AGE53	10843	10842_RaquelWelch_53_f
543	JohnDerek	53	AGE53	5359	5358_JohnDerek_53_m
510	PeterFalk	53	AGE53	5610	5609_PeterFalk_53_m
106	SteveMartin	53	AGE53	3885	3884_SteveMartin_53_m
283	BettyGrable	53	AGE53	13941	13940_BettyGrable_53_f
219	DerekJacobi	53	AGE53	3175	3174_DerekJacobi_53_m
54	KevinSpacey	53	AGE53	3441	3440_KevinSpacey_53_m
33	JamesCoburn	53	AGE53	6420	6419_JamesCoburn_53_m
145	DonJohnson	53	AGE53	2527	2526_DonJohnson_53_m
260	AmandaRedman	53	AGE53	13296	13295_AmandaRedman_53_f
204	LilliPalmer	53	AGE53	13681	13680_LilliPalmer_53_f
409	RexHarrison	53	AGE53	6721	6720_RexHarrison_53_m
449	ZsaZsaGabor	53	AGE53	11380	11379_ZsaZsaGabor_53_f
565	MelGibson	53	AGE53	2162	2161_MelGibson_53_m
472	StephenHawking	53	AGE53	1020	1019_StephenHawking_53_m
133	LeeJCobb	53	AGE53	6558	6557_LeeJCobb_53_m
317	BillMurray	53	AGE53	2412	2411_BillMurray_53_m
90	MichelPiccoli	53	AGE53	4760	4759_MichelPiccoli_53_m
269	BenGazzara	53	AGE53	5785	5784_BenGazzara_53_m
293	PeterGraves	53	AGE53	6687	6686_PeterGraves_53_m
20	JohnTravolta	53	AGE53	4683	4682_JohnTravolta_53_m
259	ChristopherWalken	53	AGE53	7015	7014_ChristopherWalken_53_m
562	RockHudson	53	AGE53	6773	6772_RockHudson_53_m
368	BettyGarrett	53	AGE53	15058	15057_BettyGarrett_53_f
344	ElVenizelos	53	AGE53	714	713_ElVenizelos_53_m
227	KennethBranagh	53	AGE53	5445	5444_KennethBranagh_53_m
30	AnnetteBening	53	AGE53	11426	11425_AnnetteBening_53_f
523	MartinSheen	53	AGE53	3536	3535_MartinSheen_53_m
316	MegRyan	53	AGE53	9700	9699_MegRyan_53_f
434	DavidCarradine	53	AGE53	8606	8605_DavidCarradine_53_m
555	GeneWilder	53	AGE53	2589	2588_GeneWilder_53_m
4	CaryGrant	53	AGE53	6120	6119_CaryGrant_53_m
447	GlennClose	53	AGE53	9995	9994_GlennClose_53_f
280	BillNighy	53	AGE53	3051	3050_BillNighy_53_m
105	KatharineRoss	53	AGE53	15651	15650_KatharineRoss_53_f
544	GeorgeCScott	53	AGE53	9008	9007_GeorgeCScott_53_m
32	BonnieHunt	53	AGE53	15108	15107_BonnieHunt_53_f
494	JessicaTandy	53	AGE53	13628	13627_JessicaTandy_53_f
279	DorisDay	53	AGE53	9734	9733_DorisDay_53_f
207	BillCosby	53	AGE53	16193	16192_BillCosby_53_m
124	SartreJeanPaul	53	AGE53	1399	1398_SartreJeanPaul_53_m
367	LiamNeeson	53	AGE53	2764	2763_LiamNeeson_53_m
513	DonnaReed	53	AGE53	12590	12589_DonnaReed_53_f
520	MaryTamm	53	AGE53	15750	15749_MaryTamm_53_f
312	JohnnyCash	53	AGE53	6491	6490_JohnnyCash_53_m
346	GloriaSwanson	53	AGE53	13996	13995_GloriaSwanson_53_f
81	EdwigeFenech	53	AGE53	15321	15320_EdwigeFenech_53_f
472	StephenHawking	53	AGE53	1017	1016_StephenHawking_53_m
19	EdwardFox	53	AGE53	1925	1924_EdwardFox_53_m
33	JamesCoburn	53	AGE53	6421	6420_JamesCoburn_53_m
473	LizaMinelli	53	AGE53	11168	11167_LizaMinelli_53_f
140	EdHarris	53	AGE53	1712	1711_EdHarris_53_m
360	UgoTognazzi	53	AGE53	7696	7695_UgoTognazzi_53_m
59	MichaelKeaton	53	AGE53	5505	5504_MichaelKeaton_53_m
324	JaneAsher	53	AGE53	9814	9813_JaneAsher_53_f
362	CyndiLauper	53	AGE53	11443	11442_CyndiLauper_53_f
466	CharlesBronson	53	AGE53	8512	8511_CharlesBronson_53_m
12	MerylStreep	53	AGE53	10744	10743_MerylStreep_53_f
5	HatzidakisManos	53	AGE53	296	295_HatzidakisManos_53_m
495	CybillShepherd	53	AGE53	12010	12009_CybillShepherd_53_f
317	BillMurray	53	AGE53	2413	2412_BillMurray_53_m
472	StephenHawking	54	AGE54	1025	1024_StephenHawking_54_m
531	TimothyDalton	54	AGE54	4981	4980_TimothyDalton_54_m
408	MelBrooks	54	AGE54	2108	2107_MelBrooks_54_m
437	MarisaPavan	54	AGE54	3506	3505_MarisaPavan_54_m
480	JeanGabin	54	AGE54	5333	5332_JeanGabin_54_m
526	AngieDickinson	54	AGE54	12453	12452_AngieDickinson_54_f
474	TellySavalas	54	AGE54	7639	7638_TellySavalas_54_m
518	RomanPolanski	54	AGE54	4910	4909_RomanPolanski_54_m
539	KristinScottThomas	54	AGE54	14354	14353_KristinScottThomas_54_f
444	RitaHayworth	54	AGE54	13768	13767_RitaHayworth_54_f
397	GeraldineChaplin	54	AGE54	13044	13043_GeraldineChaplin_54_f
537	Onasis	54	AGE54	350	349_Onasis_54_m
410	AlejandroRey	54	AGE54	8504	8503_AlejandroRey_54_m
489	MarleneDietrich	54	AGE54	14736	14735_MarleneDietrich_54_f
384	JosephStalin	54	AGE54	811	810_JosephStalin_54_m
541	ThelmaRitter	54	AGE54	13792	13791_ThelmaRitter_54_f
439	IsabelleAdjani	54	AGE54	12245	12244_IsabelleAdjani_54_f
434	DavidCarradine	54	AGE54	8607	8606_DavidCarradine_54_m
558	MichaelPalin	54	AGE54	4329	4328_MichaelPalin_54_m
433	MaximilianShell	54	AGE54	9484	9483_MaximilianShell_54_m
503	JeanPaulBelmondo	54	AGE54	7147	7146_JeanPaulBelmondo_54_m
376	Fernandel	54	AGE54	4573	4572_Fernandel_54_m
382	GilbertRoland	54	AGE54	7964	7963_GilbertRoland_54_m
483	Bono	54	AGE54	1557	1556_Bono_54_m
12	MerylStreep	54	AGE54	10745	10744_MerylStreep_54_f
551	JeanetteMacDonald	54	AGE54	15511	15510_JeanetteMacDonald_54_f
399	RonPerlman	54	AGE54	2831	2830_RonPerlman_54_m
485	DanaAndrews	54	AGE54	6157	6156_DanaAndrews_54_m
565	MelGibson	54	AGE54	2163	2162_MelGibson_54_m
435	DebbieReynolds	54	AGE54	12041	12040_DebbieReynolds_54_f
512	WilliamHolden	54	AGE54	8484	8483_WilliamHolden_54_m
535	Tyson	54	AGE54	16450	16449_Tyson_54_f
468	BetteDavis	54	AGE54	13356	13355_BetteDavis_54_f
421	SigourneyWeaver	54	AGE54	13311	13310_SigourneyWeaver_54_f
500	IanHolm	54	AGE54	1571	1570_IanHolm_54_m
390	Garycooper	54	AGE54	7088	7087_Garycooper_54_m
468	BetteDavis	54	AGE54	13362	13361_BetteDavis_54_f
510	PeterFalk	54	AGE54	5611	5610_PeterFalk_54_m
486	MuhammadAli	54	AGE54	15993	15992_MuhammadAli_54_m
401	ErinGray	54	AGE54	15359	15358_ErinGray_54_f
561	QueenElizabet	54	AGE54	591	590_QueenElizabet_54_f
7	DonnaDouglas	54	AGE54	10984	10983_DonnaDouglas_54_f
544	GeorgeCScott	54	AGE54	8998	8997_GeorgeCScott_54_m
3	ArnoldSchwarzenegger	54	AGE54	8845	8844_ArnoldSchwarzenegger_54_m
550	RalphMacchio	54	AGE54	4370	4369_RalphMacchio_54_m
379	JamesCagney	54	AGE54	6389	6388_JamesCagney_54_m
405	Gorbachev	54	AGE54	604	603_Gorbachev_54_m
378	ImeldaStaunton	54	AGE54	12214	12213_ImeldaStaunton_54_f
378	ImeldaStaunton	54	AGE54	12213	12212_ImeldaStaunton_54_f
0	YvesMontand	54	AGE54	6888	6887_YvesMontand_54_m
496	GlendaJackson	54	AGE54	12176	12175_GlendaJackson_54_f
464	BetteMidler	54	AGE54	10472	10471_BetteMidler_54_f
480	JeanGabin	54	AGE54	5334	5333_JeanGabin_54_m
436	LindsayWagner	54	AGE54	11582	11581_LindsayWagner_54_f
545	FriedrichNietzsche	54	AGE54	1440	1439_FriedrichNietzsche_54_m
480	JeanGabin	54	AGE54	5329	5328_JeanGabin_54_m
555	GeneWilder	54	AGE54	2590	2589_GeneWilder_54_m
521	StefaniePowers	54	AGE54	15847	15846_StefaniePowers_54_f
461	TimCurry	54	AGE54	1746	1745_TimCurry_54_m
463	OrnellaMuti	54	AGE54	10789	10788_OrnellaMuti_54_f
447	GlennClose	54	AGE54	9996	9995_GlennClose_54_f
475	NeildeGrasseTyson 	54	AGE54	16006	16005_NeildeGrasseTyson _54_m
543	JohnDerek	54	AGE54	5360	5359_JohnDerek_54_m
411	LeslieNielsen	54	AGE54	8115	8114_LeslieNielsen_54_m
514	LindaEvans	54	AGE54	10628	10627_LindaEvans_54_f
455	AlanRickman	54	AGE54	3022	3021_AlanRickman_54_m
1	HerbertLom	54	AGE54	5861	5860_HerbertLom_54_m
431	RobertRedford	54	AGE54	4833	4832_RobertRedford_54_m
377	TomHulce	54	AGE54	1824	1823_TomHulce_54_m
501	RayLiotta	54	AGE54	2246	2245_RayLiotta_54_m
3	ArnoldSchwarzenegger	54	AGE54	8844	8843_ArnoldSchwarzenegger_54_m
535	Tyson	54	AGE54	16438	16437_Tyson_54_f
517	GeraldinePage	54	AGE54	14206	14205_GeraldinePage_54_f
406	StevenSeagal	54	AGE54	4449	4448_StevenSeagal_54_m
556	CarlosSantana	54	AGE54	4513	4512_CarlosSantana_54_m
412	BeaArthur	54	AGE54	11898	11897_BeaArthur_54_f
500	IanHolm	54	AGE54	1573	1572_IanHolm_54_m
500	IanHolm	54	AGE54	1572	1571_IanHolm_54_m
446	AbeVigoda	54	AGE54	2330	2329_AbeVigoda_54_m
16	ReginaldOwen	54	AGE54	8252	8251_ReginaldOwen_54_m
403	RogerAllam	54	AGE54	3740	3739_RogerAllam_54_m
558	MichaelPalin	54	AGE54	4328	4327_MichaelPalin_54_m
10	JeffDaniels	54	AGE54	3379	3378_JeffDaniels_54_m
415	SamNeill	54	AGE54	2314	2313_SamNeill_54_m
488	DickVanDyke	54	AGE54	4107	4106_DickVanDyke_54_m
462	KateOMara	54	AGE54	15611	15610_KateOMara_54_f
478	FredAstaire	54	AGE54	7885	7884_FredAstaire_54_m
400	EliWallach	54	AGE54	3211	3210_EliWallach_54_m
450	RobertOppenheimer	54	AGE54	1236	1235_RobertOppenheimer_54_m
0	YvesMontand	54	AGE54	6897	6896_YvesMontand_54_m
227	KennethBranagh	54	AGE54	5446	5445_KennethBranagh_54_m
281	RutgerHauer	54	AGE54	3771	3770_RutgerHauer_54_m
74	AnthonyQuayle	54	AGE54	7839	7838_AnthonyQuayle_54_m
51	ClaudeL╨ТviStrauss	54	AGE54	1219	1218_ClaudeL╨ТviStrauss_54_m
166	AnnJillian	54	AGE54	14998	14997_AnnJillian_54_f
333	RobertPowell	54	AGE54	4425	4424_RobertPowell_54_m
75	EllenBurstyn	54	AGE54	11004	11003_EllenBurstyn_54_f
263	JanePowell	54	AGE54	15398	15397_JanePowell_54_f
39	TonyBlair	54	AGE54	655	654_TonyBlair_54_m
39	TonyBlair	54	AGE54	674	673_TonyBlair_54_m
183	WoodyAllen	54	AGE54	3000	2999_WoodyAllen_54_m
309	WilliamDafoe	54	AGE54	4483	4482_WilliamDafoe_54_m
242	AvaGardner	54	AGE54	13337	13336_AvaGardner_54_f
280	BillNighy	54	AGE54	3052	3051_BillNighy_54_m
351	JonVoight	54	AGE54	2068	2067_JonVoight_54_m
279	DorisDay	54	AGE54	9735	9734_DorisDay_54_f
77	RobertRyan	54	AGE54	7585	7584_RobertRyan_54_m
165	AdolfHitlerr	54	AGE54	783	782_AdolfHitlerr_54_m
330	JuneAllyson	54	AGE54	13654	13653_JuneAllyson_54_f
182	DustinHoffman	54	AGE54	4540	4539_DustinHoffman_54_m
261	KlausKinski	54	AGE54	6542	6541_KlausKinski_54_m
182	DustinHoffman	54	AGE54	4532	4531_DustinHoffman_54_m
204	LilliPalmer	54	AGE54	13682	13681_LilliPalmer_54_f
23	VirnaLisi	54	AGE54	11342	11341_VirnaLisi_54_f
108	MelindaDillion	54	AGE54	12320	12319_MelindaDillion_54_f
70	PamelaSueMartin	54	AGE54	15779	15778_PamelaSueMartin_54_f
157	angelamerkel	54	AGE54	549	548_angelamerkel_54_f
93	JonFinch	54	AGE54	5417	5416_JonFinch_54_m
219	DerekJacobi	54	AGE54	3176	3175_DerekJacobi_54_m
260	AmandaRedman	54	AGE54	13297	13296_AmandaRedman_54_f
127	HumphreyBogard	54	AGE54	9036	9035_HumphreyBogard_54_m
353	ArmandAssante	54	AGE54	5137	5136_ArmandAssante_54_m
185	TheodoreRoosevelt	54	AGE54	920	919_TheodoreRoosevelt_54_m
157	angelamerkel	54	AGE54	539	538_angelamerkel_54_f
54	KevinSpacey	54	AGE54	3443	3442_KevinSpacey_54_m
157	angelamerkel	54	AGE54	530	529_angelamerkel_54_f
38	BarbaraBouchet	54	AGE54	11867	11866_BarbaraBouchet_54_f
334	LauraAntonelli	54	AGE54	12298	12297_LauraAntonelli_54_f
369	BorisKarloff	54	AGE54	6925	6924_BorisKarloff_54_m
159	PierceBrosnan	54	AGE54	4812	4811_PierceBrosnan_54_m
29	IreneDunne	54	AGE54	13571	13570_IreneDunne_54_f
209	Konstantaras	54	AGE54	8102	8101_Konstantaras_54_m
126	JamesArness	54	AGE54	6356	6355_JamesArness_54_m
360	UgoTognazzi	54	AGE54	7698	7697_UgoTognazzi_54_m
284	RobertMorley	54	AGE54	7555	7554_RobertMorley_54_m
331	SamElliott	54	AGE54	2896	2895_SamElliott_54_m
305	TanyaRoberts	54	AGE54	11325	11324_TanyaRoberts_54_f
162	PeterSellers	54	AGE54	9182	9181_PeterSellers_54_m
113	GladysCooper	54	AGE54	13506	13505_GladysCooper_54_f
118	HelmutBerger	54	AGE54	4232	4231_HelmutBerger_54_m
162	PeterSellers	54	AGE54	9168	9167_PeterSellers_54_m
178	AndyGriffith	54	AGE54	7806	7805_AndyGriffith_54_m
48	GenaRowlands	54	AGE54	4143	4142_GenaRowlands_54_m
304	DavidNiven	54	AGE54	7044	7043_DavidNiven_54_m
271	RichardAttenborough	54	AGE54	8729	8728_RichardAttenborough_54_m
246	LeifErickson	54	AGE54	7292	7291_LeifErickson_54_m
270	ErnestHemingway	54	AGE54	1429	1428_ErnestHemingway_54_m
332	TomHanks	54	AGE54	1792	1791_TomHanks_54_m
247	MichaelYork	54	AGE54	3584	3583_MichaelYork_54_m
365	JohnVernon	54	AGE54	6465	6464_JohnVernon_54_m
354	RandolphScott	54	AGE54	8232	8231_RandolphScott_54_m
312	JohnnyCash	54	AGE54	6492	6491_JohnnyCash_54_m
115	BarbaraBain	54	AGE54	10420	10419_BarbaraBain_54_f
375	EdwardGRobinson	54	AGE54	9444	9443_EdwardGRobinson_54_m
39	TonyBlair	54	AGE54	663	662_TonyBlair_54_m
88	StacyKeach	54	AGE54	3819	3818_StacyKeach_54_m
162	PeterSellers	54	AGE54	9169	9168_PeterSellers_54_m
277	AliMacGraw	54	AGE54	9934	9933_AliMacGraw_54_f
366	MelFerrer	54	AGE54	6636	6635_MelFerrer_54_m
248	MartinScorsese	54	AGE54	5459	5458_MartinScorsese_54_m
102	WalterPidgeon	54	AGE54	8449	8448_WalterPidgeon_54_m
277	AliMacGraw	54	AGE54	9933	9932_AliMacGraw_54_f
367	LiamNeeson	54	AGE54	2765	2764_LiamNeeson_54_m
79	JudyDavis	54	AGE54	9839	9838_JudyDavis_54_f
362	CyndiLauper	54	AGE54	11444	11443_CyndiLauper_54_f
310	KevinBacon	54	AGE54	2740	2739_KevinBacon_54_m
30	AnnetteBening	54	AGE54	11427	11426_AnnetteBening_54_f
90	MichelPiccoli	54	AGE54	4761	4760_MichelPiccoli_54_m
276	AnthonyPerkins	54	AGE54	8811	8810_AnthonyPerkins_54_m
81	EdwigeFenech	54	AGE54	15322	15321_EdwigeFenech_54_f
244	JeffGoldblum	54	AGE54	4665	4664_JeffGoldblum_54_m
161	MaggieSmith	54	AGE54	10711	10710_MaggieSmith_54_f
181	FernandoRey	54	AGE54	6316	6315_FernandoRey_54_m
264	LexBarker	54	AGE54	6598	6597_LexBarker_54_m
313	LeslieCaron	54	AGE54	3464	3463_LeslieCaron_54_m
215	JulieHagerty	54	AGE54	15571	15570_JulieHagerty_54_f
321	DannyDeVito	54	AGE54	3150	3149_DannyDeVito_54_m
113	GladysCooper	54	AGE54	7115	7114_GladysCooper_54_m
82	MarcelloMastroianni	54	AGE54	9595	9594_MarcelloMastroianni_54_m
180	MichellePfeiffer	54	AGE54	13199	13198_MichellePfeiffer_54_f
318	EsteeLauder	54	AGE54	41	40_EsteeLauder_54_f
249	LivUllmann	54	AGE54	10271	10270_LivUllmann_54_f
174	LelandStanford	54	AGE54	420	419_LelandStanford_54_m
46	JohnMalkovich	54	AGE54	5389	5388_JohnMalkovich_54_m
356	JeffreyJones	54	AGE54	4255	4254_JeffreyJones_54_m
54	KevinSpacey	54	AGE54	3442	3441_KevinSpacey_54_m
61	RonaldReagan	54	AGE54	741	740_RonaldReagan_54_m
293	PeterGraves	54	AGE54	6704	6703_PeterGraves_54_m
256	PatrickSwayze	54	AGE54	8182	8181_PatrickSwayze_54_m
44	VincentPrice	54	AGE54	7732	7731_VincentPrice_54_m
63	PeggyAshcroft	54	AGE54	14462	14461_PeggyAshcroft_54_f
373	BobDylan	54	AGE54	1678	1677_BobDylan_54_m
141	ErnestBorgnine	54	AGE54	8922	8921_ErnestBorgnine_54_m
199	CharltonHeaston	54	AGE54	8870	8869_CharltonHeaston_54_m
98	RichardChamberlain	54	AGE54	8290	8289_RichardChamberlain_54_m
200	AnnMargret	54	AGE54	10394	10393_AnnMargret_54_f
188	JulieAndrews	54	AGE54	11490	11489_JulieAndrews_54_f
209	Konstantaras	54	AGE54	8108	8107_Konstantaras_54_m
64	MikeConnors	54	AGE54	3615	3614_MikeConnors_54_m
339	ChuckNorris	54	AGE54	3118	3117_ChuckNorris_54_m
152	MaryPickford	54	AGE54	14411	14410_MaryPickford_54_f
327	TommyLeeJones	54	AGE54	5752	5751_TommyLeeJones_54_m
231	AnthonyAndrews	54	AGE54	5048	5047_AnthonyAndrews_54_m
256	PatrickSwayze	54	AGE54	8183	8182_PatrickSwayze_54_m
151	AnnieGirardot	54	AGE54	13897	13896_AnnieGirardot_54_f
169	Turner	54	AGE54	16430	16429_Turner_54_f
55	JamesWoods	54	AGE54	2626	2625_JamesWoods_54_m
101	EdwardTeller	54	AGE54	1043	1042_EdwardTeller_54_m
145	DonJohnson	54	AGE54	2528	2527_DonJohnson_54_m
197	LinoVentura	54	AGE54	7324	7323_LinoVentura_54_m
357	KathyBates	54	AGE54	10229	10228_KathyBates_54_f
255	NickNolte	54	AGE54	2204	2203_NickNolte_54_m
104	VanessaRedgrave	54	AGE54	13820	13819_VanessaRedgrave_54_f
317	BillMurray	54	AGE54	2415	2414_BillMurray_54_m
100	LyleTalbot	54	AGE54	7386	7385_LyleTalbot_54_m
173	GreerGarson	54	AGE54	14029	14028_GreerGarson_54_f
357	KathyBates	54	AGE54	10236	10235_KathyBates_54_f
147	SamuelJacksonn	54	AGE54	16128	16127_SamuelJacksonn_54_m
295	JanetEllis	54	AGE54	15452	15451_JanetEllis_54_f
99	YvonneDeCarlo	54	AGE54	14618	14617_YvonneDeCarlo_54_f
170	CharlesBoyer	54	AGE54	6969	6968_CharlesBoyer_54_m
325	tomselleck	54	AGE54	2973	2972_tomselleck_54_m
198	ThomasTerry	54	AGE54	6862	6861_ThomasTerry_54_m
326	SteveKanaly	54	AGE54	3858	3857_SteveKanaly_54_m
195	LorneGreene	54	AGE54	8152	8151_LorneGreene_54_m
60	CharlesGrodin	54	AGE54	5193	5192_CharlesGrodin_54_m
39	TonyBlair	54	AGE54	651	650_TonyBlair_54_m
355	CelesteHolm	54	AGE54	13379	13378_CelesteHolm_54_f
315	DirkBogarde	54	AGE54	6255	6254_DirkBogarde_54_m
190	ClintWalker	54	AGE54	4073	4072_ClintWalker_54_m
135	RichardPryor	54	AGE54	16232	16231_RichardPryor_54_m
220	RobertDeNiro	54	AGE54	5684	5683_RobertDeNiro_54_m
341	AnnaMassey	54	AGE54	12475	12474_AnnaMassey_54_f
140	EdHarris	54	AGE54	1713	1712_EdHarris_54_m
235	SilvanaMangano	54	AGE54	14816	14815_SilvanaMangano_54_f
258	FredMacMurray	54	AGE54	8968	8967_FredMacMurray_54_m
36	ScottGlenn	54	AGE54	2936	2935_ScottGlenn_54_m
35	LouisJourdan	54	AGE54	7355	7354_LouisJourdan_54_m
154	JeanneMoreau	54	AGE54	11067	11066_JeanneMoreau_54_f
209	Konstantaras	54	AGE54	8100	8099_Konstantaras_54_m
69	BrianDennehy	54	AGE54	3956	3955_BrianDennehy_54_m
34	MireilleDarc	54	AGE54	11680	11679_MireilleDarc_54_f
189	MurrayHamilton	54	AGE54	8706	8705_MurrayHamilton_54_m
237	KathleenTurner	54	AGE54	12776	12775_KathleenTurner_54_f
287	JosephCotten	54	AGE54	7232	7231_JosephCotten_54_m
358	NicolasSarkozy	54	AGE54	5543	5542_NicolasSarkozy_54_m
364	SarahDouglas	54	AGE54	15804	15803_SarahDouglas_54_f
257	HorstBuchholz	54	AGE54	8044	8043_HorstBuchholz_54_m
65	JohnForsythe	54	AGE54	8078	8077_JohnForsythe_54_m
209	Konstantaras	54	AGE54	8103	8102_Konstantaras_54_m
372	BernadetteLafont	54	AGE54	14889	14888_BernadetteLafont_54_f
19	EdwardFox	54	AGE54	1926	1925_EdwardFox_54_m
49	BobHope	54	AGE54	5162	5161_BobHope_54_m
290	CHARLIERUGGLES	54	AGE54	9514	9513_CHARLIERUGGLES_54_m
96	JackColeman	54	AGE54	3315	3314_JackColeman_54_m
153	GaryOldman	54	AGE54	2571	2570_GaryOldman_54_m
66	BruceWillis	54	AGE54	3095	3094_BruceWillis_54_m
40	AnthonyHopkins	54	AGE54	5080	5079_AnthonyHopkins_54_m
356	JeffreyJones	55	AGE55	4256	4255_JeffreyJones_55_m
108	MelindaDillion	55	AGE55	12321	12320_MelindaDillion_55_f
312	JohnnyCash	55	AGE55	6506	6505_JohnnyCash_55_m
253	HarrisonFord	55	AGE55	4174	4173_HarrisonFord_55_m
213	RabindranathTagore	55	AGE55	1452	1451_RabindranathTagore_55_m
167	KatharineHepburn	55	AGE55	14910	14909_KatharineHepburn_55_f
452	GordonThomson	55	AGE55	4597	4596_GordonThomson_55_m
336	PatrickStewart	55	AGE55	5569	5568_PatrickStewart_55_m
113	GladysCooper	55	AGE55	13507	13506_GladysCooper_55_f
500	IanHolm	55	AGE55	1574	1573_IanHolm_55_m
320	TippiHedren	55	AGE55	10886	10885_TippiHedren_55_f
455	AlanRickman	55	AGE55	3023	3022_AlanRickman_55_m
168	JohnCleese	55	AGE55	2690	2689_JohnCleese_55_m
354	RandolphScott	55	AGE55	8233	8232_RandolphScott_55_m
26	FayeDunaway	55	AGE55	10519	10518_FayeDunaway_55_f
113	GladysCooper	55	AGE55	7116	7115_GladysCooper_55_m
398	CarlMarx	55	AGE55	1486	1485_CarlMarx_55_m
39	TonyBlair	55	AGE55	652	651_TonyBlair_55_m
34	MireilleDarc	55	AGE55	11681	11680_MireilleDarc_55_f
251	St╨ТphaneAudran	55	AGE55	15882	15881_St╨ТphaneAudran_55_f
18	ElsaMartinelli	55	AGE55	12074	12073_ElsaMartinelli_55_f
165	AdolfHitlerr	55	AGE55	782	781_AdolfHitlerr_55_m
398	CarlMarx	55	AGE55	1476	1475_CarlMarx_55_m
107	DianneWiest	55	AGE55	10495	10494_DianneWiest_55_f
534	AlbertoSordi	55	AGE55	7770	7769_AlbertoSordi_55_m
310	KevinBacon	55	AGE55	2741	2740_KevinBacon_55_m
248	MartinScorsese	55	AGE55	5450	5449_MartinScorsese_55_m
211	AnjelicaHuston	55	AGE55	11830	11829_AnjelicaHuston_55_f
110	MargaretThatcher	55	AGE55	569	568_MargaretThatcher_55_f
530	SimonMacCorkindale	55	AGE55	8374	8373_SimonMacCorkindale_55_m
499	AmandaBlake	55	AGE55	14969	14968_AmandaBlake_55_f
497	CharlesDarwin	55	AGE55	1109	1108_CharlesDarwin_55_m
165	AdolfHitlerr	55	AGE55	781	780_AdolfHitlerr_55_m
415	SamNeill	55	AGE55	2315	2314_SamNeill_55_m
111	WEBDuBois	55	AGE55	761	760_WEBDuBois_55_m
397	GeraldineChaplin	55	AGE55	13045	13044_GeraldineChaplin_55_f
49	BobHope	55	AGE55	5163	5162_BobHope_55_m
105	KatharineRoss	55	AGE55	15652	15651_KatharineRoss_55_f
160	Einstain	55	AGE55	983	982_Einstain_55_m
48	GenaRowlands	55	AGE55	4144	4143_GenaRowlands_55_m
152	MaryPickford	55	AGE55	14405	14404_MaryPickford_55_f
22	TerryMoore	55	AGE55	10333	10332_TerryMoore_55_f
233	Arletty	55	AGE55	10921	10920_Arletty_55_f
514	LindaEvans	55	AGE55	10629	10628_LindaEvans_55_f
46	JohnMalkovich	55	AGE55	5391	5390_JohnMalkovich_55_m
505	GingerRogers	55	AGE55	13477	13476_GingerRogers_55_f
234	MyrnaLoy	55	AGE55	12363	12362_MyrnaLoy_55_f
234	MyrnaLoy	55	AGE55	12344	12343_MyrnaLoy_55_f
339	ChuckNorris	55	AGE55	3119	3118_ChuckNorris_55_m
4	CaryGrant	55	AGE55	6109	6108_CaryGrant_55_m
346	GloriaSwanson	55	AGE55	13989	13988_GloriaSwanson_55_f
468	BetteDavis	55	AGE55	13363	13362_BetteDavis_55_f
155	SteveJobsb	55	AGE55	397	396_SteveJobsb_55_m
461	TimCurry	55	AGE55	1747	1746_TimCurry_55_m
133	LeeJCobb	55	AGE55	6569	6568_LeeJCobb_55_m
518	RomanPolanski	55	AGE55	4911	4910_RomanPolanski_55_m
518	RomanPolanski	55	AGE55	4912	4911_RomanPolanski_55_m
237	KathleenTurner	55	AGE55	12777	12776_KathleenTurner_55_f
347	Soljenitsyne	55	AGE55	1340	1339_Soljenitsyne_55_m
390	Garycooper	55	AGE55	7094	7093_Garycooper_55_m
135	RichardPryor	55	AGE55	16234	16233_RichardPryor_55_m
390	Garycooper	55	AGE55	7093	7092_Garycooper_55_m
6	Carroll	55	AGE55	16312	16311_Carroll_55_f
44	VincentPrice	55	AGE55	7733	7732_VincentPrice_55_m
146	RicardoMontalb╨░n	55	AGE55	9551	9550_RicardoMontalb╨░n_55_m
147	SamuelJacksonn	55	AGE55	16129	16128_SamuelJacksonn_55_m
317	BillMurray	55	AGE55	2416	2415_BillMurray_55_m
145	DonJohnson	55	AGE55	2529	2528_DonJohnson_55_m
36	ScottGlenn	55	AGE55	2937	2936_ScottGlenn_55_m
409	RexHarrison	55	AGE55	6722	6721_RexHarrison_55_m
510	PeterFalk	55	AGE55	5612	5611_PeterFalk_55_m
464	BetteMidler	55	AGE55	10450	10449_BetteMidler_55_f
144	SusannahYork	55	AGE55	14132	14131_SusannahYork_55_f
513	DonnaReed	55	AGE55	12595	12594_DonnaReed_55_f
464	BetteMidler	55	AGE55	10466	10465_BetteMidler_55_f
45	MendeleievDmitri	55	AGE55	1213	1212_MendeleievDmitri_55_m
409	RexHarrison	55	AGE55	6735	6734_RexHarrison_55_m
463	OrnellaMuti	55	AGE55	10790	10789_OrnellaMuti_55_f
341	AnnaMassey	55	AGE55	12476	12475_AnnaMassey_55_f
46	JohnMalkovich	55	AGE55	5390	5389_JohnMalkovich_55_m
342	MarieCurie	55	AGE55	1286	1285_MarieCurie_55_f
512	WilliamHolden	55	AGE55	8485	8484_WilliamHolden_55_m
223	ElkeSommer	55	AGE55	9967	9966_ElkeSommer_55_f
141	ErnestBorgnine	55	AGE55	8923	8922_ErnestBorgnine_55_m
231	AnthonyAndrews	55	AGE55	5042	5041_AnthonyAndrews_55_m
353	ArmandAssante	55	AGE55	5138	5137_ArmandAssante_55_m
219	DerekJacobi	55	AGE55	3177	3176_DerekJacobi_55_m
127	HumphreyBogard	55	AGE55	9034	9033_HumphreyBogard_55_m
43	AnnMiller	55	AGE55	15029	15028_AnnMiller_55_f
215	JulieHagerty	55	AGE55	15572	15571_JulieHagerty_55_f
459	WilliamShatner	55	AGE55	6077	6076_WilliamShatner_55_m
120	TomJones	55	AGE55	9772	9771_TomJones_55_f
244	JeffGoldblum	55	AGE55	4666	4665_JeffGoldblum_55_m
525	BoDerek	55	AGE55	9667	9666_BoDerek_55_f
245	RichardBoone	55	AGE55	7521	7520_RichardBoone_55_m
3	ArnoldSchwarzenegger	55	AGE55	8846	8845_ArnoldSchwarzenegger_55_m
118	HelmutBerger	55	AGE55	4233	4232_HelmutBerger_55_m
501	RayLiotta	55	AGE55	2247	2246_RayLiotta_55_m
40	AnthonyHopkins	55	AGE55	5091	5090_AnthonyHopkins_55_m
351	JonVoight	55	AGE55	2069	2068_JonVoight_55_m
116	ConradHilton	55	AGE55	464	463_ConradHilton_55_m
337	RichardCrenna	55	AGE55	8332	8331_RichardCrenna_55_m
408	MelBrooks	55	AGE55	2109	2108_MelBrooks_55_m
352	OdysseasElytis	55	AGE55	1385	1384_OdysseasElytis_55_m
115	BarbaraBain	55	AGE55	10421	10420_BarbaraBain_55_f
3	ArnoldSchwarzenegger	55	AGE55	8847	8846_ArnoldSchwarzenegger_55_m
164	KimBasinger	55	AGE55	10600	10599_KimBasinger_55_f
457	JeffBridges	55	AGE55	3342	3341_JeffBridges_55_m
388	JoanCollins	55	AGE55	10546	10545_JoanCollins_55_f
350	VittorioGassman	55	AGE55	9256	9255_VittorioGassman_55_m
120	TomJones	55	AGE55	1851	1850_TomJones_55_m
470	FranklinDRoosevelt	55	AGE55	939	938_FranklinDRoosevelt_55_m
157	angelamerkel	55	AGE55	544	543_angelamerkel_55_f
389	JaneBirkin	55	AGE55	10097	10096_JaneBirkin_55_f
314	YannisRitsos	55	AGE55	1517	1516_YannisRitsos_55_m
158	SpencerTracy	55	AGE55	8390	8389_SpencerTracy_55_m
126	JamesArness	55	AGE55	6357	6356_JamesArness_55_m
470	FranklinDRoosevelt	55	AGE55	942	941_FranklinDRoosevelt_55_m
125	AlexandrakisAlekos	55	AGE55	9633	9632_AlexandrakisAlekos_55_m
124	SartreJeanPaul	55	AGE55	1404	1403_SartreJeanPaul_55_m
502	FaradayMichael	55	AGE55	1119	1118_FaradayMichael_55_m
159	PierceBrosnan	55	AGE55	4813	4812_PierceBrosnan_55_m
10	JeffDaniels	55	AGE55	3380	3379_JeffDaniels_55_m
520	MaryTamm	55	AGE55	15751	15750_MaryTamm_55_f
338	FrancescaAnnis	55	AGE55	12153	12152_FrancescaAnnis_55_f
502	FaradayMichael	55	AGE55	1123	1122_FaradayMichael_55_m
521	StefaniePowers	55	AGE55	15848	15847_StefaniePowers_55_f
11	MichaelSarrazin	55	AGE55	9149	9148_MichaelSarrazin_55_m
412	BeaArthur	55	AGE55	11899	11898_BeaArthur_55_f
242	AvaGardner	55	AGE55	13336	13335_AvaGardner_55_f
242	AvaGardner	55	AGE55	13344	13343_AvaGardner_55_f
242	AvaGardner	55	AGE55	13332	13331_AvaGardner_55_f
238	RobertMitchum	55	AGE55	9236	9235_RobertMitchum_55_m
255	NickNolte	55	AGE55	2205	2204_NickNolte_55_m
541	ThelmaRitter	55	AGE55	13793	13792_ThelmaRitter_55_f
28	AndreasPapantreou	55	AGE55	901	900_AndreasPapantreou_55_m
551	JeanetteMacDonald	55	AGE55	15512	15511_JeanetteMacDonald_55_f
277	AliMacGraw	55	AGE55	9935	9934_AliMacGraw_55_f
78	JamesBest	55	AGE55	1959	1958_JamesBest_55_m
403	RogerAllam	55	AGE55	3741	3740_RogerAllam_55_m
63	PeggyAshcroft	55	AGE55	14463	14462_PeggyAshcroft_55_f
330	JuneAllyson	55	AGE55	13655	13654_JuneAllyson_55_f
170	CharlesBoyer	55	AGE55	6970	6969_CharlesBoyer_55_m
28	AndreasPapantreou	55	AGE55	891	890_AndreasPapantreou_55_m
280	BillNighy	55	AGE55	3053	3052_BillNighy_55_m
75	EllenBurstyn	55	AGE55	11005	11004_EllenBurstyn_55_f
554	CharlieChaplin	55	AGE55	8539	8538_CharlieChaplin_55_m
299	GeorgeMontgomery	55	AGE55	9330	9329_GeorgeMontgomery_55_m
554	CharlieChaplin	55	AGE55	8534	8533_CharlieChaplin_55_m
555	GeneWilder	55	AGE55	2591	2590_GeneWilder_55_m
479	PeterUstinov	55	AGE55	8213	8212_PeterUstinov_55_m
563	PaulAnka	55	AGE55	99	98_PaulAnka_55_m
74	AnthonyQuayle	55	AGE55	7840	7839_AnthonyQuayle_55_m
367	LiamNeeson	55	AGE55	2766	2765_LiamNeeson_55_m
489	MarleneDietrich	55	AGE55	14737	14736_MarleneDietrich_55_f
321	DannyDeVito	55	AGE55	3151	3150_DannyDeVito_55_m
401	ErinGray	55	AGE55	15360	15359_ErinGray_55_f
16	ReginaldOwen	55	AGE55	8253	8252_ReginaldOwen_55_m
194	JaneFonda	55	AGE55	10106	10105_JaneFonda_55_f
300	PeterMarkRichman	55	AGE55	7477	7476_PeterMarkRichman_55_m
84	AngelaLansbury	55	AGE55	11969	11968_AngelaLansbury_55_f
40	AnthonyHopkins	55	AGE55	5102	5101_AnthonyHopkins_55_m
180	MichellePfeiffer	55	AGE55	13213	13212_MichellePfeiffer_55_f
303	GeneHackman	55	AGE55	3258	3257_GeneHackman_55_m
564	SusanHayward	55	AGE55	14494	14493_SusanHayward_55_f
303	GeneHackman	55	AGE55	3238	3237_GeneHackman_55_m
181	FernandoRey	55	AGE55	6317	6316_FernandoRey_55_m
366	MelFerrer	55	AGE55	6637	6636_MelFerrer_55_m
439	IsabelleAdjani	55	AGE55	12246	12245_IsabelleAdjani_55_f
438	JackLemon	55	AGE55	5317	5316_JackLemon_55_m
276	AnthonyPerkins	55	AGE55	8812	8811_AnthonyPerkins_55_m
61	RonaldReagan	55	AGE55	742	741_RonaldReagan_55_m
303	GeneHackman	55	AGE55	3245	3244_GeneHackman_55_m
53	JulieChristie	55	AGE55	11521	11520_JulieChristie_55_f
79	JudyDavis	55	AGE55	9842	9841_JudyDavis_55_f
406	StevenSeagal	55	AGE55	4450	4449_StevenSeagal_55_m
30	AnnetteBening	55	AGE55	11428	11427_AnnetteBening_55_f
282	ValerieHarper	55	AGE55	11800	11799_ValerieHarper_55_f
189	MurrayHamilton	55	AGE55	8707	8706_MurrayHamilton_55_m
370	PeterOToole	55	AGE55	5642	5641_PeterOToole_55_m
69	BrianDennehy	55	AGE55	3957	3956_BrianDennehy_55_m
427	NewmanPaul	55	AGE55	7465	7464_NewmanPaul_55_m
328	PabloPicasso	55	AGE55	277	276_PabloPicasso_55_m
291	IlyaPrigogine	55	AGE55	1273	1272_IlyaPrigogine_55_m
203	DebraPaget	55	AGE55	15241	15240_DebraPaget_55_f
65	JohnForsythe	55	AGE55	8079	8078_JohnForsythe_55_m
377	TomHulce	55	AGE55	1825	1824_TomHulce_55_m
287	JosephCotten	55	AGE55	7225	7224_JosephCotten_55_m
430	HelenHayes	55	AGE55	13539	13538_HelenHayes_55_f
68	KevinCostner	55	AGE55	4283	4282_KevinCostner_55_m
8	SimoneSignoret	55	AGE55	14833	14832_SimoneSignoret_55_f
193	GeorgePeppard	55	AGE55	7922	7921_GeorgePeppard_55_m
66	BruceWillis	55	AGE55	3096	3095_BruceWillis_55_m
421	SigourneyWeaver	55	AGE55	13312	13311_SigourneyWeaver_55_f
67	JamesCaan	55	AGE55	2006	2005_JamesCaan_55_m
302	ClaudeRich	55	AGE55	2475	2474_ClaudeRich_55_m
19	EdwardFox	55	AGE55	1927	1926_EdwardFox_55_m
284	RobertMorley	55	AGE55	7539	7538_RobertMorley_55_m
378	ImeldaStaunton	55	AGE55	12215	12214_ImeldaStaunton_55_f
64	MikeConnors	55	AGE55	3616	3615_MikeConnors_55_m
41	DenzelWashington	55	AGE55	6184	6183_DenzelWashington_55_m
376	Fernandel	55	AGE55	4574	4573_Fernandel_55_m
434	DavidCarradine	55	AGE55	8595	8594_DavidCarradine_55_m
73	DyanCannon	55	AGE55	15271	15270_DyanCannon_55_f
1	HerbertLom	55	AGE55	5862	5861_HerbertLom_55_m
556	CarlosSantana	55	AGE55	4499	4498_CarlosSantana_55_m
283	BettyGrable	55	AGE55	13942	13941_BettyGrable_55_f
323	JohnJames	55	AGE55	2046	2045_JohnJames_55_m
29	IreneDunne	55	AGE55	13572	13571_IreneDunne_55_f
185	TheodoreRoosevelt	55	AGE55	914	913_TheodoreRoosevelt_55_m
72	HenryFonda	55	AGE55	8024	8023_HenryFonda_55_m
41	DenzelWashington	55	AGE55	6173	6172_DenzelWashington_55_m
41	DenzelWashington	55	AGE55	6188	6187_DenzelWashington_55_m
558	MichaelPalin	55	AGE55	4330	4329_MichaelPalin_55_m
405	Gorbachev	55	AGE55	616	615_Gorbachev_55_m
187	JenniferJones	55	AGE55	14590	14589_JenniferJones_55_f
369	BorisKarloff	55	AGE55	6938	6937_BorisKarloff_55_m
271	RichardAttenborough	55	AGE55	8740	8739_RichardAttenborough_55_m
428	OmarSharif	55	AGE55	3654	3653_OmarSharif_55_m
324	JaneAsher	55	AGE55	9815	9814_JaneAsher_55_f
298	FrankSinatra	55	AGE55	8618	8617_FrankSinatra_55_m
94	GabrielGarciaMarquez	55	AGE55	1503	1502_GabrielGarciaMarquez_55_m
407	JulieAdams	55	AGE55	10206	10205_JulieAdams_55_f
542	IanMcKellen	55	AGE55	3287	3286_IanMcKellen_55_m
566	Pele	55	AGE55	59	58_Pele_55_m
28	AndreasPapantreou	55	AGE55	900	899_AndreasPapantreou_55_m
259	ChristopherWalken	55	AGE55	7016	7015_ChristopherWalken_55_m
260	AmandaRedman	55	AGE55	13298	13297_AmandaRedman_55_f
334	LauraAntonelli	55	AGE55	12299	12298_LauraAntonelli_55_f
495	CybillShepherd	55	AGE55	12011	12010_CybillShepherd_55_f
400	EliWallach	55	AGE55	3220	3219_EliWallach_55_m
566	Pele	55	AGE55	48	47_Pele_55_m
360	UgoTognazzi	55	AGE55	7699	7698_UgoTognazzi_55_m
446	AbeVigoda	55	AGE55	2331	2330_AbeVigoda_55_m
544	GeorgeCScott	55	AGE55	8999	8998_GeorgeCScott_55_m
493	PiaLindstrom	55	AGE55	11231	11230_PiaLindstrom_55_f
177	OliviaHussey	55	AGE55	11718	11717_OliviaHussey_55_f
358	NicolasSarkozy	55	AGE55	5544	5543_NicolasSarkozy_55_m
57	AlikiBoug	55	AGE55	12544	12543_AlikiBoug_55_f
449	ZsaZsaGabor	55	AGE55	11381	11380_ZsaZsaGabor_55_f
96	JackColeman	55	AGE55	3316	3315_JackColeman_55_m
210	JeanPeters	55	AGE55	13605	13604_JeanPeters_55_f
296	JaneRussell	55	AGE55	13128	13127_JaneRussell_55_f
496	GlendaJackson	55	AGE55	12177	12176_GlendaJackson_55_f
483	Bono	55	AGE55	1558	1557_Bono_55_m
209	Konstantaras	55	AGE55	8105	8104_Konstantaras_55_m
384	JosephStalin	55	AGE55	824	823_JosephStalin_55_m
100	LyleTalbot	55	AGE55	7387	7386_LyleTalbot_55_m
209	Konstantaras	55	AGE55	8106	8105_Konstantaras_55_m
20	JohnTravolta	55	AGE55	4689	4688_JohnTravolta_55_m
256	PatrickSwayze	55	AGE55	8184	8183_PatrickSwayze_55_m
98	RichardChamberlain	55	AGE55	8291	8290_RichardChamberlain_55_m
307	GiulianoGemma	55	AGE55	8004	8003_GiulianoGemma_55_m
197	LinoVentura	55	AGE55	7325	7324_LinoVentura_55_m
171	EmmaThompson	55	AGE55	11044	11043_EmmaThompson_55_f
473	LizaMinelli	55	AGE55	11169	11168_LizaMinelli_55_f
566	Pele	55	AGE55	63	62_Pele_55_m
399	RonPerlman	55	AGE55	2832	2831_RonPerlman_55_m
258	FredMacMurray	55	AGE55	8969	8968_FredMacMurray_55_m
362	CyndiLauper	55	AGE55	11445	11444_CyndiLauper_55_f
295	JanetEllis	55	AGE55	15453	15452_JanetEllis_55_f
195	LorneGreene	55	AGE55	8153	8152_LorneGreene_55_m
90	MichelPiccoli	55	AGE55	4762	4761_MichelPiccoli_55_m
267	MerkouriMelina	55	AGE55	14926	14925_MerkouriMelina_55_f
565	MelGibson	55	AGE55	2164	2163_MelGibson_55_m
88	StacyKeach	55	AGE55	3820	3819_StacyKeach_55_m
375	EdwardGRobinson	55	AGE55	9445	9444_EdwardGRobinson_55_m
294	JamieLeeCurtis	55	AGE55	12695	12694_JamieLeeCurtis_55_f
59	MichaelKeaton	55	AGE55	5506	5505_MichaelKeaton_55_m
87	JPaulGetty	55	AGE55	394	393_JPaulGetty_55_m
87	JPaulGetty	55	AGE55	393	392_JPaulGetty_55_m
60	CharlesGrodin	55	AGE55	5194	5193_CharlesGrodin_55_m
548	CatherineDeneuve	55	AGE55	12965	12964_CatherineDeneuve_55_f
52	IngridBergman	55	AGE55	14238	14237_IngridBergman_55_f
364	SarahDouglas	55	AGE55	15805	15804_SarahDouglas_55_f
86	MarietteHartley	55	AGE55	10296	10295_MarietteHartley_55_f
269	BenGazzara	55	AGE55	5786	5785_BenGazzara_55_m
178	AndyGriffith	55	AGE55	7807	7806_AndyGriffith_55_m
270	ErnestHemingway	55	AGE55	1421	1420_ErnestHemingway_55_m
332	TomHanks	55	AGE55	1793	1792_TomHanks_55_m
266	MickJagger	55	AGE55	2788	2787_MickJagger_55_m
208	ShelleyWinters	55	AGE55	14775	14774_ShelleyWinters_55_f
474	TellySavalas	55	AGE55	7629	7628_TellySavalas_55_m
263	JanePowell	55	AGE55	15399	15398_JanePowell_55_f
547	RuthGordon	55	AGE55	12891	12890_RuthGordon_55_f
198	ThomasTerry	55	AGE55	6863	6862_ThomasTerry_55_m
12	MerylStreep	55	AGE55	10746	10745_MerylStreep_55_f
305	TanyaRoberts	55	AGE55	11326	11325_TanyaRoberts_55_f
265	BurtReynolds	55	AGE55	3992	3991_BurtReynolds_55_m
492	RobertDuvall	55	AGE55	4385	4384_RobertDuvall_55_m
445	JohnCassavetes	55	AGE55	8686	8685_JohnCassavetes_55_m
208	ShelleyWinters	55	AGE55	14768	14767_ShelleyWinters_55_f
546	SusanSarandon	55	AGE55	11748	11747_SusanSarandon_55_f
363	GretaGarbo	55	AGE55	13101	13100_GretaGarbo_55_f
152	MaryPickford	56	AGE56	14406	14405_MaryPickford_56_f
151	AnnieGirardot	56	AGE56	13898	13897_AnnieGirardot_56_f
193	GeorgePeppard	56	AGE56	7923	7922_GeorgePeppard_56_m
153	GaryOldman	56	AGE56	2572	2571_GaryOldman_56_m
409	RexHarrison	56	AGE56	6736	6735_RexHarrison_56_m
403	RogerAllam	56	AGE56	3742	3741_RogerAllam_56_m
485	DanaAndrews	56	AGE56	6158	6157_DanaAndrews_56_m
223	ElkeSommer	56	AGE56	9968	9967_ElkeSommer_56_f
197	LinoVentura	56	AGE56	7326	7325_LinoVentura_56_m
36	ScottGlenn	56	AGE56	2938	2937_ScottGlenn_56_m
340	CliffRobertson	56	AGE56	8561	8560_CliffRobertson_56_m
482	JuneLockhart	56	AGE56	11132	11131_JuneLockhart_56_f
404	CatherineSpaak	56	AGE56	11937	11936_CatherineSpaak_56_f
198	ThomasTerry	56	AGE56	6864	6863_ThomasTerry_56_m
507	RowanAtkinson	56	AGE56	6789	6788_RowanAtkinson_56_m
147	SamuelJacksonn	56	AGE56	16130	16129_SamuelJacksonn_56_m
473	LizaMinelli	56	AGE56	11170	11169_LizaMinelli_56_f
397	GeraldineChaplin	56	AGE56	13046	13045_GeraldineChaplin_56_f
324	JaneAsher	56	AGE56	9816	9815_JaneAsher_56_f
208	ShelleyWinters	56	AGE56	14769	14768_ShelleyWinters_56_f
406	StevenSeagal	56	AGE56	4451	4450_StevenSeagal_56_m
471	ClaudetteColbert	56	AGE56	14678	14677_ClaudetteColbert_56_f
492	RobertDuvall	56	AGE56	4386	4385_RobertDuvall_56_m
332	TomHanks	56	AGE56	1794	1793_TomHanks_56_m
42	RoyScheider	56	AGE56	13228	13227_RoyScheider_56_f
400	EliWallach	56	AGE56	3222	3221_EliWallach_56_m
400	EliWallach	56	AGE56	3224	3223_EliWallach_56_m
208	ShelleyWinters	56	AGE56	14776	14775_ShelleyWinters_56_f
333	RobertPowell	56	AGE56	4426	4425_RobertPowell_56_m
177	OliviaHussey	56	AGE56	11719	11718_OliviaHussey_56_f
42	RoyScheider	56	AGE56	6807	6806_RoyScheider_56_m
499	AmandaBlake	56	AGE56	14970	14969_AmandaBlake_56_f
493	PiaLindstrom	56	AGE56	11232	11231_PiaLindstrom_56_f
474	TellySavalas	56	AGE56	7630	7629_TellySavalas_56_m
495	CybillShepherd	56	AGE56	12012	12011_CybillShepherd_56_f
174	LelandStanford	56	AGE56	417	416_LelandStanford_56_m
209	Konstantaras	56	AGE56	8097	8096_Konstantaras_56_m
211	AnjelicaHuston	56	AGE56	11831	11830_AnjelicaHuston_56_f
399	RonPerlman	56	AGE56	2833	2832_RonPerlman_56_m
168	JohnCleese	56	AGE56	2691	2690_JohnCleese_56_m
170	CharlesBoyer	56	AGE56	6971	6970_CharlesBoyer_56_m
9	FessParker	56	AGE56	7077	7076_FessParker_56_m
401	ErinGray	56	AGE56	15361	15360_ErinGray_56_f
339	ChuckNorris	56	AGE56	3120	3119_ChuckNorris_56_m
501	RayLiotta	56	AGE56	2248	2247_RayLiotta_56_m
475	NeildeGrasseTyson 	56	AGE56	16005	16004_NeildeGrasseTyson _56_m
405	Gorbachev	56	AGE56	621	620_Gorbachev_56_m
190	ClintWalker	56	AGE56	4074	4073_ClintWalker_56_m
328	PabloPicasso	56	AGE56	273	272_PabloPicasso_56_m
189	MurrayHamilton	56	AGE56	8708	8707_MurrayHamilton_56_m
155	SteveJobsb	56	AGE56	409	408_SteveJobsb_56_m
487	JaneWyman	56	AGE56	13152	13151_JaneWyman_56_f
204	LilliPalmer	56	AGE56	13683	13682_LilliPalmer_56_f
157	angelamerkel	56	AGE56	533	532_angelamerkel_56_f
503	JeanPaulBelmondo	56	AGE56	7155	7154_JeanPaulBelmondo_56_m
219	DerekJacobi	56	AGE56	3178	3177_DerekJacobi_56_m
405	Gorbachev	56	AGE56	611	610_Gorbachev_56_m
489	MarleneDietrich	56	AGE56	14739	14738_MarleneDietrich_56_f
489	MarleneDietrich	56	AGE56	14738	14737_MarleneDietrich_56_f
470	FranklinDRoosevelt	56	AGE56	931	930_FranklinDRoosevelt_56_m
159	PierceBrosnan	56	AGE56	4814	4813_PierceBrosnan_56_m
25	ShirleyMacLaine	56	AGE56	13258	13257_ShirleyMacLaine_56_f
337	RichardCrenna	56	AGE56	8324	8323_RichardCrenna_56_m
478	FredAstaire	56	AGE56	7889	7888_FredAstaire_56_m
215	JulieHagerty	56	AGE56	15573	15572_JulieHagerty_56_f
206	HowardKeel	56	AGE56	5902	5901_HowardKeel_56_m
181	FernandoRey	56	AGE56	6318	6317_FernandoRey_56_m
476	RaquelWelch	56	AGE56	10844	10843_RaquelWelch_56_f
331	SamElliott	56	AGE56	2897	2896_SamElliott_56_m
475	NeildeGrasseTyson 	56	AGE56	16002	16001_NeildeGrasseTyson _56_m
173	GreerGarson	56	AGE56	14034	14033_GreerGarson_56_f
3	ArnoldSchwarzenegger	56	AGE56	8849	8848_ArnoldSchwarzenegger_56_m
96	JackColeman	56	AGE56	3317	3316_JackColeman_56_m
90	MichelPiccoli	56	AGE56	4763	4762_MichelPiccoli_56_m
263	JanePowell	56	AGE56	15400	15399_JanePowell_56_f
362	CyndiLauper	56	AGE56	11446	11445_CyndiLauper_56_f
445	JohnCassavetes	56	AGE56	8687	8686_JohnCassavetes_56_m
546	SusanSarandon	56	AGE56	11749	11748_SusanSarandon_56_f
382	GilbertRoland	56	AGE56	7965	7964_GilbertRoland_56_m
364	SarahDouglas	56	AGE56	15806	15805_SarahDouglas_56_f
443	HedyLamarr	56	AGE56	12631	12630_HedyLamarr_56_f
88	StacyKeach	56	AGE56	3821	3820_StacyKeach_56_m
86	MarietteHartley	56	AGE56	10297	10296_MarietteHartley_56_f
365	JohnVernon	56	AGE56	6466	6465_JohnVernon_56_m
548	CatherineDeneuve	56	AGE56	12966	12965_CatherineDeneuve_56_f
271	RichardAttenborough	56	AGE56	8730	8729_RichardAttenborough_56_m
304	DavidNiven	56	AGE56	7045	7044_DavidNiven_56_m
439	IsabelleAdjani	56	AGE56	12248	12247_IsabelleAdjani_56_f
439	IsabelleAdjani	56	AGE56	12247	12246_IsabelleAdjani_56_f
303	GeneHackman	56	AGE56	3231	3230_GeneHackman_56_m
303	GeneHackman	56	AGE56	3243	3242_GeneHackman_56_m
82	MarcelloMastroianni	56	AGE56	9596	9595_MarcelloMastroianni_56_m
81	EdwigeFenech	56	AGE56	15323	15322_EdwigeFenech_56_f
276	AnthonyPerkins	56	AGE56	8813	8812_AnthonyPerkins_56_m
446	AbeVigoda	56	AGE56	2332	2331_AbeVigoda_56_m
366	MelFerrer	56	AGE56	6638	6637_MelFerrer_56_m
543	JohnDerek	56	AGE56	5361	5360_JohnDerek_56_m
360	UgoTognazzi	56	AGE56	7700	7699_UgoTognazzi_56_m
104	VanessaRedgrave	56	AGE56	13821	13820_VanessaRedgrave_56_f
357	KathyBates	56	AGE56	10237	10236_KathyBates_56_f
253	HarrisonFord	56	AGE56	4175	4174_HarrisonFord_56_m
255	NickNolte	56	AGE56	2206	2205_NickNolte_56_m
102	WalterPidgeon	56	AGE56	8450	8449_WalterPidgeon_56_m
451	BurtLancaster	56	AGE56	9283	9282_BurtLancaster_56_m
451	BurtLancaster	56	AGE56	9302	9301_BurtLancaster_56_m
100	LyleTalbot	56	AGE56	7388	7387_LyleTalbot_56_m
99	YvonneDeCarlo	56	AGE56	14619	14618_YvonneDeCarlo_56_f
98	RichardChamberlain	56	AGE56	8292	8291_RichardChamberlain_56_m
358	NicolasSarkozy	56	AGE56	5545	5544_NicolasSarkozy_56_m
50	PeggyLipton	56	AGE56	10817	10816_PeggyLipton_56_f
146	RicardoMontalb╨░n	56	AGE56	9552	9551_RicardoMontalb╨░n_56_m
541	ThelmaRitter	56	AGE56	13794	13793_ThelmaRitter_56_f
258	FredMacMurray	56	AGE56	8970	8969_FredMacMurray_56_m
542	IanMcKellen	56	AGE56	3288	3287_IanMcKellen_56_m
416	JohnHuston	56	AGE56	6002	6001_JohnHuston_56_m
259	ChristopherWalken	56	AGE56	7017	7016_ChristopherWalken_56_m
447	GlennClose	56	AGE56	9997	9996_GlennClose_56_f
261	KlausKinski	56	AGE56	6543	6542_KlausKinski_56_m
417	StevenBerkoff	56	AGE56	4944	4943_StevenBerkoff_56_m
2	RoyRogers	56	AGE56	5713	5712_RoyRogers_56_m
251	St╨ТphaneAudran	56	AGE56	15883	15882_St╨ТphaneAudran_56_f
367	LiamNeeson	56	AGE56	2767	2766_LiamNeeson_56_m
551	JeanetteMacDonald	56	AGE56	15492	15491_JeanetteMacDonald_56_f
371	ChristopherPlummer	56	AGE56	7872	7871_ChristopherPlummer_56_m
290	CHARLIERUGGLES	56	AGE56	9515	9514_CHARLIERUGGLES_56_m
377	TomHulce	56	AGE56	1826	1825_TomHulce_56_m
67	JamesCaan	56	AGE56	2007	2006_JamesCaan_56_m
66	BruceWillis	56	AGE56	3097	3096_BruceWillis_56_m
65	JohnForsythe	56	AGE56	8080	8079_JohnForsythe_56_m
373	BobDylan	56	AGE56	1679	1678_BobDylan_56_m
562	RockHudson	56	AGE56	6774	6773_RockHudson_56_m
64	MikeConnors	56	AGE56	3617	3616_MikeConnors_56_m
421	SigourneyWeaver	56	AGE56	13313	13312_SigourneyWeaver_56_f
63	PeggyAshcroft	56	AGE56	14483	14482_PeggyAshcroft_56_f
27	LaurenBacall	56	AGE56	11561	11560_LaurenBacall_56_f
61	RonaldReagan	56	AGE56	726	725_RonaldReagan_56_m
293	PeterGraves	56	AGE56	6688	6687_PeterGraves_56_m
376	Fernandel	56	AGE56	4575	4574_Fernandel_56_m
565	MelGibson	56	AGE56	2166	2165_MelGibson_56_m
295	JanetEllis	56	AGE56	15454	15453_JanetEllis_56_f
16	ReginaldOwen	56	AGE56	8254	8253_ReginaldOwen_56_m
565	MelGibson	56	AGE56	2165	2164_MelGibson_56_m
55	JamesWoods	56	AGE56	2627	2626_JamesWoods_56_m
375	EdwardGRobinson	56	AGE56	9446	9445_EdwardGRobinson_56_m
288	AnitaEkberg	56	AGE56	10360	10359_AnitaEkberg_56_f
551	JeanetteMacDonald	56	AGE56	15513	15512_JeanetteMacDonald_56_f
430	HelenHayes	56	AGE56	13530	13529_HelenHayes_56_f
420	MaryTylerMoore	56	AGE56	12835	12834_MaryTylerMoore_56_f
419	ShirleyJones	56	AGE56	11263	11262_ShirleyJones_56_f
553	DanielleDarrieux	56	AGE56	13430	13429_DanielleDarrieux_56_f
280	BillNighy	56	AGE56	3054	3053_BillNighy_56_m
76	HarveyKeitel	56	AGE56	4197	4196_HarveyKeitel_56_m
281	RutgerHauer	56	AGE56	3772	3771_RutgerHauer_56_m
379	JamesCagney	56	AGE56	6391	6390_JamesCagney_56_m
74	AnthonyQuayle	56	AGE56	7841	7840_AnthonyQuayle_56_m
434	DavidCarradine	56	AGE56	8596	8595_DavidCarradine_56_m
368	BettyGarrett	56	AGE56	15059	15058_BettyGarrett_56_f
379	JamesCagney	56	AGE56	6390	6389_JamesCagney_56_m
556	CarlosSantana	56	AGE56	4514	4513_CarlosSantana_56_m
369	BorisKarloff	56	AGE56	6939	6938_BorisKarloff_56_m
29	IreneDunne	56	AGE56	13573	13572_IreneDunne_56_f
433	MaximilianShell	56	AGE56	9485	9484_MaximilianShell_56_m
557	DavidMcCallum	56	AGE56	5233	5232_DavidMcCallum_56_m
302	ClaudeRich	56	AGE56	2476	2475_ClaudeRich_56_m
284	RobertMorley	56	AGE56	7556	7555_RobertMorley_56_m
370	PeterOToole	56	AGE56	5643	5642_PeterOToole_56_m
69	BrianDennehy	56	AGE56	3958	3957_BrianDennehy_56_m
14	StevenSpielberg	56	AGE56	6826	6825_StevenSpielberg_56_m
559	SylvesterStallone	56	AGE56	7605	7604_SylvesterStallone_56_m
431	RobertRedford	56	AGE56	4834	4833_RobertRedford_56_m
535	Tyson	56	AGE56	16465	16464_Tyson_56_f
40	AnthonyHopkins	56	AGE56	5081	5080_AnthonyHopkins_56_m
389	JaneBirkin	56	AGE56	10098	10097_JaneBirkin_56_f
244	JeffGoldblum	56	AGE56	4667	4666_JeffGoldblum_56_m
517	GeraldinePage	56	AGE56	14184	14183_GeraldinePage_56_f
3	ArnoldSchwarzenegger	56	AGE56	8848	8847_ArnoldSchwarzenegger_56_m
344	ElVenizelos	56	AGE56	702	701_ElVenizelos_56_m
458	JeanMarais	56	AGE56	5974	5973_JeanMarais_56_m
233	Arletty	56	AGE56	10922	10921_Arletty_56_f
134	JohnLithgow	56	AGE56	3397	3396_JohnLithgow_56_m
140	EdHarris	56	AGE56	1714	1713_EdHarris_56_m
315	DirkBogarde	56	AGE56	6257	6256_DirkBogarde_56_m
126	JamesArness	56	AGE56	6358	6357_JamesArness_56_m
48	GenaRowlands	56	AGE56	4145	4144_GenaRowlands_56_m
312	JohnnyCash	56	AGE56	6507	6506_JohnnyCash_56_m
115	BarbaraBain	56	AGE56	10422	10421_BarbaraBain_56_f
246	LeifErickson	56	AGE56	7293	7292_LeifErickson_56_m
140	EdHarris	56	AGE56	1715	1714_EdHarris_56_m
388	JoanCollins	56	AGE56	10547	10546_JoanCollins_56_f
121	RafVallone	56	AGE56	6046	6045_RafVallone_56_m
313	LeslieCaron	56	AGE56	3465	3464_LeslieCaron_56_m
238	RobertMitchum	56	AGE56	9221	9220_RobertMitchum_56_m
412	BeaArthur	56	AGE56	11900	11899_BeaArthur_56_f
127	HumphreyBogard	56	AGE56	9037	9036_HumphreyBogard_56_m
238	RobertMitchum	56	AGE56	9234	9233_RobertMitchum_56_m
519	ChevyChase	56	AGE56	2439	2438_ChevyChase_56_m
347	Soljenitsyne	56	AGE56	1345	1344_Soljenitsyne_56_m
521	StefaniePowers	56	AGE56	15832	15831_StefaniePowers_56_f
460	AnneBaxter	56	AGE56	12525	12524_AnneBaxter_56_f
461	TimCurry	56	AGE56	1748	1747_TimCurry_56_m
131	ElizabethTaylor	56	AGE56	14706	14705_ElizabethTaylor_56_f
347	Soljenitsyne	56	AGE56	1342	1341_Soljenitsyne_56_m
237	KathleenTurner	56	AGE56	12778	12777_KathleenTurner_56_f
523	MartinSheen	56	AGE56	3537	3536_MartinSheen_56_m
34	MireilleDarc	56	AGE56	11682	11681_MireilleDarc_56_f
462	KateOMara	56	AGE56	15612	15611_KateOMara_56_f
315	DirkBogarde	56	AGE56	6256	6255_DirkBogarde_56_m
141	ErnestBorgnine	56	AGE56	8924	8923_ErnestBorgnine_56_m
463	OrnellaMuti	56	AGE56	10791	10790_OrnellaMuti_56_f
26	FayeDunaway	56	AGE56	10520	10519_FayeDunaway_56_f
144	SusannahYork	56	AGE56	14133	14132_SusannahYork_56_f
143	BarbraStreisand	56	AGE56	12928	12927_BarbraStreisand_56_f
530	SimonMacCorkindale	56	AGE56	8375	8374_SimonMacCorkindale_56_m
464	BetteMidler	56	AGE56	10470	10469_BetteMidler_56_f
510	PeterFalk	56	AGE56	5613	5612_PeterFalk_56_m
145	DonJohnson	56	AGE56	2530	2529_DonJohnson_56_m
310	KevinBacon	56	AGE56	2742	2741_KevinBacon_56_m
512	WilliamHolden	56	AGE56	8486	8485_WilliamHolden_56_m
464	BetteMidler	56	AGE56	10443	10442_BetteMidler_56_f
247	MichaelYork	56	AGE56	3585	3584_MichaelYork_56_m
457	JeffBridges	56	AGE56	3343	3342_JeffBridges_56_m
353	ArmandAssante	56	AGE56	5139	5138_ArmandAssante_56_m
355	CelesteHolm	56	AGE56	13380	13379_CelesteHolm_56_f
232	ConnieBooth	56	AGE56	15169	15168_ConnieBooth_56_f
46	JohnMalkovich	56	AGE56	5392	5391_JohnMalkovich_56_m
231	AnthonyAndrews	56	AGE56	5053	5052_AnthonyAndrews_56_m
531	TimothyDalton	56	AGE56	4982	4981_TimothyDalton_56_m
229	Myl╨ЪneDemongeot	57	AGE57	12869	12868_Myl╨ЪneDemongeot_57_f
461	TimCurry	57	AGE57	1749	1748_TimCurry_57_m
10	JeffDaniels	57	AGE57	3381	3380_JeffDaniels_57_m
464	BetteMidler	57	AGE57	10444	10443_BetteMidler_57_f
409	RexHarrison	57	AGE57	6737	6736_RexHarrison_57_m
405	Gorbachev	57	AGE57	617	616_Gorbachev_57_m
282	ValerieHarper	57	AGE57	11801	11800_ValerieHarper_57_f
36	ScottGlenn	57	AGE57	2939	2938_ScottGlenn_57_m
295	JanetEllis	57	AGE57	15455	15454_JanetEllis_57_f
280	BillNighy	57	AGE57	3055	3054_BillNighy_57_m
298	FrankSinatra	57	AGE57	8613	8612_FrankSinatra_57_m
40	AnthonyHopkins	57	AGE57	5103	5102_AnthonyHopkins_57_m
238	RobertMitchum	57	AGE57	9227	9226_RobertMitchum_57_m
16	ReginaldOwen	57	AGE57	8255	8254_ReginaldOwen_57_m
291	IlyaPrigogine	57	AGE57	1271	1270_IlyaPrigogine_57_m
8	SimoneSignoret	57	AGE57	14853	14852_SimoneSignoret_57_f
463	OrnellaMuti	57	AGE57	10792	10791_OrnellaMuti_57_f
315	DirkBogarde	57	AGE57	6258	6257_DirkBogarde_57_m
292	KathrynHays	57	AGE57	10575	10574_KathrynHays_57_f
410	AlejandroRey	57	AGE57	8510	8509_AlejandroRey_57_m
233	Arletty	57	AGE57	10923	10922_Arletty_57_f
426	TheodorakisMikis	57	AGE57	232	231_TheodorakisMikis_57_m
204	LilliPalmer	57	AGE57	13684	13683_LilliPalmer_57_f
462	KateOMara	57	AGE57	15613	15612_KateOMara_57_f
14	StevenSpielberg	57	AGE57	6835	6834_StevenSpielberg_57_m
198	ThomasTerry	57	AGE57	6865	6864_ThomasTerry_57_m
235	SilvanaMangano	57	AGE57	14817	14816_SilvanaMangano_57_f
231	AnthonyAndrews	57	AGE57	5049	5048_AnthonyAndrews_57_m
284	RobertMorley	57	AGE57	7540	7539_RobertMorley_57_m
291	IlyaPrigogine	57	AGE57	1272	1271_IlyaPrigogine_57_m
35	LouisJourdan	57	AGE57	7356	7355_LouisJourdan_57_m
293	PeterGraves	57	AGE57	6689	6688_PeterGraves_57_m
279	DorisDay	57	AGE57	9746	9745_DorisDay_57_f
211	AnjelicaHuston	57	AGE57	11832	11831_AnjelicaHuston_57_f
314	YannisRitsos	57	AGE57	1524	1523_YannisRitsos_57_m
38	BarbaraBouchet	57	AGE57	11868	11867_BarbaraBouchet_57_f
260	AmandaRedman	57	AGE57	13299	13298_AmandaRedman_57_f
247	MichaelYork	57	AGE57	3586	3585_MichaelYork_57_m
449	ZsaZsaGabor	57	AGE57	11382	11381_ZsaZsaGabor_57_f
258	FredMacMurray	57	AGE57	8971	8970_FredMacMurray_57_m
38	BarbaraBouchet	57	AGE57	11864	11863_BarbaraBouchet_57_f
306	KrisKristofferson	57	AGE57	7257	7256_KrisKristofferson_57_m
257	HorstBuchholz	57	AGE57	8058	8057_HorstBuchholz_57_m
247	MichaelYork	57	AGE57	3587	3586_MichaelYork_57_m
311	MonicaVitti	57	AGE57	11205	11204_MonicaVitti_57_f
256	PatrickSwayze	57	AGE57	8185	8184_PatrickSwayze_57_m
457	JeffBridges	57	AGE57	3344	3343_JeffBridges_57_m
26	FayeDunaway	57	AGE57	10522	10521_FayeDunaway_57_f
256	PatrickSwayze	57	AGE57	8186	8185_PatrickSwayze_57_m
456	Fotopoulos	57	AGE57	5268	5267_Fotopoulos_57_m
248	MartinScorsese	57	AGE57	5460	5459_MartinScorsese_57_m
255	NickNolte	57	AGE57	2207	2206_NickNolte_57_m
452	GordonThomson	57	AGE57	4598	4597_GordonThomson_57_m
456	Fotopoulos	57	AGE57	5259	5258_Fotopoulos_57_m
12	MerylStreep	57	AGE57	10748	10747_MerylStreep_57_f
39	TonyBlair	57	AGE57	658	657_TonyBlair_57_m
39	TonyBlair	57	AGE57	667	666_TonyBlair_57_m
26	FayeDunaway	57	AGE57	10521	10520_FayeDunaway_57_f
251	St╨ТphaneAudran	57	AGE57	15884	15883_St╨ТphaneAudran_57_f
415	SamNeill	57	AGE57	2316	2315_SamNeill_57_m
39	TonyBlair	57	AGE57	670	669_TonyBlair_57_m
473	LizaMinelli	57	AGE57	11171	11170_LizaMinelli_57_f
455	AlanRickman	57	AGE57	3024	3023_AlanRickman_57_m
250	IsabelleHuppert	57	AGE57	12668	12667_IsabelleHuppert_57_f
246	LeifErickson	57	AGE57	7294	7293_LeifErickson_57_m
219	DerekJacobi	57	AGE57	3179	3178_DerekJacobi_57_m
407	JulieAdams	57	AGE57	10207	10206_JulieAdams_57_f
39	TonyBlair	57	AGE57	666	665_TonyBlair_57_m
436	LindsayWagner	57	AGE57	11583	11582_LindsayWagner_57_f
318	EsteeLauder	57	AGE57	30	29_EsteeLauder_57_f
437	MarisaPavan	57	AGE57	3507	3506_MarisaPavan_57_m
216	FrederickSanger	57	AGE57	1163	1162_FrederickSanger_57_m
276	AnthonyPerkins	57	AGE57	8815	8814_AnthonyPerkins_57_m
276	AnthonyPerkins	57	AGE57	8814	8813_AnthonyPerkins_57_m
238	RobertMitchum	57	AGE57	9230	9229_RobertMitchum_57_m
321	DannyDeVito	57	AGE57	3152	3151_DannyDeVito_57_m
34	MireilleDarc	57	AGE57	11683	11682_MireilleDarc_57_f
239	RoseMarie	57	AGE57	9902	9901_RoseMarie_57_f
439	IsabelleAdjani	57	AGE57	12249	12248_IsabelleAdjani_57_f
215	JulieHagerty	57	AGE57	15574	15573_JulieHagerty_57_f
241	SeanConnery	57	AGE57	3783	3782_SeanConnery_57_m
408	MelBrooks	57	AGE57	2110	2109_MelBrooks_57_m
270	ErnestHemingway	57	AGE57	1424	1423_ErnestHemingway_57_m
11	MichaelSarrazin	57	AGE57	9150	9149_MichaelSarrazin_57_m
268	WarrenBeatty	57	AGE57	5010	5009_WarrenBeatty_57_m
27	LaurenBacall	57	AGE57	11562	11561_LaurenBacall_57_f
243	Dench	57	AGE57	16353	16352_Dench_57_f
266	MickJagger	57	AGE57	2789	2788_MickJagger_57_m
12	MerylStreep	57	AGE57	10747	10746_MerylStreep_57_f
265	BurtReynolds	57	AGE57	3993	3992_BurtReynolds_57_m
244	JeffGoldblum	57	AGE57	4668	4667_JeffGoldblum_57_m
445	JohnCassavetes	57	AGE57	8688	8687_JohnCassavetes_57_m
245	RichardBoone	57	AGE57	7522	7521_RichardBoone_57_m
406	StevenSeagal	57	AGE57	4452	4451_StevenSeagal_57_m
446	AbeVigoda	57	AGE57	2333	2332_AbeVigoda_57_m
474	TellySavalas	57	AGE57	7640	7639_TellySavalas_57_m
458	JeanMarais	57	AGE57	5975	5974_JeanMarais_57_m
474	TellySavalas	57	AGE57	7631	7630_TellySavalas_57_m
317	BillMurray	57	AGE57	2417	2416_BillMurray_57_m
375	EdwardGRobinson	57	AGE57	9447	9446_EdwardGRobinson_57_m
484	JackLarson	57	AGE57	5934	5933_JackLarson_57_m
350	VittorioGassman	57	AGE57	9257	9256_VittorioGassman_57_m
123	Dee	57	AGE57	16340	16339_Dee_57_f
522	DannyGlover	57	AGE57	16089	16088_DannyGlover_57_m
121	RafVallone	57	AGE57	6047	6046_RafVallone_57_m
523	MartinSheen	57	AGE57	3538	3537_MartinSheen_57_m
351	JonVoight	57	AGE57	2070	2069_JonVoight_57_m
48	GenaRowlands	57	AGE57	4146	4145_GenaRowlands_57_m
526	AngieDickinson	57	AGE57	12454	12453_AngieDickinson_57_f
3	ArnoldSchwarzenegger	57	AGE57	8850	8849_ArnoldSchwarzenegger_57_m
114	akistsoxatzopoulos	57	AGE57	802	801_akistsoxatzopoulos_57_m
528	MichaelBloomberg	57	AGE57	312	311_MichaelBloomberg_57_m
124	SartreJeanPaul	57	AGE57	1405	1404_SartreJeanPaul_57_m
353	ArmandAssante	57	AGE57	5140	5139_ArmandAssante_57_m
530	SimonMacCorkindale	57	AGE57	8376	8375_SimonMacCorkindale_57_m
113	GladysCooper	57	AGE57	7117	7116_GladysCooper_57_m
111	WEBDuBois	57	AGE57	765	764_WEBDuBois_57_m
110	MargaretThatcher	57	AGE57	577	576_MargaretThatcher_57_f
534	AlbertoSordi	57	AGE57	7771	7770_AlbertoSordi_57_m
110	MargaretThatcher	57	AGE57	561	560_MargaretThatcher_57_f
108	MelindaDillion	57	AGE57	12322	12321_MelindaDillion_57_f
106	SteveMartin	57	AGE57	3875	3874_SteveMartin_57_m
49	BobHope	57	AGE57	5164	5163_BobHope_57_m
538	BarbaraStanwyck	57	AGE57	14655	14654_BarbaraStanwyck_57_f
102	WalterPidgeon	57	AGE57	8451	8450_WalterPidgeon_57_m
113	GladysCooper	57	AGE57	13508	13507_GladysCooper_57_f
126	JamesArness	57	AGE57	6359	6358_JamesArness_57_m
519	ChevyChase	57	AGE57	2453	2452_ChevyChase_57_m
347	Soljenitsyne	57	AGE57	1341	1340_Soljenitsyne_57_m
501	RayLiotta	57	AGE57	2249	2248_RayLiotta_57_m
159	PierceBrosnan	57	AGE57	4816	4815_PierceBrosnan_57_m
159	PierceBrosnan	57	AGE57	4815	4814_PierceBrosnan_57_m
338	FrancescaAnnis	57	AGE57	12154	12153_FrancescaAnnis_57_f
157	angelamerkel	57	AGE57	537	536_angelamerkel_57_f
396	JeremyKemp	57	AGE57	2648	2647_JeremyKemp_57_m
339	ChuckNorris	57	AGE57	3121	3120_ChuckNorris_57_m
506	MargeChampion	57	AGE57	11611	11610_MargeChampion_57_f
150	RitaLeviMontalcini	57	AGE57	1299	1298_RitaLeviMontalcini_57_f
147	SamuelJacksonn	57	AGE57	16131	16130_SamuelJacksonn_57_m
340	CliffRobertson	57	AGE57	8575	8574_CliffRobertson_57_m
146	RicardoMontalb╨░n	57	AGE57	9553	9552_RicardoMontalb╨░n_57_m
145	DonJohnson	57	AGE57	2531	2530_DonJohnson_57_m
144	SusannahYork	57	AGE57	14134	14133_SusannahYork_57_f
512	WilliamHolden	57	AGE57	8487	8486_WilliamHolden_57_m
22	TerryMoore	57	AGE57	10325	10324_TerryMoore_57_f
141	ErnestBorgnine	57	AGE57	8925	8924_ErnestBorgnine_57_m
140	EdHarris	57	AGE57	1716	1715_EdHarris_57_m
46	JohnMalkovich	57	AGE57	5394	5393_JohnMalkovich_57_m
344	ElVenizelos	57	AGE57	703	702_ElVenizelos_57_m
136	LawrenceTierney	57	AGE57	9091	9090_LawrenceTierney_57_m
134	JohnLithgow	57	AGE57	3398	3397_JohnLithgow_57_m
133	LeeJCobb	57	AGE57	6559	6558_LeeJCobb_57_m
347	Soljenitsyne	57	AGE57	1349	1348_Soljenitsyne_57_m
46	JohnMalkovich	57	AGE57	5393	5392_JohnMalkovich_57_m
357	KathyBates	57	AGE57	10235	10234_KathyBates_57_f
43	AnnMiller	57	AGE57	15030	15029_AnnMiller_57_f
100	LyleTalbot	57	AGE57	7389	7388_LyleTalbot_57_m
98	RichardChamberlain	57	AGE57	8293	8292_RichardChamberlain_57_m
81	EdwigeFenech	57	AGE57	15324	15323_EdwigeFenech_57_f
79	JudyDavis	57	AGE57	9840	9839_JudyDavis_57_f
367	LiamNeeson	57	AGE57	2768	2767_LiamNeeson_57_m
78	JamesBest	57	AGE57	1960	1959_JamesBest_57_m
77	RobertRyan	57	AGE57	7574	7573_RobertRyan_57_m
77	RobertRyan	57	AGE57	7578	7577_RobertRyan_57_m
553	DanielleDarrieux	57	AGE57	13431	13430_DanielleDarrieux_57_f
76	HarveyKeitel	57	AGE57	4198	4197_HarveyKeitel_57_m
368	BettyGarrett	57	AGE57	15060	15059_BettyGarrett_57_f
74	AnthonyQuayle	57	AGE57	7842	7841_AnthonyQuayle_57_m
1	HerbertLom	57	AGE57	5863	5862_HerbertLom_57_m
551	JeanetteMacDonald	57	AGE57	15493	15492_JeanetteMacDonald_57_f
378	ImeldaStaunton	57	AGE57	12216	12215_ImeldaStaunton_57_f
377	TomHulce	57	AGE57	1827	1826_TomHulce_57_m
559	SylvesterStallone	57	AGE57	7606	7605_SylvesterStallone_57_m
68	KevinCostner	57	AGE57	4284	4283_KevinCostner_57_m
560	GregoryPeck	57	AGE57	9372	9371_GregoryPeck_57_m
66	BruceWillis	57	AGE57	3098	3097_BruceWillis_57_m
562	RockHudson	57	AGE57	6776	6775_RockHudson_57_m
376	Fernandel	57	AGE57	4576	4575_Fernandel_57_m
563	PaulAnka	57	AGE57	111	110_PaulAnka_57_m
373	BobDylan	57	AGE57	1680	1679_BobDylan_57_m
63	PeggyAshcroft	57	AGE57	14464	14463_PeggyAshcroft_57_f
61	RonaldReagan	57	AGE57	743	742_RonaldReagan_57_m
69	BrianDennehy	57	AGE57	3959	3958_BrianDennehy_57_m
380	TomasMilian	57	AGE57	3906	3905_TomasMilian_57_m
82	MarcelloMastroianni	57	AGE57	9597	9596_MarcelloMastroianni_57_m
366	MelFerrer	57	AGE57	6639	6638_MelFerrer_57_m
384	JosephStalin	57	AGE57	828	827_JosephStalin_57_m
50	PeggyLipton	57	AGE57	10818	10817_PeggyLipton_57_f
96	JackColeman	57	AGE57	3318	3317_JackColeman_57_m
95	DavidSarnoff	57	AGE57	367	366_DavidSarnoff_57_m
358	NicolasSarkozy	57	AGE57	5546	5545_NicolasSarkozy_57_m
541	ThelmaRitter	57	AGE57	13795	13794_ThelmaRitter_57_f
542	IanMcKellen	57	AGE57	3274	3273_IanMcKellen_57_m
94	GabrielGarciaMarquez	57	AGE57	1508	1507_GabrielGarciaMarquez_57_m
543	JohnDerek	57	AGE57	5362	5361_JohnDerek_57_m
383	JamesGarner	57	AGE57	4627	4626_JamesGarner_57_m
544	GeorgeCScott	57	AGE57	9000	8999_GeorgeCScott_57_m
360	UgoTognazzi	57	AGE57	7701	7700_UgoTognazzi_57_m
91	DickieMoore	57	AGE57	6202	6201_DickieMoore_57_m
544	GeorgeCScott	57	AGE57	8987	8986_GeorgeCScott_57_m
2	RoyRogers	57	AGE57	5714	5713_RoyRogers_57_m
90	MichelPiccoli	57	AGE57	4764	4763_MichelPiccoli_57_m
90	MichelPiccoli	57	AGE57	4765	4764_MichelPiccoli_57_m
546	SusanSarandon	57	AGE57	11750	11749_SusanSarandon_57_f
382	GilbertRoland	57	AGE57	7966	7965_GilbertRoland_57_m
364	SarahDouglas	57	AGE57	15807	15806_SarahDouglas_57_f
88	StacyKeach	57	AGE57	3822	3821_StacyKeach_57_m
548	CatherineDeneuve	57	AGE57	12967	12966_CatherineDeneuve_57_f
52	IngridBergman	57	AGE57	14229	14228_IngridBergman_57_f
549	GoldieHawn	57	AGE57	10022	10021_GoldieHawn_57_f
365	JohnVernon	57	AGE57	6467	6466_JohnVernon_57_m
99	YvonneDeCarlo	57	AGE57	14620	14619_YvonneDeCarlo_57_f
337	RichardCrenna	57	AGE57	8333	8332_RichardCrenna_57_m
28	AndreasPapantreou	57	AGE57	902	901_AndreasPapantreou_57_m
336	PatrickStewart	57	AGE57	5570	5569_PatrickStewart_57_m
193	GeorgePeppard	57	AGE57	7924	7923_GeorgePeppard_57_m
184	GeorgesMarchal	57	AGE57	9350	9349_GeorgesMarchal_57_m
174	LelandStanford	57	AGE57	415	414_LelandStanford_57_m
399	RonPerlman	57	AGE57	2834	2833_RonPerlman_57_m
182	DustinHoffman	57	AGE57	4530	4529_DustinHoffman_57_m
401	ErinGray	57	AGE57	15362	15361_ErinGray_57_f
495	CybillShepherd	57	AGE57	12013	12012_CybillShepherd_57_f
194	JaneFonda	57	AGE57	10125	10124_JaneFonda_57_f
327	TommyLeeJones	57	AGE57	5754	5753_TommyLeeJones_57_m
195	LorneGreene	57	AGE57	8154	8153_LorneGreene_57_m
177	OliviaHussey	57	AGE57	11720	11719_OliviaHussey_57_f
332	TomHanks	57	AGE57	1795	1794_TomHanks_57_m
499	AmandaBlake	57	AGE57	14971	14970_AmandaBlake_57_f
325	tomselleck	57	AGE57	2974	2973_tomselleck_57_m
181	FernandoRey	57	AGE57	6319	6318_FernandoRey_57_m
170	CharlesBoyer	57	AGE57	6972	6971_CharlesBoyer_57_m
403	RogerAllam	57	AGE57	3743	3742_RogerAllam_57_m
331	SamElliott	57	AGE57	2898	2897_SamElliott_57_m
485	DanaAndrews	57	AGE57	6151	6150_DanaAndrews_57_m
42	RoyScheider	57	AGE57	13229	13228_RoyScheider_57_f
166	AnnJillian	57	AGE57	14999	14998_AnnJillian_57_f
42	RoyScheider	57	AGE57	6808	6807_RoyScheider_57_m
493	PiaLindstrom	57	AGE57	11233	11232_PiaLindstrom_57_f
327	TommyLeeJones	57	AGE57	5753	5752_TommyLeeJones_57_m
500	IanHolm	57	AGE57	1575	1574_IanHolm_57_m
185	TheodoreRoosevelt	57	AGE57	918	917_TheodoreRoosevelt_57_m
494	JessicaTandy	57	AGE57	13617	13616_JessicaTandy_57_f
189	MurrayHamilton	57	AGE57	8709	8708_MurrayHamilton_57_m
456	Fotopoulos	58	AGE58	5260	5259_Fotopoulos_58_m
34	MireilleDarc	58	AGE58	11684	11683_MireilleDarc_58_f
252	ErnestRutherford	58	AGE58	1198	1197_ErnestRutherford_58_m
252	ErnestRutherford	58	AGE58	1195	1194_ErnestRutherford_58_m
312	JohnnyCash	58	AGE58	6493	6492_JohnnyCash_58_m
453	DaliahLavi	58	AGE58	10957	10956_DaliahLavi_58_f
385	UrsulaAndress	58	AGE58	12407	12406_UrsulaAndress_58_f
324	JaneAsher	58	AGE58	9817	9816_JaneAsher_58_f
537	Onasis	58	AGE58	343	342_Onasis_58_m
252	ErnestRutherford	58	AGE58	1180	1179_ErnestRutherford_58_m
104	VanessaRedgrave	58	AGE58	13822	13821_VanessaRedgrave_58_f
379	JamesCagney	58	AGE58	6392	6391_JamesCagney_58_m
253	HarrisonFord	58	AGE58	4176	4175_HarrisonFord_58_m
70	PamelaSueMartin	58	AGE58	15780	15779_PamelaSueMartin_58_f
49	BobHope	58	AGE58	5180	5179_BobHope_58_m
332	TomHanks	58	AGE58	1796	1795_TomHanks_58_m
281	RutgerHauer	58	AGE58	3773	3772_RutgerHauer_58_m
255	NickNolte	58	AGE58	2208	2207_NickNolte_58_m
378	ImeldaStaunton	58	AGE58	12217	12216_ImeldaStaunton_58_f
178	AndyGriffith	58	AGE58	7808	7807_AndyGriffith_58_m
102	WalterPidgeon	58	AGE58	8452	8451_WalterPidgeon_58_m
353	ArmandAssante	58	AGE58	5123	5122_ArmandAssante_58_m
100	LyleTalbot	58	AGE58	7390	7389_LyleTalbot_58_m
331	SamElliott	58	AGE58	2899	2898_SamElliott_58_m
43	AnnMiller	58	AGE58	15031	15030_AnnMiller_58_f
71	EvaMarieSaint	58	AGE58	12110	12109_EvaMarieSaint_58_f
74	AnthonyQuayle	58	AGE58	7843	7842_AnthonyQuayle_58_m
354	RandolphScott	58	AGE58	8234	8233_RandolphScott_58_m
112	MickeyRooney	58	AGE58	7428	7427_MickeyRooney_58_m
49	BobHope	58	AGE58	5165	5164_BobHope_58_m
400	EliWallach	58	AGE58	3209	3208_EliWallach_58_m
369	BorisKarloff	58	AGE58	6940	6939_BorisKarloff_58_m
386	AlainDelon	58	AGE58	2378	2377_AlainDelon_58_m
208	ShelleyWinters	58	AGE58	14770	14769_ShelleyWinters_58_f
72	HenryFonda	58	AGE58	8025	8024_HenryFonda_58_m
49	BobHope	58	AGE58	5146	5145_BobHope_58_m
248	MartinScorsese	58	AGE58	5461	5460_MartinScorsese_58_m
433	MaximilianShell	58	AGE58	9486	9485_MaximilianShell_58_m
455	AlanRickman	58	AGE58	3025	3024_AlanRickman_58_m
42	RoyScheider	58	AGE58	6809	6808_RoyScheider_58_m
42	RoyScheider	58	AGE58	13230	13229_RoyScheider_58_f
249	LivUllmann	58	AGE58	10263	10262_LivUllmann_58_f
403	RogerAllam	58	AGE58	3744	3743_RogerAllam_58_m
492	RobertDuvall	58	AGE58	4387	4386_RobertDuvall_58_m
385	UrsulaAndress	58	AGE58	12406	12405_UrsulaAndress_58_f
176	RodTaylor	58	AGE58	2281	2280_RodTaylor_58_m
308	JanetLeigh	58	AGE58	12724	12723_JanetLeigh_58_f
556	CarlosSantana	58	AGE58	4515	4514_CarlosSantana_58_m
474	TellySavalas	58	AGE58	7632	7631_TellySavalas_58_m
456	Fotopoulos	58	AGE58	5267	5266_Fotopoulos_58_m
326	SteveKanaly	58	AGE58	3859	3858_SteveKanaly_58_m
250	IsabelleHuppert	58	AGE58	12669	12668_IsabelleHuppert_58_f
530	SimonMacCorkindale	58	AGE58	8377	8376_SimonMacCorkindale_58_m
534	AlbertoSordi	58	AGE58	7772	7771_AlbertoSordi_58_m
73	DyanCannon	58	AGE58	15272	15271_DyanCannon_58_f
352	OdysseasElytis	58	AGE58	1384	1383_OdysseasElytis_58_m
450	RobertOppenheimer	58	AGE58	1240	1239_RobertOppenheimer_58_m
358	NicolasSarkozy	58	AGE58	5547	5546_NicolasSarkozy_58_m
362	CyndiLauper	58	AGE58	11447	11446_CyndiLauper_58_f
19	EdwardFox	58	AGE58	1928	1927_EdwardFox_58_m
363	GretaGarbo	58	AGE58	13109	13108_GretaGarbo_58_f
183	WoodyAllen	58	AGE58	2996	2995_WoodyAllen_58_m
277	AliMacGraw	58	AGE58	9936	9935_AliMacGraw_58_f
546	SusanSarandon	58	AGE58	11751	11750_SusanSarandon_58_f
79	JudyDavis	58	AGE58	9841	9840_JudyDavis_58_f
547	RuthGordon	58	AGE58	12892	12891_RuthGordon_58_f
266	MickJagger	58	AGE58	2790	2789_MickJagger_58_m
405	Gorbachev	58	AGE58	612	611_Gorbachev_58_m
80	KathrynGrayson	58	AGE58	15690	15689_KathrynGrayson_58_f
364	SarahDouglas	58	AGE58	15808	15807_SarahDouglas_58_f
489	MarleneDietrich	58	AGE58	14741	14740_MarleneDietrich_58_f
268	WarrenBeatty	58	AGE58	5011	5010_WarrenBeatty_58_m
90	MichelPiccoli	58	AGE58	4766	4765_MichelPiccoli_58_m
184	GeorgesMarchal	58	AGE58	9351	9350_GeorgesMarchal_58_m
276	AnthonyPerkins	58	AGE58	8816	8815_AnthonyPerkins_58_m
548	CatherineDeneuve	58	AGE58	12968	12967_CatherineDeneuve_58_f
84	AngelaLansbury	58	AGE58	11970	11969_AngelaLansbury_58_f
366	MelFerrer	58	AGE58	6640	6639_MelFerrer_58_m
189	MurrayHamilton	58	AGE58	8710	8709_MurrayHamilton_58_m
81	EdwigeFenech	58	AGE58	15325	15324_EdwigeFenech_58_f
192	NielsBohr	58	AGE58	1085	1084_NielsBohr_58_m
53	JulieChristie	58	AGE58	11522	11521_JulieChristie_58_f
439	IsabelleAdjani	58	AGE58	12251	12250_IsabelleAdjani_58_f
439	IsabelleAdjani	58	AGE58	12250	12249_IsabelleAdjani_58_f
83	AlPacino	58	AGE58	1622	1621_AlPacino_58_m
82	MarcelloMastroianni	58	AGE58	9598	9597_MarcelloMastroianni_58_m
40	AnthonyHopkins	58	AGE58	5082	5081_AnthonyHopkins_58_m
273	JoanCrawford	58	AGE58	14283	14282_JoanCrawford_58_f
365	JohnVernon	58	AGE58	6468	6467_JohnVernon_58_m
367	LiamNeeson	58	AGE58	2769	2768_LiamNeeson_58_m
205	LarryEllison	58	AGE58	338	337_LarryEllison_58_m
417	StevenBerkoff	58	AGE58	4951	4950_StevenBerkoff_58_m
406	StevenSeagal	58	AGE58	4453	4452_StevenSeagal_58_m
476	RaquelWelch	58	AGE58	10845	10844_RaquelWelch_58_f
280	BillNighy	58	AGE58	3056	3055_BillNighy_58_m
553	DanielleDarrieux	58	AGE58	13432	13431_DanielleDarrieux_58_f
320	TippiHedren	58	AGE58	10887	10886_TippiHedren_58_f
76	HarveyKeitel	58	AGE58	4199	4198_HarveyKeitel_58_m
416	JohnHuston	58	AGE58	6003	6002_JohnHuston_58_m
279	DorisDay	58	AGE58	9736	9735_DorisDay_58_f
541	ThelmaRitter	58	AGE58	13796	13795_ThelmaRitter_58_f
401	ErinGray	58	AGE58	15363	15362_ErinGray_58_f
181	FernandoRey	58	AGE58	6320	6319_FernandoRey_58_m
449	ZsaZsaGabor	58	AGE58	11383	11382_ZsaZsaGabor_58_f
542	IanMcKellen	58	AGE58	3289	3288_IanMcKellen_58_m
93	JonFinch	58	AGE58	5418	5417_JonFinch_58_m
12	MerylStreep	58	AGE58	10749	10748_MerylStreep_58_f
448	AlbertSchweitzer	58	AGE58	1168	1167_AlbertSchweitzer_58_m
359	KostasVoutsas	58	AGE58	4708	4707_KostasVoutsas_58_m
446	AbeVigoda	58	AGE58	2334	2333_AbeVigoda_58_m
263	JanePowell	58	AGE58	15401	15400_JanePowell_58_f
489	MarleneDietrich	58	AGE58	14740	14739_MarleneDietrich_58_f
368	BettyGarrett	58	AGE58	15061	15060_BettyGarrett_58_f
447	GlennClose	58	AGE58	9998	9997_GlennClose_58_f
14	StevenSpielberg	58	AGE58	6836	6835_StevenSpielberg_58_m
199	CharltonHeaston	58	AGE58	8881	8880_CharltonHeaston_58_m
206	HowardKeel	58	AGE58	5903	5902_HowardKeel_58_m
306	KrisKristofferson	58	AGE58	7258	7257_KrisKristofferson_58_m
551	JeanetteMacDonald	58	AGE58	15514	15513_JeanetteMacDonald_58_f
404	CatherineSpaak	58	AGE58	11938	11937_CatherineSpaak_58_f
383	JamesGarner	58	AGE58	4628	4627_JamesGarner_58_m
477	GeorgeHWBush	58	AGE58	696	695_GeorgeHWBush_58_m
321	DannyDeVito	58	AGE58	3153	3152_DannyDeVito_58_m
543	JohnDerek	58	AGE58	5363	5362_JohnDerek_58_m
195	LorneGreene	58	AGE58	8155	8154_LorneGreene_58_m
485	DanaAndrews	58	AGE58	6152	6151_DanaAndrews_58_m
26	FayeDunaway	58	AGE58	10523	10522_FayeDunaway_58_f
168	JohnCleese	58	AGE58	2692	2691_JohnCleese_58_m
147	SamuelJacksonn	58	AGE58	16132	16131_SamuelJacksonn_58_m
146	RicardoMontalb╨░n	58	AGE58	9554	9553_RicardoMontalb╨░n_58_m
398	CarlMarx	58	AGE58	1478	1477_CarlMarx_58_m
398	CarlMarx	58	AGE58	1485	1484_CarlMarx_58_m
28	AndreasPapantreou	58	AGE58	904	903_AndreasPapantreou_58_m
61	RonaldReagan	58	AGE58	744	743_RonaldReagan_58_m
510	PeterFalk	58	AGE58	5614	5613_PeterFalk_58_m
44	VincentPrice	58	AGE58	7734	7733_VincentPrice_58_m
511	JackNicolson	58	AGE58	5272	5271_JackNicolson_58_m
45	MendeleievDmitri	58	AGE58	1214	1213_MendeleievDmitri_58_m
0	YvesMontand	58	AGE58	6899	6898_YvesMontand_58_m
143	BarbraStreisand	58	AGE58	12929	12928_BarbraStreisand_58_f
512	WilliamHolden	58	AGE58	8488	8487_WilliamHolden_58_m
231	AnthonyAndrews	58	AGE58	5062	5061_AnthonyAndrews_58_m
342	MarieCurie	58	AGE58	1289	1288_MarieCurie_58_f
141	ErnestBorgnine	58	AGE58	8926	8925_ErnestBorgnine_58_m
10	JeffDaniels	58	AGE58	3382	3381_JeffDaniels_58_m
136	LawrenceTierney	58	AGE58	9092	9091_LawrenceTierney_58_m
515	mahatmagandhi	58	AGE58	860	859_mahatmagandhi_58_m
473	LizaMinelli	58	AGE58	11172	11171_LizaMinelli_58_f
496	GlendaJackson	58	AGE58	12190	12189_GlendaJackson_58_f
4	CaryGrant	58	AGE58	6118	6117_CaryGrant_58_m
374	Mparkoulis	58	AGE58	2173	2172_Mparkoulis_58_m
0	YvesMontand	58	AGE58	6898	6897_YvesMontand_58_m
325	tomselleck	58	AGE58	2975	2974_tomselleck_58_m
463	OrnellaMuti	58	AGE58	10793	10792_OrnellaMuti_58_f
427	NewmanPaul	58	AGE58	7457	7456_NewmanPaul_58_m
427	NewmanPaul	58	AGE58	7464	7463_NewmanPaul_58_m
170	CharlesBoyer	58	AGE58	6973	6972_CharlesBoyer_58_m
232	ConnieBooth	58	AGE58	15170	15169_ConnieBooth_58_f
140	EdHarris	58	AGE58	1717	1716_EdHarris_58_m
462	KateOMara	58	AGE58	15614	15613_KateOMara_58_f
211	AnjelicaHuston	58	AGE58	11833	11832_AnjelicaHuston_58_f
465	JohnDRockefeller	58	AGE58	431	430_JohnDRockefeller_58_m
56	AudreyHepburn	58	AGE58	14527	14526_AudreyHepburn_58_f
215	JulieHagerty	58	AGE58	15575	15574_JulieHagerty_58_f
408	MelBrooks	58	AGE58	2111	2110_MelBrooks_58_m
471	ClaudetteColbert	58	AGE58	14679	14678_ClaudetteColbert_58_f
397	GeraldineChaplin	58	AGE58	13019	13018_GeraldineChaplin_58_f
566	Pele	58	AGE58	64	63_Pele_58_m
319	RingoStarr	58	AGE58	3706	3705_RingoStarr_58_m
501	RayLiotta	58	AGE58	2250	2249_RayLiotta_58_m
566	Pele	58	AGE58	62	61_Pele_58_m
39	TonyBlair	58	AGE58	653	652_TonyBlair_58_m
159	PierceBrosnan	58	AGE58	4817	4816_PierceBrosnan_58_m
470	FranklinDRoosevelt	58	AGE58	941	940_FranklinDRoosevelt_58_m
336	PatrickStewart	58	AGE58	5571	5570_PatrickStewart_58_m
502	FaradayMichael	58	AGE58	1118	1117_FaradayMichael_58_m
158	SpencerTracy	58	AGE58	8399	8398_SpencerTracy_58_m
338	FrancescaAnnis	58	AGE58	12155	12154_FrancescaAnnis_58_f
217	MargaretOBrien	58	AGE58	12803	12802_MargaretOBrien_58_f
151	AnnieGirardot	58	AGE58	13899	13898_AnnieGirardot_58_f
340	CliffRobertson	58	AGE58	8576	8575_CliffRobertson_58_m
152	MaryPickford	58	AGE58	14408	14407_MaryPickford_58_f
466	CharlesBronson	58	AGE58	8511	8510_CharlesBronson_58_m
223	ElkeSommer	58	AGE58	9969	9968_ElkeSommer_58_f
339	ChuckNorris	58	AGE58	3122	3121_ChuckNorris_58_m
398	CarlMarx	58	AGE58	1480	1479_CarlMarx_58_m
157	angelamerkel	58	AGE58	529	528_angelamerkel_58_f
499	AmandaBlake	58	AGE58	14972	14971_AmandaBlake_58_f
58	OliviadeHavilland	58	AGE58	14441	14440_OliviadeHavilland_58_f
295	JanetEllis	58	AGE58	15456	15455_JanetEllis_58_f
158	SpencerTracy	58	AGE58	8401	8400_SpencerTracy_58_m
55	JamesWoods	58	AGE58	2628	2627_JamesWoods_58_m
375	EdwardGRobinson	58	AGE58	9448	9447_EdwardGRobinson_58_m
59	MichaelKeaton	58	AGE58	5507	5506_MichaelKeaton_58_m
46	JohnMalkovich	58	AGE58	5395	5394_JohnMalkovich_58_m
193	GeorgePeppard	58	AGE58	7925	7924_GeorgePeppard_58_m
430	HelenHayes	58	AGE58	13531	13530_HelenHayes_58_f
244	JeffGoldblum	58	AGE58	4669	4668_JeffGoldblum_58_m
124	SartreJeanPaul	58	AGE58	1400	1399_SartreJeanPaul_58_m
377	TomHulce	58	AGE58	1828	1827_TomHulce_58_m
290	CHARLIERUGGLES	58	AGE58	9516	9515_CHARLIERUGGLES_58_m
460	AnneBaxter	58	AGE58	12526	12525_AnneBaxter_58_f
173	GreerGarson	58	AGE58	14027	14026_GreerGarson_58_f
521	StefaniePowers	58	AGE58	15833	15832_StefaniePowers_58_f
67	JamesCaan	58	AGE58	2008	2007_JamesCaan_58_m
242	AvaGardner	58	AGE58	13333	13332_AvaGardner_58_f
198	ThomasTerry	58	AGE58	6866	6865_ThomasTerry_58_m
522	DannyGlover	58	AGE58	16094	16093_DannyGlover_58_m
371	ChristopherPlummer	58	AGE58	7873	7872_ChristopherPlummer_58_m
209	Konstantaras	58	AGE58	8110	8109_Konstantaras_58_m
523	MartinSheen	58	AGE58	3539	3538_MartinSheen_58_m
243	Dench	58	AGE58	16355	16354_Dench_58_f
68	KevinCostner	58	AGE58	4285	4284_KevinCostner_58_m
459	WilliamShatner	58	AGE58	6078	6077_WilliamShatner_58_m
209	Konstantaras	58	AGE58	8098	8097_Konstantaras_58_m
3	ArnoldSchwarzenegger	58	AGE58	8851	8850_ArnoldSchwarzenegger_58_m
495	CybillShepherd	58	AGE58	12016	12015_CybillShepherd_58_f
285	RyanONeal	58	AGE58	2860	2859_RyanONeal_58_m
120	TomJones	58	AGE58	1852	1851_TomJones_58_m
245	RichardBoone	58	AGE58	7523	7522_RichardBoone_58_m
120	TomJones	58	AGE58	9773	9772_TomJones_58_f
412	BeaArthur	58	AGE58	11901	11900_BeaArthur_58_f
389	JaneBirkin	58	AGE58	10099	10098_JaneBirkin_58_f
350	VittorioGassman	58	AGE58	9258	9257_VittorioGassman_58_m
351	JonVoight	58	AGE58	2071	2070_JonVoight_58_m
129	AlCorley	58	AGE58	1617	1616_AlCorley_58_m
238	RobertMitchum	58	AGE58	9231	9230_RobertMitchum_58_m
314	YannisRitsos	58	AGE58	1511	1510_YannisRitsos_58_m
461	TimCurry	58	AGE58	1750	1749_TimCurry_58_m
238	RobertMitchum	58	AGE58	9235	9234_RobertMitchum_58_m
8	SimoneSignoret	58	AGE58	14854	14853_SimoneSignoret_58_f
209	Konstantaras	58	AGE58	8095	8094_Konstantaras_58_m
1	HerbertLom	58	AGE58	5864	5863_HerbertLom_58_m
519	ChevyChase	58	AGE58	2454	2453_ChevyChase_58_m
23	VirnaLisi	58	AGE58	11361	11360_VirnaLisi_58_f
399	RonPerlman	58	AGE58	2835	2834_RonPerlman_58_m
48	GenaRowlands	58	AGE58	4147	4146_GenaRowlands_58_m
246	LeifErickson	58	AGE58	7295	7294_LeifErickson_58_m
238	RobertMitchum	58	AGE58	9225	9224_RobertMitchum_58_m
173	GreerGarson	58	AGE58	14030	14029_GreerGarson_58_f
560	GregoryPeck	58	AGE58	9370	9369_GregoryPeck_58_m
421	SigourneyWeaver	58	AGE58	13314	13313_SigourneyWeaver_58_f
559	SylvesterStallone	58	AGE58	7607	7606_SylvesterStallone_58_m
284	RobertMorley	58	AGE58	7557	7556_RobertMorley_58_m
526	AngieDickinson	58	AGE58	12455	12454_AngieDickinson_58_f
23	VirnaLisi	58	AGE58	11362	11361_VirnaLisi_58_f
276	AnthonyPerkins	59	AGE59	8817	8816_AnthonyPerkins_59_m
551	JeanetteMacDonald	59	AGE59	15515	15514_JeanetteMacDonald_59_f
558	MichaelPalin	59	AGE59	4331	4330_MichaelPalin_59_m
40	AnthonyHopkins	59	AGE59	5092	5091_AnthonyHopkins_59_m
29	IreneDunne	59	AGE59	13574	13573_IreneDunne_59_f
55	JamesWoods	59	AGE59	2629	2628_JamesWoods_59_m
551	JeanetteMacDonald	59	AGE59	15494	15493_JeanetteMacDonald_59_f
296	JaneRussell	59	AGE59	13129	13128_JaneRussell_59_f
295	JanetEllis	59	AGE59	15457	15456_JanetEllis_59_f
81	EdwigeFenech	59	AGE59	15326	15325_EdwigeFenech_59_f
70	PamelaSueMartin	59	AGE59	15781	15780_PamelaSueMartin_59_f
433	MaximilianShell	59	AGE59	9487	9486_MaximilianShell_59_m
40	AnthonyHopkins	59	AGE59	5104	5103_AnthonyHopkins_59_m
562	RockHudson	59	AGE59	6777	6776_RockHudson_59_m
68	KevinCostner	59	AGE59	4286	4285_KevinCostner_59_m
280	BillNighy	59	AGE59	3058	3057_BillNighy_59_m
280	BillNighy	59	AGE59	3057	3056_BillNighy_59_m
281	RutgerHauer	59	AGE59	3774	3773_RutgerHauer_59_m
428	OmarSharif	59	AGE59	3656	3655_OmarSharif_59_m
284	RobertMorley	59	AGE59	7558	7557_RobertMorley_59_m
555	GeneWilder	59	AGE59	2592	2591_GeneWilder_59_m
200	AnnMargret	59	AGE59	10395	10394_AnnMargret_59_f
485	DanaAndrews	59	AGE59	6153	6152_DanaAndrews_59_m
197	LinoVentura	59	AGE59	7333	7332_LinoVentura_59_m
428	OmarSharif	59	AGE59	3655	3654_OmarSharif_59_m
434	DavidCarradine	59	AGE59	8597	8596_DavidCarradine_59_m
0	YvesMontand	59	AGE59	6900	6899_YvesMontand_59_m
292	KathrynHays	59	AGE59	10576	10575_KathrynHays_59_f
436	LindsayWagner	59	AGE59	11584	11583_LindsayWagner_59_f
0	YvesMontand	59	AGE59	6901	6900_YvesMontand_59_m
67	JamesCaan	59	AGE59	2009	2008_JamesCaan_59_m
198	ThomasTerry	59	AGE59	6867	6866_ThomasTerry_59_m
60	CharlesGrodin	59	AGE59	5195	5194_CharlesGrodin_59_m
193	GeorgePeppard	59	AGE59	7926	7925_GeorgePeppard_59_m
59	MichaelKeaton	59	AGE59	5508	5507_MichaelKeaton_59_m
437	MarisaPavan	59	AGE59	3508	3507_MarisaPavan_59_m
68	KevinCostner	59	AGE59	4287	4286_KevinCostner_59_m
287	JosephCotten	59	AGE59	7233	7232_JosephCotten_59_m
557	DavidMcCallum	59	AGE59	5242	5241_DavidMcCallum_59_m
194	JaneFonda	59	AGE59	10105	10104_JaneFonda_59_f
500	IanHolm	59	AGE59	1576	1575_IanHolm_59_m
271	RichardAttenborough	59	AGE59	8741	8740_RichardAttenborough_59_m
134	JohnLithgow	59	AGE59	3399	3398_JohnLithgow_59_m
35	LouisJourdan	59	AGE59	7357	7356_LouisJourdan_59_m
518	RomanPolanski	59	AGE59	4913	4912_RomanPolanski_59_m
237	KathleenTurner	59	AGE59	12779	12778_KathleenTurner_59_f
133	LeeJCobb	59	AGE59	6570	6569_LeeJCobb_59_m
129	AlCorley	59	AGE59	1618	1617_AlCorley_59_m
126	JamesArness	59	AGE59	6360	6359_JamesArness_59_m
495	CybillShepherd	59	AGE59	12014	12013_CybillShepherd_59_f
47	PeterFonda	59	AGE59	2798	2797_PeterFonda_59_m
461	TimCurry	59	AGE59	1751	1750_TimCurry_59_m
209	Konstantaras	59	AGE59	8109	8108_Konstantaras_59_m
122	MorganFreeman 	59	AGE59	16033	16032_MorganFreeman _59_m
4	CaryGrant	59	AGE59	6110	6109_CaryGrant_59_m
460	AnneBaxter	59	AGE59	12527	12526_AnneBaxter_59_f
473	LizaMinelli	59	AGE59	11173	11172_LizaMinelli_59_f
523	MartinSheen	59	AGE59	3540	3539_MartinSheen_59_m
209	Konstantaras	59	AGE59	8093	8092_Konstantaras_59_m
120	TomJones	59	AGE59	9774	9773_TomJones_59_f
120	TomJones	59	AGE59	1853	1852_TomJones_59_m
244	JeffGoldblum	59	AGE59	4670	4669_JeffGoldblum_59_m
245	RichardBoone	59	AGE59	7524	7523_RichardBoone_59_m
118	HelmutBerger	59	AGE59	4234	4233_HelmutBerger_59_m
526	AngieDickinson	59	AGE59	12428	12427_AngieDickinson_59_f
517	GeraldinePage	59	AGE59	14208	14207_GeraldinePage_59_f
233	Arletty	59	AGE59	10924	10923_Arletty_59_f
210	JeanPeters	59	AGE59	13606	13605_JeanPeters_59_f
141	ErnestBorgnine	59	AGE59	8927	8926_ErnestBorgnine_59_m
501	RayLiotta	59	AGE59	2251	2250_RayLiotta_59_m
43	AnnMiller	59	AGE59	15032	15031_AnnMiller_59_f
215	JulieHagerty	59	AGE59	15576	15575_JulieHagerty_59_f
213	RabindranathTagore	59	AGE59	1453	1452_RabindranathTagore_59_m
470	FranklinDRoosevelt	59	AGE59	932	931_FranklinDRoosevelt_59_m
159	PierceBrosnan	59	AGE59	4818	4817_PierceBrosnan_59_m
38	BarbaraBouchet	59	AGE59	11869	11868_BarbaraBouchet_59_f
10	JeffDaniels	59	AGE59	3383	3382_JeffDaniels_59_m
219	DerekJacobi	59	AGE59	3180	3179_DerekJacobi_59_m
157	angelamerkel	59	AGE59	554	553_angelamerkel_59_f
503	JeanPaulBelmondo	59	AGE59	7156	7155_JeanPaulBelmondo_59_m
246	LeifErickson	59	AGE59	7296	7295_LeifErickson_59_m
7	DonnaDouglas	59	AGE59	10985	10984_DonnaDouglas_59_f
147	SamuelJacksonn	59	AGE59	16133	16132_SamuelJacksonn_59_m
508	VictorMature	59	AGE59	8427	8426_VictorMature_59_m
228	SophiaLoren	59	AGE59	11292	11291_SophiaLoren_59_f
36	ScottGlenn	59	AGE59	2940	2939_ScottGlenn_59_m
145	DonJohnson	59	AGE59	2532	2531_DonJohnson_59_m
144	SusannahYork	59	AGE59	14135	14134_SusannahYork_59_f
143	BarbraStreisand	59	AGE59	12916	12915_BarbraStreisand_59_f
231	AnthonyAndrews	59	AGE59	5063	5062_AnthonyAndrews_59_m
170	CharlesBoyer	59	AGE59	6974	6973_CharlesBoyer_59_m
46	JohnMalkovich	59	AGE59	5396	5395_JohnMalkovich_59_m
463	OrnellaMuti	59	AGE59	10794	10793_OrnellaMuti_59_f
211	AnjelicaHuston	59	AGE59	11834	11833_AnjelicaHuston_59_f
82	MarcelloMastroianni	59	AGE59	9599	9598_MarcelloMastroianni_59_m
458	JeanMarais	59	AGE59	5976	5975_JeanMarais_59_m
457	JeffBridges	59	AGE59	3346	3345_JeffBridges_59_m
206	HowardKeel	59	AGE59	5904	5903_HowardKeel_59_m
258	FredMacMurray	59	AGE59	8972	8971_FredMacMurray_59_m
541	ThelmaRitter	59	AGE59	13797	13796_ThelmaRitter_59_f
542	IanMcKellen	59	AGE59	3290	3289_IanMcKellen_59_m
91	DickieMoore	59	AGE59	6215	6214_DickieMoore_59_m
50	PeggyLipton	59	AGE59	10819	10818_PeggyLipton_59_f
261	KlausKinski	59	AGE59	6544	6543_KlausKinski_59_m
447	GlennClose	59	AGE59	9999	9998_GlennClose_59_f
478	FredAstaire	59	AGE59	7884	7883_FredAstaire_59_m
446	AbeVigoda	59	AGE59	2335	2334_AbeVigoda_59_m
263	JanePowell	59	AGE59	15402	15401_JanePowell_59_f
90	MichelPiccoli	59	AGE59	4767	4766_MichelPiccoli_59_m
546	SusanSarandon	59	AGE59	11752	11751_SusanSarandon_59_f
89	PatriciaNeal	59	AGE59	13740	13739_PatriciaNeal_59_f
265	BurtReynolds	59	AGE59	4011	4010_BurtReynolds_59_m
88	StacyKeach	59	AGE59	3823	3822_StacyKeach_59_m
51	ClaudeL╨ТviStrauss	59	AGE59	1227	1226_ClaudeL╨ТviStrauss_59_m
269	BenGazzara	59	AGE59	5787	5786_BenGazzara_59_m
86	MarietteHartley	59	AGE59	10298	10297_MarietteHartley_59_f
13	CatherineSchell	59	AGE59	15135	15134_CatherineSchell_59_f
84	AngelaLansbury	59	AGE59	11971	11970_AngelaLansbury_59_f
204	LilliPalmer	59	AGE59	13685	13684_LilliPalmer_59_f
549	GoldieHawn	59	AGE59	10023	10022_GoldieHawn_59_f
450	RobertOppenheimer	59	AGE59	1233	1232_RobertOppenheimer_59_m
257	HorstBuchholz	59	AGE59	8045	8044_HorstBuchholz_59_m
207	BillCosby	59	AGE59	16190	16189_BillCosby_59_m
181	FernandoRey	59	AGE59	6321	6320_FernandoRey_59_m
34	MireilleDarc	59	AGE59	11685	11684_MireilleDarc_59_f
457	JeffBridges	59	AGE59	3345	3344_JeffBridges_59_m
247	MichaelYork	59	AGE59	3588	3587_MichaelYork_59_m
209	Konstantaras	59	AGE59	8107	8106_Konstantaras_59_m
493	PiaLindstrom	59	AGE59	11234	11233_PiaLindstrom_59_f
529	RichardBurton	59	AGE59	9197	9196_RichardBurton_59_m
113	GladysCooper	59	AGE59	7118	7117_GladysCooper_59_m
248	MartinScorsese	59	AGE59	5477	5476_MartinScorsese_59_m
113	GladysCooper	59	AGE59	13509	13508_GladysCooper_59_f
531	TimothyDalton	59	AGE59	4983	4982_TimothyDalton_59_m
112	MickeyRooney	59	AGE59	7429	7428_MickeyRooney_59_m
115	BarbaraBain	59	AGE59	10423	10422_BarbaraBain_59_f
110	MargaretThatcher	59	AGE59	578	577_MargaretThatcher_59_f
108	MelindaDillion	59	AGE59	12323	12322_MelindaDillion_59_f
534	AlbertoSordi	59	AGE59	7773	7772_AlbertoSordi_59_m
107	DianneWiest	59	AGE59	10496	10495_DianneWiest_59_f
250	IsabelleHuppert	59	AGE59	12670	12669_IsabelleHuppert_59_f
105	KatharineRoss	59	AGE59	15653	15652_KatharineRoss_59_f
251	St╨ТphaneAudran	59	AGE59	15885	15884_St╨ТphaneAudran_59_f
178	AndyGriffith	59	AGE59	7809	7808_AndyGriffith_59_m
538	BarbaraStanwyck	59	AGE59	14657	14656_BarbaraStanwyck_59_f
102	WalterPidgeon	59	AGE59	8453	8452_WalterPidgeon_59_m
255	NickNolte	59	AGE59	2209	2208_NickNolte_59_m
100	LyleTalbot	59	AGE59	7391	7390_LyleTalbot_59_m
455	AlanRickman	59	AGE59	3026	3025_AlanRickman_59_m
104	VanessaRedgrave	59	AGE59	13823	13822_VanessaRedgrave_59_f
214	JoanLeslie	59	AGE59	10183	10182_JoanLeslie_59_f
331	SamElliott	59	AGE59	2900	2899_SamElliott_59_m
412	BeaArthur	59	AGE59	11902	11901_BeaArthur_59_f
362	CyndiLauper	59	AGE59	11448	11447_CyndiLauper_59_f
325	tomselleck	59	AGE59	2976	2975_tomselleck_59_m
350	VittorioGassman	59	AGE59	9259	9258_VittorioGassman_59_m
419	ShirleyJones	59	AGE59	11264	11263_ShirleyJones_59_f
375	EdwardGRobinson	59	AGE59	9449	9448_EdwardGRobinson_59_m
304	DavidNiven	59	AGE59	7046	7045_DavidNiven_59_m
339	ChuckNorris	59	AGE59	3123	3122_ChuckNorris_59_m
351	JonVoight	59	AGE59	2072	2071_JonVoight_59_m
18	ElsaMartinelli	59	AGE59	12075	12074_ElsaMartinelli_59_f
321	DannyDeVito	59	AGE59	3154	3153_DannyDeVito_59_m
403	RogerAllam	59	AGE59	3745	3744_RogerAllam_59_m
399	RonPerlman	59	AGE59	2836	2835_RonPerlman_59_m
377	TomHulce	59	AGE59	1829	1828_TomHulce_59_m
417	StevenBerkoff	59	AGE59	4945	4944_StevenBerkoff_59_m
327	TommyLeeJones	59	AGE59	5755	5754_TommyLeeJones_59_m
406	StevenSeagal	59	AGE59	4454	4453_StevenSeagal_59_m
382	GilbertRoland	59	AGE59	7967	7966_GilbertRoland_59_m
415	SamNeill	59	AGE59	2317	2316_SamNeill_59_m
323	JohnJames	59	AGE59	2047	2046_JohnJames_59_m
404	CatherineSpaak	59	AGE59	11939	11938_CatherineSpaak_59_f
312	JohnnyCash	59	AGE59	6508	6507_JohnnyCash_59_m
368	BettyGarrett	59	AGE59	15062	15061_BettyGarrett_59_f
337	RichardCrenna	59	AGE59	8334	8333_RichardCrenna_59_m
421	SigourneyWeaver	59	AGE59	13315	13314_SigourneyWeaver_59_f
324	JaneAsher	59	AGE59	9818	9817_JaneAsher_59_f
336	PatrickStewart	59	AGE59	5572	5571_PatrickStewart_59_m
300	PeterMarkRichman	59	AGE59	7478	7477_PeterMarkRichman_59_m
376	Fernandel	59	AGE59	4577	4576_Fernandel_59_m
313	LeslieCaron	59	AGE59	3466	3465_LeslieCaron_59_m
397	GeraldineChaplin	59	AGE59	13047	13046_GeraldineChaplin_59_f
405	Gorbachev	59	AGE59	608	607_Gorbachev_59_m
26	FayeDunaway	59	AGE59	10524	10523_FayeDunaway_59_f
361	CarlSagan	59	AGE59	997	996_CarlSagan_59_m
405	Gorbachev	59	AGE59	623	622_Gorbachev_59_m
309	WilliamDafoe	59	AGE59	4484	4483_WilliamDafoe_59_m
311	MonicaVitti	59	AGE59	11206	11205_MonicaVitti_59_f
19	EdwardFox	59	AGE59	1929	1928_EdwardFox_59_m
299	GeorgeMontgomery	59	AGE59	9331	9330_GeorgeMontgomery_59_m
392	EstherWilliams	59	AGE59	14169	14168_EstherWilliams_59_f
319	RingoStarr	59	AGE59	3707	3706_RingoStarr_59_m
416	JohnHuston	59	AGE59	6004	6003_JohnHuston_59_m
358	NicolasSarkozy	59	AGE59	5548	5547_NicolasSarkozy_59_m
422	HarrySTruman	59	AGE59	832	831_HarrySTruman_59_m
306	KrisKristofferson	59	AGE59	7259	7258_KrisKristofferson_59_m
409	RexHarrison	59	AGE59	6723	6722_RexHarrison_59_m
353	ArmandAssante	59	AGE59	5141	5140_ArmandAssante_59_m
364	SarahDouglas	59	AGE59	15809	15808_SarahDouglas_59_f
302	ClaudeRich	59	AGE59	2477	2476_ClaudeRich_59_m
317	BillMurray	59	AGE59	2418	2417_BillMurray_59_m
341	AnnaMassey	59	AGE59	12477	12476_AnnaMassey_59_f
408	MelBrooks	59	AGE59	2112	2111_MelBrooks_59_m
354	RandolphScott	59	AGE59	8235	8234_RandolphScott_59_m
357	KathyBates	59	AGE59	10232	10231_KathyBates_59_f
372	BernadetteLafont	59	AGE59	14890	14889_BernadetteLafont_59_f
355	CelesteHolm	59	AGE59	13381	13380_CelesteHolm_59_f
407	JulieAdams	59	AGE59	10208	10207_JulieAdams_59_f
357	KathyBates	59	AGE59	10238	10237_KathyBates_59_f
334	LauraAntonelli	59	AGE59	12300	12299_LauraAntonelli_59_f
384	JosephStalin	59	AGE59	814	813_JosephStalin_59_m
20	JohnTravolta	59	AGE59	4682	4681_JohnTravolta_59_m
167	KatharineHepburn	60	AGE60	14911	14910_KatharineHepburn_60_f
379	JamesCagney	60	AGE60	6393	6392_JamesCagney_60_m
100	LyleTalbot	60	AGE60	7392	7391_LyleTalbot_60_m
538	BarbaraStanwyck	60	AGE60	14660	14659_BarbaraStanwyck_60_f
164	KimBasinger	60	AGE60	10601	10600_KimBasinger_60_f
500	IanHolm	60	AGE60	1577	1576_IanHolm_60_m
178	AndyGriffith	60	AGE60	7810	7809_AndyGriffith_60_m
331	SamElliott	60	AGE60	2901	2900_SamElliott_60_m
12	MerylStreep	60	AGE60	10750	10749_MerylStreep_60_f
556	CarlosSantana	60	AGE60	4500	4499_CarlosSantana_60_m
418	DeborahKerr	60	AGE60	13946	13945_DeborahKerr_60_f
357	KathyBates	60	AGE60	10240	10239_KathyBates_60_f
104	VanessaRedgrave	60	AGE60	13824	13823_VanessaRedgrave_60_f
263	JanePowell	60	AGE60	15403	15402_JanePowell_60_f
446	AbeVigoda	60	AGE60	2336	2335_AbeVigoda_60_m
42	RoyScheider	60	AGE60	13231	13230_RoyScheider_60_f
176	RodTaylor	60	AGE60	2282	2281_RodTaylor_60_m
266	MickJagger	60	AGE60	2791	2790_MickJagger_60_m
497	CharlesDarwin	60	AGE60	1106	1105_CharlesDarwin_60_m
443	HedyLamarr	60	AGE60	12640	12639_HedyLamarr_60_f
336	PatrickStewart	60	AGE60	5573	5572_PatrickStewart_60_m
492	RobertDuvall	60	AGE60	4388	4387_RobertDuvall_60_m
357	KathyBates	60	AGE60	10239	10238_KathyBates_60_f
399	RonPerlman	60	AGE60	2837	2836_RonPerlman_60_m
398	CarlMarx	60	AGE60	1488	1487_CarlMarx_60_m
499	AmandaBlake	60	AGE60	14973	14972_AmandaBlake_60_f
177	OliviaHussey	60	AGE60	11721	11720_OliviaHussey_60_f
259	ChristopherWalken	60	AGE60	7018	7017_ChristopherWalken_60_m
42	RoyScheider	60	AGE60	6810	6809_RoyScheider_60_m
351	JonVoight	60	AGE60	2073	2072_JonVoight_60_m
69	BrianDennehy	60	AGE60	3960	3959_BrianDennehy_60_m
110	MargaretThatcher	60	AGE60	579	578_MargaretThatcher_60_f
111	WEBDuBois	60	AGE60	768	767_WEBDuBois_60_m
436	LindsayWagner	60	AGE60	11585	11584_LindsayWagner_60_f
147	SamuelJacksonn	60	AGE60	16134	16133_SamuelJacksonn_60_m
280	BillNighy	60	AGE60	3059	3058_BillNighy_60_m
111	WEBDuBois	60	AGE60	767	766_WEBDuBois_60_m
3	ArnoldSchwarzenegger	60	AGE60	8852	8851_ArnoldSchwarzenegger_60_m
435	DebbieReynolds	60	AGE60	12042	12041_DebbieReynolds_60_f
509	MichaelCaine	60	AGE60	4721	4720_MichaelCaine_60_m
14	StevenSpielberg	60	AGE60	6827	6826_StevenSpielberg_60_m
280	BillNighy	60	AGE60	3060	3059_BillNighy_60_m
386	AlainDelon	60	AGE60	2384	2383_AlainDelon_60_m
112	MickeyRooney	60	AGE60	7430	7429_MickeyRooney_60_m
562	RockHudson	60	AGE60	6778	6777_RockHudson_60_m
562	RockHudson	60	AGE60	6759	6758_RockHudson_60_m
145	DonJohnson	60	AGE60	2533	2532_DonJohnson_60_m
302	ClaudeRich	60	AGE60	2478	2477_ClaudeRich_60_m
510	PeterFalk	60	AGE60	5615	5614_PeterFalk_60_m
144	SusannahYork	60	AGE60	14136	14135_SusannahYork_60_f
376	Fernandel	60	AGE60	4578	4577_Fernandel_60_m
433	MaximilianShell	60	AGE60	9488	9487_MaximilianShell_60_m
64	MikeConnors	60	AGE60	3618	3617_MikeConnors_60_m
19	EdwardFox	60	AGE60	1930	1929_EdwardFox_60_m
563	PaulAnka	60	AGE60	103	102_PaulAnka_60_m
49	BobHope	60	AGE60	5166	5165_BobHope_60_m
277	AliMacGraw	60	AGE60	9937	9936_AliMacGraw_60_f
67	JamesCaan	60	AGE60	2011	2010_JamesCaan_60_m
151	AnnieGirardot	60	AGE60	13900	13899_AnnieGirardot_60_f
370	PeterOToole	60	AGE60	5648	5647_PeterOToole_60_m
397	GeraldineChaplin	60	AGE60	13020	13019_GeraldineChaplin_60_f
270	ErnestHemingway	60	AGE60	1414	1413_ErnestHemingway_60_m
270	ErnestHemingway	60	AGE60	1419	1418_ErnestHemingway_60_m
502	FaradayMichael	60	AGE60	1128	1127_FaradayMichael_60_m
159	PierceBrosnan	60	AGE60	4819	4818_PierceBrosnan_60_m
31	Ross	60	AGE60	16409	16408_Ross_60_f
502	FaradayMichael	60	AGE60	1125	1124_FaradayMichael_60_m
99	YvonneDeCarlo	60	AGE60	14621	14620_YvonneDeCarlo_60_f
158	SpencerTracy	60	AGE60	8400	8399_SpencerTracy_60_m
559	SylvesterStallone	60	AGE60	7608	7607_SylvesterStallone_60_m
158	SpencerTracy	60	AGE60	8386	8385_SpencerTracy_60_m
338	FrancescaAnnis	60	AGE60	12156	12155_FrancescaAnnis_60_f
274	WaltDisney	60	AGE60	164	163_WaltDisney_60_m
396	JeremyKemp	60	AGE60	2649	2648_JeremyKemp_60_m
43	AnnMiller	60	AGE60	15033	15032_AnnMiller_60_f
106	SteveMartin	60	AGE60	3876	3875_SteveMartin_60_m
67	JamesCaan	60	AGE60	2010	2009_JamesCaan_60_m
303	GeneHackman	60	AGE60	3253	3252_GeneHackman_60_m
44	VincentPrice	60	AGE60	7735	7734_VincentPrice_60_m
276	AnthonyPerkins	60	AGE60	8818	8817_AnthonyPerkins_60_m
152	MaryPickford	60	AGE60	14409	14408_MaryPickford_60_f
339	ChuckNorris	60	AGE60	3124	3123_ChuckNorris_60_m
107	DianneWiest	60	AGE60	10497	10496_DianneWiest_60_f
340	CliffRobertson	60	AGE60	8562	8561_CliffRobertson_60_m
337	RichardCrenna	60	AGE60	8335	8334_RichardCrenna_60_m
31	Ross	60	AGE60	16410	16409_Ross_60_f
359	KostasVoutsas	60	AGE60	4717	4716_KostasVoutsas_60_m
416	JohnHuston	60	AGE60	6005	6004_JohnHuston_60_m
406	StevenSeagal	60	AGE60	4455	4454_StevenSeagal_60_m
320	TippiHedren	60	AGE60	10888	10887_TippiHedren_60_f
233	Arletty	60	AGE60	10925	10924_Arletty_60_f
208	ShelleyWinters	60	AGE60	14771	14770_ShelleyWinters_60_f
321	DannyDeVito	60	AGE60	3155	3154_DannyDeVito_60_m
207	BillCosby	60	AGE60	16191	16190_BillCosby_60_m
234	MyrnaLoy	60	AGE60	12367	12366_MyrnaLoy_60_f
89	PatriciaNeal	60	AGE60	13754	13753_PatriciaNeal_60_f
476	RaquelWelch	60	AGE60	10846	10845_RaquelWelch_60_f
53	JulieChristie	60	AGE60	11523	11522_JulieChristie_60_f
206	HowardKeel	60	AGE60	5905	5904_HowardKeel_60_m
88	StacyKeach	60	AGE60	3824	3823_StacyKeach_60_m
363	GretaGarbo	60	AGE60	13102	13101_GretaGarbo_60_f
90	MichelPiccoli	60	AGE60	4768	4767_MichelPiccoli_60_m
366	MelFerrer	60	AGE60	6641	6640_MelFerrer_60_m
551	JeanetteMacDonald	60	AGE60	15495	15494_JeanetteMacDonald_60_f
362	CyndiLauper	60	AGE60	11449	11448_CyndiLauper_60_f
461	TimCurry	60	AGE60	1752	1751_TimCurry_60_m
551	JeanetteMacDonald	60	AGE60	15516	15515_JeanetteMacDonald_60_f
205	LarryEllison	60	AGE60	329	328_LarryEllison_60_m
241	SeanConnery	60	AGE60	3788	3787_SeanConnery_60_m
405	Gorbachev	60	AGE60	620	619_Gorbachev_60_m
367	LiamNeeson	60	AGE60	2770	2769_LiamNeeson_60_m
361	CarlSagan	60	AGE60	988	987_CarlSagan_60_m
81	EdwigeFenech	60	AGE60	15327	15326_EdwigeFenech_60_f
460	AnneBaxter	60	AGE60	12528	12527_AnneBaxter_60_f
9	FessParker	60	AGE60	7078	7077_FessParker_60_m
315	DirkBogarde	60	AGE60	6259	6258_DirkBogarde_60_m
37	JoanneWoodward	60	AGE60	12267	12266_JoanneWoodward_60_f
549	GoldieHawn	60	AGE60	10024	10023_GoldieHawn_60_f
221	JulieBishop	60	AGE60	15549	15548_JulieBishop_60_f
467	BertrandRussell	60	AGE60	1365	1364_BertrandRussell_60_m
467	BertrandRussell	60	AGE60	1371	1370_BertrandRussell_60_m
219	DerekJacobi	60	AGE60	3181	3180_DerekJacobi_60_m
38	BarbaraBouchet	60	AGE60	11870	11869_BarbaraBouchet_60_f
365	JohnVernon	60	AGE60	6469	6468_JohnVernon_60_m
223	ElkeSommer	60	AGE60	9970	9969_ElkeSommer_60_f
364	SarahDouglas	60	AGE60	15810	15809_SarahDouglas_60_f
226	TommySands	60	AGE60	3933	3932_TommySands_60_m
546	SusanSarandon	60	AGE60	11753	11752_SusanSarandon_60_f
216	FrederickSanger	60	AGE60	1157	1156_FrederickSanger_60_m
319	RingoStarr	60	AGE60	3708	3707_RingoStarr_60_m
470	FranklinDRoosevelt	60	AGE60	933	932_FranklinDRoosevelt_60_m
36	ScottGlenn	60	AGE60	2941	2940_ScottGlenn_60_m
317	BillMurray	60	AGE60	2419	2418_BillMurray_60_m
229	Myl╨ЪneDemongeot	60	AGE60	12870	12869_Myl╨ЪneDemongeot_60_f
211	AnjelicaHuston	60	AGE60	11835	11834_AnjelicaHuston_60_f
230	SusanGeorge	60	AGE60	10876	10875_SusanGeorge_60_f
231	AnthonyAndrews	60	AGE60	5043	5042_AnthonyAndrews_60_m
211	AnjelicaHuston	60	AGE60	11836	11835_AnjelicaHuston_60_f
232	ConnieBooth	60	AGE60	15171	15170_ConnieBooth_60_f
473	LizaMinelli	60	AGE60	11174	11173_LizaMinelli_60_f
86	MarietteHartley	60	AGE60	10299	10298_MarietteHartley_60_f
78	JamesBest	60	AGE60	1961	1960_JamesBest_60_m
405	Gorbachev	60	AGE60	615	614_Gorbachev_60_m
368	BettyGarrett	60	AGE60	15063	15062_BettyGarrett_60_f
192	NielsBohr	60	AGE60	1086	1085_NielsBohr_60_m
252	ErnestRutherford	60	AGE60	1194	1193_ErnestRutherford_60_m
453	DaliahLavi	60	AGE60	10958	10957_DaliahLavi_60_f
252	ErnestRutherford	60	AGE60	1187	1186_ErnestRutherford_60_m
359	KostasVoutsas	60	AGE60	4707	4706_KostasVoutsas_60_m
542	IanMcKellen	60	AGE60	3275	3274_IanMcKellen_60_m
50	PeggyLipton	60	AGE60	10820	10819_PeggyLipton_60_f
190	ClintWalker	60	AGE60	4075	4074_ClintWalker_60_m
359	KostasVoutsas	60	AGE60	4711	4710_KostasVoutsas_60_m
328	PabloPicasso	60	AGE60	282	281_PabloPicasso_60_m
563	PaulAnka	60	AGE60	92	91_PaulAnka_60_m
251	St╨ТphaneAudran	60	AGE60	15886	15885_St╨ТphaneAudran_60_f
452	GordonThomson	60	AGE60	4599	4598_GordonThomson_60_m
401	ErinGray	60	AGE60	15364	15363_ErinGray_60_f
257	HorstBuchholz	60	AGE60	8059	8058_HorstBuchholz_60_m
184	GeorgesMarchal	60	AGE60	9352	9351_GeorgesMarchal_60_m
306	KrisKristofferson	60	AGE60	7260	7259_KrisKristofferson_60_m
182	DustinHoffman	60	AGE60	4533	4532_DustinHoffman_60_m
182	DustinHoffman	60	AGE60	4528	4527_DustinHoffman_60_m
330	JuneAllyson	60	AGE60	13664	13663_JuneAllyson_60_f
182	DustinHoffman	60	AGE60	4519	4518_DustinHoffman_60_m
490	Gaddafi	60	AGE60	971	970_Gaddafi_60_m
181	FernandoRey	60	AGE60	6322	6321_FernandoRey_60_m
74	AnthonyQuayle	60	AGE60	7844	7843_AnthonyQuayle_60_m
358	NicolasSarkozy	60	AGE60	5549	5548_NicolasSarkozy_60_m
307	GiulianoGemma	60	AGE60	8005	8004_GiulianoGemma_60_m
403	RogerAllam	60	AGE60	3746	3745_RogerAllam_60_m
327	TommyLeeJones	60	AGE60	5756	5755_TommyLeeJones_60_m
459	WilliamShatner	60	AGE60	6079	6078_WilliamShatner_60_m
201	KirkDouglas	60	AGE60	4301	4300_KirkDouglas_60_m
544	GeorgeCScott	60	AGE60	9001	9000_GeorgeCScott_60_m
482	JuneLockhart	60	AGE60	11133	11132_JuneLockhart_60_f
77	RobertRyan	60	AGE60	7579	7578_RobertRyan_60_m
360	UgoTognazzi	60	AGE60	7702	7701_UgoTognazzi_60_m
553	DanielleDarrieux	60	AGE60	13433	13432_DanielleDarrieux_60_f
245	RichardBoone	60	AGE60	7525	7524_RichardBoone_60_m
197	LinoVentura	60	AGE60	7327	7326_LinoVentura_60_m
246	LeifErickson	60	AGE60	7297	7296_LeifErickson_60_m
312	JohnnyCash	60	AGE60	6509	6508_JohnnyCash_60_m
247	MichaelYork	60	AGE60	3589	3588_MichaelYork_60_m
311	MonicaVitti	60	AGE60	11207	11206_MonicaVitti_60_f
325	tomselleck	60	AGE60	2977	2976_tomselleck_60_m
40	AnthonyHopkins	60	AGE60	5105	5104_AnthonyHopkins_60_m
457	JeffBridges	60	AGE60	3347	3346_JeffBridges_60_m
40	AnthonyHopkins	60	AGE60	5106	5105_AnthonyHopkins_60_m
248	MartinScorsese	60	AGE60	5462	5461_MartinScorsese_60_m
415	SamNeill	60	AGE60	2318	2317_SamNeill_60_m
404	CatherineSpaak	60	AGE60	11940	11939_CatherineSpaak_60_f
485	DanaAndrews	60	AGE60	6154	6153_DanaAndrews_60_m
250	IsabelleHuppert	60	AGE60	12671	12670_IsabelleHuppert_60_f
455	AlanRickman	60	AGE60	3027	3026_AlanRickman_60_m
194	JaneFonda	60	AGE60	10134	10133_JaneFonda_60_f
34	MireilleDarc	60	AGE60	11686	11685_MireilleDarc_60_f
490	Gaddafi	60	AGE60	961	960_Gaddafi_60_m
512	WilliamHolden	60	AGE60	8489	8488_WilliamHolden_60_m
84	AngelaLansbury	60	AGE60	11972	11971_AngelaLansbury_60_f
120	TomJones	60	AGE60	9775	9774_TomJones_60_f
56	AudreyHepburn	60	AGE60	14519	14518_AudreyHepburn_60_f
422	HarrySTruman	60	AGE60	844	843_HarrySTruman_60_m
521	StefaniePowers	60	AGE60	15834	15833_StefaniePowers_60_f
351	JonVoight	60	AGE60	2074	2073_JonVoight_60_m
118	HelmutBerger	60	AGE60	4235	4234_HelmutBerger_60_m
134	JohnLithgow	60	AGE60	3400	3399_JohnLithgow_60_m
375	EdwardGRobinson	60	AGE60	9450	9449_EdwardGRobinson_60_m
61	RonaldReagan	60	AGE60	745	744_RonaldReagan_60_m
519	ChevyChase	60	AGE60	2440	2439_ChevyChase_60_m
123	Dee	60	AGE60	16350	16349_Dee_60_f
295	JanetEllis	60	AGE60	15458	15457_JanetEllis_60_f
59	MichaelKeaton	60	AGE60	5509	5508_MichaelKeaton_60_m
133	LeeJCobb	60	AGE60	6571	6570_LeeJCobb_60_m
516	JWMarriott	60	AGE60	481	480_JWMarriott_60_m
122	MorganFreeman 	60	AGE60	16034	16033_MorganFreeman _60_m
353	ArmandAssante	60	AGE60	5142	5141_ArmandAssante_60_m
140	EdHarris	60	AGE60	1718	1717_EdHarris_60_m
46	JohnMalkovich	60	AGE60	5397	5396_JohnMalkovich_60_m
0	YvesMontand	60	AGE60	6902	6901_YvesMontand_60_m
55	JamesWoods	60	AGE60	2630	2629_JamesWoods_60_m
523	MartinSheen	60	AGE60	3541	3540_MartinSheen_60_m
293	PeterGraves	60	AGE60	6690	6689_PeterGraves_60_m
286	CydCharisse	60	AGE60	15196	15195_CydCharisse_60_f
290	CHARLIERUGGLES	60	AGE60	9517	9516_CHARLIERUGGLES_60_m
115	BarbaraBain	60	AGE60	10424	10423_BarbaraBain_60_f
425	FlemingAlex	60	AGE60	1071	1070_FlemingAlex_60_m
426	TheodorakisMikis	60	AGE60	234	233_TheodorakisMikis_60_m
114	akistsoxatzopoulos	60	AGE60	803	802_akistsoxatzopoulos_60_m
517	GeraldinePage	60	AGE60	14216	14215_GeraldinePage_60_f
120	TomJones	60	AGE60	1854	1853_TomJones_60_m
517	GeraldinePage	60	AGE60	14213	14212_GeraldinePage_60_f
300	PeterMarkRichman	60	AGE60	7479	7478_PeterMarkRichman_60_m
389	JaneBirkin	60	AGE60	10100	10099_JaneBirkin_60_f
517	GeraldinePage	60	AGE60	14196	14195_GeraldinePage_60_f
354	RandolphScott	60	AGE60	8236	8235_RandolphScott_60_m
347	Soljenitsyne	60	AGE60	1339	1338_Soljenitsyne_60_m
566	Pele	60	AGE60	67	66_Pele_60_m
18	ElsaMartinelli	60	AGE60	12076	12075_ElsaMartinelli_60_f
121	RafVallone	60	AGE60	6048	6047_RafVallone_60_m
15	AnneBancroft	60	AGE60	13844	13843_AnneBancroft_60_f
287	JosephCotten	60	AGE60	7226	7225_JosephCotten_60_m
47	PeterFonda	60	AGE60	2799	2798_PeterFonda_60_m
135	RichardPryor	60	AGE60	16221	16220_RichardPryor_60_m
141	ErnestBorgnine	60	AGE60	8928	8927_ErnestBorgnine_60_m
257	HorstBuchholz	61	AGE61	8060	8059_HorstBuchholz_61_m
200	AnnMargret	61	AGE61	10396	10395_AnnMargret_61_f
488	DickVanDyke	61	AGE61	4108	4107_DickVanDyke_61_m
98	RichardChamberlain	61	AGE61	8294	8293_RichardChamberlain_61_m
514	LindaEvans	61	AGE61	10630	10629_LindaEvans_61_f
59	MichaelKeaton	61	AGE61	5510	5509_MichaelKeaton_61_m
77	RobertRyan	61	AGE61	7580	7579_RobertRyan_61_m
34	MireilleDarc	61	AGE61	11687	11686_MireilleDarc_61_f
338	FrancescaAnnis	61	AGE61	12157	12156_FrancescaAnnis_61_f
273	JoanCrawford	61	AGE61	14284	14283_JoanCrawford_61_f
8	SimoneSignoret	61	AGE61	14855	14854_SimoneSignoret_61_f
241	SeanConnery	61	AGE61	3795	3794_SeanConnery_61_m
107	DianneWiest	61	AGE61	10498	10497_DianneWiest_61_f
493	PiaLindstrom	61	AGE61	11235	11234_PiaLindstrom_61_f
543	JohnDerek	61	AGE61	5364	5363_JohnDerek_61_m
75	EllenBurstyn	61	AGE61	11006	11005_EllenBurstyn_61_f
293	PeterGraves	61	AGE61	6691	6690_PeterGraves_61_m
51	ClaudeL╨ТviStrauss	61	AGE61	1221	1220_ClaudeL╨ТviStrauss_61_m
204	LilliPalmer	61	AGE61	13686	13685_LilliPalmer_61_f
90	MichelPiccoli	61	AGE61	4769	4768_MichelPiccoli_61_m
522	DannyGlover	61	AGE61	16091	16090_DannyGlover_61_m
460	AnneBaxter	61	AGE61	12529	12528_AnneBaxter_61_f
63	PeggyAshcroft	61	AGE61	14465	14464_PeggyAshcroft_61_f
339	ChuckNorris	61	AGE61	3125	3124_ChuckNorris_61_m
184	GeorgesMarchal	61	AGE61	9353	9352_GeorgesMarchal_61_m
43	AnnMiller	61	AGE61	15034	15033_AnnMiller_61_f
40	AnthonyHopkins	61	AGE61	5083	5082_AnthonyHopkins_61_m
91	DickieMoore	61	AGE61	6216	6215_DickieMoore_61_m
399	RonPerlman	61	AGE61	2838	2837_RonPerlman_61_m
273	JoanCrawford	61	AGE61	14289	14288_JoanCrawford_61_f
357	KathyBates	61	AGE61	10233	10232_KathyBates_61_f
137	SidneyPoitier	61	AGE61	16164	16163_SidneyPoitier_61_m
535	Tyson	61	AGE61	16466	16465_Tyson_61_f
421	SigourneyWeaver	61	AGE61	13316	13315_SigourneyWeaver_61_f
106	SteveMartin	61	AGE61	3877	3876_SteveMartin_61_m
265	BurtReynolds	61	AGE61	3994	3993_BurtReynolds_61_m
412	BeaArthur	61	AGE61	11903	11902_BeaArthur_61_f
67	JamesCaan	61	AGE61	2012	2011_JamesCaan_61_m
401	ErinGray	61	AGE61	15365	15364_ErinGray_61_f
3	ArnoldSchwarzenegger	61	AGE61	8853	8852_ArnoldSchwarzenegger_61_m
170	CharlesBoyer	61	AGE61	6975	6974_CharlesBoyer_61_m
333	RobertPowell	61	AGE61	4427	4426_RobertPowell_61_m
198	ThomasTerry	61	AGE61	6868	6867_ThomasTerry_61_m
553	DanielleDarrieux	61	AGE61	13434	13433_DanielleDarrieux_61_f
248	MartinScorsese	61	AGE61	5463	5462_MartinScorsese_61_m
359	KostasVoutsas	61	AGE61	4702	4701_KostasVoutsas_61_m
118	HelmutBerger	61	AGE61	4236	4235_HelmutBerger_61_m
418	DeborahKerr	61	AGE61	13950	13949_DeborahKerr_61_f
189	MurrayHamilton	61	AGE61	8711	8710_MurrayHamilton_61_m
76	HarveyKeitel	61	AGE61	4201	4200_HarveyKeitel_61_m
519	ChevyChase	61	AGE61	2441	2440_ChevyChase_61_m
455	AlanRickman	61	AGE61	3028	3027_AlanRickman_61_m
195	LorneGreene	61	AGE61	8156	8155_LorneGreene_61_m
485	DanaAndrews	61	AGE61	6155	6154_DanaAndrews_61_m
537	Onasis	61	AGE61	341	340_Onasis_61_m
541	ThelmaRitter	61	AGE61	13798	13797_ThelmaRitter_61_f
558	MichaelPalin	61	AGE61	4332	4331_MichaelPalin_61_m
268	WarrenBeatty	61	AGE61	5027	5026_WarrenBeatty_61_m
60	CharlesGrodin	61	AGE61	5196	5195_CharlesGrodin_61_m
15	AnneBancroft	61	AGE61	13850	13849_AnneBancroft_61_f
326	SteveKanaly	61	AGE61	3860	3859_SteveKanaly_61_m
105	KatharineRoss	61	AGE61	15654	15653_KatharineRoss_61_f
500	IanHolm	61	AGE61	1578	1577_IanHolm_61_m
542	IanMcKellen	61	AGE61	3276	3275_IanMcKellen_61_m
403	RogerAllam	61	AGE61	3747	3746_RogerAllam_61_m
268	WarrenBeatty	61	AGE61	5012	5011_WarrenBeatty_61_m
415	SamNeill	61	AGE61	2319	2318_SamNeill_61_m
287	JosephCotten	61	AGE61	7234	7233_JosephCotten_61_m
167	KatharineHepburn	61	AGE61	14922	14921_KatharineHepburn_61_f
452	GordonThomson	61	AGE61	4600	4599_GordonThomson_61_m
136	LawrenceTierney	61	AGE61	9093	9092_LawrenceTierney_61_m
161	MaggieSmith	61	AGE61	10712	10711_MaggieSmith_61_f
416	JohnHuston	61	AGE61	6006	6005_JohnHuston_61_m
76	HarveyKeitel	61	AGE61	4200	4199_HarveyKeitel_61_m
50	PeggyLipton	61	AGE61	10821	10820_PeggyLipton_61_f
13	CatherineSchell	61	AGE61	15136	15135_CatherineSchell_61_f
313	LeslieCaron	61	AGE61	3467	3466_LeslieCaron_61_m
199	CharltonHeaston	61	AGE61	8876	8875_CharltonHeaston_61_m
404	CatherineSpaak	61	AGE61	11941	11940_CatherineSpaak_61_f
245	RichardBoone	61	AGE61	7526	7525_RichardBoone_61_m
93	JonFinch	61	AGE61	5419	5418_JonFinch_61_m
246	LeifErickson	61	AGE61	7298	7297_LeifErickson_61_m
255	NickNolte	61	AGE61	2210	2209_NickNolte_61_m
521	StefaniePowers	61	AGE61	15835	15834_StefaniePowers_61_f
379	JamesCagney	61	AGE61	6394	6393_JamesCagney_61_m
354	RandolphScott	61	AGE61	8237	8236_RandolphScott_61_m
197	LinoVentura	61	AGE61	7328	7327_LinoVentura_61_m
397	GeraldineChaplin	61	AGE61	13048	13047_GeraldineChaplin_61_f
247	MichaelYork	61	AGE61	3590	3589_MichaelYork_61_m
325	tomselleck	61	AGE61	2978	2977_tomselleck_61_m
47	PeterFonda	61	AGE61	2800	2799_PeterFonda_61_m
358	NicolasSarkozy	61	AGE61	5550	5549_NicolasSarkozy_61_m
457	JeffBridges	61	AGE61	3348	3347_JeffBridges_61_m
159	PierceBrosnan	61	AGE61	4820	4819_PierceBrosnan_61_m
15	AnneBancroft	61	AGE61	13871	13870_AnneBancroft_61_f
312	JohnnyCash	61	AGE61	6510	6509_JohnnyCash_61_m
337	RichardCrenna	61	AGE61	8336	8335_RichardCrenna_61_m
135	RichardPryor	61	AGE61	16227	16226_RichardPryor_61_m
269	BenGazzara	61	AGE61	5788	5787_BenGazzara_61_m
270	ErnestHemingway	61	AGE61	1418	1417_ErnestHemingway_61_m
353	ArmandAssante	61	AGE61	5143	5142_ArmandAssante_61_m
373	BobDylan	61	AGE61	1681	1680_BobDylan_61_m
350	VittorioGassman	61	AGE61	9260	9259_VittorioGassman_61_m
494	JessicaTandy	61	AGE61	13629	13628_JessicaTandy_61_f
133	LeeJCobb	61	AGE61	6560	6559_LeeJCobb_61_m
492	RobertDuvall	61	AGE61	4389	4388_RobertDuvall_61_m
400	EliWallach	61	AGE61	3210	3209_EliWallach_61_m
178	AndyGriffith	61	AGE61	7811	7810_AndyGriffith_61_m
434	DavidCarradine	61	AGE61	8598	8597_DavidCarradine_61_m
100	LyleTalbot	61	AGE61	7393	7392_LyleTalbot_61_m
176	RodTaylor	61	AGE61	2283	2282_RodTaylor_61_m
36	ScottGlenn	61	AGE61	2942	2941_ScottGlenn_61_m
230	SusanGeorge	61	AGE61	10877	10876_SusanGeorge_61_f
145	DonJohnson	61	AGE61	2534	2533_DonJohnson_61_m
282	ValerieHarper	61	AGE61	11802	11801_ValerieHarper_61_f
420	MaryTylerMoore	61	AGE61	12841	12840_MaryTylerMoore_61_f
317	BillMurray	61	AGE61	2420	2419_BillMurray_61_m
408	MelBrooks	61	AGE61	2113	2112_MelBrooks_61_m
341	AnnaMassey	61	AGE61	12478	12477_AnnaMassey_61_f
211	AnjelicaHuston	61	AGE61	11837	11836_AnjelicaHuston_61_f
340	CliffRobertson	61	AGE61	8563	8562_CliffRobertson_61_m
281	RutgerHauer	61	AGE61	3775	3774_RutgerHauer_61_m
0	YvesMontand	61	AGE61	6903	6902_YvesMontand_61_m
538	BarbaraStanwyck	61	AGE61	14641	14640_BarbaraStanwyck_61_f
417	StevenBerkoff	61	AGE61	4952	4951_StevenBerkoff_61_m
376	Fernandel	61	AGE61	4579	4578_Fernandel_61_m
65	JohnForsythe	61	AGE61	8081	8080_JohnForsythe_61_m
88	StacyKeach	61	AGE61	3825	3824_StacyKeach_61_m
1	HerbertLom	61	AGE61	5865	5864_HerbertLom_61_m
131	ElizabethTaylor	61	AGE61	14708	14707_ElizabethTaylor_61_f
112	MickeyRooney	61	AGE61	7431	7430_MickeyRooney_61_m
446	AbeVigoda	61	AGE61	2337	2336_AbeVigoda_61_m
375	EdwardGRobinson	61	AGE61	9451	9450_EdwardGRobinson_61_m
223	ElkeSommer	61	AGE61	9971	9970_ElkeSommer_61_f
84	AngelaLansbury	61	AGE61	11973	11972_AngelaLansbury_61_f
219	DerekJacobi	61	AGE61	3182	3181_DerekJacobi_61_m
288	AnitaEkberg	61	AGE61	10361	10360_AnitaEkberg_61_f
512	WilliamHolden	61	AGE61	8490	8489_WilliamHolden_61_m
14	StevenSpielberg	61	AGE61	6828	6827_StevenSpielberg_61_m
141	ErnestBorgnine	61	AGE61	8929	8928_ErnestBorgnine_61_m
556	CarlosSantana	61	AGE61	4516	4515_CarlosSantana_61_m
420	MaryTylerMoore	61	AGE61	12836	12835_MaryTylerMoore_61_f
261	KlausKinski	61	AGE61	6545	6544_KlausKinski_61_m
302	ClaudeRich	61	AGE61	2479	2478_ClaudeRich_61_m
447	GlennClose	61	AGE61	10000	9999_GlennClose_61_f
409	RexHarrison	61	AGE61	6724	6723_RexHarrison_61_m
38	BarbaraBouchet	61	AGE61	11871	11870_BarbaraBouchet_61_f
531	TimothyDalton	61	AGE61	4984	4983_TimothyDalton_61_m
284	RobertMorley	61	AGE61	7541	7540_RobertMorley_61_m
120	TomJones	61	AGE61	1855	1854_TomJones_61_m
470	FranklinDRoosevelt	61	AGE61	944	943_FranklinDRoosevelt_61_m
364	SarahDouglas	61	AGE61	15811	15810_SarahDouglas_61_f
16	ReginaldOwen	61	AGE61	8256	8255_ReginaldOwen_61_m
144	SusannahYork	61	AGE61	14137	14136_SusannahYork_61_f
465	JohnDRockefeller	61	AGE61	439	438_JohnDRockefeller_61_m
285	RyanONeal	61	AGE61	2867	2866_RyanONeal_61_m
86	MarietteHartley	61	AGE61	10300	10299_MarietteHartley_61_f
513	DonnaReed	61	AGE61	12591	12590_DonnaReed_61_f
146	RicardoMontalb╨░n	61	AGE61	9555	9554_RicardoMontalb╨░n_61_m
231	AnthonyAndrews	61	AGE61	5054	5053_AnthonyAndrews_61_m
104	VanessaRedgrave	61	AGE61	13826	13825_VanessaRedgrave_61_f
436	LindsayWagner	61	AGE61	11586	11585_LindsayWagner_61_f
321	DannyDeVito	61	AGE61	3156	3155_DannyDeVito_61_m
173	GreerGarson	61	AGE61	14018	14017_GreerGarson_61_f
461	TimCurry	61	AGE61	1753	1752_TimCurry_61_m
280	BillNighy	61	AGE61	3062	3061_BillNighy_61_m
121	RafVallone	61	AGE61	6049	6048_RafVallone_61_m
380	TomasMilian	61	AGE61	3907	3906_TomasMilian_61_m
263	JanePowell	61	AGE61	15404	15403_JanePowell_61_f
238	RobertMitchum	61	AGE61	9223	9222_RobertMitchum_61_m
517	GeraldinePage	61	AGE61	14195	14194_GeraldinePage_61_f
81	EdwigeFenech	61	AGE61	15329	15328_EdwigeFenech_61_f
26	FayeDunaway	61	AGE61	10525	10524_FayeDunaway_61_f
300	PeterMarkRichman	61	AGE61	7480	7479_PeterMarkRichman_61_m
355	CelesteHolm	61	AGE61	13395	13394_CelesteHolm_61_f
81	EdwigeFenech	61	AGE61	15328	15327_EdwigeFenech_61_f
115	BarbaraBain	61	AGE61	10425	10424_BarbaraBain_61_f
534	AlbertoSordi	61	AGE61	7774	7773_AlbertoSordi_61_m
437	MarisaPavan	61	AGE61	3509	3508_MarisaPavan_61_m
351	JonVoight	61	AGE61	2075	2074_JonVoight_61_m
362	CyndiLauper	61	AGE61	11451	11450_CyndiLauper_61_f
419	ShirleyJones	61	AGE61	11265	11264_ShirleyJones_61_f
522	DannyGlover	61	AGE61	16110	16109_DannyGlover_61_m
450	RobertOppenheimer	61	AGE61	1245	1244_RobertOppenheimer_61_m
11	MichaelSarrazin	61	AGE61	9151	9150_MichaelSarrazin_61_m
538	BarbaraStanwyck	61	AGE61	14656	14655_BarbaraStanwyck_61_f
551	JeanetteMacDonald	61	AGE61	15517	15516_JeanetteMacDonald_61_f
362	CyndiLauper	61	AGE61	11450	11449_CyndiLauper_61_f
206	HowardKeel	61	AGE61	5906	5905_HowardKeel_61_m
167	KatharineHepburn	61	AGE61	14912	14911_KatharineHepburn_61_f
495	CybillShepherd	61	AGE61	12015	12014_CybillShepherd_61_f
48	GenaRowlands	61	AGE61	4148	4147_GenaRowlands_61_m
508	VictorMature	61	AGE61	8428	8427_VictorMature_61_m
490	Gaddafi	61	AGE61	970	969_Gaddafi_61_m
331	SamElliott	61	AGE61	2902	2901_SamElliott_61_m
82	MarcelloMastroianni	61	AGE61	9600	9599_MarcelloMastroianni_61_m
406	StevenSeagal	61	AGE61	4456	4455_StevenSeagal_61_m
120	TomJones	61	AGE61	9776	9775_TomJones_61_f
422	HarrySTruman	61	AGE61	829	828_HarrySTruman_61_m
351	JonVoight	61	AGE61	2076	2075_JonVoight_61_m
147	SamuelJacksonn	61	AGE61	16135	16134_SamuelJacksonn_61_m
546	SusanSarandon	61	AGE61	11754	11753_SusanSarandon_61_f
523	MartinSheen	61	AGE61	3542	3541_MartinSheen_61_m
259	ChristopherWalken	61	AGE61	7019	7018_ChristopherWalken_61_m
280	BillNighy	61	AGE61	3061	3060_BillNighy_61_m
104	VanessaRedgrave	61	AGE61	13825	13824_VanessaRedgrave_61_f
74	AnthonyQuayle	61	AGE61	7845	7844_AnthonyQuayle_61_m
3	ArnoldSchwarzenegger	62	AGE62	8854	8853_ArnoldSchwarzenegger_62_m
447	GlennClose	62	AGE62	10001	10000_GlennClose_62_f
61	RonaldReagan	62	AGE62	746	745_RonaldReagan_62_m
374	Mparkoulis	62	AGE62	2174	2173_Mparkoulis_62_m
518	RomanPolanski	62	AGE62	4914	4913_RomanPolanski_62_m
258	FredMacMurray	62	AGE62	8973	8972_FredMacMurray_62_m
182	DustinHoffman	62	AGE62	4529	4528_DustinHoffman_62_m
0	YvesMontand	62	AGE62	6905	6904_YvesMontand_62_m
255	NickNolte	62	AGE62	2211	2210_NickNolte_62_m
192	NielsBohr	62	AGE62	1096	1095_NielsBohr_62_m
401	ErinGray	62	AGE62	15366	15365_ErinGray_62_f
526	AngieDickinson	62	AGE62	12429	12428_AngieDickinson_62_f
252	ErnestRutherford	62	AGE62	1189	1188_ErnestRutherford_62_m
33	JamesCoburn	62	AGE62	6423	6422_JamesCoburn_62_m
519	ChevyChase	62	AGE62	2442	2441_ChevyChase_62_m
132	AlexanderGrahamBell	62	AGE62	1259	1258_AlexanderGrahamBell_62_m
331	SamElliott	62	AGE62	2903	2902_SamElliott_62_m
357	KathyBates	62	AGE62	10241	10240_KathyBates_62_f
555	GeneWilder	62	AGE62	2593	2592_GeneWilder_62_m
181	FernandoRey	62	AGE62	6323	6322_FernandoRey_62_m
259	ChristopherWalken	62	AGE62	7020	7019_ChristopherWalken_62_m
490	Gaddafi	62	AGE62	951	950_Gaddafi_62_m
307	GiulianoGemma	62	AGE62	8006	8005_GiulianoGemma_62_m
306	KrisKristofferson	62	AGE62	7261	7260_KrisKristofferson_62_m
289	JohnWayne	62	AGE62	7198	7197_JohnWayne_62_m
488	DickVanDyke	62	AGE62	4109	4108_DickVanDyke_62_m
177	OliviaHussey	62	AGE62	11722	11721_OliviaHussey_62_f
133	LeeJCobb	62	AGE62	6572	6571_LeeJCobb_62_m
128	JPMorgan	62	AGE62	362	361_JPMorgan_62_m
184	GeorgesMarchal	62	AGE62	9354	9353_GeorgesMarchal_62_m
489	MarleneDietrich	62	AGE62	14742	14741_MarleneDietrich_62_f
452	GordonThomson	62	AGE62	4601	4600_GordonThomson_62_m
383	JamesGarner	62	AGE62	4636	4635_JamesGarner_62_m
261	KlausKinski	62	AGE62	6546	6545_KlausKinski_62_m
492	RobertDuvall	62	AGE62	4390	4389_RobertDuvall_62_m
541	ThelmaRitter	62	AGE62	13799	13798_ThelmaRitter_62_f
189	MurrayHamilton	62	AGE62	8712	8711_MurrayHamilton_62_m
421	SigourneyWeaver	62	AGE62	13317	13316_SigourneyWeaver_62_f
290	CHARLIERUGGLES	62	AGE62	9518	9517_CHARLIERUGGLES_62_m
48	GenaRowlands	62	AGE62	4149	4148_GenaRowlands_62_m
350	VittorioGassman	62	AGE62	9261	9260_VittorioGassman_62_m
315	DirkBogarde	62	AGE62	6260	6259_DirkBogarde_62_m
232	ConnieBooth	62	AGE62	15172	15171_ConnieBooth_62_f
547	RuthGordon	62	AGE62	12893	12892_RuthGordon_62_f
209	Konstantaras	62	AGE62	8111	8110_Konstantaras_62_m
293	PeterGraves	62	AGE62	6705	6704_PeterGraves_62_m
546	SusanSarandon	62	AGE62	11755	11754_SusanSarandon_62_f
120	TomJones	62	AGE62	1856	1855_TomJones_62_m
406	StevenSeagal	62	AGE62	4457	4456_StevenSeagal_62_m
474	TellySavalas	62	AGE62	7633	7632_TellySavalas_62_m
234	MyrnaLoy	62	AGE62	12364	12363_MyrnaLoy_62_f
82	MarcelloMastroianni	62	AGE62	9601	9600_MarcelloMastroianni_62_m
476	RaquelWelch	62	AGE62	10847	10846_RaquelWelch_62_f
81	EdwigeFenech	62	AGE62	15330	15329_EdwigeFenech_62_f
411	LeslieNielsen	62	AGE62	8118	8117_LeslieNielsen_62_m
58	OliviadeHavilland	62	AGE62	14442	14441_OliviadeHavilland_62_f
462	KateOMara	62	AGE62	15615	15614_KateOMara_62_f
422	HarrySTruman	62	AGE62	839	838_HarrySTruman_62_m
411	LeslieNielsen	62	AGE62	8135	8134_LeslieNielsen_62_m
89	PatriciaNeal	62	AGE62	13741	13740_PatriciaNeal_62_f
478	FredAstaire	62	AGE62	7894	7893_FredAstaire_62_m
314	YannisRitsos	62	AGE62	1521	1520_YannisRitsos_62_m
206	HowardKeel	62	AGE62	5907	5906_HowardKeel_62_m
461	TimCurry	62	AGE62	1754	1753_TimCurry_62_m
408	MelBrooks	62	AGE62	2114	2113_MelBrooks_62_m
523	MartinSheen	62	AGE62	3543	3542_MartinSheen_62_m
211	AnjelicaHuston	62	AGE62	11838	11837_AnjelicaHuston_62_f
16	ReginaldOwen	62	AGE62	8257	8256_ReginaldOwen_62_m
120	TomJones	62	AGE62	9777	9776_TomJones_62_f
549	GoldieHawn	62	AGE62	10025	10024_GoldieHawn_62_f
56	AudreyHepburn	62	AGE62	14521	14520_AudreyHepburn_62_f
219	DerekJacobi	62	AGE62	3183	3182_DerekJacobi_62_m
56	AudreyHepburn	62	AGE62	14536	14535_AudreyHepburn_62_f
217	MargaretOBrien	62	AGE62	12804	12803_MargaretOBrien_62_f
38	BarbaraBouchet	62	AGE62	11872	11871_BarbaraBouchet_62_f
298	FrankSinatra	62	AGE62	8614	8613_FrankSinatra_62_m
223	ElkeSommer	62	AGE62	9972	9971_ElkeSommer_62_f
86	MarietteHartley	62	AGE62	10301	10300_MarietteHartley_62_f
464	BetteMidler	62	AGE62	10453	10452_BetteMidler_62_f
364	SarahDouglas	62	AGE62	15812	15811_SarahDouglas_62_f
548	CatherineDeneuve	62	AGE62	12969	12968_CatherineDeneuve_62_f
422	HarrySTruman	62	AGE62	830	829_HarrySTruman_62_m
319	RingoStarr	62	AGE62	3709	3708_RingoStarr_62_m
88	StacyKeach	62	AGE62	3826	3825_StacyKeach_62_m
226	TommySands	62	AGE62	3934	3933_TommySands_62_m
213	RabindranathTagore	62	AGE62	1471	1470_RabindranathTagore_62_m
83	AlPacino	62	AGE62	1623	1622_AlPacino_62_m
213	RabindranathTagore	62	AGE62	1473	1472_RabindranathTagore_62_m
472	StephenHawking	62	AGE62	1011	1010_StephenHawking_62_m
317	BillMurray	62	AGE62	2421	2420_BillMurray_62_m
229	Myl╨ЪneDemongeot	62	AGE62	12871	12870_Myl╨ЪneDemongeot_62_f
231	AnthonyAndrews	62	AGE62	5055	5054_AnthonyAndrews_62_m
75	EllenBurstyn	62	AGE62	11007	11006_EllenBurstyn_62_f
121	RafVallone	62	AGE62	6050	6049_RafVallone_62_m
522	DannyGlover	62	AGE62	16093	16092_DannyGlover_62_m
521	StefaniePowers	62	AGE62	15836	15835_StefaniePowers_62_f
312	JohnnyCash	62	AGE62	6511	6510_JohnnyCash_62_m
427	NewmanPaul	62	AGE62	7463	7462_NewmanPaul_62_m
247	MichaelYork	62	AGE62	3591	3590_MichaelYork_62_m
325	tomselleck	62	AGE62	2979	2978_tomselleck_62_m
248	MartinScorsese	62	AGE62	5464	5463_MartinScorsese_62_m
484	JackLarson	62	AGE62	5935	5934_JackLarson_62_m
195	LorneGreene	62	AGE62	8157	8156_LorneGreene_62_m
351	JonVoight	62	AGE62	2077	2076_JonVoight_62_m
427	NewmanPaul	62	AGE62	7458	7457_NewmanPaul_62_m
249	LivUllmann	62	AGE62	10264	10263_LivUllmann_62_f
403	RogerAllam	62	AGE62	3748	3747_RogerAllam_62_m
415	SamNeill	62	AGE62	2320	2319_SamNeill_62_m
455	AlanRickman	62	AGE62	3029	3028_AlanRickman_62_m
26	FayeDunaway	62	AGE62	10526	10525_FayeDunaway_62_f
326	SteveKanaly	62	AGE62	3861	3860_SteveKanaly_62_m
300	PeterMarkRichman	62	AGE62	7491	7490_PeterMarkRichman_62_m
194	JaneFonda	62	AGE62	10126	10125_JaneFonda_62_f
76	HarveyKeitel	62	AGE62	4202	4201_HarveyKeitel_62_m
251	St╨ТphaneAudran	62	AGE62	15887	15886_St╨ТphaneAudran_62_f
453	DaliahLavi	62	AGE62	10959	10958_DaliahLavi_62_f
327	TommyLeeJones	62	AGE62	5757	5756_TommyLeeJones_62_m
291	IlyaPrigogine	62	AGE62	1279	1278_IlyaPrigogine_62_m
324	JaneAsher	62	AGE62	9819	9818_JaneAsher_62_f
80	KathrynGrayson	62	AGE62	15691	15690_KathrynGrayson_62_f
299	GeorgeMontgomery	62	AGE62	9332	9331_GeorgeMontgomery_62_m
197	LinoVentura	62	AGE62	7329	7328_LinoVentura_62_m
90	MichelPiccoli	62	AGE62	4770	4769_MichelPiccoli_62_m
367	LiamNeeson	62	AGE62	2771	2770_LiamNeeson_62_m
460	AnneBaxter	62	AGE62	12530	12529_AnneBaxter_62_f
426	TheodorakisMikis	62	AGE62	250	249_TheodorakisMikis_62_m
35	LouisJourdan	62	AGE62	7358	7357_LouisJourdan_62_m
460	AnneBaxter	62	AGE62	12518	12517_AnneBaxter_62_f
47	PeterFonda	62	AGE62	2801	2800_PeterFonda_62_m
1	HerbertLom	62	AGE62	5866	5865_HerbertLom_62_m
552	FidelCastro	62	AGE62	680	679_FidelCastro_62_m
59	MichaelKeaton	62	AGE62	5511	5510_MichaelKeaton_62_m
382	GilbertRoland	62	AGE62	7975	7974_GilbertRoland_62_m
40	AnthonyHopkins	62	AGE62	5084	5083_AnthonyHopkins_62_m
292	KathrynHays	62	AGE62	10577	10576_KathrynHays_62_f
91	DickieMoore	62	AGE62	6203	6202_DickieMoore_62_m
553	DanielleDarrieux	62	AGE62	13435	13434_DanielleDarrieux_62_f
375	EdwardGRobinson	62	AGE62	9452	9451_EdwardGRobinson_62_m
77	RobertRyan	62	AGE62	7581	7580_RobertRyan_62_m
405	Gorbachev	62	AGE62	610	609_Gorbachev_62_m
8	SimoneSignoret	62	AGE62	14849	14848_SimoneSignoret_62_f
412	BeaArthur	62	AGE62	11904	11903_BeaArthur_62_f
244	JeffGoldblum	62	AGE62	4671	4670_JeffGoldblum_62_m
246	LeifErickson	62	AGE62	7299	7298_LeifErickson_62_m
359	KostasVoutsas	62	AGE62	4705	4704_KostasVoutsas_62_m
404	CatherineSpaak	62	AGE62	11942	11941_CatherineSpaak_62_f
360	UgoTognazzi	62	AGE62	7703	7702_UgoTognazzi_62_m
50	PeggyLipton	62	AGE62	10822	10821_PeggyLipton_62_f
556	CarlosSantana	62	AGE62	4501	4500_CarlosSantana_62_m
168	JohnCleese	62	AGE62	2694	2693_JohnCleese_62_m
267	MerkouriMelina	62	AGE62	14932	14931_MerkouriMelina_62_f
339	ChuckNorris	62	AGE62	3126	3125_ChuckNorris_62_m
287	JosephCotten	62	AGE62	7235	7234_JosephCotten_62_m
340	CliffRobertson	62	AGE62	8577	8576_CliffRobertson_62_m
107	DianneWiest	62	AGE62	10499	10498_DianneWiest_62_f
140	EdHarris	62	AGE62	1720	1719_EdHarris_62_m
266	MickJagger	62	AGE62	2792	2791_MickJagger_62_m
497	CharlesDarwin	62	AGE62	1107	1106_CharlesDarwin_62_m
151	AnnieGirardot	62	AGE62	13901	13900_AnnieGirardot_62_f
534	AlbertoSordi	62	AGE62	7775	7774_AlbertoSordi_62_m
497	CharlesDarwin	62	AGE62	1105	1104_CharlesDarwin_62_m
114	akistsoxatzopoulos	62	AGE62	801	800_akistsoxatzopoulos_62_m
278	GiorgosSeferis	62	AGE62	1378	1377_GiorgosSeferis_62_m
336	PatrickStewart	62	AGE62	5574	5573_PatrickStewart_62_m
436	LindsayWagner	62	AGE62	11587	11586_LindsayWagner_62_f
376	Fernandel	62	AGE62	4580	4579_Fernandel_62_m
263	JanePowell	62	AGE62	15405	15404_JanePowell_62_f
22	TerryMoore	62	AGE62	10326	10325_TerryMoore_62_f
29	IreneDunne	62	AGE62	13575	13574_IreneDunne_62_f
173	GreerGarson	62	AGE62	14019	14018_GreerGarson_62_f
399	RonPerlman	62	AGE62	2839	2838_RonPerlman_62_m
0	YvesMontand	62	AGE62	6904	6903_YvesMontand_62_m
168	JohnCleese	62	AGE62	2693	2692_JohnCleese_62_m
140	EdHarris	62	AGE62	1719	1718_EdHarris_62_m
394	OrsonWelles	62	AGE62	6661	6660_OrsonWelles_62_m
147	SamuelJacksonn	62	AGE62	16137	16136_SamuelJacksonn_62_m
279	DorisDay	62	AGE62	9703	9702_DorisDay_62_f
147	SamuelJacksonn	62	AGE62	16136	16135_SamuelJacksonn_62_m
65	JohnForsythe	62	AGE62	8082	8081_JohnForsythe_62_m
265	BurtReynolds	62	AGE62	3995	3994_BurtReynolds_62_m
71	EvaMarieSaint	62	AGE62	12111	12110_EvaMarieSaint_62_f
67	JamesCaan	62	AGE62	2013	2012_JamesCaan_62_m
154	JeanneMoreau	62	AGE62	11068	11067_JeanneMoreau_62_f
106	SteveMartin	62	AGE62	3878	3877_SteveMartin_62_m
515	mahatmagandhi	62	AGE62	849	848_mahatmagandhi_62_m
158	SpencerTracy	62	AGE62	8384	8383_SpencerTracy_62_m
398	CarlMarx	62	AGE62	1487	1486_CarlMarx_62_m
166	AnnJillian	62	AGE62	15000	14999_AnnJillian_62_f
516	JWMarriott	62	AGE62	482	481_JWMarriott_62_m
70	PamelaSueMartin	62	AGE62	15782	15781_PamelaSueMartin_62_f
528	MichaelBloomberg	62	AGE62	314	313_MichaelBloomberg_62_m
268	WarrenBeatty	62	AGE62	5013	5012_WarrenBeatty_62_m
161	MaggieSmith	62	AGE62	10713	10712_MaggieSmith_62_f
69	BrianDennehy	62	AGE62	3961	3960_BrianDennehy_62_m
356	JeffreyJones	62	AGE62	4257	4256_JeffreyJones_62_m
397	GeraldineChaplin	62	AGE62	13049	13048_GeraldineChaplin_62_f
337	RichardCrenna	62	AGE62	8337	8336_RichardCrenna_62_m
537	Onasis	62	AGE62	349	348_Onasis_62_m
136	LawrenceTierney	62	AGE62	9094	9093_LawrenceTierney_62_m
386	AlainDelon	62	AGE62	2379	2378_AlainDelon_62_m
273	JoanCrawford	62	AGE62	14286	14285_JoanCrawford_62_f
446	AbeVigoda	62	AGE62	2338	2337_AbeVigoda_62_m
6	Carroll	62	AGE62	16304	16303_Carroll_62_f
371	ChristopherPlummer	62	AGE62	7874	7873_ChristopherPlummer_62_m
105	KatharineRoss	62	AGE62	15655	15654_KatharineRoss_62_f
13	CatherineSchell	62	AGE62	15137	15136_CatherineSchell_62_f
536	BerryGordy	62	AGE62	460	459_BerryGordy_62_m
396	JeremyKemp	62	AGE62	2650	2649_JeremyKemp_62_m
167	KatharineHepburn	62	AGE62	14913	14912_KatharineHepburn_62_f
104	VanessaRedgrave	62	AGE62	13827	13826_VanessaRedgrave_62_f
503	JeanPaulBelmondo	62	AGE62	7149	7148_JeanPaulBelmondo_62_m
503	JeanPaulBelmondo	62	AGE62	7148	7147_JeanPaulBelmondo_62_m
158	SpencerTracy	62	AGE62	8388	8387_SpencerTracy_62_m
559	SylvesterStallone	62	AGE62	7609	7608_SylvesterStallone_62_m
558	MichaelPalin	62	AGE62	4333	4332_MichaelPalin_62_m
137	SidneyPoitier	62	AGE62	16165	16164_SidneyPoitier_62_m
274	WaltDisney	62	AGE62	162	161_WaltDisney_62_m
113	GladysCooper	62	AGE62	7119	7118_GladysCooper_62_m
23	VirnaLisi	62	AGE62	11363	11362_VirnaLisi_62_f
435	DebbieReynolds	62	AGE62	12043	12042_DebbieReynolds_62_f
102	WalterPidgeon	62	AGE62	8454	8453_WalterPidgeon_62_m
33	JamesCoburn	62	AGE62	6422	6421_JamesCoburn_62_m
284	RobertMorley	62	AGE62	7542	7541_RobertMorley_62_m
373	BobDylan	62	AGE62	1682	1681_BobDylan_62_m
510	PeterFalk	62	AGE62	5616	5615_PeterFalk_62_m
63	PeggyAshcroft	62	AGE62	14466	14465_PeggyAshcroft_62_f
513	DonnaReed	62	AGE62	12592	12591_DonnaReed_62_f
357	KathyBates	62	AGE62	10234	10233_KathyBates_62_f
143	BarbraStreisand	62	AGE62	12930	12929_BarbraStreisand_62_f
134	JohnLithgow	62	AGE62	3401	3400_JohnLithgow_62_m
49	BobHope	62	AGE62	5167	5166_BobHope_62_m
64	MikeConnors	62	AGE62	3619	3618_MikeConnors_62_m
517	GeraldinePage	62	AGE62	14214	14213_GeraldinePage_62_f
538	BarbaraStanwyck	62	AGE62	14661	14660_BarbaraStanwyck_62_f
113	GladysCooper	62	AGE62	13510	13509_GladysCooper_62_f
280	BillNighy	62	AGE62	3063	3062_BillNighy_62_m
176	RodTaylor	62	AGE62	2284	2283_RodTaylor_62_m
511	JackNicolson	62	AGE62	5275	5274_JackNicolson_62_m
67	JamesCaan	63	AGE63	2014	2013_JamesCaan_63_m
141	ErnestBorgnine	63	AGE63	8930	8929_ErnestBorgnine_63_m
522	DannyGlover	63	AGE63	16105	16104_DannyGlover_63_m
158	SpencerTracy	63	AGE63	8392	8391_SpencerTracy_63_m
245	RichardBoone	63	AGE63	7527	7526_RichardBoone_63_m
45	MendeleievDmitri	63	AGE63	1209	1208_MendeleievDmitri_63_m
354	RandolphScott	63	AGE63	8238	8237_RandolphScott_63_m
466	CharlesBronson	63	AGE63	8529	8528_CharlesBronson_63_m
91	DickieMoore	63	AGE63	6204	6203_DickieMoore_63_m
303	GeneHackman	63	AGE63	3244	3243_GeneHackman_63_m
521	StefaniePowers	63	AGE63	15837	15836_StefaniePowers_63_f
389	JaneBirkin	63	AGE63	10101	10100_JaneBirkin_63_f
143	BarbraStreisand	63	AGE63	12917	12916_BarbraStreisand_63_f
200	AnnMargret	63	AGE63	10397	10396_AnnMargret_63_f
459	WilliamShatner	63	AGE63	6080	6079_WilliamShatner_63_m
52	IngridBergman	63	AGE63	14239	14238_IngridBergman_63_f
365	JohnVernon	63	AGE63	6470	6469_JohnVernon_63_m
19	EdwardFox	63	AGE63	1931	1930_EdwardFox_63_m
466	CharlesBronson	63	AGE63	8513	8512_CharlesBronson_63_m
482	JuneLockhart	63	AGE63	11134	11133_JuneLockhart_63_f
77	RobertRyan	63	AGE63	7575	7574_RobertRyan_63_m
360	UgoTognazzi	63	AGE63	7704	7703_UgoTognazzi_63_m
544	GeorgeCScott	63	AGE63	9002	9001_GeorgeCScott_63_m
83	AlPacino	63	AGE63	1640	1639_AlPacino_63_m
13	CatherineSchell	63	AGE63	15138	15137_CatherineSchell_63_f
45	MendeleievDmitri	63	AGE63	1211	1210_MendeleievDmitri_63_m
246	LeifErickson	63	AGE63	7300	7299_LeifErickson_63_m
69	BrianDennehy	63	AGE63	3962	3961_BrianDennehy_63_m
247	MichaelYork	63	AGE63	3592	3591_MichaelYork_63_m
404	CatherineSpaak	63	AGE63	11943	11942_CatherineSpaak_63_f
559	SylvesterStallone	63	AGE63	7610	7609_SylvesterStallone_63_m
392	EstherWilliams	63	AGE63	14170	14169_EstherWilliams_63_f
196	KimNovak	63	AGE63	9864	9863_KimNovak_63_f
161	MaggieSmith	63	AGE63	10714	10713_MaggieSmith_63_f
76	HarveyKeitel	63	AGE63	4203	4202_HarveyKeitel_63_m
31	Ross	63	AGE63	16408	16407_Ross_63_f
123	Dee	63	AGE63	16348	16347_Dee_63_f
120	TomJones	63	AGE63	1857	1856_TomJones_63_m
37	JoanneWoodward	63	AGE63	12268	12267_JoanneWoodward_63_f
84	AngelaLansbury	63	AGE63	11974	11973_AngelaLansbury_63_f
248	MartinScorsese	63	AGE63	5465	5464_MartinScorsese_63_m
356	JeffreyJones	63	AGE63	4258	4257_JeffreyJones_63_m
40	AnthonyHopkins	63	AGE63	5093	5092_AnthonyHopkins_63_m
375	EdwardGRobinson	63	AGE63	9453	9452_EdwardGRobinson_63_m
219	DerekJacobi	63	AGE63	3184	3183_DerekJacobi_63_m
466	CharlesBronson	63	AGE63	8526	8525_CharlesBronson_63_m
421	SigourneyWeaver	63	AGE63	13318	13317_SigourneyWeaver_63_f
59	MichaelKeaton	63	AGE63	5512	5511_MichaelKeaton_63_m
106	SteveMartin	63	AGE63	3879	3878_SteveMartin_63_m
93	JonFinch	63	AGE63	5420	5419_JonFinch_63_m
397	GeraldineChaplin	63	AGE63	13050	13049_GeraldineChaplin_63_f
503	JeanPaulBelmondo	63	AGE63	7150	7149_JeanPaulBelmondo_63_m
553	DanielleDarrieux	63	AGE63	13436	13435_DanielleDarrieux_63_f
548	CatherineDeneuve	63	AGE63	12970	12969_CatherineDeneuve_63_f
158	SpencerTracy	63	AGE63	8394	8393_SpencerTracy_63_m
31	Ross	63	AGE63	16405	16404_Ross_63_f
198	ThomasTerry	63	AGE63	6869	6868_ThomasTerry_63_m
338	FrancescaAnnis	63	AGE63	12158	12157_FrancescaAnnis_63_f
223	ElkeSommer	63	AGE63	9973	9972_ElkeSommer_63_f
512	WilliamHolden	63	AGE63	8491	8490_WilliamHolden_63_m
197	LinoVentura	63	AGE63	7334	7333_LinoVentura_63_m
433	MaximilianShell	63	AGE63	9489	9488_MaximilianShell_63_m
270	ErnestHemingway	63	AGE63	1411	1410_ErnestHemingway_63_m
312	JohnnyCash	63	AGE63	6512	6511_JohnnyCash_63_m
324	JaneAsher	63	AGE63	9820	9819_JaneAsher_63_f
480	JeanGabin	63	AGE63	5326	5325_JeanGabin_63_m
531	TimothyDalton	63	AGE63	4986	4985_TimothyDalton_63_m
154	JeanneMoreau	63	AGE63	11069	11068_JeanneMoreau_63_f
82	MarcelloMastroianni	63	AGE63	9602	9601_MarcelloMastroianni_63_m
231	AnthonyAndrews	63	AGE63	5044	5043_AnthonyAndrews_63_m
411	LeslieNielsen	63	AGE63	8131	8130_LeslieNielsen_63_m
321	DannyDeVito	63	AGE63	3157	3156_DannyDeVito_63_m
47	PeterFonda	63	AGE63	2802	2801_PeterFonda_63_m
546	SusanSarandon	63	AGE63	11756	11755_SusanSarandon_63_f
89	PatriciaNeal	63	AGE63	13742	13741_PatriciaNeal_63_f
57	AlikiBoug	63	AGE63	12541	12540_AlikiBoug_63_f
147	SamuelJacksonn	63	AGE63	16138	16137_SamuelJacksonn_63_m
282	ValerieHarper	63	AGE63	11803	11802_ValerieHarper_63_f
35	LouisJourdan	63	AGE63	7359	7358_LouisJourdan_63_m
279	DorisDay	63	AGE63	9737	9736_DorisDay_63_f
65	JohnForsythe	63	AGE63	8083	8082_JohnForsythe_63_m
436	LindsayWagner	63	AGE63	11588	11587_LindsayWagner_63_f
523	MartinSheen	63	AGE63	3544	3543_MartinSheen_63_m
1	HerbertLom	63	AGE63	5867	5866_HerbertLom_63_m
149	AlecGuinness	63	AGE63	8766	8765_AlecGuinness_63_m
211	AnjelicaHuston	63	AGE63	11839	11838_AnjelicaHuston_63_f
147	SamuelJacksonn	63	AGE63	16139	16138_SamuelJacksonn_63_m
320	TippiHedren	63	AGE63	10889	10888_TippiHedren_63_f
120	TomJones	63	AGE63	9778	9777_TomJones_63_f
232	ConnieBooth	63	AGE63	15173	15172_ConnieBooth_63_f
314	YannisRitsos	63	AGE63	1512	1511_YannisRitsos_63_m
28	AndreasPapantreou	63	AGE63	896	895_AndreasPapantreou_63_m
14	StevenSpielberg	63	AGE63	6829	6828_StevenSpielberg_63_m
280	BillNighy	63	AGE63	3064	3063_BillNighy_63_m
233	Arletty	63	AGE63	10926	10925_Arletty_63_f
473	LizaMinelli	63	AGE63	11175	11174_LizaMinelli_63_f
420	MaryTylerMoore	63	AGE63	12837	12836_MaryTylerMoore_63_f
25	ShirleyMacLaine	63	AGE63	13259	13258_ShirleyMacLaine_63_f
513	DonnaReed	63	AGE63	12593	12592_DonnaReed_63_f
474	TellySavalas	63	AGE63	7634	7633_TellySavalas_63_m
406	StevenSeagal	63	AGE63	4458	4457_StevenSeagal_63_m
319	RingoStarr	63	AGE63	3710	3709_RingoStarr_63_m
286	CydCharisse	63	AGE63	15197	15196_CydCharisse_63_f
206	HowardKeel	63	AGE63	5908	5907_HowardKeel_63_m
149	AlecGuinness	63	AGE63	8765	8764_AlecGuinness_63_m
121	RafVallone	63	AGE63	6051	6050_RafVallone_63_m
213	RabindranathTagore	63	AGE63	1454	1453_RabindranathTagore_63_m
90	MichelPiccoli	63	AGE63	4771	4770_MichelPiccoli_63_m
118	HelmutBerger	63	AGE63	4237	4236_HelmutBerger_63_m
226	TommySands	63	AGE63	3935	3934_TommySands_63_m
434	DavidCarradine	63	AGE63	8599	8598_DavidCarradine_63_m
302	ClaudeRich	63	AGE63	2480	2479_ClaudeRich_63_m
339	ChuckNorris	63	AGE63	3127	3126_ChuckNorris_63_m
560	GregoryPeck	63	AGE63	9369	9368_GregoryPeck_63_m
372	BernadetteLafont	63	AGE63	14891	14890_BernadetteLafont_63_f
29	IreneDunne	63	AGE63	13576	13575_IreneDunne_63_f
16	ReginaldOwen	63	AGE63	8258	8257_ReginaldOwen_63_m
38	BarbaraBouchet	63	AGE63	11873	11872_BarbaraBouchet_63_f
112	MickeyRooney	63	AGE63	7432	7431_MickeyRooney_63_m
242	AvaGardner	63	AGE63	13329	13328_AvaGardner_63_f
355	CelesteHolm	63	AGE63	13396	13395_CelesteHolm_63_f
139	GalileoGalilei	63	AGE63	1150	1149_GalileoGalilei_63_m
364	SarahDouglas	63	AGE63	15813	15812_SarahDouglas_63_f
522	DannyGlover	63	AGE63	16106	16105_DannyGlover_63_m
213	RabindranathTagore	63	AGE63	1458	1457_RabindranathTagore_63_m
388	JoanCollins	63	AGE63	10548	10547_JoanCollins_63_f
528	MichaelBloomberg	63	AGE63	305	304_MichaelBloomberg_63_m
149	AlecGuinness	63	AGE63	8778	8777_AlecGuinness_63_m
149	AlecGuinness	63	AGE63	8746	8745_AlecGuinness_63_m
81	EdwigeFenech	63	AGE63	15331	15330_EdwigeFenech_63_f
526	AngieDickinson	63	AGE63	12430	12429_AngieDickinson_63_f
36	ScottGlenn	63	AGE63	2943	2942_ScottGlenn_63_m
470	FranklinDRoosevelt	63	AGE63	927	926_FranklinDRoosevelt_63_m
412	BeaArthur	63	AGE63	11905	11904_BeaArthur_63_f
531	TimothyDalton	63	AGE63	4985	4984_TimothyDalton_63_m
461	TimCurry	63	AGE63	1755	1754_TimCurry_63_m
140	EdHarris	63	AGE63	1721	1720_EdHarris_63_m
108	MelindaDillion	63	AGE63	12324	12323_MelindaDillion_63_f
55	JamesWoods	63	AGE63	2631	2630_JamesWoods_63_m
317	BillMurray	63	AGE63	2422	2421_BillMurray_63_m
277	AliMacGraw	63	AGE63	9938	9937_AliMacGraw_63_f
366	MelFerrer	63	AGE63	6642	6641_MelFerrer_63_m
149	AlecGuinness	63	AGE63	8768	8767_AlecGuinness_63_m
292	KathrynHays	63	AGE63	10578	10577_KathrynHays_63_f
485	DanaAndrews	63	AGE63	6159	6158_DanaAndrews_63_m
493	PiaLindstrom	63	AGE63	11236	11235_PiaLindstrom_63_f
558	MichaelPalin	63	AGE63	4334	4333_MichaelPalin_63_m
255	NickNolte	63	AGE63	2212	2211_NickNolte_63_m
307	GiulianoGemma	63	AGE63	8007	8006_GiulianoGemma_63_m
336	PatrickStewart	63	AGE63	5575	5574_PatrickStewart_63_m
98	RichardChamberlain	63	AGE63	8295	8294_RichardChamberlain_63_m
181	FernandoRey	63	AGE63	6324	6323_FernandoRey_63_m
253	HarrisonFord	63	AGE63	4179	4178_HarrisonFord_63_m
177	OliviaHussey	63	AGE63	11723	11722_OliviaHussey_63_f
255	NickNolte	63	AGE63	2213	2212_NickNolte_63_m
74	AnthonyQuayle	63	AGE63	7846	7845_AnthonyQuayle_63_m
63	PeggyAshcroft	63	AGE63	14467	14466_PeggyAshcroft_63_f
326	SteveKanaly	63	AGE63	3862	3861_SteveKanaly_63_m
192	NielsBohr	63	AGE63	1087	1086_NielsBohr_63_m
42	RoyScheider	63	AGE63	6811	6810_RoyScheider_63_m
261	KlausKinski	63	AGE63	6547	6546_KlausKinski_63_m
263	JanePowell	63	AGE63	15406	15405_JanePowell_63_f
542	IanMcKellen	63	AGE63	3277	3276_IanMcKellen_63_m
173	GreerGarson	63	AGE63	14020	14019_GreerGarson_63_f
266	MickJagger	63	AGE63	120	119_MickJagger_63_m
379	JamesCagney	63	AGE63	6395	6394_JamesCagney_63_m
496	GlendaJackson	63	AGE63	12178	12177_GlendaJackson_63_f
251	St╨ТphaneAudran	63	AGE63	15888	15887_St╨ТphaneAudran_63_f
252	ErnestRutherford	63	AGE63	1196	1195_ErnestRutherford_63_m
268	WarrenBeatty	63	AGE63	5014	5013_WarrenBeatty_63_m
369	BorisKarloff	63	AGE63	6941	6940_BorisKarloff_63_m
252	ErnestRutherford	63	AGE63	1201	1200_ErnestRutherford_63_m
327	TommyLeeJones	63	AGE63	5759	5758_TommyLeeJones_63_m
488	DickVanDyke	63	AGE63	4110	4109_DickVanDyke_63_m
134	JohnLithgow	63	AGE63	3402	3401_JohnLithgow_63_m
75	EllenBurstyn	63	AGE63	11008	11007_EllenBurstyn_63_f
401	ErinGray	63	AGE63	15367	15366_ErinGray_63_f
541	ThelmaRitter	63	AGE63	13800	13799_ThelmaRitter_63_f
486	MuhammadAli	63	AGE63	15978	15977_MuhammadAli_63_m
61	RonaldReagan	63	AGE63	727	726_RonaldReagan_63_m
416	JohnHuston	63	AGE63	6007	6006_JohnHuston_63_m
327	TommyLeeJones	63	AGE63	5758	5757_TommyLeeJones_63_m
489	MarleneDietrich	63	AGE63	14743	14742_MarleneDietrich_63_f
193	GeorgePeppard	63	AGE63	7927	7926_GeorgePeppard_63_m
266	MickJagger	63	AGE63	2793	2792_MickJagger_63_m
170	CharlesBoyer	63	AGE63	6976	6975_CharlesBoyer_63_m
18	ElsaMartinelli	63	AGE63	12077	12076_ElsaMartinelli_63_f
3	ArnoldSchwarzenegger	63	AGE63	8855	8854_ArnoldSchwarzenegger_63_m
451	BurtLancaster	63	AGE63	9292	9291_BurtLancaster_63_m
399	RonPerlman	63	AGE63	2840	2839_RonPerlman_63_m
133	LeeJCobb	63	AGE63	6561	6560_LeeJCobb_63_m
42	RoyScheider	63	AGE63	13232	13231_RoyScheider_63_f
73	DyanCannon	63	AGE63	15273	15272_DyanCannon_63_f
452	GordonThomson	63	AGE63	4602	4601_GordonThomson_63_m
190	ClintWalker	63	AGE63	4076	4075_ClintWalker_63_m
415	SamNeill	63	AGE63	2321	2320_SamNeill_63_m
500	IanHolm	63	AGE63	1579	1578_IanHolm_63_m
557	DavidMcCallum	63	AGE63	5243	5242_DavidMcCallum_63_m
115	BarbaraBain	63	AGE63	10426	10425_BarbaraBain_63_f
333	RobertPowell	63	AGE63	4428	4427_RobertPowell_63_m
455	AlanRickman	63	AGE63	3030	3029_AlanRickman_63_m
556	CarlosSantana	63	AGE63	4502	4501_CarlosSantana_63_m
53	JulieChristie	63	AGE63	11524	11523_JulieChristie_63_f
337	RichardCrenna	63	AGE63	8338	8337_RichardCrenna_63_m
124	SartreJeanPaul	63	AGE63	1406	1405_SartreJeanPaul_63_m
189	MurrayHamilton	63	AGE63	8713	8712_MurrayHamilton_63_m
195	LorneGreene	63	AGE63	8158	8157_LorneGreene_63_m
50	PeggyLipton	63	AGE63	10823	10822_PeggyLipton_63_f
331	SamElliott	63	AGE63	2904	2903_SamElliott_63_m
519	ChevyChase	63	AGE63	2443	2442_ChevyChase_63_m
417	StevenBerkoff	63	AGE63	4946	4945_StevenBerkoff_63_m
288	AnitaEkberg	63	AGE63	10362	10361_AnitaEkberg_63_f
72	HenryFonda	63	AGE63	8026	8025_HenryFonda_63_m
384	JosephStalin	63	AGE63	819	818_JosephStalin_63_m
72	HenryFonda	63	AGE63	8027	8026_HenryFonda_63_m
308	JanetLeigh	63	AGE63	12725	12724_JanetLeigh_63_f
104	VanessaRedgrave	63	AGE63	13828	13827_VanessaRedgrave_63_f
71	EvaMarieSaint	63	AGE63	12112	12111_EvaMarieSaint_63_f
437	MarisaPavan	64	AGE64	3510	3509_MarisaPavan_64_m
384	JosephStalin	64	AGE64	815	814_JosephStalin_64_m
548	CatherineDeneuve	64	AGE64	12971	12970_CatherineDeneuve_64_f
296	JaneRussell	64	AGE64	13130	13129_JaneRussell_64_f
416	JohnHuston	64	AGE64	6008	6007_JohnHuston_64_m
417	StevenBerkoff	64	AGE64	4953	4952_StevenBerkoff_64_m
411	LeslieNielsen	64	AGE64	8119	8118_LeslieNielsen_64_m
546	SusanSarandon	64	AGE64	11757	11756_SusanSarandon_64_f
257	HorstBuchholz	64	AGE64	8061	8060_HorstBuchholz_64_m
226	TommySands	64	AGE64	3936	3935_TommySands_64_m
329	MargaretNolan	64	AGE64	15720	15719_MargaretNolan_64_f
446	AbeVigoda	64	AGE64	2339	2338_AbeVigoda_64_m
81	EdwigeFenech	64	AGE64	15332	15331_EdwigeFenech_64_f
108	MelindaDillion	64	AGE64	12325	12324_MelindaDillion_64_f
255	NickNolte	64	AGE64	2214	2213_NickNolte_64_m
380	TomasMilian	64	AGE64	3908	3907_TomasMilian_64_m
461	TimCurry	64	AGE64	1756	1755_TimCurry_64_m
170	CharlesBoyer	64	AGE64	6977	6976_CharlesBoyer_64_m
288	AnitaEkberg	64	AGE64	10363	10362_AnitaEkberg_64_f
50	PeggyLipton	64	AGE64	10824	10823_PeggyLipton_64_f
107	DianneWiest	64	AGE64	10500	10499_DianneWiest_64_f
176	RodTaylor	64	AGE64	2285	2284_RodTaylor_64_m
206	HowardKeel	64	AGE64	5909	5908_HowardKeel_64_m
266	MickJagger	64	AGE64	2794	2793_MickJagger_64_m
12	MerylStreep	64	AGE64	10752	10751_MerylStreep_64_f
151	AnnieGirardot	64	AGE64	13902	13901_AnnieGirardot_64_f
144	SusannahYork	64	AGE64	14138	14137_SusannahYork_64_f
496	GlendaJackson	64	AGE64	12184	12183_GlendaJackson_64_f
382	GilbertRoland	64	AGE64	7968	7967_GilbertRoland_64_m
232	ConnieBooth	64	AGE64	15174	15173_ConnieBooth_64_f
228	SophiaLoren	64	AGE64	11293	11292_SophiaLoren_64_f
422	HarrySTruman	64	AGE64	831	830_HarrySTruman_64_m
363	GretaGarbo	64	AGE64	13103	13102_GretaGarbo_64_f
513	DonnaReed	64	AGE64	12594	12593_DonnaReed_64_f
258	FredMacMurray	64	AGE64	8974	8973_FredMacMurray_64_m
407	JulieAdams	64	AGE64	10209	10208_JulieAdams_64_f
115	BarbaraBain	64	AGE64	10427	10426_BarbaraBain_64_f
0	YvesMontand	64	AGE64	6907	6906_YvesMontand_64_m
473	LizaMinelli	64	AGE64	11176	11175_LizaMinelli_64_f
373	BobDylan	64	AGE64	1683	1682_BobDylan_64_m
399	RonPerlman	64	AGE64	2841	2840_RonPerlman_64_m
472	StephenHawking	64	AGE64	1022	1021_StephenHawking_64_m
490	Gaddafi	64	AGE64	947	946_Gaddafi_64_m
263	JanePowell	64	AGE64	15407	15406_JanePowell_64_f
449	ZsaZsaGabor	64	AGE64	11384	11383_ZsaZsaGabor_64_f
104	VanessaRedgrave	64	AGE64	13829	13828_VanessaRedgrave_64_f
231	AnthonyAndrews	64	AGE64	5064	5063_AnthonyAndrews_64_m
375	EdwardGRobinson	64	AGE64	9454	9453_EdwardGRobinson_64_m
384	JosephStalin	64	AGE64	816	815_JosephStalin_64_m
259	ChristopherWalken	64	AGE64	7021	7020_ChristopherWalken_64_m
49	BobHope	64	AGE64	5168	5167_BobHope_64_m
352	OdysseasElytis	64	AGE64	1393	1392_OdysseasElytis_64_m
472	StephenHawking	64	AGE64	1012	1011_StephenHawking_64_m
120	TomJones	64	AGE64	9779	9778_TomJones_64_f
55	JamesWoods	64	AGE64	2632	2631_JamesWoods_64_m
434	DavidCarradine	64	AGE64	8608	8607_DavidCarradine_64_m
140	EdHarris	64	AGE64	1722	1721_EdHarris_64_m
18	ElsaMartinelli	64	AGE64	12078	12077_ElsaMartinelli_64_f
181	FernandoRey	64	AGE64	6325	6324_FernandoRey_64_m
320	TippiHedren	64	AGE64	10891	10890_TippiHedren_64_f
462	KateOMara	64	AGE64	15616	15615_KateOMara_64_f
321	DannyDeVito	64	AGE64	3158	3157_DannyDeVito_64_m
304	DavidNiven	64	AGE64	7060	7059_DavidNiven_64_m
29	IreneDunne	64	AGE64	13577	13576_IreneDunne_64_f
388	JoanCollins	64	AGE64	10549	10548_JoanCollins_64_f
147	SamuelJacksonn	64	AGE64	16140	16139_SamuelJacksonn_64_m
265	BurtReynolds	64	AGE64	3996	3995_BurtReynolds_64_m
317	BillMurray	64	AGE64	2423	2422_BillMurray_64_m
401	ErinGray	64	AGE64	15368	15367_ErinGray_64_f
399	RonPerlman	64	AGE64	2842	2841_RonPerlman_64_m
369	BorisKarloff	64	AGE64	6926	6925_BorisKarloff_64_m
492	RobertDuvall	64	AGE64	4391	4390_RobertDuvall_64_m
99	YvonneDeCarlo	64	AGE64	14622	14621_YvonneDeCarlo_64_f
36	ScottGlenn	64	AGE64	2944	2943_ScottGlenn_64_m
331	SamElliott	64	AGE64	2905	2904_SamElliott_64_m
48	GenaRowlands	64	AGE64	4150	4149_GenaRowlands_64_m
411	LeslieNielsen	64	AGE64	8117	8116_LeslieNielsen_64_m
88	StacyKeach	64	AGE64	3827	3826_StacyKeach_64_m
435	DebbieReynolds	64	AGE64	12044	12043_DebbieReynolds_64_f
523	MartinSheen	64	AGE64	3545	3544_MartinSheen_64_m
280	BillNighy	64	AGE64	3065	3064_BillNighy_64_m
75	EllenBurstyn	64	AGE64	11010	11009_EllenBurstyn_64_f
233	Arletty	64	AGE64	10927	10926_Arletty_64_f
320	TippiHedren	64	AGE64	10890	10889_TippiHedren_64_f
65	JohnForsythe	64	AGE64	8084	8083_JohnForsythe_64_m
408	MelBrooks	64	AGE64	2115	2114_MelBrooks_64_m
120	TomJones	64	AGE64	1858	1857_TomJones_64_m
74	AnthonyQuayle	64	AGE64	7847	7846_AnthonyQuayle_64_m
133	LeeJCobb	64	AGE64	6573	6572_LeeJCobb_64_m
541	ThelmaRitter	64	AGE64	13801	13800_ThelmaRitter_64_f
343	PaulmcCartney	64	AGE64	141	140_PaulmcCartney_64_m
0	YvesMontand	64	AGE64	6906	6905_YvesMontand_64_m
336	PatrickStewart	64	AGE64	5576	5575_PatrickStewart_64_m
1	HerbertLom	64	AGE64	5868	5867_HerbertLom_64_m
287	JosephCotten	64	AGE64	7236	7235_JosephCotten_64_m
559	SylvesterStallone	64	AGE64	7594	7593_SylvesterStallone_64_m
338	FrancescaAnnis	64	AGE64	12159	12158_FrancescaAnnis_64_f
537	Onasis	64	AGE64	340	339_Onasis_64_m
251	St╨ТphaneAudran	64	AGE64	15889	15888_St╨ТphaneAudran_64_f
2	RoyRogers	64	AGE64	5715	5714_RoyRogers_64_m
33	JamesCoburn	64	AGE64	6424	6423_JamesCoburn_64_m
246	LeifErickson	64	AGE64	7301	7300_LeifErickson_64_m
563	PaulAnka	64	AGE64	87	86_PaulAnka_64_m
8	SimoneSignoret	64	AGE64	14847	14846_SimoneSignoret_64_f
73	DyanCannon	64	AGE64	15274	15273_DyanCannon_64_f
76	HarveyKeitel	64	AGE64	4204	4203_HarveyKeitel_64_m
193	GeorgePeppard	64	AGE64	7937	7936_GeorgePeppard_64_m
219	DerekJacobi	64	AGE64	3185	3184_DerekJacobi_64_m
11	MichaelSarrazin	64	AGE64	9152	9151_MichaelSarrazin_64_m
27	LaurenBacall	64	AGE64	11564	11563_LaurenBacall_64_f
223	ElkeSommer	64	AGE64	9974	9973_ElkeSommer_64_f
553	DanielleDarrieux	64	AGE64	13437	13436_DanielleDarrieux_64_f
166	AnnJillian	64	AGE64	15001	15000_AnnJillian_64_f
360	UgoTognazzi	64	AGE64	7705	7704_UgoTognazzi_64_m
193	GeorgePeppard	64	AGE64	7928	7927_GeorgePeppard_64_m
167	KatharineHepburn	64	AGE64	14914	14913_KatharineHepburn_64_f
318	EsteeLauder	64	AGE64	42	41_EsteeLauder_64_f
324	JaneAsher	64	AGE64	9821	9820_JaneAsher_64_f
43	AnnMiller	64	AGE64	15035	15034_AnnMiller_64_f
528	MichaelBloomberg	64	AGE64	306	305_MichaelBloomberg_64_m
220	RobertDeNiro	64	AGE64	5687	5686_RobertDeNiro_64_m
94	GabrielGarciaMarquez	64	AGE64	1494	1493_GabrielGarciaMarquez_64_m
84	AngelaLansbury	64	AGE64	11975	11974_AngelaLansbury_64_f
105	KatharineRoss	64	AGE64	15656	15655_KatharineRoss_64_f
542	IanMcKellen	64	AGE64	3278	3277_IanMcKellen_64_m
397	GeraldineChaplin	64	AGE64	13051	13050_GeraldineChaplin_64_f
456	Fotopoulos	64	AGE64	5266	5265_Fotopoulos_64_m
418	DeborahKerr	64	AGE64	13961	13960_DeborahKerr_64_f
549	GoldieHawn	64	AGE64	10026	10025_GoldieHawn_64_f
285	RyanONeal	64	AGE64	2859	2858_RyanONeal_64_m
118	HelmutBerger	64	AGE64	4238	4237_HelmutBerger_64_m
455	AlanRickman	64	AGE64	3031	3030_AlanRickman_64_m
26	FayeDunaway	64	AGE64	10527	10526_FayeDunaway_64_f
311	MonicaVitti	64	AGE64	11208	11207_MonicaVitti_64_f
269	BenGazzara	64	AGE64	5789	5788_BenGazzara_64_m
195	LorneGreene	64	AGE64	8159	8158_LorneGreene_64_m
59	MichaelKeaton	64	AGE64	5513	5512_MichaelKeaton_64_m
248	MartinScorsese	64	AGE64	5466	5465_MartinScorsese_64_m
521	StefaniePowers	64	AGE64	15838	15837_StefaniePowers_64_f
318	EsteeLauder	64	AGE64	40	39_EsteeLauder_64_f
311	MonicaVitti	64	AGE64	11192	11191_MonicaVitti_64_f
337	RichardCrenna	64	AGE64	8339	8338_RichardCrenna_64_m
457	JeffBridges	64	AGE64	3349	3348_JeffBridges_64_m
134	JohnLithgow	64	AGE64	3403	3402_JohnLithgow_64_m
247	MichaelYork	64	AGE64	3593	3592_MichaelYork_64_m
325	tomselleck	64	AGE64	2980	2979_tomselleck_64_m
312	JohnnyCash	64	AGE64	6513	6512_JohnnyCash_64_m
69	BrianDennehy	64	AGE64	3963	3962_BrianDennehy_64_m
126	JamesArness	64	AGE64	6361	6360_JamesArness_64_m
313	LeslieCaron	64	AGE64	3468	3467_LeslieCaron_64_m
453	DaliahLavi	64	AGE64	10960	10959_DaliahLavi_64_f
306	KrisKristofferson	64	AGE64	7262	7261_KrisKristofferson_64_m
75	EllenBurstyn	64	AGE64	11009	11008_EllenBurstyn_64_f
154	JeanneMoreau	64	AGE64	11070	11069_JeanneMoreau_64_f
77	RobertRyan	64	AGE64	7582	7581_RobertRyan_64_m
200	AnnMargret	64	AGE64	10398	10397_AnnMargret_64_f
526	AngieDickinson	64	AGE64	12431	12430_AngieDickinson_64_f
339	ChuckNorris	64	AGE64	3128	3127_ChuckNorris_64_m
431	RobertRedford	64	AGE64	4835	4834_RobertRedford_64_m
38	BarbaraBouchet	64	AGE64	11874	11873_BarbaraBouchet_64_f
106	SteveMartin	64	AGE64	3880	3879_SteveMartin_64_m
307	GiulianoGemma	64	AGE64	8008	8007_GiulianoGemma_64_m
217	MargaretOBrien	64	AGE64	12805	12804_MargaretOBrien_64_f
90	MichelPiccoli	64	AGE64	4772	4771_MichelPiccoli_64_m
204	LilliPalmer	64	AGE64	13687	13686_LilliPalmer_64_f
78	JamesBest	64	AGE64	1962	1961_JamesBest_64_m
368	BettyGarrett	64	AGE64	15064	15063_BettyGarrett_64_f
452	GordonThomson	64	AGE64	4603	4602_GordonThomson_64_m
412	BeaArthur	64	AGE64	11906	11905_BeaArthur_64_f
469	ClaudiaCardinale	64	AGE64	13001	13000_ClaudiaCardinale_64_f
9	FessParker	64	AGE64	7079	7078_FessParker_64_m
351	JonVoight	64	AGE64	2078	2077_JonVoight_64_m
333	RobertPowell	64	AGE64	4429	4428_RobertPowell_64_m
12	MerylStreep	64	AGE64	10751	10750_MerylStreep_64_f
302	ClaudeRich	64	AGE64	2481	2480_ClaudeRich_64_m
168	JohnCleese	64	AGE64	2695	2694_JohnCleese_64_m
396	JeremyKemp	64	AGE64	2651	2650_JeremyKemp_64_m
145	DonJohnson	64	AGE64	2535	2534_DonJohnson_64_m
459	WilliamShatner	64	AGE64	6081	6080_WilliamShatner_64_m
300	PeterMarkRichman	64	AGE64	7481	7480_PeterMarkRichman_64_m
91	DickieMoore	64	AGE64	6217	6216_DickieMoore_64_m
486	MuhammadAli	64	AGE64	15991	15990_MuhammadAli_64_m
389	JaneBirkin	64	AGE64	10102	10101_JaneBirkin_64_f
415	SamNeill	64	AGE64	2322	2321_SamNeill_64_m
40	AnthonyHopkins	64	AGE64	5107	5106_AnthonyHopkins_64_m
514	LindaEvans	64	AGE64	10631	10630_LindaEvans_64_f
274	WaltDisney	64	AGE64	168	167_WaltDisney_64_m
469	ClaudiaCardinale	64	AGE64	13002	13001_ClaudiaCardinale_64_f
192	NielsBohr	64	AGE64	1098	1097_NielsBohr_64_m
420	MaryTylerMoore	64	AGE64	12842	12841_MaryTylerMoore_64_f
268	WarrenBeatty	64	AGE64	5015	5014_WarrenBeatty_64_m
102	WalterPidgeon	64	AGE64	8455	8454_WalterPidgeon_64_m
47	PeterFonda	64	AGE64	2803	2802_PeterFonda_64_m
492	RobertDuvall	65	AGE65	4393	4392_RobertDuvall_65_m
86	MarietteHartley	65	AGE65	10302	10301_MarietteHartley_65_f
384	JosephStalin	65	AGE65	817	816_JosephStalin_65_m
472	StephenHawking	65	AGE65	1018	1017_StephenHawking_65_m
386	AlainDelon	65	AGE65	2363	2362_AlainDelon_65_m
144	SusannahYork	65	AGE65	14139	14138_SusannahYork_65_f
384	JosephStalin	65	AGE65	820	819_JosephStalin_65_m
120	TomJones	65	AGE65	1859	1858_TomJones_65_m
217	MargaretOBrien	65	AGE65	12806	12805_MargaretOBrien_65_f
38	BarbaraBouchet	65	AGE65	11875	11874_BarbaraBouchet_65_f
386	AlainDelon	65	AGE65	2377	2376_AlainDelon_65_m
386	AlainDelon	65	AGE65	2385	2384_AlainDelon_65_m
400	EliWallach	65	AGE65	3212	3211_EliWallach_65_m
472	StephenHawking	65	AGE65	1021	1020_StephenHawking_65_m
88	StacyKeach	65	AGE65	3828	3827_StacyKeach_65_m
45	MendeleievDmitri	65	AGE65	1215	1214_MendeleievDmitri_65_m
493	PiaLindstrom	65	AGE65	11237	11236_PiaLindstrom_65_f
393	WinstonChurchill	65	AGE65	875	874_WinstonChurchill_65_m
492	RobertDuvall	65	AGE65	4392	4391_RobertDuvall_65_m
318	EsteeLauder	65	AGE65	37	36_EsteeLauder_65_f
393	WinstonChurchill	65	AGE65	877	876_WinstonChurchill_65_m
3	ArnoldSchwarzenegger	65	AGE65	8856	8855_ArnoldSchwarzenegger_65_m
120	TomJones	65	AGE65	9780	9779_TomJones_65_f
5	HatzidakisManos	65	AGE65	298	297_HatzidakisManos_65_m
21	JamesStewart	65	AGE65	8651	8650_JamesStewart_65_m
548	CatherineDeneuve	65	AGE65	12972	12971_CatherineDeneuve_65_f
213	RabindranathTagore	65	AGE65	1474	1473_RabindranathTagore_65_m
132	AlexanderGrahamBell	65	AGE65	1256	1255_AlexanderGrahamBell_65_m
386	AlainDelon	65	AGE65	2369	2368_AlainDelon_65_m
331	SamElliott	65	AGE65	2906	2905_SamElliott_65_m
518	RomanPolanski	65	AGE65	4915	4914_RomanPolanski_65_m
176	RodTaylor	65	AGE65	2286	2285_RodTaylor_65_m
357	KathyBates	65	AGE65	10243	10242_KathyBates_65_f
3	ArnoldSchwarzenegger	65	AGE65	8857	8856_ArnoldSchwarzenegger_65_m
141	ErnestBorgnine	65	AGE65	8931	8930_ErnestBorgnine_65_m
477	GeorgeHWBush	65	AGE65	695	694_GeorgeHWBush_65_m
145	DonJohnson	65	AGE65	2536	2535_DonJohnson_65_m
482	JuneLockhart	65	AGE65	11135	11134_JuneLockhart_65_f
193	GeorgePeppard	65	AGE65	7938	7937_GeorgePeppard_65_m
359	KostasVoutsas	65	AGE65	4719	4718_KostasVoutsas_65_m
339	ChuckNorris	65	AGE65	3129	3128_ChuckNorris_65_m
353	ArmandAssante	65	AGE65	5144	5143_ArmandAssante_65_m
135	RichardPryor	65	AGE65	16228	16227_RichardPryor_65_m
47	PeterFonda	65	AGE65	2804	2803_PeterFonda_65_m
114	akistsoxatzopoulos	65	AGE65	792	791_akistsoxatzopoulos_65_m
327	TommyLeeJones	65	AGE65	5760	5759_TommyLeeJones_65_m
537	Onasis	65	AGE65	351	350_Onasis_65_m
106	SteveMartin	65	AGE65	3881	3880_SteveMartin_65_m
544	GeorgeCScott	65	AGE65	9010	9009_GeorgeCScott_65_m
480	JeanGabin	65	AGE65	5336	5335_JeanGabin_65_m
519	ChevyChase	65	AGE65	2444	2443_ChevyChase_65_m
154	JeanneMoreau	65	AGE65	11071	11070_JeanneMoreau_65_f
350	VittorioGassman	65	AGE65	9262	9261_VittorioGassman_65_m
114	akistsoxatzopoulos	65	AGE65	796	795_akistsoxatzopoulos_65_m
537	Onasis	65	AGE65	345	344_Onasis_65_m
351	JonVoight	65	AGE65	2079	2078_JonVoight_65_m
404	CatherineSpaak	65	AGE65	11944	11943_CatherineSpaak_65_f
158	SpencerTracy	65	AGE65	8404	8403_SpencerTracy_65_m
360	UgoTognazzi	65	AGE65	7706	7705_UgoTognazzi_65_m
516	JWMarriott	65	AGE65	479	478_JWMarriott_65_m
542	IanMcKellen	65	AGE65	3279	3278_IanMcKellen_65_m
359	KostasVoutsas	65	AGE65	4718	4717_KostasVoutsas_65_m
528	MichaelBloomberg	65	AGE65	308	307_MichaelBloomberg_65_m
40	AnthonyHopkins	65	AGE65	5108	5107_AnthonyHopkins_65_m
537	Onasis	65	AGE65	342	341_Onasis_65_m
94	GabrielGarciaMarquez	65	AGE65	1497	1496_GabrielGarciaMarquez_65_m
195	LorneGreene	65	AGE65	8160	8159_LorneGreene_65_m
521	StefaniePowers	65	AGE65	15839	15838_StefaniePowers_65_f
528	MichaelBloomberg	65	AGE65	307	306_MichaelBloomberg_65_m
541	ThelmaRitter	65	AGE65	13802	13801_ThelmaRitter_65_f
325	tomselleck	65	AGE65	2981	2980_tomselleck_65_m
338	FrancescaAnnis	65	AGE65	12160	12159_FrancescaAnnis_65_f
197	LinoVentura	65	AGE65	7330	7329_LinoVentura_65_m
326	SteveKanaly	65	AGE65	3863	3862_SteveKanaly_65_m
324	JaneAsher	65	AGE65	9822	9821_JaneAsher_65_f
50	PeggyLipton	65	AGE65	10825	10824_PeggyLipton_65_f
198	ThomasTerry	65	AGE65	6870	6869_ThomasTerry_65_m
397	GeraldineChaplin	65	AGE65	13052	13051_GeraldineChaplin_65_f
116	ConradHilton	65	AGE65	467	466_ConradHilton_65_m
336	PatrickStewart	65	AGE65	5577	5576_PatrickStewart_65_m
500	IanHolm	65	AGE65	1580	1579_IanHolm_65_m
168	JohnCleese	65	AGE65	2696	2695_JohnCleese_65_m
118	HelmutBerger	65	AGE65	4239	4238_HelmutBerger_65_m
535	Tyson	65	AGE65	16467	16466_Tyson_65_f
134	JohnLithgow	65	AGE65	3404	3403_JohnLithgow_65_m
321	DannyDeVito	65	AGE65	3159	3158_DannyDeVito_65_m
384	JosephStalin	65	AGE65	826	825_JosephStalin_65_m
298	FrankSinatra	65	AGE65	8630	8629_FrankSinatra_65_m
352	OdysseasElytis	65	AGE65	1395	1394_OdysseasElytis_65_m
474	TellySavalas	65	AGE65	7635	7634_TellySavalas_65_m
98	RichardChamberlain	65	AGE65	8296	8295_RichardChamberlain_65_m
42	RoyScheider	65	AGE65	6812	6811_RoyScheider_65_m
130	merrillcharles	65	AGE65	423	422_merrillcharles_65_m
184	GeorgesMarchal	65	AGE65	9355	9354_GeorgesMarchal_65_m
320	TippiHedren	65	AGE65	10892	10891_TippiHedren_65_f
546	SusanSarandon	65	AGE65	11758	11757_SusanSarandon_65_f
532	KostasXatzixristos	65	AGE65	9625	9624_KostasXatzixristos_65_m
401	ErinGray	65	AGE65	15369	15368_ErinGray_65_f
341	AnnaMassey	65	AGE65	12479	12478_AnnaMassey_65_f
146	RicardoMontalb╨░n	65	AGE65	9556	9555_RicardoMontalb╨░n_65_m
42	RoyScheider	65	AGE65	13233	13232_RoyScheider_65_f
179	LorettaYoung	65	AGE65	14380	14379_LorettaYoung_65_f
334	LauraAntonelli	65	AGE65	12301	12300_LauraAntonelli_65_f
393	WinstonChurchill	65	AGE65	880	879_WinstonChurchill_65_m
352	OdysseasElytis	65	AGE65	1391	1390_OdysseasElytis_65_m
213	RabindranathTagore	65	AGE65	1455	1454_RabindranathTagore_65_m
147	SamuelJacksonn	65	AGE65	16141	16140_SamuelJacksonn_65_m
206	HowardKeel	65	AGE65	5910	5909_HowardKeel_65_m
114	akistsoxatzopoulos	65	AGE65	799	798_akistsoxatzopoulos_65_m
90	MichelPiccoli	65	AGE65	4773	4772_MichelPiccoli_65_m
205	LarryEllison	65	AGE65	328	327_LarryEllison_65_m
107	DianneWiest	65	AGE65	10501	10500_DianneWiest_65_f
104	VanessaRedgrave	65	AGE65	13830	13829_VanessaRedgrave_65_f
2	RoyRogers	65	AGE65	5716	5715_RoyRogers_65_m
128	JPMorgan	65	AGE65	356	355_JPMorgan_65_m
121	RafVallone	65	AGE65	6052	6051_RafVallone_65_m
399	RonPerlman	65	AGE65	2843	2842_RonPerlman_65_m
207	BillCosby	65	AGE65	16194	16193_BillCosby_65_m
506	MargeChampion	65	AGE65	11612	11611_MargeChampion_65_f
534	AlbertoSordi	65	AGE65	7776	7775_AlbertoSordi_65_m
188	JulieAndrews	65	AGE65	11472	11471_JulieAndrews_65_f
478	FredAstaire	65	AGE65	7888	7887_FredAstaire_65_m
477	GeorgeHWBush	65	AGE65	699	698_GeorgeHWBush_65_m
537	Onasis	65	AGE65	344	343_Onasis_65_m
321	DannyDeVito	65	AGE65	3160	3159_DannyDeVito_65_m
170	CharlesBoyer	65	AGE65	6978	6977_CharlesBoyer_65_m
476	RaquelWelch	65	AGE65	10848	10847_RaquelWelch_65_f
508	VictorMature	65	AGE65	8429	8428_VictorMature_65_m
488	DickVanDyke	65	AGE65	4111	4110_DickVanDyke_65_m
333	RobertPowell	65	AGE65	4430	4429_RobertPowell_65_m
28	AndreasPapantreou	65	AGE65	908	907_AndreasPapantreou_65_m
76	HarveyKeitel	65	AGE65	4206	4205_HarveyKeitel_65_m
553	DanielleDarrieux	65	AGE65	13438	13437_DanielleDarrieux_65_f
454	JerryLewis	65	AGE65	2660	2659_JerryLewis_65_m
63	PeggyAshcroft	65	AGE65	14468	14467_PeggyAshcroft_65_f
315	DirkBogarde	65	AGE65	6261	6260_DirkBogarde_65_m
232	ConnieBooth	65	AGE65	15175	15174_ConnieBooth_65_f
315	DirkBogarde	65	AGE65	6262	6261_DirkBogarde_65_m
282	ValerieHarper	65	AGE65	11804	11803_ValerieHarper_65_f
449	ZsaZsaGabor	65	AGE65	11385	11384_ZsaZsaGabor_65_f
461	TimCurry	65	AGE65	1757	1756_TimCurry_65_m
464	BetteMidler	65	AGE65	10454	10453_BetteMidler_65_f
452	GordonThomson	65	AGE65	4604	4603_GordonThomson_65_m
61	RonaldReagan	65	AGE65	751	750_RonaldReagan_65_m
318	EsteeLauder	65	AGE65	38	37_EsteeLauder_65_f
58	OliviadeHavilland	65	AGE65	14443	14442_OliviadeHavilland_65_f
563	PaulAnka	65	AGE65	86	85_PaulAnka_65_m
279	DorisDay	65	AGE65	9738	9737_DorisDay_65_f
83	AlPacino	65	AGE65	1625	1624_AlPacino_65_m
73	DyanCannon	65	AGE65	15275	15274_DyanCannon_65_f
13	CatherineSchell	65	AGE65	15139	15138_CatherineSchell_65_f
36	ScottGlenn	65	AGE65	2945	2944_ScottGlenn_65_m
233	Arletty	65	AGE65	10928	10927_Arletty_65_f
366	MelFerrer	65	AGE65	6643	6642_MelFerrer_65_m
0	YvesMontand	65	AGE65	6908	6907_YvesMontand_65_m
1	HerbertLom	65	AGE65	5869	5868_HerbertLom_65_m
455	AlanRickman	65	AGE65	3032	3031_AlanRickman_65_m
259	ChristopherWalken	65	AGE65	7022	7021_ChristopherWalken_65_m
560	GregoryPeck	65	AGE65	9377	9376_GregoryPeck_65_m
60	CharlesGrodin	65	AGE65	5197	5196_CharlesGrodin_65_m
254	Thanasisveggos	65	AGE65	9423	9422_Thanasisveggos_65_m
61	RonaldReagan	65	AGE65	747	746_RonaldReagan_65_m
229	Myl╨ЪneDemongeot	65	AGE65	12872	12871_Myl╨ЪneDemongeot_65_f
416	JohnHuston	65	AGE65	6009	6008_JohnHuston_65_m
59	MichaelKeaton	65	AGE65	5514	5513_MichaelKeaton_65_m
65	JohnForsythe	65	AGE65	8085	8084_JohnForsythe_65_m
231	AnthonyAndrews	65	AGE65	5050	5049_AnthonyAndrews_65_m
19	EdwardFox	65	AGE65	1932	1931_EdwardFox_65_m
374	Mparkoulis	65	AGE65	2175	2174_Mparkoulis_65_m
69	BrianDennehy	65	AGE65	3964	3963_BrianDennehy_65_m
273	JoanCrawford	65	AGE65	14295	14294_JoanCrawford_65_f
298	FrankSinatra	65	AGE65	8636	8635_FrankSinatra_65_m
292	KathrynHays	65	AGE65	10579	10578_KathrynHays_65_f
307	GiulianoGemma	65	AGE65	8009	8008_GiulianoGemma_65_m
228	SophiaLoren	65	AGE65	11294	11293_SophiaLoren_65_f
415	SamNeill	65	AGE65	2323	2322_SamNeill_65_m
302	ClaudeRich	65	AGE65	2482	2481_ClaudeRich_65_m
426	TheodorakisMikis	65	AGE65	245	244_TheodorakisMikis_65_m
412	BeaArthur	65	AGE65	11907	11906_BeaArthur_65_f
555	GeneWilder	65	AGE65	2594	2593_GeneWilder_65_m
53	JulieChristie	65	AGE65	11525	11524_JulieChristie_65_f
271	RichardAttenborough	65	AGE65	8742	8741_RichardAttenborough_65_m
454	JerryLewis	65	AGE65	2666	2665_JerryLewis_65_m
304	DavidNiven	65	AGE65	7047	7046_DavidNiven_65_m
438	JackLemon	65	AGE65	5313	5312_JackLemon_65_m
446	AbeVigoda	65	AGE65	2340	2339_AbeVigoda_65_m
278	GiorgosSeferis	65	AGE65	1376	1375_GiorgosSeferis_65_m
465	JohnDRockefeller	65	AGE65	428	427_JohnDRockefeller_65_m
280	BillNighy	65	AGE65	3066	3065_BillNighy_65_m
14	StevenSpielberg	65	AGE65	6837	6836_StevenSpielberg_65_m
290	CHARLIERUGGLES	65	AGE65	9519	9518_CHARLIERUGGLES_65_m
27	LaurenBacall	65	AGE65	11549	11548_LaurenBacall_65_f
314	YannisRitsos	65	AGE65	1518	1517_YannisRitsos_65_m
462	KateOMara	65	AGE65	15617	15616_KateOMara_65_f
286	CydCharisse	65	AGE65	15198	15197_CydCharisse_65_f
84	AngelaLansbury	65	AGE65	11976	11975_AngelaLansbury_65_f
467	BertrandRussell	65	AGE65	1355	1354_BertrandRussell_65_m
433	MaximilianShell	65	AGE65	9490	9489_MaximilianShell_65_m
291	IlyaPrigogine	65	AGE65	1268	1267_IlyaPrigogine_65_m
246	LeifErickson	65	AGE65	7302	7301_LeifErickson_65_m
76	HarveyKeitel	65	AGE65	4205	4204_HarveyKeitel_65_m
247	MichaelYork	65	AGE65	3594	3593_MichaelYork_65_m
417	StevenBerkoff	65	AGE65	4954	4953_StevenBerkoff_65_m
266	MickJagger	65	AGE65	114	113_MickJagger_65_m
313	LeslieCaron	65	AGE65	3469	3468_LeslieCaron_65_m
263	JanePowell	65	AGE65	15408	15407_JanePowell_65_f
369	BorisKarloff	65	AGE65	6927	6926_BorisKarloff_65_m
549	GoldieHawn	65	AGE65	10027	10026_GoldieHawn_65_f
28	AndreasPapantreou	65	AGE65	907	906_AndreasPapantreou_65_m
557	DavidMcCallum	65	AGE65	5234	5233_DavidMcCallum_65_m
223	ElkeSommer	65	AGE65	9975	9974_ElkeSommer_65_f
459	WilliamShatner	65	AGE65	6082	6081_WilliamShatner_65_m
467	BertrandRussell	65	AGE65	1356	1355_BertrandRussell_65_m
83	AlPacino	65	AGE65	1643	1642_AlPacino_65_m
257	HorstBuchholz	65	AGE65	8062	8061_HorstBuchholz_65_m
411	LeslieNielsen	65	AGE65	8136	8135_LeslieNielsen_65_m
82	MarcelloMastroianni	65	AGE65	9603	9602_MarcelloMastroianni_65_m
33	JamesCoburn	65	AGE65	6425	6424_JamesCoburn_65_m
418	DeborahKerr	65	AGE65	13954	13953_DeborahKerr_65_f
456	Fotopoulos	65	AGE65	5264	5263_Fotopoulos_65_m
268	WarrenBeatty	65	AGE65	5016	5015_WarrenBeatty_65_m
284	RobertMorley	65	AGE65	7543	7542_RobertMorley_65_m
466	CharlesBronson	65	AGE65	8521	8520_CharlesBronson_65_m
248	MartinScorsese	65	AGE65	5467	5466_MartinScorsese_65_m
466	CharlesBronson	65	AGE65	8525	8524_CharlesBronson_65_m
375	EdwardGRobinson	65	AGE65	9455	9454_EdwardGRobinson_65_m
265	BurtReynolds	65	AGE65	4012	4011_BurtReynolds_65_m
466	CharlesBronson	65	AGE65	8528	8527_CharlesBronson_65_m
372	BernadetteLafont	65	AGE65	14892	14891_BernadetteLafont_65_f
278	GiorgosSeferis	65	AGE65	1379	1378_GiorgosSeferis_65_m
243	Dench	65	AGE65	16367	16366_Dench_65_f
147	SamuelJacksonn	66	AGE66	16142	16141_SamuelJacksonn_66_m
238	RobertMitchum	66	AGE66	9228	9227_RobertMitchum_66_m
65	JohnForsythe	66	AGE66	8086	8085_JohnForsythe_66_m
128	JPMorgan	66	AGE66	361	360_JPMorgan_66_m
412	BeaArthur	66	AGE66	11908	11907_BeaArthur_66_f
47	PeterFonda	66	AGE66	2805	2804_PeterFonda_66_m
15	AnneBancroft	66	AGE66	13861	13860_AnneBancroft_66_f
36	ScottGlenn	66	AGE66	2946	2945_ScottGlenn_66_m
188	JulieAndrews	66	AGE66	11491	11490_JulieAndrews_66_f
149	AlecGuinness	66	AGE66	8781	8780_AlecGuinness_66_m
255	NickNolte	66	AGE66	2215	2214_NickNolte_66_m
476	RaquelWelch	66	AGE66	10849	10848_RaquelWelch_66_f
14	StevenSpielberg	66	AGE66	6830	6829_StevenSpielberg_66_m
149	AlecGuinness	66	AGE66	8767	8766_AlecGuinness_66_m
411	LeslieNielsen	66	AGE66	8127	8126_LeslieNielsen_66_m
50	PeggyLipton	66	AGE66	10826	10825_PeggyLipton_66_f
75	EllenBurstyn	66	AGE66	11011	11010_EllenBurstyn_66_f
279	DorisDay	66	AGE66	9739	9738_DorisDay_66_f
382	GilbertRoland	66	AGE66	7969	7968_GilbertRoland_66_m
115	BarbaraBain	66	AGE66	10428	10427_BarbaraBain_66_f
355	CelesteHolm	66	AGE66	13382	13381_CelesteHolm_66_f
35	LouisJourdan	66	AGE66	7360	7359_LouisJourdan_66_m
452	GordonThomson	66	AGE66	4605	4604_GordonThomson_66_m
307	GiulianoGemma	66	AGE66	8010	8009_GiulianoGemma_66_m
98	RichardChamberlain	66	AGE66	8297	8296_RichardChamberlain_66_m
108	MelindaDillion	66	AGE66	12326	12325_MelindaDillion_66_f
477	GeorgeHWBush	66	AGE66	691	690_GeorgeHWBush_66_m
411	LeslieNielsen	66	AGE66	8120	8119_LeslieNielsen_66_m
329	MargaretNolan	66	AGE66	15721	15720_MargaretNolan_66_f
90	MichelPiccoli	66	AGE66	4775	4774_MichelPiccoli_66_m
90	MichelPiccoli	66	AGE66	4774	4773_MichelPiccoli_66_m
40	AnthonyHopkins	66	AGE66	5094	5093_AnthonyHopkins_66_m
29	IreneDunne	66	AGE66	13578	13577_IreneDunne_66_f
302	ClaudeRich	66	AGE66	2483	2482_ClaudeRich_66_m
510	PeterFalk	66	AGE66	5617	5616_PeterFalk_66_m
485	DanaAndrews	66	AGE66	6160	6159_DanaAndrews_66_m
249	LivUllmann	66	AGE66	10265	10264_LivUllmann_66_f
553	DanielleDarrieux	66	AGE66	13439	13438_DanielleDarrieux_66_f
325	tomselleck	66	AGE66	2982	2981_tomselleck_66_m
482	JuneLockhart	66	AGE66	11136	11135_JuneLockhart_66_f
287	JosephCotten	66	AGE66	7237	7236_JosephCotten_66_m
542	IanMcKellen	66	AGE66	3280	3279_IanMcKellen_66_m
431	RobertRedford	66	AGE66	4836	4835_RobertRedford_66_m
313	LeslieCaron	66	AGE66	3470	3469_LeslieCaron_66_m
563	PaulAnka	66	AGE66	88	87_PaulAnka_66_m
373	BobDylan	66	AGE66	1684	1683_BobDylan_66_m
248	MartinScorsese	66	AGE66	5468	5467_MartinScorsese_66_m
342	MarieCurie	66	AGE66	1297	1296_MarieCurie_66_f
458	JeanMarais	66	AGE66	5977	5976_JeanMarais_66_m
76	HarveyKeitel	66	AGE66	4207	4206_HarveyKeitel_66_m
1	HerbertLom	66	AGE66	5870	5869_HerbertLom_66_m
312	JohnnyCash	66	AGE66	6514	6513_JohnnyCash_66_m
113	GladysCooper	66	AGE66	13511	13510_GladysCooper_66_f
246	LeifErickson	66	AGE66	7303	7302_LeifErickson_66_m
48	GenaRowlands	66	AGE66	4151	4150_GenaRowlands_66_m
3	ArnoldSchwarzenegger	66	AGE66	8858	8857_ArnoldSchwarzenegger_66_m
26	FayeDunaway	66	AGE66	10528	10527_FayeDunaway_66_f
113	GladysCooper	66	AGE66	7120	7119_GladysCooper_66_m
341	AnnaMassey	66	AGE66	12486	12485_AnnaMassey_66_f
461	TimCurry	66	AGE66	1758	1757_TimCurry_66_m
514	LindaEvans	66	AGE66	10632	10631_LindaEvans_66_f
195	LorneGreene	66	AGE66	8161	8160_LorneGreene_66_m
435	DebbieReynolds	66	AGE66	12045	12044_DebbieReynolds_66_f
542	IanMcKellen	66	AGE66	3281	3280_IanMcKellen_66_m
134	JohnLithgow	66	AGE66	3405	3404_JohnLithgow_66_m
80	KathrynGrayson	66	AGE66	15692	15691_KathrynGrayson_66_f
509	MichaelCaine	66	AGE66	4722	4721_MichaelCaine_66_m
253	HarrisonFord	66	AGE66	4177	4176_HarrisonFord_66_m
415	SamNeill	66	AGE66	2324	2323_SamNeill_66_m
453	DaliahLavi	66	AGE66	10961	10960_DaliahLavi_66_f
281	RutgerHauer	66	AGE66	3776	3775_RutgerHauer_66_m
193	GeorgePeppard	66	AGE66	7929	7928_GeorgePeppard_66_m
205	LarryEllison	66	AGE66	327	326_LarryEllison_66_m
434	DavidCarradine	66	AGE66	8600	8599_DavidCarradine_66_m
420	MaryTylerMoore	66	AGE66	12838	12837_MaryTylerMoore_66_f
241	SeanConnery	66	AGE66	3782	3781_SeanConnery_66_m
136	LawrenceTierney	66	AGE66	9095	9094_LawrenceTierney_66_m
393	WinstonChurchill	66	AGE66	874	873_WinstonChurchill_66_m
300	PeterMarkRichman	66	AGE66	7492	7491_PeterMarkRichman_66_m
194	JaneFonda	66	AGE66	10127	10126_JaneFonda_66_f
563	PaulAnka	66	AGE66	109	108_PaulAnka_66_m
531	TimothyDalton	66	AGE66	4987	4986_TimothyDalton_66_m
282	ValerieHarper	66	AGE66	11805	11804_ValerieHarper_66_f
528	MichaelBloomberg	66	AGE66	309	308_MichaelBloomberg_66_m
415	SamNeill	66	AGE66	2325	2324_SamNeill_66_m
544	GeorgeCScott	66	AGE66	9003	9002_GeorgeCScott_66_m
91	DickieMoore	66	AGE66	6205	6204_DickieMoore_66_m
243	Dench	66	AGE66	16352	16351_Dench_66_f
455	AlanRickman	66	AGE66	3033	3032_AlanRickman_66_m
368	BettyGarrett	66	AGE66	15065	15064_BettyGarrett_66_f
350	VittorioGassman	66	AGE66	9263	9262_VittorioGassman_66_m
404	CatherineSpaak	66	AGE66	11945	11944_CatherineSpaak_66_f
376	Fernandel	66	AGE66	4581	4580_Fernandel_66_m
228	SophiaLoren	66	AGE66	11295	11294_SophiaLoren_66_f
99	YvonneDeCarlo	66	AGE66	14623	14622_YvonneDeCarlo_66_f
273	JoanCrawford	66	AGE66	14292	14291_JoanCrawford_66_f
555	GeneWilder	66	AGE66	2595	2594_GeneWilder_66_m
9	FessParker	66	AGE66	7080	7079_FessParker_66_m
178	AndyGriffith	66	AGE66	7812	7811_AndyGriffith_66_m
167	KatharineHepburn	66	AGE66	14915	14914_KatharineHepburn_66_f
105	KatharineRoss	66	AGE66	15657	15656_KatharineRoss_66_f
523	MartinSheen	66	AGE66	3546	3545_MartinSheen_66_m
464	BetteMidler	66	AGE66	10455	10454_BetteMidler_66_f
74	AnthonyQuayle	66	AGE66	7848	7847_AnthonyQuayle_66_m
13	CatherineSchell	66	AGE66	15140	15139_CatherineSchell_66_f
71	EvaMarieSaint	66	AGE66	12113	12112_EvaMarieSaint_66_f
319	RingoStarr	66	AGE66	3711	3710_RingoStarr_66_m
104	VanessaRedgrave	66	AGE66	13831	13830_VanessaRedgrave_66_f
384	JosephStalin	66	AGE66	810	809_JosephStalin_66_m
120	TomJones	66	AGE66	1860	1859_TomJones_66_m
88	StacyKeach	66	AGE66	3829	3828_StacyKeach_66_m
472	StephenHawking	66	AGE66	1019	1018_StephenHawking_66_m
259	ChristopherWalken	66	AGE66	7023	7022_ChristopherWalken_66_m
521	StefaniePowers	66	AGE66	15840	15839_StefaniePowers_66_f
375	EdwardGRobinson	66	AGE66	9456	9455_EdwardGRobinson_66_m
442	mitsotakis	66	AGE66	634	633_mitsotakis_66_m
338	FrancescaAnnis	66	AGE66	12161	12160_FrancescaAnnis_66_f
55	JamesWoods	66	AGE66	2633	2632_JamesWoods_66_m
293	PeterGraves	66	AGE66	6692	6691_PeterGraves_66_m
370	PeterOToole	66	AGE66	5644	5643_PeterOToole_66_m
69	BrianDennehy	66	AGE66	3965	3964_BrianDennehy_66_m
446	AbeVigoda	66	AGE66	2341	2340_AbeVigoda_66_m
500	IanHolm	66	AGE66	1581	1580_IanHolm_66_m
73	DyanCannon	66	AGE66	15276	15275_DyanCannon_66_f
397	GeraldineChaplin	66	AGE66	13053	13052_GeraldineChaplin_66_f
176	RodTaylor	66	AGE66	2287	2286_RodTaylor_66_m
102	WalterPidgeon	66	AGE66	8456	8455_WalterPidgeon_66_m
400	EliWallach	66	AGE66	3199	3198_EliWallach_66_m
351	JonVoight	66	AGE66	2081	2080_JonVoight_66_m
306	KrisKristofferson	66	AGE66	7263	7262_KrisKristofferson_66_m
556	CarlosSantana	66	AGE66	4503	4502_CarlosSantana_66_m
119	AlanYoung	66	AGE66	1892	1891_AlanYoung_66_m
16	ReginaldOwen	66	AGE66	8259	8258_ReginaldOwen_66_m
226	TommySands	66	AGE66	3937	3936_TommySands_66_m
259	ChristopherWalken	66	AGE66	7024	7023_ChristopherWalken_66_m
304	DavidNiven	66	AGE66	7061	7060_DavidNiven_66_m
474	TellySavalas	66	AGE66	7636	7635_TellySavalas_66_m
100	LyleTalbot	66	AGE66	7394	7393_LyleTalbot_66_m
473	LizaMinelli	66	AGE66	11177	11176_LizaMinelli_66_f
25	ShirleyMacLaine	66	AGE66	13260	13259_ShirleyMacLaine_66_f
443	HedyLamarr	66	AGE66	12632	12631_HedyLamarr_66_f
334	LauraAntonelli	66	AGE66	12302	12301_LauraAntonelli_66_f
126	JamesArness	66	AGE66	6362	6361_JamesArness_66_m
219	DerekJacobi	66	AGE66	3186	3185_DerekJacobi_66_m
258	FredMacMurray	66	AGE66	8975	8974_FredMacMurray_66_m
120	TomJones	66	AGE66	9781	9780_TomJones_66_f
340	CliffRobertson	66	AGE66	8578	8577_CliffRobertson_66_m
19	EdwardFox	66	AGE66	1933	1932_EdwardFox_66_m
462	KateOMara	66	AGE66	15618	15617_KateOMara_66_f
184	GeorgesMarchal	66	AGE66	9356	9355_GeorgesMarchal_66_m
489	MarleneDietrich	66	AGE66	14744	14743_MarleneDietrich_66_f
82	MarcelloMastroianni	66	AGE66	9604	9603_MarcelloMastroianni_66_m
519	ChevyChase	66	AGE66	2445	2444_ChevyChase_66_m
277	AliMacGraw	66	AGE66	9939	9938_AliMacGraw_66_f
566	Pele	66	AGE66	44	43_Pele_66_m
37	JoanneWoodward	66	AGE66	12269	12268_JoanneWoodward_66_f
84	AngelaLansbury	66	AGE66	11977	11976_AngelaLansbury_66_f
546	SusanSarandon	66	AGE66	11759	11758_SusanSarandon_66_f
320	TippiHedren	66	AGE66	10893	10892_TippiHedren_66_f
416	JohnHuston	66	AGE66	6010	6009_JohnHuston_66_m
107	DianneWiest	66	AGE66	10502	10501_DianneWiest_66_f
331	SamElliott	66	AGE66	2907	2906_SamElliott_66_m
53	JulieChristie	66	AGE66	11526	11525_JulieChristie_66_f
351	JonVoight	66	AGE66	2080	2079_JonVoight_66_m
231	AnthonyAndrews	66	AGE66	5045	5044_AnthonyAndrews_66_m
170	CharlesBoyer	66	AGE66	6979	6978_CharlesBoyer_66_m
266	MickJagger	66	AGE66	2795	2794_MickJagger_66_m
181	FernandoRey	66	AGE66	6326	6325_FernandoRey_66_m
396	JeremyKemp	66	AGE66	2652	2651_JeremyKemp_66_m
422	HarrySTruman	66	AGE66	840	839_HarrySTruman_66_m
174	LelandStanford	66	AGE66	411	410_LelandStanford_66_m
547	RuthGordon	66	AGE66	12894	12893_RuthGordon_66_f
336	PatrickStewart	66	AGE66	5578	5577_PatrickStewart_66_m
232	ConnieBooth	66	AGE66	15176	15175_ConnieBooth_66_f
4	CaryGrant	66	AGE66	6111	6110_CaryGrant_66_m
388	JoanCollins	66	AGE66	10550	10549_JoanCollins_66_f
106	SteveMartin	66	AGE66	3882	3881_SteveMartin_66_m
34	MireilleDarc	67	AGE67	11688	11687_MireilleDarc_67_f
265	BurtReynolds	67	AGE67	3997	3996_BurtReynolds_67_m
104	VanessaRedgrave	67	AGE67	13832	13831_VanessaRedgrave_67_f
496	GlendaJackson	67	AGE67	12180	12179_GlendaJackson_67_f
72	HenryFonda	67	AGE67	8028	8027_HenryFonda_67_m
496	GlendaJackson	67	AGE67	12179	12178_GlendaJackson_67_f
63	PeggyAshcroft	67	AGE67	14469	14468_PeggyAshcroft_67_f
302	ClaudeRich	67	AGE67	2484	2483_ClaudeRich_67_m
433	MaximilianShell	67	AGE67	9491	9490_MaximilianShell_67_m
174	LelandStanford	67	AGE67	416	415_LelandStanford_67_m
249	LivUllmann	67	AGE67	10266	10265_LivUllmann_67_f
170	CharlesBoyer	67	AGE67	6980	6979_CharlesBoyer_67_m
558	MichaelPalin	67	AGE67	4335	4334_MichaelPalin_67_m
356	JeffreyJones	67	AGE67	4259	4258_JeffreyJones_67_m
500	IanHolm	67	AGE67	1582	1581_IanHolm_67_m
1	HerbertLom	67	AGE67	5871	5870_HerbertLom_67_m
195	LorneGreene	67	AGE67	8162	8161_LorneGreene_67_m
248	MartinScorsese	67	AGE67	5469	5468_MartinScorsese_67_m
484	JackLarson	67	AGE67	5936	5935_JackLarson_67_m
143	BarbraStreisand	67	AGE67	12931	12930_BarbraStreisand_67_f
397	GeraldineChaplin	67	AGE67	13054	13053_GeraldineChaplin_67_f
455	AlanRickman	67	AGE67	3034	3033_AlanRickman_67_m
197	LinoVentura	67	AGE67	7331	7330_LinoVentura_67_m
284	RobertMorley	67	AGE67	7559	7558_RobertMorley_67_m
105	KatharineRoss	67	AGE67	15658	15657_KatharineRoss_67_f
168	JohnCleese	67	AGE67	2697	2696_JohnCleese_67_m
5	HatzidakisManos	67	AGE67	297	296_HatzidakisManos_67_m
393	WinstonChurchill	67	AGE67	872	871_WinstonChurchill_67_m
40	AnthonyHopkins	67	AGE67	5095	5094_AnthonyHopkins_67_m
337	RichardCrenna	67	AGE67	8340	8339_RichardCrenna_67_m
69	BrianDennehy	67	AGE67	3967	3966_BrianDennehy_67_m
147	SamuelJacksonn	67	AGE67	16143	16142_SamuelJacksonn_67_m
13	CatherineSchell	67	AGE67	15141	15140_CatherineSchell_67_f
487	JaneWyman	67	AGE67	13169	13168_JaneWyman_67_f
255	NickNolte	67	AGE67	2216	2215_NickNolte_67_m
74	AnthonyQuayle	67	AGE67	7849	7848_AnthonyQuayle_67_m
106	SteveMartin	67	AGE67	3883	3882_SteveMartin_67_m
438	JackLemon	67	AGE67	5311	5310_JackLemon_67_m
279	DorisDay	67	AGE67	9740	9739_DorisDay_67_f
258	FredMacMurray	67	AGE67	8976	8975_FredMacMurray_67_m
339	ChuckNorris	67	AGE67	3130	3129_ChuckNorris_67_m
451	BurtLancaster	67	AGE67	9288	9287_BurtLancaster_67_m
451	BurtLancaster	67	AGE67	9287	9286_BurtLancaster_67_m
183	WoodyAllen	67	AGE67	3004	3003_WoodyAllen_67_m
183	WoodyAllen	67	AGE67	2997	2996_WoodyAllen_67_m
67	JamesCaan	67	AGE67	2015	2014_JamesCaan_67_m
184	GeorgesMarchal	67	AGE67	9357	9356_GeorgesMarchal_67_m
535	Tyson	67	AGE67	16447	16446_Tyson_67_f
198	ThomasTerry	67	AGE67	6871	6870_ThomasTerry_67_m
416	JohnHuston	67	AGE67	6011	6010_JohnHuston_67_m
489	MarleneDietrich	67	AGE67	14745	14744_MarleneDietrich_67_f
534	AlbertoSordi	67	AGE67	7777	7776_AlbertoSordi_67_m
150	RitaLeviMontalcini	67	AGE67	1309	1308_RitaLeviMontalcini_67_f
151	AnnieGirardot	67	AGE67	13903	13902_AnnieGirardot_67_f
329	MargaretNolan	67	AGE67	15722	15721_MargaretNolan_67_f
65	JohnForsythe	67	AGE67	8087	8086_JohnForsythe_67_m
259	ChristopherWalken	67	AGE67	7025	7024_ChristopherWalken_67_m
394	OrsonWelles	67	AGE67	6666	6665_OrsonWelles_67_m
490	Gaddafi	67	AGE67	953	952_Gaddafi_67_m
369	BorisKarloff	67	AGE67	6942	6941_BorisKarloff_67_m
73	DyanCannon	67	AGE67	15277	15276_DyanCannon_67_f
542	IanMcKellen	67	AGE67	3291	3290_IanMcKellen_67_m
269	BenGazzara	67	AGE67	5790	5789_BenGazzara_67_m
94	GabrielGarciaMarquez	67	AGE67	1490	1489_GabrielGarciaMarquez_67_m
161	MaggieSmith	67	AGE67	10715	10714_MaggieSmith_67_f
333	RobertPowell	67	AGE67	4431	4430_RobertPowell_67_m
417	StevenBerkoff	67	AGE67	4955	4954_StevenBerkoff_67_m
251	St╨ТphaneAudran	67	AGE67	15890	15889_St╨ТphaneAudran_67_f
434	DavidCarradine	67	AGE67	8601	8600_DavidCarradine_67_m
94	GabrielGarciaMarquez	67	AGE67	1506	1505_GabrielGarciaMarquez_67_m
69	BrianDennehy	67	AGE67	3966	3965_BrianDennehy_67_m
76	HarveyKeitel	67	AGE67	4208	4207_HarveyKeitel_67_m
492	RobertDuvall	67	AGE67	4394	4393_RobertDuvall_67_m
556	CarlosSantana	67	AGE67	4517	4516_CarlosSantana_67_m
448	AlbertSchweitzer	67	AGE67	1177	1176_AlbertSchweitzer_67_m
3	ArnoldSchwarzenegger	67	AGE67	8859	8858_ArnoldSchwarzenegger_67_m
271	RichardAttenborough	67	AGE67	8731	8730_RichardAttenborough_67_m
307	GiulianoGemma	67	AGE67	8011	8010_GiulianoGemma_67_m
192	NielsBohr	67	AGE67	1081	1080_NielsBohr_67_m
273	JoanCrawford	67	AGE67	14288	14287_JoanCrawford_67_f
452	GordonThomson	67	AGE67	4606	4605_GordonThomson_67_m
503	JeanPaulBelmondo	67	AGE67	7151	7150_JeanPaulBelmondo_67_m
146	RicardoMontalb╨░n	67	AGE67	9557	9556_RicardoMontalb╨░n_67_m
419	ShirleyJones	67	AGE67	11266	11265_ShirleyJones_67_f
384	JosephStalin	67	AGE67	818	817_JosephStalin_67_m
393	WinstonChurchill	67	AGE67	867	866_WinstonChurchill_67_m
451	BurtLancaster	67	AGE67	9308	9307_BurtLancaster_67_m
557	DavidMcCallum	67	AGE67	5235	5234_DavidMcCallum_67_m
285	RyanONeal	67	AGE67	2868	2867_RyanONeal_67_m
472	StephenHawking	67	AGE67	1013	1012_StephenHawking_67_m
461	TimCurry	67	AGE67	1759	1758_TimCurry_67_m
15	AnneBancroft	67	AGE67	13845	13844_AnneBancroft_67_f
408	MelBrooks	67	AGE67	2116	2115_MelBrooks_67_m
472	StephenHawking	67	AGE67	1014	1013_StephenHawking_67_m
213	RabindranathTagore	67	AGE67	1475	1474_RabindranathTagore_67_m
19	EdwardFox	67	AGE67	1934	1933_EdwardFox_67_m
292	KathrynHays	67	AGE67	10580	10579_KathrynHays_67_f
122	MorganFreeman 	67	AGE67	16035	16034_MorganFreeman _67_m
479	PeterUstinov	67	AGE67	8205	8204_PeterUstinov_67_m
464	BetteMidler	67	AGE67	10464	10463_BetteMidler_67_f
526	AngieDickinson	67	AGE67	12432	12431_AngieDickinson_67_f
519	ChevyChase	67	AGE67	2446	2445_ChevyChase_67_m
122	MorganFreeman 	67	AGE67	16041	16040_MorganFreeman _67_m
389	JaneBirkin	67	AGE67	10103	10102_JaneBirkin_67_f
134	JohnLithgow	67	AGE67	3406	3405_JohnLithgow_67_m
241	SeanConnery	67	AGE67	3796	3795_SeanConnery_67_m
226	TommySands	67	AGE67	3938	3937_TommySands_67_m
288	AnitaEkberg	67	AGE67	10364	10363_AnitaEkberg_67_f
563	PaulAnka	67	AGE67	89	88_PaulAnka_67_m
319	RingoStarr	67	AGE67	3712	3711_RingoStarr_67_m
412	BeaArthur	67	AGE67	11909	11908_BeaArthur_67_f
2	RoyRogers	67	AGE67	5717	5716_RoyRogers_67_m
55	JamesWoods	67	AGE67	2634	2633_JamesWoods_67_m
548	CatherineDeneuve	67	AGE67	12973	12972_CatherineDeneuve_67_f
523	MartinSheen	67	AGE67	3547	3546_MartinSheen_67_m
368	BettyGarrett	67	AGE67	15066	15065_BettyGarrett_67_f
289	JohnWayne	67	AGE67	7199	7198_JohnWayne_67_m
472	StephenHawking	67	AGE67	1015	1014_StephenHawking_67_m
477	GeorgeHWBush	67	AGE67	692	691_GeorgeHWBush_67_m
546	SusanSarandon	67	AGE67	11760	11759_SusanSarandon_67_f
82	MarcelloMastroianni	67	AGE67	9605	9604_MarcelloMastroianni_67_m
519	ChevyChase	67	AGE67	2457	2456_ChevyChase_67_m
320	TippiHedren	67	AGE67	10894	10893_TippiHedren_67_f
462	KateOMara	67	AGE67	15619	15618_KateOMara_67_f
234	MyrnaLoy	67	AGE67	12376	12375_MyrnaLoy_67_f
407	JulieAdams	67	AGE67	10210	10209_JulieAdams_67_f
320	TippiHedren	67	AGE67	10895	10894_TippiHedren_67_f
234	MyrnaLoy	67	AGE67	12365	12364_MyrnaLoy_67_f
47	PeterFonda	67	AGE67	2806	2805_PeterFonda_67_m
61	RonaldReagan	67	AGE67	748	747_RonaldReagan_67_m
411	LeslieNielsen	67	AGE67	8122	8121_LeslieNielsen_67_m
48	GenaRowlands	67	AGE67	4152	4151_GenaRowlands_67_m
521	StefaniePowers	67	AGE67	15841	15840_StefaniePowers_67_f
121	RafVallone	67	AGE67	6053	6052_RafVallone_67_m
118	HelmutBerger	67	AGE67	4240	4239_HelmutBerger_67_m
26	FayeDunaway	67	AGE67	10529	10528_FayeDunaway_67_f
411	LeslieNielsen	67	AGE67	8132	8131_LeslieNielsen_67_m
388	JoanCollins	67	AGE67	10551	10550_JoanCollins_67_f
35	LouisJourdan	67	AGE67	7361	7360_LouisJourdan_67_m
36	ScottGlenn	67	AGE67	2947	2946_ScottGlenn_67_m
315	DirkBogarde	67	AGE67	6263	6262_DirkBogarde_67_m
314	YannisRitsos	67	AGE67	1522	1521_YannisRitsos_67_m
518	RomanPolanski	67	AGE67	4916	4915_RomanPolanski_67_m
88	StacyKeach	67	AGE67	3830	3829_StacyKeach_67_m
0	YvesMontand	67	AGE67	6909	6908_YvesMontand_67_m
25	ShirleyMacLaine	67	AGE67	13261	13260_ShirleyMacLaine_67_f
206	HowardKeel	67	AGE67	5911	5910_HowardKeel_67_m
346	GloriaSwanson	67	AGE67	13990	13989_GloriaSwanson_67_f
428	OmarSharif	67	AGE67	3657	3656_OmarSharif_67_m
86	MarietteHartley	67	AGE67	10303	10302_MarietteHartley_67_f
404	CatherineSpaak	67	AGE67	11946	11945_CatherineSpaak_67_f
92	RogerMoore	67	AGE67	4871	4870_RogerMoore_67_m
296	JaneRussell	67	AGE67	13131	13130_JaneRussell_67_f
53	JulieChristie	67	AGE67	11527	11526_JulieChristie_67_f
287	JosephCotten	67	AGE67	7238	7237_JosephCotten_67_m
243	Dench	67	AGE67	16359	16358_Dench_67_f
223	ElkeSommer	67	AGE67	9976	9975_ElkeSommer_67_f
343	PaulmcCartney	67	AGE67	142	141_PaulmcCartney_67_m
365	JohnVernon	67	AGE67	6471	6470_JohnVernon_67_m
217	MargaretOBrien	67	AGE67	12807	12806_MargaretOBrien_67_f
120	TomJones	67	AGE67	1861	1860_TomJones_67_m
286	CydCharisse	67	AGE67	15199	15198_CydCharisse_67_f
324	JaneAsher	67	AGE67	9823	9822_JaneAsher_67_f
38	BarbaraBouchet	67	AGE67	11876	11875_BarbaraBouchet_67_f
84	AngelaLansbury	67	AGE67	11978	11977_AngelaLansbury_67_f
422	HarrySTruman	67	AGE67	833	832_HarrySTruman_67_m
52	IngridBergman	67	AGE67	14240	14239_IngridBergman_67_f
343	PaulmcCartney	67	AGE67	143	142_PaulmcCartney_67_m
459	WilliamShatner	67	AGE67	6083	6082_WilliamShatner_67_m
360	UgoTognazzi	67	AGE67	7707	7706_UgoTognazzi_67_m
120	TomJones	67	AGE67	9782	9781_TomJones_67_f
285	RyanONeal	67	AGE67	2865	2864_RyanONeal_67_m
458	JeanMarais	67	AGE67	5978	5977_JeanMarais_67_m
375	EdwardGRobinson	67	AGE67	9457	9456_EdwardGRobinson_67_m
243	Dench	67	AGE67	16370	16369_Dench_67_f
351	JonVoight	67	AGE67	2082	2081_JonVoight_67_m
553	DanielleDarrieux	67	AGE67	13440	13439_DanielleDarrieux_67_f
106	SteveMartin	68	AGE68	3884	3883_SteveMartin_68_m
407	JulieAdams	68	AGE68	10211	10210_JulieAdams_68_f
219	DerekJacobi	68	AGE68	3187	3186_DerekJacobi_68_m
416	JohnHuston	68	AGE68	6012	6011_JohnHuston_68_m
566	Pele	68	AGE68	45	44_Pele_68_m
384	JosephStalin	68	AGE68	825	824_JosephStalin_68_m
257	HorstBuchholz	68	AGE68	8046	8045_HorstBuchholz_68_m
84	AngelaLansbury	68	AGE68	11979	11978_AngelaLansbury_68_f
291	IlyaPrigogine	68	AGE68	1278	1277_IlyaPrigogine_68_m
266	MickJagger	68	AGE68	118	117_MickJagger_68_m
118	HelmutBerger	68	AGE68	4241	4240_HelmutBerger_68_m
335	JoanFontaine	68	AGE68	14310	14309_JoanFontaine_68_f
104	VanessaRedgrave	68	AGE68	13833	13832_VanessaRedgrave_68_f
265	BurtReynolds	68	AGE68	3998	3997_BurtReynolds_68_m
120	TomJones	68	AGE68	1862	1861_TomJones_68_m
263	JanePowell	68	AGE68	15409	15408_JanePowell_68_f
267	MerkouriMelina	68	AGE68	14931	14930_MerkouriMelina_68_f
331	SamElliott	68	AGE68	2908	2907_SamElliott_68_m
15	AnneBancroft	68	AGE68	13867	13866_AnneBancroft_68_f
120	TomJones	68	AGE68	9783	9782_TomJones_68_f
181	FernandoRey	68	AGE68	6327	6326_FernandoRey_68_m
389	JaneBirkin	68	AGE68	10104	10103_JaneBirkin_68_f
381	TonyCurtis	68	AGE68	7670	7669_TonyCurtis_68_m
474	TellySavalas	68	AGE68	7637	7636_TellySavalas_68_m
320	TippiHedren	68	AGE68	10896	10895_TippiHedren_68_f
265	BurtReynolds	68	AGE68	3999	3998_BurtReynolds_68_m
67	JamesCaan	68	AGE68	2016	2015_JamesCaan_68_m
183	WoodyAllen	68	AGE68	2998	2997_WoodyAllen_68_m
428	OmarSharif	68	AGE68	3658	3657_OmarSharif_68_m
372	BernadetteLafont	68	AGE68	14893	14892_BernadetteLafont_68_f
505	GingerRogers	68	AGE68	13478	13477_GingerRogers_68_f
44	VincentPrice	68	AGE68	7736	7735_VincentPrice_68_m
125	AlexandrakisAlekos	68	AGE68	9639	9638_AlexandrakisAlekos_68_m
154	JeanneMoreau	68	AGE68	11072	11071_JeanneMoreau_68_f
438	JackLemon	68	AGE68	5315	5314_JackLemon_68_m
266	MickJagger	68	AGE68	2796	2795_MickJagger_68_m
521	StefaniePowers	68	AGE68	15849	15848_StefaniePowers_68_f
351	JonVoight	68	AGE68	2083	2082_JonVoight_68_m
490	Gaddafi	68	AGE68	962	961_Gaddafi_68_m
13	CatherineSchell	68	AGE68	15142	15141_CatherineSchell_68_f
56	AudreyHepburn	68	AGE68	14533	14532_AudreyHepburn_68_f
98	RichardChamberlain	68	AGE68	8298	8297_RichardChamberlain_68_m
220	RobertDeNiro	68	AGE68	5688	5687_RobertDeNiro_68_m
505	GingerRogers	68	AGE68	13479	13478_GingerRogers_68_f
494	JessicaTandy	68	AGE68	13618	13617_JessicaTandy_68_f
338	FrancescaAnnis	68	AGE68	12162	12161_FrancescaAnnis_68_f
368	BettyGarrett	68	AGE68	15067	15066_BettyGarrett_68_f
73	DyanCannon	68	AGE68	15278	15277_DyanCannon_68_f
33	JamesCoburn	68	AGE68	6426	6425_JamesCoburn_68_m
101	EdwardTeller	68	AGE68	1036	1035_EdwardTeller_68_m
160	Einstain	68	AGE68	979	978_Einstain_68_m
306	KrisKristofferson	68	AGE68	7264	7263_KrisKristofferson_68_m
446	AbeVigoda	68	AGE68	2342	2341_AbeVigoda_68_m
102	WalterPidgeon	68	AGE68	8457	8456_WalterPidgeon_68_m
262	MarlonBrando	68	AGE68	9119	9118_MarlonBrando_68_m
319	RingoStarr	68	AGE68	3713	3712_RingoStarr_68_m
441	motherTereza	68	AGE68	504	503_motherTereza_68_f
493	PiaLindstrom	68	AGE68	11238	11237_PiaLindstrom_68_f
464	BetteMidler	68	AGE68	10476	10475_BetteMidler_68_f
121	RafVallone	68	AGE68	6054	6053_RafVallone_68_m
425	FlemingAlex	68	AGE68	1072	1071_FlemingAlex_68_m
370	PeterOToole	68	AGE68	5650	5649_PeterOToole_68_m
548	CatherineDeneuve	68	AGE68	12974	12973_CatherineDeneuve_68_f
441	motherTereza	68	AGE68	502	501_motherTereza_68_f
83	AlPacino	68	AGE68	1642	1641_AlPacino_68_m
523	MartinSheen	68	AGE68	3548	3547_MartinSheen_68_m
226	TommySands	68	AGE68	3939	3938_TommySands_68_m
38	BarbaraBouchet	68	AGE68	11877	11876_BarbaraBouchet_68_f
336	PatrickStewart	68	AGE68	5579	5578_PatrickStewart_68_m
83	AlPacino	68	AGE68	1624	1623_AlPacino_68_m
369	BorisKarloff	68	AGE68	6943	6942_BorisKarloff_68_m
500	IanHolm	68	AGE68	1583	1582_IanHolm_68_m
417	StevenBerkoff	68	AGE68	4947	4946_StevenBerkoff_68_m
466	CharlesBronson	68	AGE68	8524	8523_CharlesBronson_68_m
522	DannyGlover	68	AGE68	16097	16096_DannyGlover_68_m
267	MerkouriMelina	68	AGE68	14938	14937_MerkouriMelina_68_f
339	ChuckNorris	68	AGE68	3131	3130_ChuckNorris_68_m
28	AndreasPapantreou	68	AGE68	909	908_AndreasPapantreou_68_m
382	GilbertRoland	68	AGE68	7970	7969_GilbertRoland_68_m
72	HenryFonda	68	AGE68	8029	8028_HenryFonda_68_m
229	Myl╨ЪneDemongeot	68	AGE68	12873	12872_Myl╨ЪneDemongeot_68_f
122	MorganFreeman 	68	AGE68	16040	16039_MorganFreeman _68_m
259	ChristopherWalken	68	AGE68	7026	7025_ChristopherWalken_68_m
273	JoanCrawford	68	AGE68	14285	14284_JoanCrawford_68_f
466	CharlesBronson	68	AGE68	8514	8513_CharlesBronson_68_m
555	GeneWilder	68	AGE68	2596	2595_GeneWilder_68_m
99	YvonneDeCarlo	68	AGE68	14624	14623_YvonneDeCarlo_68_f
228	SophiaLoren	68	AGE68	11296	11295_SophiaLoren_68_f
49	BobHope	68	AGE68	5171	5170_BobHope_68_m
268	WarrenBeatty	68	AGE68	5017	5016_WarrenBeatty_68_m
105	KatharineRoss	68	AGE68	15659	15658_KatharineRoss_68_f
69	BrianDennehy	68	AGE68	3968	3967_BrianDennehy_68_m
178	AndyGriffith	68	AGE68	7813	7812_AndyGriffith_68_m
448	AlbertSchweitzer	68	AGE68	1166	1165_AlbertSchweitzer_68_m
448	AlbertSchweitzer	68	AGE68	1174	1173_AlbertSchweitzer_68_m
556	CarlosSantana	68	AGE68	4504	4503_CarlosSantana_68_m
522	DannyGlover	68	AGE68	16096	16095_DannyGlover_68_m
71	EvaMarieSaint	68	AGE68	12114	12113_EvaMarieSaint_68_f
522	DannyGlover	68	AGE68	16095	16094_DannyGlover_68_m
31	Ross	68	AGE68	16407	16406_Ross_68_f
304	DavidNiven	68	AGE68	7048	7047_DavidNiven_68_m
522	DannyGlover	68	AGE68	16082	16081_DannyGlover_68_m
233	Arletty	68	AGE68	10929	10928_Arletty_68_f
88	StacyKeach	68	AGE68	3831	3830_StacyKeach_68_m
114	akistsoxatzopoulos	68	AGE68	793	792_akistsoxatzopoulos_68_m
553	DanielleDarrieux	68	AGE68	13441	13440_DanielleDarrieux_68_f
78	JamesBest	68	AGE68	1963	1962_JamesBest_68_m
528	MichaelBloomberg	68	AGE68	310	309_MichaelBloomberg_68_m
344	ElVenizelos	68	AGE68	715	714_ElVenizelos_68_m
479	PeterUstinov	68	AGE68	8195	8194_PeterUstinov_68_m
412	BeaArthur	68	AGE68	11910	11909_BeaArthur_68_f
5	HatzidakisManos	68	AGE68	285	284_HatzidakisManos_68_m
194	JaneFonda	68	AGE68	10128	10127_JaneFonda_68_f
528	MichaelBloomberg	68	AGE68	319	318_MichaelBloomberg_68_m
136	LawrenceTierney	68	AGE68	9096	9095_LawrenceTierney_68_m
195	LorneGreene	68	AGE68	8163	8162_LorneGreene_68_m
510	PeterFalk	68	AGE68	5619	5618_PeterFalk_68_m
374	Mparkoulis	68	AGE68	2179	2178_Mparkoulis_68_m
515	mahatmagandhi	68	AGE68	865	864_mahatmagandhi_68_m
485	DanaAndrews	68	AGE68	6161	6160_DanaAndrews_68_m
386	AlainDelon	68	AGE68	2366	2365_AlainDelon_68_m
281	RutgerHauer	68	AGE68	3777	3776_RutgerHauer_68_m
346	GloriaSwanson	68	AGE68	13991	13990_GloriaSwanson_68_f
35	LouisJourdan	68	AGE68	7362	7361_LouisJourdan_68_m
192	NielsBohr	68	AGE68	1088	1087_NielsBohr_68_m
479	PeterUstinov	68	AGE68	8209	8208_PeterUstinov_68_m
205	LarryEllison	68	AGE68	332	331_LarryEllison_68_m
134	JohnLithgow	68	AGE68	3407	3406_JohnLithgow_68_m
204	LilliPalmer	68	AGE68	13688	13687_LilliPalmer_68_f
510	PeterFalk	68	AGE68	5618	5617_PeterFalk_68_m
430	HelenHayes	68	AGE68	13535	13534_HelenHayes_68_f
453	DaliahLavi	68	AGE68	10962	10961_DaliahLavi_68_f
75	EllenBurstyn	68	AGE68	11013	11012_EllenBurstyn_68_f
341	AnnaMassey	68	AGE68	12480	12479_AnnaMassey_68_f
531	TimothyDalton	68	AGE68	4988	4987_TimothyDalton_68_m
82	MarcelloMastroianni	68	AGE68	9606	9605_MarcelloMastroianni_68_m
251	St╨ТphaneAudran	68	AGE68	15891	15890_St╨ТphaneAudran_68_f
532	KostasXatzixristos	68	AGE68	9616	9615_KostasXatzixristos_68_m
34	MireilleDarc	68	AGE68	11689	11688_MireilleDarc_68_f
431	RobertRedford	68	AGE68	4847	4846_RobertRedford_68_m
48	GenaRowlands	68	AGE68	4153	4152_GenaRowlands_68_m
373	BobDylan	68	AGE68	1685	1684_BobDylan_68_m
247	MichaelYork	68	AGE68	3595	3594_MichaelYork_68_m
11	MichaelSarrazin	68	AGE68	9153	9152_MichaelSarrazin_68_m
197	LinoVentura	68	AGE68	7332	7331_LinoVentura_68_m
247	MichaelYork	68	AGE68	3596	3595_MichaelYork_68_m
200	AnnMargret	68	AGE68	10399	10398_AnnMargret_68_f
312	JohnnyCash	68	AGE68	6515	6514_JohnnyCash_68_m
170	CharlesBoyer	68	AGE68	6981	6980_CharlesBoyer_68_m
563	PaulAnka	68	AGE68	90	89_PaulAnka_68_m
76	HarveyKeitel	68	AGE68	4210	4209_HarveyKeitel_68_m
285	RyanONeal	68	AGE68	2861	2860_RyanONeal_68_m
285	RyanONeal	68	AGE68	2871	2870_RyanONeal_68_m
76	HarveyKeitel	68	AGE68	4209	4208_HarveyKeitel_68_m
286	CydCharisse	68	AGE68	15200	15199_CydCharisse_68_f
26	FayeDunaway	68	AGE68	10530	10529_FayeDunaway_68_f
383	JamesGarner	68	AGE68	4629	4628_JamesGarner_68_m
143	BarbraStreisand	68	AGE68	12918	12917_BarbraStreisand_68_f
393	WinstonChurchill	68	AGE68	873	872_WinstonChurchill_68_m
63	PeggyAshcroft	68	AGE68	14470	14469_PeggyAshcroft_68_f
114	akistsoxatzopoulos	68	AGE68	791	790_akistsoxatzopoulos_68_m
29	IreneDunne	68	AGE68	13579	13578_IreneDunne_68_f
393	WinstonChurchill	68	AGE68	876	875_WinstonChurchill_68_m
137	SidneyPoitier	68	AGE68	16166	16165_SidneyPoitier_68_m
94	GabrielGarciaMarquez	68	AGE68	1496	1495_GabrielGarciaMarquez_68_m
325	tomselleck	68	AGE68	2983	2982_tomselleck_68_m
308	JanetLeigh	68	AGE68	12726	12725_JanetLeigh_68_f
40	AnthonyHopkins	68	AGE68	5088	5087_AnthonyHopkins_68_m
393	WinstonChurchill	68	AGE68	881	880_WinstonChurchill_68_m
482	JuneLockhart	68	AGE68	11137	11136_JuneLockhart_68_f
139	GalileoGalilei	68	AGE68	1145	1144_GalileoGalilei_68_m
511	JackNicolson	68	AGE68	5270	5269_JackNicolson_68_m
64	MikeConnors	68	AGE68	3620	3619_MikeConnors_68_m
146	RicardoMontalb╨░n	68	AGE68	9558	9557_RicardoMontalb╨░n_68_m
37	JoanneWoodward	68	AGE68	12270	12269_JoanneWoodward_68_f
188	JulieAndrews	68	AGE68	11500	11499_JulieAndrews_68_f
279	DorisDay	68	AGE68	9741	9740_DorisDay_68_f
114	akistsoxatzopoulos	68	AGE68	797	796_akistsoxatzopoulos_68_m
477	GeorgeHWBush	68	AGE68	698	697_GeorgeHWBush_68_m
519	ChevyChase	68	AGE68	2447	2446_ChevyChase_68_m
253	HarrisonFord	68	AGE68	4178	4177_HarrisonFord_68_m
488	DickVanDyke	68	AGE68	4112	4111_DickVanDyke_68_m
307	GiulianoGemma	68	AGE68	8012	8011_GiulianoGemma_68_m
546	SusanSarandon	68	AGE68	11761	11760_SusanSarandon_68_f
89	PatriciaNeal	68	AGE68	13746	13745_PatriciaNeal_68_f
18	ElsaMartinelli	68	AGE68	12079	12078_ElsaMartinelli_68_f
411	LeslieNielsen	68	AGE68	8133	8132_LeslieNielsen_68_m
255	NickNolte	68	AGE68	2217	2216_NickNolte_68_m
476	RaquelWelch	68	AGE68	10850	10849_RaquelWelch_68_f
329	MargaretNolan	68	AGE68	15723	15722_MargaretNolan_68_f
147	SamuelJacksonn	68	AGE68	16144	16143_SamuelJacksonn_68_m
462	KateOMara	68	AGE68	15620	15619_KateOMara_68_f
347	Soljenitsyne	68	AGE68	1348	1347_Soljenitsyne_68_m
302	ClaudeRich	68	AGE68	2485	2484_ClaudeRich_68_m
75	EllenBurstyn	68	AGE68	11012	11011_EllenBurstyn_68_f
254	Thanasisveggos	68	AGE68	9421	9420_Thanasisveggos_68_m
528	MichaelBloomberg	68	AGE68	303	302_MichaelBloomberg_68_m
277	AliMacGraw	68	AGE68	9940	9939_AliMacGraw_68_f
61	RonaldReagan	68	AGE68	749	748_RonaldReagan_68_m
206	HowardKeel	68	AGE68	5912	5911_HowardKeel_68_m
190	ClintWalker	68	AGE68	4077	4076_ClintWalker_68_m
1	HerbertLom	68	AGE68	5872	5871_HerbertLom_68_m
21	JamesStewart	68	AGE68	8652	8651_JamesStewart_68_m
60	CharlesGrodin	68	AGE68	5198	5197_CharlesGrodin_68_m
386	AlainDelon	68	AGE68	2362	2361_AlainDelon_68_m
126	JamesArness	68	AGE68	6363	6362_JamesArness_68_m
411	LeslieNielsen	68	AGE68	8128	8127_LeslieNielsen_68_m
289	JohnWayne	68	AGE68	7202	7201_JohnWayne_68_m
289	JohnWayne	68	AGE68	7200	7199_JohnWayne_68_m
452	GordonThomson	68	AGE68	4607	4606_GordonThomson_68_m
108	MelindaDillion	68	AGE68	12327	12326_MelindaDillion_68_f
352	OdysseasElytis	68	AGE68	1386	1385_OdysseasElytis_68_m
47	PeterFonda	68	AGE68	2807	2806_PeterFonda_68_m
487	JaneWyman	68	AGE68	13156	13155_JaneWyman_68_f
80	KathrynGrayson	68	AGE68	15693	15692_KathrynGrayson_68_f
372	BernadetteLafont	69	AGE69	14894	14893_BernadetteLafont_69_f
287	JosephCotten	69	AGE69	7239	7238_JosephCotten_69_m
537	Onasis	69	AGE69	352	351_Onasis_69_m
293	PeterGraves	69	AGE69	6693	6692_PeterGraves_69_m
534	AlbertoSordi	69	AGE69	7778	7777_AlbertoSordi_69_m
268	WarrenBeatty	69	AGE69	5018	5017_WarrenBeatty_69_m
428	OmarSharif	69	AGE69	3659	3658_OmarSharif_69_m
143	BarbraStreisand	69	AGE69	12932	12931_BarbraStreisand_69_f
393	WinstonChurchill	69	AGE69	882	881_WinstonChurchill_69_m
13	CatherineSchell	69	AGE69	15143	15142_CatherineSchell_69_f
120	TomJones	69	AGE69	9784	9783_TomJones_69_f
169	Turner	69	AGE69	16434	16433_Turner_69_f
151	AnnieGirardot	69	AGE69	13904	13903_AnnieGirardot_69_f
277	AliMacGraw	69	AGE69	9941	9940_AliMacGraw_69_f
170	CharlesBoyer	69	AGE69	6982	6981_CharlesBoyer_69_m
296	JaneRussell	69	AGE69	13132	13131_JaneRussell_69_f
4	CaryGrant	69	AGE69	6113	6112_CaryGrant_69_m
519	ChevyChase	69	AGE69	2448	2447_ChevyChase_69_m
115	BarbaraBain	69	AGE69	10429	10428_BarbaraBain_69_f
44	VincentPrice	69	AGE69	7737	7736_VincentPrice_69_m
22	TerryMoore	69	AGE69	10327	10326_TerryMoore_69_f
47	PeterFonda	69	AGE69	2808	2807_PeterFonda_69_m
4	CaryGrant	69	AGE69	6100	6099_CaryGrant_69_m
419	ShirleyJones	69	AGE69	11267	11266_ShirleyJones_69_f
433	MaximilianShell	69	AGE69	9492	9491_MaximilianShell_69_m
511	JackNicolson	69	AGE69	5290	5289_JackNicolson_69_m
120	TomJones	69	AGE69	1863	1862_TomJones_69_m
4	CaryGrant	69	AGE69	6112	6111_CaryGrant_69_m
169	Turner	69	AGE69	16431	16430_Turner_69_f
422	HarrySTruman	69	AGE69	841	840_HarrySTruman_69_m
434	DavidCarradine	69	AGE69	8602	8601_DavidCarradine_69_m
514	LindaEvans	69	AGE69	10633	10632_LindaEvans_69_f
371	ChristopherPlummer	69	AGE69	7875	7874_ChristopherPlummer_69_m
521	StefaniePowers	69	AGE69	15842	15841_StefaniePowers_69_f
375	EdwardGRobinson	69	AGE69	9458	9457_EdwardGRobinson_69_m
531	TimothyDalton	69	AGE69	4989	4988_TimothyDalton_69_m
43	AnnMiller	69	AGE69	15036	15035_AnnMiller_69_f
523	MartinSheen	69	AGE69	3550	3549_MartinSheen_69_m
528	MichaelBloomberg	69	AGE69	304	303_MichaelBloomberg_69_m
289	JohnWayne	69	AGE69	7201	7200_JohnWayne_69_m
508	VictorMature	69	AGE69	8430	8429_VictorMature_69_m
61	RonaldReagan	69	AGE69	750	749_RonaldReagan_69_m
136	LawrenceTierney	69	AGE69	9105	9104_LawrenceTierney_69_m
122	MorganFreeman 	69	AGE69	16039	16038_MorganFreeman _69_m
526	AngieDickinson	69	AGE69	12456	12455_AngieDickinson_69_f
29	IreneDunne	69	AGE69	13580	13579_IreneDunne_69_f
522	DannyGlover	69	AGE69	16099	16098_DannyGlover_69_m
435	DebbieReynolds	69	AGE69	12046	12045_DebbieReynolds_69_f
346	GloriaSwanson	69	AGE69	14001	14000_GloriaSwanson_69_f
304	DavidNiven	69	AGE69	7049	7048_DavidNiven_69_m
134	JohnLithgow	69	AGE69	3408	3407_JohnLithgow_69_m
397	GeraldineChaplin	69	AGE69	13055	13054_GeraldineChaplin_69_f
388	JoanCollins	69	AGE69	10552	10551_JoanCollins_69_f
21	JamesStewart	69	AGE69	8653	8652_JamesStewart_69_m
137	SidneyPoitier	69	AGE69	16168	16167_SidneyPoitier_69_m
69	BrianDennehy	69	AGE69	3969	3968_BrianDennehy_69_m
523	MartinSheen	69	AGE69	3549	3548_MartinSheen_69_m
149	AlecGuinness	69	AGE69	8749	8748_AlecGuinness_69_m
130	merrillcharles	69	AGE69	424	423_merrillcharles_69_m
154	JeanneMoreau	69	AGE69	11073	11072_JeanneMoreau_69_f
15	AnneBancroft	69	AGE69	13853	13852_AnneBancroft_69_f
144	SusannahYork	69	AGE69	14140	14139_SusannahYork_69_f
344	ElVenizelos	69	AGE69	705	704_ElVenizelos_69_m
137	SidneyPoitier	69	AGE69	16167	16166_SidneyPoitier_69_m
518	RomanPolanski	69	AGE69	4917	4916_RomanPolanski_69_m
67	JamesCaan	69	AGE69	2017	2016_JamesCaan_69_m
558	MichaelPalin	69	AGE69	4336	4335_MichaelPalin_69_m
336	PatrickStewart	69	AGE69	5580	5579_PatrickStewart_69_m
149	AlecGuinness	69	AGE69	8772	8771_AlecGuinness_69_m
290	CHARLIERUGGLES	69	AGE69	9520	9519_CHARLIERUGGLES_69_m
60	CharlesGrodin	69	AGE69	5199	5198_CharlesGrodin_69_m
123	Dee	69	AGE69	16330	16329_Dee_69_f
425	FlemingAlex	69	AGE69	1075	1074_FlemingAlex_69_m
147	SamuelJacksonn	69	AGE69	16145	16144_SamuelJacksonn_69_m
282	ValerieHarper	69	AGE69	11806	11805_ValerieHarper_69_f
441	motherTereza	69	AGE69	503	502_motherTereza_69_f
0	YvesMontand	69	AGE69	6910	6909_YvesMontand_69_m
528	MichaelBloomberg	69	AGE69	320	319_MichaelBloomberg_69_m
337	RichardCrenna	69	AGE69	8341	8340_RichardCrenna_69_m
304	DavidNiven	69	AGE69	7050	7049_DavidNiven_69_m
88	StacyKeach	69	AGE69	3832	3831_StacyKeach_69_m
484	JackLarson	69	AGE69	5937	5936_JackLarson_69_m
2	RoyRogers	69	AGE69	5718	5717_RoyRogers_69_m
311	MonicaVitti	69	AGE69	11216	11215_MonicaVitti_69_f
382	GilbertRoland	69	AGE69	7976	7975_GilbertRoland_69_m
223	ElkeSommer	69	AGE69	9977	9976_ElkeSommer_69_f
325	tomselleck	69	AGE69	2984	2983_tomselleck_69_m
458	JeanMarais	69	AGE69	5979	5978_JeanMarais_69_m
76	HarveyKeitel	69	AGE69	4211	4210_HarveyKeitel_69_m
312	JohnnyCash	69	AGE69	6516	6515_JohnnyCash_69_m
73	DyanCannon	69	AGE69	15279	15278_DyanCannon_69_f
553	DanielleDarrieux	69	AGE69	13454	13453_DanielleDarrieux_69_f
455	AlanRickman	69	AGE69	3035	3034_AlanRickman_69_m
404	CatherineSpaak	69	AGE69	11947	11946_CatherineSpaak_69_f
369	BorisKarloff	69	AGE69	6944	6943_BorisKarloff_69_m
213	RabindranathTagore	69	AGE69	1456	1455_RabindranathTagore_69_m
36	ScottGlenn	69	AGE69	2948	2947_ScottGlenn_69_m
313	LeslieCaron	69	AGE69	3471	3470_LeslieCaron_69_m
333	RobertPowell	69	AGE69	4432	4431_RobertPowell_69_m
200	AnnMargret	69	AGE69	10400	10399_AnnMargret_69_f
493	PiaLindstrom	69	AGE69	11239	11238_PiaLindstrom_69_f
459	WilliamShatner	69	AGE69	6084	6083_WilliamShatner_69_m
409	RexHarrison	69	AGE69	6726	6725_RexHarrison_69_m
40	AnthonyHopkins	69	AGE69	5109	5108_AnthonyHopkins_69_m
82	MarcelloMastroianni	69	AGE69	9607	9606_MarcelloMastroianni_69_m
446	AbeVigoda	69	AGE69	2343	2342_AbeVigoda_69_m
178	AndyGriffith	69	AGE69	7814	7813_AndyGriffith_69_m
547	RuthGordon	69	AGE69	12895	12894_RuthGordon_69_f
306	KrisKristofferson	69	AGE69	7265	7264_KrisKristofferson_69_m
329	MargaretNolan	69	AGE69	15724	15723_MargaretNolan_69_f
38	BarbaraBouchet	69	AGE69	11878	11877_BarbaraBouchet_69_f
409	RexHarrison	69	AGE69	6725	6724_RexHarrison_69_m
184	GeorgesMarchal	69	AGE69	9358	9357_GeorgesMarchal_69_m
489	MarleneDietrich	69	AGE69	14746	14745_MarleneDietrich_69_f
258	FredMacMurray	69	AGE69	8977	8976_FredMacMurray_69_m
257	HorstBuchholz	69	AGE69	8063	8062_HorstBuchholz_69_m
416	JohnHuston	69	AGE69	6013	6012_JohnHuston_69_m
75	EllenBurstyn	69	AGE69	11014	11013_EllenBurstyn_69_f
548	CatherineDeneuve	69	AGE69	12975	12974_CatherineDeneuve_69_f
18	ElsaMartinelli	69	AGE69	12080	12079_ElsaMartinelli_69_f
416	JohnHuston	69	AGE69	6014	6013_JohnHuston_69_m
255	NickNolte	69	AGE69	2218	2217_NickNolte_69_m
188	JulieAndrews	69	AGE69	11492	11491_JulieAndrews_69_f
331	SamElliott	69	AGE69	2909	2908_SamElliott_69_m
452	GordonThomson	69	AGE69	4608	4607_GordonThomson_69_m
307	GiulianoGemma	69	AGE69	8013	8012_GiulianoGemma_69_m
417	StevenBerkoff	69	AGE69	4948	4947_StevenBerkoff_69_m
368	BettyGarrett	69	AGE69	15068	15067_BettyGarrett_69_f
74	AnthonyQuayle	69	AGE69	7850	7849_AnthonyQuayle_69_m
251	St╨ТphaneAudran	69	AGE69	15892	15891_St╨ТphaneAudran_69_f
34	MireilleDarc	69	AGE69	11690	11689_MireilleDarc_69_f
194	JaneFonda	69	AGE69	10129	10128_JaneFonda_69_f
326	SteveKanaly	69	AGE69	3864	3863_SteveKanaly_69_m
249	LivUllmann	69	AGE69	10267	10266_LivUllmann_69_f
176	RodTaylor	69	AGE69	2288	2287_RodTaylor_69_m
315	DirkBogarde	69	AGE69	6264	6263_DirkBogarde_69_m
312	JohnnyCash	69	AGE69	6494	6493_JohnnyCash_69_m
104	VanessaRedgrave	69	AGE69	13834	13833_VanessaRedgrave_69_f
205	LarryEllison	69	AGE69	337	336_LarryEllison_69_m
557	DavidMcCallum	69	AGE69	5244	5243_DavidMcCallum_69_m
80	KathrynGrayson	69	AGE69	15694	15693_KathrynGrayson_69_f
219	DerekJacobi	69	AGE69	3188	3187_DerekJacobi_69_m
380	TomasMilian	69	AGE69	3918	3917_TomasMilian_69_m
220	RobertDeNiro	69	AGE69	5689	5688_RobertDeNiro_69_m
320	TippiHedren	69	AGE69	10897	10896_TippiHedren_69_f
461	TimCurry	69	AGE69	1760	1759_TimCurry_69_m
462	KateOMara	69	AGE69	15621	15620_KateOMara_69_f
37	JoanneWoodward	69	AGE69	12252	12251_JoanneWoodward_69_f
405	Gorbachev	69	AGE69	624	623_Gorbachev_69_m
265	BurtReynolds	69	AGE69	4000	3999_BurtReynolds_69_m
426	TheodorakisMikis	70	AGE70	249	248_TheodorakisMikis_70_m
95	DavidSarnoff	70	AGE70	388	387_DavidSarnoff_70_m
302	ClaudeRich	70	AGE70	2486	2485_ClaudeRich_70_m
94	GabrielGarciaMarquez	70	AGE70	1498	1497_GabrielGarciaMarquez_70_m
526	AngieDickinson	70	AGE70	12433	12432_AngieDickinson_70_f
386	AlainDelon	70	AGE70	2365	2364_AlainDelon_70_m
426	TheodorakisMikis	70	AGE70	251	250_TheodorakisMikis_70_m
509	MichaelCaine	70	AGE70	4731	4730_MichaelCaine_70_m
65	JohnForsythe	70	AGE70	8088	8087_JohnForsythe_70_m
533	ClintEastwood	70	AGE70	5219	5218_ClintEastwood_70_m
128	JPMorgan	70	AGE70	357	356_JPMorgan_70_m
293	PeterGraves	70	AGE70	6694	6693_PeterGraves_70_m
4	CaryGrant	70	AGE70	6097	6096_CaryGrant_70_m
251	St╨ТphaneAudran	70	AGE70	15893	15892_St╨ТphaneAudran_70_f
207	BillCosby	70	AGE70	16207	16206_BillCosby_70_m
359	KostasVoutsas	70	AGE70	4713	4712_KostasVoutsas_70_m
485	DanaAndrews	70	AGE70	6162	6161_DanaAndrews_70_m
341	AnnaMassey	70	AGE70	12487	12486_AnnaMassey_70_f
420	MaryTylerMoore	70	AGE70	12839	12838_MaryTylerMoore_70_f
522	DannyGlover	70	AGE70	16102	16101_DannyGlover_70_m
510	PeterFalk	70	AGE70	5620	5619_PeterFalk_70_m
19	EdwardFox	70	AGE70	1935	1934_EdwardFox_70_m
522	DannyGlover	70	AGE70	16100	16099_DannyGlover_70_m
49	BobHope	70	AGE70	5156	5155_BobHope_70_m
282	ValerieHarper	70	AGE70	11807	11806_ValerieHarper_70_f
434	DavidCarradine	70	AGE70	8603	8602_DavidCarradine_70_m
194	JaneFonda	70	AGE70	10130	10129_JaneFonda_70_f
462	KateOMara	70	AGE70	15622	15621_KateOMara_70_f
307	GiulianoGemma	70	AGE70	8014	8013_GiulianoGemma_70_m
522	DannyGlover	70	AGE70	16101	16100_DannyGlover_70_m
146	RicardoMontalb╨░n	70	AGE70	9559	9558_RicardoMontalb╨░n_70_m
88	StacyKeach	70	AGE70	3833	3832_StacyKeach_70_m
116	ConradHilton	70	AGE70	466	465_ConradHilton_70_m
234	MyrnaLoy	70	AGE70	12333	12332_MyrnaLoy_70_f
126	JamesArness	70	AGE70	6364	6363_JamesArness_70_m
419	ShirleyJones	70	AGE70	11268	11267_ShirleyJones_70_f
83	AlPacino	70	AGE70	1641	1640_AlPacino_70_m
329	MargaretNolan	70	AGE70	15725	15724_MargaretNolan_70_f
108	MelindaDillion	70	AGE70	12328	12327_MelindaDillion_70_f
320	TippiHedren	70	AGE70	10898	10897_TippiHedren_70_f
38	BarbaraBouchet	70	AGE70	11879	11878_BarbaraBouchet_70_f
314	YannisRitsos	70	AGE70	1520	1519_YannisRitsos_70_m
314	YannisRitsos	70	AGE70	1523	1522_YannisRitsos_70_m
350	VittorioGassman	70	AGE70	9264	9263_VittorioGassman_70_m
291	IlyaPrigogine	70	AGE70	1274	1273_IlyaPrigogine_70_m
428	OmarSharif	70	AGE70	3660	3659_OmarSharif_70_m
257	HorstBuchholz	70	AGE70	8064	8063_HorstBuchholz_70_m
534	AlbertoSordi	70	AGE70	7754	7753_AlbertoSordi_70_m
277	AliMacGraw	70	AGE70	9942	9941_AliMacGraw_70_f
234	MyrnaLoy	70	AGE70	12366	12365_MyrnaLoy_70_f
60	CharlesGrodin	70	AGE70	5200	5199_CharlesGrodin_70_m
355	CelesteHolm	70	AGE70	13397	13396_CelesteHolm_70_f
226	TommySands	70	AGE70	3940	3939_TommySands_70_m
522	DannyGlover	70	AGE70	16098	16097_DannyGlover_70_m
75	EllenBurstyn	70	AGE70	11015	11014_EllenBurstyn_70_f
122	MorganFreeman 	70	AGE70	16037	16036_MorganFreeman _70_m
255	NickNolte	70	AGE70	2219	2218_NickNolte_70_m
533	ClintEastwood	70	AGE70	5213	5212_ClintEastwood_70_m
425	FlemingAlex	70	AGE70	1074	1073_FlemingAlex_70_m
82	MarcelloMastroianni	70	AGE70	9608	9607_MarcelloMastroianni_70_m
508	VictorMature	70	AGE70	8431	8430_VictorMature_70_m
452	GordonThomson	70	AGE70	4609	4608_GordonThomson_70_m
416	JohnHuston	70	AGE70	6015	6014_JohnHuston_70_m
533	ClintEastwood	70	AGE70	5217	5216_ClintEastwood_70_m
561	QueenElizabet	70	AGE70	599	598_QueenElizabet_70_f
488	DickVanDyke	70	AGE70	4113	4112_DickVanDyke_70_m
40	AnthonyHopkins	70	AGE70	5096	5095_AnthonyHopkins_70_m
278	GiorgosSeferis	70	AGE70	1374	1373_GiorgosSeferis_70_m
425	FlemingAlex	70	AGE70	1076	1075_FlemingAlex_70_m
207	BillCosby	70	AGE70	16208	16207_BillCosby_70_m
130	merrillcharles	70	AGE70	425	424_merrillcharles_70_m
64	MikeConnors	70	AGE70	3621	3620_MikeConnors_70_m
511	JackNicolson	70	AGE70	5285	5284_JackNicolson_70_m
40	AnthonyHopkins	70	AGE70	5089	5088_AnthonyHopkins_70_m
431	RobertRedford	70	AGE70	4837	4836_RobertRedford_70_m
553	DanielleDarrieux	70	AGE70	13442	13441_DanielleDarrieux_70_f
479	PeterUstinov	70	AGE70	8192	8191_PeterUstinov_70_m
114	akistsoxatzopoulos	70	AGE70	794	793_akistsoxatzopoulos_70_m
430	HelenHayes	70	AGE70	13545	13544_HelenHayes_70_f
200	AnnMargret	70	AGE70	10401	10400_AnnMargret_70_f
243	Dench	70	AGE70	16362	16361_Dench_70_f
139	GalileoGalilei	70	AGE70	1148	1147_GalileoGalilei_70_m
243	Dench	70	AGE70	16363	16362_Dench_70_f
286	CydCharisse	70	AGE70	15201	15200_CydCharisse_70_f
459	WilliamShatner	70	AGE70	6085	6084_WilliamShatner_70_m
122	MorganFreeman 	70	AGE70	16022	16021_MorganFreeman _70_m
239	RoseMarie	70	AGE70	9903	9902_RoseMarie_70_f
430	HelenHayes	70	AGE70	13553	13552_HelenHayes_70_f
528	MichaelBloomberg	70	AGE70	323	322_MichaelBloomberg_70_m
480	JeanGabin	70	AGE70	5330	5329_JeanGabin_70_m
203	DebraPaget	70	AGE70	15242	15241_DebraPaget_70_f
229	Myl╨ЪneDemongeot	70	AGE70	12874	12873_Myl╨ЪneDemongeot_70_f
63	PeggyAshcroft	70	AGE70	14471	14470_PeggyAshcroft_70_f
528	MichaelBloomberg	70	AGE70	311	310_MichaelBloomberg_70_m
563	PaulAnka	70	AGE70	91	90_PaulAnka_70_m
287	JosephCotten	70	AGE70	7240	7239_JosephCotten_70_m
430	HelenHayes	70	AGE70	13555	13554_HelenHayes_70_f
319	RingoStarr	70	AGE70	3714	3713_RingoStarr_70_m
516	JWMarriott	70	AGE70	483	482_JWMarriott_70_m
134	JohnLithgow	70	AGE70	3409	3408_JohnLithgow_70_m
479	PeterUstinov	70	AGE70	8200	8199_PeterUstinov_70_m
528	MichaelBloomberg	70	AGE70	321	320_MichaelBloomberg_70_m
515	mahatmagandhi	70	AGE70	850	849_mahatmagandhi_70_m
479	PeterUstinov	70	AGE70	8197	8196_PeterUstinov_70_m
15	AnneBancroft	70	AGE70	13855	13854_AnneBancroft_70_f
36	ScottGlenn	70	AGE70	2949	2948_ScottGlenn_70_m
137	SidneyPoitier	70	AGE70	16169	16168_SidneyPoitier_70_m
344	ElVenizelos	70	AGE70	707	706_ElVenizelos_70_m
114	akistsoxatzopoulos	70	AGE70	804	803_akistsoxatzopoulos_70_m
115	BarbaraBain	70	AGE70	10430	10429_BarbaraBain_70_f
92	RogerMoore	70	AGE70	4855	4854_RogerMoore_70_m
80	KathrynGrayson	70	AGE70	15695	15694_KathrynGrayson_70_f
248	MartinScorsese	70	AGE70	5470	5469_MartinScorsese_70_m
113	GladysCooper	70	AGE70	7121	7120_GladysCooper_70_m
45	MendeleievDmitri	70	AGE70	1205	1204_MendeleievDmitri_70_m
292	KathrynHays	70	AGE70	10581	10580_KathrynHays_70_f
352	OdysseasElytis	70	AGE70	1387	1386_OdysseasElytis_70_m
433	MaximilianShell	70	AGE70	9493	9492_MaximilianShell_70_m
456	Fotopoulos	70	AGE70	5252	5251_Fotopoulos_70_m
26	FayeDunaway	70	AGE70	10531	10530_FayeDunaway_70_f
61	RonaldReagan	70	AGE70	717	716_RonaldReagan_70_m
195	LorneGreene	70	AGE70	8164	8163_LorneGreene_70_m
143	BarbraStreisand	70	AGE70	12933	12932_BarbraStreisand_70_f
47	PeterFonda	70	AGE70	2809	2808_PeterFonda_70_m
130	merrillcharles	70	AGE70	422	421_merrillcharles_70_m
0	YvesMontand	70	AGE70	6911	6910_YvesMontand_70_m
34	MireilleDarc	70	AGE70	11691	11690_MireilleDarc_70_f
247	MichaelYork	70	AGE70	3597	3596_MichaelYork_70_m
476	RaquelWelch	70	AGE70	10851	10850_RaquelWelch_70_f
284	RobertMorley	70	AGE70	7544	7543_RobertMorley_70_m
132	AlexanderGrahamBell	70	AGE70	1266	1265_AlexanderGrahamBell_70_m
343	PaulmcCartney	70	AGE70	145	144_PaulmcCartney_70_m
53	JulieChristie	70	AGE70	11528	11527_JulieChristie_70_f
213	RabindranathTagore	70	AGE70	1457	1456_RabindranathTagore_70_m
313	LeslieCaron	70	AGE70	3472	3471_LeslieCaron_70_m
15	AnneBancroft	70	AGE70	13868	13867_AnneBancroft_70_f
232	ConnieBooth	70	AGE70	15177	15176_ConnieBooth_70_f
90	MichelPiccoli	70	AGE70	4776	4775_MichelPiccoli_70_m
392	EstherWilliams	70	AGE70	14177	14176_EstherWilliams_70_f
312	JohnnyCash	70	AGE70	6517	6516_JohnnyCash_70_m
285	RyanONeal	70	AGE70	2862	2861_RyanONeal_70_m
407	JulieAdams	70	AGE70	10212	10211_JulieAdams_70_f
113	GladysCooper	70	AGE70	13512	13511_GladysCooper_70_f
206	HowardKeel	70	AGE70	5913	5912_HowardKeel_70_m
83	AlPacino	70	AGE70	1634	1633_AlPacino_70_m
521	StefaniePowers	70	AGE70	15850	15849_StefaniePowers_70_f
48	GenaRowlands	70	AGE70	4154	4153_GenaRowlands_70_m
489	MarleneDietrich	70	AGE70	14747	14746_MarleneDietrich_70_f
67	JamesCaan	70	AGE70	2018	2017_JamesCaan_70_m
265	BurtReynolds	70	AGE70	4001	4000_BurtReynolds_70_m
120	TomJones	70	AGE70	1864	1863_TomJones_70_m
7	DonnaDouglas	70	AGE70	10989	10988_DonnaDouglas_70_f
37	JoanneWoodward	70	AGE70	12275	12274_JoanneWoodward_70_f
104	VanessaRedgrave	70	AGE70	13835	13834_VanessaRedgrave_70_f
560	GregoryPeck	70	AGE70	9371	9370_GregoryPeck_70_m
268	WarrenBeatty	70	AGE70	5019	5018_WarrenBeatty_70_m
175	FrancesDee	70	AGE70	5833	5832_FrancesDee_70_m
375	EdwardGRobinson	70	AGE70	9459	9458_EdwardGRobinson_70_m
31	Ross	70	AGE70	16406	16405_Ross_70_f
168	JohnCleese	70	AGE70	2698	2697_JohnCleese_70_m
318	EsteeLauder	70	AGE70	39	38_EsteeLauder_70_f
339	ChuckNorris	70	AGE70	3132	3131_ChuckNorris_70_m
441	motherTereza	70	AGE70	499	498_motherTereza_70_f
557	DavidMcCallum	70	AGE70	5236	5235_DavidMcCallum_70_m
442	mitsotakis	70	AGE70	635	634_mitsotakis_70_m
219	DerekJacobi	70	AGE70	3189	3188_DerekJacobi_70_m
493	PiaLindstrom	70	AGE70	11240	11239_PiaLindstrom_70_f
13	CatherineSchell	70	AGE70	15144	15143_CatherineSchell_70_f
69	BrianDennehy	70	AGE70	3970	3969_BrianDennehy_70_m
538	BarbaraStanwyck	70	AGE70	14659	14658_BarbaraStanwyck_70_f
448	AlbertSchweitzer	70	AGE70	1171	1170_AlbertSchweitzer_70_m
500	IanHolm	70	AGE70	1584	1583_IanHolm_70_m
446	AbeVigoda	70	AGE70	2344	2343_AbeVigoda_70_m
442	mitsotakis	70	AGE70	642	641_mitsotakis_70_m
74	AnthonyQuayle	70	AGE70	7851	7850_AnthonyQuayle_70_m
42	RoyScheider	70	AGE70	13234	13233_RoyScheider_70_f
33	JamesCoburn	70	AGE70	6427	6426_JamesCoburn_70_m
262	MarlonBrando	70	AGE70	9122	9121_MarlonBrando_70_m
73	DyanCannon	70	AGE70	15280	15279_DyanCannon_70_f
336	PatrickStewart	70	AGE70	5581	5580_PatrickStewart_70_m
500	IanHolm	70	AGE70	1585	1584_IanHolm_70_m
351	JonVoight	70	AGE70	2084	2083_JonVoight_70_m
409	RexHarrison	70	AGE70	6738	6737_RexHarrison_70_m
438	JackLemon	70	AGE70	5319	5318_JackLemon_70_m
181	FernandoRey	70	AGE70	6328	6327_FernandoRey_70_m
465	JohnDRockefeller	70	AGE70	430	429_JohnDRockefeller_70_m
441	motherTereza	70	AGE70	494	493_motherTereza_70_f
120	TomJones	70	AGE70	9785	9784_TomJones_70_f
468	BetteDavis	70	AGE70	13364	13363_BetteDavis_70_f
331	SamElliott	70	AGE70	2910	2909_SamElliott_70_m
169	Turner	70	AGE70	16423	16422_Turner_70_f
437	MarisaPavan	70	AGE70	3511	3510_MarisaPavan_70_m
468	BetteDavis	70	AGE70	13373	13372_BetteDavis_70_f
465	JohnDRockefeller	70	AGE70	427	426_JohnDRockefeller_70_m
223	ElkeSommer	70	AGE70	9978	9977_ElkeSommer_70_f
306	KrisKristofferson	70	AGE70	7266	7265_KrisKristofferson_70_m
304	DavidNiven	70	AGE70	7062	7061_DavidNiven_70_m
160	Einstain	70	AGE70	984	983_Einstain_70_m
523	MartinSheen	70	AGE70	3551	3550_MartinSheen_70_m
75	EllenBurstyn	70	AGE70	10990	10989_EllenBurstyn_70_f
161	MaggieSmith	70	AGE70	10721	10720_MaggieSmith_70_f
385	UrsulaAndress	70	AGE70	12409	12408_UrsulaAndress_70_f
417	StevenBerkoff	70	AGE70	4949	4948_StevenBerkoff_70_m
496	GlendaJackson	70	AGE70	12188	12187_GlendaJackson_70_f
183	WoodyAllen	70	AGE70	2999	2998_WoodyAllen_70_m
502	FaradayMichael	70	AGE70	1129	1128_FaradayMichael_70_m
42	RoyScheider	70	AGE70	6813	6812_RoyScheider_70_m
397	GeraldineChaplin	70	AGE70	13056	13055_GeraldineChaplin_70_f
555	GeneWilder	70	AGE70	2597	2596_GeneWilder_70_m
269	BenGazzara	70	AGE70	5791	5790_BenGazzara_70_m
154	JeanneMoreau	70	AGE70	11074	11073_JeanneMoreau_70_f
275	NelsonMandela	70	AGE70	16263	16262_NelsonMandela_70_m
105	KatharineRoss	70	AGE70	15660	15659_KatharineRoss_70_f
84	AngelaLansbury	70	AGE70	11980	11979_AngelaLansbury_70_f
175	FrancesDee	70	AGE70	12611	12610_FrancesDee_70_f
16	ReginaldOwen	70	AGE70	8260	8259_ReginaldOwen_70_m
248	MartinScorsese	71	AGE71	5471	5470_MartinScorsese_71_m
459	WilliamShatner	71	AGE71	6086	6085_WilliamShatner_71_m
284	RobertMorley	71	AGE71	7560	7559_RobertMorley_71_m
351	JonVoight	71	AGE71	2085	2084_JonVoight_71_m
143	BarbraStreisand	71	AGE71	12934	12933_BarbraStreisand_71_f
36	ScottGlenn	71	AGE71	2950	2949_ScottGlenn_71_m
84	AngelaLansbury	71	AGE71	11981	11980_AngelaLansbury_71_f
201	KirkDouglas	71	AGE71	4296	4295_KirkDouglas_71_m
341	AnnaMassey	71	AGE71	12481	12480_AnnaMassey_71_f
431	RobertRedford	71	AGE71	4838	4837_RobertRedford_71_m
370	PeterOToole	71	AGE71	5645	5644_PeterOToole_71_m
523	MartinSheen	71	AGE71	3552	3551_MartinSheen_71_m
446	AbeVigoda	71	AGE71	2345	2344_AbeVigoda_71_m
285	RyanONeal	71	AGE71	2869	2868_RyanONeal_71_m
337	RichardCrenna	71	AGE71	8342	8341_RichardCrenna_71_m
48	GenaRowlands	71	AGE71	4155	4154_GenaRowlands_71_m
521	StefaniePowers	71	AGE71	15851	15850_StefaniePowers_71_f
566	Pele	71	AGE71	49	48_Pele_71_m
285	RyanONeal	71	AGE71	2863	2862_RyanONeal_71_m
64	MikeConnors	71	AGE71	3622	3621_MikeConnors_71_m
18	ElsaMartinelli	71	AGE71	12081	12080_ElsaMartinelli_71_f
161	MaggieSmith	71	AGE71	10726	10725_MaggieSmith_71_f
300	PeterMarkRichman	71	AGE71	7493	7492_PeterMarkRichman_71_m
373	BobDylan	71	AGE71	1686	1685_BobDylan_71_m
368	BettyGarrett	71	AGE71	15069	15068_BettyGarrett_71_f
563	PaulAnka	71	AGE71	94	93_PaulAnka_71_m
142	JanetGaynor	71	AGE71	14259	14258_JanetGaynor_71_f
553	DanielleDarrieux	71	AGE71	13455	13454_DanielleDarrieux_71_f
88	StacyKeach	71	AGE71	3834	3833_StacyKeach_71_m
548	CatherineDeneuve	71	AGE71	12976	12975_CatherineDeneuve_71_f
372	BernadetteLafont	71	AGE71	14895	14894_BernadetteLafont_71_f
515	mahatmagandhi	71	AGE71	851	850_mahatmagandhi_71_m
232	ConnieBooth	71	AGE71	15178	15177_ConnieBooth_71_f
380	TomasMilian	71	AGE71	3909	3908_TomasMilian_71_m
411	LeslieNielsen	71	AGE71	8121	8120_LeslieNielsen_71_m
518	RomanPolanski	71	AGE71	4918	4917_RomanPolanski_71_m
290	CHARLIERUGGLES	71	AGE71	9521	9520_CHARLIERUGGLES_71_m
524	MaureenOHara	71	AGE71	11639	11638_MaureenOHara_71_f
206	HowardKeel	71	AGE71	5914	5913_HowardKeel_71_m
37	JoanneWoodward	71	AGE71	12271	12270_JoanneWoodward_71_f
351	JonVoight	71	AGE71	2086	2085_JonVoight_71_m
352	OdysseasElytis	71	AGE71	1381	1380_OdysseasElytis_71_m
123	Dee	71	AGE71	16347	16346_Dee_71_f
82	MarcelloMastroianni	71	AGE71	9609	9608_MarcelloMastroianni_71_m
207	BillCosby	71	AGE71	16206	16205_BillCosby_71_m
38	BarbaraBouchet	71	AGE71	11880	11879_BarbaraBouchet_71_f
120	TomJones	71	AGE71	1865	1864_TomJones_71_m
335	JoanFontaine	71	AGE71	14311	14310_JoanFontaine_71_f
557	DavidMcCallum	71	AGE71	5245	5244_DavidMcCallum_71_m
265	BurtReynolds	71	AGE71	4013	4012_BurtReynolds_71_m
462	KateOMara	71	AGE71	15623	15622_KateOMara_71_f
417	StevenBerkoff	71	AGE71	4950	4949_StevenBerkoff_71_m
266	MickJagger	71	AGE71	2797	2796_MickJagger_71_m
320	TippiHedren	71	AGE71	10899	10898_TippiHedren_71_f
170	CharlesBoyer	71	AGE71	6983	6982_CharlesBoyer_71_m
71	EvaMarieSaint	71	AGE71	12115	12114_EvaMarieSaint_71_f
428	OmarSharif	71	AGE71	3661	3660_OmarSharif_71_m
526	AngieDickinson	71	AGE71	12434	12433_AngieDickinson_71_f
304	DavidNiven	71	AGE71	7063	7062_DavidNiven_71_m
25	ShirleyMacLaine	71	AGE71	13262	13261_ShirleyMacLaine_71_f
73	DyanCannon	71	AGE71	15281	15280_DyanCannon_71_f
346	GloriaSwanson	71	AGE71	13992	13991_GloriaSwanson_71_f
528	MichaelBloomberg	71	AGE71	322	321_MichaelBloomberg_71_m
528	MichaelBloomberg	71	AGE71	318	317_MichaelBloomberg_71_m
528	MichaelBloomberg	71	AGE71	301	300_MichaelBloomberg_71_m
102	WalterPidgeon	71	AGE71	8458	8457_WalterPidgeon_71_m
243	Dench	71	AGE71	16366	16365_Dench_71_f
515	mahatmagandhi	71	AGE71	856	855_mahatmagandhi_71_m
420	MaryTylerMoore	71	AGE71	12843	12842_MaryTylerMoore_71_f
104	VanessaRedgrave	71	AGE71	13836	13835_VanessaRedgrave_71_f
528	MichaelBloomberg	71	AGE71	317	316_MichaelBloomberg_71_m
336	PatrickStewart	71	AGE71	5583	5582_PatrickStewart_71_m
528	MichaelBloomberg	71	AGE71	300	299_MichaelBloomberg_71_m
400	EliWallach	71	AGE71	3213	3212_EliWallach_71_m
558	MichaelPalin	71	AGE71	4337	4336_MichaelPalin_71_m
528	MichaelBloomberg	71	AGE71	302	301_MichaelBloomberg_71_m
204	LilliPalmer	71	AGE71	13689	13688_LilliPalmer_71_f
35	LouisJourdan	71	AGE71	7363	7362_LouisJourdan_71_m
336	PatrickStewart	71	AGE71	5582	5581_PatrickStewart_71_m
78	JamesBest	71	AGE71	1964	1963_JamesBest_71_m
268	WarrenBeatty	71	AGE71	5020	5019_WarrenBeatty_71_m
369	BorisKarloff	71	AGE71	6945	6944_BorisKarloff_71_m
365	JohnVernon	71	AGE71	6472	6471_JohnVernon_71_m
288	AnitaEkberg	71	AGE71	10365	10364_AnitaEkberg_71_f
120	TomJones	71	AGE71	9786	9785_TomJones_71_f
289	JohnWayne	71	AGE71	7204	7203_JohnWayne_71_m
443	HedyLamarr	71	AGE71	12633	12632_HedyLamarr_71_f
53	JulieChristie	71	AGE71	11529	11528_JulieChristie_71_f
289	JohnWayne	71	AGE71	7203	7202_JohnWayne_71_m
263	JanePowell	71	AGE71	15410	15409_JanePowell_71_f
412	BeaArthur	71	AGE71	11911	11910_BeaArthur_71_f
22	TerryMoore	71	AGE71	10328	10327_TerryMoore_71_f
198	ThomasTerry	71	AGE71	6872	6871_ThomasTerry_71_m
105	KatharineRoss	71	AGE71	15661	15660_KatharineRoss_71_f
110	MargaretThatcher	71	AGE71	562	561_MargaretThatcher_71_f
381	TonyCurtis	71	AGE71	7652	7651_TonyCurtis_71_m
438	JackLemon	71	AGE71	5324	5323_JackLemon_71_m
355	CelesteHolm	71	AGE71	13383	13382_CelesteHolm_71_f
331	SamElliott	71	AGE71	2911	2910_SamElliott_71_m
271	RichardAttenborough	71	AGE71	8743	8742_RichardAttenborough_71_m
329	MargaretNolan	71	AGE71	15726	15725_MargaretNolan_71_f
277	AliMacGraw	71	AGE71	9943	9942_AliMacGraw_71_f
182	DustinHoffman	71	AGE71	4522	4521_DustinHoffman_71_m
375	EdwardGRobinson	71	AGE71	9460	9459_EdwardGRobinson_71_m
75	EllenBurstyn	71	AGE71	11023	11022_EllenBurstyn_71_f
194	JaneFonda	71	AGE71	10131	10130_JaneFonda_71_f
44	VincentPrice	71	AGE71	7738	7737_VincentPrice_71_m
308	JanetLeigh	71	AGE71	12727	12726_JanetLeigh_71_f
306	KrisKristofferson	71	AGE71	7267	7266_KrisKristofferson_71_m
303	GeneHackman	71	AGE71	3246	3245_GeneHackman_71_m
98	RichardChamberlain	71	AGE71	8299	8298_RichardChamberlain_71_m
19	EdwardFox	71	AGE71	1936	1935_EdwardFox_71_m
555	GeneWilder	71	AGE71	2598	2597_GeneWilder_71_m
522	DannyGlover	71	AGE71	16103	16102_DannyGlover_71_m
122	MorganFreeman 	71	AGE71	16038	16037_MorganFreeman _71_m
339	ChuckNorris	71	AGE71	3133	3132_ChuckNorris_71_m
435	DebbieReynolds	71	AGE71	12047	12046_DebbieReynolds_71_f
190	ClintWalker	71	AGE71	4078	4077_ClintWalker_71_m
503	JeanPaulBelmondo	71	AGE71	7157	7156_JeanPaulBelmondo_71_m
255	NickNolte	71	AGE71	2220	2219_NickNolte_71_m
419	ShirleyJones	71	AGE71	11269	11268_ShirleyJones_71_f
547	RuthGordon	71	AGE71	12896	12895_RuthGordon_71_f
188	JulieAndrews	71	AGE71	11493	11492_JulieAndrews_71_f
34	MireilleDarc	71	AGE71	11692	11691_MireilleDarc_71_f
47	PeterFonda	71	AGE71	2810	2809_PeterFonda_71_m
453	DaliahLavi	71	AGE71	10963	10962_DaliahLavi_71_f
409	RexHarrison	71	AGE71	6727	6726_RexHarrison_71_m
416	JohnHuston	71	AGE71	6016	6015_JohnHuston_71_m
15	AnneBancroft	71	AGE71	13869	13868_AnneBancroft_71_f
282	ValerieHarper	71	AGE71	11808	11807_ValerieHarper_71_f
319	RingoStarr	71	AGE71	3715	3714_RingoStarr_71_m
522	DannyGlover	71	AGE71	16104	16103_DannyGlover_71_m
151	AnnieGirardot	71	AGE71	13905	13904_AnnieGirardot_71_f
249	LivUllmann	71	AGE71	10268	10267_LivUllmann_71_f
183	WoodyAllen	71	AGE71	2987	2986_WoodyAllen_71_m
489	MarleneDietrich	71	AGE71	14748	14747_MarleneDietrich_71_f
69	BrianDennehy	71	AGE71	3971	3970_BrianDennehy_71_m
303	GeneHackman	71	AGE71	3235	3234_GeneHackman_71_m
144	SusannahYork	71	AGE71	14141	14140_SusannahYork_71_f
492	RobertDuvall	71	AGE71	4395	4394_RobertDuvall_71_m
195	LorneGreene	71	AGE71	8165	8164_LorneGreene_71_m
112	MickeyRooney	71	AGE71	7433	7432_MickeyRooney_71_m
511	JackNicolson	71	AGE71	5280	5279_JackNicolson_71_m
469	ClaudiaCardinale	71	AGE71	13003	13002_ClaudiaCardinale_71_f
434	DavidCarradine	71	AGE71	8609	8608_DavidCarradine_71_m
535	Tyson	72	AGE72	16468	16467_Tyson_72_f
380	TomasMilian	72	AGE72	3910	3909_TomasMilian_72_m
288	AnitaEkberg	72	AGE72	10366	10365_AnitaEkberg_72_f
469	ClaudiaCardinale	72	AGE72	13004	13003_ClaudiaCardinale_72_f
449	ZsaZsaGabor	72	AGE72	11386	11385_ZsaZsaGabor_72_f
75	EllenBurstyn	72	AGE72	11016	11015_EllenBurstyn_72_f
350	VittorioGassman	72	AGE72	9265	9264_VittorioGassman_72_m
408	MelBrooks	72	AGE72	2117	2116_MelBrooks_72_m
219	DerekJacobi	72	AGE72	3190	3189_DerekJacobi_72_m
206	HowardKeel	72	AGE72	5915	5914_HowardKeel_72_m
267	MerkouriMelina	72	AGE72	14929	14928_MerkouriMelina_72_f
265	BurtReynolds	72	AGE72	4014	4013_BurtReynolds_72_m
291	IlyaPrigogine	72	AGE72	1277	1276_IlyaPrigogine_72_m
430	HelenHayes	72	AGE72	13537	13536_HelenHayes_72_f
226	TommySands	72	AGE72	3941	3940_TommySands_72_m
154	JeanneMoreau	72	AGE72	11075	11074_JeanneMoreau_72_f
335	JoanFontaine	72	AGE72	14316	14315_JoanFontaine_72_f
136	LawrenceTierney	72	AGE72	9106	9105_LawrenceTierney_72_m
22	TerryMoore	72	AGE72	10329	10328_TerryMoore_72_f
479	PeterUstinov	72	AGE72	8198	8197_PeterUstinov_72_m
533	ClintEastwood	72	AGE72	5214	5213_ClintEastwood_72_m
428	OmarSharif	72	AGE72	3662	3661_OmarSharif_72_m
318	EsteeLauder	72	AGE72	43	42_EsteeLauder_72_f
98	RichardChamberlain	72	AGE72	8300	8299_RichardChamberlain_72_m
442	mitsotakis	72	AGE72	644	643_mitsotakis_72_m
560	GregoryPeck	72	AGE72	9360	9359_GregoryPeck_72_m
183	WoodyAllen	72	AGE72	3001	3000_WoodyAllen_72_m
268	WarrenBeatty	72	AGE72	5021	5020_WarrenBeatty_72_m
371	ChristopherPlummer	72	AGE72	7876	7875_ChristopherPlummer_72_m
255	NickNolte	72	AGE72	2221	2220_NickNolte_72_m
479	PeterUstinov	72	AGE72	8196	8195_PeterUstinov_72_m
487	JaneWyman	72	AGE72	13154	13153_JaneWyman_72_f
25	ShirleyMacLaine	72	AGE72	13263	13262_ShirleyMacLaine_72_f
29	IreneDunne	72	AGE72	13581	13580_IreneDunne_72_f
181	FernandoRey	72	AGE72	6329	6328_FernandoRey_72_m
4	CaryGrant	72	AGE72	6099	6098_CaryGrant_72_m
382	GilbertRoland	72	AGE72	7971	7970_GilbertRoland_72_m
275	NelsonMandela	72	AGE72	16248	16247_NelsonMandela_72_m
120	TomJones	72	AGE72	9787	9786_TomJones_72_f
526	AngieDickinson	72	AGE72	12435	12434_AngieDickinson_72_f
72	HenryFonda	72	AGE72	8031	8030_HenryFonda_72_m
207	BillCosby	72	AGE72	16205	16204_BillCosby_72_m
104	VanessaRedgrave	72	AGE72	13837	13836_VanessaRedgrave_72_f
275	NelsonMandela	72	AGE72	16247	16246_NelsonMandela_72_m
523	MartinSheen	72	AGE72	3553	3552_MartinSheen_72_m
2	RoyRogers	72	AGE72	5719	5718_RoyRogers_72_m
51	ClaudeL╨ТviStrauss	72	AGE72	1225	1224_ClaudeL╨ТviStrauss_72_m
115	BarbaraBain	72	AGE72	10431	10430_BarbaraBain_72_f
207	BillCosby	72	AGE72	16204	16203_BillCosby_72_m
334	LauraAntonelli	72	AGE72	12303	12302_LauraAntonelli_72_f
48	GenaRowlands	72	AGE72	4156	4155_GenaRowlands_72_m
67	JamesCaan	72	AGE72	2019	2018_JamesCaan_72_m
535	Tyson	72	AGE72	16442	16441_Tyson_72_f
53	JulieChristie	72	AGE72	11530	11529_JulieChristie_72_f
51	ClaudeL╨ТviStrauss	72	AGE72	1229	1228_ClaudeL╨ТviStrauss_72_m
534	AlbertoSordi	72	AGE72	7755	7754_AlbertoSordi_72_m
126	JamesArness	72	AGE72	6365	6364_JamesArness_72_m
61	RonaldReagan	72	AGE72	753	752_RonaldReagan_72_m
442	mitsotakis	72	AGE72	636	635_mitsotakis_72_m
33	JamesCoburn	72	AGE72	6428	6427_JamesCoburn_72_m
383	JamesGarner	72	AGE72	4630	4629_JamesGarner_72_m
451	BurtLancaster	72	AGE72	9286	9285_BurtLancaster_72_m
277	AliMacGraw	72	AGE72	9944	9943_AliMacGraw_72_f
188	JulieAndrews	72	AGE72	11494	11493_JulieAndrews_72_f
47	PeterFonda	72	AGE72	2811	2810_PeterFonda_72_m
336	PatrickStewart	72	AGE72	5585	5584_PatrickStewart_72_m
374	Mparkoulis	72	AGE72	2180	2179_Mparkoulis_72_m
315	DirkBogarde	72	AGE72	6265	6264_DirkBogarde_72_m
114	akistsoxatzopoulos	72	AGE72	800	799_akistsoxatzopoulos_72_m
90	MichelPiccoli	72	AGE72	4777	4776_MichelPiccoli_72_m
340	CliffRobertson	72	AGE72	8564	8563_CliffRobertson_72_m
238	RobertMitchum	72	AGE72	9217	9216_RobertMitchum_72_m
169	Turner	72	AGE72	16432	16431_Turner_72_f
489	MarleneDietrich	72	AGE72	14749	14748_MarleneDietrich_72_f
258	FredMacMurray	72	AGE72	8978	8977_FredMacMurray_72_m
386	AlainDelon	72	AGE72	2376	2375_AlainDelon_72_m
411	LeslieNielsen	72	AGE72	8126	8125_LeslieNielsen_72_m
18	ElsaMartinelli	72	AGE72	12082	12081_ElsaMartinelli_72_f
484	JackLarson	72	AGE72	5938	5937_JackLarson_72_m
248	MartinScorsese	72	AGE72	5472	5471_MartinScorsese_72_m
485	DanaAndrews	72	AGE72	6163	6162_DanaAndrews_72_m
337	RichardCrenna	72	AGE72	8343	8342_RichardCrenna_72_m
27	LaurenBacall	72	AGE72	11550	11549_LaurenBacall_72_f
375	EdwardGRobinson	72	AGE72	9461	9460_EdwardGRobinson_72_m
99	YvonneDeCarlo	72	AGE72	14625	14624_YvonneDeCarlo_72_f
105	KatharineRoss	72	AGE72	15662	15661_KatharineRoss_72_f
122	MorganFreeman 	72	AGE72	16045	16044_MorganFreeman _72_m
381	TonyCurtis	72	AGE72	7661	7660_TonyCurtis_72_m
441	motherTereza	72	AGE72	486	485_motherTereza_72_f
434	DavidCarradine	72	AGE72	8610	8609_DavidCarradine_72_m
286	CydCharisse	72	AGE72	15202	15201_CydCharisse_72_f
88	StacyKeach	72	AGE72	3835	3834_StacyKeach_72_m
194	JaneFonda	72	AGE72	10132	10131_JaneFonda_72_f
269	BenGazzara	72	AGE72	5792	5791_BenGazzara_72_m
293	PeterGraves	72	AGE72	6706	6705_PeterGraves_72_m
82	MarcelloMastroianni	72	AGE72	9611	9610_MarcelloMastroianni_72_m
563	PaulAnka	72	AGE72	110	109_PaulAnka_72_m
441	motherTereza	72	AGE72	500	499_motherTereza_72_f
441	motherTereza	72	AGE72	490	489_motherTereza_72_f
313	LeslieCaron	72	AGE72	3473	3472_LeslieCaron_72_m
275	NelsonMandela	72	AGE72	16242	16241_NelsonMandela_72_m
417	StevenBerkoff	72	AGE72	4956	4955_StevenBerkoff_72_m
69	BrianDennehy	72	AGE72	3972	3971_BrianDennehy_72_m
553	DanielleDarrieux	72	AGE72	13443	13442_DanielleDarrieux_72_f
446	AbeVigoda	72	AGE72	2346	2345_AbeVigoda_72_m
63	PeggyAshcroft	72	AGE72	14472	14471_PeggyAshcroft_72_f
393	WinstonChurchill	72	AGE72	879	878_WinstonChurchill_72_m
1	HerbertLom	72	AGE72	5873	5872_HerbertLom_72_m
341	AnnaMassey	72	AGE72	12482	12481_AnnaMassey_72_f
456	Fotopoulos	72	AGE72	5263	5262_Fotopoulos_72_m
384	JosephStalin	72	AGE72	821	820_JosephStalin_72_m
100	LyleTalbot	72	AGE72	7395	7394_LyleTalbot_72_m
45	MendeleievDmitri	72	AGE72	1206	1205_MendeleievDmitri_72_m
304	DavidNiven	72	AGE72	7051	7050_DavidNiven_72_m
178	AndyGriffith	72	AGE72	7815	7814_AndyGriffith_72_m
101	EdwardTeller	72	AGE72	1034	1033_EdwardTeller_72_m
373	BobDylan	72	AGE72	1687	1686_BobDylan_72_m
492	RobertDuvall	72	AGE72	4396	4395_RobertDuvall_72_m
433	MaximilianShell	72	AGE72	9494	9493_MaximilianShell_72_m
471	ClaudetteColbert	72	AGE72	14663	14662_ClaudetteColbert_72_f
249	LivUllmann	72	AGE72	10269	10268_LivUllmann_72_f
420	MaryTylerMoore	72	AGE72	12844	12843_MaryTylerMoore_72_f
557	DavidMcCallum	72	AGE72	5246	5245_DavidMcCallum_72_m
448	AlbertSchweitzer	72	AGE72	1169	1168_AlbertSchweitzer_72_m
120	TomJones	72	AGE72	1866	1865_TomJones_72_m
142	JanetGaynor	72	AGE72	14268	14267_JanetGaynor_72_f
302	ClaudeRich	72	AGE72	2487	2486_ClaudeRich_72_m
306	KrisKristofferson	72	AGE72	7268	7267_KrisKristofferson_72_m
223	ElkeSommer	72	AGE72	9979	9978_ElkeSommer_72_f
141	ErnestBorgnine	72	AGE72	8932	8931_ErnestBorgnine_72_m
292	KathrynHays	72	AGE72	10582	10581_KathrynHays_72_f
536	BerryGordy	72	AGE72	448	447_BerryGordy_72_m
196	KimNovak	72	AGE72	9868	9867_KimNovak_72_f
431	RobertRedford	72	AGE72	4839	4838_RobertRedford_72_m
43	AnnMiller	72	AGE72	15037	15036_AnnMiller_72_f
500	IanHolm	72	AGE72	1586	1585_IanHolm_72_m
532	KostasXatzixristos	72	AGE72	9621	9620_KostasXatzixristos_72_m
307	GiulianoGemma	72	AGE72	8015	8014_GiulianoGemma_72_m
336	PatrickStewart	72	AGE72	5584	5583_PatrickStewart_72_m
344	ElVenizelos	72	AGE72	710	709_ElVenizelos_72_m
42	RoyScheider	72	AGE72	13235	13234_RoyScheider_72_f
139	GalileoGalilei	72	AGE72	1151	1150_GalileoGalilei_72_m
494	JessicaTandy	72	AGE72	13619	13618_JessicaTandy_72_f
192	NielsBohr	72	AGE72	1102	1101_NielsBohr_72_m
36	ScottGlenn	72	AGE72	2951	2950_ScottGlenn_72_m
515	mahatmagandhi	72	AGE72	864	863_mahatmagandhi_72_m
179	LorettaYoung	72	AGE72	14382	14381_LorettaYoung_72_f
547	RuthGordon	72	AGE72	12897	12896_RuthGordon_72_f
515	mahatmagandhi	72	AGE72	861	860_mahatmagandhi_72_m
19	EdwardFox	72	AGE72	1937	1936_EdwardFox_72_m
515	mahatmagandhi	72	AGE72	866	865_mahatmagandhi_72_m
40	AnthonyHopkins	72	AGE72	5097	5096_AnthonyHopkins_72_m
34	MireilleDarc	72	AGE72	11693	11692_MireilleDarc_72_f
15	AnneBancroft	72	AGE72	13870	13869_AnneBancroft_72_f
42	RoyScheider	72	AGE72	6814	6813_RoyScheider_72_m
479	PeterUstinov	72	AGE72	8214	8213_PeterUstinov_72_m
339	ChuckNorris	72	AGE72	3134	3133_ChuckNorris_72_m
60	CharlesGrodin	72	AGE72	5201	5200_CharlesGrodin_72_m
73	DyanCannon	72	AGE72	15282	15281_DyanCannon_72_f
351	JonVoight	72	AGE72	2087	2086_JonVoight_72_m
366	MelFerrer	72	AGE72	6644	6643_MelFerrer_72_m
121	RafVallone	72	AGE72	6055	6054_RafVallone_72_m
500	IanHolm	72	AGE72	1587	1586_IanHolm_72_m
318	EsteeLauder	72	AGE72	28	27_EsteeLauder_72_f
287	JosephCotten	72	AGE72	7227	7226_JosephCotten_72_m
137	SidneyPoitier	72	AGE72	16170	16169_SidneyPoitier_72_m
453	DaliahLavi	72	AGE72	10964	10963_DaliahLavi_72_f
262	MarlonBrando	72	AGE72	9112	9111_MarlonBrando_72_m
44	VincentPrice	72	AGE72	7739	7738_VincentPrice_72_m
28	AndreasPapantreou	72	AGE72	906	905_AndreasPapantreou_72_m
233	Arletty	72	AGE72	10930	10929_Arletty_72_f
419	ShirleyJones	72	AGE72	11270	11269_ShirleyJones_72_f
243	Dench	72	AGE72	16360	16359_Dench_72_f
459	WilliamShatner	72	AGE72	6093	6092_WilliamShatner_72_m
82	MarcelloMastroianni	72	AGE72	9610	9609_MarcelloMastroianni_72_m
219	DerekJacobi	73	AGE73	3191	3190_DerekJacobi_73_m
425	FlemingAlex	73	AGE73	1068	1067_FlemingAlex_73_m
125	AlexandrakisAlekos	73	AGE73	9626	9625_AlexandrakisAlekos_73_m
88	StacyKeach	73	AGE73	3836	3835_StacyKeach_73_m
388	JoanCollins	73	AGE73	10553	10552_JoanCollins_73_f
407	JulieAdams	73	AGE73	10213	10212_JulieAdams_73_f
408	MelBrooks	73	AGE73	2118	2117_MelBrooks_73_m
521	StefaniePowers	73	AGE73	15843	15842_StefaniePowers_73_f
375	EdwardGRobinson	73	AGE73	9462	9461_EdwardGRobinson_73_m
547	RuthGordon	73	AGE73	12898	12897_RuthGordon_73_f
468	BetteDavis	73	AGE73	13369	13368_BetteDavis_73_f
425	FlemingAlex	73	AGE73	1077	1076_FlemingAlex_73_m
28	AndreasPapantreou	73	AGE73	897	896_AndreasPapantreou_73_m
120	TomJones	73	AGE73	1867	1866_TomJones_73_m
86	MarietteHartley	73	AGE73	10304	10303_MarietteHartley_73_f
427	NewmanPaul	73	AGE73	7459	7458_NewmanPaul_73_m
16	ReginaldOwen	73	AGE73	8261	8260_ReginaldOwen_73_m
15	AnneBancroft	73	AGE73	13875	13874_AnneBancroft_73_f
18	ElsaMartinelli	73	AGE73	12083	12082_ElsaMartinelli_73_f
120	TomJones	73	AGE73	9788	9787_TomJones_73_f
526	AngieDickinson	73	AGE73	12457	12456_AngieDickinson_73_f
213	RabindranathTagore	73	AGE73	1459	1458_RabindranathTagore_73_m
350	VittorioGassman	73	AGE73	9266	9265_VittorioGassman_73_m
291	IlyaPrigogine	73	AGE73	1276	1275_IlyaPrigogine_73_m
381	TonyCurtis	73	AGE73	7669	7668_TonyCurtis_73_m
319	RingoStarr	73	AGE73	3716	3715_RingoStarr_73_m
122	MorganFreeman 	73	AGE73	16021	16020_MorganFreeman _73_m
351	JonVoight	73	AGE73	2088	2087_JonVoight_73_m
523	MartinSheen	73	AGE73	3554	3553_MartinSheen_73_m
36	ScottGlenn	73	AGE73	2952	2951_ScottGlenn_73_m
320	TippiHedren	73	AGE73	10900	10899_TippiHedren_73_f
291	IlyaPrigogine	73	AGE73	1275	1274_IlyaPrigogine_73_m
392	EstherWilliams	73	AGE73	14178	14177_EstherWilliams_73_f
428	OmarSharif	73	AGE73	3663	3662_OmarSharif_73_m
400	EliWallach	73	AGE73	3215	3214_EliWallach_73_m
449	ZsaZsaGabor	73	AGE73	11387	11386_ZsaZsaGabor_73_f
42	RoyScheider	73	AGE73	13236	13235_RoyScheider_73_f
355	CelesteHolm	73	AGE73	13384	13383_CelesteHolm_73_f
69	BrianDennehy	73	AGE73	3973	3972_BrianDennehy_73_m
33	JamesCoburn	73	AGE73	6429	6428_JamesCoburn_73_m
67	JamesCaan	73	AGE73	2020	2019_JamesCaan_73_m
535	Tyson	73	AGE73	16449	16448_Tyson_73_f
275	NelsonMandela	73	AGE73	16246	16245_NelsonMandela_73_m
306	KrisKristofferson	73	AGE73	7269	7268_KrisKristofferson_73_m
275	NelsonMandela	73	AGE73	16264	16263_NelsonMandela_73_m
183	WoodyAllen	73	AGE73	3002	3001_WoodyAllen_73_m
419	ShirleyJones	73	AGE73	11271	11270_ShirleyJones_73_f
151	AnnieGirardot	73	AGE73	13906	13905_AnnieGirardot_73_f
489	MarleneDietrich	73	AGE73	14750	14749_MarleneDietrich_73_f
151	AnnieGirardot	73	AGE73	13907	13906_AnnieGirardot_73_f
535	Tyson	73	AGE73	16454	16453_Tyson_73_f
435	DebbieReynolds	73	AGE73	12048	12047_DebbieReynolds_73_f
341	AnnaMassey	73	AGE73	12483	12482_AnnaMassey_73_f
340	CliffRobertson	73	AGE73	8565	8564_CliffRobertson_73_m
116	ConradHilton	73	AGE73	468	467_ConradHilton_73_m
95	DavidSarnoff	73	AGE73	369	368_DavidSarnoff_73_m
307	GiulianoGemma	73	AGE73	8016	8015_GiulianoGemma_73_m
492	RobertDuvall	73	AGE73	4397	4396_RobertDuvall_73_m
279	DorisDay	73	AGE73	9742	9741_DorisDay_73_f
416	JohnHuston	73	AGE73	6017	6016_JohnHuston_73_m
488	DickVanDyke	73	AGE73	4114	4113_DickVanDyke_73_m
383	JamesGarner	73	AGE73	4631	4630_JamesGarner_73_m
98	RichardChamberlain	73	AGE73	8301	8300_RichardChamberlain_73_m
277	AliMacGraw	73	AGE73	9945	9944_AliMacGraw_73_f
108	MelindaDillion	73	AGE73	12329	12328_MelindaDillion_73_f
451	BurtLancaster	73	AGE73	9306	9305_BurtLancaster_73_m
190	ClintWalker	73	AGE73	4079	4078_ClintWalker_73_m
555	GeneWilder	73	AGE73	2599	2598_GeneWilder_73_m
371	ChristopherPlummer	73	AGE73	7877	7876_ChristopherPlummer_73_m
265	BurtReynolds	73	AGE73	4002	4001_BurtReynolds_73_m
385	UrsulaAndress	73	AGE73	12394	12393_UrsulaAndress_73_f
23	VirnaLisi	73	AGE73	11343	11342_VirnaLisi_73_f
497	CharlesDarwin	73	AGE73	1108	1107_CharlesDarwin_73_m
263	JanePowell	73	AGE73	15411	15410_JanePowell_73_f
497	CharlesDarwin	73	AGE73	1103	1102_CharlesDarwin_73_m
72	HenryFonda	73	AGE73	8030	8029_HenryFonda_73_m
169	Turner	73	AGE73	16433	16432_Turner_73_f
42	RoyScheider	73	AGE73	6815	6814_RoyScheider_73_m
267	MerkouriMelina	73	AGE73	14930	14929_MerkouriMelina_73_f
268	WarrenBeatty	73	AGE73	5022	5021_WarrenBeatty_73_m
71	EvaMarieSaint	73	AGE73	12116	12115_EvaMarieSaint_73_f
168	JohnCleese	73	AGE73	2699	2698_JohnCleese_73_m
104	VanessaRedgrave	73	AGE73	13838	13837_VanessaRedgrave_73_f
27	LaurenBacall	73	AGE73	11551	11550_LaurenBacall_73_f
369	BorisKarloff	73	AGE73	6928	6927_BorisKarloff_73_m
494	JessicaTandy	73	AGE73	13620	13619_JessicaTandy_73_f
448	AlbertSchweitzer	73	AGE73	1175	1174_AlbertSchweitzer_73_m
304	DavidNiven	73	AGE73	7052	7051_DavidNiven_73_m
269	BenGazzara	73	AGE73	5793	5792_BenGazzara_73_m
160	Einstain	73	AGE73	987	986_Einstain_73_m
161	MaggieSmith	73	AGE73	10716	10715_MaggieSmith_73_f
105	KatharineRoss	73	AGE73	15663	15662_KatharineRoss_73_f
502	FaradayMichael	73	AGE73	1131	1130_FaradayMichael_73_m
417	StevenBerkoff	73	AGE73	4957	4956_StevenBerkoff_73_m
441	motherTereza	73	AGE73	493	492_motherTereza_73_f
337	RichardCrenna	73	AGE73	8344	8343_RichardCrenna_73_m
493	PiaLindstrom	73	AGE73	11241	11240_PiaLindstrom_73_f
500	IanHolm	73	AGE73	1588	1587_IanHolm_73_m
441	motherTereza	73	AGE73	501	500_motherTereza_73_f
102	WalterPidgeon	73	AGE73	8459	8458_WalterPidgeon_73_m
73	DyanCannon	73	AGE73	15283	15282_DyanCannon_73_f
302	ClaudeRich	73	AGE73	2488	2487_ClaudeRich_73_m
328	PabloPicasso	73	AGE73	280	279_PabloPicasso_73_m
112	MickeyRooney	73	AGE73	7434	7433_MickeyRooney_73_m
431	RobertRedford	73	AGE73	4840	4839_RobertRedford_73_m
203	DebraPaget	73	AGE73	15243	15242_DebraPaget_73_f
515	mahatmagandhi	73	AGE73	857	856_mahatmagandhi_73_m
40	AnthonyHopkins	73	AGE73	5085	5084_AnthonyHopkins_73_m
63	PeggyAshcroft	73	AGE73	14473	14472_PeggyAshcroft_73_f
192	NielsBohr	73	AGE73	1089	1088_NielsBohr_73_m
243	Dench	73	AGE73	16364	16363_Dench_73_f
515	mahatmagandhi	73	AGE73	852	851_mahatmagandhi_73_m
516	JWMarriott	73	AGE73	478	477_JWMarriott_73_m
479	PeterUstinov	73	AGE73	8203	8202_PeterUstinov_73_m
516	JWMarriott	73	AGE73	473	472_JWMarriott_73_m
136	LawrenceTierney	73	AGE73	9097	9096_LawrenceTierney_73_m
80	KathrynGrayson	73	AGE73	15696	15695_KathrynGrayson_73_f
374	Mparkoulis	73	AGE73	2177	2176_Mparkoulis_73_m
91	DickieMoore	73	AGE73	6206	6205_DickieMoore_73_m
206	HowardKeel	73	AGE73	5916	5915_HowardKeel_73_m
132	AlexanderGrahamBell	73	AGE73	1260	1259_AlexanderGrahamBell_73_m
15	AnneBancroft	73	AGE73	13873	13872_AnneBancroft_73_f
462	KateOMara	73	AGE73	15624	15623_KateOMara_73_f
61	RonaldReagan	73	AGE73	755	754_RonaldReagan_73_m
35	LouisJourdan	73	AGE73	7364	7363_LouisJourdan_73_m
207	BillCosby	73	AGE73	16202	16201_BillCosby_73_m
290	CHARLIERUGGLES	73	AGE73	9522	9521_CHARLIERUGGLES_73_m
207	BillCosby	73	AGE73	16203	16202_BillCosby_73_m
89	PatriciaNeal	73	AGE73	13743	13742_PatriciaNeal_73_f
300	PeterMarkRichman	73	AGE73	7494	7493_PeterMarkRichman_73_m
60	CharlesGrodin	73	AGE73	5202	5201_CharlesGrodin_73_m
115	BarbaraBain	73	AGE73	10432	10431_BarbaraBain_73_f
47	PeterFonda	73	AGE73	2812	2811_PeterFonda_73_m
233	Arletty	73	AGE73	10931	10930_Arletty_73_f
518	RomanPolanski	73	AGE73	4919	4918_RomanPolanski_73_m
137	SidneyPoitier	73	AGE73	16171	16170_SidneyPoitier_73_m
405	Gorbachev	73	AGE73	619	618_Gorbachev_73_m
308	JanetLeigh	73	AGE73	12728	12727_JanetLeigh_73_f
484	JackLarson	73	AGE73	5939	5938_JackLarson_73_m
510	PeterFalk	73	AGE73	5621	5620_PeterFalk_73_m
485	DanaAndrews	73	AGE73	6164	6163_DanaAndrews_73_m
19	EdwardFox	73	AGE73	1938	1937_EdwardFox_73_m
48	GenaRowlands	73	AGE73	4157	4156_GenaRowlands_73_m
141	ErnestBorgnine	73	AGE73	8933	8932_ErnestBorgnine_73_m
313	LeslieCaron	73	AGE73	3474	3473_LeslieCaron_73_m
284	RobertMorley	73	AGE73	7545	7544_RobertMorley_73_m
64	MikeConnors	73	AGE73	3623	3622_MikeConnors_73_m
44	VincentPrice	73	AGE73	7740	7739_VincentPrice_73_m
511	JackNicolson	73	AGE73	5282	5281_JackNicolson_73_m
458	JeanMarais	73	AGE73	5980	5979_JeanMarais_73_m
200	AnnMargret	73	AGE73	10402	10401_AnnMargret_73_f
482	JuneLockhart	73	AGE73	11138	11137_JuneLockhart_73_f
368	BettyGarrett	73	AGE73	15070	15069_BettyGarrett_73_f
286	CydCharisse	73	AGE73	15203	15202_CydCharisse_73_f
76	HarveyKeitel	73	AGE73	4212	4211_HarveyKeitel_73_m
251	St╨ТphaneAudran	73	AGE73	15894	15893_St╨ТphaneAudran_73_f
104	VanessaRedgrave	74	AGE74	13839	13838_VanessaRedgrave_74_f
49	BobHope	74	AGE74	5169	5168_BobHope_74_m
18	ElsaMartinelli	74	AGE74	12084	12083_ElsaMartinelli_74_f
375	EdwardGRobinson	74	AGE74	9463	9462_EdwardGRobinson_74_m
538	BarbaraStanwyck	74	AGE74	14658	14657_BarbaraStanwyck_74_f
65	JohnForsythe	74	AGE74	8089	8088_JohnForsythe_74_m
385	UrsulaAndress	74	AGE74	12390	12389_UrsulaAndress_74_f
115	BarbaraBain	74	AGE74	10433	10432_BarbaraBain_74_f
94	GabrielGarciaMarquez	74	AGE74	1495	1494_GabrielGarciaMarquez_74_m
60	CharlesGrodin	74	AGE74	5203	5202_CharlesGrodin_74_m
352	OdysseasElytis	74	AGE74	1394	1393_OdysseasElytis_74_m
533	ClintEastwood	74	AGE74	5216	5215_ClintEastwood_74_m
557	DavidMcCallum	74	AGE74	5247	5246_DavidMcCallum_74_m
64	MikeConnors	74	AGE74	3624	3623_MikeConnors_74_m
94	GabrielGarciaMarquez	74	AGE74	1504	1503_GabrielGarciaMarquez_74_m
84	AngelaLansbury	74	AGE74	11982	11981_AngelaLansbury_74_f
369	BorisKarloff	74	AGE74	6946	6945_BorisKarloff_74_m
114	akistsoxatzopoulos	74	AGE74	798	797_akistsoxatzopoulos_74_m
368	BettyGarrett	74	AGE74	15071	15070_BettyGarrett_74_f
113	GladysCooper	74	AGE74	7122	7121_GladysCooper_74_m
63	PeggyAshcroft	74	AGE74	14474	14473_PeggyAshcroft_74_f
561	QueenElizabet	74	AGE74	592	591_QueenElizabet_74_f
372	BernadetteLafont	74	AGE74	14896	14895_BernadetteLafont_74_f
383	JamesGarner	74	AGE74	4632	4631_JamesGarner_74_m
370	PeterOToole	74	AGE74	5646	5645_PeterOToole_74_m
48	GenaRowlands	74	AGE74	4158	4157_GenaRowlands_74_m
113	GladysCooper	74	AGE74	13513	13512_GladysCooper_74_f
78	JamesBest	74	AGE74	1965	1964_JamesBest_74_m
1	HerbertLom	74	AGE74	5874	5873_HerbertLom_74_m
373	BobDylan	74	AGE74	1688	1687_BobDylan_74_m
370	PeterOToole	74	AGE74	5647	5646_PeterOToole_74_m
87	JPaulGetty	74	AGE74	396	395_JPaulGetty_74_m
386	AlainDelon	74	AGE74	2382	2381_AlainDelon_74_m
120	TomJones	74	AGE74	1868	1867_TomJones_74_m
114	akistsoxatzopoulos	74	AGE74	788	787_akistsoxatzopoulos_74_m
380	TomasMilian	74	AGE74	3911	3910_TomasMilian_74_m
547	RuthGordon	74	AGE74	12899	12898_RuthGordon_74_f
170	CharlesBoyer	74	AGE74	6984	6983_CharlesBoyer_74_m
489	MarleneDietrich	74	AGE74	14751	14750_MarleneDietrich_74_f
469	ClaudiaCardinale	74	AGE74	13005	13004_ClaudiaCardinale_74_f
505	GingerRogers	74	AGE74	13485	13484_GingerRogers_74_f
306	KrisKristofferson	74	AGE74	7270	7269_KrisKristofferson_74_m
339	ChuckNorris	74	AGE74	3135	3134_ChuckNorris_74_m
136	LawrenceTierney	74	AGE74	9098	9097_LawrenceTierney_74_m
408	MelBrooks	74	AGE74	2119	2118_MelBrooks_74_m
319	RingoStarr	74	AGE74	3717	3716_RingoStarr_74_m
435	DebbieReynolds	74	AGE74	12049	12048_DebbieReynolds_74_f
214	JoanLeslie	74	AGE74	10184	10183_JoanLeslie_74_f
213	RabindranathTagore	74	AGE74	1463	1462_RabindranathTagore_74_m
446	AbeVigoda	74	AGE74	2347	2346_AbeVigoda_74_m
213	RabindranathTagore	74	AGE74	1461	1460_RabindranathTagore_74_m
263	JanePowell	74	AGE74	15412	15411_JanePowell_74_f
320	TippiHedren	74	AGE74	10901	10900_TippiHedren_74_f
417	StevenBerkoff	74	AGE74	4958	4957_StevenBerkoff_74_m
132	AlexanderGrahamBell	74	AGE74	1265	1264_AlexanderGrahamBell_74_m
160	Einstain	74	AGE74	981	980_Einstain_74_m
337	RichardCrenna	74	AGE74	8345	8344_RichardCrenna_74_m
518	RomanPolanski	74	AGE74	4920	4919_RomanPolanski_74_m
207	BillCosby	74	AGE74	16201	16200_BillCosby_74_m
500	IanHolm	74	AGE74	1589	1588_IanHolm_74_m
42	RoyScheider	74	AGE74	13237	13236_RoyScheider_74_f
207	BillCosby	74	AGE74	16182	16181_BillCosby_74_m
336	PatrickStewart	74	AGE74	5551	5550_PatrickStewart_74_m
42	RoyScheider	74	AGE74	13238	13237_RoyScheider_74_f
47	PeterFonda	74	AGE74	2813	2812_PeterFonda_74_m
350	VittorioGassman	74	AGE74	9267	9266_VittorioGassman_74_m
265	BurtReynolds	74	AGE74	4003	4002_BurtReynolds_74_m
7	DonnaDouglas	74	AGE74	10986	10985_DonnaDouglas_74_f
409	RexHarrison	74	AGE74	6728	6727_RexHarrison_74_m
336	PatrickStewart	74	AGE74	5586	5585_PatrickStewart_74_m
6	Carroll	74	AGE74	16303	16302_Carroll_74_f
137	SidneyPoitier	74	AGE74	16172	16171_SidneyPoitier_74_m
459	WilliamShatner	74	AGE74	6087	6086_WilliamShatner_74_m
313	LeslieCaron	74	AGE74	3475	3474_LeslieCaron_74_m
341	AnnaMassey	74	AGE74	12484	12483_AnnaMassey_74_f
510	PeterFalk	74	AGE74	5622	5621_PeterFalk_74_m
243	Dench	74	AGE74	16365	16364_Dench_74_f
302	ClaudeRich	74	AGE74	2489	2488_ClaudeRich_74_m
412	BeaArthur	74	AGE74	11912	11911_BeaArthur_74_f
34	MireilleDarc	74	AGE74	11694	11693_MireilleDarc_74_f
28	AndreasPapantreou	74	AGE74	905	904_AndreasPapantreou_74_m
511	JackNicolson	74	AGE74	5291	5290_JackNicolson_74_m
511	JackNicolson	74	AGE74	5288	5287_JackNicolson_74_m
456	Fotopoulos	74	AGE74	5262	5261_Fotopoulos_74_m
146	RicardoMontalb╨░n	74	AGE74	9560	9559_RicardoMontalb╨░n_74_m
308	JanetLeigh	74	AGE74	12729	12728_JanetLeigh_74_f
142	JanetGaynor	74	AGE74	14260	14259_JanetGaynor_74_f
508	VictorMature	74	AGE74	8432	8431_VictorMature_74_m
454	JerryLewis	74	AGE74	2667	2666_JerryLewis_74_m
241	SeanConnery	74	AGE74	3784	3783_SeanConnery_74_m
425	FlemingAlex	74	AGE74	1069	1068_FlemingAlex_74_m
425	FlemingAlex	74	AGE74	1070	1069_FlemingAlex_74_m
425	FlemingAlex	74	AGE74	1073	1072_FlemingAlex_74_m
425	FlemingAlex	74	AGE74	1078	1077_FlemingAlex_74_m
238	RobertMitchum	74	AGE74	9224	9223_RobertMitchum_74_m
416	JohnHuston	74	AGE74	6018	6017_JohnHuston_74_m
258	FredMacMurray	74	AGE74	8979	8978_FredMacMurray_74_m
139	GalileoGalilei	74	AGE74	1147	1146_GalileoGalilei_74_m
151	AnnieGirardot	74	AGE74	13908	13907_AnnieGirardot_74_f
290	CHARLIERUGGLES	74	AGE74	9523	9522_CHARLIERUGGLES_74_m
37	JoanneWoodward	74	AGE74	12272	12271_JoanneWoodward_74_f
219	DerekJacobi	74	AGE74	3192	3191_DerekJacobi_74_m
268	WarrenBeatty	74	AGE74	5023	5022_WarrenBeatty_74_m
132	AlexanderGrahamBell	74	AGE74	1257	1256_AlexanderGrahamBell_74_m
433	MaximilianShell	74	AGE74	9495	9494_MaximilianShell_74_m
17	LuiseRainer	74	AGE74	10672	10671_LuiseRainer_74_f
194	JaneFonda	74	AGE74	10133	10132_JaneFonda_74_f
493	PiaLindstrom	74	AGE74	11242	11241_PiaLindstrom_74_f
430	HelenHayes	74	AGE74	13550	13549_HelenHayes_74_f
9	FessParker	74	AGE74	7081	7080_FessParker_74_m
188	JulieAndrews	74	AGE74	11495	11494_JulieAndrews_74_f
122	MorganFreeman 	74	AGE74	16036	16035_MorganFreeman _74_m
277	AliMacGraw	74	AGE74	9946	9945_AliMacGraw_74_f
523	MartinSheen	74	AGE74	3555	3554_MartinSheen_74_m
431	RobertRedford	74	AGE74	4841	4840_RobertRedford_74_m
275	NelsonMandela	74	AGE74	16245	16244_NelsonMandela_74_m
269	BenGazzara	74	AGE74	5794	5793_BenGazzara_74_m
485	DanaAndrews	74	AGE74	6165	6164_DanaAndrews_74_m
42	RoyScheider	74	AGE74	6816	6815_RoyScheider_74_m
351	JonVoight	74	AGE74	2089	2088_JonVoight_74_m
42	RoyScheider	74	AGE74	6817	6816_RoyScheider_74_m
303	GeneHackman	74	AGE74	3237	3236_GeneHackman_74_m
271	RichardAttenborough	74	AGE74	8744	8743_RichardAttenborough_74_m
269	BenGazzara	74	AGE74	5795	5794_BenGazzara_74_m
40	AnthonyHopkins	74	AGE74	5086	5085_AnthonyHopkins_74_m
484	JackLarson	74	AGE74	5940	5939_JackLarson_74_m
4	CaryGrant	74	AGE74	6114	6113_CaryGrant_74_m
178	AndyGriffith	74	AGE74	7816	7815_AndyGriffith_74_m
288	AnitaEkberg	74	AGE74	10367	10366_AnitaEkberg_74_f
120	TomJones	74	AGE74	9789	9788_TomJones_74_f
430	HelenHayes	74	AGE74	13556	13555_HelenHayes_74_f
419	ShirleyJones	74	AGE74	11272	11271_ShirleyJones_74_f
496	GlendaJackson	74	AGE74	12181	12180_GlendaJackson_74_f
287	JosephCotten	74	AGE74	7228	7227_JosephCotten_74_m
28	AndreasPapantreou	74	AGE74	898	897_AndreasPapantreou_74_m
303	GeneHackman	74	AGE74	3247	3246_GeneHackman_74_m
28	AndreasPapantreou	74	AGE74	899	898_AndreasPapantreou_74_m
23	VirnaLisi	74	AGE74	11344	11343_VirnaLisi_74_f
462	KateOMara	75	AGE75	15625	15624_KateOMara_75_f
465	JohnDRockefeller	75	AGE75	440	439_JohnDRockefeller_75_m
465	JohnDRockefeller	75	AGE75	441	440_JohnDRockefeller_75_m
49	BobHope	75	AGE75	5145	5144_BobHope_75_m
190	ClintWalker	75	AGE75	4080	4079_ClintWalker_75_m
238	RobertMitchum	75	AGE75	9226	9225_RobertMitchum_75_m
234	MyrnaLoy	75	AGE75	12374	12373_MyrnaLoy_75_f
366	MelFerrer	75	AGE75	6645	6644_MelFerrer_75_m
228	SophiaLoren	75	AGE75	11297	11296_SophiaLoren_75_f
292	KathrynHays	75	AGE75	10583	10582_KathrynHays_75_f
110	MargaretThatcher	75	AGE75	573	572_MargaretThatcher_75_f
380	TomasMilian	75	AGE75	3912	3911_TomasMilian_75_m
234	MyrnaLoy	75	AGE75	12331	12330_MyrnaLoy_75_f
80	KathrynGrayson	75	AGE75	15697	15696_KathrynGrayson_75_f
42	RoyScheider	75	AGE75	13239	13238_RoyScheider_75_f
183	WoodyAllen	75	AGE75	3003	3002_WoodyAllen_75_m
181	FernandoRey	75	AGE75	6330	6329_FernandoRey_75_m
64	MikeConnors	75	AGE75	3625	3624_MikeConnors_75_m
179	LorettaYoung	75	AGE75	14381	14380_LorettaYoung_75_f
386	AlainDelon	75	AGE75	2364	2363_AlainDelon_75_m
42	RoyScheider	75	AGE75	6818	6817_RoyScheider_75_m
313	LeslieCaron	75	AGE75	3476	3475_LeslieCaron_75_m
383	JamesGarner	75	AGE75	4644	4643_JamesGarner_75_m
78	JamesBest	75	AGE75	1966	1965_JamesBest_75_m
63	PeggyAshcroft	75	AGE75	14475	14474_PeggyAshcroft_75_f
188	JulieAndrews	75	AGE75	11496	11495_JulieAndrews_75_f
430	HelenHayes	75	AGE75	13548	13547_HelenHayes_75_f
492	RobertDuvall	75	AGE75	4398	4397_RobertDuvall_75_m
112	MickeyRooney	75	AGE75	7435	7434_MickeyRooney_75_m
533	ClintEastwood	75	AGE75	5215	5214_ClintEastwood_75_m
380	TomasMilian	75	AGE75	3913	3912_TomasMilian_75_m
284	RobertMorley	75	AGE75	7546	7545_RobertMorley_75_m
374	Mparkoulis	75	AGE75	2178	2177_Mparkoulis_75_m
95	DavidSarnoff	75	AGE75	372	371_DavidSarnoff_75_m
533	ClintEastwood	75	AGE75	5220	5219_ClintEastwood_75_m
488	DickVanDyke	75	AGE75	4115	4114_DickVanDyke_75_m
428	OmarSharif	75	AGE75	3664	3663_OmarSharif_75_m
7	DonnaDouglas	75	AGE75	10987	10986_DonnaDouglas_75_f
318	EsteeLauder	75	AGE75	33	32_EsteeLauder_75_f
552	FidelCastro	75	AGE75	681	680_FidelCastro_75_m
91	DickieMoore	75	AGE75	6218	6217_DickieMoore_75_m
49	BobHope	75	AGE75	5172	5171_BobHope_75_m
43	AnnMiller	75	AGE75	15038	15037_AnnMiller_75_f
339	ChuckNorris	75	AGE75	3136	3135_ChuckNorris_75_m
207	BillCosby	75	AGE75	16016	16015_BillCosby_75_m
89	PatriciaNeal	75	AGE75	13747	13746_PatriciaNeal_75_f
502	FaradayMichael	75	AGE75	1130	1129_FaradayMichael_75_m
337	RichardCrenna	75	AGE75	8346	8345_RichardCrenna_75_m
203	DebraPaget	75	AGE75	15244	15243_DebraPaget_75_f
40	AnthonyHopkins	75	AGE75	5098	5097_AnthonyHopkins_75_m
479	PeterUstinov	75	AGE75	8189	8188_PeterUstinov_75_m
500	IanHolm	75	AGE75	1590	1589_IanHolm_75_m
479	PeterUstinov	75	AGE75	8201	8200_PeterUstinov_75_m
206	HowardKeel	75	AGE75	5922	5921_HowardKeel_75_m
290	CHARLIERUGGLES	75	AGE75	9524	9523_CHARLIERUGGLES_75_m
478	FredAstaire	75	AGE75	7903	7902_FredAstaire_75_m
374	Mparkoulis	75	AGE75	2176	2175_Mparkoulis_75_m
335	JoanFontaine	75	AGE75	14315	14314_JoanFontaine_75_f
300	PeterMarkRichman	75	AGE75	7482	7481_PeterMarkRichman_75_m
207	BillCosby	75	AGE75	16200	16199_BillCosby_75_m
286	CydCharisse	75	AGE75	15204	15203_CydCharisse_75_f
288	AnitaEkberg	75	AGE75	10368	10367_AnitaEkberg_75_f
524	MaureenOHara	75	AGE75	11640	11639_MaureenOHara_75_f
494	JessicaTandy	75	AGE75	13621	13620_JessicaTandy_75_f
150	RitaLeviMontalcini	75	AGE75	1301	1300_RitaLeviMontalcini_75_f
534	AlbertoSordi	75	AGE75	7779	7778_AlbertoSordi_75_m
60	CharlesGrodin	75	AGE75	5204	5203_CharlesGrodin_75_m
466	CharlesBronson	75	AGE75	8522	8521_CharlesBronson_75_m
2	RoyRogers	75	AGE75	5720	5719_RoyRogers_75_m
466	CharlesBronson	75	AGE75	8527	8526_CharlesBronson_75_m
27	LaurenBacall	75	AGE75	11553	11552_LaurenBacall_75_f
104	VanessaRedgrave	75	AGE75	13840	13839_VanessaRedgrave_75_f
192	NielsBohr	75	AGE75	1092	1091_NielsBohr_75_m
467	BertrandRussell	75	AGE75	1357	1356_BertrandRussell_75_m
355	CelesteHolm	75	AGE75	13398	13397_CelesteHolm_75_f
542	IanMcKellen	75	AGE75	3282	3281_IanMcKellen_75_m
23	VirnaLisi	75	AGE75	11345	11344_VirnaLisi_75_f
219	DerekJacobi	75	AGE75	3193	3192_DerekJacobi_75_m
409	RexHarrison	75	AGE75	6739	6738_RexHarrison_75_m
318	EsteeLauder	75	AGE75	36	35_EsteeLauder_75_f
408	MelBrooks	75	AGE75	2120	2119_MelBrooks_75_m
217	MargaretOBrien	75	AGE75	12808	12807_MargaretOBrien_75_f
216	FrederickSanger	75	AGE75	1158	1157_FrederickSanger_75_m
92	RogerMoore	75	AGE75	4859	4858_RogerMoore_75_m
25	ShirleyMacLaine	75	AGE75	13264	13263_ShirleyMacLaine_75_f
431	RobertRedford	75	AGE75	4842	4841_RobertRedford_75_m
84	AngelaLansbury	75	AGE75	11983	11982_AngelaLansbury_75_f
467	BertrandRussell	75	AGE75	1358	1357_BertrandRussell_75_m
509	MichaelCaine	75	AGE75	4729	4728_MichaelCaine_75_m
555	GeneWilder	75	AGE75	2600	2599_GeneWilder_75_m
73	DyanCannon	75	AGE75	15284	15283_DyanCannon_75_f
561	QueenElizabet	75	AGE75	600	599_QueenElizabet_75_f
137	SidneyPoitier	75	AGE75	16173	16172_SidneyPoitier_75_m
442	mitsotakis	75	AGE75	627	626_mitsotakis_75_m
350	VittorioGassman	75	AGE75	9268	9267_VittorioGassman_75_m
442	mitsotakis	75	AGE75	637	636_mitsotakis_75_m
441	motherTereza	75	AGE75	488	487_motherTereza_75_f
448	AlbertSchweitzer	75	AGE75	1164	1163_AlbertSchweitzer_75_m
515	mahatmagandhi	75	AGE75	862	861_mahatmagandhi_75_m
392	EstherWilliams	75	AGE75	14179	14178_EstherWilliams_75_f
269	BenGazzara	75	AGE75	5796	5795_BenGazzara_75_m
302	ClaudeRich	75	AGE75	2490	2489_ClaudeRich_75_m
449	ZsaZsaGabor	75	AGE75	11388	11387_ZsaZsaGabor_75_f
258	FredMacMurray	75	AGE75	8980	8979_FredMacMurray_75_m
75	EllenBurstyn	75	AGE75	11017	11016_EllenBurstyn_75_f
18	ElsaMartinelli	75	AGE75	12085	12084_ElsaMartinelli_75_f
418	DeborahKerr	75	AGE75	13962	13961_DeborahKerr_75_f
271	RichardAttenborough	75	AGE75	8745	8744_RichardAttenborough_75_m
74	AnthonyQuayle	75	AGE75	7852	7851_AnthonyQuayle_75_m
116	ConradHilton	75	AGE75	470	469_ConradHilton_75_m
116	ConradHilton	75	AGE75	472	471_ConradHilton_75_m
4	CaryGrant	75	AGE75	6102	6101_CaryGrant_75_m
347	Soljenitsyne	75	AGE75	1346	1345_Soljenitsyne_75_m
131	ElizabethTaylor	75	AGE75	14700	14699_ElizabethTaylor_75_f
131	ElizabethTaylor	75	AGE75	14707	14706_ElizabethTaylor_75_f
131	ElizabethTaylor	75	AGE75	14694	14693_ElizabethTaylor_75_f
263	JanePowell	75	AGE75	15413	15412_JanePowell_75_f
115	BarbaraBain	75	AGE75	10435	10434_BarbaraBain_75_f
518	RomanPolanski	75	AGE75	4921	4920_RomanPolanski_75_m
132	AlexanderGrahamBell	75	AGE75	1267	1266_AlexanderGrahamBell_75_m
293	PeterGraves	75	AGE75	6695	6694_PeterGraves_75_m
115	BarbaraBain	75	AGE75	10434	10433_BarbaraBain_75_f
265	BurtReynolds	75	AGE75	4004	4003_BurtReynolds_75_m
557	DavidMcCallum	75	AGE75	5248	5247_DavidMcCallum_75_m
346	GloriaSwanson	75	AGE75	13993	13992_GloriaSwanson_75_f
268	WarrenBeatty	75	AGE75	5024	5023_WarrenBeatty_75_m
136	LawrenceTierney	75	AGE75	9099	9098_LawrenceTierney_75_m
417	StevenBerkoff	75	AGE75	4959	4958_StevenBerkoff_75_m
516	JWMarriott	75	AGE75	480	479_JWMarriott_75_m
19	EdwardFox	75	AGE75	1939	1938_EdwardFox_75_m
516	JWMarriott	75	AGE75	474	473_JWMarriott_75_m
422	HarrySTruman	75	AGE75	834	833_HarrySTruman_75_m
16	ReginaldOwen	75	AGE75	8262	8261_ReginaldOwen_75_m
369	BorisKarloff	75	AGE75	6947	6946_BorisKarloff_75_m
561	QueenElizabet	75	AGE75	593	592_QueenElizabet_75_f
275	NelsonMandela	75	AGE75	16243	16242_NelsonMandela_75_m
308	JanetLeigh	75	AGE75	12730	12729_JanetLeigh_75_f
249	LivUllmann	75	AGE75	10270	10269_LivUllmann_75_f
420	MaryTylerMoore	75	AGE75	12845	12844_MaryTylerMoore_75_f
437	MarisaPavan	75	AGE75	3512	3511_MarisaPavan_75_m
553	DanielleDarrieux	75	AGE75	13444	13443_DanielleDarrieux_75_f
351	JonVoight	75	AGE75	2091	2090_JonVoight_75_m
393	WinstonChurchill	75	AGE75	878	877_WinstonChurchill_75_m
307	GiulianoGemma	75	AGE75	8017	8016_GiulianoGemma_75_m
372	BernadetteLafont	75	AGE75	14897	14896_BernadetteLafont_75_f
251	St╨ТphaneAudran	75	AGE75	15895	15894_St╨ТphaneAudran_75_f
510	PeterFalk	75	AGE75	5623	5622_PeterFalk_75_m
560	GregoryPeck	75	AGE75	9374	9373_GregoryPeck_75_m
524	MaureenOHara	75	AGE75	11641	11640_MaureenOHara_75_f
351	JonVoight	75	AGE75	2090	2089_JonVoight_75_m
122	MorganFreeman 	75	AGE75	16044	16043_MorganFreeman _75_m
419	ShirleyJones	75	AGE75	11273	11272_ShirleyJones_75_f
459	WilliamShatner	75	AGE75	6094	6093_WilliamShatner_75_m
523	MartinSheen	75	AGE75	3556	3555_MartinSheen_75_m
141	ErnestBorgnine	75	AGE75	8934	8933_ErnestBorgnine_75_m
375	EdwardGRobinson	75	AGE75	9464	9463_EdwardGRobinson_75_m
275	NelsonMandela	75	AGE75	16244	16243_NelsonMandela_75_m
560	GregoryPeck	75	AGE75	9367	9366_GregoryPeck_75_m
290	CHARLIERUGGLES	76	AGE76	9525	9524_CHARLIERUGGLES_76_m
207	BillCosby	76	AGE76	16198	16197_BillCosby_76_m
89	PatriciaNeal	76	AGE76	13749	13748_PatriciaNeal_76_f
437	MarisaPavan	76	AGE76	3513	3512_MarisaPavan_76_m
170	CharlesBoyer	76	AGE76	6985	6984_CharlesBoyer_76_m
442	mitsotakis	76	AGE76	640	639_mitsotakis_76_m
126	JamesArness	76	AGE76	6366	6365_JamesArness_76_m
169	Turner	76	AGE76	16436	16435_Turner_76_f
477	GeorgeHWBush	76	AGE76	697	696_GeorgeHWBush_76_m
536	BerryGordy	76	AGE76	458	457_BerryGordy_76_m
182	DustinHoffman	76	AGE76	4520	4519_DustinHoffman_76_m
518	RomanPolanski	76	AGE76	4922	4921_RomanPolanski_76_m
161	MaggieSmith	76	AGE76	10717	10716_MaggieSmith_76_f
419	ShirleyJones	76	AGE76	11274	11273_ShirleyJones_76_f
42	RoyScheider	76	AGE76	13240	13239_RoyScheider_76_f
16	ReginaldOwen	76	AGE76	8263	8262_ReginaldOwen_76_m
71	EvaMarieSaint	76	AGE76	12117	12116_EvaMarieSaint_76_f
369	BorisKarloff	76	AGE76	6948	6947_BorisKarloff_76_m
186	ElliottGould	76	AGE76	4549	4548_ElliottGould_76_m
484	JackLarson	76	AGE76	5941	5940_JackLarson_76_m
296	JaneRussell	76	AGE76	13133	13132_JaneRussell_76_f
388	JoanCollins	76	AGE76	10554	10553_JoanCollins_76_f
351	JonVoight	76	AGE76	2092	2091_JonVoight_76_m
494	JessicaTandy	76	AGE76	13630	13629_JessicaTandy_76_f
269	BenGazzara	76	AGE76	5797	5796_BenGazzara_76_m
63	PeggyAshcroft	76	AGE76	14476	14475_PeggyAshcroft_76_f
383	JamesGarner	76	AGE76	4633	4632_JamesGarner_76_m
375	EdwardGRobinson	76	AGE76	9465	9464_EdwardGRobinson_76_m
485	DanaAndrews	76	AGE76	6166	6165_DanaAndrews_76_m
175	FrancesDee	76	AGE76	5834	5833_FrancesDee_76_m
287	JosephCotten	76	AGE76	7241	7240_JosephCotten_76_m
275	NelsonMandela	76	AGE76	16258	16257_NelsonMandela_76_m
207	BillCosby	76	AGE76	16199	16198_BillCosby_76_m
526	AngieDickinson	76	AGE76	12458	12457_AngieDickinson_76_f
441	motherTereza	76	AGE76	485	484_motherTereza_76_f
190	ClintWalker	76	AGE76	4081	4080_ClintWalker_76_m
328	PabloPicasso	76	AGE76	278	277_PabloPicasso_76_m
441	motherTereza	76	AGE76	487	486_motherTereza_76_f
102	WalterPidgeon	76	AGE76	8460	8459_WalterPidgeon_76_m
405	Gorbachev	76	AGE76	606	605_Gorbachev_76_m
279	DorisDay	76	AGE76	9743	9742_DorisDay_76_f
188	JulieAndrews	76	AGE76	11497	11496_JulieAndrews_76_f
9	FessParker	76	AGE76	7082	7081_FessParker_76_m
104	VanessaRedgrave	76	AGE76	13841	13840_VanessaRedgrave_76_f
275	NelsonMandela	76	AGE76	16256	16255_NelsonMandela_76_m
350	VittorioGassman	76	AGE76	9269	9268_VittorioGassman_76_m
175	FrancesDee	76	AGE76	12612	12611_FrancesDee_76_f
328	PabloPicasso	76	AGE76	275	274_PabloPicasso_76_m
95	DavidSarnoff	76	AGE76	387	386_DavidSarnoff_76_m
42	RoyScheider	76	AGE76	6819	6818_RoyScheider_76_m
420	MaryTylerMoore	76	AGE76	12846	12845_MaryTylerMoore_76_f
69	BrianDennehy	76	AGE76	3974	3973_BrianDennehy_76_m
302	ClaudeRich	76	AGE76	2491	2490_ClaudeRich_76_m
112	MickeyRooney	76	AGE76	7436	7435_MickeyRooney_76_m
40	AnthonyHopkins	76	AGE76	5110	5109_AnthonyHopkins_76_m
308	JanetLeigh	76	AGE76	12731	12730_JanetLeigh_76_f
219	DerekJacobi	76	AGE76	3194	3193_DerekJacobi_76_m
515	mahatmagandhi	76	AGE76	859	858_mahatmagandhi_76_m
451	BurtLancaster	76	AGE76	9272	9271_BurtLancaster_76_m
78	JamesBest	76	AGE76	1967	1966_JamesBest_76_m
98	RichardChamberlain	76	AGE76	8302	8301_RichardChamberlain_76_m
1	HerbertLom	76	AGE76	5875	5874_HerbertLom_76_m
142	JanetGaynor	76	AGE76	14261	14260_JanetGaynor_76_f
533	ClintEastwood	76	AGE76	5212	5211_ClintEastwood_76_m
22	TerryMoore	76	AGE76	10330	10329_TerryMoore_76_f
74	AnthonyQuayle	76	AGE76	7853	7852_AnthonyQuayle_76_m
368	BettyGarrett	76	AGE76	15072	15071_BettyGarrett_76_f
409	RexHarrison	76	AGE76	6740	6739_RexHarrison_76_m
151	AnnieGirardot	76	AGE76	13909	13908_AnnieGirardot_76_f
380	TomasMilian	76	AGE76	3914	3913_TomasMilian_76_m
449	ZsaZsaGabor	76	AGE76	11389	11388_ZsaZsaGabor_76_f
392	EstherWilliams	76	AGE76	14180	14179_EstherWilliams_76_f
18	ElsaMartinelli	76	AGE76	12086	12085_ElsaMartinelli_76_f
263	JanePowell	76	AGE76	15414	15413_JanePowell_76_f
465	JohnDRockefeller	76	AGE76	437	436_JohnDRockefeller_76_m
412	BeaArthur	76	AGE76	11913	11912_BeaArthur_76_f
258	FredMacMurray	76	AGE76	8981	8980_FredMacMurray_76_m
228	SophiaLoren	76	AGE76	11298	11297_SophiaLoren_76_f
48	GenaRowlands	76	AGE76	4159	4158_GenaRowlands_76_m
534	AlbertoSordi	76	AGE76	7780	7779_AlbertoSordi_76_m
229	Myl╨ЪneDemongeot	76	AGE76	12875	12874_Myl╨ЪneDemongeot_76_f
251	St╨ТphaneAudran	76	AGE76	15896	15895_St╨ТphaneAudran_76_f
233	Arletty	76	AGE76	10932	10931_Arletty_76_f
75	EllenBurstyn	76	AGE76	11018	11017_EllenBurstyn_76_f
435	DebbieReynolds	76	AGE76	12050	12049_DebbieReynolds_76_f
19	EdwardFox	76	AGE76	1940	1939_EdwardFox_76_m
417	StevenBerkoff	76	AGE76	4960	4959_StevenBerkoff_76_m
416	JohnHuston	76	AGE76	6019	6018_JohnHuston_76_m
313	LeslieCaron	76	AGE76	3477	3476_LeslieCaron_76_m
208	ShelleyWinters	76	AGE76	14774	14773_ShelleyWinters_76_f
44	VincentPrice	76	AGE76	7741	7740_VincentPrice_76_m
459	WilliamShatner	76	AGE76	6088	6087_WilliamShatner_76_m
213	RabindranathTagore	76	AGE76	1464	1463_RabindranathTagore_76_m
65	JohnForsythe	76	AGE76	8090	8089_JohnForsythe_76_m
346	GloriaSwanson	76	AGE76	13994	13993_GloriaSwanson_76_f
547	RuthGordon	76	AGE76	12900	12899_RuthGordon_76_f
64	MikeConnors	76	AGE76	3626	3625_MikeConnors_76_m
320	TippiHedren	76	AGE76	10902	10901_TippiHedren_76_f
446	AbeVigoda	76	AGE76	2348	2347_AbeVigoda_76_m
208	ShelleyWinters	76	AGE76	14785	14784_ShelleyWinters_76_f
505	GingerRogers	76	AGE76	13486	13485_GingerRogers_76_f
136	LawrenceTierney	76	AGE76	9100	9099_LawrenceTierney_76_m
408	MelBrooks	76	AGE76	2121	2120_MelBrooks_76_m
262	MarlonBrando	76	AGE76	9124	9123_MarlonBrando_76_m
516	JWMarriott	76	AGE76	476	475_JWMarriott_76_m
515	mahatmagandhi	76	AGE76	863	862_mahatmagandhi_76_m
503	JeanPaulBelmondo	76	AGE76	7158	7157_JeanPaulBelmondo_76_m
73	DyanCannon	76	AGE76	15285	15284_DyanCannon_76_f
2	RoyRogers	76	AGE76	5721	5720_RoyRogers_76_m
411	LeslieNielsen	77	AGE77	8123	8122_LeslieNielsen_77_m
459	WilliamShatner	77	AGE77	6089	6088_WilliamShatner_77_m
437	MarisaPavan	77	AGE77	3514	3513_MarisaPavan_77_m
64	MikeConnors	77	AGE77	3627	3626_MikeConnors_77_m
190	ClintWalker	77	AGE77	4082	4081_ClintWalker_77_m
371	ChristopherPlummer	77	AGE77	7878	7877_ChristopherPlummer_77_m
35	LouisJourdan	77	AGE77	7365	7364_LouisJourdan_77_m
239	RoseMarie	77	AGE77	9904	9903_RoseMarie_77_f
275	NelsonMandela	77	AGE77	16259	16258_NelsonMandela_77_m
553	DanielleDarrieux	77	AGE77	13445	13444_DanielleDarrieux_77_f
188	JulieAndrews	77	AGE77	11498	11497_JulieAndrews_77_f
380	TomasMilian	77	AGE77	3915	3914_TomasMilian_77_m
420	MaryTylerMoore	77	AGE77	12840	12839_MaryTylerMoore_77_f
313	LeslieCaron	77	AGE77	3478	3477_LeslieCaron_77_m
308	JanetLeigh	77	AGE77	12732	12731_JanetLeigh_77_f
430	HelenHayes	77	AGE77	13522	13521_HelenHayes_77_f
241	SeanConnery	77	AGE77	3793	3792_SeanConnery_77_m
243	Dench	77	AGE77	16361	16360_Dench_77_f
458	JeanMarais	77	AGE77	5981	5980_JeanMarais_77_m
417	StevenBerkoff	77	AGE77	4961	4960_StevenBerkoff_77_m
303	GeneHackman	77	AGE77	3248	3247_GeneHackman_77_m
16	ReginaldOwen	77	AGE77	8264	8263_ReginaldOwen_77_m
9	FessParker	77	AGE77	7083	7082_FessParker_77_m
71	EvaMarieSaint	77	AGE77	12118	12117_EvaMarieSaint_77_f
206	HowardKeel	77	AGE77	5917	5916_HowardKeel_77_m
214	JoanLeslie	77	AGE77	10185	10184_JoanLeslie_77_f
382	GilbertRoland	77	AGE77	7972	7971_GilbertRoland_77_m
368	BettyGarrett	77	AGE77	15073	15072_BettyGarrett_77_f
265	BurtReynolds	77	AGE77	4005	4004_BurtReynolds_77_m
547	RuthGordon	77	AGE77	12901	12900_RuthGordon_77_f
263	JanePowell	77	AGE77	15415	15414_JanePowell_77_f
557	DavidMcCallum	77	AGE77	5249	5248_DavidMcCallum_77_m
320	TippiHedren	77	AGE77	10903	10902_TippiHedren_77_f
207	BillCosby	77	AGE77	16197	16196_BillCosby_77_m
286	CydCharisse	77	AGE77	15205	15204_CydCharisse_77_f
408	MelBrooks	77	AGE77	2122	2121_MelBrooks_77_m
416	JohnHuston	77	AGE77	6020	6019_JohnHuston_77_m
318	EsteeLauder	77	AGE77	29	28_EsteeLauder_77_f
468	BetteDavis	77	AGE77	13368	13367_BetteDavis_77_f
302	ClaudeRich	77	AGE77	2492	2491_ClaudeRich_77_m
316	MegRyan	77	AGE77	9701	9700_MegRyan_77_f
484	JackLarson	77	AGE77	5942	5941_JackLarson_77_m
381	TonyCurtis	77	AGE77	7660	7659_TonyCurtis_77_m
258	FredMacMurray	77	AGE77	8982	8981_FredMacMurray_77_m
269	BenGazzara	77	AGE77	5798	5797_BenGazzara_77_m
284	RobertMorley	77	AGE77	7561	7560_RobertMorley_77_m
75	EllenBurstyn	77	AGE77	11019	11018_EllenBurstyn_77_f
431	RobertRedford	77	AGE77	4843	4842_RobertRedford_77_m
419	ShirleyJones	77	AGE77	11275	11274_ShirleyJones_77_f
27	LaurenBacall	77	AGE77	11552	11551_LaurenBacall_77_f
19	EdwardFox	77	AGE77	1941	1940_EdwardFox_77_m
73	DyanCannon	77	AGE77	15286	15285_DyanCannon_77_f
63	PeggyAshcroft	77	AGE77	14478	14477_PeggyAshcroft_77_f
431	RobertRedford	77	AGE77	4848	4847_RobertRedford_77_m
449	ZsaZsaGabor	77	AGE77	11390	11389_ZsaZsaGabor_77_f
91	DickieMoore	77	AGE77	6219	6218_DickieMoore_77_m
113	GladysCooper	77	AGE77	7123	7122_GladysCooper_77_m
292	KathrynHays	77	AGE77	10584	10583_KathrynHays_77_f
492	RobertDuvall	77	AGE77	4399	4398_RobertDuvall_77_m
350	VittorioGassman	77	AGE77	9271	9270_VittorioGassman_77_m
496	GlendaJackson	77	AGE77	12182	12181_GlendaJackson_77_f
18	ElsaMartinelli	77	AGE77	12087	12086_ElsaMartinelli_77_f
340	CliffRobertson	77	AGE77	8566	8565_CliffRobertson_77_m
169	Turner	77	AGE77	16437	16436_Turner_77_f
121	RafVallone	77	AGE77	6056	6055_RafVallone_77_m
494	JessicaTandy	77	AGE77	13622	13621_JessicaTandy_77_f
113	GladysCooper	77	AGE77	13514	13513_GladysCooper_77_f
63	PeggyAshcroft	77	AGE77	14477	14476_PeggyAshcroft_77_f
131	ElizabethTaylor	77	AGE77	14695	14694_ElizabethTaylor_77_f
293	PeterGraves	77	AGE77	6707	6706_PeterGraves_77_m
400	EliWallach	77	AGE77	3196	3195_EliWallach_77_m
43	AnnMiller	77	AGE77	15039	15038_AnnMiller_77_f
49	BobHope	77	AGE77	5173	5172_BobHope_77_m
4	CaryGrant	77	AGE77	6115	6114_CaryGrant_77_m
154	JeanneMoreau	77	AGE77	11076	11075_JeanneMoreau_77_f
22	TerryMoore	77	AGE77	10331	10330_TerryMoore_77_f
385	UrsulaAndress	77	AGE77	12391	12390_UrsulaAndress_77_f
115	BarbaraBain	77	AGE77	10436	10435_BarbaraBain_77_f
29	IreneDunne	77	AGE77	13582	13581_IreneDunne_77_f
350	VittorioGassman	77	AGE77	9270	9269_VittorioGassman_77_m
44	VincentPrice	77	AGE77	7742	7741_VincentPrice_77_m
503	JeanPaulBelmondo	77	AGE77	7152	7151_JeanPaulBelmondo_77_m
122	MorganFreeman 	77	AGE77	16023	16022_MorganFreeman _77_m
110	MargaretThatcher	77	AGE77	572	571_MargaretThatcher_77_f
100	LyleTalbot	77	AGE77	7396	7395_LyleTalbot_77_m
392	EstherWilliams	77	AGE77	14171	14170_EstherWilliams_77_f
48	GenaRowlands	77	AGE77	4160	4159_GenaRowlands_77_m
178	AndyGriffith	77	AGE77	7817	7816_AndyGriffith_77_m
388	JoanCollins	77	AGE77	10555	10554_JoanCollins_77_f
400	EliWallach	77	AGE77	3214	3213_EliWallach_77_m
136	LawrenceTierney	77	AGE77	9107	9106_LawrenceTierney_77_m
393	WinstonChurchill	77	AGE77	884	883_WinstonChurchill_77_m
346	GloriaSwanson	77	AGE77	14000	13999_GloriaSwanson_77_f
375	EdwardGRobinson	77	AGE77	9466	9465_EdwardGRobinson_77_m
534	AlbertoSordi	77	AGE77	7781	7780_AlbertoSordi_77_m
151	AnnieGirardot	77	AGE77	13910	13909_AnnieGirardot_77_f
122	MorganFreeman 	77	AGE77	16029	16028_MorganFreeman _77_m
290	CHARLIERUGGLES	77	AGE77	9526	9525_CHARLIERUGGLES_77_m
112	MickeyRooney	77	AGE77	7437	7436_MickeyRooney_77_m
60	CharlesGrodin	77	AGE77	5205	5204_CharlesGrodin_77_m
518	RomanPolanski	77	AGE77	4923	4922_RomanPolanski_77_m
516	JWMarriott	77	AGE77	475	474_JWMarriott_77_m
104	VanessaRedgrave	77	AGE77	13842	13841_VanessaRedgrave_77_f
146	RicardoMontalb╨░n	77	AGE77	9561	9560_RicardoMontalb╨░n_77_m
241	SeanConnery	78	AGE78	3785	3784_SeanConnery_78_m
146	RicardoMontalb╨░n	78	AGE78	9562	9561_RicardoMontalb╨░n_78_m
503	JeanPaulBelmondo	78	AGE78	7153	7152_JeanPaulBelmondo_78_m
43	AnnMiller	78	AGE78	15040	15039_AnnMiller_78_f
91	DickieMoore	78	AGE78	6220	6219_DickieMoore_78_m
269	BenGazzara	78	AGE78	5799	5798_BenGazzara_78_m
443	HedyLamarr	78	AGE78	12634	12633_HedyLamarr_78_f
239	RoseMarie	78	AGE78	9905	9904_RoseMarie_78_f
16	ReginaldOwen	78	AGE78	8265	8264_ReginaldOwen_78_m
449	ZsaZsaGabor	78	AGE78	11391	11390_ZsaZsaGabor_78_f
555	GeneWilder	78	AGE78	2601	2600_GeneWilder_78_m
286	CydCharisse	78	AGE78	15206	15205_CydCharisse_78_f
126	JamesArness	78	AGE78	6367	6366_JamesArness_78_m
477	GeorgeHWBush	78	AGE78	690	689_GeorgeHWBush_78_m
441	motherTereza	78	AGE78	484	483_motherTereza_78_f
536	BerryGordy	78	AGE78	463	462_BerryGordy_78_m
303	GeneHackman	78	AGE78	3241	3240_GeneHackman_78_m
526	AngieDickinson	78	AGE78	12459	12458_AngieDickinson_78_f
335	JoanFontaine	78	AGE78	14323	14322_JoanFontaine_78_f
161	MaggieSmith	78	AGE78	10718	10717_MaggieSmith_78_f
435	DebbieReynolds	78	AGE78	12056	12055_DebbieReynolds_78_f
405	Gorbachev	78	AGE78	605	604_Gorbachev_78_m
419	ShirleyJones	78	AGE78	11276	11275_ShirleyJones_78_f
216	FrederickSanger	78	AGE78	1160	1159_FrederickSanger_78_m
216	FrederickSanger	78	AGE78	1161	1160_FrederickSanger_78_m
408	MelBrooks	78	AGE78	2123	2122_MelBrooks_78_m
61	RonaldReagan	78	AGE78	754	753_RonaldReagan_78_m
6	Carroll	78	AGE78	16314	16313_Carroll_78_f
2	RoyRogers	78	AGE78	5722	5721_RoyRogers_78_m
6	Carroll	78	AGE78	16313	16312_Carroll_78_f
73	DyanCannon	78	AGE78	15287	15286_DyanCannon_78_f
318	EsteeLauder	78	AGE78	31	30_EsteeLauder_78_f
84	AngelaLansbury	78	AGE78	11984	11983_AngelaLansbury_78_f
448	AlbertSchweitzer	78	AGE78	1176	1175_AlbertSchweitzer_78_m
60	CharlesGrodin	78	AGE78	5206	5205_CharlesGrodin_78_m
37	JoanneWoodward	78	AGE78	12273	12272_JoanneWoodward_78_f
136	LawrenceTierney	78	AGE78	9101	9100_LawrenceTierney_78_m
516	JWMarriott	78	AGE78	477	476_JWMarriott_78_m
467	BertrandRussell	78	AGE78	1364	1363_BertrandRussell_78_m
467	BertrandRussell	78	AGE78	1360	1359_BertrandRussell_78_m
291	IlyaPrigogine	78	AGE78	1270	1269_IlyaPrigogine_78_m
279	DorisDay	78	AGE78	9744	9743_DorisDay_78_f
409	RexHarrison	78	AGE78	6729	6728_RexHarrison_78_m
534	AlbertoSordi	78	AGE78	7782	7781_AlbertoSordi_78_m
265	BurtReynolds	78	AGE78	4006	4005_BurtReynolds_78_m
417	StevenBerkoff	78	AGE78	4962	4961_StevenBerkoff_78_m
369	BorisKarloff	78	AGE78	6949	6948_BorisKarloff_78_m
302	ClaudeRich	78	AGE78	2493	2492_ClaudeRich_78_m
547	RuthGordon	78	AGE78	12902	12901_RuthGordon_78_f
203	DebraPaget	78	AGE78	15245	15244_DebraPaget_78_f
64	MikeConnors	78	AGE78	3628	3627_MikeConnors_78_m
214	JoanLeslie	78	AGE78	10186	10185_JoanLeslie_78_f
238	RobertMitchum	78	AGE78	9232	9231_RobertMitchum_78_m
518	RomanPolanski	78	AGE78	4924	4923_RomanPolanski_78_m
154	JeanneMoreau	78	AGE78	11077	11076_JeanneMoreau_78_f
6	Carroll	78	AGE78	16301	16300_Carroll_78_f
110	MargaretThatcher	78	AGE78	570	569_MargaretThatcher_78_f
87	JPaulGetty	78	AGE78	390	389_JPaulGetty_78_m
471	ClaudetteColbert	78	AGE78	14681	14680_ClaudetteColbert_78_f
229	Myl╨ЪneDemongeot	78	AGE78	12876	12875_Myl╨ЪneDemongeot_78_f
263	JanePowell	78	AGE78	15416	15415_JanePowell_78_f
300	PeterMarkRichman	78	AGE78	7495	7494_PeterMarkRichman_78_m
448	AlbertSchweitzer	78	AGE78	1173	1172_AlbertSchweitzer_78_m
290	CHARLIERUGGLES	78	AGE78	9527	9526_CHARLIERUGGLES_78_m
368	BettyGarrett	78	AGE78	15074	15073_BettyGarrett_78_f
355	CelesteHolm	78	AGE78	13399	13398_CelesteHolm_78_f
190	ClintWalker	78	AGE78	4083	4082_ClintWalker_78_m
199	CharltonHeaston	78	AGE78	8871	8870_CharltonHeaston_78_m
306	KrisKristofferson	78	AGE78	7271	7270_KrisKristofferson_78_m
561	QueenElizabet	78	AGE78	594	593_QueenElizabet_78_f
243	Dench	78	AGE78	16357	16356_Dench_78_f
552	FidelCastro	78	AGE78	682	681_FidelCastro_78_m
243	Dench	78	AGE78	16358	16357_Dench_78_f
482	JuneLockhart	78	AGE78	11139	11138_JuneLockhart_78_f
1	HerbertLom	78	AGE78	5876	5875_HerbertLom_78_m
94	GabrielGarciaMarquez	78	AGE78	1507	1506_GabrielGarciaMarquez_78_m
98	RichardChamberlain	78	AGE78	8303	8302_RichardChamberlain_78_m
430	HelenHayes	78	AGE78	13544	13543_HelenHayes_78_f
430	HelenHayes	78	AGE78	13551	13550_HelenHayes_78_f
485	DanaAndrews	78	AGE78	6167	6166_DanaAndrews_78_m
303	GeneHackman	78	AGE78	3234	3233_GeneHackman_78_m
494	JessicaTandy	78	AGE78	13623	13622_JessicaTandy_78_f
313	LeslieCaron	78	AGE78	3479	3478_LeslieCaron_78_m
484	JackLarson	78	AGE78	5943	5942_JackLarson_78_m
243	Dench	78	AGE78	16368	16367_Dench_78_f
99	YvonneDeCarlo	78	AGE78	14626	14625_YvonneDeCarlo_78_f
78	JamesBest	78	AGE78	1968	1967_JamesBest_78_m
532	KostasXatzixristos	78	AGE78	9620	9619_KostasXatzixristos_78_m
510	PeterFalk	78	AGE78	5625	5624_PeterFalk_78_m
524	MaureenOHara	78	AGE78	11645	11644_MaureenOHara_78_f
258	FredMacMurray	78	AGE78	8983	8982_FredMacMurray_78_m
371	ChristopherPlummer	78	AGE78	7879	7878_ChristopherPlummer_78_m
509	MichaelCaine	78	AGE78	4724	4723_MichaelCaine_78_m
454	JerryLewis	78	AGE78	2668	2667_JerryLewis_78_m
178	AndyGriffith	78	AGE78	7818	7817_AndyGriffith_78_m
510	PeterFalk	78	AGE78	5624	5623_PeterFalk_78_m
524	MaureenOHara	78	AGE78	11642	11641_MaureenOHara_78_f
426	TheodorakisMikis	78	AGE78	241	240_TheodorakisMikis_78_m
95	DavidSarnoff	78	AGE78	385	384_DavidSarnoff_78_m
187	JenniferJones	78	AGE78	14602	14601_JenniferJones_78_f
437	MarisaPavan	78	AGE78	3515	3514_MarisaPavan_78_m
18	ElsaMartinelli	78	AGE78	12088	12087_ElsaMartinelli_78_f
188	JulieAndrews	78	AGE78	11499	11498_JulieAndrews_78_f
416	JohnHuston	78	AGE78	6021	6020_JohnHuston_78_m
492	RobertDuvall	78	AGE78	4400	4399_RobertDuvall_78_m
112	MickeyRooney	78	AGE78	7438	7437_MickeyRooney_78_m
484	JackLarson	79	AGE79	5944	5943_JackLarson_79_m
547	RuthGordon	79	AGE79	12903	12902_RuthGordon_79_f
263	JanePowell	79	AGE79	15417	15416_JanePowell_79_f
243	Dench	79	AGE79	16356	16355_Dench_79_f
176	RodTaylor	79	AGE79	2289	2288_RodTaylor_79_m
44	VincentPrice	79	AGE79	7743	7742_VincentPrice_79_m
213	RabindranathTagore	79	AGE79	1467	1466_RabindranathTagore_79_m
293	PeterGraves	79	AGE79	6696	6695_PeterGraves_79_m
346	GloriaSwanson	79	AGE79	13995	13994_GloriaSwanson_79_f
492	RobertDuvall	79	AGE79	4401	4400_RobertDuvall_79_m
408	MelBrooks	79	AGE79	2124	2123_MelBrooks_79_m
300	PeterMarkRichman	79	AGE79	7496	7495_PeterMarkRichman_79_m
409	RexHarrison	79	AGE79	6741	6740_RexHarrison_79_m
216	FrederickSanger	79	AGE79	1159	1158_FrederickSanger_79_m
178	AndyGriffith	79	AGE79	7819	7818_AndyGriffith_79_m
190	ClintWalker	79	AGE79	4084	4083_ClintWalker_79_m
518	RomanPolanski	79	AGE79	4925	4924_RomanPolanski_79_m
151	AnnieGirardot	79	AGE79	13911	13910_AnnieGirardot_79_f
154	JeanneMoreau	79	AGE79	11078	11077_JeanneMoreau_79_f
313	LeslieCaron	79	AGE79	3480	3479_LeslieCaron_79_m
383	JamesGarner	79	AGE79	4643	4642_JamesGarner_79_m
510	PeterFalk	79	AGE79	5626	5625_PeterFalk_79_m
458	JeanMarais	79	AGE79	5982	5981_JeanMarais_79_m
290	CHARLIERUGGLES	79	AGE79	9528	9527_CHARLIERUGGLES_79_m
115	BarbaraBain	79	AGE79	10437	10436_BarbaraBain_79_f
468	BetteDavis	79	AGE79	13367	13366_BetteDavis_79_f
119	AlanYoung	79	AGE79	1893	1892_AlanYoung_79_m
411	LeslieNielsen	79	AGE79	8124	8123_LeslieNielsen_79_m
320	TippiHedren	79	AGE79	10904	10903_TippiHedren_79_f
122	MorganFreeman 	79	AGE79	16027	16026_MorganFreeman _79_m
448	AlbertSchweitzer	79	AGE79	1172	1171_AlbertSchweitzer_79_m
71	EvaMarieSaint	79	AGE79	12119	12118_EvaMarieSaint_79_f
302	ClaudeRich	79	AGE79	2494	2493_ClaudeRich_79_m
552	FidelCastro	79	AGE79	683	682_FidelCastro_79_m
368	BettyGarrett	79	AGE79	15075	15074_BettyGarrett_79_f
534	AlbertoSordi	79	AGE79	7783	7782_AlbertoSordi_79_m
418	DeborahKerr	79	AGE79	13953	13952_DeborahKerr_79_f
369	BorisKarloff	79	AGE79	6929	6928_BorisKarloff_79_m
555	GeneWilder	79	AGE79	2602	2601_GeneWilder_79_m
340	CliffRobertson	79	AGE79	8567	8566_CliffRobertson_79_m
422	HarrySTruman	79	AGE79	843	842_HarrySTruman_79_m
141	ErnestBorgnine	79	AGE79	8935	8934_ErnestBorgnine_79_m
78	JamesBest	79	AGE79	1969	1968_JamesBest_79_m
561	QueenElizabet	79	AGE79	595	594_QueenElizabet_79_f
416	JohnHuston	79	AGE79	6022	6021_JohnHuston_79_m
91	DickieMoore	79	AGE79	6207	6206_DickieMoore_79_m
288	AnitaEkberg	79	AGE79	10369	10368_AnitaEkberg_79_f
509	MichaelCaine	79	AGE79	4727	4726_MichaelCaine_79_m
286	CydCharisse	79	AGE79	15207	15206_CydCharisse_79_f
258	FredMacMurray	79	AGE79	8984	8983_FredMacMurray_79_m
203	DebraPaget	79	AGE79	15246	15245_DebraPaget_79_f
98	RichardChamberlain	79	AGE79	8304	8303_RichardChamberlain_79_m
433	MaximilianShell	79	AGE79	9496	9495_MaximilianShell_79_m
482	JuneLockhart	79	AGE79	11140	11139_JuneLockhart_79_f
366	MelFerrer	79	AGE79	6646	6645_MelFerrer_79_m
22	TerryMoore	79	AGE79	10332	10331_TerryMoore_79_f
102	WalterPidgeon	79	AGE79	8461	8460_WalterPidgeon_79_m
526	AngieDickinson	79	AGE79	12436	12435_AngieDickinson_79_f
536	BerryGordy	79	AGE79	446	445_BerryGordy_79_m
419	ShirleyJones	79	AGE79	11277	11276_ShirleyJones_79_f
199	CharltonHeaston	79	AGE79	8872	8871_CharltonHeaston_79_m
122	MorganFreeman 	79	AGE79	16024	16023_MorganFreeman _79_m
494	JessicaTandy	79	AGE79	13624	13623_JessicaTandy_79_f
243	Dench	79	AGE79	16369	16368_Dench_79_f
239	RoseMarie	79	AGE79	9906	9905_RoseMarie_79_f
48	GenaRowlands	79	AGE79	4161	4160_GenaRowlands_79_m
126	JamesArness	79	AGE79	6368	6367_JamesArness_79_m
199	CharltonHeaston	79	AGE79	8877	8876_CharltonHeaston_79_m
122	MorganFreeman 	79	AGE79	16028	16027_MorganFreeman _79_m
43	AnnMiller	79	AGE79	15041	15040_AnnMiller_79_f
380	TomasMilian	79	AGE79	3916	3915_TomasMilian_79_m
446	AbeVigoda	79	AGE79	2349	2348_AbeVigoda_79_m
207	BillCosby	79	AGE79	16196	16195_BillCosby_79_m
392	EstherWilliams	79	AGE79	14181	14180_EstherWilliams_79_f
557	DavidMcCallum	79	AGE79	5250	5249_DavidMcCallum_79_m
488	DickVanDyke	79	AGE79	4116	4115_DickVanDyke_79_m
291	IlyaPrigogine	80	AGE80	1281	1280_IlyaPrigogine_80_m
313	LeslieCaron	80	AGE80	3481	3480_LeslieCaron_80_m
448	AlbertSchweitzer	80	AGE80	1170	1169_AlbertSchweitzer_80_m
84	AngelaLansbury	80	AGE80	11985	11984_AngelaLansbury_80_f
293	PeterGraves	80	AGE80	6697	6696_PeterGraves_80_m
553	DanielleDarrieux	80	AGE80	13446	13445_DanielleDarrieux_80_f
141	ErnestBorgnine	80	AGE80	8936	8935_ErnestBorgnine_80_m
291	IlyaPrigogine	80	AGE80	1282	1281_IlyaPrigogine_80_m
433	MaximilianShell	80	AGE80	9497	9496_MaximilianShell_80_m
78	JamesBest	80	AGE80	1970	1969_JamesBest_80_m
113	GladysCooper	80	AGE80	13515	13514_GladysCooper_80_f
258	FredMacMurray	80	AGE80	8985	8984_FredMacMurray_80_m
49	BobHope	80	AGE80	5174	5173_BobHope_80_m
80	KathrynGrayson	80	AGE80	15698	15697_KathrynGrayson_80_f
555	GeneWilder	80	AGE80	2603	2602_GeneWilder_80_m
449	ZsaZsaGabor	80	AGE80	11392	11391_ZsaZsaGabor_80_f
510	PeterFalk	80	AGE80	5627	5626_PeterFalk_80_m
552	FidelCastro	80	AGE80	684	683_FidelCastro_80_m
459	WilliamShatner	80	AGE80	6090	6089_WilliamShatner_80_m
239	RoseMarie	80	AGE80	9907	9906_RoseMarie_80_f
98	RichardChamberlain	80	AGE80	8305	8304_RichardChamberlain_80_m
412	BeaArthur	80	AGE80	11914	11913_BeaArthur_80_f
64	MikeConnors	80	AGE80	3629	3628_MikeConnors_80_m
380	TomasMilian	80	AGE80	3917	3916_TomasMilian_80_m
411	LeslieNielsen	80	AGE80	8130	8129_LeslieNielsen_80_m
233	Arletty	80	AGE80	10933	10932_Arletty_80_f
427	NewmanPaul	80	AGE80	7450	7449_NewmanPaul_80_m
554	CharlieChaplin	80	AGE80	8531	8530_CharlieChaplin_80_m
458	JeanMarais	80	AGE80	5983	5982_JeanMarais_80_m
291	IlyaPrigogine	80	AGE80	1280	1279_IlyaPrigogine_80_m
113	GladysCooper	80	AGE80	7124	7123_GladysCooper_80_m
416	JohnHuston	80	AGE80	6023	6022_JohnHuston_80_m
254	Thanasisveggos	80	AGE80	9414	9413_Thanasisveggos_80_m
422	HarrySTruman	80	AGE80	842	841_HarrySTruman_80_m
561	QueenElizabet	80	AGE80	588	587_QueenElizabet_80_f
87	JPaulGetty	80	AGE80	395	394_JPaulGetty_80_m
446	AbeVigoda	80	AGE80	2350	2349_AbeVigoda_80_m
408	MelBrooks	80	AGE80	2125	2124_MelBrooks_80_m
286	CydCharisse	80	AGE80	15208	15207_CydCharisse_80_f
482	JuneLockhart	80	AGE80	11141	11140_JuneLockhart_80_f
359	KostasVoutsas	80	AGE80	4714	4713_KostasVoutsas_80_m
484	JackLarson	80	AGE80	5945	5944_JackLarson_80_m
422	HarrySTruman	80	AGE80	837	836_HarrySTruman_80_m
71	EvaMarieSaint	80	AGE80	12120	12119_EvaMarieSaint_80_f
536	BerryGordy	80	AGE80	457	456_BerryGordy_80_m
208	ShelleyWinters	80	AGE80	14777	14776_ShelleyWinters_80_f
207	BillCosby	80	AGE80	16195	16194_BillCosby_80_m
43	AnnMiller	80	AGE80	15042	15041_AnnMiller_80_f
199	CharltonHeaston	80	AGE80	8878	8877_CharltonHeaston_80_m
287	JosephCotten	80	AGE80	7242	7241_JosephCotten_80_m
7	DonnaDouglas	80	AGE80	10988	10987_DonnaDouglas_80_f
27	LaurenBacall	80	AGE80	11554	11553_LaurenBacall_80_f
375	EdwardGRobinson	80	AGE80	9467	9466_EdwardGRobinson_80_m
89	PatriciaNeal	80	AGE80	13744	13743_PatriciaNeal_80_f
206	HowardKeel	80	AGE80	5918	5917_HowardKeel_80_m
526	AngieDickinson	80	AGE80	12437	12436_AngieDickinson_80_f
122	MorganFreeman 	80	AGE80	16026	16025_MorganFreeman _80_m
441	motherTereza	80	AGE80	506	505_motherTereza_80_f
418	DeborahKerr	80	AGE80	13964	13963_DeborahKerr_80_f
467	BertrandRussell	80	AGE80	1362	1361_BertrandRussell_80_m
269	BenGazzara	80	AGE80	5800	5799_BenGazzara_80_m
91	DickieMoore	80	AGE80	6208	6207_DickieMoore_80_m
494	JessicaTandy	80	AGE80	13631	13630_JessicaTandy_80_f
430	HelenHayes	80	AGE80	13521	13520_HelenHayes_80_f
123	Dee	80	AGE80	16335	16334_Dee_80_f
51	ClaudeL╨ТviStrauss	80	AGE80	1216	1215_ClaudeL╨ТviStrauss_80_m
201	KirkDouglas	80	AGE80	4297	4296_KirkDouglas_80_m
176	RodTaylor	80	AGE80	2290	2289_RodTaylor_80_m
518	RomanPolanski	80	AGE80	4926	4925_RomanPolanski_80_m
407	JulieAdams	80	AGE80	10214	10213_JulieAdams_80_f
122	MorganFreeman 	80	AGE80	16025	16024_MorganFreeman _80_m
263	JanePowell	80	AGE80	15418	15417_JanePowell_80_f
561	QueenElizabet	80	AGE80	596	595_QueenElizabet_80_f
302	ClaudeRich	80	AGE80	2495	2494_ClaudeRich_80_m
488	DickVanDyke	80	AGE80	4117	4116_DickVanDyke_80_m
328	PabloPicasso	80	AGE80	283	282_PabloPicasso_80_m
290	CHARLIERUGGLES	80	AGE80	9529	9528_CHARLIERUGGLES_80_m
328	PabloPicasso	80	AGE80	271	270_PabloPicasso_80_m
154	JeanneMoreau	80	AGE80	11079	11078_JeanneMoreau_80_f
435	DebbieReynolds	80	AGE80	12057	12056_DebbieReynolds_80_f
340	CliffRobertson	80	AGE80	8579	8578_CliffRobertson_80_m
300	PeterMarkRichman	80	AGE80	7497	7496_PeterMarkRichman_80_m
178	AndyGriffith	80	AGE80	7820	7819_AndyGriffith_80_m
303	GeneHackman	80	AGE80	3227	3226_GeneHackman_80_m
190	ClintWalker	80	AGE80	4085	4084_ClintWalker_80_m
296	JaneRussell	80	AGE80	13134	13133_JaneRussell_80_f
94	GabrielGarciaMarquez	80	AGE80	1500	1499_GabrielGarciaMarquez_80_m
115	BarbaraBain	80	AGE80	10438	10437_BarbaraBain_80_f
383	JamesGarner	80	AGE80	4635	4634_JamesGarner_80_m
467	BertrandRussell	80	AGE80	1363	1362_BertrandRussell_80_m
214	JoanLeslie	80	AGE80	10187	10186_JoanLeslie_80_f
330	JuneAllyson	81	AGE81	13656	13655_JuneAllyson_81_f
269	BenGazzara	81	AGE81	5801	5800_BenGazzara_81_m
435	DebbieReynolds	81	AGE81	12051	12050_DebbieReynolds_81_f
178	AndyGriffith	81	AGE81	7821	7820_AndyGriffith_81_m
433	MaximilianShell	81	AGE81	9498	9497_MaximilianShell_81_m
303	GeneHackman	81	AGE81	3252	3251_GeneHackman_81_m
112	MickeyRooney	81	AGE81	7439	7438_MickeyRooney_81_m
78	JamesBest	81	AGE81	1971	1970_JamesBest_81_m
355	CelesteHolm	81	AGE81	13400	13399_CelesteHolm_81_f
243	Dench	81	AGE81	16354	16353_Dench_81_f
485	DanaAndrews	81	AGE81	6169	6168_DanaAndrews_81_m
510	PeterFalk	81	AGE81	5628	5627_PeterFalk_81_m
459	WilliamShatner	81	AGE81	6095	6094_WilliamShatner_81_m
101	EdwardTeller	81	AGE81	1045	1044_EdwardTeller_81_m
485	DanaAndrews	81	AGE81	6168	6167_DanaAndrews_81_m
176	RodTaylor	81	AGE81	2291	2290_RodTaylor_81_m
379	JamesCagney	81	AGE81	6396	6395_JamesCagney_81_m
75	EllenBurstyn	81	AGE81	11020	11019_EllenBurstyn_81_f
328	PabloPicasso	81	AGE81	279	278_PabloPicasso_81_m
484	JackLarson	81	AGE81	5946	5945_JackLarson_81_m
482	JuneLockhart	81	AGE81	11142	11141_JuneLockhart_81_f
494	JessicaTandy	81	AGE81	13632	13631_JessicaTandy_81_f
328	PabloPicasso	81	AGE81	274	273_PabloPicasso_81_m
92	RogerMoore	81	AGE81	4875	4874_RogerMoore_81_m
100	LyleTalbot	81	AGE81	7400	7399_LyleTalbot_81_m
488	DickVanDyke	81	AGE81	4118	4117_DickVanDyke_81_m
2	RoyRogers	81	AGE81	5723	5722_RoyRogers_81_m
458	JeanMarais	81	AGE81	5984	5983_JeanMarais_81_m
526	AngieDickinson	81	AGE81	12438	12437_AngieDickinson_81_f
354	RandolphScott	81	AGE81	8239	8238_RandolphScott_81_m
64	MikeConnors	81	AGE81	3630	3629_MikeConnors_81_m
258	FredMacMurray	81	AGE81	8986	8985_FredMacMurray_81_m
91	DickieMoore	81	AGE81	6221	6220_DickieMoore_81_m
149	AlecGuinness	81	AGE81	8771	8770_AlecGuinness_81_m
137	SidneyPoitier	81	AGE81	16174	16173_SidneyPoitier_81_m
340	CliffRobertson	81	AGE81	8568	8567_CliffRobertson_81_m
505	GingerRogers	81	AGE81	13470	13469_GingerRogers_81_f
154	JeanneMoreau	81	AGE81	11080	11079_JeanneMoreau_81_f
368	BettyGarrett	81	AGE81	15076	15075_BettyGarrett_81_f
201	KirkDouglas	81	AGE81	4298	4297_KirkDouglas_81_m
561	QueenElizabet	81	AGE81	597	596_QueenElizabet_81_f
290	CHARLIERUGGLES	81	AGE81	9510	9509_CHARLIERUGGLES_81_m
27	LaurenBacall	81	AGE81	11555	11554_LaurenBacall_81_f
411	LeslieNielsen	81	AGE81	8134	8133_LeslieNielsen_81_m
471	ClaudetteColbert	81	AGE81	14680	14679_ClaudetteColbert_81_f
286	CydCharisse	81	AGE81	15209	15208_CydCharisse_81_f
534	AlbertoSordi	81	AGE81	7784	7783_AlbertoSordi_81_m
115	BarbaraBain	81	AGE81	10439	10438_BarbaraBain_81_f
427	NewmanPaul	81	AGE81	7461	7460_NewmanPaul_81_m
408	MelBrooks	81	AGE81	2126	2125_MelBrooks_81_m
214	JoanLeslie	81	AGE81	10188	10187_JoanLeslie_81_f
284	RobertMorley	81	AGE81	7547	7546_RobertMorley_81_m
263	JanePowell	81	AGE81	15419	15418_JanePowell_81_f
302	ClaudeRich	81	AGE81	2496	2495_ClaudeRich_81_m
500	IanHolm	81	AGE81	1591	1590_IanHolm_81_m
90	MichelPiccoli	81	AGE81	4778	4777_MichelPiccoli_81_m
84	AngelaLansbury	81	AGE81	11986	11985_AngelaLansbury_81_f
293	PeterGraves	81	AGE81	6698	6697_PeterGraves_81_m
506	MargeChampion	81	AGE81	11613	11612_MargeChampion_81_f
203	DebraPaget	81	AGE81	15247	15246_DebraPaget_81_f
442	mitsotakis	81	AGE81	638	637_mitsotakis_81_m
369	BorisKarloff	81	AGE81	6950	6949_BorisKarloff_81_m
206	HowardKeel	81	AGE81	5923	5922_HowardKeel_81_m
500	IanHolm	81	AGE81	1592	1591_IanHolm_81_m
123	Dee	81	AGE81	16336	16335_Dee_81_f
173	GreerGarson	81	AGE81	14021	14020_GreerGarson_81_f
71	EvaMarieSaint	81	AGE81	12121	12120_EvaMarieSaint_81_f
412	BeaArthur	81	AGE81	11915	11914_BeaArthur_81_f
428	OmarSharif	81	AGE81	3665	3664_OmarSharif_81_m
48	GenaRowlands	81	AGE81	4162	4161_GenaRowlands_81_m
63	PeggyAshcroft	81	AGE81	14484	14483_PeggyAshcroft_81_f
80	KathrynGrayson	81	AGE81	15699	15698_KathrynGrayson_81_f
1	HerbertLom	81	AGE81	5877	5876_HerbertLom_81_m
557	DavidMcCallum	81	AGE81	5237	5236_DavidMcCallum_81_m
535	Tyson	81	AGE81	16446	16445_Tyson_81_f
313	LeslieCaron	81	AGE81	3482	3481_LeslieCaron_81_m
293	PeterGraves	82	AGE82	6699	6698_PeterGraves_82_m
524	MaureenOHara	82	AGE82	11647	11646_MaureenOHara_82_f
275	NelsonMandela	82	AGE82	16250	16249_NelsonMandela_82_m
441	motherTereza	82	AGE82	496	495_motherTereza_82_f
75	EllenBurstyn	82	AGE82	11021	11020_EllenBurstyn_82_f
269	BenGazzara	82	AGE82	5802	5801_BenGazzara_82_m
123	Dee	82	AGE82	16334	16333_Dee_82_f
141	ErnestBorgnine	82	AGE82	8937	8936_ErnestBorgnine_82_m
16	ReginaldOwen	82	AGE82	8266	8265_ReginaldOwen_82_m
71	EvaMarieSaint	82	AGE82	12122	12121_EvaMarieSaint_82_f
526	AngieDickinson	82	AGE82	12460	12459_AngieDickinson_82_f
279	DorisDay	82	AGE82	9745	9744_DorisDay_82_f
275	NelsonMandela	82	AGE82	16255	16254_NelsonMandela_82_m
115	BarbaraBain	82	AGE82	10440	10439_BarbaraBain_82_f
65	JohnForsythe	82	AGE82	8091	8090_JohnForsythe_82_m
296	JaneRussell	82	AGE82	13135	13134_JaneRussell_82_f
121	RafVallone	82	AGE82	6057	6056_RafVallone_82_m
137	SidneyPoitier	82	AGE82	16175	16174_SidneyPoitier_82_m
27	LaurenBacall	82	AGE82	11556	11555_LaurenBacall_82_f
449	ZsaZsaGabor	82	AGE82	11393	11392_ZsaZsaGabor_82_f
454	JerryLewis	82	AGE82	2661	2660_JerryLewis_82_m
412	BeaArthur	82	AGE82	11916	11915_BeaArthur_82_f
368	BettyGarrett	82	AGE82	15077	15076_BettyGarrett_82_f
63	PeggyAshcroft	82	AGE82	14479	14478_PeggyAshcroft_82_f
146	RicardoMontalb╨░n	82	AGE82	9563	9562_RicardoMontalb╨░n_82_m
84	AngelaLansbury	82	AGE82	11987	11986_AngelaLansbury_82_f
478	FredAstaire	82	AGE82	7883	7882_FredAstaire_82_m
427	NewmanPaul	82	AGE82	7460	7459_NewmanPaul_82_m
288	AnitaEkberg	82	AGE82	10370	10369_AnitaEkberg_82_f
290	CHARLIERUGGLES	82	AGE82	9530	9529_CHARLIERUGGLES_82_m
433	MaximilianShell	82	AGE82	9499	9498_MaximilianShell_82_m
94	GabrielGarciaMarquez	82	AGE82	1509	1508_GabrielGarciaMarquez_82_m
241	SeanConnery	82	AGE82	3797	3796_SeanConnery_82_m
340	CliffRobertson	82	AGE82	8569	8568_CliffRobertson_82_m
239	RoseMarie	82	AGE82	9908	9907_RoseMarie_82_f
484	JackLarson	82	AGE82	5947	5946_JackLarson_82_m
90	MichelPiccoli	82	AGE82	4779	4778_MichelPiccoli_82_m
405	Gorbachev	82	AGE82	618	617_Gorbachev_82_m
80	KathrynGrayson	82	AGE82	15700	15699_KathrynGrayson_82_f
64	MikeConnors	82	AGE82	3631	3630_MikeConnors_82_m
37	JoanneWoodward	82	AGE82	12274	12273_JoanneWoodward_82_f
494	JessicaTandy	82	AGE82	13633	13632_JessicaTandy_82_f
110	MargaretThatcher	82	AGE82	557	556_MargaretThatcher_82_f
411	LeslieNielsen	82	AGE82	8125	8124_LeslieNielsen_82_m
233	Arletty	82	AGE82	10934	10933_Arletty_82_f
284	RobertMorley	82	AGE82	7548	7547_RobertMorley_82_m
291	IlyaPrigogine	82	AGE82	1269	1268_IlyaPrigogine_82_m
318	EsteeLauder	82	AGE82	32	31_EsteeLauder_82_f
482	JuneLockhart	82	AGE82	11143	11142_JuneLockhart_82_f
49	BobHope	82	AGE82	5175	5174_BobHope_82_m
534	AlbertoSordi	82	AGE82	7785	7784_AlbertoSordi_82_m
405	Gorbachev	82	AGE82	614	613_Gorbachev_82_m
78	JamesBest	82	AGE82	1972	1971_JamesBest_82_m
381	TonyCurtis	82	AGE82	7653	7652_TonyCurtis_82_m
535	Tyson	82	AGE82	16448	16447_Tyson_82_f
408	MelBrooks	82	AGE82	2127	2126_MelBrooks_82_m
87	JPaulGetty	82	AGE82	389	388_JPaulGetty_82_m
286	CydCharisse	82	AGE82	15210	15209_CydCharisse_82_f
178	AndyGriffith	82	AGE82	7822	7821_AndyGriffith_82_m
478	FredAstaire	82	AGE82	7897	7896_FredAstaire_82_m
154	JeanneMoreau	82	AGE82	11081	11080_JeanneMoreau_82_f
510	PeterFalk	82	AGE82	5629	5628_PeterFalk_82_m
458	JeanMarais	82	AGE82	5985	5984_JeanMarais_82_m
547	RuthGordon	82	AGE82	12904	12903_RuthGordon_82_f
302	ClaudeRich	82	AGE82	2497	2496_ClaudeRich_82_m
383	JamesGarner	82	AGE82	4634	4633_JamesGarner_82_m
488	DickVanDyke	82	AGE82	4119	4118_DickVanDyke_82_m
379	JamesCagney	82	AGE82	6397	6396_JamesCagney_82_m
175	FrancesDee	83	AGE83	12613	12612_FrancesDee_83_f
442	mitsotakis	83	AGE83	646	645_mitsotakis_83_m
90	MichelPiccoli	83	AGE83	4780	4779_MichelPiccoli_83_m
408	MelBrooks	83	AGE83	2128	2127_MelBrooks_83_m
536	BerryGordy	83	AGE83	449	448_BerryGordy_83_m
477	GeorgeHWBush	83	AGE83	693	692_GeorgeHWBush_83_m
286	CydCharisse	83	AGE83	15211	15210_CydCharisse_83_f
494	JessicaTandy	83	AGE83	13634	13633_JessicaTandy_83_f
433	MaximilianShell	83	AGE83	9500	9499_MaximilianShell_83_m
442	mitsotakis	83	AGE83	626	625_mitsotakis_83_m
547	RuthGordon	83	AGE83	12905	12904_RuthGordon_83_f
175	FrancesDee	83	AGE83	5835	5834_FrancesDee_83_m
16	ReginaldOwen	83	AGE83	8267	8266_ReginaldOwen_83_m
535	Tyson	83	AGE83	16453	16452_Tyson_83_f
71	EvaMarieSaint	83	AGE83	12123	12122_EvaMarieSaint_83_f
49	BobHope	83	AGE83	5170	5169_BobHope_83_m
1	HerbertLom	83	AGE83	5878	5877_HerbertLom_83_m
290	CHARLIERUGGLES	83	AGE83	9531	9530_CHARLIERUGGLES_83_m
293	PeterGraves	83	AGE83	6708	6707_PeterGraves_83_m
381	TonyCurtis	83	AGE83	7662	7661_TonyCurtis_83_m
352	OdysseasElytis	83	AGE83	1392	1391_OdysseasElytis_83_m
214	JoanLeslie	83	AGE83	10189	10188_JoanLeslie_83_f
27	LaurenBacall	83	AGE83	11557	11556_LaurenBacall_83_f
446	AbeVigoda	83	AGE83	2351	2350_AbeVigoda_83_m
330	JuneAllyson	83	AGE83	13657	13656_JuneAllyson_83_f
64	MikeConnors	83	AGE83	3632	3631_MikeConnors_83_m
437	MarisaPavan	83	AGE83	3516	3515_MarisaPavan_83_m
426	TheodorakisMikis	83	AGE83	246	245_TheodorakisMikis_83_m
243	Dench	83	AGE83	16351	16350_Dench_83_f
482	JuneLockhart	83	AGE83	11144	11143_JuneLockhart_83_f
510	PeterFalk	83	AGE83	5631	5630_PeterFalk_83_m
426	TheodorakisMikis	83	AGE83	247	246_TheodorakisMikis_83_m
368	BettyGarrett	83	AGE83	15078	15077_BettyGarrett_83_f
458	JeanMarais	83	AGE83	5986	5985_JeanMarais_83_m
190	ClintWalker	83	AGE83	4086	4085_ClintWalker_83_m
100	LyleTalbot	83	AGE83	7397	7396_LyleTalbot_83_m
510	PeterFalk	83	AGE83	5630	5629_PeterFalk_83_m
112	MickeyRooney	83	AGE83	7440	7439_MickeyRooney_83_m
113	GladysCooper	83	AGE83	13516	13515_GladysCooper_83_f
48	GenaRowlands	83	AGE83	4163	4162_GenaRowlands_83_m
113	GladysCooper	83	AGE83	7125	7124_GladysCooper_83_m
488	DickVanDyke	83	AGE83	4120	4119_DickVanDyke_83_m
430	HelenHayes	83	AGE83	13552	13551_HelenHayes_83_f
146	RicardoMontalb╨░n	83	AGE83	9564	9563_RicardoMontalb╨░n_83_m
206	HowardKeel	83	AGE83	5919	5918_HowardKeel_83_m
484	JackLarson	83	AGE83	5948	5947_JackLarson_83_m
366	MelFerrer	83	AGE83	6647	6646_MelFerrer_83_m
313	LeslieCaron	83	AGE83	3483	3482_LeslieCaron_83_m
110	MargaretThatcher	83	AGE83	571	570_MargaretThatcher_83_f
392	EstherWilliams	83	AGE83	14182	14181_EstherWilliams_83_f
412	BeaArthur	83	AGE83	11917	11916_BeaArthur_83_f
477	GeorgeHWBush	83	AGE83	688	687_GeorgeHWBush_83_m
239	RoseMarie	83	AGE83	9909	9908_RoseMarie_83_f
2	RoyRogers	83	AGE83	5724	5723_RoyRogers_83_m
449	ZsaZsaGabor	83	AGE83	11394	11393_ZsaZsaGabor_83_f
355	CelesteHolm	83	AGE83	13385	13384_CelesteHolm_83_f
286	CydCharisse	83	AGE83	15212	15211_CydCharisse_83_f
363	GretaGarbo	84	AGE84	13104	13103_GretaGarbo_84_f
560	GregoryPeck	84	AGE84	9365	9364_GregoryPeck_84_m
71	EvaMarieSaint	84	AGE84	12124	12123_EvaMarieSaint_84_f
488	DickVanDyke	84	AGE84	4121	4120_DickVanDyke_84_m
91	DickieMoore	84	AGE84	6209	6208_DickieMoore_84_m
482	JuneLockhart	84	AGE84	11145	11144_JuneLockhart_84_f
206	HowardKeel	84	AGE84	5920	5919_HowardKeel_84_m
201	KirkDouglas	84	AGE84	4288	4287_KirkDouglas_84_m
123	Dee	84	AGE84	16345	16344_Dee_84_f
524	MaureenOHara	84	AGE84	11643	11642_MaureenOHara_84_f
121	RafVallone	84	AGE84	6058	6057_RafVallone_84_m
123	Dee	84	AGE84	16349	16348_Dee_84_f
296	JaneRussell	84	AGE84	13136	13135_JaneRussell_84_f
16	ReginaldOwen	84	AGE84	8268	8267_ReginaldOwen_84_m
92	RogerMoore	84	AGE84	4851	4850_RogerMoore_84_m
484	JackLarson	84	AGE84	5949	5948_JackLarson_84_m
430	HelenHayes	84	AGE84	13543	13542_HelenHayes_84_f
371	ChristopherPlummer	84	AGE84	7880	7879_ChristopherPlummer_84_m
48	GenaRowlands	84	AGE84	4164	4163_GenaRowlands_84_m
286	CydCharisse	84	AGE84	15213	15212_CydCharisse_84_f
392	EstherWilliams	84	AGE84	14183	14182_EstherWilliams_84_f
458	JeanMarais	84	AGE84	5987	5986_JeanMarais_84_m
354	RandolphScott	84	AGE84	8240	8239_RandolphScott_84_m
381	TonyCurtis	84	AGE84	7665	7664_TonyCurtis_84_m
64	MikeConnors	84	AGE84	3633	3632_MikeConnors_84_m
152	MaryPickford	84	AGE84	14407	14406_MaryPickford_84_f
263	JanePowell	84	AGE84	15420	15419_JanePowell_84_f
214	JoanLeslie	84	AGE84	10190	10189_JoanLeslie_84_f
78	JamesBest	84	AGE84	1973	1972_JamesBest_84_m
471	ClaudetteColbert	84	AGE84	14690	14689_ClaudetteColbert_84_f
355	CelesteHolm	84	AGE84	13401	13400_CelesteHolm_84_f
412	BeaArthur	84	AGE84	11918	11917_BeaArthur_84_f
154	JeanneMoreau	84	AGE84	11082	11081_JeanneMoreau_84_f
381	TonyCurtis	84	AGE84	7663	7662_TonyCurtis_84_m
408	MelBrooks	84	AGE84	2129	2128_MelBrooks_84_m
477	GeorgeHWBush	84	AGE84	694	693_GeorgeHWBush_84_m
84	AngelaLansbury	84	AGE84	11988	11987_AngelaLansbury_84_f
407	JulieAdams	84	AGE84	10215	10214_JulieAdams_84_f
340	CliffRobertson	84	AGE84	8570	8569_CliffRobertson_84_m
141	ErnestBorgnine	84	AGE84	8938	8937_ErnestBorgnine_84_m
89	PatriciaNeal	84	AGE84	13745	13744_PatriciaNeal_84_f
146	RicardoMontalb╨░n	84	AGE84	9565	9564_RicardoMontalb╨░n_84_m
446	AbeVigoda	84	AGE84	2352	2351_AbeVigoda_84_m
119	AlanYoung	85	AGE85	1894	1893_AlanYoung_85_m
239	RoseMarie	85	AGE85	9910	9909_RoseMarie_85_f
78	JamesBest	85	AGE85	1974	1973_JamesBest_85_m
1	HerbertLom	85	AGE85	5879	5878_HerbertLom_85_m
112	MickeyRooney	85	AGE85	7441	7440_MickeyRooney_85_m
17	LuiseRainer	85	AGE85	10688	10687_LuiseRainer_85_f
560	GregoryPeck	85	AGE85	9373	9372_GregoryPeck_85_m
71	EvaMarieSaint	85	AGE85	12125	12124_EvaMarieSaint_85_f
554	CharlieChaplin	85	AGE85	8550	8549_CharlieChaplin_85_m
553	DanielleDarrieux	85	AGE85	13447	13446_DanielleDarrieux_85_f
454	JerryLewis	85	AGE85	2662	2661_JerryLewis_85_m
524	MaureenOHara	85	AGE85	11646	11645_MaureenOHara_85_f
368	BettyGarrett	85	AGE85	15079	15078_BettyGarrett_85_f
392	EstherWilliams	85	AGE85	14172	14171_EstherWilliams_85_f
426	TheodorakisMikis	85	AGE85	253	252_TheodorakisMikis_85_m
275	NelsonMandela	85	AGE85	16254	16253_NelsonMandela_85_m
458	JeanMarais	85	AGE85	5988	5987_JeanMarais_85_m
554	CharlieChaplin	85	AGE85	8546	8545_CharlieChaplin_85_m
400	EliWallach	85	AGE85	3195	3194_EliWallach_85_m
287	JosephCotten	85	AGE85	7229	7228_JosephCotten_85_m
29	IreneDunne	85	AGE85	13583	13582_IreneDunne_85_f
48	GenaRowlands	85	AGE85	4165	4164_GenaRowlands_85_m
94	GabrielGarciaMarquez	85	AGE85	1499	1498_GabrielGarciaMarquez_85_m
141	ErnestBorgnine	85	AGE85	8939	8938_ErnestBorgnine_85_m
92	RogerMoore	85	AGE85	4854	4853_RogerMoore_85_m
286	CydCharisse	85	AGE85	15214	15213_CydCharisse_85_f
412	BeaArthur	85	AGE85	11919	11918_BeaArthur_85_f
363	GretaGarbo	85	AGE85	13106	13105_GretaGarbo_85_f
355	CelesteHolm	85	AGE85	13386	13385_CelesteHolm_85_f
363	GretaGarbo	85	AGE85	13105	13104_GretaGarbo_85_f
407	JulieAdams	85	AGE85	10216	10215_JulieAdams_85_f
335	JoanFontaine	85	AGE85	14317	14316_JoanFontaine_85_f
206	HowardKeel	85	AGE85	5921	5920_HowardKeel_85_m
154	JeanneMoreau	85	AGE85	11083	11082_JeanneMoreau_85_f
442	mitsotakis	85	AGE85	628	627_mitsotakis_85_m
27	LaurenBacall	85	AGE85	11558	11557_LaurenBacall_85_f
381	TonyCurtis	85	AGE85	7664	7663_TonyCurtis_85_m
123	Dee	85	AGE85	16339	16338_Dee_85_f
535	Tyson	85	AGE85	16452	16451_Tyson_85_f
430	HelenHayes	85	AGE85	13554	13553_HelenHayes_85_f
494	JessicaTandy	85	AGE85	13635	13634_JessicaTandy_85_f
506	MargeChampion	85	AGE85	11614	11613_MargeChampion_85_f
430	HelenHayes	85	AGE85	13540	13539_HelenHayes_85_f
441	motherTereza	85	AGE85	507	506_motherTereza_85_f
17	LuiseRainer	85	AGE85	10655	10654_LuiseRainer_85_f
465	JohnDRockefeller	85	AGE85	429	428_JohnDRockefeller_85_m
64	MikeConnors	85	AGE85	3634	3633_MikeConnors_85_m
51	ClaudeL╨ТviStrauss	85	AGE85	1222	1221_ClaudeL╨ТviStrauss_85_m
137	SidneyPoitier	85	AGE85	16176	16175_SidneyPoitier_85_m
91	DickieMoore	85	AGE85	6222	6221_DickieMoore_85_m
467	BertrandRussell	85	AGE85	1367	1366_BertrandRussell_85_m
84	AngelaLansbury	85	AGE85	11989	11988_AngelaLansbury_85_f
137	SidneyPoitier	85	AGE85	16177	16176_SidneyPoitier_85_m
296	JaneRussell	85	AGE85	13137	13136_JaneRussell_85_f
446	AbeVigoda	85	AGE85	2353	2352_AbeVigoda_85_m
467	BertrandRussell	85	AGE85	1353	1352_BertrandRussell_85_m
441	motherTereza	85	AGE85	495	494_motherTereza_85_f
408	MelBrooks	85	AGE85	2130	2129_MelBrooks_85_m
296	JaneRussell	86	AGE86	13138	13137_JaneRussell_86_f
561	QueenElizabet	86	AGE86	598	597_QueenElizabet_86_f
64	MikeConnors	86	AGE86	3635	3634_MikeConnors_86_m
408	MelBrooks	86	AGE86	2131	2130_MelBrooks_86_m
330	JuneAllyson	86	AGE86	13665	13664_JuneAllyson_86_f
553	DanielleDarrieux	86	AGE86	13448	13447_DanielleDarrieux_86_f
355	CelesteHolm	86	AGE86	13402	13401_CelesteHolm_86_f
112	MickeyRooney	86	AGE86	7442	7441_MickeyRooney_86_m
340	CliffRobertson	86	AGE86	8571	8570_CliffRobertson_86_m
506	MargeChampion	86	AGE86	11615	11614_MargeChampion_86_f
412	BeaArthur	86	AGE86	11920	11919_BeaArthur_86_f
78	JamesBest	86	AGE86	1975	1974_JamesBest_86_m
535	Tyson	86	AGE86	16451	16450_Tyson_86_f
234	MyrnaLoy	86	AGE86	12371	12370_MyrnaLoy_86_f
233	Arletty	86	AGE86	10935	10934_Arletty_86_f
6	Carroll	86	AGE86	16302	16301_Carroll_86_f
381	TonyCurtis	86	AGE86	7666	7665_TonyCurtis_86_m
547	RuthGordon	86	AGE86	12906	12905_RuthGordon_86_f
90	MichelPiccoli	86	AGE86	4781	4780_MichelPiccoli_86_m
90	MichelPiccoli	86	AGE86	4782	4781_MichelPiccoli_86_m
201	KirkDouglas	86	AGE86	4299	4298_KirkDouglas_86_m
482	JuneLockhart	86	AGE86	11146	11145_JuneLockhart_86_f
330	JuneAllyson	86	AGE86	13658	13657_JuneAllyson_86_f
91	DickieMoore	86	AGE86	6210	6209_DickieMoore_86_m
368	BettyGarrett	86	AGE86	15080	15079_BettyGarrett_86_f
141	ErnestBorgnine	86	AGE86	8940	8939_ErnestBorgnine_86_m
488	DickVanDyke	86	AGE86	4122	4121_DickVanDyke_86_m
123	Dee	86	AGE86	16338	16337_Dee_86_f
119	AlanYoung	86	AGE86	1895	1894_AlanYoung_86_m
21	JamesStewart	86	AGE86	8638	8637_JamesStewart_86_m
71	EvaMarieSaint	86	AGE86	12126	12125_EvaMarieSaint_86_f
121	RafVallone	86	AGE86	6059	6058_RafVallone_86_m
123	Dee	86	AGE86	16344	16343_Dee_86_f
263	JanePowell	86	AGE86	15421	15420_JanePowell_86_f
446	AbeVigoda	86	AGE86	2354	2353_AbeVigoda_86_m
137	SidneyPoitier	87	AGE87	16178	16177_SidneyPoitier_87_m
239	RoseMarie	87	AGE87	9911	9910_RoseMarie_87_f
90	MichelPiccoli	87	AGE87	4783	4782_MichelPiccoli_87_m
2	RoyRogers	87	AGE87	5725	5724_RoyRogers_87_m
355	CelesteHolm	87	AGE87	13387	13386_CelesteHolm_87_f
35	LouisJourdan	87	AGE87	7366	7365_LouisJourdan_87_m
71	EvaMarieSaint	87	AGE87	12127	12126_EvaMarieSaint_87_f
1	HerbertLom	87	AGE87	5880	5879_HerbertLom_87_m
101	EdwardTeller	87	AGE87	1044	1043_EdwardTeller_87_m
167	KatharineHepburn	87	AGE87	14917	14916_KatharineHepburn_87_f
407	JulieAdams	87	AGE87	10217	10216_JulieAdams_87_f
214	JoanLeslie	87	AGE87	10191	10190_JoanLeslie_87_f
119	AlanYoung	87	AGE87	1896	1895_AlanYoung_87_m
535	Tyson	87	AGE87	16445	16444_Tyson_87_f
366	MelFerrer	87	AGE87	6648	6647_MelFerrer_87_m
78	JamesBest	87	AGE87	1976	1975_JamesBest_87_m
84	AngelaLansbury	87	AGE87	11990	11989_AngelaLansbury_87_f
137	SidneyPoitier	87	AGE87	16179	16178_SidneyPoitier_87_m
190	ClintWalker	87	AGE87	4087	4086_ClintWalker_87_m
287	JosephCotten	87	AGE87	7230	7229_JosephCotten_87_m
482	JuneLockhart	87	AGE87	11147	11146_JuneLockhart_87_f
296	JaneRussell	87	AGE87	13139	13138_JaneRussell_87_f
126	JamesArness	87	AGE87	6369	6368_JamesArness_87_m
408	MelBrooks	87	AGE87	2132	2131_MelBrooks_87_m
116	ConradHilton	87	AGE87	465	464_ConradHilton_87_m
91	DickieMoore	87	AGE87	6223	6222_DickieMoore_87_m
110	MargaretThatcher	87	AGE87	575	574_MargaretThatcher_87_f
275	NelsonMandela	87	AGE87	16241	16240_NelsonMandela_87_m
506	MargeChampion	87	AGE87	11616	11615_MargeChampion_87_f
454	JerryLewis	87	AGE87	2671	2670_JerryLewis_87_m
91	DickieMoore	88	AGE88	6211	6210_DickieMoore_88_m
482	JuneLockhart	88	AGE88	11148	11147_JuneLockhart_88_f
119	AlanYoung	88	AGE88	1897	1896_AlanYoung_88_m
407	JulieAdams	88	AGE88	10218	10217_JulieAdams_88_f
100	LyleTalbot	88	AGE88	7398	7397_LyleTalbot_88_m
233	Arletty	88	AGE88	10936	10935_Arletty_88_f
78	JamesBest	88	AGE88	1977	1976_JamesBest_88_m
506	MargeChampion	88	AGE88	11617	11616_MargeChampion_88_f
408	MelBrooks	88	AGE88	2133	2132_MelBrooks_88_m
328	PabloPicasso	88	AGE88	281	280_PabloPicasso_88_m
123	Dee	88	AGE88	16343	16342_Dee_88_f
65	JohnForsythe	88	AGE88	8092	8091_JohnForsythe_88_m
535	Tyson	88	AGE88	16444	16443_Tyson_88_f
239	RoseMarie	88	AGE88	9912	9911_RoseMarie_88_f
448	AlbertSchweitzer	88	AGE88	1167	1166_AlbertSchweitzer_88_m
467	BertrandRussell	88	AGE88	1368	1367_BertrandRussell_88_m
467	BertrandRussell	88	AGE88	1372	1371_BertrandRussell_88_m
137	SidneyPoitier	88	AGE88	16180	16179_SidneyPoitier_88_m
296	JaneRussell	88	AGE88	13140	13139_JaneRussell_88_f
71	EvaMarieSaint	88	AGE88	12128	12127_EvaMarieSaint_88_f
141	ErnestBorgnine	88	AGE88	8941	8940_ErnestBorgnine_88_m
488	DickVanDyke	89	AGE89	4123	4122_DickVanDyke_89_m
137	SidneyPoitier	89	AGE89	16181	16180_SidneyPoitier_89_m
175	FrancesDee	89	AGE89	12614	12613_FrancesDee_89_f
347	Soljenitsyne	89	AGE89	1347	1346_Soljenitsyne_89_m
123	Dee	89	AGE89	16337	16336_Dee_89_f
119	AlanYoung	89	AGE89	1898	1897_AlanYoung_89_m
175	FrancesDee	89	AGE89	5836	5835_FrancesDee_89_m
141	ErnestBorgnine	89	AGE89	8942	8941_ErnestBorgnine_89_m
355	CelesteHolm	89	AGE89	13388	13387_CelesteHolm_89_f
524	MaureenOHara	89	AGE89	11650	11649_MaureenOHara_89_f
553	DanielleDarrieux	89	AGE89	13456	13455_DanielleDarrieux_89_f
467	BertrandRussell	89	AGE89	1359	1358_BertrandRussell_89_m
446	AbeVigoda	89	AGE89	2355	2354_AbeVigoda_89_m
366	MelFerrer	89	AGE89	6649	6648_MelFerrer_89_m
71	EvaMarieSaint	89	AGE89	12129	12128_EvaMarieSaint_89_f
552	FidelCastro	89	AGE89	686	685_FidelCastro_89_m
275	NelsonMandela	89	AGE89	16252	16251_NelsonMandela_89_m
552	FidelCastro	89	AGE89	685	684_FidelCastro_89_m
482	JuneLockhart	89	AGE89	11149	11148_JuneLockhart_89_f
355	CelesteHolm	90	AGE90	13403	13402_CelesteHolm_90_f
112	MickeyRooney	90	AGE90	7443	7442_MickeyRooney_90_m
175	FrancesDee	90	AGE90	5837	5836_FrancesDee_90_m
49	BobHope	90	AGE90	5176	5175_BobHope_90_m
465	JohnDRockefeller	90	AGE90	438	437_JohnDRockefeller_90_m
535	Tyson	90	AGE90	16441	16440_Tyson_90_f
449	ZsaZsaGabor	90	AGE90	11395	11394_ZsaZsaGabor_90_f
167	KatharineHepburn	90	AGE90	14916	14915_KatharineHepburn_90_f
506	MargeChampion	90	AGE90	11618	11617_MargeChampion_90_f
275	NelsonMandela	90	AGE90	16236	16235_NelsonMandela_90_m
49	BobHope	90	AGE90	5181	5180_BobHope_90_m
119	AlanYoung	90	AGE90	1899	1898_AlanYoung_90_m
275	NelsonMandela	90	AGE90	16251	16250_NelsonMandela_90_m
175	FrancesDee	90	AGE90	12615	12614_FrancesDee_90_f
430	HelenHayes	90	AGE90	13557	13556_HelenHayes_90_f
368	BettyGarrett	90	AGE90	15081	15080_BettyGarrett_90_f
116	ConradHilton	90	AGE90	471	470_ConradHilton_90_m
446	AbeVigoda	90	AGE90	2356	2355_AbeVigoda_90_m
71	EvaMarieSaint	90	AGE90	12130	12129_EvaMarieSaint_90_f
141	ErnestBorgnine	91	AGE91	8943	8942_ErnestBorgnine_91_m
368	BettyGarrett	91	AGE91	15082	15081_BettyGarrett_91_f
123	Dee	91	AGE91	16332	16331_Dee_91_f
119	AlanYoung	91	AGE91	1900	1899_AlanYoung_91_m
1	HerbertLom	91	AGE91	5881	5880_HerbertLom_91_m
446	AbeVigoda	91	AGE91	2357	2356_AbeVigoda_91_m
553	DanielleDarrieux	91	AGE91	13450	13449_DanielleDarrieux_91_f
275	NelsonMandela	91	AGE91	16240	16239_NelsonMandela_91_m
449	ZsaZsaGabor	91	AGE91	11396	11395_ZsaZsaGabor_91_f
553	DanielleDarrieux	91	AGE91	13449	13448_DanielleDarrieux_91_f
51	ClaudeL╨ТviStrauss	91	AGE91	1224	1223_ClaudeL╨ТviStrauss_91_m
400	EliWallach	91	AGE91	3216	3215_EliWallach_91_m
101	EdwardTeller	91	AGE91	1040	1039_EdwardTeller_91_m
175	FrancesDee	91	AGE91	5838	5837_FrancesDee_91_m
175	FrancesDee	91	AGE91	12616	12615_FrancesDee_91_f
355	CelesteHolm	91	AGE91	13404	13403_CelesteHolm_91_f
506	MargeChampion	91	AGE91	11619	11618_MargeChampion_91_f
61	RonaldReagan	92	AGE92	752	751_RonaldReagan_92_m
275	NelsonMandela	92	AGE92	16249	16248_NelsonMandela_92_m
100	LyleTalbot	92	AGE92	7399	7398_LyleTalbot_92_m
446	AbeVigoda	92	AGE92	2358	2357_AbeVigoda_92_m
58	OliviadeHavilland	92	AGE92	14444	14443_OliviadeHavilland_92_f
49	BobHope	92	AGE92	5177	5176_BobHope_92_m
35	LouisJourdan	92	AGE92	7367	7366_LouisJourdan_92_m
112	MickeyRooney	92	AGE92	7444	7443_MickeyRooney_92_m
51	ClaudeL╨ТviStrauss	92	AGE92	1230	1229_ClaudeL╨ТviStrauss_92_m
506	MargeChampion	92	AGE92	11620	11619_MargeChampion_92_f
553	DanielleDarrieux	92	AGE92	13451	13450_DanielleDarrieux_92_f
506	MargeChampion	93	AGE93	11621	11620_MargeChampion_93_f
49	BobHope	93	AGE93	5178	5177_BobHope_93_m
141	ErnestBorgnine	93	AGE93	8944	8943_ErnestBorgnine_93_m
150	RitaLeviMontalcini	93	AGE93	1311	1310_RitaLeviMontalcini_93_f
175	FrancesDee	93	AGE93	5839	5838_FrancesDee_93_m
504	BeverlyRoberts	93	AGE93	14572	14571_BeverlyRoberts_93_f
446	AbeVigoda	93	AGE93	2359	2358_AbeVigoda_93_m
175	FrancesDee	93	AGE93	12617	12616_FrancesDee_93_f
101	EdwardTeller	93	AGE93	1041	1040_EdwardTeller_93_m
442	mitsotakis	93	AGE93	645	644_mitsotakis_93_m
442	mitsotakis	93	AGE93	632	631_mitsotakis_93_m
112	MickeyRooney	93	AGE93	7445	7444_MickeyRooney_93_m
553	DanielleDarrieux	93	AGE93	13452	13451_DanielleDarrieux_93_f
58	OliviadeHavilland	93	AGE93	14429	14428_OliviadeHavilland_93_f
1	HerbertLom	93	AGE93	5882	5881_HerbertLom_93_m
506	MargeChampion	94	AGE94	11622	11621_MargeChampion_94_f
112	MickeyRooney	94	AGE94	7446	7445_MickeyRooney_94_m
449	ZsaZsaGabor	94	AGE94	11397	11396_ZsaZsaGabor_94_f
49	BobHope	94	AGE94	5179	5178_BobHope_94_m
141	ErnestBorgnine	94	AGE94	8945	8944_ErnestBorgnine_94_m
1	HerbertLom	94	AGE94	5883	5882_HerbertLom_94_m
58	OliviadeHavilland	94	AGE94	14430	14429_OliviadeHavilland_94_f
51	ClaudeL╨ТviStrauss	95	AGE95	1228	1227_ClaudeL╨ТviStrauss_95_m
442	mitsotakis	95	AGE95	639	638_mitsotakis_95_m
1	HerbertLom	95	AGE95	5884	5883_HerbertLom_95_m
167	KatharineHepburn	95	AGE95	14918	14917_KatharineHepburn_95_f
51	ClaudeL╨ТviStrauss	95	AGE95	1226	1225_ClaudeL╨ТviStrauss_95_m
400	EliWallach	95	AGE95	3218	3217_EliWallach_95_m
467	BertrandRussell	95	AGE95	1361	1360_BertrandRussell_95_m
449	ZsaZsaGabor	95	AGE95	11398	11397_ZsaZsaGabor_95_f
150	RitaLeviMontalcini	95	AGE95	1310	1309_RitaLeviMontalcini_95_f
449	ZsaZsaGabor	96	AGE96	11399	11398_ZsaZsaGabor_96_f
150	RitaLeviMontalcini	96	AGE96	1302	1301_RitaLeviMontalcini_96_f
400	EliWallach	97	AGE97	3219	3218_EliWallach_97_m
150	RitaLeviMontalcini	98	AGE98	1304	1303_RitaLeviMontalcini_98_f
150	RitaLeviMontalcini	98	AGE98	1303	1302_RitaLeviMontalcini_98_f
150	RitaLeviMontalcini	99	AGE99	1305	1304_RitaLeviMontalcini_99_f
17	LuiseRainer	100	AGE100	10693	10692_LuiseRainer_100_f
17	LuiseRainer	100	AGE100	10692	10691_LuiseRainer_100_f
150	RitaLeviMontalcini	101	AGE101	1312	1311_RitaLeviMontalcini_101_f
