subject_id	subject_name	class_id	class_name	sample_id	sample_name
0	YvesMontand	54	AGE54	6896	6896_YvesMontand_54_m
0	YvesMontand	53	AGE53	6895	6895_YvesMontand_53_m
0	YvesMontand	36	AGE36	6881	6881_YvesMontand_36_m
0	YvesMontand	49	AGE49	6891	6891_YvesMontand_49_m
0	YvesMontand	51	AGE51	6893	6893_YvesMontand_51_m
0	YvesMontand	41	AGE41	6885	6885_YvesMontand_41_m
0	YvesMontand	25	AGE25	6874	6874_YvesMontand_25_m
0	YvesMontand	61	AGE61	6902	6902_YvesMontand_61_m
0	YvesMontand	39	AGE39	6884	6884_YvesMontand_39_m
0	YvesMontand	42	AGE42	6886	6886_YvesMontand_42_m
0	YvesMontand	52	AGE52	6894	6894_YvesMontand_52_m
0	YvesMontand	37	AGE37	6882	6882_YvesMontand_37_m
0	YvesMontand	60	AGE60	6901	6901_YvesMontand_60_m
0	YvesMontand	67	AGE67	6908	6908_YvesMontand_67_m
0	YvesMontand	70	AGE70	6910	6910_YvesMontand_70_m
0	YvesMontand	59	AGE59	6900	6900_YvesMontand_59_m
0	YvesMontand	36	AGE36	6880	6880_YvesMontand_36_m
0	YvesMontand	19	AGE19	6872	6872_YvesMontand_19_m
0	YvesMontand	30	AGE30	6876	6876_YvesMontand_30_m
0	YvesMontand	23	AGE23	6873	6873_YvesMontand_23_m
0	YvesMontand	29	AGE29	6875	6875_YvesMontand_29_m
0	YvesMontand	62	AGE62	6904	6904_YvesMontand_62_m
0	YvesMontand	32	AGE32	6877	6877_YvesMontand_32_m
0	YvesMontand	54	AGE54	6887	6887_YvesMontand_54_m
0	YvesMontand	62	AGE62	6903	6903_YvesMontand_62_m
0	YvesMontand	69	AGE69	6909	6909_YvesMontand_69_m
0	YvesMontand	64	AGE64	6905	6905_YvesMontand_64_m
0	YvesMontand	59	AGE59	6899	6899_YvesMontand_59_m
0	YvesMontand	65	AGE65	6907	6907_YvesMontand_65_m
0	YvesMontand	58	AGE58	6898	6898_YvesMontand_58_m
0	YvesMontand	50	AGE50	6892	6892_YvesMontand_50_m
0	YvesMontand	45	AGE45	6888	6888_YvesMontand_45_m
0	YvesMontand	34	AGE34	6879	6879_YvesMontand_34_m
0	YvesMontand	38	AGE38	6883	6883_YvesMontand_38_m
0	YvesMontand	64	AGE64	6906	6906_YvesMontand_64_m
0	YvesMontand	58	AGE58	6897	6897_YvesMontand_58_m
0	YvesMontand	33	AGE33	6878	6878_YvesMontand_33_m
0	YvesMontand	48	AGE48	6890	6890_YvesMontand_48_m
0	YvesMontand	47	AGE47	6889	6889_YvesMontand_47_m
1	HerbertLom	53	AGE53	5859	5859_HerbertLom_53_m
1	HerbertLom	93	AGE93	5881	5881_HerbertLom_93_m
1	HerbertLom	95	AGE95	5883	5883_HerbertLom_95_m
1	HerbertLom	61	AGE61	5864	5864_HerbertLom_61_m
1	HerbertLom	81	AGE81	5876	5876_HerbertLom_81_m
1	HerbertLom	58	AGE58	5863	5863_HerbertLom_58_m
1	HerbertLom	63	AGE63	5866	5866_HerbertLom_63_m
1	HerbertLom	83	AGE83	5877	5877_HerbertLom_83_m
1	HerbertLom	38	AGE38	5848	5848_HerbertLom_38_m
1	HerbertLom	68	AGE68	5871	5871_HerbertLom_68_m
1	HerbertLom	32	AGE32	5843	5843_HerbertLom_32_m
1	HerbertLom	87	AGE87	5879	5879_HerbertLom_87_m
1	HerbertLom	91	AGE91	5880	5880_HerbertLom_91_m
1	HerbertLom	44	AGE44	5853	5853_HerbertLom_44_m
1	HerbertLom	64	AGE64	5867	5867_HerbertLom_64_m
1	HerbertLom	67	AGE67	5870	5870_HerbertLom_67_m
1	HerbertLom	37	AGE37	5847	5847_HerbertLom_37_m
1	HerbertLom	54	AGE54	5860	5860_HerbertLom_54_m
1	HerbertLom	55	AGE55	5861	5861_HerbertLom_55_m
1	HerbertLom	57	AGE57	5862	5862_HerbertLom_57_m
1	HerbertLom	42	AGE42	5851	5851_HerbertLom_42_m
1	HerbertLom	76	AGE76	5874	5874_HerbertLom_76_m
1	HerbertLom	65	AGE65	5868	5868_HerbertLom_65_m
1	HerbertLom	36	AGE36	5846	5846_HerbertLom_36_m
1	HerbertLom	35	AGE35	5845	5845_HerbertLom_35_m
1	HerbertLom	33	AGE33	5844	5844_HerbertLom_33_m
1	HerbertLom	41	AGE41	5850	5850_HerbertLom_41_m
1	HerbertLom	43	AGE43	5852	5852_HerbertLom_43_m
1	HerbertLom	72	AGE72	5872	5872_HerbertLom_72_m
1	HerbertLom	29	AGE29	5842	5842_HerbertLom_29_m
1	HerbertLom	40	AGE40	5849	5849_HerbertLom_40_m
1	HerbertLom	66	AGE66	5869	5869_HerbertLom_66_m
1	HerbertLom	52	AGE52	5858	5858_HerbertLom_52_m
1	HerbertLom	78	AGE78	5875	5875_HerbertLom_78_m
1	HerbertLom	28	AGE28	5841	5841_HerbertLom_28_m
1	HerbertLom	23	AGE23	5839	5839_HerbertLom_23_m
1	HerbertLom	85	AGE85	5878	5878_HerbertLom_85_m
1	HerbertLom	62	AGE62	5865	5865_HerbertLom_62_m
1	HerbertLom	74	AGE74	5873	5873_HerbertLom_74_m
1	HerbertLom	49	AGE49	5856	5856_HerbertLom_49_m
1	HerbertLom	94	AGE94	5882	5882_HerbertLom_94_m
1	HerbertLom	51	AGE51	5857	5857_HerbertLom_51_m
1	HerbertLom	46	AGE46	5855	5855_HerbertLom_46_m
1	HerbertLom	45	AGE45	5854	5854_HerbertLom_45_m
1	HerbertLom	26	AGE26	5840	5840_HerbertLom_26_m
2	RoyRogers	34	AGE34	5697	5697_RoyRogers_34_m
2	RoyRogers	43	AGE43	5704	5704_RoyRogers_43_m
2	RoyRogers	49	AGE49	5710	5710_RoyRogers_49_m
2	RoyRogers	47	AGE47	5708	5708_RoyRogers_47_m
2	RoyRogers	35	AGE35	5698	5698_RoyRogers_35_m
2	RoyRogers	75	AGE75	5719	5719_RoyRogers_75_m
2	RoyRogers	24	AGE24	5689	5689_RoyRogers_24_m
2	RoyRogers	64	AGE64	5714	5714_RoyRogers_64_m
2	RoyRogers	72	AGE72	5718	5718_RoyRogers_72_m
2	RoyRogers	50	AGE50	5711	5711_RoyRogers_50_m
2	RoyRogers	30	AGE30	5694	5694_RoyRogers_30_m
2	RoyRogers	37	AGE37	5700	5700_RoyRogers_37_m
2	RoyRogers	78	AGE78	5721	5721_RoyRogers_78_m
2	RoyRogers	36	AGE36	5699	5699_RoyRogers_36_m
2	RoyRogers	39	AGE39	5702	5702_RoyRogers_39_m
2	RoyRogers	27	AGE27	5691	5691_RoyRogers_27_m
2	RoyRogers	67	AGE67	5716	5716_RoyRogers_67_m
2	RoyRogers	44	AGE44	5705	5705_RoyRogers_44_m
2	RoyRogers	40	AGE40	5703	5703_RoyRogers_40_m
2	RoyRogers	31	AGE31	5695	5695_RoyRogers_31_m
2	RoyRogers	76	AGE76	5720	5720_RoyRogers_76_m
2	RoyRogers	28	AGE28	5692	5692_RoyRogers_28_m
2	RoyRogers	57	AGE57	5713	5713_RoyRogers_57_m
2	RoyRogers	65	AGE65	5715	5715_RoyRogers_65_m
2	RoyRogers	87	AGE87	5724	5724_RoyRogers_87_m
2	RoyRogers	45	AGE45	5706	5706_RoyRogers_45_m
2	RoyRogers	48	AGE48	5709	5709_RoyRogers_48_m
2	RoyRogers	25	AGE25	5690	5690_RoyRogers_25_m
2	RoyRogers	29	AGE29	5693	5693_RoyRogers_29_m
2	RoyRogers	56	AGE56	5712	5712_RoyRogers_56_m
2	RoyRogers	83	AGE83	5723	5723_RoyRogers_83_m
2	RoyRogers	81	AGE81	5722	5722_RoyRogers_81_m
2	RoyRogers	69	AGE69	5717	5717_RoyRogers_69_m
2	RoyRogers	46	AGE46	5707	5707_RoyRogers_46_m
2	RoyRogers	38	AGE38	5701	5701_RoyRogers_38_m
2	RoyRogers	33	AGE33	5696	5696_RoyRogers_33_m
3	ArnoldSchwarzenegger	62	AGE62	8853	8853_ArnoldSchwarzenegger_62_m
3	ArnoldSchwarzenegger	37	AGE37	8828	8828_ArnoldSchwarzenegger_37_m
3	ArnoldSchwarzenegger	35	AGE35	8827	8827_ArnoldSchwarzenegger_35_m
3	ArnoldSchwarzenegger	65	AGE65	8856	8856_ArnoldSchwarzenegger_65_m
3	ArnoldSchwarzenegger	47	AGE47	8838	8838_ArnoldSchwarzenegger_47_m
3	ArnoldSchwarzenegger	44	AGE44	8836	8836_ArnoldSchwarzenegger_44_m
3	ArnoldSchwarzenegger	30	AGE30	8824	8824_ArnoldSchwarzenegger_30_m
3	ArnoldSchwarzenegger	51	AGE51	8841	8841_ArnoldSchwarzenegger_51_m
3	ArnoldSchwarzenegger	27	AGE27	8821	8821_ArnoldSchwarzenegger_27_m
3	ArnoldSchwarzenegger	37	AGE37	8829	8829_ArnoldSchwarzenegger_37_m
3	ArnoldSchwarzenegger	63	AGE63	8854	8854_ArnoldSchwarzenegger_63_m
3	ArnoldSchwarzenegger	52	AGE52	8842	8842_ArnoldSchwarzenegger_52_m
3	ArnoldSchwarzenegger	67	AGE67	8858	8858_ArnoldSchwarzenegger_67_m
3	ArnoldSchwarzenegger	44	AGE44	8835	8835_ArnoldSchwarzenegger_44_m
3	ArnoldSchwarzenegger	47	AGE47	8839	8839_ArnoldSchwarzenegger_47_m
3	ArnoldSchwarzenegger	54	AGE54	8844	8844_ArnoldSchwarzenegger_54_m
3	ArnoldSchwarzenegger	35	AGE35	8826	8826_ArnoldSchwarzenegger_35_m
3	ArnoldSchwarzenegger	60	AGE60	8851	8851_ArnoldSchwarzenegger_60_m
3	ArnoldSchwarzenegger	54	AGE54	8843	8843_ArnoldSchwarzenegger_54_m
3	ArnoldSchwarzenegger	41	AGE41	8833	8833_ArnoldSchwarzenegger_41_m
3	ArnoldSchwarzenegger	66	AGE66	8857	8857_ArnoldSchwarzenegger_66_m
3	ArnoldSchwarzenegger	32	AGE32	8825	8825_ArnoldSchwarzenegger_32_m
3	ArnoldSchwarzenegger	65	AGE65	8855	8855_ArnoldSchwarzenegger_65_m
3	ArnoldSchwarzenegger	43	AGE43	8834	8834_ArnoldSchwarzenegger_43_m
3	ArnoldSchwarzenegger	55	AGE55	8846	8846_ArnoldSchwarzenegger_55_m
3	ArnoldSchwarzenegger	29	AGE29	8822	8822_ArnoldSchwarzenegger_29_m
3	ArnoldSchwarzenegger	40	AGE40	8832	8832_ArnoldSchwarzenegger_40_m
3	ArnoldSchwarzenegger	38	AGE38	8830	8830_ArnoldSchwarzenegger_38_m
3	ArnoldSchwarzenegger	57	AGE57	8849	8849_ArnoldSchwarzenegger_57_m
3	ArnoldSchwarzenegger	56	AGE56	8848	8848_ArnoldSchwarzenegger_56_m
3	ArnoldSchwarzenegger	61	AGE61	8852	8852_ArnoldSchwarzenegger_61_m
3	ArnoldSchwarzenegger	55	AGE55	8845	8845_ArnoldSchwarzenegger_55_m
3	ArnoldSchwarzenegger	29	AGE29	8823	8823_ArnoldSchwarzenegger_29_m
3	ArnoldSchwarzenegger	58	AGE58	8850	8850_ArnoldSchwarzenegger_58_m
3	ArnoldSchwarzenegger	39	AGE39	8831	8831_ArnoldSchwarzenegger_39_m
3	ArnoldSchwarzenegger	22	AGE22	8818	8818_ArnoldSchwarzenegger_22_m
3	ArnoldSchwarzenegger	26	AGE26	8820	8820_ArnoldSchwarzenegger_26_m
3	ArnoldSchwarzenegger	46	AGE46	8837	8837_ArnoldSchwarzenegger_46_m
3	ArnoldSchwarzenegger	22	AGE22	8819	8819_ArnoldSchwarzenegger_22_m
3	ArnoldSchwarzenegger	49	AGE49	8840	8840_ArnoldSchwarzenegger_49_m
3	ArnoldSchwarzenegger	56	AGE56	8847	8847_ArnoldSchwarzenegger_56_m
4	CaryGrant	27	AGE27	6100	6100_CaryGrant_27_m
4	CaryGrant	36	AGE36	6103	6103_CaryGrant_36_m
4	CaryGrant	32	AGE32	6116	6116_CaryGrant_32_m
4	CaryGrant	69	AGE69	6099	6099_CaryGrant_69_m
4	CaryGrant	69	AGE69	6111	6111_CaryGrant_69_m
4	CaryGrant	37	AGE37	6104	6104_CaryGrant_37_m
4	CaryGrant	34	AGE34	6115	6115_CaryGrant_34_m
4	CaryGrant	59	AGE59	6109	6109_CaryGrant_59_m
4	CaryGrant	28	AGE28	6129	6129_CaryGrant_28_m
4	CaryGrant	33	AGE33	6127	6127_CaryGrant_33_m
4	CaryGrant	45	AGE45	6106	6106_CaryGrant_45_m
4	CaryGrant	66	AGE66	6110	6110_CaryGrant_66_m
4	CaryGrant	44	AGE44	6105	6105_CaryGrant_44_m
4	CaryGrant	52	AGE52	6097	6097_CaryGrant_52_m
4	CaryGrant	30	AGE30	6122	6122_CaryGrant_30_m
4	CaryGrant	69	AGE69	6112	6112_CaryGrant_69_m
4	CaryGrant	48	AGE48	6107	6107_CaryGrant_48_m
4	CaryGrant	74	AGE74	6113	6113_CaryGrant_74_m
4	CaryGrant	35	AGE35	6123	6123_CaryGrant_35_m
4	CaryGrant	50	AGE50	6102	6102_CaryGrant_50_m
4	CaryGrant	30	AGE30	6118	6118_CaryGrant_30_m
4	CaryGrant	48	AGE48	6125	6125_CaryGrant_48_m
4	CaryGrant	72	AGE72	6098	6098_CaryGrant_72_m
4	CaryGrant	28	AGE28	6128	6128_CaryGrant_28_m
4	CaryGrant	70	AGE70	6096	6096_CaryGrant_70_m
4	CaryGrant	75	AGE75	6101	6101_CaryGrant_75_m
4	CaryGrant	28	AGE28	6126	6126_CaryGrant_28_m
4	CaryGrant	32	AGE32	6124	6124_CaryGrant_32_m
4	CaryGrant	52	AGE52	6120	6120_CaryGrant_52_m
4	CaryGrant	77	AGE77	6114	6114_CaryGrant_77_m
4	CaryGrant	28	AGE28	6121	6121_CaryGrant_28_m
4	CaryGrant	58	AGE58	6117	6117_CaryGrant_58_m
4	CaryGrant	53	AGE53	6119	6119_CaryGrant_53_m
4	CaryGrant	55	AGE55	6108	6108_CaryGrant_55_m
4	CaryGrant	40	AGE40	6095	6095_CaryGrant_40_m
5	HatzidakisManos	28	AGE28	291	291_HatzidakisManos_28_m
5	HatzidakisManos	53	AGE53	295	295_HatzidakisManos_53_m
5	HatzidakisManos	35	AGE35	292	292_HatzidakisManos_35_m
5	HatzidakisManos	67	AGE67	296	296_HatzidakisManos_67_m
5	HatzidakisManos	38	AGE38	290	290_HatzidakisManos_38_m
5	HatzidakisManos	47	AGE47	286	286_HatzidakisManos_47_m
5	HatzidakisManos	52	AGE52	294	294_HatzidakisManos_52_m
5	HatzidakisManos	65	AGE65	297	297_HatzidakisManos_65_m
5	HatzidakisManos	38	AGE38	289	289_HatzidakisManos_38_m
5	HatzidakisManos	40	AGE40	288	288_HatzidakisManos_40_m
5	HatzidakisManos	68	AGE68	284	284_HatzidakisManos_68_m
5	HatzidakisManos	38	AGE38	285	285_HatzidakisManos_38_m
5	HatzidakisManos	47	AGE47	293	293_HatzidakisManos_47_m
5	HatzidakisManos	25	AGE25	298	298_HatzidakisManos_25_m
5	HatzidakisManos	43	AGE43	287	287_HatzidakisManos_43_m
6	Carroll	33	AGE33	16297	16297_Carroll_33_f
6	Carroll	74	AGE74	16302	16302_Carroll_74_f
6	Carroll	15	AGE15	16293	16293_Carroll_15_f
6	Carroll	78	AGE78	16312	16312_Carroll_78_f
6	Carroll	30	AGE30	16309	16309_Carroll_30_f
6	Carroll	55	AGE55	16311	16311_Carroll_55_f
6	Carroll	46	AGE46	16298	16298_Carroll_46_f
6	Carroll	27	AGE27	16296	16296_Carroll_27_f
6	Carroll	26	AGE26	16294	16294_Carroll_26_f
6	Carroll	78	AGE78	16313	16313_Carroll_78_f
6	Carroll	32	AGE32	16308	16308_Carroll_32_f
6	Carroll	34	AGE34	16292	16292_Carroll_34_f
6	Carroll	39	AGE39	16306	16306_Carroll_39_f
6	Carroll	32	AGE32	16307	16307_Carroll_32_f
6	Carroll	19	AGE19	16295	16295_Carroll_19_f
6	Carroll	24	AGE24	16310	16310_Carroll_24_f
6	Carroll	22	AGE22	16305	16305_Carroll_22_f
6	Carroll	78	AGE78	16300	16300_Carroll_78_f
6	Carroll	24	AGE24	16299	16299_Carroll_24_f
6	Carroll	46	AGE46	16304	16304_Carroll_46_f
6	Carroll	62	AGE62	16303	16303_Carroll_62_f
6	Carroll	21	AGE21	16291	16291_Carroll_21_f
6	Carroll	86	AGE86	16301	16301_Carroll_86_f
7	DonnaDouglas	37	AGE37	10979	10979_DonnaDouglas_37_f
7	DonnaDouglas	16	AGE16	10966	10966_DonnaDouglas_16_f
7	DonnaDouglas	59	AGE59	10984	10984_DonnaDouglas_59_f
7	DonnaDouglas	70	AGE70	10988	10988_DonnaDouglas_70_f
7	DonnaDouglas	54	AGE54	10983	10983_DonnaDouglas_54_f
7	DonnaDouglas	30	AGE30	10973	10973_DonnaDouglas_30_f
7	DonnaDouglas	6	AGE6	10964	10964_DonnaDouglas_6_f
7	DonnaDouglas	40	AGE40	10981	10981_DonnaDouglas_40_f
7	DonnaDouglas	74	AGE74	10985	10985_DonnaDouglas_74_f
7	DonnaDouglas	80	AGE80	10987	10987_DonnaDouglas_80_f
7	DonnaDouglas	75	AGE75	10986	10986_DonnaDouglas_75_f
7	DonnaDouglas	35	AGE35	10977	10977_DonnaDouglas_35_f
7	DonnaDouglas	38	AGE38	10980	10980_DonnaDouglas_38_f
7	DonnaDouglas	9	AGE9	10965	10965_DonnaDouglas_9_f
7	DonnaDouglas	34	AGE34	10976	10976_DonnaDouglas_34_f
7	DonnaDouglas	33	AGE33	10975	10975_DonnaDouglas_33_f
7	DonnaDouglas	18	AGE18	10967	10967_DonnaDouglas_18_f
7	DonnaDouglas	28	AGE28	10972	10972_DonnaDouglas_28_f
7	DonnaDouglas	20	AGE20	10968	10968_DonnaDouglas_20_f
7	DonnaDouglas	31	AGE31	10974	10974_DonnaDouglas_31_f
7	DonnaDouglas	26	AGE26	10970	10970_DonnaDouglas_26_f
7	DonnaDouglas	27	AGE27	10971	10971_DonnaDouglas_27_f
7	DonnaDouglas	25	AGE25	10969	10969_DonnaDouglas_25_f
7	DonnaDouglas	48	AGE48	10982	10982_DonnaDouglas_48_f
7	DonnaDouglas	36	AGE36	10978	10978_DonnaDouglas_36_f
8	SimoneSignoret	44	AGE44	14836	14836_SimoneSignoret_44_f
8	SimoneSignoret	48	AGE48	14819	14819_SimoneSignoret_48_f
8	SimoneSignoret	21	AGE21	14834	14834_SimoneSignoret_21_f
8	SimoneSignoret	44	AGE44	14831	14831_SimoneSignoret_44_f
8	SimoneSignoret	55	AGE55	14832	14832_SimoneSignoret_55_f
8	SimoneSignoret	39	AGE39	14818	14818_SimoneSignoret_39_f
8	SimoneSignoret	38	AGE38	14830	14830_SimoneSignoret_38_f
8	SimoneSignoret	23	AGE23	14840	14840_SimoneSignoret_23_f
8	SimoneSignoret	21	AGE21	14835	14835_SimoneSignoret_21_f
8	SimoneSignoret	30	AGE30	14817	14817_SimoneSignoret_30_f
8	SimoneSignoret	32	AGE32	14829	14829_SimoneSignoret_32_f
8	SimoneSignoret	37	AGE37	14842	14842_SimoneSignoret_37_f
8	SimoneSignoret	48	AGE48	14855	14855_SimoneSignoret_48_f
8	SimoneSignoret	34	AGE34	14822	14822_SimoneSignoret_34_f
8	SimoneSignoret	48	AGE48	14844	14844_SimoneSignoret_48_f
8	SimoneSignoret	26	AGE26	14839	14839_SimoneSignoret_26_f
8	SimoneSignoret	25	AGE25	14838	14838_SimoneSignoret_25_f
8	SimoneSignoret	25	AGE25	14847	14847_SimoneSignoret_25_f
8	SimoneSignoret	28	AGE28	14833	14833_SimoneSignoret_28_f
8	SimoneSignoret	29	AGE29	14827	14827_SimoneSignoret_29_f
8	SimoneSignoret	30	AGE30	14828	14828_SimoneSignoret_30_f
8	SimoneSignoret	50	AGE50	14845	14845_SimoneSignoret_50_f
8	SimoneSignoret	50	AGE50	14850	14850_SimoneSignoret_50_f
8	SimoneSignoret	21	AGE21	14841	14841_SimoneSignoret_21_f
8	SimoneSignoret	25	AGE25	14821	14821_SimoneSignoret_25_f
8	SimoneSignoret	21	AGE21	14824	14824_SimoneSignoret_21_f
8	SimoneSignoret	39	AGE39	14856	14856_SimoneSignoret_39_f
8	SimoneSignoret	64	AGE64	14846	14846_SimoneSignoret_64_f
8	SimoneSignoret	43	AGE43	14837	14837_SimoneSignoret_43_f
8	SimoneSignoret	27	AGE27	14843	14843_SimoneSignoret_27_f
8	SimoneSignoret	58	AGE58	14853	14853_SimoneSignoret_58_f
8	SimoneSignoret	51	AGE51	14851	14851_SimoneSignoret_51_f
8	SimoneSignoret	24	AGE24	14823	14823_SimoneSignoret_24_f
8	SimoneSignoret	57	AGE57	14852	14852_SimoneSignoret_57_f
8	SimoneSignoret	62	AGE62	14848	14848_SimoneSignoret_62_f
8	SimoneSignoret	61	AGE61	14854	14854_SimoneSignoret_61_f
8	SimoneSignoret	29	AGE29	14820	14820_SimoneSignoret_29_f
8	SimoneSignoret	42	AGE42	14826	14826_SimoneSignoret_42_f
8	SimoneSignoret	19	AGE19	14849	14849_SimoneSignoret_19_f
8	SimoneSignoret	35	AGE35	14825	14825_SimoneSignoret_35_f
9	FessParker	74	AGE74	7080	7080_FessParker_74_m
9	FessParker	33	AGE33	7065	7065_FessParker_33_m
9	FessParker	64	AGE64	7078	7078_FessParker_64_m
9	FessParker	76	AGE76	7081	7081_FessParker_76_m
9	FessParker	37	AGE37	7069	7069_FessParker_37_m
9	FessParker	77	AGE77	7082	7082_FessParker_77_m
9	FessParker	34	AGE34	7066	7066_FessParker_34_m
9	FessParker	28	AGE28	7063	7063_FessParker_28_m
9	FessParker	48	AGE48	7074	7074_FessParker_48_m
9	FessParker	51	AGE51	7075	7075_FessParker_51_m
9	FessParker	41	AGE41	7071	7071_FessParker_41_m
9	FessParker	60	AGE60	7077	7077_FessParker_60_m
9	FessParker	38	AGE38	7070	7070_FessParker_38_m
9	FessParker	56	AGE56	7076	7076_FessParker_56_m
9	FessParker	46	AGE46	7073	7073_FessParker_46_m
9	FessParker	35	AGE35	7067	7067_FessParker_35_m
9	FessParker	30	AGE30	7064	7064_FessParker_30_m
9	FessParker	66	AGE66	7079	7079_FessParker_66_m
9	FessParker	36	AGE36	7068	7068_FessParker_36_m
9	FessParker	44	AGE44	7072	7072_FessParker_44_m
10	JeffDaniels	37	AGE37	3358	3358_JeffDaniels_37_m
10	JeffDaniels	54	AGE54	3378	3378_JeffDaniels_54_m
10	JeffDaniels	43	AGE43	3366	3366_JeffDaniels_43_m
10	JeffDaniels	26	AGE26	3349	3349_JeffDaniels_26_m
10	JeffDaniels	51	AGE51	3375	3375_JeffDaniels_51_m
10	JeffDaniels	59	AGE59	3382	3382_JeffDaniels_59_m
10	JeffDaniels	39	AGE39	3361	3361_JeffDaniels_39_m
10	JeffDaniels	57	AGE57	3380	3380_JeffDaniels_57_m
10	JeffDaniels	36	AGE36	3357	3357_JeffDaniels_36_m
10	JeffDaniels	49	AGE49	3373	3373_JeffDaniels_49_m
10	JeffDaniels	29	AGE29	3351	3351_JeffDaniels_29_m
10	JeffDaniels	41	AGE41	3363	3363_JeffDaniels_41_m
10	JeffDaniels	35	AGE35	3356	3356_JeffDaniels_35_m
10	JeffDaniels	46	AGE46	3370	3370_JeffDaniels_46_m
10	JeffDaniels	34	AGE34	3355	3355_JeffDaniels_34_m
10	JeffDaniels	42	AGE42	3364	3364_JeffDaniels_42_m
10	JeffDaniels	31	AGE31	3353	3353_JeffDaniels_31_m
10	JeffDaniels	44	AGE44	3367	3367_JeffDaniels_44_m
10	JeffDaniels	50	AGE50	3374	3374_JeffDaniels_50_m
10	JeffDaniels	28	AGE28	3350	3350_JeffDaniels_28_m
10	JeffDaniels	30	AGE30	3352	3352_JeffDaniels_30_m
10	JeffDaniels	38	AGE38	3360	3360_JeffDaniels_38_m
10	JeffDaniels	33	AGE33	3354	3354_JeffDaniels_33_m
10	JeffDaniels	45	AGE45	3368	3368_JeffDaniels_45_m
10	JeffDaniels	40	AGE40	3362	3362_JeffDaniels_40_m
10	JeffDaniels	53	AGE53	3377	3377_JeffDaniels_53_m
10	JeffDaniels	48	AGE48	3372	3372_JeffDaniels_48_m
10	JeffDaniels	47	AGE47	3371	3371_JeffDaniels_47_m
10	JeffDaniels	38	AGE38	3359	3359_JeffDaniels_38_m
10	JeffDaniels	58	AGE58	3381	3381_JeffDaniels_58_m
10	JeffDaniels	45	AGE45	3369	3369_JeffDaniels_45_m
10	JeffDaniels	52	AGE52	3376	3376_JeffDaniels_52_m
10	JeffDaniels	42	AGE42	3365	3365_JeffDaniels_42_m
10	JeffDaniels	55	AGE55	3379	3379_JeffDaniels_55_m
11	MichaelSarrazin	61	AGE61	9150	9150_MichaelSarrazin_61_m
11	MichaelSarrazin	55	AGE55	9148	9148_MichaelSarrazin_55_m
11	MichaelSarrazin	33	AGE33	9135	9135_MichaelSarrazin_33_m
11	MichaelSarrazin	32	AGE32	9134	9134_MichaelSarrazin_32_m
11	MichaelSarrazin	28	AGE28	9130	9130_MichaelSarrazin_28_m
11	MichaelSarrazin	31	AGE31	9133	9133_MichaelSarrazin_31_m
11	MichaelSarrazin	57	AGE57	9149	9149_MichaelSarrazin_57_m
11	MichaelSarrazin	53	AGE53	9147	9147_MichaelSarrazin_53_m
11	MichaelSarrazin	42	AGE42	9141	9141_MichaelSarrazin_42_m
11	MichaelSarrazin	46	AGE46	9143	9143_MichaelSarrazin_46_m
11	MichaelSarrazin	50	AGE50	9145	9145_MichaelSarrazin_50_m
11	MichaelSarrazin	23	AGE23	9128	9128_MichaelSarrazin_23_m
11	MichaelSarrazin	68	AGE68	9152	9152_MichaelSarrazin_68_m
11	MichaelSarrazin	38	AGE38	9139	9139_MichaelSarrazin_38_m
11	MichaelSarrazin	51	AGE51	9146	9146_MichaelSarrazin_51_m
11	MichaelSarrazin	45	AGE45	9142	9142_MichaelSarrazin_45_m
11	MichaelSarrazin	40	AGE40	9140	9140_MichaelSarrazin_40_m
11	MichaelSarrazin	30	AGE30	9132	9132_MichaelSarrazin_30_m
11	MichaelSarrazin	37	AGE37	9138	9138_MichaelSarrazin_37_m
11	MichaelSarrazin	29	AGE29	9131	9131_MichaelSarrazin_29_m
11	MichaelSarrazin	36	AGE36	9137	9137_MichaelSarrazin_36_m
11	MichaelSarrazin	27	AGE27	9129	9129_MichaelSarrazin_27_m
11	MichaelSarrazin	34	AGE34	9136	9136_MichaelSarrazin_34_m
11	MichaelSarrazin	64	AGE64	9151	9151_MichaelSarrazin_64_m
11	MichaelSarrazin	48	AGE48	9144	9144_MichaelSarrazin_48_m
12	MerylStreep	47	AGE47	10739	10739_MerylStreep_47_f
12	MerylStreep	57	AGE57	10747	10747_MerylStreep_57_f
12	MerylStreep	41	AGE41	10736	10736_MerylStreep_41_f
12	MerylStreep	30	AGE30	10728	10728_MerylStreep_30_f
12	MerylStreep	35	AGE35	10731	10731_MerylStreep_35_f
12	MerylStreep	46	AGE46	10738	10738_MerylStreep_46_f
12	MerylStreep	39	AGE39	10733	10733_MerylStreep_39_f
12	MerylStreep	29	AGE29	10727	10727_MerylStreep_29_f
12	MerylStreep	34	AGE34	10730	10730_MerylStreep_34_f
12	MerylStreep	60	AGE60	10749	10749_MerylStreep_60_f
12	MerylStreep	58	AGE58	10748	10748_MerylStreep_58_f
12	MerylStreep	50	AGE50	10742	10742_MerylStreep_50_f
12	MerylStreep	40	AGE40	10734	10734_MerylStreep_40_f
12	MerylStreep	54	AGE54	10744	10744_MerylStreep_54_f
12	MerylStreep	42	AGE42	10737	10737_MerylStreep_42_f
12	MerylStreep	55	AGE55	10745	10745_MerylStreep_55_f
12	MerylStreep	57	AGE57	10746	10746_MerylStreep_57_f
12	MerylStreep	64	AGE64	10751	10751_MerylStreep_64_f
12	MerylStreep	53	AGE53	10743	10743_MerylStreep_53_f
12	MerylStreep	50	AGE50	10741	10741_MerylStreep_50_f
12	MerylStreep	49	AGE49	10740	10740_MerylStreep_49_f
12	MerylStreep	40	AGE40	10735	10735_MerylStreep_40_f
12	MerylStreep	64	AGE64	10750	10750_MerylStreep_64_f
12	MerylStreep	32	AGE32	10729	10729_MerylStreep_32_f
12	MerylStreep	38	AGE38	10732	10732_MerylStreep_38_f
13	CatherineSchell	33	AGE33	15120	15120_CatherineSchell_33_f
13	CatherineSchell	27	AGE27	15112	15112_CatherineSchell_27_f
13	CatherineSchell	23	AGE23	15115	15115_CatherineSchell_23_f
13	CatherineSchell	36	AGE36	15123	15123_CatherineSchell_36_f
13	CatherineSchell	29	AGE29	15113	15113_CatherineSchell_29_f
13	CatherineSchell	24	AGE24	15109	15109_CatherineSchell_24_f
13	CatherineSchell	39	AGE39	15126	15126_CatherineSchell_39_f
13	CatherineSchell	51	AGE51	15132	15132_CatherineSchell_51_f
13	CatherineSchell	41	AGE41	15128	15128_CatherineSchell_41_f
13	CatherineSchell	59	AGE59	15134	15134_CatherineSchell_59_f
13	CatherineSchell	28	AGE28	15116	15116_CatherineSchell_28_f
13	CatherineSchell	38	AGE38	15125	15125_CatherineSchell_38_f
13	CatherineSchell	53	AGE53	15133	15133_CatherineSchell_53_f
13	CatherineSchell	69	AGE69	15142	15142_CatherineSchell_69_f
13	CatherineSchell	70	AGE70	15143	15143_CatherineSchell_70_f
13	CatherineSchell	34	AGE34	15121	15121_CatherineSchell_34_f
13	CatherineSchell	61	AGE61	15135	15135_CatherineSchell_61_f
13	CatherineSchell	26	AGE26	15111	15111_CatherineSchell_26_f
13	CatherineSchell	66	AGE66	15139	15139_CatherineSchell_66_f
13	CatherineSchell	40	AGE40	15127	15127_CatherineSchell_40_f
13	CatherineSchell	48	AGE48	15131	15131_CatherineSchell_48_f
13	CatherineSchell	20	AGE20	15114	15114_CatherineSchell_20_f
13	CatherineSchell	63	AGE63	15137	15137_CatherineSchell_63_f
13	CatherineSchell	62	AGE62	15136	15136_CatherineSchell_62_f
13	CatherineSchell	67	AGE67	15140	15140_CatherineSchell_67_f
13	CatherineSchell	25	AGE25	15110	15110_CatherineSchell_25_f
13	CatherineSchell	31	AGE31	15118	15118_CatherineSchell_31_f
13	CatherineSchell	68	AGE68	15141	15141_CatherineSchell_68_f
13	CatherineSchell	32	AGE32	15119	15119_CatherineSchell_32_f
13	CatherineSchell	65	AGE65	15138	15138_CatherineSchell_65_f
13	CatherineSchell	30	AGE30	15117	15117_CatherineSchell_30_f
13	CatherineSchell	37	AGE37	15124	15124_CatherineSchell_37_f
13	CatherineSchell	43	AGE43	15129	15129_CatherineSchell_43_f
13	CatherineSchell	46	AGE46	15130	15130_CatherineSchell_46_f
13	CatherineSchell	19	AGE19	15108	15108_CatherineSchell_19_f
13	CatherineSchell	35	AGE35	15122	15122_CatherineSchell_35_f
14	StevenSpielberg	52	AGE52	6832	6832_StevenSpielberg_52_m
14	StevenSpielberg	65	AGE65	6836	6836_StevenSpielberg_65_m
14	StevenSpielberg	34	AGE34	6841	6841_StevenSpielberg_34_m
14	StevenSpielberg	24	AGE24	6839	6839_StevenSpielberg_24_m
14	StevenSpielberg	58	AGE58	6835	6835_StevenSpielberg_58_m
14	StevenSpielberg	22	AGE22	6820	6820_StevenSpielberg_22_m
14	StevenSpielberg	66	AGE66	6829	6829_StevenSpielberg_66_m
14	StevenSpielberg	47	AGE47	6831	6831_StevenSpielberg_47_m
14	StevenSpielberg	40	AGE40	6838	6838_StevenSpielberg_40_m
14	StevenSpielberg	50	AGE50	6840	6840_StevenSpielberg_50_m
14	StevenSpielberg	29	AGE29	6821	6821_StevenSpielberg_29_m
14	StevenSpielberg	53	AGE53	6833	6833_StevenSpielberg_53_m
14	StevenSpielberg	63	AGE63	6828	6828_StevenSpielberg_63_m
14	StevenSpielberg	60	AGE60	6826	6826_StevenSpielberg_60_m
14	StevenSpielberg	35	AGE35	6837	6837_StevenSpielberg_35_m
14	StevenSpielberg	45	AGE45	6819	6819_StevenSpielberg_45_m
14	StevenSpielberg	27	AGE27	6830	6830_StevenSpielberg_27_m
14	StevenSpielberg	61	AGE61	6827	6827_StevenSpielberg_61_m
14	StevenSpielberg	34	AGE34	6822	6822_StevenSpielberg_34_m
14	StevenSpielberg	57	AGE57	6834	6834_StevenSpielberg_57_m
14	StevenSpielberg	56	AGE56	6825	6825_StevenSpielberg_56_m
14	StevenSpielberg	43	AGE43	6824	6824_StevenSpielberg_43_m
14	StevenSpielberg	35	AGE35	6823	6823_StevenSpielberg_35_m
15	AnneBancroft	31	AGE31	13864	13864_AnneBancroft_31_f
15	AnneBancroft	25	AGE25	13873	13873_AnneBancroft_25_f
15	AnneBancroft	46	AGE46	13862	13862_AnneBancroft_46_f
15	AnneBancroft	72	AGE72	13869	13869_AnneBancroft_72_f
15	AnneBancroft	22	AGE22	13863	13863_AnneBancroft_22_f
15	AnneBancroft	61	AGE61	13870	13870_AnneBancroft_61_f
15	AnneBancroft	60	AGE60	13843	13843_AnneBancroft_60_f
15	AnneBancroft	28	AGE28	13851	13851_AnneBancroft_28_f
15	AnneBancroft	31	AGE31	13845	13845_AnneBancroft_31_f
15	AnneBancroft	53	AGE53	13850	13850_AnneBancroft_53_f
15	AnneBancroft	70	AGE70	13867	13867_AnneBancroft_70_f
15	AnneBancroft	67	AGE67	13844	13844_AnneBancroft_67_f
15	AnneBancroft	44	AGE44	13846	13846_AnneBancroft_44_f
15	AnneBancroft	52	AGE52	13848	13848_AnneBancroft_52_f
15	AnneBancroft	35	AGE35	13871	13871_AnneBancroft_35_f
15	AnneBancroft	73	AGE73	13872	13872_AnneBancroft_73_f
15	AnneBancroft	22	AGE22	13858	13858_AnneBancroft_22_f
15	AnneBancroft	28	AGE28	13855	13855_AnneBancroft_28_f
15	AnneBancroft	66	AGE66	13860	13860_AnneBancroft_66_f
15	AnneBancroft	69	AGE69	13852	13852_AnneBancroft_69_f
15	AnneBancroft	41	AGE41	13865	13865_AnneBancroft_41_f
15	AnneBancroft	25	AGE25	13859	13859_AnneBancroft_25_f
15	AnneBancroft	25	AGE25	13856	13856_AnneBancroft_25_f
15	AnneBancroft	61	AGE61	13849	13849_AnneBancroft_61_f
15	AnneBancroft	68	AGE68	13866	13866_AnneBancroft_68_f
15	AnneBancroft	49	AGE49	13853	13853_AnneBancroft_49_f
15	AnneBancroft	23	AGE23	13861	13861_AnneBancroft_23_f
15	AnneBancroft	70	AGE70	13854	13854_AnneBancroft_70_f
15	AnneBancroft	71	AGE71	13868	13868_AnneBancroft_71_f
15	AnneBancroft	33	AGE33	13847	13847_AnneBancroft_33_f
15	AnneBancroft	73	AGE73	13874	13874_AnneBancroft_73_f
15	AnneBancroft	24	AGE24	13857	13857_AnneBancroft_24_f
15	AnneBancroft	51	AGE51	13842	13842_AnneBancroft_51_f
16	ReginaldOwen	44	AGE44	8241	8241_ReginaldOwen_44_m
16	ReginaldOwen	43	AGE43	8240	8240_ReginaldOwen_43_m
16	ReginaldOwen	66	AGE66	8258	8258_ReginaldOwen_66_m
16	ReginaldOwen	70	AGE70	8259	8259_ReginaldOwen_70_m
16	ReginaldOwen	83	AGE83	8266	8266_ReginaldOwen_83_m
16	ReginaldOwen	57	AGE57	8254	8254_ReginaldOwen_57_m
16	ReginaldOwen	73	AGE73	8260	8260_ReginaldOwen_73_m
16	ReginaldOwen	62	AGE62	8256	8256_ReginaldOwen_62_m
16	ReginaldOwen	56	AGE56	8253	8253_ReginaldOwen_56_m
16	ReginaldOwen	84	AGE84	8267	8267_ReginaldOwen_84_m
16	ReginaldOwen	49	AGE49	8247	8247_ReginaldOwen_49_m
16	ReginaldOwen	51	AGE51	8248	8248_ReginaldOwen_51_m
16	ReginaldOwen	46	AGE46	8242	8242_ReginaldOwen_46_m
16	ReginaldOwen	52	AGE52	8249	8249_ReginaldOwen_52_m
16	ReginaldOwen	61	AGE61	8255	8255_ReginaldOwen_61_m
16	ReginaldOwen	78	AGE78	8264	8264_ReginaldOwen_78_m
16	ReginaldOwen	76	AGE76	8262	8262_ReginaldOwen_76_m
16	ReginaldOwen	48	AGE48	8243	8243_ReginaldOwen_48_m
16	ReginaldOwen	54	AGE54	8251	8251_ReginaldOwen_54_m
16	ReginaldOwen	63	AGE63	8257	8257_ReginaldOwen_63_m
16	ReginaldOwen	41	AGE41	8244	8244_ReginaldOwen_41_m
16	ReginaldOwen	47	AGE47	8245	8245_ReginaldOwen_47_m
16	ReginaldOwen	77	AGE77	8263	8263_ReginaldOwen_77_m
16	ReginaldOwen	53	AGE53	8250	8250_ReginaldOwen_53_m
16	ReginaldOwen	75	AGE75	8261	8261_ReginaldOwen_75_m
16	ReginaldOwen	82	AGE82	8265	8265_ReginaldOwen_82_m
16	ReginaldOwen	55	AGE55	8252	8252_ReginaldOwen_55_m
16	ReginaldOwen	48	AGE48	8246	8246_ReginaldOwen_48_m
17	LuiseRainer	25	AGE25	10663	10663_LuiseRainer_25_f
17	LuiseRainer	26	AGE26	10638	10638_LuiseRainer_26_f
17	LuiseRainer	25	AGE25	10634	10634_LuiseRainer_25_f
17	LuiseRainer	28	AGE28	10666	10666_LuiseRainer_28_f
17	LuiseRainer	30	AGE30	10683	10683_LuiseRainer_30_f
17	LuiseRainer	22	AGE22	10670	10670_LuiseRainer_22_f
17	LuiseRainer	33	AGE33	10661	10661_LuiseRainer_33_f
17	LuiseRainer	29	AGE29	10653	10653_LuiseRainer_29_f
17	LuiseRainer	25	AGE25	10675	10675_LuiseRainer_25_f
17	LuiseRainer	32	AGE32	10690	10690_LuiseRainer_32_f
17	LuiseRainer	27	AGE27	10659	10659_LuiseRainer_27_f
17	LuiseRainer	100	AGE100	10692	10692_LuiseRainer_100_f
17	LuiseRainer	25	AGE25	10688	10688_LuiseRainer_25_f
17	LuiseRainer	26	AGE26	10644	10644_LuiseRainer_26_f
17	LuiseRainer	28	AGE28	10681	10681_LuiseRainer_28_f
17	LuiseRainer	28	AGE28	10651	10651_LuiseRainer_28_f
17	LuiseRainer	31	AGE31	10668	10668_LuiseRainer_31_f
17	LuiseRainer	85	AGE85	10654	10654_LuiseRainer_85_f
17	LuiseRainer	27	AGE27	10637	10637_LuiseRainer_27_f
17	LuiseRainer	26	AGE26	10656	10656_LuiseRainer_26_f
17	LuiseRainer	35	AGE35	10649	10649_LuiseRainer_35_f
17	LuiseRainer	42	AGE42	10669	10669_LuiseRainer_42_f
17	LuiseRainer	26	AGE26	10652	10652_LuiseRainer_26_f
17	LuiseRainer	26	AGE26	10679	10679_LuiseRainer_26_f
17	LuiseRainer	85	AGE85	10687	10687_LuiseRainer_85_f
17	LuiseRainer	74	AGE74	10671	10671_LuiseRainer_74_f
17	LuiseRainer	26	AGE26	10672	10672_LuiseRainer_26_f
17	LuiseRainer	27	AGE27	10665	10665_LuiseRainer_27_f
17	LuiseRainer	26	AGE26	10635	10635_LuiseRainer_26_f
17	LuiseRainer	25	AGE25	10639	10639_LuiseRainer_25_f
17	LuiseRainer	30	AGE30	10655	10655_LuiseRainer_30_f
17	LuiseRainer	29	AGE29	10677	10677_LuiseRainer_29_f
17	LuiseRainer	26	AGE26	10658	10658_LuiseRainer_26_f
17	LuiseRainer	23	AGE23	10640	10640_LuiseRainer_23_f
17	LuiseRainer	27	AGE27	10674	10674_LuiseRainer_27_f
17	LuiseRainer	38	AGE38	10648	10648_LuiseRainer_38_f
17	LuiseRainer	29	AGE29	10682	10682_LuiseRainer_29_f
17	LuiseRainer	25	AGE25	10642	10642_LuiseRainer_25_f
17	LuiseRainer	26	AGE26	10676	10676_LuiseRainer_26_f
17	LuiseRainer	27	AGE27	10646	10646_LuiseRainer_27_f
17	LuiseRainer	26	AGE26	10689	10689_LuiseRainer_26_f
17	LuiseRainer	27	AGE27	10650	10650_LuiseRainer_27_f
17	LuiseRainer	27	AGE27	10678	10678_LuiseRainer_27_f
17	LuiseRainer	23	AGE23	10673	10673_LuiseRainer_23_f
17	LuiseRainer	45	AGE45	10643	10643_LuiseRainer_45_f
17	LuiseRainer	30	AGE30	10667	10667_LuiseRainer_30_f
17	LuiseRainer	26	AGE26	10664	10664_LuiseRainer_26_f
17	LuiseRainer	22	AGE22	10641	10641_LuiseRainer_22_f
17	LuiseRainer	28	AGE28	10633	10633_LuiseRainer_28_f
17	LuiseRainer	33	AGE33	10685	10685_LuiseRainer_33_f
17	LuiseRainer	25	AGE25	10657	10657_LuiseRainer_25_f
17	LuiseRainer	50	AGE50	10647	10647_LuiseRainer_50_f
17	LuiseRainer	27	AGE27	10645	10645_LuiseRainer_27_f
17	LuiseRainer	46	AGE46	10686	10686_LuiseRainer_46_f
17	LuiseRainer	100	AGE100	10691	10691_LuiseRainer_100_f
17	LuiseRainer	30	AGE30	10680	10680_LuiseRainer_30_f
17	LuiseRainer	32	AGE32	10660	10660_LuiseRainer_32_f
17	LuiseRainer	28	AGE28	10636	10636_LuiseRainer_28_f
17	LuiseRainer	22	AGE22	10662	10662_LuiseRainer_22_f
17	LuiseRainer	32	AGE32	10684	10684_LuiseRainer_32_f
18	ElsaMartinelli	29	AGE29	12061	12061_ElsaMartinelli_29_f
18	ElsaMartinelli	76	AGE76	12085	12085_ElsaMartinelli_76_f
18	ElsaMartinelli	71	AGE71	12080	12080_ElsaMartinelli_71_f
18	ElsaMartinelli	64	AGE64	12077	12077_ElsaMartinelli_64_f
18	ElsaMartinelli	60	AGE60	12075	12075_ElsaMartinelli_60_f
18	ElsaMartinelli	31	AGE31	12063	12063_ElsaMartinelli_31_f
18	ElsaMartinelli	42	AGE42	12070	12070_ElsaMartinelli_42_f
18	ElsaMartinelli	21	AGE21	12059	12059_ElsaMartinelli_21_f
18	ElsaMartinelli	34	AGE34	12065	12065_ElsaMartinelli_34_f
18	ElsaMartinelli	49	AGE49	12072	12072_ElsaMartinelli_49_f
18	ElsaMartinelli	63	AGE63	12076	12076_ElsaMartinelli_63_f
18	ElsaMartinelli	77	AGE77	12086	12086_ElsaMartinelli_77_f
18	ElsaMartinelli	30	AGE30	12062	12062_ElsaMartinelli_30_f
18	ElsaMartinelli	59	AGE59	12074	12074_ElsaMartinelli_59_f
18	ElsaMartinelli	38	AGE38	12068	12068_ElsaMartinelli_38_f
18	ElsaMartinelli	20	AGE20	12058	12058_ElsaMartinelli_20_f
18	ElsaMartinelli	73	AGE73	12082	12082_ElsaMartinelli_73_f
18	ElsaMartinelli	75	AGE75	12084	12084_ElsaMartinelli_75_f
18	ElsaMartinelli	35	AGE35	12066	12066_ElsaMartinelli_35_f
18	ElsaMartinelli	19	AGE19	12057	12057_ElsaMartinelli_19_f
18	ElsaMartinelli	78	AGE78	12087	12087_ElsaMartinelli_78_f
18	ElsaMartinelli	39	AGE39	12069	12069_ElsaMartinelli_39_f
18	ElsaMartinelli	72	AGE72	12081	12081_ElsaMartinelli_72_f
18	ElsaMartinelli	55	AGE55	12073	12073_ElsaMartinelli_55_f
18	ElsaMartinelli	46	AGE46	12071	12071_ElsaMartinelli_46_f
18	ElsaMartinelli	37	AGE37	12067	12067_ElsaMartinelli_37_f
18	ElsaMartinelli	74	AGE74	12083	12083_ElsaMartinelli_74_f
18	ElsaMartinelli	69	AGE69	12079	12079_ElsaMartinelli_69_f
18	ElsaMartinelli	68	AGE68	12078	12078_ElsaMartinelli_68_f
18	ElsaMartinelli	33	AGE33	12064	12064_ElsaMartinelli_33_f
18	ElsaMartinelli	23	AGE23	12060	12060_ElsaMartinelli_23_f
19	EdwardFox	77	AGE77	1940	1940_EdwardFox_77_m
19	EdwardFox	51	AGE51	1923	1923_EdwardFox_51_m
19	EdwardFox	58	AGE58	1927	1927_EdwardFox_58_m
19	EdwardFox	30	AGE30	1904	1904_EdwardFox_30_m
19	EdwardFox	76	AGE76	1939	1939_EdwardFox_76_m
19	EdwardFox	35	AGE35	1909	1909_EdwardFox_35_m
19	EdwardFox	45	AGE45	1918	1918_EdwardFox_45_m
19	EdwardFox	33	AGE33	1907	1907_EdwardFox_33_m
19	EdwardFox	40	AGE40	1913	1913_EdwardFox_40_m
19	EdwardFox	41	AGE41	1914	1914_EdwardFox_41_m
19	EdwardFox	36	AGE36	1910	1910_EdwardFox_36_m
19	EdwardFox	46	AGE46	1919	1919_EdwardFox_46_m
19	EdwardFox	49	AGE49	1922	1922_EdwardFox_49_m
19	EdwardFox	26	AGE26	1900	1900_EdwardFox_26_m
19	EdwardFox	70	AGE70	1934	1934_EdwardFox_70_m
19	EdwardFox	31	AGE31	1905	1905_EdwardFox_31_m
19	EdwardFox	34	AGE34	1908	1908_EdwardFox_34_m
19	EdwardFox	29	AGE29	1903	1903_EdwardFox_29_m
19	EdwardFox	38	AGE38	1911	1911_EdwardFox_38_m
19	EdwardFox	59	AGE59	1928	1928_EdwardFox_59_m
19	EdwardFox	60	AGE60	1929	1929_EdwardFox_60_m
19	EdwardFox	63	AGE63	1930	1930_EdwardFox_63_m
19	EdwardFox	55	AGE55	1926	1926_EdwardFox_55_m
19	EdwardFox	28	AGE28	1902	1902_EdwardFox_28_m
19	EdwardFox	73	AGE73	1937	1937_EdwardFox_73_m
19	EdwardFox	54	AGE54	1925	1925_EdwardFox_54_m
19	EdwardFox	32	AGE32	1906	1906_EdwardFox_32_m
19	EdwardFox	65	AGE65	1931	1931_EdwardFox_65_m
19	EdwardFox	72	AGE72	1936	1936_EdwardFox_72_m
19	EdwardFox	75	AGE75	1938	1938_EdwardFox_75_m
19	EdwardFox	71	AGE71	1935	1935_EdwardFox_71_m
19	EdwardFox	42	AGE42	1915	1915_EdwardFox_42_m
19	EdwardFox	44	AGE44	1917	1917_EdwardFox_44_m
19	EdwardFox	48	AGE48	1921	1921_EdwardFox_48_m
19	EdwardFox	27	AGE27	1901	1901_EdwardFox_27_m
19	EdwardFox	66	AGE66	1932	1932_EdwardFox_66_m
19	EdwardFox	53	AGE53	1924	1924_EdwardFox_53_m
19	EdwardFox	40	AGE40	1912	1912_EdwardFox_40_m
19	EdwardFox	67	AGE67	1933	1933_EdwardFox_67_m
19	EdwardFox	47	AGE47	1920	1920_EdwardFox_47_m
19	EdwardFox	43	AGE43	1916	1916_EdwardFox_43_m
20	JohnTravolta	20	AGE20	4685	4685_JohnTravolta_20_m
20	JohnTravolta	23	AGE23	4684	4684_JohnTravolta_23_m
20	JohnTravolta	45	AGE45	4686	4686_JohnTravolta_45_m
20	JohnTravolta	53	AGE53	4682	4682_JohnTravolta_53_m
20	JohnTravolta	24	AGE24	4673	4673_JohnTravolta_24_m
20	JohnTravolta	43	AGE43	4691	4691_JohnTravolta_43_m
20	JohnTravolta	37	AGE37	4683	4683_JohnTravolta_37_m
20	JohnTravolta	37	AGE37	4675	4675_JohnTravolta_37_m
20	JohnTravolta	31	AGE31	4700	4700_JohnTravolta_31_m
20	JohnTravolta	27	AGE27	4694	4694_JohnTravolta_27_m
20	JohnTravolta	44	AGE44	4679	4679_JohnTravolta_44_m
20	JohnTravolta	22	AGE22	4693	4693_JohnTravolta_22_m
20	JohnTravolta	22	AGE22	4674	4674_JohnTravolta_22_m
20	JohnTravolta	45	AGE45	4696	4696_JohnTravolta_45_m
20	JohnTravolta	38	AGE38	4671	4671_JohnTravolta_38_m
20	JohnTravolta	40	AGE40	4689	4689_JohnTravolta_40_m
20	JohnTravolta	50	AGE50	4699	4699_JohnTravolta_50_m
20	JohnTravolta	35	AGE35	4672	4672_JohnTravolta_35_m
20	JohnTravolta	55	AGE55	4688	4688_JohnTravolta_55_m
20	JohnTravolta	59	AGE59	4681	4681_JohnTravolta_59_m
20	JohnTravolta	29	AGE29	4692	4692_JohnTravolta_29_m
20	JohnTravolta	24	AGE24	4697	4697_JohnTravolta_24_m
20	JohnTravolta	30	AGE30	4687	4687_JohnTravolta_30_m
20	JohnTravolta	25	AGE25	4698	4698_JohnTravolta_25_m
20	JohnTravolta	51	AGE51	4680	4680_JohnTravolta_51_m
20	JohnTravolta	26	AGE26	4695	4695_JohnTravolta_26_m
20	JohnTravolta	53	AGE53	4677	4677_JohnTravolta_53_m
20	JohnTravolta	26	AGE26	4676	4676_JohnTravolta_26_m
20	JohnTravolta	24	AGE24	4690	4690_JohnTravolta_24_m
20	JohnTravolta	42	AGE42	4678	4678_JohnTravolta_42_m
21	JamesStewart	51	AGE51	8648	8648_JamesStewart_51_m
21	JamesStewart	32	AGE32	8643	8643_JamesStewart_32_m
21	JamesStewart	32	AGE32	8655	8655_JamesStewart_32_m
21	JamesStewart	41	AGE41	8653	8653_JamesStewart_41_m
21	JamesStewart	45	AGE45	8647	8647_JamesStewart_45_m
21	JamesStewart	29	AGE29	8657	8657_JamesStewart_29_m
21	JamesStewart	31	AGE31	8642	8642_JamesStewart_31_m
21	JamesStewart	32	AGE32	8656	8656_JamesStewart_32_m
21	JamesStewart	41	AGE41	8658	8658_JamesStewart_41_m
21	JamesStewart	68	AGE68	8651	8651_JamesStewart_68_m
21	JamesStewart	69	AGE69	8652	8652_JamesStewart_69_m
21	JamesStewart	34	AGE34	8654	8654_JamesStewart_34_m
21	JamesStewart	65	AGE65	8650	8650_JamesStewart_65_m
21	JamesStewart	52	AGE52	8649	8649_JamesStewart_52_m
21	JamesStewart	28	AGE28	8639	8639_JamesStewart_28_m
21	JamesStewart	40	AGE40	8646	8646_JamesStewart_40_m
21	JamesStewart	86	AGE86	8637	8637_JamesStewart_86_m
21	JamesStewart	26	AGE26	8638	8638_JamesStewart_26_m
21	JamesStewart	38	AGE38	8645	8645_JamesStewart_38_m
21	JamesStewart	32	AGE32	8644	8644_JamesStewart_32_m
21	JamesStewart	30	AGE30	8640	8640_JamesStewart_30_m
21	JamesStewart	31	AGE31	8641	8641_JamesStewart_31_m
22	TerryMoore	13	AGE13	10304	10304_TerryMoore_13_f
22	TerryMoore	15	AGE15	10305	10305_TerryMoore_15_f
22	TerryMoore	42	AGE42	10319	10319_TerryMoore_42_f
22	TerryMoore	72	AGE72	10328	10328_TerryMoore_72_f
22	TerryMoore	71	AGE71	10327	10327_TerryMoore_71_f
22	TerryMoore	28	AGE28	10311	10311_TerryMoore_28_f
22	TerryMoore	40	AGE40	10318	10318_TerryMoore_40_f
22	TerryMoore	19	AGE19	10307	10307_TerryMoore_19_f
22	TerryMoore	53	AGE53	10323	10323_TerryMoore_53_f
22	TerryMoore	26	AGE26	10310	10310_TerryMoore_26_f
22	TerryMoore	34	AGE34	10315	10315_TerryMoore_34_f
22	TerryMoore	55	AGE55	10332	10332_TerryMoore_55_f
22	TerryMoore	18	AGE18	10306	10306_TerryMoore_18_f
22	TerryMoore	20	AGE20	10308	10308_TerryMoore_20_f
22	TerryMoore	62	AGE62	10325	10325_TerryMoore_62_f
22	TerryMoore	32	AGE32	10314	10314_TerryMoore_32_f
22	TerryMoore	57	AGE57	10324	10324_TerryMoore_57_f
22	TerryMoore	38	AGE38	10317	10317_TerryMoore_38_f
22	TerryMoore	79	AGE79	10331	10331_TerryMoore_79_f
22	TerryMoore	69	AGE69	10326	10326_TerryMoore_69_f
22	TerryMoore	76	AGE76	10329	10329_TerryMoore_76_f
22	TerryMoore	22	AGE22	10309	10309_TerryMoore_22_f
22	TerryMoore	29	AGE29	10312	10312_TerryMoore_29_f
22	TerryMoore	47	AGE47	10321	10321_TerryMoore_47_f
22	TerryMoore	51	AGE51	10322	10322_TerryMoore_51_f
22	TerryMoore	44	AGE44	10320	10320_TerryMoore_44_f
22	TerryMoore	37	AGE37	10316	10316_TerryMoore_37_f
22	TerryMoore	77	AGE77	10330	10330_TerryMoore_77_f
22	TerryMoore	31	AGE31	10313	10313_TerryMoore_31_f
23	VirnaLisi	28	AGE28	11334	11334_VirnaLisi_28_f
23	VirnaLisi	25	AGE25	11350	11350_VirnaLisi_25_f
23	VirnaLisi	28	AGE28	11348	11348_VirnaLisi_28_f
23	VirnaLisi	30	AGE30	11336	11336_VirnaLisi_30_f
23	VirnaLisi	62	AGE62	11362	11362_VirnaLisi_62_f
23	VirnaLisi	33	AGE33	11339	11339_VirnaLisi_33_f
23	VirnaLisi	22	AGE22	11353	11353_VirnaLisi_22_f
23	VirnaLisi	26	AGE26	11332	11332_VirnaLisi_26_f
23	VirnaLisi	31	AGE31	11345	11345_VirnaLisi_31_f
23	VirnaLisi	74	AGE74	11343	11343_VirnaLisi_74_f
23	VirnaLisi	58	AGE58	11361	11361_VirnaLisi_58_f
23	VirnaLisi	23	AGE23	11356	11356_VirnaLisi_23_f
23	VirnaLisi	19	AGE19	11327	11327_VirnaLisi_19_f
23	VirnaLisi	58	AGE58	11360	11360_VirnaLisi_58_f
23	VirnaLisi	18	AGE18	11354	11354_VirnaLisi_18_f
23	VirnaLisi	32	AGE32	11338	11338_VirnaLisi_32_f
23	VirnaLisi	32	AGE32	11355	11355_VirnaLisi_32_f
23	VirnaLisi	24	AGE24	11329	11329_VirnaLisi_24_f
23	VirnaLisi	31	AGE31	11346	11346_VirnaLisi_31_f
23	VirnaLisi	44	AGE44	11358	11358_VirnaLisi_44_f
23	VirnaLisi	73	AGE73	11342	11342_VirnaLisi_73_f
23	VirnaLisi	34	AGE34	11340	11340_VirnaLisi_34_f
23	VirnaLisi	25	AGE25	11330	11330_VirnaLisi_25_f
23	VirnaLisi	30	AGE30	11326	11326_VirnaLisi_30_f
23	VirnaLisi	46	AGE46	11359	11359_VirnaLisi_46_f
23	VirnaLisi	31	AGE31	11337	11337_VirnaLisi_31_f
23	VirnaLisi	75	AGE75	11344	11344_VirnaLisi_75_f
23	VirnaLisi	37	AGE37	11357	11357_VirnaLisi_37_f
23	VirnaLisi	27	AGE27	11333	11333_VirnaLisi_27_f
23	VirnaLisi	26	AGE26	11347	11347_VirnaLisi_26_f
23	VirnaLisi	32	AGE32	11351	11351_VirnaLisi_32_f
23	VirnaLisi	29	AGE29	11349	11349_VirnaLisi_29_f
23	VirnaLisi	23	AGE23	11328	11328_VirnaLisi_23_f
23	VirnaLisi	54	AGE54	11341	11341_VirnaLisi_54_f
23	VirnaLisi	26	AGE26	11331	11331_VirnaLisi_26_f
23	VirnaLisi	28	AGE28	11335	11335_VirnaLisi_28_f
23	VirnaLisi	30	AGE30	11352	11352_VirnaLisi_30_f
24	HelenHunt	15	AGE15	10032	10032_HelenHunt_15_f
24	HelenHunt	12	AGE12	10029	10029_HelenHunt_12_f
24	HelenHunt	18	AGE18	10033	10033_HelenHunt_18_f
24	HelenHunt	38	AGE38	10052	10052_HelenHunt_38_f
24	HelenHunt	37	AGE37	10051	10051_HelenHunt_37_f
24	HelenHunt	10	AGE10	10027	10027_HelenHunt_10_f
24	HelenHunt	50	AGE50	10063	10063_HelenHunt_50_f
24	HelenHunt	19	AGE19	10034	10034_HelenHunt_19_f
24	HelenHunt	35	AGE35	10048	10048_HelenHunt_35_f
24	HelenHunt	26	AGE26	10039	10039_HelenHunt_26_f
24	HelenHunt	39	AGE39	10053	10053_HelenHunt_39_f
24	HelenHunt	44	AGE44	10057	10057_HelenHunt_44_f
24	HelenHunt	33	AGE33	10045	10045_HelenHunt_33_f
24	HelenHunt	49	AGE49	10061	10061_HelenHunt_49_f
24	HelenHunt	29	AGE29	10042	10042_HelenHunt_29_f
24	HelenHunt	32	AGE32	10044	10044_HelenHunt_32_f
24	HelenHunt	28	AGE28	10041	10041_HelenHunt_28_f
24	HelenHunt	48	AGE48	10060	10060_HelenHunt_48_f
24	HelenHunt	30	AGE30	10043	10043_HelenHunt_30_f
24	HelenHunt	43	AGE43	10056	10056_HelenHunt_43_f
24	HelenHunt	21	AGE21	10036	10036_HelenHunt_21_f
24	HelenHunt	22	AGE22	10037	10037_HelenHunt_22_f
24	HelenHunt	34	AGE34	10047	10047_HelenHunt_34_f
24	HelenHunt	14	AGE14	10031	10031_HelenHunt_14_f
24	HelenHunt	50	AGE50	10062	10062_HelenHunt_50_f
24	HelenHunt	41	AGE41	10054	10054_HelenHunt_41_f
24	HelenHunt	20	AGE20	10035	10035_HelenHunt_20_f
24	HelenHunt	51	AGE51	10064	10064_HelenHunt_51_f
24	HelenHunt	45	AGE45	10058	10058_HelenHunt_45_f
24	HelenHunt	37	AGE37	10050	10050_HelenHunt_37_f
24	HelenHunt	27	AGE27	10040	10040_HelenHunt_27_f
24	HelenHunt	36	AGE36	10049	10049_HelenHunt_36_f
24	HelenHunt	11	AGE11	10028	10028_HelenHunt_11_f
24	HelenHunt	34	AGE34	10046	10046_HelenHunt_34_f
24	HelenHunt	42	AGE42	10055	10055_HelenHunt_42_f
24	HelenHunt	24	AGE24	10038	10038_HelenHunt_24_f
24	HelenHunt	13	AGE13	10030	10030_HelenHunt_13_f
24	HelenHunt	47	AGE47	10059	10059_HelenHunt_47_f
25	ShirleyMacLaine	72	AGE72	13262	13262_ShirleyMacLaine_72_f
25	ShirleyMacLaine	44	AGE44	13252	13252_ShirleyMacLaine_44_f
25	ShirleyMacLaine	41	AGE41	13251	13251_ShirleyMacLaine_41_f
25	ShirleyMacLaine	56	AGE56	13257	13257_ShirleyMacLaine_56_f
25	ShirleyMacLaine	30	AGE30	13250	13250_ShirleyMacLaine_30_f
25	ShirleyMacLaine	71	AGE71	13261	13261_ShirleyMacLaine_71_f
25	ShirleyMacLaine	27	AGE27	13247	13247_ShirleyMacLaine_27_f
25	ShirleyMacLaine	20	AGE20	13241	13241_ShirleyMacLaine_20_f
25	ShirleyMacLaine	28	AGE28	13248	13248_ShirleyMacLaine_28_f
25	ShirleyMacLaine	52	AGE52	13256	13256_ShirleyMacLaine_52_f
25	ShirleyMacLaine	48	AGE48	13254	13254_ShirleyMacLaine_48_f
25	ShirleyMacLaine	15	AGE15	13242	13242_ShirleyMacLaine_15_f
25	ShirleyMacLaine	22	AGE22	13246	13246_ShirleyMacLaine_22_f
25	ShirleyMacLaine	37	AGE37	13240	13240_ShirleyMacLaine_37_f
25	ShirleyMacLaine	75	AGE75	13263	13263_ShirleyMacLaine_75_f
25	ShirleyMacLaine	67	AGE67	13260	13260_ShirleyMacLaine_67_f
25	ShirleyMacLaine	16	AGE16	13243	13243_ShirleyMacLaine_16_f
25	ShirleyMacLaine	66	AGE66	13259	13259_ShirleyMacLaine_66_f
25	ShirleyMacLaine	19	AGE19	13266	13266_ShirleyMacLaine_19_f
25	ShirleyMacLaine	21	AGE21	13267	13267_ShirleyMacLaine_21_f
25	ShirleyMacLaine	63	AGE63	13258	13258_ShirleyMacLaine_63_f
25	ShirleyMacLaine	45	AGE45	13253	13253_ShirleyMacLaine_45_f
25	ShirleyMacLaine	29	AGE29	13249	13249_ShirleyMacLaine_29_f
25	ShirleyMacLaine	42	AGE42	13264	13264_ShirleyMacLaine_42_f
25	ShirleyMacLaine	49	AGE49	13255	13255_ShirleyMacLaine_49_f
25	ShirleyMacLaine	19	AGE19	13245	13245_ShirleyMacLaine_19_f
25	ShirleyMacLaine	45	AGE45	13265	13265_ShirleyMacLaine_45_f
25	ShirleyMacLaine	17	AGE17	13244	13244_ShirleyMacLaine_17_f
26	FayeDunaway	67	AGE67	10528	10528_FayeDunaway_67_f
26	FayeDunaway	27	AGE27	10504	10504_FayeDunaway_27_f
26	FayeDunaway	33	AGE33	10507	10507_FayeDunaway_33_f
26	FayeDunaway	61	AGE61	10524	10524_FayeDunaway_61_f
26	FayeDunaway	26	AGE26	10503	10503_FayeDunaway_26_f
26	FayeDunaway	29	AGE29	10506	10506_FayeDunaway_29_f
26	FayeDunaway	66	AGE66	10527	10527_FayeDunaway_66_f
26	FayeDunaway	40	AGE40	10514	10514_FayeDunaway_40_f
26	FayeDunaway	38	AGE38	10512	10512_FayeDunaway_38_f
26	FayeDunaway	26	AGE26	10502	10502_FayeDunaway_26_f
26	FayeDunaway	58	AGE58	10522	10522_FayeDunaway_58_f
26	FayeDunaway	34	AGE34	10508	10508_FayeDunaway_34_f
26	FayeDunaway	42	AGE42	10515	10515_FayeDunaway_42_f
26	FayeDunaway	36	AGE36	10510	10510_FayeDunaway_36_f
26	FayeDunaway	28	AGE28	10505	10505_FayeDunaway_28_f
26	FayeDunaway	35	AGE35	10509	10509_FayeDunaway_35_f
26	FayeDunaway	64	AGE64	10526	10526_FayeDunaway_64_f
26	FayeDunaway	45	AGE45	10516	10516_FayeDunaway_45_f
26	FayeDunaway	59	AGE59	10523	10523_FayeDunaway_59_f
26	FayeDunaway	40	AGE40	10513	10513_FayeDunaway_40_f
26	FayeDunaway	37	AGE37	10511	10511_FayeDunaway_37_f
26	FayeDunaway	57	AGE57	10521	10521_FayeDunaway_57_f
26	FayeDunaway	55	AGE55	10518	10518_FayeDunaway_55_f
26	FayeDunaway	70	AGE70	10530	10530_FayeDunaway_70_f
26	FayeDunaway	56	AGE56	10519	10519_FayeDunaway_56_f
26	FayeDunaway	49	AGE49	10517	10517_FayeDunaway_49_f
26	FayeDunaway	68	AGE68	10529	10529_FayeDunaway_68_f
26	FayeDunaway	57	AGE57	10520	10520_FayeDunaway_57_f
26	FayeDunaway	62	AGE62	10525	10525_FayeDunaway_62_f
27	LaurenBacall	26	AGE26	11565	11565_LaurenBacall_26_f
27	LaurenBacall	46	AGE46	11562	11562_LaurenBacall_46_f
27	LaurenBacall	34	AGE34	11544	11544_LaurenBacall_34_f
27	LaurenBacall	28	AGE28	11531	11531_LaurenBacall_28_f
27	LaurenBacall	73	AGE73	11550	11550_LaurenBacall_73_f
27	LaurenBacall	81	AGE81	11554	11554_LaurenBacall_81_f
27	LaurenBacall	25	AGE25	11539	11539_LaurenBacall_25_f
27	LaurenBacall	20	AGE20	11534	11534_LaurenBacall_20_f
27	LaurenBacall	82	AGE82	11555	11555_LaurenBacall_82_f
27	LaurenBacall	85	AGE85	11557	11557_LaurenBacall_85_f
27	LaurenBacall	19	AGE19	11533	11533_LaurenBacall_19_f
27	LaurenBacall	80	AGE80	11553	11553_LaurenBacall_80_f
27	LaurenBacall	31	AGE31	11559	11559_LaurenBacall_31_f
27	LaurenBacall	31	AGE31	11543	11543_LaurenBacall_31_f
27	LaurenBacall	20	AGE20	11566	11566_LaurenBacall_20_f
27	LaurenBacall	22	AGE22	11536	11536_LaurenBacall_22_f
27	LaurenBacall	65	AGE65	11548	11548_LaurenBacall_65_f
27	LaurenBacall	57	AGE57	11561	11561_LaurenBacall_57_f
27	LaurenBacall	26	AGE26	11540	11540_LaurenBacall_26_f
27	LaurenBacall	75	AGE75	11552	11552_LaurenBacall_75_f
27	LaurenBacall	77	AGE77	11551	11551_LaurenBacall_77_f
27	LaurenBacall	35	AGE35	11545	11545_LaurenBacall_35_f
27	LaurenBacall	23	AGE23	11538	11538_LaurenBacall_23_f
27	LaurenBacall	83	AGE83	11556	11556_LaurenBacall_83_f
27	LaurenBacall	22	AGE22	11537	11537_LaurenBacall_22_f
27	LaurenBacall	27	AGE27	11564	11564_LaurenBacall_27_f
27	LaurenBacall	31	AGE31	11542	11542_LaurenBacall_31_f
27	LaurenBacall	72	AGE72	11549	11549_LaurenBacall_72_f
27	LaurenBacall	21	AGE21	11535	11535_LaurenBacall_21_f
27	LaurenBacall	40	AGE40	11546	11546_LaurenBacall_40_f
27	LaurenBacall	31	AGE31	11541	11541_LaurenBacall_31_f
27	LaurenBacall	18	AGE18	11532	11532_LaurenBacall_18_f
27	LaurenBacall	45	AGE45	11547	11547_LaurenBacall_45_f
27	LaurenBacall	42	AGE42	11558	11558_LaurenBacall_42_f
27	LaurenBacall	17	AGE17	11530	11530_LaurenBacall_17_f
27	LaurenBacall	64	AGE64	11563	11563_LaurenBacall_64_f
27	LaurenBacall	56	AGE56	11560	11560_LaurenBacall_56_f
28	AndreasPapantreou	55	AGE55	900	900_AndreasPapantreou_55_m
28	AndreasPapantreou	49	AGE49	894	894_AndreasPapantreou_49_m
28	AndreasPapantreou	57	AGE57	901	901_AndreasPapantreou_57_m
28	AndreasPapantreou	65	AGE65	907	907_AndreasPapantreou_65_m
28	AndreasPapantreou	74	AGE74	898	898_AndreasPapantreou_74_m
28	AndreasPapantreou	65	AGE65	906	906_AndreasPapantreou_65_m
28	AndreasPapantreou	55	AGE55	899	899_AndreasPapantreou_55_m
28	AndreasPapantreou	47	AGE47	893	893_AndreasPapantreou_47_m
28	AndreasPapantreou	48	AGE48	891	891_AndreasPapantreou_48_m
28	AndreasPapantreou	74	AGE74	897	897_AndreasPapantreou_74_m
28	AndreasPapantreou	40	AGE40	885	885_AndreasPapantreou_40_m
28	AndreasPapantreou	72	AGE72	905	905_AndreasPapantreou_72_m
28	AndreasPapantreou	32	AGE32	887	887_AndreasPapantreou_32_m
28	AndreasPapantreou	63	AGE63	895	895_AndreasPapantreou_63_m
28	AndreasPapantreou	53	AGE53	892	892_AndreasPapantreou_53_m
28	AndreasPapantreou	48	AGE48	902	902_AndreasPapantreou_48_m
28	AndreasPapantreou	44	AGE44	888	888_AndreasPapantreou_44_m
28	AndreasPapantreou	48	AGE48	889	889_AndreasPapantreou_48_m
28	AndreasPapantreou	58	AGE58	903	903_AndreasPapantreou_58_m
28	AndreasPapantreou	74	AGE74	904	904_AndreasPapantreou_74_m
28	AndreasPapantreou	73	AGE73	896	896_AndreasPapantreou_73_m
28	AndreasPapantreou	32	AGE32	884	884_AndreasPapantreou_32_m
28	AndreasPapantreou	11	AGE11	886	886_AndreasPapantreou_11_m
28	AndreasPapantreou	55	AGE55	890	890_AndreasPapantreou_55_m
28	AndreasPapantreou	68	AGE68	908	908_AndreasPapantreou_68_m
29	IreneDunne	77	AGE77	13581	13581_IreneDunne_77_f
29	IreneDunne	64	AGE64	13576	13576_IreneDunne_64_f
29	IreneDunne	69	AGE69	13579	13579_IreneDunne_69_f
29	IreneDunne	53	AGE53	13569	13569_IreneDunne_53_f
29	IreneDunne	62	AGE62	13574	13574_IreneDunne_62_f
29	IreneDunne	72	AGE72	13580	13580_IreneDunne_72_f
29	IreneDunne	39	AGE39	13560	13560_IreneDunne_39_f
29	IreneDunne	40	AGE40	13561	13561_IreneDunne_40_f
29	IreneDunne	48	AGE48	13565	13565_IreneDunne_48_f
29	IreneDunne	50	AGE50	13567	13567_IreneDunne_50_f
29	IreneDunne	51	AGE51	13568	13568_IreneDunne_51_f
29	IreneDunne	49	AGE49	13566	13566_IreneDunne_49_f
29	IreneDunne	59	AGE59	13573	13573_IreneDunne_59_f
29	IreneDunne	33	AGE33	13558	13558_IreneDunne_33_f
29	IreneDunne	41	AGE41	13562	13562_IreneDunne_41_f
29	IreneDunne	56	AGE56	13572	13572_IreneDunne_56_f
29	IreneDunne	32	AGE32	13557	13557_IreneDunne_32_f
29	IreneDunne	43	AGE43	13563	13563_IreneDunne_43_f
29	IreneDunne	68	AGE68	13578	13578_IreneDunne_68_f
29	IreneDunne	37	AGE37	13559	13559_IreneDunne_37_f
29	IreneDunne	55	AGE55	13571	13571_IreneDunne_55_f
29	IreneDunne	63	AGE63	13575	13575_IreneDunne_63_f
29	IreneDunne	45	AGE45	13564	13564_IreneDunne_45_f
29	IreneDunne	66	AGE66	13577	13577_IreneDunne_66_f
29	IreneDunne	54	AGE54	13570	13570_IreneDunne_54_f
29	IreneDunne	85	AGE85	13582	13582_IreneDunne_85_f
30	AnnetteBening	38	AGE38	11410	11410_AnnetteBening_38_f
30	AnnetteBening	53	AGE53	11425	11425_AnnetteBening_53_f
30	AnnetteBening	55	AGE55	11427	11427_AnnetteBening_55_f
30	AnnetteBening	48	AGE48	11418	11418_AnnetteBening_48_f
30	AnnetteBening	50	AGE50	11420	11420_AnnetteBening_50_f
30	AnnetteBening	45	AGE45	11416	11416_AnnetteBening_45_f
30	AnnetteBening	32	AGE32	11401	11401_AnnetteBening_32_f
30	AnnetteBening	49	AGE49	11419	11419_AnnetteBening_49_f
30	AnnetteBening	40	AGE40	11412	11412_AnnetteBening_40_f
30	AnnetteBening	35	AGE35	11405	11405_AnnetteBening_35_f
30	AnnetteBening	52	AGE52	11424	11424_AnnetteBening_52_f
30	AnnetteBening	43	AGE43	11415	11415_AnnetteBening_43_f
30	AnnetteBening	29	AGE29	11399	11399_AnnetteBening_29_f
30	AnnetteBening	37	AGE37	11408	11408_AnnetteBening_37_f
30	AnnetteBening	40	AGE40	11411	11411_AnnetteBening_40_f
30	AnnetteBening	54	AGE54	11426	11426_AnnetteBening_54_f
30	AnnetteBening	51	AGE51	11422	11422_AnnetteBening_51_f
30	AnnetteBening	52	AGE52	11423	11423_AnnetteBening_52_f
30	AnnetteBening	42	AGE42	11413	11413_AnnetteBening_42_f
30	AnnetteBening	34	AGE34	11404	11404_AnnetteBening_34_f
30	AnnetteBening	37	AGE37	11409	11409_AnnetteBening_37_f
30	AnnetteBening	51	AGE51	11421	11421_AnnetteBening_51_f
30	AnnetteBening	36	AGE36	11406	11406_AnnetteBening_36_f
30	AnnetteBening	47	AGE47	11417	11417_AnnetteBening_47_f
30	AnnetteBening	33	AGE33	11403	11403_AnnetteBening_33_f
30	AnnetteBening	30	AGE30	11400	11400_AnnetteBening_30_f
30	AnnetteBening	33	AGE33	11402	11402_AnnetteBening_33_f
30	AnnetteBening	42	AGE42	11414	11414_AnnetteBening_42_f
30	AnnetteBening	36	AGE36	11407	11407_AnnetteBening_36_f
31	Ross	70	AGE70	16405	16405_Ross_70_f
31	Ross	40	AGE40	16403	16403_Ross_40_f
31	Ross	50	AGE50	16416	16416_Ross_50_f
31	Ross	43	AGE43	16413	16413_Ross_43_f
31	Ross	34	AGE34	16401	16401_Ross_34_f
31	Ross	60	AGE60	16409	16409_Ross_60_f
31	Ross	36	AGE36	16402	16402_Ross_36_f
31	Ross	31	AGE31	16399	16399_Ross_31_f
31	Ross	24	AGE24	16411	16411_Ross_24_f
31	Ross	21	AGE21	16410	16410_Ross_21_f
31	Ross	25	AGE25	16412	16412_Ross_25_f
31	Ross	33	AGE33	16400	16400_Ross_33_f
31	Ross	28	AGE28	16397	16397_Ross_28_f
31	Ross	60	AGE60	16408	16408_Ross_60_f
31	Ross	63	AGE63	16404	16404_Ross_63_f
31	Ross	68	AGE68	16406	16406_Ross_68_f
31	Ross	31	AGE31	16398	16398_Ross_31_f
31	Ross	63	AGE63	16407	16407_Ross_63_f
31	Ross	47	AGE47	16414	16414_Ross_47_f
31	Ross	50	AGE50	16415	16415_Ross_50_f
32	BonnieHunt	28	AGE28	15083	15083_BonnieHunt_28_f
32	BonnieHunt	41	AGE41	15097	15097_BonnieHunt_41_f
32	BonnieHunt	36	AGE36	15092	15092_BonnieHunt_36_f
32	BonnieHunt	53	AGE53	15107	15107_BonnieHunt_53_f
32	BonnieHunt	37	AGE37	15093	15093_BonnieHunt_37_f
32	BonnieHunt	27	AGE27	15082	15082_BonnieHunt_27_f
32	BonnieHunt	44	AGE44	15099	15099_BonnieHunt_44_f
32	BonnieHunt	51	AGE51	15106	15106_BonnieHunt_51_f
32	BonnieHunt	47	AGE47	15103	15103_BonnieHunt_47_f
32	BonnieHunt	42	AGE42	15098	15098_BonnieHunt_42_f
32	BonnieHunt	36	AGE36	15091	15091_BonnieHunt_36_f
32	BonnieHunt	32	AGE32	15086	15086_BonnieHunt_32_f
32	BonnieHunt	46	AGE46	15102	15102_BonnieHunt_46_f
32	BonnieHunt	33	AGE33	15087	15087_BonnieHunt_33_f
32	BonnieHunt	45	AGE45	15101	15101_BonnieHunt_45_f
32	BonnieHunt	40	AGE40	15096	15096_BonnieHunt_40_f
32	BonnieHunt	49	AGE49	15104	15104_BonnieHunt_49_f
32	BonnieHunt	34	AGE34	15088	15088_BonnieHunt_34_f
32	BonnieHunt	38	AGE38	15094	15094_BonnieHunt_38_f
32	BonnieHunt	44	AGE44	15100	15100_BonnieHunt_44_f
32	BonnieHunt	39	AGE39	15095	15095_BonnieHunt_39_f
32	BonnieHunt	29	AGE29	15084	15084_BonnieHunt_29_f
32	BonnieHunt	50	AGE50	15105	15105_BonnieHunt_50_f
32	BonnieHunt	34	AGE34	15089	15089_BonnieHunt_34_f
32	BonnieHunt	30	AGE30	15085	15085_BonnieHunt_30_f
32	BonnieHunt	35	AGE35	15090	15090_BonnieHunt_35_f
33	JamesCoburn	47	AGE47	6413	6413_JamesCoburn_47_m
33	JamesCoburn	51	AGE51	6418	6418_JamesCoburn_51_m
33	JamesCoburn	31	AGE31	6398	6398_JamesCoburn_31_m
33	JamesCoburn	53	AGE53	6420	6420_JamesCoburn_53_m
33	JamesCoburn	43	AGE43	6410	6410_JamesCoburn_43_m
33	JamesCoburn	32	AGE32	6399	6399_JamesCoburn_32_m
33	JamesCoburn	36	AGE36	6402	6402_JamesCoburn_36_m
33	JamesCoburn	48	AGE48	6414	6414_JamesCoburn_48_m
33	JamesCoburn	62	AGE62	6421	6421_JamesCoburn_62_m
33	JamesCoburn	40	AGE40	6406	6406_JamesCoburn_40_m
33	JamesCoburn	33	AGE33	6400	6400_JamesCoburn_33_m
33	JamesCoburn	64	AGE64	6423	6423_JamesCoburn_64_m
33	JamesCoburn	50	AGE50	6417	6417_JamesCoburn_50_m
33	JamesCoburn	62	AGE62	6422	6422_JamesCoburn_62_m
33	JamesCoburn	31	AGE31	6397	6397_JamesCoburn_31_m
33	JamesCoburn	34	AGE34	6401	6401_JamesCoburn_34_m
33	JamesCoburn	37	AGE37	6403	6403_JamesCoburn_37_m
33	JamesCoburn	39	AGE39	6405	6405_JamesCoburn_39_m
33	JamesCoburn	38	AGE38	6404	6404_JamesCoburn_38_m
33	JamesCoburn	42	AGE42	6409	6409_JamesCoburn_42_m
33	JamesCoburn	53	AGE53	6419	6419_JamesCoburn_53_m
33	JamesCoburn	68	AGE68	6425	6425_JamesCoburn_68_m
33	JamesCoburn	50	AGE50	6416	6416_JamesCoburn_50_m
33	JamesCoburn	49	AGE49	6415	6415_JamesCoburn_49_m
33	JamesCoburn	40	AGE40	6407	6407_JamesCoburn_40_m
33	JamesCoburn	70	AGE70	6426	6426_JamesCoburn_70_m
33	JamesCoburn	73	AGE73	6428	6428_JamesCoburn_73_m
33	JamesCoburn	46	AGE46	6412	6412_JamesCoburn_46_m
33	JamesCoburn	72	AGE72	6427	6427_JamesCoburn_72_m
33	JamesCoburn	44	AGE44	6411	6411_JamesCoburn_44_m
33	JamesCoburn	65	AGE65	6424	6424_JamesCoburn_65_m
33	JamesCoburn	41	AGE41	6408	6408_JamesCoburn_41_m
34	MireilleDarc	48	AGE48	11676	11676_MireilleDarc_48_f
34	MireilleDarc	58	AGE58	11683	11683_MireilleDarc_58_f
34	MireilleDarc	32	AGE32	11661	11661_MireilleDarc_32_f
34	MireilleDarc	55	AGE55	11680	11680_MireilleDarc_55_f
34	MireilleDarc	71	AGE71	11691	11691_MireilleDarc_71_f
34	MireilleDarc	33	AGE33	11663	11663_MireilleDarc_33_f
34	MireilleDarc	29	AGE29	11659	11659_MireilleDarc_29_f
34	MireilleDarc	69	AGE69	11689	11689_MireilleDarc_69_f
34	MireilleDarc	44	AGE44	11673	11673_MireilleDarc_44_f
34	MireilleDarc	60	AGE60	11685	11685_MireilleDarc_60_f
34	MireilleDarc	34	AGE34	11664	11664_MireilleDarc_34_f
34	MireilleDarc	45	AGE45	11674	11674_MireilleDarc_45_f
34	MireilleDarc	43	AGE43	11672	11672_MireilleDarc_43_f
34	MireilleDarc	57	AGE57	11682	11682_MireilleDarc_57_f
34	MireilleDarc	54	AGE54	11679	11679_MireilleDarc_54_f
34	MireilleDarc	51	AGE51	11678	11678_MireilleDarc_51_f
34	MireilleDarc	37	AGE37	11668	11668_MireilleDarc_37_f
34	MireilleDarc	68	AGE68	11688	11688_MireilleDarc_68_f
34	MireilleDarc	36	AGE36	11667	11667_MireilleDarc_36_f
34	MireilleDarc	35	AGE35	11666	11666_MireilleDarc_35_f
34	MireilleDarc	70	AGE70	11690	11690_MireilleDarc_70_f
34	MireilleDarc	46	AGE46	11675	11675_MireilleDarc_46_f
34	MireilleDarc	59	AGE59	11684	11684_MireilleDarc_59_f
34	MireilleDarc	26	AGE26	11656	11656_MireilleDarc_26_f
34	MireilleDarc	49	AGE49	11677	11677_MireilleDarc_49_f
34	MireilleDarc	38	AGE38	11669	11669_MireilleDarc_38_f
34	MireilleDarc	24	AGE24	11654	11654_MireilleDarc_24_f
34	MireilleDarc	67	AGE67	11687	11687_MireilleDarc_67_f
34	MireilleDarc	74	AGE74	11693	11693_MireilleDarc_74_f
34	MireilleDarc	34	AGE34	11665	11665_MireilleDarc_34_f
34	MireilleDarc	25	AGE25	11655	11655_MireilleDarc_25_f
34	MireilleDarc	28	AGE28	11658	11658_MireilleDarc_28_f
34	MireilleDarc	61	AGE61	11686	11686_MireilleDarc_61_f
34	MireilleDarc	23	AGE23	11653	11653_MireilleDarc_23_f
34	MireilleDarc	40	AGE40	11671	11671_MireilleDarc_40_f
34	MireilleDarc	72	AGE72	11692	11692_MireilleDarc_72_f
34	MireilleDarc	39	AGE39	11670	11670_MireilleDarc_39_f
34	MireilleDarc	33	AGE33	11662	11662_MireilleDarc_33_f
34	MireilleDarc	22	AGE22	11652	11652_MireilleDarc_22_f
34	MireilleDarc	56	AGE56	11681	11681_MireilleDarc_56_f
34	MireilleDarc	27	AGE27	11657	11657_MireilleDarc_27_f
34	MireilleDarc	30	AGE30	11660	11660_MireilleDarc_30_f
35	LouisJourdan	44	AGE44	7351	7351_LouisJourdan_44_m
35	LouisJourdan	71	AGE71	7362	7362_LouisJourdan_71_m
35	LouisJourdan	62	AGE62	7357	7357_LouisJourdan_62_m
35	LouisJourdan	77	AGE77	7364	7364_LouisJourdan_77_m
35	LouisJourdan	37	AGE37	7347	7347_LouisJourdan_37_m
35	LouisJourdan	22	AGE22	7335	7335_LouisJourdan_22_m
35	LouisJourdan	38	AGE38	7348	7348_LouisJourdan_38_m
35	LouisJourdan	19	AGE19	7334	7334_LouisJourdan_19_m
35	LouisJourdan	68	AGE68	7361	7361_LouisJourdan_68_m
35	LouisJourdan	39	AGE39	7349	7349_LouisJourdan_39_m
35	LouisJourdan	24	AGE24	7336	7336_LouisJourdan_24_m
35	LouisJourdan	26	AGE26	7337	7337_LouisJourdan_26_m
35	LouisJourdan	67	AGE67	7360	7360_LouisJourdan_67_m
35	LouisJourdan	92	AGE92	7366	7366_LouisJourdan_92_m
35	LouisJourdan	32	AGE32	7343	7343_LouisJourdan_32_m
35	LouisJourdan	63	AGE63	7358	7358_LouisJourdan_63_m
35	LouisJourdan	48	AGE48	7353	7353_LouisJourdan_48_m
35	LouisJourdan	42	AGE42	7350	7350_LouisJourdan_42_m
35	LouisJourdan	73	AGE73	7363	7363_LouisJourdan_73_m
35	LouisJourdan	66	AGE66	7359	7359_LouisJourdan_66_m
35	LouisJourdan	59	AGE59	7356	7356_LouisJourdan_59_m
35	LouisJourdan	25	AGE25	7342	7342_LouisJourdan_25_m
35	LouisJourdan	57	AGE57	7355	7355_LouisJourdan_57_m
35	LouisJourdan	87	AGE87	7365	7365_LouisJourdan_87_m
35	LouisJourdan	54	AGE54	7354	7354_LouisJourdan_54_m
35	LouisJourdan	28	AGE28	7339	7339_LouisJourdan_28_m
35	LouisJourdan	27	AGE27	7338	7338_LouisJourdan_27_m
35	LouisJourdan	31	AGE31	7341	7341_LouisJourdan_31_m
35	LouisJourdan	34	AGE34	7344	7344_LouisJourdan_34_m
35	LouisJourdan	35	AGE35	7345	7345_LouisJourdan_35_m
35	LouisJourdan	36	AGE36	7346	7346_LouisJourdan_36_m
35	LouisJourdan	46	AGE46	7352	7352_LouisJourdan_46_m
35	LouisJourdan	30	AGE30	7340	7340_LouisJourdan_30_m
36	ScottGlenn	66	AGE66	2945	2945_ScottGlenn_66_m
36	ScottGlenn	31	AGE31	2913	2913_ScottGlenn_31_m
36	ScottGlenn	32	AGE32	2914	2914_ScottGlenn_32_m
36	ScottGlenn	35	AGE35	2917	2917_ScottGlenn_35_m
36	ScottGlenn	40	AGE40	2920	2920_ScottGlenn_40_m
36	ScottGlenn	54	AGE54	2935	2935_ScottGlenn_54_m
36	ScottGlenn	49	AGE49	2930	2930_ScottGlenn_49_m
36	ScottGlenn	48	AGE48	2929	2929_ScottGlenn_48_m
36	ScottGlenn	38	AGE38	2918	2918_ScottGlenn_38_m
36	ScottGlenn	51	AGE51	2932	2932_ScottGlenn_51_m
36	ScottGlenn	67	AGE67	2946	2946_ScottGlenn_67_m
36	ScottGlenn	33	AGE33	2915	2915_ScottGlenn_33_m
36	ScottGlenn	53	AGE53	2934	2934_ScottGlenn_53_m
36	ScottGlenn	29	AGE29	2911	2911_ScottGlenn_29_m
36	ScottGlenn	44	AGE44	2925	2925_ScottGlenn_44_m
36	ScottGlenn	52	AGE52	2933	2933_ScottGlenn_52_m
36	ScottGlenn	61	AGE61	2941	2941_ScottGlenn_61_m
36	ScottGlenn	41	AGE41	2921	2921_ScottGlenn_41_m
36	ScottGlenn	63	AGE63	2942	2942_ScottGlenn_63_m
36	ScottGlenn	65	AGE65	2944	2944_ScottGlenn_65_m
36	ScottGlenn	70	AGE70	2948	2948_ScottGlenn_70_m
36	ScottGlenn	30	AGE30	2912	2912_ScottGlenn_30_m
36	ScottGlenn	39	AGE39	2919	2919_ScottGlenn_39_m
36	ScottGlenn	69	AGE69	2947	2947_ScottGlenn_69_m
36	ScottGlenn	59	AGE59	2939	2939_ScottGlenn_59_m
36	ScottGlenn	47	AGE47	2928	2928_ScottGlenn_47_m
36	ScottGlenn	60	AGE60	2940	2940_ScottGlenn_60_m
36	ScottGlenn	64	AGE64	2943	2943_ScottGlenn_64_m
36	ScottGlenn	71	AGE71	2949	2949_ScottGlenn_71_m
36	ScottGlenn	55	AGE55	2936	2936_ScottGlenn_55_m
36	ScottGlenn	42	AGE42	2923	2923_ScottGlenn_42_m
36	ScottGlenn	46	AGE46	2927	2927_ScottGlenn_46_m
36	ScottGlenn	57	AGE57	2938	2938_ScottGlenn_57_m
36	ScottGlenn	73	AGE73	2951	2951_ScottGlenn_73_m
36	ScottGlenn	50	AGE50	2931	2931_ScottGlenn_50_m
36	ScottGlenn	45	AGE45	2926	2926_ScottGlenn_45_m
36	ScottGlenn	42	AGE42	2922	2922_ScottGlenn_42_m
36	ScottGlenn	56	AGE56	2937	2937_ScottGlenn_56_m
36	ScottGlenn	72	AGE72	2950	2950_ScottGlenn_72_m
36	ScottGlenn	43	AGE43	2924	2924_ScottGlenn_43_m
36	ScottGlenn	34	AGE34	2916	2916_ScottGlenn_34_m
37	JoanneWoodward	28	AGE28	12257	12257_JoanneWoodward_28_f
37	JoanneWoodward	44	AGE44	12275	12275_JoanneWoodward_44_f
37	JoanneWoodward	39	AGE39	12264	12264_JoanneWoodward_39_f
37	JoanneWoodward	29	AGE29	12255	12255_JoanneWoodward_29_f
37	JoanneWoodward	70	AGE70	12274	12274_JoanneWoodward_70_f
37	JoanneWoodward	60	AGE60	12266	12266_JoanneWoodward_60_f
37	JoanneWoodward	68	AGE68	12269	12269_JoanneWoodward_68_f
37	JoanneWoodward	71	AGE71	12270	12270_JoanneWoodward_71_f
37	JoanneWoodward	22	AGE22	12253	12253_JoanneWoodward_22_f
37	JoanneWoodward	82	AGE82	12273	12273_JoanneWoodward_82_f
37	JoanneWoodward	33	AGE33	12260	12260_JoanneWoodward_33_f
37	JoanneWoodward	69	AGE69	12251	12251_JoanneWoodward_69_f
37	JoanneWoodward	25	AGE25	12276	12276_JoanneWoodward_25_f
37	JoanneWoodward	34	AGE34	12259	12259_JoanneWoodward_34_f
37	JoanneWoodward	78	AGE78	12272	12272_JoanneWoodward_78_f
37	JoanneWoodward	30	AGE30	12258	12258_JoanneWoodward_30_f
37	JoanneWoodward	41	AGE41	12265	12265_JoanneWoodward_41_f
37	JoanneWoodward	74	AGE74	12271	12271_JoanneWoodward_74_f
37	JoanneWoodward	27	AGE27	12256	12256_JoanneWoodward_27_f
37	JoanneWoodward	35	AGE35	12261	12261_JoanneWoodward_35_f
37	JoanneWoodward	63	AGE63	12267	12267_JoanneWoodward_63_f
37	JoanneWoodward	66	AGE66	12268	12268_JoanneWoodward_66_f
37	JoanneWoodward	38	AGE38	12263	12263_JoanneWoodward_38_f
37	JoanneWoodward	30	AGE30	12252	12252_JoanneWoodward_30_f
37	JoanneWoodward	36	AGE36	12262	12262_JoanneWoodward_36_f
37	JoanneWoodward	26	AGE26	12254	12254_JoanneWoodward_26_f
38	BarbaraBouchet	71	AGE71	11879	11879_BarbaraBouchet_71_f
38	BarbaraBouchet	52	AGE52	11865	11865_BarbaraBouchet_52_f
38	BarbaraBouchet	22	AGE22	11844	11844_BarbaraBouchet_22_f
38	BarbaraBouchet	27	AGE27	11849	11849_BarbaraBouchet_27_f
38	BarbaraBouchet	44	AGE44	11862	11862_BarbaraBouchet_44_f
38	BarbaraBouchet	26	AGE26	11848	11848_BarbaraBouchet_26_f
38	BarbaraBouchet	50	AGE50	11864	11864_BarbaraBouchet_50_f
38	BarbaraBouchet	35	AGE35	11856	11856_BarbaraBouchet_35_f
38	BarbaraBouchet	60	AGE60	11869	11869_BarbaraBouchet_60_f
38	BarbaraBouchet	65	AGE65	11874	11874_BarbaraBouchet_65_f
38	BarbaraBouchet	25	AGE25	11847	11847_BarbaraBouchet_25_f
38	BarbaraBouchet	19	AGE19	11841	11841_BarbaraBouchet_19_f
38	BarbaraBouchet	67	AGE67	11875	11875_BarbaraBouchet_67_f
38	BarbaraBouchet	62	AGE62	11871	11871_BarbaraBouchet_62_f
38	BarbaraBouchet	64	AGE64	11873	11873_BarbaraBouchet_64_f
38	BarbaraBouchet	59	AGE59	11868	11868_BarbaraBouchet_59_f
38	BarbaraBouchet	41	AGE41	11861	11861_BarbaraBouchet_41_f
38	BarbaraBouchet	28	AGE28	11850	11850_BarbaraBouchet_28_f
38	BarbaraBouchet	20	AGE20	11842	11842_BarbaraBouchet_20_f
38	BarbaraBouchet	34	AGE34	11855	11855_BarbaraBouchet_34_f
38	BarbaraBouchet	54	AGE54	11866	11866_BarbaraBouchet_54_f
38	BarbaraBouchet	29	AGE29	11851	11851_BarbaraBouchet_29_f
38	BarbaraBouchet	40	AGE40	11860	11860_BarbaraBouchet_40_f
38	BarbaraBouchet	18	AGE18	11840	11840_BarbaraBouchet_18_f
38	BarbaraBouchet	61	AGE61	11870	11870_BarbaraBouchet_61_f
38	BarbaraBouchet	68	AGE68	11876	11876_BarbaraBouchet_68_f
38	BarbaraBouchet	17	AGE17	11839	11839_BarbaraBouchet_17_f
38	BarbaraBouchet	32	AGE32	11853	11853_BarbaraBouchet_32_f
38	BarbaraBouchet	39	AGE39	11859	11859_BarbaraBouchet_39_f
38	BarbaraBouchet	63	AGE63	11872	11872_BarbaraBouchet_63_f
38	BarbaraBouchet	33	AGE33	11854	11854_BarbaraBouchet_33_f
38	BarbaraBouchet	69	AGE69	11877	11877_BarbaraBouchet_69_f
38	BarbaraBouchet	70	AGE70	11878	11878_BarbaraBouchet_70_f
38	BarbaraBouchet	24	AGE24	11846	11846_BarbaraBouchet_24_f
38	BarbaraBouchet	38	AGE38	11858	11858_BarbaraBouchet_38_f
38	BarbaraBouchet	21	AGE21	11843	11843_BarbaraBouchet_21_f
38	BarbaraBouchet	57	AGE57	11867	11867_BarbaraBouchet_57_f
38	BarbaraBouchet	57	AGE57	11863	11863_BarbaraBouchet_57_f
38	BarbaraBouchet	23	AGE23	11845	11845_BarbaraBouchet_23_f
38	BarbaraBouchet	30	AGE30	11852	11852_BarbaraBouchet_30_f
38	BarbaraBouchet	37	AGE37	11857	11857_BarbaraBouchet_37_f
39	TonyBlair	52	AGE52	663	663_TonyBlair_52_m
39	TonyBlair	51	AGE51	653	653_TonyBlair_51_m
39	TonyBlair	54	AGE54	662	662_TonyBlair_54_m
39	TonyBlair	51	AGE51	671	671_TonyBlair_51_m
39	TonyBlair	37	AGE37	658	658_TonyBlair_37_m
39	TonyBlair	38	AGE38	655	655_TonyBlair_38_m
39	TonyBlair	52	AGE52	668	668_TonyBlair_52_m
39	TonyBlair	58	AGE58	652	652_TonyBlair_58_m
39	TonyBlair	54	AGE54	654	654_TonyBlair_54_m
39	TonyBlair	39	AGE39	648	648_TonyBlair_39_m
39	TonyBlair	55	AGE55	651	651_TonyBlair_55_m
39	TonyBlair	57	AGE57	657	657_TonyBlair_57_m
39	TonyBlair	51	AGE51	656	656_TonyBlair_51_m
39	TonyBlair	25	AGE25	667	667_TonyBlair_25_m
39	TonyBlair	57	AGE57	669	669_TonyBlair_57_m
39	TonyBlair	44	AGE44	664	664_TonyBlair_44_m
39	TonyBlair	44	AGE44	659	659_TonyBlair_44_m
39	TonyBlair	50	AGE50	661	661_TonyBlair_50_m
39	TonyBlair	57	AGE57	666	666_TonyBlair_57_m
39	TonyBlair	33	AGE33	672	672_TonyBlair_33_m
39	TonyBlair	43	AGE43	646	646_TonyBlair_43_m
39	TonyBlair	52	AGE52	649	649_TonyBlair_52_m
39	TonyBlair	54	AGE54	650	650_TonyBlair_54_m
39	TonyBlair	44	AGE44	670	670_TonyBlair_44_m
39	TonyBlair	57	AGE57	665	665_TonyBlair_57_m
39	TonyBlair	51	AGE51	647	647_TonyBlair_51_m
39	TonyBlair	54	AGE54	673	673_TonyBlair_54_m
39	TonyBlair	47	AGE47	660	660_TonyBlair_47_m
40	AnthonyHopkins	76	AGE76	5109	5109_AnthonyHopkins_76_m
40	AnthonyHopkins	55	AGE55	5101	5101_AnthonyHopkins_55_m
40	AnthonyHopkins	45	AGE45	5076	5076_AnthonyHopkins_45_m
40	AnthonyHopkins	50	AGE50	5100	5100_AnthonyHopkins_50_m
40	AnthonyHopkins	39	AGE39	5072	5072_AnthonyHopkins_39_m
40	AnthonyHopkins	32	AGE32	5067	5067_AnthonyHopkins_32_m
40	AnthonyHopkins	61	AGE61	5082	5082_AnthonyHopkins_61_m
40	AnthonyHopkins	49	AGE49	5077	5077_AnthonyHopkins_49_m
40	AnthonyHopkins	72	AGE72	5096	5096_AnthonyHopkins_72_m
40	AnthonyHopkins	69	AGE69	5108	5108_AnthonyHopkins_69_m
40	AnthonyHopkins	58	AGE58	5081	5081_AnthonyHopkins_58_m
40	AnthonyHopkins	75	AGE75	5097	5097_AnthonyHopkins_75_m
40	AnthonyHopkins	73	AGE73	5084	5084_AnthonyHopkins_73_m
40	AnthonyHopkins	31	AGE31	5066	5066_AnthonyHopkins_31_m
40	AnthonyHopkins	42	AGE42	5089	5089_AnthonyHopkins_42_m
40	AnthonyHopkins	62	AGE62	5083	5083_AnthonyHopkins_62_m
40	AnthonyHopkins	59	AGE59	5091	5091_AnthonyHopkins_59_m
40	AnthonyHopkins	70	AGE70	5088	5088_AnthonyHopkins_70_m
40	AnthonyHopkins	34	AGE34	5068	5068_AnthonyHopkins_34_m
40	AnthonyHopkins	18	AGE18	5064	5064_AnthonyHopkins_18_m
40	AnthonyHopkins	66	AGE66	5093	5093_AnthonyHopkins_66_m
40	AnthonyHopkins	35	AGE35	5069	5069_AnthonyHopkins_35_m
40	AnthonyHopkins	44	AGE44	5098	5098_AnthonyHopkins_44_m
40	AnthonyHopkins	68	AGE68	5087	5087_AnthonyHopkins_68_m
40	AnthonyHopkins	64	AGE64	5106	5106_AnthonyHopkins_64_m
40	AnthonyHopkins	43	AGE43	5075	5075_AnthonyHopkins_43_m
40	AnthonyHopkins	30	AGE30	5065	5065_AnthonyHopkins_30_m
40	AnthonyHopkins	37	AGE37	5070	5070_AnthonyHopkins_37_m
40	AnthonyHopkins	57	AGE57	5102	5102_AnthonyHopkins_57_m
40	AnthonyHopkins	55	AGE55	5090	5090_AnthonyHopkins_55_m
40	AnthonyHopkins	60	AGE60	5104	5104_AnthonyHopkins_60_m
40	AnthonyHopkins	56	AGE56	5080	5080_AnthonyHopkins_56_m
40	AnthonyHopkins	60	AGE60	5105	5105_AnthonyHopkins_60_m
40	AnthonyHopkins	65	AGE65	5107	5107_AnthonyHopkins_65_m
40	AnthonyHopkins	63	AGE63	5092	5092_AnthonyHopkins_63_m
40	AnthonyHopkins	59	AGE59	5103	5103_AnthonyHopkins_59_m
40	AnthonyHopkins	39	AGE39	5086	5086_AnthonyHopkins_39_m
40	AnthonyHopkins	67	AGE67	5094	5094_AnthonyHopkins_67_m
40	AnthonyHopkins	54	AGE54	5079	5079_AnthonyHopkins_54_m
40	AnthonyHopkins	48	AGE48	5099	5099_AnthonyHopkins_48_m
40	AnthonyHopkins	74	AGE74	5085	5085_AnthonyHopkins_74_m
40	AnthonyHopkins	40	AGE40	5073	5073_AnthonyHopkins_40_m
40	AnthonyHopkins	41	AGE41	5074	5074_AnthonyHopkins_41_m
40	AnthonyHopkins	38	AGE38	5071	5071_AnthonyHopkins_38_m
40	AnthonyHopkins	70	AGE70	5095	5095_AnthonyHopkins_70_m
40	AnthonyHopkins	51	AGE51	5078	5078_AnthonyHopkins_51_m
41	DenzelWashington	52	AGE52	6184	6184_DenzelWashington_52_m
41	DenzelWashington	42	AGE42	6169	6169_DenzelWashington_42_m
41	DenzelWashington	50	AGE50	6179	6179_DenzelWashington_50_m
41	DenzelWashington	15	AGE15	6175	6175_DenzelWashington_15_m
41	DenzelWashington	20	AGE20	6176	6176_DenzelWashington_20_m
41	DenzelWashington	40	AGE40	6182	6182_DenzelWashington_40_m
41	DenzelWashington	55	AGE55	6187	6187_DenzelWashington_55_m
41	DenzelWashington	38	AGE38	6171	6171_DenzelWashington_38_m
41	DenzelWashington	50	AGE50	6170	6170_DenzelWashington_50_m
41	DenzelWashington	55	AGE55	6172	6172_DenzelWashington_55_m
41	DenzelWashington	45	AGE45	6178	6178_DenzelWashington_45_m
41	DenzelWashington	48	AGE48	6186	6186_DenzelWashington_48_m
41	DenzelWashington	35	AGE35	6173	6173_DenzelWashington_35_m
41	DenzelWashington	40	AGE40	6174	6174_DenzelWashington_40_m
41	DenzelWashington	22	AGE22	6180	6180_DenzelWashington_22_m
41	DenzelWashington	25	AGE25	6181	6181_DenzelWashington_25_m
41	DenzelWashington	50	AGE50	6185	6185_DenzelWashington_50_m
41	DenzelWashington	50	AGE50	6177	6177_DenzelWashington_50_m
41	DenzelWashington	55	AGE55	6183	6183_DenzelWashington_55_m
42	RoyScheider	50	AGE50	6804	6804_RoyScheider_50_m
42	RoyScheider	39	AGE39	13214	13214_RoyScheider_39_f
42	RoyScheider	45	AGE45	6799	6799_RoyScheider_45_m
42	RoyScheider	43	AGE43	6798	6798_RoyScheider_43_m
42	RoyScheider	51	AGE51	13226	13226_RoyScheider_51_f
42	RoyScheider	33	AGE33	6795	6795_RoyScheider_33_m
42	RoyScheider	41	AGE41	6794	6794_RoyScheider_41_m
42	RoyScheider	65	AGE65	13232	13232_RoyScheider_65_f
42	RoyScheider	41	AGE41	6796	6796_RoyScheider_41_m
42	RoyScheider	76	AGE76	13239	13239_RoyScheider_76_f
42	RoyScheider	72	AGE72	6813	6813_RoyScheider_72_m
42	RoyScheider	41	AGE41	13216	13216_RoyScheider_41_f
42	RoyScheider	51	AGE51	6805	6805_RoyScheider_51_m
42	RoyScheider	72	AGE72	13234	13234_RoyScheider_72_f
42	RoyScheider	48	AGE48	13223	13223_RoyScheider_48_f
42	RoyScheider	75	AGE75	6817	6817_RoyScheider_75_m
42	RoyScheider	48	AGE48	6802	6802_RoyScheider_48_m
42	RoyScheider	57	AGE57	6807	6807_RoyScheider_57_m
42	RoyScheider	33	AGE33	13213	13213_RoyScheider_33_f
42	RoyScheider	73	AGE73	13235	13235_RoyScheider_73_f
42	RoyScheider	41	AGE41	13217	13217_RoyScheider_41_f
42	RoyScheider	40	AGE40	13215	13215_RoyScheider_40_f
42	RoyScheider	46	AGE46	13221	13221_RoyScheider_46_f
42	RoyScheider	49	AGE49	13224	13224_RoyScheider_49_f
42	RoyScheider	75	AGE75	13238	13238_RoyScheider_75_f
42	RoyScheider	39	AGE39	6792	6792_RoyScheider_39_m
42	RoyScheider	74	AGE74	6815	6815_RoyScheider_74_m
42	RoyScheider	58	AGE58	6808	6808_RoyScheider_58_m
42	RoyScheider	57	AGE57	13228	13228_RoyScheider_57_f
42	RoyScheider	40	AGE40	6793	6793_RoyScheider_40_m
42	RoyScheider	63	AGE63	6810	6810_RoyScheider_63_m
42	RoyScheider	60	AGE60	13230	13230_RoyScheider_60_f
42	RoyScheider	58	AGE58	13229	13229_RoyScheider_58_f
42	RoyScheider	46	AGE46	6800	6800_RoyScheider_46_m
42	RoyScheider	74	AGE74	6816	6816_RoyScheider_74_m
42	RoyScheider	49	AGE49	6803	6803_RoyScheider_49_m
42	RoyScheider	76	AGE76	6818	6818_RoyScheider_76_m
42	RoyScheider	63	AGE63	13231	13231_RoyScheider_63_f
42	RoyScheider	47	AGE47	6801	6801_RoyScheider_47_m
42	RoyScheider	73	AGE73	6814	6814_RoyScheider_73_m
42	RoyScheider	45	AGE45	13220	13220_RoyScheider_45_f
42	RoyScheider	60	AGE60	6809	6809_RoyScheider_60_m
42	RoyScheider	65	AGE65	6811	6811_RoyScheider_65_m
42	RoyScheider	50	AGE50	13225	13225_RoyScheider_50_f
42	RoyScheider	70	AGE70	6812	6812_RoyScheider_70_m
42	RoyScheider	42	AGE42	13218	13218_RoyScheider_42_f
42	RoyScheider	74	AGE74	13237	13237_RoyScheider_74_f
42	RoyScheider	42	AGE42	6797	6797_RoyScheider_42_m
42	RoyScheider	47	AGE47	13222	13222_RoyScheider_47_f
42	RoyScheider	70	AGE70	13233	13233_RoyScheider_70_f
42	RoyScheider	43	AGE43	13219	13219_RoyScheider_43_f
42	RoyScheider	56	AGE56	6806	6806_RoyScheider_56_m
42	RoyScheider	74	AGE74	13236	13236_RoyScheider_74_f
42	RoyScheider	56	AGE56	13227	13227_RoyScheider_56_f
43	AnnMiller	28	AGE28	15014	15014_AnnMiller_28_f
43	AnnMiller	64	AGE64	15034	15034_AnnMiller_64_f
43	AnnMiller	32	AGE32	15017	15017_AnnMiller_32_f
43	AnnMiller	59	AGE59	15031	15031_AnnMiller_59_f
43	AnnMiller	17	AGE17	15003	15003_AnnMiller_17_f
43	AnnMiller	72	AGE72	15036	15036_AnnMiller_72_f
43	AnnMiller	31	AGE31	15016	15016_AnnMiller_31_f
43	AnnMiller	15	AGE15	15001	15001_AnnMiller_15_f
43	AnnMiller	33	AGE33	15018	15018_AnnMiller_33_f
43	AnnMiller	21	AGE21	15007	15007_AnnMiller_21_f
43	AnnMiller	58	AGE58	15030	15030_AnnMiller_58_f
43	AnnMiller	77	AGE77	15038	15038_AnnMiller_77_f
43	AnnMiller	27	AGE27	15013	15013_AnnMiller_27_f
43	AnnMiller	57	AGE57	15029	15029_AnnMiller_57_f
43	AnnMiller	80	AGE80	15041	15041_AnnMiller_80_f
43	AnnMiller	18	AGE18	15004	15004_AnnMiller_18_f
43	AnnMiller	42	AGE42	15022	15022_AnnMiller_42_f
43	AnnMiller	50	AGE50	15025	15025_AnnMiller_50_f
43	AnnMiller	24	AGE24	15010	15010_AnnMiller_24_f
43	AnnMiller	25	AGE25	15011	15011_AnnMiller_25_f
43	AnnMiller	55	AGE55	15028	15028_AnnMiller_55_f
43	AnnMiller	20	AGE20	15006	15006_AnnMiller_20_f
43	AnnMiller	79	AGE79	15040	15040_AnnMiller_79_f
43	AnnMiller	16	AGE16	15002	15002_AnnMiller_16_f
43	AnnMiller	69	AGE69	15035	15035_AnnMiller_69_f
43	AnnMiller	35	AGE35	15019	15019_AnnMiller_35_f
43	AnnMiller	45	AGE45	15023	15023_AnnMiller_45_f
43	AnnMiller	40	AGE40	15021	15021_AnnMiller_40_f
43	AnnMiller	22	AGE22	15008	15008_AnnMiller_22_f
43	AnnMiller	78	AGE78	15039	15039_AnnMiller_78_f
43	AnnMiller	53	AGE53	15027	15027_AnnMiller_53_f
43	AnnMiller	51	AGE51	15026	15026_AnnMiller_51_f
43	AnnMiller	26	AGE26	15012	15012_AnnMiller_26_f
43	AnnMiller	19	AGE19	15005	15005_AnnMiller_19_f
43	AnnMiller	75	AGE75	15037	15037_AnnMiller_75_f
43	AnnMiller	30	AGE30	15015	15015_AnnMiller_30_f
43	AnnMiller	37	AGE37	15020	15020_AnnMiller_37_f
43	AnnMiller	60	AGE60	15032	15032_AnnMiller_60_f
43	AnnMiller	49	AGE49	15024	15024_AnnMiller_49_f
43	AnnMiller	23	AGE23	15009	15009_AnnMiller_23_f
43	AnnMiller	61	AGE61	15033	15033_AnnMiller_61_f
44	VincentPrice	31	AGE31	7713	7713_VincentPrice_31_m
44	VincentPrice	71	AGE71	7737	7737_VincentPrice_71_m
44	VincentPrice	35	AGE35	7710	7710_VincentPrice_35_m
44	VincentPrice	32	AGE32	7709	7709_VincentPrice_32_m
44	VincentPrice	69	AGE69	7736	7736_VincentPrice_69_m
44	VincentPrice	60	AGE60	7734	7734_VincentPrice_60_m
44	VincentPrice	68	AGE68	7735	7735_VincentPrice_68_m
44	VincentPrice	55	AGE55	7732	7732_VincentPrice_55_m
44	VincentPrice	33	AGE33	7714	7714_VincentPrice_33_m
44	VincentPrice	47	AGE47	7725	7725_VincentPrice_47_m
44	VincentPrice	40	AGE40	7719	7719_VincentPrice_40_m
44	VincentPrice	54	AGE54	7731	7731_VincentPrice_54_m
44	VincentPrice	29	AGE29	7708	7708_VincentPrice_29_m
44	VincentPrice	27	AGE27	7707	7707_VincentPrice_27_m
44	VincentPrice	44	AGE44	7722	7722_VincentPrice_44_m
44	VincentPrice	50	AGE50	7728	7728_VincentPrice_50_m
44	VincentPrice	48	AGE48	7726	7726_VincentPrice_48_m
44	VincentPrice	77	AGE77	7741	7741_VincentPrice_77_m
44	VincentPrice	39	AGE39	7718	7718_VincentPrice_39_m
44	VincentPrice	53	AGE53	7730	7730_VincentPrice_53_m
44	VincentPrice	45	AGE45	7723	7723_VincentPrice_45_m
44	VincentPrice	49	AGE49	7727	7727_VincentPrice_49_m
44	VincentPrice	51	AGE51	7729	7729_VincentPrice_51_m
44	VincentPrice	30	AGE30	7712	7712_VincentPrice_30_m
44	VincentPrice	42	AGE42	7720	7720_VincentPrice_42_m
44	VincentPrice	38	AGE38	7717	7717_VincentPrice_38_m
44	VincentPrice	37	AGE37	7716	7716_VincentPrice_37_m
44	VincentPrice	72	AGE72	7738	7738_VincentPrice_72_m
44	VincentPrice	43	AGE43	7721	7721_VincentPrice_43_m
44	VincentPrice	79	AGE79	7742	7742_VincentPrice_79_m
44	VincentPrice	28	AGE28	7711	7711_VincentPrice_28_m
44	VincentPrice	76	AGE76	7740	7740_VincentPrice_76_m
44	VincentPrice	73	AGE73	7739	7739_VincentPrice_73_m
44	VincentPrice	36	AGE36	7715	7715_VincentPrice_36_m
44	VincentPrice	58	AGE58	7733	7733_VincentPrice_58_m
44	VincentPrice	46	AGE46	7724	7724_VincentPrice_46_m
45	MendeleievDmitri	72	AGE72	1205	1205_MendeleievDmitri_72_m
45	MendeleievDmitri	55	AGE55	1212	1212_MendeleievDmitri_55_m
45	MendeleievDmitri	58	AGE58	1213	1213_MendeleievDmitri_58_m
45	MendeleievDmitri	37	AGE37	1209	1209_MendeleievDmitri_37_m
45	MendeleievDmitri	40	AGE40	1206	1206_MendeleievDmitri_40_m
45	MendeleievDmitri	65	AGE65	1214	1214_MendeleievDmitri_65_m
45	MendeleievDmitri	45	AGE45	1203	1203_MendeleievDmitri_45_m
45	MendeleievDmitri	63	AGE63	1210	1210_MendeleievDmitri_63_m
45	MendeleievDmitri	63	AGE63	1208	1208_MendeleievDmitri_63_m
45	MendeleievDmitri	35	AGE35	1211	1211_MendeleievDmitri_35_m
45	MendeleievDmitri	42	AGE42	1207	1207_MendeleievDmitri_42_m
45	MendeleievDmitri	70	AGE70	1204	1204_MendeleievDmitri_70_m
46	JohnMalkovich	55	AGE55	5389	5389_JohnMalkovich_55_m
46	JohnMalkovich	54	AGE54	5388	5388_JohnMalkovich_54_m
46	JohnMalkovich	35	AGE35	5369	5369_JohnMalkovich_35_m
46	JohnMalkovich	34	AGE34	5368	5368_JohnMalkovich_34_m
46	JohnMalkovich	59	AGE59	5395	5395_JohnMalkovich_59_m
46	JohnMalkovich	56	AGE56	5391	5391_JohnMalkovich_56_m
46	JohnMalkovich	42	AGE42	5378	5378_JohnMalkovich_42_m
46	JohnMalkovich	48	AGE48	5384	5384_JohnMalkovich_48_m
46	JohnMalkovich	38	AGE38	5372	5372_JohnMalkovich_38_m
46	JohnMalkovich	31	AGE31	5365	5365_JohnMalkovich_31_m
46	JohnMalkovich	43	AGE43	5379	5379_JohnMalkovich_43_m
46	JohnMalkovich	60	AGE60	5396	5396_JohnMalkovich_60_m
46	JohnMalkovich	53	AGE53	5387	5387_JohnMalkovich_53_m
46	JohnMalkovich	38	AGE38	5371	5371_JohnMalkovich_38_m
46	JohnMalkovich	41	AGE41	5376	5376_JohnMalkovich_41_m
46	JohnMalkovich	40	AGE40	5375	5375_JohnMalkovich_40_m
46	JohnMalkovich	37	AGE37	5370	5370_JohnMalkovich_37_m
46	JohnMalkovich	57	AGE57	5393	5393_JohnMalkovich_57_m
46	JohnMalkovich	39	AGE39	5373	5373_JohnMalkovich_39_m
46	JohnMalkovich	44	AGE44	5380	5380_JohnMalkovich_44_m
46	JohnMalkovich	55	AGE55	5390	5390_JohnMalkovich_55_m
46	JohnMalkovich	45	AGE45	5381	5381_JohnMalkovich_45_m
46	JohnMalkovich	49	AGE49	5385	5385_JohnMalkovich_49_m
46	JohnMalkovich	58	AGE58	5394	5394_JohnMalkovich_58_m
46	JohnMalkovich	42	AGE42	5377	5377_JohnMalkovich_42_m
46	JohnMalkovich	47	AGE47	5383	5383_JohnMalkovich_47_m
46	JohnMalkovich	57	AGE57	5392	5392_JohnMalkovich_57_m
46	JohnMalkovich	39	AGE39	5374	5374_JohnMalkovich_39_m
46	JohnMalkovich	34	AGE34	5367	5367_JohnMalkovich_34_m
46	JohnMalkovich	32	AGE32	5366	5366_JohnMalkovich_32_m
46	JohnMalkovich	46	AGE46	5382	5382_JohnMalkovich_46_m
46	JohnMalkovich	50	AGE50	5386	5386_JohnMalkovich_50_m
47	PeterFonda	68	AGE68	2806	2806_PeterFonda_68_m
47	PeterFonda	67	AGE67	2805	2805_PeterFonda_67_m
47	PeterFonda	60	AGE60	2798	2798_PeterFonda_60_m
47	PeterFonda	69	AGE69	2807	2807_PeterFonda_69_m
47	PeterFonda	66	AGE66	2804	2804_PeterFonda_66_m
47	PeterFonda	74	AGE74	2812	2812_PeterFonda_74_m
47	PeterFonda	61	AGE61	2799	2799_PeterFonda_61_m
47	PeterFonda	73	AGE73	2811	2811_PeterFonda_73_m
47	PeterFonda	65	AGE65	2803	2803_PeterFonda_65_m
47	PeterFonda	59	AGE59	2797	2797_PeterFonda_59_m
47	PeterFonda	72	AGE72	2810	2810_PeterFonda_72_m
47	PeterFonda	70	AGE70	2808	2808_PeterFonda_70_m
47	PeterFonda	64	AGE64	2802	2802_PeterFonda_64_m
47	PeterFonda	62	AGE62	2800	2800_PeterFonda_62_m
47	PeterFonda	71	AGE71	2809	2809_PeterFonda_71_m
47	PeterFonda	63	AGE63	2801	2801_PeterFonda_63_m
48	GenaRowlands	52	AGE52	4141	4141_GenaRowlands_52_m
48	GenaRowlands	33	AGE33	4129	4129_GenaRowlands_33_m
48	GenaRowlands	83	AGE83	4162	4162_GenaRowlands_83_m
48	GenaRowlands	57	AGE57	4145	4145_GenaRowlands_57_m
48	GenaRowlands	72	AGE72	4155	4155_GenaRowlands_72_m
48	GenaRowlands	48	AGE48	4138	4138_GenaRowlands_48_m
48	GenaRowlands	49	AGE49	4139	4139_GenaRowlands_49_m
48	GenaRowlands	84	AGE84	4163	4163_GenaRowlands_84_m
48	GenaRowlands	74	AGE74	4157	4157_GenaRowlands_74_m
48	GenaRowlands	71	AGE71	4154	4154_GenaRowlands_71_m
48	GenaRowlands	29	AGE29	4125	4125_GenaRowlands_29_m
48	GenaRowlands	64	AGE64	4149	4149_GenaRowlands_64_m
48	GenaRowlands	39	AGE39	4134	4134_GenaRowlands_39_m
48	GenaRowlands	35	AGE35	4131	4131_GenaRowlands_35_m
48	GenaRowlands	32	AGE32	4128	4128_GenaRowlands_32_m
48	GenaRowlands	56	AGE56	4144	4144_GenaRowlands_56_m
48	GenaRowlands	44	AGE44	4136	4136_GenaRowlands_44_m
48	GenaRowlands	77	AGE77	4159	4159_GenaRowlands_77_m
48	GenaRowlands	67	AGE67	4151	4151_GenaRowlands_67_m
48	GenaRowlands	34	AGE34	4130	4130_GenaRowlands_34_m
48	GenaRowlands	38	AGE38	4133	4133_GenaRowlands_38_m
48	GenaRowlands	54	AGE54	4142	4142_GenaRowlands_54_m
48	GenaRowlands	58	AGE58	4146	4146_GenaRowlands_58_m
48	GenaRowlands	37	AGE37	4132	4132_GenaRowlands_37_m
48	GenaRowlands	55	AGE55	4143	4143_GenaRowlands_55_m
48	GenaRowlands	45	AGE45	4137	4137_GenaRowlands_45_m
48	GenaRowlands	61	AGE61	4147	4147_GenaRowlands_61_m
48	GenaRowlands	81	AGE81	4161	4161_GenaRowlands_81_m
48	GenaRowlands	31	AGE31	4127	4127_GenaRowlands_31_m
48	GenaRowlands	30	AGE30	4126	4126_GenaRowlands_30_m
48	GenaRowlands	79	AGE79	4160	4160_GenaRowlands_79_m
48	GenaRowlands	50	AGE50	4140	4140_GenaRowlands_50_m
48	GenaRowlands	85	AGE85	4164	4164_GenaRowlands_85_m
48	GenaRowlands	41	AGE41	4135	4135_GenaRowlands_41_m
48	GenaRowlands	66	AGE66	4150	4150_GenaRowlands_66_m
48	GenaRowlands	28	AGE28	4124	4124_GenaRowlands_28_m
48	GenaRowlands	25	AGE25	4123	4123_GenaRowlands_25_m
48	GenaRowlands	76	AGE76	4158	4158_GenaRowlands_76_m
48	GenaRowlands	62	AGE62	4148	4148_GenaRowlands_62_m
48	GenaRowlands	70	AGE70	4153	4153_GenaRowlands_70_m
48	GenaRowlands	73	AGE73	4156	4156_GenaRowlands_73_m
48	GenaRowlands	68	AGE68	4152	4152_GenaRowlands_68_m
49	BobHope	92	AGE92	5176	5176_BobHope_92_m
49	BobHope	90	AGE90	5175	5175_BobHope_90_m
49	BobHope	29	AGE29	5146	5146_BobHope_29_m
49	BobHope	58	AGE58	5145	5145_BobHope_58_m
49	BobHope	41	AGE41	5153	5153_BobHope_41_m
49	BobHope	55	AGE55	5162	5162_BobHope_55_m
49	BobHope	70	AGE70	5155	5155_BobHope_70_m
49	BobHope	94	AGE94	5178	5178_BobHope_94_m
49	BobHope	64	AGE64	5167	5167_BobHope_64_m
49	BobHope	93	AGE93	5177	5177_BobHope_93_m
49	BobHope	35	AGE35	5148	5148_BobHope_35_m
49	BobHope	50	AGE50	5159	5159_BobHope_50_m
49	BobHope	60	AGE60	5165	5165_BobHope_60_m
49	BobHope	58	AGE58	5164	5164_BobHope_58_m
49	BobHope	80	AGE80	5173	5173_BobHope_80_m
49	BobHope	49	AGE49	5158	5158_BobHope_49_m
49	BobHope	77	AGE77	5172	5172_BobHope_77_m
49	BobHope	37	AGE37	5150	5150_BobHope_37_m
49	BobHope	75	AGE75	5144	5144_BobHope_75_m
49	BobHope	39	AGE39	5152	5152_BobHope_39_m
49	BobHope	54	AGE54	5161	5161_BobHope_54_m
49	BobHope	38	AGE38	5151	5151_BobHope_38_m
49	BobHope	31	AGE31	5147	5147_BobHope_31_m
49	BobHope	57	AGE57	5163	5163_BobHope_57_m
49	BobHope	83	AGE83	5169	5169_BobHope_83_m
49	BobHope	75	AGE75	5171	5171_BobHope_75_m
49	BobHope	82	AGE82	5174	5174_BobHope_82_m
49	BobHope	47	AGE47	5157	5157_BobHope_47_m
49	BobHope	52	AGE52	5160	5160_BobHope_52_m
49	BobHope	58	AGE58	5179	5179_BobHope_58_m
49	BobHope	36	AGE36	5149	5149_BobHope_36_m
49	BobHope	46	AGE46	5156	5156_BobHope_46_m
49	BobHope	74	AGE74	5168	5168_BobHope_74_m
49	BobHope	90	AGE90	5180	5180_BobHope_90_m
49	BobHope	42	AGE42	5154	5154_BobHope_42_m
49	BobHope	68	AGE68	5170	5170_BobHope_68_m
49	BobHope	62	AGE62	5166	5166_BobHope_62_m
50	PeggyLipton	29	AGE29	10803	10803_PeggyLipton_29_f
50	PeggyLipton	47	AGE47	10811	10811_PeggyLipton_47_f
50	PeggyLipton	53	AGE53	10815	10815_PeggyLipton_53_f
50	PeggyLipton	23	AGE23	10797	10797_PeggyLipton_23_f
50	PeggyLipton	22	AGE22	10796	10796_PeggyLipton_22_f
50	PeggyLipton	57	AGE57	10817	10817_PeggyLipton_57_f
50	PeggyLipton	56	AGE56	10816	10816_PeggyLipton_56_f
50	PeggyLipton	18	AGE18	10794	10794_PeggyLipton_18_f
50	PeggyLipton	38	AGE38	10806	10806_PeggyLipton_38_f
50	PeggyLipton	66	AGE66	10825	10825_PeggyLipton_66_f
50	PeggyLipton	34	AGE34	10805	10805_PeggyLipton_34_f
50	PeggyLipton	62	AGE62	10821	10821_PeggyLipton_62_f
50	PeggyLipton	40	AGE40	10807	10807_PeggyLipton_40_f
50	PeggyLipton	24	AGE24	10798	10798_PeggyLipton_24_f
50	PeggyLipton	26	AGE26	10800	10800_PeggyLipton_26_f
50	PeggyLipton	19	AGE19	10795	10795_PeggyLipton_19_f
50	PeggyLipton	25	AGE25	10799	10799_PeggyLipton_25_f
50	PeggyLipton	64	AGE64	10823	10823_PeggyLipton_64_f
50	PeggyLipton	49	AGE49	10813	10813_PeggyLipton_49_f
50	PeggyLipton	63	AGE63	10822	10822_PeggyLipton_63_f
50	PeggyLipton	60	AGE60	10819	10819_PeggyLipton_60_f
50	PeggyLipton	65	AGE65	10824	10824_PeggyLipton_65_f
50	PeggyLipton	48	AGE48	10812	10812_PeggyLipton_48_f
50	PeggyLipton	43	AGE43	10809	10809_PeggyLipton_43_f
50	PeggyLipton	46	AGE46	10810	10810_PeggyLipton_46_f
50	PeggyLipton	61	AGE61	10820	10820_PeggyLipton_61_f
50	PeggyLipton	32	AGE32	10804	10804_PeggyLipton_32_f
50	PeggyLipton	51	AGE51	10814	10814_PeggyLipton_51_f
50	PeggyLipton	59	AGE59	10818	10818_PeggyLipton_59_f
50	PeggyLipton	27	AGE27	10801	10801_PeggyLipton_27_f
50	PeggyLipton	42	AGE42	10808	10808_PeggyLipton_42_f
50	PeggyLipton	28	AGE28	10802	10802_PeggyLipton_28_f
51	ClaudeL╨ТviStrauss	92	AGE92	1229	1229_ClaudeL╨ТviStrauss_92_m
51	ClaudeL╨ТviStrauss	85	AGE85	1221	1221_ClaudeL╨ТviStrauss_85_m
51	ClaudeL╨ТviStrauss	80	AGE80	1215	1215_ClaudeL╨ТviStrauss_80_m
51	ClaudeL╨ТviStrauss	22	AGE22	1219	1219_ClaudeL╨ТviStrauss_22_m
51	ClaudeL╨ТviStrauss	54	AGE54	1218	1218_ClaudeL╨ТviStrauss_54_m
51	ClaudeL╨ТviStrauss	61	AGE61	1220	1220_ClaudeL╨ТviStrauss_61_m
51	ClaudeL╨ТviStrauss	50	AGE50	1230	1230_ClaudeL╨ТviStrauss_50_m
51	ClaudeL╨ТviStrauss	40	AGE40	1216	1216_ClaudeL╨ТviStrauss_40_m
51	ClaudeL╨ТviStrauss	40	AGE40	1217	1217_ClaudeL╨ТviStrauss_40_m
51	ClaudeL╨ТviStrauss	30	AGE30	1222	1222_ClaudeL╨ТviStrauss_30_m
51	ClaudeL╨ТviStrauss	91	AGE91	1223	1223_ClaudeL╨ТviStrauss_91_m
51	ClaudeL╨ТviStrauss	95	AGE95	1227	1227_ClaudeL╨ТviStrauss_95_m
51	ClaudeL╨ТviStrauss	72	AGE72	1224	1224_ClaudeL╨ТviStrauss_72_m
51	ClaudeL╨ТviStrauss	42	AGE42	1231	1231_ClaudeL╨ТviStrauss_42_m
51	ClaudeL╨ТviStrauss	95	AGE95	1225	1225_ClaudeL╨ТviStrauss_95_m
51	ClaudeL╨ТviStrauss	72	AGE72	1228	1228_ClaudeL╨ТviStrauss_72_m
51	ClaudeL╨ТviStrauss	59	AGE59	1226	1226_ClaudeL╨ТviStrauss_59_m
52	IngridBergman	29	AGE29	14230	14230_IngridBergman_29_f
52	IngridBergman	19	AGE19	14221	14221_IngridBergman_19_f
52	IngridBergman	29	AGE29	14219	14219_IngridBergman_29_f
52	IngridBergman	14	AGE14	14240	14240_IngridBergman_14_f
52	IngridBergman	45	AGE45	14236	14236_IngridBergman_45_f
52	IngridBergman	28	AGE28	14225	14225_IngridBergman_28_f
52	IngridBergman	55	AGE55	14237	14237_IngridBergman_55_f
52	IngridBergman	43	AGE43	14226	14226_IngridBergman_43_f
52	IngridBergman	21	AGE21	14222	14222_IngridBergman_21_f
52	IngridBergman	46	AGE46	14227	14227_IngridBergman_46_f
52	IngridBergman	63	AGE63	14238	14238_IngridBergman_63_f
52	IngridBergman	67	AGE67	14239	14239_IngridBergman_67_f
52	IngridBergman	31	AGE31	14232	14232_IngridBergman_31_f
52	IngridBergman	24	AGE24	14224	14224_IngridBergman_24_f
52	IngridBergman	36	AGE36	14234	14234_IngridBergman_36_f
52	IngridBergman	23	AGE23	14223	14223_IngridBergman_23_f
52	IngridBergman	25	AGE25	14220	14220_IngridBergman_25_f
52	IngridBergman	40	AGE40	14235	14235_IngridBergman_40_f
52	IngridBergman	57	AGE57	14228	14228_IngridBergman_57_f
52	IngridBergman	33	AGE33	14233	14233_IngridBergman_33_f
52	IngridBergman	27	AGE27	14229	14229_IngridBergman_27_f
52	IngridBergman	30	AGE30	14231	14231_IngridBergman_30_f
53	JulieChristie	21	AGE21	11502	11502_JulieChristie_21_f
53	JulieChristie	63	AGE63	11523	11523_JulieChristie_63_f
53	JulieChristie	67	AGE67	11526	11526_JulieChristie_67_f
53	JulieChristie	25	AGE25	11505	11505_JulieChristie_25_f
53	JulieChristie	30	AGE30	11510	11510_JulieChristie_30_f
53	JulieChristie	51	AGE51	11519	11519_JulieChristie_51_f
53	JulieChristie	28	AGE28	11508	11508_JulieChristie_28_f
53	JulieChristie	58	AGE58	11521	11521_JulieChristie_58_f
53	JulieChristie	66	AGE66	11525	11525_JulieChristie_66_f
53	JulieChristie	47	AGE47	11518	11518_JulieChristie_47_f
53	JulieChristie	37	AGE37	11513	11513_JulieChristie_37_f
53	JulieChristie	20	AGE20	11501	11501_JulieChristie_20_f
53	JulieChristie	40	AGE40	11514	11514_JulieChristie_40_f
53	JulieChristie	24	AGE24	11504	11504_JulieChristie_24_f
53	JulieChristie	72	AGE72	11529	11529_JulieChristie_72_f
53	JulieChristie	60	AGE60	11522	11522_JulieChristie_60_f
53	JulieChristie	65	AGE65	11524	11524_JulieChristie_65_f
53	JulieChristie	32	AGE32	11511	11511_JulieChristie_32_f
53	JulieChristie	55	AGE55	11520	11520_JulieChristie_55_f
53	JulieChristie	71	AGE71	11528	11528_JulieChristie_71_f
53	JulieChristie	70	AGE70	11527	11527_JulieChristie_70_f
53	JulieChristie	42	AGE42	11516	11516_JulieChristie_42_f
53	JulieChristie	45	AGE45	11517	11517_JulieChristie_45_f
53	JulieChristie	29	AGE29	11509	11509_JulieChristie_29_f
53	JulieChristie	22	AGE22	11503	11503_JulieChristie_22_f
53	JulieChristie	27	AGE27	11507	11507_JulieChristie_27_f
53	JulieChristie	41	AGE41	11515	11515_JulieChristie_41_f
53	JulieChristie	34	AGE34	11512	11512_JulieChristie_34_f
53	JulieChristie	26	AGE26	11506	11506_JulieChristie_26_f
54	KevinSpacey	46	AGE46	3435	3435_KevinSpacey_46_m
54	KevinSpacey	40	AGE40	3428	3428_KevinSpacey_40_m
54	KevinSpacey	38	AGE38	3423	3423_KevinSpacey_38_m
54	KevinSpacey	32	AGE32	3416	3416_KevinSpacey_32_m
54	KevinSpacey	51	AGE51	3439	3439_KevinSpacey_51_m
54	KevinSpacey	27	AGE27	3409	3409_KevinSpacey_27_m
54	KevinSpacey	54	AGE54	3442	3442_KevinSpacey_54_m
54	KevinSpacey	28	AGE28	3410	3410_KevinSpacey_28_m
54	KevinSpacey	39	AGE39	3426	3426_KevinSpacey_39_m
54	KevinSpacey	45	AGE45	3433	3433_KevinSpacey_45_m
54	KevinSpacey	47	AGE47	3436	3436_KevinSpacey_47_m
54	KevinSpacey	39	AGE39	3425	3425_KevinSpacey_39_m
54	KevinSpacey	40	AGE40	3427	3427_KevinSpacey_40_m
54	KevinSpacey	48	AGE48	3437	3437_KevinSpacey_48_m
54	KevinSpacey	36	AGE36	3420	3420_KevinSpacey_36_m
54	KevinSpacey	44	AGE44	3431	3431_KevinSpacey_44_m
54	KevinSpacey	36	AGE36	3419	3419_KevinSpacey_36_m
54	KevinSpacey	29	AGE29	3412	3412_KevinSpacey_29_m
54	KevinSpacey	29	AGE29	3411	3411_KevinSpacey_29_m
54	KevinSpacey	32	AGE32	3414	3414_KevinSpacey_32_m
54	KevinSpacey	35	AGE35	3418	3418_KevinSpacey_35_m
54	KevinSpacey	30	AGE30	3413	3413_KevinSpacey_30_m
54	KevinSpacey	41	AGE41	3429	3429_KevinSpacey_41_m
54	KevinSpacey	32	AGE32	3417	3417_KevinSpacey_32_m
54	KevinSpacey	38	AGE38	3424	3424_KevinSpacey_38_m
54	KevinSpacey	32	AGE32	3415	3415_KevinSpacey_32_m
54	KevinSpacey	36	AGE36	3421	3421_KevinSpacey_36_m
54	KevinSpacey	54	AGE54	3441	3441_KevinSpacey_54_m
54	KevinSpacey	50	AGE50	3438	3438_KevinSpacey_50_m
54	KevinSpacey	44	AGE44	3432	3432_KevinSpacey_44_m
54	KevinSpacey	46	AGE46	3434	3434_KevinSpacey_46_m
54	KevinSpacey	42	AGE42	3430	3430_KevinSpacey_42_m
54	KevinSpacey	53	AGE53	3440	3440_KevinSpacey_53_m
54	KevinSpacey	37	AGE37	3422	3422_KevinSpacey_37_m
55	JamesWoods	42	AGE42	2615	2615_JamesWoods_42_m
55	JamesWoods	48	AGE48	2620	2620_JamesWoods_48_m
55	JamesWoods	58	AGE58	2627	2627_JamesWoods_58_m
55	JamesWoods	31	AGE31	2607	2607_JamesWoods_31_m
55	JamesWoods	66	AGE66	2632	2632_JamesWoods_66_m
55	JamesWoods	52	AGE52	2623	2623_JamesWoods_52_m
55	JamesWoods	67	AGE67	2633	2633_JamesWoods_67_m
55	JamesWoods	47	AGE47	2619	2619_JamesWoods_47_m
55	JamesWoods	38	AGE38	2612	2612_JamesWoods_38_m
55	JamesWoods	32	AGE32	2608	2608_JamesWoods_32_m
55	JamesWoods	45	AGE45	2617	2617_JamesWoods_45_m
55	JamesWoods	60	AGE60	2629	2629_JamesWoods_60_m
55	JamesWoods	64	AGE64	2631	2631_JamesWoods_64_m
55	JamesWoods	56	AGE56	2626	2626_JamesWoods_56_m
55	JamesWoods	40	AGE40	2614	2614_JamesWoods_40_m
55	JamesWoods	36	AGE36	2610	2610_JamesWoods_36_m
55	JamesWoods	63	AGE63	2630	2630_JamesWoods_63_m
55	JamesWoods	59	AGE59	2628	2628_JamesWoods_59_m
55	JamesWoods	27	AGE27	2605	2605_JamesWoods_27_m
55	JamesWoods	53	AGE53	2624	2624_JamesWoods_53_m
55	JamesWoods	29	AGE29	2606	2606_JamesWoods_29_m
55	JamesWoods	25	AGE25	2604	2604_JamesWoods_25_m
55	JamesWoods	44	AGE44	2616	2616_JamesWoods_44_m
55	JamesWoods	39	AGE39	2613	2613_JamesWoods_39_m
55	JamesWoods	37	AGE37	2611	2611_JamesWoods_37_m
55	JamesWoods	33	AGE33	2609	2609_JamesWoods_33_m
55	JamesWoods	54	AGE54	2625	2625_JamesWoods_54_m
55	JamesWoods	46	AGE46	2618	2618_JamesWoods_46_m
55	JamesWoods	51	AGE51	2622	2622_JamesWoods_51_m
55	JamesWoods	50	AGE50	2621	2621_JamesWoods_50_m
55	JamesWoods	21	AGE21	2603	2603_JamesWoods_21_m
56	AudreyHepburn	47	AGE47	14536	14536_AudreyHepburn_47_f
56	AudreyHepburn	30	AGE30	14547	14547_AudreyHepburn_30_f
56	AudreyHepburn	32	AGE32	14537	14537_AudreyHepburn_32_f
56	AudreyHepburn	23	AGE23	14527	14527_AudreyHepburn_23_f
56	AudreyHepburn	27	AGE27	14546	14546_AudreyHepburn_27_f
56	AudreyHepburn	32	AGE32	14549	14549_AudreyHepburn_32_f
56	AudreyHepburn	22	AGE22	14515	14515_AudreyHepburn_22_f
56	AudreyHepburn	24	AGE24	14543	14543_AudreyHepburn_24_f
56	AudreyHepburn	19	AGE19	14540	14540_AudreyHepburn_19_f
56	AudreyHepburn	25	AGE25	14544	14544_AudreyHepburn_25_f
56	AudreyHepburn	58	AGE58	14526	14526_AudreyHepburn_58_f
56	AudreyHepburn	36	AGE36	14551	14551_AudreyHepburn_36_f
56	AudreyHepburn	18	AGE18	14533	14533_AudreyHepburn_18_f
56	AudreyHepburn	62	AGE62	14520	14520_AudreyHepburn_62_f
56	AudreyHepburn	50	AGE50	14538	14538_AudreyHepburn_50_f
56	AudreyHepburn	25	AGE25	14534	14534_AudreyHepburn_25_f
56	AudreyHepburn	25	AGE25	14529	14529_AudreyHepburn_25_f
56	AudreyHepburn	34	AGE34	14524	14524_AudreyHepburn_34_f
56	AudreyHepburn	38	AGE38	14514	14514_AudreyHepburn_38_f
56	AudreyHepburn	47	AGE47	14521	14521_AudreyHepburn_47_f
56	AudreyHepburn	62	AGE62	14535	14535_AudreyHepburn_62_f
56	AudreyHepburn	68	AGE68	14532	14532_AudreyHepburn_68_f
56	AudreyHepburn	31	AGE31	14548	14548_AudreyHepburn_31_f
56	AudreyHepburn	52	AGE52	14525	14525_AudreyHepburn_52_f
56	AudreyHepburn	49	AGE49	14555	14555_AudreyHepburn_49_f
56	AudreyHepburn	33	AGE33	14523	14523_AudreyHepburn_33_f
56	AudreyHepburn	26	AGE26	14545	14545_AudreyHepburn_26_f
56	AudreyHepburn	35	AGE35	14550	14550_AudreyHepburn_35_f
56	AudreyHepburn	22	AGE22	14516	14516_AudreyHepburn_22_f
56	AudreyHepburn	24	AGE24	14531	14531_AudreyHepburn_24_f
56	AudreyHepburn	47	AGE47	14554	14554_AudreyHepburn_47_f
56	AudreyHepburn	27	AGE27	14528	14528_AudreyHepburn_27_f
56	AudreyHepburn	30	AGE30	14539	14539_AudreyHepburn_30_f
56	AudreyHepburn	28	AGE28	14522	14522_AudreyHepburn_28_f
56	AudreyHepburn	60	AGE60	14518	14518_AudreyHepburn_60_f
56	AudreyHepburn	24	AGE24	14530	14530_AudreyHepburn_24_f
56	AudreyHepburn	20	AGE20	14517	14517_AudreyHepburn_20_f
56	AudreyHepburn	21	AGE21	14541	14541_AudreyHepburn_21_f
56	AudreyHepburn	23	AGE23	14542	14542_AudreyHepburn_23_f
56	AudreyHepburn	25	AGE25	14519	14519_AudreyHepburn_25_f
56	AudreyHepburn	37	AGE37	14552	14552_AudreyHepburn_37_f
56	AudreyHepburn	38	AGE38	14553	14553_AudreyHepburn_38_f
57	AlikiBoug	21	AGE21	12552	12552_AlikiBoug_21_f
57	AlikiBoug	18	AGE18	12539	12539_AlikiBoug_18_f
57	AlikiBoug	28	AGE28	12545	12545_AlikiBoug_28_f
57	AlikiBoug	37	AGE37	12535	12535_AlikiBoug_37_f
57	AlikiBoug	37	AGE37	12549	12549_AlikiBoug_37_f
57	AlikiBoug	26	AGE26	12531	12531_AlikiBoug_26_f
57	AlikiBoug	25	AGE25	12553	12553_AlikiBoug_25_f
57	AlikiBoug	33	AGE33	12536	12536_AlikiBoug_33_f
57	AlikiBoug	42	AGE42	12547	12547_AlikiBoug_42_f
57	AlikiBoug	29	AGE29	12556	12556_AlikiBoug_29_f
57	AlikiBoug	34	AGE34	12557	12557_AlikiBoug_34_f
57	AlikiBoug	36	AGE36	12562	12562_AlikiBoug_36_f
57	AlikiBoug	33	AGE33	12565	12565_AlikiBoug_33_f
57	AlikiBoug	26	AGE26	12546	12546_AlikiBoug_26_f
57	AlikiBoug	40	AGE40	12542	12542_AlikiBoug_40_f
57	AlikiBoug	19	AGE19	12544	12544_AlikiBoug_19_f
57	AlikiBoug	27	AGE27	12550	12550_AlikiBoug_27_f
57	AlikiBoug	36	AGE36	12533	12533_AlikiBoug_36_f
57	AlikiBoug	42	AGE42	12538	12538_AlikiBoug_42_f
57	AlikiBoug	35	AGE35	12559	12559_AlikiBoug_35_f
57	AlikiBoug	33	AGE33	12561	12561_AlikiBoug_33_f
57	AlikiBoug	35	AGE35	12532	12532_AlikiBoug_35_f
57	AlikiBoug	20	AGE20	12548	12548_AlikiBoug_20_f
57	AlikiBoug	47	AGE47	12541	12541_AlikiBoug_47_f
57	AlikiBoug	31	AGE31	12560	12560_AlikiBoug_31_f
57	AlikiBoug	47	AGE47	12564	12564_AlikiBoug_47_f
57	AlikiBoug	37	AGE37	12558	12558_AlikiBoug_37_f
57	AlikiBoug	31	AGE31	12555	12555_AlikiBoug_31_f
57	AlikiBoug	43	AGE43	12534	12534_AlikiBoug_43_f
57	AlikiBoug	63	AGE63	12540	12540_AlikiBoug_63_f
57	AlikiBoug	52	AGE52	12551	12551_AlikiBoug_52_f
57	AlikiBoug	21	AGE21	12530	12530_AlikiBoug_21_f
57	AlikiBoug	28	AGE28	12566	12566_AlikiBoug_28_f
57	AlikiBoug	55	AGE55	12543	12543_AlikiBoug_55_f
57	AlikiBoug	28	AGE28	12554	12554_AlikiBoug_28_f
57	AlikiBoug	29	AGE29	12563	12563_AlikiBoug_29_f
57	AlikiBoug	50	AGE50	12537	12537_AlikiBoug_50_f
58	OliviadeHavilland	21	AGE21	14421	14421_OliviadeHavilland_21_f
58	OliviadeHavilland	46	AGE46	14438	14438_OliviadeHavilland_46_f
58	OliviadeHavilland	93	AGE93	14428	14428_OliviadeHavilland_93_f
58	OliviadeHavilland	62	AGE62	14441	14441_OliviadeHavilland_62_f
58	OliviadeHavilland	17	AGE17	14423	14423_OliviadeHavilland_17_f
58	OliviadeHavilland	19	AGE19	14424	14424_OliviadeHavilland_19_f
58	OliviadeHavilland	30	AGE30	14433	14433_OliviadeHavilland_30_f
58	OliviadeHavilland	20	AGE20	14430	14430_OliviadeHavilland_20_f
58	OliviadeHavilland	33	AGE33	14426	14426_OliviadeHavilland_33_f
58	OliviadeHavilland	37	AGE37	14427	14427_OliviadeHavilland_37_f
58	OliviadeHavilland	22	AGE22	14431	14431_OliviadeHavilland_22_f
58	OliviadeHavilland	24	AGE24	14422	14422_OliviadeHavilland_24_f
58	OliviadeHavilland	42	AGE42	14436	14436_OliviadeHavilland_42_f
58	OliviadeHavilland	49	AGE49	14439	14439_OliviadeHavilland_49_f
58	OliviadeHavilland	92	AGE92	14443	14443_OliviadeHavilland_92_f
58	OliviadeHavilland	25	AGE25	14425	14425_OliviadeHavilland_25_f
58	OliviadeHavilland	34	AGE34	14435	14435_OliviadeHavilland_34_f
58	OliviadeHavilland	65	AGE65	14442	14442_OliviadeHavilland_65_f
58	OliviadeHavilland	94	AGE94	14429	14429_OliviadeHavilland_94_f
58	OliviadeHavilland	43	AGE43	14437	14437_OliviadeHavilland_43_f
58	OliviadeHavilland	24	AGE24	14432	14432_OliviadeHavilland_24_f
58	OliviadeHavilland	32	AGE32	14434	14434_OliviadeHavilland_32_f
58	OliviadeHavilland	58	AGE58	14440	14440_OliviadeHavilland_58_f
59	MichaelKeaton	53	AGE53	5504	5504_MichaelKeaton_53_m
59	MichaelKeaton	47	AGE47	5499	5499_MichaelKeaton_47_m
59	MichaelKeaton	50	AGE50	5501	5501_MichaelKeaton_50_m
59	MichaelKeaton	31	AGE31	5485	5485_MichaelKeaton_31_m
59	MichaelKeaton	46	AGE46	5498	5498_MichaelKeaton_46_m
59	MichaelKeaton	40	AGE40	5492	5492_MichaelKeaton_40_m
59	MichaelKeaton	58	AGE58	5506	5506_MichaelKeaton_58_m
59	MichaelKeaton	34	AGE34	5486	5486_MichaelKeaton_34_m
59	MichaelKeaton	25	AGE25	5482	5482_MichaelKeaton_25_m
59	MichaelKeaton	49	AGE49	5500	5500_MichaelKeaton_49_m
59	MichaelKeaton	39	AGE39	5491	5491_MichaelKeaton_39_m
59	MichaelKeaton	18	AGE18	5481	5481_MichaelKeaton_18_m
59	MichaelKeaton	35	AGE35	5487	5487_MichaelKeaton_35_m
59	MichaelKeaton	29	AGE29	5483	5483_MichaelKeaton_29_m
59	MichaelKeaton	60	AGE60	5508	5508_MichaelKeaton_60_m
59	MichaelKeaton	14	AGE14	5480	5480_MichaelKeaton_14_m
59	MichaelKeaton	36	AGE36	5488	5488_MichaelKeaton_36_m
59	MichaelKeaton	43	AGE43	5495	5495_MichaelKeaton_43_m
59	MichaelKeaton	59	AGE59	5507	5507_MichaelKeaton_59_m
59	MichaelKeaton	51	AGE51	5502	5502_MichaelKeaton_51_m
59	MichaelKeaton	62	AGE62	5510	5510_MichaelKeaton_62_m
59	MichaelKeaton	44	AGE44	5496	5496_MichaelKeaton_44_m
59	MichaelKeaton	55	AGE55	5505	5505_MichaelKeaton_55_m
59	MichaelKeaton	61	AGE61	5509	5509_MichaelKeaton_61_m
59	MichaelKeaton	65	AGE65	5513	5513_MichaelKeaton_65_m
59	MichaelKeaton	23	AGE23	5478	5478_MichaelKeaton_23_m
59	MichaelKeaton	63	AGE63	5511	5511_MichaelKeaton_63_m
59	MichaelKeaton	28	AGE28	5479	5479_MichaelKeaton_28_m
59	MichaelKeaton	45	AGE45	5497	5497_MichaelKeaton_45_m
59	MichaelKeaton	41	AGE41	5493	5493_MichaelKeaton_41_m
59	MichaelKeaton	37	AGE37	5489	5489_MichaelKeaton_37_m
59	MichaelKeaton	38	AGE38	5490	5490_MichaelKeaton_38_m
59	MichaelKeaton	30	AGE30	5484	5484_MichaelKeaton_30_m
59	MichaelKeaton	52	AGE52	5503	5503_MichaelKeaton_52_m
59	MichaelKeaton	64	AGE64	5512	5512_MichaelKeaton_64_m
59	MichaelKeaton	42	AGE42	5494	5494_MichaelKeaton_42_m
60	CharlesGrodin	72	AGE72	5200	5200_CharlesGrodin_72_m
60	CharlesGrodin	59	AGE59	5194	5194_CharlesGrodin_59_m
60	CharlesGrodin	39	AGE39	5183	5183_CharlesGrodin_39_m
60	CharlesGrodin	69	AGE69	5198	5198_CharlesGrodin_69_m
60	CharlesGrodin	37	AGE37	5182	5182_CharlesGrodin_37_m
60	CharlesGrodin	48	AGE48	5189	5189_CharlesGrodin_48_m
60	CharlesGrodin	35	AGE35	5181	5181_CharlesGrodin_35_m
60	CharlesGrodin	46	AGE46	5188	5188_CharlesGrodin_46_m
60	CharlesGrodin	61	AGE61	5195	5195_CharlesGrodin_61_m
60	CharlesGrodin	45	AGE45	5187	5187_CharlesGrodin_45_m
60	CharlesGrodin	77	AGE77	5204	5204_CharlesGrodin_77_m
60	CharlesGrodin	74	AGE74	5202	5202_CharlesGrodin_74_m
60	CharlesGrodin	54	AGE54	5192	5192_CharlesGrodin_54_m
60	CharlesGrodin	50	AGE50	5190	5190_CharlesGrodin_50_m
60	CharlesGrodin	55	AGE55	5193	5193_CharlesGrodin_55_m
60	CharlesGrodin	68	AGE68	5197	5197_CharlesGrodin_68_m
60	CharlesGrodin	75	AGE75	5203	5203_CharlesGrodin_75_m
60	CharlesGrodin	52	AGE52	5191	5191_CharlesGrodin_52_m
60	CharlesGrodin	41	AGE41	5184	5184_CharlesGrodin_41_m
60	CharlesGrodin	70	AGE70	5199	5199_CharlesGrodin_70_m
60	CharlesGrodin	65	AGE65	5196	5196_CharlesGrodin_65_m
60	CharlesGrodin	78	AGE78	5205	5205_CharlesGrodin_78_m
60	CharlesGrodin	73	AGE73	5201	5201_CharlesGrodin_73_m
60	CharlesGrodin	43	AGE43	5186	5186_CharlesGrodin_43_m
60	CharlesGrodin	42	AGE42	5185	5185_CharlesGrodin_42_m
61	RonaldReagan	72	AGE72	752	752_RonaldReagan_72_m
61	RonaldReagan	39	AGE39	735	735_RonaldReagan_39_m
61	RonaldReagan	68	AGE68	748	748_RonaldReagan_68_m
61	RonaldReagan	56	AGE56	725	725_RonaldReagan_56_m
61	RonaldReagan	67	AGE67	747	747_RonaldReagan_67_m
61	RonaldReagan	78	AGE78	753	753_RonaldReagan_78_m
61	RonaldReagan	43	AGE43	737	737_RonaldReagan_43_m
61	RonaldReagan	21	AGE21	721	721_RonaldReagan_21_m
61	RonaldReagan	19	AGE19	719	719_RonaldReagan_19_m
61	RonaldReagan	57	AGE57	742	742_RonaldReagan_57_m
61	RonaldReagan	70	AGE70	716	716_RonaldReagan_70_m
61	RonaldReagan	41	AGE41	736	736_RonaldReagan_41_m
61	RonaldReagan	36	AGE36	732	732_RonaldReagan_36_m
61	RonaldReagan	29	AGE29	722	722_RonaldReagan_29_m
61	RonaldReagan	35	AGE35	731	731_RonaldReagan_35_m
61	RonaldReagan	92	AGE92	751	751_RonaldReagan_92_m
61	RonaldReagan	73	AGE73	754	754_RonaldReagan_73_m
61	RonaldReagan	62	AGE62	745	745_RonaldReagan_62_m
61	RonaldReagan	65	AGE65	746	746_RonaldReagan_65_m
61	RonaldReagan	55	AGE55	741	741_RonaldReagan_55_m
61	RonaldReagan	13	AGE13	717	717_RonaldReagan_13_m
61	RonaldReagan	31	AGE31	727	727_RonaldReagan_31_m
61	RonaldReagan	30	AGE30	723	723_RonaldReagan_30_m
61	RonaldReagan	32	AGE32	728	728_RonaldReagan_32_m
61	RonaldReagan	44	AGE44	738	738_RonaldReagan_44_m
61	RonaldReagan	28	AGE28	720	720_RonaldReagan_28_m
61	RonaldReagan	16	AGE16	718	718_RonaldReagan_16_m
61	RonaldReagan	54	AGE54	740	740_RonaldReagan_54_m
61	RonaldReagan	51	AGE51	724	724_RonaldReagan_51_m
61	RonaldReagan	69	AGE69	749	749_RonaldReagan_69_m
61	RonaldReagan	60	AGE60	744	744_RonaldReagan_60_m
61	RonaldReagan	33	AGE33	729	729_RonaldReagan_33_m
61	RonaldReagan	63	AGE63	726	726_RonaldReagan_63_m
61	RonaldReagan	58	AGE58	743	743_RonaldReagan_58_m
61	RonaldReagan	53	AGE53	715	715_RonaldReagan_53_m
61	RonaldReagan	37	AGE37	733	733_RonaldReagan_37_m
61	RonaldReagan	65	AGE65	750	750_RonaldReagan_65_m
61	RonaldReagan	38	AGE38	734	734_RonaldReagan_38_m
61	RonaldReagan	34	AGE34	730	730_RonaldReagan_34_m
61	RonaldReagan	30	AGE30	755	755_RonaldReagan_30_m
61	RonaldReagan	49	AGE49	739	739_RonaldReagan_49_m
62	SteveMcQueen	32	AGE32	9388	9388_SteveMcQueen_32_m
62	SteveMcQueen	46	AGE46	9403	9403_SteveMcQueen_46_m
62	SteveMcQueen	30	AGE30	9386	9386_SteveMcQueen_30_m
62	SteveMcQueen	28	AGE28	9382	9382_SteveMcQueen_28_m
62	SteveMcQueen	26	AGE26	9381	9381_SteveMcQueen_26_m
62	SteveMcQueen	38	AGE38	9395	9395_SteveMcQueen_38_m
62	SteveMcQueen	36	AGE36	9391	9391_SteveMcQueen_36_m
62	SteveMcQueen	40	AGE40	9398	9398_SteveMcQueen_40_m
62	SteveMcQueen	38	AGE38	9394	9394_SteveMcQueen_38_m
62	SteveMcQueen	37	AGE37	9393	9393_SteveMcQueen_37_m
62	SteveMcQueen	48	AGE48	9405	9405_SteveMcQueen_48_m
62	SteveMcQueen	31	AGE31	9387	9387_SteveMcQueen_31_m
62	SteveMcQueen	39	AGE39	9406	9406_SteveMcQueen_39_m
62	SteveMcQueen	39	AGE39	9396	9396_SteveMcQueen_39_m
62	SteveMcQueen	36	AGE36	9390	9390_SteveMcQueen_36_m
62	SteveMcQueen	40	AGE40	9397	9397_SteveMcQueen_40_m
62	SteveMcQueen	28	AGE28	9384	9384_SteveMcQueen_28_m
62	SteveMcQueen	36	AGE36	9392	9392_SteveMcQueen_36_m
62	SteveMcQueen	42	AGE42	9400	9400_SteveMcQueen_42_m
62	SteveMcQueen	29	AGE29	9385	9385_SteveMcQueen_29_m
62	SteveMcQueen	47	AGE47	9404	9404_SteveMcQueen_47_m
62	SteveMcQueen	30	AGE30	9380	9380_SteveMcQueen_30_m
62	SteveMcQueen	44	AGE44	9401	9401_SteveMcQueen_44_m
62	SteveMcQueen	35	AGE35	9389	9389_SteveMcQueen_35_m
62	SteveMcQueen	37	AGE37	9383	9383_SteveMcQueen_37_m
62	SteveMcQueen	44	AGE44	9402	9402_SteveMcQueen_44_m
62	SteveMcQueen	41	AGE41	9399	9399_SteveMcQueen_41_m
63	PeggyAshcroft	63	AGE63	14466	14466_PeggyAshcroft_63_f
63	PeggyAshcroft	22	AGE22	14444	14444_PeggyAshcroft_22_f
63	PeggyAshcroft	44	AGE44	14481	14481_PeggyAshcroft_44_f
63	PeggyAshcroft	28	AGE28	14451	14451_PeggyAshcroft_28_f
63	PeggyAshcroft	82	AGE82	14478	14478_PeggyAshcroft_82_f
63	PeggyAshcroft	77	AGE77	14476	14476_PeggyAshcroft_77_f
63	PeggyAshcroft	23	AGE23	14446	14446_PeggyAshcroft_23_f
63	PeggyAshcroft	70	AGE70	14470	14470_PeggyAshcroft_70_f
63	PeggyAshcroft	75	AGE75	14474	14474_PeggyAshcroft_75_f
63	PeggyAshcroft	22	AGE22	14445	14445_PeggyAshcroft_22_f
63	PeggyAshcroft	65	AGE65	14467	14467_PeggyAshcroft_65_f
63	PeggyAshcroft	73	AGE73	14472	14472_PeggyAshcroft_73_f
63	PeggyAshcroft	33	AGE33	14479	14479_PeggyAshcroft_33_f
63	PeggyAshcroft	35	AGE35	14454	14454_PeggyAshcroft_35_f
63	PeggyAshcroft	61	AGE61	14464	14464_PeggyAshcroft_61_f
63	PeggyAshcroft	68	AGE68	14469	14469_PeggyAshcroft_68_f
63	PeggyAshcroft	41	AGE41	14480	14480_PeggyAshcroft_41_f
63	PeggyAshcroft	76	AGE76	14475	14475_PeggyAshcroft_76_f
63	PeggyAshcroft	47	AGE47	14459	14459_PeggyAshcroft_47_f
63	PeggyAshcroft	72	AGE72	14471	14471_PeggyAshcroft_72_f
63	PeggyAshcroft	27	AGE27	14450	14450_PeggyAshcroft_27_f
63	PeggyAshcroft	55	AGE55	14462	14462_PeggyAshcroft_55_f
63	PeggyAshcroft	24	AGE24	14447	14447_PeggyAshcroft_24_f
63	PeggyAshcroft	38	AGE38	14455	14455_PeggyAshcroft_38_f
63	PeggyAshcroft	44	AGE44	14457	14457_PeggyAshcroft_44_f
63	PeggyAshcroft	32	AGE32	14453	14453_PeggyAshcroft_32_f
63	PeggyAshcroft	54	AGE54	14461	14461_PeggyAshcroft_54_f
63	PeggyAshcroft	57	AGE57	14463	14463_PeggyAshcroft_57_f
63	PeggyAshcroft	77	AGE77	14477	14477_PeggyAshcroft_77_f
63	PeggyAshcroft	52	AGE52	14460	14460_PeggyAshcroft_52_f
63	PeggyAshcroft	43	AGE43	14456	14456_PeggyAshcroft_43_f
63	PeggyAshcroft	30	AGE30	14452	14452_PeggyAshcroft_30_f
63	PeggyAshcroft	26	AGE26	14449	14449_PeggyAshcroft_26_f
63	PeggyAshcroft	56	AGE56	14482	14482_PeggyAshcroft_56_f
63	PeggyAshcroft	81	AGE81	14483	14483_PeggyAshcroft_81_f
63	PeggyAshcroft	62	AGE62	14465	14465_PeggyAshcroft_62_f
63	PeggyAshcroft	67	AGE67	14468	14468_PeggyAshcroft_67_f
63	PeggyAshcroft	25	AGE25	14448	14448_PeggyAshcroft_25_f
63	PeggyAshcroft	74	AGE74	14473	14473_PeggyAshcroft_74_f
63	PeggyAshcroft	45	AGE45	14458	14458_PeggyAshcroft_45_f
64	MikeConnors	86	AGE86	3634	3634_MikeConnors_86_m
64	MikeConnors	73	AGE73	3622	3622_MikeConnors_73_m
64	MikeConnors	71	AGE71	3621	3621_MikeConnors_71_m
64	MikeConnors	85	AGE85	3633	3633_MikeConnors_85_m
64	MikeConnors	31	AGE31	3597	3597_MikeConnors_31_m
64	MikeConnors	53	AGE53	3613	3613_MikeConnors_53_m
64	MikeConnors	33	AGE33	3599	3599_MikeConnors_33_m
64	MikeConnors	49	AGE49	3611	3611_MikeConnors_49_m
64	MikeConnors	30	AGE30	3635	3635_MikeConnors_30_m
64	MikeConnors	32	AGE32	3598	3598_MikeConnors_32_m
64	MikeConnors	83	AGE83	3631	3631_MikeConnors_83_m
64	MikeConnors	46	AGE46	3608	3608_MikeConnors_46_m
64	MikeConnors	54	AGE54	3614	3614_MikeConnors_54_m
64	MikeConnors	78	AGE78	3627	3627_MikeConnors_78_m
64	MikeConnors	50	AGE50	3612	3612_MikeConnors_50_m
64	MikeConnors	55	AGE55	3615	3615_MikeConnors_55_m
64	MikeConnors	80	AGE80	3628	3628_MikeConnors_80_m
64	MikeConnors	82	AGE82	3630	3630_MikeConnors_82_m
64	MikeConnors	43	AGE43	3605	3605_MikeConnors_43_m
64	MikeConnors	60	AGE60	3617	3617_MikeConnors_60_m
64	MikeConnors	77	AGE77	3626	3626_MikeConnors_77_m
64	MikeConnors	41	AGE41	3603	3603_MikeConnors_41_m
64	MikeConnors	84	AGE84	3632	3632_MikeConnors_84_m
64	MikeConnors	37	AGE37	3601	3601_MikeConnors_37_m
64	MikeConnors	47	AGE47	3609	3609_MikeConnors_47_m
64	MikeConnors	56	AGE56	3616	3616_MikeConnors_56_m
64	MikeConnors	35	AGE35	3600	3600_MikeConnors_35_m
64	MikeConnors	45	AGE45	3607	3607_MikeConnors_45_m
64	MikeConnors	62	AGE62	3618	3618_MikeConnors_62_m
64	MikeConnors	48	AGE48	3610	3610_MikeConnors_48_m
64	MikeConnors	68	AGE68	3619	3619_MikeConnors_68_m
64	MikeConnors	76	AGE76	3625	3625_MikeConnors_76_m
64	MikeConnors	42	AGE42	3604	3604_MikeConnors_42_m
64	MikeConnors	75	AGE75	3624	3624_MikeConnors_75_m
64	MikeConnors	44	AGE44	3606	3606_MikeConnors_44_m
64	MikeConnors	70	AGE70	3620	3620_MikeConnors_70_m
64	MikeConnors	81	AGE81	3629	3629_MikeConnors_81_m
64	MikeConnors	40	AGE40	3602	3602_MikeConnors_40_m
64	MikeConnors	74	AGE74	3623	3623_MikeConnors_74_m
65	JohnForsythe	56	AGE56	8079	8079_JohnForsythe_56_m
65	JohnForsythe	37	AGE37	8066	8066_JohnForsythe_37_m
65	JohnForsythe	70	AGE70	8087	8087_JohnForsythe_70_m
65	JohnForsythe	82	AGE82	8090	8090_JohnForsythe_82_m
65	JohnForsythe	61	AGE61	8080	8080_JohnForsythe_61_m
65	JohnForsythe	50	AGE50	8074	8074_JohnForsythe_50_m
65	JohnForsythe	54	AGE54	8077	8077_JohnForsythe_54_m
65	JohnForsythe	88	AGE88	8091	8091_JohnForsythe_88_m
65	JohnForsythe	64	AGE64	8083	8083_JohnForsythe_64_m
65	JohnForsythe	52	AGE52	8075	8075_JohnForsythe_52_m
65	JohnForsythe	25	AGE25	8064	8064_JohnForsythe_25_m
65	JohnForsythe	74	AGE74	8088	8088_JohnForsythe_74_m
65	JohnForsythe	67	AGE67	8086	8086_JohnForsythe_67_m
65	JohnForsythe	43	AGE43	8069	8069_JohnForsythe_43_m
65	JohnForsythe	41	AGE41	8068	8068_JohnForsythe_41_m
65	JohnForsythe	48	AGE48	8073	8073_JohnForsythe_48_m
65	JohnForsythe	55	AGE55	8078	8078_JohnForsythe_55_m
65	JohnForsythe	34	AGE34	8065	8065_JohnForsythe_34_m
65	JohnForsythe	44	AGE44	8070	8070_JohnForsythe_44_m
65	JohnForsythe	76	AGE76	8089	8089_JohnForsythe_76_m
65	JohnForsythe	66	AGE66	8085	8085_JohnForsythe_66_m
65	JohnForsythe	65	AGE65	8084	8084_JohnForsythe_65_m
65	JohnForsythe	62	AGE62	8081	8081_JohnForsythe_62_m
65	JohnForsythe	53	AGE53	8076	8076_JohnForsythe_53_m
65	JohnForsythe	48	AGE48	8072	8072_JohnForsythe_48_m
65	JohnForsythe	63	AGE63	8082	8082_JohnForsythe_63_m
65	JohnForsythe	46	AGE46	8071	8071_JohnForsythe_46_m
65	JohnForsythe	39	AGE39	8067	8067_JohnForsythe_39_m
66	BruceWillis	45	AGE45	3085	3085_BruceWillis_45_m
66	BruceWillis	35	AGE35	3075	3075_BruceWillis_35_m
66	BruceWillis	44	AGE44	3084	3084_BruceWillis_44_m
66	BruceWillis	30	AGE30	3068	3068_BruceWillis_30_m
66	BruceWillis	53	AGE53	3093	3093_BruceWillis_53_m
66	BruceWillis	50	AGE50	3090	3090_BruceWillis_50_m
66	BruceWillis	55	AGE55	3095	3095_BruceWillis_55_m
66	BruceWillis	49	AGE49	3089	3089_BruceWillis_49_m
66	BruceWillis	31	AGE31	3069	3069_BruceWillis_31_m
66	BruceWillis	51	AGE51	3091	3091_BruceWillis_51_m
66	BruceWillis	57	AGE57	3097	3097_BruceWillis_57_m
66	BruceWillis	47	AGE47	3087	3087_BruceWillis_47_m
66	BruceWillis	37	AGE37	3077	3077_BruceWillis_37_m
66	BruceWillis	33	AGE33	3072	3072_BruceWillis_33_m
66	BruceWillis	39	AGE39	3080	3080_BruceWillis_39_m
66	BruceWillis	42	AGE42	3082	3082_BruceWillis_42_m
66	BruceWillis	32	AGE32	3071	3071_BruceWillis_32_m
66	BruceWillis	29	AGE29	3066	3066_BruceWillis_29_m
66	BruceWillis	43	AGE43	3083	3083_BruceWillis_43_m
66	BruceWillis	46	AGE46	3086	3086_BruceWillis_46_m
66	BruceWillis	29	AGE29	3067	3067_BruceWillis_29_m
66	BruceWillis	34	AGE34	3073	3073_BruceWillis_34_m
66	BruceWillis	56	AGE56	3096	3096_BruceWillis_56_m
66	BruceWillis	54	AGE54	3094	3094_BruceWillis_54_m
66	BruceWillis	38	AGE38	3079	3079_BruceWillis_38_m
66	BruceWillis	35	AGE35	3074	3074_BruceWillis_35_m
66	BruceWillis	52	AGE52	3092	3092_BruceWillis_52_m
66	BruceWillis	40	AGE40	3081	3081_BruceWillis_40_m
66	BruceWillis	31	AGE31	3070	3070_BruceWillis_31_m
66	BruceWillis	38	AGE38	3078	3078_BruceWillis_38_m
66	BruceWillis	36	AGE36	3076	3076_BruceWillis_36_m
66	BruceWillis	48	AGE48	3088	3088_BruceWillis_48_m
67	JamesCaan	33	AGE33	1989	1989_JamesCaan_33_m
67	JamesCaan	24	AGE24	1977	1977_JamesCaan_24_m
67	JamesCaan	56	AGE56	2006	2006_JamesCaan_56_m
67	JamesCaan	60	AGE60	2010	2010_JamesCaan_60_m
67	JamesCaan	48	AGE48	2002	2002_JamesCaan_48_m
67	JamesCaan	39	AGE39	1996	1996_JamesCaan_39_m
67	JamesCaan	50	AGE50	2003	2003_JamesCaan_50_m
67	JamesCaan	67	AGE67	2014	2014_JamesCaan_67_m
67	JamesCaan	32	AGE32	1987	1987_JamesCaan_32_m
67	JamesCaan	41	AGE41	1998	1998_JamesCaan_41_m
67	JamesCaan	35	AGE35	1992	1992_JamesCaan_35_m
67	JamesCaan	34	AGE34	1991	1991_JamesCaan_34_m
67	JamesCaan	27	AGE27	1981	1981_JamesCaan_27_m
67	JamesCaan	29	AGE29	1984	1984_JamesCaan_29_m
67	JamesCaan	70	AGE70	2017	2017_JamesCaan_70_m
67	JamesCaan	41	AGE41	1999	1999_JamesCaan_41_m
67	JamesCaan	28	AGE28	1982	1982_JamesCaan_28_m
67	JamesCaan	47	AGE47	2001	2001_JamesCaan_47_m
67	JamesCaan	55	AGE55	2005	2005_JamesCaan_55_m
67	JamesCaan	72	AGE72	2018	2018_JamesCaan_72_m
67	JamesCaan	38	AGE38	1995	1995_JamesCaan_38_m
67	JamesCaan	30	AGE30	1985	1985_JamesCaan_30_m
67	JamesCaan	68	AGE68	2015	2015_JamesCaan_68_m
67	JamesCaan	60	AGE60	2009	2009_JamesCaan_60_m
67	JamesCaan	42	AGE42	2000	2000_JamesCaan_42_m
67	JamesCaan	40	AGE40	1997	1997_JamesCaan_40_m
67	JamesCaan	58	AGE58	2007	2007_JamesCaan_58_m
67	JamesCaan	62	AGE62	2012	2012_JamesCaan_62_m
67	JamesCaan	51	AGE51	2004	2004_JamesCaan_51_m
67	JamesCaan	37	AGE37	1994	1994_JamesCaan_37_m
67	JamesCaan	59	AGE59	2008	2008_JamesCaan_59_m
67	JamesCaan	73	AGE73	2019	2019_JamesCaan_73_m
67	JamesCaan	25	AGE25	1978	1978_JamesCaan_25_m
67	JamesCaan	33	AGE33	1990	1990_JamesCaan_33_m
67	JamesCaan	27	AGE27	1980	1980_JamesCaan_27_m
67	JamesCaan	69	AGE69	2016	2016_JamesCaan_69_m
67	JamesCaan	63	AGE63	2013	2013_JamesCaan_63_m
67	JamesCaan	32	AGE32	1988	1988_JamesCaan_32_m
67	JamesCaan	61	AGE61	2011	2011_JamesCaan_61_m
67	JamesCaan	31	AGE31	1986	1986_JamesCaan_31_m
67	JamesCaan	26	AGE26	1979	1979_JamesCaan_26_m
67	JamesCaan	28	AGE28	1983	1983_JamesCaan_28_m
67	JamesCaan	36	AGE36	1993	1993_JamesCaan_36_m
68	KevinCostner	50	AGE50	4278	4278_KevinCostner_50_m
68	KevinCostner	52	AGE52	4280	4280_KevinCostner_52_m
68	KevinCostner	55	AGE55	4282	4282_KevinCostner_55_m
68	KevinCostner	24	AGE24	4259	4259_KevinCostner_24_m
68	KevinCostner	51	AGE51	4279	4279_KevinCostner_51_m
68	KevinCostner	32	AGE32	4264	4264_KevinCostner_32_m
68	KevinCostner	36	AGE36	4268	4268_KevinCostner_36_m
68	KevinCostner	37	AGE37	4270	4270_KevinCostner_37_m
68	KevinCostner	48	AGE48	4276	4276_KevinCostner_48_m
68	KevinCostner	36	AGE36	4267	4267_KevinCostner_36_m
68	KevinCostner	44	AGE44	4273	4273_KevinCostner_44_m
68	KevinCostner	37	AGE37	4269	4269_KevinCostner_37_m
68	KevinCostner	57	AGE57	4283	4283_KevinCostner_57_m
68	KevinCostner	28	AGE28	4262	4262_KevinCostner_28_m
68	KevinCostner	48	AGE48	4277	4277_KevinCostner_48_m
68	KevinCostner	35	AGE35	4266	4266_KevinCostner_35_m
68	KevinCostner	58	AGE58	4284	4284_KevinCostner_58_m
68	KevinCostner	32	AGE32	4265	4265_KevinCostner_32_m
68	KevinCostner	59	AGE59	4286	4286_KevinCostner_59_m
68	KevinCostner	27	AGE27	4261	4261_KevinCostner_27_m
68	KevinCostner	39	AGE39	4272	4272_KevinCostner_39_m
68	KevinCostner	25	AGE25	4260	4260_KevinCostner_25_m
68	KevinCostner	38	AGE38	4271	4271_KevinCostner_38_m
68	KevinCostner	47	AGE47	4275	4275_KevinCostner_47_m
68	KevinCostner	45	AGE45	4274	4274_KevinCostner_45_m
68	KevinCostner	31	AGE31	4263	4263_KevinCostner_31_m
68	KevinCostner	59	AGE59	4285	4285_KevinCostner_59_m
68	KevinCostner	53	AGE53	4281	4281_KevinCostner_53_m
69	BrianDennehy	73	AGE73	3972	3972_BrianDennehy_73_m
69	BrianDennehy	46	AGE46	3948	3948_BrianDennehy_46_m
69	BrianDennehy	53	AGE53	3954	3954_BrianDennehy_53_m
69	BrianDennehy	40	AGE40	3942	3942_BrianDennehy_40_m
69	BrianDennehy	65	AGE65	3963	3963_BrianDennehy_65_m
69	BrianDennehy	49	AGE49	3951	3951_BrianDennehy_49_m
69	BrianDennehy	67	AGE67	3966	3966_BrianDennehy_67_m
69	BrianDennehy	63	AGE63	3961	3961_BrianDennehy_63_m
69	BrianDennehy	52	AGE52	3953	3953_BrianDennehy_52_m
69	BrianDennehy	71	AGE71	3970	3970_BrianDennehy_71_m
69	BrianDennehy	68	AGE68	3967	3967_BrianDennehy_68_m
69	BrianDennehy	67	AGE67	3965	3965_BrianDennehy_67_m
69	BrianDennehy	54	AGE54	3955	3955_BrianDennehy_54_m
69	BrianDennehy	56	AGE56	3957	3957_BrianDennehy_56_m
69	BrianDennehy	70	AGE70	3969	3969_BrianDennehy_70_m
69	BrianDennehy	44	AGE44	3946	3946_BrianDennehy_44_m
69	BrianDennehy	62	AGE62	3960	3960_BrianDennehy_62_m
69	BrianDennehy	60	AGE60	3959	3959_BrianDennehy_60_m
69	BrianDennehy	42	AGE42	3944	3944_BrianDennehy_42_m
69	BrianDennehy	43	AGE43	3945	3945_BrianDennehy_43_m
69	BrianDennehy	69	AGE69	3968	3968_BrianDennehy_69_m
69	BrianDennehy	55	AGE55	3956	3956_BrianDennehy_55_m
69	BrianDennehy	48	AGE48	3950	3950_BrianDennehy_48_m
69	BrianDennehy	41	AGE41	3943	3943_BrianDennehy_41_m
69	BrianDennehy	57	AGE57	3958	3958_BrianDennehy_57_m
69	BrianDennehy	45	AGE45	3947	3947_BrianDennehy_45_m
69	BrianDennehy	72	AGE72	3971	3971_BrianDennehy_72_m
69	BrianDennehy	76	AGE76	3973	3973_BrianDennehy_76_m
69	BrianDennehy	66	AGE66	3964	3964_BrianDennehy_66_m
69	BrianDennehy	39	AGE39	3941	3941_BrianDennehy_39_m
69	BrianDennehy	64	AGE64	3962	3962_BrianDennehy_64_m
69	BrianDennehy	50	AGE50	3952	3952_BrianDennehy_50_m
69	BrianDennehy	47	AGE47	3949	3949_BrianDennehy_47_m
70	PamelaSueMartin	62	AGE62	15781	15781_PamelaSueMartin_62_f
70	PamelaSueMartin	27	AGE27	15760	15760_PamelaSueMartin_27_f
70	PamelaSueMartin	26	AGE26	15759	15759_PamelaSueMartin_26_f
70	PamelaSueMartin	33	AGE33	15766	15766_PamelaSueMartin_33_f
70	PamelaSueMartin	29	AGE29	15762	15762_PamelaSueMartin_29_f
70	PamelaSueMartin	20	AGE20	15754	15754_PamelaSueMartin_20_f
70	PamelaSueMartin	28	AGE28	15761	15761_PamelaSueMartin_28_f
70	PamelaSueMartin	36	AGE36	15768	15768_PamelaSueMartin_36_f
70	PamelaSueMartin	32	AGE32	15765	15765_PamelaSueMartin_32_f
70	PamelaSueMartin	19	AGE19	15753	15753_PamelaSueMartin_19_f
70	PamelaSueMartin	34	AGE34	15767	15767_PamelaSueMartin_34_f
70	PamelaSueMartin	58	AGE58	15779	15779_PamelaSueMartin_58_f
70	PamelaSueMartin	49	AGE49	15775	15775_PamelaSueMartin_49_f
70	PamelaSueMartin	24	AGE24	15757	15757_PamelaSueMartin_24_f
70	PamelaSueMartin	31	AGE31	15764	15764_PamelaSueMartin_31_f
70	PamelaSueMartin	45	AGE45	15774	15774_PamelaSueMartin_45_f
70	PamelaSueMartin	17	AGE17	15751	15751_PamelaSueMartin_17_f
70	PamelaSueMartin	42	AGE42	15773	15773_PamelaSueMartin_42_f
70	PamelaSueMartin	38	AGE38	15770	15770_PamelaSueMartin_38_f
70	PamelaSueMartin	37	AGE37	15769	15769_PamelaSueMartin_37_f
70	PamelaSueMartin	22	AGE22	15755	15755_PamelaSueMartin_22_f
70	PamelaSueMartin	39	AGE39	15771	15771_PamelaSueMartin_39_f
70	PamelaSueMartin	30	AGE30	15763	15763_PamelaSueMartin_30_f
70	PamelaSueMartin	23	AGE23	15756	15756_PamelaSueMartin_23_f
70	PamelaSueMartin	54	AGE54	15778	15778_PamelaSueMartin_54_f
70	PamelaSueMartin	52	AGE52	15776	15776_PamelaSueMartin_52_f
70	PamelaSueMartin	59	AGE59	15780	15780_PamelaSueMartin_59_f
70	PamelaSueMartin	53	AGE53	15777	15777_PamelaSueMartin_53_f
70	PamelaSueMartin	18	AGE18	15752	15752_PamelaSueMartin_18_f
70	PamelaSueMartin	40	AGE40	15772	15772_PamelaSueMartin_40_f
70	PamelaSueMartin	25	AGE25	15758	15758_PamelaSueMartin_25_f
71	EvaMarieSaint	31	AGE31	12093	12093_EvaMarieSaint_31_f
71	EvaMarieSaint	88	AGE88	12127	12127_EvaMarieSaint_88_f
71	EvaMarieSaint	87	AGE87	12126	12126_EvaMarieSaint_87_f
71	EvaMarieSaint	89	AGE89	12128	12128_EvaMarieSaint_89_f
71	EvaMarieSaint	83	AGE83	12122	12122_EvaMarieSaint_83_f
71	EvaMarieSaint	90	AGE90	12129	12129_EvaMarieSaint_90_f
71	EvaMarieSaint	77	AGE77	12117	12117_EvaMarieSaint_77_f
71	EvaMarieSaint	37	AGE37	12099	12099_EvaMarieSaint_37_f
71	EvaMarieSaint	41	AGE41	12101	12101_EvaMarieSaint_41_f
71	EvaMarieSaint	58	AGE58	12109	12109_EvaMarieSaint_58_f
71	EvaMarieSaint	68	AGE68	12113	12113_EvaMarieSaint_68_f
71	EvaMarieSaint	53	AGE53	12108	12108_EvaMarieSaint_53_f
71	EvaMarieSaint	29	AGE29	12091	12091_EvaMarieSaint_29_f
71	EvaMarieSaint	81	AGE81	12120	12120_EvaMarieSaint_81_f
71	EvaMarieSaint	84	AGE84	12123	12123_EvaMarieSaint_84_f
71	EvaMarieSaint	79	AGE79	12118	12118_EvaMarieSaint_79_f
71	EvaMarieSaint	44	AGE44	12103	12103_EvaMarieSaint_44_f
71	EvaMarieSaint	32	AGE32	12094	12094_EvaMarieSaint_32_f
71	EvaMarieSaint	23	AGE23	12088	12088_EvaMarieSaint_23_f
71	EvaMarieSaint	30	AGE30	12092	12092_EvaMarieSaint_30_f
71	EvaMarieSaint	73	AGE73	12115	12115_EvaMarieSaint_73_f
71	EvaMarieSaint	28	AGE28	12090	12090_EvaMarieSaint_28_f
71	EvaMarieSaint	46	AGE46	12104	12104_EvaMarieSaint_46_f
71	EvaMarieSaint	82	AGE82	12121	12121_EvaMarieSaint_82_f
71	EvaMarieSaint	34	AGE34	12096	12096_EvaMarieSaint_34_f
71	EvaMarieSaint	66	AGE66	12112	12112_EvaMarieSaint_66_f
71	EvaMarieSaint	36	AGE36	12098	12098_EvaMarieSaint_36_f
71	EvaMarieSaint	85	AGE85	12124	12124_EvaMarieSaint_85_f
71	EvaMarieSaint	63	AGE63	12111	12111_EvaMarieSaint_63_f
71	EvaMarieSaint	71	AGE71	12114	12114_EvaMarieSaint_71_f
71	EvaMarieSaint	33	AGE33	12095	12095_EvaMarieSaint_33_f
71	EvaMarieSaint	80	AGE80	12119	12119_EvaMarieSaint_80_f
71	EvaMarieSaint	62	AGE62	12110	12110_EvaMarieSaint_62_f
71	EvaMarieSaint	26	AGE26	12089	12089_EvaMarieSaint_26_f
71	EvaMarieSaint	86	AGE86	12125	12125_EvaMarieSaint_86_f
71	EvaMarieSaint	35	AGE35	12097	12097_EvaMarieSaint_35_f
71	EvaMarieSaint	40	AGE40	12100	12100_EvaMarieSaint_40_f
71	EvaMarieSaint	42	AGE42	12102	12102_EvaMarieSaint_42_f
71	EvaMarieSaint	48	AGE48	12105	12105_EvaMarieSaint_48_f
71	EvaMarieSaint	50	AGE50	12106	12106_EvaMarieSaint_50_f
71	EvaMarieSaint	52	AGE52	12107	12107_EvaMarieSaint_52_f
71	EvaMarieSaint	76	AGE76	12116	12116_EvaMarieSaint_76_f
72	HenryFonda	36	AGE36	8019	8019_HenryFonda_36_m
72	HenryFonda	33	AGE33	8017	8017_HenryFonda_33_m
72	HenryFonda	45	AGE45	8020	8020_HenryFonda_45_m
72	HenryFonda	51	AGE51	8021	8021_HenryFonda_51_m
72	HenryFonda	67	AGE67	8027	8027_HenryFonda_67_m
72	HenryFonda	55	AGE55	8023	8023_HenryFonda_55_m
72	HenryFonda	40	AGE40	8031	8031_HenryFonda_40_m
72	HenryFonda	35	AGE35	8018	8018_HenryFonda_35_m
72	HenryFonda	63	AGE63	8025	8025_HenryFonda_63_m
72	HenryFonda	63	AGE63	8026	8026_HenryFonda_63_m
72	HenryFonda	52	AGE52	8022	8022_HenryFonda_52_m
72	HenryFonda	58	AGE58	8024	8024_HenryFonda_58_m
72	HenryFonda	73	AGE73	8029	8029_HenryFonda_73_m
72	HenryFonda	72	AGE72	8030	8030_HenryFonda_72_m
72	HenryFonda	68	AGE68	8028	8028_HenryFonda_68_m
73	DyanCannon	25	AGE25	15249	15249_DyanCannon_25_f
73	DyanCannon	70	AGE70	15279	15279_DyanCannon_70_f
73	DyanCannon	40	AGE40	15260	15260_DyanCannon_40_f
73	DyanCannon	68	AGE68	15277	15277_DyanCannon_68_f
73	DyanCannon	63	AGE63	15272	15272_DyanCannon_63_f
73	DyanCannon	45	AGE45	15265	15265_DyanCannon_45_f
73	DyanCannon	31	AGE31	15253	15253_DyanCannon_31_f
73	DyanCannon	22	AGE22	15248	15248_DyanCannon_22_f
73	DyanCannon	32	AGE32	15289	15289_DyanCannon_32_f
73	DyanCannon	20	AGE20	15247	15247_DyanCannon_20_f
73	DyanCannon	72	AGE72	15281	15281_DyanCannon_72_f
73	DyanCannon	71	AGE71	15280	15280_DyanCannon_71_f
73	DyanCannon	46	AGE46	15266	15266_DyanCannon_46_f
73	DyanCannon	32	AGE32	15254	15254_DyanCannon_32_f
73	DyanCannon	65	AGE65	15274	15274_DyanCannon_65_f
73	DyanCannon	55	AGE55	15270	15270_DyanCannon_55_f
73	DyanCannon	35	AGE35	15257	15257_DyanCannon_35_f
73	DyanCannon	43	AGE43	15292	15292_DyanCannon_43_f
73	DyanCannon	30	AGE30	15252	15252_DyanCannon_30_f
73	DyanCannon	58	AGE58	15271	15271_DyanCannon_58_f
73	DyanCannon	41	AGE41	15261	15261_DyanCannon_41_f
73	DyanCannon	31	AGE31	15288	15288_DyanCannon_31_f
73	DyanCannon	67	AGE67	15276	15276_DyanCannon_67_f
73	DyanCannon	29	AGE29	15251	15251_DyanCannon_29_f
73	DyanCannon	38	AGE38	15259	15259_DyanCannon_38_f
73	DyanCannon	66	AGE66	15275	15275_DyanCannon_66_f
73	DyanCannon	69	AGE69	15278	15278_DyanCannon_69_f
73	DyanCannon	28	AGE28	15287	15287_DyanCannon_28_f
73	DyanCannon	40	AGE40	15291	15291_DyanCannon_40_f
73	DyanCannon	43	AGE43	15263	15263_DyanCannon_43_f
73	DyanCannon	73	AGE73	15282	15282_DyanCannon_73_f
73	DyanCannon	76	AGE76	15284	15284_DyanCannon_76_f
73	DyanCannon	45	AGE45	15293	15293_DyanCannon_45_f
73	DyanCannon	34	AGE34	15256	15256_DyanCannon_34_f
73	DyanCannon	51	AGE51	15268	15268_DyanCannon_51_f
73	DyanCannon	42	AGE42	15262	15262_DyanCannon_42_f
73	DyanCannon	26	AGE26	15250	15250_DyanCannon_26_f
73	DyanCannon	48	AGE48	15267	15267_DyanCannon_48_f
73	DyanCannon	34	AGE34	15290	15290_DyanCannon_34_f
73	DyanCannon	75	AGE75	15283	15283_DyanCannon_75_f
73	DyanCannon	33	AGE33	15255	15255_DyanCannon_33_f
73	DyanCannon	36	AGE36	15258	15258_DyanCannon_36_f
73	DyanCannon	64	AGE64	15273	15273_DyanCannon_64_f
73	DyanCannon	44	AGE44	15264	15264_DyanCannon_44_f
73	DyanCannon	78	AGE78	15286	15286_DyanCannon_78_f
73	DyanCannon	53	AGE53	15269	15269_DyanCannon_53_f
73	DyanCannon	77	AGE77	15285	15285_DyanCannon_77_f
74	AnthonyQuayle	76	AGE76	7852	7852_AnthonyQuayle_76_m
74	AnthonyQuayle	52	AGE52	7836	7836_AnthonyQuayle_52_m
74	AnthonyQuayle	22	AGE22	7822	7822_AnthonyQuayle_22_m
74	AnthonyQuayle	53	AGE53	7837	7837_AnthonyQuayle_53_m
74	AnthonyQuayle	39	AGE39	7826	7826_AnthonyQuayle_39_m
74	AnthonyQuayle	57	AGE57	7841	7841_AnthonyQuayle_57_m
74	AnthonyQuayle	58	AGE58	7842	7842_AnthonyQuayle_58_m
74	AnthonyQuayle	42	AGE42	7827	7827_AnthonyQuayle_42_m
74	AnthonyQuayle	75	AGE75	7851	7851_AnthonyQuayle_75_m
74	AnthonyQuayle	66	AGE66	7847	7847_AnthonyQuayle_66_m
74	AnthonyQuayle	56	AGE56	7840	7840_AnthonyQuayle_56_m
74	AnthonyQuayle	32	AGE32	7824	7824_AnthonyQuayle_32_m
74	AnthonyQuayle	70	AGE70	7850	7850_AnthonyQuayle_70_m
74	AnthonyQuayle	69	AGE69	7849	7849_AnthonyQuayle_69_m
74	AnthonyQuayle	49	AGE49	7833	7833_AnthonyQuayle_49_m
74	AnthonyQuayle	47	AGE47	7831	7831_AnthonyQuayle_47_m
74	AnthonyQuayle	44	AGE44	7829	7829_AnthonyQuayle_44_m
74	AnthonyQuayle	48	AGE48	7832	7832_AnthonyQuayle_48_m
74	AnthonyQuayle	35	AGE35	7825	7825_AnthonyQuayle_35_m
74	AnthonyQuayle	43	AGE43	7828	7828_AnthonyQuayle_43_m
74	AnthonyQuayle	61	AGE61	7844	7844_AnthonyQuayle_61_m
74	AnthonyQuayle	54	AGE54	7838	7838_AnthonyQuayle_54_m
74	AnthonyQuayle	51	AGE51	7835	7835_AnthonyQuayle_51_m
74	AnthonyQuayle	67	AGE67	7848	7848_AnthonyQuayle_67_m
74	AnthonyQuayle	50	AGE50	7834	7834_AnthonyQuayle_50_m
74	AnthonyQuayle	60	AGE60	7843	7843_AnthonyQuayle_60_m
74	AnthonyQuayle	64	AGE64	7846	7846_AnthonyQuayle_64_m
74	AnthonyQuayle	46	AGE46	7830	7830_AnthonyQuayle_46_m
74	AnthonyQuayle	25	AGE25	7823	7823_AnthonyQuayle_25_m
74	AnthonyQuayle	63	AGE63	7845	7845_AnthonyQuayle_63_m
74	AnthonyQuayle	55	AGE55	7839	7839_AnthonyQuayle_55_m
75	EllenBurstyn	70	AGE70	10989	10989_EllenBurstyn_70_f
75	EllenBurstyn	69	AGE69	11013	11013_EllenBurstyn_69_f
75	EllenBurstyn	32	AGE32	10992	10992_EllenBurstyn_32_f
75	EllenBurstyn	45	AGE45	10998	10998_EllenBurstyn_45_f
75	EllenBurstyn	64	AGE64	11009	11009_EllenBurstyn_64_f
75	EllenBurstyn	75	AGE75	11016	11016_EllenBurstyn_75_f
75	EllenBurstyn	52	AGE52	11002	11002_EllenBurstyn_52_f
75	EllenBurstyn	33	AGE33	11021	11021_EllenBurstyn_33_f
75	EllenBurstyn	24	AGE24	11023	11023_EllenBurstyn_24_f
75	EllenBurstyn	18	AGE18	10991	10991_EllenBurstyn_18_f
75	EllenBurstyn	38	AGE38	10994	10994_EllenBurstyn_38_f
75	EllenBurstyn	77	AGE77	11018	11018_EllenBurstyn_77_f
75	EllenBurstyn	54	AGE54	11003	11003_EllenBurstyn_54_f
75	EllenBurstyn	63	AGE63	11007	11007_EllenBurstyn_63_f
75	EllenBurstyn	31	AGE31	10990	10990_EllenBurstyn_31_f
75	EllenBurstyn	72	AGE72	11015	11015_EllenBurstyn_72_f
75	EllenBurstyn	61	AGE61	11005	11005_EllenBurstyn_61_f
75	EllenBurstyn	71	AGE71	11022	11022_EllenBurstyn_71_f
75	EllenBurstyn	81	AGE81	11019	11019_EllenBurstyn_81_f
75	EllenBurstyn	41	AGE41	10996	10996_EllenBurstyn_41_f
75	EllenBurstyn	39	AGE39	10995	10995_EllenBurstyn_39_f
75	EllenBurstyn	42	AGE42	10997	10997_EllenBurstyn_42_f
75	EllenBurstyn	49	AGE49	11001	11001_EllenBurstyn_49_f
75	EllenBurstyn	55	AGE55	11004	11004_EllenBurstyn_55_f
75	EllenBurstyn	53	AGE53	10999	10999_EllenBurstyn_53_f
75	EllenBurstyn	37	AGE37	10993	10993_EllenBurstyn_37_f
75	EllenBurstyn	82	AGE82	11020	11020_EllenBurstyn_82_f
75	EllenBurstyn	68	AGE68	11011	11011_EllenBurstyn_68_f
75	EllenBurstyn	66	AGE66	11010	11010_EllenBurstyn_66_f
75	EllenBurstyn	46	AGE46	11000	11000_EllenBurstyn_46_f
75	EllenBurstyn	70	AGE70	11014	11014_EllenBurstyn_70_f
75	EllenBurstyn	64	AGE64	11008	11008_EllenBurstyn_64_f
75	EllenBurstyn	76	AGE76	11017	11017_EllenBurstyn_76_f
75	EllenBurstyn	62	AGE62	11006	11006_EllenBurstyn_62_f
75	EllenBurstyn	68	AGE68	11012	11012_EllenBurstyn_68_f
76	HarveyKeitel	44	AGE44	4189	4189_HarveyKeitel_44_m
76	HarveyKeitel	57	AGE57	4197	4197_HarveyKeitel_57_m
76	HarveyKeitel	50	AGE50	4193	4193_HarveyKeitel_50_m
76	HarveyKeitel	39	AGE39	4186	4186_HarveyKeitel_39_m
76	HarveyKeitel	64	AGE64	4203	4203_HarveyKeitel_64_m
76	HarveyKeitel	43	AGE43	4188	4188_HarveyKeitel_43_m
76	HarveyKeitel	52	AGE52	4195	4195_HarveyKeitel_52_m
76	HarveyKeitel	31	AGE31	4182	4182_HarveyKeitel_31_m
76	HarveyKeitel	48	AGE48	4192	4192_HarveyKeitel_48_m
76	HarveyKeitel	51	AGE51	4194	4194_HarveyKeitel_51_m
76	HarveyKeitel	62	AGE62	4201	4201_HarveyKeitel_62_m
76	HarveyKeitel	67	AGE67	4207	4207_HarveyKeitel_67_m
76	HarveyKeitel	45	AGE45	4190	4190_HarveyKeitel_45_m
76	HarveyKeitel	73	AGE73	4211	4211_HarveyKeitel_73_m
76	HarveyKeitel	41	AGE41	4187	4187_HarveyKeitel_41_m
76	HarveyKeitel	36	AGE36	4183	4183_HarveyKeitel_36_m
76	HarveyKeitel	56	AGE56	4196	4196_HarveyKeitel_56_m
76	HarveyKeitel	61	AGE61	4200	4200_HarveyKeitel_61_m
76	HarveyKeitel	63	AGE63	4202	4202_HarveyKeitel_63_m
76	HarveyKeitel	65	AGE65	4205	4205_HarveyKeitel_65_m
76	HarveyKeitel	39	AGE39	4185	4185_HarveyKeitel_39_m
76	HarveyKeitel	37	AGE37	4184	4184_HarveyKeitel_37_m
76	HarveyKeitel	69	AGE69	4210	4210_HarveyKeitel_69_m
76	HarveyKeitel	68	AGE68	4208	4208_HarveyKeitel_68_m
76	HarveyKeitel	47	AGE47	4191	4191_HarveyKeitel_47_m
76	HarveyKeitel	68	AGE68	4209	4209_HarveyKeitel_68_m
76	HarveyKeitel	65	AGE65	4204	4204_HarveyKeitel_65_m
76	HarveyKeitel	28	AGE28	4180	4180_HarveyKeitel_28_m
76	HarveyKeitel	61	AGE61	4199	4199_HarveyKeitel_61_m
76	HarveyKeitel	58	AGE58	4198	4198_HarveyKeitel_58_m
76	HarveyKeitel	30	AGE30	4181	4181_HarveyKeitel_30_m
76	HarveyKeitel	66	AGE66	4206	4206_HarveyKeitel_66_m
77	RobertRyan	61	AGE61	7579	7579_RobertRyan_61_m
77	RobertRyan	35	AGE35	7563	7563_RobertRyan_35_m
77	RobertRyan	37	AGE37	7565	7565_RobertRyan_37_m
77	RobertRyan	39	AGE39	7567	7567_RobertRyan_39_m
77	RobertRyan	52	AGE52	7583	7583_RobertRyan_52_m
77	RobertRyan	32	AGE32	7561	7561_RobertRyan_32_m
77	RobertRyan	60	AGE60	7578	7578_RobertRyan_60_m
77	RobertRyan	38	AGE38	7566	7566_RobertRyan_38_m
77	RobertRyan	42	AGE42	7575	7575_RobertRyan_42_m
77	RobertRyan	51	AGE51	7576	7576_RobertRyan_51_m
77	RobertRyan	40	AGE40	7568	7568_RobertRyan_40_m
77	RobertRyan	44	AGE44	7570	7570_RobertRyan_44_m
77	RobertRyan	63	AGE63	7574	7574_RobertRyan_63_m
77	RobertRyan	62	AGE62	7580	7580_RobertRyan_62_m
77	RobertRyan	33	AGE33	7562	7562_RobertRyan_33_m
77	RobertRyan	43	AGE43	7569	7569_RobertRyan_43_m
77	RobertRyan	57	AGE57	7577	7577_RobertRyan_57_m
77	RobertRyan	36	AGE36	7564	7564_RobertRyan_36_m
77	RobertRyan	64	AGE64	7581	7581_RobertRyan_64_m
77	RobertRyan	53	AGE53	7572	7572_RobertRyan_53_m
77	RobertRyan	57	AGE57	7573	7573_RobertRyan_57_m
77	RobertRyan	41	AGE41	7582	7582_RobertRyan_41_m
77	RobertRyan	50	AGE50	7571	7571_RobertRyan_50_m
77	RobertRyan	54	AGE54	7584	7584_RobertRyan_54_m
78	JamesBest	55	AGE55	1958	1958_JamesBest_55_m
78	JamesBest	82	AGE82	1971	1971_JamesBest_82_m
78	JamesBest	80	AGE80	1969	1969_JamesBest_80_m
78	JamesBest	37	AGE37	1950	1950_JamesBest_37_m
78	JamesBest	86	AGE86	1974	1974_JamesBest_86_m
78	JamesBest	81	AGE81	1970	1970_JamesBest_81_m
78	JamesBest	34	AGE34	1947	1947_JamesBest_34_m
78	JamesBest	79	AGE79	1968	1968_JamesBest_79_m
78	JamesBest	52	AGE52	1956	1956_JamesBest_52_m
78	JamesBest	26	AGE26	1942	1942_JamesBest_26_m
78	JamesBest	29	AGE29	1943	1943_JamesBest_29_m
78	JamesBest	41	AGE41	1953	1953_JamesBest_41_m
78	JamesBest	68	AGE68	1962	1962_JamesBest_68_m
78	JamesBest	64	AGE64	1961	1961_JamesBest_64_m
78	JamesBest	87	AGE87	1975	1975_JamesBest_87_m
78	JamesBest	74	AGE74	1964	1964_JamesBest_74_m
78	JamesBest	60	AGE60	1960	1960_JamesBest_60_m
78	JamesBest	75	AGE75	1965	1965_JamesBest_75_m
78	JamesBest	39	AGE39	1952	1952_JamesBest_39_m
78	JamesBest	85	AGE85	1973	1973_JamesBest_85_m
78	JamesBest	71	AGE71	1963	1963_JamesBest_71_m
78	JamesBest	24	AGE24	1941	1941_JamesBest_24_m
78	JamesBest	33	AGE33	1946	1946_JamesBest_33_m
78	JamesBest	53	AGE53	1957	1957_JamesBest_53_m
78	JamesBest	44	AGE44	1954	1954_JamesBest_44_m
78	JamesBest	31	AGE31	1944	1944_JamesBest_31_m
78	JamesBest	32	AGE32	1945	1945_JamesBest_32_m
78	JamesBest	76	AGE76	1966	1966_JamesBest_76_m
78	JamesBest	38	AGE38	1951	1951_JamesBest_38_m
78	JamesBest	57	AGE57	1959	1959_JamesBest_57_m
78	JamesBest	78	AGE78	1967	1967_JamesBest_78_m
78	JamesBest	88	AGE88	1976	1976_JamesBest_88_m
78	JamesBest	36	AGE36	1949	1949_JamesBest_36_m
78	JamesBest	84	AGE84	1972	1972_JamesBest_84_m
78	JamesBest	35	AGE35	1948	1948_JamesBest_35_m
78	JamesBest	49	AGE49	1955	1955_JamesBest_49_m
79	JudyDavis	28	AGE28	9849	9849_JudyDavis_28_f
79	JudyDavis	52	AGE52	9837	9837_JudyDavis_52_f
79	JudyDavis	37	AGE37	9829	9829_JudyDavis_37_f
79	JudyDavis	24	AGE24	9823	9823_JudyDavis_24_f
79	JudyDavis	54	AGE54	9838	9838_JudyDavis_54_f
79	JudyDavis	42	AGE42	9832	9832_JudyDavis_42_f
79	JudyDavis	28	AGE28	9846	9846_JudyDavis_28_f
79	JudyDavis	46	AGE46	9834	9834_JudyDavis_46_f
79	JudyDavis	45	AGE45	9844	9844_JudyDavis_45_f
79	JudyDavis	32	AGE32	9826	9826_JudyDavis_32_f
79	JudyDavis	48	AGE48	9836	9836_JudyDavis_48_f
79	JudyDavis	33	AGE33	9843	9843_JudyDavis_33_f
79	JudyDavis	57	AGE57	9839	9839_JudyDavis_57_f
79	JudyDavis	55	AGE55	9841	9841_JudyDavis_55_f
79	JudyDavis	36	AGE36	9828	9828_JudyDavis_36_f
79	JudyDavis	40	AGE40	9848	9848_JudyDavis_40_f
79	JudyDavis	31	AGE31	9825	9825_JudyDavis_31_f
79	JudyDavis	27	AGE27	9824	9824_JudyDavis_27_f
79	JudyDavis	36	AGE36	9827	9827_JudyDavis_36_f
79	JudyDavis	47	AGE47	9835	9835_JudyDavis_47_f
79	JudyDavis	58	AGE58	9840	9840_JudyDavis_58_f
79	JudyDavis	38	AGE38	9845	9845_JudyDavis_38_f
79	JudyDavis	41	AGE41	9831	9831_JudyDavis_41_f
79	JudyDavis	43	AGE43	9833	9833_JudyDavis_43_f
79	JudyDavis	45	AGE45	9842	9842_JudyDavis_45_f
79	JudyDavis	39	AGE39	9830	9830_JudyDavis_39_f
79	JudyDavis	38	AGE38	9847	9847_JudyDavis_38_f
80	KathrynGrayson	46	AGE46	15684	15684_KathrynGrayson_46_f
80	KathrynGrayson	34	AGE34	15678	15678_KathrynGrayson_34_f
80	KathrynGrayson	52	AGE52	15687	15687_KathrynGrayson_52_f
80	KathrynGrayson	75	AGE75	15696	15696_KathrynGrayson_75_f
80	KathrynGrayson	69	AGE69	15693	15693_KathrynGrayson_69_f
80	KathrynGrayson	29	AGE29	15673	15673_KathrynGrayson_29_f
80	KathrynGrayson	73	AGE73	15695	15695_KathrynGrayson_73_f
80	KathrynGrayson	19	AGE19	15663	15663_KathrynGrayson_19_f
80	KathrynGrayson	20	AGE20	15664	15664_KathrynGrayson_20_f
80	KathrynGrayson	31	AGE31	15675	15675_KathrynGrayson_31_f
80	KathrynGrayson	43	AGE43	15682	15682_KathrynGrayson_43_f
80	KathrynGrayson	25	AGE25	15669	15669_KathrynGrayson_25_f
80	KathrynGrayson	40	AGE40	15681	15681_KathrynGrayson_40_f
80	KathrynGrayson	32	AGE32	15676	15676_KathrynGrayson_32_f
80	KathrynGrayson	24	AGE24	15668	15668_KathrynGrayson_24_f
80	KathrynGrayson	28	AGE28	15672	15672_KathrynGrayson_28_f
80	KathrynGrayson	70	AGE70	15694	15694_KathrynGrayson_70_f
80	KathrynGrayson	33	AGE33	15677	15677_KathrynGrayson_33_f
80	KathrynGrayson	47	AGE47	15685	15685_KathrynGrayson_47_f
80	KathrynGrayson	62	AGE62	15690	15690_KathrynGrayson_62_f
80	KathrynGrayson	80	AGE80	15697	15697_KathrynGrayson_80_f
80	KathrynGrayson	35	AGE35	15679	15679_KathrynGrayson_35_f
80	KathrynGrayson	68	AGE68	15692	15692_KathrynGrayson_68_f
80	KathrynGrayson	66	AGE66	15691	15691_KathrynGrayson_66_f
80	KathrynGrayson	38	AGE38	15680	15680_KathrynGrayson_38_f
80	KathrynGrayson	45	AGE45	15683	15683_KathrynGrayson_45_f
80	KathrynGrayson	22	AGE22	15666	15666_KathrynGrayson_22_f
80	KathrynGrayson	81	AGE81	15698	15698_KathrynGrayson_81_f
80	KathrynGrayson	27	AGE27	15671	15671_KathrynGrayson_27_f
80	KathrynGrayson	26	AGE26	15670	15670_KathrynGrayson_26_f
80	KathrynGrayson	51	AGE51	15686	15686_KathrynGrayson_51_f
80	KathrynGrayson	23	AGE23	15667	15667_KathrynGrayson_23_f
80	KathrynGrayson	82	AGE82	15699	15699_KathrynGrayson_82_f
80	KathrynGrayson	58	AGE58	15689	15689_KathrynGrayson_58_f
80	KathrynGrayson	30	AGE30	15674	15674_KathrynGrayson_30_f
80	KathrynGrayson	21	AGE21	15665	15665_KathrynGrayson_21_f
80	KathrynGrayson	53	AGE53	15688	15688_KathrynGrayson_53_f
81	EdwigeFenech	32	AGE32	15304	15304_EdwigeFenech_32_f
81	EdwigeFenech	42	AGE42	15313	15313_EdwigeFenech_42_f
81	EdwigeFenech	23	AGE23	15297	15297_EdwigeFenech_23_f
81	EdwigeFenech	54	AGE54	15321	15321_EdwigeFenech_54_f
81	EdwigeFenech	57	AGE57	15323	15323_EdwigeFenech_57_f
81	EdwigeFenech	28	AGE28	15300	15300_EdwigeFenech_28_f
81	EdwigeFenech	31	AGE31	15303	15303_EdwigeFenech_31_f
81	EdwigeFenech	59	AGE59	15325	15325_EdwigeFenech_59_f
81	EdwigeFenech	30	AGE30	15302	15302_EdwigeFenech_30_f
81	EdwigeFenech	61	AGE61	15327	15327_EdwigeFenech_61_f
81	EdwigeFenech	36	AGE36	15308	15308_EdwigeFenech_36_f
81	EdwigeFenech	64	AGE64	15331	15331_EdwigeFenech_64_f
81	EdwigeFenech	47	AGE47	15316	15316_EdwigeFenech_47_f
81	EdwigeFenech	49	AGE49	15318	15318_EdwigeFenech_49_f
81	EdwigeFenech	27	AGE27	15299	15299_EdwigeFenech_27_f
81	EdwigeFenech	61	AGE61	15328	15328_EdwigeFenech_61_f
81	EdwigeFenech	29	AGE29	15301	15301_EdwigeFenech_29_f
81	EdwigeFenech	60	AGE60	15326	15326_EdwigeFenech_60_f
81	EdwigeFenech	20	AGE20	15294	15294_EdwigeFenech_20_f
81	EdwigeFenech	63	AGE63	15330	15330_EdwigeFenech_63_f
81	EdwigeFenech	44	AGE44	15314	15314_EdwigeFenech_44_f
81	EdwigeFenech	58	AGE58	15324	15324_EdwigeFenech_58_f
81	EdwigeFenech	33	AGE33	15305	15305_EdwigeFenech_33_f
81	EdwigeFenech	21	AGE21	15295	15295_EdwigeFenech_21_f
81	EdwigeFenech	40	AGE40	15311	15311_EdwigeFenech_40_f
81	EdwigeFenech	35	AGE35	15307	15307_EdwigeFenech_35_f
81	EdwigeFenech	39	AGE39	15310	15310_EdwigeFenech_39_f
81	EdwigeFenech	38	AGE38	15309	15309_EdwigeFenech_38_f
81	EdwigeFenech	53	AGE53	15320	15320_EdwigeFenech_53_f
81	EdwigeFenech	48	AGE48	15317	15317_EdwigeFenech_48_f
81	EdwigeFenech	56	AGE56	15322	15322_EdwigeFenech_56_f
81	EdwigeFenech	34	AGE34	15306	15306_EdwigeFenech_34_f
81	EdwigeFenech	41	AGE41	15312	15312_EdwigeFenech_41_f
81	EdwigeFenech	22	AGE22	15296	15296_EdwigeFenech_22_f
81	EdwigeFenech	46	AGE46	15315	15315_EdwigeFenech_46_f
81	EdwigeFenech	51	AGE51	15319	15319_EdwigeFenech_51_f
81	EdwigeFenech	62	AGE62	15329	15329_EdwigeFenech_62_f
81	EdwigeFenech	25	AGE25	15298	15298_EdwigeFenech_25_f
82	MarcelloMastroianni	71	AGE71	9608	9608_MarcelloMastroianni_71_m
82	MarcelloMastroianni	63	AGE63	9601	9601_MarcelloMastroianni_63_m
82	MarcelloMastroianni	34	AGE34	9576	9576_MarcelloMastroianni_34_m
82	MarcelloMastroianni	38	AGE38	9579	9579_MarcelloMastroianni_38_m
82	MarcelloMastroianni	48	AGE48	9589	9589_MarcelloMastroianni_48_m
82	MarcelloMastroianni	16	AGE16	9565	9565_MarcelloMastroianni_16_m
82	MarcelloMastroianni	70	AGE70	9607	9607_MarcelloMastroianni_70_m
82	MarcelloMastroianni	52	AGE52	9592	9592_MarcelloMastroianni_52_m
82	MarcelloMastroianni	62	AGE62	9600	9600_MarcelloMastroianni_62_m
82	MarcelloMastroianni	35	AGE35	9577	9577_MarcelloMastroianni_35_m
82	MarcelloMastroianni	47	AGE47	9588	9588_MarcelloMastroianni_47_m
82	MarcelloMastroianni	61	AGE61	9599	9599_MarcelloMastroianni_61_m
82	MarcelloMastroianni	66	AGE66	9603	9603_MarcelloMastroianni_66_m
82	MarcelloMastroianni	46	AGE46	9586	9586_MarcelloMastroianni_46_m
82	MarcelloMastroianni	33	AGE33	9575	9575_MarcelloMastroianni_33_m
82	MarcelloMastroianni	68	AGE68	9605	9605_MarcelloMastroianni_68_m
82	MarcelloMastroianni	56	AGE56	9595	9595_MarcelloMastroianni_56_m
82	MarcelloMastroianni	49	AGE49	9590	9590_MarcelloMastroianni_49_m
82	MarcelloMastroianni	41	AGE41	9582	9582_MarcelloMastroianni_41_m
82	MarcelloMastroianni	46	AGE46	9587	9587_MarcelloMastroianni_46_m
82	MarcelloMastroianni	67	AGE67	9604	9604_MarcelloMastroianni_67_m
82	MarcelloMastroianni	18	AGE18	9566	9566_MarcelloMastroianni_18_m
82	MarcelloMastroianni	54	AGE54	9594	9594_MarcelloMastroianni_54_m
82	MarcelloMastroianni	42	AGE42	9583	9583_MarcelloMastroianni_42_m
82	MarcelloMastroianni	39	AGE39	9580	9580_MarcelloMastroianni_39_m
82	MarcelloMastroianni	50	AGE50	9591	9591_MarcelloMastroianni_50_m
82	MarcelloMastroianni	30	AGE30	9572	9572_MarcelloMastroianni_30_m
82	MarcelloMastroianni	44	AGE44	9585	9585_MarcelloMastroianni_44_m
82	MarcelloMastroianni	32	AGE32	9574	9574_MarcelloMastroianni_32_m
82	MarcelloMastroianni	65	AGE65	9602	9602_MarcelloMastroianni_65_m
82	MarcelloMastroianni	29	AGE29	9571	9571_MarcelloMastroianni_29_m
82	MarcelloMastroianni	31	AGE31	9573	9573_MarcelloMastroianni_31_m
82	MarcelloMastroianni	28	AGE28	9570	9570_MarcelloMastroianni_28_m
82	MarcelloMastroianni	40	AGE40	9581	9581_MarcelloMastroianni_40_m
82	MarcelloMastroianni	26	AGE26	9568	9568_MarcelloMastroianni_26_m
82	MarcelloMastroianni	59	AGE59	9598	9598_MarcelloMastroianni_59_m
82	MarcelloMastroianni	43	AGE43	9584	9584_MarcelloMastroianni_43_m
82	MarcelloMastroianni	69	AGE69	9606	9606_MarcelloMastroianni_69_m
82	MarcelloMastroianni	57	AGE57	9596	9596_MarcelloMastroianni_57_m
82	MarcelloMastroianni	72	AGE72	9609	9609_MarcelloMastroianni_72_m
82	MarcelloMastroianni	58	AGE58	9597	9597_MarcelloMastroianni_58_m
82	MarcelloMastroianni	27	AGE27	9569	9569_MarcelloMastroianni_27_m
82	MarcelloMastroianni	36	AGE36	9578	9578_MarcelloMastroianni_36_m
82	MarcelloMastroianni	24	AGE24	9567	9567_MarcelloMastroianni_24_m
82	MarcelloMastroianni	53	AGE53	9593	9593_MarcelloMastroianni_53_m
82	MarcelloMastroianni	72	AGE72	9610	9610_MarcelloMastroianni_72_m
83	AlPacino	62	AGE62	1622	1622_AlPacino_62_m
83	AlPacino	70	AGE70	1633	1633_AlPacino_70_m
83	AlPacino	50	AGE50	1632	1632_AlPacino_50_m
83	AlPacino	30	AGE30	1625	1625_AlPacino_30_m
83	AlPacino	48	AGE48	1626	1626_AlPacino_48_m
83	AlPacino	33	AGE33	1634	1634_AlPacino_33_m
83	AlPacino	45	AGE45	1620	1620_AlPacino_45_m
83	AlPacino	47	AGE47	1636	1636_AlPacino_47_m
83	AlPacino	50	AGE50	1628	1628_AlPacino_50_m
83	AlPacino	35	AGE35	1629	1629_AlPacino_35_m
83	AlPacino	70	AGE70	1640	1640_AlPacino_70_m
83	AlPacino	39	AGE39	1631	1631_AlPacino_39_m
83	AlPacino	58	AGE58	1621	1621_AlPacino_58_m
83	AlPacino	48	AGE48	1644	1644_AlPacino_48_m
83	AlPacino	25	AGE25	1635	1635_AlPacino_25_m
83	AlPacino	50	AGE50	1637	1637_AlPacino_50_m
83	AlPacino	65	AGE65	1624	1624_AlPacino_65_m
83	AlPacino	20	AGE20	1618	1618_AlPacino_20_m
83	AlPacino	22	AGE22	1619	1619_AlPacino_22_m
83	AlPacino	18	AGE18	1638	1638_AlPacino_18_m
83	AlPacino	63	AGE63	1639	1639_AlPacino_63_m
83	AlPacino	68	AGE68	1623	1623_AlPacino_68_m
83	AlPacino	45	AGE45	1627	1627_AlPacino_45_m
83	AlPacino	50	AGE50	1643	1643_AlPacino_50_m
83	AlPacino	68	AGE68	1641	1641_AlPacino_68_m
83	AlPacino	28	AGE28	1630	1630_AlPacino_28_m
83	AlPacino	65	AGE65	1642	1642_AlPacino_65_m
84	AngelaLansbury	53	AGE53	11967	11967_AngelaLansbury_53_f
84	AngelaLansbury	22	AGE22	11949	11949_AngelaLansbury_22_f
84	AngelaLansbury	28	AGE28	11954	11954_AngelaLansbury_28_f
84	AngelaLansbury	84	AGE84	11987	11987_AngelaLansbury_84_f
84	AngelaLansbury	29	AGE29	11955	11955_AngelaLansbury_29_f
84	AngelaLansbury	71	AGE71	11980	11980_AngelaLansbury_71_f
84	AngelaLansbury	67	AGE67	11977	11977_AngelaLansbury_67_f
84	AngelaLansbury	82	AGE82	11986	11986_AngelaLansbury_82_f
84	AngelaLansbury	40	AGE40	11961	11961_AngelaLansbury_40_f
84	AngelaLansbury	32	AGE32	11957	11957_AngelaLansbury_32_f
84	AngelaLansbury	80	AGE80	11984	11984_AngelaLansbury_80_f
84	AngelaLansbury	68	AGE68	11978	11978_AngelaLansbury_68_f
84	AngelaLansbury	20	AGE20	11948	11948_AngelaLansbury_20_f
84	AngelaLansbury	25	AGE25	11951	11951_AngelaLansbury_25_f
84	AngelaLansbury	85	AGE85	11988	11988_AngelaLansbury_85_f
84	AngelaLansbury	81	AGE81	11985	11985_AngelaLansbury_81_f
84	AngelaLansbury	50	AGE50	11965	11965_AngelaLansbury_50_f
84	AngelaLansbury	55	AGE55	11968	11968_AngelaLansbury_55_f
84	AngelaLansbury	61	AGE61	11972	11972_AngelaLansbury_61_f
84	AngelaLansbury	65	AGE65	11975	11975_AngelaLansbury_65_f
84	AngelaLansbury	66	AGE66	11976	11976_AngelaLansbury_66_f
84	AngelaLansbury	45	AGE45	11963	11963_AngelaLansbury_45_f
84	AngelaLansbury	63	AGE63	11973	11973_AngelaLansbury_63_f
84	AngelaLansbury	46	AGE46	11964	11964_AngelaLansbury_46_f
84	AngelaLansbury	60	AGE60	11971	11971_AngelaLansbury_60_f
84	AngelaLansbury	19	AGE19	11947	11947_AngelaLansbury_19_f
84	AngelaLansbury	41	AGE41	11962	11962_AngelaLansbury_41_f
84	AngelaLansbury	64	AGE64	11974	11974_AngelaLansbury_64_f
84	AngelaLansbury	51	AGE51	11966	11966_AngelaLansbury_51_f
84	AngelaLansbury	59	AGE59	11970	11970_AngelaLansbury_59_f
84	AngelaLansbury	87	AGE87	11989	11989_AngelaLansbury_87_f
84	AngelaLansbury	27	AGE27	11953	11953_AngelaLansbury_27_f
84	AngelaLansbury	26	AGE26	11952	11952_AngelaLansbury_26_f
84	AngelaLansbury	30	AGE30	11956	11956_AngelaLansbury_30_f
84	AngelaLansbury	23	AGE23	11950	11950_AngelaLansbury_23_f
84	AngelaLansbury	35	AGE35	11959	11959_AngelaLansbury_35_f
84	AngelaLansbury	70	AGE70	11979	11979_AngelaLansbury_70_f
84	AngelaLansbury	75	AGE75	11982	11982_AngelaLansbury_75_f
84	AngelaLansbury	58	AGE58	11969	11969_AngelaLansbury_58_f
84	AngelaLansbury	78	AGE78	11983	11983_AngelaLansbury_78_f
84	AngelaLansbury	37	AGE37	11960	11960_AngelaLansbury_37_f
84	AngelaLansbury	33	AGE33	11958	11958_AngelaLansbury_33_f
84	AngelaLansbury	74	AGE74	11981	11981_AngelaLansbury_74_f
85	JodieFoster	13	AGE13	11085	11085_JodieFoster_13_f
85	JodieFoster	31	AGE31	11098	11098_JodieFoster_31_f
85	JodieFoster	28	AGE28	11095	11095_JodieFoster_28_f
85	JodieFoster	35	AGE35	11102	11102_JodieFoster_35_f
85	JodieFoster	20	AGE20	11090	11090_JodieFoster_20_f
85	JodieFoster	17	AGE17	11088	11088_JodieFoster_17_f
85	JodieFoster	30	AGE30	11097	11097_JodieFoster_30_f
85	JodieFoster	29	AGE29	11096	11096_JodieFoster_29_f
85	JodieFoster	32	AGE32	11099	11099_JodieFoster_32_f
85	JodieFoster	48	AGE48	11111	11111_JodieFoster_48_f
85	JodieFoster	14	AGE14	11086	11086_JodieFoster_14_f
85	JodieFoster	34	AGE34	11101	11101_JodieFoster_34_f
85	JodieFoster	36	AGE36	11103	11103_JodieFoster_36_f
85	JodieFoster	12	AGE12	11084	11084_JodieFoster_12_f
85	JodieFoster	44	AGE44	11107	11107_JodieFoster_44_f
85	JodieFoster	18	AGE18	11089	11089_JodieFoster_18_f
85	JodieFoster	27	AGE27	11094	11094_JodieFoster_27_f
85	JodieFoster	24	AGE24	11092	11092_JodieFoster_24_f
85	JodieFoster	39	AGE39	11104	11104_JodieFoster_39_f
85	JodieFoster	46	AGE46	11109	11109_JodieFoster_46_f
85	JodieFoster	11	AGE11	11083	11083_JodieFoster_11_f
85	JodieFoster	47	AGE47	11110	11110_JodieFoster_47_f
85	JodieFoster	33	AGE33	11100	11100_JodieFoster_33_f
85	JodieFoster	15	AGE15	11087	11087_JodieFoster_15_f
85	JodieFoster	21	AGE21	11091	11091_JodieFoster_21_f
85	JodieFoster	45	AGE45	11108	11108_JodieFoster_45_f
85	JodieFoster	40	AGE40	11105	11105_JodieFoster_40_f
85	JodieFoster	43	AGE43	11106	11106_JodieFoster_43_f
85	JodieFoster	26	AGE26	11093	11093_JodieFoster_26_f
86	MarietteHartley	33	AGE33	10281	10281_MarietteHartley_33_f
86	MarietteHartley	39	AGE39	10286	10286_MarietteHartley_39_f
86	MarietteHartley	28	AGE28	10277	10277_MarietteHartley_28_f
86	MarietteHartley	37	AGE37	10284	10284_MarietteHartley_37_f
86	MarietteHartley	41	AGE41	10287	10287_MarietteHartley_41_f
86	MarietteHartley	31	AGE31	10279	10279_MarietteHartley_31_f
86	MarietteHartley	56	AGE56	10296	10296_MarietteHartley_56_f
86	MarietteHartley	45	AGE45	10291	10291_MarietteHartley_45_f
86	MarietteHartley	49	AGE49	10293	10293_MarietteHartley_49_f
86	MarietteHartley	43	AGE43	10289	10289_MarietteHartley_43_f
86	MarietteHartley	59	AGE59	10297	10297_MarietteHartley_59_f
86	MarietteHartley	62	AGE62	10300	10300_MarietteHartley_62_f
86	MarietteHartley	55	AGE55	10295	10295_MarietteHartley_55_f
86	MarietteHartley	44	AGE44	10290	10290_MarietteHartley_44_f
86	MarietteHartley	67	AGE67	10302	10302_MarietteHartley_67_f
86	MarietteHartley	38	AGE38	10285	10285_MarietteHartley_38_f
86	MarietteHartley	73	AGE73	10303	10303_MarietteHartley_73_f
86	MarietteHartley	53	AGE53	10294	10294_MarietteHartley_53_f
86	MarietteHartley	22	AGE22	10272	10272_MarietteHartley_22_f
86	MarietteHartley	25	AGE25	10276	10276_MarietteHartley_25_f
86	MarietteHartley	60	AGE60	10298	10298_MarietteHartley_60_f
86	MarietteHartley	29	AGE29	10278	10278_MarietteHartley_29_f
86	MarietteHartley	23	AGE23	10274	10274_MarietteHartley_23_f
86	MarietteHartley	42	AGE42	10288	10288_MarietteHartley_42_f
86	MarietteHartley	65	AGE65	10301	10301_MarietteHartley_65_f
86	MarietteHartley	22	AGE22	10273	10273_MarietteHartley_22_f
86	MarietteHartley	21	AGE21	10271	10271_MarietteHartley_21_f
86	MarietteHartley	24	AGE24	10275	10275_MarietteHartley_24_f
86	MarietteHartley	61	AGE61	10299	10299_MarietteHartley_61_f
86	MarietteHartley	47	AGE47	10292	10292_MarietteHartley_47_f
86	MarietteHartley	32	AGE32	10280	10280_MarietteHartley_32_f
86	MarietteHartley	35	AGE35	10283	10283_MarietteHartley_35_f
86	MarietteHartley	34	AGE34	10282	10282_MarietteHartley_34_f
87	JPaulGetty	82	AGE82	388	388_JPaulGetty_82_m
87	JPaulGetty	55	AGE55	392	392_JPaulGetty_55_m
87	JPaulGetty	74	AGE74	395	395_JPaulGetty_74_m
87	JPaulGetty	52	AGE52	390	390_JPaulGetty_52_m
87	JPaulGetty	78	AGE78	389	389_JPaulGetty_78_m
87	JPaulGetty	80	AGE80	394	394_JPaulGetty_80_m
87	JPaulGetty	53	AGE53	391	391_JPaulGetty_53_m
87	JPaulGetty	55	AGE55	393	393_JPaulGetty_55_m
88	StacyKeach	70	AGE70	3832	3832_StacyKeach_70_m
88	StacyKeach	29	AGE29	3799	3799_StacyKeach_29_m
88	StacyKeach	52	AGE52	3816	3816_StacyKeach_52_m
88	StacyKeach	31	AGE31	3801	3801_StacyKeach_31_m
88	StacyKeach	57	AGE57	3821	3821_StacyKeach_57_m
88	StacyKeach	69	AGE69	3831	3831_StacyKeach_69_m
88	StacyKeach	56	AGE56	3820	3820_StacyKeach_56_m
88	StacyKeach	49	AGE49	3815	3815_StacyKeach_49_m
88	StacyKeach	31	AGE31	3802	3802_StacyKeach_31_m
88	StacyKeach	41	AGE41	3809	3809_StacyKeach_41_m
88	StacyKeach	42	AGE42	3810	3810_StacyKeach_42_m
88	StacyKeach	35	AGE35	3805	3805_StacyKeach_35_m
88	StacyKeach	53	AGE53	3817	3817_StacyKeach_53_m
88	StacyKeach	55	AGE55	3819	3819_StacyKeach_55_m
88	StacyKeach	43	AGE43	3811	3811_StacyKeach_43_m
88	StacyKeach	33	AGE33	3804	3804_StacyKeach_33_m
88	StacyKeach	62	AGE62	3825	3825_StacyKeach_62_m
88	StacyKeach	72	AGE72	3834	3834_StacyKeach_72_m
88	StacyKeach	54	AGE54	3818	3818_StacyKeach_54_m
88	StacyKeach	30	AGE30	3800	3800_StacyKeach_30_m
88	StacyKeach	46	AGE46	3813	3813_StacyKeach_46_m
88	StacyKeach	71	AGE71	3833	3833_StacyKeach_71_m
88	StacyKeach	17	AGE17	3797	3797_StacyKeach_17_m
88	StacyKeach	36	AGE36	3806	3806_StacyKeach_36_m
88	StacyKeach	39	AGE39	3808	3808_StacyKeach_39_m
88	StacyKeach	65	AGE65	3827	3827_StacyKeach_65_m
88	StacyKeach	59	AGE59	3822	3822_StacyKeach_59_m
88	StacyKeach	32	AGE32	3803	3803_StacyKeach_32_m
88	StacyKeach	27	AGE27	3798	3798_StacyKeach_27_m
88	StacyKeach	66	AGE66	3828	3828_StacyKeach_66_m
88	StacyKeach	67	AGE67	3829	3829_StacyKeach_67_m
88	StacyKeach	37	AGE37	3807	3807_StacyKeach_37_m
88	StacyKeach	73	AGE73	3835	3835_StacyKeach_73_m
88	StacyKeach	47	AGE47	3814	3814_StacyKeach_47_m
88	StacyKeach	61	AGE61	3824	3824_StacyKeach_61_m
88	StacyKeach	60	AGE60	3823	3823_StacyKeach_60_m
88	StacyKeach	44	AGE44	3812	3812_StacyKeach_44_m
88	StacyKeach	68	AGE68	3830	3830_StacyKeach_68_m
88	StacyKeach	64	AGE64	3826	3826_StacyKeach_64_m
89	PatriciaNeal	59	AGE59	13739	13739_PatriciaNeal_59_f
89	PatriciaNeal	31	AGE31	13722	13722_PatriciaNeal_31_f
89	PatriciaNeal	73	AGE73	13742	13742_PatriciaNeal_73_f
89	PatriciaNeal	75	AGE75	13746	13746_PatriciaNeal_75_f
89	PatriciaNeal	18	AGE18	13717	13717_PatriciaNeal_18_f
89	PatriciaNeal	42	AGE42	13730	13730_PatriciaNeal_42_f
89	PatriciaNeal	25	AGE25	13726	13726_PatriciaNeal_25_f
89	PatriciaNeal	42	AGE42	13732	13732_PatriciaNeal_42_f
89	PatriciaNeal	46	AGE46	13735	13735_PatriciaNeal_46_f
89	PatriciaNeal	63	AGE63	13741	13741_PatriciaNeal_63_f
89	PatriciaNeal	60	AGE60	13753	13753_PatriciaNeal_60_f
89	PatriciaNeal	23	AGE23	13718	13718_PatriciaNeal_23_f
89	PatriciaNeal	52	AGE52	13750	13750_PatriciaNeal_52_f
89	PatriciaNeal	27	AGE27	13723	13723_PatriciaNeal_27_f
89	PatriciaNeal	76	AGE76	13748	13748_PatriciaNeal_76_f
89	PatriciaNeal	28	AGE28	13721	13721_PatriciaNeal_28_f
89	PatriciaNeal	84	AGE84	13744	13744_PatriciaNeal_84_f
89	PatriciaNeal	49	AGE49	13751	13751_PatriciaNeal_49_f
89	PatriciaNeal	34	AGE34	13724	13724_PatriciaNeal_34_f
89	PatriciaNeal	47	AGE47	13736	13736_PatriciaNeal_47_f
89	PatriciaNeal	44	AGE44	13733	13733_PatriciaNeal_44_f
89	PatriciaNeal	26	AGE26	13720	13720_PatriciaNeal_26_f
89	PatriciaNeal	24	AGE24	13747	13747_PatriciaNeal_24_f
89	PatriciaNeal	45	AGE45	13734	13734_PatriciaNeal_45_f
89	PatriciaNeal	24	AGE24	13749	13749_PatriciaNeal_24_f
89	PatriciaNeal	35	AGE35	13727	13727_PatriciaNeal_35_f
89	PatriciaNeal	39	AGE39	13729	13729_PatriciaNeal_39_f
89	PatriciaNeal	24	AGE24	13719	13719_PatriciaNeal_24_f
89	PatriciaNeal	68	AGE68	13745	13745_PatriciaNeal_68_f
89	PatriciaNeal	35	AGE35	13725	13725_PatriciaNeal_35_f
89	PatriciaNeal	37	AGE37	13728	13728_PatriciaNeal_37_f
89	PatriciaNeal	45	AGE45	13752	13752_PatriciaNeal_45_f
89	PatriciaNeal	48	AGE48	13738	13738_PatriciaNeal_48_f
89	PatriciaNeal	23	AGE23	13731	13731_PatriciaNeal_23_f
89	PatriciaNeal	80	AGE80	13743	13743_PatriciaNeal_80_f
89	PatriciaNeal	20	AGE20	13716	13716_PatriciaNeal_20_f
89	PatriciaNeal	62	AGE62	13740	13740_PatriciaNeal_62_f
89	PatriciaNeal	47	AGE47	13737	13737_PatriciaNeal_47_f
90	MichelPiccoli	59	AGE59	4766	4766_MichelPiccoli_59_m
90	MichelPiccoli	41	AGE41	4746	4746_MichelPiccoli_41_m
90	MichelPiccoli	72	AGE72	4776	4776_MichelPiccoli_72_m
90	MichelPiccoli	57	AGE57	4764	4764_MichelPiccoli_57_m
90	MichelPiccoli	70	AGE70	4775	4775_MichelPiccoli_70_m
90	MichelPiccoli	31	AGE31	4733	4733_MichelPiccoli_31_m
90	MichelPiccoli	39	AGE39	4743	4743_MichelPiccoli_39_m
90	MichelPiccoli	81	AGE81	4777	4777_MichelPiccoli_81_m
90	MichelPiccoli	51	AGE51	4757	4757_MichelPiccoli_51_m
90	MichelPiccoli	54	AGE54	4760	4760_MichelPiccoli_54_m
90	MichelPiccoli	60	AGE60	4767	4767_MichelPiccoli_60_m
90	MichelPiccoli	66	AGE66	4773	4773_MichelPiccoli_66_m
90	MichelPiccoli	33	AGE33	4735	4735_MichelPiccoli_33_m
90	MichelPiccoli	44	AGE44	4749	4749_MichelPiccoli_44_m
90	MichelPiccoli	36	AGE36	4738	4738_MichelPiccoli_36_m
90	MichelPiccoli	47	AGE47	4752	4752_MichelPiccoli_47_m
90	MichelPiccoli	42	AGE42	4747	4747_MichelPiccoli_42_m
90	MichelPiccoli	43	AGE43	4748	4748_MichelPiccoli_43_m
90	MichelPiccoli	58	AGE58	4765	4765_MichelPiccoli_58_m
90	MichelPiccoli	55	AGE55	4761	4761_MichelPiccoli_55_m
90	MichelPiccoli	50	AGE50	4756	4756_MichelPiccoli_50_m
90	MichelPiccoli	57	AGE57	4763	4763_MichelPiccoli_57_m
90	MichelPiccoli	38	AGE38	4741	4741_MichelPiccoli_38_m
90	MichelPiccoli	38	AGE38	4740	4740_MichelPiccoli_38_m
90	MichelPiccoli	49	AGE49	4754	4754_MichelPiccoli_49_m
90	MichelPiccoli	41	AGE41	4745	4745_MichelPiccoli_41_m
90	MichelPiccoli	52	AGE52	4758	4758_MichelPiccoli_52_m
90	MichelPiccoli	65	AGE65	4772	4772_MichelPiccoli_65_m
90	MichelPiccoli	83	AGE83	4779	4779_MichelPiccoli_83_m
90	MichelPiccoli	37	AGE37	4739	4739_MichelPiccoli_37_m
90	MichelPiccoli	46	AGE46	4751	4751_MichelPiccoli_46_m
90	MichelPiccoli	40	AGE40	4744	4744_MichelPiccoli_40_m
90	MichelPiccoli	53	AGE53	4759	4759_MichelPiccoli_53_m
90	MichelPiccoli	82	AGE82	4778	4778_MichelPiccoli_82_m
90	MichelPiccoli	62	AGE62	4769	4769_MichelPiccoli_62_m
90	MichelPiccoli	50	AGE50	4755	4755_MichelPiccoli_50_m
90	MichelPiccoli	63	AGE63	4770	4770_MichelPiccoli_63_m
90	MichelPiccoli	35	AGE35	4737	4737_MichelPiccoli_35_m
90	MichelPiccoli	56	AGE56	4762	4762_MichelPiccoli_56_m
90	MichelPiccoli	32	AGE32	4734	4734_MichelPiccoli_32_m
90	MichelPiccoli	30	AGE30	4732	4732_MichelPiccoli_30_m
90	MichelPiccoli	45	AGE45	4750	4750_MichelPiccoli_45_m
90	MichelPiccoli	34	AGE34	4736	4736_MichelPiccoli_34_m
90	MichelPiccoli	86	AGE86	4780	4780_MichelPiccoli_86_m
90	MichelPiccoli	66	AGE66	4774	4774_MichelPiccoli_66_m
90	MichelPiccoli	61	AGE61	4768	4768_MichelPiccoli_61_m
90	MichelPiccoli	48	AGE48	4753	4753_MichelPiccoli_48_m
90	MichelPiccoli	87	AGE87	4782	4782_MichelPiccoli_87_m
90	MichelPiccoli	38	AGE38	4742	4742_MichelPiccoli_38_m
90	MichelPiccoli	64	AGE64	4771	4771_MichelPiccoli_64_m
90	MichelPiccoli	86	AGE86	4781	4781_MichelPiccoli_86_m
91	DickieMoore	81	AGE81	6220	6220_DickieMoore_81_m
91	DickieMoore	21	AGE21	6212	6212_DickieMoore_21_m
91	DickieMoore	78	AGE78	6219	6219_DickieMoore_78_m
91	DickieMoore	61	AGE61	6215	6215_DickieMoore_61_m
91	DickieMoore	80	AGE80	6207	6207_DickieMoore_80_m
91	DickieMoore	15	AGE15	6193	6193_DickieMoore_15_m
91	DickieMoore	66	AGE66	6204	6204_DickieMoore_66_m
91	DickieMoore	57	AGE57	6201	6201_DickieMoore_57_m
91	DickieMoore	75	AGE75	6217	6217_DickieMoore_75_m
91	DickieMoore	22	AGE22	6213	6213_DickieMoore_22_m
91	DickieMoore	62	AGE62	6202	6202_DickieMoore_62_m
91	DickieMoore	73	AGE73	6205	6205_DickieMoore_73_m
91	DickieMoore	77	AGE77	6218	6218_DickieMoore_77_m
91	DickieMoore	79	AGE79	6206	6206_DickieMoore_79_m
91	DickieMoore	24	AGE24	6199	6199_DickieMoore_24_m
91	DickieMoore	9	AGE9	6190	6190_DickieMoore_9_m
91	DickieMoore	85	AGE85	6221	6221_DickieMoore_85_m
91	DickieMoore	19	AGE19	6211	6211_DickieMoore_19_m
91	DickieMoore	23	AGE23	6198	6198_DickieMoore_23_m
91	DickieMoore	11	AGE11	6192	6192_DickieMoore_11_m
91	DickieMoore	84	AGE84	6208	6208_DickieMoore_84_m
91	DickieMoore	27	AGE27	6200	6200_DickieMoore_27_m
91	DickieMoore	87	AGE87	6222	6222_DickieMoore_87_m
91	DickieMoore	88	AGE88	6210	6210_DickieMoore_88_m
91	DickieMoore	16	AGE16	6194	6194_DickieMoore_16_m
91	DickieMoore	64	AGE64	6216	6216_DickieMoore_64_m
91	DickieMoore	7	AGE7	6188	6188_DickieMoore_7_m
91	DickieMoore	63	AGE63	6203	6203_DickieMoore_63_m
91	DickieMoore	20	AGE20	6197	6197_DickieMoore_20_m
91	DickieMoore	17	AGE17	6195	6195_DickieMoore_17_m
91	DickieMoore	59	AGE59	6214	6214_DickieMoore_59_m
91	DickieMoore	86	AGE86	6209	6209_DickieMoore_86_m
91	DickieMoore	10	AGE10	6191	6191_DickieMoore_10_m
91	DickieMoore	18	AGE18	6196	6196_DickieMoore_18_m
91	DickieMoore	8	AGE8	6189	6189_DickieMoore_8_m
92	RogerMoore	51	AGE51	4861	4861_RogerMoore_51_m
92	RogerMoore	46	AGE46	4869	4869_RogerMoore_46_m
92	RogerMoore	40	AGE40	4872	4872_RogerMoore_40_m
92	RogerMoore	28	AGE28	4856	4856_RogerMoore_28_m
92	RogerMoore	51	AGE51	4866	4866_RogerMoore_51_m
92	RogerMoore	32	AGE32	4871	4871_RogerMoore_32_m
92	RogerMoore	67	AGE67	4870	4870_RogerMoore_67_m
92	RogerMoore	51	AGE51	4868	4868_RogerMoore_51_m
92	RogerMoore	85	AGE85	4853	4853_RogerMoore_85_m
92	RogerMoore	42	AGE42	4857	4857_RogerMoore_42_m
92	RogerMoore	70	AGE70	4854	4854_RogerMoore_70_m
92	RogerMoore	81	AGE81	4874	4874_RogerMoore_81_m
92	RogerMoore	46	AGE46	4852	4852_RogerMoore_46_m
92	RogerMoore	39	AGE39	4863	4863_RogerMoore_39_m
92	RogerMoore	47	AGE47	4873	4873_RogerMoore_47_m
92	RogerMoore	46	AGE46	4865	4865_RogerMoore_46_m
92	RogerMoore	33	AGE33	4851	4851_RogerMoore_33_m
92	RogerMoore	35	AGE35	4862	4862_RogerMoore_35_m
92	RogerMoore	50	AGE50	4860	4860_RogerMoore_50_m
92	RogerMoore	40	AGE40	4855	4855_RogerMoore_40_m
92	RogerMoore	75	AGE75	4858	4858_RogerMoore_75_m
92	RogerMoore	43	AGE43	4859	4859_RogerMoore_43_m
92	RogerMoore	42	AGE42	4864	4864_RogerMoore_42_m
92	RogerMoore	84	AGE84	4850	4850_RogerMoore_84_m
92	RogerMoore	52	AGE52	4867	4867_RogerMoore_52_m
93	JonFinch	30	AGE30	5400	5400_JonFinch_30_m
93	JonFinch	61	AGE61	5418	5418_JonFinch_61_m
93	JonFinch	40	AGE40	5410	5410_JonFinch_40_m
93	JonFinch	39	AGE39	5409	5409_JonFinch_39_m
93	JonFinch	36	AGE36	5406	5406_JonFinch_36_m
93	JonFinch	44	AGE44	5412	5412_JonFinch_44_m
93	JonFinch	29	AGE29	5398	5398_JonFinch_29_m
93	JonFinch	34	AGE34	5404	5404_JonFinch_34_m
93	JonFinch	41	AGE41	5411	5411_JonFinch_41_m
93	JonFinch	35	AGE35	5405	5405_JonFinch_35_m
93	JonFinch	52	AGE52	5415	5415_JonFinch_52_m
93	JonFinch	37	AGE37	5407	5407_JonFinch_37_m
93	JonFinch	50	AGE50	5414	5414_JonFinch_50_m
93	JonFinch	47	AGE47	5413	5413_JonFinch_47_m
93	JonFinch	29	AGE29	5399	5399_JonFinch_29_m
93	JonFinch	63	AGE63	5419	5419_JonFinch_63_m
93	JonFinch	54	AGE54	5416	5416_JonFinch_54_m
93	JonFinch	58	AGE58	5417	5417_JonFinch_58_m
93	JonFinch	28	AGE28	5397	5397_JonFinch_28_m
93	JonFinch	33	AGE33	5402	5402_JonFinch_33_m
93	JonFinch	38	AGE38	5408	5408_JonFinch_38_m
93	JonFinch	31	AGE31	5401	5401_JonFinch_31_m
93	JonFinch	34	AGE34	5403	5403_JonFinch_34_m
94	GabrielGarciaMarquez	68	AGE68	1495	1495_GabrielGarciaMarquez_68_m
94	GabrielGarciaMarquez	24	AGE24	1492	1492_GabrielGarciaMarquez_24_m
94	GabrielGarciaMarquez	40	AGE40	1504	1504_GabrielGarciaMarquez_40_m
94	GabrielGarciaMarquez	65	AGE65	1496	1496_GabrielGarciaMarquez_65_m
94	GabrielGarciaMarquez	82	AGE82	1508	1508_GabrielGarciaMarquez_82_m
94	GabrielGarciaMarquez	28	AGE28	1490	1490_GabrielGarciaMarquez_28_m
94	GabrielGarciaMarquez	52	AGE52	1488	1488_GabrielGarciaMarquez_52_m
94	GabrielGarciaMarquez	52	AGE52	1509	1509_GabrielGarciaMarquez_52_m
94	GabrielGarciaMarquez	78	AGE78	1506	1506_GabrielGarciaMarquez_78_m
94	GabrielGarciaMarquez	57	AGE57	1507	1507_GabrielGarciaMarquez_57_m
94	GabrielGarciaMarquez	64	AGE64	1493	1493_GabrielGarciaMarquez_64_m
94	GabrielGarciaMarquez	67	AGE67	1489	1489_GabrielGarciaMarquez_67_m
94	GabrielGarciaMarquez	18	AGE18	1500	1500_GabrielGarciaMarquez_18_m
94	GabrielGarciaMarquez	22	AGE22	1501	1501_GabrielGarciaMarquez_22_m
94	GabrielGarciaMarquez	67	AGE67	1505	1505_GabrielGarciaMarquez_67_m
94	GabrielGarciaMarquez	70	AGE70	1497	1497_GabrielGarciaMarquez_70_m
94	GabrielGarciaMarquez	85	AGE85	1498	1498_GabrielGarciaMarquez_85_m
94	GabrielGarciaMarquez	55	AGE55	1502	1502_GabrielGarciaMarquez_55_m
94	GabrielGarciaMarquez	80	AGE80	1499	1499_GabrielGarciaMarquez_80_m
94	GabrielGarciaMarquez	74	AGE74	1494	1494_GabrielGarciaMarquez_74_m
94	GabrielGarciaMarquez	74	AGE74	1503	1503_GabrielGarciaMarquez_74_m
94	GabrielGarciaMarquez	37	AGE37	1491	1491_GabrielGarciaMarquez_37_m
95	DavidSarnoff	41	AGE41	364	364_DavidSarnoff_41_m
95	DavidSarnoff	38	AGE38	374	374_DavidSarnoff_38_m
95	DavidSarnoff	70	AGE70	387	387_DavidSarnoff_70_m
95	DavidSarnoff	38	AGE38	383	383_DavidSarnoff_38_m
95	DavidSarnoff	34	AGE34	382	382_DavidSarnoff_34_m
95	DavidSarnoff	73	AGE73	368	368_DavidSarnoff_73_m
95	DavidSarnoff	16	AGE16	385	385_DavidSarnoff_16_m
95	DavidSarnoff	53	AGE53	370	370_DavidSarnoff_53_m
95	DavidSarnoff	78	AGE78	384	384_DavidSarnoff_78_m
95	DavidSarnoff	45	AGE45	373	373_DavidSarnoff_45_m
95	DavidSarnoff	76	AGE76	386	386_DavidSarnoff_76_m
95	DavidSarnoff	39	AGE39	372	372_DavidSarnoff_39_m
95	DavidSarnoff	45	AGE45	379	379_DavidSarnoff_45_m
95	DavidSarnoff	75	AGE75	371	371_DavidSarnoff_75_m
95	DavidSarnoff	40	AGE40	375	375_DavidSarnoff_40_m
95	DavidSarnoff	48	AGE48	378	378_DavidSarnoff_48_m
95	DavidSarnoff	43	AGE43	377	377_DavidSarnoff_43_m
95	DavidSarnoff	46	AGE46	376	376_DavidSarnoff_46_m
95	DavidSarnoff	28	AGE28	365	365_DavidSarnoff_28_m
95	DavidSarnoff	33	AGE33	380	380_DavidSarnoff_33_m
95	DavidSarnoff	31	AGE31	381	381_DavidSarnoff_31_m
95	DavidSarnoff	25	AGE25	367	367_DavidSarnoff_25_m
95	DavidSarnoff	57	AGE57	366	366_DavidSarnoff_57_m
95	DavidSarnoff	42	AGE42	369	369_DavidSarnoff_42_m
96	JackColeman	25	AGE25	3293	3293_JackColeman_25_m
96	JackColeman	32	AGE32	3300	3300_JackColeman_32_m
96	JackColeman	55	AGE55	3315	3315_JackColeman_55_m
96	JackColeman	24	AGE24	3292	3292_JackColeman_24_m
96	JackColeman	28	AGE28	3296	3296_JackColeman_28_m
96	JackColeman	38	AGE38	3302	3302_JackColeman_38_m
96	JackColeman	47	AGE47	3307	3307_JackColeman_47_m
96	JackColeman	48	AGE48	3308	3308_JackColeman_48_m
96	JackColeman	54	AGE54	3314	3314_JackColeman_54_m
96	JackColeman	26	AGE26	3294	3294_JackColeman_26_m
96	JackColeman	44	AGE44	3305	3305_JackColeman_44_m
96	JackColeman	35	AGE35	3301	3301_JackColeman_35_m
96	JackColeman	57	AGE57	3317	3317_JackColeman_57_m
96	JackColeman	51	AGE51	3312	3312_JackColeman_51_m
96	JackColeman	49	AGE49	3310	3310_JackColeman_49_m
96	JackColeman	27	AGE27	3295	3295_JackColeman_27_m
96	JackColeman	56	AGE56	3316	3316_JackColeman_56_m
96	JackColeman	42	AGE42	3304	3304_JackColeman_42_m
96	JackColeman	40	AGE40	3303	3303_JackColeman_40_m
96	JackColeman	46	AGE46	3306	3306_JackColeman_46_m
96	JackColeman	23	AGE23	3291	3291_JackColeman_23_m
96	JackColeman	48	AGE48	3309	3309_JackColeman_48_m
96	JackColeman	30	AGE30	3298	3298_JackColeman_30_m
96	JackColeman	29	AGE29	3297	3297_JackColeman_29_m
96	JackColeman	31	AGE31	3299	3299_JackColeman_31_m
96	JackColeman	52	AGE52	3313	3313_JackColeman_52_m
96	JackColeman	50	AGE50	3311	3311_JackColeman_50_m
96	JackColeman	45	AGE45	3318	3318_JackColeman_45_m
97	SerenaWilliams	36	AGE36	16008	16008_SerenaWilliams_36_f
97	SerenaWilliams	24	AGE24	16473	16473_SerenaWilliams_24_f
97	SerenaWilliams	21	AGE21	16472	16472_SerenaWilliams_21_f
97	SerenaWilliams	20	AGE20	16476	16476_SerenaWilliams_20_f
97	SerenaWilliams	19	AGE19	16475	16475_SerenaWilliams_19_f
97	SerenaWilliams	36	AGE36	16007	16007_SerenaWilliams_36_f
97	SerenaWilliams	28	AGE28	16482	16482_SerenaWilliams_28_f
97	SerenaWilliams	29	AGE29	16471	16471_SerenaWilliams_29_f
97	SerenaWilliams	32	AGE32	16486	16486_SerenaWilliams_32_f
97	SerenaWilliams	32	AGE32	16468	16468_SerenaWilliams_32_f
97	SerenaWilliams	31	AGE31	16484	16484_SerenaWilliams_31_f
97	SerenaWilliams	23	AGE23	16477	16477_SerenaWilliams_23_f
97	SerenaWilliams	18	AGE18	16474	16474_SerenaWilliams_18_f
97	SerenaWilliams	35	AGE35	16470	16470_SerenaWilliams_35_f
97	SerenaWilliams	32	AGE32	16485	16485_SerenaWilliams_32_f
97	SerenaWilliams	24	AGE24	16478	16478_SerenaWilliams_24_f
97	SerenaWilliams	27	AGE27	16481	16481_SerenaWilliams_27_f
97	SerenaWilliams	26	AGE26	16480	16480_SerenaWilliams_26_f
97	SerenaWilliams	25	AGE25	16479	16479_SerenaWilliams_25_f
97	SerenaWilliams	30	AGE30	16483	16483_SerenaWilliams_30_f
97	SerenaWilliams	35	AGE35	16009	16009_SerenaWilliams_35_f
97	SerenaWilliams	33	AGE33	16487	16487_SerenaWilliams_33_f
97	SerenaWilliams	31	AGE31	16469	16469_SerenaWilliams_31_f
97	SerenaWilliams	34	AGE34	16010	16010_SerenaWilliams_34_f
98	RichardChamberlain	33	AGE33	8272	8272_RichardChamberlain_33_m
98	RichardChamberlain	66	AGE66	8296	8296_RichardChamberlain_66_m
98	RichardChamberlain	29	AGE29	8271	8271_RichardChamberlain_29_m
98	RichardChamberlain	31	AGE31	8275	8275_RichardChamberlain_31_m
98	RichardChamberlain	48	AGE48	8287	8287_RichardChamberlain_48_m
98	RichardChamberlain	41	AGE41	8281	8281_RichardChamberlain_41_m
98	RichardChamberlain	36	AGE36	8277	8277_RichardChamberlain_36_m
98	RichardChamberlain	73	AGE73	8300	8300_RichardChamberlain_73_m
98	RichardChamberlain	52	AGE52	8288	8288_RichardChamberlain_52_m
98	RichardChamberlain	47	AGE47	8286	8286_RichardChamberlain_47_m
98	RichardChamberlain	30	AGE30	8274	8274_RichardChamberlain_30_m
98	RichardChamberlain	61	AGE61	8293	8293_RichardChamberlain_61_m
98	RichardChamberlain	54	AGE54	8289	8289_RichardChamberlain_54_m
98	RichardChamberlain	27	AGE27	8269	8269_RichardChamberlain_27_m
98	RichardChamberlain	78	AGE78	8302	8302_RichardChamberlain_78_m
98	RichardChamberlain	34	AGE34	8276	8276_RichardChamberlain_34_m
98	RichardChamberlain	79	AGE79	8303	8303_RichardChamberlain_79_m
98	RichardChamberlain	56	AGE56	8291	8291_RichardChamberlain_56_m
98	RichardChamberlain	68	AGE68	8297	8297_RichardChamberlain_68_m
98	RichardChamberlain	28	AGE28	8270	8270_RichardChamberlain_28_m
98	RichardChamberlain	65	AGE65	8295	8295_RichardChamberlain_65_m
98	RichardChamberlain	39	AGE39	8279	8279_RichardChamberlain_39_m
98	RichardChamberlain	46	AGE46	8285	8285_RichardChamberlain_46_m
98	RichardChamberlain	80	AGE80	8304	8304_RichardChamberlain_80_m
98	RichardChamberlain	43	AGE43	8282	8282_RichardChamberlain_43_m
98	RichardChamberlain	26	AGE26	8268	8268_RichardChamberlain_26_m
98	RichardChamberlain	45	AGE45	8284	8284_RichardChamberlain_45_m
98	RichardChamberlain	76	AGE76	8301	8301_RichardChamberlain_76_m
98	RichardChamberlain	40	AGE40	8280	8280_RichardChamberlain_40_m
98	RichardChamberlain	71	AGE71	8298	8298_RichardChamberlain_71_m
98	RichardChamberlain	63	AGE63	8294	8294_RichardChamberlain_63_m
98	RichardChamberlain	57	AGE57	8292	8292_RichardChamberlain_57_m
98	RichardChamberlain	72	AGE72	8299	8299_RichardChamberlain_72_m
98	RichardChamberlain	44	AGE44	8283	8283_RichardChamberlain_44_m
98	RichardChamberlain	55	AGE55	8290	8290_RichardChamberlain_55_m
98	RichardChamberlain	35	AGE35	8273	8273_RichardChamberlain_35_m
98	RichardChamberlain	38	AGE38	8278	8278_RichardChamberlain_38_m
99	YvonneDeCarlo	26	AGE26	14604	14604_YvonneDeCarlo_26_f
99	YvonneDeCarlo	57	AGE57	14619	14619_YvonneDeCarlo_57_f
99	YvonneDeCarlo	47	AGE47	14613	14613_YvonneDeCarlo_47_f
99	YvonneDeCarlo	78	AGE78	14625	14625_YvonneDeCarlo_78_f
99	YvonneDeCarlo	60	AGE60	14620	14620_YvonneDeCarlo_60_f
99	YvonneDeCarlo	36	AGE36	14609	14609_YvonneDeCarlo_36_f
99	YvonneDeCarlo	52	AGE52	14616	14616_YvonneDeCarlo_52_f
99	YvonneDeCarlo	35	AGE35	14608	14608_YvonneDeCarlo_35_f
99	YvonneDeCarlo	54	AGE54	14617	14617_YvonneDeCarlo_54_f
99	YvonneDeCarlo	34	AGE34	14607	14607_YvonneDeCarlo_34_f
99	YvonneDeCarlo	56	AGE56	14618	14618_YvonneDeCarlo_56_f
99	YvonneDeCarlo	32	AGE32	14606	14606_YvonneDeCarlo_32_f
99	YvonneDeCarlo	19	AGE19	14602	14602_YvonneDeCarlo_19_f
99	YvonneDeCarlo	38	AGE38	14610	14610_YvonneDeCarlo_38_f
99	YvonneDeCarlo	68	AGE68	14623	14623_YvonneDeCarlo_68_f
99	YvonneDeCarlo	40	AGE40	14611	14611_YvonneDeCarlo_40_f
99	YvonneDeCarlo	46	AGE46	14612	14612_YvonneDeCarlo_46_f
99	YvonneDeCarlo	64	AGE64	14621	14621_YvonneDeCarlo_64_f
99	YvonneDeCarlo	48	AGE48	14614	14614_YvonneDeCarlo_48_f
99	YvonneDeCarlo	27	AGE27	14605	14605_YvonneDeCarlo_27_f
99	YvonneDeCarlo	50	AGE50	14615	14615_YvonneDeCarlo_50_f
99	YvonneDeCarlo	66	AGE66	14622	14622_YvonneDeCarlo_66_f
99	YvonneDeCarlo	72	AGE72	14624	14624_YvonneDeCarlo_72_f
99	YvonneDeCarlo	21	AGE21	14603	14603_YvonneDeCarlo_21_f
100	LyleTalbot	33	AGE33	7374	7374_LyleTalbot_33_m
100	LyleTalbot	60	AGE60	7391	7391_LyleTalbot_60_m
100	LyleTalbot	41	AGE41	7379	7379_LyleTalbot_41_m
100	LyleTalbot	34	AGE34	7375	7375_LyleTalbot_34_m
100	LyleTalbot	35	AGE35	7376	7376_LyleTalbot_35_m
100	LyleTalbot	28	AGE28	7369	7369_LyleTalbot_28_m
100	LyleTalbot	46	AGE46	7380	7380_LyleTalbot_46_m
100	LyleTalbot	36	AGE36	7377	7377_LyleTalbot_36_m
100	LyleTalbot	83	AGE83	7396	7396_LyleTalbot_83_m
100	LyleTalbot	29	AGE29	7370	7370_LyleTalbot_29_m
100	LyleTalbot	51	AGE51	7383	7383_LyleTalbot_51_m
100	LyleTalbot	55	AGE55	7386	7386_LyleTalbot_55_m
100	LyleTalbot	61	AGE61	7392	7392_LyleTalbot_61_m
100	LyleTalbot	47	AGE47	7381	7381_LyleTalbot_47_m
100	LyleTalbot	54	AGE54	7385	7385_LyleTalbot_54_m
100	LyleTalbot	81	AGE81	7399	7399_LyleTalbot_81_m
100	LyleTalbot	66	AGE66	7393	7393_LyleTalbot_66_m
100	LyleTalbot	57	AGE57	7388	7388_LyleTalbot_57_m
100	LyleTalbot	38	AGE38	7378	7378_LyleTalbot_38_m
100	LyleTalbot	30	AGE30	7371	7371_LyleTalbot_30_m
100	LyleTalbot	72	AGE72	7394	7394_LyleTalbot_72_m
100	LyleTalbot	88	AGE88	7397	7397_LyleTalbot_88_m
100	LyleTalbot	92	AGE92	7398	7398_LyleTalbot_92_m
100	LyleTalbot	31	AGE31	7372	7372_LyleTalbot_31_m
100	LyleTalbot	56	AGE56	7387	7387_LyleTalbot_56_m
100	LyleTalbot	77	AGE77	7395	7395_LyleTalbot_77_m
100	LyleTalbot	58	AGE58	7389	7389_LyleTalbot_58_m
100	LyleTalbot	53	AGE53	7384	7384_LyleTalbot_53_m
100	LyleTalbot	49	AGE49	7382	7382_LyleTalbot_49_m
100	LyleTalbot	26	AGE26	7367	7367_LyleTalbot_26_m
100	LyleTalbot	59	AGE59	7390	7390_LyleTalbot_59_m
100	LyleTalbot	32	AGE32	7373	7373_LyleTalbot_32_m
100	LyleTalbot	27	AGE27	7368	7368_LyleTalbot_27_m
101	EdwardTeller	68	AGE68	1035	1035_EdwardTeller_68_m
101	EdwardTeller	30	AGE30	1036	1036_EdwardTeller_30_m
101	EdwardTeller	91	AGE91	1039	1039_EdwardTeller_91_m
101	EdwardTeller	52	AGE52	1051	1051_EdwardTeller_52_m
101	EdwardTeller	17	AGE17	1041	1041_EdwardTeller_17_m
101	EdwardTeller	87	AGE87	1043	1043_EdwardTeller_87_m
101	EdwardTeller	50	AGE50	1038	1038_EdwardTeller_50_m
101	EdwardTeller	35	AGE35	1037	1037_EdwardTeller_35_m
101	EdwardTeller	27	AGE27	1047	1047_EdwardTeller_27_m
101	EdwardTeller	93	AGE93	1040	1040_EdwardTeller_93_m
101	EdwardTeller	81	AGE81	1044	1044_EdwardTeller_81_m
101	EdwardTeller	27	AGE27	1034	1034_EdwardTeller_27_m
101	EdwardTeller	48	AGE48	1046	1046_EdwardTeller_48_m
101	EdwardTeller	72	AGE72	1033	1033_EdwardTeller_72_m
101	EdwardTeller	28	AGE28	1048	1048_EdwardTeller_28_m
101	EdwardTeller	49	AGE49	1045	1045_EdwardTeller_49_m
101	EdwardTeller	43	AGE43	1049	1049_EdwardTeller_43_m
101	EdwardTeller	40	AGE40	1052	1052_EdwardTeller_40_m
101	EdwardTeller	53	AGE53	1050	1050_EdwardTeller_53_m
101	EdwardTeller	45	AGE45	1053	1053_EdwardTeller_45_m
101	EdwardTeller	54	AGE54	1042	1042_EdwardTeller_54_m
102	WalterPidgeon	38	AGE38	8432	8432_WalterPidgeon_38_m
102	WalterPidgeon	50	AGE50	8444	8444_WalterPidgeon_50_m
102	WalterPidgeon	58	AGE58	8451	8451_WalterPidgeon_58_m
102	WalterPidgeon	76	AGE76	8459	8459_WalterPidgeon_76_m
102	WalterPidgeon	51	AGE51	8445	8445_WalterPidgeon_51_m
102	WalterPidgeon	40	AGE40	8434	8434_WalterPidgeon_40_m
102	WalterPidgeon	48	AGE48	8442	8442_WalterPidgeon_48_m
102	WalterPidgeon	54	AGE54	8448	8448_WalterPidgeon_54_m
102	WalterPidgeon	56	AGE56	8449	8449_WalterPidgeon_56_m
102	WalterPidgeon	45	AGE45	8439	8439_WalterPidgeon_45_m
102	WalterPidgeon	44	AGE44	8438	8438_WalterPidgeon_44_m
102	WalterPidgeon	46	AGE46	8440	8440_WalterPidgeon_46_m
102	WalterPidgeon	53	AGE53	8447	8447_WalterPidgeon_53_m
102	WalterPidgeon	41	AGE41	8435	8435_WalterPidgeon_41_m
102	WalterPidgeon	43	AGE43	8437	8437_WalterPidgeon_43_m
102	WalterPidgeon	73	AGE73	8458	8458_WalterPidgeon_73_m
102	WalterPidgeon	66	AGE66	8455	8455_WalterPidgeon_66_m
102	WalterPidgeon	79	AGE79	8460	8460_WalterPidgeon_79_m
102	WalterPidgeon	49	AGE49	8443	8443_WalterPidgeon_49_m
102	WalterPidgeon	39	AGE39	8433	8433_WalterPidgeon_39_m
102	WalterPidgeon	62	AGE62	8453	8453_WalterPidgeon_62_m
102	WalterPidgeon	42	AGE42	8436	8436_WalterPidgeon_42_m
102	WalterPidgeon	64	AGE64	8454	8454_WalterPidgeon_64_m
102	WalterPidgeon	59	AGE59	8452	8452_WalterPidgeon_59_m
102	WalterPidgeon	71	AGE71	8457	8457_WalterPidgeon_71_m
102	WalterPidgeon	57	AGE57	8450	8450_WalterPidgeon_57_m
102	WalterPidgeon	52	AGE52	8446	8446_WalterPidgeon_52_m
102	WalterPidgeon	68	AGE68	8456	8456_WalterPidgeon_68_m
102	WalterPidgeon	47	AGE47	8441	8441_WalterPidgeon_47_m
103	Houston	23	AGE23	16385	16385_Houston_23_f
103	Houston	47	AGE47	16381	16381_Houston_47_f
103	Houston	23	AGE23	16384	16384_Houston_23_f
103	Houston	23	AGE23	16373	16373_Houston_23_f
103	Houston	35	AGE35	16393	16393_Houston_35_f
103	Houston	25	AGE25	16370	16370_Houston_25_f
103	Houston	19	AGE19	16382	16382_Houston_19_f
103	Houston	22	AGE22	16383	16383_Houston_22_f
103	Houston	31	AGE31	16391	16391_Houston_31_f
103	Houston	27	AGE27	16389	16389_Houston_27_f
103	Houston	47	AGE47	16379	16379_Houston_47_f
103	Houston	23	AGE23	16396	16396_Houston_23_f
103	Houston	25	AGE25	16388	16388_Houston_25_f
103	Houston	30	AGE30	16372	16372_Houston_30_f
103	Houston	37	AGE37	16394	16394_Houston_37_f
103	Houston	41	AGE41	16395	16395_Houston_41_f
103	Houston	28	AGE28	16390	16390_Houston_28_f
103	Houston	47	AGE47	16378	16378_Houston_47_f
103	Houston	47	AGE47	16374	16374_Houston_47_f
103	Houston	23	AGE23	16386	16386_Houston_23_f
103	Houston	46	AGE46	16376	16376_Houston_46_f
103	Houston	25	AGE25	16371	16371_Houston_25_f
103	Houston	46	AGE46	16375	16375_Houston_46_f
103	Houston	24	AGE24	16387	16387_Houston_24_f
103	Houston	25	AGE25	16377	16377_Houston_25_f
103	Houston	47	AGE47	16380	16380_Houston_47_f
103	Houston	32	AGE32	16392	16392_Houston_32_f
104	VanessaRedgrave	43	AGE43	13812	13812_VanessaRedgrave_43_f
104	VanessaRedgrave	74	AGE74	13838	13838_VanessaRedgrave_74_f
104	VanessaRedgrave	64	AGE64	13828	13828_VanessaRedgrave_64_f
104	VanessaRedgrave	66	AGE66	13830	13830_VanessaRedgrave_66_f
104	VanessaRedgrave	41	AGE41	13810	13810_VanessaRedgrave_41_f
104	VanessaRedgrave	54	AGE54	13819	13819_VanessaRedgrave_54_f
104	VanessaRedgrave	47	AGE47	13814	13814_VanessaRedgrave_47_f
104	VanessaRedgrave	47	AGE47	13813	13813_VanessaRedgrave_47_f
104	VanessaRedgrave	38	AGE38	13807	13807_VanessaRedgrave_38_f
104	VanessaRedgrave	77	AGE77	13841	13841_VanessaRedgrave_77_f
104	VanessaRedgrave	67	AGE67	13831	13831_VanessaRedgrave_67_f
104	VanessaRedgrave	59	AGE59	13822	13822_VanessaRedgrave_59_f
104	VanessaRedgrave	33	AGE33	13805	13805_VanessaRedgrave_33_f
104	VanessaRedgrave	76	AGE76	13840	13840_VanessaRedgrave_76_f
104	VanessaRedgrave	52	AGE52	13818	13818_VanessaRedgrave_52_f
104	VanessaRedgrave	39	AGE39	13808	13808_VanessaRedgrave_39_f
104	VanessaRedgrave	61	AGE61	13824	13824_VanessaRedgrave_61_f
104	VanessaRedgrave	30	AGE30	13804	13804_VanessaRedgrave_30_f
104	VanessaRedgrave	37	AGE37	13806	13806_VanessaRedgrave_37_f
104	VanessaRedgrave	68	AGE68	13832	13832_VanessaRedgrave_68_f
104	VanessaRedgrave	42	AGE42	13811	13811_VanessaRedgrave_42_f
104	VanessaRedgrave	21	AGE21	13802	13802_VanessaRedgrave_21_f
104	VanessaRedgrave	69	AGE69	13833	13833_VanessaRedgrave_69_f
104	VanessaRedgrave	61	AGE61	13825	13825_VanessaRedgrave_61_f
104	VanessaRedgrave	29	AGE29	13803	13803_VanessaRedgrave_29_f
104	VanessaRedgrave	60	AGE60	13823	13823_VanessaRedgrave_60_f
104	VanessaRedgrave	48	AGE48	13815	13815_VanessaRedgrave_48_f
104	VanessaRedgrave	40	AGE40	13809	13809_VanessaRedgrave_40_f
104	VanessaRedgrave	49	AGE49	13816	13816_VanessaRedgrave_49_f
104	VanessaRedgrave	58	AGE58	13821	13821_VanessaRedgrave_58_f
104	VanessaRedgrave	56	AGE56	13820	13820_VanessaRedgrave_56_f
104	VanessaRedgrave	72	AGE72	13836	13836_VanessaRedgrave_72_f
104	VanessaRedgrave	65	AGE65	13829	13829_VanessaRedgrave_65_f
104	VanessaRedgrave	63	AGE63	13827	13827_VanessaRedgrave_63_f
104	VanessaRedgrave	75	AGE75	13839	13839_VanessaRedgrave_75_f
104	VanessaRedgrave	62	AGE62	13826	13826_VanessaRedgrave_62_f
104	VanessaRedgrave	70	AGE70	13834	13834_VanessaRedgrave_70_f
104	VanessaRedgrave	51	AGE51	13817	13817_VanessaRedgrave_51_f
104	VanessaRedgrave	73	AGE73	13837	13837_VanessaRedgrave_73_f
104	VanessaRedgrave	71	AGE71	13835	13835_VanessaRedgrave_71_f
105	KatharineRoss	32	AGE32	15634	15634_KatharineRoss_32_f
105	KatharineRoss	67	AGE67	15657	15657_KatharineRoss_67_f
105	KatharineRoss	38	AGE38	15640	15640_KatharineRoss_38_f
105	KatharineRoss	61	AGE61	15653	15653_KatharineRoss_61_f
105	KatharineRoss	64	AGE64	15655	15655_KatharineRoss_64_f
105	KatharineRoss	47	AGE47	15647	15647_KatharineRoss_47_f
105	KatharineRoss	59	AGE59	15652	15652_KatharineRoss_59_f
105	KatharineRoss	48	AGE48	15648	15648_KatharineRoss_48_f
105	KatharineRoss	27	AGE27	15630	15630_KatharineRoss_27_f
105	KatharineRoss	41	AGE41	15643	15643_KatharineRoss_41_f
105	KatharineRoss	28	AGE28	15631	15631_KatharineRoss_28_f
105	KatharineRoss	73	AGE73	15662	15662_KatharineRoss_73_f
105	KatharineRoss	23	AGE23	15626	15626_KatharineRoss_23_f
105	KatharineRoss	70	AGE70	15659	15659_KatharineRoss_70_f
105	KatharineRoss	53	AGE53	15650	15650_KatharineRoss_53_f
105	KatharineRoss	26	AGE26	15629	15629_KatharineRoss_26_f
105	KatharineRoss	29	AGE29	15632	15632_KatharineRoss_29_f
105	KatharineRoss	36	AGE36	15638	15638_KatharineRoss_36_f
105	KatharineRoss	68	AGE68	15658	15658_KatharineRoss_68_f
105	KatharineRoss	37	AGE37	15639	15639_KatharineRoss_37_f
105	KatharineRoss	22	AGE22	15625	15625_KatharineRoss_22_f
105	KatharineRoss	42	AGE42	15644	15644_KatharineRoss_42_f
105	KatharineRoss	33	AGE33	15635	15635_KatharineRoss_33_f
105	KatharineRoss	72	AGE72	15661	15661_KatharineRoss_72_f
105	KatharineRoss	30	AGE30	15633	15633_KatharineRoss_30_f
105	KatharineRoss	24	AGE24	15627	15627_KatharineRoss_24_f
105	KatharineRoss	46	AGE46	15646	15646_KatharineRoss_46_f
105	KatharineRoss	40	AGE40	15642	15642_KatharineRoss_40_f
105	KatharineRoss	66	AGE66	15656	15656_KatharineRoss_66_f
105	KatharineRoss	55	AGE55	15651	15651_KatharineRoss_55_f
105	KatharineRoss	71	AGE71	15660	15660_KatharineRoss_71_f
105	KatharineRoss	44	AGE44	15645	15645_KatharineRoss_44_f
105	KatharineRoss	39	AGE39	15641	15641_KatharineRoss_39_f
105	KatharineRoss	62	AGE62	15654	15654_KatharineRoss_62_f
105	KatharineRoss	35	AGE35	15637	15637_KatharineRoss_35_f
105	KatharineRoss	25	AGE25	15628	15628_KatharineRoss_25_f
105	KatharineRoss	34	AGE34	15636	15636_KatharineRoss_34_f
105	KatharineRoss	51	AGE51	15649	15649_KatharineRoss_51_f
106	SteveMartin	65	AGE65	3880	3880_SteveMartin_65_m
106	SteveMartin	33	AGE33	3869	3869_SteveMartin_33_m
106	SteveMartin	35	AGE35	3865	3865_SteveMartin_35_m
106	SteveMartin	51	AGE51	3873	3873_SteveMartin_51_m
106	SteveMartin	30	AGE30	3866	3866_SteveMartin_30_m
106	SteveMartin	61	AGE61	3876	3876_SteveMartin_61_m
106	SteveMartin	67	AGE67	3882	3882_SteveMartin_67_m
106	SteveMartin	63	AGE63	3878	3878_SteveMartin_63_m
106	SteveMartin	53	AGE53	3884	3884_SteveMartin_53_m
106	SteveMartin	64	AGE64	3879	3879_SteveMartin_64_m
106	SteveMartin	40	AGE40	3870	3870_SteveMartin_40_m
106	SteveMartin	66	AGE66	3881	3881_SteveMartin_66_m
106	SteveMartin	57	AGE57	3874	3874_SteveMartin_57_m
106	SteveMartin	62	AGE62	3877	3877_SteveMartin_62_m
106	SteveMartin	38	AGE38	3872	3872_SteveMartin_38_m
106	SteveMartin	60	AGE60	3875	3875_SteveMartin_60_m
106	SteveMartin	45	AGE45	3871	3871_SteveMartin_45_m
106	SteveMartin	42	AGE42	3867	3867_SteveMartin_42_m
106	SteveMartin	43	AGE43	3868	3868_SteveMartin_43_m
106	SteveMartin	68	AGE68	3883	3883_SteveMartin_68_m
106	SteveMartin	18	AGE18	3864	3864_SteveMartin_18_m
107	DianneWiest	37	AGE37	10480	10480_DianneWiest_37_f
107	DianneWiest	61	AGE61	10497	10497_DianneWiest_61_f
107	DianneWiest	51	AGE51	10491	10491_DianneWiest_51_f
107	DianneWiest	42	AGE42	10484	10484_DianneWiest_42_f
107	DianneWiest	60	AGE60	10496	10496_DianneWiest_60_f
107	DianneWiest	45	AGE45	10487	10487_DianneWiest_45_f
107	DianneWiest	38	AGE38	10481	10481_DianneWiest_38_f
107	DianneWiest	55	AGE55	10494	10494_DianneWiest_55_f
107	DianneWiest	41	AGE41	10483	10483_DianneWiest_41_f
107	DianneWiest	66	AGE66	10501	10501_DianneWiest_66_f
107	DianneWiest	30	AGE30	10477	10477_DianneWiest_30_f
107	DianneWiest	53	AGE53	10493	10493_DianneWiest_53_f
107	DianneWiest	65	AGE65	10500	10500_DianneWiest_65_f
107	DianneWiest	62	AGE62	10498	10498_DianneWiest_62_f
107	DianneWiest	37	AGE37	10479	10479_DianneWiest_37_f
107	DianneWiest	49	AGE49	10489	10489_DianneWiest_49_f
107	DianneWiest	48	AGE48	10488	10488_DianneWiest_48_f
107	DianneWiest	33	AGE33	10478	10478_DianneWiest_33_f
107	DianneWiest	43	AGE43	10485	10485_DianneWiest_43_f
107	DianneWiest	44	AGE44	10486	10486_DianneWiest_44_f
107	DianneWiest	50	AGE50	10490	10490_DianneWiest_50_f
107	DianneWiest	39	AGE39	10482	10482_DianneWiest_39_f
107	DianneWiest	64	AGE64	10499	10499_DianneWiest_64_f
107	DianneWiest	52	AGE52	10492	10492_DianneWiest_52_f
107	DianneWiest	59	AGE59	10495	10495_DianneWiest_59_f
108	MelindaDillion	45	AGE45	12314	12314_MelindaDillion_45_f
108	MelindaDillion	40	AGE40	12309	12309_MelindaDillion_40_f
108	MelindaDillion	44	AGE44	12313	12313_MelindaDillion_44_f
108	MelindaDillion	73	AGE73	12328	12328_MelindaDillion_73_f
108	MelindaDillion	55	AGE55	12320	12320_MelindaDillion_55_f
108	MelindaDillion	63	AGE63	12323	12323_MelindaDillion_63_f
108	MelindaDillion	68	AGE68	12326	12326_MelindaDillion_68_f
108	MelindaDillion	64	AGE64	12324	12324_MelindaDillion_64_f
108	MelindaDillion	70	AGE70	12327	12327_MelindaDillion_70_f
108	MelindaDillion	48	AGE48	12317	12317_MelindaDillion_48_f
108	MelindaDillion	46	AGE46	12315	12315_MelindaDillion_46_f
108	MelindaDillion	38	AGE38	12307	12307_MelindaDillion_38_f
108	MelindaDillion	57	AGE57	12321	12321_MelindaDillion_57_f
108	MelindaDillion	50	AGE50	12318	12318_MelindaDillion_50_f
108	MelindaDillion	43	AGE43	12312	12312_MelindaDillion_43_f
108	MelindaDillion	30	AGE30	12304	12304_MelindaDillion_30_f
108	MelindaDillion	37	AGE37	12306	12306_MelindaDillion_37_f
108	MelindaDillion	29	AGE29	12303	12303_MelindaDillion_29_f
108	MelindaDillion	34	AGE34	12305	12305_MelindaDillion_34_f
108	MelindaDillion	47	AGE47	12316	12316_MelindaDillion_47_f
108	MelindaDillion	39	AGE39	12308	12308_MelindaDillion_39_f
108	MelindaDillion	66	AGE66	12325	12325_MelindaDillion_66_f
108	MelindaDillion	42	AGE42	12311	12311_MelindaDillion_42_f
108	MelindaDillion	41	AGE41	12310	12310_MelindaDillion_41_f
108	MelindaDillion	54	AGE54	12319	12319_MelindaDillion_54_f
108	MelindaDillion	59	AGE59	12322	12322_MelindaDillion_59_f
109	MariaCallas	30	AGE30	9	9_MariaCallas_30_f
109	MariaCallas	41	AGE41	7	7_MariaCallas_41_f
109	MariaCallas	33	AGE33	8	8_MariaCallas_33_f
109	MariaCallas	34	AGE34	16	16_MariaCallas_34_f
109	MariaCallas	42	AGE42	20	20_MariaCallas_42_f
109	MariaCallas	33	AGE33	2	2_MariaCallas_33_f
109	MariaCallas	53	AGE53	13	13_MariaCallas_53_f
109	MariaCallas	34	AGE34	5	5_MariaCallas_34_f
109	MariaCallas	31	AGE31	22	22_MariaCallas_31_f
109	MariaCallas	32	AGE32	14	14_MariaCallas_32_f
109	MariaCallas	35	AGE35	3	3_MariaCallas_35_f
109	MariaCallas	37	AGE37	12	12_MariaCallas_37_f
109	MariaCallas	26	AGE26	21	21_MariaCallas_26_f
109	MariaCallas	28	AGE28	10	10_MariaCallas_28_f
109	MariaCallas	33	AGE33	17	17_MariaCallas_33_f
109	MariaCallas	47	AGE47	18	18_MariaCallas_47_f
109	MariaCallas	40	AGE40	1	1_MariaCallas_40_f
109	MariaCallas	30	AGE30	19	19_MariaCallas_30_f
109	MariaCallas	39	AGE39	11	11_MariaCallas_39_f
109	MariaCallas	35	AGE35	0	0_MariaCallas_35_f
109	MariaCallas	41	AGE41	4	4_MariaCallas_41_f
109	MariaCallas	31	AGE31	6	6_MariaCallas_31_f
109	MariaCallas	41	AGE41	23	23_MariaCallas_41_f
109	MariaCallas	42	AGE42	15	15_MariaCallas_42_f
110	MargaretThatcher	34	AGE34	557	557_MargaretThatcher_34_f
110	MargaretThatcher	77	AGE77	571	571_MargaretThatcher_77_f
110	MargaretThatcher	24	AGE24	564	564_MargaretThatcher_24_f
110	MargaretThatcher	57	AGE57	560	560_MargaretThatcher_57_f
110	MargaretThatcher	48	AGE48	566	566_MargaretThatcher_48_f
110	MargaretThatcher	57	AGE57	576	576_MargaretThatcher_57_f
110	MargaretThatcher	75	AGE75	572	572_MargaretThatcher_75_f
110	MargaretThatcher	78	AGE78	569	569_MargaretThatcher_78_f
110	MargaretThatcher	26	AGE26	573	573_MargaretThatcher_26_f
110	MargaretThatcher	45	AGE45	559	559_MargaretThatcher_45_f
110	MargaretThatcher	87	AGE87	574	574_MargaretThatcher_87_f
110	MargaretThatcher	26	AGE26	558	558_MargaretThatcher_26_f
110	MargaretThatcher	43	AGE43	567	567_MargaretThatcher_43_f
110	MargaretThatcher	55	AGE55	568	568_MargaretThatcher_55_f
110	MargaretThatcher	82	AGE82	556	556_MargaretThatcher_82_f
110	MargaretThatcher	50	AGE50	562	562_MargaretThatcher_50_f
110	MargaretThatcher	49	AGE49	563	563_MargaretThatcher_49_f
110	MargaretThatcher	71	AGE71	561	561_MargaretThatcher_71_f
110	MargaretThatcher	60	AGE60	578	578_MargaretThatcher_60_f
110	MargaretThatcher	19	AGE19	575	575_MargaretThatcher_19_f
110	MargaretThatcher	83	AGE83	570	570_MargaretThatcher_83_f
110	MargaretThatcher	47	AGE47	565	565_MargaretThatcher_47_f
110	MargaretThatcher	59	AGE59	577	577_MargaretThatcher_59_f
111	WEBDuBois	16	AGE16	759	759_WEBDuBois_16_m
111	WEBDuBois	30	AGE30	758	758_WEBDuBois_30_m
111	WEBDuBois	60	AGE60	767	767_WEBDuBois_60_m
111	WEBDuBois	52	AGE52	763	763_WEBDuBois_52_m
111	WEBDuBois	20	AGE20	765	765_WEBDuBois_20_m
111	WEBDuBois	4	AGE4	756	756_WEBDuBois_4_m
111	WEBDuBois	55	AGE55	760	760_WEBDuBois_55_m
111	WEBDuBois	33	AGE33	768	768_WEBDuBois_33_m
111	WEBDuBois	60	AGE60	766	766_WEBDuBois_60_m
111	WEBDuBois	39	AGE39	757	757_WEBDuBois_39_m
111	WEBDuBois	36	AGE36	761	761_WEBDuBois_36_m
111	WEBDuBois	57	AGE57	764	764_WEBDuBois_57_m
111	WEBDuBois	50	AGE50	762	762_WEBDuBois_50_m
112	MickeyRooney	30	AGE30	7415	7415_MickeyRooney_30_m
112	MickeyRooney	75	AGE75	7434	7434_MickeyRooney_75_m
112	MickeyRooney	77	AGE77	7436	7436_MickeyRooney_77_m
112	MickeyRooney	17	AGE17	7406	7406_MickeyRooney_17_m
112	MickeyRooney	63	AGE63	7431	7431_MickeyRooney_63_m
112	MickeyRooney	81	AGE81	7438	7438_MickeyRooney_81_m
112	MickeyRooney	78	AGE78	7437	7437_MickeyRooney_78_m
112	MickeyRooney	58	AGE58	7427	7427_MickeyRooney_58_m
112	MickeyRooney	42	AGE42	7421	7421_MickeyRooney_42_m
112	MickeyRooney	94	AGE94	7445	7445_MickeyRooney_94_m
112	MickeyRooney	35	AGE35	7417	7417_MickeyRooney_35_m
112	MickeyRooney	60	AGE60	7429	7429_MickeyRooney_60_m
112	MickeyRooney	51	AGE51	7426	7426_MickeyRooney_51_m
112	MickeyRooney	73	AGE73	7433	7433_MickeyRooney_73_m
112	MickeyRooney	13	AGE13	7403	7403_MickeyRooney_13_m
112	MickeyRooney	85	AGE85	7440	7440_MickeyRooney_85_m
112	MickeyRooney	29	AGE29	7414	7414_MickeyRooney_29_m
112	MickeyRooney	45	AGE45	7423	7423_MickeyRooney_45_m
112	MickeyRooney	24	AGE24	7411	7411_MickeyRooney_24_m
112	MickeyRooney	19	AGE19	7407	7407_MickeyRooney_19_m
112	MickeyRooney	22	AGE22	7409	7409_MickeyRooney_22_m
112	MickeyRooney	59	AGE59	7428	7428_MickeyRooney_59_m
112	MickeyRooney	26	AGE26	7412	7412_MickeyRooney_26_m
112	MickeyRooney	76	AGE76	7435	7435_MickeyRooney_76_m
112	MickeyRooney	7	AGE7	7400	7400_MickeyRooney_7_m
112	MickeyRooney	92	AGE92	7443	7443_MickeyRooney_92_m
112	MickeyRooney	23	AGE23	7410	7410_MickeyRooney_23_m
112	MickeyRooney	10	AGE10	7402	7402_MickeyRooney_10_m
112	MickeyRooney	16	AGE16	7405	7405_MickeyRooney_16_m
112	MickeyRooney	28	AGE28	7413	7413_MickeyRooney_28_m
112	MickeyRooney	8	AGE8	7401	7401_MickeyRooney_8_m
112	MickeyRooney	61	AGE61	7430	7430_MickeyRooney_61_m
112	MickeyRooney	86	AGE86	7441	7441_MickeyRooney_86_m
112	MickeyRooney	49	AGE49	7425	7425_MickeyRooney_49_m
112	MickeyRooney	40	AGE40	7419	7419_MickeyRooney_40_m
112	MickeyRooney	37	AGE37	7418	7418_MickeyRooney_37_m
112	MickeyRooney	71	AGE71	7432	7432_MickeyRooney_71_m
112	MickeyRooney	33	AGE33	7416	7416_MickeyRooney_33_m
112	MickeyRooney	43	AGE43	7422	7422_MickeyRooney_43_m
112	MickeyRooney	41	AGE41	7420	7420_MickeyRooney_41_m
112	MickeyRooney	93	AGE93	7444	7444_MickeyRooney_93_m
112	MickeyRooney	47	AGE47	7424	7424_MickeyRooney_47_m
112	MickeyRooney	15	AGE15	7404	7404_MickeyRooney_15_m
112	MickeyRooney	90	AGE90	7442	7442_MickeyRooney_90_m
112	MickeyRooney	83	AGE83	7439	7439_MickeyRooney_83_m
112	MickeyRooney	21	AGE21	7408	7408_MickeyRooney_21_m
113	GladysCooper	74	AGE74	13512	13512_GladysCooper_74_f
113	GladysCooper	83	AGE83	7124	7124_GladysCooper_83_m
113	GladysCooper	19	AGE19	7097	7097_GladysCooper_19_m
113	GladysCooper	70	AGE70	7120	7120_GladysCooper_70_m
113	GladysCooper	18	AGE18	7100	7100_GladysCooper_18_m
113	GladysCooper	24	AGE24	7103	7103_GladysCooper_24_m
113	GladysCooper	25	AGE25	7104	7104_GladysCooper_25_m
113	GladysCooper	53	AGE53	13504	13504_GladysCooper_53_f
113	GladysCooper	9	AGE9	7096	7096_GladysCooper_9_m
113	GladysCooper	62	AGE62	13509	13509_GladysCooper_62_f
113	GladysCooper	83	AGE83	13515	13515_GladysCooper_83_f
113	GladysCooper	59	AGE59	13508	13508_GladysCooper_59_f
113	GladysCooper	57	AGE57	7116	7116_GladysCooper_57_m
113	GladysCooper	18	AGE18	13490	13490_GladysCooper_18_f
113	GladysCooper	51	AGE51	7111	7111_GladysCooper_51_m
113	GladysCooper	66	AGE66	13510	13510_GladysCooper_66_f
113	GladysCooper	70	AGE70	13511	13511_GladysCooper_70_f
113	GladysCooper	19	AGE19	13491	13491_GladysCooper_19_f
113	GladysCooper	22	AGE22	13493	13493_GladysCooper_22_f
113	GladysCooper	16	AGE16	13489	13489_GladysCooper_16_f
113	GladysCooper	54	AGE54	7114	7114_GladysCooper_54_m
113	GladysCooper	30	AGE30	13497	13497_GladysCooper_30_f
113	GladysCooper	40	AGE40	7108	7108_GladysCooper_40_m
113	GladysCooper	24	AGE24	13494	13494_GladysCooper_24_f
113	GladysCooper	9	AGE9	13487	13487_GladysCooper_9_f
113	GladysCooper	59	AGE59	7117	7117_GladysCooper_59_m
113	GladysCooper	80	AGE80	7123	7123_GladysCooper_80_m
113	GladysCooper	15	AGE15	7098	7098_GladysCooper_15_m
113	GladysCooper	30	AGE30	7106	7106_GladysCooper_30_m
113	GladysCooper	66	AGE66	7119	7119_GladysCooper_66_m
113	GladysCooper	27	AGE27	7105	7105_GladysCooper_27_m
113	GladysCooper	21	AGE21	7101	7101_GladysCooper_21_m
113	GladysCooper	74	AGE74	7121	7121_GladysCooper_74_m
113	GladysCooper	54	AGE54	13505	13505_GladysCooper_54_f
113	GladysCooper	21	AGE21	13492	13492_GladysCooper_21_f
113	GladysCooper	51	AGE51	13502	13502_GladysCooper_51_f
113	GladysCooper	53	AGE53	7113	7113_GladysCooper_53_m
113	GladysCooper	57	AGE57	13507	13507_GladysCooper_57_f
113	GladysCooper	55	AGE55	7115	7115_GladysCooper_55_m
113	GladysCooper	16	AGE16	7099	7099_GladysCooper_16_m
113	GladysCooper	77	AGE77	7122	7122_GladysCooper_77_m
113	GladysCooper	36	AGE36	7107	7107_GladysCooper_36_m
113	GladysCooper	52	AGE52	13503	13503_GladysCooper_52_f
113	GladysCooper	55	AGE55	13506	13506_GladysCooper_55_f
113	GladysCooper	49	AGE49	7110	7110_GladysCooper_49_m
113	GladysCooper	52	AGE52	7112	7112_GladysCooper_52_m
113	GladysCooper	42	AGE42	13500	13500_GladysCooper_42_f
113	GladysCooper	42	AGE42	7109	7109_GladysCooper_42_m
113	GladysCooper	62	AGE62	7118	7118_GladysCooper_62_m
113	GladysCooper	80	AGE80	13514	13514_GladysCooper_80_f
113	GladysCooper	77	AGE77	13513	13513_GladysCooper_77_f
113	GladysCooper	49	AGE49	13501	13501_GladysCooper_49_f
113	GladysCooper	27	AGE27	13496	13496_GladysCooper_27_f
113	GladysCooper	40	AGE40	13499	13499_GladysCooper_40_f
113	GladysCooper	15	AGE15	13488	13488_GladysCooper_15_f
113	GladysCooper	25	AGE25	13495	13495_GladysCooper_25_f
113	GladysCooper	36	AGE36	13498	13498_GladysCooper_36_f
113	GladysCooper	22	AGE22	7102	7102_GladysCooper_22_m
114	akistsoxatzopoulos	3	AGE3	783	783_akistsoxatzopoulos_3_m
114	akistsoxatzopoulos	62	AGE62	800	800_akistsoxatzopoulos_62_m
114	akistsoxatzopoulos	35	AGE35	789	789_akistsoxatzopoulos_35_m
114	akistsoxatzopoulos	45	AGE45	805	805_akistsoxatzopoulos_45_m
114	akistsoxatzopoulos	65	AGE65	798	798_akistsoxatzopoulos_65_m
114	akistsoxatzopoulos	70	AGE70	793	793_akistsoxatzopoulos_70_m
114	akistsoxatzopoulos	74	AGE74	797	797_akistsoxatzopoulos_74_m
114	akistsoxatzopoulos	60	AGE60	802	802_akistsoxatzopoulos_60_m
114	akistsoxatzopoulos	68	AGE68	790	790_akistsoxatzopoulos_68_m
114	akistsoxatzopoulos	65	AGE65	795	795_akistsoxatzopoulos_65_m
114	akistsoxatzopoulos	65	AGE65	791	791_akistsoxatzopoulos_65_m
114	akistsoxatzopoulos	24	AGE24	784	784_akistsoxatzopoulos_24_m
114	akistsoxatzopoulos	70	AGE70	803	803_akistsoxatzopoulos_70_m
114	akistsoxatzopoulos	43	AGE43	786	786_akistsoxatzopoulos_43_m
114	akistsoxatzopoulos	30	AGE30	785	785_akistsoxatzopoulos_30_m
114	akistsoxatzopoulos	35	AGE35	788	788_akistsoxatzopoulos_35_m
114	akistsoxatzopoulos	42	AGE42	804	804_akistsoxatzopoulos_42_m
114	akistsoxatzopoulos	68	AGE68	792	792_akistsoxatzopoulos_68_m
114	akistsoxatzopoulos	72	AGE72	799	799_akistsoxatzopoulos_72_m
114	akistsoxatzopoulos	74	AGE74	787	787_akistsoxatzopoulos_74_m
114	akistsoxatzopoulos	25	AGE25	794	794_akistsoxatzopoulos_25_m
114	akistsoxatzopoulos	68	AGE68	796	796_akistsoxatzopoulos_68_m
114	akistsoxatzopoulos	57	AGE57	801	801_akistsoxatzopoulos_57_m
115	BarbaraBain	30	AGE30	10404	10404_BarbaraBain_30_f
115	BarbaraBain	79	AGE79	10436	10436_BarbaraBain_79_f
115	BarbaraBain	42	AGE42	10412	10412_BarbaraBain_42_f
115	BarbaraBain	41	AGE41	10411	10411_BarbaraBain_41_f
115	BarbaraBain	28	AGE28	10403	10403_BarbaraBain_28_f
115	BarbaraBain	32	AGE32	10405	10405_BarbaraBain_32_f
115	BarbaraBain	39	AGE39	10409	10409_BarbaraBain_39_f
115	BarbaraBain	38	AGE38	10408	10408_BarbaraBain_38_f
115	BarbaraBain	66	AGE66	10427	10427_BarbaraBain_66_f
115	BarbaraBain	75	AGE75	10434	10434_BarbaraBain_75_f
115	BarbaraBain	49	AGE49	10416	10416_BarbaraBain_49_f
115	BarbaraBain	63	AGE63	10425	10425_BarbaraBain_63_f
115	BarbaraBain	44	AGE44	10413	10413_BarbaraBain_44_f
115	BarbaraBain	64	AGE64	10426	10426_BarbaraBain_64_f
115	BarbaraBain	80	AGE80	10437	10437_BarbaraBain_80_f
115	BarbaraBain	53	AGE53	10418	10418_BarbaraBain_53_f
115	BarbaraBain	27	AGE27	10402	10402_BarbaraBain_27_f
115	BarbaraBain	54	AGE54	10419	10419_BarbaraBain_54_f
115	BarbaraBain	37	AGE37	10407	10407_BarbaraBain_37_f
115	BarbaraBain	59	AGE59	10422	10422_BarbaraBain_59_f
115	BarbaraBain	36	AGE36	10406	10406_BarbaraBain_36_f
115	BarbaraBain	60	AGE60	10423	10423_BarbaraBain_60_f
115	BarbaraBain	70	AGE70	10429	10429_BarbaraBain_70_f
115	BarbaraBain	81	AGE81	10438	10438_BarbaraBain_81_f
115	BarbaraBain	51	AGE51	10417	10417_BarbaraBain_51_f
115	BarbaraBain	61	AGE61	10424	10424_BarbaraBain_61_f
115	BarbaraBain	46	AGE46	10415	10415_BarbaraBain_46_f
115	BarbaraBain	72	AGE72	10430	10430_BarbaraBain_72_f
115	BarbaraBain	77	AGE77	10435	10435_BarbaraBain_77_f
115	BarbaraBain	55	AGE55	10420	10420_BarbaraBain_55_f
115	BarbaraBain	40	AGE40	10410	10410_BarbaraBain_40_f
115	BarbaraBain	56	AGE56	10421	10421_BarbaraBain_56_f
115	BarbaraBain	75	AGE75	10433	10433_BarbaraBain_75_f
115	BarbaraBain	69	AGE69	10428	10428_BarbaraBain_69_f
115	BarbaraBain	45	AGE45	10414	10414_BarbaraBain_45_f
115	BarbaraBain	74	AGE74	10432	10432_BarbaraBain_74_f
115	BarbaraBain	82	AGE82	10439	10439_BarbaraBain_82_f
115	BarbaraBain	73	AGE73	10431	10431_BarbaraBain_73_f
116	ConradHilton	90	AGE90	470	470_ConradHilton_90_m
116	ConradHilton	55	AGE55	463	463_ConradHilton_55_m
116	ConradHilton	32	AGE32	468	468_ConradHilton_32_m
116	ConradHilton	87	AGE87	464	464_ConradHilton_87_m
116	ConradHilton	73	AGE73	467	467_ConradHilton_73_m
116	ConradHilton	65	AGE65	466	466_ConradHilton_65_m
116	ConradHilton	75	AGE75	471	471_ConradHilton_75_m
116	ConradHilton	75	AGE75	469	469_ConradHilton_75_m
116	ConradHilton	70	AGE70	465	465_ConradHilton_70_m
117	VeraEllen	31	AGE31	15905	15905_VeraEllen_31_f
117	VeraEllen	26	AGE26	15901	15901_VeraEllen_26_f
117	VeraEllen	43	AGE43	15916	15916_VeraEllen_43_f
117	VeraEllen	40	AGE40	15913	15913_VeraEllen_40_f
117	VeraEllen	21	AGE21	15898	15898_VeraEllen_21_f
117	VeraEllen	24	AGE24	15900	15900_VeraEllen_24_f
117	VeraEllen	19	AGE19	15897	15897_VeraEllen_19_f
117	VeraEllen	37	AGE37	15910	15910_VeraEllen_37_f
117	VeraEllen	41	AGE41	15914	15914_VeraEllen_41_f
117	VeraEllen	23	AGE23	15899	15899_VeraEllen_23_f
117	VeraEllen	28	AGE28	15902	15902_VeraEllen_28_f
117	VeraEllen	29	AGE29	15903	15903_VeraEllen_29_f
117	VeraEllen	47	AGE47	15918	15918_VeraEllen_47_f
117	VeraEllen	42	AGE42	15915	15915_VeraEllen_42_f
117	VeraEllen	44	AGE44	15917	15917_VeraEllen_44_f
117	VeraEllen	17	AGE17	15896	15896_VeraEllen_17_f
117	VeraEllen	36	AGE36	15909	15909_VeraEllen_36_f
117	VeraEllen	34	AGE34	15908	15908_VeraEllen_34_f
117	VeraEllen	30	AGE30	15904	15904_VeraEllen_30_f
117	VeraEllen	38	AGE38	15911	15911_VeraEllen_38_f
117	VeraEllen	39	AGE39	15912	15912_VeraEllen_39_f
117	VeraEllen	32	AGE32	15906	15906_VeraEllen_32_f
117	VeraEllen	33	AGE33	15907	15907_VeraEllen_33_f
118	HelmutBerger	31	AGE31	4220	4220_HelmutBerger_31_m
118	HelmutBerger	67	AGE67	4239	4239_HelmutBerger_67_m
118	HelmutBerger	29	AGE29	4218	4218_HelmutBerger_29_m
118	HelmutBerger	30	AGE30	4219	4219_HelmutBerger_30_m
118	HelmutBerger	41	AGE41	4226	4226_HelmutBerger_41_m
118	HelmutBerger	64	AGE64	4237	4237_HelmutBerger_64_m
118	HelmutBerger	22	AGE22	4212	4212_HelmutBerger_22_m
118	HelmutBerger	35	AGE35	4224	4224_HelmutBerger_35_m
118	HelmutBerger	25	AGE25	4215	4215_HelmutBerger_25_m
118	HelmutBerger	46	AGE46	4229	4229_HelmutBerger_46_m
118	HelmutBerger	25	AGE25	4216	4216_HelmutBerger_25_m
118	HelmutBerger	60	AGE60	4234	4234_HelmutBerger_60_m
118	HelmutBerger	61	AGE61	4235	4235_HelmutBerger_61_m
118	HelmutBerger	68	AGE68	4240	4240_HelmutBerger_68_m
118	HelmutBerger	54	AGE54	4231	4231_HelmutBerger_54_m
118	HelmutBerger	51	AGE51	4230	4230_HelmutBerger_51_m
118	HelmutBerger	39	AGE39	4225	4225_HelmutBerger_39_m
118	HelmutBerger	59	AGE59	4233	4233_HelmutBerger_59_m
118	HelmutBerger	24	AGE24	4214	4214_HelmutBerger_24_m
118	HelmutBerger	65	AGE65	4238	4238_HelmutBerger_65_m
118	HelmutBerger	55	AGE55	4232	4232_HelmutBerger_55_m
118	HelmutBerger	26	AGE26	4217	4217_HelmutBerger_26_m
118	HelmutBerger	32	AGE32	4221	4221_HelmutBerger_32_m
118	HelmutBerger	44	AGE44	4228	4228_HelmutBerger_44_m
118	HelmutBerger	33	AGE33	4222	4222_HelmutBerger_33_m
118	HelmutBerger	42	AGE42	4227	4227_HelmutBerger_42_m
118	HelmutBerger	63	AGE63	4236	4236_HelmutBerger_63_m
118	HelmutBerger	23	AGE23	4213	4213_HelmutBerger_23_m
118	HelmutBerger	34	AGE34	4223	4223_HelmutBerger_34_m
119	AlanYoung	91	AGE91	1899	1899_AlanYoung_91_m
119	AlanYoung	50	AGE50	1888	1888_AlanYoung_50_m
119	AlanYoung	44	AGE44	1885	1885_AlanYoung_44_m
119	AlanYoung	30	AGE30	1873	1873_AlanYoung_30_m
119	AlanYoung	66	AGE66	1891	1891_AlanYoung_66_m
119	AlanYoung	23	AGE23	1868	1868_AlanYoung_23_m
119	AlanYoung	28	AGE28	1871	1871_AlanYoung_28_m
119	AlanYoung	43	AGE43	1884	1884_AlanYoung_43_m
119	AlanYoung	42	AGE42	1883	1883_AlanYoung_42_m
119	AlanYoung	87	AGE87	1895	1895_AlanYoung_87_m
119	AlanYoung	52	AGE52	1889	1889_AlanYoung_52_m
119	AlanYoung	29	AGE29	1872	1872_AlanYoung_29_m
119	AlanYoung	45	AGE45	1886	1886_AlanYoung_45_m
119	AlanYoung	33	AGE33	1875	1875_AlanYoung_33_m
119	AlanYoung	35	AGE35	1877	1877_AlanYoung_35_m
119	AlanYoung	36	AGE36	1878	1878_AlanYoung_36_m
119	AlanYoung	40	AGE40	1881	1881_AlanYoung_40_m
119	AlanYoung	85	AGE85	1893	1893_AlanYoung_85_m
119	AlanYoung	88	AGE88	1896	1896_AlanYoung_88_m
119	AlanYoung	79	AGE79	1892	1892_AlanYoung_79_m
119	AlanYoung	31	AGE31	1874	1874_AlanYoung_31_m
119	AlanYoung	25	AGE25	1869	1869_AlanYoung_25_m
119	AlanYoung	89	AGE89	1897	1897_AlanYoung_89_m
119	AlanYoung	39	AGE39	1880	1880_AlanYoung_39_m
119	AlanYoung	38	AGE38	1879	1879_AlanYoung_38_m
119	AlanYoung	90	AGE90	1898	1898_AlanYoung_90_m
119	AlanYoung	86	AGE86	1894	1894_AlanYoung_86_m
119	AlanYoung	53	AGE53	1890	1890_AlanYoung_53_m
119	AlanYoung	27	AGE27	1870	1870_AlanYoung_27_m
119	AlanYoung	34	AGE34	1876	1876_AlanYoung_34_m
119	AlanYoung	46	AGE46	1887	1887_AlanYoung_46_m
119	AlanYoung	41	AGE41	1882	1882_AlanYoung_41_m
120	TomJones	67	AGE67	1860	1860_TomJones_67_m
120	TomJones	22	AGE22	9751	9751_TomJones_22_f
120	TomJones	28	AGE28	1837	1837_TomJones_28_m
120	TomJones	32	AGE32	1840	1840_TomJones_32_m
120	TomJones	33	AGE33	9762	9762_TomJones_33_f
120	TomJones	72	AGE72	1865	1865_TomJones_72_m
120	TomJones	18	AGE18	9750	9750_TomJones_18_f
120	TomJones	38	AGE38	9764	9764_TomJones_38_f
120	TomJones	63	AGE63	9777	9777_TomJones_63_f
120	TomJones	44	AGE44	1845	1845_TomJones_44_m
120	TomJones	29	AGE29	1838	1838_TomJones_29_m
120	TomJones	30	AGE30	1839	1839_TomJones_30_m
120	TomJones	69	AGE69	1862	1862_TomJones_69_m
120	TomJones	27	AGE27	9757	9757_TomJones_27_f
120	TomJones	74	AGE74	1867	1867_TomJones_74_m
120	TomJones	64	AGE64	9778	9778_TomJones_64_f
120	TomJones	24	AGE24	1833	1833_TomJones_24_m
120	TomJones	40	AGE40	9765	9765_TomJones_40_f
120	TomJones	25	AGE25	9755	9755_TomJones_25_f
120	TomJones	65	AGE65	1858	1858_TomJones_65_m
120	TomJones	58	AGE58	9772	9772_TomJones_58_f
120	TomJones	68	AGE68	9782	9782_TomJones_68_f
120	TomJones	65	AGE65	9779	9779_TomJones_65_f
120	TomJones	66	AGE66	9780	9780_TomJones_66_f
120	TomJones	60	AGE60	1853	1853_TomJones_60_m
120	TomJones	55	AGE55	9771	9771_TomJones_55_f
120	TomJones	73	AGE73	9787	9787_TomJones_73_f
120	TomJones	24	AGE24	9754	9754_TomJones_24_f
120	TomJones	68	AGE68	1861	1861_TomJones_68_m
120	TomJones	63	AGE63	1856	1856_TomJones_63_m
120	TomJones	51	AGE51	9769	9769_TomJones_51_f
120	TomJones	25	AGE25	1834	1834_TomJones_25_m
120	TomJones	71	AGE71	1864	1864_TomJones_71_m
120	TomJones	72	AGE72	9786	9786_TomJones_72_f
120	TomJones	62	AGE62	9776	9776_TomJones_62_f
120	TomJones	40	AGE40	1844	1844_TomJones_40_m
120	TomJones	27	AGE27	1836	1836_TomJones_27_m
120	TomJones	18	AGE18	1829	1829_TomJones_18_m
120	TomJones	23	AGE23	9752	9752_TomJones_23_f
120	TomJones	23	AGE23	1831	1831_TomJones_23_m
120	TomJones	50	AGE50	9768	9768_TomJones_50_f
120	TomJones	35	AGE35	9763	9763_TomJones_35_f
120	TomJones	24	AGE24	1832	1832_TomJones_24_m
120	TomJones	61	AGE61	1854	1854_TomJones_61_m
120	TomJones	48	AGE48	1846	1846_TomJones_48_m
120	TomJones	35	AGE35	1842	1842_TomJones_35_m
120	TomJones	38	AGE38	1843	1843_TomJones_38_m
120	TomJones	71	AGE71	9785	9785_TomJones_71_f
120	TomJones	59	AGE59	1852	1852_TomJones_59_m
120	TomJones	53	AGE53	9770	9770_TomJones_53_f
120	TomJones	26	AGE26	9756	9756_TomJones_26_f
120	TomJones	60	AGE60	9774	9774_TomJones_60_f
120	TomJones	73	AGE73	1866	1866_TomJones_73_m
120	TomJones	74	AGE74	9788	9788_TomJones_74_f
120	TomJones	70	AGE70	9784	9784_TomJones_70_f
120	TomJones	50	AGE50	1847	1847_TomJones_50_m
120	TomJones	58	AGE58	1851	1851_TomJones_58_m
120	TomJones	59	AGE59	9773	9773_TomJones_59_f
120	TomJones	28	AGE28	9758	9758_TomJones_28_f
120	TomJones	55	AGE55	1850	1850_TomJones_55_m
120	TomJones	33	AGE33	1841	1841_TomJones_33_m
120	TomJones	48	AGE48	9767	9767_TomJones_48_f
120	TomJones	29	AGE29	9759	9759_TomJones_29_f
120	TomJones	69	AGE69	9783	9783_TomJones_69_f
120	TomJones	24	AGE24	9753	9753_TomJones_24_f
120	TomJones	67	AGE67	9781	9781_TomJones_67_f
120	TomJones	30	AGE30	9760	9760_TomJones_30_f
120	TomJones	32	AGE32	9761	9761_TomJones_32_f
120	TomJones	26	AGE26	1835	1835_TomJones_26_m
120	TomJones	22	AGE22	1830	1830_TomJones_22_m
120	TomJones	66	AGE66	1859	1859_TomJones_66_m
120	TomJones	64	AGE64	1857	1857_TomJones_64_m
120	TomJones	51	AGE51	1848	1848_TomJones_51_m
120	TomJones	53	AGE53	1849	1849_TomJones_53_m
120	TomJones	62	AGE62	1855	1855_TomJones_62_m
120	TomJones	70	AGE70	1863	1863_TomJones_70_m
120	TomJones	44	AGE44	9766	9766_TomJones_44_f
120	TomJones	61	AGE61	9775	9775_TomJones_61_f
121	RafVallone	49	AGE49	6041	6041_RafVallone_49_m
121	RafVallone	26	AGE26	6025	6025_RafVallone_26_m
121	RafVallone	82	AGE82	6056	6056_RafVallone_82_m
121	RafVallone	46	AGE46	6038	6038_RafVallone_46_m
121	RafVallone	40	AGE40	6034	6034_RafVallone_40_m
121	RafVallone	36	AGE36	6030	6030_RafVallone_36_m
121	RafVallone	84	AGE84	6057	6057_RafVallone_84_m
121	RafVallone	51	AGE51	6043	6043_RafVallone_51_m
121	RafVallone	77	AGE77	6055	6055_RafVallone_77_m
121	RafVallone	56	AGE56	6045	6045_RafVallone_56_m
121	RafVallone	39	AGE39	6033	6033_RafVallone_39_m
121	RafVallone	72	AGE72	6054	6054_RafVallone_72_m
121	RafVallone	34	AGE34	6023	6023_RafVallone_34_m
121	RafVallone	32	AGE32	6027	6027_RafVallone_32_m
121	RafVallone	68	AGE68	6053	6053_RafVallone_68_m
121	RafVallone	45	AGE45	6037	6037_RafVallone_45_m
121	RafVallone	50	AGE50	6042	6042_RafVallone_50_m
121	RafVallone	86	AGE86	6058	6058_RafVallone_86_m
121	RafVallone	33	AGE33	6028	6028_RafVallone_33_m
121	RafVallone	41	AGE41	6035	6035_RafVallone_41_m
121	RafVallone	57	AGE57	6046	6046_RafVallone_57_m
121	RafVallone	25	AGE25	6024	6024_RafVallone_25_m
121	RafVallone	35	AGE35	6029	6029_RafVallone_35_m
121	RafVallone	52	AGE52	6044	6044_RafVallone_52_m
121	RafVallone	48	AGE48	6040	6040_RafVallone_48_m
121	RafVallone	67	AGE67	6052	6052_RafVallone_67_m
121	RafVallone	42	AGE42	6036	6036_RafVallone_42_m
121	RafVallone	38	AGE38	6032	6032_RafVallone_38_m
121	RafVallone	63	AGE63	6050	6050_RafVallone_63_m
121	RafVallone	61	AGE61	6048	6048_RafVallone_61_m
121	RafVallone	60	AGE60	6047	6047_RafVallone_60_m
121	RafVallone	37	AGE37	6031	6031_RafVallone_37_m
121	RafVallone	47	AGE47	6039	6039_RafVallone_47_m
121	RafVallone	28	AGE28	6026	6026_RafVallone_28_m
121	RafVallone	62	AGE62	6049	6049_RafVallone_62_m
121	RafVallone	65	AGE65	6051	6051_RafVallone_65_m
122	MorganFreeman 	35	AGE35	16046	16046_MorganFreeman _35_m
122	MorganFreeman 	41	AGE41	16047	16047_MorganFreeman _41_m
122	MorganFreeman 	51	AGE51	16050	16050_MorganFreeman _51_m
122	MorganFreeman 	71	AGE71	16037	16037_MorganFreeman _71_m
122	MorganFreeman 	67	AGE67	16040	16040_MorganFreeman _67_m
122	MorganFreeman 	79	AGE79	16026	16026_MorganFreeman _79_m
122	MorganFreeman 	74	AGE74	16035	16035_MorganFreeman _74_m
122	MorganFreeman 	79	AGE79	16023	16023_MorganFreeman _79_m
122	MorganFreeman 	51	AGE51	16030	16030_MorganFreeman _51_m
122	MorganFreeman 	59	AGE59	16032	16032_MorganFreeman _59_m
122	MorganFreeman 	75	AGE75	16043	16043_MorganFreeman _75_m
122	MorganFreeman 	52	AGE52	16051	16051_MorganFreeman _52_m
122	MorganFreeman 	18	AGE18	16042	16042_MorganFreeman _18_m
122	MorganFreeman 	49	AGE49	16048	16048_MorganFreeman _49_m
122	MorganFreeman 	70	AGE70	16036	16036_MorganFreeman _70_m
122	MorganFreeman 	79	AGE79	16027	16027_MorganFreeman _79_m
122	MorganFreeman 	80	AGE80	16025	16025_MorganFreeman _80_m
122	MorganFreeman 	67	AGE67	16034	16034_MorganFreeman _67_m
122	MorganFreeman 	77	AGE77	16022	16022_MorganFreeman _77_m
122	MorganFreeman 	44	AGE44	16049	16049_MorganFreeman _44_m
122	MorganFreeman 	77	AGE77	16028	16028_MorganFreeman _77_m
122	MorganFreeman 	60	AGE60	16033	16033_MorganFreeman _60_m
122	MorganFreeman 	72	AGE72	16044	16044_MorganFreeman _72_m
122	MorganFreeman 	41	AGE41	16029	16029_MorganFreeman _41_m
122	MorganFreeman 	17	AGE17	16041	16041_MorganFreeman _17_m
122	MorganFreeman 	68	AGE68	16039	16039_MorganFreeman _68_m
122	MorganFreeman 	70	AGE70	16021	16021_MorganFreeman _70_m
122	MorganFreeman 	69	AGE69	16038	16038_MorganFreeman _69_m
122	MorganFreeman 	73	AGE73	16020	16020_MorganFreeman _73_m
122	MorganFreeman 	80	AGE80	16024	16024_MorganFreeman _80_m
122	MorganFreeman 	35	AGE35	16045	16045_MorganFreeman _35_m
122	MorganFreeman 	51	AGE51	16031	16031_MorganFreeman _51_m
123	Dee	86	AGE86	16343	16343_Dee_86_f
123	Dee	60	AGE60	16349	16349_Dee_60_f
123	Dee	81	AGE81	16335	16335_Dee_81_f
123	Dee	63	AGE63	16347	16347_Dee_63_f
123	Dee	69	AGE69	16329	16329_Dee_69_f
123	Dee	80	AGE80	16334	16334_Dee_80_f
123	Dee	28	AGE28	16341	16341_Dee_28_f
123	Dee	82	AGE82	16333	16333_Dee_82_f
123	Dee	28	AGE28	16330	16330_Dee_28_f
123	Dee	57	AGE57	16339	16339_Dee_57_f
123	Dee	41	AGE41	16340	16340_Dee_41_f
123	Dee	91	AGE91	16331	16331_Dee_91_f
123	Dee	85	AGE85	16338	16338_Dee_85_f
123	Dee	88	AGE88	16342	16342_Dee_88_f
123	Dee	40	AGE40	16328	16328_Dee_40_f
123	Dee	84	AGE84	16348	16348_Dee_84_f
123	Dee	50	AGE50	16332	16332_Dee_50_f
123	Dee	24	AGE24	16345	16345_Dee_24_f
123	Dee	84	AGE84	16344	16344_Dee_84_f
123	Dee	86	AGE86	16337	16337_Dee_86_f
123	Dee	71	AGE71	16346	16346_Dee_71_f
123	Dee	89	AGE89	16336	16336_Dee_89_f
124	SartreJeanPaul	43	AGE43	1402	1402_SartreJeanPaul_43_m
124	SartreJeanPaul	57	AGE57	1404	1404_SartreJeanPaul_57_m
124	SartreJeanPaul	35	AGE35	1396	1396_SartreJeanPaul_35_m
124	SartreJeanPaul	58	AGE58	1399	1399_SartreJeanPaul_58_m
124	SartreJeanPaul	53	AGE53	1398	1398_SartreJeanPaul_53_m
124	SartreJeanPaul	55	AGE55	1403	1403_SartreJeanPaul_55_m
124	SartreJeanPaul	43	AGE43	1395	1395_SartreJeanPaul_43_m
124	SartreJeanPaul	41	AGE41	1400	1400_SartreJeanPaul_41_m
124	SartreJeanPaul	39	AGE39	1406	1406_SartreJeanPaul_39_m
124	SartreJeanPaul	41	AGE41	1397	1397_SartreJeanPaul_41_m
124	SartreJeanPaul	42	AGE42	1401	1401_SartreJeanPaul_42_m
124	SartreJeanPaul	63	AGE63	1405	1405_SartreJeanPaul_63_m
125	AlexandrakisAlekos	34	AGE34	9631	9631_AlexandrakisAlekos_34_m
125	AlexandrakisAlekos	34	AGE34	9640	9640_AlexandrakisAlekos_34_m
125	AlexandrakisAlekos	25	AGE25	9639	9639_AlexandrakisAlekos_25_m
125	AlexandrakisAlekos	40	AGE40	9633	9633_AlexandrakisAlekos_40_m
125	AlexandrakisAlekos	40	AGE40	9628	9628_AlexandrakisAlekos_40_m
125	AlexandrakisAlekos	35	AGE35	9636	9636_AlexandrakisAlekos_35_m
125	AlexandrakisAlekos	45	AGE45	9627	9627_AlexandrakisAlekos_45_m
125	AlexandrakisAlekos	43	AGE43	9629	9629_AlexandrakisAlekos_43_m
125	AlexandrakisAlekos	45	AGE45	9635	9635_AlexandrakisAlekos_45_m
125	AlexandrakisAlekos	38	AGE38	9630	9630_AlexandrakisAlekos_38_m
125	AlexandrakisAlekos	73	AGE73	9625	9625_AlexandrakisAlekos_73_m
125	AlexandrakisAlekos	30	AGE30	9634	9634_AlexandrakisAlekos_30_m
125	AlexandrakisAlekos	45	AGE45	9641	9641_AlexandrakisAlekos_45_m
125	AlexandrakisAlekos	34	AGE34	9637	9637_AlexandrakisAlekos_34_m
125	AlexandrakisAlekos	68	AGE68	9638	9638_AlexandrakisAlekos_68_m
125	AlexandrakisAlekos	55	AGE55	9632	9632_AlexandrakisAlekos_55_m
125	AlexandrakisAlekos	33	AGE33	9626	9626_AlexandrakisAlekos_33_m
126	JamesArness	49	AGE49	6350	6350_JamesArness_49_m
126	JamesArness	30	AGE30	6337	6337_JamesArness_30_m
126	JamesArness	41	AGE41	6347	6347_JamesArness_41_m
126	JamesArness	36	AGE36	6343	6343_JamesArness_36_m
126	JamesArness	33	AGE33	6340	6340_JamesArness_33_m
126	JamesArness	66	AGE66	6361	6361_JamesArness_66_m
126	JamesArness	54	AGE54	6355	6355_JamesArness_54_m
126	JamesArness	64	AGE64	6360	6360_JamesArness_64_m
126	JamesArness	52	AGE52	6353	6353_JamesArness_52_m
126	JamesArness	51	AGE51	6352	6352_JamesArness_51_m
126	JamesArness	35	AGE35	6342	6342_JamesArness_35_m
126	JamesArness	55	AGE55	6356	6356_JamesArness_55_m
126	JamesArness	34	AGE34	6341	6341_JamesArness_34_m
126	JamesArness	21	AGE21	6330	6330_JamesArness_21_m
126	JamesArness	56	AGE56	6357	6357_JamesArness_56_m
126	JamesArness	76	AGE76	6365	6365_JamesArness_76_m
126	JamesArness	57	AGE57	6358	6358_JamesArness_57_m
126	JamesArness	78	AGE78	6366	6366_JamesArness_78_m
126	JamesArness	27	AGE27	6334	6334_JamesArness_27_m
126	JamesArness	59	AGE59	6359	6359_JamesArness_59_m
126	JamesArness	48	AGE48	6349	6349_JamesArness_48_m
126	JamesArness	23	AGE23	6331	6331_JamesArness_23_m
126	JamesArness	72	AGE72	6364	6364_JamesArness_72_m
126	JamesArness	29	AGE29	6336	6336_JamesArness_29_m
126	JamesArness	25	AGE25	6332	6332_JamesArness_25_m
126	JamesArness	79	AGE79	6367	6367_JamesArness_79_m
126	JamesArness	37	AGE37	6344	6344_JamesArness_37_m
126	JamesArness	39	AGE39	6346	6346_JamesArness_39_m
126	JamesArness	38	AGE38	6345	6345_JamesArness_38_m
126	JamesArness	26	AGE26	6333	6333_JamesArness_26_m
126	JamesArness	70	AGE70	6363	6363_JamesArness_70_m
126	JamesArness	46	AGE46	6348	6348_JamesArness_46_m
126	JamesArness	31	AGE31	6338	6338_JamesArness_31_m
126	JamesArness	87	AGE87	6368	6368_JamesArness_87_m
126	JamesArness	50	AGE50	6351	6351_JamesArness_50_m
126	JamesArness	32	AGE32	6339	6339_JamesArness_32_m
126	JamesArness	28	AGE28	6335	6335_JamesArness_28_m
126	JamesArness	53	AGE53	6354	6354_JamesArness_53_m
126	JamesArness	68	AGE68	6362	6362_JamesArness_68_m
127	HumphreyBogard	50	AGE50	9011	9011_HumphreyBogard_50_m
127	HumphreyBogard	56	AGE56	9036	9036_HumphreyBogard_56_m
127	HumphreyBogard	37	AGE37	9013	9013_HumphreyBogard_37_m
127	HumphreyBogard	41	AGE41	9028	9028_HumphreyBogard_41_m
127	HumphreyBogard	36	AGE36	9034	9034_HumphreyBogard_36_m
127	HumphreyBogard	42	AGE42	9037	9037_HumphreyBogard_42_m
127	HumphreyBogard	47	AGE47	9015	9015_HumphreyBogard_47_m
127	HumphreyBogard	38	AGE38	9029	9029_HumphreyBogard_38_m
127	HumphreyBogard	42	AGE42	9021	9021_HumphreyBogard_42_m
127	HumphreyBogard	40	AGE40	9012	9012_HumphreyBogard_40_m
127	HumphreyBogard	48	AGE48	9025	9025_HumphreyBogard_48_m
127	HumphreyBogard	35	AGE35	9032	9032_HumphreyBogard_35_m
127	HumphreyBogard	43	AGE43	9016	9016_HumphreyBogard_43_m
127	HumphreyBogard	43	AGE43	9024	9024_HumphreyBogard_43_m
127	HumphreyBogard	37	AGE37	9038	9038_HumphreyBogard_37_m
127	HumphreyBogard	50	AGE50	9022	9022_HumphreyBogard_50_m
127	HumphreyBogard	39	AGE39	9026	9026_HumphreyBogard_39_m
127	HumphreyBogard	47	AGE47	9014	9014_HumphreyBogard_47_m
127	HumphreyBogard	43	AGE43	9019	9019_HumphreyBogard_43_m
127	HumphreyBogard	37	AGE37	9027	9027_HumphreyBogard_37_m
127	HumphreyBogard	45	AGE45	9018	9018_HumphreyBogard_45_m
127	HumphreyBogard	55	AGE55	9033	9033_HumphreyBogard_55_m
127	HumphreyBogard	54	AGE54	9035	9035_HumphreyBogard_54_m
127	HumphreyBogard	43	AGE43	9017	9017_HumphreyBogard_43_m
127	HumphreyBogard	50	AGE50	9023	9023_HumphreyBogard_50_m
127	HumphreyBogard	38	AGE38	9031	9031_HumphreyBogard_38_m
127	HumphreyBogard	44	AGE44	9020	9020_HumphreyBogard_44_m
127	HumphreyBogard	40	AGE40	9030	9030_HumphreyBogard_40_m
128	JPMorgan	38	AGE38	357	357_JPMorgan_38_m
128	JPMorgan	50	AGE50	359	359_JPMorgan_50_m
128	JPMorgan	62	AGE62	361	361_JPMorgan_62_m
128	JPMorgan	52	AGE52	363	363_JPMorgan_52_m
128	JPMorgan	65	AGE65	355	355_JPMorgan_65_m
128	JPMorgan	48	AGE48	358	358_JPMorgan_48_m
128	JPMorgan	25	AGE25	362	362_JPMorgan_25_m
128	JPMorgan	66	AGE66	360	360_JPMorgan_66_m
128	JPMorgan	70	AGE70	356	356_JPMorgan_70_m
129	AlCorley	33	AGE33	1602	1602_AlCorley_33_m
129	AlCorley	31	AGE31	1601	1601_AlCorley_31_m
129	AlCorley	45	AGE45	1607	1607_AlCorley_45_m
129	AlCorley	28	AGE28	1599	1599_AlCorley_28_m
129	AlCorley	53	AGE53	1615	1615_AlCorley_53_m
129	AlCorley	48	AGE48	1610	1610_AlCorley_48_m
129	AlCorley	50	AGE50	1612	1612_AlCorley_50_m
129	AlCorley	20	AGE20	1592	1592_AlCorley_20_m
129	AlCorley	22	AGE22	1593	1593_AlCorley_22_m
129	AlCorley	23	AGE23	1594	1594_AlCorley_23_m
129	AlCorley	52	AGE52	1614	1614_AlCorley_52_m
129	AlCorley	58	AGE58	1616	1616_AlCorley_58_m
129	AlCorley	51	AGE51	1613	1613_AlCorley_51_m
129	AlCorley	26	AGE26	1597	1597_AlCorley_26_m
129	AlCorley	25	AGE25	1596	1596_AlCorley_25_m
129	AlCorley	49	AGE49	1611	1611_AlCorley_49_m
129	AlCorley	29	AGE29	1600	1600_AlCorley_29_m
129	AlCorley	39	AGE39	1605	1605_AlCorley_39_m
129	AlCorley	24	AGE24	1595	1595_AlCorley_24_m
129	AlCorley	46	AGE46	1608	1608_AlCorley_46_m
129	AlCorley	27	AGE27	1598	1598_AlCorley_27_m
129	AlCorley	59	AGE59	1617	1617_AlCorley_59_m
129	AlCorley	36	AGE36	1604	1604_AlCorley_36_m
129	AlCorley	44	AGE44	1606	1606_AlCorley_44_m
129	AlCorley	34	AGE34	1603	1603_AlCorley_34_m
129	AlCorley	47	AGE47	1609	1609_AlCorley_47_m
130	merrillcharles	69	AGE69	423	423_merrillcharles_69_m
130	merrillcharles	65	AGE65	422	422_merrillcharles_65_m
130	merrillcharles	70	AGE70	424	424_merrillcharles_70_m
130	merrillcharles	70	AGE70	421	421_merrillcharles_70_m
130	merrillcharles	17	AGE17	425	425_merrillcharles_17_m
131	ElizabethTaylor	49	AGE49	14704	14704_ElizabethTaylor_49_f
131	ElizabethTaylor	28	AGE28	14708	14708_ElizabethTaylor_28_f
131	ElizabethTaylor	21	AGE21	14702	14702_ElizabethTaylor_21_f
131	ElizabethTaylor	75	AGE75	14706	14706_ElizabethTaylor_75_f
131	ElizabethTaylor	18	AGE18	14700	14700_ElizabethTaylor_18_f
131	ElizabethTaylor	23	AGE23	14697	14697_ElizabethTaylor_23_f
131	ElizabethTaylor	75	AGE75	14699	14699_ElizabethTaylor_75_f
131	ElizabethTaylor	20	AGE20	14701	14701_ElizabethTaylor_20_f
131	ElizabethTaylor	33	AGE33	14709	14709_ElizabethTaylor_33_f
131	ElizabethTaylor	56	AGE56	14705	14705_ElizabethTaylor_56_f
131	ElizabethTaylor	77	AGE77	14694	14694_ElizabethTaylor_77_f
131	ElizabethTaylor	49	AGE49	14698	14698_ElizabethTaylor_49_f
131	ElizabethTaylor	16	AGE16	14696	14696_ElizabethTaylor_16_f
131	ElizabethTaylor	75	AGE75	14693	14693_ElizabethTaylor_75_f
131	ElizabethTaylor	61	AGE61	14707	14707_ElizabethTaylor_61_f
131	ElizabethTaylor	13	AGE13	14695	14695_ElizabethTaylor_13_f
131	ElizabethTaylor	40	AGE40	14711	14711_ElizabethTaylor_40_f
131	ElizabethTaylor	35	AGE35	14703	14703_ElizabethTaylor_35_f
131	ElizabethTaylor	50	AGE50	14710	14710_ElizabethTaylor_50_f
132	AlexanderGrahamBell	74	AGE74	1264	1264_AlexanderGrahamBell_74_m
132	AlexanderGrahamBell	74	AGE74	1256	1256_AlexanderGrahamBell_74_m
132	AlexanderGrahamBell	35	AGE35	1257	1257_AlexanderGrahamBell_35_m
132	AlexanderGrahamBell	70	AGE70	1265	1265_AlexanderGrahamBell_70_m
132	AlexanderGrahamBell	40	AGE40	1254	1254_AlexanderGrahamBell_40_m
132	AlexanderGrahamBell	75	AGE75	1266	1266_AlexanderGrahamBell_75_m
132	AlexanderGrahamBell	38	AGE38	1262	1262_AlexanderGrahamBell_38_m
132	AlexanderGrahamBell	62	AGE62	1258	1258_AlexanderGrahamBell_62_m
132	AlexanderGrahamBell	29	AGE29	1253	1253_AlexanderGrahamBell_29_m
132	AlexanderGrahamBell	45	AGE45	1263	1263_AlexanderGrahamBell_45_m
132	AlexanderGrahamBell	73	AGE73	1259	1259_AlexanderGrahamBell_73_m
132	AlexanderGrahamBell	29	AGE29	1261	1261_AlexanderGrahamBell_29_m
132	AlexanderGrahamBell	27	AGE27	1252	1252_AlexanderGrahamBell_27_m
132	AlexanderGrahamBell	65	AGE65	1255	1255_AlexanderGrahamBell_65_m
132	AlexanderGrahamBell	29	AGE29	1260	1260_AlexanderGrahamBell_29_m
133	LeeJCobb	39	AGE39	6554	6554_LeeJCobb_39_m
133	LeeJCobb	55	AGE55	6568	6568_LeeJCobb_55_m
133	LeeJCobb	37	AGE37	6552	6552_LeeJCobb_37_m
133	LeeJCobb	42	AGE42	6562	6562_LeeJCobb_42_m
133	LeeJCobb	40	AGE40	6561	6561_LeeJCobb_40_m
133	LeeJCobb	26	AGE26	6548	6548_LeeJCobb_26_m
133	LeeJCobb	46	AGE46	6565	6565_LeeJCobb_46_m
133	LeeJCobb	44	AGE44	6564	6564_LeeJCobb_44_m
133	LeeJCobb	59	AGE59	6569	6569_LeeJCobb_59_m
133	LeeJCobb	48	AGE48	6566	6566_LeeJCobb_48_m
133	LeeJCobb	57	AGE57	6558	6558_LeeJCobb_57_m
133	LeeJCobb	34	AGE34	6550	6550_LeeJCobb_34_m
133	LeeJCobb	24	AGE24	6547	6547_LeeJCobb_24_m
133	LeeJCobb	53	AGE53	6557	6557_LeeJCobb_53_m
133	LeeJCobb	60	AGE60	6570	6570_LeeJCobb_60_m
133	LeeJCobb	64	AGE64	6572	6572_LeeJCobb_64_m
133	LeeJCobb	61	AGE61	6559	6559_LeeJCobb_61_m
133	LeeJCobb	63	AGE63	6560	6560_LeeJCobb_63_m
133	LeeJCobb	35	AGE35	6551	6551_LeeJCobb_35_m
133	LeeJCobb	28	AGE28	6549	6549_LeeJCobb_28_m
133	LeeJCobb	43	AGE43	6563	6563_LeeJCobb_43_m
133	LeeJCobb	38	AGE38	6553	6553_LeeJCobb_38_m
133	LeeJCobb	50	AGE50	6567	6567_LeeJCobb_50_m
133	LeeJCobb	51	AGE51	6556	6556_LeeJCobb_51_m
133	LeeJCobb	62	AGE62	6571	6571_LeeJCobb_62_m
133	LeeJCobb	47	AGE47	6555	6555_LeeJCobb_47_m
134	JohnLithgow	66	AGE66	3404	3404_JohnLithgow_66_m
134	JohnLithgow	53	AGE53	3395	3395_JohnLithgow_53_m
134	JohnLithgow	69	AGE69	3407	3407_JohnLithgow_69_m
134	JohnLithgow	70	AGE70	3408	3408_JohnLithgow_70_m
134	JohnLithgow	50	AGE50	3392	3392_JohnLithgow_50_m
134	JohnLithgow	64	AGE64	3402	3402_JohnLithgow_64_m
134	JohnLithgow	59	AGE59	3398	3398_JohnLithgow_59_m
134	JohnLithgow	52	AGE52	3394	3394_JohnLithgow_52_m
134	JohnLithgow	62	AGE62	3400	3400_JohnLithgow_62_m
134	JohnLithgow	56	AGE56	3396	3396_JohnLithgow_56_m
134	JohnLithgow	39	AGE39	3383	3383_JohnLithgow_39_m
134	JohnLithgow	47	AGE47	3389	3389_JohnLithgow_47_m
134	JohnLithgow	68	AGE68	3406	3406_JohnLithgow_68_m
134	JohnLithgow	51	AGE51	3393	3393_JohnLithgow_51_m
134	JohnLithgow	49	AGE49	3391	3391_JohnLithgow_49_m
134	JohnLithgow	46	AGE46	3388	3388_JohnLithgow_46_m
134	JohnLithgow	43	AGE43	3386	3386_JohnLithgow_43_m
134	JohnLithgow	60	AGE60	3399	3399_JohnLithgow_60_m
134	JohnLithgow	42	AGE42	3384	3384_JohnLithgow_42_m
134	JohnLithgow	43	AGE43	3385	3385_JohnLithgow_43_m
134	JohnLithgow	48	AGE48	3390	3390_JohnLithgow_48_m
134	JohnLithgow	65	AGE65	3403	3403_JohnLithgow_65_m
134	JohnLithgow	63	AGE63	3401	3401_JohnLithgow_63_m
134	JohnLithgow	57	AGE57	3397	3397_JohnLithgow_57_m
134	JohnLithgow	44	AGE44	3387	3387_JohnLithgow_44_m
134	JohnLithgow	67	AGE67	3405	3405_JohnLithgow_67_m
135	RichardPryor	45	AGE45	16229	16229_RichardPryor_45_m
135	RichardPryor	47	AGE47	16017	16017_RichardPryor_47_m
135	RichardPryor	26	AGE26	16222	16222_RichardPryor_26_m
135	RichardPryor	39	AGE39	16232	16232_RichardPryor_39_m
135	RichardPryor	61	AGE61	16226	16226_RichardPryor_61_m
135	RichardPryor	46	AGE46	16211	16211_RichardPryor_46_m
135	RichardPryor	37	AGE37	16213	16213_RichardPryor_37_m
135	RichardPryor	60	AGE60	16220	16220_RichardPryor_60_m
135	RichardPryor	40	AGE40	16234	16234_RichardPryor_40_m
135	RichardPryor	37	AGE37	16219	16219_RichardPryor_37_m
135	RichardPryor	55	AGE55	16233	16233_RichardPryor_55_m
135	RichardPryor	65	AGE65	16227	16227_RichardPryor_65_m
135	RichardPryor	7	AGE7	16212	16212_RichardPryor_7_m
135	RichardPryor	37	AGE37	16225	16225_RichardPryor_37_m
135	RichardPryor	29	AGE29	16209	16209_RichardPryor_29_m
135	RichardPryor	30	AGE30	16217	16217_RichardPryor_30_m
135	RichardPryor	37	AGE37	16215	16215_RichardPryor_37_m
135	RichardPryor	47	AGE47	16016	16016_RichardPryor_47_m
135	RichardPryor	47	AGE47	16208	16208_RichardPryor_47_m
135	RichardPryor	36	AGE36	16230	16230_RichardPryor_36_m
135	RichardPryor	43	AGE43	16221	16221_RichardPryor_43_m
135	RichardPryor	41	AGE41	16216	16216_RichardPryor_41_m
135	RichardPryor	26	AGE26	16223	16223_RichardPryor_26_m
135	RichardPryor	28	AGE28	16228	16228_RichardPryor_28_m
135	RichardPryor	43	AGE43	16210	16210_RichardPryor_43_m
135	RichardPryor	24	AGE24	16019	16019_RichardPryor_24_m
135	RichardPryor	37	AGE37	16214	16214_RichardPryor_37_m
135	RichardPryor	28	AGE28	16218	16218_RichardPryor_28_m
135	RichardPryor	26	AGE26	16224	16224_RichardPryor_26_m
135	RichardPryor	54	AGE54	16231	16231_RichardPryor_54_m
136	LawrenceTierney	27	AGE27	9085	9085_LawrenceTierney_27_m
136	LawrenceTierney	66	AGE66	9094	9094_LawrenceTierney_66_m
136	LawrenceTierney	24	AGE24	9081	9081_LawrenceTierney_24_m
136	LawrenceTierney	26	AGE26	9083	9083_LawrenceTierney_26_m
136	LawrenceTierney	69	AGE69	9104	9104_LawrenceTierney_69_m
136	LawrenceTierney	75	AGE75	9098	9098_LawrenceTierney_75_m
136	LawrenceTierney	78	AGE78	9100	9100_LawrenceTierney_78_m
136	LawrenceTierney	76	AGE76	9099	9099_LawrenceTierney_76_m
136	LawrenceTierney	31	AGE31	9089	9089_LawrenceTierney_31_m
136	LawrenceTierney	77	AGE77	9106	9106_LawrenceTierney_77_m
136	LawrenceTierney	61	AGE61	9092	9092_LawrenceTierney_61_m
136	LawrenceTierney	25	AGE25	9082	9082_LawrenceTierney_25_m
136	LawrenceTierney	35	AGE35	9103	9103_LawrenceTierney_35_m
136	LawrenceTierney	30	AGE30	9088	9088_LawrenceTierney_30_m
136	LawrenceTierney	73	AGE73	9096	9096_LawrenceTierney_73_m
136	LawrenceTierney	34	AGE34	9102	9102_LawrenceTierney_34_m
136	LawrenceTierney	72	AGE72	9105	9105_LawrenceTierney_72_m
136	LawrenceTierney	32	AGE32	9101	9101_LawrenceTierney_32_m
136	LawrenceTierney	62	AGE62	9093	9093_LawrenceTierney_62_m
136	LawrenceTierney	26	AGE26	9084	9084_LawrenceTierney_26_m
136	LawrenceTierney	57	AGE57	9090	9090_LawrenceTierney_57_m
136	LawrenceTierney	74	AGE74	9097	9097_LawrenceTierney_74_m
136	LawrenceTierney	58	AGE58	9091	9091_LawrenceTierney_58_m
136	LawrenceTierney	29	AGE29	9087	9087_LawrenceTierney_29_m
136	LawrenceTierney	28	AGE28	9086	9086_LawrenceTierney_28_m
136	LawrenceTierney	68	AGE68	9095	9095_LawrenceTierney_68_m
137	SidneyPoitier	52	AGE52	16161	16161_SidneyPoitier_52_m
137	SidneyPoitier	85	AGE85	16176	16176_SidneyPoitier_85_m
137	SidneyPoitier	70	AGE70	16168	16168_SidneyPoitier_70_m
137	SidneyPoitier	24	AGE24	16148	16148_SidneyPoitier_24_m
137	SidneyPoitier	40	AGE40	16157	16157_SidneyPoitier_40_m
137	SidneyPoitier	50	AGE50	16160	16160_SidneyPoitier_50_m
137	SidneyPoitier	31	AGE31	16152	16152_SidneyPoitier_31_m
137	SidneyPoitier	44	AGE44	16159	16159_SidneyPoitier_44_m
137	SidneyPoitier	85	AGE85	16175	16175_SidneyPoitier_85_m
137	SidneyPoitier	62	AGE62	16164	16164_SidneyPoitier_62_m
137	SidneyPoitier	38	AGE38	16156	16156_SidneyPoitier_38_m
137	SidneyPoitier	33	AGE33	16153	16153_SidneyPoitier_33_m
137	SidneyPoitier	69	AGE69	16166	16166_SidneyPoitier_69_m
137	SidneyPoitier	87	AGE87	16177	16177_SidneyPoitier_87_m
137	SidneyPoitier	74	AGE74	16171	16171_SidneyPoitier_74_m
137	SidneyPoitier	31	AGE31	16146	16146_SidneyPoitier_31_m
137	SidneyPoitier	87	AGE87	16178	16178_SidneyPoitier_87_m
137	SidneyPoitier	25	AGE25	16149	16149_SidneyPoitier_25_m
137	SidneyPoitier	36	AGE36	16155	16155_SidneyPoitier_36_m
137	SidneyPoitier	34	AGE34	16154	16154_SidneyPoitier_34_m
137	SidneyPoitier	31	AGE31	16145	16145_SidneyPoitier_31_m
137	SidneyPoitier	81	AGE81	16173	16173_SidneyPoitier_81_m
137	SidneyPoitier	61	AGE61	16163	16163_SidneyPoitier_61_m
137	SidneyPoitier	75	AGE75	16172	16172_SidneyPoitier_75_m
137	SidneyPoitier	88	AGE88	16179	16179_SidneyPoitier_88_m
137	SidneyPoitier	82	AGE82	16174	16174_SidneyPoitier_82_m
137	SidneyPoitier	27	AGE27	16150	16150_SidneyPoitier_27_m
137	SidneyPoitier	30	AGE30	16151	16151_SidneyPoitier_30_m
137	SidneyPoitier	24	AGE24	16147	16147_SidneyPoitier_24_m
137	SidneyPoitier	69	AGE69	16167	16167_SidneyPoitier_69_m
137	SidneyPoitier	89	AGE89	16180	16180_SidneyPoitier_89_m
137	SidneyPoitier	72	AGE72	16169	16169_SidneyPoitier_72_m
137	SidneyPoitier	41	AGE41	16158	16158_SidneyPoitier_41_m
137	SidneyPoitier	73	AGE73	16170	16170_SidneyPoitier_73_m
137	SidneyPoitier	53	AGE53	16162	16162_SidneyPoitier_53_m
137	SidneyPoitier	23	AGE23	16012	16012_SidneyPoitier_23_m
137	SidneyPoitier	68	AGE68	16165	16165_SidneyPoitier_68_m
138	RomySchneider	31	AGE31	14098	14098_RomySchneider_31_f
138	RomySchneider	44	AGE44	14110	14110_RomySchneider_44_f
138	RomySchneider	25	AGE25	14091	14091_RomySchneider_25_f
138	RomySchneider	24	AGE24	14090	14090_RomySchneider_24_f
138	RomySchneider	42	AGE42	14108	14108_RomySchneider_42_f
138	RomySchneider	39	AGE39	14105	14105_RomySchneider_39_f
138	RomySchneider	34	AGE34	14100	14100_RomySchneider_34_f
138	RomySchneider	15	AGE15	14082	14082_RomySchneider_15_f
138	RomySchneider	18	AGE18	14084	14084_RomySchneider_18_f
138	RomySchneider	28	AGE28	14095	14095_RomySchneider_28_f
138	RomySchneider	16	AGE16	14083	14083_RomySchneider_16_f
138	RomySchneider	36	AGE36	14102	14102_RomySchneider_36_f
138	RomySchneider	25	AGE25	14092	14092_RomySchneider_25_f
138	RomySchneider	23	AGE23	14089	14089_RomySchneider_23_f
138	RomySchneider	35	AGE35	14101	14101_RomySchneider_35_f
138	RomySchneider	29	AGE29	14096	14096_RomySchneider_29_f
138	RomySchneider	27	AGE27	14094	14094_RomySchneider_27_f
138	RomySchneider	40	AGE40	14106	14106_RomySchneider_40_f
138	RomySchneider	22	AGE22	14088	14088_RomySchneider_22_f
138	RomySchneider	21	AGE21	14087	14087_RomySchneider_21_f
138	RomySchneider	20	AGE20	14086	14086_RomySchneider_20_f
138	RomySchneider	41	AGE41	14107	14107_RomySchneider_41_f
138	RomySchneider	37	AGE37	14103	14103_RomySchneider_37_f
138	RomySchneider	19	AGE19	14085	14085_RomySchneider_19_f
138	RomySchneider	43	AGE43	14109	14109_RomySchneider_43_f
138	RomySchneider	26	AGE26	14093	14093_RomySchneider_26_f
138	RomySchneider	30	AGE30	14097	14097_RomySchneider_30_f
138	RomySchneider	38	AGE38	14104	14104_RomySchneider_38_f
138	RomySchneider	32	AGE32	14099	14099_RomySchneider_32_f
139	GalileoGalilei	70	AGE70	1147	1147_GalileoGalilei_70_m
139	GalileoGalilei	74	AGE74	1146	1146_GalileoGalilei_74_m
139	GalileoGalilei	72	AGE72	1150	1150_GalileoGalilei_72_m
139	GalileoGalilei	63	AGE63	1149	1149_GalileoGalilei_63_m
139	GalileoGalilei	35	AGE35	1151	1151_GalileoGalilei_35_m
139	GalileoGalilei	41	AGE41	1148	1148_GalileoGalilei_41_m
139	GalileoGalilei	38	AGE38	1145	1145_GalileoGalilei_38_m
139	GalileoGalilei	68	AGE68	1144	1144_GalileoGalilei_68_m
140	EdHarris	51	AGE51	1710	1710_EdHarris_51_m
140	EdHarris	45	AGE45	1704	1704_EdHarris_45_m
140	EdHarris	44	AGE44	1702	1702_EdHarris_44_m
140	EdHarris	45	AGE45	1703	1703_EdHarris_45_m
140	EdHarris	32	AGE32	1691	1691_EdHarris_32_m
140	EdHarris	62	AGE62	1719	1719_EdHarris_62_m
140	EdHarris	50	AGE50	1709	1709_EdHarris_50_m
140	EdHarris	63	AGE63	1720	1720_EdHarris_63_m
140	EdHarris	43	AGE43	1701	1701_EdHarris_43_m
140	EdHarris	57	AGE57	1715	1715_EdHarris_57_m
140	EdHarris	33	AGE33	1692	1692_EdHarris_33_m
140	EdHarris	34	AGE34	1694	1694_EdHarris_34_m
140	EdHarris	53	AGE53	1711	1711_EdHarris_53_m
140	EdHarris	37	AGE37	1697	1697_EdHarris_37_m
140	EdHarris	48	AGE48	1707	1707_EdHarris_48_m
140	EdHarris	33	AGE33	1693	1693_EdHarris_33_m
140	EdHarris	56	AGE56	1713	1713_EdHarris_56_m
140	EdHarris	60	AGE60	1717	1717_EdHarris_60_m
140	EdHarris	62	AGE62	1718	1718_EdHarris_62_m
140	EdHarris	54	AGE54	1712	1712_EdHarris_54_m
140	EdHarris	40	AGE40	1700	1700_EdHarris_40_m
140	EdHarris	38	AGE38	1698	1698_EdHarris_38_m
140	EdHarris	64	AGE64	1721	1721_EdHarris_64_m
140	EdHarris	41	AGE41	1722	1722_EdHarris_41_m
140	EdHarris	35	AGE35	1696	1696_EdHarris_35_m
140	EdHarris	30	AGE30	1689	1689_EdHarris_30_m
140	EdHarris	49	AGE49	1708	1708_EdHarris_49_m
140	EdHarris	47	AGE47	1706	1706_EdHarris_47_m
140	EdHarris	46	AGE46	1705	1705_EdHarris_46_m
140	EdHarris	31	AGE31	1690	1690_EdHarris_31_m
140	EdHarris	56	AGE56	1714	1714_EdHarris_56_m
140	EdHarris	34	AGE34	1695	1695_EdHarris_34_m
140	EdHarris	28	AGE28	1688	1688_EdHarris_28_m
140	EdHarris	39	AGE39	1699	1699_EdHarris_39_m
140	EdHarris	58	AGE58	1716	1716_EdHarris_58_m
141	ErnestBorgnine	82	AGE82	8936	8936_ErnestBorgnine_82_m
141	ErnestBorgnine	43	AGE43	8914	8914_ErnestBorgnine_43_m
141	ErnestBorgnine	57	AGE57	8924	8924_ErnestBorgnine_57_m
141	ErnestBorgnine	38	AGE38	8910	8910_ErnestBorgnine_38_m
141	ErnestBorgnine	53	AGE53	8920	8920_ErnestBorgnine_53_m
141	ErnestBorgnine	59	AGE59	8926	8926_ErnestBorgnine_59_m
141	ErnestBorgnine	58	AGE58	8925	8925_ErnestBorgnine_58_m
141	ErnestBorgnine	41	AGE41	8913	8913_ErnestBorgnine_41_m
141	ErnestBorgnine	86	AGE86	8939	8939_ErnestBorgnine_86_m
141	ErnestBorgnine	79	AGE79	8934	8934_ErnestBorgnine_79_m
141	ErnestBorgnine	55	AGE55	8922	8922_ErnestBorgnine_55_m
141	ErnestBorgnine	80	AGE80	8935	8935_ErnestBorgnine_80_m
141	ErnestBorgnine	63	AGE63	8929	8929_ErnestBorgnine_63_m
141	ErnestBorgnine	93	AGE93	8943	8943_ErnestBorgnine_93_m
141	ErnestBorgnine	85	AGE85	8938	8938_ErnestBorgnine_85_m
141	ErnestBorgnine	75	AGE75	8933	8933_ErnestBorgnine_75_m
141	ErnestBorgnine	65	AGE65	8930	8930_ErnestBorgnine_65_m
141	ErnestBorgnine	61	AGE61	8928	8928_ErnestBorgnine_61_m
141	ErnestBorgnine	60	AGE60	8927	8927_ErnestBorgnine_60_m
141	ErnestBorgnine	38	AGE38	8909	8909_ErnestBorgnine_38_m
141	ErnestBorgnine	37	AGE37	8908	8908_ErnestBorgnine_37_m
141	ErnestBorgnine	88	AGE88	8940	8940_ErnestBorgnine_88_m
141	ErnestBorgnine	89	AGE89	8941	8941_ErnestBorgnine_89_m
141	ErnestBorgnine	46	AGE46	8915	8915_ErnestBorgnine_46_m
141	ErnestBorgnine	94	AGE94	8944	8944_ErnestBorgnine_94_m
141	ErnestBorgnine	91	AGE91	8942	8942_ErnestBorgnine_91_m
141	ErnestBorgnine	47	AGE47	8916	8916_ErnestBorgnine_47_m
141	ErnestBorgnine	56	AGE56	8923	8923_ErnestBorgnine_56_m
141	ErnestBorgnine	51	AGE51	8918	8918_ErnestBorgnine_51_m
141	ErnestBorgnine	41	AGE41	8912	8912_ErnestBorgnine_41_m
141	ErnestBorgnine	84	AGE84	8937	8937_ErnestBorgnine_84_m
141	ErnestBorgnine	73	AGE73	8932	8932_ErnestBorgnine_73_m
141	ErnestBorgnine	54	AGE54	8921	8921_ErnestBorgnine_54_m
141	ErnestBorgnine	48	AGE48	8917	8917_ErnestBorgnine_48_m
141	ErnestBorgnine	52	AGE52	8919	8919_ErnestBorgnine_52_m
141	ErnestBorgnine	39	AGE39	8911	8911_ErnestBorgnine_39_m
141	ErnestBorgnine	72	AGE72	8931	8931_ErnestBorgnine_72_m
142	JanetGaynor	21	AGE21	14245	14245_JanetGaynor_21_f
142	JanetGaynor	20	AGE20	14241	14241_JanetGaynor_20_f
142	JanetGaynor	26	AGE26	14249	14249_JanetGaynor_26_f
142	JanetGaynor	27	AGE27	14250	14250_JanetGaynor_27_f
142	JanetGaynor	24	AGE24	14248	14248_JanetGaynor_24_f
142	JanetGaynor	29	AGE29	14252	14252_JanetGaynor_29_f
142	JanetGaynor	72	AGE72	14267	14267_JanetGaynor_72_f
142	JanetGaynor	31	AGE31	14254	14254_JanetGaynor_31_f
142	JanetGaynor	48	AGE48	14257	14257_JanetGaynor_48_f
142	JanetGaynor	71	AGE71	14258	14258_JanetGaynor_71_f
142	JanetGaynor	76	AGE76	14260	14260_JanetGaynor_76_f
142	JanetGaynor	23	AGE23	14262	14262_JanetGaynor_23_f
142	JanetGaynor	51	AGE51	14255	14255_JanetGaynor_51_f
142	JanetGaynor	23	AGE23	14247	14247_JanetGaynor_23_f
142	JanetGaynor	28	AGE28	14251	14251_JanetGaynor_28_f
142	JanetGaynor	30	AGE30	14253	14253_JanetGaynor_30_f
142	JanetGaynor	31	AGE31	14264	14264_JanetGaynor_31_f
142	JanetGaynor	74	AGE74	14259	14259_JanetGaynor_74_f
142	JanetGaynor	47	AGE47	14266	14266_JanetGaynor_47_f
142	JanetGaynor	14	AGE14	14243	14243_JanetGaynor_14_f
142	JanetGaynor	30	AGE30	14263	14263_JanetGaynor_30_f
142	JanetGaynor	24	AGE24	14261	14261_JanetGaynor_24_f
142	JanetGaynor	20	AGE20	14244	14244_JanetGaynor_20_f
142	JanetGaynor	21	AGE21	14242	14242_JanetGaynor_21_f
142	JanetGaynor	32	AGE32	14256	14256_JanetGaynor_32_f
142	JanetGaynor	22	AGE22	14246	14246_JanetGaynor_22_f
142	JanetGaynor	25	AGE25	14265	14265_JanetGaynor_25_f
143	BarbraStreisand	31	AGE31	12912	12912_BarbraStreisand_31_f
143	BarbraStreisand	41	AGE41	12923	12923_BarbraStreisand_41_f
143	BarbraStreisand	42	AGE42	12924	12924_BarbraStreisand_42_f
143	BarbraStreisand	38	AGE38	12922	12922_BarbraStreisand_38_f
143	BarbraStreisand	22	AGE22	12937	12937_BarbraStreisand_22_f
143	BarbraStreisand	27	AGE27	12908	12908_BarbraStreisand_27_f
143	BarbraStreisand	71	AGE71	12933	12933_BarbraStreisand_71_f
143	BarbraStreisand	33	AGE33	12914	12914_BarbraStreisand_33_f
143	BarbraStreisand	10	AGE10	12936	12936_BarbraStreisand_10_f
143	BarbraStreisand	58	AGE58	12928	12928_BarbraStreisand_58_f
143	BarbraStreisand	11	AGE11	12934	12934_BarbraStreisand_11_f
143	BarbraStreisand	30	AGE30	12911	12911_BarbraStreisand_30_f
143	BarbraStreisand	29	AGE29	12910	12910_BarbraStreisand_29_f
143	BarbraStreisand	62	AGE62	12929	12929_BarbraStreisand_62_f
143	BarbraStreisand	20	AGE20	12918	12918_BarbraStreisand_20_f
143	BarbraStreisand	20	AGE20	12906	12906_BarbraStreisand_20_f
143	BarbraStreisand	68	AGE68	12917	12917_BarbraStreisand_68_f
143	BarbraStreisand	46	AGE46	12925	12925_BarbraStreisand_46_f
143	BarbraStreisand	28	AGE28	12909	12909_BarbraStreisand_28_f
143	BarbraStreisand	35	AGE35	12921	12921_BarbraStreisand_35_f
143	BarbraStreisand	69	AGE69	12931	12931_BarbraStreisand_69_f
143	BarbraStreisand	34	AGE34	12920	12920_BarbraStreisand_34_f
143	BarbraStreisand	56	AGE56	12927	12927_BarbraStreisand_56_f
143	BarbraStreisand	21	AGE21	12919	12919_BarbraStreisand_21_f
143	BarbraStreisand	48	AGE48	12926	12926_BarbraStreisand_48_f
143	BarbraStreisand	63	AGE63	12916	12916_BarbraStreisand_63_f
143	BarbraStreisand	26	AGE26	12907	12907_BarbraStreisand_26_f
143	BarbraStreisand	67	AGE67	12930	12930_BarbraStreisand_67_f
143	BarbraStreisand	59	AGE59	12915	12915_BarbraStreisand_59_f
143	BarbraStreisand	32	AGE32	12913	12913_BarbraStreisand_32_f
143	BarbraStreisand	70	AGE70	12932	12932_BarbraStreisand_70_f
143	BarbraStreisand	25	AGE25	12935	12935_BarbraStreisand_25_f
144	SusannahYork	45	AGE45	14126	14126_SusannahYork_45_f
144	SusannahYork	22	AGE22	14112	14112_SusannahYork_22_f
144	SusannahYork	71	AGE71	14140	14140_SusannahYork_71_f
144	SusannahYork	61	AGE61	14136	14136_SusannahYork_61_f
144	SusannahYork	35	AGE35	14121	14121_SusannahYork_35_f
144	SusannahYork	29	AGE29	14117	14117_SusannahYork_29_f
144	SusannahYork	30	AGE30	14118	14118_SusannahYork_30_f
144	SusannahYork	26	AGE26	14115	14115_SusannahYork_26_f
144	SusannahYork	57	AGE57	14133	14133_SusannahYork_57_f
144	SusannahYork	39	AGE39	14124	14124_SusannahYork_39_f
144	SusannahYork	64	AGE64	14137	14137_SusannahYork_64_f
144	SusannahYork	21	AGE21	14111	14111_SusannahYork_21_f
144	SusannahYork	55	AGE55	14131	14131_SusannahYork_55_f
144	SusannahYork	38	AGE38	14123	14123_SusannahYork_38_f
144	SusannahYork	60	AGE60	14135	14135_SusannahYork_60_f
144	SusannahYork	41	AGE41	14141	14141_SusannahYork_41_f
144	SusannahYork	59	AGE59	14134	14134_SusannahYork_59_f
144	SusannahYork	65	AGE65	14138	14138_SusannahYork_65_f
144	SusannahYork	69	AGE69	14139	14139_SusannahYork_69_f
144	SusannahYork	27	AGE27	14116	14116_SusannahYork_27_f
144	SusannahYork	24	AGE24	14114	14114_SusannahYork_24_f
144	SusannahYork	51	AGE51	14129	14129_SusannahYork_51_f
144	SusannahYork	46	AGE46	14127	14127_SusannahYork_46_f
144	SusannahYork	53	AGE53	14130	14130_SusannahYork_53_f
144	SusannahYork	48	AGE48	14128	14128_SusannahYork_48_f
144	SusannahYork	23	AGE23	14113	14113_SusannahYork_23_f
144	SusannahYork	31	AGE31	14119	14119_SusannahYork_31_f
144	SusannahYork	42	AGE42	14125	14125_SusannahYork_42_f
144	SusannahYork	56	AGE56	14132	14132_SusannahYork_56_f
144	SusannahYork	36	AGE36	14122	14122_SusannahYork_36_f
144	SusannahYork	33	AGE33	14120	14120_SusannahYork_33_f
145	DonJohnson	36	AGE36	2512	2512_DonJohnson_36_m
145	DonJohnson	60	AGE60	2532	2532_DonJohnson_60_m
145	DonJohnson	23	AGE23	2501	2501_DonJohnson_23_m
145	DonJohnson	64	AGE64	2534	2534_DonJohnson_64_m
145	DonJohnson	38	AGE38	2514	2514_DonJohnson_38_m
145	DonJohnson	26	AGE26	2504	2504_DonJohnson_26_m
145	DonJohnson	65	AGE65	2535	2535_DonJohnson_65_m
145	DonJohnson	28	AGE28	2506	2506_DonJohnson_28_m
145	DonJohnson	47	AGE47	2520	2520_DonJohnson_47_m
145	DonJohnson	31	AGE31	2508	2508_DonJohnson_31_m
145	DonJohnson	37	AGE37	2513	2513_DonJohnson_37_m
145	DonJohnson	59	AGE59	2531	2531_DonJohnson_59_m
145	DonJohnson	50	AGE50	2523	2523_DonJohnson_50_m
145	DonJohnson	48	AGE48	2521	2521_DonJohnson_48_m
145	DonJohnson	30	AGE30	2507	2507_DonJohnson_30_m
145	DonJohnson	39	AGE39	2515	2515_DonJohnson_39_m
145	DonJohnson	20	AGE20	2498	2498_DonJohnson_20_m
145	DonJohnson	27	AGE27	2505	2505_DonJohnson_27_m
145	DonJohnson	43	AGE43	2517	2517_DonJohnson_43_m
145	DonJohnson	56	AGE56	2529	2529_DonJohnson_56_m
145	DonJohnson	51	AGE51	2524	2524_DonJohnson_51_m
145	DonJohnson	22	AGE22	2500	2500_DonJohnson_22_m
145	DonJohnson	45	AGE45	2518	2518_DonJohnson_45_m
145	DonJohnson	34	AGE34	2510	2510_DonJohnson_34_m
145	DonJohnson	21	AGE21	2499	2499_DonJohnson_21_m
145	DonJohnson	61	AGE61	2533	2533_DonJohnson_61_m
145	DonJohnson	46	AGE46	2519	2519_DonJohnson_46_m
145	DonJohnson	17	AGE17	2497	2497_DonJohnson_17_m
145	DonJohnson	55	AGE55	2528	2528_DonJohnson_55_m
145	DonJohnson	35	AGE35	2511	2511_DonJohnson_35_m
145	DonJohnson	33	AGE33	2509	2509_DonJohnson_33_m
145	DonJohnson	52	AGE52	2525	2525_DonJohnson_52_m
145	DonJohnson	57	AGE57	2530	2530_DonJohnson_57_m
145	DonJohnson	53	AGE53	2526	2526_DonJohnson_53_m
145	DonJohnson	40	AGE40	2516	2516_DonJohnson_40_m
145	DonJohnson	49	AGE49	2522	2522_DonJohnson_49_m
145	DonJohnson	24	AGE24	2502	2502_DonJohnson_24_m
145	DonJohnson	54	AGE54	2527	2527_DonJohnson_54_m
145	DonJohnson	25	AGE25	2503	2503_DonJohnson_25_m
146	RicardoMontalb╨░n	25	AGE25	9533	9533_RicardoMontalb╨░n_25_m
146	RicardoMontalb╨░n	22	AGE22	9531	9531_RicardoMontalb╨░n_22_m
146	RicardoMontalb╨░n	70	AGE70	9558	9558_RicardoMontalb╨░n_70_m
146	RicardoMontalb╨░n	57	AGE57	9552	9552_RicardoMontalb╨░n_57_m
146	RicardoMontalb╨░n	23	AGE23	9532	9532_RicardoMontalb╨░n_23_m
146	RicardoMontalb╨░n	65	AGE65	9555	9555_RicardoMontalb╨░n_65_m
146	RicardoMontalb╨░n	55	AGE55	9550	9550_RicardoMontalb╨░n_55_m
146	RicardoMontalb╨░n	31	AGE31	9538	9538_RicardoMontalb╨░n_31_m
146	RicardoMontalb╨░n	83	AGE83	9563	9563_RicardoMontalb╨░n_83_m
146	RicardoMontalb╨░n	51	AGE51	9548	9548_RicardoMontalb╨░n_51_m
146	RicardoMontalb╨░n	77	AGE77	9560	9560_RicardoMontalb╨░n_77_m
146	RicardoMontalb╨░n	74	AGE74	9559	9559_RicardoMontalb╨░n_74_m
146	RicardoMontalb╨░n	30	AGE30	9537	9537_RicardoMontalb╨░n_30_m
146	RicardoMontalb╨░n	41	AGE41	9542	9542_RicardoMontalb╨░n_41_m
146	RicardoMontalb╨░n	47	AGE47	9545	9545_RicardoMontalb╨░n_47_m
146	RicardoMontalb╨░n	61	AGE61	9554	9554_RicardoMontalb╨░n_61_m
146	RicardoMontalb╨░n	82	AGE82	9562	9562_RicardoMontalb╨░n_82_m
146	RicardoMontalb╨░n	46	AGE46	9544	9544_RicardoMontalb╨░n_46_m
146	RicardoMontalb╨░n	28	AGE28	9535	9535_RicardoMontalb╨░n_28_m
146	RicardoMontalb╨░n	37	AGE37	9540	9540_RicardoMontalb╨░n_37_m
146	RicardoMontalb╨░n	44	AGE44	9543	9543_RicardoMontalb╨░n_44_m
146	RicardoMontalb╨░n	40	AGE40	9541	9541_RicardoMontalb╨░n_40_m
146	RicardoMontalb╨░n	68	AGE68	9557	9557_RicardoMontalb╨░n_68_m
146	RicardoMontalb╨░n	48	AGE48	9546	9546_RicardoMontalb╨░n_48_m
146	RicardoMontalb╨░n	58	AGE58	9553	9553_RicardoMontalb╨░n_58_m
146	RicardoMontalb╨░n	50	AGE50	9547	9547_RicardoMontalb╨░n_50_m
146	RicardoMontalb╨░n	67	AGE67	9556	9556_RicardoMontalb╨░n_67_m
146	RicardoMontalb╨░n	27	AGE27	9534	9534_RicardoMontalb╨░n_27_m
146	RicardoMontalb╨░n	32	AGE32	9539	9539_RicardoMontalb╨░n_32_m
146	RicardoMontalb╨░n	29	AGE29	9536	9536_RicardoMontalb╨░n_29_m
146	RicardoMontalb╨░n	78	AGE78	9561	9561_RicardoMontalb╨░n_78_m
146	RicardoMontalb╨░n	56	AGE56	9551	9551_RicardoMontalb╨░n_56_m
146	RicardoMontalb╨░n	52	AGE52	9549	9549_RicardoMontalb╨░n_52_m
146	RicardoMontalb╨░n	84	AGE84	9564	9564_RicardoMontalb╨░n_84_m
147	SamuelJacksonn	63	AGE63	16138	16138_SamuelJacksonn_63_m
147	SamuelJacksonn	55	AGE55	16128	16128_SamuelJacksonn_55_m
147	SamuelJacksonn	58	AGE58	16131	16131_SamuelJacksonn_58_m
147	SamuelJacksonn	36	AGE36	16111	16111_SamuelJacksonn_36_m
147	SamuelJacksonn	50	AGE50	16119	16119_SamuelJacksonn_50_m
147	SamuelJacksonn	52	AGE52	16124	16124_SamuelJacksonn_52_m
147	SamuelJacksonn	52	AGE52	16121	16121_SamuelJacksonn_52_m
147	SamuelJacksonn	56	AGE56	16129	16129_SamuelJacksonn_56_m
147	SamuelJacksonn	60	AGE60	16133	16133_SamuelJacksonn_60_m
147	SamuelJacksonn	48	AGE48	16117	16117_SamuelJacksonn_48_m
147	SamuelJacksonn	45	AGE45	16113	16113_SamuelJacksonn_45_m
147	SamuelJacksonn	44	AGE44	16112	16112_SamuelJacksonn_44_m
147	SamuelJacksonn	52	AGE52	16125	16125_SamuelJacksonn_52_m
147	SamuelJacksonn	66	AGE66	16141	16141_SamuelJacksonn_66_m
147	SamuelJacksonn	46	AGE46	16114	16114_SamuelJacksonn_46_m
147	SamuelJacksonn	59	AGE59	16132	16132_SamuelJacksonn_59_m
147	SamuelJacksonn	47	AGE47	16115	16115_SamuelJacksonn_47_m
147	SamuelJacksonn	51	AGE51	16122	16122_SamuelJacksonn_51_m
147	SamuelJacksonn	62	AGE62	16136	16136_SamuelJacksonn_62_m
147	SamuelJacksonn	53	AGE53	16123	16123_SamuelJacksonn_53_m
147	SamuelJacksonn	49	AGE49	16120	16120_SamuelJacksonn_49_m
147	SamuelJacksonn	53	AGE53	16126	16126_SamuelJacksonn_53_m
147	SamuelJacksonn	67	AGE67	16142	16142_SamuelJacksonn_67_m
147	SamuelJacksonn	61	AGE61	16134	16134_SamuelJacksonn_61_m
147	SamuelJacksonn	62	AGE62	16135	16135_SamuelJacksonn_62_m
147	SamuelJacksonn	47	AGE47	16116	16116_SamuelJacksonn_47_m
147	SamuelJacksonn	48	AGE48	16118	16118_SamuelJacksonn_48_m
147	SamuelJacksonn	68	AGE68	16143	16143_SamuelJacksonn_68_m
147	SamuelJacksonn	57	AGE57	16130	16130_SamuelJacksonn_57_m
147	SamuelJacksonn	69	AGE69	16144	16144_SamuelJacksonn_69_m
147	SamuelJacksonn	64	AGE64	16139	16139_SamuelJacksonn_64_m
147	SamuelJacksonn	65	AGE65	16140	16140_SamuelJacksonn_65_m
147	SamuelJacksonn	63	AGE63	16137	16137_SamuelJacksonn_63_m
147	SamuelJacksonn	54	AGE54	16127	16127_SamuelJacksonn_54_m
148	WillSmith 	45	AGE45	16078	16078_WillSmith _45_m
148	WillSmith 	43	AGE43	16011	16011_WillSmith _43_m
148	WillSmith 	41	AGE41	16075	16075_WillSmith _41_m
148	WillSmith 	24	AGE24	16057	16057_WillSmith _24_m
148	WillSmith 	39	AGE39	16073	16073_WillSmith _39_m
148	WillSmith 	28	AGE28	16062	16062_WillSmith _28_m
148	WillSmith 	27	AGE27	16061	16061_WillSmith _27_m
148	WillSmith 	32	AGE32	16066	16066_WillSmith _32_m
148	WillSmith 	22	AGE22	16053	16053_WillSmith _22_m
148	WillSmith 	44	AGE44	16077	16077_WillSmith _44_m
148	WillSmith 	40	AGE40	16074	16074_WillSmith _40_m
148	WillSmith 	26	AGE26	16060	16060_WillSmith _26_m
148	WillSmith 	31	AGE31	16065	16065_WillSmith _31_m
148	WillSmith 	42	AGE42	16076	16076_WillSmith _42_m
148	WillSmith 	34	AGE34	16068	16068_WillSmith _34_m
148	WillSmith 	33	AGE33	16067	16067_WillSmith _33_m
148	WillSmith 	25	AGE25	16059	16059_WillSmith _25_m
148	WillSmith 	29	AGE29	16063	16063_WillSmith _29_m
148	WillSmith 	49	AGE49	16080	16080_WillSmith _49_m
148	WillSmith 	35	AGE35	16069	16069_WillSmith _35_m
148	WillSmith 	22	AGE22	16054	16054_WillSmith _22_m
148	WillSmith 	23	AGE23	16055	16055_WillSmith _23_m
148	WillSmith 	25	AGE25	16058	16058_WillSmith _25_m
148	WillSmith 	48	AGE48	16052	16052_WillSmith _48_m
148	WillSmith 	24	AGE24	16056	16056_WillSmith _24_m
148	WillSmith 	38	AGE38	16072	16072_WillSmith _38_m
148	WillSmith 	37	AGE37	16071	16071_WillSmith _37_m
148	WillSmith 	36	AGE36	16070	16070_WillSmith _36_m
148	WillSmith 	30	AGE30	16064	16064_WillSmith _30_m
148	WillSmith 	45	AGE45	16079	16079_WillSmith _45_m
149	AlecGuinness	69	AGE69	8771	8771_AlecGuinness_69_m
149	AlecGuinness	45	AGE45	8759	8759_AlecGuinness_45_m
149	AlecGuinness	35	AGE35	8752	8752_AlecGuinness_35_m
149	AlecGuinness	26	AGE26	8773	8773_AlecGuinness_26_m
149	AlecGuinness	37	AGE37	8749	8749_AlecGuinness_37_m
149	AlecGuinness	37	AGE37	8779	8779_AlecGuinness_37_m
149	AlecGuinness	30	AGE30	8776	8776_AlecGuinness_30_m
149	AlecGuinness	45	AGE45	8760	8760_AlecGuinness_45_m
149	AlecGuinness	39	AGE39	8755	8755_AlecGuinness_39_m
149	AlecGuinness	40	AGE40	8774	8774_AlecGuinness_40_m
149	AlecGuinness	50	AGE50	8762	8762_AlecGuinness_50_m
149	AlecGuinness	33	AGE33	8750	8750_AlecGuinness_33_m
149	AlecGuinness	48	AGE48	8769	8769_AlecGuinness_48_m
149	AlecGuinness	34	AGE34	8751	8751_AlecGuinness_34_m
149	AlecGuinness	63	AGE63	8765	8765_AlecGuinness_63_m
149	AlecGuinness	46	AGE46	8761	8761_AlecGuinness_46_m
149	AlecGuinness	66	AGE66	8780	8780_AlecGuinness_66_m
149	AlecGuinness	43	AGE43	8758	8758_AlecGuinness_43_m
149	AlecGuinness	63	AGE63	8764	8764_AlecGuinness_63_m
149	AlecGuinness	28	AGE28	8772	8772_AlecGuinness_28_m
149	AlecGuinness	30	AGE30	8746	8746_AlecGuinness_30_m
149	AlecGuinness	63	AGE63	8767	8767_AlecGuinness_63_m
149	AlecGuinness	63	AGE63	8777	8777_AlecGuinness_63_m
149	AlecGuinness	39	AGE39	8756	8756_AlecGuinness_39_m
149	AlecGuinness	63	AGE63	8745	8745_AlecGuinness_63_m
149	AlecGuinness	32	AGE32	8747	8747_AlecGuinness_32_m
149	AlecGuinness	16	AGE16	8778	8778_AlecGuinness_16_m
149	AlecGuinness	32	AGE32	8753	8753_AlecGuinness_32_m
149	AlecGuinness	39	AGE39	8757	8757_AlecGuinness_39_m
149	AlecGuinness	81	AGE81	8770	8770_AlecGuinness_81_m
149	AlecGuinness	66	AGE66	8766	8766_AlecGuinness_66_m
149	AlecGuinness	35	AGE35	8775	8775_AlecGuinness_35_m
149	AlecGuinness	69	AGE69	8748	8748_AlecGuinness_69_m
149	AlecGuinness	53	AGE53	8763	8763_AlecGuinness_53_m
149	AlecGuinness	37	AGE37	8768	8768_AlecGuinness_37_m
149	AlecGuinness	36	AGE36	8754	8754_AlecGuinness_36_m
150	RitaLeviMontalcini	95	AGE95	1309	1309_RitaLeviMontalcini_95_f
150	RitaLeviMontalcini	41	AGE41	1299	1299_RitaLeviMontalcini_41_f
150	RitaLeviMontalcini	57	AGE57	1298	1298_RitaLeviMontalcini_57_f
150	RitaLeviMontalcini	98	AGE98	1303	1303_RitaLeviMontalcini_98_f
150	RitaLeviMontalcini	27	AGE27	1305	1305_RitaLeviMontalcini_27_f
150	RitaLeviMontalcini	99	AGE99	1304	1304_RitaLeviMontalcini_99_f
150	RitaLeviMontalcini	98	AGE98	1302	1302_RitaLeviMontalcini_98_f
150	RitaLeviMontalcini	101	AGE101	1311	1311_RitaLeviMontalcini_101_f
150	RitaLeviMontalcini	96	AGE96	1301	1301_RitaLeviMontalcini_96_f
150	RitaLeviMontalcini	18	AGE18	1306	1306_RitaLeviMontalcini_18_f
150	RitaLeviMontalcini	75	AGE75	1300	1300_RitaLeviMontalcini_75_f
150	RitaLeviMontalcini	93	AGE93	1310	1310_RitaLeviMontalcini_93_f
150	RitaLeviMontalcini	13	AGE13	1297	1297_RitaLeviMontalcini_13_f
150	RitaLeviMontalcini	32	AGE32	1307	1307_RitaLeviMontalcini_32_f
150	RitaLeviMontalcini	67	AGE67	1308	1308_RitaLeviMontalcini_67_f
151	AnnieGirardot	53	AGE53	13895	13895_AnnieGirardot_53_f
151	AnnieGirardot	34	AGE34	13884	13884_AnnieGirardot_34_f
151	AnnieGirardot	43	AGE43	13890	13890_AnnieGirardot_43_f
151	AnnieGirardot	67	AGE67	13902	13902_AnnieGirardot_67_f
151	AnnieGirardot	76	AGE76	13908	13908_AnnieGirardot_76_f
151	AnnieGirardot	30	AGE30	13880	13880_AnnieGirardot_30_f
151	AnnieGirardot	50	AGE50	13894	13894_AnnieGirardot_50_f
151	AnnieGirardot	54	AGE54	13896	13896_AnnieGirardot_54_f
151	AnnieGirardot	42	AGE42	13889	13889_AnnieGirardot_42_f
151	AnnieGirardot	74	AGE74	13907	13907_AnnieGirardot_74_f
151	AnnieGirardot	64	AGE64	13901	13901_AnnieGirardot_64_f
151	AnnieGirardot	56	AGE56	13897	13897_AnnieGirardot_56_f
151	AnnieGirardot	32	AGE32	13882	13882_AnnieGirardot_32_f
151	AnnieGirardot	62	AGE62	13900	13900_AnnieGirardot_62_f
151	AnnieGirardot	79	AGE79	13910	13910_AnnieGirardot_79_f
151	AnnieGirardot	27	AGE27	13877	13877_AnnieGirardot_27_f
151	AnnieGirardot	73	AGE73	13906	13906_AnnieGirardot_73_f
151	AnnieGirardot	29	AGE29	13879	13879_AnnieGirardot_29_f
151	AnnieGirardot	71	AGE71	13904	13904_AnnieGirardot_71_f
151	AnnieGirardot	77	AGE77	13909	13909_AnnieGirardot_77_f
151	AnnieGirardot	26	AGE26	13875	13875_AnnieGirardot_26_f
151	AnnieGirardot	28	AGE28	13878	13878_AnnieGirardot_28_f
151	AnnieGirardot	26	AGE26	13876	13876_AnnieGirardot_26_f
151	AnnieGirardot	40	AGE40	13888	13888_AnnieGirardot_40_f
151	AnnieGirardot	58	AGE58	13898	13898_AnnieGirardot_58_f
151	AnnieGirardot	36	AGE36	13886	13886_AnnieGirardot_36_f
151	AnnieGirardot	33	AGE33	13883	13883_AnnieGirardot_33_f
151	AnnieGirardot	35	AGE35	13885	13885_AnnieGirardot_35_f
151	AnnieGirardot	31	AGE31	13881	13881_AnnieGirardot_31_f
151	AnnieGirardot	73	AGE73	13905	13905_AnnieGirardot_73_f
151	AnnieGirardot	60	AGE60	13899	13899_AnnieGirardot_60_f
151	AnnieGirardot	69	AGE69	13903	13903_AnnieGirardot_69_f
151	AnnieGirardot	45	AGE45	13892	13892_AnnieGirardot_45_f
151	AnnieGirardot	44	AGE44	13891	13891_AnnieGirardot_44_f
151	AnnieGirardot	47	AGE47	13893	13893_AnnieGirardot_47_f
151	AnnieGirardot	39	AGE39	13887	13887_AnnieGirardot_39_f
152	MaryPickford	35	AGE35	14400	14400_MaryPickford_35_f
152	MaryPickford	24	AGE24	14416	14416_MaryPickford_24_f
152	MaryPickford	30	AGE30	14415	14415_MaryPickford_30_f
152	MaryPickford	17	AGE17	14409	14409_MaryPickford_17_f
152	MaryPickford	28	AGE28	14394	14394_MaryPickford_28_f
152	MaryPickford	5	AGE5	14387	14387_MaryPickford_5_f
152	MaryPickford	26	AGE26	14417	14417_MaryPickford_26_f
152	MaryPickford	22	AGE22	14390	14390_MaryPickford_22_f
152	MaryPickford	58	AGE58	14407	14407_MaryPickford_58_f
152	MaryPickford	42	AGE42	14398	14398_MaryPickford_42_f
152	MaryPickford	21	AGE21	14389	14389_MaryPickford_21_f
152	MaryPickford	37	AGE37	14412	14412_MaryPickford_37_f
152	MaryPickford	33	AGE33	14411	14411_MaryPickford_33_f
152	MaryPickford	37	AGE37	14401	14401_MaryPickford_37_f
152	MaryPickford	54	AGE54	14410	14410_MaryPickford_54_f
152	MaryPickford	60	AGE60	14408	14408_MaryPickford_60_f
152	MaryPickford	56	AGE56	14405	14405_MaryPickford_56_f
152	MaryPickford	29	AGE29	14395	14395_MaryPickford_29_f
152	MaryPickford	45	AGE45	14403	14403_MaryPickford_45_f
152	MaryPickford	25	AGE25	14391	14391_MaryPickford_25_f
152	MaryPickford	27	AGE27	14392	14392_MaryPickford_27_f
152	MaryPickford	20	AGE20	14388	14388_MaryPickford_20_f
152	MaryPickford	29	AGE29	14414	14414_MaryPickford_29_f
152	MaryPickford	27	AGE27	14413	14413_MaryPickford_27_f
152	MaryPickford	24	AGE24	14420	14420_MaryPickford_24_f
152	MaryPickford	27	AGE27	14393	14393_MaryPickford_27_f
152	MaryPickford	34	AGE34	14399	14399_MaryPickford_34_f
152	MaryPickford	25	AGE25	14419	14419_MaryPickford_25_f
152	MaryPickford	84	AGE84	14406	14406_MaryPickford_84_f
152	MaryPickford	33	AGE33	14397	14397_MaryPickford_33_f
152	MaryPickford	23	AGE23	14418	14418_MaryPickford_23_f
152	MaryPickford	37	AGE37	14402	14402_MaryPickford_37_f
152	MaryPickford	55	AGE55	14404	14404_MaryPickford_55_f
152	MaryPickford	30	AGE30	14396	14396_MaryPickford_30_f
153	GaryOldman	39	AGE39	2554	2554_GaryOldman_39_m
153	GaryOldman	27	AGE27	2541	2541_GaryOldman_27_m
153	GaryOldman	40	AGE40	2556	2556_GaryOldman_40_m
153	GaryOldman	31	AGE31	2545	2545_GaryOldman_31_m
153	GaryOldman	48	AGE48	2564	2564_GaryOldman_48_m
153	GaryOldman	36	AGE36	2551	2551_GaryOldman_36_m
153	GaryOldman	53	AGE53	2569	2569_GaryOldman_53_m
153	GaryOldman	28	AGE28	2542	2542_GaryOldman_28_m
153	GaryOldman	35	AGE35	2549	2549_GaryOldman_35_m
153	GaryOldman	22	AGE22	2536	2536_GaryOldman_22_m
153	GaryOldman	36	AGE36	2550	2550_GaryOldman_36_m
153	GaryOldman	38	AGE38	2553	2553_GaryOldman_38_m
153	GaryOldman	34	AGE34	2548	2548_GaryOldman_34_m
153	GaryOldman	42	AGE42	2559	2559_GaryOldman_42_m
153	GaryOldman	37	AGE37	2552	2552_GaryOldman_37_m
153	GaryOldman	46	AGE46	2563	2563_GaryOldman_46_m
153	GaryOldman	25	AGE25	2539	2539_GaryOldman_25_m
153	GaryOldman	41	AGE41	2557	2557_GaryOldman_41_m
153	GaryOldman	29	AGE29	2543	2543_GaryOldman_29_m
153	GaryOldman	24	AGE24	2538	2538_GaryOldman_24_m
153	GaryOldman	54	AGE54	2570	2570_GaryOldman_54_m
153	GaryOldman	26	AGE26	2540	2540_GaryOldman_26_m
153	GaryOldman	24	AGE24	2537	2537_GaryOldman_24_m
153	GaryOldman	52	AGE52	2568	2568_GaryOldman_52_m
153	GaryOldman	45	AGE45	2562	2562_GaryOldman_45_m
153	GaryOldman	44	AGE44	2561	2561_GaryOldman_44_m
153	GaryOldman	39	AGE39	2555	2555_GaryOldman_39_m
153	GaryOldman	43	AGE43	2560	2560_GaryOldman_43_m
153	GaryOldman	49	AGE49	2565	2565_GaryOldman_49_m
153	GaryOldman	42	AGE42	2558	2558_GaryOldman_42_m
153	GaryOldman	52	AGE52	2567	2567_GaryOldman_52_m
153	GaryOldman	32	AGE32	2546	2546_GaryOldman_32_m
153	GaryOldman	30	AGE30	2544	2544_GaryOldman_30_m
153	GaryOldman	51	AGE51	2566	2566_GaryOldman_51_m
153	GaryOldman	33	AGE33	2547	2547_GaryOldman_33_m
153	GaryOldman	56	AGE56	2571	2571_GaryOldman_56_m
154	JeanneMoreau	68	AGE68	11071	11071_JeanneMoreau_68_f
154	JeanneMoreau	80	AGE80	11078	11078_JeanneMoreau_80_f
154	JeanneMoreau	27	AGE27	11046	11046_JeanneMoreau_27_f
154	JeanneMoreau	70	AGE70	11073	11073_JeanneMoreau_70_f
154	JeanneMoreau	62	AGE62	11067	11067_JeanneMoreau_62_f
154	JeanneMoreau	30	AGE30	11048	11048_JeanneMoreau_30_f
154	JeanneMoreau	79	AGE79	11077	11077_JeanneMoreau_79_f
154	JeanneMoreau	25	AGE25	11044	11044_JeanneMoreau_25_f
154	JeanneMoreau	65	AGE65	11070	11070_JeanneMoreau_65_f
154	JeanneMoreau	78	AGE78	11076	11076_JeanneMoreau_78_f
154	JeanneMoreau	63	AGE63	11068	11068_JeanneMoreau_63_f
154	JeanneMoreau	44	AGE44	11061	11061_JeanneMoreau_44_f
154	JeanneMoreau	53	AGE53	11065	11065_JeanneMoreau_53_f
154	JeanneMoreau	29	AGE29	11047	11047_JeanneMoreau_29_f
154	JeanneMoreau	49	AGE49	11064	11064_JeanneMoreau_49_f
154	JeanneMoreau	36	AGE36	11054	11054_JeanneMoreau_36_f
154	JeanneMoreau	37	AGE37	11055	11055_JeanneMoreau_37_f
154	JeanneMoreau	46	AGE46	11062	11062_JeanneMoreau_46_f
154	JeanneMoreau	40	AGE40	11057	11057_JeanneMoreau_40_f
154	JeanneMoreau	32	AGE32	11050	11050_JeanneMoreau_32_f
154	JeanneMoreau	31	AGE31	11049	11049_JeanneMoreau_31_f
154	JeanneMoreau	69	AGE69	11072	11072_JeanneMoreau_69_f
154	JeanneMoreau	33	AGE33	11051	11051_JeanneMoreau_33_f
154	JeanneMoreau	47	AGE47	11063	11063_JeanneMoreau_47_f
154	JeanneMoreau	77	AGE77	11075	11075_JeanneMoreau_77_f
154	JeanneMoreau	84	AGE84	11081	11081_JeanneMoreau_84_f
154	JeanneMoreau	85	AGE85	11082	11082_JeanneMoreau_85_f
154	JeanneMoreau	41	AGE41	11058	11058_JeanneMoreau_41_f
154	JeanneMoreau	43	AGE43	11060	11060_JeanneMoreau_43_f
154	JeanneMoreau	82	AGE82	11080	11080_JeanneMoreau_82_f
154	JeanneMoreau	26	AGE26	11045	11045_JeanneMoreau_26_f
154	JeanneMoreau	38	AGE38	11056	11056_JeanneMoreau_38_f
154	JeanneMoreau	72	AGE72	11074	11074_JeanneMoreau_72_f
154	JeanneMoreau	35	AGE35	11053	11053_JeanneMoreau_35_f
154	JeanneMoreau	34	AGE34	11052	11052_JeanneMoreau_34_f
154	JeanneMoreau	54	AGE54	11066	11066_JeanneMoreau_54_f
154	JeanneMoreau	81	AGE81	11079	11079_JeanneMoreau_81_f
154	JeanneMoreau	42	AGE42	11059	11059_JeanneMoreau_42_f
154	JeanneMoreau	64	AGE64	11069	11069_JeanneMoreau_64_f
155	SteveJobsb	52	AGE52	398	398_SteveJobsb_52_m
155	SteveJobsb	38	AGE38	406	406_SteveJobsb_38_m
155	SteveJobsb	20	AGE20	409	409_SteveJobsb_20_m
155	SteveJobsb	30	AGE30	405	405_SteveJobsb_30_m
155	SteveJobsb	47	AGE47	402	402_SteveJobsb_47_m
155	SteveJobsb	29	AGE29	400	400_SteveJobsb_29_m
155	SteveJobsb	55	AGE55	396	396_SteveJobsb_55_m
155	SteveJobsb	32	AGE32	401	401_SteveJobsb_32_m
155	SteveJobsb	17	AGE17	407	407_SteveJobsb_17_m
155	SteveJobsb	33	AGE33	397	397_SteveJobsb_33_m
155	SteveJobsb	50	AGE50	403	403_SteveJobsb_50_m
155	SteveJobsb	28	AGE28	404	404_SteveJobsb_28_m
155	SteveJobsb	56	AGE56	408	408_SteveJobsb_56_m
155	SteveJobsb	19	AGE19	399	399_SteveJobsb_19_m
156	ClerkMaxwell	30	AGE30	1025	1025_ClerkMaxwell_30_m
156	ClerkMaxwell	40	AGE40	1030	1030_ClerkMaxwell_40_m
156	ClerkMaxwell	40	AGE40	1031	1031_ClerkMaxwell_40_m
156	ClerkMaxwell	37	AGE37	1029	1029_ClerkMaxwell_37_m
156	ClerkMaxwell	45	AGE45	1028	1028_ClerkMaxwell_45_m
156	ClerkMaxwell	37	AGE37	1026	1026_ClerkMaxwell_37_m
156	ClerkMaxwell	42	AGE42	1032	1032_ClerkMaxwell_42_m
156	ClerkMaxwell	35	AGE35	1027	1027_ClerkMaxwell_35_m
157	angelamerkel	52	AGE52	542	542_angelamerkel_52_f
157	angelamerkel	17	AGE17	537	537_angelamerkel_17_f
157	angelamerkel	56	AGE56	532	532_angelamerkel_56_f
157	angelamerkel	54	AGE54	548	548_angelamerkel_54_f
157	angelamerkel	37	AGE37	552	552_angelamerkel_37_f
157	angelamerkel	20	AGE20	551	551_angelamerkel_20_f
157	angelamerkel	51	AGE51	550	550_angelamerkel_51_f
157	angelamerkel	47	AGE47	530	530_angelamerkel_47_f
157	angelamerkel	58	AGE58	528	528_angelamerkel_58_f
157	angelamerkel	36	AGE36	554	554_angelamerkel_36_f
157	angelamerkel	26	AGE26	540	540_angelamerkel_26_f
157	angelamerkel	47	AGE47	547	547_angelamerkel_47_f
157	angelamerkel	20	AGE20	544	544_angelamerkel_20_f
157	angelamerkel	51	AGE51	534	534_angelamerkel_51_f
157	angelamerkel	51	AGE51	546	546_angelamerkel_51_f
157	angelamerkel	43	AGE43	541	541_angelamerkel_43_f
157	angelamerkel	57	AGE57	536	536_angelamerkel_57_f
157	angelamerkel	51	AGE51	535	535_angelamerkel_51_f
157	angelamerkel	59	AGE59	553	553_angelamerkel_59_f
157	angelamerkel	51	AGE51	531	531_angelamerkel_51_f
157	angelamerkel	42	AGE42	555	555_angelamerkel_42_f
157	angelamerkel	26	AGE26	545	545_angelamerkel_26_f
157	angelamerkel	19	AGE19	549	549_angelamerkel_19_f
157	angelamerkel	54	AGE54	538	538_angelamerkel_54_f
157	angelamerkel	55	AGE55	543	543_angelamerkel_55_f
157	angelamerkel	50	AGE50	539	539_angelamerkel_50_f
157	angelamerkel	54	AGE54	529	529_angelamerkel_54_f
157	angelamerkel	43	AGE43	533	533_angelamerkel_43_f
158	SpencerTracy	35	AGE35	8382	8382_SpencerTracy_35_m
158	SpencerTracy	45	AGE45	8396	8396_SpencerTracy_45_m
158	SpencerTracy	38	AGE38	8386	8386_SpencerTracy_38_m
158	SpencerTracy	35	AGE35	8395	8395_SpencerTracy_35_m
158	SpencerTracy	62	AGE62	8387	8387_SpencerTracy_62_m
158	SpencerTracy	60	AGE60	8385	8385_SpencerTracy_60_m
158	SpencerTracy	63	AGE63	8391	8391_SpencerTracy_63_m
158	SpencerTracy	32	AGE32	8378	8378_SpencerTracy_32_m
158	SpencerTracy	60	AGE60	8399	8399_SpencerTracy_60_m
158	SpencerTracy	65	AGE65	8403	8403_SpencerTracy_65_m
158	SpencerTracy	42	AGE42	8388	8388_SpencerTracy_42_m
158	SpencerTracy	28	AGE28	8377	8377_SpencerTracy_28_m
158	SpencerTracy	62	AGE62	8383	8383_SpencerTracy_62_m
158	SpencerTracy	35	AGE35	8397	8397_SpencerTracy_35_m
158	SpencerTracy	38	AGE38	8394	8394_SpencerTracy_38_m
158	SpencerTracy	35	AGE35	8401	8401_SpencerTracy_35_m
158	SpencerTracy	58	AGE58	8400	8400_SpencerTracy_58_m
158	SpencerTracy	44	AGE44	8402	8402_SpencerTracy_44_m
158	SpencerTracy	48	AGE48	8381	8381_SpencerTracy_48_m
158	SpencerTracy	55	AGE55	8389	8389_SpencerTracy_55_m
158	SpencerTracy	17	AGE17	8384	8384_SpencerTracy_17_m
158	SpencerTracy	19	AGE19	8379	8379_SpencerTracy_19_m
158	SpencerTracy	58	AGE58	8398	8398_SpencerTracy_58_m
158	SpencerTracy	33	AGE33	8390	8390_SpencerTracy_33_m
158	SpencerTracy	63	AGE63	8393	8393_SpencerTracy_63_m
158	SpencerTracy	36	AGE36	8380	8380_SpencerTracy_36_m
158	SpencerTracy	41	AGE41	8392	8392_SpencerTracy_41_m
159	PierceBrosnan	54	AGE54	4811	4811_PierceBrosnan_54_m
159	PierceBrosnan	47	AGE47	4801	4801_PierceBrosnan_47_m
159	PierceBrosnan	49	AGE49	4804	4804_PierceBrosnan_49_m
159	PierceBrosnan	46	AGE46	4800	4800_PierceBrosnan_46_m
159	PierceBrosnan	41	AGE41	4796	4796_PierceBrosnan_41_m
159	PierceBrosnan	30	AGE30	4786	4786_PierceBrosnan_30_m
159	PierceBrosnan	44	AGE44	4799	4799_PierceBrosnan_44_m
159	PierceBrosnan	51	AGE51	4806	4806_PierceBrosnan_51_m
159	PierceBrosnan	57	AGE57	4814	4814_PierceBrosnan_57_m
159	PierceBrosnan	52	AGE52	4807	4807_PierceBrosnan_52_m
159	PierceBrosnan	36	AGE36	4792	4792_PierceBrosnan_36_m
159	PierceBrosnan	50	AGE50	4805	4805_PierceBrosnan_50_m
159	PierceBrosnan	29	AGE29	4785	4785_PierceBrosnan_29_m
159	PierceBrosnan	35	AGE35	4791	4791_PierceBrosnan_35_m
159	PierceBrosnan	31	AGE31	4787	4787_PierceBrosnan_31_m
159	PierceBrosnan	34	AGE34	4790	4790_PierceBrosnan_34_m
159	PierceBrosnan	60	AGE60	4818	4818_PierceBrosnan_60_m
159	PierceBrosnan	39	AGE39	4794	4794_PierceBrosnan_39_m
159	PierceBrosnan	32	AGE32	4788	4788_PierceBrosnan_32_m
159	PierceBrosnan	53	AGE53	4809	4809_PierceBrosnan_53_m
159	PierceBrosnan	58	AGE58	4816	4816_PierceBrosnan_58_m
159	PierceBrosnan	43	AGE43	4798	4798_PierceBrosnan_43_m
159	PierceBrosnan	56	AGE56	4813	4813_PierceBrosnan_56_m
159	PierceBrosnan	27	AGE27	4784	4784_PierceBrosnan_27_m
159	PierceBrosnan	61	AGE61	4819	4819_PierceBrosnan_61_m
159	PierceBrosnan	49	AGE49	4803	4803_PierceBrosnan_49_m
159	PierceBrosnan	48	AGE48	4802	4802_PierceBrosnan_48_m
159	PierceBrosnan	37	AGE37	4793	4793_PierceBrosnan_37_m
159	PierceBrosnan	57	AGE57	4815	4815_PierceBrosnan_57_m
159	PierceBrosnan	26	AGE26	4783	4783_PierceBrosnan_26_m
159	PierceBrosnan	59	AGE59	4817	4817_PierceBrosnan_59_m
159	PierceBrosnan	53	AGE53	4810	4810_PierceBrosnan_53_m
159	PierceBrosnan	40	AGE40	4795	4795_PierceBrosnan_40_m
159	PierceBrosnan	33	AGE33	4789	4789_PierceBrosnan_33_m
159	PierceBrosnan	52	AGE52	4808	4808_PierceBrosnan_52_m
159	PierceBrosnan	55	AGE55	4812	4812_PierceBrosnan_55_m
159	PierceBrosnan	42	AGE42	4797	4797_PierceBrosnan_42_m
160	Einstain	42	AGE42	985	985_Einstain_42_m
160	Einstain	41	AGE41	975	975_Einstain_41_m
160	Einstain	73	AGE73	986	986_Einstain_73_m
160	Einstain	45	AGE45	984	984_Einstain_45_m
160	Einstain	24	AGE24	976	976_Einstain_24_m
160	Einstain	68	AGE68	978	978_Einstain_68_m
160	Einstain	41	AGE41	981	981_Einstain_41_m
160	Einstain	25	AGE25	977	977_Einstain_25_m
160	Einstain	74	AGE74	980	980_Einstain_74_m
160	Einstain	55	AGE55	982	982_Einstain_55_m
160	Einstain	70	AGE70	983	983_Einstain_70_m
160	Einstain	40	AGE40	979	979_Einstain_40_m
161	MaggieSmith	32	AGE32	10702	10702_MaggieSmith_32_f
161	MaggieSmith	70	AGE70	10720	10720_MaggieSmith_70_f
161	MaggieSmith	28	AGE28	10697	10697_MaggieSmith_28_f
161	MaggieSmith	73	AGE73	10715	10715_MaggieSmith_73_f
161	MaggieSmith	48	AGE48	10708	10708_MaggieSmith_48_f
161	MaggieSmith	29	AGE29	10698	10698_MaggieSmith_29_f
161	MaggieSmith	67	AGE67	10714	10714_MaggieSmith_67_f
161	MaggieSmith	23	AGE23	10724	10724_MaggieSmith_23_f
161	MaggieSmith	39	AGE39	10695	10695_MaggieSmith_39_f
161	MaggieSmith	71	AGE71	10725	10725_MaggieSmith_71_f
161	MaggieSmith	31	AGE31	10701	10701_MaggieSmith_31_f
161	MaggieSmith	38	AGE38	10693	10693_MaggieSmith_38_f
161	MaggieSmith	61	AGE61	10711	10711_MaggieSmith_61_f
161	MaggieSmith	30	AGE30	10699	10699_MaggieSmith_30_f
161	MaggieSmith	47	AGE47	10707	10707_MaggieSmith_47_f
161	MaggieSmith	35	AGE35	10722	10722_MaggieSmith_35_f
161	MaggieSmith	24	AGE24	10694	10694_MaggieSmith_24_f
161	MaggieSmith	45	AGE45	10706	10706_MaggieSmith_45_f
161	MaggieSmith	35	AGE35	10726	10726_MaggieSmith_35_f
161	MaggieSmith	42	AGE42	10705	10705_MaggieSmith_42_f
161	MaggieSmith	35	AGE35	10718	10718_MaggieSmith_35_f
161	MaggieSmith	52	AGE52	10709	10709_MaggieSmith_52_f
161	MaggieSmith	63	AGE63	10713	10713_MaggieSmith_63_f
161	MaggieSmith	78	AGE78	10717	10717_MaggieSmith_78_f
161	MaggieSmith	34	AGE34	10703	10703_MaggieSmith_34_f
161	MaggieSmith	62	AGE62	10712	10712_MaggieSmith_62_f
161	MaggieSmith	76	AGE76	10716	10716_MaggieSmith_76_f
161	MaggieSmith	40	AGE40	10719	10719_MaggieSmith_40_f
161	MaggieSmith	26	AGE26	10723	10723_MaggieSmith_26_f
161	MaggieSmith	36	AGE36	10704	10704_MaggieSmith_36_f
161	MaggieSmith	54	AGE54	10710	10710_MaggieSmith_54_f
161	MaggieSmith	25	AGE25	10696	10696_MaggieSmith_25_f
161	MaggieSmith	31	AGE31	10700	10700_MaggieSmith_31_f
161	MaggieSmith	24	AGE24	10721	10721_MaggieSmith_24_f
162	PeterSellers	38	AGE38	9157	9157_PeterSellers_38_m
162	PeterSellers	42	AGE42	9164	9164_PeterSellers_42_m
162	PeterSellers	33	AGE33	9169	9169_PeterSellers_33_m
162	PeterSellers	39	AGE39	9161	9161_PeterSellers_39_m
162	PeterSellers	25	AGE25	9186	9186_PeterSellers_25_m
162	PeterSellers	42	AGE42	9179	9179_PeterSellers_42_m
162	PeterSellers	34	AGE34	9174	9174_PeterSellers_34_m
162	PeterSellers	40	AGE40	9156	9156_PeterSellers_40_m
162	PeterSellers	54	AGE54	9168	9168_PeterSellers_54_m
162	PeterSellers	42	AGE42	9185	9185_PeterSellers_42_m
162	PeterSellers	43	AGE43	9173	9173_PeterSellers_43_m
162	PeterSellers	37	AGE37	9182	9182_PeterSellers_37_m
162	PeterSellers	52	AGE52	9183	9183_PeterSellers_52_m
162	PeterSellers	38	AGE38	9159	9159_PeterSellers_38_m
162	PeterSellers	42	AGE42	9171	9171_PeterSellers_42_m
162	PeterSellers	39	AGE39	9177	9177_PeterSellers_39_m
162	PeterSellers	48	AGE48	9158	9158_PeterSellers_48_m
162	PeterSellers	35	AGE35	9163	9163_PeterSellers_35_m
162	PeterSellers	36	AGE36	9172	9172_PeterSellers_36_m
162	PeterSellers	42	AGE42	9184	9184_PeterSellers_42_m
162	PeterSellers	40	AGE40	9180	9180_PeterSellers_40_m
162	PeterSellers	35	AGE35	9166	9166_PeterSellers_35_m
162	PeterSellers	25	AGE25	9154	9154_PeterSellers_25_m
162	PeterSellers	54	AGE54	9181	9181_PeterSellers_54_m
162	PeterSellers	44	AGE44	9170	9170_PeterSellers_44_m
162	PeterSellers	45	AGE45	9160	9160_PeterSellers_45_m
162	PeterSellers	53	AGE53	9176	9176_PeterSellers_53_m
162	PeterSellers	30	AGE30	9153	9153_PeterSellers_30_m
162	PeterSellers	41	AGE41	9155	9155_PeterSellers_41_m
162	PeterSellers	54	AGE54	9167	9167_PeterSellers_54_m
162	PeterSellers	38	AGE38	9175	9175_PeterSellers_38_m
162	PeterSellers	34	AGE34	9165	9165_PeterSellers_34_m
162	PeterSellers	44	AGE44	9178	9178_PeterSellers_44_m
162	PeterSellers	39	AGE39	9162	9162_PeterSellers_39_m
163	CharlieSheen	48	AGE48	4045	4045_CharlieSheen_48_m
163	CharlieSheen	19	AGE19	4018	4018_CharlieSheen_19_m
163	CharlieSheen	34	AGE34	4031	4031_CharlieSheen_34_m
163	CharlieSheen	35	AGE35	4032	4032_CharlieSheen_35_m
163	CharlieSheen	47	AGE47	4043	4043_CharlieSheen_47_m
163	CharlieSheen	20	AGE20	4019	4019_CharlieSheen_20_m
163	CharlieSheen	37	AGE37	4034	4034_CharlieSheen_37_m
163	CharlieSheen	36	AGE36	4033	4033_CharlieSheen_36_m
163	CharlieSheen	46	AGE46	4042	4042_CharlieSheen_46_m
163	CharlieSheen	41	AGE41	4038	4038_CharlieSheen_41_m
163	CharlieSheen	24	AGE24	4023	4023_CharlieSheen_24_m
163	CharlieSheen	23	AGE23	4022	4022_CharlieSheen_23_m
163	CharlieSheen	22	AGE22	4021	4021_CharlieSheen_22_m
163	CharlieSheen	31	AGE31	4029	4029_CharlieSheen_31_m
163	CharlieSheen	26	AGE26	4025	4025_CharlieSheen_26_m
163	CharlieSheen	25	AGE25	4024	4024_CharlieSheen_25_m
163	CharlieSheen	45	AGE45	4041	4041_CharlieSheen_45_m
163	CharlieSheen	48	AGE48	4046	4046_CharlieSheen_48_m
163	CharlieSheen	17	AGE17	4016	4016_CharlieSheen_17_m
163	CharlieSheen	49	AGE49	4048	4048_CharlieSheen_49_m
163	CharlieSheen	32	AGE32	4030	4030_CharlieSheen_32_m
163	CharlieSheen	49	AGE49	4047	4047_CharlieSheen_49_m
163	CharlieSheen	40	AGE40	4037	4037_CharlieSheen_40_m
163	CharlieSheen	42	AGE42	4039	4039_CharlieSheen_42_m
163	CharlieSheen	18	AGE18	4017	4017_CharlieSheen_18_m
163	CharlieSheen	7	AGE7	4014	4014_CharlieSheen_7_m
163	CharlieSheen	29	AGE29	4027	4027_CharlieSheen_29_m
163	CharlieSheen	47	AGE47	4044	4044_CharlieSheen_47_m
163	CharlieSheen	39	AGE39	4036	4036_CharlieSheen_39_m
163	CharlieSheen	28	AGE28	4026	4026_CharlieSheen_28_m
163	CharlieSheen	38	AGE38	4035	4035_CharlieSheen_38_m
163	CharlieSheen	21	AGE21	4020	4020_CharlieSheen_21_m
163	CharlieSheen	16	AGE16	4015	4015_CharlieSheen_16_m
163	CharlieSheen	30	AGE30	4028	4028_CharlieSheen_30_m
163	CharlieSheen	44	AGE44	4040	4040_CharlieSheen_44_m
163	CharlieSheen	50	AGE50	4049	4049_CharlieSheen_50_m
164	KimBasinger	35	AGE35	10591	10591_KimBasinger_35_f
164	KimBasinger	32	AGE32	10588	10588_KimBasinger_32_f
164	KimBasinger	55	AGE55	10599	10599_KimBasinger_55_f
164	KimBasinger	41	AGE41	10593	10593_KimBasinger_41_f
164	KimBasinger	25	AGE25	10584	10584_KimBasinger_25_f
164	KimBasinger	29	AGE29	10585	10585_KimBasinger_29_f
164	KimBasinger	53	AGE53	10598	10598_KimBasinger_53_f
164	KimBasinger	36	AGE36	10592	10592_KimBasinger_36_f
164	KimBasinger	47	AGE47	10597	10597_KimBasinger_47_f
164	KimBasinger	46	AGE46	10596	10596_KimBasinger_46_f
164	KimBasinger	60	AGE60	10600	10600_KimBasinger_60_f
164	KimBasinger	33	AGE33	10589	10589_KimBasinger_33_f
164	KimBasinger	34	AGE34	10590	10590_KimBasinger_34_f
164	KimBasinger	45	AGE45	10595	10595_KimBasinger_45_f
164	KimBasinger	30	AGE30	10586	10586_KimBasinger_30_f
164	KimBasinger	41	AGE41	10594	10594_KimBasinger_41_f
164	KimBasinger	31	AGE31	10587	10587_KimBasinger_31_f
165	AdolfHitlerr	53	AGE53	775	775_AdolfHitlerr_53_m
165	AdolfHitlerr	11	AGE11	778	778_AdolfHitlerr_11_m
165	AdolfHitlerr	44	AGE44	770	770_AdolfHitlerr_44_m
165	AdolfHitlerr	55	AGE55	780	780_AdolfHitlerr_55_m
165	AdolfHitlerr	52	AGE52	769	769_AdolfHitlerr_52_m
165	AdolfHitlerr	43	AGE43	772	772_AdolfHitlerr_43_m
165	AdolfHitlerr	44	AGE44	771	771_AdolfHitlerr_44_m
165	AdolfHitlerr	46	AGE46	774	774_AdolfHitlerr_46_m
165	AdolfHitlerr	55	AGE55	781	781_AdolfHitlerr_55_m
165	AdolfHitlerr	30	AGE30	779	779_AdolfHitlerr_30_m
165	AdolfHitlerr	48	AGE48	777	777_AdolfHitlerr_48_m
165	AdolfHitlerr	54	AGE54	782	782_AdolfHitlerr_54_m
165	AdolfHitlerr	36	AGE36	773	773_AdolfHitlerr_36_m
165	AdolfHitlerr	48	AGE48	776	776_AdolfHitlerr_48_m
166	AnnJillian	10	AGE10	14973	14973_AnnJillian_10_f
166	AnnJillian	41	AGE41	14990	14990_AnnJillian_41_f
166	AnnJillian	47	AGE47	14995	14995_AnnJillian_47_f
166	AnnJillian	13	AGE13	14976	14976_AnnJillian_13_f
166	AnnJillian	31	AGE31	14982	14982_AnnJillian_31_f
166	AnnJillian	34	AGE34	14984	14984_AnnJillian_34_f
166	AnnJillian	27	AGE27	14979	14979_AnnJillian_27_f
166	AnnJillian	42	AGE42	14991	14991_AnnJillian_42_f
166	AnnJillian	62	AGE62	14999	14999_AnnJillian_62_f
166	AnnJillian	35	AGE35	14985	14985_AnnJillian_35_f
166	AnnJillian	21	AGE21	14977	14977_AnnJillian_21_f
166	AnnJillian	24	AGE24	14978	14978_AnnJillian_24_f
166	AnnJillian	30	AGE30	14981	14981_AnnJillian_30_f
166	AnnJillian	36	AGE36	14986	14986_AnnJillian_36_f
166	AnnJillian	38	AGE38	14988	14988_AnnJillian_38_f
166	AnnJillian	12	AGE12	14975	14975_AnnJillian_12_f
166	AnnJillian	32	AGE32	14983	14983_AnnJillian_32_f
166	AnnJillian	43	AGE43	14992	14992_AnnJillian_43_f
166	AnnJillian	37	AGE37	14987	14987_AnnJillian_37_f
166	AnnJillian	11	AGE11	14974	14974_AnnJillian_11_f
166	AnnJillian	40	AGE40	14989	14989_AnnJillian_40_f
166	AnnJillian	29	AGE29	14980	14980_AnnJillian_29_f
166	AnnJillian	44	AGE44	14993	14993_AnnJillian_44_f
166	AnnJillian	49	AGE49	14996	14996_AnnJillian_49_f
166	AnnJillian	46	AGE46	14994	14994_AnnJillian_46_f
166	AnnJillian	54	AGE54	14997	14997_AnnJillian_54_f
166	AnnJillian	57	AGE57	14998	14998_AnnJillian_57_f
166	AnnJillian	64	AGE64	15000	15000_AnnJillian_64_f
167	KatharineHepburn	33	AGE33	14918	14918_KatharineHepburn_33_f
167	KatharineHepburn	62	AGE62	14912	14912_KatharineHepburn_62_f
167	KatharineHepburn	48	AGE48	14906	14906_KatharineHepburn_48_f
167	KatharineHepburn	37	AGE37	14901	14901_KatharineHepburn_37_f
167	KatharineHepburn	33	AGE33	14923	14923_KatharineHepburn_33_f
167	KatharineHepburn	64	AGE64	14913	14913_KatharineHepburn_64_f
167	KatharineHepburn	60	AGE60	14910	14910_KatharineHepburn_60_f
167	KatharineHepburn	35	AGE35	14899	14899_KatharineHepburn_35_f
167	KatharineHepburn	48	AGE48	14920	14920_KatharineHepburn_48_f
167	KatharineHepburn	87	AGE87	14916	14916_KatharineHepburn_87_f
167	KatharineHepburn	61	AGE61	14921	14921_KatharineHepburn_61_f
167	KatharineHepburn	34	AGE34	14898	14898_KatharineHepburn_34_f
167	KatharineHepburn	36	AGE36	14900	14900_KatharineHepburn_36_f
167	KatharineHepburn	48	AGE48	14922	14922_KatharineHepburn_48_f
167	KatharineHepburn	44	AGE44	14904	14904_KatharineHepburn_44_f
167	KatharineHepburn	55	AGE55	14909	14909_KatharineHepburn_55_f
167	KatharineHepburn	49	AGE49	14907	14907_KatharineHepburn_49_f
167	KatharineHepburn	38	AGE38	14902	14902_KatharineHepburn_38_f
167	KatharineHepburn	42	AGE42	14903	14903_KatharineHepburn_42_f
167	KatharineHepburn	95	AGE95	14917	14917_KatharineHepburn_95_f
167	KatharineHepburn	90	AGE90	14915	14915_KatharineHepburn_90_f
167	KatharineHepburn	49	AGE49	14908	14908_KatharineHepburn_49_f
167	KatharineHepburn	40	AGE40	14919	14919_KatharineHepburn_40_f
167	KatharineHepburn	48	AGE48	14905	14905_KatharineHepburn_48_f
167	KatharineHepburn	21	AGE21	14897	14897_KatharineHepburn_21_f
167	KatharineHepburn	61	AGE61	14911	14911_KatharineHepburn_61_f
167	KatharineHepburn	66	AGE66	14914	14914_KatharineHepburn_66_f
168	JohnCleese	41	AGE41	2680	2680_JohnCleese_41_m
168	JohnCleese	33	AGE33	2675	2675_JohnCleese_33_m
168	JohnCleese	47	AGE47	2684	2684_JohnCleese_47_m
168	JohnCleese	73	AGE73	2698	2698_JohnCleese_73_m
168	JohnCleese	42	AGE42	2681	2681_JohnCleese_42_m
168	JohnCleese	40	AGE40	2679	2679_JohnCleese_40_m
168	JohnCleese	29	AGE29	2671	2671_JohnCleese_29_m
168	JohnCleese	36	AGE36	2677	2677_JohnCleese_36_m
168	JohnCleese	50	AGE50	2687	2687_JohnCleese_50_m
168	JohnCleese	67	AGE67	2696	2696_JohnCleese_67_m
168	JohnCleese	55	AGE55	2689	2689_JohnCleese_55_m
168	JohnCleese	64	AGE64	2694	2694_JohnCleese_64_m
168	JohnCleese	35	AGE35	2676	2676_JohnCleese_35_m
168	JohnCleese	32	AGE32	2674	2674_JohnCleese_32_m
168	JohnCleese	43	AGE43	2682	2682_JohnCleese_43_m
168	JohnCleese	70	AGE70	2697	2697_JohnCleese_70_m
168	JohnCleese	58	AGE58	2691	2691_JohnCleese_58_m
168	JohnCleese	44	AGE44	2683	2683_JohnCleese_44_m
168	JohnCleese	30	AGE30	2672	2672_JohnCleese_30_m
168	JohnCleese	31	AGE31	2673	2673_JohnCleese_31_m
168	JohnCleese	62	AGE62	2692	2692_JohnCleese_62_m
168	JohnCleese	37	AGE37	2678	2678_JohnCleese_37_m
168	JohnCleese	62	AGE62	2693	2693_JohnCleese_62_m
168	JohnCleese	65	AGE65	2695	2695_JohnCleese_65_m
168	JohnCleese	49	AGE49	2685	2685_JohnCleese_49_m
168	JohnCleese	56	AGE56	2690	2690_JohnCleese_56_m
168	JohnCleese	49	AGE49	2686	2686_JohnCleese_49_m
168	JohnCleese	53	AGE53	2688	2688_JohnCleese_53_m
169	Turner	46	AGE46	16428	16428_Turner_46_f
169	Turner	72	AGE72	16431	16431_Turner_72_f
169	Turner	44	AGE44	16425	16425_Turner_44_f
169	Turner	77	AGE77	16436	16436_Turner_77_f
169	Turner	76	AGE76	16435	16435_Turner_76_f
169	Turner	32	AGE32	16421	16421_Turner_32_f
169	Turner	45	AGE45	16423	16423_Turner_45_f
169	Turner	69	AGE69	16433	16433_Turner_69_f
169	Turner	41	AGE41	16419	16419_Turner_41_f
169	Turner	69	AGE69	16430	16430_Turner_69_f
169	Turner	46	AGE46	16427	16427_Turner_46_f
169	Turner	44	AGE44	16420	16420_Turner_44_f
169	Turner	73	AGE73	16432	16432_Turner_73_f
169	Turner	27	AGE27	16417	16417_Turner_27_f
169	Turner	54	AGE54	16429	16429_Turner_54_f
169	Turner	18	AGE18	16434	16434_Turner_18_f
169	Turner	37	AGE37	16418	16418_Turner_37_f
169	Turner	70	AGE70	16422	16422_Turner_70_f
169	Turner	44	AGE44	16424	16424_Turner_44_f
169	Turner	46	AGE46	16426	16426_Turner_46_f
170	CharlesBoyer	29	AGE29	6951	6951_CharlesBoyer_29_m
170	CharlesBoyer	45	AGE45	6962	6962_CharlesBoyer_45_m
170	CharlesBoyer	67	AGE67	6979	6979_CharlesBoyer_67_m
170	CharlesBoyer	66	AGE66	6978	6978_CharlesBoyer_66_m
170	CharlesBoyer	54	AGE54	6968	6968_CharlesBoyer_54_m
170	CharlesBoyer	59	AGE59	6973	6973_CharlesBoyer_59_m
170	CharlesBoyer	63	AGE63	6975	6975_CharlesBoyer_63_m
170	CharlesBoyer	69	AGE69	6981	6981_CharlesBoyer_69_m
170	CharlesBoyer	76	AGE76	6984	6984_CharlesBoyer_76_m
170	CharlesBoyer	64	AGE64	6976	6976_CharlesBoyer_64_m
170	CharlesBoyer	71	AGE71	6982	6982_CharlesBoyer_71_m
170	CharlesBoyer	65	AGE65	6977	6977_CharlesBoyer_65_m
170	CharlesBoyer	56	AGE56	6970	6970_CharlesBoyer_56_m
170	CharlesBoyer	53	AGE53	6967	6967_CharlesBoyer_53_m
170	CharlesBoyer	43	AGE43	6960	6960_CharlesBoyer_43_m
170	CharlesBoyer	34	AGE34	6954	6954_CharlesBoyer_34_m
170	CharlesBoyer	33	AGE33	6953	6953_CharlesBoyer_33_m
170	CharlesBoyer	28	AGE28	6950	6950_CharlesBoyer_28_m
170	CharlesBoyer	50	AGE50	6965	6965_CharlesBoyer_50_m
170	CharlesBoyer	46	AGE46	6963	6963_CharlesBoyer_46_m
170	CharlesBoyer	36	AGE36	6955	6955_CharlesBoyer_36_m
170	CharlesBoyer	58	AGE58	6972	6972_CharlesBoyer_58_m
170	CharlesBoyer	55	AGE55	6969	6969_CharlesBoyer_55_m
170	CharlesBoyer	38	AGE38	6957	6957_CharlesBoyer_38_m
170	CharlesBoyer	57	AGE57	6971	6971_CharlesBoyer_57_m
170	CharlesBoyer	41	AGE41	6959	6959_CharlesBoyer_41_m
170	CharlesBoyer	68	AGE68	6980	6980_CharlesBoyer_68_m
170	CharlesBoyer	37	AGE37	6956	6956_CharlesBoyer_37_m
170	CharlesBoyer	51	AGE51	6966	6966_CharlesBoyer_51_m
170	CharlesBoyer	61	AGE61	6974	6974_CharlesBoyer_61_m
170	CharlesBoyer	44	AGE44	6961	6961_CharlesBoyer_44_m
170	CharlesBoyer	48	AGE48	6964	6964_CharlesBoyer_48_m
170	CharlesBoyer	74	AGE74	6983	6983_CharlesBoyer_74_m
170	CharlesBoyer	31	AGE31	6952	6952_CharlesBoyer_31_m
170	CharlesBoyer	39	AGE39	6958	6958_CharlesBoyer_39_m
171	EmmaThompson	47	AGE47	11039	11039_EmmaThompson_47_f
171	EmmaThompson	40	AGE40	11035	11035_EmmaThompson_40_f
171	EmmaThompson	43	AGE43	11037	11037_EmmaThompson_43_f
171	EmmaThompson	44	AGE44	11038	11038_EmmaThompson_44_f
171	EmmaThompson	55	AGE55	11043	11043_EmmaThompson_55_f
171	EmmaThompson	24	AGE24	11025	11025_EmmaThompson_24_f
171	EmmaThompson	33	AGE33	11030	11030_EmmaThompson_33_f
171	EmmaThompson	32	AGE32	11028	11028_EmmaThompson_32_f
171	EmmaThompson	37	AGE37	11033	11033_EmmaThompson_37_f
171	EmmaThompson	35	AGE35	11032	11032_EmmaThompson_35_f
171	EmmaThompson	27	AGE27	11026	11026_EmmaThompson_27_f
171	EmmaThompson	51	AGE51	11042	11042_EmmaThompson_51_f
171	EmmaThompson	49	AGE49	11041	11041_EmmaThompson_49_f
171	EmmaThompson	33	AGE33	11029	11029_EmmaThompson_33_f
171	EmmaThompson	30	AGE30	11027	11027_EmmaThompson_30_f
171	EmmaThompson	38	AGE38	11034	11034_EmmaThompson_38_f
171	EmmaThompson	49	AGE49	11040	11040_EmmaThompson_49_f
171	EmmaThompson	34	AGE34	11031	11031_EmmaThompson_34_f
171	EmmaThompson	23	AGE23	11024	11024_EmmaThompson_23_f
171	EmmaThompson	42	AGE42	11036	11036_EmmaThompson_42_f
172	ChristopherEccleston	35	AGE35	8892	8892_ChristopherEccleston_35_m
172	ChristopherEccleston	37	AGE37	8894	8894_ChristopherEccleston_37_m
172	ChristopherEccleston	34	AGE34	8891	8891_ChristopherEccleston_34_m
172	ChristopherEccleston	43	AGE43	8899	8899_ChristopherEccleston_43_m
172	ChristopherEccleston	32	AGE32	8889	8889_ChristopherEccleston_32_m
172	ChristopherEccleston	41	AGE41	8897	8897_ChristopherEccleston_41_m
172	ChristopherEccleston	33	AGE33	8890	8890_ChristopherEccleston_33_m
172	ChristopherEccleston	36	AGE36	8893	8893_ChristopherEccleston_36_m
172	ChristopherEccleston	45	AGE45	8901	8901_ChristopherEccleston_45_m
172	ChristopherEccleston	28	AGE28	8884	8884_ChristopherEccleston_28_m
172	ChristopherEccleston	24	AGE24	8881	8881_ChristopherEccleston_24_m
172	ChristopherEccleston	29	AGE29	8886	8886_ChristopherEccleston_29_m
172	ChristopherEccleston	47	AGE47	8903	8903_ChristopherEccleston_47_m
172	ChristopherEccleston	39	AGE39	8895	8895_ChristopherEccleston_39_m
172	ChristopherEccleston	31	AGE31	8888	8888_ChristopherEccleston_31_m
172	ChristopherEccleston	44	AGE44	8900	8900_ChristopherEccleston_44_m
172	ChristopherEccleston	27	AGE27	8883	8883_ChristopherEccleston_27_m
172	ChristopherEccleston	49	AGE49	8905	8905_ChristopherEccleston_49_m
172	ChristopherEccleston	40	AGE40	8896	8896_ChristopherEccleston_40_m
172	ChristopherEccleston	26	AGE26	8882	8882_ChristopherEccleston_26_m
172	ChristopherEccleston	49	AGE49	8906	8906_ChristopherEccleston_49_m
172	ChristopherEccleston	30	AGE30	8887	8887_ChristopherEccleston_30_m
172	ChristopherEccleston	48	AGE48	8904	8904_ChristopherEccleston_48_m
172	ChristopherEccleston	29	AGE29	8885	8885_ChristopherEccleston_29_m
172	ChristopherEccleston	42	AGE42	8898	8898_ChristopherEccleston_42_m
172	ChristopherEccleston	50	AGE50	8907	8907_ChristopherEccleston_50_m
172	ChristopherEccleston	46	AGE46	8902	8902_ChristopherEccleston_46_m
173	GreerGarson	48	AGE48	14021	14021_GreerGarson_48_f
173	GreerGarson	39	AGE39	14012	14012_GreerGarson_39_f
173	GreerGarson	39	AGE39	14032	14032_GreerGarson_39_f
173	GreerGarson	81	AGE81	14020	14020_GreerGarson_81_f
173	GreerGarson	45	AGE45	14030	14030_GreerGarson_45_f
173	GreerGarson	54	AGE54	14028	14028_GreerGarson_54_f
173	GreerGarson	50	AGE50	14031	14031_GreerGarson_50_f
173	GreerGarson	49	AGE49	14023	14023_GreerGarson_49_f
173	GreerGarson	33	AGE33	14027	14027_GreerGarson_33_f
173	GreerGarson	62	AGE62	14018	14018_GreerGarson_62_f
173	GreerGarson	28	AGE28	14022	14022_GreerGarson_28_f
173	GreerGarson	40	AGE40	14034	14034_GreerGarson_40_f
173	GreerGarson	63	AGE63	14019	14019_GreerGarson_63_f
173	GreerGarson	35	AGE35	14009	14009_GreerGarson_35_f
173	GreerGarson	41	AGE41	14024	14024_GreerGarson_41_f
173	GreerGarson	58	AGE58	14029	14029_GreerGarson_58_f
173	GreerGarson	45	AGE45	14015	14015_GreerGarson_45_f
173	GreerGarson	43	AGE43	14014	14014_GreerGarson_43_f
173	GreerGarson	36	AGE36	14010	14010_GreerGarson_36_f
173	GreerGarson	32	AGE32	14008	14008_GreerGarson_32_f
173	GreerGarson	61	AGE61	14017	14017_GreerGarson_61_f
173	GreerGarson	46	AGE46	14016	14016_GreerGarson_46_f
173	GreerGarson	56	AGE56	14033	14033_GreerGarson_56_f
173	GreerGarson	30	AGE30	14025	14025_GreerGarson_30_f
173	GreerGarson	58	AGE58	14026	14026_GreerGarson_58_f
173	GreerGarson	38	AGE38	14011	14011_GreerGarson_38_f
173	GreerGarson	43	AGE43	14013	14013_GreerGarson_43_f
174	LelandStanford	46	AGE46	411	411_LelandStanford_46_m
174	LelandStanford	40	AGE40	413	413_LelandStanford_40_m
174	LelandStanford	38	AGE38	417	417_LelandStanford_38_m
174	LelandStanford	38	AGE38	412	412_LelandStanford_38_m
174	LelandStanford	49	AGE49	420	420_LelandStanford_49_m
174	LelandStanford	57	AGE57	414	414_LelandStanford_57_m
174	LelandStanford	67	AGE67	415	415_LelandStanford_67_m
174	LelandStanford	66	AGE66	410	410_LelandStanford_66_m
174	LelandStanford	26	AGE26	418	418_LelandStanford_26_m
174	LelandStanford	56	AGE56	416	416_LelandStanford_56_m
174	LelandStanford	54	AGE54	419	419_LelandStanford_54_m
175	FrancesDee	90	AGE90	5836	5836_FrancesDee_90_m
175	FrancesDee	89	AGE89	5835	5835_FrancesDee_89_m
175	FrancesDee	43	AGE43	12607	12607_FrancesDee_43_f
175	FrancesDee	35	AGE35	12602	12602_FrancesDee_35_f
175	FrancesDee	40	AGE40	5827	5827_FrancesDee_40_m
175	FrancesDee	33	AGE33	12601	12601_FrancesDee_33_f
175	FrancesDee	90	AGE90	12614	12614_FrancesDee_90_f
175	FrancesDee	31	AGE31	5822	5822_FrancesDee_31_m
175	FrancesDee	30	AGE30	12599	12599_FrancesDee_30_f
175	FrancesDee	38	AGE38	12604	12604_FrancesDee_38_f
175	FrancesDee	41	AGE41	5828	5828_FrancesDee_41_m
175	FrancesDee	89	AGE89	12613	12613_FrancesDee_89_f
175	FrancesDee	25	AGE25	5819	5819_FrancesDee_25_m
175	FrancesDee	37	AGE37	12603	12603_FrancesDee_37_f
175	FrancesDee	22	AGE22	12595	12595_FrancesDee_22_f
175	FrancesDee	44	AGE44	12608	12608_FrancesDee_44_f
175	FrancesDee	76	AGE76	12611	12611_FrancesDee_76_f
175	FrancesDee	70	AGE70	12610	12610_FrancesDee_70_f
175	FrancesDee	41	AGE41	12606	12606_FrancesDee_41_f
175	FrancesDee	29	AGE29	12598	12598_FrancesDee_29_f
175	FrancesDee	37	AGE37	5825	5825_FrancesDee_37_m
175	FrancesDee	44	AGE44	5830	5830_FrancesDee_44_m
175	FrancesDee	29	AGE29	5820	5820_FrancesDee_29_m
175	FrancesDee	24	AGE24	5818	5818_FrancesDee_24_m
175	FrancesDee	93	AGE93	5838	5838_FrancesDee_93_m
175	FrancesDee	33	AGE33	5823	5823_FrancesDee_33_m
175	FrancesDee	45	AGE45	5831	5831_FrancesDee_45_m
175	FrancesDee	43	AGE43	5829	5829_FrancesDee_43_m
175	FrancesDee	22	AGE22	5817	5817_FrancesDee_22_m
175	FrancesDee	40	AGE40	12605	12605_FrancesDee_40_f
175	FrancesDee	83	AGE83	5834	5834_FrancesDee_83_m
175	FrancesDee	24	AGE24	12596	12596_FrancesDee_24_f
175	FrancesDee	35	AGE35	5824	5824_FrancesDee_35_m
175	FrancesDee	31	AGE31	12600	12600_FrancesDee_31_f
175	FrancesDee	83	AGE83	12612	12612_FrancesDee_83_f
175	FrancesDee	30	AGE30	5821	5821_FrancesDee_30_m
175	FrancesDee	45	AGE45	12609	12609_FrancesDee_45_f
175	FrancesDee	91	AGE91	12615	12615_FrancesDee_91_f
175	FrancesDee	25	AGE25	12597	12597_FrancesDee_25_f
175	FrancesDee	38	AGE38	5826	5826_FrancesDee_38_m
175	FrancesDee	70	AGE70	5832	5832_FrancesDee_70_m
175	FrancesDee	93	AGE93	12616	12616_FrancesDee_93_f
175	FrancesDee	91	AGE91	5837	5837_FrancesDee_91_m
175	FrancesDee	76	AGE76	5833	5833_FrancesDee_76_m
176	RodTaylor	43	AGE43	2270	2270_RodTaylor_43_m
176	RodTaylor	36	AGE36	2263	2263_RodTaylor_36_m
176	RodTaylor	26	AGE26	2255	2255_RodTaylor_26_m
176	RodTaylor	61	AGE61	2282	2282_RodTaylor_61_m
176	RodTaylor	32	AGE32	2260	2260_RodTaylor_32_m
176	RodTaylor	30	AGE30	2258	2258_RodTaylor_30_m
176	RodTaylor	35	AGE35	2262	2262_RodTaylor_35_m
176	RodTaylor	69	AGE69	2287	2287_RodTaylor_69_m
176	RodTaylor	64	AGE64	2284	2284_RodTaylor_64_m
176	RodTaylor	37	AGE37	2264	2264_RodTaylor_37_m
176	RodTaylor	28	AGE28	2256	2256_RodTaylor_28_m
176	RodTaylor	31	AGE31	2259	2259_RodTaylor_31_m
176	RodTaylor	62	AGE62	2283	2283_RodTaylor_62_m
176	RodTaylor	80	AGE80	2289	2289_RodTaylor_80_m
176	RodTaylor	33	AGE33	2261	2261_RodTaylor_33_m
176	RodTaylor	44	AGE44	2271	2271_RodTaylor_44_m
176	RodTaylor	66	AGE66	2286	2286_RodTaylor_66_m
176	RodTaylor	79	AGE79	2288	2288_RodTaylor_79_m
176	RodTaylor	46	AGE46	2273	2273_RodTaylor_46_m
176	RodTaylor	40	AGE40	2267	2267_RodTaylor_40_m
176	RodTaylor	24	AGE24	2252	2252_RodTaylor_24_m
176	RodTaylor	81	AGE81	2290	2290_RodTaylor_81_m
176	RodTaylor	53	AGE53	2279	2279_RodTaylor_53_m
176	RodTaylor	50	AGE50	2276	2276_RodTaylor_50_m
176	RodTaylor	49	AGE49	2275	2275_RodTaylor_49_m
176	RodTaylor	65	AGE65	2285	2285_RodTaylor_65_m
176	RodTaylor	38	AGE38	2265	2265_RodTaylor_38_m
176	RodTaylor	29	AGE29	2257	2257_RodTaylor_29_m
176	RodTaylor	41	AGE41	2268	2268_RodTaylor_41_m
176	RodTaylor	45	AGE45	2272	2272_RodTaylor_45_m
176	RodTaylor	38	AGE38	2266	2266_RodTaylor_38_m
176	RodTaylor	25	AGE25	2254	2254_RodTaylor_25_m
176	RodTaylor	24	AGE24	2253	2253_RodTaylor_24_m
176	RodTaylor	42	AGE42	2269	2269_RodTaylor_42_m
176	RodTaylor	58	AGE58	2280	2280_RodTaylor_58_m
176	RodTaylor	20	AGE20	2251	2251_RodTaylor_20_m
176	RodTaylor	52	AGE52	2278	2278_RodTaylor_52_m
176	RodTaylor	48	AGE48	2274	2274_RodTaylor_48_m
176	RodTaylor	60	AGE60	2281	2281_RodTaylor_60_m
176	RodTaylor	51	AGE51	2277	2277_RodTaylor_51_m
177	OliviaHussey	16	AGE16	11695	11695_OliviaHussey_16_f
177	OliviaHussey	33	AGE33	11707	11707_OliviaHussey_33_f
177	OliviaHussey	28	AGE28	11703	11703_OliviaHussey_28_f
177	OliviaHussey	18	AGE18	11696	11696_OliviaHussey_18_f
177	OliviaHussey	63	AGE63	11722	11722_OliviaHussey_63_f
177	OliviaHussey	23	AGE23	11700	11700_OliviaHussey_23_f
177	OliviaHussey	62	AGE62	11721	11721_OliviaHussey_62_f
177	OliviaHussey	31	AGE31	11706	11706_OliviaHussey_31_f
177	OliviaHussey	29	AGE29	11704	11704_OliviaHussey_29_f
177	OliviaHussey	55	AGE55	11717	11717_OliviaHussey_55_f
177	OliviaHussey	41	AGE41	11711	11711_OliviaHussey_41_f
177	OliviaHussey	56	AGE56	11718	11718_OliviaHussey_56_f
177	OliviaHussey	40	AGE40	11710	11710_OliviaHussey_40_f
177	OliviaHussey	21	AGE21	11698	11698_OliviaHussey_21_f
177	OliviaHussey	43	AGE43	11712	11712_OliviaHussey_43_f
177	OliviaHussey	14	AGE14	11694	11694_OliviaHussey_14_f
177	OliviaHussey	34	AGE34	11708	11708_OliviaHussey_34_f
177	OliviaHussey	60	AGE60	11720	11720_OliviaHussey_60_f
177	OliviaHussey	20	AGE20	11697	11697_OliviaHussey_20_f
177	OliviaHussey	46	AGE46	11714	11714_OliviaHussey_46_f
177	OliviaHussey	57	AGE57	11719	11719_OliviaHussey_57_f
177	OliviaHussey	39	AGE39	11709	11709_OliviaHussey_39_f
177	OliviaHussey	52	AGE52	11716	11716_OliviaHussey_52_f
177	OliviaHussey	30	AGE30	11705	11705_OliviaHussey_30_f
177	OliviaHussey	26	AGE26	11701	11701_OliviaHussey_26_f
177	OliviaHussey	22	AGE22	11699	11699_OliviaHussey_22_f
177	OliviaHussey	44	AGE44	11713	11713_OliviaHussey_44_f
177	OliviaHussey	50	AGE50	11715	11715_OliviaHussey_50_f
177	OliviaHussey	27	AGE27	11702	11702_OliviaHussey_27_f
178	AndyGriffith	78	AGE78	7817	7817_AndyGriffith_78_m
178	AndyGriffith	69	AGE69	7813	7813_AndyGriffith_69_m
178	AndyGriffith	52	AGE52	7803	7803_AndyGriffith_52_m
178	AndyGriffith	42	AGE42	7795	7795_AndyGriffith_42_m
178	AndyGriffith	36	AGE36	7790	7790_AndyGriffith_36_m
178	AndyGriffith	20	AGE20	7785	7785_AndyGriffith_20_m
178	AndyGriffith	72	AGE72	7814	7814_AndyGriffith_72_m
178	AndyGriffith	45	AGE45	7797	7797_AndyGriffith_45_m
178	AndyGriffith	39	AGE39	7792	7792_AndyGriffith_39_m
178	AndyGriffith	61	AGE61	7810	7810_AndyGriffith_61_m
178	AndyGriffith	53	AGE53	7804	7804_AndyGriffith_53_m
178	AndyGriffith	31	AGE31	7786	7786_AndyGriffith_31_m
178	AndyGriffith	34	AGE34	7788	7788_AndyGriffith_34_m
178	AndyGriffith	50	AGE50	7801	7801_AndyGriffith_50_m
178	AndyGriffith	68	AGE68	7812	7812_AndyGriffith_68_m
178	AndyGriffith	59	AGE59	7808	7808_AndyGriffith_59_m
178	AndyGriffith	79	AGE79	7818	7818_AndyGriffith_79_m
178	AndyGriffith	41	AGE41	7794	7794_AndyGriffith_41_m
178	AndyGriffith	48	AGE48	7799	7799_AndyGriffith_48_m
178	AndyGriffith	82	AGE82	7821	7821_AndyGriffith_82_m
178	AndyGriffith	81	AGE81	7820	7820_AndyGriffith_81_m
178	AndyGriffith	47	AGE47	7798	7798_AndyGriffith_47_m
178	AndyGriffith	55	AGE55	7806	7806_AndyGriffith_55_m
178	AndyGriffith	58	AGE58	7807	7807_AndyGriffith_58_m
178	AndyGriffith	35	AGE35	7789	7789_AndyGriffith_35_m
178	AndyGriffith	80	AGE80	7819	7819_AndyGriffith_80_m
178	AndyGriffith	77	AGE77	7816	7816_AndyGriffith_77_m
178	AndyGriffith	51	AGE51	7802	7802_AndyGriffith_51_m
178	AndyGriffith	43	AGE43	7796	7796_AndyGriffith_43_m
178	AndyGriffith	74	AGE74	7815	7815_AndyGriffith_74_m
178	AndyGriffith	33	AGE33	7787	7787_AndyGriffith_33_m
178	AndyGriffith	49	AGE49	7800	7800_AndyGriffith_49_m
178	AndyGriffith	54	AGE54	7805	7805_AndyGriffith_54_m
178	AndyGriffith	60	AGE60	7809	7809_AndyGriffith_60_m
178	AndyGriffith	40	AGE40	7793	7793_AndyGriffith_40_m
178	AndyGriffith	66	AGE66	7811	7811_AndyGriffith_66_m
178	AndyGriffith	38	AGE38	7791	7791_AndyGriffith_38_m
179	LorettaYoung	28	AGE28	14366	14366_LorettaYoung_28_f
179	LorettaYoung	39	AGE39	14374	14374_LorettaYoung_39_f
179	LorettaYoung	15	AGE15	14356	14356_LorettaYoung_15_f
179	LorettaYoung	47	AGE47	14376	14376_LorettaYoung_47_f
179	LorettaYoung	26	AGE26	14364	14364_LorettaYoung_26_f
179	LorettaYoung	48	AGE48	14377	14377_LorettaYoung_48_f
179	LorettaYoung	18	AGE18	14384	14384_LorettaYoung_18_f
179	LorettaYoung	18	AGE18	14359	14359_LorettaYoung_18_f
179	LorettaYoung	17	AGE17	14382	14382_LorettaYoung_17_f
179	LorettaYoung	25	AGE25	14363	14363_LorettaYoung_25_f
179	LorettaYoung	49	AGE49	14378	14378_LorettaYoung_49_f
179	LorettaYoung	23	AGE23	14361	14361_LorettaYoung_23_f
179	LorettaYoung	13	AGE13	14355	14355_LorettaYoung_13_f
179	LorettaYoung	18	AGE18	14354	14354_LorettaYoung_18_f
179	LorettaYoung	31	AGE31	14368	14368_LorettaYoung_31_f
179	LorettaYoung	34	AGE34	14371	14371_LorettaYoung_34_f
179	LorettaYoung	33	AGE33	14370	14370_LorettaYoung_33_f
179	LorettaYoung	17	AGE17	14358	14358_LorettaYoung_17_f
179	LorettaYoung	72	AGE72	14381	14381_LorettaYoung_72_f
179	LorettaYoung	32	AGE32	14369	14369_LorettaYoung_32_f
179	LorettaYoung	37	AGE37	14372	14372_LorettaYoung_37_f
179	LorettaYoung	43	AGE43	14386	14386_LorettaYoung_43_f
179	LorettaYoung	27	AGE27	14365	14365_LorettaYoung_27_f
179	LorettaYoung	16	AGE16	14357	14357_LorettaYoung_16_f
179	LorettaYoung	38	AGE38	14373	14373_LorettaYoung_38_f
179	LorettaYoung	16	AGE16	14383	14383_LorettaYoung_16_f
179	LorettaYoung	29	AGE29	14367	14367_LorettaYoung_29_f
179	LorettaYoung	75	AGE75	14380	14380_LorettaYoung_75_f
179	LorettaYoung	22	AGE22	14360	14360_LorettaYoung_22_f
179	LorettaYoung	40	AGE40	14375	14375_LorettaYoung_40_f
179	LorettaYoung	40	AGE40	14385	14385_LorettaYoung_40_f
179	LorettaYoung	24	AGE24	14362	14362_LorettaYoung_24_f
179	LorettaYoung	65	AGE65	14379	14379_LorettaYoung_65_f
180	MichellePfeiffer	28	AGE28	13188	13188_MichellePfeiffer_28_f
180	MichellePfeiffer	17	AGE17	13184	13184_MichellePfeiffer_17_f
180	MichellePfeiffer	33	AGE33	13201	13201_MichellePfeiffer_33_f
180	MichellePfeiffer	31	AGE31	13199	13199_MichellePfeiffer_31_f
180	MichellePfeiffer	41	AGE41	13194	13194_MichellePfeiffer_41_f
180	MichellePfeiffer	51	AGE51	13211	13211_MichellePfeiffer_51_f
180	MichellePfeiffer	30	AGE30	13190	13190_MichellePfeiffer_30_f
180	MichellePfeiffer	43	AGE43	13195	13195_MichellePfeiffer_43_f
180	MichellePfeiffer	44	AGE44	13207	13207_MichellePfeiffer_44_f
180	MichellePfeiffer	29	AGE29	13189	13189_MichellePfeiffer_29_f
180	MichellePfeiffer	39	AGE39	13205	13205_MichellePfeiffer_39_f
180	MichellePfeiffer	55	AGE55	13212	13212_MichellePfeiffer_55_f
180	MichellePfeiffer	49	AGE49	13209	13209_MichellePfeiffer_49_f
180	MichellePfeiffer	35	AGE35	13192	13192_MichellePfeiffer_35_f
180	MichellePfeiffer	24	AGE24	13186	13186_MichellePfeiffer_24_f
180	MichellePfeiffer	52	AGE52	13197	13197_MichellePfeiffer_52_f
180	MichellePfeiffer	22	AGE22	13185	13185_MichellePfeiffer_22_f
180	MichellePfeiffer	37	AGE37	13193	13193_MichellePfeiffer_37_f
180	MichellePfeiffer	32	AGE32	13191	13191_MichellePfeiffer_32_f
180	MichellePfeiffer	42	AGE42	13206	13206_MichellePfeiffer_42_f
180	MichellePfeiffer	45	AGE45	13208	13208_MichellePfeiffer_45_f
180	MichellePfeiffer	36	AGE36	13203	13203_MichellePfeiffer_36_f
180	MichellePfeiffer	50	AGE50	13210	13210_MichellePfeiffer_50_f
180	MichellePfeiffer	25	AGE25	13187	13187_MichellePfeiffer_25_f
180	MichellePfeiffer	38	AGE38	13204	13204_MichellePfeiffer_38_f
180	MichellePfeiffer	32	AGE32	13200	13200_MichellePfeiffer_32_f
180	MichellePfeiffer	49	AGE49	13196	13196_MichellePfeiffer_49_f
180	MichellePfeiffer	54	AGE54	13198	13198_MichellePfeiffer_54_f
180	MichellePfeiffer	33	AGE33	13202	13202_MichellePfeiffer_33_f
181	FernandoRey	59	AGE59	6320	6320_FernandoRey_59_m
181	FernandoRey	51	AGE51	6312	6312_FernandoRey_51_m
181	FernandoRey	70	AGE70	6327	6327_FernandoRey_70_m
181	FernandoRey	66	AGE66	6325	6325_FernandoRey_66_m
181	FernandoRey	75	AGE75	6329	6329_FernandoRey_75_m
181	FernandoRey	55	AGE55	6316	6316_FernandoRey_55_m
181	FernandoRey	50	AGE50	6311	6311_FernandoRey_50_m
181	FernandoRey	52	AGE52	6313	6313_FernandoRey_52_m
181	FernandoRey	30	AGE30	6297	6297_FernandoRey_30_m
181	FernandoRey	31	AGE31	6298	6298_FernandoRey_31_m
181	FernandoRey	40	AGE40	6304	6304_FernandoRey_40_m
181	FernandoRey	53	AGE53	6314	6314_FernandoRey_53_m
181	FernandoRey	72	AGE72	6328	6328_FernandoRey_72_m
181	FernandoRey	36	AGE36	6302	6302_FernandoRey_36_m
181	FernandoRey	34	AGE34	6301	6301_FernandoRey_34_m
181	FernandoRey	57	AGE57	6318	6318_FernandoRey_57_m
181	FernandoRey	47	AGE47	6308	6308_FernandoRey_47_m
181	FernandoRey	45	AGE45	6307	6307_FernandoRey_45_m
181	FernandoRey	54	AGE54	6315	6315_FernandoRey_54_m
181	FernandoRey	62	AGE62	6322	6322_FernandoRey_62_m
181	FernandoRey	68	AGE68	6326	6326_FernandoRey_68_m
181	FernandoRey	58	AGE58	6319	6319_FernandoRey_58_m
181	FernandoRey	32	AGE32	6299	6299_FernandoRey_32_m
181	FernandoRey	48	AGE48	6309	6309_FernandoRey_48_m
181	FernandoRey	64	AGE64	6324	6324_FernandoRey_64_m
181	FernandoRey	43	AGE43	6306	6306_FernandoRey_43_m
181	FernandoRey	33	AGE33	6300	6300_FernandoRey_33_m
181	FernandoRey	60	AGE60	6321	6321_FernandoRey_60_m
181	FernandoRey	49	AGE49	6310	6310_FernandoRey_49_m
181	FernandoRey	56	AGE56	6317	6317_FernandoRey_56_m
181	FernandoRey	63	AGE63	6323	6323_FernandoRey_63_m
181	FernandoRey	38	AGE38	6303	6303_FernandoRey_38_m
181	FernandoRey	42	AGE42	6305	6305_FernandoRey_42_m
182	DustinHoffman	30	AGE30	4523	4523_DustinHoffman_30_m
182	DustinHoffman	76	AGE76	4519	4519_DustinHoffman_76_m
182	DustinHoffman	38	AGE38	4520	4520_DustinHoffman_38_m
182	DustinHoffman	42	AGE42	4535	4535_DustinHoffman_42_m
182	DustinHoffman	45	AGE45	4538	4538_DustinHoffman_45_m
182	DustinHoffman	40	AGE40	4540	4540_DustinHoffman_40_m
182	DustinHoffman	54	AGE54	4531	4531_DustinHoffman_54_m
182	DustinHoffman	37	AGE37	4542	4542_DustinHoffman_37_m
182	DustinHoffman	37	AGE37	4536	4536_DustinHoffman_37_m
182	DustinHoffman	37	AGE37	4534	4534_DustinHoffman_37_m
182	DustinHoffman	54	AGE54	4539	4539_DustinHoffman_54_m
182	DustinHoffman	32	AGE32	4537	4537_DustinHoffman_32_m
182	DustinHoffman	62	AGE62	4528	4528_DustinHoffman_62_m
182	DustinHoffman	71	AGE71	4521	4521_DustinHoffman_71_m
182	DustinHoffman	60	AGE60	4518	4518_DustinHoffman_60_m
182	DustinHoffman	42	AGE42	4530	4530_DustinHoffman_42_m
182	DustinHoffman	57	AGE57	4529	4529_DustinHoffman_57_m
182	DustinHoffman	30	AGE30	4533	4533_DustinHoffman_30_m
182	DustinHoffman	36	AGE36	4526	4526_DustinHoffman_36_m
182	DustinHoffman	48	AGE48	4525	4525_DustinHoffman_48_m
182	DustinHoffman	18	AGE18	4541	4541_DustinHoffman_18_m
182	DustinHoffman	60	AGE60	4527	4527_DustinHoffman_60_m
182	DustinHoffman	29	AGE29	4517	4517_DustinHoffman_29_m
182	DustinHoffman	29	AGE29	4524	4524_DustinHoffman_29_m
182	DustinHoffman	60	AGE60	4532	4532_DustinHoffman_60_m
182	DustinHoffman	43	AGE43	4522	4522_DustinHoffman_43_m
183	WoodyAllen	37	AGE37	2988	2988_WoodyAllen_37_m
183	WoodyAllen	73	AGE73	3001	3001_WoodyAllen_73_m
183	WoodyAllen	44	AGE44	2991	2991_WoodyAllen_44_m
183	WoodyAllen	54	AGE54	2999	2999_WoodyAllen_54_m
183	WoodyAllen	67	AGE67	3003	3003_WoodyAllen_67_m
183	WoodyAllen	68	AGE68	2997	2997_WoodyAllen_68_m
183	WoodyAllen	70	AGE70	2998	2998_WoodyAllen_70_m
183	WoodyAllen	18	AGE18	2985	2985_WoodyAllen_18_m
183	WoodyAllen	47	AGE47	3004	3004_WoodyAllen_47_m
183	WoodyAllen	29	AGE29	2984	2984_WoodyAllen_29_m
183	WoodyAllen	49	AGE49	2993	2993_WoodyAllen_49_m
183	WoodyAllen	58	AGE58	2995	2995_WoodyAllen_58_m
183	WoodyAllen	67	AGE67	2996	2996_WoodyAllen_67_m
183	WoodyAllen	42	AGE42	2989	2989_WoodyAllen_42_m
183	WoodyAllen	51	AGE51	2994	2994_WoodyAllen_51_m
183	WoodyAllen	72	AGE72	3000	3000_WoodyAllen_72_m
183	WoodyAllen	45	AGE45	2990	2990_WoodyAllen_45_m
183	WoodyAllen	31	AGE31	2987	2987_WoodyAllen_31_m
183	WoodyAllen	71	AGE71	2986	2986_WoodyAllen_71_m
183	WoodyAllen	75	AGE75	3002	3002_WoodyAllen_75_m
183	WoodyAllen	47	AGE47	2992	2992_WoodyAllen_47_m
184	GeorgesMarchal	32	AGE32	9337	9337_GeorgesMarchal_32_m
184	GeorgesMarchal	43	AGE43	9343	9343_GeorgesMarchal_43_m
184	GeorgesMarchal	62	AGE62	9353	9353_GeorgesMarchal_62_m
184	GeorgesMarchal	61	AGE61	9352	9352_GeorgesMarchal_61_m
184	GeorgesMarchal	34	AGE34	9339	9339_GeorgesMarchal_34_m
184	GeorgesMarchal	35	AGE35	9340	9340_GeorgesMarchal_35_m
184	GeorgesMarchal	49	AGE49	9346	9346_GeorgesMarchal_49_m
184	GeorgesMarchal	45	AGE45	9344	9344_GeorgesMarchal_45_m
184	GeorgesMarchal	60	AGE60	9351	9351_GeorgesMarchal_60_m
184	GeorgesMarchal	66	AGE66	9355	9355_GeorgesMarchal_66_m
184	GeorgesMarchal	33	AGE33	9338	9338_GeorgesMarchal_33_m
184	GeorgesMarchal	67	AGE67	9356	9356_GeorgesMarchal_67_m
184	GeorgesMarchal	57	AGE57	9349	9349_GeorgesMarchal_57_m
184	GeorgesMarchal	23	AGE23	9334	9334_GeorgesMarchal_23_m
184	GeorgesMarchal	46	AGE46	9345	9345_GeorgesMarchal_46_m
184	GeorgesMarchal	20	AGE20	9332	9332_GeorgesMarchal_20_m
184	GeorgesMarchal	65	AGE65	9354	9354_GeorgesMarchal_65_m
184	GeorgesMarchal	41	AGE41	9341	9341_GeorgesMarchal_41_m
184	GeorgesMarchal	52	AGE52	9348	9348_GeorgesMarchal_52_m
184	GeorgesMarchal	51	AGE51	9347	9347_GeorgesMarchal_51_m
184	GeorgesMarchal	69	AGE69	9357	9357_GeorgesMarchal_69_m
184	GeorgesMarchal	22	AGE22	9333	9333_GeorgesMarchal_22_m
184	GeorgesMarchal	25	AGE25	9336	9336_GeorgesMarchal_25_m
184	GeorgesMarchal	24	AGE24	9335	9335_GeorgesMarchal_24_m
184	GeorgesMarchal	58	AGE58	9350	9350_GeorgesMarchal_58_m
184	GeorgesMarchal	42	AGE42	9342	9342_GeorgesMarchal_42_m
185	TheodoreRoosevelt	42	AGE42	910	910_TheodoreRoosevelt_42_m
185	TheodoreRoosevelt	46	AGE46	911	911_TheodoreRoosevelt_46_m
185	TheodoreRoosevelt	57	AGE57	917	917_TheodoreRoosevelt_57_m
185	TheodoreRoosevelt	46	AGE46	918	918_TheodoreRoosevelt_46_m
185	TheodoreRoosevelt	41	AGE41	922	922_TheodoreRoosevelt_41_m
185	TheodoreRoosevelt	34	AGE34	916	916_TheodoreRoosevelt_34_m
185	TheodoreRoosevelt	23	AGE23	921	921_TheodoreRoosevelt_23_m
185	TheodoreRoosevelt	20	AGE20	914	914_TheodoreRoosevelt_20_m
185	TheodoreRoosevelt	55	AGE55	913	913_TheodoreRoosevelt_55_m
185	TheodoreRoosevelt	18	AGE18	915	915_TheodoreRoosevelt_18_m
185	TheodoreRoosevelt	14	AGE14	909	909_TheodoreRoosevelt_14_m
185	TheodoreRoosevelt	54	AGE54	919	919_TheodoreRoosevelt_54_m
185	TheodoreRoosevelt	44	AGE44	912	912_TheodoreRoosevelt_44_m
185	TheodoreRoosevelt	45	AGE45	920	920_TheodoreRoosevelt_45_m
185	TheodoreRoosevelt	53	AGE53	923	923_TheodoreRoosevelt_53_m
186	ElliottGould	28	AGE28	4543	4543_ElliottGould_28_m
186	ElliottGould	30	AGE30	4544	4544_ElliottGould_30_m
186	ElliottGould	32	AGE32	4546	4546_ElliottGould_32_m
186	ElliottGould	76	AGE76	4548	4548_ElliottGould_76_m
186	ElliottGould	34	AGE34	4547	4547_ElliottGould_34_m
186	ElliottGould	31	AGE31	4545	4545_ElliottGould_31_m
187	JenniferJones	20	AGE20	14594	14594_JenniferJones_20_f
187	JenniferJones	30	AGE30	14576	14576_JenniferJones_30_f
187	JenniferJones	21	AGE21	14582	14582_JenniferJones_21_f
187	JenniferJones	32	AGE32	14584	14584_JenniferJones_32_f
187	JenniferJones	26	AGE26	14587	14587_JenniferJones_26_f
187	JenniferJones	22	AGE22	14595	14595_JenniferJones_22_f
187	JenniferJones	22	AGE22	14583	14583_JenniferJones_22_f
187	JenniferJones	35	AGE35	14598	14598_JenniferJones_35_f
187	JenniferJones	24	AGE24	14573	14573_JenniferJones_24_f
187	JenniferJones	35	AGE35	14578	14578_JenniferJones_35_f
187	JenniferJones	36	AGE36	14579	14579_JenniferJones_36_f
187	JenniferJones	27	AGE27	14593	14593_JenniferJones_27_f
187	JenniferJones	23	AGE23	14592	14592_JenniferJones_23_f
187	JenniferJones	30	AGE30	14590	14590_JenniferJones_30_f
187	JenniferJones	20	AGE20	14574	14574_JenniferJones_20_f
187	JenniferJones	34	AGE34	14596	14596_JenniferJones_34_f
187	JenniferJones	55	AGE55	14589	14589_JenniferJones_55_f
187	JenniferJones	50	AGE50	14581	14581_JenniferJones_50_f
187	JenniferJones	78	AGE78	14601	14601_JenniferJones_78_f
187	JenniferJones	34	AGE34	14600	14600_JenniferJones_34_f
187	JenniferJones	27	AGE27	14597	14597_JenniferJones_27_f
187	JenniferJones	26	AGE26	14575	14575_JenniferJones_26_f
187	JenniferJones	29	AGE29	14591	14591_JenniferJones_29_f
187	JenniferJones	24	AGE24	14586	14586_JenniferJones_24_f
187	JenniferJones	43	AGE43	14580	14580_JenniferJones_43_f
187	JenniferJones	31	AGE31	14577	14577_JenniferJones_31_f
187	JenniferJones	25	AGE25	14585	14585_JenniferJones_25_f
187	JenniferJones	33	AGE33	14572	14572_JenniferJones_33_f
187	JenniferJones	24	AGE24	14599	14599_JenniferJones_24_f
187	JenniferJones	36	AGE36	14588	14588_JenniferJones_36_f
188	JulieAndrews	28	AGE28	11477	11477_JulieAndrews_28_f
188	JulieAndrews	31	AGE31	11480	11480_JulieAndrews_31_f
188	JulieAndrews	29	AGE29	11478	11478_JulieAndrews_29_f
188	JulieAndrews	68	AGE68	11499	11499_JulieAndrews_68_f
188	JulieAndrews	75	AGE75	11495	11495_JulieAndrews_75_f
188	JulieAndrews	40	AGE40	11483	11483_JulieAndrews_40_f
188	JulieAndrews	44	AGE44	11487	11487_JulieAndrews_44_f
188	JulieAndrews	54	AGE54	11489	11489_JulieAndrews_54_f
188	JulieAndrews	72	AGE72	11493	11493_JulieAndrews_72_f
188	JulieAndrews	77	AGE77	11497	11497_JulieAndrews_77_f
188	JulieAndrews	25	AGE25	11476	11476_JulieAndrews_25_f
188	JulieAndrews	66	AGE66	11490	11490_JulieAndrews_66_f
188	JulieAndrews	38	AGE38	11485	11485_JulieAndrews_38_f
188	JulieAndrews	36	AGE36	11484	11484_JulieAndrews_36_f
188	JulieAndrews	37	AGE37	11481	11481_JulieAndrews_37_f
188	JulieAndrews	65	AGE65	11471	11471_JulieAndrews_65_f
188	JulieAndrews	21	AGE21	11475	11475_JulieAndrews_21_f
188	JulieAndrews	32	AGE32	11473	11473_JulieAndrews_32_f
188	JulieAndrews	14	AGE14	11472	11472_JulieAndrews_14_f
188	JulieAndrews	46	AGE46	11488	11488_JulieAndrews_46_f
188	JulieAndrews	74	AGE74	11494	11494_JulieAndrews_74_f
188	JulieAndrews	71	AGE71	11492	11492_JulieAndrews_71_f
188	JulieAndrews	39	AGE39	11482	11482_JulieAndrews_39_f
188	JulieAndrews	30	AGE30	11479	11479_JulieAndrews_30_f
188	JulieAndrews	69	AGE69	11491	11491_JulieAndrews_69_f
188	JulieAndrews	78	AGE78	11498	11498_JulieAndrews_78_f
188	JulieAndrews	22	AGE22	11486	11486_JulieAndrews_22_f
188	JulieAndrews	33	AGE33	11500	11500_JulieAndrews_33_f
188	JulieAndrews	76	AGE76	11496	11496_JulieAndrews_76_f
188	JulieAndrews	26	AGE26	11474	11474_JulieAndrews_26_f
189	MurrayHamilton	37	AGE37	8694	8694_MurrayHamilton_37_m
189	MurrayHamilton	44	AGE44	8700	8700_MurrayHamilton_44_m
189	MurrayHamilton	36	AGE36	8693	8693_MurrayHamilton_36_m
189	MurrayHamilton	45	AGE45	8701	8701_MurrayHamilton_45_m
189	MurrayHamilton	40	AGE40	8697	8697_MurrayHamilton_40_m
189	MurrayHamilton	39	AGE39	8696	8696_MurrayHamilton_39_m
189	MurrayHamilton	61	AGE61	8710	8710_MurrayHamilton_61_m
189	MurrayHamilton	55	AGE55	8706	8706_MurrayHamilton_55_m
189	MurrayHamilton	54	AGE54	8705	8705_MurrayHamilton_54_m
189	MurrayHamilton	43	AGE43	8699	8699_MurrayHamilton_43_m
189	MurrayHamilton	57	AGE57	8708	8708_MurrayHamilton_57_m
189	MurrayHamilton	30	AGE30	8689	8689_MurrayHamilton_30_m
189	MurrayHamilton	48	AGE48	8702	8702_MurrayHamilton_48_m
189	MurrayHamilton	58	AGE58	8709	8709_MurrayHamilton_58_m
189	MurrayHamilton	35	AGE35	8692	8692_MurrayHamilton_35_m
189	MurrayHamilton	34	AGE34	8691	8691_MurrayHamilton_34_m
189	MurrayHamilton	62	AGE62	8711	8711_MurrayHamilton_62_m
189	MurrayHamilton	51	AGE51	8704	8704_MurrayHamilton_51_m
189	MurrayHamilton	63	AGE63	8712	8712_MurrayHamilton_63_m
189	MurrayHamilton	28	AGE28	8688	8688_MurrayHamilton_28_m
189	MurrayHamilton	50	AGE50	8703	8703_MurrayHamilton_50_m
189	MurrayHamilton	42	AGE42	8698	8698_MurrayHamilton_42_m
189	MurrayHamilton	56	AGE56	8707	8707_MurrayHamilton_56_m
189	MurrayHamilton	33	AGE33	8690	8690_MurrayHamilton_33_m
189	MurrayHamilton	38	AGE38	8695	8695_MurrayHamilton_38_m
190	ClintWalker	51	AGE51	4071	4071_ClintWalker_51_m
190	ClintWalker	41	AGE41	4064	4064_ClintWalker_41_m
190	ClintWalker	32	AGE32	4055	4055_ClintWalker_32_m
190	ClintWalker	50	AGE50	4070	4070_ClintWalker_50_m
190	ClintWalker	60	AGE60	4074	4074_ClintWalker_60_m
190	ClintWalker	36	AGE36	4059	4059_ClintWalker_36_m
190	ClintWalker	79	AGE79	4083	4083_ClintWalker_79_m
190	ClintWalker	39	AGE39	4062	4062_ClintWalker_39_m
190	ClintWalker	77	AGE77	4081	4081_ClintWalker_77_m
190	ClintWalker	44	AGE44	4067	4067_ClintWalker_44_m
190	ClintWalker	56	AGE56	4073	4073_ClintWalker_56_m
190	ClintWalker	34	AGE34	4057	4057_ClintWalker_34_m
190	ClintWalker	45	AGE45	4068	4068_ClintWalker_45_m
190	ClintWalker	63	AGE63	4075	4075_ClintWalker_63_m
190	ClintWalker	76	AGE76	4080	4080_ClintWalker_76_m
190	ClintWalker	54	AGE54	4072	4072_ClintWalker_54_m
190	ClintWalker	40	AGE40	4063	4063_ClintWalker_40_m
190	ClintWalker	24	AGE24	4050	4050_ClintWalker_24_m
190	ClintWalker	29	AGE29	4052	4052_ClintWalker_29_m
190	ClintWalker	78	AGE78	4082	4082_ClintWalker_78_m
190	ClintWalker	83	AGE83	4085	4085_ClintWalker_83_m
190	ClintWalker	35	AGE35	4058	4058_ClintWalker_35_m
190	ClintWalker	42	AGE42	4065	4065_ClintWalker_42_m
190	ClintWalker	80	AGE80	4084	4084_ClintWalker_80_m
190	ClintWalker	43	AGE43	4066	4066_ClintWalker_43_m
190	ClintWalker	68	AGE68	4076	4076_ClintWalker_68_m
190	ClintWalker	71	AGE71	4077	4077_ClintWalker_71_m
190	ClintWalker	87	AGE87	4086	4086_ClintWalker_87_m
190	ClintWalker	37	AGE37	4060	4060_ClintWalker_37_m
190	ClintWalker	30	AGE30	4053	4053_ClintWalker_30_m
190	ClintWalker	38	AGE38	4061	4061_ClintWalker_38_m
190	ClintWalker	49	AGE49	4069	4069_ClintWalker_49_m
190	ClintWalker	31	AGE31	4054	4054_ClintWalker_31_m
190	ClintWalker	75	AGE75	4079	4079_ClintWalker_75_m
190	ClintWalker	33	AGE33	4056	4056_ClintWalker_33_m
190	ClintWalker	27	AGE27	4051	4051_ClintWalker_27_m
190	ClintWalker	73	AGE73	4078	4078_ClintWalker_73_m
191	LouCostello	36	AGE36	6603	6603_LouCostello_36_m
191	LouCostello	37	AGE37	6604	6604_LouCostello_37_m
191	LouCostello	53	AGE53	6619	6619_LouCostello_53_m
191	LouCostello	33	AGE33	6600	6600_LouCostello_33_m
191	LouCostello	23	AGE23	6598	6598_LouCostello_23_m
191	LouCostello	44	AGE44	6611	6611_LouCostello_44_m
191	LouCostello	38	AGE38	6605	6605_LouCostello_38_m
191	LouCostello	39	AGE39	6606	6606_LouCostello_39_m
191	LouCostello	41	AGE41	6608	6608_LouCostello_41_m
191	LouCostello	46	AGE46	6613	6613_LouCostello_46_m
191	LouCostello	48	AGE48	6615	6615_LouCostello_48_m
191	LouCostello	52	AGE52	6618	6618_LouCostello_52_m
191	LouCostello	50	AGE50	6617	6617_LouCostello_50_m
191	LouCostello	42	AGE42	6609	6609_LouCostello_42_m
191	LouCostello	35	AGE35	6602	6602_LouCostello_35_m
191	LouCostello	45	AGE45	6612	6612_LouCostello_45_m
191	LouCostello	40	AGE40	6607	6607_LouCostello_40_m
191	LouCostello	34	AGE34	6601	6601_LouCostello_34_m
191	LouCostello	43	AGE43	6610	6610_LouCostello_43_m
191	LouCostello	49	AGE49	6616	6616_LouCostello_49_m
191	LouCostello	32	AGE32	6599	6599_LouCostello_32_m
191	LouCostello	47	AGE47	6614	6614_LouCostello_47_m
192	NielsBohr	40	AGE40	1089	1089_NielsBohr_40_m
192	NielsBohr	72	AGE72	1101	1101_NielsBohr_72_m
192	NielsBohr	24	AGE24	1079	1079_NielsBohr_24_m
192	NielsBohr	42	AGE42	1094	1094_NielsBohr_42_m
192	NielsBohr	49	AGE49	1083	1083_NielsBohr_49_m
192	NielsBohr	62	AGE62	1095	1095_NielsBohr_62_m
192	NielsBohr	17	AGE17	1081	1081_NielsBohr_17_m
192	NielsBohr	67	AGE67	1080	1080_NielsBohr_67_m
192	NielsBohr	68	AGE68	1087	1087_NielsBohr_68_m
192	NielsBohr	41	AGE41	1082	1082_NielsBohr_41_m
192	NielsBohr	50	AGE50	1092	1092_NielsBohr_50_m
192	NielsBohr	60	AGE60	1085	1085_NielsBohr_60_m
192	NielsBohr	35	AGE35	1090	1090_NielsBohr_35_m
192	NielsBohr	32	AGE32	1098	1098_NielsBohr_32_m
192	NielsBohr	58	AGE58	1084	1084_NielsBohr_58_m
192	NielsBohr	64	AGE64	1097	1097_NielsBohr_64_m
192	NielsBohr	39	AGE39	1093	1093_NielsBohr_39_m
192	NielsBohr	73	AGE73	1088	1088_NielsBohr_73_m
192	NielsBohr	63	AGE63	1086	1086_NielsBohr_63_m
192	NielsBohr	50	AGE50	1099	1099_NielsBohr_50_m
192	NielsBohr	25	AGE25	1100	1100_NielsBohr_25_m
192	NielsBohr	52	AGE52	1096	1096_NielsBohr_52_m
192	NielsBohr	75	AGE75	1091	1091_NielsBohr_75_m
193	GeorgePeppard	27	AGE27	7904	7904_GeorgePeppard_27_m
193	GeorgePeppard	34	AGE34	7910	7910_GeorgePeppard_34_m
193	GeorgePeppard	37	AGE37	7912	7912_GeorgePeppard_37_m
193	GeorgePeppard	45	AGE45	7915	7915_GeorgePeppard_45_m
193	GeorgePeppard	38	AGE38	7930	7930_GeorgePeppard_38_m
193	GeorgePeppard	42	AGE42	7934	7934_GeorgePeppard_42_m
193	GeorgePeppard	38	AGE38	7913	7913_GeorgePeppard_38_m
193	GeorgePeppard	29	AGE29	7906	7906_GeorgePeppard_29_m
193	GeorgePeppard	26	AGE26	7903	7903_GeorgePeppard_26_m
193	GeorgePeppard	65	AGE65	7937	7937_GeorgePeppard_65_m
193	GeorgePeppard	41	AGE41	7933	7933_GeorgePeppard_41_m
193	GeorgePeppard	43	AGE43	7935	7935_GeorgePeppard_43_m
193	GeorgePeppard	56	AGE56	7922	7922_GeorgePeppard_56_m
193	GeorgePeppard	49	AGE49	7917	7917_GeorgePeppard_49_m
193	GeorgePeppard	28	AGE28	7905	7905_GeorgePeppard_28_m
193	GeorgePeppard	55	AGE55	7921	7921_GeorgePeppard_55_m
193	GeorgePeppard	32	AGE32	7908	7908_GeorgePeppard_32_m
193	GeorgePeppard	33	AGE33	7909	7909_GeorgePeppard_33_m
193	GeorgePeppard	35	AGE35	7911	7911_GeorgePeppard_35_m
193	GeorgePeppard	44	AGE44	7914	7914_GeorgePeppard_44_m
193	GeorgePeppard	64	AGE64	7927	7927_GeorgePeppard_64_m
193	GeorgePeppard	29	AGE29	7907	7907_GeorgePeppard_29_m
193	GeorgePeppard	58	AGE58	7924	7924_GeorgePeppard_58_m
193	GeorgePeppard	52	AGE52	7920	7920_GeorgePeppard_52_m
193	GeorgePeppard	66	AGE66	7928	7928_GeorgePeppard_66_m
193	GeorgePeppard	57	AGE57	7923	7923_GeorgePeppard_57_m
193	GeorgePeppard	40	AGE40	7932	7932_GeorgePeppard_40_m
193	GeorgePeppard	47	AGE47	7916	7916_GeorgePeppard_47_m
193	GeorgePeppard	63	AGE63	7926	7926_GeorgePeppard_63_m
193	GeorgePeppard	36	AGE36	7929	7929_GeorgePeppard_36_m
193	GeorgePeppard	64	AGE64	7936	7936_GeorgePeppard_64_m
193	GeorgePeppard	39	AGE39	7931	7931_GeorgePeppard_39_m
193	GeorgePeppard	59	AGE59	7925	7925_GeorgePeppard_59_m
193	GeorgePeppard	51	AGE51	7919	7919_GeorgePeppard_51_m
193	GeorgePeppard	50	AGE50	7918	7918_GeorgePeppard_50_m
194	JaneFonda	70	AGE70	10129	10129_JaneFonda_70_f
194	JaneFonda	39	AGE39	10118	10118_JaneFonda_39_f
194	JaneFonda	33	AGE33	10114	10114_JaneFonda_33_f
194	JaneFonda	25	AGE25	10107	10107_JaneFonda_25_f
194	JaneFonda	26	AGE26	10108	10108_JaneFonda_26_f
194	JaneFonda	53	AGE53	10123	10123_JaneFonda_53_f
194	JaneFonda	30	AGE30	10112	10112_JaneFonda_30_f
194	JaneFonda	62	AGE62	10125	10125_JaneFonda_62_f
194	JaneFonda	41	AGE41	10120	10120_JaneFonda_41_f
194	JaneFonda	69	AGE69	10128	10128_JaneFonda_69_f
194	JaneFonda	59	AGE59	10104	10104_JaneFonda_59_f
194	JaneFonda	25	AGE25	10106	10106_JaneFonda_25_f
194	JaneFonda	72	AGE72	10131	10131_JaneFonda_72_f
194	JaneFonda	57	AGE57	10124	10124_JaneFonda_57_f
194	JaneFonda	31	AGE31	10113	10113_JaneFonda_31_f
194	JaneFonda	66	AGE66	10126	10126_JaneFonda_66_f
194	JaneFonda	29	AGE29	10111	10111_JaneFonda_29_f
194	JaneFonda	27	AGE27	10109	10109_JaneFonda_27_f
194	JaneFonda	71	AGE71	10130	10130_JaneFonda_71_f
194	JaneFonda	55	AGE55	10105	10105_JaneFonda_55_f
194	JaneFonda	74	AGE74	10132	10132_JaneFonda_74_f
194	JaneFonda	49	AGE49	10122	10122_JaneFonda_49_f
194	JaneFonda	28	AGE28	10110	10110_JaneFonda_28_f
194	JaneFonda	40	AGE40	10119	10119_JaneFonda_40_f
194	JaneFonda	68	AGE68	10127	10127_JaneFonda_68_f
194	JaneFonda	60	AGE60	10133	10133_JaneFonda_60_f
194	JaneFonda	43	AGE43	10121	10121_JaneFonda_43_f
194	JaneFonda	34	AGE34	10115	10115_JaneFonda_34_f
194	JaneFonda	38	AGE38	10117	10117_JaneFonda_38_f
194	JaneFonda	35	AGE35	10116	10116_JaneFonda_35_f
195	LorneGreene	54	AGE54	8151	8151_LorneGreene_54_m
195	LorneGreene	48	AGE48	8145	8145_LorneGreene_48_m
195	LorneGreene	43	AGE43	8141	8141_LorneGreene_43_m
195	LorneGreene	68	AGE68	8162	8162_LorneGreene_68_m
195	LorneGreene	63	AGE63	8157	8157_LorneGreene_63_m
195	LorneGreene	50	AGE50	8147	8147_LorneGreene_50_m
195	LorneGreene	25	AGE25	8137	8137_LorneGreene_25_m
195	LorneGreene	66	AGE66	8160	8160_LorneGreene_66_m
195	LorneGreene	51	AGE51	8148	8148_LorneGreene_51_m
195	LorneGreene	71	AGE71	8164	8164_LorneGreene_71_m
195	LorneGreene	55	AGE55	8152	8152_LorneGreene_55_m
195	LorneGreene	64	AGE64	8158	8158_LorneGreene_64_m
195	LorneGreene	65	AGE65	8159	8159_LorneGreene_65_m
195	LorneGreene	61	AGE61	8155	8155_LorneGreene_61_m
195	LorneGreene	67	AGE67	8161	8161_LorneGreene_67_m
195	LorneGreene	62	AGE62	8156	8156_LorneGreene_62_m
195	LorneGreene	70	AGE70	8163	8163_LorneGreene_70_m
195	LorneGreene	53	AGE53	8150	8150_LorneGreene_53_m
195	LorneGreene	49	AGE49	8146	8146_LorneGreene_49_m
195	LorneGreene	38	AGE38	8140	8140_LorneGreene_38_m
195	LorneGreene	57	AGE57	8153	8153_LorneGreene_57_m
195	LorneGreene	28	AGE28	8138	8138_LorneGreene_28_m
195	LorneGreene	18	AGE18	8136	8136_LorneGreene_18_m
195	LorneGreene	46	AGE46	8144	8144_LorneGreene_46_m
195	LorneGreene	33	AGE33	8139	8139_LorneGreene_33_m
195	LorneGreene	58	AGE58	8154	8154_LorneGreene_58_m
195	LorneGreene	44	AGE44	8142	8142_LorneGreene_44_m
195	LorneGreene	52	AGE52	8149	8149_LorneGreene_52_m
195	LorneGreene	45	AGE45	8143	8143_LorneGreene_45_m
196	KimNovak	47	AGE47	9862	9862_KimNovak_47_f
196	KimNovak	22	AGE22	9851	9851_KimNovak_22_f
196	KimNovak	24	AGE24	9854	9854_KimNovak_24_f
196	KimNovak	31	AGE31	9860	9860_KimNovak_31_f
196	KimNovak	28	AGE28	9857	9857_KimNovak_28_f
196	KimNovak	24	AGE24	9853	9853_KimNovak_24_f
196	KimNovak	63	AGE63	9863	9863_KimNovak_63_f
196	KimNovak	33	AGE33	9868	9868_KimNovak_33_f
196	KimNovak	47	AGE47	9861	9861_KimNovak_47_f
196	KimNovak	31	AGE31	9866	9866_KimNovak_31_f
196	KimNovak	21	AGE21	9850	9850_KimNovak_21_f
196	KimNovak	29	AGE29	9858	9858_KimNovak_29_f
196	KimNovak	30	AGE30	9864	9864_KimNovak_30_f
196	KimNovak	26	AGE26	9865	9865_KimNovak_26_f
196	KimNovak	72	AGE72	9867	9867_KimNovak_72_f
196	KimNovak	27	AGE27	9856	9856_KimNovak_27_f
196	KimNovak	23	AGE23	9852	9852_KimNovak_23_f
196	KimNovak	29	AGE29	9859	9859_KimNovak_29_f
196	KimNovak	25	AGE25	9855	9855_KimNovak_25_f
197	LinoVentura	36	AGE36	7305	7305_LinoVentura_36_m
197	LinoVentura	43	AGE43	7312	7312_LinoVentura_43_m
197	LinoVentura	34	AGE34	7303	7303_LinoVentura_34_m
197	LinoVentura	44	AGE44	7313	7313_LinoVentura_44_m
197	LinoVentura	59	AGE59	7332	7332_LinoVentura_59_m
197	LinoVentura	68	AGE68	7331	7331_LinoVentura_68_m
197	LinoVentura	56	AGE56	7325	7325_LinoVentura_56_m
197	LinoVentura	41	AGE41	7310	7310_LinoVentura_41_m
197	LinoVentura	50	AGE50	7319	7319_LinoVentura_50_m
197	LinoVentura	65	AGE65	7329	7329_LinoVentura_65_m
197	LinoVentura	48	AGE48	7317	7317_LinoVentura_48_m
197	LinoVentura	39	AGE39	7308	7308_LinoVentura_39_m
197	LinoVentura	38	AGE38	7307	7307_LinoVentura_38_m
197	LinoVentura	49	AGE49	7318	7318_LinoVentura_49_m
197	LinoVentura	46	AGE46	7315	7315_LinoVentura_46_m
197	LinoVentura	52	AGE52	7321	7321_LinoVentura_52_m
197	LinoVentura	63	AGE63	7333	7333_LinoVentura_63_m
197	LinoVentura	61	AGE61	7327	7327_LinoVentura_61_m
197	LinoVentura	47	AGE47	7316	7316_LinoVentura_47_m
197	LinoVentura	45	AGE45	7314	7314_LinoVentura_45_m
197	LinoVentura	51	AGE51	7320	7320_LinoVentura_51_m
197	LinoVentura	40	AGE40	7309	7309_LinoVentura_40_m
197	LinoVentura	67	AGE67	7330	7330_LinoVentura_67_m
197	LinoVentura	54	AGE54	7323	7323_LinoVentura_54_m
197	LinoVentura	60	AGE60	7326	7326_LinoVentura_60_m
197	LinoVentura	37	AGE37	7306	7306_LinoVentura_37_m
197	LinoVentura	42	AGE42	7311	7311_LinoVentura_42_m
197	LinoVentura	62	AGE62	7328	7328_LinoVentura_62_m
197	LinoVentura	35	AGE35	7304	7304_LinoVentura_35_m
197	LinoVentura	53	AGE53	7322	7322_LinoVentura_53_m
197	LinoVentura	55	AGE55	7324	7324_LinoVentura_55_m
198	ThomasTerry	46	AGE46	6853	6853_ThomasTerry_46_m
198	ThomasTerry	63	AGE63	6868	6868_ThomasTerry_63_m
198	ThomasTerry	53	AGE53	6860	6860_ThomasTerry_53_m
198	ThomasTerry	55	AGE55	6862	6862_ThomasTerry_55_m
198	ThomasTerry	48	AGE48	6855	6855_ThomasTerry_48_m
198	ThomasTerry	67	AGE67	6870	6870_ThomasTerry_67_m
198	ThomasTerry	39	AGE39	6847	6847_ThomasTerry_39_m
198	ThomasTerry	51	AGE51	6858	6858_ThomasTerry_51_m
198	ThomasTerry	34	AGE34	6842	6842_ThomasTerry_34_m
198	ThomasTerry	59	AGE59	6866	6866_ThomasTerry_59_m
198	ThomasTerry	65	AGE65	6869	6869_ThomasTerry_65_m
198	ThomasTerry	38	AGE38	6846	6846_ThomasTerry_38_m
198	ThomasTerry	41	AGE41	6849	6849_ThomasTerry_41_m
198	ThomasTerry	61	AGE61	6867	6867_ThomasTerry_61_m
198	ThomasTerry	43	AGE43	6850	6850_ThomasTerry_43_m
198	ThomasTerry	45	AGE45	6852	6852_ThomasTerry_45_m
198	ThomasTerry	35	AGE35	6843	6843_ThomasTerry_35_m
198	ThomasTerry	58	AGE58	6865	6865_ThomasTerry_58_m
198	ThomasTerry	44	AGE44	6851	6851_ThomasTerry_44_m
198	ThomasTerry	54	AGE54	6861	6861_ThomasTerry_54_m
198	ThomasTerry	49	AGE49	6856	6856_ThomasTerry_49_m
198	ThomasTerry	40	AGE40	6848	6848_ThomasTerry_40_m
198	ThomasTerry	36	AGE36	6844	6844_ThomasTerry_36_m
198	ThomasTerry	47	AGE47	6854	6854_ThomasTerry_47_m
198	ThomasTerry	37	AGE37	6845	6845_ThomasTerry_37_m
198	ThomasTerry	71	AGE71	6871	6871_ThomasTerry_71_m
198	ThomasTerry	52	AGE52	6859	6859_ThomasTerry_52_m
198	ThomasTerry	57	AGE57	6864	6864_ThomasTerry_57_m
198	ThomasTerry	56	AGE56	6863	6863_ThomasTerry_56_m
198	ThomasTerry	50	AGE50	6857	6857_ThomasTerry_50_m
199	CharltonHeaston	42	AGE42	8860	8860_CharltonHeaston_42_m
199	CharltonHeaston	45	AGE45	8867	8867_CharltonHeaston_45_m
199	CharltonHeaston	50	AGE50	8864	8864_CharltonHeaston_50_m
199	CharltonHeaston	35	AGE35	8873	8873_CharltonHeaston_35_m
199	CharltonHeaston	79	AGE79	8871	8871_CharltonHeaston_79_m
199	CharltonHeaston	38	AGE38	8865	8865_CharltonHeaston_38_m
199	CharltonHeaston	78	AGE78	8870	8870_CharltonHeaston_78_m
199	CharltonHeaston	45	AGE45	8861	8861_CharltonHeaston_45_m
199	CharltonHeaston	37	AGE37	8868	8868_CharltonHeaston_37_m
199	CharltonHeaston	27	AGE27	8879	8879_CharltonHeaston_27_m
199	CharltonHeaston	38	AGE38	8874	8874_CharltonHeaston_38_m
199	CharltonHeaston	45	AGE45	8862	8862_CharltonHeaston_45_m
199	CharltonHeaston	39	AGE39	8866	8866_CharltonHeaston_39_m
199	CharltonHeaston	58	AGE58	8880	8880_CharltonHeaston_58_m
199	CharltonHeaston	79	AGE79	8876	8876_CharltonHeaston_79_m
199	CharltonHeaston	61	AGE61	8875	8875_CharltonHeaston_61_m
199	CharltonHeaston	37	AGE37	8878	8878_CharltonHeaston_37_m
199	CharltonHeaston	80	AGE80	8877	8877_CharltonHeaston_80_m
199	CharltonHeaston	27	AGE27	8859	8859_CharltonHeaston_27_m
199	CharltonHeaston	19	AGE19	8872	8872_CharltonHeaston_19_m
199	CharltonHeaston	38	AGE38	8863	8863_CharltonHeaston_38_m
199	CharltonHeaston	54	AGE54	8869	8869_CharltonHeaston_54_m
200	AnnMargret	32	AGE32	10379	10379_AnnMargret_32_f
200	AnnMargret	64	AGE64	10397	10397_AnnMargret_64_f
200	AnnMargret	73	AGE73	10401	10401_AnnMargret_73_f
200	AnnMargret	68	AGE68	10398	10398_AnnMargret_68_f
200	AnnMargret	41	AGE41	10387	10387_AnnMargret_41_f
200	AnnMargret	25	AGE25	10374	10374_AnnMargret_25_f
200	AnnMargret	63	AGE63	10396	10396_AnnMargret_63_f
200	AnnMargret	26	AGE26	10375	10375_AnnMargret_26_f
200	AnnMargret	30	AGE30	10377	10377_AnnMargret_30_f
200	AnnMargret	31	AGE31	10378	10378_AnnMargret_31_f
200	AnnMargret	24	AGE24	10373	10373_AnnMargret_24_f
200	AnnMargret	22	AGE22	10371	10371_AnnMargret_22_f
200	AnnMargret	44	AGE44	10389	10389_AnnMargret_44_f
200	AnnMargret	20	AGE20	10370	10370_AnnMargret_20_f
200	AnnMargret	53	AGE53	10392	10392_AnnMargret_53_f
200	AnnMargret	47	AGE47	10390	10390_AnnMargret_47_f
200	AnnMargret	59	AGE59	10394	10394_AnnMargret_59_f
200	AnnMargret	33	AGE33	10380	10380_AnnMargret_33_f
200	AnnMargret	34	AGE34	10381	10381_AnnMargret_34_f
200	AnnMargret	39	AGE39	10386	10386_AnnMargret_39_f
200	AnnMargret	52	AGE52	10391	10391_AnnMargret_52_f
200	AnnMargret	70	AGE70	10400	10400_AnnMargret_70_f
200	AnnMargret	38	AGE38	10385	10385_AnnMargret_38_f
200	AnnMargret	69	AGE69	10399	10399_AnnMargret_69_f
200	AnnMargret	23	AGE23	10372	10372_AnnMargret_23_f
200	AnnMargret	36	AGE36	10383	10383_AnnMargret_36_f
200	AnnMargret	54	AGE54	10393	10393_AnnMargret_54_f
200	AnnMargret	37	AGE37	10384	10384_AnnMargret_37_f
200	AnnMargret	61	AGE61	10395	10395_AnnMargret_61_f
200	AnnMargret	42	AGE42	10388	10388_AnnMargret_42_f
200	AnnMargret	29	AGE29	10376	10376_AnnMargret_29_f
200	AnnMargret	35	AGE35	10382	10382_AnnMargret_35_f
201	KirkDouglas	86	AGE86	4298	4298_KirkDouglas_86_m
201	KirkDouglas	32	AGE32	4299	4299_KirkDouglas_32_m
201	KirkDouglas	34	AGE34	4288	4288_KirkDouglas_34_m
201	KirkDouglas	42	AGE42	4302	4302_KirkDouglas_42_m
201	KirkDouglas	84	AGE84	4287	4287_KirkDouglas_84_m
201	KirkDouglas	60	AGE60	4300	4300_KirkDouglas_60_m
201	KirkDouglas	20	AGE20	4301	4301_KirkDouglas_20_m
201	KirkDouglas	81	AGE81	4297	4297_KirkDouglas_81_m
201	KirkDouglas	16	AGE16	4303	4303_KirkDouglas_16_m
201	KirkDouglas	40	AGE40	4289	4289_KirkDouglas_40_m
201	KirkDouglas	49	AGE49	4294	4294_KirkDouglas_49_m
201	KirkDouglas	71	AGE71	4295	4295_KirkDouglas_71_m
201	KirkDouglas	80	AGE80	4296	4296_KirkDouglas_80_m
201	KirkDouglas	39	AGE39	4291	4291_KirkDouglas_39_m
201	KirkDouglas	40	AGE40	4290	4290_KirkDouglas_40_m
201	KirkDouglas	39	AGE39	4292	4292_KirkDouglas_39_m
201	KirkDouglas	46	AGE46	4293	4293_KirkDouglas_46_m
202	JudyHolliday	29	AGE29	14078	14078_JudyHolliday_29_f
202	JudyHolliday	28	AGE28	14077	14077_JudyHolliday_28_f
202	JudyHolliday	36	AGE36	14072	14072_JudyHolliday_36_f
202	JudyHolliday	42	AGE42	14074	14074_JudyHolliday_42_f
202	JudyHolliday	24	AGE24	14067	14067_JudyHolliday_24_f
202	JudyHolliday	17	AGE17	14061	14061_JudyHolliday_17_f
202	JudyHolliday	35	AGE35	14070	14070_JudyHolliday_35_f
202	JudyHolliday	35	AGE35	14080	14080_JudyHolliday_35_f
202	JudyHolliday	28	AGE28	14062	14062_JudyHolliday_28_f
202	JudyHolliday	32	AGE32	14065	14065_JudyHolliday_32_f
202	JudyHolliday	28	AGE28	14079	14079_JudyHolliday_28_f
202	JudyHolliday	42	AGE42	14073	14073_JudyHolliday_42_f
202	JudyHolliday	36	AGE36	14071	14071_JudyHolliday_36_f
202	JudyHolliday	27	AGE27	14060	14060_JudyHolliday_27_f
202	JudyHolliday	27	AGE27	14076	14076_JudyHolliday_27_f
202	JudyHolliday	33	AGE33	14081	14081_JudyHolliday_33_f
202	JudyHolliday	33	AGE33	14068	14068_JudyHolliday_33_f
202	JudyHolliday	32	AGE32	14064	14064_JudyHolliday_32_f
202	JudyHolliday	33	AGE33	14066	14066_JudyHolliday_33_f
202	JudyHolliday	35	AGE35	14069	14069_JudyHolliday_35_f
202	JudyHolliday	31	AGE31	14063	14063_JudyHolliday_31_f
202	JudyHolliday	29	AGE29	14075	14075_JudyHolliday_29_f
203	DebraPaget	30	AGE30	15232	15232_DebraPaget_30_f
203	DebraPaget	17	AGE17	15217	15217_DebraPaget_17_f
203	DebraPaget	28	AGE28	15230	15230_DebraPaget_28_f
203	DebraPaget	18	AGE18	15218	15218_DebraPaget_18_f
203	DebraPaget	24	AGE24	15225	15225_DebraPaget_24_f
203	DebraPaget	70	AGE70	15241	15241_DebraPaget_70_f
203	DebraPaget	25	AGE25	15226	15226_DebraPaget_25_f
203	DebraPaget	35	AGE35	15236	15236_DebraPaget_35_f
203	DebraPaget	40	AGE40	15238	15238_DebraPaget_40_f
203	DebraPaget	26	AGE26	15227	15227_DebraPaget_26_f
203	DebraPaget	31	AGE31	15233	15233_DebraPaget_31_f
203	DebraPaget	73	AGE73	15242	15242_DebraPaget_73_f
203	DebraPaget	23	AGE23	15224	15224_DebraPaget_23_f
203	DebraPaget	37	AGE37	15237	15237_DebraPaget_37_f
203	DebraPaget	34	AGE34	15235	15235_DebraPaget_34_f
203	DebraPaget	79	AGE79	15245	15245_DebraPaget_79_f
203	DebraPaget	55	AGE55	15240	15240_DebraPaget_55_f
203	DebraPaget	75	AGE75	15243	15243_DebraPaget_75_f
203	DebraPaget	29	AGE29	15231	15231_DebraPaget_29_f
203	DebraPaget	22	AGE22	15223	15223_DebraPaget_22_f
203	DebraPaget	19	AGE19	15219	15219_DebraPaget_19_f
203	DebraPaget	20	AGE20	15221	15221_DebraPaget_20_f
203	DebraPaget	78	AGE78	15244	15244_DebraPaget_78_f
203	DebraPaget	17	AGE17	15216	15216_DebraPaget_17_f
203	DebraPaget	16	AGE16	15215	15215_DebraPaget_16_f
203	DebraPaget	20	AGE20	15220	15220_DebraPaget_20_f
203	DebraPaget	81	AGE81	15246	15246_DebraPaget_81_f
203	DebraPaget	42	AGE42	15239	15239_DebraPaget_42_f
203	DebraPaget	21	AGE21	15222	15222_DebraPaget_21_f
203	DebraPaget	27	AGE27	15228	15228_DebraPaget_27_f
203	DebraPaget	27	AGE27	15229	15229_DebraPaget_27_f
203	DebraPaget	15	AGE15	15214	15214_DebraPaget_15_f
203	DebraPaget	32	AGE32	15234	15234_DebraPaget_32_f
204	LilliPalmer	30	AGE30	13668	13668_LilliPalmer_30_f
204	LilliPalmer	37	AGE37	13672	13672_LilliPalmer_37_f
204	LilliPalmer	57	AGE57	13683	13683_LilliPalmer_57_f
204	LilliPalmer	46	AGE46	13677	13677_LilliPalmer_46_f
204	LilliPalmer	71	AGE71	13688	13688_LilliPalmer_71_f
204	LilliPalmer	64	AGE64	13686	13686_LilliPalmer_64_f
204	LilliPalmer	35	AGE35	13670	13670_LilliPalmer_35_f
204	LilliPalmer	26	AGE26	13666	13666_LilliPalmer_26_f
204	LilliPalmer	59	AGE59	13684	13684_LilliPalmer_59_f
204	LilliPalmer	49	AGE49	13679	13679_LilliPalmer_49_f
204	LilliPalmer	61	AGE61	13685	13685_LilliPalmer_61_f
204	LilliPalmer	28	AGE28	13667	13667_LilliPalmer_28_f
204	LilliPalmer	45	AGE45	13676	13676_LilliPalmer_45_f
204	LilliPalmer	56	AGE56	13682	13682_LilliPalmer_56_f
204	LilliPalmer	48	AGE48	13678	13678_LilliPalmer_48_f
204	LilliPalmer	38	AGE38	13673	13673_LilliPalmer_38_f
204	LilliPalmer	53	AGE53	13680	13680_LilliPalmer_53_f
204	LilliPalmer	54	AGE54	13681	13681_LilliPalmer_54_f
204	LilliPalmer	36	AGE36	13671	13671_LilliPalmer_36_f
204	LilliPalmer	21	AGE21	13665	13665_LilliPalmer_21_f
204	LilliPalmer	43	AGE43	13675	13675_LilliPalmer_43_f
204	LilliPalmer	68	AGE68	13687	13687_LilliPalmer_68_f
204	LilliPalmer	40	AGE40	13674	13674_LilliPalmer_40_f
204	LilliPalmer	34	AGE34	13669	13669_LilliPalmer_34_f
205	LarryEllison	46	AGE46	333	333_LarryEllison_46_m
205	LarryEllison	49	AGE49	325	325_LarryEllison_49_m
205	LarryEllison	66	AGE66	326	326_LarryEllison_66_m
205	LarryEllison	69	AGE69	336	336_LarryEllison_69_m
205	LarryEllison	48	AGE48	334	334_LarryEllison_48_m
205	LarryEllison	51	AGE51	335	335_LarryEllison_51_m
205	LarryEllison	20	AGE20	329	329_LarryEllison_20_m
205	LarryEllison	42	AGE42	323	323_LarryEllison_42_m
205	LarryEllison	58	AGE58	337	337_LarryEllison_58_m
205	LarryEllison	68	AGE68	331	331_LarryEllison_68_m
205	LarryEllison	30	AGE30	330	330_LarryEllison_30_m
205	LarryEllison	45	AGE45	324	324_LarryEllison_45_m
205	LarryEllison	52	AGE52	332	332_LarryEllison_52_m
205	LarryEllison	65	AGE65	327	327_LarryEllison_65_m
205	LarryEllison	60	AGE60	328	328_LarryEllison_60_m
206	HowardKeel	75	AGE75	5921	5921_HowardKeel_75_m
206	HowardKeel	36	AGE36	5891	5891_HowardKeel_36_m
206	HowardKeel	40	AGE40	5895	5895_HowardKeel_40_m
206	HowardKeel	68	AGE68	5911	5911_HowardKeel_68_m
206	HowardKeel	72	AGE72	5914	5914_HowardKeel_72_m
206	HowardKeel	85	AGE85	5920	5920_HowardKeel_85_m
206	HowardKeel	56	AGE56	5901	5901_HowardKeel_56_m
206	HowardKeel	46	AGE46	5898	5898_HowardKeel_46_m
206	HowardKeel	52	AGE52	5900	5900_HowardKeel_52_m
206	HowardKeel	32	AGE32	5887	5887_HowardKeel_32_m
206	HowardKeel	81	AGE81	5922	5922_HowardKeel_81_m
206	HowardKeel	34	AGE34	5889	5889_HowardKeel_34_m
206	HowardKeel	73	AGE73	5915	5915_HowardKeel_73_m
206	HowardKeel	84	AGE84	5919	5919_HowardKeel_84_m
206	HowardKeel	77	AGE77	5916	5916_HowardKeel_77_m
206	HowardKeel	43	AGE43	5897	5897_HowardKeel_43_m
206	HowardKeel	33	AGE33	5888	5888_HowardKeel_33_m
206	HowardKeel	30	AGE30	5885	5885_HowardKeel_30_m
206	HowardKeel	62	AGE62	5906	5906_HowardKeel_62_m
206	HowardKeel	70	AGE70	5912	5912_HowardKeel_70_m
206	HowardKeel	39	AGE39	5894	5894_HowardKeel_39_m
206	HowardKeel	58	AGE58	5902	5902_HowardKeel_58_m
206	HowardKeel	29	AGE29	5884	5884_HowardKeel_29_m
206	HowardKeel	38	AGE38	5893	5893_HowardKeel_38_m
206	HowardKeel	37	AGE37	5892	5892_HowardKeel_37_m
206	HowardKeel	42	AGE42	5896	5896_HowardKeel_42_m
206	HowardKeel	80	AGE80	5917	5917_HowardKeel_80_m
206	HowardKeel	64	AGE64	5908	5908_HowardKeel_64_m
206	HowardKeel	67	AGE67	5910	5910_HowardKeel_67_m
206	HowardKeel	35	AGE35	5890	5890_HowardKeel_35_m
206	HowardKeel	63	AGE63	5907	5907_HowardKeel_63_m
206	HowardKeel	59	AGE59	5903	5903_HowardKeel_59_m
206	HowardKeel	60	AGE60	5904	5904_HowardKeel_60_m
206	HowardKeel	61	AGE61	5905	5905_HowardKeel_61_m
206	HowardKeel	50	AGE50	5899	5899_HowardKeel_50_m
206	HowardKeel	83	AGE83	5918	5918_HowardKeel_83_m
206	HowardKeel	31	AGE31	5886	5886_HowardKeel_31_m
206	HowardKeel	71	AGE71	5913	5913_HowardKeel_71_m
206	HowardKeel	65	AGE65	5909	5909_HowardKeel_65_m
207	BillCosby	75	AGE75	16199	16199_BillCosby_75_m
207	BillCosby	53	AGE53	16192	16192_BillCosby_53_m
207	BillCosby	74	AGE74	16181	16181_BillCosby_74_m
207	BillCosby	73	AGE73	16201	16201_BillCosby_73_m
207	BillCosby	26	AGE26	16185	16185_BillCosby_26_m
207	BillCosby	51	AGE51	16191	16191_BillCosby_51_m
207	BillCosby	59	AGE59	16189	16189_BillCosby_59_m
207	BillCosby	72	AGE72	16203	16203_BillCosby_72_m
207	BillCosby	28	AGE28	16183	16183_BillCosby_28_m
207	BillCosby	65	AGE65	16193	16193_BillCosby_65_m
207	BillCosby	76	AGE76	16197	16197_BillCosby_76_m
207	BillCosby	74	AGE74	16200	16200_BillCosby_74_m
207	BillCosby	79	AGE79	16195	16195_BillCosby_79_m
207	BillCosby	70	AGE70	16206	16206_BillCosby_70_m
207	BillCosby	77	AGE77	16196	16196_BillCosby_77_m
207	BillCosby	80	AGE80	16194	16194_BillCosby_80_m
207	BillCosby	73	AGE73	16202	16202_BillCosby_73_m
207	BillCosby	20	AGE20	16182	16182_BillCosby_20_m
207	BillCosby	48	AGE48	16014	16014_BillCosby_48_m
207	BillCosby	76	AGE76	16198	16198_BillCosby_76_m
207	BillCosby	30	AGE30	16013	16013_BillCosby_30_m
207	BillCosby	38	AGE38	16186	16186_BillCosby_38_m
207	BillCosby	32	AGE32	16184	16184_BillCosby_32_m
207	BillCosby	38	AGE38	16187	16187_BillCosby_38_m
207	BillCosby	71	AGE71	16205	16205_BillCosby_71_m
207	BillCosby	33	AGE33	16188	16188_BillCosby_33_m
207	BillCosby	72	AGE72	16204	16204_BillCosby_72_m
207	BillCosby	75	AGE75	16015	16015_BillCosby_75_m
207	BillCosby	60	AGE60	16190	16190_BillCosby_60_m
207	BillCosby	70	AGE70	16207	16207_BillCosby_70_m
208	ShelleyWinters	80	AGE80	14776	14776_ShelleyWinters_80_f
208	ShelleyWinters	48	AGE48	14772	14772_ShelleyWinters_48_f
208	ShelleyWinters	46	AGE46	14766	14766_ShelleyWinters_46_f
208	ShelleyWinters	76	AGE76	14784	14784_ShelleyWinters_76_f
208	ShelleyWinters	56	AGE56	14768	14768_ShelleyWinters_56_f
208	ShelleyWinters	31	AGE31	14758	14758_ShelleyWinters_31_f
208	ShelleyWinters	55	AGE55	14774	14774_ShelleyWinters_55_f
208	ShelleyWinters	22	AGE22	14751	14751_ShelleyWinters_22_f
208	ShelleyWinters	39	AGE39	14763	14763_ShelleyWinters_39_f
208	ShelleyWinters	56	AGE56	14775	14775_ShelleyWinters_56_f
208	ShelleyWinters	28	AGE28	14783	14783_ShelleyWinters_28_f
208	ShelleyWinters	29	AGE29	14762	14762_ShelleyWinters_29_f
208	ShelleyWinters	25	AGE25	14778	14778_ShelleyWinters_25_f
208	ShelleyWinters	42	AGE42	14765	14765_ShelleyWinters_42_f
208	ShelleyWinters	60	AGE60	14770	14770_ShelleyWinters_60_f
208	ShelleyWinters	40	AGE40	14779	14779_ShelleyWinters_40_f
208	ShelleyWinters	28	AGE28	14781	14781_ShelleyWinters_28_f
208	ShelleyWinters	55	AGE55	14767	14767_ShelleyWinters_55_f
208	ShelleyWinters	45	AGE45	14752	14752_ShelleyWinters_45_f
208	ShelleyWinters	31	AGE31	14759	14759_ShelleyWinters_31_f
208	ShelleyWinters	28	AGE28	14756	14756_ShelleyWinters_28_f
208	ShelleyWinters	30	AGE30	14760	14760_ShelleyWinters_30_f
208	ShelleyWinters	76	AGE76	14773	14773_ShelleyWinters_76_f
208	ShelleyWinters	34	AGE34	14757	14757_ShelleyWinters_34_f
208	ShelleyWinters	58	AGE58	14769	14769_ShelleyWinters_58_f
208	ShelleyWinters	52	AGE52	14771	14771_ShelleyWinters_52_f
208	ShelleyWinters	27	AGE27	14753	14753_ShelleyWinters_27_f
208	ShelleyWinters	25	AGE25	14755	14755_ShelleyWinters_25_f
208	ShelleyWinters	40	AGE40	14764	14764_ShelleyWinters_40_f
208	ShelleyWinters	33	AGE33	14777	14777_ShelleyWinters_33_f
208	ShelleyWinters	35	AGE35	14761	14761_ShelleyWinters_35_f
208	ShelleyWinters	24	AGE24	14782	14782_ShelleyWinters_24_f
208	ShelleyWinters	33	AGE33	14780	14780_ShelleyWinters_33_f
208	ShelleyWinters	20	AGE20	14754	14754_ShelleyWinters_20_f
209	Konstantaras	59	AGE59	8106	8106_Konstantaras_59_m
209	Konstantaras	58	AGE58	8097	8097_Konstantaras_58_m
209	Konstantaras	46	AGE46	8093	8093_Konstantaras_46_m
209	Konstantaras	54	AGE54	8101	8101_Konstantaras_54_m
209	Konstantaras	52	AGE52	8098	8098_Konstantaras_52_m
209	Konstantaras	59	AGE59	8092	8092_Konstantaras_59_m
209	Konstantaras	56	AGE56	8096	8096_Konstantaras_56_m
209	Konstantaras	54	AGE54	8099	8099_Konstantaras_54_m
209	Konstantaras	62	AGE62	8110	8110_Konstantaras_62_m
209	Konstantaras	59	AGE59	8108	8108_Konstantaras_59_m
209	Konstantaras	51	AGE51	8100	8100_Konstantaras_51_m
209	Konstantaras	54	AGE54	8102	8102_Konstantaras_54_m
209	Konstantaras	58	AGE58	8094	8094_Konstantaras_58_m
209	Konstantaras	47	AGE47	8103	8103_Konstantaras_47_m
209	Konstantaras	54	AGE54	8107	8107_Konstantaras_54_m
209	Konstantaras	55	AGE55	8105	8105_Konstantaras_55_m
209	Konstantaras	51	AGE51	8095	8095_Konstantaras_51_m
209	Konstantaras	55	AGE55	8104	8104_Konstantaras_55_m
209	Konstantaras	58	AGE58	8109	8109_Konstantaras_58_m
210	JeanPeters	38	AGE38	13600	13600_JeanPeters_38_f
210	JeanPeters	55	AGE55	13604	13604_JeanPeters_55_f
210	JeanPeters	47	AGE47	13602	13602_JeanPeters_47_f
210	JeanPeters	22	AGE22	13587	13587_JeanPeters_22_f
210	JeanPeters	28	AGE28	13592	13592_JeanPeters_28_f
210	JeanPeters	59	AGE59	13605	13605_JeanPeters_59_f
210	JeanPeters	18	AGE18	13584	13584_JeanPeters_18_f
210	JeanPeters	51	AGE51	13603	13603_JeanPeters_51_f
210	JeanPeters	36	AGE36	13598	13598_JeanPeters_36_f
210	JeanPeters	32	AGE32	13594	13594_JeanPeters_32_f
210	JeanPeters	31	AGE31	13593	13593_JeanPeters_31_f
210	JeanPeters	37	AGE37	13599	13599_JeanPeters_37_f
210	JeanPeters	34	AGE34	13596	13596_JeanPeters_34_f
210	JeanPeters	26	AGE26	13590	13590_JeanPeters_26_f
210	JeanPeters	11	AGE11	13583	13583_JeanPeters_11_f
210	JeanPeters	45	AGE45	13601	13601_JeanPeters_45_f
210	JeanPeters	33	AGE33	13595	13595_JeanPeters_33_f
210	JeanPeters	19	AGE19	13585	13585_JeanPeters_19_f
210	JeanPeters	27	AGE27	13591	13591_JeanPeters_27_f
210	JeanPeters	35	AGE35	13597	13597_JeanPeters_35_f
210	JeanPeters	24	AGE24	13589	13589_JeanPeters_24_f
210	JeanPeters	23	AGE23	13588	13588_JeanPeters_23_f
210	JeanPeters	21	AGE21	13586	13586_JeanPeters_21_f
211	AnjelicaHuston	60	AGE60	11835	11835_AnjelicaHuston_60_f
211	AnjelicaHuston	53	AGE53	11828	11828_AnjelicaHuston_53_f
211	AnjelicaHuston	31	AGE31	11814	11814_AnjelicaHuston_31_f
211	AnjelicaHuston	34	AGE34	11815	11815_AnjelicaHuston_34_f
211	AnjelicaHuston	45	AGE45	11821	11821_AnjelicaHuston_45_f
211	AnjelicaHuston	62	AGE62	11837	11837_AnjelicaHuston_62_f
211	AnjelicaHuston	30	AGE30	11813	11813_AnjelicaHuston_30_f
211	AnjelicaHuston	56	AGE56	11830	11830_AnjelicaHuston_56_f
211	AnjelicaHuston	17	AGE17	11809	11809_AnjelicaHuston_17_f
211	AnjelicaHuston	47	AGE47	11822	11822_AnjelicaHuston_47_f
211	AnjelicaHuston	55	AGE55	11829	11829_AnjelicaHuston_55_f
211	AnjelicaHuston	61	AGE61	11836	11836_AnjelicaHuston_61_f
211	AnjelicaHuston	44	AGE44	11820	11820_AnjelicaHuston_44_f
211	AnjelicaHuston	18	AGE18	11810	11810_AnjelicaHuston_18_f
211	AnjelicaHuston	24	AGE24	11811	11811_AnjelicaHuston_24_f
211	AnjelicaHuston	50	AGE50	11825	11825_AnjelicaHuston_50_f
211	AnjelicaHuston	27	AGE27	11812	11812_AnjelicaHuston_27_f
211	AnjelicaHuston	16	AGE16	11808	11808_AnjelicaHuston_16_f
211	AnjelicaHuston	58	AGE58	11832	11832_AnjelicaHuston_58_f
211	AnjelicaHuston	57	AGE57	11831	11831_AnjelicaHuston_57_f
211	AnjelicaHuston	48	AGE48	11823	11823_AnjelicaHuston_48_f
211	AnjelicaHuston	36	AGE36	11816	11816_AnjelicaHuston_36_f
211	AnjelicaHuston	59	AGE59	11833	11833_AnjelicaHuston_59_f
211	AnjelicaHuston	63	AGE63	11838	11838_AnjelicaHuston_63_f
211	AnjelicaHuston	52	AGE52	11827	11827_AnjelicaHuston_52_f
211	AnjelicaHuston	60	AGE60	11834	11834_AnjelicaHuston_60_f
211	AnjelicaHuston	40	AGE40	11817	11817_AnjelicaHuston_40_f
211	AnjelicaHuston	40	AGE40	11818	11818_AnjelicaHuston_40_f
211	AnjelicaHuston	42	AGE42	11819	11819_AnjelicaHuston_42_f
211	AnjelicaHuston	50	AGE50	11824	11824_AnjelicaHuston_50_f
211	AnjelicaHuston	51	AGE51	11826	11826_AnjelicaHuston_51_f
212	NormaShearer	33	AGE33	13710	13710_NormaShearer_33_f
212	NormaShearer	28	AGE28	13702	13702_NormaShearer_28_f
212	NormaShearer	35	AGE35	13705	13705_NormaShearer_35_f
212	NormaShearer	37	AGE37	13697	13697_NormaShearer_37_f
212	NormaShearer	29	AGE29	13708	13708_NormaShearer_29_f
212	NormaShearer	37	AGE37	13698	13698_NormaShearer_37_f
212	NormaShearer	25	AGE25	13713	13713_NormaShearer_25_f
212	NormaShearer	36	AGE36	13695	13695_NormaShearer_36_f
212	NormaShearer	33	AGE33	13696	13696_NormaShearer_33_f
212	NormaShearer	22	AGE22	13689	13689_NormaShearer_22_f
212	NormaShearer	38	AGE38	13699	13699_NormaShearer_38_f
212	NormaShearer	18	AGE18	13707	13707_NormaShearer_18_f
212	NormaShearer	28	AGE28	13711	13711_NormaShearer_28_f
212	NormaShearer	31	AGE31	13715	13715_NormaShearer_31_f
212	NormaShearer	38	AGE38	13700	13700_NormaShearer_38_f
212	NormaShearer	32	AGE32	13709	13709_NormaShearer_32_f
212	NormaShearer	29	AGE29	13692	13692_NormaShearer_29_f
212	NormaShearer	39	AGE39	13712	13712_NormaShearer_39_f
212	NormaShearer	34	AGE34	13694	13694_NormaShearer_34_f
212	NormaShearer	25	AGE25	13704	13704_NormaShearer_25_f
212	NormaShearer	27	AGE27	13706	13706_NormaShearer_27_f
212	NormaShearer	27	AGE27	13690	13690_NormaShearer_27_f
212	NormaShearer	26	AGE26	13714	13714_NormaShearer_26_f
212	NormaShearer	28	AGE28	13691	13691_NormaShearer_28_f
212	NormaShearer	40	AGE40	13701	13701_NormaShearer_40_f
212	NormaShearer	23	AGE23	13703	13703_NormaShearer_23_f
212	NormaShearer	32	AGE32	13693	13693_NormaShearer_32_f
213	RabindranathTagore	65	AGE65	1454	1454_RabindranathTagore_65_m
213	RabindranathTagore	76	AGE76	1463	1463_RabindranathTagore_76_m
213	RabindranathTagore	73	AGE73	1458	1458_RabindranathTagore_73_m
213	RabindranathTagore	62	AGE62	1472	1472_RabindranathTagore_62_m
213	RabindranathTagore	55	AGE55	1451	1451_RabindranathTagore_55_m
213	RabindranathTagore	69	AGE69	1455	1455_RabindranathTagore_69_m
213	RabindranathTagore	65	AGE65	1473	1473_RabindranathTagore_65_m
213	RabindranathTagore	25	AGE25	1468	1468_RabindranathTagore_25_m
213	RabindranathTagore	45	AGE45	1471	1471_RabindranathTagore_45_m
213	RabindranathTagore	44	AGE44	1464	1464_RabindranathTagore_44_m
213	RabindranathTagore	67	AGE67	1474	1474_RabindranathTagore_67_m
213	RabindranathTagore	22	AGE22	1469	1469_RabindranathTagore_22_m
213	RabindranathTagore	12	AGE12	1467	1467_RabindranathTagore_12_m
213	RabindranathTagore	62	AGE62	1470	1470_RabindranathTagore_62_m
213	RabindranathTagore	70	AGE70	1456	1456_RabindranathTagore_70_m
213	RabindranathTagore	79	AGE79	1466	1466_RabindranathTagore_79_m
213	RabindranathTagore	19	AGE19	1461	1461_RabindranathTagore_19_m
213	RabindranathTagore	74	AGE74	1460	1460_RabindranathTagore_74_m
213	RabindranathTagore	51	AGE51	1465	1465_RabindranathTagore_51_m
213	RabindranathTagore	63	AGE63	1457	1457_RabindranathTagore_63_m
213	RabindranathTagore	74	AGE74	1462	1462_RabindranathTagore_74_m
213	RabindranathTagore	20	AGE20	1459	1459_RabindranathTagore_20_m
213	RabindranathTagore	59	AGE59	1452	1452_RabindranathTagore_59_m
213	RabindranathTagore	63	AGE63	1453	1453_RabindranathTagore_63_m
213	RabindranathTagore	52	AGE52	1450	1450_RabindranathTagore_52_m
214	JoanLeslie	16	AGE16	10164	10164_JoanLeslie_16_f
214	JoanLeslie	30	AGE30	10174	10174_JoanLeslie_30_f
214	JoanLeslie	33	AGE33	10176	10176_JoanLeslie_33_f
214	JoanLeslie	22	AGE22	10168	10168_JoanLeslie_22_f
214	JoanLeslie	17	AGE17	10165	10165_JoanLeslie_17_f
214	JoanLeslie	87	AGE87	10190	10190_JoanLeslie_87_f
214	JoanLeslie	78	AGE78	10185	10185_JoanLeslie_78_f
214	JoanLeslie	29	AGE29	10173	10173_JoanLeslie_29_f
214	JoanLeslie	80	AGE80	10186	10186_JoanLeslie_80_f
214	JoanLeslie	21	AGE21	10167	10167_JoanLeslie_21_f
214	JoanLeslie	45	AGE45	10180	10180_JoanLeslie_45_f
214	JoanLeslie	83	AGE83	10188	10188_JoanLeslie_83_f
214	JoanLeslie	23	AGE23	10169	10169_JoanLeslie_23_f
214	JoanLeslie	13	AGE13	10163	10163_JoanLeslie_13_f
214	JoanLeslie	50	AGE50	10181	10181_JoanLeslie_50_f
214	JoanLeslie	36	AGE36	10178	10178_JoanLeslie_36_f
214	JoanLeslie	38	AGE38	10179	10179_JoanLeslie_38_f
214	JoanLeslie	28	AGE28	10172	10172_JoanLeslie_28_f
214	JoanLeslie	74	AGE74	10183	10183_JoanLeslie_74_f
214	JoanLeslie	77	AGE77	10184	10184_JoanLeslie_77_f
214	JoanLeslie	35	AGE35	10177	10177_JoanLeslie_35_f
214	JoanLeslie	32	AGE32	10175	10175_JoanLeslie_32_f
214	JoanLeslie	25	AGE25	10170	10170_JoanLeslie_25_f
214	JoanLeslie	19	AGE19	10166	10166_JoanLeslie_19_f
214	JoanLeslie	26	AGE26	10171	10171_JoanLeslie_26_f
214	JoanLeslie	81	AGE81	10187	10187_JoanLeslie_81_f
214	JoanLeslie	84	AGE84	10189	10189_JoanLeslie_84_f
214	JoanLeslie	59	AGE59	10182	10182_JoanLeslie_59_f
215	JulieHagerty	46	AGE46	15565	15565_JulieHagerty_46_f
215	JulieHagerty	32	AGE32	15558	15558_JulieHagerty_32_f
215	JulieHagerty	58	AGE58	15574	15574_JulieHagerty_58_f
215	JulieHagerty	36	AGE36	15560	15560_JulieHagerty_36_f
215	JulieHagerty	45	AGE45	15564	15564_JulieHagerty_45_f
215	JulieHagerty	59	AGE59	15575	15575_JulieHagerty_59_f
215	JulieHagerty	26	AGE26	15553	15553_JulieHagerty_26_f
215	JulieHagerty	31	AGE31	15557	15557_JulieHagerty_31_f
215	JulieHagerty	54	AGE54	15570	15570_JulieHagerty_54_f
215	JulieHagerty	28	AGE28	15555	15555_JulieHagerty_28_f
215	JulieHagerty	50	AGE50	15568	15568_JulieHagerty_50_f
215	JulieHagerty	53	AGE53	15569	15569_JulieHagerty_53_f
215	JulieHagerty	37	AGE37	15561	15561_JulieHagerty_37_f
215	JulieHagerty	55	AGE55	15571	15571_JulieHagerty_55_f
215	JulieHagerty	49	AGE49	15567	15567_JulieHagerty_49_f
215	JulieHagerty	30	AGE30	15556	15556_JulieHagerty_30_f
215	JulieHagerty	35	AGE35	15559	15559_JulieHagerty_35_f
215	JulieHagerty	21	AGE21	15549	15549_JulieHagerty_21_f
215	JulieHagerty	24	AGE24	15551	15551_JulieHagerty_24_f
215	JulieHagerty	25	AGE25	15552	15552_JulieHagerty_25_f
215	JulieHagerty	47	AGE47	15566	15566_JulieHagerty_47_f
215	JulieHagerty	56	AGE56	15572	15572_JulieHagerty_56_f
215	JulieHagerty	40	AGE40	15562	15562_JulieHagerty_40_f
215	JulieHagerty	23	AGE23	15550	15550_JulieHagerty_23_f
215	JulieHagerty	57	AGE57	15573	15573_JulieHagerty_57_f
215	JulieHagerty	27	AGE27	15554	15554_JulieHagerty_27_f
215	JulieHagerty	43	AGE43	15563	15563_JulieHagerty_43_f
216	FrederickSanger	42	AGE42	1153	1153_FrederickSanger_42_m
216	FrederickSanger	78	AGE78	1159	1159_FrederickSanger_78_m
216	FrederickSanger	78	AGE78	1160	1160_FrederickSanger_78_m
216	FrederickSanger	60	AGE60	1156	1156_FrederickSanger_60_m
216	FrederickSanger	32	AGE32	1155	1155_FrederickSanger_32_m
216	FrederickSanger	79	AGE79	1158	1158_FrederickSanger_79_m
216	FrederickSanger	31	AGE31	1161	1161_FrederickSanger_31_m
216	FrederickSanger	57	AGE57	1162	1162_FrederickSanger_57_m
216	FrederickSanger	31	AGE31	1152	1152_FrederickSanger_31_m
216	FrederickSanger	11	AGE11	1154	1154_FrederickSanger_11_m
216	FrederickSanger	75	AGE75	1157	1157_FrederickSanger_75_m
217	MargaretOBrien	40	AGE40	12798	12798_MargaretOBrien_40_f
217	MargaretOBrien	12	AGE12	12784	12784_MargaretOBrien_12_f
217	MargaretOBrien	19	AGE19	12790	12790_MargaretOBrien_19_f
217	MargaretOBrien	75	AGE75	12807	12807_MargaretOBrien_75_f
217	MargaretOBrien	13	AGE13	12785	12785_MargaretOBrien_13_f
217	MargaretOBrien	8	AGE8	12782	12782_MargaretOBrien_8_f
217	MargaretOBrien	17	AGE17	12789	12789_MargaretOBrien_17_f
217	MargaretOBrien	43	AGE43	12799	12799_MargaretOBrien_43_f
217	MargaretOBrien	65	AGE65	12805	12805_MargaretOBrien_65_f
217	MargaretOBrien	67	AGE67	12806	12806_MargaretOBrien_67_f
217	MargaretOBrien	33	AGE33	12797	12797_MargaretOBrien_33_f
217	MargaretOBrien	20	AGE20	12791	12791_MargaretOBrien_20_f
217	MargaretOBrien	14	AGE14	12786	12786_MargaretOBrien_14_f
217	MargaretOBrien	7	AGE7	12781	12781_MargaretOBrien_7_f
217	MargaretOBrien	64	AGE64	12804	12804_MargaretOBrien_64_f
217	MargaretOBrien	11	AGE11	12783	12783_MargaretOBrien_11_f
217	MargaretOBrien	47	AGE47	12800	12800_MargaretOBrien_47_f
217	MargaretOBrien	58	AGE58	12802	12802_MargaretOBrien_58_f
217	MargaretOBrien	26	AGE26	12795	12795_MargaretOBrien_26_f
217	MargaretOBrien	16	AGE16	12788	12788_MargaretOBrien_16_f
217	MargaretOBrien	25	AGE25	12794	12794_MargaretOBrien_25_f
217	MargaretOBrien	5	AGE5	12779	12779_MargaretOBrien_5_f
217	MargaretOBrien	53	AGE53	12801	12801_MargaretOBrien_53_f
217	MargaretOBrien	23	AGE23	12793	12793_MargaretOBrien_23_f
217	MargaretOBrien	15	AGE15	12787	12787_MargaretOBrien_15_f
217	MargaretOBrien	62	AGE62	12803	12803_MargaretOBrien_62_f
217	MargaretOBrien	6	AGE6	12780	12780_MargaretOBrien_6_f
217	MargaretOBrien	21	AGE21	12792	12792_MargaretOBrien_21_f
217	MargaretOBrien	28	AGE28	12796	12796_MargaretOBrien_28_f
218	cambell	31	AGE31	16265	16265_cambell_31_f
219	DerekJacobi	57	AGE57	3178	3178_DerekJacobi_57_m
219	DerekJacobi	48	AGE48	3172	3172_DerekJacobi_48_m
219	DerekJacobi	60	AGE60	3180	3180_DerekJacobi_60_m
219	DerekJacobi	33	AGE33	3163	3163_DerekJacobi_33_m
219	DerekJacobi	70	AGE70	3188	3188_DerekJacobi_70_m
219	DerekJacobi	32	AGE32	3162	3162_DerekJacobi_32_m
219	DerekJacobi	38	AGE38	3167	3167_DerekJacobi_38_m
219	DerekJacobi	75	AGE75	3192	3192_DerekJacobi_75_m
219	DerekJacobi	62	AGE62	3182	3182_DerekJacobi_62_m
219	DerekJacobi	34	AGE34	3164	3164_DerekJacobi_34_m
219	DerekJacobi	52	AGE52	3173	3173_DerekJacobi_52_m
219	DerekJacobi	35	AGE35	3165	3165_DerekJacobi_35_m
219	DerekJacobi	59	AGE59	3179	3179_DerekJacobi_59_m
219	DerekJacobi	40	AGE40	3169	3169_DerekJacobi_40_m
219	DerekJacobi	55	AGE55	3176	3176_DerekJacobi_55_m
219	DerekJacobi	56	AGE56	3177	3177_DerekJacobi_56_m
219	DerekJacobi	64	AGE64	3184	3184_DerekJacobi_64_m
219	DerekJacobi	69	AGE69	3187	3187_DerekJacobi_69_m
219	DerekJacobi	36	AGE36	3166	3166_DerekJacobi_36_m
219	DerekJacobi	76	AGE76	3193	3193_DerekJacobi_76_m
219	DerekJacobi	68	AGE68	3186	3186_DerekJacobi_68_m
219	DerekJacobi	72	AGE72	3189	3189_DerekJacobi_72_m
219	DerekJacobi	66	AGE66	3185	3185_DerekJacobi_66_m
219	DerekJacobi	74	AGE74	3191	3191_DerekJacobi_74_m
219	DerekJacobi	41	AGE41	3170	3170_DerekJacobi_41_m
219	DerekJacobi	73	AGE73	3190	3190_DerekJacobi_73_m
219	DerekJacobi	54	AGE54	3175	3175_DerekJacobi_54_m
219	DerekJacobi	39	AGE39	3168	3168_DerekJacobi_39_m
219	DerekJacobi	31	AGE31	3161	3161_DerekJacobi_31_m
219	DerekJacobi	61	AGE61	3181	3181_DerekJacobi_61_m
219	DerekJacobi	63	AGE63	3183	3183_DerekJacobi_63_m
219	DerekJacobi	53	AGE53	3174	3174_DerekJacobi_53_m
219	DerekJacobi	46	AGE46	3171	3171_DerekJacobi_46_m
219	DerekJacobi	27	AGE27	3160	3160_DerekJacobi_27_m
220	RobertDeNiro	43	AGE43	5681	5681_RobertDeNiro_43_m
220	RobertDeNiro	68	AGE68	5687	5687_RobertDeNiro_68_m
220	RobertDeNiro	41	AGE41	5677	5677_RobertDeNiro_41_m
220	RobertDeNiro	69	AGE69	5688	5688_RobertDeNiro_69_m
220	RobertDeNiro	64	AGE64	5686	5686_RobertDeNiro_64_m
220	RobertDeNiro	40	AGE40	5675	5675_RobertDeNiro_40_m
220	RobertDeNiro	40	AGE40	5676	5676_RobertDeNiro_40_m
220	RobertDeNiro	30	AGE30	5680	5680_RobertDeNiro_30_m
220	RobertDeNiro	54	AGE54	5683	5683_RobertDeNiro_54_m
220	RobertDeNiro	32	AGE32	5679	5679_RobertDeNiro_32_m
220	RobertDeNiro	33	AGE33	5685	5685_RobertDeNiro_33_m
220	RobertDeNiro	28	AGE28	5684	5684_RobertDeNiro_28_m
220	RobertDeNiro	34	AGE34	5682	5682_RobertDeNiro_34_m
220	RobertDeNiro	36	AGE36	5678	5678_RobertDeNiro_36_m
221	JulieBishop	15	AGE15	15518	15518_JulieBishop_15_f
221	JulieBishop	14	AGE14	15517	15517_JulieBishop_14_f
221	JulieBishop	37	AGE37	15540	15540_JulieBishop_37_f
221	JulieBishop	60	AGE60	15548	15548_JulieBishop_60_f
221	JulieBishop	42	AGE42	15544	15544_JulieBishop_42_f
221	JulieBishop	48	AGE48	15546	15546_JulieBishop_48_f
221	JulieBishop	40	AGE40	15543	15543_JulieBishop_40_f
221	JulieBishop	30	AGE30	15533	15533_JulieBishop_30_f
221	JulieBishop	16	AGE16	15519	15519_JulieBishop_16_f
221	JulieBishop	27	AGE27	15530	15530_JulieBishop_27_f
221	JulieBishop	31	AGE31	15534	15534_JulieBishop_31_f
221	JulieBishop	34	AGE34	15537	15537_JulieBishop_34_f
221	JulieBishop	38	AGE38	15541	15541_JulieBishop_38_f
221	JulieBishop	17	AGE17	15520	15520_JulieBishop_17_f
221	JulieBishop	19	AGE19	15522	15522_JulieBishop_19_f
221	JulieBishop	25	AGE25	15528	15528_JulieBishop_25_f
221	JulieBishop	20	AGE20	15523	15523_JulieBishop_20_f
221	JulieBishop	21	AGE21	15524	15524_JulieBishop_21_f
221	JulieBishop	39	AGE39	15542	15542_JulieBishop_39_f
221	JulieBishop	23	AGE23	15526	15526_JulieBishop_23_f
221	JulieBishop	32	AGE32	15535	15535_JulieBishop_32_f
221	JulieBishop	35	AGE35	15538	15538_JulieBishop_35_f
221	JulieBishop	36	AGE36	15539	15539_JulieBishop_36_f
221	JulieBishop	29	AGE29	15532	15532_JulieBishop_29_f
221	JulieBishop	22	AGE22	15525	15525_JulieBishop_22_f
221	JulieBishop	26	AGE26	15529	15529_JulieBishop_26_f
221	JulieBishop	50	AGE50	15547	15547_JulieBishop_50_f
221	JulieBishop	18	AGE18	15521	15521_JulieBishop_18_f
221	JulieBishop	46	AGE46	15545	15545_JulieBishop_46_f
221	JulieBishop	33	AGE33	15536	15536_JulieBishop_33_f
221	JulieBishop	24	AGE24	15527	15527_JulieBishop_24_f
221	JulieBishop	28	AGE28	15531	15531_JulieBishop_28_f
222	JhonLenon	28	AGE28	193	193_JhonLenon_28_m
222	JhonLenon	27	AGE27	173	173_JhonLenon_27_m
222	JhonLenon	25	AGE25	184	184_JhonLenon_25_m
222	JhonLenon	18	AGE18	199	199_JhonLenon_18_m
222	JhonLenon	18	AGE18	186	186_JhonLenon_18_m
222	JhonLenon	25	AGE25	181	181_JhonLenon_25_m
222	JhonLenon	17	AGE17	191	191_JhonLenon_17_m
222	JhonLenon	22	AGE22	200	200_JhonLenon_22_m
222	JhonLenon	19	AGE19	192	192_JhonLenon_19_m
222	JhonLenon	30	AGE30	194	194_JhonLenon_30_m
222	JhonLenon	30	AGE30	197	197_JhonLenon_30_m
222	JhonLenon	30	AGE30	195	195_JhonLenon_30_m
222	JhonLenon	28	AGE28	185	185_JhonLenon_28_m
222	JhonLenon	32	AGE32	183	183_JhonLenon_32_m
222	JhonLenon	32	AGE32	177	177_JhonLenon_32_m
222	JhonLenon	30	AGE30	180	180_JhonLenon_30_m
222	JhonLenon	20	AGE20	187	187_JhonLenon_20_m
222	JhonLenon	10	AGE10	190	190_JhonLenon_10_m
222	JhonLenon	24	AGE24	178	178_JhonLenon_24_m
222	JhonLenon	31	AGE31	172	172_JhonLenon_31_m
222	JhonLenon	17	AGE17	175	175_JhonLenon_17_m
222	JhonLenon	35	AGE35	182	182_JhonLenon_35_m
222	JhonLenon	33	AGE33	189	189_JhonLenon_33_m
222	JhonLenon	6	AGE6	171	171_JhonLenon_6_m
222	JhonLenon	33	AGE33	198	198_JhonLenon_33_m
222	JhonLenon	20	AGE20	174	174_JhonLenon_20_m
222	JhonLenon	27	AGE27	179	179_JhonLenon_27_m
222	JhonLenon	20	AGE20	176	176_JhonLenon_20_m
222	JhonLenon	21	AGE21	188	188_JhonLenon_21_m
222	JhonLenon	27	AGE27	196	196_JhonLenon_27_m
223	ElkeSommer	40	AGE40	9957	9957_ElkeSommer_40_f
223	ElkeSommer	61	AGE61	9970	9970_ElkeSommer_61_f
223	ElkeSommer	37	AGE37	9955	9955_ElkeSommer_37_f
223	ElkeSommer	42	AGE42	9960	9960_ElkeSommer_42_f
223	ElkeSommer	38	AGE38	9956	9956_ElkeSommer_38_f
223	ElkeSommer	67	AGE67	9975	9975_ElkeSommer_67_f
223	ElkeSommer	41	AGE41	9958	9958_ElkeSommer_41_f
223	ElkeSommer	51	AGE51	9965	9965_ElkeSommer_51_f
223	ElkeSommer	58	AGE58	9968	9968_ElkeSommer_58_f
223	ElkeSommer	63	AGE63	9972	9972_ElkeSommer_63_f
223	ElkeSommer	34	AGE34	9953	9953_ElkeSommer_34_f
223	ElkeSommer	65	AGE65	9974	9974_ElkeSommer_65_f
223	ElkeSommer	46	AGE46	9963	9963_ElkeSommer_46_f
223	ElkeSommer	29	AGE29	9949	9949_ElkeSommer_29_f
223	ElkeSommer	28	AGE28	9948	9948_ElkeSommer_28_f
223	ElkeSommer	64	AGE64	9973	9973_ElkeSommer_64_f
223	ElkeSommer	56	AGE56	9967	9967_ElkeSommer_56_f
223	ElkeSommer	44	AGE44	9962	9962_ElkeSommer_44_f
223	ElkeSommer	18	AGE18	9946	9946_ElkeSommer_18_f
223	ElkeSommer	30	AGE30	9950	9950_ElkeSommer_30_f
223	ElkeSommer	27	AGE27	9947	9947_ElkeSommer_27_f
223	ElkeSommer	41	AGE41	9959	9959_ElkeSommer_41_f
223	ElkeSommer	69	AGE69	9976	9976_ElkeSommer_69_f
223	ElkeSommer	60	AGE60	9969	9969_ElkeSommer_60_f
223	ElkeSommer	43	AGE43	9961	9961_ElkeSommer_43_f
223	ElkeSommer	72	AGE72	9978	9978_ElkeSommer_72_f
223	ElkeSommer	32	AGE32	9952	9952_ElkeSommer_32_f
223	ElkeSommer	70	AGE70	9977	9977_ElkeSommer_70_f
223	ElkeSommer	55	AGE55	9966	9966_ElkeSommer_55_f
223	ElkeSommer	62	AGE62	9971	9971_ElkeSommer_62_f
223	ElkeSommer	31	AGE31	9951	9951_ElkeSommer_31_f
223	ElkeSommer	35	AGE35	9954	9954_ElkeSommer_35_f
223	ElkeSommer	47	AGE47	9964	9964_ElkeSommer_47_f
224	campbell	33	AGE33	16285	16285_campbell_33_f
224	campbell	37	AGE37	16268	16268_campbell_37_f
224	campbell	26	AGE26	16279	16279_campbell_26_f
224	campbell	27	AGE27	16280	16280_campbell_27_f
224	campbell	25	AGE25	16274	16274_campbell_25_f
224	campbell	25	AGE25	16278	16278_campbell_25_f
224	campbell	44	AGE44	16288	16288_campbell_44_f
224	campbell	30	AGE30	16283	16283_campbell_30_f
224	campbell	28	AGE28	16276	16276_campbell_28_f
224	campbell	30	AGE30	16282	16282_campbell_30_f
224	campbell	39	AGE39	16273	16273_campbell_39_f
224	campbell	44	AGE44	16289	16289_campbell_44_f
224	campbell	43	AGE43	16287	16287_campbell_43_f
224	campbell	30	AGE30	16281	16281_campbell_30_f
224	campbell	28	AGE28	16264	16264_campbell_28_f
224	campbell	25	AGE25	16277	16277_campbell_25_f
224	campbell	45	AGE45	16290	16290_campbell_45_f
224	campbell	32	AGE32	16267	16267_campbell_32_f
224	campbell	33	AGE33	16272	16272_campbell_33_f
224	campbell	25	AGE25	16270	16270_campbell_25_f
224	campbell	42	AGE42	16266	16266_campbell_42_f
224	campbell	25	AGE25	16269	16269_campbell_25_f
224	campbell	19	AGE19	16271	16271_campbell_19_f
224	campbell	41	AGE41	16286	16286_campbell_41_f
224	campbell	30	AGE30	16284	16284_campbell_30_f
224	campbell	22	AGE22	16275	16275_campbell_22_f
225	ClarkGable	32	AGE32	5815	5815_ClarkGable_32_m
225	ClarkGable	22	AGE22	5803	5803_ClarkGable_22_m
225	ClarkGable	31	AGE31	5814	5814_ClarkGable_31_m
225	ClarkGable	35	AGE35	5804	5804_ClarkGable_35_m
225	ClarkGable	30	AGE30	5806	5806_ClarkGable_30_m
225	ClarkGable	35	AGE35	5802	5802_ClarkGable_35_m
225	ClarkGable	37	AGE37	5807	5807_ClarkGable_37_m
225	ClarkGable	48	AGE48	5811	5811_ClarkGable_48_m
225	ClarkGable	42	AGE42	5809	5809_ClarkGable_42_m
225	ClarkGable	43	AGE43	5812	5812_ClarkGable_43_m
225	ClarkGable	35	AGE35	5805	5805_ClarkGable_35_m
225	ClarkGable	31	AGE31	5813	5813_ClarkGable_31_m
225	ClarkGable	46	AGE46	5808	5808_ClarkGable_46_m
225	ClarkGable	35	AGE35	5816	5816_ClarkGable_35_m
225	ClarkGable	40	AGE40	5810	5810_ClarkGable_40_m
226	TommySands	27	AGE27	3927	3927_TommySands_27_m
226	TommySands	26	AGE26	3926	3926_TommySands_26_m
226	TommySands	68	AGE68	3938	3938_TommySands_68_m
226	TommySands	22	AGE22	3922	3922_TommySands_22_m
226	TommySands	72	AGE72	3940	3940_TommySands_72_m
226	TommySands	60	AGE60	3932	3932_TommySands_60_m
226	TommySands	25	AGE25	3925	3925_TommySands_25_m
226	TommySands	64	AGE64	3935	3935_TommySands_64_m
226	TommySands	20	AGE20	3920	3920_TommySands_20_m
226	TommySands	19	AGE19	3919	3919_TommySands_19_m
226	TommySands	45	AGE45	3931	3931_TommySands_45_m
226	TommySands	30	AGE30	3928	3928_TommySands_30_m
226	TommySands	67	AGE67	3937	3937_TommySands_67_m
226	TommySands	43	AGE43	3930	3930_TommySands_43_m
226	TommySands	70	AGE70	3939	3939_TommySands_70_m
226	TommySands	66	AGE66	3936	3936_TommySands_66_m
226	TommySands	21	AGE21	3921	3921_TommySands_21_m
226	TommySands	38	AGE38	3929	3929_TommySands_38_m
226	TommySands	18	AGE18	3918	3918_TommySands_18_m
226	TommySands	23	AGE23	3923	3923_TommySands_23_m
226	TommySands	24	AGE24	3924	3924_TommySands_24_m
226	TommySands	62	AGE62	3933	3933_TommySands_62_m
226	TommySands	63	AGE63	3934	3934_TommySands_63_m
227	KennethBranagh	31	AGE31	5427	5427_KennethBranagh_31_m
227	KennethBranagh	36	AGE36	5430	5430_KennethBranagh_36_m
227	KennethBranagh	29	AGE29	5425	5425_KennethBranagh_29_m
227	KennethBranagh	42	AGE42	5436	5436_KennethBranagh_42_m
227	KennethBranagh	35	AGE35	5429	5429_KennethBranagh_35_m
227	KennethBranagh	23	AGE23	5420	5420_KennethBranagh_23_m
227	KennethBranagh	37	AGE37	5431	5431_KennethBranagh_37_m
227	KennethBranagh	41	AGE41	5435	5435_KennethBranagh_41_m
227	KennethBranagh	43	AGE43	5437	5437_KennethBranagh_43_m
227	KennethBranagh	45	AGE45	5440	5440_KennethBranagh_45_m
227	KennethBranagh	34	AGE34	5428	5428_KennethBranagh_34_m
227	KennethBranagh	44	AGE44	5438	5438_KennethBranagh_44_m
227	KennethBranagh	44	AGE44	5439	5439_KennethBranagh_44_m
227	KennethBranagh	24	AGE24	5421	5421_KennethBranagh_24_m
227	KennethBranagh	26	AGE26	5423	5423_KennethBranagh_26_m
227	KennethBranagh	39	AGE39	5433	5433_KennethBranagh_39_m
227	KennethBranagh	49	AGE49	5442	5442_KennethBranagh_49_m
227	KennethBranagh	53	AGE53	5444	5444_KennethBranagh_53_m
227	KennethBranagh	27	AGE27	5424	5424_KennethBranagh_27_m
227	KennethBranagh	38	AGE38	5432	5432_KennethBranagh_38_m
227	KennethBranagh	54	AGE54	5445	5445_KennethBranagh_54_m
227	KennethBranagh	25	AGE25	5422	5422_KennethBranagh_25_m
227	KennethBranagh	30	AGE30	5426	5426_KennethBranagh_30_m
227	KennethBranagh	51	AGE51	5443	5443_KennethBranagh_51_m
227	KennethBranagh	40	AGE40	5434	5434_KennethBranagh_40_m
227	KennethBranagh	47	AGE47	5441	5441_KennethBranagh_47_m
228	SophiaLoren	44	AGE44	11287	11287_SophiaLoren_44_f
228	SophiaLoren	66	AGE66	11294	11294_SophiaLoren_66_f
228	SophiaLoren	32	AGE32	11282	11282_SophiaLoren_32_f
228	SophiaLoren	68	AGE68	11295	11295_SophiaLoren_68_f
228	SophiaLoren	26	AGE26	11300	11300_SophiaLoren_26_f
228	SophiaLoren	64	AGE64	11292	11292_SophiaLoren_64_f
228	SophiaLoren	36	AGE36	11304	11304_SophiaLoren_36_f
228	SophiaLoren	29	AGE29	11280	11280_SophiaLoren_29_f
228	SophiaLoren	17	AGE17	11299	11299_SophiaLoren_17_f
228	SophiaLoren	59	AGE59	11291	11291_SophiaLoren_59_f
228	SophiaLoren	25	AGE25	11277	11277_SophiaLoren_25_f
228	SophiaLoren	36	AGE36	11284	11284_SophiaLoren_36_f
228	SophiaLoren	31	AGE31	11281	11281_SophiaLoren_31_f
228	SophiaLoren	41	AGE41	11298	11298_SophiaLoren_41_f
228	SophiaLoren	38	AGE38	11285	11285_SophiaLoren_38_f
228	SophiaLoren	65	AGE65	11293	11293_SophiaLoren_65_f
228	SophiaLoren	53	AGE53	11290	11290_SophiaLoren_53_f
228	SophiaLoren	76	AGE76	11297	11297_SophiaLoren_76_f
228	SophiaLoren	28	AGE28	11279	11279_SophiaLoren_28_f
228	SophiaLoren	51	AGE51	11288	11288_SophiaLoren_51_f
228	SophiaLoren	52	AGE52	11289	11289_SophiaLoren_52_f
228	SophiaLoren	27	AGE27	11278	11278_SophiaLoren_27_f
228	SophiaLoren	29	AGE29	11301	11301_SophiaLoren_29_f
228	SophiaLoren	75	AGE75	11296	11296_SophiaLoren_75_f
228	SophiaLoren	35	AGE35	11283	11283_SophiaLoren_35_f
228	SophiaLoren	30	AGE30	11302	11302_SophiaLoren_30_f
228	SophiaLoren	26	AGE26	11303	11303_SophiaLoren_26_f
228	SophiaLoren	40	AGE40	11286	11286_SophiaLoren_40_f
229	Myl╨ЪneDemongeot	46	AGE46	12862	12862_Myl╨ЪneDemongeot_46_f
229	Myl╨ЪneDemongeot	47	AGE47	12863	12863_Myl╨ЪneDemongeot_47_f
229	Myl╨ЪneDemongeot	23	AGE23	12848	12848_Myl╨ЪneDemongeot_23_f
229	Myl╨ЪneDemongeot	35	AGE35	12857	12857_Myl╨ЪneDemongeot_35_f
229	Myl╨ЪneDemongeot	49	AGE49	12866	12866_Myl╨ЪneDemongeot_49_f
229	Myl╨ЪneDemongeot	27	AGE27	12850	12850_Myl╨ЪneDemongeot_27_f
229	Myl╨ЪneDemongeot	22	AGE22	12847	12847_Myl╨ЪneDemongeot_22_f
229	Myl╨ЪneDemongeot	40	AGE40	12858	12858_Myl╨ЪneDemongeot_40_f
229	Myl╨ЪneDemongeot	42	AGE42	12859	12859_Myl╨ЪneDemongeot_42_f
229	Myl╨ЪneDemongeot	78	AGE78	12875	12875_Myl╨ЪneDemongeot_78_f
229	Myl╨ЪneDemongeot	24	AGE24	12849	12849_Myl╨ЪneDemongeot_24_f
229	Myl╨ЪneDemongeot	45	AGE45	12861	12861_Myl╨ЪneDemongeot_45_f
229	Myl╨ЪneDemongeot	57	AGE57	12868	12868_Myl╨ЪneDemongeot_57_f
229	Myl╨ЪneDemongeot	68	AGE68	12872	12872_Myl╨ЪneDemongeot_68_f
229	Myl╨ЪneDemongeot	76	AGE76	12874	12874_Myl╨ЪneDemongeot_76_f
229	Myl╨ЪneDemongeot	33	AGE33	12856	12856_Myl╨ЪneDemongeot_33_f
229	Myl╨ЪneDemongeot	65	AGE65	12871	12871_Myl╨ЪneDemongeot_65_f
229	Myl╨ЪneDemongeot	29	AGE29	12852	12852_Myl╨ЪneDemongeot_29_f
229	Myl╨ЪneDemongeot	48	AGE48	12865	12865_Myl╨ЪneDemongeot_48_f
229	Myl╨ЪneDemongeot	43	AGE43	12860	12860_Myl╨ЪneDemongeot_43_f
229	Myl╨ЪneDemongeot	70	AGE70	12873	12873_Myl╨ЪneDemongeot_70_f
229	Myl╨ЪneDemongeot	47	AGE47	12864	12864_Myl╨ЪneDemongeot_47_f
229	Myl╨ЪneDemongeot	62	AGE62	12870	12870_Myl╨ЪneDemongeot_62_f
229	Myl╨ЪneDemongeot	18	AGE18	12846	12846_Myl╨ЪneDemongeot_18_f
229	Myl╨ЪneDemongeot	60	AGE60	12869	12869_Myl╨ЪneDemongeot_60_f
229	Myl╨ЪneDemongeot	31	AGE31	12854	12854_Myl╨ЪneDemongeot_31_f
229	Myl╨ЪneDemongeot	53	AGE53	12867	12867_Myl╨ЪneDemongeot_53_f
229	Myl╨ЪneDemongeot	30	AGE30	12853	12853_Myl╨ЪneDemongeot_30_f
229	Myl╨ЪneDemongeot	32	AGE32	12855	12855_Myl╨ЪneDemongeot_32_f
229	Myl╨ЪneDemongeot	28	AGE28	12851	12851_Myl╨ЪneDemongeot_28_f
230	SusanGeorge	39	AGE39	10868	10868_SusanGeorge_39_f
230	SusanGeorge	53	AGE53	10874	10874_SusanGeorge_53_f
230	SusanGeorge	47	AGE47	10872	10872_SusanGeorge_47_f
230	SusanGeorge	35	AGE35	10865	10865_SusanGeorge_35_f
230	SusanGeorge	43	AGE43	10871	10871_SusanGeorge_43_f
230	SusanGeorge	24	AGE24	10861	10861_SusanGeorge_24_f
230	SusanGeorge	51	AGE51	10873	10873_SusanGeorge_51_f
230	SusanGeorge	40	AGE40	10869	10869_SusanGeorge_40_f
230	SusanGeorge	23	AGE23	10860	10860_SusanGeorge_23_f
230	SusanGeorge	17	AGE17	10854	10854_SusanGeorge_17_f
230	SusanGeorge	32	AGE32	10864	10864_SusanGeorge_32_f
230	SusanGeorge	19	AGE19	10856	10856_SusanGeorge_19_f
230	SusanGeorge	21	AGE21	10858	10858_SusanGeorge_21_f
230	SusanGeorge	20	AGE20	10857	10857_SusanGeorge_20_f
230	SusanGeorge	38	AGE38	10867	10867_SusanGeorge_38_f
230	SusanGeorge	22	AGE22	10859	10859_SusanGeorge_22_f
230	SusanGeorge	29	AGE29	10863	10863_SusanGeorge_29_f
230	SusanGeorge	18	AGE18	10855	10855_SusanGeorge_18_f
230	SusanGeorge	60	AGE60	10875	10875_SusanGeorge_60_f
230	SusanGeorge	41	AGE41	10870	10870_SusanGeorge_41_f
230	SusanGeorge	25	AGE25	10862	10862_SusanGeorge_25_f
230	SusanGeorge	61	AGE61	10876	10876_SusanGeorge_61_f
230	SusanGeorge	36	AGE36	10866	10866_SusanGeorge_36_f
231	AnthonyAndrews	62	AGE62	5054	5054_AnthonyAndrews_62_m
231	AnthonyAndrews	64	AGE64	5063	5063_AnthonyAndrews_64_m
231	AnthonyAndrews	52	AGE52	5060	5060_AnthonyAndrews_52_m
231	AnthonyAndrews	53	AGE53	5051	5051_AnthonyAndrews_53_m
231	AnthonyAndrews	57	AGE57	5048	5048_AnthonyAndrews_57_m
231	AnthonyAndrews	41	AGE41	5056	5056_AnthonyAndrews_41_m
231	AnthonyAndrews	51	AGE51	5046	5046_AnthonyAndrews_51_m
231	AnthonyAndrews	60	AGE60	5042	5042_AnthonyAndrews_60_m
231	AnthonyAndrews	63	AGE63	5043	5043_AnthonyAndrews_63_m
231	AnthonyAndrews	55	AGE55	5041	5041_AnthonyAndrews_55_m
231	AnthonyAndrews	59	AGE59	5062	5062_AnthonyAndrews_59_m
231	AnthonyAndrews	29	AGE29	5033	5033_AnthonyAndrews_29_m
231	AnthonyAndrews	35	AGE35	5038	5038_AnthonyAndrews_35_m
231	AnthonyAndrews	66	AGE66	5044	5044_AnthonyAndrews_66_m
231	AnthonyAndrews	34	AGE34	5037	5037_AnthonyAndrews_34_m
231	AnthonyAndrews	65	AGE65	5049	5049_AnthonyAndrews_65_m
231	AnthonyAndrews	37	AGE37	5040	5040_AnthonyAndrews_37_m
231	AnthonyAndrews	39	AGE39	5050	5050_AnthonyAndrews_39_m
231	AnthonyAndrews	56	AGE56	5052	5052_AnthonyAndrews_56_m
231	AnthonyAndrews	58	AGE58	5061	5061_AnthonyAndrews_58_m
231	AnthonyAndrews	45	AGE45	5058	5058_AnthonyAndrews_45_m
231	AnthonyAndrews	49	AGE49	5059	5059_AnthonyAndrews_49_m
231	AnthonyAndrews	54	AGE54	5047	5047_AnthonyAndrews_54_m
231	AnthonyAndrews	47	AGE47	5045	5045_AnthonyAndrews_47_m
231	AnthonyAndrews	38	AGE38	5055	5055_AnthonyAndrews_38_m
231	AnthonyAndrews	33	AGE33	5036	5036_AnthonyAndrews_33_m
231	AnthonyAndrews	61	AGE61	5053	5053_AnthonyAndrews_61_m
231	AnthonyAndrews	42	AGE42	5057	5057_AnthonyAndrews_42_m
231	AnthonyAndrews	25	AGE25	5031	5031_AnthonyAndrews_25_m
231	AnthonyAndrews	32	AGE32	5035	5035_AnthonyAndrews_32_m
231	AnthonyAndrews	36	AGE36	5039	5039_AnthonyAndrews_36_m
231	AnthonyAndrews	27	AGE27	5032	5032_AnthonyAndrews_27_m
231	AnthonyAndrews	31	AGE31	5034	5034_AnthonyAndrews_31_m
232	ConnieBooth	42	AGE42	15159	15159_ConnieBooth_42_f
232	ConnieBooth	28	AGE28	15148	15148_ConnieBooth_28_f
232	ConnieBooth	32	AGE32	15151	15151_ConnieBooth_32_f
232	ConnieBooth	60	AGE60	15170	15170_ConnieBooth_60_f
232	ConnieBooth	52	AGE52	15167	15167_ConnieBooth_52_f
232	ConnieBooth	27	AGE27	15147	15147_ConnieBooth_27_f
232	ConnieBooth	43	AGE43	15160	15160_ConnieBooth_43_f
232	ConnieBooth	24	AGE24	15144	15144_ConnieBooth_24_f
232	ConnieBooth	44	AGE44	15161	15161_ConnieBooth_44_f
232	ConnieBooth	35	AGE35	15152	15152_ConnieBooth_35_f
232	ConnieBooth	63	AGE63	15172	15172_ConnieBooth_63_f
232	ConnieBooth	48	AGE48	15165	15165_ConnieBooth_48_f
232	ConnieBooth	66	AGE66	15175	15175_ConnieBooth_66_f
232	ConnieBooth	56	AGE56	15168	15168_ConnieBooth_56_f
232	ConnieBooth	40	AGE40	15157	15157_ConnieBooth_40_f
232	ConnieBooth	58	AGE58	15169	15169_ConnieBooth_58_f
232	ConnieBooth	45	AGE45	15162	15162_ConnieBooth_45_f
232	ConnieBooth	38	AGE38	15155	15155_ConnieBooth_38_f
232	ConnieBooth	47	AGE47	15164	15164_ConnieBooth_47_f
232	ConnieBooth	41	AGE41	15158	15158_ConnieBooth_41_f
232	ConnieBooth	25	AGE25	15145	15145_ConnieBooth_25_f
232	ConnieBooth	26	AGE26	15146	15146_ConnieBooth_26_f
232	ConnieBooth	46	AGE46	15163	15163_ConnieBooth_46_f
232	ConnieBooth	49	AGE49	15166	15166_ConnieBooth_49_f
232	ConnieBooth	31	AGE31	15150	15150_ConnieBooth_31_f
232	ConnieBooth	37	AGE37	15154	15154_ConnieBooth_37_f
232	ConnieBooth	70	AGE70	15176	15176_ConnieBooth_70_f
232	ConnieBooth	30	AGE30	15149	15149_ConnieBooth_30_f
232	ConnieBooth	39	AGE39	15156	15156_ConnieBooth_39_f
232	ConnieBooth	36	AGE36	15153	15153_ConnieBooth_36_f
232	ConnieBooth	62	AGE62	15171	15171_ConnieBooth_62_f
232	ConnieBooth	65	AGE65	15174	15174_ConnieBooth_65_f
232	ConnieBooth	71	AGE71	15177	15177_ConnieBooth_71_f
232	ConnieBooth	64	AGE64	15173	15173_ConnieBooth_64_f
233	Arletty	56	AGE56	10921	10921_Arletty_56_f
233	Arletty	65	AGE65	10927	10927_Arletty_65_f
233	Arletty	40	AGE40	10910	10910_Arletty_40_f
233	Arletty	88	AGE88	10935	10935_Arletty_88_f
233	Arletty	59	AGE59	10923	10923_Arletty_59_f
233	Arletty	52	AGE52	10918	10918_Arletty_52_f
233	Arletty	45	AGE45	10913	10913_Arletty_45_f
233	Arletty	51	AGE51	10917	10917_Arletty_51_f
233	Arletty	86	AGE86	10934	10934_Arletty_86_f
233	Arletty	80	AGE80	10932	10932_Arletty_80_f
233	Arletty	68	AGE68	10928	10928_Arletty_68_f
233	Arletty	34	AGE34	10904	10904_Arletty_34_f
233	Arletty	47	AGE47	10914	10914_Arletty_47_f
233	Arletty	34	AGE34	10905	10905_Arletty_34_f
233	Arletty	55	AGE55	10920	10920_Arletty_55_f
233	Arletty	76	AGE76	10931	10931_Arletty_76_f
233	Arletty	82	AGE82	10933	10933_Arletty_82_f
233	Arletty	39	AGE39	10908	10908_Arletty_39_f
233	Arletty	72	AGE72	10929	10929_Arletty_72_f
233	Arletty	63	AGE63	10925	10925_Arletty_63_f
233	Arletty	35	AGE35	10906	10906_Arletty_35_f
233	Arletty	57	AGE57	10922	10922_Arletty_57_f
233	Arletty	39	AGE39	10909	10909_Arletty_39_f
233	Arletty	50	AGE50	10916	10916_Arletty_50_f
233	Arletty	53	AGE53	10919	10919_Arletty_53_f
233	Arletty	43	AGE43	10912	10912_Arletty_43_f
233	Arletty	37	AGE37	10907	10907_Arletty_37_f
233	Arletty	64	AGE64	10926	10926_Arletty_64_f
233	Arletty	73	AGE73	10930	10930_Arletty_73_f
233	Arletty	41	AGE41	10911	10911_Arletty_41_f
233	Arletty	47	AGE47	10915	10915_Arletty_47_f
233	Arletty	60	AGE60	10924	10924_Arletty_60_f
234	MyrnaLoy	27	AGE27	12368	12368_MyrnaLoy_27_f
234	MyrnaLoy	55	AGE55	12362	12362_MyrnaLoy_55_f
234	MyrnaLoy	70	AGE70	12365	12365_MyrnaLoy_70_f
234	MyrnaLoy	67	AGE67	12375	12375_MyrnaLoy_67_f
234	MyrnaLoy	45	AGE45	12374	12374_MyrnaLoy_45_f
234	MyrnaLoy	40	AGE40	12355	12355_MyrnaLoy_40_f
234	MyrnaLoy	30	AGE30	12371	12371_MyrnaLoy_30_f
234	MyrnaLoy	32	AGE32	12350	12350_MyrnaLoy_32_f
234	MyrnaLoy	20	AGE20	12331	12331_MyrnaLoy_20_f
234	MyrnaLoy	35	AGE35	12377	12377_MyrnaLoy_35_f
234	MyrnaLoy	25	AGE25	12341	12341_MyrnaLoy_25_f
234	MyrnaLoy	62	AGE62	12363	12363_MyrnaLoy_62_f
234	MyrnaLoy	55	AGE55	12343	12343_MyrnaLoy_55_f
234	MyrnaLoy	25	AGE25	12336	12336_MyrnaLoy_25_f
234	MyrnaLoy	43	AGE43	12359	12359_MyrnaLoy_43_f
234	MyrnaLoy	28	AGE28	12378	12378_MyrnaLoy_28_f
234	MyrnaLoy	53	AGE53	12361	12361_MyrnaLoy_53_f
234	MyrnaLoy	42	AGE42	12367	12367_MyrnaLoy_42_f
234	MyrnaLoy	29	AGE29	12347	12347_MyrnaLoy_29_f
234	MyrnaLoy	34	AGE34	12352	12352_MyrnaLoy_34_f
234	MyrnaLoy	31	AGE31	12349	12349_MyrnaLoy_31_f
234	MyrnaLoy	43	AGE43	12358	12358_MyrnaLoy_43_f
234	MyrnaLoy	26	AGE26	12372	12372_MyrnaLoy_26_f
234	MyrnaLoy	21	AGE21	12339	12339_MyrnaLoy_21_f
234	MyrnaLoy	23	AGE23	12335	12335_MyrnaLoy_23_f
234	MyrnaLoy	86	AGE86	12370	12370_MyrnaLoy_86_f
234	MyrnaLoy	70	AGE70	12332	12332_MyrnaLoy_70_f
234	MyrnaLoy	75	AGE75	12373	12373_MyrnaLoy_75_f
234	MyrnaLoy	42	AGE42	12357	12357_MyrnaLoy_42_f
234	MyrnaLoy	28	AGE28	12346	12346_MyrnaLoy_28_f
234	MyrnaLoy	28	AGE28	12345	12345_MyrnaLoy_28_f
234	MyrnaLoy	33	AGE33	12376	12376_MyrnaLoy_33_f
234	MyrnaLoy	23	AGE23	12340	12340_MyrnaLoy_23_f
234	MyrnaLoy	60	AGE60	12366	12366_MyrnaLoy_60_f
234	MyrnaLoy	28	AGE28	12369	12369_MyrnaLoy_28_f
234	MyrnaLoy	19	AGE19	12351	12351_MyrnaLoy_19_f
234	MyrnaLoy	51	AGE51	12329	12329_MyrnaLoy_51_f
234	MyrnaLoy	45	AGE45	12360	12360_MyrnaLoy_45_f
234	MyrnaLoy	36	AGE36	12354	12354_MyrnaLoy_36_f
234	MyrnaLoy	20	AGE20	12337	12337_MyrnaLoy_20_f
234	MyrnaLoy	35	AGE35	12353	12353_MyrnaLoy_35_f
234	MyrnaLoy	25	AGE25	12342	12342_MyrnaLoy_25_f
234	MyrnaLoy	41	AGE41	12356	12356_MyrnaLoy_41_f
234	MyrnaLoy	20	AGE20	12338	12338_MyrnaLoy_20_f
234	MyrnaLoy	29	AGE29	12348	12348_MyrnaLoy_29_f
234	MyrnaLoy	67	AGE67	12364	12364_MyrnaLoy_67_f
234	MyrnaLoy	22	AGE22	12333	12333_MyrnaLoy_22_f
234	MyrnaLoy	30	AGE30	12334	12334_MyrnaLoy_30_f
234	MyrnaLoy	75	AGE75	12330	12330_MyrnaLoy_75_f
234	MyrnaLoy	27	AGE27	12344	12344_MyrnaLoy_27_f
235	SilvanaMangano	22	AGE22	14792	14792_SilvanaMangano_22_f
235	SilvanaMangano	26	AGE26	14795	14795_SilvanaMangano_26_f
235	SilvanaMangano	57	AGE57	14816	14816_SilvanaMangano_57_f
235	SilvanaMangano	44	AGE44	14812	14812_SilvanaMangano_44_f
235	SilvanaMangano	15	AGE15	14785	14785_SilvanaMangano_15_f
235	SilvanaMangano	42	AGE42	14810	14810_SilvanaMangano_42_f
235	SilvanaMangano	54	AGE54	14815	14815_SilvanaMangano_54_f
235	SilvanaMangano	40	AGE40	14808	14808_SilvanaMangano_40_f
235	SilvanaMangano	32	AGE32	14800	14800_SilvanaMangano_32_f
235	SilvanaMangano	20	AGE20	14789	14789_SilvanaMangano_20_f
235	SilvanaMangano	33	AGE33	14801	14801_SilvanaMangano_33_f
235	SilvanaMangano	27	AGE27	14796	14796_SilvanaMangano_27_f
235	SilvanaMangano	37	AGE37	14804	14804_SilvanaMangano_37_f
235	SilvanaMangano	39	AGE39	14807	14807_SilvanaMangano_39_f
235	SilvanaMangano	35	AGE35	14802	14802_SilvanaMangano_35_f
235	SilvanaMangano	31	AGE31	14799	14799_SilvanaMangano_31_f
235	SilvanaMangano	18	AGE18	14788	14788_SilvanaMangano_18_f
235	SilvanaMangano	21	AGE21	14791	14791_SilvanaMangano_21_f
235	SilvanaMangano	48	AGE48	14814	14814_SilvanaMangano_48_f
235	SilvanaMangano	24	AGE24	14793	14793_SilvanaMangano_24_f
235	SilvanaMangano	45	AGE45	14813	14813_SilvanaMangano_45_f
235	SilvanaMangano	36	AGE36	14803	14803_SilvanaMangano_36_f
235	SilvanaMangano	37	AGE37	14805	14805_SilvanaMangano_37_f
235	SilvanaMangano	41	AGE41	14809	14809_SilvanaMangano_41_f
235	SilvanaMangano	43	AGE43	14811	14811_SilvanaMangano_43_f
235	SilvanaMangano	38	AGE38	14806	14806_SilvanaMangano_38_f
235	SilvanaMangano	30	AGE30	14798	14798_SilvanaMangano_30_f
235	SilvanaMangano	17	AGE17	14787	14787_SilvanaMangano_17_f
235	SilvanaMangano	25	AGE25	14794	14794_SilvanaMangano_25_f
235	SilvanaMangano	16	AGE16	14786	14786_SilvanaMangano_16_f
235	SilvanaMangano	23	AGE23	14790	14790_SilvanaMangano_23_f
235	SilvanaMangano	28	AGE28	14797	14797_SilvanaMangano_28_f
236	VeronicaLake	49	AGE49	15939	15939_VeronicaLake_49_f
236	VeronicaLake	29	AGE29	15929	15929_VeronicaLake_29_f
236	VeronicaLake	43	AGE43	15936	15936_VeronicaLake_43_f
236	VeronicaLake	21	AGE21	15922	15922_VeronicaLake_21_f
236	VeronicaLake	45	AGE45	15937	15937_VeronicaLake_45_f
236	VeronicaLake	47	AGE47	15938	15938_VeronicaLake_47_f
236	VeronicaLake	23	AGE23	15924	15924_VeronicaLake_23_f
236	VeronicaLake	20	AGE20	15921	15921_VeronicaLake_20_f
236	VeronicaLake	26	AGE26	15927	15927_VeronicaLake_26_f
236	VeronicaLake	51	AGE51	15941	15941_VeronicaLake_51_f
236	VeronicaLake	24	AGE24	15925	15925_VeronicaLake_24_f
236	VeronicaLake	48	AGE48	15932	15932_VeronicaLake_48_f
236	VeronicaLake	50	AGE50	15940	15940_VeronicaLake_50_f
236	VeronicaLake	28	AGE28	15933	15933_VeronicaLake_28_f
236	VeronicaLake	27	AGE27	15928	15928_VeronicaLake_27_f
236	VeronicaLake	18	AGE18	15919	15919_VeronicaLake_18_f
236	VeronicaLake	19	AGE19	15920	15920_VeronicaLake_19_f
236	VeronicaLake	25	AGE25	15926	15926_VeronicaLake_25_f
236	VeronicaLake	40	AGE40	15930	15930_VeronicaLake_40_f
236	VeronicaLake	30	AGE30	15934	15934_VeronicaLake_30_f
236	VeronicaLake	22	AGE22	15923	15923_VeronicaLake_22_f
236	VeronicaLake	34	AGE34	15935	15935_VeronicaLake_34_f
236	VeronicaLake	46	AGE46	15931	15931_VeronicaLake_46_f
237	KathleenTurner	37	AGE37	12762	12762_KathleenTurner_37_f
237	KathleenTurner	49	AGE49	12771	12771_KathleenTurner_49_f
237	KathleenTurner	59	AGE59	12778	12778_KathleenTurner_59_f
237	KathleenTurner	49	AGE49	12770	12770_KathleenTurner_49_f
237	KathleenTurner	27	AGE27	12756	12756_KathleenTurner_27_f
237	KathleenTurner	46	AGE46	12767	12767_KathleenTurner_46_f
237	KathleenTurner	43	AGE43	12764	12764_KathleenTurner_43_f
237	KathleenTurner	30	AGE30	12757	12757_KathleenTurner_30_f
237	KathleenTurner	31	AGE31	12758	12758_KathleenTurner_31_f
237	KathleenTurner	45	AGE45	12766	12766_KathleenTurner_45_f
237	KathleenTurner	35	AGE35	12761	12761_KathleenTurner_35_f
237	KathleenTurner	32	AGE32	12759	12759_KathleenTurner_32_f
237	KathleenTurner	56	AGE56	12777	12777_KathleenTurner_56_f
237	KathleenTurner	41	AGE41	12763	12763_KathleenTurner_41_f
237	KathleenTurner	45	AGE45	12765	12765_KathleenTurner_45_f
237	KathleenTurner	50	AGE50	12772	12772_KathleenTurner_50_f
237	KathleenTurner	54	AGE54	12775	12775_KathleenTurner_54_f
237	KathleenTurner	55	AGE55	12776	12776_KathleenTurner_55_f
237	KathleenTurner	51	AGE51	12773	12773_KathleenTurner_51_f
237	KathleenTurner	48	AGE48	12769	12769_KathleenTurner_48_f
237	KathleenTurner	47	AGE47	12768	12768_KathleenTurner_47_f
237	KathleenTurner	52	AGE52	12774	12774_KathleenTurner_52_f
237	KathleenTurner	34	AGE34	12760	12760_KathleenTurner_34_f
238	RobertMitchum	58	AGE58	9230	9230_RobertMitchum_58_m
238	RobertMitchum	74	AGE74	9223	9223_RobertMitchum_74_m
238	RobertMitchum	26	AGE26	9205	9205_RobertMitchum_26_m
238	RobertMitchum	49	AGE49	9218	9218_RobertMitchum_49_m
238	RobertMitchum	44	AGE44	9213	9213_RobertMitchum_44_m
238	RobertMitchum	58	AGE58	9234	9234_RobertMitchum_58_m
238	RobertMitchum	66	AGE66	9227	9227_RobertMitchum_66_m
238	RobertMitchum	37	AGE37	9211	9211_RobertMitchum_37_m
238	RobertMitchum	72	AGE72	9216	9216_RobertMitchum_72_m
238	RobertMitchum	46	AGE46	9215	9215_RobertMitchum_46_m
238	RobertMitchum	48	AGE48	9209	9209_RobertMitchum_48_m
238	RobertMitchum	38	AGE38	9212	9212_RobertMitchum_38_m
238	RobertMitchum	57	AGE57	9226	9226_RobertMitchum_57_m
238	RobertMitchum	50	AGE50	9210	9210_RobertMitchum_50_m
238	RobertMitchum	28	AGE28	9206	9206_RobertMitchum_28_m
238	RobertMitchum	43	AGE43	9232	9232_RobertMitchum_43_m
238	RobertMitchum	78	AGE78	9231	9231_RobertMitchum_78_m
238	RobertMitchum	56	AGE56	9220	9220_RobertMitchum_56_m
238	RobertMitchum	29	AGE29	9207	9207_RobertMitchum_29_m
238	RobertMitchum	58	AGE58	9224	9224_RobertMitchum_58_m
238	RobertMitchum	61	AGE61	9222	9222_RobertMitchum_61_m
238	RobertMitchum	34	AGE34	9221	9221_RobertMitchum_34_m
238	RobertMitchum	56	AGE56	9233	9233_RobertMitchum_56_m
238	RobertMitchum	57	AGE57	9229	9229_RobertMitchum_57_m
238	RobertMitchum	43	AGE43	9217	9217_RobertMitchum_43_m
238	RobertMitchum	53	AGE53	9219	9219_RobertMitchum_53_m
238	RobertMitchum	52	AGE52	9228	9228_RobertMitchum_52_m
238	RobertMitchum	55	AGE55	9235	9235_RobertMitchum_55_m
238	RobertMitchum	75	AGE75	9225	9225_RobertMitchum_75_m
238	RobertMitchum	45	AGE45	9208	9208_RobertMitchum_45_m
238	RobertMitchum	45	AGE45	9214	9214_RobertMitchum_45_m
239	RoseMarie	80	AGE80	9906	9906_RoseMarie_80_f
239	RoseMarie	88	AGE88	9911	9911_RoseMarie_88_f
239	RoseMarie	79	AGE79	9905	9905_RoseMarie_79_f
239	RoseMarie	87	AGE87	9910	9910_RoseMarie_87_f
239	RoseMarie	50	AGE50	9899	9899_RoseMarie_50_f
239	RoseMarie	42	AGE42	9896	9896_RoseMarie_42_f
239	RoseMarie	83	AGE83	9908	9908_RoseMarie_83_f
239	RoseMarie	46	AGE46	9898	9898_RoseMarie_46_f
239	RoseMarie	44	AGE44	9897	9897_RoseMarie_44_f
239	RoseMarie	78	AGE78	9904	9904_RoseMarie_78_f
239	RoseMarie	35	AGE35	9893	9893_RoseMarie_35_f
239	RoseMarie	37	AGE37	9894	9894_RoseMarie_37_f
239	RoseMarie	40	AGE40	9895	9895_RoseMarie_40_f
239	RoseMarie	57	AGE57	9901	9901_RoseMarie_57_f
239	RoseMarie	77	AGE77	9903	9903_RoseMarie_77_f
239	RoseMarie	85	AGE85	9909	9909_RoseMarie_85_f
239	RoseMarie	82	AGE82	9907	9907_RoseMarie_82_f
239	RoseMarie	30	AGE30	9892	9892_RoseMarie_30_f
239	RoseMarie	70	AGE70	9902	9902_RoseMarie_70_f
239	RoseMarie	52	AGE52	9900	9900_RoseMarie_52_f
240	ErrolFlynn	41	AGE41	6285	6285_ErrolFlynn_41_m
240	ErrolFlynn	33	AGE33	6282	6282_ErrolFlynn_33_m
240	ErrolFlynn	37	AGE37	6266	6266_ErrolFlynn_37_m
240	ErrolFlynn	43	AGE43	6272	6272_ErrolFlynn_43_m
240	ErrolFlynn	38	AGE38	6292	6292_ErrolFlynn_38_m
240	ErrolFlynn	50	AGE50	6279	6279_ErrolFlynn_50_m
240	ErrolFlynn	42	AGE42	6295	6295_ErrolFlynn_42_m
240	ErrolFlynn	29	AGE29	6273	6273_ErrolFlynn_29_m
240	ErrolFlynn	39	AGE39	6286	6286_ErrolFlynn_39_m
240	ErrolFlynn	41	AGE41	6278	6278_ErrolFlynn_41_m
240	ErrolFlynn	28	AGE28	6291	6291_ErrolFlynn_28_m
240	ErrolFlynn	26	AGE26	6269	6269_ErrolFlynn_26_m
240	ErrolFlynn	45	AGE45	6268	6268_ErrolFlynn_45_m
240	ErrolFlynn	24	AGE24	6287	6287_ErrolFlynn_24_m
240	ErrolFlynn	32	AGE32	6294	6294_ErrolFlynn_32_m
240	ErrolFlynn	40	AGE40	6289	6289_ErrolFlynn_40_m
240	ErrolFlynn	37	AGE37	6296	6296_ErrolFlynn_37_m
240	ErrolFlynn	31	AGE31	6283	6283_ErrolFlynn_31_m
240	ErrolFlynn	34	AGE34	6276	6276_ErrolFlynn_34_m
240	ErrolFlynn	23	AGE23	6293	6293_ErrolFlynn_23_m
240	ErrolFlynn	32	AGE32	6275	6275_ErrolFlynn_32_m
240	ErrolFlynn	38	AGE38	6277	6277_ErrolFlynn_38_m
240	ErrolFlynn	30	AGE30	6281	6281_ErrolFlynn_30_m
240	ErrolFlynn	31	AGE31	6274	6274_ErrolFlynn_31_m
240	ErrolFlynn	28	AGE28	6271	6271_ErrolFlynn_28_m
240	ErrolFlynn	27	AGE27	6270	6270_ErrolFlynn_27_m
240	ErrolFlynn	23	AGE23	6288	6288_ErrolFlynn_23_m
240	ErrolFlynn	31	AGE31	6265	6265_ErrolFlynn_31_m
240	ErrolFlynn	35	AGE35	6267	6267_ErrolFlynn_35_m
240	ErrolFlynn	30	AGE30	6290	6290_ErrolFlynn_30_m
240	ErrolFlynn	27	AGE27	6280	6280_ErrolFlynn_27_m
240	ErrolFlynn	34	AGE34	6284	6284_ErrolFlynn_34_m
241	SeanConnery	32	AGE32	3793	3793_SeanConnery_32_m
241	SeanConnery	18	AGE18	3788	3788_SeanConnery_18_m
241	SeanConnery	40	AGE40	3790	3790_SeanConnery_40_m
241	SeanConnery	74	AGE74	3783	3783_SeanConnery_74_m
241	SeanConnery	41	AGE41	3786	3786_SeanConnery_41_m
241	SeanConnery	82	AGE82	3796	3796_SeanConnery_82_m
241	SeanConnery	78	AGE78	3784	3784_SeanConnery_78_m
241	SeanConnery	36	AGE36	3779	3779_SeanConnery_36_m
241	SeanConnery	32	AGE32	3777	3777_SeanConnery_32_m
241	SeanConnery	60	AGE60	3787	3787_SeanConnery_60_m
241	SeanConnery	61	AGE61	3794	3794_SeanConnery_61_m
241	SeanConnery	57	AGE57	3782	3782_SeanConnery_57_m
241	SeanConnery	67	AGE67	3795	3795_SeanConnery_67_m
241	SeanConnery	52	AGE52	3791	3791_SeanConnery_52_m
241	SeanConnery	49	AGE49	3780	3780_SeanConnery_49_m
241	SeanConnery	66	AGE66	3781	3781_SeanConnery_66_m
241	SeanConnery	43	AGE43	3785	3785_SeanConnery_43_m
241	SeanConnery	45	AGE45	3789	3789_SeanConnery_45_m
241	SeanConnery	34	AGE34	3778	3778_SeanConnery_34_m
241	SeanConnery	77	AGE77	3792	3792_SeanConnery_77_m
242	AvaGardner	58	AGE58	13332	13332_AvaGardner_58_f
242	AvaGardner	24	AGE24	13337	13337_AvaGardner_24_f
242	AvaGardner	55	AGE55	13335	13335_AvaGardner_55_f
242	AvaGardner	50	AGE50	13330	13330_AvaGardner_50_f
242	AvaGardner	25	AGE25	13319	13319_AvaGardner_25_f
242	AvaGardner	55	AGE55	13343	13343_AvaGardner_55_f
242	AvaGardner	35	AGE35	13341	13341_AvaGardner_35_f
242	AvaGardner	25	AGE25	13325	13325_AvaGardner_25_f
242	AvaGardner	44	AGE44	13342	13342_AvaGardner_44_f
242	AvaGardner	28	AGE28	13329	13329_AvaGardner_28_f
242	AvaGardner	22	AGE22	13321	13321_AvaGardner_22_f
242	AvaGardner	63	AGE63	13328	13328_AvaGardner_63_f
242	AvaGardner	23	AGE23	13339	13339_AvaGardner_23_f
242	AvaGardner	17	AGE17	13334	13334_AvaGardner_17_f
242	AvaGardner	23	AGE23	13323	13323_AvaGardner_23_f
242	AvaGardner	54	AGE54	13336	13336_AvaGardner_54_f
242	AvaGardner	22	AGE22	13333	13333_AvaGardner_22_f
242	AvaGardner	29	AGE29	13326	13326_AvaGardner_29_f
242	AvaGardner	19	AGE19	13338	13338_AvaGardner_19_f
242	AvaGardner	13	AGE13	13320	13320_AvaGardner_13_f
242	AvaGardner	24	AGE24	13324	13324_AvaGardner_24_f
242	AvaGardner	34	AGE34	13327	13327_AvaGardner_34_f
242	AvaGardner	19	AGE19	13340	13340_AvaGardner_19_f
242	AvaGardner	55	AGE55	13331	13331_AvaGardner_55_f
242	AvaGardner	36	AGE36	13318	13318_AvaGardner_36_f
242	AvaGardner	42	AGE42	13322	13322_AvaGardner_42_f
243	Dench	71	AGE71	16365	16365_Dench_71_f
243	Dench	81	AGE81	16353	16353_Dench_81_f
243	Dench	74	AGE74	16364	16364_Dench_74_f
243	Dench	73	AGE73	16363	16363_Dench_73_f
243	Dench	66	AGE66	16351	16351_Dench_66_f
243	Dench	58	AGE58	16354	16354_Dench_58_f
243	Dench	78	AGE78	16356	16356_Dench_78_f
243	Dench	72	AGE72	16359	16359_Dench_72_f
243	Dench	77	AGE77	16360	16360_Dench_77_f
243	Dench	57	AGE57	16352	16352_Dench_57_f
243	Dench	67	AGE67	16369	16369_Dench_67_f
243	Dench	79	AGE79	16368	16368_Dench_79_f
243	Dench	83	AGE83	16350	16350_Dench_83_f
243	Dench	65	AGE65	16366	16366_Dench_65_f
243	Dench	79	AGE79	16355	16355_Dench_79_f
243	Dench	78	AGE78	16357	16357_Dench_78_f
243	Dench	67	AGE67	16358	16358_Dench_67_f
243	Dench	70	AGE70	16361	16361_Dench_70_f
243	Dench	70	AGE70	16362	16362_Dench_70_f
243	Dench	78	AGE78	16367	16367_Dench_78_f
244	JeffGoldblum	52	AGE52	4663	4663_JeffGoldblum_52_m
244	JeffGoldblum	22	AGE22	4646	4646_JeffGoldblum_22_m
244	JeffGoldblum	56	AGE56	4666	4666_JeffGoldblum_56_m
244	JeffGoldblum	46	AGE46	4659	4659_JeffGoldblum_46_m
244	JeffGoldblum	45	AGE45	4658	4658_JeffGoldblum_45_m
244	JeffGoldblum	47	AGE47	4660	4660_JeffGoldblum_47_m
244	JeffGoldblum	36	AGE36	4653	4653_JeffGoldblum_36_m
244	JeffGoldblum	31	AGE31	4649	4649_JeffGoldblum_31_m
244	JeffGoldblum	41	AGE41	4656	4656_JeffGoldblum_41_m
244	JeffGoldblum	57	AGE57	4667	4667_JeffGoldblum_57_m
244	JeffGoldblum	40	AGE40	4655	4655_JeffGoldblum_40_m
244	JeffGoldblum	54	AGE54	4664	4664_JeffGoldblum_54_m
244	JeffGoldblum	20	AGE20	4645	4645_JeffGoldblum_20_m
244	JeffGoldblum	55	AGE55	4665	4665_JeffGoldblum_55_m
244	JeffGoldblum	24	AGE24	4647	4647_JeffGoldblum_24_m
244	JeffGoldblum	62	AGE62	4670	4670_JeffGoldblum_62_m
244	JeffGoldblum	49	AGE49	4662	4662_JeffGoldblum_49_m
244	JeffGoldblum	35	AGE35	4652	4652_JeffGoldblum_35_m
244	JeffGoldblum	59	AGE59	4669	4669_JeffGoldblum_59_m
244	JeffGoldblum	29	AGE29	4648	4648_JeffGoldblum_29_m
244	JeffGoldblum	48	AGE48	4661	4661_JeffGoldblum_48_m
244	JeffGoldblum	44	AGE44	4657	4657_JeffGoldblum_44_m
244	JeffGoldblum	18	AGE18	4644	4644_JeffGoldblum_18_m
244	JeffGoldblum	37	AGE37	4654	4654_JeffGoldblum_37_m
244	JeffGoldblum	26	AGE26	4650	4650_JeffGoldblum_26_m
244	JeffGoldblum	34	AGE34	4651	4651_JeffGoldblum_34_m
244	JeffGoldblum	58	AGE58	4668	4668_JeffGoldblum_58_m
245	RichardBoone	58	AGE58	7522	7522_RichardBoone_58_m
245	RichardBoone	47	AGE47	7515	7515_RichardBoone_47_m
245	RichardBoone	50	AGE50	7517	7517_RichardBoone_50_m
245	RichardBoone	32	AGE32	7498	7498_RichardBoone_32_m
245	RichardBoone	49	AGE49	7516	7516_RichardBoone_49_m
245	RichardBoone	34	AGE34	7500	7500_RichardBoone_34_m
245	RichardBoone	59	AGE59	7523	7523_RichardBoone_59_m
245	RichardBoone	42	AGE42	7509	7509_RichardBoone_42_m
245	RichardBoone	46	AGE46	7514	7514_RichardBoone_46_m
245	RichardBoone	63	AGE63	7526	7526_RichardBoone_63_m
245	RichardBoone	39	AGE39	7505	7505_RichardBoone_39_m
245	RichardBoone	44	AGE44	7512	7512_RichardBoone_44_m
245	RichardBoone	35	AGE35	7501	7501_RichardBoone_35_m
245	RichardBoone	57	AGE57	7521	7521_RichardBoone_57_m
245	RichardBoone	55	AGE55	7520	7520_RichardBoone_55_m
245	RichardBoone	37	AGE37	7503	7503_RichardBoone_37_m
245	RichardBoone	41	AGE41	7507	7507_RichardBoone_41_m
245	RichardBoone	33	AGE33	7499	7499_RichardBoone_33_m
245	RichardBoone	60	AGE60	7524	7524_RichardBoone_60_m
245	RichardBoone	45	AGE45	7513	7513_RichardBoone_45_m
245	RichardBoone	38	AGE38	7504	7504_RichardBoone_38_m
245	RichardBoone	40	AGE40	7506	7506_RichardBoone_40_m
245	RichardBoone	41	AGE41	7508	7508_RichardBoone_41_m
245	RichardBoone	53	AGE53	7519	7519_RichardBoone_53_m
245	RichardBoone	36	AGE36	7502	7502_RichardBoone_36_m
245	RichardBoone	61	AGE61	7525	7525_RichardBoone_61_m
245	RichardBoone	43	AGE43	7511	7511_RichardBoone_43_m
245	RichardBoone	31	AGE31	7497	7497_RichardBoone_31_m
245	RichardBoone	51	AGE51	7518	7518_RichardBoone_51_m
245	RichardBoone	43	AGE43	7510	7510_RichardBoone_43_m
246	LeifErickson	27	AGE27	7275	7275_LeifErickson_27_m
246	LeifErickson	46	AGE46	7286	7286_LeifErickson_46_m
246	LeifErickson	62	AGE62	7298	7298_LeifErickson_62_m
246	LeifErickson	63	AGE63	7299	7299_LeifErickson_63_m
246	LeifErickson	49	AGE49	7288	7288_LeifErickson_49_m
246	LeifErickson	47	AGE47	7287	7287_LeifErickson_47_m
246	LeifErickson	26	AGE26	7274	7274_LeifErickson_26_m
246	LeifErickson	35	AGE35	7282	7282_LeifErickson_35_m
246	LeifErickson	32	AGE32	7280	7280_LeifErickson_32_m
246	LeifErickson	51	AGE51	7289	7289_LeifErickson_51_m
246	LeifErickson	65	AGE65	7301	7301_LeifErickson_65_m
246	LeifErickson	66	AGE66	7302	7302_LeifErickson_66_m
246	LeifErickson	59	AGE59	7295	7295_LeifErickson_59_m
246	LeifErickson	64	AGE64	7300	7300_LeifErickson_64_m
246	LeifErickson	61	AGE61	7297	7297_LeifErickson_61_m
246	LeifErickson	52	AGE52	7290	7290_LeifErickson_52_m
246	LeifErickson	58	AGE58	7294	7294_LeifErickson_58_m
246	LeifErickson	54	AGE54	7291	7291_LeifErickson_54_m
246	LeifErickson	28	AGE28	7279	7279_LeifErickson_28_m
246	LeifErickson	37	AGE37	7283	7283_LeifErickson_37_m
246	LeifErickson	40	AGE40	7284	7284_LeifErickson_40_m
246	LeifErickson	57	AGE57	7293	7293_LeifErickson_57_m
246	LeifErickson	30	AGE30	7277	7277_LeifErickson_30_m
246	LeifErickson	31	AGE31	7278	7278_LeifErickson_31_m
246	LeifErickson	44	AGE44	7285	7285_LeifErickson_44_m
246	LeifErickson	34	AGE34	7281	7281_LeifErickson_34_m
246	LeifErickson	25	AGE25	7273	7273_LeifErickson_25_m
246	LeifErickson	60	AGE60	7296	7296_LeifErickson_60_m
246	LeifErickson	24	AGE24	7272	7272_LeifErickson_24_m
246	LeifErickson	56	AGE56	7292	7292_LeifErickson_56_m
246	LeifErickson	23	AGE23	7271	7271_LeifErickson_23_m
246	LeifErickson	29	AGE29	7276	7276_LeifErickson_29_m
247	MichaelYork	35	AGE35	3570	3570_MichaelYork_35_m
247	MichaelYork	50	AGE50	3579	3579_MichaelYork_50_m
247	MichaelYork	23	AGE23	3557	3557_MichaelYork_23_m
247	MichaelYork	34	AGE34	3568	3568_MichaelYork_34_m
247	MichaelYork	24	AGE24	3558	3558_MichaelYork_24_m
247	MichaelYork	68	AGE68	3595	3595_MichaelYork_68_m
247	MichaelYork	57	AGE57	3585	3585_MichaelYork_57_m
247	MichaelYork	25	AGE25	3559	3559_MichaelYork_25_m
247	MichaelYork	36	AGE36	3571	3571_MichaelYork_36_m
247	MichaelYork	61	AGE61	3589	3589_MichaelYork_61_m
247	MichaelYork	34	AGE34	3569	3569_MichaelYork_34_m
247	MichaelYork	46	AGE46	3576	3576_MichaelYork_46_m
247	MichaelYork	65	AGE65	3593	3593_MichaelYork_65_m
247	MichaelYork	29	AGE29	3563	3563_MichaelYork_29_m
247	MichaelYork	60	AGE60	3588	3588_MichaelYork_60_m
247	MichaelYork	28	AGE28	3562	3562_MichaelYork_28_m
247	MichaelYork	59	AGE59	3587	3587_MichaelYork_59_m
247	MichaelYork	30	AGE30	3564	3564_MichaelYork_30_m
247	MichaelYork	42	AGE42	3574	3574_MichaelYork_42_m
247	MichaelYork	51	AGE51	3580	3580_MichaelYork_51_m
247	MichaelYork	41	AGE41	3573	3573_MichaelYork_41_m
247	MichaelYork	52	AGE52	3581	3581_MichaelYork_52_m
247	MichaelYork	47	AGE47	3577	3577_MichaelYork_47_m
247	MichaelYork	63	AGE63	3591	3591_MichaelYork_63_m
247	MichaelYork	68	AGE68	3594	3594_MichaelYork_68_m
247	MichaelYork	27	AGE27	3561	3561_MichaelYork_27_m
247	MichaelYork	49	AGE49	3578	3578_MichaelYork_49_m
247	MichaelYork	64	AGE64	3592	3592_MichaelYork_64_m
247	MichaelYork	56	AGE56	3584	3584_MichaelYork_56_m
247	MichaelYork	57	AGE57	3586	3586_MichaelYork_57_m
247	MichaelYork	26	AGE26	3560	3560_MichaelYork_26_m
247	MichaelYork	31	AGE31	3565	3565_MichaelYork_31_m
247	MichaelYork	54	AGE54	3583	3583_MichaelYork_54_m
247	MichaelYork	44	AGE44	3575	3575_MichaelYork_44_m
247	MichaelYork	37	AGE37	3572	3572_MichaelYork_37_m
247	MichaelYork	32	AGE32	3566	3566_MichaelYork_32_m
247	MichaelYork	13	AGE13	3556	3556_MichaelYork_13_m
247	MichaelYork	53	AGE53	3582	3582_MichaelYork_53_m
247	MichaelYork	33	AGE33	3567	3567_MichaelYork_33_m
247	MichaelYork	62	AGE62	3590	3590_MichaelYork_62_m
247	MichaelYork	70	AGE70	3596	3596_MichaelYork_70_m
248	MartinScorsese	64	AGE64	5465	5465_MartinScorsese_64_m
248	MartinScorsese	38	AGE38	5453	5453_MartinScorsese_38_m
248	MartinScorsese	70	AGE70	5469	5469_MartinScorsese_70_m
248	MartinScorsese	27	AGE27	5475	5475_MartinScorsese_27_m
248	MartinScorsese	42	AGE42	5454	5454_MartinScorsese_42_m
248	MartinScorsese	40	AGE40	5446	5446_MartinScorsese_40_m
248	MartinScorsese	66	AGE66	5467	5467_MartinScorsese_66_m
248	MartinScorsese	59	AGE59	5476	5476_MartinScorsese_59_m
248	MartinScorsese	36	AGE36	5477	5477_MartinScorsese_36_m
248	MartinScorsese	62	AGE62	5463	5463_MartinScorsese_62_m
248	MartinScorsese	71	AGE71	5470	5470_MartinScorsese_71_m
248	MartinScorsese	54	AGE54	5458	5458_MartinScorsese_54_m
248	MartinScorsese	61	AGE61	5462	5462_MartinScorsese_61_m
248	MartinScorsese	35	AGE35	5452	5452_MartinScorsese_35_m
248	MartinScorsese	55	AGE55	5449	5449_MartinScorsese_55_m
248	MartinScorsese	65	AGE65	5466	5466_MartinScorsese_65_m
248	MartinScorsese	47	AGE47	5456	5456_MartinScorsese_47_m
248	MartinScorsese	60	AGE60	5461	5461_MartinScorsese_60_m
248	MartinScorsese	57	AGE57	5459	5459_MartinScorsese_57_m
248	MartinScorsese	72	AGE72	5471	5471_MartinScorsese_72_m
248	MartinScorsese	51	AGE51	5457	5457_MartinScorsese_51_m
248	MartinScorsese	31	AGE31	5451	5451_MartinScorsese_31_m
248	MartinScorsese	63	AGE63	5464	5464_MartinScorsese_63_m
248	MartinScorsese	41	AGE41	5474	5474_MartinScorsese_41_m
248	MartinScorsese	50	AGE50	5472	5472_MartinScorsese_50_m
248	MartinScorsese	67	AGE67	5468	5468_MartinScorsese_67_m
248	MartinScorsese	21	AGE21	5448	5448_MartinScorsese_21_m
248	MartinScorsese	25	AGE25	5450	5450_MartinScorsese_25_m
248	MartinScorsese	34	AGE34	5447	5447_MartinScorsese_34_m
248	MartinScorsese	58	AGE58	5460	5460_MartinScorsese_58_m
248	MartinScorsese	39	AGE39	5473	5473_MartinScorsese_39_m
248	MartinScorsese	45	AGE45	5455	5455_MartinScorsese_45_m
249	LivUllmann	66	AGE66	10264	10264_LivUllmann_66_f
249	LivUllmann	72	AGE72	10268	10268_LivUllmann_72_f
249	LivUllmann	75	AGE75	10269	10269_LivUllmann_75_f
249	LivUllmann	39	AGE39	10254	10254_LivUllmann_39_f
249	LivUllmann	46	AGE46	10257	10257_LivUllmann_46_f
249	LivUllmann	35	AGE35	10250	10250_LivUllmann_35_f
249	LivUllmann	52	AGE52	10260	10260_LivUllmann_52_f
249	LivUllmann	62	AGE62	10263	10263_LivUllmann_62_f
249	LivUllmann	33	AGE33	10248	10248_LivUllmann_33_f
249	LivUllmann	31	AGE31	10247	10247_LivUllmann_31_f
249	LivUllmann	69	AGE69	10266	10266_LivUllmann_69_f
249	LivUllmann	38	AGE38	10253	10253_LivUllmann_38_f
249	LivUllmann	34	AGE34	10249	10249_LivUllmann_34_f
249	LivUllmann	41	AGE41	10256	10256_LivUllmann_41_f
249	LivUllmann	30	AGE30	10246	10246_LivUllmann_30_f
249	LivUllmann	37	AGE37	10252	10252_LivUllmann_37_f
249	LivUllmann	24	AGE24	10244	10244_LivUllmann_24_f
249	LivUllmann	51	AGE51	10259	10259_LivUllmann_51_f
249	LivUllmann	71	AGE71	10267	10267_LivUllmann_71_f
249	LivUllmann	36	AGE36	10251	10251_LivUllmann_36_f
249	LivUllmann	29	AGE29	10245	10245_LivUllmann_29_f
249	LivUllmann	53	AGE53	10261	10261_LivUllmann_53_f
249	LivUllmann	54	AGE54	10270	10270_LivUllmann_54_f
249	LivUllmann	40	AGE40	10255	10255_LivUllmann_40_f
249	LivUllmann	47	AGE47	10258	10258_LivUllmann_47_f
249	LivUllmann	58	AGE58	10262	10262_LivUllmann_58_f
249	LivUllmann	19	AGE19	10243	10243_LivUllmann_19_f
249	LivUllmann	67	AGE67	10265	10265_LivUllmann_67_f
250	IsabelleHuppert	34	AGE34	12654	12654_IsabelleHuppert_34_f
250	IsabelleHuppert	32	AGE32	12653	12653_IsabelleHuppert_32_f
250	IsabelleHuppert	43	AGE43	12661	12661_IsabelleHuppert_43_f
250	IsabelleHuppert	26	AGE26	12648	12648_IsabelleHuppert_26_f
250	IsabelleHuppert	60	AGE60	12670	12670_IsabelleHuppert_60_f
250	IsabelleHuppert	20	AGE20	12641	12641_IsabelleHuppert_20_f
250	IsabelleHuppert	39	AGE39	12659	12659_IsabelleHuppert_39_f
250	IsabelleHuppert	29	AGE29	12651	12651_IsabelleHuppert_29_f
250	IsabelleHuppert	23	AGE23	12645	12645_IsabelleHuppert_23_f
250	IsabelleHuppert	51	AGE51	12666	12666_IsabelleHuppert_51_f
250	IsabelleHuppert	44	AGE44	12662	12662_IsabelleHuppert_44_f
250	IsabelleHuppert	18	AGE18	12640	12640_IsabelleHuppert_18_f
250	IsabelleHuppert	20	AGE20	12642	12642_IsabelleHuppert_20_f
250	IsabelleHuppert	45	AGE45	12663	12663_IsabelleHuppert_45_f
250	IsabelleHuppert	38	AGE38	12658	12658_IsabelleHuppert_38_f
250	IsabelleHuppert	42	AGE42	12660	12660_IsabelleHuppert_42_f
250	IsabelleHuppert	35	AGE35	12655	12655_IsabelleHuppert_35_f
250	IsabelleHuppert	58	AGE58	12668	12668_IsabelleHuppert_58_f
250	IsabelleHuppert	37	AGE37	12657	12657_IsabelleHuppert_37_f
250	IsabelleHuppert	24	AGE24	12646	12646_IsabelleHuppert_24_f
250	IsabelleHuppert	36	AGE36	12656	12656_IsabelleHuppert_36_f
250	IsabelleHuppert	48	AGE48	12665	12665_IsabelleHuppert_48_f
250	IsabelleHuppert	57	AGE57	12667	12667_IsabelleHuppert_57_f
250	IsabelleHuppert	46	AGE46	12664	12664_IsabelleHuppert_46_f
250	IsabelleHuppert	30	AGE30	12652	12652_IsabelleHuppert_30_f
250	IsabelleHuppert	22	AGE22	12643	12643_IsabelleHuppert_22_f
250	IsabelleHuppert	27	AGE27	12649	12649_IsabelleHuppert_27_f
250	IsabelleHuppert	59	AGE59	12669	12669_IsabelleHuppert_59_f
250	IsabelleHuppert	25	AGE25	12647	12647_IsabelleHuppert_25_f
250	IsabelleHuppert	28	AGE28	12650	12650_IsabelleHuppert_28_f
250	IsabelleHuppert	22	AGE22	12644	12644_IsabelleHuppert_22_f
251	St╨ТphaneAudran	73	AGE73	15893	15893_St╨ТphaneAudran_73_f
251	St╨ТphaneAudran	48	AGE48	15875	15875_St╨ТphaneAudran_48_f
251	St╨ТphaneAudran	52	AGE52	15879	15879_St╨ТphaneAudran_52_f
251	St╨ТphaneAudran	67	AGE67	15889	15889_St╨ТphaneAudran_67_f
251	St╨ТphaneAudran	38	AGE38	15866	15866_St╨ТphaneAudran_38_f
251	St╨ТphaneAudran	42	AGE42	15870	15870_St╨ТphaneAudran_42_f
251	St╨ТphaneAudran	31	AGE31	15860	15860_St╨ТphaneAudran_31_f
251	St╨ТphaneAudran	49	AGE49	15876	15876_St╨ТphaneAudran_49_f
251	St╨ТphaneAudran	43	AGE43	15871	15871_St╨ТphaneAudran_43_f
251	St╨ТphaneAudran	26	AGE26	15855	15855_St╨ТphaneAudran_26_f
251	St╨ТphaneAudran	64	AGE64	15888	15888_St╨ТphaneAudran_64_f
251	St╨ТphaneAudran	40	AGE40	15868	15868_St╨ТphaneAudran_40_f
251	St╨ТphaneAudran	39	AGE39	15867	15867_St╨ТphaneAudran_39_f
251	St╨ТphaneAudran	47	AGE47	15874	15874_St╨ТphaneAudran_47_f
251	St╨ТphaneAudran	24	AGE24	15853	15853_St╨ТphaneAudran_24_f
251	St╨ТphaneAudran	37	AGE37	15865	15865_St╨ТphaneAudran_37_f
251	St╨ТphaneAudran	53	AGE53	15880	15880_St╨ТphaneAudran_53_f
251	St╨ТphaneAudran	25	AGE25	15854	15854_St╨ТphaneAudran_25_f
251	St╨ТphaneAudran	50	AGE50	15877	15877_St╨ТphaneAudran_50_f
251	St╨ТphaneAudran	30	AGE30	15859	15859_St╨ТphaneAudran_30_f
251	St╨ТphaneAudran	45	AGE45	15873	15873_St╨ТphaneAudran_45_f
251	St╨ТphaneAudran	36	AGE36	15864	15864_St╨ТphaneAudran_36_f
251	St╨ТphaneAudran	62	AGE62	15886	15886_St╨ТphaneAudran_62_f
251	St╨ТphaneAudran	57	AGE57	15883	15883_St╨ТphaneAudran_57_f
251	St╨ТphaneAudran	70	AGE70	15892	15892_St╨ТphaneAudran_70_f
251	St╨ТphaneAudran	33	AGE33	15861	15861_St╨ТphaneAudran_33_f
251	St╨ТphaneAudran	22	AGE22	15851	15851_St╨ТphaneAudran_22_f
251	St╨ТphaneAudran	23	AGE23	15852	15852_St╨ТphaneAudran_23_f
251	St╨ТphaneAudran	27	AGE27	15856	15856_St╨ТphaneAudran_27_f
251	St╨ТphaneAudran	35	AGE35	15863	15863_St╨ТphaneAudran_35_f
251	St╨ТphaneAudran	28	AGE28	15857	15857_St╨ТphaneAudran_28_f
251	St╨ТphaneAudran	55	AGE55	15881	15881_St╨ТphaneAudran_55_f
251	St╨ТphaneAudran	69	AGE69	15891	15891_St╨ТphaneAudran_69_f
251	St╨ТphaneAudran	41	AGE41	15869	15869_St╨ТphaneAudran_41_f
251	St╨ТphaneAudran	75	AGE75	15894	15894_St╨ТphaneAudran_75_f
251	St╨ТphaneAudran	56	AGE56	15882	15882_St╨ТphaneAudran_56_f
251	St╨ТphaneAudran	59	AGE59	15884	15884_St╨ТphaneAudran_59_f
251	St╨ТphaneAudran	60	AGE60	15885	15885_St╨ТphaneAudran_60_f
251	St╨ТphaneAudran	51	AGE51	15878	15878_St╨ТphaneAudran_51_f
251	St╨ТphaneAudran	68	AGE68	15890	15890_St╨ТphaneAudran_68_f
251	St╨ТphaneAudran	29	AGE29	15858	15858_St╨ТphaneAudran_29_f
251	St╨ТphaneAudran	44	AGE44	15872	15872_St╨ТphaneAudran_44_f
251	St╨ТphaneAudran	63	AGE63	15887	15887_St╨ТphaneAudran_63_f
251	St╨ТphaneAudran	76	AGE76	15895	15895_St╨ТphaneAudran_76_f
251	St╨ТphaneAudran	34	AGE34	15862	15862_St╨ТphaneAudran_34_f
252	ErnestRutherford	38	AGE38	1189	1189_ErnestRutherford_38_m
252	ErnestRutherford	14	AGE14	1190	1190_ErnestRutherford_14_m
252	ErnestRutherford	63	AGE63	1195	1195_ErnestRutherford_63_m
252	ErnestRutherford	63	AGE63	1200	1200_ErnestRutherford_63_m
252	ErnestRutherford	45	AGE45	1202	1202_ErnestRutherford_45_m
252	ErnestRutherford	58	AGE58	1179	1179_ErnestRutherford_58_m
252	ErnestRutherford	21	AGE21	1187	1187_ErnestRutherford_21_m
252	ErnestRutherford	34	AGE34	1183	1183_ErnestRutherford_34_m
252	ErnestRutherford	37	AGE37	1184	1184_ErnestRutherford_37_m
252	ErnestRutherford	62	AGE62	1188	1188_ErnestRutherford_62_m
252	ErnestRutherford	60	AGE60	1193	1193_ErnestRutherford_60_m
252	ErnestRutherford	43	AGE43	1196	1196_ErnestRutherford_43_m
252	ErnestRutherford	44	AGE44	1199	1199_ErnestRutherford_44_m
252	ErnestRutherford	28	AGE28	1178	1178_ErnestRutherford_28_m
252	ErnestRutherford	58	AGE58	1194	1194_ErnestRutherford_58_m
252	ErnestRutherford	58	AGE58	1197	1197_ErnestRutherford_58_m
252	ErnestRutherford	27	AGE27	1182	1182_ErnestRutherford_27_m
252	ErnestRutherford	60	AGE60	1186	1186_ErnestRutherford_60_m
252	ErnestRutherford	23	AGE23	1180	1180_ErnestRutherford_23_m
252	ErnestRutherford	39	AGE39	1185	1185_ErnestRutherford_39_m
252	ErnestRutherford	37	AGE37	1201	1201_ErnestRutherford_37_m
252	ErnestRutherford	40	AGE40	1192	1192_ErnestRutherford_40_m
252	ErnestRutherford	30	AGE30	1191	1191_ErnestRutherford_30_m
252	ErnestRutherford	37	AGE37	1198	1198_ErnestRutherford_37_m
252	ErnestRutherford	25	AGE25	1181	1181_ErnestRutherford_25_m
253	HarrisonFord	51	AGE51	4172	4172_HarrisonFord_51_m
253	HarrisonFord	66	AGE66	4176	4176_HarrisonFord_66_m
253	HarrisonFord	40	AGE40	4179	4179_HarrisonFord_40_m
253	HarrisonFord	43	AGE43	4170	4170_HarrisonFord_43_m
253	HarrisonFord	43	AGE43	4169	4169_HarrisonFord_43_m
253	HarrisonFord	68	AGE68	4177	4177_HarrisonFord_68_m
253	HarrisonFord	63	AGE63	4178	4178_HarrisonFord_63_m
253	HarrisonFord	32	AGE32	4165	4165_HarrisonFord_32_m
253	HarrisonFord	55	AGE55	4173	4173_HarrisonFord_55_m
253	HarrisonFord	58	AGE58	4175	4175_HarrisonFord_58_m
253	HarrisonFord	42	AGE42	4168	4168_HarrisonFord_42_m
253	HarrisonFord	56	AGE56	4174	4174_HarrisonFord_56_m
253	HarrisonFord	47	AGE47	4171	4171_HarrisonFord_47_m
253	HarrisonFord	39	AGE39	4167	4167_HarrisonFord_39_m
253	HarrisonFord	35	AGE35	4166	4166_HarrisonFord_35_m
254	Thanasisveggos	42	AGE42	9417	9417_Thanasisveggos_42_m
254	Thanasisveggos	40	AGE40	9410	9410_Thanasisveggos_40_m
254	Thanasisveggos	37	AGE37	9418	9418_Thanasisveggos_37_m
254	Thanasisveggos	43	AGE43	9408	9408_Thanasisveggos_43_m
254	Thanasisveggos	80	AGE80	9413	9413_Thanasisveggos_80_m
254	Thanasisveggos	25	AGE25	9407	9407_Thanasisveggos_25_m
254	Thanasisveggos	38	AGE38	9409	9409_Thanasisveggos_38_m
254	Thanasisveggos	29	AGE29	9421	9421_Thanasisveggos_29_m
254	Thanasisveggos	49	AGE49	9412	9412_Thanasisveggos_49_m
254	Thanasisveggos	68	AGE68	9420	9420_Thanasisveggos_68_m
254	Thanasisveggos	33	AGE33	9423	9423_Thanasisveggos_33_m
254	Thanasisveggos	32	AGE32	9414	9414_Thanasisveggos_32_m
254	Thanasisveggos	65	AGE65	9422	9422_Thanasisveggos_65_m
254	Thanasisveggos	35	AGE35	9419	9419_Thanasisveggos_35_m
254	Thanasisveggos	38	AGE38	9416	9416_Thanasisveggos_38_m
254	Thanasisveggos	27	AGE27	9415	9415_Thanasisveggos_27_m
254	Thanasisveggos	43	AGE43	9411	9411_Thanasisveggos_43_m
255	NickNolte	53	AGE53	2202	2202_NickNolte_53_m
255	NickNolte	72	AGE72	2220	2220_NickNolte_72_m
255	NickNolte	34	AGE34	2184	2184_NickNolte_34_m
255	NickNolte	67	AGE67	2215	2215_NickNolte_67_m
255	NickNolte	50	AGE50	2199	2199_NickNolte_50_m
255	NickNolte	42	AGE42	2191	2191_NickNolte_42_m
255	NickNolte	36	AGE36	2186	2186_NickNolte_36_m
255	NickNolte	70	AGE70	2218	2218_NickNolte_70_m
255	NickNolte	49	AGE49	2198	2198_NickNolte_49_m
255	NickNolte	46	AGE46	2195	2195_NickNolte_46_m
255	NickNolte	68	AGE68	2216	2216_NickNolte_68_m
255	NickNolte	33	AGE33	2183	2183_NickNolte_33_m
255	NickNolte	71	AGE71	2219	2219_NickNolte_71_m
255	NickNolte	57	AGE57	2206	2206_NickNolte_57_m
255	NickNolte	35	AGE35	2185	2185_NickNolte_35_m
255	NickNolte	48	AGE48	2196	2196_NickNolte_48_m
255	NickNolte	55	AGE55	2204	2204_NickNolte_55_m
255	NickNolte	58	AGE58	2207	2207_NickNolte_58_m
255	NickNolte	56	AGE56	2205	2205_NickNolte_56_m
255	NickNolte	64	AGE64	2213	2213_NickNolte_64_m
255	NickNolte	69	AGE69	2217	2217_NickNolte_69_m
255	NickNolte	37	AGE37	2187	2187_NickNolte_37_m
255	NickNolte	66	AGE66	2214	2214_NickNolte_66_m
255	NickNolte	45	AGE45	2194	2194_NickNolte_45_m
255	NickNolte	63	AGE63	2212	2212_NickNolte_63_m
255	NickNolte	59	AGE59	2208	2208_NickNolte_59_m
255	NickNolte	48	AGE48	2197	2197_NickNolte_48_m
255	NickNolte	43	AGE43	2192	2192_NickNolte_43_m
255	NickNolte	41	AGE41	2190	2190_NickNolte_41_m
255	NickNolte	51	AGE51	2200	2200_NickNolte_51_m
255	NickNolte	31	AGE31	2181	2181_NickNolte_31_m
255	NickNolte	38	AGE38	2188	2188_NickNolte_38_m
255	NickNolte	61	AGE61	2209	2209_NickNolte_61_m
255	NickNolte	39	AGE39	2189	2189_NickNolte_39_m
255	NickNolte	52	AGE52	2201	2201_NickNolte_52_m
255	NickNolte	44	AGE44	2193	2193_NickNolte_44_m
255	NickNolte	63	AGE63	2211	2211_NickNolte_63_m
255	NickNolte	32	AGE32	2182	2182_NickNolte_32_m
255	NickNolte	54	AGE54	2203	2203_NickNolte_54_m
255	NickNolte	62	AGE62	2210	2210_NickNolte_62_m
256	PatrickSwayze	29	AGE29	8166	8166_PatrickSwayze_29_m
256	PatrickSwayze	49	AGE49	8177	8177_PatrickSwayze_49_m
256	PatrickSwayze	34	AGE34	8168	8168_PatrickSwayze_34_m
256	PatrickSwayze	57	AGE57	8185	8185_PatrickSwayze_57_m
256	PatrickSwayze	28	AGE28	8165	8165_PatrickSwayze_28_m
256	PatrickSwayze	36	AGE36	8169	8169_PatrickSwayze_36_m
256	PatrickSwayze	51	AGE51	8178	8178_PatrickSwayze_51_m
256	PatrickSwayze	53	AGE53	8180	8180_PatrickSwayze_53_m
256	PatrickSwayze	46	AGE46	8175	8175_PatrickSwayze_46_m
256	PatrickSwayze	55	AGE55	8183	8183_PatrickSwayze_55_m
256	PatrickSwayze	54	AGE54	8182	8182_PatrickSwayze_54_m
256	PatrickSwayze	52	AGE52	8179	8179_PatrickSwayze_52_m
256	PatrickSwayze	38	AGE38	8170	8170_PatrickSwayze_38_m
256	PatrickSwayze	54	AGE54	8181	8181_PatrickSwayze_54_m
256	PatrickSwayze	45	AGE45	8174	8174_PatrickSwayze_45_m
256	PatrickSwayze	31	AGE31	8167	8167_PatrickSwayze_31_m
256	PatrickSwayze	57	AGE57	8184	8184_PatrickSwayze_57_m
256	PatrickSwayze	41	AGE41	8171	8171_PatrickSwayze_41_m
256	PatrickSwayze	45	AGE45	8173	8173_PatrickSwayze_45_m
256	PatrickSwayze	43	AGE43	8172	8172_PatrickSwayze_43_m
256	PatrickSwayze	46	AGE46	8176	8176_PatrickSwayze_46_m
257	HorstBuchholz	32	AGE32	8046	8046_HorstBuchholz_32_m
257	HorstBuchholz	61	AGE61	8059	8059_HorstBuchholz_61_m
257	HorstBuchholz	30	AGE30	8039	8039_HorstBuchholz_30_m
257	HorstBuchholz	44	AGE44	8053	8053_HorstBuchholz_44_m
257	HorstBuchholz	26	AGE26	8036	8036_HorstBuchholz_26_m
257	HorstBuchholz	64	AGE64	8060	8060_HorstBuchholz_64_m
257	HorstBuchholz	48	AGE48	8041	8041_HorstBuchholz_48_m
257	HorstBuchholz	57	AGE57	8057	8057_HorstBuchholz_57_m
257	HorstBuchholz	54	AGE54	8043	8043_HorstBuchholz_54_m
257	HorstBuchholz	49	AGE49	8042	8042_HorstBuchholz_49_m
257	HorstBuchholz	69	AGE69	8062	8062_HorstBuchholz_69_m
257	HorstBuchholz	27	AGE27	8037	8037_HorstBuchholz_27_m
257	HorstBuchholz	32	AGE32	8047	8047_HorstBuchholz_32_m
257	HorstBuchholz	21	AGE21	8032	8032_HorstBuchholz_21_m
257	HorstBuchholz	23	AGE23	8034	8034_HorstBuchholz_23_m
257	HorstBuchholz	40	AGE40	8051	8051_HorstBuchholz_40_m
257	HorstBuchholz	37	AGE37	8049	8049_HorstBuchholz_37_m
257	HorstBuchholz	25	AGE25	8035	8035_HorstBuchholz_25_m
257	HorstBuchholz	28	AGE28	8038	8038_HorstBuchholz_28_m
257	HorstBuchholz	38	AGE38	8050	8050_HorstBuchholz_38_m
257	HorstBuchholz	45	AGE45	8054	8054_HorstBuchholz_45_m
257	HorstBuchholz	42	AGE42	8052	8052_HorstBuchholz_42_m
257	HorstBuchholz	52	AGE52	8056	8056_HorstBuchholz_52_m
257	HorstBuchholz	59	AGE59	8044	8044_HorstBuchholz_59_m
257	HorstBuchholz	70	AGE70	8063	8063_HorstBuchholz_70_m
257	HorstBuchholz	60	AGE60	8058	8058_HorstBuchholz_60_m
257	HorstBuchholz	34	AGE34	8048	8048_HorstBuchholz_34_m
257	HorstBuchholz	65	AGE65	8061	8061_HorstBuchholz_65_m
257	HorstBuchholz	46	AGE46	8055	8055_HorstBuchholz_46_m
257	HorstBuchholz	47	AGE47	8040	8040_HorstBuchholz_47_m
257	HorstBuchholz	22	AGE22	8033	8033_HorstBuchholz_22_m
257	HorstBuchholz	68	AGE68	8045	8045_HorstBuchholz_68_m
258	FredMacMurray	27	AGE27	8947	8947_FredMacMurray_27_m
258	FredMacMurray	55	AGE55	8968	8968_FredMacMurray_55_m
258	FredMacMurray	48	AGE48	8961	8961_FredMacMurray_48_m
258	FredMacMurray	36	AGE36	8953	8953_FredMacMurray_36_m
258	FredMacMurray	72	AGE72	8977	8977_FredMacMurray_72_m
258	FredMacMurray	77	AGE77	8981	8981_FredMacMurray_77_m
258	FredMacMurray	47	AGE47	8960	8960_FredMacMurray_47_m
258	FredMacMurray	39	AGE39	8956	8956_FredMacMurray_39_m
258	FredMacMurray	50	AGE50	8963	8963_FredMacMurray_50_m
258	FredMacMurray	66	AGE66	8974	8974_FredMacMurray_66_m
258	FredMacMurray	76	AGE76	8980	8980_FredMacMurray_76_m
258	FredMacMurray	31	AGE31	8950	8950_FredMacMurray_31_m
258	FredMacMurray	45	AGE45	8958	8958_FredMacMurray_45_m
258	FredMacMurray	37	AGE37	8954	8954_FredMacMurray_37_m
258	FredMacMurray	74	AGE74	8978	8978_FredMacMurray_74_m
258	FredMacMurray	32	AGE32	8951	8951_FredMacMurray_32_m
258	FredMacMurray	26	AGE26	8946	8946_FredMacMurray_26_m
258	FredMacMurray	52	AGE52	8965	8965_FredMacMurray_52_m
258	FredMacMurray	81	AGE81	8985	8985_FredMacMurray_81_m
258	FredMacMurray	53	AGE53	8966	8966_FredMacMurray_53_m
258	FredMacMurray	59	AGE59	8971	8971_FredMacMurray_59_m
258	FredMacMurray	28	AGE28	8948	8948_FredMacMurray_28_m
258	FredMacMurray	69	AGE69	8976	8976_FredMacMurray_69_m
258	FredMacMurray	75	AGE75	8979	8979_FredMacMurray_75_m
258	FredMacMurray	30	AGE30	8949	8949_FredMacMurray_30_m
258	FredMacMurray	78	AGE78	8982	8982_FredMacMurray_78_m
258	FredMacMurray	67	AGE67	8975	8975_FredMacMurray_67_m
258	FredMacMurray	43	AGE43	8957	8957_FredMacMurray_43_m
258	FredMacMurray	79	AGE79	8983	8983_FredMacMurray_79_m
258	FredMacMurray	54	AGE54	8967	8967_FredMacMurray_54_m
258	FredMacMurray	62	AGE62	8972	8972_FredMacMurray_62_m
258	FredMacMurray	56	AGE56	8969	8969_FredMacMurray_56_m
258	FredMacMurray	80	AGE80	8984	8984_FredMacMurray_80_m
258	FredMacMurray	64	AGE64	8973	8973_FredMacMurray_64_m
258	FredMacMurray	38	AGE38	8955	8955_FredMacMurray_38_m
258	FredMacMurray	51	AGE51	8964	8964_FredMacMurray_51_m
258	FredMacMurray	46	AGE46	8959	8959_FredMacMurray_46_m
258	FredMacMurray	34	AGE34	8952	8952_FredMacMurray_34_m
258	FredMacMurray	57	AGE57	8970	8970_FredMacMurray_57_m
258	FredMacMurray	24	AGE24	8945	8945_FredMacMurray_24_m
258	FredMacMurray	49	AGE49	8962	8962_FredMacMurray_49_m
259	ChristopherWalken	52	AGE52	7013	7013_ChristopherWalken_52_m
259	ChristopherWalken	41	AGE41	7003	7003_ChristopherWalken_41_m
259	ChristopherWalken	46	AGE46	7008	7008_ChristopherWalken_46_m
259	ChristopherWalken	42	AGE42	7004	7004_ChristopherWalken_42_m
259	ChristopherWalken	61	AGE61	7018	7018_ChristopherWalken_61_m
259	ChristopherWalken	25	AGE25	6989	6989_ChristopherWalken_25_m
259	ChristopherWalken	37	AGE37	7000	7000_ChristopherWalken_37_m
259	ChristopherWalken	37	AGE37	6999	6999_ChristopherWalken_37_m
259	ChristopherWalken	50	AGE50	7012	7012_ChristopherWalken_50_m
259	ChristopherWalken	35	AGE35	6996	6996_ChristopherWalken_35_m
259	ChristopherWalken	33	AGE33	6994	6994_ChristopherWalken_33_m
259	ChristopherWalken	28	AGE28	6991	6991_ChristopherWalken_28_m
259	ChristopherWalken	53	AGE53	7014	7014_ChristopherWalken_53_m
259	ChristopherWalken	34	AGE34	6995	6995_ChristopherWalken_34_m
259	ChristopherWalken	47	AGE47	7009	7009_ChristopherWalken_47_m
259	ChristopherWalken	30	AGE30	6993	6993_ChristopherWalken_30_m
259	ChristopherWalken	66	AGE66	7022	7022_ChristopherWalken_66_m
259	ChristopherWalken	67	AGE67	7024	7024_ChristopherWalken_67_m
259	ChristopherWalken	29	AGE29	6992	6992_ChristopherWalken_29_m
259	ChristopherWalken	48	AGE48	7010	7010_ChristopherWalken_48_m
259	ChristopherWalken	64	AGE64	7020	7020_ChristopherWalken_64_m
259	ChristopherWalken	19	AGE19	6987	6987_ChristopherWalken_19_m
259	ChristopherWalken	27	AGE27	6990	6990_ChristopherWalken_27_m
259	ChristopherWalken	23	AGE23	6988	6988_ChristopherWalken_23_m
259	ChristopherWalken	55	AGE55	7015	7015_ChristopherWalken_55_m
259	ChristopherWalken	68	AGE68	7025	7025_ChristopherWalken_68_m
259	ChristopherWalken	60	AGE60	7017	7017_ChristopherWalken_60_m
259	ChristopherWalken	37	AGE37	6998	6998_ChristopherWalken_37_m
259	ChristopherWalken	62	AGE62	7019	7019_ChristopherWalken_62_m
259	ChristopherWalken	65	AGE65	7021	7021_ChristopherWalken_65_m
259	ChristopherWalken	15	AGE15	6985	6985_ChristopherWalken_15_m
259	ChristopherWalken	39	AGE39	7002	7002_ChristopherWalken_39_m
259	ChristopherWalken	43	AGE43	7006	7006_ChristopherWalken_43_m
259	ChristopherWalken	49	AGE49	7011	7011_ChristopherWalken_49_m
259	ChristopherWalken	17	AGE17	6986	6986_ChristopherWalken_17_m
259	ChristopherWalken	36	AGE36	6997	6997_ChristopherWalken_36_m
259	ChristopherWalken	66	AGE66	7023	7023_ChristopherWalken_66_m
259	ChristopherWalken	38	AGE38	7001	7001_ChristopherWalken_38_m
259	ChristopherWalken	45	AGE45	7007	7007_ChristopherWalken_45_m
259	ChristopherWalken	56	AGE56	7016	7016_ChristopherWalken_56_m
259	ChristopherWalken	42	AGE42	7005	7005_ChristopherWalken_42_m
260	AmandaRedman	54	AGE54	13296	13296_AmandaRedman_54_f
260	AmandaRedman	50	AGE50	13292	13292_AmandaRedman_50_f
260	AmandaRedman	43	AGE43	13285	13285_AmandaRedman_43_f
260	AmandaRedman	55	AGE55	13297	13297_AmandaRedman_55_f
260	AmandaRedman	53	AGE53	13295	13295_AmandaRedman_53_f
260	AmandaRedman	34	AGE34	13277	13277_AmandaRedman_34_f
260	AmandaRedman	49	AGE49	13291	13291_AmandaRedman_49_f
260	AmandaRedman	31	AGE31	13275	13275_AmandaRedman_31_f
260	AmandaRedman	44	AGE44	13286	13286_AmandaRedman_44_f
260	AmandaRedman	23	AGE23	13269	13269_AmandaRedman_23_f
260	AmandaRedman	25	AGE25	13271	13271_AmandaRedman_25_f
260	AmandaRedman	24	AGE24	13270	13270_AmandaRedman_24_f
260	AmandaRedman	36	AGE36	13278	13278_AmandaRedman_36_f
260	AmandaRedman	37	AGE37	13279	13279_AmandaRedman_37_f
260	AmandaRedman	57	AGE57	13298	13298_AmandaRedman_57_f
260	AmandaRedman	48	AGE48	13290	13290_AmandaRedman_48_f
260	AmandaRedman	42	AGE42	13284	13284_AmandaRedman_42_f
260	AmandaRedman	33	AGE33	13276	13276_AmandaRedman_33_f
260	AmandaRedman	39	AGE39	13281	13281_AmandaRedman_39_f
260	AmandaRedman	41	AGE41	13283	13283_AmandaRedman_41_f
260	AmandaRedman	40	AGE40	13282	13282_AmandaRedman_40_f
260	AmandaRedman	45	AGE45	13287	13287_AmandaRedman_45_f
260	AmandaRedman	28	AGE28	13273	13273_AmandaRedman_28_f
260	AmandaRedman	46	AGE46	13288	13288_AmandaRedman_46_f
260	AmandaRedman	47	AGE47	13289	13289_AmandaRedman_47_f
260	AmandaRedman	38	AGE38	13280	13280_AmandaRedman_38_f
260	AmandaRedman	51	AGE51	13293	13293_AmandaRedman_51_f
260	AmandaRedman	27	AGE27	13272	13272_AmandaRedman_27_f
260	AmandaRedman	29	AGE29	13274	13274_AmandaRedman_29_f
260	AmandaRedman	22	AGE22	13268	13268_AmandaRedman_22_f
260	AmandaRedman	52	AGE52	13294	13294_AmandaRedman_52_f
261	KlausKinski	29	AGE29	6521	6521_KlausKinski_29_m
261	KlausKinski	43	AGE43	6532	6532_KlausKinski_43_m
261	KlausKinski	28	AGE28	6519	6519_KlausKinski_28_m
261	KlausKinski	37	AGE37	6526	6526_KlausKinski_37_m
261	KlausKinski	45	AGE45	6534	6534_KlausKinski_45_m
261	KlausKinski	36	AGE36	6525	6525_KlausKinski_36_m
261	KlausKinski	46	AGE46	6535	6535_KlausKinski_46_m
261	KlausKinski	63	AGE63	6546	6546_KlausKinski_63_m
261	KlausKinski	29	AGE29	6520	6520_KlausKinski_29_m
261	KlausKinski	56	AGE56	6542	6542_KlausKinski_56_m
261	KlausKinski	24	AGE24	6518	6518_KlausKinski_24_m
261	KlausKinski	47	AGE47	6536	6536_KlausKinski_47_m
261	KlausKinski	34	AGE34	6523	6523_KlausKinski_34_m
261	KlausKinski	59	AGE59	6543	6543_KlausKinski_59_m
261	KlausKinski	22	AGE22	6517	6517_KlausKinski_22_m
261	KlausKinski	44	AGE44	6533	6533_KlausKinski_44_m
261	KlausKinski	51	AGE51	6539	6539_KlausKinski_51_m
261	KlausKinski	62	AGE62	6545	6545_KlausKinski_62_m
261	KlausKinski	30	AGE30	6522	6522_KlausKinski_30_m
261	KlausKinski	54	AGE54	6541	6541_KlausKinski_54_m
261	KlausKinski	41	AGE41	6530	6530_KlausKinski_41_m
261	KlausKinski	50	AGE50	6538	6538_KlausKinski_50_m
261	KlausKinski	39	AGE39	6528	6528_KlausKinski_39_m
261	KlausKinski	35	AGE35	6524	6524_KlausKinski_35_m
261	KlausKinski	38	AGE38	6527	6527_KlausKinski_38_m
261	KlausKinski	40	AGE40	6529	6529_KlausKinski_40_m
261	KlausKinski	48	AGE48	6537	6537_KlausKinski_48_m
261	KlausKinski	42	AGE42	6531	6531_KlausKinski_42_m
261	KlausKinski	61	AGE61	6544	6544_KlausKinski_61_m
261	KlausKinski	52	AGE52	6540	6540_KlausKinski_52_m
262	MarlonBrando	26	AGE26	9122	9122_MarlonBrando_26_m
262	MarlonBrando	5	AGE5	9110	9110_MarlonBrando_5_m
262	MarlonBrando	25	AGE25	9112	9112_MarlonBrando_25_m
262	MarlonBrando	40	AGE40	9114	9114_MarlonBrando_40_m
262	MarlonBrando	37	AGE37	9127	9127_MarlonBrando_37_m
262	MarlonBrando	49	AGE49	9116	9116_MarlonBrando_49_m
262	MarlonBrando	68	AGE68	9118	9118_MarlonBrando_68_m
262	MarlonBrando	49	AGE49	9109	9109_MarlonBrando_49_m
262	MarlonBrando	40	AGE40	9115	9115_MarlonBrando_40_m
262	MarlonBrando	20	AGE20	9124	9124_MarlonBrando_20_m
262	MarlonBrando	20	AGE20	9126	9126_MarlonBrando_20_m
262	MarlonBrando	17	AGE17	9107	9107_MarlonBrando_17_m
262	MarlonBrando	76	AGE76	9123	9123_MarlonBrando_76_m
262	MarlonBrando	48	AGE48	9117	9117_MarlonBrando_48_m
262	MarlonBrando	49	AGE49	9125	9125_MarlonBrando_49_m
262	MarlonBrando	50	AGE50	9120	9120_MarlonBrando_50_m
262	MarlonBrando	72	AGE72	9111	9111_MarlonBrando_72_m
262	MarlonBrando	32	AGE32	9113	9113_MarlonBrando_32_m
262	MarlonBrando	70	AGE70	9121	9121_MarlonBrando_70_m
262	MarlonBrando	38	AGE38	9108	9108_MarlonBrando_38_m
262	MarlonBrando	50	AGE50	9119	9119_MarlonBrando_50_m
263	JanePowell	45	AGE45	15392	15392_JanePowell_45_f
263	JanePowell	18	AGE18	15373	15373_JanePowell_18_f
263	JanePowell	54	AGE54	15397	15397_JanePowell_54_f
263	JanePowell	74	AGE74	15411	15411_JanePowell_74_f
263	JanePowell	49	AGE49	15394	15394_JanePowell_49_f
263	JanePowell	58	AGE58	15400	15400_JanePowell_58_f
263	JanePowell	86	AGE86	15420	15420_JanePowell_86_f
263	JanePowell	60	AGE60	15402	15402_JanePowell_60_f
263	JanePowell	84	AGE84	15419	15419_JanePowell_84_f
263	JanePowell	80	AGE80	15417	15417_JanePowell_80_f
263	JanePowell	48	AGE48	15393	15393_JanePowell_48_f
263	JanePowell	43	AGE43	15391	15391_JanePowell_43_f
263	JanePowell	52	AGE52	15396	15396_JanePowell_52_f
263	JanePowell	26	AGE26	15380	15380_JanePowell_26_f
263	JanePowell	14	AGE14	15369	15369_JanePowell_14_f
263	JanePowell	81	AGE81	15418	15418_JanePowell_81_f
263	JanePowell	28	AGE28	15382	15382_JanePowell_28_f
263	JanePowell	71	AGE71	15409	15409_JanePowell_71_f
263	JanePowell	22	AGE22	15376	15376_JanePowell_22_f
263	JanePowell	30	AGE30	15384	15384_JanePowell_30_f
263	JanePowell	78	AGE78	15415	15415_JanePowell_78_f
263	JanePowell	56	AGE56	15399	15399_JanePowell_56_f
263	JanePowell	68	AGE68	15408	15408_JanePowell_68_f
263	JanePowell	15	AGE15	15370	15370_JanePowell_15_f
263	JanePowell	39	AGE39	15389	15389_JanePowell_39_f
263	JanePowell	17	AGE17	15372	15372_JanePowell_17_f
263	JanePowell	64	AGE64	15406	15406_JanePowell_64_f
263	JanePowell	73	AGE73	15410	15410_JanePowell_73_f
263	JanePowell	59	AGE59	15401	15401_JanePowell_59_f
263	JanePowell	31	AGE31	15385	15385_JanePowell_31_f
263	JanePowell	21	AGE21	15375	15375_JanePowell_21_f
263	JanePowell	32	AGE32	15386	15386_JanePowell_32_f
263	JanePowell	55	AGE55	15398	15398_JanePowell_55_f
263	JanePowell	27	AGE27	15381	15381_JanePowell_27_f
263	JanePowell	41	AGE41	15390	15390_JanePowell_41_f
263	JanePowell	76	AGE76	15413	15413_JanePowell_76_f
263	JanePowell	75	AGE75	15412	15412_JanePowell_75_f
263	JanePowell	51	AGE51	15395	15395_JanePowell_51_f
263	JanePowell	23	AGE23	15377	15377_JanePowell_23_f
263	JanePowell	62	AGE62	15404	15404_JanePowell_62_f
263	JanePowell	63	AGE63	15405	15405_JanePowell_63_f
263	JanePowell	38	AGE38	15388	15388_JanePowell_38_f
263	JanePowell	16	AGE16	15371	15371_JanePowell_16_f
263	JanePowell	65	AGE65	15407	15407_JanePowell_65_f
263	JanePowell	36	AGE36	15387	15387_JanePowell_36_f
263	JanePowell	79	AGE79	15416	15416_JanePowell_79_f
263	JanePowell	24	AGE24	15378	15378_JanePowell_24_f
263	JanePowell	77	AGE77	15414	15414_JanePowell_77_f
263	JanePowell	25	AGE25	15379	15379_JanePowell_25_f
263	JanePowell	19	AGE19	15374	15374_JanePowell_19_f
263	JanePowell	61	AGE61	15403	15403_JanePowell_61_f
263	JanePowell	29	AGE29	15383	15383_JanePowell_29_f
264	LexBarker	28	AGE28	6576	6576_LexBarker_28_m
264	LexBarker	37	AGE37	6584	6584_LexBarker_37_m
264	LexBarker	47	AGE47	6592	6592_LexBarker_47_m
264	LexBarker	43	AGE43	6590	6590_LexBarker_43_m
264	LexBarker	52	AGE52	6596	6596_LexBarker_52_m
264	LexBarker	16	AGE16	6573	6573_LexBarker_16_m
264	LexBarker	41	AGE41	6588	6588_LexBarker_41_m
264	LexBarker	39	AGE39	6586	6586_LexBarker_39_m
264	LexBarker	51	AGE51	6595	6595_LexBarker_51_m
264	LexBarker	54	AGE54	6597	6597_LexBarker_54_m
264	LexBarker	29	AGE29	6577	6577_LexBarker_29_m
264	LexBarker	39	AGE39	6587	6587_LexBarker_39_m
264	LexBarker	33	AGE33	6580	6580_LexBarker_33_m
264	LexBarker	48	AGE48	6593	6593_LexBarker_48_m
264	LexBarker	32	AGE32	6579	6579_LexBarker_32_m
264	LexBarker	27	AGE27	6574	6574_LexBarker_27_m
264	LexBarker	46	AGE46	6591	6591_LexBarker_46_m
264	LexBarker	36	AGE36	6583	6583_LexBarker_36_m
264	LexBarker	38	AGE38	6585	6585_LexBarker_38_m
264	LexBarker	35	AGE35	6582	6582_LexBarker_35_m
264	LexBarker	31	AGE31	6578	6578_LexBarker_31_m
264	LexBarker	34	AGE34	6581	6581_LexBarker_34_m
264	LexBarker	49	AGE49	6594	6594_LexBarker_49_m
264	LexBarker	27	AGE27	6575	6575_LexBarker_27_m
264	LexBarker	42	AGE42	6589	6589_LexBarker_42_m
265	BurtReynolds	71	AGE71	4012	4012_BurtReynolds_71_m
265	BurtReynolds	57	AGE57	3992	3992_BurtReynolds_57_m
265	BurtReynolds	39	AGE39	4007	4007_BurtReynolds_39_m
265	BurtReynolds	24	AGE24	3975	3975_BurtReynolds_24_m
265	BurtReynolds	51	AGE51	4009	4009_BurtReynolds_51_m
265	BurtReynolds	65	AGE65	4011	4011_BurtReynolds_65_m
265	BurtReynolds	44	AGE44	3987	3987_BurtReynolds_44_m
265	BurtReynolds	49	AGE49	3988	3988_BurtReynolds_49_m
265	BurtReynolds	74	AGE74	4002	4002_BurtReynolds_74_m
265	BurtReynolds	29	AGE29	3979	3979_BurtReynolds_29_m
265	BurtReynolds	28	AGE28	3978	3978_BurtReynolds_28_m
265	BurtReynolds	55	AGE55	3991	3991_BurtReynolds_55_m
265	BurtReynolds	68	AGE68	3998	3998_BurtReynolds_68_m
265	BurtReynolds	37	AGE37	3984	3984_BurtReynolds_37_m
265	BurtReynolds	37	AGE37	4006	4006_BurtReynolds_37_m
265	BurtReynolds	69	AGE69	3999	3999_BurtReynolds_69_m
265	BurtReynolds	31	AGE31	3980	3980_BurtReynolds_31_m
265	BurtReynolds	42	AGE42	3986	3986_BurtReynolds_42_m
265	BurtReynolds	68	AGE68	3997	3997_BurtReynolds_68_m
265	BurtReynolds	73	AGE73	4001	4001_BurtReynolds_73_m
265	BurtReynolds	70	AGE70	4000	4000_BurtReynolds_70_m
265	BurtReynolds	59	AGE59	4010	4010_BurtReynolds_59_m
265	BurtReynolds	27	AGE27	3977	3977_BurtReynolds_27_m
265	BurtReynolds	26	AGE26	3976	3976_BurtReynolds_26_m
265	BurtReynolds	78	AGE78	4005	4005_BurtReynolds_78_m
265	BurtReynolds	77	AGE77	4004	4004_BurtReynolds_77_m
265	BurtReynolds	33	AGE33	3981	3981_BurtReynolds_33_m
265	BurtReynolds	52	AGE52	3990	3990_BurtReynolds_52_m
265	BurtReynolds	62	AGE62	3994	3994_BurtReynolds_62_m
265	BurtReynolds	38	AGE38	3985	3985_BurtReynolds_38_m
265	BurtReynolds	61	AGE61	3993	3993_BurtReynolds_61_m
265	BurtReynolds	21	AGE21	3974	3974_BurtReynolds_21_m
265	BurtReynolds	36	AGE36	3983	3983_BurtReynolds_36_m
265	BurtReynolds	64	AGE64	3995	3995_BurtReynolds_64_m
265	BurtReynolds	46	AGE46	4008	4008_BurtReynolds_46_m
265	BurtReynolds	34	AGE34	3982	3982_BurtReynolds_34_m
265	BurtReynolds	67	AGE67	3996	3996_BurtReynolds_67_m
265	BurtReynolds	50	AGE50	3989	3989_BurtReynolds_50_m
265	BurtReynolds	75	AGE75	4003	4003_BurtReynolds_75_m
265	BurtReynolds	72	AGE72	4013	4013_BurtReynolds_72_m
266	MickJagger	58	AGE58	2789	2789_MickJagger_58_m
266	MickJagger	47	AGE47	2785	2785_MickJagger_47_m
266	MickJagger	23	AGE23	129	129_MickJagger_23_m
266	MickJagger	28	AGE28	2778	2778_MickJagger_28_m
266	MickJagger	71	AGE71	2796	2796_MickJagger_71_m
266	MickJagger	37	AGE37	2781	2781_MickJagger_37_m
266	MickJagger	39	AGE39	2782	2782_MickJagger_39_m
266	MickJagger	24	AGE24	116	116_MickJagger_24_m
266	MickJagger	55	AGE55	2787	2787_MickJagger_55_m
266	MickJagger	64	AGE64	2793	2793_MickJagger_64_m
266	MickJagger	27	AGE27	127	127_MickJagger_27_m
266	MickJagger	50	AGE50	118	118_MickJagger_50_m
266	MickJagger	24	AGE24	2775	2775_MickJagger_24_m
266	MickJagger	20	AGE20	122	122_MickJagger_20_m
266	MickJagger	63	AGE63	2792	2792_MickJagger_63_m
266	MickJagger	23	AGE23	2774	2774_MickJagger_23_m
266	MickJagger	29	AGE29	126	126_MickJagger_29_m
266	MickJagger	27	AGE27	111	111_MickJagger_27_m
266	MickJagger	40	AGE40	2783	2783_MickJagger_40_m
266	MickJagger	18	AGE18	121	121_MickJagger_18_m
266	MickJagger	21	AGE21	2772	2772_MickJagger_21_m
266	MickJagger	36	AGE36	2780	2780_MickJagger_36_m
266	MickJagger	30	AGE30	112	112_MickJagger_30_m
266	MickJagger	28	AGE28	120	120_MickJagger_28_m
266	MickJagger	60	AGE60	2790	2790_MickJagger_60_m
266	MickJagger	33	AGE33	2779	2779_MickJagger_33_m
266	MickJagger	68	AGE68	2795	2795_MickJagger_68_m
266	MickJagger	27	AGE27	2777	2777_MickJagger_27_m
266	MickJagger	22	AGE22	114	114_MickJagger_22_m
266	MickJagger	42	AGE42	2784	2784_MickJagger_42_m
266	MickJagger	21	AGE21	115	115_MickJagger_21_m
266	MickJagger	49	AGE49	2786	2786_MickJagger_49_m
266	MickJagger	65	AGE65	113	113_MickJagger_65_m
266	MickJagger	68	AGE68	117	117_MickJagger_68_m
266	MickJagger	63	AGE63	119	119_MickJagger_63_m
266	MickJagger	22	AGE22	2773	2773_MickJagger_22_m
266	MickJagger	20	AGE20	2771	2771_MickJagger_20_m
266	MickJagger	66	AGE66	2794	2794_MickJagger_66_m
266	MickJagger	33	AGE33	124	124_MickJagger_33_m
266	MickJagger	25	AGE25	128	128_MickJagger_25_m
266	MickJagger	26	AGE26	2776	2776_MickJagger_26_m
266	MickJagger	18	AGE18	125	125_MickJagger_18_m
266	MickJagger	22	AGE22	123	123_MickJagger_22_m
266	MickJagger	39	AGE39	130	130_MickJagger_39_m
266	MickJagger	57	AGE57	2788	2788_MickJagger_57_m
266	MickJagger	62	AGE62	2791	2791_MickJagger_62_m
267	MerkouriMelina	43	AGE43	14940	14940_MerkouriMelina_43_f
267	MerkouriMelina	68	AGE68	14930	14930_MerkouriMelina_68_f
267	MerkouriMelina	50	AGE50	14932	14932_MerkouriMelina_50_f
267	MerkouriMelina	55	AGE55	14925	14925_MerkouriMelina_55_f
267	MerkouriMelina	47	AGE47	14939	14939_MerkouriMelina_47_f
267	MerkouriMelina	50	AGE50	14935	14935_MerkouriMelina_50_f
267	MerkouriMelina	42	AGE42	14926	14926_MerkouriMelina_42_f
267	MerkouriMelina	73	AGE73	14929	14929_MerkouriMelina_73_f
267	MerkouriMelina	43	AGE43	14933	14933_MerkouriMelina_43_f
267	MerkouriMelina	62	AGE62	14931	14931_MerkouriMelina_62_f
267	MerkouriMelina	38	AGE38	14927	14927_MerkouriMelina_38_f
267	MerkouriMelina	40	AGE40	14936	14936_MerkouriMelina_40_f
267	MerkouriMelina	48	AGE48	14924	14924_MerkouriMelina_48_f
267	MerkouriMelina	38	AGE38	14938	14938_MerkouriMelina_38_f
267	MerkouriMelina	68	AGE68	14937	14937_MerkouriMelina_68_f
267	MerkouriMelina	42	AGE42	14934	14934_MerkouriMelina_42_f
267	MerkouriMelina	72	AGE72	14928	14928_MerkouriMelina_72_f
268	WarrenBeatty	61	AGE61	5026	5026_WarrenBeatty_61_m
268	WarrenBeatty	73	AGE73	5021	5021_WarrenBeatty_73_m
268	WarrenBeatty	37	AGE37	5002	5002_WarrenBeatty_37_m
268	WarrenBeatty	25	AGE25	5030	5030_WarrenBeatty_25_m
268	WarrenBeatty	27	AGE27	4990	4990_WarrenBeatty_27_m
268	WarrenBeatty	21	AGE21	4992	4992_WarrenBeatty_21_m
268	WarrenBeatty	39	AGE39	5004	5004_WarrenBeatty_39_m
268	WarrenBeatty	29	AGE29	4998	4998_WarrenBeatty_29_m
268	WarrenBeatty	53	AGE53	5008	5008_WarrenBeatty_53_m
268	WarrenBeatty	28	AGE28	4997	4997_WarrenBeatty_28_m
268	WarrenBeatty	38	AGE38	5003	5003_WarrenBeatty_38_m
268	WarrenBeatty	41	AGE41	5025	5025_WarrenBeatty_41_m
268	WarrenBeatty	53	AGE53	5007	5007_WarrenBeatty_53_m
268	WarrenBeatty	35	AGE35	5024	5024_WarrenBeatty_35_m
268	WarrenBeatty	24	AGE24	5027	5027_WarrenBeatty_24_m
268	WarrenBeatty	69	AGE69	5017	5017_WarrenBeatty_69_m
268	WarrenBeatty	23	AGE23	4993	4993_WarrenBeatty_23_m
268	WarrenBeatty	58	AGE58	5010	5010_WarrenBeatty_58_m
268	WarrenBeatty	74	AGE74	5022	5022_WarrenBeatty_74_m
268	WarrenBeatty	25	AGE25	4995	4995_WarrenBeatty_25_m
268	WarrenBeatty	75	AGE75	5023	5023_WarrenBeatty_75_m
268	WarrenBeatty	30	AGE30	4999	4999_WarrenBeatty_30_m
268	WarrenBeatty	64	AGE64	5014	5014_WarrenBeatty_64_m
268	WarrenBeatty	65	AGE65	5015	5015_WarrenBeatty_65_m
268	WarrenBeatty	70	AGE70	5018	5018_WarrenBeatty_70_m
268	WarrenBeatty	30	AGE30	5029	5029_WarrenBeatty_30_m
268	WarrenBeatty	71	AGE71	5019	5019_WarrenBeatty_71_m
268	WarrenBeatty	43	AGE43	5005	5005_WarrenBeatty_43_m
268	WarrenBeatty	33	AGE33	5000	5000_WarrenBeatty_33_m
268	WarrenBeatty	63	AGE63	5013	5013_WarrenBeatty_63_m
268	WarrenBeatty	72	AGE72	5020	5020_WarrenBeatty_72_m
268	WarrenBeatty	45	AGE45	5006	5006_WarrenBeatty_45_m
268	WarrenBeatty	36	AGE36	5001	5001_WarrenBeatty_36_m
268	WarrenBeatty	24	AGE24	4994	4994_WarrenBeatty_24_m
268	WarrenBeatty	42	AGE42	5028	5028_WarrenBeatty_42_m
268	WarrenBeatty	68	AGE68	5016	5016_WarrenBeatty_68_m
268	WarrenBeatty	38	AGE38	4991	4991_WarrenBeatty_38_m
268	WarrenBeatty	61	AGE61	5011	5011_WarrenBeatty_61_m
268	WarrenBeatty	62	AGE62	5012	5012_WarrenBeatty_62_m
268	WarrenBeatty	27	AGE27	4996	4996_WarrenBeatty_27_m
268	WarrenBeatty	57	AGE57	5009	5009_WarrenBeatty_57_m
268	WarrenBeatty	31	AGE31	4989	4989_WarrenBeatty_31_m
269	BenGazzara	78	AGE78	5798	5798_BenGazzara_78_m
269	BenGazzara	27	AGE27	5765	5765_BenGazzara_27_m
269	BenGazzara	37	AGE37	5774	5774_BenGazzara_37_m
269	BenGazzara	20	AGE20	5760	5760_BenGazzara_20_m
269	BenGazzara	59	AGE59	5786	5786_BenGazzara_59_m
269	BenGazzara	30	AGE30	5768	5768_BenGazzara_30_m
269	BenGazzara	72	AGE72	5791	5791_BenGazzara_72_m
269	BenGazzara	26	AGE26	5764	5764_BenGazzara_26_m
269	BenGazzara	42	AGE42	5777	5777_BenGazzara_42_m
269	BenGazzara	55	AGE55	5785	5785_BenGazzara_55_m
269	BenGazzara	36	AGE36	5773	5773_BenGazzara_36_m
269	BenGazzara	23	AGE23	5762	5762_BenGazzara_23_m
269	BenGazzara	47	AGE47	5780	5780_BenGazzara_47_m
269	BenGazzara	75	AGE75	5795	5795_BenGazzara_75_m
269	BenGazzara	67	AGE67	5789	5789_BenGazzara_67_m
269	BenGazzara	34	AGE34	5771	5771_BenGazzara_34_m
269	BenGazzara	74	AGE74	5794	5794_BenGazzara_74_m
269	BenGazzara	64	AGE64	5788	5788_BenGazzara_64_m
269	BenGazzara	76	AGE76	5796	5796_BenGazzara_76_m
269	BenGazzara	32	AGE32	5770	5770_BenGazzara_32_m
269	BenGazzara	24	AGE24	5763	5763_BenGazzara_24_m
269	BenGazzara	74	AGE74	5793	5793_BenGazzara_74_m
269	BenGazzara	38	AGE38	5775	5775_BenGazzara_38_m
269	BenGazzara	52	AGE52	5783	5783_BenGazzara_52_m
269	BenGazzara	70	AGE70	5790	5790_BenGazzara_70_m
269	BenGazzara	49	AGE49	5781	5781_BenGazzara_49_m
269	BenGazzara	82	AGE82	5801	5801_BenGazzara_82_m
269	BenGazzara	31	AGE31	5769	5769_BenGazzara_31_m
269	BenGazzara	80	AGE80	5799	5799_BenGazzara_80_m
269	BenGazzara	51	AGE51	5782	5782_BenGazzara_51_m
269	BenGazzara	61	AGE61	5787	5787_BenGazzara_61_m
269	BenGazzara	22	AGE22	5761	5761_BenGazzara_22_m
269	BenGazzara	40	AGE40	5776	5776_BenGazzara_40_m
269	BenGazzara	53	AGE53	5784	5784_BenGazzara_53_m
269	BenGazzara	43	AGE43	5778	5778_BenGazzara_43_m
269	BenGazzara	35	AGE35	5772	5772_BenGazzara_35_m
269	BenGazzara	81	AGE81	5800	5800_BenGazzara_81_m
269	BenGazzara	73	AGE73	5792	5792_BenGazzara_73_m
269	BenGazzara	45	AGE45	5779	5779_BenGazzara_45_m
269	BenGazzara	29	AGE29	5767	5767_BenGazzara_29_m
269	BenGazzara	77	AGE77	5797	5797_BenGazzara_77_m
269	BenGazzara	28	AGE28	5766	5766_BenGazzara_28_m
270	ErnestHemingway	60	AGE60	1413	1413_ErnestHemingway_60_m
270	ErnestHemingway	28	AGE28	1425	1425_ErnestHemingway_28_m
270	ErnestHemingway	55	AGE55	1420	1420_ErnestHemingway_55_m
270	ErnestHemingway	28	AGE28	1422	1422_ErnestHemingway_28_m
270	ErnestHemingway	23	AGE23	1407	1407_ErnestHemingway_23_m
270	ErnestHemingway	21	AGE21	1409	1409_ErnestHemingway_21_m
270	ErnestHemingway	24	AGE24	1415	1415_ErnestHemingway_24_m
270	ErnestHemingway	51	AGE51	1412	1412_ErnestHemingway_51_m
270	ErnestHemingway	38	AGE38	1408	1408_ErnestHemingway_38_m
270	ErnestHemingway	51	AGE51	1427	1427_ErnestHemingway_51_m
270	ErnestHemingway	45	AGE45	1421	1421_ErnestHemingway_45_m
270	ErnestHemingway	35	AGE35	1426	1426_ErnestHemingway_35_m
270	ErnestHemingway	60	AGE60	1418	1418_ErnestHemingway_60_m
270	ErnestHemingway	17	AGE17	1416	1416_ErnestHemingway_17_m
270	ErnestHemingway	30	AGE30	1424	1424_ErnestHemingway_30_m
270	ErnestHemingway	52	AGE52	1419	1419_ErnestHemingway_52_m
270	ErnestHemingway	54	AGE54	1428	1428_ErnestHemingway_54_m
270	ErnestHemingway	19	AGE19	1414	1414_ErnestHemingway_19_m
270	ErnestHemingway	42	AGE42	1429	1429_ErnestHemingway_42_m
270	ErnestHemingway	49	AGE49	1411	1411_ErnestHemingway_49_m
270	ErnestHemingway	63	AGE63	1410	1410_ErnestHemingway_63_m
270	ErnestHemingway	57	AGE57	1423	1423_ErnestHemingway_57_m
270	ErnestHemingway	61	AGE61	1417	1417_ErnestHemingway_61_m
271	RichardAttenborough	22	AGE22	8714	8714_RichardAttenborough_22_m
271	RichardAttenborough	40	AGE40	8737	8737_RichardAttenborough_40_m
271	RichardAttenborough	41	AGE41	8725	8725_RichardAttenborough_41_m
271	RichardAttenborough	65	AGE65	8741	8741_RichardAttenborough_65_m
271	RichardAttenborough	26	AGE26	8718	8718_RichardAttenborough_26_m
271	RichardAttenborough	51	AGE51	8738	8738_RichardAttenborough_51_m
271	RichardAttenborough	25	AGE25	8717	8717_RichardAttenborough_25_m
271	RichardAttenborough	74	AGE74	8743	8743_RichardAttenborough_74_m
271	RichardAttenborough	41	AGE41	8726	8726_RichardAttenborough_41_m
271	RichardAttenborough	19	AGE19	8713	8713_RichardAttenborough_19_m
271	RichardAttenborough	29	AGE29	8731	8731_RichardAttenborough_29_m
271	RichardAttenborough	32	AGE32	8732	8732_RichardAttenborough_32_m
271	RichardAttenborough	54	AGE54	8728	8728_RichardAttenborough_54_m
271	RichardAttenborough	37	AGE37	8736	8736_RichardAttenborough_37_m
271	RichardAttenborough	23	AGE23	8715	8715_RichardAttenborough_23_m
271	RichardAttenborough	27	AGE27	8719	8719_RichardAttenborough_27_m
271	RichardAttenborough	55	AGE55	8739	8739_RichardAttenborough_55_m
271	RichardAttenborough	34	AGE34	8723	8723_RichardAttenborough_34_m
271	RichardAttenborough	33	AGE33	8721	8721_RichardAttenborough_33_m
271	RichardAttenborough	38	AGE38	8724	8724_RichardAttenborough_38_m
271	RichardAttenborough	35	AGE35	8733	8733_RichardAttenborough_35_m
271	RichardAttenborough	36	AGE36	8734	8734_RichardAttenborough_36_m
271	RichardAttenborough	33	AGE33	8722	8722_RichardAttenborough_33_m
271	RichardAttenborough	56	AGE56	8729	8729_RichardAttenborough_56_m
271	RichardAttenborough	59	AGE59	8740	8740_RichardAttenborough_59_m
271	RichardAttenborough	24	AGE24	8716	8716_RichardAttenborough_24_m
271	RichardAttenborough	67	AGE67	8730	8730_RichardAttenborough_67_m
271	RichardAttenborough	36	AGE36	8735	8735_RichardAttenborough_36_m
271	RichardAttenborough	28	AGE28	8720	8720_RichardAttenborough_28_m
271	RichardAttenborough	75	AGE75	8744	8744_RichardAttenborough_75_m
271	RichardAttenborough	52	AGE52	8727	8727_RichardAttenborough_52_m
271	RichardAttenborough	71	AGE71	8742	8742_RichardAttenborough_71_m
272	ElvisPresley	38	AGE38	224	224_ElvisPresley_38_m
272	ElvisPresley	26	AGE26	212	212_ElvisPresley_26_m
272	ElvisPresley	17	AGE17	205	205_ElvisPresley_17_m
272	ElvisPresley	19	AGE19	206	206_ElvisPresley_19_m
272	ElvisPresley	40	AGE40	226	226_ElvisPresley_40_m
272	ElvisPresley	41	AGE41	227	227_ElvisPresley_41_m
272	ElvisPresley	36	AGE36	222	222_ElvisPresley_36_m
272	ElvisPresley	33	AGE33	218	218_ElvisPresley_33_m
272	ElvisPresley	28	AGE28	214	214_ElvisPresley_28_m
272	ElvisPresley	37	AGE37	223	223_ElvisPresley_37_m
272	ElvisPresley	24	AGE24	210	210_ElvisPresley_24_m
272	ElvisPresley	22	AGE22	207	207_ElvisPresley_22_m
272	ElvisPresley	14	AGE14	202	202_ElvisPresley_14_m
272	ElvisPresley	34	AGE34	220	220_ElvisPresley_34_m
272	ElvisPresley	10	AGE10	201	201_ElvisPresley_10_m
272	ElvisPresley	31	AGE31	217	217_ElvisPresley_31_m
272	ElvisPresley	25	AGE25	211	211_ElvisPresley_25_m
272	ElvisPresley	42	AGE42	229	229_ElvisPresley_42_m
272	ElvisPresley	23	AGE23	209	209_ElvisPresley_23_m
272	ElvisPresley	23	AGE23	208	208_ElvisPresley_23_m
272	ElvisPresley	16	AGE16	204	204_ElvisPresley_16_m
272	ElvisPresley	39	AGE39	225	225_ElvisPresley_39_m
272	ElvisPresley	30	AGE30	216	216_ElvisPresley_30_m
272	ElvisPresley	29	AGE29	215	215_ElvisPresley_29_m
272	ElvisPresley	41	AGE41	228	228_ElvisPresley_41_m
272	ElvisPresley	35	AGE35	221	221_ElvisPresley_35_m
272	ElvisPresley	27	AGE27	213	213_ElvisPresley_27_m
272	ElvisPresley	34	AGE34	219	219_ElvisPresley_34_m
272	ElvisPresley	15	AGE15	203	203_ElvisPresley_15_m
273	JoanCrawford	26	AGE26	14297	14297_JoanCrawford_26_f
273	JoanCrawford	62	AGE62	14285	14285_JoanCrawford_62_f
273	JoanCrawford	29	AGE29	14277	14277_JoanCrawford_29_f
273	JoanCrawford	41	AGE41	14295	14295_JoanCrawford_41_f
273	JoanCrawford	23	AGE23	14268	14268_JoanCrawford_23_f
273	JoanCrawford	66	AGE66	14291	14291_JoanCrawford_66_f
273	JoanCrawford	20	AGE20	14272	14272_JoanCrawford_20_f
273	JoanCrawford	35	AGE35	14270	14270_JoanCrawford_35_f
273	JoanCrawford	30	AGE30	14278	14278_JoanCrawford_30_f
273	JoanCrawford	28	AGE28	14276	14276_JoanCrawford_28_f
273	JoanCrawford	27	AGE27	14296	14296_JoanCrawford_27_f
273	JoanCrawford	32	AGE32	14269	14269_JoanCrawford_32_f
273	JoanCrawford	46	AGE46	14281	14281_JoanCrawford_46_f
273	JoanCrawford	65	AGE65	14294	14294_JoanCrawford_65_f
273	JoanCrawford	31	AGE31	14279	14279_JoanCrawford_31_f
273	JoanCrawford	61	AGE61	14288	14288_JoanCrawford_61_f
273	JoanCrawford	47	AGE47	14293	14293_JoanCrawford_47_f
273	JoanCrawford	41	AGE41	14286	14286_JoanCrawford_41_f
273	JoanCrawford	24	AGE24	14273	14273_JoanCrawford_24_f
273	JoanCrawford	50	AGE50	14298	14298_JoanCrawford_50_f
273	JoanCrawford	68	AGE68	14284	14284_JoanCrawford_68_f
273	JoanCrawford	32	AGE32	14290	14290_JoanCrawford_32_f
273	JoanCrawford	35	AGE35	14292	14292_JoanCrawford_35_f
273	JoanCrawford	25	AGE25	14271	14271_JoanCrawford_25_f
273	JoanCrawford	67	AGE67	14287	14287_JoanCrawford_67_f
273	JoanCrawford	45	AGE45	14289	14289_JoanCrawford_45_f
273	JoanCrawford	61	AGE61	14283	14283_JoanCrawford_61_f
273	JoanCrawford	26	AGE26	14274	14274_JoanCrawford_26_f
273	JoanCrawford	58	AGE58	14282	14282_JoanCrawford_58_f
273	JoanCrawford	27	AGE27	14275	14275_JoanCrawford_27_f
273	JoanCrawford	41	AGE41	14280	14280_JoanCrawford_41_f
274	WaltDisney	35	AGE35	164	164_WaltDisney_35_m
274	WaltDisney	21	AGE21	166	166_WaltDisney_21_m
274	WaltDisney	64	AGE64	167	167_WaltDisney_64_m
274	WaltDisney	53	AGE53	168	168_WaltDisney_53_m
274	WaltDisney	38	AGE38	162	162_WaltDisney_38_m
274	WaltDisney	32	AGE32	165	165_WaltDisney_32_m
274	WaltDisney	42	AGE42	169	169_WaltDisney_42_m
274	WaltDisney	62	AGE62	161	161_WaltDisney_62_m
274	WaltDisney	60	AGE60	163	163_WaltDisney_60_m
274	WaltDisney	36	AGE36	170	170_WaltDisney_36_m
274	WaltDisney	37	AGE37	160	160_WaltDisney_37_m
275	NelsonMandela	46	AGE46	16256	16256_NelsonMandela_46_m
275	NelsonMandela	40	AGE40	16018	16018_NelsonMandela_40_m
275	NelsonMandela	72	AGE72	16241	16241_NelsonMandela_72_m
275	NelsonMandela	75	AGE75	16243	16243_NelsonMandela_75_m
275	NelsonMandela	90	AGE90	16250	16250_NelsonMandela_90_m
275	NelsonMandela	34	AGE34	16260	16260_NelsonMandela_34_m
275	NelsonMandela	19	AGE19	16236	16236_NelsonMandela_19_m
275	NelsonMandela	34	AGE34	16252	16252_NelsonMandela_34_m
275	NelsonMandela	82	AGE82	16254	16254_NelsonMandela_82_m
275	NelsonMandela	87	AGE87	16240	16240_NelsonMandela_87_m
275	NelsonMandela	76	AGE76	16257	16257_NelsonMandela_76_m
275	NelsonMandela	32	AGE32	16238	16238_NelsonMandela_32_m
275	NelsonMandela	91	AGE91	16239	16239_NelsonMandela_91_m
275	NelsonMandela	77	AGE77	16258	16258_NelsonMandela_77_m
275	NelsonMandela	89	AGE89	16251	16251_NelsonMandela_89_m
275	NelsonMandela	92	AGE92	16248	16248_NelsonMandela_92_m
275	NelsonMandela	85	AGE85	16253	16253_NelsonMandela_85_m
275	NelsonMandela	73	AGE73	16245	16245_NelsonMandela_73_m
275	NelsonMandela	72	AGE72	16247	16247_NelsonMandela_72_m
275	NelsonMandela	26	AGE26	16237	16237_NelsonMandela_26_m
275	NelsonMandela	32	AGE32	16259	16259_NelsonMandela_32_m
275	NelsonMandela	73	AGE73	16263	16263_NelsonMandela_73_m
275	NelsonMandela	74	AGE74	16244	16244_NelsonMandela_74_m
275	NelsonMandela	90	AGE90	16235	16235_NelsonMandela_90_m
275	NelsonMandela	76	AGE76	16255	16255_NelsonMandela_76_m
275	NelsonMandela	70	AGE70	16262	16262_NelsonMandela_70_m
275	NelsonMandela	75	AGE75	16242	16242_NelsonMandela_75_m
275	NelsonMandela	82	AGE82	16249	16249_NelsonMandela_82_m
275	NelsonMandela	33	AGE33	16261	16261_NelsonMandela_33_m
275	NelsonMandela	72	AGE72	16246	16246_NelsonMandela_72_m
276	AnthonyPerkins	57	AGE57	8813	8813_AnthonyPerkins_57_m
276	AnthonyPerkins	36	AGE36	8794	8794_AnthonyPerkins_36_m
276	AnthonyPerkins	30	AGE30	8788	8788_AnthonyPerkins_30_m
276	AnthonyPerkins	59	AGE59	8816	8816_AnthonyPerkins_59_m
276	AnthonyPerkins	48	AGE48	8806	8806_AnthonyPerkins_48_m
276	AnthonyPerkins	24	AGE24	8784	8784_AnthonyPerkins_24_m
276	AnthonyPerkins	60	AGE60	8817	8817_AnthonyPerkins_60_m
276	AnthonyPerkins	20	AGE20	8781	8781_AnthonyPerkins_20_m
276	AnthonyPerkins	29	AGE29	8787	8787_AnthonyPerkins_29_m
276	AnthonyPerkins	47	AGE47	8805	8805_AnthonyPerkins_47_m
276	AnthonyPerkins	40	AGE40	8798	8798_AnthonyPerkins_40_m
276	AnthonyPerkins	55	AGE55	8811	8811_AnthonyPerkins_55_m
276	AnthonyPerkins	57	AGE57	8814	8814_AnthonyPerkins_57_m
276	AnthonyPerkins	33	AGE33	8791	8791_AnthonyPerkins_33_m
276	AnthonyPerkins	35	AGE35	8793	8793_AnthonyPerkins_35_m
276	AnthonyPerkins	28	AGE28	8786	8786_AnthonyPerkins_28_m
276	AnthonyPerkins	56	AGE56	8812	8812_AnthonyPerkins_56_m
276	AnthonyPerkins	39	AGE39	8797	8797_AnthonyPerkins_39_m
276	AnthonyPerkins	46	AGE46	8804	8804_AnthonyPerkins_46_m
276	AnthonyPerkins	42	AGE42	8800	8800_AnthonyPerkins_42_m
276	AnthonyPerkins	23	AGE23	8783	8783_AnthonyPerkins_23_m
276	AnthonyPerkins	27	AGE27	8785	8785_AnthonyPerkins_27_m
276	AnthonyPerkins	58	AGE58	8815	8815_AnthonyPerkins_58_m
276	AnthonyPerkins	43	AGE43	8801	8801_AnthonyPerkins_43_m
276	AnthonyPerkins	53	AGE53	8809	8809_AnthonyPerkins_53_m
276	AnthonyPerkins	51	AGE51	8807	8807_AnthonyPerkins_51_m
276	AnthonyPerkins	46	AGE46	8803	8803_AnthonyPerkins_46_m
276	AnthonyPerkins	52	AGE52	8808	8808_AnthonyPerkins_52_m
276	AnthonyPerkins	32	AGE32	8790	8790_AnthonyPerkins_32_m
276	AnthonyPerkins	54	AGE54	8810	8810_AnthonyPerkins_54_m
276	AnthonyPerkins	34	AGE34	8792	8792_AnthonyPerkins_34_m
276	AnthonyPerkins	38	AGE38	8796	8796_AnthonyPerkins_38_m
276	AnthonyPerkins	37	AGE37	8795	8795_AnthonyPerkins_37_m
276	AnthonyPerkins	31	AGE31	8789	8789_AnthonyPerkins_31_m
276	AnthonyPerkins	41	AGE41	8799	8799_AnthonyPerkins_41_m
276	AnthonyPerkins	21	AGE21	8782	8782_AnthonyPerkins_21_m
276	AnthonyPerkins	45	AGE45	8802	8802_AnthonyPerkins_45_m
277	AliMacGraw	32	AGE32	9918	9918_AliMacGraw_32_f
277	AliMacGraw	27	AGE27	9914	9914_AliMacGraw_27_f
277	AliMacGraw	28	AGE28	9915	9915_AliMacGraw_28_f
277	AliMacGraw	31	AGE31	9917	9917_AliMacGraw_31_f
277	AliMacGraw	72	AGE72	9943	9943_AliMacGraw_72_f
277	AliMacGraw	38	AGE38	9922	9922_AliMacGraw_38_f
277	AliMacGraw	47	AGE47	9928	9928_AliMacGraw_47_f
277	AliMacGraw	48	AGE48	9929	9929_AliMacGraw_48_f
277	AliMacGraw	74	AGE74	9945	9945_AliMacGraw_74_f
277	AliMacGraw	26	AGE26	9913	9913_AliMacGraw_26_f
277	AliMacGraw	66	AGE66	9938	9938_AliMacGraw_66_f
277	AliMacGraw	60	AGE60	9936	9936_AliMacGraw_60_f
277	AliMacGraw	63	AGE63	9937	9937_AliMacGraw_63_f
277	AliMacGraw	70	AGE70	9941	9941_AliMacGraw_70_f
277	AliMacGraw	69	AGE69	9940	9940_AliMacGraw_69_f
277	AliMacGraw	58	AGE58	9935	9935_AliMacGraw_58_f
277	AliMacGraw	49	AGE49	9930	9930_AliMacGraw_49_f
277	AliMacGraw	54	AGE54	9932	9932_AliMacGraw_54_f
277	AliMacGraw	73	AGE73	9944	9944_AliMacGraw_73_f
277	AliMacGraw	41	AGE41	9923	9923_AliMacGraw_41_f
277	AliMacGraw	71	AGE71	9942	9942_AliMacGraw_71_f
277	AliMacGraw	68	AGE68	9939	9939_AliMacGraw_68_f
277	AliMacGraw	51	AGE51	9931	9931_AliMacGraw_51_f
277	AliMacGraw	45	AGE45	9926	9926_AliMacGraw_45_f
277	AliMacGraw	54	AGE54	9933	9933_AliMacGraw_54_f
277	AliMacGraw	55	AGE55	9934	9934_AliMacGraw_55_f
277	AliMacGraw	44	AGE44	9925	9925_AliMacGraw_44_f
277	AliMacGraw	42	AGE42	9924	9924_AliMacGraw_42_f
277	AliMacGraw	29	AGE29	9916	9916_AliMacGraw_29_f
277	AliMacGraw	25	AGE25	9912	9912_AliMacGraw_25_f
277	AliMacGraw	46	AGE46	9927	9927_AliMacGraw_46_f
277	AliMacGraw	35	AGE35	9921	9921_AliMacGraw_35_f
277	AliMacGraw	34	AGE34	9920	9920_AliMacGraw_34_f
277	AliMacGraw	33	AGE33	9919	9919_AliMacGraw_33_f
278	GiorgosSeferis	62	AGE62	1377	1377_GiorgosSeferis_62_m
278	GiorgosSeferis	65	AGE65	1378	1378_GiorgosSeferis_65_m
278	GiorgosSeferis	30	AGE30	1376	1376_GiorgosSeferis_30_m
278	GiorgosSeferis	21	AGE21	1372	1372_GiorgosSeferis_21_m
278	GiorgosSeferis	65	AGE65	1375	1375_GiorgosSeferis_65_m
278	GiorgosSeferis	43	AGE43	1374	1374_GiorgosSeferis_43_m
278	GiorgosSeferis	70	AGE70	1373	1373_GiorgosSeferis_70_m
279	DorisDay	17	AGE17	9708	9708_DorisDay_17_f
279	DorisDay	68	AGE68	9740	9740_DorisDay_68_f
279	DorisDay	65	AGE65	9737	9737_DorisDay_65_f
279	DorisDay	33	AGE33	9719	9719_DorisDay_33_f
279	DorisDay	63	AGE63	9736	9736_DorisDay_63_f
279	DorisDay	54	AGE54	9734	9734_DorisDay_54_f
279	DorisDay	67	AGE67	9739	9739_DorisDay_67_f
279	DorisDay	26	AGE26	9712	9712_DorisDay_26_f
279	DorisDay	40	AGE40	9725	9725_DorisDay_40_f
279	DorisDay	36	AGE36	9722	9722_DorisDay_36_f
279	DorisDay	73	AGE73	9741	9741_DorisDay_73_f
279	DorisDay	38	AGE38	9723	9723_DorisDay_38_f
279	DorisDay	48	AGE48	9730	9730_DorisDay_48_f
279	DorisDay	76	AGE76	9742	9742_DorisDay_76_f
279	DorisDay	66	AGE66	9738	9738_DorisDay_66_f
279	DorisDay	21	AGE21	9705	9705_DorisDay_21_f
279	DorisDay	34	AGE34	9746	9746_DorisDay_34_f
279	DorisDay	35	AGE35	9721	9721_DorisDay_35_f
279	DorisDay	29	AGE29	9715	9715_DorisDay_29_f
279	DorisDay	78	AGE78	9743	9743_DorisDay_78_f
279	DorisDay	31	AGE31	9717	9717_DorisDay_31_f
279	DorisDay	28	AGE28	9714	9714_DorisDay_28_f
279	DorisDay	47	AGE47	9727	9727_DorisDay_47_f
279	DorisDay	34	AGE34	9720	9720_DorisDay_34_f
279	DorisDay	22	AGE22	9749	9749_DorisDay_22_f
279	DorisDay	48	AGE48	9701	9701_DorisDay_48_f
279	DorisDay	31	AGE31	9747	9747_DorisDay_31_f
279	DorisDay	52	AGE52	9732	9732_DorisDay_52_f
279	DorisDay	62	AGE62	9702	9702_DorisDay_62_f
279	DorisDay	51	AGE51	9731	9731_DorisDay_51_f
279	DorisDay	25	AGE25	9710	9710_DorisDay_25_f
279	DorisDay	24	AGE24	9748	9748_DorisDay_24_f
279	DorisDay	35	AGE35	9703	9703_DorisDay_35_f
279	DorisDay	32	AGE32	9718	9718_DorisDay_32_f
279	DorisDay	20	AGE20	9711	9711_DorisDay_20_f
279	DorisDay	38	AGE38	9707	9707_DorisDay_38_f
279	DorisDay	30	AGE30	9716	9716_DorisDay_30_f
279	DorisDay	23	AGE23	9709	9709_DorisDay_23_f
279	DorisDay	46	AGE46	9729	9729_DorisDay_46_f
279	DorisDay	45	AGE45	9728	9728_DorisDay_45_f
279	DorisDay	39	AGE39	9724	9724_DorisDay_39_f
279	DorisDay	33	AGE33	9706	9706_DorisDay_33_f
279	DorisDay	57	AGE57	9745	9745_DorisDay_57_f
279	DorisDay	53	AGE53	9733	9733_DorisDay_53_f
279	DorisDay	27	AGE27	9713	9713_DorisDay_27_f
279	DorisDay	82	AGE82	9744	9744_DorisDay_82_f
279	DorisDay	18	AGE18	9704	9704_DorisDay_18_f
279	DorisDay	58	AGE58	9735	9735_DorisDay_58_f
279	DorisDay	42	AGE42	9726	9726_DorisDay_42_f
280	BillNighy	65	AGE65	3065	3065_BillNighy_65_m
280	BillNighy	46	AGE46	3045	3045_BillNighy_46_m
280	BillNighy	47	AGE47	3046	3046_BillNighy_47_m
280	BillNighy	36	AGE36	3039	3039_BillNighy_36_m
280	BillNighy	42	AGE42	3041	3041_BillNighy_42_m
280	BillNighy	30	AGE30	3035	3035_BillNighy_30_m
280	BillNighy	60	AGE60	3058	3058_BillNighy_60_m
280	BillNighy	64	AGE64	3064	3064_BillNighy_64_m
280	BillNighy	33	AGE33	3037	3037_BillNighy_33_m
280	BillNighy	43	AGE43	3042	3042_BillNighy_43_m
280	BillNighy	63	AGE63	3063	3063_BillNighy_63_m
280	BillNighy	50	AGE50	3048	3048_BillNighy_50_m
280	BillNighy	61	AGE61	3060	3060_BillNighy_61_m
280	BillNighy	61	AGE61	3061	3061_BillNighy_61_m
280	BillNighy	54	AGE54	3051	3051_BillNighy_54_m
280	BillNighy	56	AGE56	3053	3053_BillNighy_56_m
280	BillNighy	49	AGE49	3047	3047_BillNighy_49_m
280	BillNighy	57	AGE57	3054	3054_BillNighy_57_m
280	BillNighy	58	AGE58	3055	3055_BillNighy_58_m
280	BillNighy	32	AGE32	3036	3036_BillNighy_32_m
280	BillNighy	53	AGE53	3050	3050_BillNighy_53_m
280	BillNighy	55	AGE55	3052	3052_BillNighy_55_m
280	BillNighy	59	AGE59	3057	3057_BillNighy_59_m
280	BillNighy	40	AGE40	3040	3040_BillNighy_40_m
280	BillNighy	45	AGE45	3044	3044_BillNighy_45_m
280	BillNighy	52	AGE52	3049	3049_BillNighy_52_m
280	BillNighy	34	AGE34	3038	3038_BillNighy_34_m
280	BillNighy	44	AGE44	3043	3043_BillNighy_44_m
280	BillNighy	59	AGE59	3056	3056_BillNighy_59_m
280	BillNighy	62	AGE62	3062	3062_BillNighy_62_m
280	BillNighy	60	AGE60	3059	3059_BillNighy_60_m
281	RutgerHauer	26	AGE26	3749	3749_RutgerHauer_26_m
281	RutgerHauer	61	AGE61	3774	3774_RutgerHauer_61_m
281	RutgerHauer	25	AGE25	3748	3748_RutgerHauer_25_m
281	RutgerHauer	46	AGE46	3765	3765_RutgerHauer_46_m
281	RutgerHauer	59	AGE59	3773	3773_RutgerHauer_59_m
281	RutgerHauer	58	AGE58	3772	3772_RutgerHauer_58_m
281	RutgerHauer	51	AGE51	3768	3768_RutgerHauer_51_m
281	RutgerHauer	36	AGE36	3757	3757_RutgerHauer_36_m
281	RutgerHauer	48	AGE48	3766	3766_RutgerHauer_48_m
281	RutgerHauer	35	AGE35	3756	3756_RutgerHauer_35_m
281	RutgerHauer	40	AGE40	3761	3761_RutgerHauer_40_m
281	RutgerHauer	66	AGE66	3775	3775_RutgerHauer_66_m
281	RutgerHauer	29	AGE29	3751	3751_RutgerHauer_29_m
281	RutgerHauer	49	AGE49	3767	3767_RutgerHauer_49_m
281	RutgerHauer	56	AGE56	3771	3771_RutgerHauer_56_m
281	RutgerHauer	31	AGE31	3752	3752_RutgerHauer_31_m
281	RutgerHauer	68	AGE68	3776	3776_RutgerHauer_68_m
281	RutgerHauer	53	AGE53	3769	3769_RutgerHauer_53_m
281	RutgerHauer	42	AGE42	3762	3762_RutgerHauer_42_m
281	RutgerHauer	34	AGE34	3755	3755_RutgerHauer_34_m
281	RutgerHauer	45	AGE45	3764	3764_RutgerHauer_45_m
281	RutgerHauer	32	AGE32	3753	3753_RutgerHauer_32_m
281	RutgerHauer	38	AGE38	3759	3759_RutgerHauer_38_m
281	RutgerHauer	54	AGE54	3770	3770_RutgerHauer_54_m
281	RutgerHauer	28	AGE28	3750	3750_RutgerHauer_28_m
281	RutgerHauer	38	AGE38	3760	3760_RutgerHauer_38_m
281	RutgerHauer	43	AGE43	3763	3763_RutgerHauer_43_m
281	RutgerHauer	33	AGE33	3754	3754_RutgerHauer_33_m
281	RutgerHauer	37	AGE37	3758	3758_RutgerHauer_37_m
282	ValerieHarper	40	AGE40	11793	11793_ValerieHarper_40_f
282	ValerieHarper	26	AGE26	11784	11784_ValerieHarper_26_f
282	ValerieHarper	51	AGE51	11797	11797_ValerieHarper_51_f
282	ValerieHarper	35	AGE35	11790	11790_ValerieHarper_35_f
282	ValerieHarper	53	AGE53	11798	11798_ValerieHarper_53_f
282	ValerieHarper	43	AGE43	11794	11794_ValerieHarper_43_f
282	ValerieHarper	61	AGE61	11801	11801_ValerieHarper_61_f
282	ValerieHarper	28	AGE28	11785	11785_ValerieHarper_28_f
282	ValerieHarper	63	AGE63	11802	11802_ValerieHarper_63_f
282	ValerieHarper	30	AGE30	11786	11786_ValerieHarper_30_f
282	ValerieHarper	32	AGE32	11788	11788_ValerieHarper_32_f
282	ValerieHarper	38	AGE38	11792	11792_ValerieHarper_38_f
282	ValerieHarper	17	AGE17	11781	11781_ValerieHarper_17_f
282	ValerieHarper	37	AGE37	11791	11791_ValerieHarper_37_f
282	ValerieHarper	70	AGE70	11806	11806_ValerieHarper_70_f
282	ValerieHarper	33	AGE33	11789	11789_ValerieHarper_33_f
282	ValerieHarper	31	AGE31	11787	11787_ValerieHarper_31_f
282	ValerieHarper	49	AGE49	11796	11796_ValerieHarper_49_f
282	ValerieHarper	69	AGE69	11805	11805_ValerieHarper_69_f
282	ValerieHarper	66	AGE66	11804	11804_ValerieHarper_66_f
282	ValerieHarper	20	AGE20	11782	11782_ValerieHarper_20_f
282	ValerieHarper	65	AGE65	11803	11803_ValerieHarper_65_f
282	ValerieHarper	44	AGE44	11795	11795_ValerieHarper_44_f
282	ValerieHarper	57	AGE57	11800	11800_ValerieHarper_57_f
282	ValerieHarper	24	AGE24	11783	11783_ValerieHarper_24_f
282	ValerieHarper	55	AGE55	11799	11799_ValerieHarper_55_f
282	ValerieHarper	71	AGE71	11807	11807_ValerieHarper_71_f
283	BettyGrable	22	AGE22	13920	13920_BettyGrable_22_f
283	BettyGrable	26	AGE26	13923	13923_BettyGrable_26_f
283	BettyGrable	21	AGE21	13919	13919_BettyGrable_21_f
283	BettyGrable	14	AGE14	13913	13913_BettyGrable_14_f
283	BettyGrable	37	AGE37	13934	13934_BettyGrable_37_f
283	BettyGrable	35	AGE35	13931	13931_BettyGrable_35_f
283	BettyGrable	31	AGE31	13927	13927_BettyGrable_31_f
283	BettyGrable	23	AGE23	13921	13921_BettyGrable_23_f
283	BettyGrable	37	AGE37	13933	13933_BettyGrable_37_f
283	BettyGrable	4	AGE4	13911	13911_BettyGrable_4_f
283	BettyGrable	25	AGE25	13922	13922_BettyGrable_25_f
283	BettyGrable	51	AGE51	13939	13939_BettyGrable_51_f
283	BettyGrable	55	AGE55	13941	13941_BettyGrable_55_f
283	BettyGrable	33	AGE33	13929	13929_BettyGrable_33_f
283	BettyGrable	36	AGE36	13932	13932_BettyGrable_36_f
283	BettyGrable	32	AGE32	13928	13928_BettyGrable_32_f
283	BettyGrable	42	AGE42	13936	13936_BettyGrable_42_f
283	BettyGrable	34	AGE34	13930	13930_BettyGrable_34_f
283	BettyGrable	20	AGE20	13917	13917_BettyGrable_20_f
283	BettyGrable	47	AGE47	13938	13938_BettyGrable_47_f
283	BettyGrable	13	AGE13	13912	13912_BettyGrable_13_f
283	BettyGrable	21	AGE21	13918	13918_BettyGrable_21_f
283	BettyGrable	17	AGE17	13914	13914_BettyGrable_17_f
283	BettyGrable	30	AGE30	13926	13926_BettyGrable_30_f
283	BettyGrable	18	AGE18	13915	13915_BettyGrable_18_f
283	BettyGrable	29	AGE29	13924	13924_BettyGrable_29_f
283	BettyGrable	45	AGE45	13937	13937_BettyGrable_45_f
283	BettyGrable	53	AGE53	13940	13940_BettyGrable_53_f
283	BettyGrable	29	AGE29	13925	13925_BettyGrable_29_f
283	BettyGrable	19	AGE19	13916	13916_BettyGrable_19_f
283	BettyGrable	41	AGE41	13935	13935_BettyGrable_41_f
284	RobertMorley	65	AGE65	7542	7542_RobertMorley_65_m
284	RobertMorley	61	AGE61	7540	7540_RobertMorley_61_m
284	RobertMorley	75	AGE75	7545	7545_RobertMorley_75_m
284	RobertMorley	62	AGE62	7541	7541_RobertMorley_62_m
284	RobertMorley	71	AGE71	7559	7559_RobertMorley_71_m
284	RobertMorley	57	AGE57	7539	7539_RobertMorley_57_m
284	RobertMorley	55	AGE55	7538	7538_RobertMorley_55_m
284	RobertMorley	29	AGE29	7527	7527_RobertMorley_29_m
284	RobertMorley	54	AGE54	7554	7554_RobertMorley_54_m
284	RobertMorley	49	AGE49	7550	7550_RobertMorley_49_m
284	RobertMorley	51	AGE51	7552	7552_RobertMorley_51_m
284	RobertMorley	30	AGE30	7528	7528_RobertMorley_30_m
284	RobertMorley	50	AGE50	7551	7551_RobertMorley_50_m
284	RobertMorley	48	AGE48	7549	7549_RobertMorley_48_m
284	RobertMorley	56	AGE56	7555	7555_RobertMorley_56_m
284	RobertMorley	53	AGE53	7537	7537_RobertMorley_53_m
284	RobertMorley	59	AGE59	7557	7557_RobertMorley_59_m
284	RobertMorley	67	AGE67	7558	7558_RobertMorley_67_m
284	RobertMorley	47	AGE47	7536	7536_RobertMorley_47_m
284	RobertMorley	58	AGE58	7556	7556_RobertMorley_58_m
284	RobertMorley	34	AGE34	7530	7530_RobertMorley_34_m
284	RobertMorley	70	AGE70	7543	7543_RobertMorley_70_m
284	RobertMorley	46	AGE46	7548	7548_RobertMorley_46_m
284	RobertMorley	45	AGE45	7535	7535_RobertMorley_45_m
284	RobertMorley	43	AGE43	7533	7533_RobertMorley_43_m
284	RobertMorley	44	AGE44	7534	7534_RobertMorley_44_m
284	RobertMorley	73	AGE73	7544	7544_RobertMorley_73_m
284	RobertMorley	41	AGE41	7532	7532_RobertMorley_41_m
284	RobertMorley	82	AGE82	7547	7547_RobertMorley_82_m
284	RobertMorley	52	AGE52	7553	7553_RobertMorley_52_m
284	RobertMorley	37	AGE37	7531	7531_RobertMorley_37_m
284	RobertMorley	32	AGE32	7529	7529_RobertMorley_32_m
284	RobertMorley	77	AGE77	7560	7560_RobertMorley_77_m
284	RobertMorley	81	AGE81	7546	7546_RobertMorley_81_m
285	RyanONeal	19	AGE19	2863	2863_RyanONeal_19_m
285	RyanONeal	28	AGE28	2848	2848_RyanONeal_28_m
285	RyanONeal	71	AGE71	2868	2868_RyanONeal_71_m
285	RyanONeal	34	AGE34	2852	2852_RyanONeal_34_m
285	RyanONeal	64	AGE64	2858	2858_RyanONeal_64_m
285	RyanONeal	70	AGE70	2861	2861_RyanONeal_70_m
285	RyanONeal	37	AGE37	2853	2853_RyanONeal_37_m
285	RyanONeal	32	AGE32	2851	2851_RyanONeal_32_m
285	RyanONeal	27	AGE27	2844	2844_RyanONeal_27_m
285	RyanONeal	29	AGE29	2845	2845_RyanONeal_29_m
285	RyanONeal	39	AGE39	2854	2854_RyanONeal_39_m
285	RyanONeal	68	AGE68	2860	2860_RyanONeal_68_m
285	RyanONeal	67	AGE67	2867	2867_RyanONeal_67_m
285	RyanONeal	24	AGE24	2869	2869_RyanONeal_24_m
285	RyanONeal	20	AGE20	2847	2847_RyanONeal_20_m
285	RyanONeal	48	AGE48	2857	2857_RyanONeal_48_m
285	RyanONeal	46	AGE46	2856	2856_RyanONeal_46_m
285	RyanONeal	21	AGE21	2843	2843_RyanONeal_21_m
285	RyanONeal	71	AGE71	2862	2862_RyanONeal_71_m
285	RyanONeal	24	AGE24	2846	2846_RyanONeal_24_m
285	RyanONeal	68	AGE68	2870	2870_RyanONeal_68_m
285	RyanONeal	61	AGE61	2866	2866_RyanONeal_61_m
285	RyanONeal	67	AGE67	2864	2864_RyanONeal_67_m
285	RyanONeal	23	AGE23	2865	2865_RyanONeal_23_m
285	RyanONeal	43	AGE43	2855	2855_RyanONeal_43_m
285	RyanONeal	29	AGE29	2849	2849_RyanONeal_29_m
285	RyanONeal	58	AGE58	2859	2859_RyanONeal_58_m
285	RyanONeal	31	AGE31	2850	2850_RyanONeal_31_m
286	CydCharisse	48	AGE48	15192	15192_CydCharisse_48_f
286	CydCharisse	36	AGE36	15184	15184_CydCharisse_36_f
286	CydCharisse	72	AGE72	15201	15201_CydCharisse_72_f
286	CydCharisse	43	AGE43	15189	15189_CydCharisse_43_f
286	CydCharisse	44	AGE44	15190	15190_CydCharisse_44_f
286	CydCharisse	51	AGE51	15193	15193_CydCharisse_51_f
286	CydCharisse	81	AGE81	15208	15208_CydCharisse_81_f
286	CydCharisse	75	AGE75	15203	15203_CydCharisse_75_f
286	CydCharisse	80	AGE80	15207	15207_CydCharisse_80_f
286	CydCharisse	30	AGE30	15179	15179_CydCharisse_30_f
286	CydCharisse	77	AGE77	15204	15204_CydCharisse_77_f
286	CydCharisse	83	AGE83	15210	15210_CydCharisse_83_f
286	CydCharisse	68	AGE68	15199	15199_CydCharisse_68_f
286	CydCharisse	38	AGE38	15185	15185_CydCharisse_38_f
286	CydCharisse	82	AGE82	15209	15209_CydCharisse_82_f
286	CydCharisse	78	AGE78	15205	15205_CydCharisse_78_f
286	CydCharisse	33	AGE33	15181	15181_CydCharisse_33_f
286	CydCharisse	32	AGE32	15180	15180_CydCharisse_32_f
286	CydCharisse	67	AGE67	15198	15198_CydCharisse_67_f
286	CydCharisse	31	AGE31	15186	15186_CydCharisse_31_f
286	CydCharisse	27	AGE27	15178	15178_CydCharisse_27_f
286	CydCharisse	53	AGE53	15194	15194_CydCharisse_53_f
286	CydCharisse	40	AGE40	15187	15187_CydCharisse_40_f
286	CydCharisse	79	AGE79	15206	15206_CydCharisse_79_f
286	CydCharisse	60	AGE60	15195	15195_CydCharisse_60_f
286	CydCharisse	73	AGE73	15202	15202_CydCharisse_73_f
286	CydCharisse	65	AGE65	15197	15197_CydCharisse_65_f
286	CydCharisse	41	AGE41	15188	15188_CydCharisse_41_f
286	CydCharisse	46	AGE46	15191	15191_CydCharisse_46_f
286	CydCharisse	63	AGE63	15196	15196_CydCharisse_63_f
286	CydCharisse	34	AGE34	15182	15182_CydCharisse_34_f
286	CydCharisse	84	AGE84	15212	15212_CydCharisse_84_f
286	CydCharisse	35	AGE35	15183	15183_CydCharisse_35_f
286	CydCharisse	85	AGE85	15213	15213_CydCharisse_85_f
286	CydCharisse	70	AGE70	15200	15200_CydCharisse_70_f
286	CydCharisse	83	AGE83	15211	15211_CydCharisse_83_f
287	JosephCotten	6	AGE6	7209	7209_JosephCotten_6_m
287	JosephCotten	37	AGE37	7213	7213_JosephCotten_37_m
287	JosephCotten	66	AGE66	7236	7236_JosephCotten_66_m
287	JosephCotten	69	AGE69	7238	7238_JosephCotten_69_m
287	JosephCotten	67	AGE67	7237	7237_JosephCotten_67_m
287	JosephCotten	62	AGE62	7234	7234_JosephCotten_62_m
287	JosephCotten	46	AGE46	7219	7219_JosephCotten_46_m
287	JosephCotten	41	AGE41	7230	7230_JosephCotten_41_m
287	JosephCotten	87	AGE87	7229	7229_JosephCotten_87_m
287	JosephCotten	38	AGE38	7215	7215_JosephCotten_38_m
287	JosephCotten	60	AGE60	7225	7225_JosephCotten_60_m
287	JosephCotten	72	AGE72	7226	7226_JosephCotten_72_m
287	JosephCotten	47	AGE47	7220	7220_JosephCotten_47_m
287	JosephCotten	80	AGE80	7241	7241_JosephCotten_80_m
287	JosephCotten	48	AGE48	7221	7221_JosephCotten_48_m
287	JosephCotten	59	AGE59	7232	7232_JosephCotten_59_m
287	JosephCotten	36	AGE36	7212	7212_JosephCotten_36_m
287	JosephCotten	50	AGE50	7222	7222_JosephCotten_50_m
287	JosephCotten	42	AGE42	7218	7218_JosephCotten_42_m
287	JosephCotten	54	AGE54	7231	7231_JosephCotten_54_m
287	JosephCotten	39	AGE39	7216	7216_JosephCotten_39_m
287	JosephCotten	85	AGE85	7228	7228_JosephCotten_85_m
287	JosephCotten	35	AGE35	7211	7211_JosephCotten_35_m
287	JosephCotten	64	AGE64	7235	7235_JosephCotten_64_m
287	JosephCotten	51	AGE51	7223	7223_JosephCotten_51_m
287	JosephCotten	38	AGE38	7214	7214_JosephCotten_38_m
287	JosephCotten	55	AGE55	7224	7224_JosephCotten_55_m
287	JosephCotten	74	AGE74	7227	7227_JosephCotten_74_m
287	JosephCotten	70	AGE70	7239	7239_JosephCotten_70_m
287	JosephCotten	33	AGE33	7210	7210_JosephCotten_33_m
287	JosephCotten	40	AGE40	7217	7217_JosephCotten_40_m
287	JosephCotten	76	AGE76	7240	7240_JosephCotten_76_m
287	JosephCotten	61	AGE61	7233	7233_JosephCotten_61_m
288	AnitaEkberg	30	AGE30	10345	10345_AnitaEkberg_30_f
288	AnitaEkberg	43	AGE43	10355	10355_AnitaEkberg_43_f
288	AnitaEkberg	75	AGE75	10367	10367_AnitaEkberg_75_f
288	AnitaEkberg	67	AGE67	10363	10363_AnitaEkberg_67_f
288	AnitaEkberg	49	AGE49	10357	10357_AnitaEkberg_49_f
288	AnitaEkberg	79	AGE79	10368	10368_AnitaEkberg_79_f
288	AnitaEkberg	22	AGE22	10335	10335_AnitaEkberg_22_f
288	AnitaEkberg	41	AGE41	10354	10354_AnitaEkberg_41_f
288	AnitaEkberg	21	AGE21	10334	10334_AnitaEkberg_21_f
288	AnitaEkberg	39	AGE39	10353	10353_AnitaEkberg_39_f
288	AnitaEkberg	29	AGE29	10343	10343_AnitaEkberg_29_f
288	AnitaEkberg	31	AGE31	10346	10346_AnitaEkberg_31_f
288	AnitaEkberg	56	AGE56	10359	10359_AnitaEkberg_56_f
288	AnitaEkberg	51	AGE51	10358	10358_AnitaEkberg_51_f
288	AnitaEkberg	64	AGE64	10362	10362_AnitaEkberg_64_f
288	AnitaEkberg	28	AGE28	10342	10342_AnitaEkberg_28_f
288	AnitaEkberg	30	AGE30	10344	10344_AnitaEkberg_30_f
288	AnitaEkberg	36	AGE36	10351	10351_AnitaEkberg_36_f
288	AnitaEkberg	23	AGE23	10336	10336_AnitaEkberg_23_f
288	AnitaEkberg	74	AGE74	10366	10366_AnitaEkberg_74_f
288	AnitaEkberg	72	AGE72	10365	10365_AnitaEkberg_72_f
288	AnitaEkberg	27	AGE27	10341	10341_AnitaEkberg_27_f
288	AnitaEkberg	20	AGE20	10333	10333_AnitaEkberg_20_f
288	AnitaEkberg	38	AGE38	10352	10352_AnitaEkberg_38_f
288	AnitaEkberg	25	AGE25	10338	10338_AnitaEkberg_25_f
288	AnitaEkberg	34	AGE34	10349	10349_AnitaEkberg_34_f
288	AnitaEkberg	63	AGE63	10361	10361_AnitaEkberg_63_f
288	AnitaEkberg	61	AGE61	10360	10360_AnitaEkberg_61_f
288	AnitaEkberg	26	AGE26	10339	10339_AnitaEkberg_26_f
288	AnitaEkberg	33	AGE33	10348	10348_AnitaEkberg_33_f
288	AnitaEkberg	47	AGE47	10356	10356_AnitaEkberg_47_f
288	AnitaEkberg	35	AGE35	10350	10350_AnitaEkberg_35_f
288	AnitaEkberg	32	AGE32	10347	10347_AnitaEkberg_32_f
288	AnitaEkberg	82	AGE82	10369	10369_AnitaEkberg_82_f
288	AnitaEkberg	71	AGE71	10364	10364_AnitaEkberg_71_f
288	AnitaEkberg	26	AGE26	10340	10340_AnitaEkberg_26_f
288	AnitaEkberg	24	AGE24	10337	10337_AnitaEkberg_24_f
289	JohnWayne	28	AGE28	7207	7207_JohnWayne_28_m
289	JohnWayne	71	AGE71	7203	7203_JohnWayne_71_m
289	JohnWayne	41	AGE41	7193	7193_JohnWayne_41_m
289	JohnWayne	71	AGE71	7202	7202_JohnWayne_71_m
289	JohnWayne	68	AGE68	7201	7201_JohnWayne_68_m
289	JohnWayne	34	AGE34	7187	7187_JohnWayne_34_m
289	JohnWayne	34	AGE34	7184	7184_JohnWayne_34_m
289	JohnWayne	34	AGE34	7194	7194_JohnWayne_34_m
289	JohnWayne	68	AGE68	7199	7199_JohnWayne_68_m
289	JohnWayne	34	AGE34	7205	7205_JohnWayne_34_m
289	JohnWayne	45	AGE45	7186	7186_JohnWayne_45_m
289	JohnWayne	43	AGE43	7188	7188_JohnWayne_43_m
289	JohnWayne	40	AGE40	7195	7195_JohnWayne_40_m
289	JohnWayne	67	AGE67	7198	7198_JohnWayne_67_m
289	JohnWayne	34	AGE34	7191	7191_JohnWayne_34_m
289	JohnWayne	45	AGE45	7189	7189_JohnWayne_45_m
289	JohnWayne	49	AGE49	7196	7196_JohnWayne_49_m
289	JohnWayne	39	AGE39	7190	7190_JohnWayne_39_m
289	JohnWayne	25	AGE25	7204	7204_JohnWayne_25_m
289	JohnWayne	35	AGE35	7192	7192_JohnWayne_35_m
289	JohnWayne	62	AGE62	7197	7197_JohnWayne_62_m
289	JohnWayne	45	AGE45	7185	7185_JohnWayne_45_m
289	JohnWayne	69	AGE69	7200	7200_JohnWayne_69_m
289	JohnWayne	42	AGE42	7208	7208_JohnWayne_42_m
289	JohnWayne	36	AGE36	7206	7206_JohnWayne_36_m
290	CHARLIERUGGLES	75	AGE75	9523	9523_CHARLIERUGGLES_75_m
290	CHARLIERUGGLES	56	AGE56	9514	9514_CHARLIERUGGLES_56_m
290	CHARLIERUGGLES	69	AGE69	9519	9519_CHARLIERUGGLES_69_m
290	CHARLIERUGGLES	62	AGE62	9517	9517_CHARLIERUGGLES_62_m
290	CHARLIERUGGLES	71	AGE71	9520	9520_CHARLIERUGGLES_71_m
290	CHARLIERUGGLES	76	AGE76	9524	9524_CHARLIERUGGLES_76_m
290	CHARLIERUGGLES	79	AGE79	9527	9527_CHARLIERUGGLES_79_m
290	CHARLIERUGGLES	81	AGE81	9509	9509_CHARLIERUGGLES_81_m
290	CHARLIERUGGLES	78	AGE78	9526	9526_CHARLIERUGGLES_78_m
290	CHARLIERUGGLES	82	AGE82	9529	9529_CHARLIERUGGLES_82_m
290	CHARLIERUGGLES	73	AGE73	9521	9521_CHARLIERUGGLES_73_m
290	CHARLIERUGGLES	42	AGE42	9501	9501_CHARLIERUGGLES_42_m
290	CHARLIERUGGLES	47	AGE47	9506	9506_CHARLIERUGGLES_47_m
290	CHARLIERUGGLES	50	AGE50	9510	9510_CHARLIERUGGLES_50_m
290	CHARLIERUGGLES	58	AGE58	9515	9515_CHARLIERUGGLES_58_m
290	CHARLIERUGGLES	40	AGE40	9500	9500_CHARLIERUGGLES_40_m
290	CHARLIERUGGLES	77	AGE77	9525	9525_CHARLIERUGGLES_77_m
290	CHARLIERUGGLES	43	AGE43	9502	9502_CHARLIERUGGLES_43_m
290	CHARLIERUGGLES	52	AGE52	9512	9512_CHARLIERUGGLES_52_m
290	CHARLIERUGGLES	46	AGE46	9505	9505_CHARLIERUGGLES_46_m
290	CHARLIERUGGLES	65	AGE65	9518	9518_CHARLIERUGGLES_65_m
290	CHARLIERUGGLES	60	AGE60	9516	9516_CHARLIERUGGLES_60_m
290	CHARLIERUGGLES	80	AGE80	9528	9528_CHARLIERUGGLES_80_m
290	CHARLIERUGGLES	44	AGE44	9503	9503_CHARLIERUGGLES_44_m
290	CHARLIERUGGLES	54	AGE54	9513	9513_CHARLIERUGGLES_54_m
290	CHARLIERUGGLES	45	AGE45	9504	9504_CHARLIERUGGLES_45_m
290	CHARLIERUGGLES	83	AGE83	9530	9530_CHARLIERUGGLES_83_m
290	CHARLIERUGGLES	51	AGE51	9511	9511_CHARLIERUGGLES_51_m
290	CHARLIERUGGLES	49	AGE49	9508	9508_CHARLIERUGGLES_49_m
290	CHARLIERUGGLES	74	AGE74	9522	9522_CHARLIERUGGLES_74_m
290	CHARLIERUGGLES	48	AGE48	9507	9507_CHARLIERUGGLES_48_m
291	IlyaPrigogine	57	AGE57	1271	1271_IlyaPrigogine_57_m
291	IlyaPrigogine	80	AGE80	1280	1280_IlyaPrigogine_80_m
291	IlyaPrigogine	80	AGE80	1281	1281_IlyaPrigogine_80_m
291	IlyaPrigogine	72	AGE72	1276	1276_IlyaPrigogine_72_m
291	IlyaPrigogine	70	AGE70	1273	1273_IlyaPrigogine_70_m
291	IlyaPrigogine	65	AGE65	1267	1267_IlyaPrigogine_65_m
291	IlyaPrigogine	62	AGE62	1278	1278_IlyaPrigogine_62_m
291	IlyaPrigogine	78	AGE78	1269	1269_IlyaPrigogine_78_m
291	IlyaPrigogine	57	AGE57	1270	1270_IlyaPrigogine_57_m
291	IlyaPrigogine	73	AGE73	1275	1275_IlyaPrigogine_73_m
291	IlyaPrigogine	73	AGE73	1274	1274_IlyaPrigogine_73_m
291	IlyaPrigogine	80	AGE80	1279	1279_IlyaPrigogine_80_m
291	IlyaPrigogine	55	AGE55	1272	1272_IlyaPrigogine_55_m
291	IlyaPrigogine	82	AGE82	1268	1268_IlyaPrigogine_82_m
291	IlyaPrigogine	68	AGE68	1277	1277_IlyaPrigogine_68_m
292	KathrynHays	41	AGE41	10570	10570_KathrynHays_41_f
292	KathrynHays	40	AGE40	10569	10569_KathrynHays_40_f
292	KathrynHays	22	AGE22	10557	10557_KathrynHays_22_f
292	KathrynHays	32	AGE32	10562	10562_KathrynHays_32_f
292	KathrynHays	34	AGE34	10564	10564_KathrynHays_34_f
292	KathrynHays	25	AGE25	10559	10559_KathrynHays_25_f
292	KathrynHays	30	AGE30	10560	10560_KathrynHays_30_f
292	KathrynHays	75	AGE75	10582	10582_KathrynHays_75_f
292	KathrynHays	45	AGE45	10571	10571_KathrynHays_45_f
292	KathrynHays	31	AGE31	10561	10561_KathrynHays_31_f
292	KathrynHays	77	AGE77	10583	10583_KathrynHays_77_f
292	KathrynHays	35	AGE35	10565	10565_KathrynHays_35_f
292	KathrynHays	57	AGE57	10574	10574_KathrynHays_57_f
292	KathrynHays	63	AGE63	10577	10577_KathrynHays_63_f
292	KathrynHays	23	AGE23	10558	10558_KathrynHays_23_f
292	KathrynHays	17	AGE17	10555	10555_KathrynHays_17_f
292	KathrynHays	65	AGE65	10578	10578_KathrynHays_65_f
292	KathrynHays	67	AGE67	10579	10579_KathrynHays_67_f
292	KathrynHays	47	AGE47	10572	10572_KathrynHays_47_f
292	KathrynHays	62	AGE62	10576	10576_KathrynHays_62_f
292	KathrynHays	70	AGE70	10580	10580_KathrynHays_70_f
292	KathrynHays	20	AGE20	10556	10556_KathrynHays_20_f
292	KathrynHays	33	AGE33	10563	10563_KathrynHays_33_f
292	KathrynHays	37	AGE37	10567	10567_KathrynHays_37_f
292	KathrynHays	36	AGE36	10566	10566_KathrynHays_36_f
292	KathrynHays	72	AGE72	10581	10581_KathrynHays_72_f
292	KathrynHays	51	AGE51	10573	10573_KathrynHays_51_f
292	KathrynHays	38	AGE38	10568	10568_KathrynHays_38_f
292	KathrynHays	59	AGE59	10575	10575_KathrynHays_59_f
293	PeterGraves	25	AGE25	6669	6669_PeterGraves_25_m
293	PeterGraves	61	AGE61	6690	6690_PeterGraves_61_m
293	PeterGraves	27	AGE27	6671	6671_PeterGraves_27_m
293	PeterGraves	53	AGE53	6686	6686_PeterGraves_53_m
293	PeterGraves	51	AGE51	6701	6701_PeterGraves_51_m
293	PeterGraves	83	AGE83	6707	6707_PeterGraves_83_m
293	PeterGraves	70	AGE70	6693	6693_PeterGraves_70_m
293	PeterGraves	46	AGE46	6700	6700_PeterGraves_46_m
293	PeterGraves	40	AGE40	6680	6680_PeterGraves_40_m
293	PeterGraves	66	AGE66	6691	6691_PeterGraves_66_m
293	PeterGraves	42	AGE42	6699	6699_PeterGraves_42_m
293	PeterGraves	54	AGE54	6703	6703_PeterGraves_54_m
293	PeterGraves	23	AGE23	6667	6667_PeterGraves_23_m
293	PeterGraves	56	AGE56	6687	6687_PeterGraves_56_m
293	PeterGraves	79	AGE79	6695	6695_PeterGraves_79_m
293	PeterGraves	77	AGE77	6706	6706_PeterGraves_77_m
293	PeterGraves	39	AGE39	6679	6679_PeterGraves_39_m
293	PeterGraves	82	AGE82	6698	6698_PeterGraves_82_m
293	PeterGraves	52	AGE52	6702	6702_PeterGraves_52_m
293	PeterGraves	80	AGE80	6696	6696_PeterGraves_80_m
293	PeterGraves	37	AGE37	6678	6678_PeterGraves_37_m
293	PeterGraves	45	AGE45	6684	6684_PeterGraves_45_m
293	PeterGraves	44	AGE44	6683	6683_PeterGraves_44_m
293	PeterGraves	57	AGE57	6688	6688_PeterGraves_57_m
293	PeterGraves	36	AGE36	6677	6677_PeterGraves_36_m
293	PeterGraves	31	AGE31	6675	6675_PeterGraves_31_m
293	PeterGraves	81	AGE81	6697	6697_PeterGraves_81_m
293	PeterGraves	24	AGE24	6668	6668_PeterGraves_24_m
293	PeterGraves	43	AGE43	6682	6682_PeterGraves_43_m
293	PeterGraves	41	AGE41	6681	6681_PeterGraves_41_m
293	PeterGraves	34	AGE34	6676	6676_PeterGraves_34_m
293	PeterGraves	72	AGE72	6705	6705_PeterGraves_72_m
293	PeterGraves	29	AGE29	6673	6673_PeterGraves_29_m
293	PeterGraves	26	AGE26	6670	6670_PeterGraves_26_m
293	PeterGraves	69	AGE69	6692	6692_PeterGraves_69_m
293	PeterGraves	62	AGE62	6704	6704_PeterGraves_62_m
293	PeterGraves	30	AGE30	6674	6674_PeterGraves_30_m
293	PeterGraves	48	AGE48	6685	6685_PeterGraves_48_m
293	PeterGraves	60	AGE60	6689	6689_PeterGraves_60_m
293	PeterGraves	28	AGE28	6672	6672_PeterGraves_28_m
293	PeterGraves	75	AGE75	6694	6694_PeterGraves_75_m
294	JamieLeeCurtis	26	AGE26	12675	12675_JamieLeeCurtis_26_f
294	JamieLeeCurtis	22	AGE22	12673	12673_JamieLeeCurtis_22_f
294	JamieLeeCurtis	51	AGE51	12692	12692_JamieLeeCurtis_51_f
294	JamieLeeCurtis	40	AGE40	12683	12683_JamieLeeCurtis_40_f
294	JamieLeeCurtis	38	AGE38	12681	12681_JamieLeeCurtis_38_f
294	JamieLeeCurtis	21	AGE21	12672	12672_JamieLeeCurtis_21_f
294	JamieLeeCurtis	33	AGE33	12697	12697_JamieLeeCurtis_33_f
294	JamieLeeCurtis	29	AGE29	12677	12677_JamieLeeCurtis_29_f
294	JamieLeeCurtis	52	AGE52	12693	12693_JamieLeeCurtis_52_f
294	JamieLeeCurtis	50	AGE50	12695	12695_JamieLeeCurtis_50_f
294	JamieLeeCurtis	20	AGE20	12671	12671_JamieLeeCurtis_20_f
294	JamieLeeCurtis	55	AGE55	12694	12694_JamieLeeCurtis_55_f
294	JamieLeeCurtis	45	AGE45	12686	12686_JamieLeeCurtis_45_f
294	JamieLeeCurtis	28	AGE28	12696	12696_JamieLeeCurtis_28_f
294	JamieLeeCurtis	39	AGE39	12682	12682_JamieLeeCurtis_39_f
294	JamieLeeCurtis	31	AGE31	12678	12678_JamieLeeCurtis_31_f
294	JamieLeeCurtis	48	AGE48	12689	12689_JamieLeeCurtis_48_f
294	JamieLeeCurtis	25	AGE25	12674	12674_JamieLeeCurtis_25_f
294	JamieLeeCurtis	27	AGE27	12676	12676_JamieLeeCurtis_27_f
294	JamieLeeCurtis	50	AGE50	12691	12691_JamieLeeCurtis_50_f
294	JamieLeeCurtis	46	AGE46	12688	12688_JamieLeeCurtis_46_f
294	JamieLeeCurtis	42	AGE42	12685	12685_JamieLeeCurtis_42_f
294	JamieLeeCurtis	49	AGE49	12690	12690_JamieLeeCurtis_49_f
294	JamieLeeCurtis	41	AGE41	12684	12684_JamieLeeCurtis_41_f
294	JamieLeeCurtis	34	AGE34	12679	12679_JamieLeeCurtis_34_f
294	JamieLeeCurtis	38	AGE38	12680	12680_JamieLeeCurtis_38_f
294	JamieLeeCurtis	47	AGE47	12700	12700_JamieLeeCurtis_47_f
294	JamieLeeCurtis	46	AGE46	12687	12687_JamieLeeCurtis_46_f
294	JamieLeeCurtis	43	AGE43	12699	12699_JamieLeeCurtis_43_f
294	JamieLeeCurtis	36	AGE36	12698	12698_JamieLeeCurtis_36_f
295	JanetEllis	30	AGE30	15434	15434_JanetEllis_30_f
295	JanetEllis	7	AGE7	15421	15421_JanetEllis_7_f
295	JanetEllis	28	AGE28	15432	15432_JanetEllis_28_f
295	JanetEllis	49	AGE49	15446	15446_JanetEllis_49_f
295	JanetEllis	54	AGE54	15451	15451_JanetEllis_54_f
295	JanetEllis	56	AGE56	15453	15453_JanetEllis_56_f
295	JanetEllis	58	AGE58	15455	15455_JanetEllis_58_f
295	JanetEllis	53	AGE53	15450	15450_JanetEllis_53_f
295	JanetEllis	27	AGE27	15431	15431_JanetEllis_27_f
295	JanetEllis	46	AGE46	15444	15444_JanetEllis_46_f
295	JanetEllis	24	AGE24	15426	15426_JanetEllis_24_f
295	JanetEllis	34	AGE34	15438	15438_JanetEllis_34_f
295	JanetEllis	21	AGE21	15423	15423_JanetEllis_21_f
295	JanetEllis	35	AGE35	15439	15439_JanetEllis_35_f
295	JanetEllis	37	AGE37	15441	15441_JanetEllis_37_f
295	JanetEllis	39	AGE39	15442	15442_JanetEllis_39_f
295	JanetEllis	27	AGE27	15430	15430_JanetEllis_27_f
295	JanetEllis	36	AGE36	15440	15440_JanetEllis_36_f
295	JanetEllis	50	AGE50	15447	15447_JanetEllis_50_f
295	JanetEllis	23	AGE23	15425	15425_JanetEllis_23_f
295	JanetEllis	32	AGE32	15436	15436_JanetEllis_32_f
295	JanetEllis	33	AGE33	15437	15437_JanetEllis_33_f
295	JanetEllis	51	AGE51	15448	15448_JanetEllis_51_f
295	JanetEllis	22	AGE22	15424	15424_JanetEllis_22_f
295	JanetEllis	55	AGE55	15452	15452_JanetEllis_55_f
295	JanetEllis	29	AGE29	15433	15433_JanetEllis_29_f
295	JanetEllis	43	AGE43	15443	15443_JanetEllis_43_f
295	JanetEllis	20	AGE20	15422	15422_JanetEllis_20_f
295	JanetEllis	26	AGE26	15428	15428_JanetEllis_26_f
295	JanetEllis	60	AGE60	15457	15457_JanetEllis_60_f
295	JanetEllis	31	AGE31	15435	15435_JanetEllis_31_f
295	JanetEllis	25	AGE25	15427	15427_JanetEllis_25_f
295	JanetEllis	57	AGE57	15454	15454_JanetEllis_57_f
295	JanetEllis	48	AGE48	15445	15445_JanetEllis_48_f
295	JanetEllis	26	AGE26	15429	15429_JanetEllis_26_f
295	JanetEllis	52	AGE52	15449	15449_JanetEllis_52_f
295	JanetEllis	59	AGE59	15456	15456_JanetEllis_59_f
296	JaneRussell	33	AGE33	13116	13116_JaneRussell_33_f
296	JaneRussell	59	AGE59	13128	13128_JaneRussell_59_f
296	JaneRussell	85	AGE85	13136	13136_JaneRussell_85_f
296	JaneRussell	88	AGE88	13139	13139_JaneRussell_88_f
296	JaneRussell	64	AGE64	13129	13129_JaneRussell_64_f
296	JaneRussell	19	AGE19	13109	13109_JaneRussell_19_f
296	JaneRussell	37	AGE37	13119	13119_JaneRussell_37_f
296	JaneRussell	55	AGE55	13127	13127_JaneRussell_55_f
296	JaneRussell	21	AGE21	13110	13110_JaneRussell_21_f
296	JaneRussell	45	AGE45	13123	13123_JaneRussell_45_f
296	JaneRussell	86	AGE86	13137	13137_JaneRussell_86_f
296	JaneRussell	39	AGE39	13120	13120_JaneRussell_39_f
296	JaneRussell	50	AGE50	13125	13125_JaneRussell_50_f
296	JaneRussell	87	AGE87	13138	13138_JaneRussell_87_f
296	JaneRussell	42	AGE42	13121	13121_JaneRussell_42_f
296	JaneRussell	31	AGE31	13113	13113_JaneRussell_31_f
296	JaneRussell	82	AGE82	13134	13134_JaneRussell_82_f
296	JaneRussell	30	AGE30	13112	13112_JaneRussell_30_f
296	JaneRussell	84	AGE84	13135	13135_JaneRussell_84_f
296	JaneRussell	27	AGE27	13111	13111_JaneRussell_27_f
296	JaneRussell	35	AGE35	13118	13118_JaneRussell_35_f
296	JaneRussell	52	AGE52	13126	13126_JaneRussell_52_f
296	JaneRussell	31	AGE31	13114	13114_JaneRussell_31_f
296	JaneRussell	43	AGE43	13122	13122_JaneRussell_43_f
296	JaneRussell	67	AGE67	13130	13130_JaneRussell_67_f
296	JaneRussell	48	AGE48	13124	13124_JaneRussell_48_f
296	JaneRussell	34	AGE34	13117	13117_JaneRussell_34_f
296	JaneRussell	69	AGE69	13131	13131_JaneRussell_69_f
296	JaneRussell	76	AGE76	13132	13132_JaneRussell_76_f
296	JaneRussell	80	AGE80	13133	13133_JaneRussell_80_f
296	JaneRussell	32	AGE32	13115	13115_JaneRussell_32_f
297	TildaSwinton	39	AGE39	11768	11768_TildaSwinton_39_f
297	TildaSwinton	27	AGE27	11763	11763_TildaSwinton_27_f
297	TildaSwinton	50	AGE50	11779	11779_TildaSwinton_50_f
297	TildaSwinton	46	AGE46	11775	11775_TildaSwinton_46_f
297	TildaSwinton	38	AGE38	11767	11767_TildaSwinton_38_f
297	TildaSwinton	24	AGE24	11761	11761_TildaSwinton_24_f
297	TildaSwinton	49	AGE49	11778	11778_TildaSwinton_49_f
297	TildaSwinton	40	AGE40	11769	11769_TildaSwinton_40_f
297	TildaSwinton	41	AGE41	11770	11770_TildaSwinton_41_f
297	TildaSwinton	47	AGE47	11776	11776_TildaSwinton_47_f
297	TildaSwinton	45	AGE45	11774	11774_TildaSwinton_45_f
297	TildaSwinton	28	AGE28	11764	11764_TildaSwinton_28_f
297	TildaSwinton	52	AGE52	11780	11780_TildaSwinton_52_f
297	TildaSwinton	29	AGE29	11765	11765_TildaSwinton_29_f
297	TildaSwinton	25	AGE25	11762	11762_TildaSwinton_25_f
297	TildaSwinton	42	AGE42	11771	11771_TildaSwinton_42_f
297	TildaSwinton	48	AGE48	11777	11777_TildaSwinton_48_f
297	TildaSwinton	43	AGE43	11772	11772_TildaSwinton_43_f
297	TildaSwinton	32	AGE32	11766	11766_TildaSwinton_32_f
297	TildaSwinton	44	AGE44	11773	11773_TildaSwinton_44_f
298	FrankSinatra	65	AGE65	8629	8629_FrankSinatra_65_m
298	FrankSinatra	55	AGE55	8617	8617_FrankSinatra_55_m
298	FrankSinatra	43	AGE43	8618	8618_FrankSinatra_43_m
298	FrankSinatra	51	AGE51	8634	8634_FrankSinatra_51_m
298	FrankSinatra	40	AGE40	8624	8624_FrankSinatra_40_m
298	FrankSinatra	53	AGE53	8611	8611_FrankSinatra_53_m
298	FrankSinatra	40	AGE40	8625	8625_FrankSinatra_40_m
298	FrankSinatra	32	AGE32	8610	8610_FrankSinatra_32_m
298	FrankSinatra	62	AGE62	8613	8613_FrankSinatra_62_m
298	FrankSinatra	43	AGE43	8628	8628_FrankSinatra_43_m
298	FrankSinatra	47	AGE47	8614	8614_FrankSinatra_47_m
298	FrankSinatra	27	AGE27	8633	8633_FrankSinatra_27_m
298	FrankSinatra	57	AGE57	8612	8612_FrankSinatra_57_m
298	FrankSinatra	45	AGE45	8615	8615_FrankSinatra_45_m
298	FrankSinatra	35	AGE35	8621	8621_FrankSinatra_35_m
298	FrankSinatra	38	AGE38	8619	8619_FrankSinatra_38_m
298	FrankSinatra	48	AGE48	8627	8627_FrankSinatra_48_m
298	FrankSinatra	22	AGE22	8636	8636_FrankSinatra_22_m
298	FrankSinatra	52	AGE52	8620	8620_FrankSinatra_52_m
298	FrankSinatra	28	AGE28	8632	8632_FrankSinatra_28_m
298	FrankSinatra	42	AGE42	8626	8626_FrankSinatra_42_m
298	FrankSinatra	42	AGE42	8616	8616_FrankSinatra_42_m
298	FrankSinatra	23	AGE23	8631	8631_FrankSinatra_23_m
298	FrankSinatra	24	AGE24	8630	8630_FrankSinatra_24_m
298	FrankSinatra	39	AGE39	8623	8623_FrankSinatra_39_m
298	FrankSinatra	38	AGE38	8622	8622_FrankSinatra_38_m
298	FrankSinatra	65	AGE65	8635	8635_FrankSinatra_65_m
299	GeorgeMontgomery	24	AGE24	9310	9310_GeorgeMontgomery_24_m
299	GeorgeMontgomery	43	AGE43	9322	9322_GeorgeMontgomery_43_m
299	GeorgeMontgomery	31	AGE31	9315	9315_GeorgeMontgomery_31_m
299	GeorgeMontgomery	21	AGE21	9308	9308_GeorgeMontgomery_21_m
299	GeorgeMontgomery	50	AGE50	9326	9326_GeorgeMontgomery_50_m
299	GeorgeMontgomery	47	AGE47	9324	9324_GeorgeMontgomery_47_m
299	GeorgeMontgomery	62	AGE62	9331	9331_GeorgeMontgomery_62_m
299	GeorgeMontgomery	22	AGE22	9309	9309_GeorgeMontgomery_22_m
299	GeorgeMontgomery	42	AGE42	9321	9321_GeorgeMontgomery_42_m
299	GeorgeMontgomery	51	AGE51	9327	9327_GeorgeMontgomery_51_m
299	GeorgeMontgomery	25	AGE25	9311	9311_GeorgeMontgomery_25_m
299	GeorgeMontgomery	59	AGE59	9330	9330_GeorgeMontgomery_59_m
299	GeorgeMontgomery	38	AGE38	9318	9318_GeorgeMontgomery_38_m
299	GeorgeMontgomery	34	AGE34	9316	9316_GeorgeMontgomery_34_m
299	GeorgeMontgomery	40	AGE40	9320	9320_GeorgeMontgomery_40_m
299	GeorgeMontgomery	53	AGE53	9328	9328_GeorgeMontgomery_53_m
299	GeorgeMontgomery	29	AGE29	9314	9314_GeorgeMontgomery_29_m
299	GeorgeMontgomery	49	AGE49	9325	9325_GeorgeMontgomery_49_m
299	GeorgeMontgomery	36	AGE36	9317	9317_GeorgeMontgomery_36_m
299	GeorgeMontgomery	55	AGE55	9329	9329_GeorgeMontgomery_55_m
299	GeorgeMontgomery	26	AGE26	9312	9312_GeorgeMontgomery_26_m
299	GeorgeMontgomery	27	AGE27	9313	9313_GeorgeMontgomery_27_m
299	GeorgeMontgomery	39	AGE39	9319	9319_GeorgeMontgomery_39_m
299	GeorgeMontgomery	45	AGE45	9323	9323_GeorgeMontgomery_45_m
300	PeterMarkRichman	39	AGE39	7473	7473_PeterMarkRichman_39_m
300	PeterMarkRichman	30	AGE30	7466	7466_PeterMarkRichman_30_m
300	PeterMarkRichman	78	AGE78	7494	7494_PeterMarkRichman_78_m
300	PeterMarkRichman	62	AGE62	7490	7490_PeterMarkRichman_62_m
300	PeterMarkRichman	60	AGE60	7478	7478_PeterMarkRichman_60_m
300	PeterMarkRichman	80	AGE80	7496	7496_PeterMarkRichman_80_m
300	PeterMarkRichman	46	AGE46	7486	7486_PeterMarkRichman_46_m
300	PeterMarkRichman	73	AGE73	7493	7493_PeterMarkRichman_73_m
300	PeterMarkRichman	55	AGE55	7476	7476_PeterMarkRichman_55_m
300	PeterMarkRichman	42	AGE42	7482	7482_PeterMarkRichman_42_m
300	PeterMarkRichman	33	AGE33	7469	7469_PeterMarkRichman_33_m
300	PeterMarkRichman	31	AGE31	7467	7467_PeterMarkRichman_31_m
300	PeterMarkRichman	37	AGE37	7472	7472_PeterMarkRichman_37_m
300	PeterMarkRichman	36	AGE36	7471	7471_PeterMarkRichman_36_m
300	PeterMarkRichman	40	AGE40	7474	7474_PeterMarkRichman_40_m
300	PeterMarkRichman	79	AGE79	7495	7495_PeterMarkRichman_79_m
300	PeterMarkRichman	32	AGE32	7468	7468_PeterMarkRichman_32_m
300	PeterMarkRichman	75	AGE75	7481	7481_PeterMarkRichman_75_m
300	PeterMarkRichman	66	AGE66	7491	7491_PeterMarkRichman_66_m
300	PeterMarkRichman	34	AGE34	7470	7470_PeterMarkRichman_34_m
300	PeterMarkRichman	64	AGE64	7480	7480_PeterMarkRichman_64_m
300	PeterMarkRichman	44	AGE44	7484	7484_PeterMarkRichman_44_m
300	PeterMarkRichman	41	AGE41	7475	7475_PeterMarkRichman_41_m
300	PeterMarkRichman	49	AGE49	7488	7488_PeterMarkRichman_49_m
300	PeterMarkRichman	59	AGE59	7477	7477_PeterMarkRichman_59_m
300	PeterMarkRichman	61	AGE61	7479	7479_PeterMarkRichman_61_m
300	PeterMarkRichman	43	AGE43	7483	7483_PeterMarkRichman_43_m
300	PeterMarkRichman	71	AGE71	7492	7492_PeterMarkRichman_71_m
300	PeterMarkRichman	51	AGE51	7489	7489_PeterMarkRichman_51_m
300	PeterMarkRichman	45	AGE45	7485	7485_PeterMarkRichman_45_m
300	PeterMarkRichman	47	AGE47	7487	7487_PeterMarkRichman_47_m
301	JudyGarland	46	AGE46	14058	14058_JudyGarland_46_f
301	JudyGarland	32	AGE32	14046	14046_JudyGarland_32_f
301	JudyGarland	41	AGE41	14055	14055_JudyGarland_41_f
301	JudyGarland	13	AGE13	14036	14036_JudyGarland_13_f
301	JudyGarland	40	AGE40	14053	14053_JudyGarland_40_f
301	JudyGarland	31	AGE31	14045	14045_JudyGarland_31_f
301	JudyGarland	35	AGE35	14048	14048_JudyGarland_35_f
301	JudyGarland	42	AGE42	14056	14056_JudyGarland_42_f
301	JudyGarland	23	AGE23	14042	14042_JudyGarland_23_f
301	JudyGarland	26	AGE26	14043	14043_JudyGarland_26_f
301	JudyGarland	39	AGE39	14052	14052_JudyGarland_39_f
301	JudyGarland	33	AGE33	14047	14047_JudyGarland_33_f
301	JudyGarland	19	AGE19	14039	14039_JudyGarland_19_f
301	JudyGarland	39	AGE39	14051	14051_JudyGarland_39_f
301	JudyGarland	16	AGE16	14038	14038_JudyGarland_16_f
301	JudyGarland	21	AGE21	14040	14040_JudyGarland_21_f
301	JudyGarland	45	AGE45	14059	14059_JudyGarland_45_f
301	JudyGarland	41	AGE41	14054	14054_JudyGarland_41_f
301	JudyGarland	15	AGE15	14037	14037_JudyGarland_15_f
301	JudyGarland	27	AGE27	14044	14044_JudyGarland_27_f
301	JudyGarland	43	AGE43	14057	14057_JudyGarland_43_f
301	JudyGarland	8	AGE8	14035	14035_JudyGarland_8_f
301	JudyGarland	38	AGE38	14050	14050_JudyGarland_38_f
301	JudyGarland	21	AGE21	14041	14041_JudyGarland_21_f
301	JudyGarland	38	AGE38	14049	14049_JudyGarland_38_f
302	ClaudeRich	55	AGE55	2474	2474_ClaudeRich_55_m
302	ClaudeRich	37	AGE37	2462	2462_ClaudeRich_37_m
302	ClaudeRich	77	AGE77	2491	2491_ClaudeRich_77_m
302	ClaudeRich	78	AGE78	2492	2492_ClaudeRich_78_m
302	ClaudeRich	81	AGE81	2495	2495_ClaudeRich_81_m
302	ClaudeRich	51	AGE51	2471	2471_ClaudeRich_51_m
302	ClaudeRich	56	AGE56	2475	2475_ClaudeRich_56_m
302	ClaudeRich	61	AGE61	2478	2478_ClaudeRich_61_m
302	ClaudeRich	30	AGE30	2457	2457_ClaudeRich_30_m
302	ClaudeRich	33	AGE33	2459	2459_ClaudeRich_33_m
302	ClaudeRich	64	AGE64	2480	2480_ClaudeRich_64_m
302	ClaudeRich	39	AGE39	2464	2464_ClaudeRich_39_m
302	ClaudeRich	72	AGE72	2486	2486_ClaudeRich_72_m
302	ClaudeRich	44	AGE44	2467	2467_ClaudeRich_44_m
302	ClaudeRich	38	AGE38	2463	2463_ClaudeRich_38_m
302	ClaudeRich	66	AGE66	2482	2482_ClaudeRich_66_m
302	ClaudeRich	67	AGE67	2483	2483_ClaudeRich_67_m
302	ClaudeRich	40	AGE40	2465	2465_ClaudeRich_40_m
302	ClaudeRich	41	AGE41	2466	2466_ClaudeRich_41_m
302	ClaudeRich	60	AGE60	2477	2477_ClaudeRich_60_m
302	ClaudeRich	35	AGE35	2460	2460_ClaudeRich_35_m
302	ClaudeRich	46	AGE46	2469	2469_ClaudeRich_46_m
302	ClaudeRich	63	AGE63	2479	2479_ClaudeRich_63_m
302	ClaudeRich	53	AGE53	2473	2473_ClaudeRich_53_m
302	ClaudeRich	82	AGE82	2496	2496_ClaudeRich_82_m
302	ClaudeRich	74	AGE74	2488	2488_ClaudeRich_74_m
302	ClaudeRich	65	AGE65	2481	2481_ClaudeRich_65_m
302	ClaudeRich	73	AGE73	2487	2487_ClaudeRich_73_m
302	ClaudeRich	59	AGE59	2476	2476_ClaudeRich_59_m
302	ClaudeRich	70	AGE70	2485	2485_ClaudeRich_70_m
302	ClaudeRich	52	AGE52	2472	2472_ClaudeRich_52_m
302	ClaudeRich	32	AGE32	2458	2458_ClaudeRich_32_m
302	ClaudeRich	45	AGE45	2468	2468_ClaudeRich_45_m
302	ClaudeRich	75	AGE75	2489	2489_ClaudeRich_75_m
302	ClaudeRich	79	AGE79	2493	2493_ClaudeRich_79_m
302	ClaudeRich	36	AGE36	2461	2461_ClaudeRich_36_m
302	ClaudeRich	49	AGE49	2470	2470_ClaudeRich_49_m
302	ClaudeRich	80	AGE80	2494	2494_ClaudeRich_80_m
302	ClaudeRich	68	AGE68	2484	2484_ClaudeRich_68_m
302	ClaudeRich	76	AGE76	2490	2490_ClaudeRich_76_m
303	GeneHackman	37	AGE37	3228	3228_GeneHackman_37_m
303	GeneHackman	78	AGE78	3240	3240_GeneHackman_78_m
303	GeneHackman	81	AGE81	3251	3251_GeneHackman_81_m
303	GeneHackman	74	AGE74	3236	3236_GeneHackman_74_m
303	GeneHackman	47	AGE47	3238	3238_GeneHackman_47_m
303	GeneHackman	80	AGE80	3226	3226_GeneHackman_80_m
303	GeneHackman	55	AGE55	3244	3244_GeneHackman_55_m
303	GeneHackman	71	AGE71	3234	3234_GeneHackman_71_m
303	GeneHackman	37	AGE37	3225	3225_GeneHackman_37_m
303	GeneHackman	52	AGE52	3258	3258_GeneHackman_52_m
303	GeneHackman	38	AGE38	3229	3229_GeneHackman_38_m
303	GeneHackman	74	AGE74	3246	3246_GeneHackman_74_m
303	GeneHackman	45	AGE45	3253	3253_GeneHackman_45_m
303	GeneHackman	42	AGE42	3232	3232_GeneHackman_42_m
303	GeneHackman	40	AGE40	3231	3231_GeneHackman_40_m
303	GeneHackman	60	AGE60	3252	3252_GeneHackman_60_m
303	GeneHackman	51	AGE51	3255	3255_GeneHackman_51_m
303	GeneHackman	48	AGE48	3248	3248_GeneHackman_48_m
303	GeneHackman	77	AGE77	3247	3247_GeneHackman_77_m
303	GeneHackman	55	AGE55	3237	3237_GeneHackman_55_m
303	GeneHackman	50	AGE50	3256	3256_GeneHackman_50_m
303	GeneHackman	51	AGE51	3254	3254_GeneHackman_51_m
303	GeneHackman	56	AGE56	3242	3242_GeneHackman_56_m
303	GeneHackman	56	AGE56	3230	3230_GeneHackman_56_m
303	GeneHackman	31	AGE31	3227	3227_GeneHackman_31_m
303	GeneHackman	55	AGE55	3257	3257_GeneHackman_55_m
303	GeneHackman	48	AGE48	3239	3239_GeneHackman_48_m
303	GeneHackman	16	AGE16	3235	3235_GeneHackman_16_m
303	GeneHackman	71	AGE71	3245	3245_GeneHackman_71_m
303	GeneHackman	42	AGE42	3250	3250_GeneHackman_42_m
303	GeneHackman	63	AGE63	3243	3243_GeneHackman_63_m
303	GeneHackman	78	AGE78	3233	3233_GeneHackman_78_m
303	GeneHackman	50	AGE50	3241	3241_GeneHackman_50_m
303	GeneHackman	45	AGE45	3249	3249_GeneHackman_45_m
304	DavidNiven	42	AGE42	7039	7039_DavidNiven_42_m
304	DavidNiven	69	AGE69	7048	7048_DavidNiven_69_m
304	DavidNiven	29	AGE29	7030	7030_DavidNiven_29_m
304	DavidNiven	40	AGE40	7038	7038_DavidNiven_40_m
304	DavidNiven	56	AGE56	7044	7044_DavidNiven_56_m
304	DavidNiven	32	AGE32	7033	7033_DavidNiven_32_m
304	DavidNiven	36	AGE36	7054	7054_DavidNiven_36_m
304	DavidNiven	70	AGE70	7061	7061_DavidNiven_70_m
304	DavidNiven	30	AGE30	7032	7032_DavidNiven_30_m
304	DavidNiven	48	AGE48	7056	7056_DavidNiven_48_m
304	DavidNiven	65	AGE65	7046	7046_DavidNiven_65_m
304	DavidNiven	52	AGE52	7057	7057_DavidNiven_52_m
304	DavidNiven	72	AGE72	7050	7050_DavidNiven_72_m
304	DavidNiven	66	AGE66	7060	7060_DavidNiven_66_m
304	DavidNiven	35	AGE35	7053	7053_DavidNiven_35_m
304	DavidNiven	73	AGE73	7051	7051_DavidNiven_73_m
304	DavidNiven	33	AGE33	7035	7035_DavidNiven_33_m
304	DavidNiven	20	AGE20	7026	7026_DavidNiven_20_m
304	DavidNiven	28	AGE28	7029	7029_DavidNiven_28_m
304	DavidNiven	68	AGE68	7047	7047_DavidNiven_68_m
304	DavidNiven	41	AGE41	7055	7055_DavidNiven_41_m
304	DavidNiven	69	AGE69	7049	7049_DavidNiven_69_m
304	DavidNiven	51	AGE51	7042	7042_DavidNiven_51_m
304	DavidNiven	23	AGE23	7052	7052_DavidNiven_23_m
304	DavidNiven	34	AGE34	7036	7036_DavidNiven_34_m
304	DavidNiven	59	AGE59	7045	7045_DavidNiven_59_m
304	DavidNiven	53	AGE53	7058	7058_DavidNiven_53_m
304	DavidNiven	64	AGE64	7059	7059_DavidNiven_64_m
304	DavidNiven	47	AGE47	7041	7041_DavidNiven_47_m
304	DavidNiven	32	AGE32	7034	7034_DavidNiven_32_m
304	DavidNiven	29	AGE29	7031	7031_DavidNiven_29_m
304	DavidNiven	26	AGE26	7027	7027_DavidNiven_26_m
304	DavidNiven	37	AGE37	7037	7037_DavidNiven_37_m
304	DavidNiven	71	AGE71	7062	7062_DavidNiven_71_m
304	DavidNiven	44	AGE44	7040	7040_DavidNiven_44_m
304	DavidNiven	54	AGE54	7043	7043_DavidNiven_54_m
304	DavidNiven	27	AGE27	7028	7028_DavidNiven_27_m
305	TanyaRoberts	55	AGE55	11325	11325_TanyaRoberts_55_f
305	TanyaRoberts	32	AGE32	11314	11314_TanyaRoberts_32_f
305	TanyaRoberts	19	AGE19	11308	11308_TanyaRoberts_19_f
305	TanyaRoberts	52	AGE52	11322	11322_TanyaRoberts_52_f
305	TanyaRoberts	39	AGE39	11318	11318_TanyaRoberts_39_f
305	TanyaRoberts	44	AGE44	11321	11321_TanyaRoberts_44_f
305	TanyaRoberts	17	AGE17	11306	11306_TanyaRoberts_17_f
305	TanyaRoberts	18	AGE18	11307	11307_TanyaRoberts_18_f
305	TanyaRoberts	22	AGE22	11311	11311_TanyaRoberts_22_f
305	TanyaRoberts	20	AGE20	11309	11309_TanyaRoberts_20_f
305	TanyaRoberts	16	AGE16	11305	11305_TanyaRoberts_16_f
305	TanyaRoberts	40	AGE40	11319	11319_TanyaRoberts_40_f
305	TanyaRoberts	36	AGE36	11317	11317_TanyaRoberts_36_f
305	TanyaRoberts	34	AGE34	11316	11316_TanyaRoberts_34_f
305	TanyaRoberts	33	AGE33	11315	11315_TanyaRoberts_33_f
305	TanyaRoberts	53	AGE53	11323	11323_TanyaRoberts_53_f
305	TanyaRoberts	43	AGE43	11320	11320_TanyaRoberts_43_f
305	TanyaRoberts	29	AGE29	11313	11313_TanyaRoberts_29_f
305	TanyaRoberts	54	AGE54	11324	11324_TanyaRoberts_54_f
305	TanyaRoberts	23	AGE23	11312	11312_TanyaRoberts_23_f
305	TanyaRoberts	21	AGE21	11310	11310_TanyaRoberts_21_f
306	KrisKristofferson	53	AGE53	7255	7255_KrisKristofferson_53_m
306	KrisKristofferson	68	AGE68	7263	7263_KrisKristofferson_68_m
306	KrisKristofferson	36	AGE36	7245	7245_KrisKristofferson_36_m
306	KrisKristofferson	32	AGE32	7243	7243_KrisKristofferson_32_m
306	KrisKristofferson	74	AGE74	7269	7269_KrisKristofferson_74_m
306	KrisKristofferson	37	AGE37	7246	7246_KrisKristofferson_37_m
306	KrisKristofferson	59	AGE59	7258	7258_KrisKristofferson_59_m
306	KrisKristofferson	45	AGE45	7250	7250_KrisKristofferson_45_m
306	KrisKristofferson	38	AGE38	7247	7247_KrisKristofferson_38_m
306	KrisKristofferson	72	AGE72	7267	7267_KrisKristofferson_72_m
306	KrisKristofferson	64	AGE64	7261	7261_KrisKristofferson_64_m
306	KrisKristofferson	58	AGE58	7257	7257_KrisKristofferson_58_m
306	KrisKristofferson	70	AGE70	7265	7265_KrisKristofferson_70_m
306	KrisKristofferson	66	AGE66	7262	7262_KrisKristofferson_66_m
306	KrisKristofferson	62	AGE62	7260	7260_KrisKristofferson_62_m
306	KrisKristofferson	49	AGE49	7252	7252_KrisKristofferson_49_m
306	KrisKristofferson	69	AGE69	7264	7264_KrisKristofferson_69_m
306	KrisKristofferson	50	AGE50	7253	7253_KrisKristofferson_50_m
306	KrisKristofferson	73	AGE73	7268	7268_KrisKristofferson_73_m
306	KrisKristofferson	57	AGE57	7256	7256_KrisKristofferson_57_m
306	KrisKristofferson	71	AGE71	7266	7266_KrisKristofferson_71_m
306	KrisKristofferson	40	AGE40	7248	7248_KrisKristofferson_40_m
306	KrisKristofferson	24	AGE24	7242	7242_KrisKristofferson_24_m
306	KrisKristofferson	47	AGE47	7251	7251_KrisKristofferson_47_m
306	KrisKristofferson	52	AGE52	7254	7254_KrisKristofferson_52_m
306	KrisKristofferson	35	AGE35	7244	7244_KrisKristofferson_35_m
306	KrisKristofferson	41	AGE41	7249	7249_KrisKristofferson_41_m
306	KrisKristofferson	60	AGE60	7259	7259_KrisKristofferson_60_m
306	KrisKristofferson	78	AGE78	7270	7270_KrisKristofferson_78_m
307	GiulianoGemma	44	AGE44	7996	7996_GiulianoGemma_44_m
307	GiulianoGemma	43	AGE43	7995	7995_GiulianoGemma_43_m
307	GiulianoGemma	24	AGE24	7977	7977_GiulianoGemma_24_m
307	GiulianoGemma	55	AGE55	8003	8003_GiulianoGemma_55_m
307	GiulianoGemma	51	AGE51	8001	8001_GiulianoGemma_51_m
307	GiulianoGemma	68	AGE68	8011	8011_GiulianoGemma_68_m
307	GiulianoGemma	66	AGE66	8009	8009_GiulianoGemma_66_m
307	GiulianoGemma	45	AGE45	7997	7997_GiulianoGemma_45_m
307	GiulianoGemma	63	AGE63	8006	8006_GiulianoGemma_63_m
307	GiulianoGemma	47	AGE47	7998	7998_GiulianoGemma_47_m
307	GiulianoGemma	62	AGE62	8005	8005_GiulianoGemma_62_m
307	GiulianoGemma	27	AGE27	7980	7980_GiulianoGemma_27_m
307	GiulianoGemma	73	AGE73	8015	8015_GiulianoGemma_73_m
307	GiulianoGemma	69	AGE69	8012	8012_GiulianoGemma_69_m
307	GiulianoGemma	48	AGE48	7999	7999_GiulianoGemma_48_m
307	GiulianoGemma	28	AGE28	7981	7981_GiulianoGemma_28_m
307	GiulianoGemma	36	AGE36	7989	7989_GiulianoGemma_36_m
307	GiulianoGemma	49	AGE49	8000	8000_GiulianoGemma_49_m
307	GiulianoGemma	64	AGE64	8007	8007_GiulianoGemma_64_m
307	GiulianoGemma	42	AGE42	7994	7994_GiulianoGemma_42_m
307	GiulianoGemma	37	AGE37	7990	7990_GiulianoGemma_37_m
307	GiulianoGemma	65	AGE65	8008	8008_GiulianoGemma_65_m
307	GiulianoGemma	38	AGE38	7991	7991_GiulianoGemma_38_m
307	GiulianoGemma	72	AGE72	8014	8014_GiulianoGemma_72_m
307	GiulianoGemma	20	AGE20	7976	7976_GiulianoGemma_20_m
307	GiulianoGemma	33	AGE33	7986	7986_GiulianoGemma_33_m
307	GiulianoGemma	29	AGE29	7982	7982_GiulianoGemma_29_m
307	GiulianoGemma	39	AGE39	7992	7992_GiulianoGemma_39_m
307	GiulianoGemma	32	AGE32	7985	7985_GiulianoGemma_32_m
307	GiulianoGemma	67	AGE67	8010	8010_GiulianoGemma_67_m
307	GiulianoGemma	34	AGE34	7987	7987_GiulianoGemma_34_m
307	GiulianoGemma	60	AGE60	8004	8004_GiulianoGemma_60_m
307	GiulianoGemma	75	AGE75	8016	8016_GiulianoGemma_75_m
307	GiulianoGemma	52	AGE52	8002	8002_GiulianoGemma_52_m
307	GiulianoGemma	35	AGE35	7988	7988_GiulianoGemma_35_m
307	GiulianoGemma	31	AGE31	7984	7984_GiulianoGemma_31_m
307	GiulianoGemma	41	AGE41	7993	7993_GiulianoGemma_41_m
307	GiulianoGemma	25	AGE25	7978	7978_GiulianoGemma_25_m
307	GiulianoGemma	70	AGE70	8013	8013_GiulianoGemma_70_m
307	GiulianoGemma	30	AGE30	7983	7983_GiulianoGemma_30_m
307	GiulianoGemma	26	AGE26	7979	7979_GiulianoGemma_26_m
308	JanetLeigh	71	AGE71	12726	12726_JanetLeigh_71_f
308	JanetLeigh	27	AGE27	12706	12706_JanetLeigh_27_f
308	JanetLeigh	48	AGE48	12720	12720_JanetLeigh_48_f
308	JanetLeigh	53	AGE53	12722	12722_JanetLeigh_53_f
308	JanetLeigh	32	AGE32	12710	12710_JanetLeigh_32_f
308	JanetLeigh	75	AGE75	12729	12729_JanetLeigh_75_f
308	JanetLeigh	31	AGE31	12709	12709_JanetLeigh_31_f
308	JanetLeigh	25	AGE25	12705	12705_JanetLeigh_25_f
308	JanetLeigh	77	AGE77	12731	12731_JanetLeigh_77_f
308	JanetLeigh	39	AGE39	12716	12716_JanetLeigh_39_f
308	JanetLeigh	58	AGE58	12723	12723_JanetLeigh_58_f
308	JanetLeigh	44	AGE44	12718	12718_JanetLeigh_44_f
308	JanetLeigh	74	AGE74	12728	12728_JanetLeigh_74_f
308	JanetLeigh	24	AGE24	12704	12704_JanetLeigh_24_f
308	JanetLeigh	76	AGE76	12730	12730_JanetLeigh_76_f
308	JanetLeigh	73	AGE73	12727	12727_JanetLeigh_73_f
308	JanetLeigh	45	AGE45	12719	12719_JanetLeigh_45_f
308	JanetLeigh	36	AGE36	12713	12713_JanetLeigh_36_f
308	JanetLeigh	51	AGE51	12721	12721_JanetLeigh_51_f
308	JanetLeigh	40	AGE40	12717	12717_JanetLeigh_40_f
308	JanetLeigh	28	AGE28	12707	12707_JanetLeigh_28_f
308	JanetLeigh	35	AGE35	12712	12712_JanetLeigh_35_f
308	JanetLeigh	37	AGE37	12714	12714_JanetLeigh_37_f
308	JanetLeigh	22	AGE22	12702	12702_JanetLeigh_22_f
308	JanetLeigh	30	AGE30	12708	12708_JanetLeigh_30_f
308	JanetLeigh	63	AGE63	12724	12724_JanetLeigh_63_f
308	JanetLeigh	68	AGE68	12725	12725_JanetLeigh_68_f
308	JanetLeigh	23	AGE23	12703	12703_JanetLeigh_23_f
308	JanetLeigh	34	AGE34	12711	12711_JanetLeigh_34_f
308	JanetLeigh	38	AGE38	12715	12715_JanetLeigh_38_f
308	JanetLeigh	21	AGE21	12701	12701_JanetLeigh_21_f
309	WilliamDafoe	30	AGE30	4464	4464_WilliamDafoe_30_m
309	WilliamDafoe	36	AGE36	4466	4466_WilliamDafoe_36_m
309	WilliamDafoe	48	AGE48	4476	4476_WilliamDafoe_48_m
309	WilliamDafoe	29	AGE29	4461	4461_WilliamDafoe_29_m
309	WilliamDafoe	46	AGE46	4474	4474_WilliamDafoe_46_m
309	WilliamDafoe	34	AGE34	4465	4465_WilliamDafoe_34_m
309	WilliamDafoe	44	AGE44	4472	4472_WilliamDafoe_44_m
309	WilliamDafoe	51	AGE51	4480	4480_WilliamDafoe_51_m
309	WilliamDafoe	42	AGE42	4470	4470_WilliamDafoe_42_m
309	WilliamDafoe	49	AGE49	4478	4478_WilliamDafoe_49_m
309	WilliamDafoe	29	AGE29	4462	4462_WilliamDafoe_29_m
309	WilliamDafoe	45	AGE45	4473	4473_WilliamDafoe_45_m
309	WilliamDafoe	26	AGE26	4458	4458_WilliamDafoe_26_m
309	WilliamDafoe	30	AGE30	4463	4463_WilliamDafoe_30_m
309	WilliamDafoe	27	AGE27	4459	4459_WilliamDafoe_27_m
309	WilliamDafoe	51	AGE51	4479	4479_WilliamDafoe_51_m
309	WilliamDafoe	47	AGE47	4475	4475_WilliamDafoe_47_m
309	WilliamDafoe	37	AGE37	4468	4468_WilliamDafoe_37_m
309	WilliamDafoe	42	AGE42	4471	4471_WilliamDafoe_42_m
309	WilliamDafoe	49	AGE49	4477	4477_WilliamDafoe_49_m
309	WilliamDafoe	27	AGE27	4460	4460_WilliamDafoe_27_m
309	WilliamDafoe	38	AGE38	4469	4469_WilliamDafoe_38_m
309	WilliamDafoe	36	AGE36	4467	4467_WilliamDafoe_36_m
309	WilliamDafoe	59	AGE59	4483	4483_WilliamDafoe_59_m
309	WilliamDafoe	52	AGE52	4481	4481_WilliamDafoe_52_m
309	WilliamDafoe	54	AGE54	4482	4482_WilliamDafoe_54_m
310	KevinBacon	24	AGE24	2705	2705_KevinBacon_24_m
310	KevinBacon	26	AGE26	2708	2708_KevinBacon_26_m
310	KevinBacon	34	AGE34	2716	2716_KevinBacon_34_m
310	KevinBacon	56	AGE56	2741	2741_KevinBacon_56_m
310	KevinBacon	49	AGE49	2734	2734_KevinBacon_49_m
310	KevinBacon	30	AGE30	2712	2712_KevinBacon_30_m
310	KevinBacon	38	AGE38	2722	2722_KevinBacon_38_m
310	KevinBacon	25	AGE25	2707	2707_KevinBacon_25_m
310	KevinBacon	29	AGE29	2711	2711_KevinBacon_29_m
310	KevinBacon	54	AGE54	2739	2739_KevinBacon_54_m
310	KevinBacon	39	AGE39	2723	2723_KevinBacon_39_m
310	KevinBacon	37	AGE37	2721	2721_KevinBacon_37_m
310	KevinBacon	37	AGE37	2720	2720_KevinBacon_37_m
310	KevinBacon	31	AGE31	2713	2713_KevinBacon_31_m
310	KevinBacon	51	AGE51	2736	2736_KevinBacon_51_m
310	KevinBacon	35	AGE35	2718	2718_KevinBacon_35_m
310	KevinBacon	36	AGE36	2719	2719_KevinBacon_36_m
310	KevinBacon	23	AGE23	2704	2704_KevinBacon_23_m
310	KevinBacon	42	AGE42	2726	2726_KevinBacon_42_m
310	KevinBacon	48	AGE48	2732	2732_KevinBacon_48_m
310	KevinBacon	52	AGE52	2737	2737_KevinBacon_52_m
310	KevinBacon	21	AGE21	2701	2701_KevinBacon_21_m
310	KevinBacon	55	AGE55	2740	2740_KevinBacon_55_m
310	KevinBacon	20	AGE20	2700	2700_KevinBacon_20_m
310	KevinBacon	49	AGE49	2733	2733_KevinBacon_49_m
310	KevinBacon	32	AGE32	2714	2714_KevinBacon_32_m
310	KevinBacon	22	AGE22	2703	2703_KevinBacon_22_m
310	KevinBacon	33	AGE33	2715	2715_KevinBacon_33_m
310	KevinBacon	50	AGE50	2735	2735_KevinBacon_50_m
310	KevinBacon	53	AGE53	2738	2738_KevinBacon_53_m
310	KevinBacon	44	AGE44	2727	2727_KevinBacon_44_m
310	KevinBacon	47	AGE47	2731	2731_KevinBacon_47_m
310	KevinBacon	22	AGE22	2702	2702_KevinBacon_22_m
310	KevinBacon	20	AGE20	2699	2699_KevinBacon_20_m
310	KevinBacon	28	AGE28	2710	2710_KevinBacon_28_m
310	KevinBacon	41	AGE41	2725	2725_KevinBacon_41_m
310	KevinBacon	40	AGE40	2724	2724_KevinBacon_40_m
310	KevinBacon	24	AGE24	2706	2706_KevinBacon_24_m
310	KevinBacon	46	AGE46	2730	2730_KevinBacon_46_m
310	KevinBacon	34	AGE34	2717	2717_KevinBacon_34_m
310	KevinBacon	44	AGE44	2728	2728_KevinBacon_44_m
310	KevinBacon	45	AGE45	2729	2729_KevinBacon_45_m
310	KevinBacon	27	AGE27	2709	2709_KevinBacon_27_m
311	MonicaVitti	42	AGE42	11194	11194_MonicaVitti_42_f
311	MonicaVitti	31	AGE31	11210	11210_MonicaVitti_31_f
311	MonicaVitti	33	AGE33	11188	11188_MonicaVitti_33_f
311	MonicaVitti	49	AGE49	11200	11200_MonicaVitti_49_f
311	MonicaVitti	34	AGE34	11208	11208_MonicaVitti_34_f
311	MonicaVitti	32	AGE32	11185	11185_MonicaVitti_32_f
311	MonicaVitti	64	AGE64	11207	11207_MonicaVitti_64_f
311	MonicaVitti	29	AGE29	11182	11182_MonicaVitti_29_f
311	MonicaVitti	27	AGE27	11181	11181_MonicaVitti_27_f
311	MonicaVitti	35	AGE35	11212	11212_MonicaVitti_35_f
311	MonicaVitti	36	AGE36	11198	11198_MonicaVitti_36_f
311	MonicaVitti	43	AGE43	11195	11195_MonicaVitti_43_f
311	MonicaVitti	29	AGE29	11214	11214_MonicaVitti_29_f
311	MonicaVitti	30	AGE30	11197	11197_MonicaVitti_30_f
311	MonicaVitti	49	AGE49	11199	11199_MonicaVitti_49_f
311	MonicaVitti	69	AGE69	11215	11215_MonicaVitti_69_f
311	MonicaVitti	33	AGE33	11209	11209_MonicaVitti_33_f
311	MonicaVitti	30	AGE30	11183	11183_MonicaVitti_30_f
311	MonicaVitti	34	AGE34	11203	11203_MonicaVitti_34_f
311	MonicaVitti	59	AGE59	11205	11205_MonicaVitti_59_f
311	MonicaVitti	51	AGE51	11202	11202_MonicaVitti_51_f
311	MonicaVitti	36	AGE36	11189	11189_MonicaVitti_36_f
311	MonicaVitti	57	AGE57	11204	11204_MonicaVitti_57_f
311	MonicaVitti	35	AGE35	11211	11211_MonicaVitti_35_f
311	MonicaVitti	34	AGE34	11187	11187_MonicaVitti_34_f
311	MonicaVitti	44	AGE44	11196	11196_MonicaVitti_44_f
311	MonicaVitti	39	AGE39	11192	11192_MonicaVitti_39_f
311	MonicaVitti	64	AGE64	11191	11191_MonicaVitti_64_f
311	MonicaVitti	51	AGE51	11201	11201_MonicaVitti_51_f
311	MonicaVitti	41	AGE41	11193	11193_MonicaVitti_41_f
311	MonicaVitti	33	AGE33	11186	11186_MonicaVitti_33_f
311	MonicaVitti	37	AGE37	11190	11190_MonicaVitti_37_f
311	MonicaVitti	47	AGE47	11213	11213_MonicaVitti_47_f
311	MonicaVitti	30	AGE30	11184	11184_MonicaVitti_30_f
311	MonicaVitti	35	AGE35	11180	11180_MonicaVitti_35_f
311	MonicaVitti	60	AGE60	11206	11206_MonicaVitti_60_f
312	JohnnyCash	30	AGE30	6495	6495_JohnnyCash_30_m
312	JohnnyCash	25	AGE25	6479	6479_JohnnyCash_25_m
312	JohnnyCash	44	AGE44	6488	6488_JohnnyCash_44_m
312	JohnnyCash	37	AGE37	6499	6499_JohnnyCash_37_m
312	JohnnyCash	29	AGE29	6494	6494_JohnnyCash_29_m
312	JohnnyCash	46	AGE46	6503	6503_JohnnyCash_46_m
312	JohnnyCash	26	AGE26	6480	6480_JohnnyCash_26_m
312	JohnnyCash	38	AGE38	6500	6500_JohnnyCash_38_m
312	JohnnyCash	55	AGE55	6505	6505_JohnnyCash_55_m
312	JohnnyCash	61	AGE61	6509	6509_JohnnyCash_61_m
312	JohnnyCash	51	AGE51	6489	6489_JohnnyCash_51_m
312	JohnnyCash	43	AGE43	6502	6502_JohnnyCash_43_m
312	JohnnyCash	58	AGE58	6492	6492_JohnnyCash_58_m
312	JohnnyCash	40	AGE40	6485	6485_JohnnyCash_40_m
312	JohnnyCash	64	AGE64	6512	6512_JohnnyCash_64_m
312	JohnnyCash	62	AGE62	6510	6510_JohnnyCash_62_m
312	JohnnyCash	18	AGE18	6473	6473_JohnnyCash_18_m
312	JohnnyCash	27	AGE27	6481	6481_JohnnyCash_27_m
312	JohnnyCash	59	AGE59	6507	6507_JohnnyCash_59_m
312	JohnnyCash	48	AGE48	6504	6504_JohnnyCash_48_m
312	JohnnyCash	66	AGE66	6513	6513_JohnnyCash_66_m
312	JohnnyCash	32	AGE32	6483	6483_JohnnyCash_32_m
312	JohnnyCash	39	AGE39	6501	6501_JohnnyCash_39_m
312	JohnnyCash	23	AGE23	6477	6477_JohnnyCash_23_m
312	JohnnyCash	60	AGE60	6508	6508_JohnnyCash_60_m
312	JohnnyCash	21	AGE21	6475	6475_JohnnyCash_21_m
312	JohnnyCash	33	AGE33	6484	6484_JohnnyCash_33_m
312	JohnnyCash	41	AGE41	6486	6486_JohnnyCash_41_m
312	JohnnyCash	42	AGE42	6487	6487_JohnnyCash_42_m
312	JohnnyCash	63	AGE63	6511	6511_JohnnyCash_63_m
312	JohnnyCash	68	AGE68	6514	6514_JohnnyCash_68_m
312	JohnnyCash	31	AGE31	6496	6496_JohnnyCash_31_m
312	JohnnyCash	20	AGE20	6474	6474_JohnnyCash_20_m
312	JohnnyCash	54	AGE54	6491	6491_JohnnyCash_54_m
312	JohnnyCash	35	AGE35	6497	6497_JohnnyCash_35_m
312	JohnnyCash	28	AGE28	6482	6482_JohnnyCash_28_m
312	JohnnyCash	53	AGE53	6490	6490_JohnnyCash_53_m
312	JohnnyCash	69	AGE69	6493	6493_JohnnyCash_69_m
312	JohnnyCash	70	AGE70	6516	6516_JohnnyCash_70_m
312	JohnnyCash	10	AGE10	6472	6472_JohnnyCash_10_m
312	JohnnyCash	22	AGE22	6476	6476_JohnnyCash_22_m
312	JohnnyCash	56	AGE56	6506	6506_JohnnyCash_56_m
312	JohnnyCash	69	AGE69	6515	6515_JohnnyCash_69_m
312	JohnnyCash	24	AGE24	6478	6478_JohnnyCash_24_m
312	JohnnyCash	36	AGE36	6498	6498_JohnnyCash_36_m
313	LeslieCaron	38	AGE38	3454	3454_LeslieCaron_38_m
313	LeslieCaron	45	AGE45	3457	3457_LeslieCaron_45_m
313	LeslieCaron	46	AGE46	3458	3458_LeslieCaron_46_m
313	LeslieCaron	80	AGE80	3480	3480_LeslieCaron_80_m
313	LeslieCaron	32	AGE32	3450	3450_LeslieCaron_32_m
313	LeslieCaron	79	AGE79	3479	3479_LeslieCaron_79_m
313	LeslieCaron	70	AGE70	3471	3471_LeslieCaron_70_m
313	LeslieCaron	22	AGE22	3444	3444_LeslieCaron_22_m
313	LeslieCaron	61	AGE61	3466	3466_LeslieCaron_61_m
313	LeslieCaron	65	AGE65	3468	3468_LeslieCaron_65_m
313	LeslieCaron	39	AGE39	3455	3455_LeslieCaron_39_m
313	LeslieCaron	76	AGE76	3476	3476_LeslieCaron_76_m
313	LeslieCaron	64	AGE64	3467	3467_LeslieCaron_64_m
313	LeslieCaron	51	AGE51	3461	3461_LeslieCaron_51_m
313	LeslieCaron	36	AGE36	3453	3453_LeslieCaron_36_m
313	LeslieCaron	54	AGE54	3463	3463_LeslieCaron_54_m
313	LeslieCaron	24	AGE24	3445	3445_LeslieCaron_24_m
313	LeslieCaron	74	AGE74	3474	3474_LeslieCaron_74_m
313	LeslieCaron	34	AGE34	3452	3452_LeslieCaron_34_m
313	LeslieCaron	69	AGE69	3470	3470_LeslieCaron_69_m
313	LeslieCaron	41	AGE41	3456	3456_LeslieCaron_41_m
313	LeslieCaron	72	AGE72	3472	3472_LeslieCaron_72_m
313	LeslieCaron	73	AGE73	3473	3473_LeslieCaron_73_m
313	LeslieCaron	66	AGE66	3469	3469_LeslieCaron_66_m
313	LeslieCaron	78	AGE78	3478	3478_LeslieCaron_78_m
313	LeslieCaron	59	AGE59	3465	3465_LeslieCaron_59_m
313	LeslieCaron	56	AGE56	3464	3464_LeslieCaron_56_m
313	LeslieCaron	31	AGE31	3449	3449_LeslieCaron_31_m
313	LeslieCaron	25	AGE25	3446	3446_LeslieCaron_25_m
313	LeslieCaron	29	AGE29	3448	3448_LeslieCaron_29_m
313	LeslieCaron	27	AGE27	3447	3447_LeslieCaron_27_m
313	LeslieCaron	75	AGE75	3475	3475_LeslieCaron_75_m
313	LeslieCaron	53	AGE53	3462	3462_LeslieCaron_53_m
313	LeslieCaron	77	AGE77	3477	3477_LeslieCaron_77_m
313	LeslieCaron	81	AGE81	3481	3481_LeslieCaron_81_m
313	LeslieCaron	83	AGE83	3482	3482_LeslieCaron_83_m
313	LeslieCaron	20	AGE20	3443	3443_LeslieCaron_20_m
313	LeslieCaron	47	AGE47	3459	3459_LeslieCaron_47_m
313	LeslieCaron	33	AGE33	3451	3451_LeslieCaron_33_m
313	LeslieCaron	49	AGE49	3460	3460_LeslieCaron_49_m
314	YannisRitsos	55	AGE55	1516	1516_YannisRitsos_55_m
314	YannisRitsos	57	AGE57	1523	1523_YannisRitsos_57_m
314	YannisRitsos	62	AGE62	1520	1520_YannisRitsos_62_m
314	YannisRitsos	58	AGE58	1510	1510_YannisRitsos_58_m
314	YannisRitsos	27	AGE27	1513	1513_YannisRitsos_27_m
314	YannisRitsos	67	AGE67	1521	1521_YannisRitsos_67_m
314	YannisRitsos	65	AGE65	1517	1517_YannisRitsos_65_m
314	YannisRitsos	41	AGE41	1515	1515_YannisRitsos_41_m
314	YannisRitsos	70	AGE70	1519	1519_YannisRitsos_70_m
314	YannisRitsos	63	AGE63	1511	1511_YannisRitsos_63_m
314	YannisRitsos	45	AGE45	1518	1518_YannisRitsos_45_m
314	YannisRitsos	25	AGE25	1512	1512_YannisRitsos_25_m
314	YannisRitsos	70	AGE70	1522	1522_YannisRitsos_70_m
314	YannisRitsos	29	AGE29	1514	1514_YannisRitsos_29_m
315	DirkBogarde	56	AGE56	6256	6256_DirkBogarde_56_m
315	DirkBogarde	72	AGE72	6264	6264_DirkBogarde_72_m
315	DirkBogarde	38	AGE38	6240	6240_DirkBogarde_38_m
315	DirkBogarde	41	AGE41	6244	6244_DirkBogarde_41_m
315	DirkBogarde	33	AGE33	6234	6234_DirkBogarde_33_m
315	DirkBogarde	51	AGE51	6251	6251_DirkBogarde_51_m
315	DirkBogarde	52	AGE52	6252	6252_DirkBogarde_52_m
315	DirkBogarde	23	AGE23	6229	6229_DirkBogarde_23_m
315	DirkBogarde	43	AGE43	6246	6246_DirkBogarde_43_m
315	DirkBogarde	40	AGE40	6243	6243_DirkBogarde_40_m
315	DirkBogarde	60	AGE60	6258	6258_DirkBogarde_60_m
315	DirkBogarde	42	AGE42	6245	6245_DirkBogarde_42_m
315	DirkBogarde	45	AGE45	6247	6247_DirkBogarde_45_m
315	DirkBogarde	65	AGE65	6261	6261_DirkBogarde_65_m
315	DirkBogarde	18	AGE18	6224	6224_DirkBogarde_18_m
315	DirkBogarde	32	AGE32	6233	6233_DirkBogarde_32_m
315	DirkBogarde	36	AGE36	6237	6237_DirkBogarde_36_m
315	DirkBogarde	31	AGE31	6231	6231_DirkBogarde_31_m
315	DirkBogarde	34	AGE34	6235	6235_DirkBogarde_34_m
315	DirkBogarde	56	AGE56	6255	6255_DirkBogarde_56_m
315	DirkBogarde	39	AGE39	6241	6241_DirkBogarde_39_m
315	DirkBogarde	65	AGE65	6260	6260_DirkBogarde_65_m
315	DirkBogarde	54	AGE54	6254	6254_DirkBogarde_54_m
315	DirkBogarde	53	AGE53	6253	6253_DirkBogarde_53_m
315	DirkBogarde	22	AGE22	6225	6225_DirkBogarde_22_m
315	DirkBogarde	27	AGE27	6227	6227_DirkBogarde_27_m
315	DirkBogarde	62	AGE62	6259	6259_DirkBogarde_62_m
315	DirkBogarde	57	AGE57	6257	6257_DirkBogarde_57_m
315	DirkBogarde	29	AGE29	6230	6230_DirkBogarde_29_m
315	DirkBogarde	67	AGE67	6262	6262_DirkBogarde_67_m
315	DirkBogarde	35	AGE35	6236	6236_DirkBogarde_35_m
315	DirkBogarde	37	AGE37	6238	6238_DirkBogarde_37_m
315	DirkBogarde	46	AGE46	6249	6249_DirkBogarde_46_m
315	DirkBogarde	28	AGE28	6228	6228_DirkBogarde_28_m
315	DirkBogarde	11	AGE11	6223	6223_DirkBogarde_11_m
315	DirkBogarde	69	AGE69	6263	6263_DirkBogarde_69_m
315	DirkBogarde	47	AGE47	6250	6250_DirkBogarde_47_m
315	DirkBogarde	37	AGE37	6239	6239_DirkBogarde_37_m
315	DirkBogarde	31	AGE31	6232	6232_DirkBogarde_31_m
315	DirkBogarde	40	AGE40	6242	6242_DirkBogarde_40_m
315	DirkBogarde	45	AGE45	6248	6248_DirkBogarde_45_m
315	DirkBogarde	27	AGE27	6226	6226_DirkBogarde_27_m
316	MegRyan	50	AGE50	9696	9696_MegRyan_50_f
316	MegRyan	33	AGE33	9680	9680_MegRyan_33_f
316	MegRyan	28	AGE28	9675	9675_MegRyan_28_f
316	MegRyan	51	AGE51	9697	9697_MegRyan_51_f
316	MegRyan	19	AGE19	9668	9668_MegRyan_19_f
316	MegRyan	49	AGE49	9695	9695_MegRyan_49_f
316	MegRyan	35	AGE35	9681	9681_MegRyan_35_f
316	MegRyan	44	AGE44	9690	9690_MegRyan_44_f
316	MegRyan	77	AGE77	9700	9700_MegRyan_77_f
316	MegRyan	38	AGE38	9684	9684_MegRyan_38_f
316	MegRyan	29	AGE29	9676	9676_MegRyan_29_f
316	MegRyan	48	AGE48	9694	9694_MegRyan_48_f
316	MegRyan	22	AGE22	9669	9669_MegRyan_22_f
316	MegRyan	53	AGE53	9699	9699_MegRyan_53_f
316	MegRyan	52	AGE52	9698	9698_MegRyan_52_f
316	MegRyan	36	AGE36	9682	9682_MegRyan_36_f
316	MegRyan	32	AGE32	9679	9679_MegRyan_32_f
316	MegRyan	47	AGE47	9693	9693_MegRyan_47_f
316	MegRyan	41	AGE41	9687	9687_MegRyan_41_f
316	MegRyan	40	AGE40	9686	9686_MegRyan_40_f
316	MegRyan	46	AGE46	9692	9692_MegRyan_46_f
316	MegRyan	23	AGE23	9670	9670_MegRyan_23_f
316	MegRyan	25	AGE25	9672	9672_MegRyan_25_f
316	MegRyan	45	AGE45	9691	9691_MegRyan_45_f
316	MegRyan	31	AGE31	9678	9678_MegRyan_31_f
316	MegRyan	39	AGE39	9685	9685_MegRyan_39_f
316	MegRyan	7	AGE7	9667	9667_MegRyan_7_f
316	MegRyan	37	AGE37	9683	9683_MegRyan_37_f
316	MegRyan	27	AGE27	9674	9674_MegRyan_27_f
316	MegRyan	43	AGE43	9689	9689_MegRyan_43_f
316	MegRyan	24	AGE24	9671	9671_MegRyan_24_f
316	MegRyan	30	AGE30	9677	9677_MegRyan_30_f
316	MegRyan	42	AGE42	9688	9688_MegRyan_42_f
316	MegRyan	26	AGE26	9673	9673_MegRyan_26_f
317	BillMurray	53	AGE53	2412	2412_BillMurray_53_m
317	BillMurray	46	AGE46	2403	2403_BillMurray_46_m
317	BillMurray	53	AGE53	2413	2413_BillMurray_53_m
317	BillMurray	61	AGE61	2419	2419_BillMurray_61_m
317	BillMurray	62	AGE62	2420	2420_BillMurray_62_m
317	BillMurray	33	AGE33	2394	2394_BillMurray_33_m
317	BillMurray	47	AGE47	2406	2406_BillMurray_47_m
317	BillMurray	34	AGE34	2396	2396_BillMurray_34_m
317	BillMurray	39	AGE39	2398	2398_BillMurray_39_m
317	BillMurray	30	AGE30	2391	2391_BillMurray_30_m
317	BillMurray	47	AGE47	2405	2405_BillMurray_47_m
317	BillMurray	60	AGE60	2418	2418_BillMurray_60_m
317	BillMurray	30	AGE30	2390	2390_BillMurray_30_m
317	BillMurray	54	AGE54	2414	2414_BillMurray_54_m
317	BillMurray	40	AGE40	2400	2400_BillMurray_40_m
317	BillMurray	38	AGE38	2397	2397_BillMurray_38_m
317	BillMurray	49	AGE49	2408	2408_BillMurray_49_m
317	BillMurray	34	AGE34	2395	2395_BillMurray_34_m
317	BillMurray	31	AGE31	2392	2392_BillMurray_31_m
317	BillMurray	51	AGE51	2410	2410_BillMurray_51_m
317	BillMurray	46	AGE46	2404	2404_BillMurray_46_m
317	BillMurray	48	AGE48	2407	2407_BillMurray_48_m
317	BillMurray	59	AGE59	2417	2417_BillMurray_59_m
317	BillMurray	63	AGE63	2421	2421_BillMurray_63_m
317	BillMurray	55	AGE55	2415	2415_BillMurray_55_m
317	BillMurray	27	AGE27	2388	2388_BillMurray_27_m
317	BillMurray	26	AGE26	2386	2386_BillMurray_26_m
317	BillMurray	53	AGE53	2411	2411_BillMurray_53_m
317	BillMurray	41	AGE41	2401	2401_BillMurray_41_m
317	BillMurray	44	AGE44	2402	2402_BillMurray_44_m
317	BillMurray	29	AGE29	2389	2389_BillMurray_29_m
317	BillMurray	57	AGE57	2416	2416_BillMurray_57_m
317	BillMurray	27	AGE27	2387	2387_BillMurray_27_m
317	BillMurray	32	AGE32	2393	2393_BillMurray_32_m
317	BillMurray	50	AGE50	2409	2409_BillMurray_50_m
317	BillMurray	39	AGE39	2399	2399_BillMurray_39_m
317	BillMurray	64	AGE64	2422	2422_BillMurray_64_m
318	EsteeLauder	26	AGE26	26	26_EsteeLauder_26_f
318	EsteeLauder	72	AGE72	42	42_EsteeLauder_72_f
318	EsteeLauder	82	AGE82	31	31_EsteeLauder_82_f
318	EsteeLauder	38	AGE38	34	34_EsteeLauder_38_f
318	EsteeLauder	65	AGE65	37	37_EsteeLauder_65_f
318	EsteeLauder	50	AGE50	33	33_EsteeLauder_50_f
318	EsteeLauder	75	AGE75	32	32_EsteeLauder_75_f
318	EsteeLauder	48	AGE48	25	25_EsteeLauder_48_f
318	EsteeLauder	64	AGE64	39	39_EsteeLauder_64_f
318	EsteeLauder	65	AGE65	36	36_EsteeLauder_65_f
318	EsteeLauder	52	AGE52	24	24_EsteeLauder_52_f
318	EsteeLauder	54	AGE54	40	40_EsteeLauder_54_f
318	EsteeLauder	77	AGE77	28	28_EsteeLauder_77_f
318	EsteeLauder	78	AGE78	30	30_EsteeLauder_78_f
318	EsteeLauder	72	AGE72	27	27_EsteeLauder_72_f
318	EsteeLauder	64	AGE64	41	41_EsteeLauder_64_f
318	EsteeLauder	75	AGE75	35	35_EsteeLauder_75_f
318	EsteeLauder	57	AGE57	29	29_EsteeLauder_57_f
318	EsteeLauder	70	AGE70	38	38_EsteeLauder_70_f
319	RingoStarr	60	AGE60	3707	3707_RingoStarr_60_m
319	RingoStarr	73	AGE73	3715	3715_RingoStarr_73_m
319	RingoStarr	58	AGE58	3705	3705_RingoStarr_58_m
319	RingoStarr	26	AGE26	3685	3685_RingoStarr_26_m
319	RingoStarr	40	AGE40	3697	3697_RingoStarr_40_m
319	RingoStarr	23	AGE23	3681	3681_RingoStarr_23_m
319	RingoStarr	29	AGE29	3688	3688_RingoStarr_29_m
319	RingoStarr	33	AGE33	3693	3693_RingoStarr_33_m
319	RingoStarr	74	AGE74	3716	3716_RingoStarr_74_m
319	RingoStarr	45	AGE45	3701	3701_RingoStarr_45_m
319	RingoStarr	28	AGE28	3687	3687_RingoStarr_28_m
319	RingoStarr	53	AGE53	3704	3704_RingoStarr_53_m
319	RingoStarr	29	AGE29	3689	3689_RingoStarr_29_m
319	RingoStarr	71	AGE71	3714	3714_RingoStarr_71_m
319	RingoStarr	27	AGE27	3686	3686_RingoStarr_27_m
319	RingoStarr	42	AGE42	3699	3699_RingoStarr_42_m
319	RingoStarr	67	AGE67	3711	3711_RingoStarr_67_m
319	RingoStarr	68	AGE68	3712	3712_RingoStarr_68_m
319	RingoStarr	62	AGE62	3708	3708_RingoStarr_62_m
319	RingoStarr	38	AGE38	3696	3696_RingoStarr_38_m
319	RingoStarr	31	AGE31	3691	3691_RingoStarr_31_m
319	RingoStarr	66	AGE66	3710	3710_RingoStarr_66_m
319	RingoStarr	35	AGE35	3695	3695_RingoStarr_35_m
319	RingoStarr	24	AGE24	3683	3683_RingoStarr_24_m
319	RingoStarr	41	AGE41	3698	3698_RingoStarr_41_m
319	RingoStarr	24	AGE24	3682	3682_RingoStarr_24_m
319	RingoStarr	30	AGE30	3690	3690_RingoStarr_30_m
319	RingoStarr	59	AGE59	3706	3706_RingoStarr_59_m
319	RingoStarr	51	AGE51	3703	3703_RingoStarr_51_m
319	RingoStarr	63	AGE63	3709	3709_RingoStarr_63_m
319	RingoStarr	34	AGE34	3694	3694_RingoStarr_34_m
319	RingoStarr	32	AGE32	3692	3692_RingoStarr_32_m
319	RingoStarr	48	AGE48	3702	3702_RingoStarr_48_m
319	RingoStarr	70	AGE70	3713	3713_RingoStarr_70_m
319	RingoStarr	43	AGE43	3700	3700_RingoStarr_43_m
319	RingoStarr	25	AGE25	3684	3684_RingoStarr_25_m
320	TippiHedren	55	AGE55	10885	10885_TippiHedren_55_f
320	TippiHedren	22	AGE22	10877	10877_TippiHedren_22_f
320	TippiHedren	76	AGE76	10901	10901_TippiHedren_76_f
320	TippiHedren	79	AGE79	10903	10903_TippiHedren_79_f
320	TippiHedren	49	AGE49	10881	10881_TippiHedren_49_f
320	TippiHedren	74	AGE74	10900	10900_TippiHedren_74_f
320	TippiHedren	39	AGE39	10879	10879_TippiHedren_39_f
320	TippiHedren	73	AGE73	10899	10899_TippiHedren_73_f
320	TippiHedren	52	AGE52	10883	10883_TippiHedren_52_f
320	TippiHedren	71	AGE71	10898	10898_TippiHedren_71_f
320	TippiHedren	63	AGE63	10888	10888_TippiHedren_63_f
320	TippiHedren	68	AGE68	10895	10895_TippiHedren_68_f
320	TippiHedren	67	AGE67	10894	10894_TippiHedren_67_f
320	TippiHedren	69	AGE69	10896	10896_TippiHedren_69_f
320	TippiHedren	51	AGE51	10882	10882_TippiHedren_51_f
320	TippiHedren	37	AGE37	10878	10878_TippiHedren_37_f
320	TippiHedren	52	AGE52	10884	10884_TippiHedren_52_f
320	TippiHedren	64	AGE64	10890	10890_TippiHedren_64_f
320	TippiHedren	58	AGE58	10886	10886_TippiHedren_58_f
320	TippiHedren	65	AGE65	10891	10891_TippiHedren_65_f
320	TippiHedren	77	AGE77	10902	10902_TippiHedren_77_f
320	TippiHedren	60	AGE60	10887	10887_TippiHedren_60_f
320	TippiHedren	64	AGE64	10889	10889_TippiHedren_64_f
320	TippiHedren	70	AGE70	10897	10897_TippiHedren_70_f
320	TippiHedren	67	AGE67	10893	10893_TippiHedren_67_f
320	TippiHedren	46	AGE46	10880	10880_TippiHedren_46_f
320	TippiHedren	66	AGE66	10892	10892_TippiHedren_66_f
321	DannyDeVito	60	AGE60	3154	3154_DannyDeVito_60_m
321	DannyDeVito	65	AGE65	3158	3158_DannyDeVito_65_m
321	DannyDeVito	50	AGE50	3147	3147_DannyDeVito_50_m
321	DannyDeVito	44	AGE44	3143	3143_DannyDeVito_44_m
321	DannyDeVito	63	AGE63	3156	3156_DannyDeVito_63_m
321	DannyDeVito	64	AGE64	3157	3157_DannyDeVito_64_m
321	DannyDeVito	57	AGE57	3151	3151_DannyDeVito_57_m
321	DannyDeVito	61	AGE61	3155	3155_DannyDeVito_61_m
321	DannyDeVito	43	AGE43	3142	3142_DannyDeVito_43_m
321	DannyDeVito	49	AGE49	3146	3146_DannyDeVito_49_m
321	DannyDeVito	59	AGE59	3153	3153_DannyDeVito_59_m
321	DannyDeVito	54	AGE54	3149	3149_DannyDeVito_54_m
321	DannyDeVito	48	AGE48	3145	3145_DannyDeVito_48_m
321	DannyDeVito	37	AGE37	3139	3139_DannyDeVito_37_m
321	DannyDeVito	42	AGE42	3141	3141_DannyDeVito_42_m
321	DannyDeVito	35	AGE35	3138	3138_DannyDeVito_35_m
321	DannyDeVito	65	AGE65	3159	3159_DannyDeVito_65_m
321	DannyDeVito	55	AGE55	3150	3150_DannyDeVito_55_m
321	DannyDeVito	38	AGE38	3140	3140_DannyDeVito_38_m
321	DannyDeVito	31	AGE31	3137	3137_DannyDeVito_31_m
321	DannyDeVito	58	AGE58	3152	3152_DannyDeVito_58_m
321	DannyDeVito	16	AGE16	3136	3136_DannyDeVito_16_m
321	DannyDeVito	53	AGE53	3148	3148_DannyDeVito_53_m
321	DannyDeVito	47	AGE47	3144	3144_DannyDeVito_47_m
322	AlbertCamus	44	AGE44	1318	1318_AlbertCamus_44_m
322	AlbertCamus	42	AGE42	1320	1320_AlbertCamus_42_m
322	AlbertCamus	35	AGE35	1329	1329_AlbertCamus_35_m
322	AlbertCamus	7	AGE7	1312	1312_AlbertCamus_7_m
322	AlbertCamus	40	AGE40	1321	1321_AlbertCamus_40_m
322	AlbertCamus	37	AGE37	1334	1334_AlbertCamus_37_m
322	AlbertCamus	30	AGE30	1323	1323_AlbertCamus_30_m
322	AlbertCamus	40	AGE40	1328	1328_AlbertCamus_40_m
322	AlbertCamus	37	AGE37	1316	1316_AlbertCamus_37_m
322	AlbertCamus	34	AGE34	1317	1317_AlbertCamus_34_m
322	AlbertCamus	34	AGE34	1322	1322_AlbertCamus_34_m
322	AlbertCamus	40	AGE40	1330	1330_AlbertCamus_40_m
322	AlbertCamus	42	AGE42	1326	1326_AlbertCamus_42_m
322	AlbertCamus	33	AGE33	1315	1315_AlbertCamus_33_m
322	AlbertCamus	40	AGE40	1332	1332_AlbertCamus_40_m
322	AlbertCamus	42	AGE42	1324	1324_AlbertCamus_42_m
322	AlbertCamus	38	AGE38	1319	1319_AlbertCamus_38_m
322	AlbertCamus	39	AGE39	1327	1327_AlbertCamus_39_m
322	AlbertCamus	39	AGE39	1331	1331_AlbertCamus_39_m
322	AlbertCamus	43	AGE43	1333	1333_AlbertCamus_43_m
322	AlbertCamus	42	AGE42	1335	1335_AlbertCamus_42_m
322	AlbertCamus	17	AGE17	1314	1314_AlbertCamus_17_m
322	AlbertCamus	11	AGE11	1313	1313_AlbertCamus_11_m
322	AlbertCamus	36	AGE36	1325	1325_AlbertCamus_36_m
323	JohnJames	28	AGE28	2026	2026_JohnJames_28_m
323	JohnJames	32	AGE32	2031	2031_JohnJames_32_m
323	JohnJames	41	AGE41	2037	2037_JohnJames_41_m
323	JohnJames	47	AGE47	2040	2040_JohnJames_47_m
323	JohnJames	28	AGE28	2027	2027_JohnJames_28_m
323	JohnJames	23	AGE23	2020	2020_JohnJames_23_m
323	JohnJames	34	AGE34	2033	2033_JohnJames_34_m
323	JohnJames	35	AGE35	2034	2034_JohnJames_35_m
323	JohnJames	33	AGE33	2032	2032_JohnJames_33_m
323	JohnJames	59	AGE59	2046	2046_JohnJames_59_m
323	JohnJames	44	AGE44	2038	2038_JohnJames_44_m
323	JohnJames	29	AGE29	2028	2028_JohnJames_29_m
323	JohnJames	51	AGE51	2043	2043_JohnJames_51_m
323	JohnJames	46	AGE46	2039	2039_JohnJames_46_m
323	JohnJames	52	AGE52	2044	2044_JohnJames_52_m
323	JohnJames	31	AGE31	2030	2030_JohnJames_31_m
323	JohnJames	30	AGE30	2029	2029_JohnJames_30_m
323	JohnJames	27	AGE27	2025	2025_JohnJames_27_m
323	JohnJames	26	AGE26	2024	2024_JohnJames_26_m
323	JohnJames	24	AGE24	2021	2021_JohnJames_24_m
323	JohnJames	25	AGE25	2023	2023_JohnJames_25_m
323	JohnJames	24	AGE24	2022	2022_JohnJames_24_m
323	JohnJames	49	AGE49	2041	2041_JohnJames_49_m
323	JohnJames	50	AGE50	2042	2042_JohnJames_50_m
323	JohnJames	55	AGE55	2045	2045_JohnJames_55_m
323	JohnJames	39	AGE39	2036	2036_JohnJames_39_m
323	JohnJames	36	AGE36	2035	2035_JohnJames_36_m
324	JaneAsher	20	AGE20	9801	9801_JaneAsher_20_f
324	JaneAsher	56	AGE56	9815	9815_JaneAsher_56_f
324	JaneAsher	24	AGE24	9802	9802_JaneAsher_24_f
324	JaneAsher	59	AGE59	9817	9817_JaneAsher_59_f
324	JaneAsher	28	AGE28	9806	9806_JaneAsher_28_f
324	JaneAsher	53	AGE53	9813	9813_JaneAsher_53_f
324	JaneAsher	18	AGE18	9799	9799_JaneAsher_18_f
324	JaneAsher	67	AGE67	9822	9822_JaneAsher_67_f
324	JaneAsher	47	AGE47	9811	9811_JaneAsher_47_f
324	JaneAsher	12	AGE12	9793	9793_JaneAsher_12_f
324	JaneAsher	8	AGE8	9791	9791_JaneAsher_8_f
324	JaneAsher	39	AGE39	9809	9809_JaneAsher_39_f
324	JaneAsher	9	AGE9	9792	9792_JaneAsher_9_f
324	JaneAsher	58	AGE58	9816	9816_JaneAsher_58_f
324	JaneAsher	25	AGE25	9804	9804_JaneAsher_25_f
324	JaneAsher	51	AGE51	9812	9812_JaneAsher_51_f
324	JaneAsher	24	AGE24	9803	9803_JaneAsher_24_f
324	JaneAsher	55	AGE55	9814	9814_JaneAsher_55_f
324	JaneAsher	17	AGE17	9798	9798_JaneAsher_17_f
324	JaneAsher	64	AGE64	9820	9820_JaneAsher_64_f
324	JaneAsher	26	AGE26	9805	9805_JaneAsher_26_f
324	JaneAsher	19	AGE19	9800	9800_JaneAsher_19_f
324	JaneAsher	12	AGE12	9794	9794_JaneAsher_12_f
324	JaneAsher	17	AGE17	9797	9797_JaneAsher_17_f
324	JaneAsher	65	AGE65	9821	9821_JaneAsher_65_f
324	JaneAsher	7	AGE7	9790	9790_JaneAsher_7_f
324	JaneAsher	32	AGE32	9808	9808_JaneAsher_32_f
324	JaneAsher	44	AGE44	9810	9810_JaneAsher_44_f
324	JaneAsher	15	AGE15	9795	9795_JaneAsher_15_f
324	JaneAsher	6	AGE6	9789	9789_JaneAsher_6_f
324	JaneAsher	16	AGE16	9796	9796_JaneAsher_16_f
324	JaneAsher	63	AGE63	9819	9819_JaneAsher_63_f
324	JaneAsher	29	AGE29	9807	9807_JaneAsher_29_f
324	JaneAsher	62	AGE62	9818	9818_JaneAsher_62_f
325	tomselleck	49	AGE49	2967	2967_tomselleck_49_m
325	tomselleck	39	AGE39	2960	2960_tomselleck_39_m
325	tomselleck	38	AGE38	2959	2959_tomselleck_38_m
325	tomselleck	37	AGE37	2957	2957_tomselleck_37_m
325	tomselleck	40	AGE40	2961	2961_tomselleck_40_m
325	tomselleck	37	AGE37	2956	2956_tomselleck_37_m
325	tomselleck	61	AGE61	2977	2977_tomselleck_61_m
325	tomselleck	52	AGE52	2970	2970_tomselleck_52_m
325	tomselleck	52	AGE52	2971	2971_tomselleck_52_m
325	tomselleck	69	AGE69	2983	2983_tomselleck_69_m
325	tomselleck	41	AGE41	2962	2962_tomselleck_41_m
325	tomselleck	60	AGE60	2976	2976_tomselleck_60_m
325	tomselleck	33	AGE33	2952	2952_tomselleck_33_m
325	tomselleck	62	AGE62	2978	2978_tomselleck_62_m
325	tomselleck	47	AGE47	2966	2966_tomselleck_47_m
325	tomselleck	68	AGE68	2982	2982_tomselleck_68_m
325	tomselleck	38	AGE38	2958	2958_tomselleck_38_m
325	tomselleck	51	AGE51	2969	2969_tomselleck_51_m
325	tomselleck	66	AGE66	2981	2981_tomselleck_66_m
325	tomselleck	45	AGE45	2965	2965_tomselleck_45_m
325	tomselleck	42	AGE42	2963	2963_tomselleck_42_m
325	tomselleck	58	AGE58	2974	2974_tomselleck_58_m
325	tomselleck	59	AGE59	2975	2975_tomselleck_59_m
325	tomselleck	65	AGE65	2980	2980_tomselleck_65_m
325	tomselleck	57	AGE57	2973	2973_tomselleck_57_m
325	tomselleck	54	AGE54	2972	2972_tomselleck_54_m
325	tomselleck	44	AGE44	2964	2964_tomselleck_44_m
325	tomselleck	64	AGE64	2979	2979_tomselleck_64_m
325	tomselleck	50	AGE50	2968	2968_tomselleck_50_m
325	tomselleck	35	AGE35	2954	2954_tomselleck_35_m
325	tomselleck	34	AGE34	2953	2953_tomselleck_34_m
325	tomselleck	36	AGE36	2955	2955_tomselleck_36_m
326	SteveKanaly	33	AGE33	3843	3843_SteveKanaly_33_m
326	SteveKanaly	54	AGE54	3857	3857_SteveKanaly_54_m
326	SteveKanaly	48	AGE48	3854	3854_SteveKanaly_48_m
326	SteveKanaly	37	AGE37	3847	3847_SteveKanaly_37_m
326	SteveKanaly	30	AGE30	3840	3840_SteveKanaly_30_m
326	SteveKanaly	50	AGE50	3855	3855_SteveKanaly_50_m
326	SteveKanaly	34	AGE34	3844	3844_SteveKanaly_34_m
326	SteveKanaly	62	AGE62	3860	3860_SteveKanaly_62_m
326	SteveKanaly	65	AGE65	3862	3862_SteveKanaly_65_m
326	SteveKanaly	58	AGE58	3858	3858_SteveKanaly_58_m
326	SteveKanaly	52	AGE52	3856	3856_SteveKanaly_52_m
326	SteveKanaly	36	AGE36	3846	3846_SteveKanaly_36_m
326	SteveKanaly	69	AGE69	3863	3863_SteveKanaly_69_m
326	SteveKanaly	39	AGE39	3848	3848_SteveKanaly_39_m
326	SteveKanaly	46	AGE46	3853	3853_SteveKanaly_46_m
326	SteveKanaly	35	AGE35	3845	3845_SteveKanaly_35_m
326	SteveKanaly	31	AGE31	3841	3841_SteveKanaly_31_m
326	SteveKanaly	43	AGE43	3852	3852_SteveKanaly_43_m
326	SteveKanaly	63	AGE63	3861	3861_SteveKanaly_63_m
326	SteveKanaly	32	AGE32	3842	3842_SteveKanaly_32_m
326	SteveKanaly	29	AGE29	3839	3839_SteveKanaly_29_m
326	SteveKanaly	27	AGE27	3837	3837_SteveKanaly_27_m
326	SteveKanaly	41	AGE41	3850	3850_SteveKanaly_41_m
326	SteveKanaly	40	AGE40	3849	3849_SteveKanaly_40_m
326	SteveKanaly	28	AGE28	3838	3838_SteveKanaly_28_m
326	SteveKanaly	26	AGE26	3836	3836_SteveKanaly_26_m
326	SteveKanaly	42	AGE42	3851	3851_SteveKanaly_42_m
326	SteveKanaly	61	AGE61	3859	3859_SteveKanaly_61_m
327	TommyLeeJones	45	AGE45	5741	5741_TommyLeeJones_45_m
327	TommyLeeJones	57	AGE57	5753	5753_TommyLeeJones_57_m
327	TommyLeeJones	54	AGE54	5751	5751_TommyLeeJones_54_m
327	TommyLeeJones	60	AGE60	5755	5755_TommyLeeJones_60_m
327	TommyLeeJones	51	AGE51	5748	5748_TommyLeeJones_51_m
327	TommyLeeJones	39	AGE39	5737	5737_TommyLeeJones_39_m
327	TommyLeeJones	63	AGE63	5757	5757_TommyLeeJones_63_m
327	TommyLeeJones	62	AGE62	5756	5756_TommyLeeJones_62_m
327	TommyLeeJones	59	AGE59	5754	5754_TommyLeeJones_59_m
327	TommyLeeJones	41	AGE41	5738	5738_TommyLeeJones_41_m
327	TommyLeeJones	30	AGE30	5730	5730_TommyLeeJones_30_m
327	TommyLeeJones	37	AGE37	5735	5735_TommyLeeJones_37_m
327	TommyLeeJones	57	AGE57	5752	5752_TommyLeeJones_57_m
327	TommyLeeJones	18	AGE18	5725	5725_TommyLeeJones_18_m
327	TommyLeeJones	42	AGE42	5739	5739_TommyLeeJones_42_m
327	TommyLeeJones	24	AGE24	5727	5727_TommyLeeJones_24_m
327	TommyLeeJones	23	AGE23	5726	5726_TommyLeeJones_23_m
327	TommyLeeJones	34	AGE34	5734	5734_TommyLeeJones_34_m
327	TommyLeeJones	48	AGE48	5744	5744_TommyLeeJones_48_m
327	TommyLeeJones	47	AGE47	5743	5743_TommyLeeJones_47_m
327	TommyLeeJones	53	AGE53	5750	5750_TommyLeeJones_53_m
327	TommyLeeJones	52	AGE52	5749	5749_TommyLeeJones_52_m
327	TommyLeeJones	63	AGE63	5758	5758_TommyLeeJones_63_m
327	TommyLeeJones	25	AGE25	5728	5728_TommyLeeJones_25_m
327	TommyLeeJones	46	AGE46	5742	5742_TommyLeeJones_46_m
327	TommyLeeJones	32	AGE32	5733	5733_TommyLeeJones_32_m
327	TommyLeeJones	49	AGE49	5745	5745_TommyLeeJones_49_m
327	TommyLeeJones	31	AGE31	5732	5732_TommyLeeJones_31_m
327	TommyLeeJones	43	AGE43	5740	5740_TommyLeeJones_43_m
327	TommyLeeJones	51	AGE51	5747	5747_TommyLeeJones_51_m
327	TommyLeeJones	30	AGE30	5731	5731_TommyLeeJones_30_m
327	TommyLeeJones	65	AGE65	5759	5759_TommyLeeJones_65_m
327	TommyLeeJones	29	AGE29	5729	5729_TommyLeeJones_29_m
327	TommyLeeJones	38	AGE38	5736	5736_TommyLeeJones_38_m
327	TommyLeeJones	49	AGE49	5746	5746_TommyLeeJones_49_m
328	PabloPicasso	81	AGE81	278	278_PabloPicasso_81_m
328	PabloPicasso	73	AGE73	279	279_PabloPicasso_73_m
328	PabloPicasso	15	AGE15	275	275_PabloPicasso_15_m
328	PabloPicasso	56	AGE56	272	272_PabloPicasso_56_m
328	PabloPicasso	76	AGE76	277	277_PabloPicasso_76_m
328	PabloPicasso	81	AGE81	273	273_PabloPicasso_81_m
328	PabloPicasso	39	AGE39	283	283_PabloPicasso_39_m
328	PabloPicasso	80	AGE80	282	282_PabloPicasso_80_m
328	PabloPicasso	55	AGE55	276	276_PabloPicasso_55_m
328	PabloPicasso	88	AGE88	280	280_PabloPicasso_88_m
328	PabloPicasso	76	AGE76	274	274_PabloPicasso_76_m
328	PabloPicasso	60	AGE60	281	281_PabloPicasso_60_m
328	PabloPicasso	41	AGE41	271	271_PabloPicasso_41_m
328	PabloPicasso	80	AGE80	270	270_PabloPicasso_80_m
329	MargaretNolan	30	AGE30	15712	15712_MargaretNolan_30_f
329	MargaretNolan	66	AGE66	15720	15720_MargaretNolan_66_f
329	MargaretNolan	64	AGE64	15719	15719_MargaretNolan_64_f
329	MargaretNolan	23	AGE23	15705	15705_MargaretNolan_23_f
329	MargaretNolan	35	AGE35	15716	15716_MargaretNolan_35_f
329	MargaretNolan	70	AGE70	15724	15724_MargaretNolan_70_f
329	MargaretNolan	20	AGE20	15702	15702_MargaretNolan_20_f
329	MargaretNolan	34	AGE34	15715	15715_MargaretNolan_34_f
329	MargaretNolan	19	AGE19	15701	15701_MargaretNolan_19_f
329	MargaretNolan	71	AGE71	15725	15725_MargaretNolan_71_f
329	MargaretNolan	31	AGE31	15713	15713_MargaretNolan_31_f
329	MargaretNolan	26	AGE26	15708	15708_MargaretNolan_26_f
329	MargaretNolan	68	AGE68	15722	15722_MargaretNolan_68_f
329	MargaretNolan	22	AGE22	15704	15704_MargaretNolan_22_f
329	MargaretNolan	28	AGE28	15710	15710_MargaretNolan_28_f
329	MargaretNolan	29	AGE29	15711	15711_MargaretNolan_29_f
329	MargaretNolan	27	AGE27	15709	15709_MargaretNolan_27_f
329	MargaretNolan	32	AGE32	15714	15714_MargaretNolan_32_f
329	MargaretNolan	67	AGE67	15721	15721_MargaretNolan_67_f
329	MargaretNolan	25	AGE25	15707	15707_MargaretNolan_25_f
329	MargaretNolan	24	AGE24	15706	15706_MargaretNolan_24_f
329	MargaretNolan	21	AGE21	15703	15703_MargaretNolan_21_f
329	MargaretNolan	37	AGE37	15717	15717_MargaretNolan_37_f
329	MargaretNolan	40	AGE40	15718	15718_MargaretNolan_40_f
329	MargaretNolan	18	AGE18	15700	15700_MargaretNolan_18_f
329	MargaretNolan	69	AGE69	15723	15723_MargaretNolan_69_f
330	JuneAllyson	30	AGE30	13635	13635_JuneAllyson_30_f
330	JuneAllyson	86	AGE86	13657	13657_JuneAllyson_86_f
330	JuneAllyson	23	AGE23	13660	13660_JuneAllyson_23_f
330	JuneAllyson	27	AGE27	13661	13661_JuneAllyson_27_f
330	JuneAllyson	40	AGE40	13650	13650_JuneAllyson_40_f
330	JuneAllyson	83	AGE83	13656	13656_JuneAllyson_83_f
330	JuneAllyson	35	AGE35	13646	13646_JuneAllyson_35_f
330	JuneAllyson	81	AGE81	13655	13655_JuneAllyson_81_f
330	JuneAllyson	21	AGE21	13662	13662_JuneAllyson_21_f
330	JuneAllyson	86	AGE86	13664	13664_JuneAllyson_86_f
330	JuneAllyson	43	AGE43	13652	13652_JuneAllyson_43_f
330	JuneAllyson	36	AGE36	13636	13636_JuneAllyson_36_f
330	JuneAllyson	39	AGE39	13649	13649_JuneAllyson_39_f
330	JuneAllyson	33	AGE33	13645	13645_JuneAllyson_33_f
330	JuneAllyson	55	AGE55	13654	13654_JuneAllyson_55_f
330	JuneAllyson	46	AGE46	13659	13659_JuneAllyson_46_f
330	JuneAllyson	28	AGE28	13641	13641_JuneAllyson_28_f
330	JuneAllyson	27	AGE27	13639	13639_JuneAllyson_27_f
330	JuneAllyson	52	AGE52	13658	13658_JuneAllyson_52_f
330	JuneAllyson	38	AGE38	13648	13648_JuneAllyson_38_f
330	JuneAllyson	31	AGE31	13643	13643_JuneAllyson_31_f
330	JuneAllyson	20	AGE20	13638	13638_JuneAllyson_20_f
330	JuneAllyson	20	AGE20	13637	13637_JuneAllyson_20_f
330	JuneAllyson	27	AGE27	13640	13640_JuneAllyson_27_f
330	JuneAllyson	60	AGE60	13663	13663_JuneAllyson_60_f
330	JuneAllyson	54	AGE54	13653	13653_JuneAllyson_54_f
330	JuneAllyson	32	AGE32	13644	13644_JuneAllyson_32_f
330	JuneAllyson	36	AGE36	13647	13647_JuneAllyson_36_f
330	JuneAllyson	30	AGE30	13642	13642_JuneAllyson_30_f
330	JuneAllyson	42	AGE42	13651	13651_JuneAllyson_42_f
331	SamElliott	42	AGE42	2884	2884_SamElliott_42_m
331	SamElliott	36	AGE36	2880	2880_SamElliott_36_m
331	SamElliott	71	AGE71	2910	2910_SamElliott_71_m
331	SamElliott	66	AGE66	2906	2906_SamElliott_66_m
331	SamElliott	54	AGE54	2895	2895_SamElliott_54_m
331	SamElliott	48	AGE48	2890	2890_SamElliott_48_m
331	SamElliott	28	AGE28	2873	2873_SamElliott_28_m
331	SamElliott	40	AGE40	2882	2882_SamElliott_40_m
331	SamElliott	70	AGE70	2909	2909_SamElliott_70_m
331	SamElliott	41	AGE41	2883	2883_SamElliott_41_m
331	SamElliott	33	AGE33	2877	2877_SamElliott_33_m
331	SamElliott	47	AGE47	2889	2889_SamElliott_47_m
331	SamElliott	35	AGE35	2879	2879_SamElliott_35_m
331	SamElliott	49	AGE49	2891	2891_SamElliott_49_m
331	SamElliott	63	AGE63	2903	2903_SamElliott_63_m
331	SamElliott	31	AGE31	2875	2875_SamElliott_31_m
331	SamElliott	56	AGE56	2896	2896_SamElliott_56_m
331	SamElliott	69	AGE69	2908	2908_SamElliott_69_m
331	SamElliott	52	AGE52	2894	2894_SamElliott_52_m
331	SamElliott	57	AGE57	2897	2897_SamElliott_57_m
331	SamElliott	37	AGE37	2881	2881_SamElliott_37_m
331	SamElliott	59	AGE59	2899	2899_SamElliott_59_m
331	SamElliott	46	AGE46	2888	2888_SamElliott_46_m
331	SamElliott	34	AGE34	2878	2878_SamElliott_34_m
331	SamElliott	50	AGE50	2892	2892_SamElliott_50_m
331	SamElliott	44	AGE44	2886	2886_SamElliott_44_m
331	SamElliott	45	AGE45	2887	2887_SamElliott_45_m
331	SamElliott	62	AGE62	2902	2902_SamElliott_62_m
331	SamElliott	61	AGE61	2901	2901_SamElliott_61_m
331	SamElliott	68	AGE68	2907	2907_SamElliott_68_m
331	SamElliott	26	AGE26	2871	2871_SamElliott_26_m
331	SamElliott	51	AGE51	2893	2893_SamElliott_51_m
331	SamElliott	60	AGE60	2900	2900_SamElliott_60_m
331	SamElliott	58	AGE58	2898	2898_SamElliott_58_m
331	SamElliott	43	AGE43	2885	2885_SamElliott_43_m
331	SamElliott	27	AGE27	2872	2872_SamElliott_27_m
331	SamElliott	30	AGE30	2874	2874_SamElliott_30_m
331	SamElliott	65	AGE65	2905	2905_SamElliott_65_m
331	SamElliott	32	AGE32	2876	2876_SamElliott_32_m
331	SamElliott	64	AGE64	2904	2904_SamElliott_64_m
332	TomHanks	39	AGE39	1774	1774_TomHanks_39_m
332	TomHanks	39	AGE39	1773	1773_TomHanks_39_m
332	TomHanks	52	AGE52	1789	1789_TomHanks_52_m
332	TomHanks	36	AGE36	1770	1770_TomHanks_36_m
332	TomHanks	46	AGE46	1782	1782_TomHanks_46_m
332	TomHanks	44	AGE44	1779	1779_TomHanks_44_m
332	TomHanks	43	AGE43	1777	1777_TomHanks_43_m
332	TomHanks	38	AGE38	1772	1772_TomHanks_38_m
332	TomHanks	51	AGE51	1788	1788_TomHanks_51_m
332	TomHanks	47	AGE47	1783	1783_TomHanks_47_m
332	TomHanks	48	AGE48	1784	1784_TomHanks_48_m
332	TomHanks	26	AGE26	1761	1761_TomHanks_26_m
332	TomHanks	58	AGE58	1795	1795_TomHanks_58_m
332	TomHanks	49	AGE49	1785	1785_TomHanks_49_m
332	TomHanks	32	AGE32	1766	1766_TomHanks_32_m
332	TomHanks	43	AGE43	1778	1778_TomHanks_43_m
332	TomHanks	29	AGE29	1763	1763_TomHanks_29_m
332	TomHanks	24	AGE24	1760	1760_TomHanks_24_m
332	TomHanks	36	AGE36	1769	1769_TomHanks_36_m
332	TomHanks	42	AGE42	1776	1776_TomHanks_42_m
332	TomHanks	50	AGE50	1787	1787_TomHanks_50_m
332	TomHanks	54	AGE54	1791	1791_TomHanks_54_m
332	TomHanks	30	AGE30	1764	1764_TomHanks_30_m
332	TomHanks	34	AGE34	1768	1768_TomHanks_34_m
332	TomHanks	56	AGE56	1793	1793_TomHanks_56_m
332	TomHanks	42	AGE42	1775	1775_TomHanks_42_m
332	TomHanks	46	AGE46	1781	1781_TomHanks_46_m
332	TomHanks	28	AGE28	1762	1762_TomHanks_28_m
332	TomHanks	31	AGE31	1765	1765_TomHanks_31_m
332	TomHanks	57	AGE57	1794	1794_TomHanks_57_m
332	TomHanks	37	AGE37	1771	1771_TomHanks_37_m
332	TomHanks	55	AGE55	1792	1792_TomHanks_55_m
332	TomHanks	53	AGE53	1790	1790_TomHanks_53_m
332	TomHanks	45	AGE45	1780	1780_TomHanks_45_m
332	TomHanks	50	AGE50	1786	1786_TomHanks_50_m
332	TomHanks	33	AGE33	1767	1767_TomHanks_33_m
333	RobertPowell	64	AGE64	4428	4428_RobertPowell_64_m
333	RobertPowell	33	AGE33	4409	4409_RobertPowell_33_m
333	RobertPowell	56	AGE56	4425	4425_RobertPowell_56_m
333	RobertPowell	38	AGE38	4414	4414_RobertPowell_38_m
333	RobertPowell	67	AGE67	4430	4430_RobertPowell_67_m
333	RobertPowell	42	AGE42	4417	4417_RobertPowell_42_m
333	RobertPowell	37	AGE37	4413	4413_RobertPowell_37_m
333	RobertPowell	51	AGE51	4423	4423_RobertPowell_51_m
333	RobertPowell	34	AGE34	4410	4410_RobertPowell_34_m
333	RobertPowell	46	AGE46	4420	4420_RobertPowell_46_m
333	RobertPowell	25	AGE25	4403	4403_RobertPowell_25_m
333	RobertPowell	49	AGE49	4422	4422_RobertPowell_49_m
333	RobertPowell	28	AGE28	4405	4405_RobertPowell_28_m
333	RobertPowell	61	AGE61	4426	4426_RobertPowell_61_m
333	RobertPowell	43	AGE43	4418	4418_RobertPowell_43_m
333	RobertPowell	39	AGE39	4415	4415_RobertPowell_39_m
333	RobertPowell	36	AGE36	4412	4412_RobertPowell_36_m
333	RobertPowell	44	AGE44	4419	4419_RobertPowell_44_m
333	RobertPowell	35	AGE35	4411	4411_RobertPowell_35_m
333	RobertPowell	30	AGE30	4407	4407_RobertPowell_30_m
333	RobertPowell	26	AGE26	4404	4404_RobertPowell_26_m
333	RobertPowell	29	AGE29	4406	4406_RobertPowell_29_m
333	RobertPowell	54	AGE54	4424	4424_RobertPowell_54_m
333	RobertPowell	65	AGE65	4429	4429_RobertPowell_65_m
333	RobertPowell	47	AGE47	4421	4421_RobertPowell_47_m
333	RobertPowell	32	AGE32	4408	4408_RobertPowell_32_m
333	RobertPowell	24	AGE24	4402	4402_RobertPowell_24_m
333	RobertPowell	63	AGE63	4427	4427_RobertPowell_63_m
333	RobertPowell	11	AGE11	4401	4401_RobertPowell_11_m
333	RobertPowell	40	AGE40	4416	4416_RobertPowell_40_m
333	RobertPowell	69	AGE69	4431	4431_RobertPowell_69_m
334	LauraAntonelli	34	AGE34	12285	12285_LauraAntonelli_34_f
334	LauraAntonelli	44	AGE44	12292	12292_LauraAntonelli_44_f
334	LauraAntonelli	29	AGE29	12280	12280_LauraAntonelli_29_f
334	LauraAntonelli	30	AGE30	12281	12281_LauraAntonelli_30_f
334	LauraAntonelli	35	AGE35	12286	12286_LauraAntonelli_35_f
334	LauraAntonelli	40	AGE40	12288	12288_LauraAntonelli_40_f
334	LauraAntonelli	46	AGE46	12294	12294_LauraAntonelli_46_f
334	LauraAntonelli	28	AGE28	12279	12279_LauraAntonelli_28_f
334	LauraAntonelli	23	AGE23	12277	12277_LauraAntonelli_23_f
334	LauraAntonelli	42	AGE42	12290	12290_LauraAntonelli_42_f
334	LauraAntonelli	52	AGE52	12296	12296_LauraAntonelli_52_f
334	LauraAntonelli	24	AGE24	12278	12278_LauraAntonelli_24_f
334	LauraAntonelli	65	AGE65	12300	12300_LauraAntonelli_65_f
334	LauraAntonelli	43	AGE43	12291	12291_LauraAntonelli_43_f
334	LauraAntonelli	31	AGE31	12282	12282_LauraAntonelli_31_f
334	LauraAntonelli	54	AGE54	12297	12297_LauraAntonelli_54_f
334	LauraAntonelli	55	AGE55	12298	12298_LauraAntonelli_55_f
334	LauraAntonelli	66	AGE66	12301	12301_LauraAntonelli_66_f
334	LauraAntonelli	72	AGE72	12302	12302_LauraAntonelli_72_f
334	LauraAntonelli	59	AGE59	12299	12299_LauraAntonelli_59_f
334	LauraAntonelli	39	AGE39	12287	12287_LauraAntonelli_39_f
334	LauraAntonelli	41	AGE41	12289	12289_LauraAntonelli_41_f
334	LauraAntonelli	45	AGE45	12293	12293_LauraAntonelli_45_f
334	LauraAntonelli	32	AGE32	12283	12283_LauraAntonelli_32_f
334	LauraAntonelli	33	AGE33	12284	12284_LauraAntonelli_33_f
334	LauraAntonelli	48	AGE48	12295	12295_LauraAntonelli_48_f
335	JoanFontaine	19	AGE19	14318	14318_JoanFontaine_19_f
335	JoanFontaine	28	AGE28	14304	14304_JoanFontaine_28_f
335	JoanFontaine	20	AGE20	14320	14320_JoanFontaine_20_f
335	JoanFontaine	24	AGE24	14302	14302_JoanFontaine_24_f
335	JoanFontaine	23	AGE23	14321	14321_JoanFontaine_23_f
335	JoanFontaine	71	AGE71	14310	14310_JoanFontaine_71_f
335	JoanFontaine	25	AGE25	14325	14325_JoanFontaine_25_f
335	JoanFontaine	78	AGE78	14322	14322_JoanFontaine_78_f
335	JoanFontaine	30	AGE30	14319	14319_JoanFontaine_30_f
335	JoanFontaine	85	AGE85	14316	14316_JoanFontaine_85_f
335	JoanFontaine	72	AGE72	14315	14315_JoanFontaine_72_f
335	JoanFontaine	29	AGE29	14305	14305_JoanFontaine_29_f
335	JoanFontaine	18	AGE18	14301	14301_JoanFontaine_18_f
335	JoanFontaine	32	AGE32	14313	14313_JoanFontaine_32_f
335	JoanFontaine	23	AGE23	14312	14312_JoanFontaine_23_f
335	JoanFontaine	29	AGE29	14323	14323_JoanFontaine_29_f
335	JoanFontaine	25	AGE25	14311	14311_JoanFontaine_25_f
335	JoanFontaine	39	AGE39	14308	14308_JoanFontaine_39_f
335	JoanFontaine	20	AGE20	14317	14317_JoanFontaine_20_f
335	JoanFontaine	26	AGE26	14324	14324_JoanFontaine_26_f
335	JoanFontaine	28	AGE28	14299	14299_JoanFontaine_28_f
335	JoanFontaine	25	AGE25	14303	14303_JoanFontaine_25_f
335	JoanFontaine	68	AGE68	14309	14309_JoanFontaine_68_f
335	JoanFontaine	36	AGE36	14306	14306_JoanFontaine_36_f
335	JoanFontaine	28	AGE28	14300	14300_JoanFontaine_28_f
335	JoanFontaine	75	AGE75	14314	14314_JoanFontaine_75_f
335	JoanFontaine	38	AGE38	14307	14307_JoanFontaine_38_f
336	PatrickStewart	62	AGE62	5573	5573_PatrickStewart_62_m
336	PatrickStewart	63	AGE63	5574	5574_PatrickStewart_63_m
336	PatrickStewart	46	AGE46	5563	5563_PatrickStewart_46_m
336	PatrickStewart	66	AGE66	5577	5577_PatrickStewart_66_m
336	PatrickStewart	39	AGE39	5558	5558_PatrickStewart_39_m
336	PatrickStewart	72	AGE72	5584	5584_PatrickStewart_72_m
336	PatrickStewart	34	AGE34	5554	5554_PatrickStewart_34_m
336	PatrickStewart	74	AGE74	5585	5585_PatrickStewart_74_m
336	PatrickStewart	45	AGE45	5562	5562_PatrickStewart_45_m
336	PatrickStewart	57	AGE57	5569	5569_PatrickStewart_57_m
336	PatrickStewart	53	AGE53	5567	5567_PatrickStewart_53_m
336	PatrickStewart	47	AGE47	5564	5564_PatrickStewart_47_m
336	PatrickStewart	35	AGE35	5555	5555_PatrickStewart_35_m
336	PatrickStewart	44	AGE44	5561	5561_PatrickStewart_44_m
336	PatrickStewart	60	AGE60	5572	5572_PatrickStewart_60_m
336	PatrickStewart	48	AGE48	5565	5565_PatrickStewart_48_m
336	PatrickStewart	28	AGE28	5553	5553_PatrickStewart_28_m
336	PatrickStewart	18	AGE18	5552	5552_PatrickStewart_18_m
336	PatrickStewart	55	AGE55	5568	5568_PatrickStewart_55_m
336	PatrickStewart	71	AGE71	5581	5581_PatrickStewart_71_m
336	PatrickStewart	71	AGE71	5582	5582_PatrickStewart_71_m
336	PatrickStewart	65	AGE65	5576	5576_PatrickStewart_65_m
336	PatrickStewart	70	AGE70	5580	5580_PatrickStewart_70_m
336	PatrickStewart	42	AGE42	5560	5560_PatrickStewart_42_m
336	PatrickStewart	35	AGE35	5556	5556_PatrickStewart_35_m
336	PatrickStewart	40	AGE40	5559	5559_PatrickStewart_40_m
336	PatrickStewart	11	AGE11	5551	5551_PatrickStewart_11_m
336	PatrickStewart	74	AGE74	5550	5550_PatrickStewart_74_m
336	PatrickStewart	72	AGE72	5583	5583_PatrickStewart_72_m
336	PatrickStewart	68	AGE68	5578	5578_PatrickStewart_68_m
336	PatrickStewart	51	AGE51	5566	5566_PatrickStewart_51_m
336	PatrickStewart	59	AGE59	5571	5571_PatrickStewart_59_m
336	PatrickStewart	58	AGE58	5570	5570_PatrickStewart_58_m
336	PatrickStewart	69	AGE69	5579	5579_PatrickStewart_69_m
336	PatrickStewart	64	AGE64	5575	5575_PatrickStewart_64_m
336	PatrickStewart	36	AGE36	5557	5557_PatrickStewart_36_m
337	RichardCrenna	67	AGE67	8339	8339_RichardCrenna_67_m
337	RichardCrenna	47	AGE47	8321	8321_RichardCrenna_47_m
337	RichardCrenna	36	AGE36	8311	8311_RichardCrenna_36_m
337	RichardCrenna	63	AGE63	8337	8337_RichardCrenna_63_m
337	RichardCrenna	41	AGE41	8315	8315_RichardCrenna_41_m
337	RichardCrenna	46	AGE46	8320	8320_RichardCrenna_46_m
337	RichardCrenna	52	AGE52	8329	8329_RichardCrenna_52_m
337	RichardCrenna	59	AGE59	8333	8333_RichardCrenna_59_m
337	RichardCrenna	57	AGE57	8332	8332_RichardCrenna_57_m
337	RichardCrenna	20	AGE20	8312	8312_RichardCrenna_20_m
337	RichardCrenna	42	AGE42	8316	8316_RichardCrenna_42_m
337	RichardCrenna	55	AGE55	8331	8331_RichardCrenna_55_m
337	RichardCrenna	37	AGE37	8314	8314_RichardCrenna_37_m
337	RichardCrenna	60	AGE60	8334	8334_RichardCrenna_60_m
337	RichardCrenna	72	AGE72	8342	8342_RichardCrenna_72_m
337	RichardCrenna	53	AGE53	8330	8330_RichardCrenna_53_m
337	RichardCrenna	43	AGE43	8317	8317_RichardCrenna_43_m
337	RichardCrenna	22	AGE22	8306	8306_RichardCrenna_22_m
337	RichardCrenna	48	AGE48	8327	8327_RichardCrenna_48_m
337	RichardCrenna	73	AGE73	8343	8343_RichardCrenna_73_m
337	RichardCrenna	62	AGE62	8336	8336_RichardCrenna_62_m
337	RichardCrenna	32	AGE32	8313	8313_RichardCrenna_32_m
337	RichardCrenna	51	AGE51	8328	8328_RichardCrenna_51_m
337	RichardCrenna	30	AGE30	8309	8309_RichardCrenna_30_m
337	RichardCrenna	39	AGE39	8325	8325_RichardCrenna_39_m
337	RichardCrenna	71	AGE71	8341	8341_RichardCrenna_71_m
337	RichardCrenna	44	AGE44	8318	8318_RichardCrenna_44_m
337	RichardCrenna	49	AGE49	8322	8322_RichardCrenna_49_m
337	RichardCrenna	74	AGE74	8344	8344_RichardCrenna_74_m
337	RichardCrenna	18	AGE18	8305	8305_RichardCrenna_18_m
337	RichardCrenna	69	AGE69	8340	8340_RichardCrenna_69_m
337	RichardCrenna	45	AGE45	8319	8319_RichardCrenna_45_m
337	RichardCrenna	28	AGE28	8308	8308_RichardCrenna_28_m
337	RichardCrenna	75	AGE75	8345	8345_RichardCrenna_75_m
337	RichardCrenna	34	AGE34	8310	8310_RichardCrenna_34_m
337	RichardCrenna	38	AGE38	8324	8324_RichardCrenna_38_m
337	RichardCrenna	64	AGE64	8338	8338_RichardCrenna_64_m
337	RichardCrenna	26	AGE26	8307	8307_RichardCrenna_26_m
337	RichardCrenna	40	AGE40	8326	8326_RichardCrenna_40_m
337	RichardCrenna	56	AGE56	8323	8323_RichardCrenna_56_m
337	RichardCrenna	61	AGE61	8335	8335_RichardCrenna_61_m
338	FrancescaAnnis	51	AGE51	12150	12150_FrancescaAnnis_51_f
338	FrancescaAnnis	37	AGE37	12143	12143_FrancescaAnnis_37_f
338	FrancescaAnnis	27	AGE27	12136	12136_FrancescaAnnis_27_f
338	FrancescaAnnis	22	AGE22	12133	12133_FrancescaAnnis_22_f
338	FrancescaAnnis	65	AGE65	12159	12159_FrancescaAnnis_65_f
338	FrancescaAnnis	66	AGE66	12160	12160_FrancescaAnnis_66_f
338	FrancescaAnnis	30	AGE30	12139	12139_FrancescaAnnis_30_f
338	FrancescaAnnis	26	AGE26	12135	12135_FrancescaAnnis_26_f
338	FrancescaAnnis	53	AGE53	12151	12151_FrancescaAnnis_53_f
338	FrancescaAnnis	19	AGE19	12130	12130_FrancescaAnnis_19_f
338	FrancescaAnnis	33	AGE33	12140	12140_FrancescaAnnis_33_f
338	FrancescaAnnis	55	AGE55	12152	12152_FrancescaAnnis_55_f
338	FrancescaAnnis	63	AGE63	12157	12157_FrancescaAnnis_63_f
338	FrancescaAnnis	57	AGE57	12153	12153_FrancescaAnnis_57_f
338	FrancescaAnnis	29	AGE29	12138	12138_FrancescaAnnis_29_f
338	FrancescaAnnis	35	AGE35	12142	12142_FrancescaAnnis_35_f
338	FrancescaAnnis	25	AGE25	12134	12134_FrancescaAnnis_25_f
338	FrancescaAnnis	64	AGE64	12158	12158_FrancescaAnnis_64_f
338	FrancescaAnnis	38	AGE38	12144	12144_FrancescaAnnis_38_f
338	FrancescaAnnis	41	AGE41	12146	12146_FrancescaAnnis_41_f
338	FrancescaAnnis	21	AGE21	12132	12132_FrancescaAnnis_21_f
338	FrancescaAnnis	58	AGE58	12154	12154_FrancescaAnnis_58_f
338	FrancescaAnnis	43	AGE43	12147	12147_FrancescaAnnis_43_f
338	FrancescaAnnis	39	AGE39	12145	12145_FrancescaAnnis_39_f
338	FrancescaAnnis	47	AGE47	12148	12148_FrancescaAnnis_47_f
338	FrancescaAnnis	28	AGE28	12137	12137_FrancescaAnnis_28_f
338	FrancescaAnnis	60	AGE60	12155	12155_FrancescaAnnis_60_f
338	FrancescaAnnis	68	AGE68	12161	12161_FrancescaAnnis_68_f
338	FrancescaAnnis	50	AGE50	12149	12149_FrancescaAnnis_50_f
338	FrancescaAnnis	20	AGE20	12131	12131_FrancescaAnnis_20_f
338	FrancescaAnnis	34	AGE34	12141	12141_FrancescaAnnis_34_f
338	FrancescaAnnis	61	AGE61	12156	12156_FrancescaAnnis_61_f
339	ChuckNorris	72	AGE72	3133	3133_ChuckNorris_72_m
339	ChuckNorris	42	AGE42	3107	3107_ChuckNorris_42_m
339	ChuckNorris	50	AGE50	3113	3113_ChuckNorris_50_m
339	ChuckNorris	68	AGE68	3130	3130_ChuckNorris_68_m
339	ChuckNorris	75	AGE75	3135	3135_ChuckNorris_75_m
339	ChuckNorris	47	AGE47	3111	3111_ChuckNorris_47_m
339	ChuckNorris	51	AGE51	3114	3114_ChuckNorris_51_m
339	ChuckNorris	32	AGE32	3099	3099_ChuckNorris_32_m
339	ChuckNorris	65	AGE65	3128	3128_ChuckNorris_65_m
339	ChuckNorris	38	AGE38	3104	3104_ChuckNorris_38_m
339	ChuckNorris	58	AGE58	3121	3121_ChuckNorris_58_m
339	ChuckNorris	59	AGE59	3122	3122_ChuckNorris_59_m
339	ChuckNorris	71	AGE71	3132	3132_ChuckNorris_71_m
339	ChuckNorris	45	AGE45	3109	3109_ChuckNorris_45_m
339	ChuckNorris	64	AGE64	3127	3127_ChuckNorris_64_m
339	ChuckNorris	46	AGE46	3110	3110_ChuckNorris_46_m
339	ChuckNorris	52	AGE52	3115	3115_ChuckNorris_52_m
339	ChuckNorris	57	AGE57	3120	3120_ChuckNorris_57_m
339	ChuckNorris	55	AGE55	3118	3118_ChuckNorris_55_m
339	ChuckNorris	56	AGE56	3119	3119_ChuckNorris_56_m
339	ChuckNorris	67	AGE67	3129	3129_ChuckNorris_67_m
339	ChuckNorris	63	AGE63	3126	3126_ChuckNorris_63_m
339	ChuckNorris	61	AGE61	3124	3124_ChuckNorris_61_m
339	ChuckNorris	33	AGE33	3100	3100_ChuckNorris_33_m
339	ChuckNorris	62	AGE62	3125	3125_ChuckNorris_62_m
339	ChuckNorris	41	AGE41	3106	3106_ChuckNorris_41_m
339	ChuckNorris	39	AGE39	3105	3105_ChuckNorris_39_m
339	ChuckNorris	74	AGE74	3134	3134_ChuckNorris_74_m
339	ChuckNorris	70	AGE70	3131	3131_ChuckNorris_70_m
339	ChuckNorris	60	AGE60	3123	3123_ChuckNorris_60_m
339	ChuckNorris	34	AGE34	3101	3101_ChuckNorris_34_m
339	ChuckNorris	28	AGE28	3098	3098_ChuckNorris_28_m
339	ChuckNorris	36	AGE36	3102	3102_ChuckNorris_36_m
339	ChuckNorris	43	AGE43	3108	3108_ChuckNorris_43_m
339	ChuckNorris	49	AGE49	3112	3112_ChuckNorris_49_m
339	ChuckNorris	54	AGE54	3117	3117_ChuckNorris_54_m
339	ChuckNorris	53	AGE53	3116	3116_ChuckNorris_53_m
339	ChuckNorris	37	AGE37	3103	3103_ChuckNorris_37_m
340	CliffRobertson	61	AGE61	8562	8562_CliffRobertson_61_m
340	CliffRobertson	66	AGE66	8577	8577_CliffRobertson_66_m
340	CliffRobertson	41	AGE41	8556	8556_CliffRobertson_41_m
340	CliffRobertson	60	AGE60	8561	8561_CliffRobertson_60_m
340	CliffRobertson	58	AGE58	8575	8575_CliffRobertson_58_m
340	CliffRobertson	62	AGE62	8576	8576_CliffRobertson_62_m
340	CliffRobertson	80	AGE80	8578	8578_CliffRobertson_80_m
340	CliffRobertson	79	AGE79	8566	8566_CliffRobertson_79_m
340	CliffRobertson	32	AGE32	8550	8550_CliffRobertson_32_m
340	CliffRobertson	50	AGE50	8558	8558_CliffRobertson_50_m
340	CliffRobertson	41	AGE41	8555	8555_CliffRobertson_41_m
340	CliffRobertson	86	AGE86	8570	8570_CliffRobertson_86_m
340	CliffRobertson	44	AGE44	8571	8571_CliffRobertson_44_m
340	CliffRobertson	42	AGE42	8557	8557_CliffRobertson_42_m
340	CliffRobertson	46	AGE46	8572	8572_CliffRobertson_46_m
340	CliffRobertson	40	AGE40	8554	8554_CliffRobertson_40_m
340	CliffRobertson	37	AGE37	8552	8552_CliffRobertson_37_m
340	CliffRobertson	39	AGE39	8553	8553_CliffRobertson_39_m
340	CliffRobertson	52	AGE52	8559	8559_CliffRobertson_52_m
340	CliffRobertson	72	AGE72	8563	8563_CliffRobertson_72_m
340	CliffRobertson	81	AGE81	8567	8567_CliffRobertson_81_m
340	CliffRobertson	35	AGE35	8551	8551_CliffRobertson_35_m
340	CliffRobertson	84	AGE84	8569	8569_CliffRobertson_84_m
340	CliffRobertson	77	AGE77	8565	8565_CliffRobertson_77_m
340	CliffRobertson	82	AGE82	8568	8568_CliffRobertson_82_m
340	CliffRobertson	73	AGE73	8564	8564_CliffRobertson_73_m
340	CliffRobertson	56	AGE56	8560	8560_CliffRobertson_56_m
340	CliffRobertson	47	AGE47	8573	8573_CliffRobertson_47_m
340	CliffRobertson	57	AGE57	8574	8574_CliffRobertson_57_m
341	AnnaMassey	73	AGE73	12482	12482_AnnaMassey_73_f
341	AnnaMassey	59	AGE59	12476	12476_AnnaMassey_59_f
341	AnnaMassey	54	AGE54	12474	12474_AnnaMassey_54_f
341	AnnaMassey	48	AGE48	12472	12472_AnnaMassey_48_f
341	AnnaMassey	38	AGE38	12470	12470_AnnaMassey_38_f
341	AnnaMassey	20	AGE20	12460	12460_AnnaMassey_20_f
341	AnnaMassey	65	AGE65	12478	12478_AnnaMassey_65_f
341	AnnaMassey	61	AGE61	12477	12477_AnnaMassey_61_f
341	AnnaMassey	68	AGE68	12479	12479_AnnaMassey_68_f
341	AnnaMassey	74	AGE74	12483	12483_AnnaMassey_74_f
341	AnnaMassey	21	AGE21	12461	12461_AnnaMassey_21_f
341	AnnaMassey	31	AGE31	12464	12464_AnnaMassey_31_f
341	AnnaMassey	37	AGE37	12469	12469_AnnaMassey_37_f
341	AnnaMassey	46	AGE46	12484	12484_AnnaMassey_46_f
341	AnnaMassey	43	AGE43	12471	12471_AnnaMassey_43_f
341	AnnaMassey	66	AGE66	12485	12485_AnnaMassey_66_f
341	AnnaMassey	52	AGE52	12473	12473_AnnaMassey_52_f
341	AnnaMassey	23	AGE23	12462	12462_AnnaMassey_23_f
341	AnnaMassey	28	AGE28	12463	12463_AnnaMassey_28_f
341	AnnaMassey	13	AGE13	12466	12466_AnnaMassey_13_f
341	AnnaMassey	70	AGE70	12486	12486_AnnaMassey_70_f
341	AnnaMassey	72	AGE72	12481	12481_AnnaMassey_72_f
341	AnnaMassey	55	AGE55	12475	12475_AnnaMassey_55_f
341	AnnaMassey	32	AGE32	12465	12465_AnnaMassey_32_f
341	AnnaMassey	71	AGE71	12480	12480_AnnaMassey_71_f
341	AnnaMassey	36	AGE36	12468	12468_AnnaMassey_36_f
341	AnnaMassey	35	AGE35	12467	12467_AnnaMassey_35_f
342	MarieCurie	50	AGE50	1294	1294_MarieCurie_50_f
342	MarieCurie	36	AGE36	1284	1284_MarieCurie_36_f
342	MarieCurie	58	AGE58	1288	1288_MarieCurie_58_f
342	MarieCurie	66	AGE66	1296	1296_MarieCurie_66_f
342	MarieCurie	55	AGE55	1285	1285_MarieCurie_55_f
342	MarieCurie	44	AGE44	1287	1287_MarieCurie_44_f
342	MarieCurie	28	AGE28	1282	1282_MarieCurie_28_f
342	MarieCurie	20	AGE20	1291	1291_MarieCurie_20_f
342	MarieCurie	29	AGE29	1283	1283_MarieCurie_29_f
342	MarieCurie	42	AGE42	1289	1289_MarieCurie_42_f
342	MarieCurie	21	AGE21	1290	1290_MarieCurie_21_f
342	MarieCurie	39	AGE39	1286	1286_MarieCurie_39_f
342	MarieCurie	50	AGE50	1292	1292_MarieCurie_50_f
342	MarieCurie	52	AGE52	1295	1295_MarieCurie_52_f
342	MarieCurie	23	AGE23	1293	1293_MarieCurie_23_f
343	PaulmcCartney	43	AGE43	147	147_PaulmcCartney_43_m
343	PaulmcCartney	23	AGE23	131	131_PaulmcCartney_23_m
343	PaulmcCartney	26	AGE26	152	152_PaulmcCartney_26_m
343	PaulmcCartney	17	AGE17	148	148_PaulmcCartney_17_m
343	PaulmcCartney	29	AGE29	134	134_PaulmcCartney_29_m
343	PaulmcCartney	70	AGE70	144	144_PaulmcCartney_70_m
343	PaulmcCartney	27	AGE27	133	133_PaulmcCartney_27_m
343	PaulmcCartney	21	AGE21	151	151_PaulmcCartney_21_m
343	PaulmcCartney	22	AGE22	153	153_PaulmcCartney_22_m
343	PaulmcCartney	27	AGE27	157	157_PaulmcCartney_27_m
343	PaulmcCartney	27	AGE27	143	143_PaulmcCartney_27_m
343	PaulmcCartney	15	AGE15	159	159_PaulmcCartney_15_m
343	PaulmcCartney	34	AGE34	136	136_PaulmcCartney_34_m
343	PaulmcCartney	34	AGE34	137	137_PaulmcCartney_34_m
343	PaulmcCartney	22	AGE22	145	145_PaulmcCartney_22_m
343	PaulmcCartney	30	AGE30	158	158_PaulmcCartney_30_m
343	PaulmcCartney	67	AGE67	142	142_PaulmcCartney_67_m
343	PaulmcCartney	31	AGE31	135	135_PaulmcCartney_31_m
343	PaulmcCartney	64	AGE64	140	140_PaulmcCartney_64_m
343	PaulmcCartney	40	AGE40	139	139_PaulmcCartney_40_m
343	PaulmcCartney	26	AGE26	132	132_PaulmcCartney_26_m
343	PaulmcCartney	67	AGE67	141	141_PaulmcCartney_67_m
343	PaulmcCartney	20	AGE20	146	146_PaulmcCartney_20_m
343	PaulmcCartney	20	AGE20	150	150_PaulmcCartney_20_m
343	PaulmcCartney	26	AGE26	156	156_PaulmcCartney_26_m
343	PaulmcCartney	36	AGE36	138	138_PaulmcCartney_36_m
343	PaulmcCartney	17	AGE17	149	149_PaulmcCartney_17_m
343	PaulmcCartney	26	AGE26	154	154_PaulmcCartney_26_m
343	PaulmcCartney	20	AGE20	155	155_PaulmcCartney_20_m
344	ElVenizelos	45	AGE45	707	707_ElVenizelos_45_m
344	ElVenizelos	50	AGE50	705	705_ElVenizelos_50_m
344	ElVenizelos	31	AGE31	699	699_ElVenizelos_31_m
344	ElVenizelos	47	AGE47	703	703_ElVenizelos_47_m
344	ElVenizelos	69	AGE69	704	704_ElVenizelos_69_m
344	ElVenizelos	70	AGE70	706	706_ElVenizelos_70_m
344	ElVenizelos	49	AGE49	708	708_ElVenizelos_49_m
344	ElVenizelos	41	AGE41	700	700_ElVenizelos_41_m
344	ElVenizelos	50	AGE50	712	712_ElVenizelos_50_m
344	ElVenizelos	53	AGE53	713	713_ElVenizelos_53_m
344	ElVenizelos	56	AGE56	701	701_ElVenizelos_56_m
344	ElVenizelos	57	AGE57	702	702_ElVenizelos_57_m
344	ElVenizelos	72	AGE72	709	709_ElVenizelos_72_m
344	ElVenizelos	48	AGE48	711	711_ElVenizelos_48_m
344	ElVenizelos	37	AGE37	710	710_ElVenizelos_37_m
344	ElVenizelos	68	AGE68	714	714_ElVenizelos_68_m
345	JuliaRoberts	23	AGE23	11458	11458_JuliaRoberts_23_f
345	JuliaRoberts	43	AGE43	11470	11470_JuliaRoberts_43_f
345	JuliaRoberts	35	AGE35	11466	11466_JuliaRoberts_35_f
345	JuliaRoberts	29	AGE29	11462	11462_JuliaRoberts_29_f
345	JuliaRoberts	18	AGE18	11454	11454_JuliaRoberts_18_f
345	JuliaRoberts	37	AGE37	11468	11468_JuliaRoberts_37_f
345	JuliaRoberts	19	AGE19	11455	11455_JuliaRoberts_19_f
345	JuliaRoberts	22	AGE22	11457	11457_JuliaRoberts_22_f
345	JuliaRoberts	33	AGE33	11464	11464_JuliaRoberts_33_f
345	JuliaRoberts	34	AGE34	11465	11465_JuliaRoberts_34_f
345	JuliaRoberts	32	AGE32	11463	11463_JuliaRoberts_32_f
345	JuliaRoberts	25	AGE25	11460	11460_JuliaRoberts_25_f
345	JuliaRoberts	36	AGE36	11467	11467_JuliaRoberts_36_f
345	JuliaRoberts	24	AGE24	11459	11459_JuliaRoberts_24_f
345	JuliaRoberts	15	AGE15	11452	11452_JuliaRoberts_15_f
345	JuliaRoberts	9	AGE9	11451	11451_JuliaRoberts_9_f
345	JuliaRoberts	21	AGE21	11456	11456_JuliaRoberts_21_f
345	JuliaRoberts	38	AGE38	11469	11469_JuliaRoberts_38_f
345	JuliaRoberts	17	AGE17	11453	11453_JuliaRoberts_17_f
345	JuliaRoberts	26	AGE26	11461	11461_JuliaRoberts_26_f
346	GloriaSwanson	32	AGE32	13982	13982_GloriaSwanson_32_f
346	GloriaSwanson	55	AGE55	13988	13988_GloriaSwanson_55_f
346	GloriaSwanson	20	AGE20	14007	14007_GloriaSwanson_20_f
346	GloriaSwanson	75	AGE75	13992	13992_GloriaSwanson_75_f
346	GloriaSwanson	77	AGE77	13999	13999_GloriaSwanson_77_f
346	GloriaSwanson	34	AGE34	13983	13983_GloriaSwanson_34_f
346	GloriaSwanson	22	AGE22	13975	13975_GloriaSwanson_22_f
346	GloriaSwanson	69	AGE69	14000	14000_GloriaSwanson_69_f
346	GloriaSwanson	51	AGE51	13987	13987_GloriaSwanson_51_f
346	GloriaSwanson	28	AGE28	13978	13978_GloriaSwanson_28_f
346	GloriaSwanson	24	AGE24	13996	13996_GloriaSwanson_24_f
346	GloriaSwanson	68	AGE68	13990	13990_GloriaSwanson_68_f
346	GloriaSwanson	26	AGE26	14003	14003_GloriaSwanson_26_f
346	GloriaSwanson	20	AGE20	13998	13998_GloriaSwanson_20_f
346	GloriaSwanson	46	AGE46	14004	14004_GloriaSwanson_46_f
346	GloriaSwanson	19	AGE19	13980	13980_GloriaSwanson_19_f
346	GloriaSwanson	53	AGE53	13995	13995_GloriaSwanson_53_f
346	GloriaSwanson	76	AGE76	13993	13993_GloriaSwanson_76_f
346	GloriaSwanson	30	AGE30	14005	14005_GloriaSwanson_30_f
346	GloriaSwanson	42	AGE42	13986	13986_GloriaSwanson_42_f
346	GloriaSwanson	29	AGE29	13979	13979_GloriaSwanson_29_f
346	GloriaSwanson	27	AGE27	13977	13977_GloriaSwanson_27_f
346	GloriaSwanson	32	AGE32	13997	13997_GloriaSwanson_32_f
346	GloriaSwanson	26	AGE26	13976	13976_GloriaSwanson_26_f
346	GloriaSwanson	71	AGE71	13991	13991_GloriaSwanson_71_f
346	GloriaSwanson	24	AGE24	14006	14006_GloriaSwanson_24_f
346	GloriaSwanson	23	AGE23	14002	14002_GloriaSwanson_23_f
346	GloriaSwanson	50	AGE50	14001	14001_GloriaSwanson_50_f
346	GloriaSwanson	79	AGE79	13994	13994_GloriaSwanson_79_f
346	GloriaSwanson	36	AGE36	13984	13984_GloriaSwanson_36_f
346	GloriaSwanson	67	AGE67	13989	13989_GloriaSwanson_67_f
346	GloriaSwanson	40	AGE40	13985	13985_GloriaSwanson_40_f
346	GloriaSwanson	21	AGE21	13974	13974_GloriaSwanson_21_f
346	GloriaSwanson	30	AGE30	13981	13981_GloriaSwanson_30_f
346	GloriaSwanson	38	AGE38	13973	13973_GloriaSwanson_38_f
347	Soljenitsyne	57	AGE57	1348	1348_Soljenitsyne_57_m
347	Soljenitsyne	50	AGE50	1349	1349_Soljenitsyne_50_m
347	Soljenitsyne	68	AGE68	1347	1347_Soljenitsyne_68_m
347	Soljenitsyne	56	AGE56	1341	1341_Soljenitsyne_56_m
347	Soljenitsyne	55	AGE55	1339	1339_Soljenitsyne_55_m
347	Soljenitsyne	75	AGE75	1345	1345_Soljenitsyne_75_m
347	Soljenitsyne	20	AGE20	1342	1342_Soljenitsyne_20_m
347	Soljenitsyne	23	AGE23	1343	1343_Soljenitsyne_23_m
347	Soljenitsyne	60	AGE60	1338	1338_Soljenitsyne_60_m
347	Soljenitsyne	57	AGE57	1340	1340_Soljenitsyne_57_m
347	Soljenitsyne	17	AGE17	1336	1336_Soljenitsyne_17_m
347	Soljenitsyne	89	AGE89	1346	1346_Soljenitsyne_89_m
347	Soljenitsyne	30	AGE30	1337	1337_Soljenitsyne_30_m
347	Soljenitsyne	56	AGE56	1344	1344_Soljenitsyne_56_m
348	VivienLeigh	27	AGE27	14156	14156_VivienLeigh_27_f
348	VivienLeigh	47	AGE47	14153	14153_VivienLeigh_47_f
348	VivienLeigh	32	AGE32	14150	14150_VivienLeigh_32_f
348	VivienLeigh	22	AGE22	14146	14146_VivienLeigh_22_f
348	VivienLeigh	25	AGE25	14154	14154_VivienLeigh_25_f
348	VivienLeigh	38	AGE38	14152	14152_VivienLeigh_38_f
348	VivienLeigh	6	AGE6	14142	14142_VivienLeigh_6_f
348	VivienLeigh	28	AGE28	14148	14148_VivienLeigh_28_f
348	VivienLeigh	42	AGE42	14143	14143_VivienLeigh_42_f
348	VivienLeigh	35	AGE35	14151	14151_VivienLeigh_35_f
348	VivienLeigh	27	AGE27	14147	14147_VivienLeigh_27_f
348	VivienLeigh	35	AGE35	14155	14155_VivienLeigh_35_f
348	VivienLeigh	24	AGE24	14144	14144_VivienLeigh_24_f
348	VivienLeigh	28	AGE28	14149	14149_VivienLeigh_28_f
348	VivienLeigh	24	AGE24	14145	14145_VivienLeigh_24_f
349	GregorMendel	32	AGE32	1112	1112_GregorMendel_32_m
349	GregorMendel	37	AGE37	1113	1113_GregorMendel_37_m
349	GregorMendel	30	AGE30	1114	1114_GregorMendel_30_m
349	GregorMendel	30	AGE30	1111	1111_GregorMendel_30_m
349	GregorMendel	30	AGE30	1115	1115_GregorMendel_30_m
349	GregorMendel	38	AGE38	1109	1109_GregorMendel_38_m
349	GregorMendel	37	AGE37	1116	1116_GregorMendel_37_m
349	GregorMendel	50	AGE50	1110	1110_GregorMendel_50_m
350	VittorioGassman	74	AGE74	9266	9266_VittorioGassman_74_m
350	VittorioGassman	36	AGE36	9241	9241_VittorioGassman_36_m
350	VittorioGassman	52	AGE52	9253	9253_VittorioGassman_52_m
350	VittorioGassman	55	AGE55	9255	9255_VittorioGassman_55_m
350	VittorioGassman	39	AGE39	9244	9244_VittorioGassman_39_m
350	VittorioGassman	66	AGE66	9262	9262_VittorioGassman_66_m
350	VittorioGassman	77	AGE77	9269	9269_VittorioGassman_77_m
350	VittorioGassman	24	AGE24	9236	9236_VittorioGassman_24_m
350	VittorioGassman	45	AGE45	9249	9249_VittorioGassman_45_m
350	VittorioGassman	65	AGE65	9261	9261_VittorioGassman_65_m
350	VittorioGassman	72	AGE72	9264	9264_VittorioGassman_72_m
350	VittorioGassman	50	AGE50	9252	9252_VittorioGassman_50_m
350	VittorioGassman	70	AGE70	9263	9263_VittorioGassman_70_m
350	VittorioGassman	49	AGE49	9251	9251_VittorioGassman_49_m
350	VittorioGassman	61	AGE61	9259	9259_VittorioGassman_61_m
350	VittorioGassman	41	AGE41	9246	9246_VittorioGassman_41_m
350	VittorioGassman	46	AGE46	9250	9250_VittorioGassman_46_m
350	VittorioGassman	52	AGE52	9254	9254_VittorioGassman_52_m
350	VittorioGassman	38	AGE38	9243	9243_VittorioGassman_38_m
350	VittorioGassman	62	AGE62	9260	9260_VittorioGassman_62_m
350	VittorioGassman	44	AGE44	9248	9248_VittorioGassman_44_m
350	VittorioGassman	40	AGE40	9245	9245_VittorioGassman_40_m
350	VittorioGassman	58	AGE58	9257	9257_VittorioGassman_58_m
350	VittorioGassman	77	AGE77	9270	9270_VittorioGassman_77_m
350	VittorioGassman	31	AGE31	9238	9238_VittorioGassman_31_m
350	VittorioGassman	59	AGE59	9258	9258_VittorioGassman_59_m
350	VittorioGassman	26	AGE26	9237	9237_VittorioGassman_26_m
350	VittorioGassman	73	AGE73	9265	9265_VittorioGassman_73_m
350	VittorioGassman	76	AGE76	9268	9268_VittorioGassman_76_m
350	VittorioGassman	33	AGE33	9239	9239_VittorioGassman_33_m
350	VittorioGassman	75	AGE75	9267	9267_VittorioGassman_75_m
350	VittorioGassman	43	AGE43	9247	9247_VittorioGassman_43_m
350	VittorioGassman	37	AGE37	9242	9242_VittorioGassman_37_m
350	VittorioGassman	34	AGE34	9240	9240_VittorioGassman_34_m
350	VittorioGassman	57	AGE57	9256	9256_VittorioGassman_57_m
351	JonVoight	36	AGE36	2054	2054_JonVoight_36_m
351	JonVoight	60	AGE60	2073	2073_JonVoight_60_m
351	JonVoight	47	AGE47	2062	2062_JonVoight_47_m
351	JonVoight	39	AGE39	2058	2058_JonVoight_39_m
351	JonVoight	74	AGE74	2088	2088_JonVoight_74_m
351	JonVoight	31	AGE31	2049	2049_JonVoight_31_m
351	JonVoight	34	AGE34	2051	2051_JonVoight_34_m
351	JonVoight	35	AGE35	2052	2052_JonVoight_35_m
351	JonVoight	65	AGE65	2078	2078_JonVoight_65_m
351	JonVoight	76	AGE76	2091	2091_JonVoight_76_m
351	JonVoight	66	AGE66	2080	2080_JonVoight_66_m
351	JonVoight	61	AGE61	2074	2074_JonVoight_61_m
351	JonVoight	50	AGE50	2065	2065_JonVoight_50_m
351	JonVoight	59	AGE59	2071	2071_JonVoight_59_m
351	JonVoight	41	AGE41	2059	2059_JonVoight_41_m
351	JonVoight	32	AGE32	2050	2050_JonVoight_32_m
351	JonVoight	54	AGE54	2067	2067_JonVoight_54_m
351	JonVoight	48	AGE48	2064	2064_JonVoight_48_m
351	JonVoight	73	AGE73	2087	2087_JonVoight_73_m
351	JonVoight	61	AGE61	2075	2075_JonVoight_61_m
351	JonVoight	52	AGE52	2066	2066_JonVoight_52_m
351	JonVoight	57	AGE57	2069	2069_JonVoight_57_m
351	JonVoight	75	AGE75	2090	2090_JonVoight_75_m
351	JonVoight	68	AGE68	2082	2082_JonVoight_68_m
351	JonVoight	67	AGE67	2081	2081_JonVoight_67_m
351	JonVoight	60	AGE60	2072	2072_JonVoight_60_m
351	JonVoight	37	AGE37	2056	2056_JonVoight_37_m
351	JonVoight	75	AGE75	2089	2089_JonVoight_75_m
351	JonVoight	31	AGE31	2048	2048_JonVoight_31_m
351	JonVoight	66	AGE66	2079	2079_JonVoight_66_m
351	JonVoight	58	AGE58	2070	2070_JonVoight_58_m
351	JonVoight	47	AGE47	2063	2063_JonVoight_47_m
351	JonVoight	45	AGE45	2061	2061_JonVoight_45_m
351	JonVoight	44	AGE44	2060	2060_JonVoight_44_m
351	JonVoight	36	AGE36	2055	2055_JonVoight_36_m
351	JonVoight	28	AGE28	2047	2047_JonVoight_28_m
351	JonVoight	35	AGE35	2053	2053_JonVoight_35_m
351	JonVoight	70	AGE70	2083	2083_JonVoight_70_m
351	JonVoight	64	AGE64	2077	2077_JonVoight_64_m
351	JonVoight	71	AGE71	2084	2084_JonVoight_71_m
351	JonVoight	72	AGE72	2086	2086_JonVoight_72_m
351	JonVoight	62	AGE62	2076	2076_JonVoight_62_m
351	JonVoight	55	AGE55	2068	2068_JonVoight_55_m
351	JonVoight	38	AGE38	2057	2057_JonVoight_38_m
351	JonVoight	71	AGE71	2085	2085_JonVoight_71_m
352	OdysseasElytis	74	AGE74	1393	1393_OdysseasElytis_74_m
352	OdysseasElytis	26	AGE26	1382	1382_OdysseasElytis_26_m
352	OdysseasElytis	50	AGE50	1387	1387_OdysseasElytis_50_m
352	OdysseasElytis	65	AGE65	1394	1394_OdysseasElytis_65_m
352	OdysseasElytis	71	AGE71	1380	1380_OdysseasElytis_71_m
352	OdysseasElytis	55	AGE55	1384	1384_OdysseasElytis_55_m
352	OdysseasElytis	68	AGE68	1385	1385_OdysseasElytis_68_m
352	OdysseasElytis	65	AGE65	1390	1390_OdysseasElytis_65_m
352	OdysseasElytis	83	AGE83	1391	1391_OdysseasElytis_83_m
352	OdysseasElytis	70	AGE70	1386	1386_OdysseasElytis_70_m
352	OdysseasElytis	58	AGE58	1383	1383_OdysseasElytis_58_m
352	OdysseasElytis	64	AGE64	1392	1392_OdysseasElytis_64_m
352	OdysseasElytis	52	AGE52	1388	1388_OdysseasElytis_52_m
352	OdysseasElytis	20	AGE20	1381	1381_OdysseasElytis_20_m
352	OdysseasElytis	43	AGE43	1389	1389_OdysseasElytis_43_m
352	OdysseasElytis	43	AGE43	1379	1379_OdysseasElytis_43_m
353	ArmandAssante	56	AGE56	5138	5138_ArmandAssante_56_m
353	ArmandAssante	46	AGE46	5130	5130_ArmandAssante_46_m
353	ArmandAssante	58	AGE58	5122	5122_ArmandAssante_58_m
353	ArmandAssante	49	AGE49	5133	5133_ArmandAssante_49_m
353	ArmandAssante	25	AGE25	5111	5111_ArmandAssante_25_m
353	ArmandAssante	59	AGE59	5140	5140_ArmandAssante_59_m
353	ArmandAssante	47	AGE47	5131	5131_ArmandAssante_47_m
353	ArmandAssante	29	AGE29	5114	5114_ArmandAssante_29_m
353	ArmandAssante	41	AGE41	5128	5128_ArmandAssante_41_m
353	ArmandAssante	31	AGE31	5117	5117_ArmandAssante_31_m
353	ArmandAssante	33	AGE33	5123	5123_ArmandAssante_33_m
353	ArmandAssante	65	AGE65	5143	5143_ArmandAssante_65_m
353	ArmandAssante	57	AGE57	5139	5139_ArmandAssante_57_m
353	ArmandAssante	34	AGE34	5124	5124_ArmandAssante_34_m
353	ArmandAssante	30	AGE30	5115	5115_ArmandAssante_30_m
353	ArmandAssante	52	AGE52	5135	5135_ArmandAssante_52_m
353	ArmandAssante	48	AGE48	5132	5132_ArmandAssante_48_m
353	ArmandAssante	36	AGE36	5125	5125_ArmandAssante_36_m
353	ArmandAssante	48	AGE48	5120	5120_ArmandAssante_48_m
353	ArmandAssante	32	AGE32	5118	5118_ArmandAssante_32_m
353	ArmandAssante	39	AGE39	5127	5127_ArmandAssante_39_m
353	ArmandAssante	44	AGE44	5119	5119_ArmandAssante_44_m
353	ArmandAssante	51	AGE51	5121	5121_ArmandAssante_51_m
353	ArmandAssante	23	AGE23	5110	5110_ArmandAssante_23_m
353	ArmandAssante	54	AGE54	5136	5136_ArmandAssante_54_m
353	ArmandAssante	50	AGE50	5134	5134_ArmandAssante_50_m
353	ArmandAssante	55	AGE55	5137	5137_ArmandAssante_55_m
353	ArmandAssante	43	AGE43	5129	5129_ArmandAssante_43_m
353	ArmandAssante	31	AGE31	5116	5116_ArmandAssante_31_m
353	ArmandAssante	27	AGE27	5113	5113_ArmandAssante_27_m
353	ArmandAssante	38	AGE38	5126	5126_ArmandAssante_38_m
353	ArmandAssante	61	AGE61	5142	5142_ArmandAssante_61_m
353	ArmandAssante	26	AGE26	5112	5112_ArmandAssante_26_m
353	ArmandAssante	60	AGE60	5141	5141_ArmandAssante_60_m
354	RandolphScott	63	AGE63	8237	8237_RandolphScott_63_m
354	RandolphScott	40	AGE40	8223	8223_RandolphScott_40_m
354	RandolphScott	44	AGE44	8226	8226_RandolphScott_44_m
354	RandolphScott	55	AGE55	8232	8232_RandolphScott_55_m
354	RandolphScott	52	AGE52	8230	8230_RandolphScott_52_m
354	RandolphScott	47	AGE47	8228	8228_RandolphScott_47_m
354	RandolphScott	36	AGE36	8219	8219_RandolphScott_36_m
354	RandolphScott	54	AGE54	8231	8231_RandolphScott_54_m
354	RandolphScott	35	AGE35	8218	8218_RandolphScott_35_m
354	RandolphScott	60	AGE60	8235	8235_RandolphScott_60_m
354	RandolphScott	58	AGE58	8233	8233_RandolphScott_58_m
354	RandolphScott	50	AGE50	8229	8229_RandolphScott_50_m
354	RandolphScott	45	AGE45	8227	8227_RandolphScott_45_m
354	RandolphScott	81	AGE81	8238	8238_RandolphScott_81_m
354	RandolphScott	34	AGE34	8217	8217_RandolphScott_34_m
354	RandolphScott	84	AGE84	8239	8239_RandolphScott_84_m
354	RandolphScott	39	AGE39	8222	8222_RandolphScott_39_m
354	RandolphScott	42	AGE42	8225	8225_RandolphScott_42_m
354	RandolphScott	59	AGE59	8234	8234_RandolphScott_59_m
354	RandolphScott	38	AGE38	8221	8221_RandolphScott_38_m
354	RandolphScott	37	AGE37	8220	8220_RandolphScott_37_m
354	RandolphScott	61	AGE61	8236	8236_RandolphScott_61_m
354	RandolphScott	41	AGE41	8224	8224_RandolphScott_41_m
354	RandolphScott	32	AGE32	8216	8216_RandolphScott_32_m
355	CelesteHolm	46	AGE46	13393	13393_CelesteHolm_46_f
355	CelesteHolm	78	AGE78	13398	13398_CelesteHolm_78_f
355	CelesteHolm	43	AGE43	13392	13392_CelesteHolm_43_f
355	CelesteHolm	39	AGE39	13391	13391_CelesteHolm_39_f
355	CelesteHolm	41	AGE41	13376	13376_CelesteHolm_41_f
355	CelesteHolm	38	AGE38	13390	13390_CelesteHolm_38_f
355	CelesteHolm	32	AGE32	13375	13375_CelesteHolm_32_f
355	CelesteHolm	86	AGE86	13401	13401_CelesteHolm_86_f
355	CelesteHolm	59	AGE59	13380	13380_CelesteHolm_59_f
355	CelesteHolm	81	AGE81	13399	13399_CelesteHolm_81_f
355	CelesteHolm	50	AGE50	13377	13377_CelesteHolm_50_f
355	CelesteHolm	36	AGE36	13389	13389_CelesteHolm_36_f
355	CelesteHolm	56	AGE56	13379	13379_CelesteHolm_56_f
355	CelesteHolm	70	AGE70	13396	13396_CelesteHolm_70_f
355	CelesteHolm	71	AGE71	13382	13382_CelesteHolm_71_f
355	CelesteHolm	66	AGE66	13381	13381_CelesteHolm_66_f
355	CelesteHolm	61	AGE61	13394	13394_CelesteHolm_61_f
355	CelesteHolm	75	AGE75	13397	13397_CelesteHolm_75_f
355	CelesteHolm	25	AGE25	13373	13373_CelesteHolm_25_f
355	CelesteHolm	83	AGE83	13384	13384_CelesteHolm_83_f
355	CelesteHolm	91	AGE91	13403	13403_CelesteHolm_91_f
355	CelesteHolm	84	AGE84	13400	13400_CelesteHolm_84_f
355	CelesteHolm	89	AGE89	13387	13387_CelesteHolm_89_f
355	CelesteHolm	90	AGE90	13402	13402_CelesteHolm_90_f
355	CelesteHolm	87	AGE87	13386	13386_CelesteHolm_87_f
355	CelesteHolm	63	AGE63	13395	13395_CelesteHolm_63_f
355	CelesteHolm	27	AGE27	13374	13374_CelesteHolm_27_f
355	CelesteHolm	85	AGE85	13385	13385_CelesteHolm_85_f
355	CelesteHolm	73	AGE73	13383	13383_CelesteHolm_73_f
355	CelesteHolm	54	AGE54	13378	13378_CelesteHolm_54_f
355	CelesteHolm	35	AGE35	13388	13388_CelesteHolm_35_f
356	JeffreyJones	55	AGE55	4255	4255_JeffreyJones_55_m
356	JeffreyJones	62	AGE62	4256	4256_JeffreyJones_62_m
356	JeffreyJones	41	AGE41	4245	4245_JeffreyJones_41_m
356	JeffreyJones	42	AGE42	4246	4246_JeffreyJones_42_m
356	JeffreyJones	48	AGE48	4250	4250_JeffreyJones_48_m
356	JeffreyJones	46	AGE46	4249	4249_JeffreyJones_46_m
356	JeffreyJones	51	AGE51	4252	4252_JeffreyJones_51_m
356	JeffreyJones	54	AGE54	4254	4254_JeffreyJones_54_m
356	JeffreyJones	50	AGE50	4251	4251_JeffreyJones_50_m
356	JeffreyJones	39	AGE39	4243	4243_JeffreyJones_39_m
356	JeffreyJones	63	AGE63	4257	4257_JeffreyJones_63_m
356	JeffreyJones	37	AGE37	4241	4241_JeffreyJones_37_m
356	JeffreyJones	38	AGE38	4242	4242_JeffreyJones_38_m
356	JeffreyJones	40	AGE40	4244	4244_JeffreyJones_40_m
356	JeffreyJones	43	AGE43	4247	4247_JeffreyJones_43_m
356	JeffreyJones	67	AGE67	4258	4258_JeffreyJones_67_m
356	JeffreyJones	53	AGE53	4253	4253_JeffreyJones_53_m
356	JeffreyJones	44	AGE44	4248	4248_JeffreyJones_44_m
357	KathyBates	56	AGE56	10236	10236_KathyBates_56_f
357	KathyBates	61	AGE61	10232	10232_KathyBates_61_f
357	KathyBates	38	AGE38	10222	10222_KathyBates_38_f
357	KathyBates	47	AGE47	10226	10226_KathyBates_47_f
357	KathyBates	54	AGE54	10235	10235_KathyBates_54_f
357	KathyBates	62	AGE62	10233	10233_KathyBates_62_f
357	KathyBates	27	AGE27	10220	10220_KathyBates_27_f
357	KathyBates	43	AGE43	10223	10223_KathyBates_43_f
357	KathyBates	23	AGE23	10219	10219_KathyBates_23_f
357	KathyBates	46	AGE46	10229	10229_KathyBates_46_f
357	KathyBates	59	AGE59	10237	10237_KathyBates_59_f
357	KathyBates	59	AGE59	10231	10231_KathyBates_59_f
357	KathyBates	65	AGE65	10242	10242_KathyBates_65_f
357	KathyBates	34	AGE34	10221	10221_KathyBates_34_f
357	KathyBates	49	AGE49	10227	10227_KathyBates_49_f
357	KathyBates	47	AGE47	10225	10225_KathyBates_47_f
357	KathyBates	57	AGE57	10234	10234_KathyBates_57_f
357	KathyBates	48	AGE48	10230	10230_KathyBates_48_f
357	KathyBates	54	AGE54	10228	10228_KathyBates_54_f
357	KathyBates	60	AGE60	10238	10238_KathyBates_60_f
357	KathyBates	49	AGE49	10241	10241_KathyBates_49_f
357	KathyBates	60	AGE60	10239	10239_KathyBates_60_f
357	KathyBates	23	AGE23	10218	10218_KathyBates_23_f
357	KathyBates	43	AGE43	10224	10224_KathyBates_43_f
357	KathyBates	62	AGE62	10240	10240_KathyBates_62_f
358	NicolasSarkozy	45	AGE45	5534	5534_NicolasSarkozy_45_m
358	NicolasSarkozy	53	AGE53	5541	5541_NicolasSarkozy_53_m
358	NicolasSarkozy	23	AGE23	5516	5516_NicolasSarkozy_23_m
358	NicolasSarkozy	49	AGE49	5537	5537_NicolasSarkozy_49_m
358	NicolasSarkozy	51	AGE51	5539	5539_NicolasSarkozy_51_m
358	NicolasSarkozy	43	AGE43	5532	5532_NicolasSarkozy_43_m
358	NicolasSarkozy	21	AGE21	5515	5515_NicolasSarkozy_21_m
358	NicolasSarkozy	58	AGE58	5546	5546_NicolasSarkozy_58_m
358	NicolasSarkozy	35	AGE35	5525	5525_NicolasSarkozy_35_m
358	NicolasSarkozy	31	AGE31	5522	5522_NicolasSarkozy_31_m
358	NicolasSarkozy	56	AGE56	5544	5544_NicolasSarkozy_56_m
358	NicolasSarkozy	60	AGE60	5548	5548_NicolasSarkozy_60_m
358	NicolasSarkozy	41	AGE41	5531	5531_NicolasSarkozy_41_m
358	NicolasSarkozy	34	AGE34	5524	5524_NicolasSarkozy_34_m
358	NicolasSarkozy	30	AGE30	5521	5521_NicolasSarkozy_30_m
358	NicolasSarkozy	61	AGE61	5549	5549_NicolasSarkozy_61_m
358	NicolasSarkozy	37	AGE37	5527	5527_NicolasSarkozy_37_m
358	NicolasSarkozy	28	AGE28	5520	5520_NicolasSarkozy_28_m
358	NicolasSarkozy	26	AGE26	5518	5518_NicolasSarkozy_26_m
358	NicolasSarkozy	32	AGE32	5523	5523_NicolasSarkozy_32_m
358	NicolasSarkozy	57	AGE57	5545	5545_NicolasSarkozy_57_m
358	NicolasSarkozy	52	AGE52	5540	5540_NicolasSarkozy_52_m
358	NicolasSarkozy	37	AGE37	5526	5526_NicolasSarkozy_37_m
358	NicolasSarkozy	25	AGE25	5517	5517_NicolasSarkozy_25_m
358	NicolasSarkozy	27	AGE27	5519	5519_NicolasSarkozy_27_m
358	NicolasSarkozy	40	AGE40	5529	5529_NicolasSarkozy_40_m
358	NicolasSarkozy	44	AGE44	5533	5533_NicolasSarkozy_44_m
358	NicolasSarkozy	38	AGE38	5528	5528_NicolasSarkozy_38_m
358	NicolasSarkozy	59	AGE59	5547	5547_NicolasSarkozy_59_m
358	NicolasSarkozy	54	AGE54	5542	5542_NicolasSarkozy_54_m
358	NicolasSarkozy	48	AGE48	5536	5536_NicolasSarkozy_48_m
358	NicolasSarkozy	20	AGE20	5514	5514_NicolasSarkozy_20_m
358	NicolasSarkozy	50	AGE50	5538	5538_NicolasSarkozy_50_m
358	NicolasSarkozy	55	AGE55	5543	5543_NicolasSarkozy_55_m
358	NicolasSarkozy	47	AGE47	5535	5535_NicolasSarkozy_47_m
358	NicolasSarkozy	41	AGE41	5530	5530_NicolasSarkozy_41_m
359	KostasVoutsas	40	AGE40	4705	4705_KostasVoutsas_40_m
359	KostasVoutsas	60	AGE60	4716	4716_KostasVoutsas_60_m
359	KostasVoutsas	32	AGE32	4702	4702_KostasVoutsas_32_m
359	KostasVoutsas	52	AGE52	4719	4719_KostasVoutsas_52_m
359	KostasVoutsas	60	AGE60	4710	4710_KostasVoutsas_60_m
359	KostasVoutsas	60	AGE60	4706	4706_KostasVoutsas_60_m
359	KostasVoutsas	65	AGE65	4718	4718_KostasVoutsas_65_m
359	KostasVoutsas	32	AGE32	4708	4708_KostasVoutsas_32_m
359	KostasVoutsas	70	AGE70	4712	4712_KostasVoutsas_70_m
359	KostasVoutsas	35	AGE35	4714	4714_KostasVoutsas_35_m
359	KostasVoutsas	80	AGE80	4713	4713_KostasVoutsas_80_m
359	KostasVoutsas	65	AGE65	4717	4717_KostasVoutsas_65_m
359	KostasVoutsas	61	AGE61	4701	4701_KostasVoutsas_61_m
359	KostasVoutsas	32	AGE32	4709	4709_KostasVoutsas_32_m
359	KostasVoutsas	62	AGE62	4704	4704_KostasVoutsas_62_m
359	KostasVoutsas	48	AGE48	4711	4711_KostasVoutsas_48_m
359	KostasVoutsas	53	AGE53	4703	4703_KostasVoutsas_53_m
359	KostasVoutsas	33	AGE33	4715	4715_KostasVoutsas_33_m
359	KostasVoutsas	58	AGE58	4707	4707_KostasVoutsas_58_m
360	UgoTognazzi	47	AGE47	7688	7688_UgoTognazzi_47_m
360	UgoTognazzi	65	AGE65	7705	7705_UgoTognazzi_65_m
360	UgoTognazzi	39	AGE39	7679	7679_UgoTognazzi_39_m
360	UgoTognazzi	64	AGE64	7704	7704_UgoTognazzi_64_m
360	UgoTognazzi	35	AGE35	7675	7675_UgoTognazzi_35_m
360	UgoTognazzi	49	AGE49	7691	7691_UgoTognazzi_49_m
360	UgoTognazzi	36	AGE36	7676	7676_UgoTognazzi_36_m
360	UgoTognazzi	42	AGE42	7683	7683_UgoTognazzi_42_m
360	UgoTognazzi	56	AGE56	7699	7699_UgoTognazzi_56_m
360	UgoTognazzi	34	AGE34	7674	7674_UgoTognazzi_34_m
360	UgoTognazzi	51	AGE51	7693	7693_UgoTognazzi_51_m
360	UgoTognazzi	60	AGE60	7701	7701_UgoTognazzi_60_m
360	UgoTognazzi	54	AGE54	7697	7697_UgoTognazzi_54_m
360	UgoTognazzi	62	AGE62	7702	7702_UgoTognazzi_62_m
360	UgoTognazzi	40	AGE40	7681	7681_UgoTognazzi_40_m
360	UgoTognazzi	50	AGE50	7692	7692_UgoTognazzi_50_m
360	UgoTognazzi	52	AGE52	7694	7694_UgoTognazzi_52_m
360	UgoTognazzi	53	AGE53	7696	7696_UgoTognazzi_53_m
360	UgoTognazzi	32	AGE32	7672	7672_UgoTognazzi_32_m
360	UgoTognazzi	43	AGE43	7684	7684_UgoTognazzi_43_m
360	UgoTognazzi	30	AGE30	7670	7670_UgoTognazzi_30_m
360	UgoTognazzi	45	AGE45	7686	7686_UgoTognazzi_45_m
360	UgoTognazzi	55	AGE55	7698	7698_UgoTognazzi_55_m
360	UgoTognazzi	63	AGE63	7703	7703_UgoTognazzi_63_m
360	UgoTognazzi	48	AGE48	7689	7689_UgoTognazzi_48_m
360	UgoTognazzi	37	AGE37	7677	7677_UgoTognazzi_37_m
360	UgoTognazzi	38	AGE38	7678	7678_UgoTognazzi_38_m
360	UgoTognazzi	67	AGE67	7706	7706_UgoTognazzi_67_m
360	UgoTognazzi	40	AGE40	7680	7680_UgoTognazzi_40_m
360	UgoTognazzi	31	AGE31	7671	7671_UgoTognazzi_31_m
360	UgoTognazzi	33	AGE33	7673	7673_UgoTognazzi_33_m
360	UgoTognazzi	42	AGE42	7682	7682_UgoTognazzi_42_m
360	UgoTognazzi	53	AGE53	7695	7695_UgoTognazzi_53_m
360	UgoTognazzi	46	AGE46	7687	7687_UgoTognazzi_46_m
360	UgoTognazzi	48	AGE48	7690	7690_UgoTognazzi_48_m
360	UgoTognazzi	57	AGE57	7700	7700_UgoTognazzi_57_m
360	UgoTognazzi	44	AGE44	7685	7685_UgoTognazzi_44_m
361	CarlSagan	21	AGE21	989	989_CarlSagan_21_m
361	CarlSagan	46	AGE46	990	990_CarlSagan_46_m
361	CarlSagan	42	AGE42	995	995_CarlSagan_42_m
361	CarlSagan	35	AGE35	999	999_CarlSagan_35_m
361	CarlSagan	59	AGE59	996	996_CarlSagan_59_m
361	CarlSagan	50	AGE50	997	997_CarlSagan_50_m
361	CarlSagan	50	AGE50	991	991_CarlSagan_50_m
361	CarlSagan	40	AGE40	994	994_CarlSagan_40_m
361	CarlSagan	25	AGE25	993	993_CarlSagan_25_m
361	CarlSagan	60	AGE60	987	987_CarlSagan_60_m
361	CarlSagan	20	AGE20	988	988_CarlSagan_20_m
361	CarlSagan	25	AGE25	998	998_CarlSagan_25_m
361	CarlSagan	42	AGE42	992	992_CarlSagan_42_m
362	CyndiLauper	32	AGE32	11433	11433_CyndiLauper_32_f
362	CyndiLauper	30	AGE30	11431	11431_CyndiLauper_30_f
362	CyndiLauper	59	AGE59	11447	11447_CyndiLauper_59_f
362	CyndiLauper	61	AGE61	11450	11450_CyndiLauper_61_f
362	CyndiLauper	55	AGE55	11444	11444_CyndiLauper_55_f
362	CyndiLauper	60	AGE60	11448	11448_CyndiLauper_60_f
362	CyndiLauper	52	AGE52	11441	11441_CyndiLauper_52_f
362	CyndiLauper	61	AGE61	11449	11449_CyndiLauper_61_f
362	CyndiLauper	49	AGE49	11439	11439_CyndiLauper_49_f
362	CyndiLauper	37	AGE37	11435	11435_CyndiLauper_37_f
362	CyndiLauper	58	AGE58	11446	11446_CyndiLauper_58_f
362	CyndiLauper	53	AGE53	11442	11442_CyndiLauper_53_f
362	CyndiLauper	45	AGE45	11437	11437_CyndiLauper_45_f
362	CyndiLauper	54	AGE54	11443	11443_CyndiLauper_54_f
362	CyndiLauper	29	AGE29	11430	11430_CyndiLauper_29_f
362	CyndiLauper	34	AGE34	11434	11434_CyndiLauper_34_f
362	CyndiLauper	31	AGE31	11432	11432_CyndiLauper_31_f
362	CyndiLauper	27	AGE27	11429	11429_CyndiLauper_27_f
362	CyndiLauper	56	AGE56	11445	11445_CyndiLauper_56_f
362	CyndiLauper	48	AGE48	11438	11438_CyndiLauper_48_f
362	CyndiLauper	38	AGE38	11436	11436_CyndiLauper_38_f
362	CyndiLauper	51	AGE51	11440	11440_CyndiLauper_51_f
362	CyndiLauper	20	AGE20	11428	11428_CyndiLauper_20_f
363	GretaGarbo	58	AGE58	13108	13108_GretaGarbo_58_f
363	GretaGarbo	84	AGE84	13103	13103_GretaGarbo_84_f
363	GretaGarbo	13	AGE13	13084	13084_GretaGarbo_13_f
363	GretaGarbo	85	AGE85	13104	13104_GretaGarbo_85_f
363	GretaGarbo	30	AGE30	13093	13093_GretaGarbo_30_f
363	GretaGarbo	26	AGE26	13090	13090_GretaGarbo_26_f
363	GretaGarbo	27	AGE27	13091	13091_GretaGarbo_27_f
363	GretaGarbo	20	AGE20	13085	13085_GretaGarbo_20_f
363	GretaGarbo	42	AGE42	13106	13106_GretaGarbo_42_f
363	GretaGarbo	28	AGE28	13092	13092_GretaGarbo_28_f
363	GretaGarbo	60	AGE60	13101	13101_GretaGarbo_60_f
363	GretaGarbo	51	AGE51	13099	13099_GretaGarbo_51_f
363	GretaGarbo	25	AGE25	13089	13089_GretaGarbo_25_f
363	GretaGarbo	31	AGE31	13094	13094_GretaGarbo_31_f
363	GretaGarbo	24	AGE24	13088	13088_GretaGarbo_24_f
363	GretaGarbo	55	AGE55	13100	13100_GretaGarbo_55_f
363	GretaGarbo	47	AGE47	13107	13107_GretaGarbo_47_f
363	GretaGarbo	32	AGE32	13095	13095_GretaGarbo_32_f
363	GretaGarbo	23	AGE23	13086	13086_GretaGarbo_23_f
363	GretaGarbo	85	AGE85	13105	13105_GretaGarbo_85_f
363	GretaGarbo	48	AGE48	13098	13098_GretaGarbo_48_f
363	GretaGarbo	34	AGE34	13096	13096_GretaGarbo_34_f
363	GretaGarbo	23	AGE23	13087	13087_GretaGarbo_23_f
363	GretaGarbo	46	AGE46	13097	13097_GretaGarbo_46_f
363	GretaGarbo	64	AGE64	13102	13102_GretaGarbo_64_f
364	SarahDouglas	30	AGE30	15789	15789_SarahDouglas_30_f
364	SarahDouglas	49	AGE49	15801	15801_SarahDouglas_49_f
364	SarahDouglas	25	AGE25	15785	15785_SarahDouglas_25_f
364	SarahDouglas	37	AGE37	15796	15796_SarahDouglas_37_f
364	SarahDouglas	24	AGE24	15784	15784_SarahDouglas_24_f
364	SarahDouglas	31	AGE31	15790	15790_SarahDouglas_31_f
364	SarahDouglas	39	AGE39	15798	15798_SarahDouglas_39_f
364	SarahDouglas	33	AGE33	15792	15792_SarahDouglas_33_f
364	SarahDouglas	18	AGE18	15782	15782_SarahDouglas_18_f
364	SarahDouglas	34	AGE34	15793	15793_SarahDouglas_34_f
364	SarahDouglas	56	AGE56	15805	15805_SarahDouglas_56_f
364	SarahDouglas	32	AGE32	15791	15791_SarahDouglas_32_f
364	SarahDouglas	63	AGE63	15812	15812_SarahDouglas_63_f
364	SarahDouglas	58	AGE58	15807	15807_SarahDouglas_58_f
364	SarahDouglas	53	AGE53	15802	15802_SarahDouglas_53_f
364	SarahDouglas	35	AGE35	15794	15794_SarahDouglas_35_f
364	SarahDouglas	21	AGE21	15783	15783_SarahDouglas_21_f
364	SarahDouglas	43	AGE43	15799	15799_SarahDouglas_43_f
364	SarahDouglas	36	AGE36	15795	15795_SarahDouglas_36_f
364	SarahDouglas	54	AGE54	15803	15803_SarahDouglas_54_f
364	SarahDouglas	57	AGE57	15806	15806_SarahDouglas_57_f
364	SarahDouglas	59	AGE59	15808	15808_SarahDouglas_59_f
364	SarahDouglas	62	AGE62	15811	15811_SarahDouglas_62_f
364	SarahDouglas	28	AGE28	15788	15788_SarahDouglas_28_f
364	SarahDouglas	47	AGE47	15800	15800_SarahDouglas_47_f
364	SarahDouglas	26	AGE26	15786	15786_SarahDouglas_26_f
364	SarahDouglas	61	AGE61	15810	15810_SarahDouglas_61_f
364	SarahDouglas	38	AGE38	15797	15797_SarahDouglas_38_f
364	SarahDouglas	55	AGE55	15804	15804_SarahDouglas_55_f
364	SarahDouglas	60	AGE60	15809	15809_SarahDouglas_60_f
364	SarahDouglas	27	AGE27	15787	15787_SarahDouglas_27_f
365	JohnVernon	32	AGE32	6446	6446_JohnVernon_32_m
365	JohnVernon	50	AGE50	6460	6460_JohnVernon_50_m
365	JohnVernon	39	AGE39	6453	6453_JohnVernon_39_m
365	JohnVernon	58	AGE58	6467	6467_JohnVernon_58_m
365	JohnVernon	35	AGE35	6449	6449_JohnVernon_35_m
365	JohnVernon	31	AGE31	6445	6445_JohnVernon_31_m
365	JohnVernon	53	AGE53	6463	6463_JohnVernon_53_m
365	JohnVernon	63	AGE63	6469	6469_JohnVernon_63_m
365	JohnVernon	34	AGE34	6448	6448_JohnVernon_34_m
365	JohnVernon	42	AGE42	6456	6456_JohnVernon_42_m
365	JohnVernon	47	AGE47	6458	6458_JohnVernon_47_m
365	JohnVernon	54	AGE54	6464	6464_JohnVernon_54_m
365	JohnVernon	52	AGE52	6462	6462_JohnVernon_52_m
365	JohnVernon	30	AGE30	6444	6444_JohnVernon_30_m
365	JohnVernon	51	AGE51	6461	6461_JohnVernon_51_m
365	JohnVernon	33	AGE33	6447	6447_JohnVernon_33_m
365	JohnVernon	49	AGE49	6459	6459_JohnVernon_49_m
365	JohnVernon	67	AGE67	6470	6470_JohnVernon_67_m
365	JohnVernon	56	AGE56	6465	6465_JohnVernon_56_m
365	JohnVernon	41	AGE41	6455	6455_JohnVernon_41_m
365	JohnVernon	60	AGE60	6468	6468_JohnVernon_60_m
365	JohnVernon	71	AGE71	6471	6471_JohnVernon_71_m
365	JohnVernon	57	AGE57	6466	6466_JohnVernon_57_m
365	JohnVernon	37	AGE37	6451	6451_JohnVernon_37_m
365	JohnVernon	38	AGE38	6452	6452_JohnVernon_38_m
365	JohnVernon	46	AGE46	6457	6457_JohnVernon_46_m
365	JohnVernon	36	AGE36	6450	6450_JohnVernon_36_m
365	JohnVernon	40	AGE40	6454	6454_JohnVernon_40_m
366	MelFerrer	32	AGE32	6620	6620_MelFerrer_32_m
366	MelFerrer	36	AGE36	6626	6626_MelFerrer_36_m
366	MelFerrer	40	AGE40	6623	6623_MelFerrer_40_m
366	MelFerrer	57	AGE57	6638	6638_MelFerrer_57_m
366	MelFerrer	65	AGE65	6642	6642_MelFerrer_65_m
366	MelFerrer	75	AGE75	6644	6644_MelFerrer_75_m
366	MelFerrer	54	AGE54	6635	6635_MelFerrer_54_m
366	MelFerrer	44	AGE44	6630	6630_MelFerrer_44_m
366	MelFerrer	63	AGE63	6641	6641_MelFerrer_63_m
366	MelFerrer	72	AGE72	6643	6643_MelFerrer_72_m
366	MelFerrer	48	AGE48	6633	6633_MelFerrer_48_m
366	MelFerrer	46	AGE46	6632	6632_MelFerrer_46_m
366	MelFerrer	35	AGE35	6625	6625_MelFerrer_35_m
366	MelFerrer	83	AGE83	6646	6646_MelFerrer_83_m
366	MelFerrer	55	AGE55	6636	6636_MelFerrer_55_m
366	MelFerrer	42	AGE42	6629	6629_MelFerrer_42_m
366	MelFerrer	58	AGE58	6639	6639_MelFerrer_58_m
366	MelFerrer	41	AGE41	6628	6628_MelFerrer_41_m
366	MelFerrer	38	AGE38	6622	6622_MelFerrer_38_m
366	MelFerrer	60	AGE60	6640	6640_MelFerrer_60_m
366	MelFerrer	89	AGE89	6648	6648_MelFerrer_89_m
366	MelFerrer	45	AGE45	6631	6631_MelFerrer_45_m
366	MelFerrer	79	AGE79	6645	6645_MelFerrer_79_m
366	MelFerrer	56	AGE56	6637	6637_MelFerrer_56_m
366	MelFerrer	51	AGE51	6634	6634_MelFerrer_51_m
366	MelFerrer	87	AGE87	6647	6647_MelFerrer_87_m
366	MelFerrer	33	AGE33	6624	6624_MelFerrer_33_m
366	MelFerrer	34	AGE34	6621	6621_MelFerrer_34_m
366	MelFerrer	39	AGE39	6627	6627_MelFerrer_39_m
367	LiamNeeson	35	AGE35	2748	2748_LiamNeeson_35_m
367	LiamNeeson	37	AGE37	2751	2751_LiamNeeson_37_m
367	LiamNeeson	51	AGE51	2761	2761_LiamNeeson_51_m
367	LiamNeeson	38	AGE38	2752	2752_LiamNeeson_38_m
367	LiamNeeson	41	AGE41	2753	2753_LiamNeeson_41_m
367	LiamNeeson	33	AGE33	2746	2746_LiamNeeson_33_m
367	LiamNeeson	62	AGE62	2770	2770_LiamNeeson_62_m
367	LiamNeeson	52	AGE52	2762	2762_LiamNeeson_52_m
367	LiamNeeson	42	AGE42	2756	2756_LiamNeeson_42_m
367	LiamNeeson	27	AGE27	2742	2742_LiamNeeson_27_m
367	LiamNeeson	27	AGE27	2743	2743_LiamNeeson_27_m
367	LiamNeeson	46	AGE46	2758	2758_LiamNeeson_46_m
367	LiamNeeson	41	AGE41	2755	2755_LiamNeeson_41_m
367	LiamNeeson	48	AGE48	2759	2759_LiamNeeson_48_m
367	LiamNeeson	55	AGE55	2765	2765_LiamNeeson_55_m
367	LiamNeeson	60	AGE60	2769	2769_LiamNeeson_60_m
367	LiamNeeson	36	AGE36	2750	2750_LiamNeeson_36_m
367	LiamNeeson	54	AGE54	2764	2764_LiamNeeson_54_m
367	LiamNeeson	57	AGE57	2767	2767_LiamNeeson_57_m
367	LiamNeeson	34	AGE34	2747	2747_LiamNeeson_34_m
367	LiamNeeson	32	AGE32	2745	2745_LiamNeeson_32_m
367	LiamNeeson	56	AGE56	2766	2766_LiamNeeson_56_m
367	LiamNeeson	31	AGE31	2744	2744_LiamNeeson_31_m
367	LiamNeeson	53	AGE53	2763	2763_LiamNeeson_53_m
367	LiamNeeson	35	AGE35	2749	2749_LiamNeeson_35_m
367	LiamNeeson	44	AGE44	2757	2757_LiamNeeson_44_m
367	LiamNeeson	50	AGE50	2760	2760_LiamNeeson_50_m
367	LiamNeeson	58	AGE58	2768	2768_LiamNeeson_58_m
367	LiamNeeson	41	AGE41	2754	2754_LiamNeeson_41_m
368	BettyGarrett	58	AGE58	15060	15060_BettyGarrett_58_f
368	BettyGarrett	82	AGE82	15076	15076_BettyGarrett_82_f
368	BettyGarrett	25	AGE25	15042	15042_BettyGarrett_25_f
368	BettyGarrett	64	AGE64	15063	15063_BettyGarrett_64_f
368	BettyGarrett	36	AGE36	15052	15052_BettyGarrett_36_f
368	BettyGarrett	33	AGE33	15049	15049_BettyGarrett_33_f
368	BettyGarrett	67	AGE67	15065	15065_BettyGarrett_67_f
368	BettyGarrett	66	AGE66	15064	15064_BettyGarrett_66_f
368	BettyGarrett	60	AGE60	15062	15062_BettyGarrett_60_f
368	BettyGarrett	74	AGE74	15070	15070_BettyGarrett_74_f
368	BettyGarrett	32	AGE32	15048	15048_BettyGarrett_32_f
368	BettyGarrett	83	AGE83	15077	15077_BettyGarrett_83_f
368	BettyGarrett	59	AGE59	15061	15061_BettyGarrett_59_f
368	BettyGarrett	71	AGE71	15068	15068_BettyGarrett_71_f
368	BettyGarrett	27	AGE27	15044	15044_BettyGarrett_27_f
368	BettyGarrett	34	AGE34	15050	15050_BettyGarrett_34_f
368	BettyGarrett	85	AGE85	15078	15078_BettyGarrett_85_f
368	BettyGarrett	73	AGE73	15069	15069_BettyGarrett_73_f
368	BettyGarrett	38	AGE38	15053	15053_BettyGarrett_38_f
368	BettyGarrett	86	AGE86	15079	15079_BettyGarrett_86_f
368	BettyGarrett	30	AGE30	15046	15046_BettyGarrett_30_f
368	BettyGarrett	28	AGE28	15045	15045_BettyGarrett_28_f
368	BettyGarrett	79	AGE79	15074	15074_BettyGarrett_79_f
368	BettyGarrett	31	AGE31	15047	15047_BettyGarrett_31_f
368	BettyGarrett	49	AGE49	15056	15056_BettyGarrett_49_f
368	BettyGarrett	26	AGE26	15043	15043_BettyGarrett_26_f
368	BettyGarrett	41	AGE41	15054	15054_BettyGarrett_41_f
368	BettyGarrett	91	AGE91	15081	15081_BettyGarrett_91_f
368	BettyGarrett	69	AGE69	15067	15067_BettyGarrett_69_f
368	BettyGarrett	68	AGE68	15066	15066_BettyGarrett_68_f
368	BettyGarrett	90	AGE90	15080	15080_BettyGarrett_90_f
368	BettyGarrett	35	AGE35	15051	15051_BettyGarrett_35_f
368	BettyGarrett	57	AGE57	15059	15059_BettyGarrett_57_f
368	BettyGarrett	53	AGE53	15057	15057_BettyGarrett_53_f
368	BettyGarrett	76	AGE76	15071	15071_BettyGarrett_76_f
368	BettyGarrett	81	AGE81	15075	15075_BettyGarrett_81_f
368	BettyGarrett	56	AGE56	15058	15058_BettyGarrett_56_f
368	BettyGarrett	77	AGE77	15072	15072_BettyGarrett_77_f
368	BettyGarrett	44	AGE44	15055	15055_BettyGarrett_44_f
368	BettyGarrett	78	AGE78	15073	15073_BettyGarrett_78_f
369	BorisKarloff	69	AGE69	6943	6943_BorisKarloff_69_m
369	BorisKarloff	39	AGE39	6913	6913_BorisKarloff_39_m
369	BorisKarloff	67	AGE67	6941	6941_BorisKarloff_67_m
369	BorisKarloff	40	AGE40	6914	6914_BorisKarloff_40_m
369	BorisKarloff	54	AGE54	6924	6924_BorisKarloff_54_m
369	BorisKarloff	45	AGE45	6929	6929_BorisKarloff_45_m
369	BorisKarloff	63	AGE63	6940	6940_BorisKarloff_63_m
369	BorisKarloff	44	AGE44	6919	6919_BorisKarloff_44_m
369	BorisKarloff	64	AGE64	6925	6925_BorisKarloff_64_m
369	BorisKarloff	58	AGE58	6939	6939_BorisKarloff_58_m
369	BorisKarloff	42	AGE42	6916	6916_BorisKarloff_42_m
369	BorisKarloff	56	AGE56	6938	6938_BorisKarloff_56_m
369	BorisKarloff	48	AGE48	6933	6933_BorisKarloff_48_m
369	BorisKarloff	51	AGE51	6935	6935_BorisKarloff_51_m
369	BorisKarloff	71	AGE71	6944	6944_BorisKarloff_71_m
369	BorisKarloff	65	AGE65	6926	6926_BorisKarloff_65_m
369	BorisKarloff	50	AGE50	6934	6934_BorisKarloff_50_m
369	BorisKarloff	41	AGE41	6915	6915_BorisKarloff_41_m
369	BorisKarloff	32	AGE32	6911	6911_BorisKarloff_32_m
369	BorisKarloff	75	AGE75	6946	6946_BorisKarloff_75_m
369	BorisKarloff	76	AGE76	6947	6947_BorisKarloff_76_m
369	BorisKarloff	78	AGE78	6948	6948_BorisKarloff_78_m
369	BorisKarloff	43	AGE43	6918	6918_BorisKarloff_43_m
369	BorisKarloff	79	AGE79	6928	6928_BorisKarloff_79_m
369	BorisKarloff	38	AGE38	6912	6912_BorisKarloff_38_m
369	BorisKarloff	45	AGE45	6930	6930_BorisKarloff_45_m
369	BorisKarloff	81	AGE81	6949	6949_BorisKarloff_81_m
369	BorisKarloff	53	AGE53	6923	6923_BorisKarloff_53_m
369	BorisKarloff	47	AGE47	6932	6932_BorisKarloff_47_m
369	BorisKarloff	52	AGE52	6936	6936_BorisKarloff_52_m
369	BorisKarloff	49	AGE49	6922	6922_BorisKarloff_49_m
369	BorisKarloff	46	AGE46	6931	6931_BorisKarloff_46_m
369	BorisKarloff	43	AGE43	6917	6917_BorisKarloff_43_m
369	BorisKarloff	74	AGE74	6945	6945_BorisKarloff_74_m
369	BorisKarloff	55	AGE55	6937	6937_BorisKarloff_55_m
369	BorisKarloff	47	AGE47	6920	6920_BorisKarloff_47_m
369	BorisKarloff	73	AGE73	6927	6927_BorisKarloff_73_m
369	BorisKarloff	68	AGE68	6942	6942_BorisKarloff_68_m
369	BorisKarloff	48	AGE48	6921	6921_BorisKarloff_48_m
370	PeterOToole	36	AGE36	5633	5633_PeterOToole_36_m
370	PeterOToole	30	AGE30	5632	5632_PeterOToole_30_m
370	PeterOToole	66	AGE66	5643	5643_PeterOToole_66_m
370	PeterOToole	50	AGE50	5640	5640_PeterOToole_50_m
370	PeterOToole	38	AGE38	5651	5651_PeterOToole_38_m
370	PeterOToole	68	AGE68	5649	5649_PeterOToole_68_m
370	PeterOToole	56	AGE56	5642	5642_PeterOToole_56_m
370	PeterOToole	55	AGE55	5641	5641_PeterOToole_55_m
370	PeterOToole	40	AGE40	5634	5634_PeterOToole_40_m
370	PeterOToole	53	AGE53	5631	5631_PeterOToole_53_m
370	PeterOToole	41	AGE41	5650	5650_PeterOToole_41_m
370	PeterOToole	50	AGE50	5639	5639_PeterOToole_50_m
370	PeterOToole	48	AGE48	5638	5638_PeterOToole_48_m
370	PeterOToole	74	AGE74	5646	5646_PeterOToole_74_m
370	PeterOToole	71	AGE71	5644	5644_PeterOToole_71_m
370	PeterOToole	48	AGE48	5637	5637_PeterOToole_48_m
370	PeterOToole	60	AGE60	5647	5647_PeterOToole_60_m
370	PeterOToole	26	AGE26	5635	5635_PeterOToole_26_m
370	PeterOToole	42	AGE42	5648	5648_PeterOToole_42_m
370	PeterOToole	74	AGE74	5645	5645_PeterOToole_74_m
370	PeterOToole	42	AGE42	5636	5636_PeterOToole_42_m
371	ChristopherPlummer	40	AGE40	7865	7865_ChristopherPlummer_40_m
371	ChristopherPlummer	73	AGE73	7876	7876_ChristopherPlummer_73_m
371	ChristopherPlummer	47	AGE47	7869	7869_ChristopherPlummer_47_m
371	ChristopherPlummer	32	AGE32	7855	7855_ChristopherPlummer_32_m
371	ChristopherPlummer	34	AGE34	7857	7857_ChristopherPlummer_34_m
371	ChristopherPlummer	78	AGE78	7878	7878_ChristopherPlummer_78_m
371	ChristopherPlummer	37	AGE37	7862	7862_ChristopherPlummer_37_m
371	ChristopherPlummer	39	AGE39	7864	7864_ChristopherPlummer_39_m
371	ChristopherPlummer	45	AGE45	7868	7868_ChristopherPlummer_45_m
371	ChristopherPlummer	35	AGE35	7858	7858_ChristopherPlummer_35_m
371	ChristopherPlummer	44	AGE44	7867	7867_ChristopherPlummer_44_m
371	ChristopherPlummer	35	AGE35	7859	7859_ChristopherPlummer_35_m
371	ChristopherPlummer	29	AGE29	7854	7854_ChristopherPlummer_29_m
371	ChristopherPlummer	77	AGE77	7877	7877_ChristopherPlummer_77_m
371	ChristopherPlummer	72	AGE72	7875	7875_ChristopherPlummer_72_m
371	ChristopherPlummer	84	AGE84	7879	7879_ChristopherPlummer_84_m
371	ChristopherPlummer	48	AGE48	7870	7870_ChristopherPlummer_48_m
371	ChristopherPlummer	38	AGE38	7863	7863_ChristopherPlummer_38_m
371	ChristopherPlummer	29	AGE29	7853	7853_ChristopherPlummer_29_m
371	ChristopherPlummer	62	AGE62	7873	7873_ChristopherPlummer_62_m
371	ChristopherPlummer	36	AGE36	7861	7861_ChristopherPlummer_36_m
371	ChristopherPlummer	69	AGE69	7874	7874_ChristopherPlummer_69_m
371	ChristopherPlummer	58	AGE58	7872	7872_ChristopherPlummer_58_m
371	ChristopherPlummer	33	AGE33	7856	7856_ChristopherPlummer_33_m
371	ChristopherPlummer	36	AGE36	7860	7860_ChristopherPlummer_36_m
371	ChristopherPlummer	56	AGE56	7871	7871_ChristopherPlummer_56_m
371	ChristopherPlummer	43	AGE43	7866	7866_ChristopherPlummer_43_m
372	BernadetteLafont	63	AGE63	14890	14890_BernadetteLafont_63_f
372	BernadetteLafont	32	AGE32	14870	14870_BernadetteLafont_32_f
372	BernadetteLafont	68	AGE68	14892	14892_BernadetteLafont_68_f
372	BernadetteLafont	50	AGE50	14885	14885_BernadetteLafont_50_f
372	BernadetteLafont	71	AGE71	14894	14894_BernadetteLafont_71_f
372	BernadetteLafont	26	AGE26	14865	14865_BernadetteLafont_26_f
372	BernadetteLafont	20	AGE20	14858	14858_BernadetteLafont_20_f
372	BernadetteLafont	27	AGE27	14866	14866_BernadetteLafont_27_f
372	BernadetteLafont	49	AGE49	14884	14884_BernadetteLafont_49_f
372	BernadetteLafont	52	AGE52	14887	14887_BernadetteLafont_52_f
372	BernadetteLafont	41	AGE41	14876	14876_BernadetteLafont_41_f
372	BernadetteLafont	46	AGE46	14881	14881_BernadetteLafont_46_f
372	BernadetteLafont	29	AGE29	14867	14867_BernadetteLafont_29_f
372	BernadetteLafont	43	AGE43	14878	14878_BernadetteLafont_43_f
372	BernadetteLafont	42	AGE42	14877	14877_BernadetteLafont_42_f
372	BernadetteLafont	23	AGE23	14862	14862_BernadetteLafont_23_f
372	BernadetteLafont	75	AGE75	14896	14896_BernadetteLafont_75_f
372	BernadetteLafont	21	AGE21	14859	14859_BernadetteLafont_21_f
372	BernadetteLafont	74	AGE74	14895	14895_BernadetteLafont_74_f
372	BernadetteLafont	24	AGE24	14863	14863_BernadetteLafont_24_f
372	BernadetteLafont	34	AGE34	14872	14872_BernadetteLafont_34_f
372	BernadetteLafont	35	AGE35	14873	14873_BernadetteLafont_35_f
372	BernadetteLafont	33	AGE33	14871	14871_BernadetteLafont_33_f
372	BernadetteLafont	46	AGE46	14880	14880_BernadetteLafont_46_f
372	BernadetteLafont	65	AGE65	14891	14891_BernadetteLafont_65_f
372	BernadetteLafont	36	AGE36	14874	14874_BernadetteLafont_36_f
372	BernadetteLafont	51	AGE51	14886	14886_BernadetteLafont_51_f
372	BernadetteLafont	22	AGE22	14860	14860_BernadetteLafont_22_f
372	BernadetteLafont	48	AGE48	14883	14883_BernadetteLafont_48_f
372	BernadetteLafont	37	AGE37	14875	14875_BernadetteLafont_37_f
372	BernadetteLafont	69	AGE69	14893	14893_BernadetteLafont_69_f
372	BernadetteLafont	22	AGE22	14861	14861_BernadetteLafont_22_f
372	BernadetteLafont	45	AGE45	14879	14879_BernadetteLafont_45_f
372	BernadetteLafont	30	AGE30	14868	14868_BernadetteLafont_30_f
372	BernadetteLafont	25	AGE25	14864	14864_BernadetteLafont_25_f
372	BernadetteLafont	54	AGE54	14888	14888_BernadetteLafont_54_f
372	BernadetteLafont	59	AGE59	14889	14889_BernadetteLafont_59_f
372	BernadetteLafont	47	AGE47	14882	14882_BernadetteLafont_47_f
372	BernadetteLafont	31	AGE31	14869	14869_BernadetteLafont_31_f
372	BernadetteLafont	19	AGE19	14857	14857_BernadetteLafont_19_f
373	BobDylan	45	AGE45	1672	1672_BobDylan_45_m
373	BobDylan	29	AGE29	1659	1659_BobDylan_29_m
373	BobDylan	23	AGE23	1652	1652_BobDylan_23_m
373	BobDylan	22	AGE22	1650	1650_BobDylan_22_m
373	BobDylan	37	AGE37	1666	1666_BobDylan_37_m
373	BobDylan	18	AGE18	1646	1646_BobDylan_18_m
373	BobDylan	33	AGE33	1663	1663_BobDylan_33_m
373	BobDylan	64	AGE64	1682	1682_BobDylan_64_m
373	BobDylan	21	AGE21	1649	1649_BobDylan_21_m
373	BobDylan	30	AGE30	1660	1660_BobDylan_30_m
373	BobDylan	16	AGE16	1645	1645_BobDylan_16_m
373	BobDylan	32	AGE32	1662	1662_BobDylan_32_m
373	BobDylan	56	AGE56	1678	1678_BobDylan_56_m
373	BobDylan	27	AGE27	1657	1657_BobDylan_27_m
373	BobDylan	41	AGE41	1668	1668_BobDylan_41_m
373	BobDylan	35	AGE35	1665	1665_BobDylan_35_m
373	BobDylan	40	AGE40	1667	1667_BobDylan_40_m
373	BobDylan	43	AGE43	1670	1670_BobDylan_43_m
373	BobDylan	46	AGE46	1673	1673_BobDylan_46_m
373	BobDylan	74	AGE74	1687	1687_BobDylan_74_m
373	BobDylan	47	AGE47	1674	1674_BobDylan_47_m
373	BobDylan	72	AGE72	1686	1686_BobDylan_72_m
373	BobDylan	24	AGE24	1653	1653_BobDylan_24_m
373	BobDylan	23	AGE23	1651	1651_BobDylan_23_m
373	BobDylan	24	AGE24	1654	1654_BobDylan_24_m
373	BobDylan	44	AGE44	1671	1671_BobDylan_44_m
373	BobDylan	71	AGE71	1685	1685_BobDylan_71_m
373	BobDylan	62	AGE62	1681	1681_BobDylan_62_m
373	BobDylan	34	AGE34	1664	1664_BobDylan_34_m
373	BobDylan	57	AGE57	1679	1679_BobDylan_57_m
373	BobDylan	68	AGE68	1684	1684_BobDylan_68_m
373	BobDylan	28	AGE28	1658	1658_BobDylan_28_m
373	BobDylan	66	AGE66	1683	1683_BobDylan_66_m
373	BobDylan	42	AGE42	1669	1669_BobDylan_42_m
373	BobDylan	54	AGE54	1677	1677_BobDylan_54_m
373	BobDylan	19	AGE19	1647	1647_BobDylan_19_m
373	BobDylan	31	AGE31	1661	1661_BobDylan_31_m
373	BobDylan	49	AGE49	1676	1676_BobDylan_49_m
373	BobDylan	25	AGE25	1655	1655_BobDylan_25_m
373	BobDylan	20	AGE20	1648	1648_BobDylan_20_m
373	BobDylan	26	AGE26	1656	1656_BobDylan_26_m
373	BobDylan	61	AGE61	1680	1680_BobDylan_61_m
373	BobDylan	48	AGE48	1675	1675_BobDylan_48_m
374	Mparkoulis	25	AGE25	2169	2169_Mparkoulis_25_m
374	Mparkoulis	68	AGE68	2178	2178_Mparkoulis_68_m
374	Mparkoulis	30	AGE30	2167	2167_Mparkoulis_30_m
374	Mparkoulis	65	AGE65	2174	2174_Mparkoulis_65_m
374	Mparkoulis	73	AGE73	2176	2176_Mparkoulis_73_m
374	Mparkoulis	25	AGE25	2166	2166_Mparkoulis_25_m
374	Mparkoulis	75	AGE75	2175	2175_Mparkoulis_75_m
374	Mparkoulis	32	AGE32	2170	2170_Mparkoulis_32_m
374	Mparkoulis	35	AGE35	2171	2171_Mparkoulis_35_m
374	Mparkoulis	33	AGE33	2180	2180_Mparkoulis_33_m
374	Mparkoulis	62	AGE62	2173	2173_Mparkoulis_62_m
374	Mparkoulis	30	AGE30	2168	2168_Mparkoulis_30_m
374	Mparkoulis	72	AGE72	2179	2179_Mparkoulis_72_m
374	Mparkoulis	75	AGE75	2177	2177_Mparkoulis_75_m
374	Mparkoulis	58	AGE58	2172	2172_Mparkoulis_58_m
375	EdwardGRobinson	74	AGE74	9462	9462_EdwardGRobinson_74_m
375	EdwardGRobinson	43	AGE43	9429	9429_EdwardGRobinson_43_m
375	EdwardGRobinson	59	AGE59	9448	9448_EdwardGRobinson_59_m
375	EdwardGRobinson	48	AGE48	9437	9437_EdwardGRobinson_48_m
375	EdwardGRobinson	39	AGE39	9425	9425_EdwardGRobinson_39_m
375	EdwardGRobinson	67	AGE67	9456	9456_EdwardGRobinson_67_m
375	EdwardGRobinson	58	AGE58	9447	9447_EdwardGRobinson_58_m
375	EdwardGRobinson	51	AGE51	9440	9440_EdwardGRobinson_51_m
375	EdwardGRobinson	46	AGE46	9435	9435_EdwardGRobinson_46_m
375	EdwardGRobinson	80	AGE80	9466	9466_EdwardGRobinson_80_m
375	EdwardGRobinson	50	AGE50	9439	9439_EdwardGRobinson_50_m
375	EdwardGRobinson	64	AGE64	9453	9453_EdwardGRobinson_64_m
375	EdwardGRobinson	41	AGE41	9427	9427_EdwardGRobinson_41_m
375	EdwardGRobinson	56	AGE56	9445	9445_EdwardGRobinson_56_m
375	EdwardGRobinson	45	AGE45	9434	9434_EdwardGRobinson_45_m
375	EdwardGRobinson	57	AGE57	9446	9446_EdwardGRobinson_57_m
375	EdwardGRobinson	38	AGE38	9432	9432_EdwardGRobinson_38_m
375	EdwardGRobinson	54	AGE54	9443	9443_EdwardGRobinson_54_m
375	EdwardGRobinson	34	AGE34	9424	9424_EdwardGRobinson_34_m
375	EdwardGRobinson	49	AGE49	9438	9438_EdwardGRobinson_49_m
375	EdwardGRobinson	52	AGE52	9441	9441_EdwardGRobinson_52_m
375	EdwardGRobinson	61	AGE61	9450	9450_EdwardGRobinson_61_m
375	EdwardGRobinson	63	AGE63	9452	9452_EdwardGRobinson_63_m
375	EdwardGRobinson	76	AGE76	9464	9464_EdwardGRobinson_76_m
375	EdwardGRobinson	42	AGE42	9428	9428_EdwardGRobinson_42_m
375	EdwardGRobinson	70	AGE70	9458	9458_EdwardGRobinson_70_m
375	EdwardGRobinson	53	AGE53	9442	9442_EdwardGRobinson_53_m
375	EdwardGRobinson	37	AGE37	9431	9431_EdwardGRobinson_37_m
375	EdwardGRobinson	72	AGE72	9460	9460_EdwardGRobinson_72_m
375	EdwardGRobinson	65	AGE65	9454	9454_EdwardGRobinson_65_m
375	EdwardGRobinson	66	AGE66	9455	9455_EdwardGRobinson_66_m
375	EdwardGRobinson	36	AGE36	9430	9430_EdwardGRobinson_36_m
375	EdwardGRobinson	47	AGE47	9436	9436_EdwardGRobinson_47_m
375	EdwardGRobinson	77	AGE77	9465	9465_EdwardGRobinson_77_m
375	EdwardGRobinson	40	AGE40	9426	9426_EdwardGRobinson_40_m
375	EdwardGRobinson	69	AGE69	9457	9457_EdwardGRobinson_69_m
375	EdwardGRobinson	73	AGE73	9461	9461_EdwardGRobinson_73_m
375	EdwardGRobinson	75	AGE75	9463	9463_EdwardGRobinson_75_m
375	EdwardGRobinson	55	AGE55	9444	9444_EdwardGRobinson_55_m
375	EdwardGRobinson	71	AGE71	9459	9459_EdwardGRobinson_71_m
375	EdwardGRobinson	62	AGE62	9451	9451_EdwardGRobinson_62_m
375	EdwardGRobinson	44	AGE44	9433	9433_EdwardGRobinson_44_m
375	EdwardGRobinson	60	AGE60	9449	9449_EdwardGRobinson_60_m
376	Fernandel	43	AGE43	4561	4561_Fernandel_43_m
376	Fernandel	56	AGE56	4574	4574_Fernandel_56_m
376	Fernandel	29	AGE29	4550	4550_Fernandel_29_m
376	Fernandel	33	AGE33	4554	4554_Fernandel_33_m
376	Fernandel	66	AGE66	4580	4580_Fernandel_66_m
376	Fernandel	47	AGE47	4565	4565_Fernandel_47_m
376	Fernandel	10	AGE10	4549	4549_Fernandel_10_m
376	Fernandel	30	AGE30	4551	4551_Fernandel_30_m
376	Fernandel	54	AGE54	4572	4572_Fernandel_54_m
376	Fernandel	48	AGE48	4566	4566_Fernandel_48_m
376	Fernandel	61	AGE61	4578	4578_Fernandel_61_m
376	Fernandel	59	AGE59	4576	4576_Fernandel_59_m
376	Fernandel	50	AGE50	4568	4568_Fernandel_50_m
376	Fernandel	53	AGE53	4571	4571_Fernandel_53_m
376	Fernandel	40	AGE40	4559	4559_Fernandel_40_m
376	Fernandel	62	AGE62	4579	4579_Fernandel_62_m
376	Fernandel	34	AGE34	4555	4555_Fernandel_34_m
376	Fernandel	42	AGE42	4560	4560_Fernandel_42_m
376	Fernandel	49	AGE49	4567	4567_Fernandel_49_m
376	Fernandel	31	AGE31	4552	4552_Fernandel_31_m
376	Fernandel	37	AGE37	4557	4557_Fernandel_37_m
376	Fernandel	51	AGE51	4569	4569_Fernandel_51_m
376	Fernandel	52	AGE52	4570	4570_Fernandel_52_m
376	Fernandel	46	AGE46	4564	4564_Fernandel_46_m
376	Fernandel	45	AGE45	4563	4563_Fernandel_45_m
376	Fernandel	32	AGE32	4553	4553_Fernandel_32_m
376	Fernandel	60	AGE60	4577	4577_Fernandel_60_m
376	Fernandel	55	AGE55	4573	4573_Fernandel_55_m
376	Fernandel	35	AGE35	4556	4556_Fernandel_35_m
376	Fernandel	39	AGE39	4558	4558_Fernandel_39_m
376	Fernandel	57	AGE57	4575	4575_Fernandel_57_m
376	Fernandel	44	AGE44	4562	4562_Fernandel_44_m
377	TomHulce	36	AGE36	1809	1809_TomHulce_36_m
377	TomHulce	41	AGE41	1813	1813_TomHulce_41_m
377	TomHulce	32	AGE32	1805	1805_TomHulce_32_m
377	TomHulce	29	AGE29	1802	1802_TomHulce_29_m
377	TomHulce	54	AGE54	1823	1823_TomHulce_54_m
377	TomHulce	31	AGE31	1804	1804_TomHulce_31_m
377	TomHulce	33	AGE33	1806	1806_TomHulce_33_m
377	TomHulce	50	AGE50	1819	1819_TomHulce_50_m
377	TomHulce	23	AGE23	1798	1798_TomHulce_23_m
377	TomHulce	53	AGE53	1822	1822_TomHulce_53_m
377	TomHulce	30	AGE30	1803	1803_TomHulce_30_m
377	TomHulce	21	AGE21	1796	1796_TomHulce_21_m
377	TomHulce	28	AGE28	1801	1801_TomHulce_28_m
377	TomHulce	40	AGE40	1812	1812_TomHulce_40_m
377	TomHulce	34	AGE34	1807	1807_TomHulce_34_m
377	TomHulce	58	AGE58	1827	1827_TomHulce_58_m
377	TomHulce	56	AGE56	1825	1825_TomHulce_56_m
377	TomHulce	27	AGE27	1800	1800_TomHulce_27_m
377	TomHulce	45	AGE45	1815	1815_TomHulce_45_m
377	TomHulce	49	AGE49	1818	1818_TomHulce_49_m
377	TomHulce	52	AGE52	1821	1821_TomHulce_52_m
377	TomHulce	51	AGE51	1820	1820_TomHulce_51_m
377	TomHulce	39	AGE39	1811	1811_TomHulce_39_m
377	TomHulce	37	AGE37	1810	1810_TomHulce_37_m
377	TomHulce	22	AGE22	1797	1797_TomHulce_22_m
377	TomHulce	55	AGE55	1824	1824_TomHulce_55_m
377	TomHulce	47	AGE47	1816	1816_TomHulce_47_m
377	TomHulce	48	AGE48	1817	1817_TomHulce_48_m
377	TomHulce	25	AGE25	1799	1799_TomHulce_25_m
377	TomHulce	43	AGE43	1814	1814_TomHulce_43_m
377	TomHulce	57	AGE57	1826	1826_TomHulce_57_m
377	TomHulce	35	AGE35	1808	1808_TomHulce_35_m
377	TomHulce	59	AGE59	1828	1828_TomHulce_59_m
378	ImeldaStaunton	46	AGE46	12205	12205_ImeldaStaunton_46_f
378	ImeldaStaunton	30	AGE30	12192	12192_ImeldaStaunton_30_f
378	ImeldaStaunton	47	AGE47	12206	12206_ImeldaStaunton_47_f
378	ImeldaStaunton	30	AGE30	12191	12191_ImeldaStaunton_30_f
378	ImeldaStaunton	40	AGE40	12199	12199_ImeldaStaunton_40_f
378	ImeldaStaunton	58	AGE58	12216	12216_ImeldaStaunton_58_f
378	ImeldaStaunton	53	AGE53	12211	12211_ImeldaStaunton_53_f
378	ImeldaStaunton	42	AGE42	12201	12201_ImeldaStaunton_42_f
378	ImeldaStaunton	54	AGE54	12213	12213_ImeldaStaunton_54_f
378	ImeldaStaunton	55	AGE55	12214	12214_ImeldaStaunton_55_f
378	ImeldaStaunton	54	AGE54	12212	12212_ImeldaStaunton_54_f
378	ImeldaStaunton	43	AGE43	12202	12202_ImeldaStaunton_43_f
378	ImeldaStaunton	50	AGE50	12208	12208_ImeldaStaunton_50_f
378	ImeldaStaunton	52	AGE52	12210	12210_ImeldaStaunton_52_f
378	ImeldaStaunton	48	AGE48	12207	12207_ImeldaStaunton_48_f
378	ImeldaStaunton	57	AGE57	12215	12215_ImeldaStaunton_57_f
378	ImeldaStaunton	45	AGE45	12204	12204_ImeldaStaunton_45_f
378	ImeldaStaunton	32	AGE32	12193	12193_ImeldaStaunton_32_f
378	ImeldaStaunton	24	AGE24	12190	12190_ImeldaStaunton_24_f
378	ImeldaStaunton	34	AGE34	12194	12194_ImeldaStaunton_34_f
378	ImeldaStaunton	36	AGE36	12196	12196_ImeldaStaunton_36_f
378	ImeldaStaunton	51	AGE51	12209	12209_ImeldaStaunton_51_f
378	ImeldaStaunton	37	AGE37	12197	12197_ImeldaStaunton_37_f
378	ImeldaStaunton	41	AGE41	12200	12200_ImeldaStaunton_41_f
378	ImeldaStaunton	35	AGE35	12195	12195_ImeldaStaunton_35_f
378	ImeldaStaunton	44	AGE44	12203	12203_ImeldaStaunton_44_f
378	ImeldaStaunton	38	AGE38	12198	12198_ImeldaStaunton_38_f
379	JamesCagney	39	AGE39	6379	6379_JamesCagney_39_m
379	JamesCagney	56	AGE56	6389	6389_JamesCagney_56_m
379	JamesCagney	51	AGE51	6386	6386_JamesCagney_51_m
379	JamesCagney	19	AGE19	6369	6369_JamesCagney_19_m
379	JamesCagney	60	AGE60	6392	6392_JamesCagney_60_m
379	JamesCagney	33	AGE33	6374	6374_JamesCagney_33_m
379	JamesCagney	34	AGE34	6375	6375_JamesCagney_34_m
379	JamesCagney	45	AGE45	6381	6381_JamesCagney_45_m
379	JamesCagney	56	AGE56	6390	6390_JamesCagney_56_m
379	JamesCagney	32	AGE32	6373	6373_JamesCagney_32_m
379	JamesCagney	52	AGE52	6387	6387_JamesCagney_52_m
379	JamesCagney	42	AGE42	6380	6380_JamesCagney_42_m
379	JamesCagney	58	AGE58	6391	6391_JamesCagney_58_m
379	JamesCagney	48	AGE48	6382	6382_JamesCagney_48_m
379	JamesCagney	63	AGE63	6394	6394_JamesCagney_63_m
379	JamesCagney	36	AGE36	6378	6378_JamesCagney_36_m
379	JamesCagney	81	AGE81	6395	6395_JamesCagney_81_m
379	JamesCagney	61	AGE61	6393	6393_JamesCagney_61_m
379	JamesCagney	35	AGE35	6376	6376_JamesCagney_35_m
379	JamesCagney	30	AGE30	6371	6371_JamesCagney_30_m
379	JamesCagney	50	AGE50	6384	6384_JamesCagney_50_m
379	JamesCagney	82	AGE82	6396	6396_JamesCagney_82_m
379	JamesCagney	31	AGE31	6372	6372_JamesCagney_31_m
379	JamesCagney	54	AGE54	6388	6388_JamesCagney_54_m
379	JamesCagney	48	AGE48	6383	6383_JamesCagney_48_m
379	JamesCagney	51	AGE51	6385	6385_JamesCagney_51_m
379	JamesCagney	26	AGE26	6370	6370_JamesCagney_26_m
379	JamesCagney	35	AGE35	6377	6377_JamesCagney_35_m
380	TomasMilian	74	AGE74	3910	3910_TomasMilian_74_m
380	TomasMilian	34	AGE34	3894	3894_TomasMilian_34_m
380	TomasMilian	76	AGE76	3913	3913_TomasMilian_76_m
380	TomasMilian	27	AGE27	3887	3887_TomasMilian_27_m
380	TomasMilian	28	AGE28	3888	3888_TomasMilian_28_m
380	TomasMilian	40	AGE40	3900	3900_TomasMilian_40_m
380	TomasMilian	41	AGE41	3901	3901_TomasMilian_41_m
380	TomasMilian	75	AGE75	3912	3912_TomasMilian_75_m
380	TomasMilian	35	AGE35	3895	3895_TomasMilian_35_m
380	TomasMilian	29	AGE29	3889	3889_TomasMilian_29_m
380	TomasMilian	31	AGE31	3891	3891_TomasMilian_31_m
380	TomasMilian	39	AGE39	3899	3899_TomasMilian_39_m
380	TomasMilian	53	AGE53	3904	3904_TomasMilian_53_m
380	TomasMilian	43	AGE43	3902	3902_TomasMilian_43_m
380	TomasMilian	77	AGE77	3914	3914_TomasMilian_77_m
380	TomasMilian	33	AGE33	3893	3893_TomasMilian_33_m
380	TomasMilian	30	AGE30	3890	3890_TomasMilian_30_m
380	TomasMilian	79	AGE79	3915	3915_TomasMilian_79_m
380	TomasMilian	25	AGE25	3885	3885_TomasMilian_25_m
380	TomasMilian	75	AGE75	3911	3911_TomasMilian_75_m
380	TomasMilian	37	AGE37	3897	3897_TomasMilian_37_m
380	TomasMilian	64	AGE64	3907	3907_TomasMilian_64_m
380	TomasMilian	36	AGE36	3896	3896_TomasMilian_36_m
380	TomasMilian	61	AGE61	3906	3906_TomasMilian_61_m
380	TomasMilian	71	AGE71	3908	3908_TomasMilian_71_m
380	TomasMilian	69	AGE69	3917	3917_TomasMilian_69_m
380	TomasMilian	26	AGE26	3886	3886_TomasMilian_26_m
380	TomasMilian	80	AGE80	3916	3916_TomasMilian_80_m
380	TomasMilian	38	AGE38	3898	3898_TomasMilian_38_m
380	TomasMilian	49	AGE49	3903	3903_TomasMilian_49_m
380	TomasMilian	72	AGE72	3909	3909_TomasMilian_72_m
380	TomasMilian	57	AGE57	3905	3905_TomasMilian_57_m
380	TomasMilian	32	AGE32	3892	3892_TomasMilian_32_m
381	TonyCurtis	24	AGE24	7642	7642_TonyCurtis_24_m
381	TonyCurtis	77	AGE77	7659	7659_TonyCurtis_77_m
381	TonyCurtis	47	AGE47	7648	7648_TonyCurtis_47_m
381	TonyCurtis	29	AGE29	7655	7655_TonyCurtis_29_m
381	TonyCurtis	82	AGE82	7652	7652_TonyCurtis_82_m
381	TonyCurtis	43	AGE43	7658	7658_TonyCurtis_43_m
381	TonyCurtis	17	AGE17	7640	7640_TonyCurtis_17_m
381	TonyCurtis	86	AGE86	7665	7665_TonyCurtis_86_m
381	TonyCurtis	84	AGE84	7664	7664_TonyCurtis_84_m
381	TonyCurtis	68	AGE68	7669	7669_TonyCurtis_68_m
381	TonyCurtis	37	AGE37	7657	7657_TonyCurtis_37_m
381	TonyCurtis	18	AGE18	7641	7641_TonyCurtis_18_m
381	TonyCurtis	72	AGE72	7660	7660_TonyCurtis_72_m
381	TonyCurtis	25	AGE25	7656	7656_TonyCurtis_25_m
381	TonyCurtis	36	AGE36	7644	7644_TonyCurtis_36_m
381	TonyCurtis	47	AGE47	7654	7654_TonyCurtis_47_m
381	TonyCurtis	71	AGE71	7651	7651_TonyCurtis_71_m
381	TonyCurtis	30	AGE30	7643	7643_TonyCurtis_30_m
381	TonyCurtis	45	AGE45	7645	7645_TonyCurtis_45_m
381	TonyCurtis	47	AGE47	7649	7649_TonyCurtis_47_m
381	TonyCurtis	43	AGE43	7653	7653_TonyCurtis_43_m
381	TonyCurtis	46	AGE46	7666	7666_TonyCurtis_46_m
381	TonyCurtis	27	AGE27	7646	7646_TonyCurtis_27_m
381	TonyCurtis	73	AGE73	7668	7668_TonyCurtis_73_m
381	TonyCurtis	33	AGE33	7647	7647_TonyCurtis_33_m
381	TonyCurtis	85	AGE85	7663	7663_TonyCurtis_85_m
381	TonyCurtis	34	AGE34	7667	7667_TonyCurtis_34_m
381	TonyCurtis	84	AGE84	7662	7662_TonyCurtis_84_m
381	TonyCurtis	83	AGE83	7661	7661_TonyCurtis_83_m
381	TonyCurtis	34	AGE34	7650	7650_TonyCurtis_34_m
382	GilbertRoland	38	AGE38	7950	7950_GilbertRoland_38_m
382	GilbertRoland	26	AGE26	7942	7942_GilbertRoland_26_m
382	GilbertRoland	54	AGE54	7963	7963_GilbertRoland_54_m
382	GilbertRoland	42	AGE42	7953	7953_GilbertRoland_42_m
382	GilbertRoland	56	AGE56	7964	7964_GilbertRoland_56_m
382	GilbertRoland	77	AGE77	7971	7971_GilbertRoland_77_m
382	GilbertRoland	57	AGE57	7965	7965_GilbertRoland_57_m
382	GilbertRoland	69	AGE69	7975	7975_GilbertRoland_69_m
382	GilbertRoland	51	AGE51	7961	7961_GilbertRoland_51_m
382	GilbertRoland	68	AGE68	7969	7969_GilbertRoland_68_m
382	GilbertRoland	49	AGE49	7958	7958_GilbertRoland_49_m
382	GilbertRoland	59	AGE59	7966	7966_GilbertRoland_59_m
382	GilbertRoland	47	AGE47	7956	7956_GilbertRoland_47_m
382	GilbertRoland	64	AGE64	7967	7967_GilbertRoland_64_m
382	GilbertRoland	50	AGE50	7960	7960_GilbertRoland_50_m
382	GilbertRoland	66	AGE66	7968	7968_GilbertRoland_66_m
382	GilbertRoland	46	AGE46	7973	7973_GilbertRoland_46_m
382	GilbertRoland	52	AGE52	7962	7962_GilbertRoland_52_m
382	GilbertRoland	50	AGE50	7959	7959_GilbertRoland_50_m
382	GilbertRoland	41	AGE41	7952	7952_GilbertRoland_41_m
382	GilbertRoland	72	AGE72	7970	7970_GilbertRoland_72_m
382	GilbertRoland	27	AGE27	7943	7943_GilbertRoland_27_m
382	GilbertRoland	25	AGE25	7941	7941_GilbertRoland_25_m
382	GilbertRoland	40	AGE40	7951	7951_GilbertRoland_40_m
382	GilbertRoland	24	AGE24	7940	7940_GilbertRoland_24_m
382	GilbertRoland	35	AGE35	7948	7948_GilbertRoland_35_m
382	GilbertRoland	45	AGE45	7972	7972_GilbertRoland_45_m
382	GilbertRoland	48	AGE48	7957	7957_GilbertRoland_48_m
382	GilbertRoland	32	AGE32	7947	7947_GilbertRoland_32_m
382	GilbertRoland	43	AGE43	7954	7954_GilbertRoland_43_m
382	GilbertRoland	44	AGE44	7955	7955_GilbertRoland_44_m
382	GilbertRoland	30	AGE30	7945	7945_GilbertRoland_30_m
382	GilbertRoland	18	AGE18	7938	7938_GilbertRoland_18_m
382	GilbertRoland	62	AGE62	7974	7974_GilbertRoland_62_m
382	GilbertRoland	28	AGE28	7944	7944_GilbertRoland_28_m
382	GilbertRoland	23	AGE23	7939	7939_GilbertRoland_23_m
382	GilbertRoland	37	AGE37	7949	7949_GilbertRoland_37_m
382	GilbertRoland	31	AGE31	7946	7946_GilbertRoland_31_m
383	JamesGarner	48	AGE48	4636	4636_JamesGarner_48_m
383	JamesGarner	36	AGE36	4638	4638_JamesGarner_36_m
383	JamesGarner	46	AGE46	4622	4622_JamesGarner_46_m
383	JamesGarner	31	AGE31	4615	4615_JamesGarner_31_m
383	JamesGarner	76	AGE76	4632	4632_JamesGarner_76_m
383	JamesGarner	68	AGE68	4628	4628_JamesGarner_68_m
383	JamesGarner	52	AGE52	4623	4623_JamesGarner_52_m
383	JamesGarner	58	AGE58	4627	4627_JamesGarner_58_m
383	JamesGarner	57	AGE57	4626	4626_JamesGarner_57_m
383	JamesGarner	36	AGE36	4618	4618_JamesGarner_36_m
383	JamesGarner	47	AGE47	4609	4609_JamesGarner_47_m
383	JamesGarner	28	AGE28	4612	4612_JamesGarner_28_m
383	JamesGarner	74	AGE74	4631	4631_JamesGarner_74_m
383	JamesGarner	35	AGE35	4640	4640_JamesGarner_35_m
383	JamesGarner	33	AGE33	4625	4625_JamesGarner_33_m
383	JamesGarner	37	AGE37	4619	4619_JamesGarner_37_m
383	JamesGarner	38	AGE38	4620	4620_JamesGarner_38_m
383	JamesGarner	30	AGE30	4614	4614_JamesGarner_30_m
383	JamesGarner	32	AGE32	4616	4616_JamesGarner_32_m
383	JamesGarner	79	AGE79	4642	4642_JamesGarner_79_m
383	JamesGarner	82	AGE82	4633	4633_JamesGarner_82_m
383	JamesGarner	50	AGE50	4624	4624_JamesGarner_50_m
383	JamesGarner	47	AGE47	4637	4637_JamesGarner_47_m
383	JamesGarner	29	AGE29	4613	4613_JamesGarner_29_m
383	JamesGarner	34	AGE34	4610	4610_JamesGarner_34_m
383	JamesGarner	35	AGE35	4617	4617_JamesGarner_35_m
383	JamesGarner	41	AGE41	4639	4639_JamesGarner_41_m
383	JamesGarner	80	AGE80	4634	4634_JamesGarner_80_m
383	JamesGarner	42	AGE42	4621	4621_JamesGarner_42_m
383	JamesGarner	33	AGE33	4641	4641_JamesGarner_33_m
383	JamesGarner	62	AGE62	4635	4635_JamesGarner_62_m
383	JamesGarner	72	AGE72	4629	4629_JamesGarner_72_m
383	JamesGarner	20	AGE20	4611	4611_JamesGarner_20_m
383	JamesGarner	73	AGE73	4630	4630_JamesGarner_73_m
383	JamesGarner	75	AGE75	4643	4643_JamesGarner_75_m
384	JosephStalin	35	AGE35	811	811_JosephStalin_35_m
384	JosephStalin	65	AGE65	825	825_JosephStalin_65_m
384	JosephStalin	30	AGE30	822	822_JosephStalin_30_m
384	JosephStalin	68	AGE68	824	824_JosephStalin_68_m
384	JosephStalin	57	AGE57	827	827_JosephStalin_57_m
384	JosephStalin	16	AGE16	806	806_JosephStalin_16_m
384	JosephStalin	67	AGE67	817	817_JosephStalin_67_m
384	JosephStalin	64	AGE64	815	815_JosephStalin_64_m
384	JosephStalin	52	AGE52	826	826_JosephStalin_52_m
384	JosephStalin	63	AGE63	818	818_JosephStalin_63_m
384	JosephStalin	54	AGE54	810	810_JosephStalin_54_m
384	JosephStalin	65	AGE65	816	816_JosephStalin_65_m
384	JosephStalin	55	AGE55	823	823_JosephStalin_55_m
384	JosephStalin	37	AGE37	807	807_JosephStalin_37_m
384	JosephStalin	64	AGE64	814	814_JosephStalin_64_m
384	JosephStalin	41	AGE41	812	812_JosephStalin_41_m
384	JosephStalin	44	AGE44	808	808_JosephStalin_44_m
384	JosephStalin	72	AGE72	820	820_JosephStalin_72_m
384	JosephStalin	45	AGE45	821	821_JosephStalin_45_m
384	JosephStalin	59	AGE59	813	813_JosephStalin_59_m
384	JosephStalin	65	AGE65	819	819_JosephStalin_65_m
384	JosephStalin	66	AGE66	809	809_JosephStalin_66_m
385	UrsulaAndress	77	AGE77	12390	12390_UrsulaAndress_77_f
385	UrsulaAndress	37	AGE37	12387	12387_UrsulaAndress_37_f
385	UrsulaAndress	34	AGE34	12397	12397_UrsulaAndress_34_f
385	UrsulaAndress	45	AGE45	12404	12404_UrsulaAndress_45_f
385	UrsulaAndress	19	AGE19	12399	12399_UrsulaAndress_19_f
385	UrsulaAndress	30	AGE30	12383	12383_UrsulaAndress_30_f
385	UrsulaAndress	74	AGE74	12389	12389_UrsulaAndress_74_f
385	UrsulaAndress	26	AGE26	12392	12392_UrsulaAndress_26_f
385	UrsulaAndress	36	AGE36	12394	12394_UrsulaAndress_36_f
385	UrsulaAndress	42	AGE42	12400	12400_UrsulaAndress_42_f
385	UrsulaAndress	73	AGE73	12393	12393_UrsulaAndress_73_f
385	UrsulaAndress	29	AGE29	12382	12382_UrsulaAndress_29_f
385	UrsulaAndress	58	AGE58	12406	12406_UrsulaAndress_58_f
385	UrsulaAndress	25	AGE25	12407	12407_UrsulaAndress_25_f
385	UrsulaAndress	42	AGE42	12401	12401_UrsulaAndress_42_f
385	UrsulaAndress	28	AGE28	12380	12380_UrsulaAndress_28_f
385	UrsulaAndress	28	AGE28	12396	12396_UrsulaAndress_28_f
385	UrsulaAndress	33	AGE33	12398	12398_UrsulaAndress_33_f
385	UrsulaAndress	29	AGE29	12381	12381_UrsulaAndress_29_f
385	UrsulaAndress	70	AGE70	12408	12408_UrsulaAndress_70_f
385	UrsulaAndress	35	AGE35	12386	12386_UrsulaAndress_35_f
385	UrsulaAndress	30	AGE30	12395	12395_UrsulaAndress_30_f
385	UrsulaAndress	36	AGE36	12391	12391_UrsulaAndress_36_f
385	UrsulaAndress	44	AGE44	12403	12403_UrsulaAndress_44_f
385	UrsulaAndress	31	AGE31	12384	12384_UrsulaAndress_31_f
385	UrsulaAndress	43	AGE43	12402	12402_UrsulaAndress_43_f
385	UrsulaAndress	32	AGE32	12385	12385_UrsulaAndress_32_f
385	UrsulaAndress	27	AGE27	12379	12379_UrsulaAndress_27_f
385	UrsulaAndress	47	AGE47	12388	12388_UrsulaAndress_47_f
385	UrsulaAndress	58	AGE58	12405	12405_UrsulaAndress_58_f
386	AlainDelon	35	AGE35	2370	2370_AlainDelon_35_m
386	AlainDelon	35	AGE35	2380	2380_AlainDelon_35_m
386	AlainDelon	72	AGE72	2375	2375_AlainDelon_72_m
386	AlainDelon	25	AGE25	2382	2382_AlainDelon_25_m
386	AlainDelon	60	AGE60	2383	2383_AlainDelon_60_m
386	AlainDelon	74	AGE74	2381	2381_AlainDelon_74_m
386	AlainDelon	30	AGE30	2374	2374_AlainDelon_30_m
386	AlainDelon	47	AGE47	2367	2367_AlainDelon_47_m
386	AlainDelon	40	AGE40	2366	2366_AlainDelon_40_m
386	AlainDelon	25	AGE25	2373	2373_AlainDelon_25_m
386	AlainDelon	68	AGE68	2361	2361_AlainDelon_68_m
386	AlainDelon	25	AGE25	2360	2360_AlainDelon_25_m
386	AlainDelon	70	AGE70	2364	2364_AlainDelon_70_m
386	AlainDelon	62	AGE62	2378	2378_AlainDelon_62_m
386	AlainDelon	75	AGE75	2363	2363_AlainDelon_75_m
386	AlainDelon	58	AGE58	2377	2377_AlainDelon_58_m
386	AlainDelon	68	AGE68	2365	2365_AlainDelon_68_m
386	AlainDelon	65	AGE65	2368	2368_AlainDelon_65_m
386	AlainDelon	65	AGE65	2376	2376_AlainDelon_65_m
386	AlainDelon	28	AGE28	2369	2369_AlainDelon_28_m
386	AlainDelon	65	AGE65	2362	2362_AlainDelon_65_m
386	AlainDelon	40	AGE40	2371	2371_AlainDelon_40_m
386	AlainDelon	65	AGE65	2384	2384_AlainDelon_65_m
386	AlainDelon	28	AGE28	2372	2372_AlainDelon_28_m
386	AlainDelon	10	AGE10	2385	2385_AlainDelon_10_m
386	AlainDelon	48	AGE48	2379	2379_AlainDelon_48_m
387	MartinLutherKing	19	AGE19	15959	15959_MartinLutherKing_19_m
387	MartinLutherKing	37	AGE37	15956	15956_MartinLutherKing_37_m
387	MartinLutherKing	34	AGE34	15943	15943_MartinLutherKing_34_m
387	MartinLutherKing	34	AGE34	15962	15962_MartinLutherKing_34_m
387	MartinLutherKing	37	AGE37	15950	15950_MartinLutherKing_37_m
387	MartinLutherKing	35	AGE35	15955	15955_MartinLutherKing_35_m
387	MartinLutherKing	35	AGE35	15947	15947_MartinLutherKing_35_m
387	MartinLutherKing	38	AGE38	15957	15957_MartinLutherKing_38_m
387	MartinLutherKing	36	AGE36	15969	15969_MartinLutherKing_36_m
387	MartinLutherKing	34	AGE34	15945	15945_MartinLutherKing_34_m
387	MartinLutherKing	35	AGE35	15951	15951_MartinLutherKing_35_m
387	MartinLutherKing	35	AGE35	15948	15948_MartinLutherKing_35_m
387	MartinLutherKing	35	AGE35	15961	15961_MartinLutherKing_35_m
387	MartinLutherKing	29	AGE29	15965	15965_MartinLutherKing_29_m
387	MartinLutherKing	3	AGE3	15958	15958_MartinLutherKing_3_m
387	MartinLutherKing	37	AGE37	15949	15949_MartinLutherKing_37_m
387	MartinLutherKing	34	AGE34	15953	15953_MartinLutherKing_34_m
387	MartinLutherKing	37	AGE37	15971	15971_MartinLutherKing_37_m
387	MartinLutherKing	27	AGE27	15964	15964_MartinLutherKing_27_m
387	MartinLutherKing	34	AGE34	15960	15960_MartinLutherKing_34_m
387	MartinLutherKing	35	AGE35	15966	15966_MartinLutherKing_35_m
387	MartinLutherKing	34	AGE34	15946	15946_MartinLutherKing_34_m
387	MartinLutherKing	27	AGE27	15942	15942_MartinLutherKing_27_m
387	MartinLutherKing	35	AGE35	15954	15954_MartinLutherKing_35_m
387	MartinLutherKing	37	AGE37	15970	15970_MartinLutherKing_37_m
387	MartinLutherKing	34	AGE34	15963	15963_MartinLutherKing_34_m
387	MartinLutherKing	35	AGE35	15944	15944_MartinLutherKing_35_m
387	MartinLutherKing	36	AGE36	15968	15968_MartinLutherKing_36_m
387	MartinLutherKing	34	AGE34	15952	15952_MartinLutherKing_34_m
387	MartinLutherKing	35	AGE35	15967	15967_MartinLutherKing_35_m
388	JoanCollins	73	AGE73	10552	10552_JoanCollins_73_f
388	JoanCollins	52	AGE52	10544	10544_JoanCollins_52_f
388	JoanCollins	67	AGE67	10550	10550_JoanCollins_67_f
388	JoanCollins	49	AGE49	10542	10542_JoanCollins_49_f
388	JoanCollins	55	AGE55	10545	10545_JoanCollins_55_f
388	JoanCollins	21	AGE21	10531	10531_JoanCollins_21_f
388	JoanCollins	31	AGE31	10534	10534_JoanCollins_31_f
388	JoanCollins	69	AGE69	10551	10551_JoanCollins_69_f
388	JoanCollins	34	AGE34	10537	10537_JoanCollins_34_f
388	JoanCollins	76	AGE76	10553	10553_JoanCollins_76_f
388	JoanCollins	64	AGE64	10548	10548_JoanCollins_64_f
388	JoanCollins	51	AGE51	10543	10543_JoanCollins_51_f
388	JoanCollins	33	AGE33	10535	10535_JoanCollins_33_f
388	JoanCollins	39	AGE39	10540	10540_JoanCollins_39_f
388	JoanCollins	37	AGE37	10539	10539_JoanCollins_37_f
388	JoanCollins	29	AGE29	10533	10533_JoanCollins_29_f
388	JoanCollins	48	AGE48	10541	10541_JoanCollins_48_f
388	JoanCollins	33	AGE33	10536	10536_JoanCollins_33_f
388	JoanCollins	66	AGE66	10549	10549_JoanCollins_66_f
388	JoanCollins	25	AGE25	10532	10532_JoanCollins_25_f
388	JoanCollins	77	AGE77	10554	10554_JoanCollins_77_f
388	JoanCollins	56	AGE56	10546	10546_JoanCollins_56_f
388	JoanCollins	63	AGE63	10547	10547_JoanCollins_63_f
388	JoanCollins	37	AGE37	10538	10538_JoanCollins_37_f
389	JaneBirkin	20	AGE20	10067	10067_JaneBirkin_20_f
389	JaneBirkin	39	AGE39	10084	10084_JaneBirkin_39_f
389	JaneBirkin	46	AGE46	10089	10089_JaneBirkin_46_f
389	JaneBirkin	49	AGE49	10092	10092_JaneBirkin_49_f
389	JaneBirkin	25	AGE25	10071	10071_JaneBirkin_25_f
389	JaneBirkin	21	AGE21	10068	10068_JaneBirkin_21_f
389	JaneBirkin	28	AGE28	10073	10073_JaneBirkin_28_f
389	JaneBirkin	48	AGE48	10091	10091_JaneBirkin_48_f
389	JaneBirkin	67	AGE67	10102	10102_JaneBirkin_67_f
389	JaneBirkin	41	AGE41	10086	10086_JaneBirkin_41_f
389	JaneBirkin	30	AGE30	10075	10075_JaneBirkin_30_f
389	JaneBirkin	42	AGE42	10087	10087_JaneBirkin_42_f
389	JaneBirkin	63	AGE63	10100	10100_JaneBirkin_63_f
389	JaneBirkin	53	AGE53	10095	10095_JaneBirkin_53_f
389	JaneBirkin	33	AGE33	10078	10078_JaneBirkin_33_f
389	JaneBirkin	31	AGE31	10076	10076_JaneBirkin_31_f
389	JaneBirkin	40	AGE40	10085	10085_JaneBirkin_40_f
389	JaneBirkin	36	AGE36	10080	10080_JaneBirkin_36_f
389	JaneBirkin	35	AGE35	10079	10079_JaneBirkin_35_f
389	JaneBirkin	58	AGE58	10098	10098_JaneBirkin_58_f
389	JaneBirkin	56	AGE56	10097	10097_JaneBirkin_56_f
389	JaneBirkin	37	AGE37	10081	10081_JaneBirkin_37_f
389	JaneBirkin	19	AGE19	10065	10065_JaneBirkin_19_f
389	JaneBirkin	68	AGE68	10103	10103_JaneBirkin_68_f
389	JaneBirkin	50	AGE50	10093	10093_JaneBirkin_50_f
389	JaneBirkin	64	AGE64	10101	10101_JaneBirkin_64_f
389	JaneBirkin	27	AGE27	10072	10072_JaneBirkin_27_f
389	JaneBirkin	47	AGE47	10090	10090_JaneBirkin_47_f
389	JaneBirkin	29	AGE29	10074	10074_JaneBirkin_29_f
389	JaneBirkin	60	AGE60	10099	10099_JaneBirkin_60_f
389	JaneBirkin	32	AGE32	10077	10077_JaneBirkin_32_f
389	JaneBirkin	55	AGE55	10096	10096_JaneBirkin_55_f
389	JaneBirkin	19	AGE19	10066	10066_JaneBirkin_19_f
389	JaneBirkin	38	AGE38	10082	10082_JaneBirkin_38_f
389	JaneBirkin	44	AGE44	10088	10088_JaneBirkin_44_f
389	JaneBirkin	23	AGE23	10069	10069_JaneBirkin_23_f
389	JaneBirkin	39	AGE39	10083	10083_JaneBirkin_39_f
389	JaneBirkin	52	AGE52	10094	10094_JaneBirkin_52_f
389	JaneBirkin	24	AGE24	10070	10070_JaneBirkin_24_f
390	Garycooper	37	AGE37	7085	7085_Garycooper_37_m
390	Garycooper	42	AGE42	7089	7089_Garycooper_42_m
390	Garycooper	55	AGE55	7092	7092_Garycooper_55_m
390	Garycooper	29	AGE29	7094	7094_Garycooper_29_m
390	Garycooper	55	AGE55	7093	7093_Garycooper_55_m
390	Garycooper	34	AGE34	7083	7083_Garycooper_34_m
390	Garycooper	54	AGE54	7087	7087_Garycooper_54_m
390	Garycooper	35	AGE35	7090	7090_Garycooper_35_m
390	Garycooper	19	AGE19	7095	7095_Garycooper_19_m
390	Garycooper	53	AGE53	7086	7086_Garycooper_53_m
390	Garycooper	27	AGE27	7088	7088_Garycooper_27_m
390	Garycooper	35	AGE35	7084	7084_Garycooper_35_m
390	Garycooper	39	AGE39	7091	7091_Garycooper_39_m
391	AlKapone	35	AGE35	508	508_AlKapone_35_m
391	AlKapone	30	AGE30	525	525_AlKapone_30_m
391	AlKapone	37	AGE37	519	519_AlKapone_37_m
391	AlKapone	32	AGE32	512	512_AlKapone_32_m
391	AlKapone	28	AGE28	510	510_AlKapone_28_m
391	AlKapone	35	AGE35	524	524_AlKapone_35_m
391	AlKapone	30	AGE30	514	514_AlKapone_30_m
391	AlKapone	23	AGE23	509	509_AlKapone_23_m
391	AlKapone	32	AGE32	523	523_AlKapone_32_m
391	AlKapone	5	AGE5	507	507_AlKapone_5_m
391	AlKapone	32	AGE32	518	518_AlKapone_32_m
391	AlKapone	30	AGE30	522	522_AlKapone_30_m
391	AlKapone	30	AGE30	526	526_AlKapone_30_m
391	AlKapone	30	AGE30	520	520_AlKapone_30_m
391	AlKapone	30	AGE30	517	517_AlKapone_30_m
391	AlKapone	33	AGE33	515	515_AlKapone_33_m
391	AlKapone	35	AGE35	527	527_AlKapone_35_m
391	AlKapone	32	AGE32	511	511_AlKapone_32_m
391	AlKapone	33	AGE33	521	521_AlKapone_33_m
391	AlKapone	26	AGE26	513	513_AlKapone_26_m
391	AlKapone	30	AGE30	516	516_AlKapone_30_m
392	EstherWilliams	33	AGE33	14172	14172_EstherWilliams_33_f
392	EstherWilliams	38	AGE38	14175	14175_EstherWilliams_38_f
392	EstherWilliams	75	AGE75	14178	14178_EstherWilliams_75_f
392	EstherWilliams	83	AGE83	14181	14181_EstherWilliams_83_f
392	EstherWilliams	43	AGE43	14166	14166_EstherWilliams_43_f
392	EstherWilliams	76	AGE76	14179	14179_EstherWilliams_76_f
392	EstherWilliams	77	AGE77	14170	14170_EstherWilliams_77_f
392	EstherWilliams	21	AGE21	14158	14158_EstherWilliams_21_f
392	EstherWilliams	70	AGE70	14176	14176_EstherWilliams_70_f
392	EstherWilliams	30	AGE30	14163	14163_EstherWilliams_30_f
392	EstherWilliams	46	AGE46	14167	14167_EstherWilliams_46_f
392	EstherWilliams	18	AGE18	14157	14157_EstherWilliams_18_f
392	EstherWilliams	36	AGE36	14174	14174_EstherWilliams_36_f
392	EstherWilliams	85	AGE85	14171	14171_EstherWilliams_85_f
392	EstherWilliams	24	AGE24	14160	14160_EstherWilliams_24_f
392	EstherWilliams	25	AGE25	14161	14161_EstherWilliams_25_f
392	EstherWilliams	63	AGE63	14169	14169_EstherWilliams_63_f
392	EstherWilliams	23	AGE23	14159	14159_EstherWilliams_23_f
392	EstherWilliams	32	AGE32	14164	14164_EstherWilliams_32_f
392	EstherWilliams	73	AGE73	14177	14177_EstherWilliams_73_f
392	EstherWilliams	26	AGE26	14162	14162_EstherWilliams_26_f
392	EstherWilliams	35	AGE35	14173	14173_EstherWilliams_35_f
392	EstherWilliams	84	AGE84	14182	14182_EstherWilliams_84_f
392	EstherWilliams	59	AGE59	14168	14168_EstherWilliams_59_f
392	EstherWilliams	79	AGE79	14180	14180_EstherWilliams_79_f
392	EstherWilliams	41	AGE41	14165	14165_EstherWilliams_41_f
393	WinstonChurchill	21	AGE21	882	882_WinstonChurchill_21_m
393	WinstonChurchill	77	AGE77	883	883_WinstonChurchill_77_m
393	WinstonChurchill	69	AGE69	881	881_WinstonChurchill_69_m
393	WinstonChurchill	68	AGE68	880	880_WinstonChurchill_68_m
393	WinstonChurchill	30	AGE30	867	867_WinstonChurchill_30_m
393	WinstonChurchill	67	AGE67	871	871_WinstonChurchill_67_m
393	WinstonChurchill	68	AGE68	875	875_WinstonChurchill_68_m
393	WinstonChurchill	65	AGE65	876	876_WinstonChurchill_65_m
393	WinstonChurchill	68	AGE68	872	872_WinstonChurchill_68_m
393	WinstonChurchill	48	AGE48	869	869_WinstonChurchill_48_m
393	WinstonChurchill	65	AGE65	874	874_WinstonChurchill_65_m
393	WinstonChurchill	75	AGE75	877	877_WinstonChurchill_75_m
393	WinstonChurchill	40	AGE40	868	868_WinstonChurchill_40_m
393	WinstonChurchill	72	AGE72	878	878_WinstonChurchill_72_m
393	WinstonChurchill	66	AGE66	873	873_WinstonChurchill_66_m
393	WinstonChurchill	65	AGE65	879	879_WinstonChurchill_65_m
393	WinstonChurchill	67	AGE67	866	866_WinstonChurchill_67_m
393	WinstonChurchill	41	AGE41	870	870_WinstonChurchill_41_m
394	OrsonWelles	23	AGE23	6666	6666_OrsonWelles_23_m
394	OrsonWelles	26	AGE26	6652	6652_OrsonWelles_26_m
394	OrsonWelles	38	AGE38	6654	6654_OrsonWelles_38_m
394	OrsonWelles	52	AGE52	6661	6661_OrsonWelles_52_m
394	OrsonWelles	24	AGE24	6663	6663_OrsonWelles_24_m
394	OrsonWelles	22	AGE22	6649	6649_OrsonWelles_22_m
394	OrsonWelles	67	AGE67	6665	6665_OrsonWelles_67_m
394	OrsonWelles	45	AGE45	6657	6657_OrsonWelles_45_m
394	OrsonWelles	32	AGE32	6664	6664_OrsonWelles_32_m
394	OrsonWelles	30	AGE30	6655	6655_OrsonWelles_30_m
394	OrsonWelles	52	AGE52	6658	6658_OrsonWelles_52_m
394	OrsonWelles	52	AGE52	6650	6650_OrsonWelles_52_m
394	OrsonWelles	62	AGE62	6660	6660_OrsonWelles_62_m
394	OrsonWelles	31	AGE31	6653	6653_OrsonWelles_31_m
394	OrsonWelles	45	AGE45	6651	6651_OrsonWelles_45_m
394	OrsonWelles	43	AGE43	6659	6659_OrsonWelles_43_m
394	OrsonWelles	32	AGE32	6656	6656_OrsonWelles_32_m
394	OrsonWelles	50	AGE50	6662	6662_OrsonWelles_50_m
395	michaeljackson	25	AGE25	256	256_michaeljackson_25_m
395	michaeljackson	14	AGE14	261	261_michaeljackson_14_m
395	michaeljackson	15	AGE15	268	268_michaeljackson_15_m
395	michaeljackson	3	AGE3	255	255_michaeljackson_3_m
395	michaeljackson	44	AGE44	267	267_michaeljackson_44_m
395	michaeljackson	46	AGE46	264	264_michaeljackson_46_m
395	michaeljackson	29	AGE29	258	258_michaeljackson_29_m
395	michaeljackson	26	AGE26	265	265_michaeljackson_26_m
395	michaeljackson	17	AGE17	259	259_michaeljackson_17_m
395	michaeljackson	31	AGE31	269	269_michaeljackson_31_m
395	michaeljackson	10	AGE10	260	260_michaeljackson_10_m
395	michaeljackson	19	AGE19	266	266_michaeljackson_19_m
395	michaeljackson	35	AGE35	263	263_michaeljackson_35_m
395	michaeljackson	14	AGE14	257	257_michaeljackson_14_m
395	michaeljackson	32	AGE32	262	262_michaeljackson_32_m
396	JeremyKemp	40	AGE40	2643	2643_JeremyKemp_40_m
396	JeremyKemp	36	AGE36	2641	2641_JeremyKemp_36_m
396	JeremyKemp	33	AGE33	2639	2639_JeremyKemp_33_m
396	JeremyKemp	60	AGE60	2648	2648_JeremyKemp_60_m
396	JeremyKemp	31	AGE31	2638	2638_JeremyKemp_31_m
396	JeremyKemp	66	AGE66	2651	2651_JeremyKemp_66_m
396	JeremyKemp	29	AGE29	2636	2636_JeremyKemp_29_m
396	JeremyKemp	28	AGE28	2635	2635_JeremyKemp_28_m
396	JeremyKemp	45	AGE45	2645	2645_JeremyKemp_45_m
396	JeremyKemp	64	AGE64	2650	2650_JeremyKemp_64_m
396	JeremyKemp	62	AGE62	2649	2649_JeremyKemp_62_m
396	JeremyKemp	34	AGE34	2640	2640_JeremyKemp_34_m
396	JeremyKemp	27	AGE27	2634	2634_JeremyKemp_27_m
396	JeremyKemp	57	AGE57	2647	2647_JeremyKemp_57_m
396	JeremyKemp	49	AGE49	2646	2646_JeremyKemp_49_m
396	JeremyKemp	30	AGE30	2637	2637_JeremyKemp_30_m
396	JeremyKemp	38	AGE38	2642	2642_JeremyKemp_38_m
396	JeremyKemp	42	AGE42	2644	2644_JeremyKemp_42_m
397	GeraldineChaplin	37	AGE37	13031	13031_GeraldineChaplin_37_f
397	GeraldineChaplin	59	AGE59	13046	13046_GeraldineChaplin_59_f
397	GeraldineChaplin	33	AGE33	13027	13027_GeraldineChaplin_33_f
397	GeraldineChaplin	63	AGE63	13049	13049_GeraldineChaplin_63_f
397	GeraldineChaplin	65	AGE65	13051	13051_GeraldineChaplin_65_f
397	GeraldineChaplin	43	AGE43	13035	13035_GeraldineChaplin_43_f
397	GeraldineChaplin	30	AGE30	13024	13024_GeraldineChaplin_30_f
397	GeraldineChaplin	18	AGE18	13008	13008_GeraldineChaplin_18_f
397	GeraldineChaplin	69	AGE69	13054	13054_GeraldineChaplin_69_f
397	GeraldineChaplin	8	AGE8	13007	13007_GeraldineChaplin_8_f
397	GeraldineChaplin	22	AGE22	13012	13012_GeraldineChaplin_22_f
397	GeraldineChaplin	61	AGE61	13047	13047_GeraldineChaplin_61_f
397	GeraldineChaplin	34	AGE34	13028	13028_GeraldineChaplin_34_f
397	GeraldineChaplin	29	AGE29	13023	13023_GeraldineChaplin_29_f
397	GeraldineChaplin	49	AGE49	13039	13039_GeraldineChaplin_49_f
397	GeraldineChaplin	44	AGE44	13036	13036_GeraldineChaplin_44_f
397	GeraldineChaplin	56	AGE56	13045	13045_GeraldineChaplin_56_f
397	GeraldineChaplin	35	AGE35	13017	13017_GeraldineChaplin_35_f
397	GeraldineChaplin	27	AGE27	13021	13021_GeraldineChaplin_27_f
397	GeraldineChaplin	24	AGE24	13014	13014_GeraldineChaplin_24_f
397	GeraldineChaplin	70	AGE70	13055	13055_GeraldineChaplin_70_f
397	GeraldineChaplin	60	AGE60	13019	13019_GeraldineChaplin_60_f
397	GeraldineChaplin	36	AGE36	13029	13029_GeraldineChaplin_36_f
397	GeraldineChaplin	28	AGE28	13022	13022_GeraldineChaplin_28_f
397	GeraldineChaplin	62	AGE62	13048	13048_GeraldineChaplin_62_f
397	GeraldineChaplin	58	AGE58	13018	13018_GeraldineChaplin_58_f
397	GeraldineChaplin	51	AGE51	13040	13040_GeraldineChaplin_51_f
397	GeraldineChaplin	19	AGE19	13009	13009_GeraldineChaplin_19_f
397	GeraldineChaplin	38	AGE38	13032	13032_GeraldineChaplin_38_f
397	GeraldineChaplin	53	AGE53	13042	13042_GeraldineChaplin_53_f
397	GeraldineChaplin	45	AGE45	13037	13037_GeraldineChaplin_45_f
397	GeraldineChaplin	39	AGE39	13033	13033_GeraldineChaplin_39_f
397	GeraldineChaplin	66	AGE66	13052	13052_GeraldineChaplin_66_f
397	GeraldineChaplin	31	AGE31	13025	13025_GeraldineChaplin_31_f
397	GeraldineChaplin	64	AGE64	13050	13050_GeraldineChaplin_64_f
397	GeraldineChaplin	21	AGE21	13011	13011_GeraldineChaplin_21_f
397	GeraldineChaplin	25	AGE25	13015	13015_GeraldineChaplin_25_f
397	GeraldineChaplin	48	AGE48	13038	13038_GeraldineChaplin_48_f
397	GeraldineChaplin	26	AGE26	13020	13020_GeraldineChaplin_26_f
397	GeraldineChaplin	32	AGE32	13026	13026_GeraldineChaplin_32_f
397	GeraldineChaplin	54	AGE54	13043	13043_GeraldineChaplin_54_f
397	GeraldineChaplin	40	AGE40	13034	13034_GeraldineChaplin_40_f
397	GeraldineChaplin	36	AGE36	13030	13030_GeraldineChaplin_36_f
397	GeraldineChaplin	55	AGE55	13044	13044_GeraldineChaplin_55_f
397	GeraldineChaplin	20	AGE20	13010	13010_GeraldineChaplin_20_f
397	GeraldineChaplin	67	AGE67	13053	13053_GeraldineChaplin_67_f
397	GeraldineChaplin	35	AGE35	13016	13016_GeraldineChaplin_35_f
397	GeraldineChaplin	23	AGE23	13013	13013_GeraldineChaplin_23_f
397	GeraldineChaplin	52	AGE52	13041	13041_GeraldineChaplin_52_f
398	CarlMarx	55	AGE55	1475	1475_CarlMarx_55_m
398	CarlMarx	45	AGE45	1481	1481_CarlMarx_45_m
398	CarlMarx	62	AGE62	1486	1486_CarlMarx_62_m
398	CarlMarx	40	AGE40	1482	1482_CarlMarx_40_m
398	CarlMarx	50	AGE50	1483	1483_CarlMarx_50_m
398	CarlMarx	60	AGE60	1487	1487_CarlMarx_60_m
398	CarlMarx	58	AGE58	1479	1479_CarlMarx_58_m
398	CarlMarx	50	AGE50	1478	1478_CarlMarx_50_m
398	CarlMarx	55	AGE55	1485	1485_CarlMarx_55_m
398	CarlMarx	30	AGE30	1480	1480_CarlMarx_30_m
398	CarlMarx	50	AGE50	1476	1476_CarlMarx_50_m
398	CarlMarx	58	AGE58	1477	1477_CarlMarx_58_m
398	CarlMarx	58	AGE58	1484	1484_CarlMarx_58_m
399	RonPerlman	63	AGE63	2839	2839_RonPerlman_63_m
399	RonPerlman	33	AGE33	2815	2815_RonPerlman_33_m
399	RonPerlman	65	AGE65	2842	2842_RonPerlman_65_m
399	RonPerlman	40	AGE40	2820	2820_RonPerlman_40_m
399	RonPerlman	44	AGE44	2823	2823_RonPerlman_44_m
399	RonPerlman	50	AGE50	2827	2827_RonPerlman_50_m
399	RonPerlman	43	AGE43	2822	2822_RonPerlman_43_m
399	RonPerlman	31	AGE31	2813	2813_RonPerlman_31_m
399	RonPerlman	61	AGE61	2837	2837_RonPerlman_61_m
399	RonPerlman	64	AGE64	2841	2841_RonPerlman_64_m
399	RonPerlman	42	AGE42	2821	2821_RonPerlman_42_m
399	RonPerlman	57	AGE57	2833	2833_RonPerlman_57_m
399	RonPerlman	59	AGE59	2835	2835_RonPerlman_59_m
399	RonPerlman	58	AGE58	2834	2834_RonPerlman_58_m
399	RonPerlman	52	AGE52	2829	2829_RonPerlman_52_m
399	RonPerlman	56	AGE56	2832	2832_RonPerlman_56_m
399	RonPerlman	38	AGE38	2819	2819_RonPerlman_38_m
399	RonPerlman	45	AGE45	2824	2824_RonPerlman_45_m
399	RonPerlman	62	AGE62	2838	2838_RonPerlman_62_m
399	RonPerlman	60	AGE60	2836	2836_RonPerlman_60_m
399	RonPerlman	55	AGE55	2831	2831_RonPerlman_55_m
399	RonPerlman	54	AGE54	2830	2830_RonPerlman_54_m
399	RonPerlman	47	AGE47	2825	2825_RonPerlman_47_m
399	RonPerlman	64	AGE64	2840	2840_RonPerlman_64_m
399	RonPerlman	32	AGE32	2814	2814_RonPerlman_32_m
399	RonPerlman	51	AGE51	2828	2828_RonPerlman_51_m
399	RonPerlman	34	AGE34	2816	2816_RonPerlman_34_m
399	RonPerlman	37	AGE37	2818	2818_RonPerlman_37_m
399	RonPerlman	35	AGE35	2817	2817_RonPerlman_35_m
399	RonPerlman	48	AGE48	2826	2826_RonPerlman_48_m
400	EliWallach	95	AGE95	3217	3217_EliWallach_95_m
400	EliWallach	41	AGE41	3216	3216_EliWallach_41_m
400	EliWallach	55	AGE55	3219	3219_EliWallach_55_m
400	EliWallach	52	AGE52	3224	3224_EliWallach_52_m
400	EliWallach	61	AGE61	3209	3209_EliWallach_61_m
400	EliWallach	65	AGE65	3211	3211_EliWallach_65_m
400	EliWallach	53	AGE53	3205	3205_EliWallach_53_m
400	EliWallach	42	AGE42	3222	3222_EliWallach_42_m
400	EliWallach	51	AGE51	3203	3203_EliWallach_51_m
400	EliWallach	51	AGE51	3204	3204_EliWallach_51_m
400	EliWallach	45	AGE45	3207	3207_EliWallach_45_m
400	EliWallach	54	AGE54	3210	3210_EliWallach_54_m
400	EliWallach	58	AGE58	3208	3208_EliWallach_58_m
400	EliWallach	66	AGE66	3198	3198_EliWallach_66_m
400	EliWallach	77	AGE77	3195	3195_EliWallach_77_m
400	EliWallach	45	AGE45	3200	3200_EliWallach_45_m
400	EliWallach	52	AGE52	3206	3206_EliWallach_52_m
400	EliWallach	91	AGE91	3215	3215_EliWallach_91_m
400	EliWallach	71	AGE71	3212	3212_EliWallach_71_m
400	EliWallach	41	AGE41	3199	3199_EliWallach_41_m
400	EliWallach	85	AGE85	3194	3194_EliWallach_85_m
400	EliWallach	56	AGE56	3223	3223_EliWallach_56_m
400	EliWallach	40	AGE40	3196	3196_EliWallach_40_m
400	EliWallach	43	AGE43	3220	3220_EliWallach_43_m
400	EliWallach	56	AGE56	3221	3221_EliWallach_56_m
400	EliWallach	51	AGE51	3202	3202_EliWallach_51_m
400	EliWallach	77	AGE77	3213	3213_EliWallach_77_m
400	EliWallach	97	AGE97	3218	3218_EliWallach_97_m
400	EliWallach	73	AGE73	3214	3214_EliWallach_73_m
400	EliWallach	46	AGE46	3201	3201_EliWallach_46_m
400	EliWallach	36	AGE36	3197	3197_EliWallach_36_m
401	ErinGray	56	AGE56	15360	15360_ErinGray_56_f
401	ErinGray	31	AGE31	15340	15340_ErinGray_31_f
401	ErinGray	33	AGE33	15342	15342_ErinGray_33_f
401	ErinGray	54	AGE54	15358	15358_ErinGray_54_f
401	ErinGray	25	AGE25	15335	15335_ErinGray_25_f
401	ErinGray	22	AGE22	15332	15332_ErinGray_22_f
401	ErinGray	27	AGE27	15337	15337_ErinGray_27_f
401	ErinGray	50	AGE50	15354	15354_ErinGray_50_f
401	ErinGray	23	AGE23	15333	15333_ErinGray_23_f
401	ErinGray	38	AGE38	15347	15347_ErinGray_38_f
401	ErinGray	39	AGE39	15348	15348_ErinGray_39_f
401	ErinGray	28	AGE28	15338	15338_ErinGray_28_f
401	ErinGray	65	AGE65	15368	15368_ErinGray_65_f
401	ErinGray	58	AGE58	15362	15362_ErinGray_58_f
401	ErinGray	55	AGE55	15359	15359_ErinGray_55_f
401	ErinGray	48	AGE48	15353	15353_ErinGray_48_f
401	ErinGray	35	AGE35	15344	15344_ErinGray_35_f
401	ErinGray	53	AGE53	15357	15357_ErinGray_53_f
401	ErinGray	46	AGE46	15352	15352_ErinGray_46_f
401	ErinGray	36	AGE36	15345	15345_ErinGray_36_f
401	ErinGray	29	AGE29	15339	15339_ErinGray_29_f
401	ErinGray	24	AGE24	15334	15334_ErinGray_24_f
401	ErinGray	32	AGE32	15341	15341_ErinGray_32_f
401	ErinGray	57	AGE57	15361	15361_ErinGray_57_f
401	ErinGray	41	AGE41	15349	15349_ErinGray_41_f
401	ErinGray	52	AGE52	15356	15356_ErinGray_52_f
401	ErinGray	51	AGE51	15355	15355_ErinGray_51_f
401	ErinGray	45	AGE45	15351	15351_ErinGray_45_f
401	ErinGray	64	AGE64	15367	15367_ErinGray_64_f
401	ErinGray	26	AGE26	15336	15336_ErinGray_26_f
401	ErinGray	61	AGE61	15364	15364_ErinGray_61_f
401	ErinGray	34	AGE34	15343	15343_ErinGray_34_f
401	ErinGray	63	AGE63	15366	15366_ErinGray_63_f
401	ErinGray	43	AGE43	15350	15350_ErinGray_43_f
401	ErinGray	60	AGE60	15363	15363_ErinGray_60_f
401	ErinGray	62	AGE62	15365	15365_ErinGray_62_f
401	ErinGray	37	AGE37	15346	15346_ErinGray_37_f
402	Davis	50	AGE50	16326	16326_Davis_50_f
402	Davis	49	AGE49	16320	16320_Davis_49_f
402	Davis	45	AGE45	16314	16314_Davis_45_f
402	Davis	50	AGE50	16324	16324_Davis_50_f
402	Davis	46	AGE46	16321	16321_Davis_46_f
402	Davis	50	AGE50	16327	16327_Davis_50_f
402	Davis	40	AGE40	16315	16315_Davis_40_f
402	Davis	52	AGE52	16323	16323_Davis_52_f
402	Davis	51	AGE51	16318	16318_Davis_51_f
402	Davis	52	AGE52	16322	16322_Davis_52_f
402	Davis	47	AGE47	16316	16316_Davis_47_f
402	Davis	51	AGE51	16319	16319_Davis_51_f
402	Davis	49	AGE49	16317	16317_Davis_49_f
402	Davis	50	AGE50	16325	16325_Davis_50_f
403	RogerAllam	44	AGE44	3730	3730_RogerAllam_44_m
403	RogerAllam	50	AGE50	3735	3735_RogerAllam_50_m
403	RogerAllam	32	AGE32	3720	3720_RogerAllam_32_m
403	RogerAllam	29	AGE29	3717	3717_RogerAllam_29_m
403	RogerAllam	51	AGE51	3736	3736_RogerAllam_51_m
403	RogerAllam	60	AGE60	3745	3745_RogerAllam_60_m
403	RogerAllam	54	AGE54	3739	3739_RogerAllam_54_m
403	RogerAllam	56	AGE56	3741	3741_RogerAllam_56_m
403	RogerAllam	49	AGE49	3734	3734_RogerAllam_49_m
403	RogerAllam	61	AGE61	3746	3746_RogerAllam_61_m
403	RogerAllam	38	AGE38	3726	3726_RogerAllam_38_m
403	RogerAllam	52	AGE52	3737	3737_RogerAllam_52_m
403	RogerAllam	31	AGE31	3719	3719_RogerAllam_31_m
403	RogerAllam	59	AGE59	3744	3744_RogerAllam_59_m
403	RogerAllam	34	AGE34	3722	3722_RogerAllam_34_m
403	RogerAllam	55	AGE55	3740	3740_RogerAllam_55_m
403	RogerAllam	47	AGE47	3732	3732_RogerAllam_47_m
403	RogerAllam	58	AGE58	3743	3743_RogerAllam_58_m
403	RogerAllam	48	AGE48	3733	3733_RogerAllam_48_m
403	RogerAllam	30	AGE30	3718	3718_RogerAllam_30_m
403	RogerAllam	37	AGE37	3725	3725_RogerAllam_37_m
403	RogerAllam	42	AGE42	3729	3729_RogerAllam_42_m
403	RogerAllam	35	AGE35	3723	3723_RogerAllam_35_m
403	RogerAllam	36	AGE36	3724	3724_RogerAllam_36_m
403	RogerAllam	53	AGE53	3738	3738_RogerAllam_53_m
403	RogerAllam	41	AGE41	3728	3728_RogerAllam_41_m
403	RogerAllam	57	AGE57	3742	3742_RogerAllam_57_m
403	RogerAllam	33	AGE33	3721	3721_RogerAllam_33_m
403	RogerAllam	45	AGE45	3731	3731_RogerAllam_45_m
403	RogerAllam	40	AGE40	3727	3727_RogerAllam_40_m
403	RogerAllam	62	AGE62	3747	3747_RogerAllam_62_m
404	CatherineSpaak	19	AGE19	11924	11924_CatherineSpaak_19_f
404	CatherineSpaak	29	AGE29	11929	11929_CatherineSpaak_29_f
404	CatherineSpaak	60	AGE60	11939	11939_CatherineSpaak_60_f
404	CatherineSpaak	35	AGE35	11932	11932_CatherineSpaak_35_f
404	CatherineSpaak	33	AGE33	11931	11931_CatherineSpaak_33_f
404	CatherineSpaak	25	AGE25	11927	11927_CatherineSpaak_25_f
404	CatherineSpaak	63	AGE63	11942	11942_CatherineSpaak_63_f
404	CatherineSpaak	45	AGE45	11935	11935_CatherineSpaak_45_f
404	CatherineSpaak	39	AGE39	11933	11933_CatherineSpaak_39_f
404	CatherineSpaak	62	AGE62	11941	11941_CatherineSpaak_62_f
404	CatherineSpaak	17	AGE17	11922	11922_CatherineSpaak_17_f
404	CatherineSpaak	16	AGE16	11921	11921_CatherineSpaak_16_f
404	CatherineSpaak	66	AGE66	11944	11944_CatherineSpaak_66_f
404	CatherineSpaak	56	AGE56	11936	11936_CatherineSpaak_56_f
404	CatherineSpaak	67	AGE67	11945	11945_CatherineSpaak_67_f
404	CatherineSpaak	30	AGE30	11930	11930_CatherineSpaak_30_f
404	CatherineSpaak	69	AGE69	11946	11946_CatherineSpaak_69_f
404	CatherineSpaak	15	AGE15	11920	11920_CatherineSpaak_15_f
404	CatherineSpaak	26	AGE26	11928	11928_CatherineSpaak_26_f
404	CatherineSpaak	59	AGE59	11938	11938_CatherineSpaak_59_f
404	CatherineSpaak	24	AGE24	11926	11926_CatherineSpaak_24_f
404	CatherineSpaak	43	AGE43	11934	11934_CatherineSpaak_43_f
404	CatherineSpaak	61	AGE61	11940	11940_CatherineSpaak_61_f
404	CatherineSpaak	65	AGE65	11943	11943_CatherineSpaak_65_f
404	CatherineSpaak	22	AGE22	11925	11925_CatherineSpaak_22_f
404	CatherineSpaak	58	AGE58	11937	11937_CatherineSpaak_58_f
404	CatherineSpaak	18	AGE18	11923	11923_CatherineSpaak_18_f
405	Gorbachev	55	AGE55	615	615_Gorbachev_55_m
405	Gorbachev	62	AGE62	609	609_Gorbachev_62_m
405	Gorbachev	59	AGE59	607	607_Gorbachev_59_m
405	Gorbachev	60	AGE60	614	614_Gorbachev_60_m
405	Gorbachev	50	AGE50	608	608_Gorbachev_50_m
405	Gorbachev	73	AGE73	618	618_Gorbachev_73_m
405	Gorbachev	56	AGE56	620	620_Gorbachev_56_m
405	Gorbachev	82	AGE82	613	613_Gorbachev_82_m
405	Gorbachev	59	AGE59	622	622_Gorbachev_59_m
405	Gorbachev	82	AGE82	617	617_Gorbachev_82_m
405	Gorbachev	48	AGE48	606	606_Gorbachev_48_m
405	Gorbachev	56	AGE56	610	610_Gorbachev_56_m
405	Gorbachev	57	AGE57	616	616_Gorbachev_57_m
405	Gorbachev	58	AGE58	611	611_Gorbachev_58_m
405	Gorbachev	52	AGE52	621	621_Gorbachev_52_m
405	Gorbachev	54	AGE54	603	603_Gorbachev_54_m
405	Gorbachev	60	AGE60	619	619_Gorbachev_60_m
405	Gorbachev	50	AGE50	612	612_Gorbachev_50_m
405	Gorbachev	69	AGE69	623	623_Gorbachev_69_m
405	Gorbachev	78	AGE78	604	604_Gorbachev_78_m
405	Gorbachev	76	AGE76	605	605_Gorbachev_76_m
406	StevenSeagal	48	AGE48	4443	4443_StevenSeagal_48_m
406	StevenSeagal	59	AGE59	4453	4453_StevenSeagal_59_m
406	StevenSeagal	53	AGE53	4447	4447_StevenSeagal_53_m
406	StevenSeagal	37	AGE37	4434	4434_StevenSeagal_37_m
406	StevenSeagal	42	AGE42	4437	4437_StevenSeagal_42_m
406	StevenSeagal	35	AGE35	4432	4432_StevenSeagal_35_m
406	StevenSeagal	36	AGE36	4433	4433_StevenSeagal_36_m
406	StevenSeagal	54	AGE54	4448	4448_StevenSeagal_54_m
406	StevenSeagal	47	AGE47	4442	4442_StevenSeagal_47_m
406	StevenSeagal	58	AGE58	4452	4452_StevenSeagal_58_m
406	StevenSeagal	44	AGE44	4439	4439_StevenSeagal_44_m
406	StevenSeagal	38	AGE38	4435	4435_StevenSeagal_38_m
406	StevenSeagal	40	AGE40	4436	4436_StevenSeagal_40_m
406	StevenSeagal	61	AGE61	4455	4455_StevenSeagal_61_m
406	StevenSeagal	55	AGE55	4449	4449_StevenSeagal_55_m
406	StevenSeagal	49	AGE49	4444	4444_StevenSeagal_49_m
406	StevenSeagal	56	AGE56	4450	4450_StevenSeagal_56_m
406	StevenSeagal	52	AGE52	4446	4446_StevenSeagal_52_m
406	StevenSeagal	63	AGE63	4457	4457_StevenSeagal_63_m
406	StevenSeagal	51	AGE51	4445	4445_StevenSeagal_51_m
406	StevenSeagal	46	AGE46	4441	4441_StevenSeagal_46_m
406	StevenSeagal	57	AGE57	4451	4451_StevenSeagal_57_m
406	StevenSeagal	62	AGE62	4456	4456_StevenSeagal_62_m
406	StevenSeagal	45	AGE45	4440	4440_StevenSeagal_45_m
406	StevenSeagal	43	AGE43	4438	4438_StevenSeagal_43_m
406	StevenSeagal	60	AGE60	4454	4454_StevenSeagal_60_m
407	JulieAdams	28	AGE28	10193	10193_JulieAdams_28_f
407	JulieAdams	39	AGE39	10199	10199_JulieAdams_39_f
407	JulieAdams	59	AGE59	10207	10207_JulieAdams_59_f
407	JulieAdams	41	AGE41	10200	10200_JulieAdams_41_f
407	JulieAdams	57	AGE57	10206	10206_JulieAdams_57_f
407	JulieAdams	84	AGE84	10214	10214_JulieAdams_84_f
407	JulieAdams	50	AGE50	10203	10203_JulieAdams_50_f
407	JulieAdams	53	AGE53	10204	10204_JulieAdams_53_f
407	JulieAdams	67	AGE67	10209	10209_JulieAdams_67_f
407	JulieAdams	24	AGE24	10191	10191_JulieAdams_24_f
407	JulieAdams	49	AGE49	10202	10202_JulieAdams_49_f
407	JulieAdams	45	AGE45	10201	10201_JulieAdams_45_f
407	JulieAdams	55	AGE55	10205	10205_JulieAdams_55_f
407	JulieAdams	35	AGE35	10197	10197_JulieAdams_35_f
407	JulieAdams	85	AGE85	10215	10215_JulieAdams_85_f
407	JulieAdams	32	AGE32	10195	10195_JulieAdams_32_f
407	JulieAdams	34	AGE34	10196	10196_JulieAdams_34_f
407	JulieAdams	73	AGE73	10212	10212_JulieAdams_73_f
407	JulieAdams	25	AGE25	10192	10192_JulieAdams_25_f
407	JulieAdams	70	AGE70	10211	10211_JulieAdams_70_f
407	JulieAdams	30	AGE30	10194	10194_JulieAdams_30_f
407	JulieAdams	80	AGE80	10213	10213_JulieAdams_80_f
407	JulieAdams	87	AGE87	10216	10216_JulieAdams_87_f
407	JulieAdams	88	AGE88	10217	10217_JulieAdams_88_f
407	JulieAdams	64	AGE64	10208	10208_JulieAdams_64_f
407	JulieAdams	68	AGE68	10210	10210_JulieAdams_68_f
407	JulieAdams	36	AGE36	10198	10198_JulieAdams_36_f
408	MelBrooks	62	AGE62	2113	2113_MelBrooks_62_m
408	MelBrooks	72	AGE72	2116	2116_MelBrooks_72_m
408	MelBrooks	73	AGE73	2117	2117_MelBrooks_73_m
408	MelBrooks	53	AGE53	2106	2106_MelBrooks_53_m
408	MelBrooks	61	AGE61	2112	2112_MelBrooks_61_m
408	MelBrooks	84	AGE84	2128	2128_MelBrooks_84_m
408	MelBrooks	48	AGE48	2101	2101_MelBrooks_48_m
408	MelBrooks	83	AGE83	2127	2127_MelBrooks_83_m
408	MelBrooks	77	AGE77	2121	2121_MelBrooks_77_m
408	MelBrooks	80	AGE80	2124	2124_MelBrooks_80_m
408	MelBrooks	52	AGE52	2105	2105_MelBrooks_52_m
408	MelBrooks	38	AGE38	2096	2096_MelBrooks_38_m
408	MelBrooks	67	AGE67	2115	2115_MelBrooks_67_m
408	MelBrooks	64	AGE64	2114	2114_MelBrooks_64_m
408	MelBrooks	86	AGE86	2130	2130_MelBrooks_86_m
408	MelBrooks	85	AGE85	2129	2129_MelBrooks_85_m
408	MelBrooks	54	AGE54	2107	2107_MelBrooks_54_m
408	MelBrooks	59	AGE59	2111	2111_MelBrooks_59_m
408	MelBrooks	87	AGE87	2131	2131_MelBrooks_87_m
408	MelBrooks	40	AGE40	2097	2097_MelBrooks_40_m
408	MelBrooks	81	AGE81	2125	2125_MelBrooks_81_m
408	MelBrooks	58	AGE58	2110	2110_MelBrooks_58_m
408	MelBrooks	44	AGE44	2099	2099_MelBrooks_44_m
408	MelBrooks	55	AGE55	2108	2108_MelBrooks_55_m
408	MelBrooks	41	AGE41	2098	2098_MelBrooks_41_m
408	MelBrooks	46	AGE46	2100	2100_MelBrooks_46_m
408	MelBrooks	82	AGE82	2126	2126_MelBrooks_82_m
408	MelBrooks	24	AGE24	2093	2093_MelBrooks_24_m
408	MelBrooks	18	AGE18	2092	2092_MelBrooks_18_m
408	MelBrooks	74	AGE74	2118	2118_MelBrooks_74_m
408	MelBrooks	32	AGE32	2095	2095_MelBrooks_32_m
408	MelBrooks	57	AGE57	2109	2109_MelBrooks_57_m
408	MelBrooks	28	AGE28	2094	2094_MelBrooks_28_m
408	MelBrooks	76	AGE76	2120	2120_MelBrooks_76_m
408	MelBrooks	88	AGE88	2132	2132_MelBrooks_88_m
408	MelBrooks	78	AGE78	2122	2122_MelBrooks_78_m
408	MelBrooks	51	AGE51	2104	2104_MelBrooks_51_m
408	MelBrooks	49	AGE49	2102	2102_MelBrooks_49_m
408	MelBrooks	75	AGE75	2119	2119_MelBrooks_75_m
408	MelBrooks	50	AGE50	2103	2103_MelBrooks_50_m
408	MelBrooks	79	AGE79	2123	2123_MelBrooks_79_m
409	RexHarrison	74	AGE74	6727	6727_RexHarrison_74_m
409	RexHarrison	75	AGE75	6738	6738_RexHarrison_75_m
409	RexHarrison	46	AGE46	6732	6732_RexHarrison_46_m
409	RexHarrison	31	AGE31	6713	6713_RexHarrison_31_m
409	RexHarrison	79	AGE79	6740	6740_RexHarrison_79_m
409	RexHarrison	57	AGE57	6736	6736_RexHarrison_57_m
409	RexHarrison	48	AGE48	6719	6719_RexHarrison_48_m
409	RexHarrison	34	AGE34	6716	6716_RexHarrison_34_m
409	RexHarrison	44	AGE44	6731	6731_RexHarrison_44_m
409	RexHarrison	28	AGE28	6710	6710_RexHarrison_28_m
409	RexHarrison	42	AGE42	6730	6730_RexHarrison_42_m
409	RexHarrison	76	AGE76	6739	6739_RexHarrison_76_m
409	RexHarrison	59	AGE59	6722	6722_RexHarrison_59_m
409	RexHarrison	70	AGE70	6737	6737_RexHarrison_70_m
409	RexHarrison	61	AGE61	6723	6723_RexHarrison_61_m
409	RexHarrison	33	AGE33	6715	6715_RexHarrison_33_m
409	RexHarrison	69	AGE69	6724	6724_RexHarrison_69_m
409	RexHarrison	56	AGE56	6735	6735_RexHarrison_56_m
409	RexHarrison	55	AGE55	6734	6734_RexHarrison_55_m
409	RexHarrison	30	AGE30	6712	6712_RexHarrison_30_m
409	RexHarrison	26	AGE26	6708	6708_RexHarrison_26_m
409	RexHarrison	38	AGE38	6717	6717_RexHarrison_38_m
409	RexHarrison	71	AGE71	6726	6726_RexHarrison_71_m
409	RexHarrison	41	AGE41	6729	6729_RexHarrison_41_m
409	RexHarrison	78	AGE78	6728	6728_RexHarrison_78_m
409	RexHarrison	27	AGE27	6709	6709_RexHarrison_27_m
409	RexHarrison	51	AGE51	6733	6733_RexHarrison_51_m
409	RexHarrison	32	AGE32	6714	6714_RexHarrison_32_m
409	RexHarrison	53	AGE53	6720	6720_RexHarrison_53_m
409	RexHarrison	55	AGE55	6721	6721_RexHarrison_55_m
409	RexHarrison	29	AGE29	6711	6711_RexHarrison_29_m
409	RexHarrison	39	AGE39	6718	6718_RexHarrison_39_m
409	RexHarrison	69	AGE69	6725	6725_RexHarrison_69_m
410	AlejandroRey	33	AGE33	8492	8492_AlejandroRey_33_m
410	AlejandroRey	45	AGE45	8507	8507_AlejandroRey_45_m
410	AlejandroRey	32	AGE32	8491	8491_AlejandroRey_32_m
410	AlejandroRey	44	AGE44	8501	8501_AlejandroRey_44_m
410	AlejandroRey	34	AGE34	8493	8493_AlejandroRey_34_m
410	AlejandroRey	57	AGE57	8509	8509_AlejandroRey_57_m
410	AlejandroRey	41	AGE41	8505	8505_AlejandroRey_41_m
410	AlejandroRey	54	AGE54	8503	8503_AlejandroRey_54_m
410	AlejandroRey	43	AGE43	8506	8506_AlejandroRey_43_m
410	AlejandroRey	49	AGE49	8502	8502_AlejandroRey_49_m
410	AlejandroRey	37	AGE37	8496	8496_AlejandroRey_37_m
410	AlejandroRey	35	AGE35	8494	8494_AlejandroRey_35_m
410	AlejandroRey	40	AGE40	8504	8504_AlejandroRey_40_m
410	AlejandroRey	37	AGE37	8497	8497_AlejandroRey_37_m
410	AlejandroRey	36	AGE36	8495	8495_AlejandroRey_36_m
410	AlejandroRey	39	AGE39	8499	8499_AlejandroRey_39_m
410	AlejandroRey	38	AGE38	8498	8498_AlejandroRey_38_m
410	AlejandroRey	47	AGE47	8508	8508_AlejandroRey_47_m
410	AlejandroRey	42	AGE42	8500	8500_AlejandroRey_42_m
411	LeslieNielsen	50	AGE50	8115	8115_LeslieNielsen_50_m
411	LeslieNielsen	79	AGE79	8123	8123_LeslieNielsen_79_m
411	LeslieNielsen	54	AGE54	8114	8114_LeslieNielsen_54_m
411	LeslieNielsen	82	AGE82	8124	8124_LeslieNielsen_82_m
411	LeslieNielsen	38	AGE38	8112	8112_LeslieNielsen_38_m
411	LeslieNielsen	68	AGE68	8127	8127_LeslieNielsen_68_m
411	LeslieNielsen	64	AGE64	8116	8116_LeslieNielsen_64_m
411	LeslieNielsen	63	AGE63	8130	8130_LeslieNielsen_63_m
411	LeslieNielsen	81	AGE81	8133	8133_LeslieNielsen_81_m
411	LeslieNielsen	80	AGE80	8129	8129_LeslieNielsen_80_m
411	LeslieNielsen	68	AGE68	8132	8132_LeslieNielsen_68_m
411	LeslieNielsen	36	AGE36	8128	8128_LeslieNielsen_36_m
411	LeslieNielsen	62	AGE62	8117	8117_LeslieNielsen_62_m
411	LeslieNielsen	67	AGE67	8121	8121_LeslieNielsen_67_m
411	LeslieNielsen	65	AGE65	8135	8135_LeslieNielsen_65_m
411	LeslieNielsen	67	AGE67	8131	8131_LeslieNielsen_67_m
411	LeslieNielsen	40	AGE40	8113	8113_LeslieNielsen_40_m
411	LeslieNielsen	26	AGE26	8111	8111_LeslieNielsen_26_m
411	LeslieNielsen	62	AGE62	8134	8134_LeslieNielsen_62_m
411	LeslieNielsen	72	AGE72	8125	8125_LeslieNielsen_72_m
411	LeslieNielsen	64	AGE64	8118	8118_LeslieNielsen_64_m
411	LeslieNielsen	66	AGE66	8126	8126_LeslieNielsen_66_m
411	LeslieNielsen	71	AGE71	8120	8120_LeslieNielsen_71_m
411	LeslieNielsen	66	AGE66	8119	8119_LeslieNielsen_66_m
411	LeslieNielsen	77	AGE77	8122	8122_LeslieNielsen_77_m
412	BeaArthur	14	AGE14	11880	11880_BeaArthur_14_f
412	BeaArthur	38	AGE38	11887	11887_BeaArthur_38_f
412	BeaArthur	56	AGE56	11899	11899_BeaArthur_56_f
412	BeaArthur	80	AGE80	11913	11913_BeaArthur_80_f
412	BeaArthur	66	AGE66	11907	11907_BeaArthur_66_f
412	BeaArthur	49	AGE49	11891	11891_BeaArthur_49_f
412	BeaArthur	51	AGE51	11893	11893_BeaArthur_51_f
412	BeaArthur	63	AGE63	11904	11904_BeaArthur_63_f
412	BeaArthur	71	AGE71	11910	11910_BeaArthur_71_f
412	BeaArthur	83	AGE83	11916	11916_BeaArthur_83_f
412	BeaArthur	21	AGE21	11882	11882_BeaArthur_21_f
412	BeaArthur	82	AGE82	11915	11915_BeaArthur_82_f
412	BeaArthur	85	AGE85	11918	11918_BeaArthur_85_f
412	BeaArthur	76	AGE76	11912	11912_BeaArthur_76_f
412	BeaArthur	59	AGE59	11901	11901_BeaArthur_59_f
412	BeaArthur	65	AGE65	11906	11906_BeaArthur_65_f
412	BeaArthur	84	AGE84	11917	11917_BeaArthur_84_f
412	BeaArthur	28	AGE28	11885	11885_BeaArthur_28_f
412	BeaArthur	55	AGE55	11898	11898_BeaArthur_55_f
412	BeaArthur	68	AGE68	11909	11909_BeaArthur_68_f
412	BeaArthur	64	AGE64	11905	11905_BeaArthur_64_f
412	BeaArthur	52	AGE52	11894	11894_BeaArthur_52_f
412	BeaArthur	81	AGE81	11914	11914_BeaArthur_81_f
412	BeaArthur	74	AGE74	11911	11911_BeaArthur_74_f
412	BeaArthur	26	AGE26	11884	11884_BeaArthur_26_f
412	BeaArthur	43	AGE43	11888	11888_BeaArthur_43_f
412	BeaArthur	67	AGE67	11908	11908_BeaArthur_67_f
412	BeaArthur	86	AGE86	11919	11919_BeaArthur_86_f
412	BeaArthur	23	AGE23	11883	11883_BeaArthur_23_f
412	BeaArthur	61	AGE61	11902	11902_BeaArthur_61_f
412	BeaArthur	52	AGE52	11895	11895_BeaArthur_52_f
412	BeaArthur	33	AGE33	11886	11886_BeaArthur_33_f
412	BeaArthur	62	AGE62	11903	11903_BeaArthur_62_f
412	BeaArthur	48	AGE48	11890	11890_BeaArthur_48_f
412	BeaArthur	53	AGE53	11896	11896_BeaArthur_53_f
412	BeaArthur	46	AGE46	11889	11889_BeaArthur_46_f
412	BeaArthur	50	AGE50	11892	11892_BeaArthur_50_f
412	BeaArthur	20	AGE20	11881	11881_BeaArthur_20_f
412	BeaArthur	54	AGE54	11897	11897_BeaArthur_54_f
412	BeaArthur	58	AGE58	11900	11900_BeaArthur_58_f
413	EnricoFermi	36	AGE36	1055	1055_EnricoFermi_36_m
413	EnricoFermi	33	AGE33	1058	1058_EnricoFermi_33_m
413	EnricoFermi	46	AGE46	1065	1065_EnricoFermi_46_m
413	EnricoFermi	38	AGE38	1054	1054_EnricoFermi_38_m
413	EnricoFermi	48	AGE48	1064	1064_EnricoFermi_48_m
413	EnricoFermi	42	AGE42	1059	1059_EnricoFermi_42_m
413	EnricoFermi	48	AGE48	1061	1061_EnricoFermi_48_m
413	EnricoFermi	28	AGE28	1060	1060_EnricoFermi_28_m
413	EnricoFermi	50	AGE50	1066	1066_EnricoFermi_50_m
413	EnricoFermi	20	AGE20	1056	1056_EnricoFermi_20_m
413	EnricoFermi	47	AGE47	1063	1063_EnricoFermi_47_m
413	EnricoFermi	38	AGE38	1062	1062_EnricoFermi_38_m
413	EnricoFermi	18	AGE18	1057	1057_EnricoFermi_18_m
414	LauraDern	37	AGE37	9887	9887_LauraDern_37_f
414	LauraDern	21	AGE21	9876	9876_LauraDern_21_f
414	LauraDern	39	AGE39	9889	9889_LauraDern_39_f
414	LauraDern	43	AGE43	9891	9891_LauraDern_43_f
414	LauraDern	33	AGE33	9883	9883_LauraDern_33_f
414	LauraDern	12	AGE12	9869	9869_LauraDern_12_f
414	LauraDern	25	AGE25	9878	9878_LauraDern_25_f
414	LauraDern	35	AGE35	9885	9885_LauraDern_35_f
414	LauraDern	30	AGE30	9881	9881_LauraDern_30_f
414	LauraDern	36	AGE36	9886	9886_LauraDern_36_f
414	LauraDern	32	AGE32	9882	9882_LauraDern_32_f
414	LauraDern	13	AGE13	9870	9870_LauraDern_13_f
414	LauraDern	14	AGE14	9871	9871_LauraDern_14_f
414	LauraDern	24	AGE24	9877	9877_LauraDern_24_f
414	LauraDern	38	AGE38	9888	9888_LauraDern_38_f
414	LauraDern	18	AGE18	9874	9874_LauraDern_18_f
414	LauraDern	28	AGE28	9879	9879_LauraDern_28_f
414	LauraDern	29	AGE29	9880	9880_LauraDern_29_f
414	LauraDern	34	AGE34	9884	9884_LauraDern_34_f
414	LauraDern	16	AGE16	9873	9873_LauraDern_16_f
414	LauraDern	20	AGE20	9875	9875_LauraDern_20_f
414	LauraDern	15	AGE15	9872	9872_LauraDern_15_f
414	LauraDern	40	AGE40	9890	9890_LauraDern_40_f
415	SamNeill	41	AGE41	2301	2301_SamNeill_41_m
415	SamNeill	43	AGE43	2303	2303_SamNeill_43_m
415	SamNeill	36	AGE36	2296	2296_SamNeill_36_m
415	SamNeill	47	AGE47	2306	2306_SamNeill_47_m
415	SamNeill	30	AGE30	2291	2291_SamNeill_30_m
415	SamNeill	54	AGE54	2313	2313_SamNeill_54_m
415	SamNeill	60	AGE60	2317	2317_SamNeill_60_m
415	SamNeill	55	AGE55	2314	2314_SamNeill_55_m
415	SamNeill	35	AGE35	2295	2295_SamNeill_35_m
415	SamNeill	59	AGE59	2316	2316_SamNeill_59_m
415	SamNeill	42	AGE42	2302	2302_SamNeill_42_m
415	SamNeill	34	AGE34	2294	2294_SamNeill_34_m
415	SamNeill	63	AGE63	2320	2320_SamNeill_63_m
415	SamNeill	31	AGE31	2292	2292_SamNeill_31_m
415	SamNeill	38	AGE38	2298	2298_SamNeill_38_m
415	SamNeill	39	AGE39	2299	2299_SamNeill_39_m
415	SamNeill	62	AGE62	2319	2319_SamNeill_62_m
415	SamNeill	33	AGE33	2293	2293_SamNeill_33_m
415	SamNeill	37	AGE37	2297	2297_SamNeill_37_m
415	SamNeill	51	AGE51	2310	2310_SamNeill_51_m
415	SamNeill	45	AGE45	2304	2304_SamNeill_45_m
415	SamNeill	66	AGE66	2324	2324_SamNeill_66_m
415	SamNeill	40	AGE40	2300	2300_SamNeill_40_m
415	SamNeill	57	AGE57	2315	2315_SamNeill_57_m
415	SamNeill	46	AGE46	2305	2305_SamNeill_46_m
415	SamNeill	52	AGE52	2311	2311_SamNeill_52_m
415	SamNeill	49	AGE49	2308	2308_SamNeill_49_m
415	SamNeill	61	AGE61	2318	2318_SamNeill_61_m
415	SamNeill	64	AGE64	2321	2321_SamNeill_64_m
415	SamNeill	50	AGE50	2309	2309_SamNeill_50_m
415	SamNeill	65	AGE65	2322	2322_SamNeill_65_m
415	SamNeill	53	AGE53	2312	2312_SamNeill_53_m
415	SamNeill	48	AGE48	2307	2307_SamNeill_48_m
415	SamNeill	66	AGE66	2323	2323_SamNeill_66_m
416	JohnHuston	76	AGE76	6018	6018_JohnHuston_76_m
416	JohnHuston	65	AGE65	6008	6008_JohnHuston_65_m
416	JohnHuston	35	AGE35	5991	5991_JohnHuston_35_m
416	JohnHuston	47	AGE47	5997	5997_JohnHuston_47_m
416	JohnHuston	50	AGE50	5999	5999_JohnHuston_50_m
416	JohnHuston	74	AGE74	6017	6017_JohnHuston_74_m
416	JohnHuston	49	AGE49	5998	5998_JohnHuston_49_m
416	JohnHuston	61	AGE61	6005	6005_JohnHuston_61_m
416	JohnHuston	80	AGE80	6022	6022_JohnHuston_80_m
416	JohnHuston	70	AGE70	6014	6014_JohnHuston_70_m
416	JohnHuston	24	AGE24	5988	5988_JohnHuston_24_m
416	JohnHuston	77	AGE77	6019	6019_JohnHuston_77_m
416	JohnHuston	73	AGE73	6016	6016_JohnHuston_73_m
416	JohnHuston	69	AGE69	6013	6013_JohnHuston_69_m
416	JohnHuston	63	AGE63	6006	6006_JohnHuston_63_m
416	JohnHuston	52	AGE52	6000	6000_JohnHuston_52_m
416	JohnHuston	40	AGE40	5993	5993_JohnHuston_40_m
416	JohnHuston	45	AGE45	5996	5996_JohnHuston_45_m
416	JohnHuston	67	AGE67	6010	6010_JohnHuston_67_m
416	JohnHuston	64	AGE64	6007	6007_JohnHuston_64_m
416	JohnHuston	69	AGE69	6012	6012_JohnHuston_69_m
416	JohnHuston	44	AGE44	5995	5995_JohnHuston_44_m
416	JohnHuston	66	AGE66	6009	6009_JohnHuston_66_m
416	JohnHuston	68	AGE68	6011	6011_JohnHuston_68_m
416	JohnHuston	34	AGE34	5990	5990_JohnHuston_34_m
416	JohnHuston	37	AGE37	5992	5992_JohnHuston_37_m
416	JohnHuston	78	AGE78	6020	6020_JohnHuston_78_m
416	JohnHuston	58	AGE58	6002	6002_JohnHuston_58_m
416	JohnHuston	59	AGE59	6003	6003_JohnHuston_59_m
416	JohnHuston	26	AGE26	5989	5989_JohnHuston_26_m
416	JohnHuston	71	AGE71	6015	6015_JohnHuston_71_m
416	JohnHuston	79	AGE79	6021	6021_JohnHuston_79_m
416	JohnHuston	56	AGE56	6001	6001_JohnHuston_56_m
416	JohnHuston	42	AGE42	5994	5994_JohnHuston_42_m
416	JohnHuston	60	AGE60	6004	6004_JohnHuston_60_m
417	StevenBerkoff	69	AGE69	4947	4947_StevenBerkoff_69_m
417	StevenBerkoff	61	AGE61	4951	4951_StevenBerkoff_61_m
417	StevenBerkoff	72	AGE72	4955	4955_StevenBerkoff_72_m
417	StevenBerkoff	48	AGE48	4940	4940_StevenBerkoff_48_m
417	StevenBerkoff	68	AGE68	4946	4946_StevenBerkoff_68_m
417	StevenBerkoff	67	AGE67	4954	4954_StevenBerkoff_67_m
417	StevenBerkoff	30	AGE30	4928	4928_StevenBerkoff_30_m
417	StevenBerkoff	63	AGE63	4945	4945_StevenBerkoff_63_m
417	StevenBerkoff	43	AGE43	4935	4935_StevenBerkoff_43_m
417	StevenBerkoff	38	AGE38	4933	4933_StevenBerkoff_38_m
417	StevenBerkoff	31	AGE31	4929	4929_StevenBerkoff_31_m
417	StevenBerkoff	56	AGE56	4943	4943_StevenBerkoff_56_m
417	StevenBerkoff	41	AGE41	4934	4934_StevenBerkoff_41_m
417	StevenBerkoff	51	AGE51	4941	4941_StevenBerkoff_51_m
417	StevenBerkoff	45	AGE45	4937	4937_StevenBerkoff_45_m
417	StevenBerkoff	76	AGE76	4959	4959_StevenBerkoff_76_m
417	StevenBerkoff	73	AGE73	4956	4956_StevenBerkoff_73_m
417	StevenBerkoff	47	AGE47	4939	4939_StevenBerkoff_47_m
417	StevenBerkoff	75	AGE75	4958	4958_StevenBerkoff_75_m
417	StevenBerkoff	46	AGE46	4938	4938_StevenBerkoff_46_m
417	StevenBerkoff	32	AGE32	4930	4930_StevenBerkoff_32_m
417	StevenBerkoff	53	AGE53	4942	4942_StevenBerkoff_53_m
417	StevenBerkoff	64	AGE64	4952	4952_StevenBerkoff_64_m
417	StevenBerkoff	58	AGE58	4950	4950_StevenBerkoff_58_m
417	StevenBerkoff	74	AGE74	4957	4957_StevenBerkoff_74_m
417	StevenBerkoff	77	AGE77	4960	4960_StevenBerkoff_77_m
417	StevenBerkoff	70	AGE70	4948	4948_StevenBerkoff_70_m
417	StevenBerkoff	33	AGE33	4931	4931_StevenBerkoff_33_m
417	StevenBerkoff	12	AGE12	4926	4926_StevenBerkoff_12_m
417	StevenBerkoff	65	AGE65	4953	4953_StevenBerkoff_65_m
417	StevenBerkoff	59	AGE59	4944	4944_StevenBerkoff_59_m
417	StevenBerkoff	34	AGE34	4932	4932_StevenBerkoff_34_m
417	StevenBerkoff	28	AGE28	4927	4927_StevenBerkoff_28_m
417	StevenBerkoff	71	AGE71	4949	4949_StevenBerkoff_71_m
417	StevenBerkoff	44	AGE44	4936	4936_StevenBerkoff_44_m
417	StevenBerkoff	78	AGE78	4961	4961_StevenBerkoff_78_m
418	DeborahKerr	28	AGE28	13966	13966_DeborahKerr_28_f
418	DeborahKerr	39	AGE39	13969	13969_DeborahKerr_39_f
418	DeborahKerr	36	AGE36	13943	13943_DeborahKerr_36_f
418	DeborahKerr	37	AGE37	13950	13950_DeborahKerr_37_f
418	DeborahKerr	39	AGE39	13948	13948_DeborahKerr_39_f
418	DeborahKerr	49	AGE49	13972	13972_DeborahKerr_49_f
418	DeborahKerr	65	AGE65	13953	13953_DeborahKerr_65_f
418	DeborahKerr	35	AGE35	13956	13956_DeborahKerr_35_f
418	DeborahKerr	60	AGE60	13945	13945_DeborahKerr_60_f
418	DeborahKerr	34	AGE34	13946	13946_DeborahKerr_34_f
418	DeborahKerr	80	AGE80	13963	13963_DeborahKerr_80_f
418	DeborahKerr	64	AGE64	13960	13960_DeborahKerr_64_f
418	DeborahKerr	61	AGE61	13949	13949_DeborahKerr_61_f
418	DeborahKerr	40	AGE40	13955	13955_DeborahKerr_40_f
418	DeborahKerr	35	AGE35	13968	13968_DeborahKerr_35_f
418	DeborahKerr	26	AGE26	13959	13959_DeborahKerr_26_f
418	DeborahKerr	37	AGE37	13944	13944_DeborahKerr_37_f
418	DeborahKerr	75	AGE75	13961	13961_DeborahKerr_75_f
418	DeborahKerr	79	AGE79	13952	13952_DeborahKerr_79_f
418	DeborahKerr	36	AGE36	13947	13947_DeborahKerr_36_f
418	DeborahKerr	52	AGE52	13942	13942_DeborahKerr_52_f
418	DeborahKerr	24	AGE24	13957	13957_DeborahKerr_24_f
418	DeborahKerr	24	AGE24	13958	13958_DeborahKerr_24_f
418	DeborahKerr	42	AGE42	13965	13965_DeborahKerr_42_f
418	DeborahKerr	37	AGE37	13954	13954_DeborahKerr_37_f
418	DeborahKerr	30	AGE30	13970	13970_DeborahKerr_30_f
418	DeborahKerr	23	AGE23	13962	13962_DeborahKerr_23_f
418	DeborahKerr	46	AGE46	13951	13951_DeborahKerr_46_f
418	DeborahKerr	50	AGE50	13967	13967_DeborahKerr_50_f
418	DeborahKerr	34	AGE34	13971	13971_DeborahKerr_34_f
418	DeborahKerr	27	AGE27	13964	13964_DeborahKerr_27_f
419	ShirleyJones	67	AGE67	11265	11265_ShirleyJones_67_f
419	ShirleyJones	41	AGE41	11256	11256_ShirleyJones_41_f
419	ShirleyJones	47	AGE47	11259	11259_ShirleyJones_47_f
419	ShirleyJones	59	AGE59	11263	11263_ShirleyJones_59_f
419	ShirleyJones	39	AGE39	11255	11255_ShirleyJones_39_f
419	ShirleyJones	69	AGE69	11266	11266_ShirleyJones_69_f
419	ShirleyJones	73	AGE73	11270	11270_ShirleyJones_73_f
419	ShirleyJones	76	AGE76	11273	11273_ShirleyJones_76_f
419	ShirleyJones	27	AGE27	11247	11247_ShirleyJones_27_f
419	ShirleyJones	49	AGE49	11260	11260_ShirleyJones_49_f
419	ShirleyJones	51	AGE51	11261	11261_ShirleyJones_51_f
419	ShirleyJones	79	AGE79	11276	11276_ShirleyJones_79_f
419	ShirleyJones	75	AGE75	11272	11272_ShirleyJones_75_f
419	ShirleyJones	29	AGE29	11249	11249_ShirleyJones_29_f
419	ShirleyJones	61	AGE61	11264	11264_ShirleyJones_61_f
419	ShirleyJones	37	AGE37	11253	11253_ShirleyJones_37_f
419	ShirleyJones	74	AGE74	11271	11271_ShirleyJones_74_f
419	ShirleyJones	26	AGE26	11246	11246_ShirleyJones_26_f
419	ShirleyJones	70	AGE70	11267	11267_ShirleyJones_70_f
419	ShirleyJones	19	AGE19	11242	11242_ShirleyJones_19_f
419	ShirleyJones	45	AGE45	11258	11258_ShirleyJones_45_f
419	ShirleyJones	21	AGE21	11243	11243_ShirleyJones_21_f
419	ShirleyJones	56	AGE56	11262	11262_ShirleyJones_56_f
419	ShirleyJones	35	AGE35	11252	11252_ShirleyJones_35_f
419	ShirleyJones	44	AGE44	11257	11257_ShirleyJones_44_f
419	ShirleyJones	78	AGE78	11275	11275_ShirleyJones_78_f
419	ShirleyJones	24	AGE24	11245	11245_ShirleyJones_24_f
419	ShirleyJones	38	AGE38	11254	11254_ShirleyJones_38_f
419	ShirleyJones	28	AGE28	11248	11248_ShirleyJones_28_f
419	ShirleyJones	21	AGE21	11244	11244_ShirleyJones_21_f
419	ShirleyJones	71	AGE71	11268	11268_ShirleyJones_71_f
419	ShirleyJones	77	AGE77	11274	11274_ShirleyJones_77_f
419	ShirleyJones	32	AGE32	11251	11251_ShirleyJones_32_f
419	ShirleyJones	31	AGE31	11250	11250_ShirleyJones_31_f
419	ShirleyJones	72	AGE72	11269	11269_ShirleyJones_72_f
420	MaryTylerMoore	63	AGE63	12836	12836_MaryTylerMoore_63_f
420	MaryTylerMoore	61	AGE61	12840	12840_MaryTylerMoore_61_f
420	MaryTylerMoore	75	AGE75	12844	12844_MaryTylerMoore_75_f
420	MaryTylerMoore	34	AGE34	12818	12818_MaryTylerMoore_34_f
420	MaryTylerMoore	30	AGE30	12814	12814_MaryTylerMoore_30_f
420	MaryTylerMoore	48	AGE48	12831	12831_MaryTylerMoore_48_f
420	MaryTylerMoore	43	AGE43	12828	12828_MaryTylerMoore_43_f
420	MaryTylerMoore	28	AGE28	12812	12812_MaryTylerMoore_28_f
420	MaryTylerMoore	70	AGE70	12838	12838_MaryTylerMoore_70_f
420	MaryTylerMoore	50	AGE50	12832	12832_MaryTylerMoore_50_f
420	MaryTylerMoore	29	AGE29	12813	12813_MaryTylerMoore_29_f
420	MaryTylerMoore	22	AGE22	12808	12808_MaryTylerMoore_22_f
420	MaryTylerMoore	77	AGE77	12839	12839_MaryTylerMoore_77_f
420	MaryTylerMoore	45	AGE45	12830	12830_MaryTylerMoore_45_f
420	MaryTylerMoore	40	AGE40	12826	12826_MaryTylerMoore_40_f
420	MaryTylerMoore	27	AGE27	12811	12811_MaryTylerMoore_27_f
420	MaryTylerMoore	34	AGE34	12819	12819_MaryTylerMoore_34_f
420	MaryTylerMoore	31	AGE31	12815	12815_MaryTylerMoore_31_f
420	MaryTylerMoore	52	AGE52	12833	12833_MaryTylerMoore_52_f
420	MaryTylerMoore	41	AGE41	12827	12827_MaryTylerMoore_41_f
420	MaryTylerMoore	38	AGE38	12824	12824_MaryTylerMoore_38_f
420	MaryTylerMoore	72	AGE72	12843	12843_MaryTylerMoore_72_f
420	MaryTylerMoore	26	AGE26	12810	12810_MaryTylerMoore_26_f
420	MaryTylerMoore	37	AGE37	12822	12822_MaryTylerMoore_37_f
420	MaryTylerMoore	25	AGE25	12809	12809_MaryTylerMoore_25_f
420	MaryTylerMoore	56	AGE56	12834	12834_MaryTylerMoore_56_f
420	MaryTylerMoore	61	AGE61	12835	12835_MaryTylerMoore_61_f
420	MaryTylerMoore	44	AGE44	12829	12829_MaryTylerMoore_44_f
420	MaryTylerMoore	39	AGE39	12825	12825_MaryTylerMoore_39_f
420	MaryTylerMoore	38	AGE38	12823	12823_MaryTylerMoore_38_f
420	MaryTylerMoore	32	AGE32	12816	12816_MaryTylerMoore_32_f
420	MaryTylerMoore	71	AGE71	12842	12842_MaryTylerMoore_71_f
420	MaryTylerMoore	33	AGE33	12817	12817_MaryTylerMoore_33_f
420	MaryTylerMoore	76	AGE76	12845	12845_MaryTylerMoore_76_f
420	MaryTylerMoore	64	AGE64	12841	12841_MaryTylerMoore_64_f
420	MaryTylerMoore	66	AGE66	12837	12837_MaryTylerMoore_66_f
420	MaryTylerMoore	35	AGE35	12820	12820_MaryTylerMoore_35_f
420	MaryTylerMoore	36	AGE36	12821	12821_MaryTylerMoore_36_f
421	SigourneyWeaver	55	AGE55	13311	13311_SigourneyWeaver_55_f
421	SigourneyWeaver	61	AGE61	13315	13315_SigourneyWeaver_61_f
421	SigourneyWeaver	50	AGE50	13308	13308_SigourneyWeaver_50_f
421	SigourneyWeaver	42	AGE42	13299	13299_SigourneyWeaver_42_f
421	SigourneyWeaver	62	AGE62	13316	13316_SigourneyWeaver_62_f
421	SigourneyWeaver	58	AGE58	13313	13313_SigourneyWeaver_58_f
421	SigourneyWeaver	34	AGE34	13302	13302_SigourneyWeaver_34_f
421	SigourneyWeaver	47	AGE47	13306	13306_SigourneyWeaver_47_f
421	SigourneyWeaver	32	AGE32	13300	13300_SigourneyWeaver_32_f
421	SigourneyWeaver	49	AGE49	13307	13307_SigourneyWeaver_49_f
421	SigourneyWeaver	63	AGE63	13317	13317_SigourneyWeaver_63_f
421	SigourneyWeaver	46	AGE46	13305	13305_SigourneyWeaver_46_f
421	SigourneyWeaver	56	AGE56	13312	13312_SigourneyWeaver_56_f
421	SigourneyWeaver	52	AGE52	13309	13309_SigourneyWeaver_52_f
421	SigourneyWeaver	33	AGE33	13301	13301_SigourneyWeaver_33_f
421	SigourneyWeaver	54	AGE54	13310	13310_SigourneyWeaver_54_f
421	SigourneyWeaver	59	AGE59	13314	13314_SigourneyWeaver_59_f
421	SigourneyWeaver	39	AGE39	13303	13303_SigourneyWeaver_39_f
421	SigourneyWeaver	40	AGE40	13304	13304_SigourneyWeaver_40_f
422	HarrySTruman	80	AGE80	841	841_HarrySTruman_80_m
422	HarrySTruman	75	AGE75	833	833_HarrySTruman_75_m
422	HarrySTruman	13	AGE13	837	837_HarrySTruman_13_m
422	HarrySTruman	67	AGE67	832	832_HarrySTruman_67_m
422	HarrySTruman	62	AGE62	838	838_HarrySTruman_62_m
422	HarrySTruman	61	AGE61	828	828_HarrySTruman_61_m
422	HarrySTruman	69	AGE69	840	840_HarrySTruman_69_m
422	HarrySTruman	64	AGE64	830	830_HarrySTruman_64_m
422	HarrySTruman	25	AGE25	835	835_HarrySTruman_25_m
422	HarrySTruman	80	AGE80	836	836_HarrySTruman_80_m
422	HarrySTruman	66	AGE66	839	839_HarrySTruman_66_m
422	HarrySTruman	59	AGE59	831	831_HarrySTruman_59_m
422	HarrySTruman	79	AGE79	842	842_HarrySTruman_79_m
422	HarrySTruman	62	AGE62	829	829_HarrySTruman_62_m
422	HarrySTruman	20	AGE20	834	834_HarrySTruman_20_m
422	HarrySTruman	60	AGE60	843	843_HarrySTruman_60_m
423	JoanCusack	24	AGE24	10138	10138_JoanCusack_24_f
423	JoanCusack	26	AGE26	10140	10140_JoanCusack_26_f
423	JoanCusack	23	AGE23	10137	10137_JoanCusack_23_f
423	JoanCusack	31	AGE31	10144	10144_JoanCusack_31_f
423	JoanCusack	35	AGE35	10148	10148_JoanCusack_35_f
423	JoanCusack	37	AGE37	10151	10151_JoanCusack_37_f
423	JoanCusack	39	AGE39	10152	10152_JoanCusack_39_f
423	JoanCusack	47	AGE47	10159	10159_JoanCusack_47_f
423	JoanCusack	43	AGE43	10156	10156_JoanCusack_43_f
423	JoanCusack	32	AGE32	10145	10145_JoanCusack_32_f
423	JoanCusack	27	AGE27	10141	10141_JoanCusack_27_f
423	JoanCusack	28	AGE28	10142	10142_JoanCusack_28_f
423	JoanCusack	18	AGE18	10134	10134_JoanCusack_18_f
423	JoanCusack	50	AGE50	10161	10161_JoanCusack_50_f
423	JoanCusack	40	AGE40	10153	10153_JoanCusack_40_f
423	JoanCusack	34	AGE34	10147	10147_JoanCusack_34_f
423	JoanCusack	22	AGE22	10136	10136_JoanCusack_22_f
423	JoanCusack	37	AGE37	10150	10150_JoanCusack_37_f
423	JoanCusack	36	AGE36	10149	10149_JoanCusack_36_f
423	JoanCusack	29	AGE29	10143	10143_JoanCusack_29_f
423	JoanCusack	45	AGE45	10157	10157_JoanCusack_45_f
423	JoanCusack	46	AGE46	10158	10158_JoanCusack_46_f
423	JoanCusack	25	AGE25	10139	10139_JoanCusack_25_f
423	JoanCusack	50	AGE50	10162	10162_JoanCusack_50_f
423	JoanCusack	41	AGE41	10154	10154_JoanCusack_41_f
423	JoanCusack	42	AGE42	10155	10155_JoanCusack_42_f
423	JoanCusack	21	AGE21	10135	10135_JoanCusack_21_f
423	JoanCusack	49	AGE49	10160	10160_JoanCusack_49_f
423	JoanCusack	33	AGE33	10146	10146_JoanCusack_33_f
424	GraceKelly	27	AGE27	13064	13064_GraceKelly_27_f
424	GraceKelly	25	AGE25	13063	13063_GraceKelly_25_f
424	GraceKelly	23	AGE23	13061	13061_GraceKelly_23_f
424	GraceKelly	28	AGE28	13068	13068_GraceKelly_28_f
424	GraceKelly	37	AGE37	13057	13057_GraceKelly_37_f
424	GraceKelly	28	AGE28	13065	13065_GraceKelly_28_f
424	GraceKelly	48	AGE48	13083	13083_GraceKelly_48_f
424	GraceKelly	22	AGE22	13060	13060_GraceKelly_22_f
424	GraceKelly	45	AGE45	13071	13071_GraceKelly_45_f
424	GraceKelly	26	AGE26	13058	13058_GraceKelly_26_f
424	GraceKelly	45	AGE45	13059	13059_GraceKelly_45_f
424	GraceKelly	42	AGE42	13073	13073_GraceKelly_42_f
424	GraceKelly	25	AGE25	13074	13074_GraceKelly_25_f
424	GraceKelly	29	AGE29	13079	13079_GraceKelly_29_f
424	GraceKelly	23	AGE23	13067	13067_GraceKelly_23_f
424	GraceKelly	24	AGE24	13062	13062_GraceKelly_24_f
424	GraceKelly	27	AGE27	13077	13077_GraceKelly_27_f
424	GraceKelly	43	AGE43	13078	13078_GraceKelly_43_f
424	GraceKelly	42	AGE42	13075	13075_GraceKelly_42_f
424	GraceKelly	28	AGE28	13056	13056_GraceKelly_28_f
424	GraceKelly	20	AGE20	13076	13076_GraceKelly_20_f
424	GraceKelly	50	AGE50	13080	13080_GraceKelly_50_f
424	GraceKelly	22	AGE22	13066	13066_GraceKelly_22_f
424	GraceKelly	11	AGE11	13082	13082_GraceKelly_11_f
424	GraceKelly	18	AGE18	13072	13072_GraceKelly_18_f
424	GraceKelly	23	AGE23	13070	13070_GraceKelly_23_f
424	GraceKelly	30	AGE30	13069	13069_GraceKelly_30_f
424	GraceKelly	33	AGE33	13081	13081_GraceKelly_33_f
425	FlemingAlex	73	AGE73	1067	1067_FlemingAlex_73_m
425	FlemingAlex	74	AGE74	1077	1077_FlemingAlex_74_m
425	FlemingAlex	74	AGE74	1072	1072_FlemingAlex_74_m
425	FlemingAlex	74	AGE74	1069	1069_FlemingAlex_74_m
425	FlemingAlex	60	AGE60	1070	1070_FlemingAlex_60_m
425	FlemingAlex	50	AGE50	1078	1078_FlemingAlex_50_m
425	FlemingAlex	69	AGE69	1074	1074_FlemingAlex_69_m
425	FlemingAlex	68	AGE68	1071	1071_FlemingAlex_68_m
425	FlemingAlex	74	AGE74	1068	1068_FlemingAlex_74_m
425	FlemingAlex	73	AGE73	1076	1076_FlemingAlex_73_m
425	FlemingAlex	70	AGE70	1075	1075_FlemingAlex_70_m
425	FlemingAlex	70	AGE70	1073	1073_FlemingAlex_70_m
426	TheodorakisMikis	38	AGE38	253	253_TheodorakisMikis_38_m
426	TheodorakisMikis	70	AGE70	248	248_TheodorakisMikis_70_m
426	TheodorakisMikis	27	AGE27	239	239_TheodorakisMikis_27_m
426	TheodorakisMikis	42	AGE42	236	236_TheodorakisMikis_42_m
426	TheodorakisMikis	70	AGE70	250	250_TheodorakisMikis_70_m
426	TheodorakisMikis	62	AGE62	249	249_TheodorakisMikis_62_m
426	TheodorakisMikis	18	AGE18	230	230_TheodorakisMikis_18_m
426	TheodorakisMikis	20	AGE20	234	234_TheodorakisMikis_20_m
426	TheodorakisMikis	48	AGE48	254	254_TheodorakisMikis_48_m
426	TheodorakisMikis	45	AGE45	247	247_TheodorakisMikis_45_m
426	TheodorakisMikis	85	AGE85	252	252_TheodorakisMikis_85_m
426	TheodorakisMikis	40	AGE40	251	251_TheodorakisMikis_40_m
426	TheodorakisMikis	52	AGE52	238	238_TheodorakisMikis_52_m
426	TheodorakisMikis	42	AGE42	243	243_TheodorakisMikis_42_m
426	TheodorakisMikis	50	AGE50	232	232_TheodorakisMikis_50_m
426	TheodorakisMikis	65	AGE65	244	244_TheodorakisMikis_65_m
426	TheodorakisMikis	40	AGE40	242	242_TheodorakisMikis_40_m
426	TheodorakisMikis	78	AGE78	240	240_TheodorakisMikis_78_m
426	TheodorakisMikis	57	AGE57	231	231_TheodorakisMikis_57_m
426	TheodorakisMikis	40	AGE40	241	241_TheodorakisMikis_40_m
426	TheodorakisMikis	83	AGE83	246	246_TheodorakisMikis_83_m
426	TheodorakisMikis	83	AGE83	245	245_TheodorakisMikis_83_m
426	TheodorakisMikis	60	AGE60	233	233_TheodorakisMikis_60_m
426	TheodorakisMikis	31	AGE31	235	235_TheodorakisMikis_31_m
426	TheodorakisMikis	52	AGE52	237	237_TheodorakisMikis_52_m
427	NewmanPaul	35	AGE35	7447	7447_NewmanPaul_35_m
427	NewmanPaul	82	AGE82	7459	7459_NewmanPaul_82_m
427	NewmanPaul	58	AGE58	7463	7463_NewmanPaul_58_m
427	NewmanPaul	33	AGE33	7453	7453_NewmanPaul_33_m
427	NewmanPaul	58	AGE58	7456	7456_NewmanPaul_58_m
427	NewmanPaul	52	AGE52	7455	7455_NewmanPaul_52_m
427	NewmanPaul	55	AGE55	7464	7464_NewmanPaul_55_m
427	NewmanPaul	62	AGE62	7462	7462_NewmanPaul_62_m
427	NewmanPaul	25	AGE25	7446	7446_NewmanPaul_25_m
427	NewmanPaul	50	AGE50	7454	7454_NewmanPaul_50_m
427	NewmanPaul	81	AGE81	7460	7460_NewmanPaul_81_m
427	NewmanPaul	80	AGE80	7449	7449_NewmanPaul_80_m
427	NewmanPaul	48	AGE48	7461	7461_NewmanPaul_48_m
427	NewmanPaul	28	AGE28	7451	7451_NewmanPaul_28_m
427	NewmanPaul	42	AGE42	7452	7452_NewmanPaul_42_m
427	NewmanPaul	29	AGE29	7448	7448_NewmanPaul_29_m
427	NewmanPaul	19	AGE19	7465	7465_NewmanPaul_19_m
427	NewmanPaul	73	AGE73	7458	7458_NewmanPaul_73_m
427	NewmanPaul	19	AGE19	7450	7450_NewmanPaul_19_m
427	NewmanPaul	62	AGE62	7457	7457_NewmanPaul_62_m
428	OmarSharif	67	AGE67	3656	3656_OmarSharif_67_m
428	OmarSharif	26	AGE26	3638	3638_OmarSharif_26_m
428	OmarSharif	69	AGE69	3658	3658_OmarSharif_69_m
428	OmarSharif	32	AGE32	3640	3640_OmarSharif_32_m
428	OmarSharif	39	AGE39	3645	3645_OmarSharif_39_m
428	OmarSharif	18	AGE18	3636	3636_OmarSharif_18_m
428	OmarSharif	59	AGE59	3655	3655_OmarSharif_59_m
428	OmarSharif	68	AGE68	3657	3657_OmarSharif_68_m
428	OmarSharif	37	AGE37	3642	3642_OmarSharif_37_m
428	OmarSharif	41	AGE41	3647	3647_OmarSharif_41_m
428	OmarSharif	70	AGE70	3659	3659_OmarSharif_70_m
428	OmarSharif	72	AGE72	3661	3661_OmarSharif_72_m
428	OmarSharif	52	AGE52	3652	3652_OmarSharif_52_m
428	OmarSharif	71	AGE71	3660	3660_OmarSharif_71_m
428	OmarSharif	73	AGE73	3662	3662_OmarSharif_73_m
428	OmarSharif	39	AGE39	3644	3644_OmarSharif_39_m
428	OmarSharif	36	AGE36	3641	3641_OmarSharif_36_m
428	OmarSharif	75	AGE75	3663	3663_OmarSharif_75_m
428	OmarSharif	81	AGE81	3664	3664_OmarSharif_81_m
428	OmarSharif	38	AGE38	3643	3643_OmarSharif_38_m
428	OmarSharif	52	AGE52	3651	3651_OmarSharif_52_m
428	OmarSharif	40	AGE40	3646	3646_OmarSharif_40_m
428	OmarSharif	30	AGE30	3639	3639_OmarSharif_30_m
428	OmarSharif	41	AGE41	3648	3648_OmarSharif_41_m
428	OmarSharif	55	AGE55	3653	3653_OmarSharif_55_m
428	OmarSharif	21	AGE21	3637	3637_OmarSharif_21_m
428	OmarSharif	44	AGE44	3650	3650_OmarSharif_44_m
428	OmarSharif	59	AGE59	3654	3654_OmarSharif_59_m
428	OmarSharif	43	AGE43	3649	3649_OmarSharif_43_m
429	JoanLorring	40	AGE40	13181	13181_JoanLorring_40_f
429	JoanLorring	24	AGE24	6433	6433_JoanLorring_24_m
429	JoanLorring	17	AGE17	13169	13169_JoanLorring_17_f
429	JoanLorring	27	AGE27	6435	6435_JoanLorring_27_m
429	JoanLorring	38	AGE38	13179	13179_JoanLorring_38_f
429	JoanLorring	52	AGE52	6443	6443_JoanLorring_52_m
429	JoanLorring	18	AGE18	13170	13170_JoanLorring_18_f
429	JoanLorring	25	AGE25	13174	13174_JoanLorring_25_f
429	JoanLorring	16	AGE16	6429	6429_JoanLorring_16_m
429	JoanLorring	28	AGE28	13176	13176_JoanLorring_28_f
429	JoanLorring	37	AGE37	13178	13178_JoanLorring_37_f
429	JoanLorring	39	AGE39	13180	13180_JoanLorring_39_f
429	JoanLorring	28	AGE28	6436	6436_JoanLorring_28_m
429	JoanLorring	25	AGE25	6434	6434_JoanLorring_25_m
429	JoanLorring	27	AGE27	13175	13175_JoanLorring_27_f
429	JoanLorring	30	AGE30	13177	13177_JoanLorring_30_f
429	JoanLorring	20	AGE20	6432	6432_JoanLorring_20_m
429	JoanLorring	43	AGE43	6442	6442_JoanLorring_43_m
429	JoanLorring	20	AGE20	13173	13173_JoanLorring_20_f
429	JoanLorring	40	AGE40	6441	6441_JoanLorring_40_m
429	JoanLorring	30	AGE30	6437	6437_JoanLorring_30_m
429	JoanLorring	43	AGE43	13182	13182_JoanLorring_43_f
429	JoanLorring	16	AGE16	13172	13172_JoanLorring_16_f
429	JoanLorring	18	AGE18	6431	6431_JoanLorring_18_m
429	JoanLorring	24	AGE24	13171	13171_JoanLorring_24_f
429	JoanLorring	38	AGE38	6439	6439_JoanLorring_38_m
429	JoanLorring	37	AGE37	6438	6438_JoanLorring_37_m
429	JoanLorring	39	AGE39	6440	6440_JoanLorring_39_m
429	JoanLorring	52	AGE52	13183	13183_JoanLorring_52_f
429	JoanLorring	17	AGE17	6430	6430_JoanLorring_17_m
430	HelenHayes	85	AGE85	13553	13553_HelenHayes_85_f
430	HelenHayes	50	AGE50	13540	13540_HelenHayes_50_f
430	HelenHayes	72	AGE72	13536	13536_HelenHayes_72_f
430	HelenHayes	74	AGE74	13555	13555_HelenHayes_74_f
430	HelenHayes	70	AGE70	13552	13552_HelenHayes_70_f
430	HelenHayes	6	AGE6	13518	13518_HelenHayes_6_f
430	HelenHayes	33	AGE33	13548	13548_HelenHayes_33_f
430	HelenHayes	70	AGE70	13544	13544_HelenHayes_70_f
430	HelenHayes	85	AGE85	13539	13539_HelenHayes_85_f
430	HelenHayes	68	AGE68	13534	13534_HelenHayes_68_f
430	HelenHayes	52	AGE52	13519	13519_HelenHayes_52_f
430	HelenHayes	52	AGE52	13526	13526_HelenHayes_52_f
430	HelenHayes	44	AGE44	13532	13532_HelenHayes_44_f
430	HelenHayes	11	AGE11	13531	13531_HelenHayes_11_f
430	HelenHayes	34	AGE34	13516	13516_HelenHayes_34_f
430	HelenHayes	30	AGE30	13527	13527_HelenHayes_30_f
430	HelenHayes	34	AGE34	13537	13537_HelenHayes_34_f
430	HelenHayes	70	AGE70	13554	13554_HelenHayes_70_f
430	HelenHayes	58	AGE58	13530	13530_HelenHayes_58_f
430	HelenHayes	31	AGE31	13522	13522_HelenHayes_31_f
430	HelenHayes	80	AGE80	13520	13520_HelenHayes_80_f
430	HelenHayes	90	AGE90	13556	13556_HelenHayes_90_f
430	HelenHayes	30	AGE30	13546	13546_HelenHayes_30_f
430	HelenHayes	78	AGE78	13543	13543_HelenHayes_78_f
430	HelenHayes	17	AGE17	13528	13528_HelenHayes_17_f
430	HelenHayes	83	AGE83	13551	13551_HelenHayes_83_f
430	HelenHayes	56	AGE56	13529	13529_HelenHayes_56_f
430	HelenHayes	74	AGE74	13549	13549_HelenHayes_74_f
430	HelenHayes	27	AGE27	13525	13525_HelenHayes_27_f
430	HelenHayes	29	AGE29	13541	13541_HelenHayes_29_f
430	HelenHayes	23	AGE23	13533	13533_HelenHayes_23_f
430	HelenHayes	55	AGE55	13538	13538_HelenHayes_55_f
430	HelenHayes	40	AGE40	13535	13535_HelenHayes_40_f
430	HelenHayes	78	AGE78	13550	13550_HelenHayes_78_f
430	HelenHayes	25	AGE25	13524	13524_HelenHayes_25_f
430	HelenHayes	32	AGE32	13523	13523_HelenHayes_32_f
430	HelenHayes	75	AGE75	13547	13547_HelenHayes_75_f
430	HelenHayes	77	AGE77	13521	13521_HelenHayes_77_f
430	HelenHayes	32	AGE32	13545	13545_HelenHayes_32_f
430	HelenHayes	84	AGE84	13542	13542_HelenHayes_84_f
430	HelenHayes	50	AGE50	13517	13517_HelenHayes_50_f
431	RobertRedford	10	AGE10	4843	4843_RobertRedford_10_m
431	RobertRedford	73	AGE73	4839	4839_RobertRedford_73_m
431	RobertRedford	71	AGE71	4837	4837_RobertRedford_71_m
431	RobertRedford	33	AGE33	4823	4823_RobertRedford_33_m
431	RobertRedford	64	AGE64	4834	4834_RobertRedford_64_m
431	RobertRedford	68	AGE68	4846	4846_RobertRedford_68_m
431	RobertRedford	51	AGE51	4831	4831_RobertRedford_51_m
431	RobertRedford	31	AGE31	4822	4822_RobertRedford_31_m
431	RobertRedford	75	AGE75	4841	4841_RobertRedford_75_m
431	RobertRedford	40	AGE40	4825	4825_RobertRedford_40_m
431	RobertRedford	37	AGE37	4827	4827_RobertRedford_37_m
431	RobertRedford	70	AGE70	4836	4836_RobertRedford_70_m
431	RobertRedford	38	AGE38	4845	4845_RobertRedford_38_m
431	RobertRedford	36	AGE36	4844	4844_RobertRedford_36_m
431	RobertRedford	48	AGE48	4829	4829_RobertRedford_48_m
431	RobertRedford	77	AGE77	4847	4847_RobertRedford_77_m
431	RobertRedford	72	AGE72	4838	4838_RobertRedford_72_m
431	RobertRedford	77	AGE77	4842	4842_RobertRedford_77_m
431	RobertRedford	37	AGE37	4826	4826_RobertRedford_37_m
431	RobertRedford	45	AGE45	4828	4828_RobertRedford_45_m
431	RobertRedford	66	AGE66	4835	4835_RobertRedford_66_m
431	RobertRedford	27	AGE27	4820	4820_RobertRedford_27_m
431	RobertRedford	56	AGE56	4833	4833_RobertRedford_56_m
431	RobertRedford	74	AGE74	4840	4840_RobertRedford_74_m
431	RobertRedford	28	AGE28	4821	4821_RobertRedford_28_m
431	RobertRedford	49	AGE49	4830	4830_RobertRedford_49_m
431	RobertRedford	52	AGE52	4849	4849_RobertRedford_52_m
431	RobertRedford	54	AGE54	4832	4832_RobertRedford_54_m
431	RobertRedford	34	AGE34	4824	4824_RobertRedford_34_m
431	RobertRedford	29	AGE29	4848	4848_RobertRedford_29_m
432	JenniferAniston	34	AGE34	12748	12748_JenniferAniston_34_f
432	JenniferAniston	21	AGE21	12737	12737_JenniferAniston_21_f
432	JenniferAniston	32	AGE32	12746	12746_JenniferAniston_32_f
432	JenniferAniston	29	AGE29	12742	12742_JenniferAniston_29_f
432	JenniferAniston	26	AGE26	12739	12739_JenniferAniston_26_f
432	JenniferAniston	36	AGE36	12750	12750_JenniferAniston_36_f
432	JenniferAniston	29	AGE29	12743	12743_JenniferAniston_29_f
432	JenniferAniston	45	AGE45	12755	12755_JenniferAniston_45_f
432	JenniferAniston	38	AGE38	12752	12752_JenniferAniston_38_f
432	JenniferAniston	41	AGE41	12754	12754_JenniferAniston_41_f
432	JenniferAniston	27	AGE27	12740	12740_JenniferAniston_27_f
432	JenniferAniston	28	AGE28	12741	12741_JenniferAniston_28_f
432	JenniferAniston	35	AGE35	12749	12749_JenniferAniston_35_f
432	JenniferAniston	17	AGE17	12734	12734_JenniferAniston_17_f
432	JenniferAniston	18	AGE18	12735	12735_JenniferAniston_18_f
432	JenniferAniston	19	AGE19	12736	12736_JenniferAniston_19_f
432	JenniferAniston	22	AGE22	12738	12738_JenniferAniston_22_f
432	JenniferAniston	33	AGE33	12747	12747_JenniferAniston_33_f
432	JenniferAniston	31	AGE31	12745	12745_JenniferAniston_31_f
432	JenniferAniston	16	AGE16	12733	12733_JenniferAniston_16_f
432	JenniferAniston	40	AGE40	12753	12753_JenniferAniston_40_f
432	JenniferAniston	31	AGE31	12744	12744_JenniferAniston_31_f
432	JenniferAniston	37	AGE37	12751	12751_JenniferAniston_37_f
432	JenniferAniston	15	AGE15	12732	12732_JenniferAniston_15_f
433	MaximilianShell	42	AGE42	9476	9476_MaximilianShell_42_m
433	MaximilianShell	28	AGE28	9468	9468_MaximilianShell_28_m
433	MaximilianShell	83	AGE83	9499	9499_MaximilianShell_83_m
433	MaximilianShell	53	AGE53	9482	9482_MaximilianShell_53_m
433	MaximilianShell	79	AGE79	9495	9495_MaximilianShell_79_m
433	MaximilianShell	39	AGE39	9475	9475_MaximilianShell_39_m
433	MaximilianShell	63	AGE63	9488	9488_MaximilianShell_63_m
433	MaximilianShell	49	AGE49	9480	9480_MaximilianShell_49_m
433	MaximilianShell	35	AGE35	9473	9473_MaximilianShell_35_m
433	MaximilianShell	43	AGE43	9477	9477_MaximilianShell_43_m
433	MaximilianShell	25	AGE25	9467	9467_MaximilianShell_25_m
433	MaximilianShell	65	AGE65	9489	9489_MaximilianShell_65_m
433	MaximilianShell	33	AGE33	9471	9471_MaximilianShell_33_m
433	MaximilianShell	54	AGE54	9483	9483_MaximilianShell_54_m
433	MaximilianShell	72	AGE72	9493	9493_MaximilianShell_72_m
433	MaximilianShell	32	AGE32	9470	9470_MaximilianShell_32_m
433	MaximilianShell	51	AGE51	9481	9481_MaximilianShell_51_m
433	MaximilianShell	47	AGE47	9479	9479_MaximilianShell_47_m
433	MaximilianShell	31	AGE31	9469	9469_MaximilianShell_31_m
433	MaximilianShell	60	AGE60	9487	9487_MaximilianShell_60_m
433	MaximilianShell	56	AGE56	9484	9484_MaximilianShell_56_m
433	MaximilianShell	82	AGE82	9498	9498_MaximilianShell_82_m
433	MaximilianShell	69	AGE69	9491	9491_MaximilianShell_69_m
433	MaximilianShell	45	AGE45	9478	9478_MaximilianShell_45_m
433	MaximilianShell	67	AGE67	9490	9490_MaximilianShell_67_m
433	MaximilianShell	70	AGE70	9492	9492_MaximilianShell_70_m
433	MaximilianShell	34	AGE34	9472	9472_MaximilianShell_34_m
433	MaximilianShell	80	AGE80	9496	9496_MaximilianShell_80_m
433	MaximilianShell	59	AGE59	9486	9486_MaximilianShell_59_m
433	MaximilianShell	37	AGE37	9474	9474_MaximilianShell_37_m
433	MaximilianShell	58	AGE58	9485	9485_MaximilianShell_58_m
433	MaximilianShell	81	AGE81	9497	9497_MaximilianShell_81_m
433	MaximilianShell	74	AGE74	9494	9494_MaximilianShell_74_m
434	DavidCarradine	69	AGE69	8601	8601_DavidCarradine_69_m
434	DavidCarradine	38	AGE38	8587	8587_DavidCarradine_38_m
434	DavidCarradine	52	AGE52	8593	8593_DavidCarradine_52_m
434	DavidCarradine	39	AGE39	8588	8588_DavidCarradine_39_m
434	DavidCarradine	30	AGE30	8581	8581_DavidCarradine_30_m
434	DavidCarradine	55	AGE55	8594	8594_DavidCarradine_55_m
434	DavidCarradine	34	AGE34	8583	8583_DavidCarradine_34_m
434	DavidCarradine	71	AGE71	8608	8608_DavidCarradine_71_m
434	DavidCarradine	36	AGE36	8585	8585_DavidCarradine_36_m
434	DavidCarradine	29	AGE29	8580	8580_DavidCarradine_29_m
434	DavidCarradine	56	AGE56	8595	8595_DavidCarradine_56_m
434	DavidCarradine	28	AGE28	8579	8579_DavidCarradine_28_m
434	DavidCarradine	35	AGE35	8584	8584_DavidCarradine_35_m
434	DavidCarradine	32	AGE32	8582	8582_DavidCarradine_32_m
434	DavidCarradine	63	AGE63	8598	8598_DavidCarradine_63_m
434	DavidCarradine	41	AGE41	8603	8603_DavidCarradine_41_m
434	DavidCarradine	59	AGE59	8596	8596_DavidCarradine_59_m
434	DavidCarradine	51	AGE51	8592	8592_DavidCarradine_51_m
434	DavidCarradine	53	AGE53	8605	8605_DavidCarradine_53_m
434	DavidCarradine	44	AGE44	8591	8591_DavidCarradine_44_m
434	DavidCarradine	37	AGE37	8586	8586_DavidCarradine_37_m
434	DavidCarradine	61	AGE61	8597	8597_DavidCarradine_61_m
434	DavidCarradine	72	AGE72	8609	8609_DavidCarradine_72_m
434	DavidCarradine	64	AGE64	8607	8607_DavidCarradine_64_m
434	DavidCarradine	67	AGE67	8600	8600_DavidCarradine_67_m
434	DavidCarradine	43	AGE43	8590	8590_DavidCarradine_43_m
434	DavidCarradine	48	AGE48	8604	8604_DavidCarradine_48_m
434	DavidCarradine	70	AGE70	8602	8602_DavidCarradine_70_m
434	DavidCarradine	54	AGE54	8606	8606_DavidCarradine_54_m
434	DavidCarradine	42	AGE42	8589	8589_DavidCarradine_42_m
434	DavidCarradine	66	AGE66	8599	8599_DavidCarradine_66_m
435	DebbieReynolds	40	AGE40	12034	12034_DebbieReynolds_40_f
435	DebbieReynolds	33	AGE33	12032	12032_DebbieReynolds_33_f
435	DebbieReynolds	35	AGE35	12053	12053_DebbieReynolds_35_f
435	DebbieReynolds	30	AGE30	12029	12029_DebbieReynolds_30_f
435	DebbieReynolds	28	AGE28	12028	12028_DebbieReynolds_28_f
435	DebbieReynolds	80	AGE80	12056	12056_DebbieReynolds_80_f
435	DebbieReynolds	81	AGE81	12050	12050_DebbieReynolds_81_f
435	DebbieReynolds	20	AGE20	12020	12020_DebbieReynolds_20_f
435	DebbieReynolds	15	AGE15	12016	12016_DebbieReynolds_15_f
435	DebbieReynolds	46	AGE46	12037	12037_DebbieReynolds_46_f
435	DebbieReynolds	23	AGE23	12023	12023_DebbieReynolds_23_f
435	DebbieReynolds	62	AGE62	12042	12042_DebbieReynolds_62_f
435	DebbieReynolds	21	AGE21	12021	12021_DebbieReynolds_21_f
435	DebbieReynolds	48	AGE48	12038	12038_DebbieReynolds_48_f
435	DebbieReynolds	69	AGE69	12045	12045_DebbieReynolds_69_f
435	DebbieReynolds	32	AGE32	12030	12030_DebbieReynolds_32_f
435	DebbieReynolds	50	AGE50	12039	12039_DebbieReynolds_50_f
435	DebbieReynolds	54	AGE54	12040	12040_DebbieReynolds_54_f
435	DebbieReynolds	29	AGE29	12051	12051_DebbieReynolds_29_f
435	DebbieReynolds	26	AGE26	12026	12026_DebbieReynolds_26_f
435	DebbieReynolds	32	AGE32	12031	12031_DebbieReynolds_32_f
435	DebbieReynolds	18	AGE18	12018	12018_DebbieReynolds_18_f
435	DebbieReynolds	76	AGE76	12049	12049_DebbieReynolds_76_f
435	DebbieReynolds	36	AGE36	12033	12033_DebbieReynolds_36_f
435	DebbieReynolds	19	AGE19	12019	12019_DebbieReynolds_19_f
435	DebbieReynolds	60	AGE60	12041	12041_DebbieReynolds_60_f
435	DebbieReynolds	66	AGE66	12044	12044_DebbieReynolds_66_f
435	DebbieReynolds	73	AGE73	12047	12047_DebbieReynolds_73_f
435	DebbieReynolds	42	AGE42	12036	12036_DebbieReynolds_42_f
435	DebbieReynolds	64	AGE64	12043	12043_DebbieReynolds_64_f
435	DebbieReynolds	34	AGE34	12052	12052_DebbieReynolds_34_f
435	DebbieReynolds	78	AGE78	12055	12055_DebbieReynolds_78_f
435	DebbieReynolds	27	AGE27	12027	12027_DebbieReynolds_27_f
435	DebbieReynolds	71	AGE71	12046	12046_DebbieReynolds_71_f
435	DebbieReynolds	41	AGE41	12035	12035_DebbieReynolds_41_f
435	DebbieReynolds	22	AGE22	12022	12022_DebbieReynolds_22_f
435	DebbieReynolds	74	AGE74	12048	12048_DebbieReynolds_74_f
435	DebbieReynolds	25	AGE25	12025	12025_DebbieReynolds_25_f
435	DebbieReynolds	24	AGE24	12024	12024_DebbieReynolds_24_f
435	DebbieReynolds	16	AGE16	12017	12017_DebbieReynolds_16_f
435	DebbieReynolds	39	AGE39	12054	12054_DebbieReynolds_39_f
436	LindsayWagner	50	AGE50	11579	11579_LindsayWagner_50_f
436	LindsayWagner	26	AGE26	11569	11569_LindsayWagner_26_f
436	LindsayWagner	52	AGE52	11580	11580_LindsayWagner_52_f
436	LindsayWagner	31	AGE31	11571	11571_LindsayWagner_31_f
436	LindsayWagner	60	AGE60	11584	11584_LindsayWagner_60_f
436	LindsayWagner	34	AGE34	11573	11573_LindsayWagner_34_f
436	LindsayWagner	24	AGE24	11567	11567_LindsayWagner_24_f
436	LindsayWagner	61	AGE61	11585	11585_LindsayWagner_61_f
436	LindsayWagner	49	AGE49	11578	11578_LindsayWagner_49_f
436	LindsayWagner	59	AGE59	11583	11583_LindsayWagner_59_f
436	LindsayWagner	63	AGE63	11587	11587_LindsayWagner_63_f
436	LindsayWagner	25	AGE25	11568	11568_LindsayWagner_25_f
436	LindsayWagner	44	AGE44	11576	11576_LindsayWagner_44_f
436	LindsayWagner	62	AGE62	11586	11586_LindsayWagner_62_f
436	LindsayWagner	48	AGE48	11577	11577_LindsayWagner_48_f
436	LindsayWagner	42	AGE42	11575	11575_LindsayWagner_42_f
436	LindsayWagner	41	AGE41	11574	11574_LindsayWagner_41_f
436	LindsayWagner	28	AGE28	11570	11570_LindsayWagner_28_f
436	LindsayWagner	33	AGE33	11572	11572_LindsayWagner_33_f
436	LindsayWagner	57	AGE57	11582	11582_LindsayWagner_57_f
436	LindsayWagner	54	AGE54	11581	11581_LindsayWagner_54_f
437	MarisaPavan	36	AGE36	3498	3498_MarisaPavan_36_m
437	MarisaPavan	30	AGE30	3494	3494_MarisaPavan_30_m
437	MarisaPavan	19	AGE19	3485	3485_MarisaPavan_19_m
437	MarisaPavan	31	AGE31	3495	3495_MarisaPavan_31_m
437	MarisaPavan	23	AGE23	3488	3488_MarisaPavan_23_m
437	MarisaPavan	18	AGE18	3484	3484_MarisaPavan_18_m
437	MarisaPavan	61	AGE61	3508	3508_MarisaPavan_61_m
437	MarisaPavan	83	AGE83	3515	3515_MarisaPavan_83_m
437	MarisaPavan	34	AGE34	3497	3497_MarisaPavan_34_m
437	MarisaPavan	33	AGE33	3496	3496_MarisaPavan_33_m
437	MarisaPavan	21	AGE21	3486	3486_MarisaPavan_21_m
437	MarisaPavan	45	AGE45	3502	3502_MarisaPavan_45_m
437	MarisaPavan	59	AGE59	3507	3507_MarisaPavan_59_m
437	MarisaPavan	51	AGE51	3504	3504_MarisaPavan_51_m
437	MarisaPavan	14	AGE14	3483	3483_MarisaPavan_14_m
437	MarisaPavan	64	AGE64	3509	3509_MarisaPavan_64_m
437	MarisaPavan	57	AGE57	3506	3506_MarisaPavan_57_m
437	MarisaPavan	41	AGE41	3500	3500_MarisaPavan_41_m
437	MarisaPavan	77	AGE77	3513	3513_MarisaPavan_77_m
437	MarisaPavan	22	AGE22	3487	3487_MarisaPavan_22_m
437	MarisaPavan	27	AGE27	3492	3492_MarisaPavan_27_m
437	MarisaPavan	28	AGE28	3493	3493_MarisaPavan_28_m
437	MarisaPavan	43	AGE43	3501	3501_MarisaPavan_43_m
437	MarisaPavan	25	AGE25	3490	3490_MarisaPavan_25_m
437	MarisaPavan	26	AGE26	3491	3491_MarisaPavan_26_m
437	MarisaPavan	75	AGE75	3511	3511_MarisaPavan_75_m
437	MarisaPavan	24	AGE24	3489	3489_MarisaPavan_24_m
437	MarisaPavan	76	AGE76	3512	3512_MarisaPavan_76_m
437	MarisaPavan	48	AGE48	3503	3503_MarisaPavan_48_m
437	MarisaPavan	78	AGE78	3514	3514_MarisaPavan_78_m
437	MarisaPavan	54	AGE54	3505	3505_MarisaPavan_54_m
437	MarisaPavan	70	AGE70	3510	3510_MarisaPavan_70_m
437	MarisaPavan	38	AGE38	3499	3499_MarisaPavan_38_m
438	JackLemon	17	AGE17	5296	5296_JackLemon_17_m
438	JackLemon	52	AGE52	5320	5320_JackLemon_52_m
438	JackLemon	55	AGE55	5316	5316_JackLemon_55_m
438	JackLemon	45	AGE45	5309	5309_JackLemon_45_m
438	JackLemon	23	AGE23	5300	5300_JackLemon_23_m
438	JackLemon	51	AGE51	5315	5315_JackLemon_51_m
438	JackLemon	39	AGE39	5321	5321_JackLemon_39_m
438	JackLemon	68	AGE68	5314	5314_JackLemon_68_m
438	JackLemon	28	AGE28	5302	5302_JackLemon_28_m
438	JackLemon	71	AGE71	5323	5323_JackLemon_71_m
438	JackLemon	25	AGE25	5301	5301_JackLemon_25_m
438	JackLemon	35	AGE35	5305	5305_JackLemon_35_m
438	JackLemon	40	AGE40	5307	5307_JackLemon_40_m
438	JackLemon	67	AGE67	5310	5310_JackLemon_67_m
438	JackLemon	43	AGE43	5317	5317_JackLemon_43_m
438	JackLemon	49	AGE49	5319	5319_JackLemon_49_m
438	JackLemon	38	AGE38	5306	5306_JackLemon_38_m
438	JackLemon	16	AGE16	5298	5298_JackLemon_16_m
438	JackLemon	35	AGE35	5313	5313_JackLemon_35_m
438	JackLemon	45	AGE45	5308	5308_JackLemon_45_m
438	JackLemon	65	AGE65	5312	5312_JackLemon_65_m
438	JackLemon	35	AGE35	5304	5304_JackLemon_35_m
438	JackLemon	30	AGE30	5303	5303_JackLemon_30_m
438	JackLemon	33	AGE33	5322	5322_JackLemon_33_m
438	JackLemon	15	AGE15	5295	5295_JackLemon_15_m
438	JackLemon	20	AGE20	5299	5299_JackLemon_20_m
438	JackLemon	19	AGE19	5297	5297_JackLemon_19_m
438	JackLemon	70	AGE70	5318	5318_JackLemon_70_m
438	JackLemon	52	AGE52	5311	5311_JackLemon_52_m
438	JackLemon	13	AGE13	5294	5294_JackLemon_13_m
439	IsabelleAdjani	48	AGE48	12241	12241_IsabelleAdjani_48_f
439	IsabelleAdjani	39	AGE39	12238	12238_IsabelleAdjani_39_f
439	IsabelleAdjani	19	AGE19	12222	12222_IsabelleAdjani_19_f
439	IsabelleAdjani	55	AGE55	12245	12245_IsabelleAdjani_55_f
439	IsabelleAdjani	21	AGE21	12224	12224_IsabelleAdjani_21_f
439	IsabelleAdjani	54	AGE54	12244	12244_IsabelleAdjani_54_f
439	IsabelleAdjani	24	AGE24	12226	12226_IsabelleAdjani_24_f
439	IsabelleAdjani	32	AGE32	12234	12234_IsabelleAdjani_32_f
439	IsabelleAdjani	16	AGE16	12218	12218_IsabelleAdjani_16_f
439	IsabelleAdjani	53	AGE53	12243	12243_IsabelleAdjani_53_f
439	IsabelleAdjani	56	AGE56	12246	12246_IsabelleAdjani_56_f
439	IsabelleAdjani	58	AGE58	12249	12249_IsabelleAdjani_58_f
439	IsabelleAdjani	29	AGE29	12231	12231_IsabelleAdjani_29_f
439	IsabelleAdjani	58	AGE58	12250	12250_IsabelleAdjani_58_f
439	IsabelleAdjani	43	AGE43	12240	12240_IsabelleAdjani_43_f
439	IsabelleAdjani	57	AGE57	12248	12248_IsabelleAdjani_57_f
439	IsabelleAdjani	41	AGE41	12239	12239_IsabelleAdjani_41_f
439	IsabelleAdjani	33	AGE33	12236	12236_IsabelleAdjani_33_f
439	IsabelleAdjani	18	AGE18	12221	12221_IsabelleAdjani_18_f
439	IsabelleAdjani	56	AGE56	12247	12247_IsabelleAdjani_56_f
439	IsabelleAdjani	31	AGE31	12233	12233_IsabelleAdjani_31_f
439	IsabelleAdjani	25	AGE25	12227	12227_IsabelleAdjani_25_f
439	IsabelleAdjani	27	AGE27	12229	12229_IsabelleAdjani_27_f
439	IsabelleAdjani	28	AGE28	12230	12230_IsabelleAdjani_28_f
439	IsabelleAdjani	33	AGE33	12235	12235_IsabelleAdjani_33_f
439	IsabelleAdjani	22	AGE22	12225	12225_IsabelleAdjani_22_f
439	IsabelleAdjani	17	AGE17	12220	12220_IsabelleAdjani_17_f
439	IsabelleAdjani	50	AGE50	12242	12242_IsabelleAdjani_50_f
439	IsabelleAdjani	15	AGE15	12217	12217_IsabelleAdjani_15_f
439	IsabelleAdjani	16	AGE16	12219	12219_IsabelleAdjani_16_f
439	IsabelleAdjani	30	AGE30	12232	12232_IsabelleAdjani_30_f
439	IsabelleAdjani	20	AGE20	12223	12223_IsabelleAdjani_20_f
439	IsabelleAdjani	26	AGE26	12228	12228_IsabelleAdjani_26_f
439	IsabelleAdjani	39	AGE39	12237	12237_IsabelleAdjani_39_f
440	RayDanton	28	AGE28	5658	5658_RayDanton_28_m
440	RayDanton	36	AGE36	5666	5666_RayDanton_36_m
440	RayDanton	26	AGE26	5656	5656_RayDanton_26_m
440	RayDanton	21	AGE21	5652	5652_RayDanton_21_m
440	RayDanton	41	AGE41	5670	5670_RayDanton_41_m
440	RayDanton	44	AGE44	5672	5672_RayDanton_44_m
440	RayDanton	38	AGE38	5668	5668_RayDanton_38_m
440	RayDanton	27	AGE27	5657	5657_RayDanton_27_m
440	RayDanton	43	AGE43	5671	5671_RayDanton_43_m
440	RayDanton	32	AGE32	5662	5662_RayDanton_32_m
440	RayDanton	24	AGE24	5655	5655_RayDanton_24_m
440	RayDanton	29	AGE29	5659	5659_RayDanton_29_m
440	RayDanton	23	AGE23	5654	5654_RayDanton_23_m
440	RayDanton	45	AGE45	5673	5673_RayDanton_45_m
440	RayDanton	22	AGE22	5653	5653_RayDanton_22_m
440	RayDanton	37	AGE37	5667	5667_RayDanton_37_m
440	RayDanton	49	AGE49	5674	5674_RayDanton_49_m
440	RayDanton	39	AGE39	5669	5669_RayDanton_39_m
440	RayDanton	34	AGE34	5664	5664_RayDanton_34_m
440	RayDanton	35	AGE35	5665	5665_RayDanton_35_m
440	RayDanton	30	AGE30	5660	5660_RayDanton_30_m
440	RayDanton	33	AGE33	5663	5663_RayDanton_33_m
440	RayDanton	31	AGE31	5661	5661_RayDanton_31_m
441	motherTereza	82	AGE82	495	495_motherTereza_82_f
441	motherTereza	15	AGE15	496	496_motherTereza_15_f
441	motherTereza	68	AGE68	503	503_motherTereza_68_f
441	motherTereza	76	AGE76	484	484_motherTereza_76_f
441	motherTereza	50	AGE50	490	490_motherTereza_50_f
441	motherTereza	73	AGE73	492	492_motherTereza_73_f
441	motherTereza	85	AGE85	506	506_motherTereza_85_f
441	motherTereza	85	AGE85	494	494_motherTereza_85_f
441	motherTereza	70	AGE70	498	498_motherTereza_70_f
441	motherTereza	72	AGE72	485	485_motherTereza_72_f
441	motherTereza	69	AGE69	502	502_motherTereza_69_f
441	motherTereza	76	AGE76	486	486_motherTereza_76_f
441	motherTereza	15	AGE15	504	504_motherTereza_15_f
441	motherTereza	72	AGE72	499	499_motherTereza_72_f
441	motherTereza	18	AGE18	497	497_motherTereza_18_f
441	motherTereza	72	AGE72	489	489_motherTereza_72_f
441	motherTereza	45	AGE45	488	488_motherTereza_45_f
441	motherTereza	75	AGE75	487	487_motherTereza_75_f
441	motherTereza	68	AGE68	501	501_motherTereza_68_f
441	motherTereza	78	AGE78	483	483_motherTereza_78_f
441	motherTereza	70	AGE70	493	493_motherTereza_70_f
441	motherTereza	11	AGE11	491	491_motherTereza_11_f
441	motherTereza	73	AGE73	500	500_motherTereza_73_f
441	motherTereza	80	AGE80	505	505_motherTereza_80_f
442	mitsotakis	46	AGE46	632	632_mitsotakis_46_m
442	mitsotakis	95	AGE95	638	638_mitsotakis_95_m
442	mitsotakis	93	AGE93	631	631_mitsotakis_93_m
442	mitsotakis	75	AGE75	636	636_mitsotakis_75_m
442	mitsotakis	93	AGE93	644	644_mitsotakis_93_m
442	mitsotakis	70	AGE70	634	634_mitsotakis_70_m
442	mitsotakis	81	AGE81	637	637_mitsotakis_81_m
442	mitsotakis	75	AGE75	626	626_mitsotakis_75_m
442	mitsotakis	70	AGE70	641	641_mitsotakis_70_m
442	mitsotakis	85	AGE85	627	627_mitsotakis_85_m
442	mitsotakis	66	AGE66	633	633_mitsotakis_66_m
442	mitsotakis	76	AGE76	639	639_mitsotakis_76_m
442	mitsotakis	34	AGE34	629	629_mitsotakis_34_m
442	mitsotakis	72	AGE72	635	635_mitsotakis_72_m
442	mitsotakis	83	AGE83	645	645_mitsotakis_83_m
442	mitsotakis	35	AGE35	642	642_mitsotakis_35_m
442	mitsotakis	83	AGE83	625	625_mitsotakis_83_m
442	mitsotakis	72	AGE72	643	643_mitsotakis_72_m
442	mitsotakis	37	AGE37	630	630_mitsotakis_37_m
442	mitsotakis	34	AGE34	628	628_mitsotakis_34_m
442	mitsotakis	44	AGE44	640	640_mitsotakis_44_m
442	mitsotakis	44	AGE44	624	624_mitsotakis_44_m
443	HedyLamarr	42	AGE42	12637	12637_HedyLamarr_42_f
443	HedyLamarr	41	AGE41	12636	12636_HedyLamarr_41_f
443	HedyLamarr	38	AGE38	12626	12626_HedyLamarr_38_f
443	HedyLamarr	30	AGE30	12635	12635_HedyLamarr_30_f
443	HedyLamarr	17	AGE17	12617	12617_HedyLamarr_17_f
443	HedyLamarr	40	AGE40	12627	12627_HedyLamarr_40_f
443	HedyLamarr	25	AGE25	12634	12634_HedyLamarr_25_f
443	HedyLamarr	33	AGE33	12622	12622_HedyLamarr_33_f
443	HedyLamarr	34	AGE34	12623	12623_HedyLamarr_34_f
443	HedyLamarr	71	AGE71	12632	12632_HedyLamarr_71_f
443	HedyLamarr	66	AGE66	12631	12631_HedyLamarr_66_f
443	HedyLamarr	48	AGE48	12628	12628_HedyLamarr_48_f
443	HedyLamarr	36	AGE36	12624	12624_HedyLamarr_36_f
443	HedyLamarr	51	AGE51	12629	12629_HedyLamarr_51_f
443	HedyLamarr	78	AGE78	12633	12633_HedyLamarr_78_f
443	HedyLamarr	24	AGE24	12621	12621_HedyLamarr_24_f
443	HedyLamarr	56	AGE56	12630	12630_HedyLamarr_56_f
443	HedyLamarr	18	AGE18	12618	12618_HedyLamarr_18_f
443	HedyLamarr	20	AGE20	12620	12620_HedyLamarr_20_f
443	HedyLamarr	60	AGE60	12639	12639_HedyLamarr_60_f
443	HedyLamarr	37	AGE37	12625	12625_HedyLamarr_37_f
443	HedyLamarr	19	AGE19	12619	12619_HedyLamarr_19_f
443	HedyLamarr	43	AGE43	12638	12638_HedyLamarr_43_f
444	RitaHayworth	30	AGE30	13763	13763_RitaHayworth_30_f
444	RitaHayworth	24	AGE24	13758	13758_RitaHayworth_24_f
444	RitaHayworth	43	AGE43	13781	13781_RitaHayworth_43_f
444	RitaHayworth	47	AGE47	13782	13782_RitaHayworth_47_f
444	RitaHayworth	50	AGE50	13765	13765_RitaHayworth_50_f
444	RitaHayworth	27	AGE27	13777	13777_RitaHayworth_27_f
444	RitaHayworth	42	AGE42	13775	13775_RitaHayworth_42_f
444	RitaHayworth	16	AGE16	13755	13755_RitaHayworth_16_f
444	RitaHayworth	46	AGE46	13764	13764_RitaHayworth_46_f
444	RitaHayworth	26	AGE26	13768	13768_RitaHayworth_26_f
444	RitaHayworth	54	AGE54	13767	13767_RitaHayworth_54_f
444	RitaHayworth	29	AGE29	13778	13778_RitaHayworth_29_f
444	RitaHayworth	35	AGE35	13773	13773_RitaHayworth_35_f
444	RitaHayworth	25	AGE25	13760	13760_RitaHayworth_25_f
444	RitaHayworth	26	AGE26	13771	13771_RitaHayworth_26_f
444	RitaHayworth	52	AGE52	13769	13769_RitaHayworth_52_f
444	RitaHayworth	36	AGE36	13774	13774_RitaHayworth_36_f
444	RitaHayworth	33	AGE33	13780	13780_RitaHayworth_33_f
444	RitaHayworth	18	AGE18	13756	13756_RitaHayworth_18_f
444	RitaHayworth	22	AGE22	13754	13754_RitaHayworth_22_f
444	RitaHayworth	50	AGE50	13766	13766_RitaHayworth_50_f
444	RitaHayworth	29	AGE29	13762	13762_RitaHayworth_29_f
444	RitaHayworth	26	AGE26	13779	13779_RitaHayworth_26_f
444	RitaHayworth	26	AGE26	13759	13759_RitaHayworth_26_f
444	RitaHayworth	23	AGE23	13757	13757_RitaHayworth_23_f
444	RitaHayworth	40	AGE40	13770	13770_RitaHayworth_40_f
444	RitaHayworth	48	AGE48	13772	13772_RitaHayworth_48_f
444	RitaHayworth	37	AGE37	13776	13776_RitaHayworth_37_f
444	RitaHayworth	28	AGE28	13761	13761_RitaHayworth_28_f
445	JohnCassavetes	32	AGE32	8664	8664_JohnCassavetes_32_m
445	JohnCassavetes	39	AGE39	8670	8670_JohnCassavetes_39_m
445	JohnCassavetes	31	AGE31	8663	8663_JohnCassavetes_31_m
445	JohnCassavetes	55	AGE55	8685	8685_JohnCassavetes_55_m
445	JohnCassavetes	51	AGE51	8683	8683_JohnCassavetes_51_m
445	JohnCassavetes	47	AGE47	8679	8679_JohnCassavetes_47_m
445	JohnCassavetes	48	AGE48	8681	8681_JohnCassavetes_48_m
445	JohnCassavetes	43	AGE43	8675	8675_JohnCassavetes_43_m
445	JohnCassavetes	56	AGE56	8686	8686_JohnCassavetes_56_m
445	JohnCassavetes	35	AGE35	8667	8667_JohnCassavetes_35_m
445	JohnCassavetes	42	AGE42	8674	8674_JohnCassavetes_42_m
445	JohnCassavetes	46	AGE46	8678	8678_JohnCassavetes_46_m
445	JohnCassavetes	49	AGE49	8682	8682_JohnCassavetes_49_m
445	JohnCassavetes	36	AGE36	8668	8668_JohnCassavetes_36_m
445	JohnCassavetes	37	AGE37	8669	8669_JohnCassavetes_37_m
445	JohnCassavetes	57	AGE57	8687	8687_JohnCassavetes_57_m
445	JohnCassavetes	48	AGE48	8680	8680_JohnCassavetes_48_m
445	JohnCassavetes	40	AGE40	8672	8672_JohnCassavetes_40_m
445	JohnCassavetes	34	AGE34	8666	8666_JohnCassavetes_34_m
445	JohnCassavetes	44	AGE44	8676	8676_JohnCassavetes_44_m
445	JohnCassavetes	39	AGE39	8671	8671_JohnCassavetes_39_m
445	JohnCassavetes	30	AGE30	8662	8662_JohnCassavetes_30_m
445	JohnCassavetes	45	AGE45	8677	8677_JohnCassavetes_45_m
445	JohnCassavetes	52	AGE52	8684	8684_JohnCassavetes_52_m
445	JohnCassavetes	33	AGE33	8665	8665_JohnCassavetes_33_m
445	JohnCassavetes	28	AGE28	8660	8660_JohnCassavetes_28_m
445	JohnCassavetes	27	AGE27	8659	8659_JohnCassavetes_27_m
445	JohnCassavetes	41	AGE41	8673	8673_JohnCassavetes_41_m
445	JohnCassavetes	29	AGE29	8661	8661_JohnCassavetes_29_m
446	AbeVigoda	89	AGE89	2354	2354_AbeVigoda_89_m
446	AbeVigoda	58	AGE58	2333	2333_AbeVigoda_58_m
446	AbeVigoda	64	AGE64	2338	2338_AbeVigoda_64_m
446	AbeVigoda	86	AGE86	2353	2353_AbeVigoda_86_m
446	AbeVigoda	53	AGE53	2328	2328_AbeVigoda_53_m
446	AbeVigoda	51	AGE51	2326	2326_AbeVigoda_51_m
446	AbeVigoda	57	AGE57	2332	2332_AbeVigoda_57_m
446	AbeVigoda	93	AGE93	2358	2358_AbeVigoda_93_m
446	AbeVigoda	20	AGE20	2359	2359_AbeVigoda_20_m
446	AbeVigoda	68	AGE68	2341	2341_AbeVigoda_68_m
446	AbeVigoda	91	AGE91	2356	2356_AbeVigoda_91_m
446	AbeVigoda	74	AGE74	2346	2346_AbeVigoda_74_m
446	AbeVigoda	61	AGE61	2336	2336_AbeVigoda_61_m
446	AbeVigoda	84	AGE84	2351	2351_AbeVigoda_84_m
446	AbeVigoda	76	AGE76	2347	2347_AbeVigoda_76_m
446	AbeVigoda	70	AGE70	2343	2343_AbeVigoda_70_m
446	AbeVigoda	65	AGE65	2339	2339_AbeVigoda_65_m
446	AbeVigoda	92	AGE92	2357	2357_AbeVigoda_92_m
446	AbeVigoda	54	AGE54	2329	2329_AbeVigoda_54_m
446	AbeVigoda	60	AGE60	2335	2335_AbeVigoda_60_m
446	AbeVigoda	66	AGE66	2340	2340_AbeVigoda_66_m
446	AbeVigoda	83	AGE83	2350	2350_AbeVigoda_83_m
446	AbeVigoda	52	AGE52	2327	2327_AbeVigoda_52_m
446	AbeVigoda	71	AGE71	2344	2344_AbeVigoda_71_m
446	AbeVigoda	56	AGE56	2331	2331_AbeVigoda_56_m
446	AbeVigoda	79	AGE79	2348	2348_AbeVigoda_79_m
446	AbeVigoda	62	AGE62	2337	2337_AbeVigoda_62_m
446	AbeVigoda	49	AGE49	2325	2325_AbeVigoda_49_m
446	AbeVigoda	85	AGE85	2352	2352_AbeVigoda_85_m
446	AbeVigoda	72	AGE72	2345	2345_AbeVigoda_72_m
446	AbeVigoda	69	AGE69	2342	2342_AbeVigoda_69_m
446	AbeVigoda	90	AGE90	2355	2355_AbeVigoda_90_m
446	AbeVigoda	59	AGE59	2334	2334_AbeVigoda_59_m
446	AbeVigoda	55	AGE55	2330	2330_AbeVigoda_55_m
446	AbeVigoda	80	AGE80	2349	2349_AbeVigoda_80_m
447	GlennClose	33	AGE33	9982	9982_GlennClose_33_f
447	GlennClose	58	AGE58	9997	9997_GlennClose_58_f
447	GlennClose	40	AGE40	9985	9985_GlennClose_40_f
447	GlennClose	54	AGE54	9995	9995_GlennClose_54_f
447	GlennClose	59	AGE59	9998	9998_GlennClose_59_f
447	GlennClose	34	AGE34	9983	9983_GlennClose_34_f
447	GlennClose	62	AGE62	10000	10000_GlennClose_62_f
447	GlennClose	61	AGE61	9999	9999_GlennClose_61_f
447	GlennClose	44	AGE44	9989	9989_GlennClose_44_f
447	GlennClose	51	AGE51	9992	9992_GlennClose_51_f
447	GlennClose	52	AGE52	9993	9993_GlennClose_52_f
447	GlennClose	39	AGE39	9984	9984_GlennClose_39_f
447	GlennClose	56	AGE56	9996	9996_GlennClose_56_f
447	GlennClose	49	AGE49	9990	9990_GlennClose_49_f
447	GlennClose	53	AGE53	9994	9994_GlennClose_53_f
447	GlennClose	31	AGE31	9980	9980_GlennClose_31_f
447	GlennClose	32	AGE32	9981	9981_GlennClose_32_f
447	GlennClose	43	AGE43	9988	9988_GlennClose_43_f
447	GlennClose	18	AGE18	9979	9979_GlennClose_18_f
447	GlennClose	50	AGE50	9991	9991_GlennClose_50_f
447	GlennClose	41	AGE41	9986	9986_GlennClose_41_f
447	GlennClose	42	AGE42	9987	9987_GlennClose_42_f
448	AlbertSchweitzer	73	AGE73	1174	1174_AlbertSchweitzer_73_m
448	AlbertSchweitzer	80	AGE80	1169	1169_AlbertSchweitzer_80_m
448	AlbertSchweitzer	50	AGE50	1164	1164_AlbertSchweitzer_50_m
448	AlbertSchweitzer	78	AGE78	1175	1175_AlbertSchweitzer_78_m
448	AlbertSchweitzer	68	AGE68	1173	1173_AlbertSchweitzer_68_m
448	AlbertSchweitzer	88	AGE88	1166	1166_AlbertSchweitzer_88_m
448	AlbertSchweitzer	68	AGE68	1165	1165_AlbertSchweitzer_68_m
448	AlbertSchweitzer	58	AGE58	1167	1167_AlbertSchweitzer_58_m
448	AlbertSchweitzer	67	AGE67	1176	1176_AlbertSchweitzer_67_m
448	AlbertSchweitzer	78	AGE78	1172	1172_AlbertSchweitzer_78_m
448	AlbertSchweitzer	72	AGE72	1168	1168_AlbertSchweitzer_72_m
448	AlbertSchweitzer	75	AGE75	1163	1163_AlbertSchweitzer_75_m
448	AlbertSchweitzer	25	AGE25	1177	1177_AlbertSchweitzer_25_m
448	AlbertSchweitzer	79	AGE79	1171	1171_AlbertSchweitzer_79_m
448	AlbertSchweitzer	70	AGE70	1170	1170_AlbertSchweitzer_70_m
449	ZsaZsaGabor	91	AGE91	11395	11395_ZsaZsaGabor_91_f
449	ZsaZsaGabor	23	AGE23	11365	11365_ZsaZsaGabor_23_f
449	ZsaZsaGabor	73	AGE73	11386	11386_ZsaZsaGabor_73_f
449	ZsaZsaGabor	22	AGE22	11364	11364_ZsaZsaGabor_22_f
449	ZsaZsaGabor	53	AGE53	11379	11379_ZsaZsaGabor_53_f
449	ZsaZsaGabor	50	AGE50	11378	11378_ZsaZsaGabor_50_f
449	ZsaZsaGabor	82	AGE82	11392	11392_ZsaZsaGabor_82_f
449	ZsaZsaGabor	45	AGE45	11374	11374_ZsaZsaGabor_45_f
449	ZsaZsaGabor	78	AGE78	11390	11390_ZsaZsaGabor_78_f
449	ZsaZsaGabor	80	AGE80	11391	11391_ZsaZsaGabor_80_f
449	ZsaZsaGabor	90	AGE90	11394	11394_ZsaZsaGabor_90_f
449	ZsaZsaGabor	35	AGE35	11368	11368_ZsaZsaGabor_35_f
449	ZsaZsaGabor	83	AGE83	11393	11393_ZsaZsaGabor_83_f
449	ZsaZsaGabor	64	AGE64	11383	11383_ZsaZsaGabor_64_f
449	ZsaZsaGabor	31	AGE31	11367	11367_ZsaZsaGabor_31_f
449	ZsaZsaGabor	76	AGE76	11388	11388_ZsaZsaGabor_76_f
449	ZsaZsaGabor	57	AGE57	11381	11381_ZsaZsaGabor_57_f
449	ZsaZsaGabor	94	AGE94	11396	11396_ZsaZsaGabor_94_f
449	ZsaZsaGabor	42	AGE42	11372	11372_ZsaZsaGabor_42_f
449	ZsaZsaGabor	6	AGE6	11363	11363_ZsaZsaGabor_6_f
449	ZsaZsaGabor	37	AGE37	11369	11369_ZsaZsaGabor_37_f
449	ZsaZsaGabor	95	AGE95	11397	11397_ZsaZsaGabor_95_f
449	ZsaZsaGabor	72	AGE72	11385	11385_ZsaZsaGabor_72_f
449	ZsaZsaGabor	39	AGE39	11370	11370_ZsaZsaGabor_39_f
449	ZsaZsaGabor	49	AGE49	11377	11377_ZsaZsaGabor_49_f
449	ZsaZsaGabor	58	AGE58	11382	11382_ZsaZsaGabor_58_f
449	ZsaZsaGabor	48	AGE48	11376	11376_ZsaZsaGabor_48_f
449	ZsaZsaGabor	65	AGE65	11384	11384_ZsaZsaGabor_65_f
449	ZsaZsaGabor	96	AGE96	11398	11398_ZsaZsaGabor_96_f
449	ZsaZsaGabor	27	AGE27	11366	11366_ZsaZsaGabor_27_f
449	ZsaZsaGabor	44	AGE44	11373	11373_ZsaZsaGabor_44_f
449	ZsaZsaGabor	47	AGE47	11375	11375_ZsaZsaGabor_47_f
449	ZsaZsaGabor	77	AGE77	11389	11389_ZsaZsaGabor_77_f
449	ZsaZsaGabor	55	AGE55	11380	11380_ZsaZsaGabor_55_f
449	ZsaZsaGabor	75	AGE75	11387	11387_ZsaZsaGabor_75_f
449	ZsaZsaGabor	41	AGE41	11371	11371_ZsaZsaGabor_41_f
450	RobertOppenheimer	40	AGE40	1233	1233_RobertOppenheimer_40_m
450	RobertOppenheimer	26	AGE26	1243	1243_RobertOppenheimer_26_m
450	RobertOppenheimer	52	AGE52	1236	1236_RobertOppenheimer_52_m
450	RobertOppenheimer	42	AGE42	1234	1234_RobertOppenheimer_42_m
450	RobertOppenheimer	40	AGE40	1241	1241_RobertOppenheimer_40_m
450	RobertOppenheimer	23	AGE23	1245	1245_RobertOppenheimer_23_m
450	RobertOppenheimer	52	AGE52	1246	1246_RobertOppenheimer_52_m
450	RobertOppenheimer	61	AGE61	1244	1244_RobertOppenheimer_61_m
450	RobertOppenheimer	58	AGE58	1239	1239_RobertOppenheimer_58_m
450	RobertOppenheimer	52	AGE52	1240	1240_RobertOppenheimer_52_m
450	RobertOppenheimer	50	AGE50	1237	1237_RobertOppenheimer_50_m
450	RobertOppenheimer	11	AGE11	1242	1242_RobertOppenheimer_11_m
450	RobertOppenheimer	40	AGE40	1238	1238_RobertOppenheimer_40_m
450	RobertOppenheimer	59	AGE59	1232	1232_RobertOppenheimer_59_m
450	RobertOppenheimer	54	AGE54	1235	1235_RobertOppenheimer_54_m
451	BurtLancaster	47	AGE47	9294	9294_BurtLancaster_47_m
451	BurtLancaster	44	AGE44	9280	9280_BurtLancaster_44_m
451	BurtLancaster	72	AGE72	9285	9285_BurtLancaster_72_m
451	BurtLancaster	67	AGE67	9307	9307_BurtLancaster_67_m
451	BurtLancaster	42	AGE42	9292	9292_BurtLancaster_42_m
451	BurtLancaster	43	AGE43	9306	9306_BurtLancaster_43_m
451	BurtLancaster	38	AGE38	9289	9289_BurtLancaster_38_m
451	BurtLancaster	48	AGE48	9281	9281_BurtLancaster_48_m
451	BurtLancaster	42	AGE42	9276	9276_BurtLancaster_42_m
451	BurtLancaster	43	AGE43	9293	9293_BurtLancaster_43_m
451	BurtLancaster	38	AGE38	9297	9297_BurtLancaster_38_m
451	BurtLancaster	43	AGE43	9304	9304_BurtLancaster_43_m
451	BurtLancaster	49	AGE49	9300	9300_BurtLancaster_49_m
451	BurtLancaster	76	AGE76	9271	9271_BurtLancaster_76_m
451	BurtLancaster	35	AGE35	9295	9295_BurtLancaster_35_m
451	BurtLancaster	40	AGE40	9272	9272_BurtLancaster_40_m
451	BurtLancaster	50	AGE50	9273	9273_BurtLancaster_50_m
451	BurtLancaster	35	AGE35	9288	9288_BurtLancaster_35_m
451	BurtLancaster	34	AGE34	9274	9274_BurtLancaster_34_m
451	BurtLancaster	56	AGE56	9301	9301_BurtLancaster_56_m
451	BurtLancaster	49	AGE49	9302	9302_BurtLancaster_49_m
451	BurtLancaster	51	AGE51	9296	9296_BurtLancaster_51_m
451	BurtLancaster	37	AGE37	9284	9284_BurtLancaster_37_m
451	BurtLancaster	36	AGE36	9275	9275_BurtLancaster_36_m
451	BurtLancaster	36	AGE36	9303	9303_BurtLancaster_36_m
451	BurtLancaster	56	AGE56	9282	9282_BurtLancaster_56_m
451	BurtLancaster	73	AGE73	9305	9305_BurtLancaster_73_m
451	BurtLancaster	39	AGE39	9298	9298_BurtLancaster_39_m
451	BurtLancaster	67	AGE67	9286	9286_BurtLancaster_67_m
451	BurtLancaster	67	AGE67	9287	9287_BurtLancaster_67_m
451	BurtLancaster	39	AGE39	9278	9278_BurtLancaster_39_m
451	BurtLancaster	63	AGE63	9291	9291_BurtLancaster_63_m
451	BurtLancaster	51	AGE51	9283	9283_BurtLancaster_51_m
451	BurtLancaster	39	AGE39	9279	9279_BurtLancaster_39_m
451	BurtLancaster	47	AGE47	9299	9299_BurtLancaster_47_m
451	BurtLancaster	38	AGE38	9277	9277_BurtLancaster_38_m
451	BurtLancaster	33	AGE33	9290	9290_BurtLancaster_33_m
452	GordonThomson	61	AGE61	4599	4599_GordonThomson_61_m
452	GordonThomson	63	AGE63	4601	4601_GordonThomson_63_m
452	GordonThomson	60	AGE60	4598	4598_GordonThomson_60_m
452	GordonThomson	43	AGE43	4590	4590_GordonThomson_43_m
452	GordonThomson	65	AGE65	4603	4603_GordonThomson_65_m
452	GordonThomson	70	AGE70	4608	4608_GordonThomson_70_m
452	GordonThomson	37	AGE37	4583	4583_GordonThomson_37_m
452	GordonThomson	55	AGE55	4596	4596_GordonThomson_55_m
452	GordonThomson	39	AGE39	4585	4585_GordonThomson_39_m
452	GordonThomson	44	AGE44	4591	4591_GordonThomson_44_m
452	GordonThomson	62	AGE62	4600	4600_GordonThomson_62_m
452	GordonThomson	66	AGE66	4604	4604_GordonThomson_66_m
452	GordonThomson	50	AGE50	4594	4594_GordonThomson_50_m
452	GordonThomson	69	AGE69	4607	4607_GordonThomson_69_m
452	GordonThomson	41	AGE41	4587	4587_GordonThomson_41_m
452	GordonThomson	36	AGE36	4582	4582_GordonThomson_36_m
452	GordonThomson	64	AGE64	4602	4602_GordonThomson_64_m
452	GordonThomson	53	AGE53	4595	4595_GordonThomson_53_m
452	GordonThomson	38	AGE38	4584	4584_GordonThomson_38_m
452	GordonThomson	35	AGE35	4581	4581_GordonThomson_35_m
452	GordonThomson	45	AGE45	4592	4592_GordonThomson_45_m
452	GordonThomson	46	AGE46	4593	4593_GordonThomson_46_m
452	GordonThomson	68	AGE68	4606	4606_GordonThomson_68_m
452	GordonThomson	57	AGE57	4597	4597_GordonThomson_57_m
452	GordonThomson	67	AGE67	4605	4605_GordonThomson_67_m
452	GordonThomson	40	AGE40	4586	4586_GordonThomson_40_m
452	GordonThomson	42	AGE42	4589	4589_GordonThomson_42_m
452	GordonThomson	41	AGE41	4588	4588_GordonThomson_41_m
453	DaliahLavi	30	AGE30	10946	10946_DaliahLavi_30_f
453	DaliahLavi	34	AGE34	10949	10949_DaliahLavi_34_f
453	DaliahLavi	25	AGE25	10941	10941_DaliahLavi_25_f
453	DaliahLavi	23	AGE23	10938	10938_DaliahLavi_23_f
453	DaliahLavi	60	AGE60	10957	10957_DaliahLavi_60_f
453	DaliahLavi	24	AGE24	10940	10940_DaliahLavi_24_f
453	DaliahLavi	33	AGE33	10948	10948_DaliahLavi_33_f
453	DaliahLavi	49	AGE49	10954	10954_DaliahLavi_49_f
453	DaliahLavi	28	AGE28	10944	10944_DaliahLavi_28_f
453	DaliahLavi	66	AGE66	10960	10960_DaliahLavi_66_f
453	DaliahLavi	35	AGE35	10950	10950_DaliahLavi_35_f
453	DaliahLavi	53	AGE53	10955	10955_DaliahLavi_53_f
453	DaliahLavi	38	AGE38	10951	10951_DaliahLavi_38_f
453	DaliahLavi	47	AGE47	10953	10953_DaliahLavi_47_f
453	DaliahLavi	27	AGE27	10943	10943_DaliahLavi_27_f
453	DaliahLavi	41	AGE41	10952	10952_DaliahLavi_41_f
453	DaliahLavi	58	AGE58	10956	10956_DaliahLavi_58_f
453	DaliahLavi	22	AGE22	10937	10937_DaliahLavi_22_f
453	DaliahLavi	24	AGE24	10939	10939_DaliahLavi_24_f
453	DaliahLavi	68	AGE68	10961	10961_DaliahLavi_68_f
453	DaliahLavi	72	AGE72	10963	10963_DaliahLavi_72_f
453	DaliahLavi	26	AGE26	10942	10942_DaliahLavi_26_f
453	DaliahLavi	29	AGE29	10945	10945_DaliahLavi_29_f
453	DaliahLavi	21	AGE21	10936	10936_DaliahLavi_21_f
453	DaliahLavi	71	AGE71	10962	10962_DaliahLavi_71_f
453	DaliahLavi	31	AGE31	10947	10947_DaliahLavi_31_f
453	DaliahLavi	62	AGE62	10958	10958_DaliahLavi_62_f
453	DaliahLavi	64	AGE64	10959	10959_DaliahLavi_64_f
454	JerryLewis	39	AGE39	2657	2657_JerryLewis_39_m
454	JerryLewis	45	AGE45	2663	2663_JerryLewis_45_m
454	JerryLewis	20	AGE20	2653	2653_JerryLewis_20_m
454	JerryLewis	65	AGE65	2665	2665_JerryLewis_65_m
454	JerryLewis	85	AGE85	2661	2661_JerryLewis_85_m
454	JerryLewis	34	AGE34	2652	2652_JerryLewis_34_m
454	JerryLewis	78	AGE78	2667	2667_JerryLewis_78_m
454	JerryLewis	28	AGE28	2664	2664_JerryLewis_28_m
454	JerryLewis	24	AGE24	2654	2654_JerryLewis_24_m
454	JerryLewis	74	AGE74	2666	2666_JerryLewis_74_m
454	JerryLewis	87	AGE87	2670	2670_JerryLewis_87_m
454	JerryLewis	65	AGE65	2659	2659_JerryLewis_65_m
454	JerryLewis	38	AGE38	2669	2669_JerryLewis_38_m
454	JerryLewis	82	AGE82	2660	2660_JerryLewis_82_m
454	JerryLewis	33	AGE33	2668	2668_JerryLewis_33_m
454	JerryLewis	40	AGE40	2658	2658_JerryLewis_40_m
454	JerryLewis	32	AGE32	2662	2662_JerryLewis_32_m
454	JerryLewis	37	AGE37	2655	2655_JerryLewis_37_m
454	JerryLewis	38	AGE38	2656	2656_JerryLewis_38_m
455	AlanRickman	60	AGE60	3026	3026_AlanRickman_60_m
455	AlanRickman	65	AGE65	3031	3031_AlanRickman_65_m
455	AlanRickman	45	AGE45	3015	3015_AlanRickman_45_m
455	AlanRickman	32	AGE32	3007	3007_AlanRickman_32_m
455	AlanRickman	55	AGE55	3022	3022_AlanRickman_55_m
455	AlanRickman	62	AGE62	3028	3028_AlanRickman_62_m
455	AlanRickman	66	AGE66	3032	3032_AlanRickman_66_m
455	AlanRickman	28	AGE28	3005	3005_AlanRickman_28_m
455	AlanRickman	57	AGE57	3023	3023_AlanRickman_57_m
455	AlanRickman	59	AGE59	3025	3025_AlanRickman_59_m
455	AlanRickman	48	AGE48	3017	3017_AlanRickman_48_m
455	AlanRickman	42	AGE42	3012	3012_AlanRickman_42_m
455	AlanRickman	30	AGE30	3006	3006_AlanRickman_30_m
455	AlanRickman	35	AGE35	3009	3009_AlanRickman_35_m
455	AlanRickman	64	AGE64	3030	3030_AlanRickman_64_m
455	AlanRickman	36	AGE36	3010	3010_AlanRickman_36_m
455	AlanRickman	43	AGE43	3013	3013_AlanRickman_43_m
455	AlanRickman	61	AGE61	3027	3027_AlanRickman_61_m
455	AlanRickman	34	AGE34	3008	3008_AlanRickman_34_m
455	AlanRickman	63	AGE63	3029	3029_AlanRickman_63_m
455	AlanRickman	46	AGE46	3016	3016_AlanRickman_46_m
455	AlanRickman	58	AGE58	3024	3024_AlanRickman_58_m
455	AlanRickman	44	AGE44	3014	3014_AlanRickman_44_m
455	AlanRickman	39	AGE39	3011	3011_AlanRickman_39_m
455	AlanRickman	54	AGE54	3021	3021_AlanRickman_54_m
455	AlanRickman	49	AGE49	3018	3018_AlanRickman_49_m
455	AlanRickman	53	AGE53	3020	3020_AlanRickman_53_m
455	AlanRickman	67	AGE67	3033	3033_AlanRickman_67_m
455	AlanRickman	69	AGE69	3034	3034_AlanRickman_69_m
455	AlanRickman	52	AGE52	3019	3019_AlanRickman_52_m
456	Fotopoulos	65	AGE65	5263	5263_Fotopoulos_65_m
456	Fotopoulos	57	AGE57	5258	5258_Fotopoulos_57_m
456	Fotopoulos	37	AGE37	5254	5254_Fotopoulos_37_m
456	Fotopoulos	49	AGE49	5260	5260_Fotopoulos_49_m
456	Fotopoulos	43	AGE43	5253	5253_Fotopoulos_43_m
456	Fotopoulos	45	AGE45	5252	5252_Fotopoulos_45_m
456	Fotopoulos	64	AGE64	5265	5265_Fotopoulos_64_m
456	Fotopoulos	57	AGE57	5267	5267_Fotopoulos_57_m
456	Fotopoulos	49	AGE49	5255	5255_Fotopoulos_49_m
456	Fotopoulos	58	AGE58	5259	5259_Fotopoulos_58_m
456	Fotopoulos	50	AGE50	5256	5256_Fotopoulos_50_m
456	Fotopoulos	49	AGE49	5257	5257_Fotopoulos_49_m
456	Fotopoulos	40	AGE40	5250	5250_Fotopoulos_40_m
456	Fotopoulos	70	AGE70	5251	5251_Fotopoulos_70_m
456	Fotopoulos	58	AGE58	5266	5266_Fotopoulos_58_m
456	Fotopoulos	43	AGE43	5264	5264_Fotopoulos_43_m
456	Fotopoulos	72	AGE72	5262	5262_Fotopoulos_72_m
456	Fotopoulos	74	AGE74	5261	5261_Fotopoulos_74_m
457	JeffBridges	44	AGE44	3335	3335_JeffBridges_44_m
457	JeffBridges	46	AGE46	3336	3336_JeffBridges_46_m
457	JeffBridges	57	AGE57	3343	3343_JeffBridges_57_m
457	JeffBridges	10	AGE10	3319	3319_JeffBridges_10_m
457	JeffBridges	60	AGE60	3346	3346_JeffBridges_60_m
457	JeffBridges	29	AGE29	3329	3329_JeffBridges_29_m
457	JeffBridges	26	AGE26	3326	3326_JeffBridges_26_m
457	JeffBridges	53	AGE53	3340	3340_JeffBridges_53_m
457	JeffBridges	28	AGE28	3328	3328_JeffBridges_28_m
457	JeffBridges	51	AGE51	3338	3338_JeffBridges_51_m
457	JeffBridges	17	AGE17	3320	3320_JeffBridges_17_m
457	JeffBridges	64	AGE64	3348	3348_JeffBridges_64_m
457	JeffBridges	41	AGE41	3334	3334_JeffBridges_41_m
457	JeffBridges	24	AGE24	3325	3325_JeffBridges_24_m
457	JeffBridges	19	AGE19	3321	3321_JeffBridges_19_m
457	JeffBridges	35	AGE35	3330	3330_JeffBridges_35_m
457	JeffBridges	55	AGE55	3341	3341_JeffBridges_55_m
457	JeffBridges	61	AGE61	3347	3347_JeffBridges_61_m
457	JeffBridges	24	AGE24	3324	3324_JeffBridges_24_m
457	JeffBridges	40	AGE40	3333	3333_JeffBridges_40_m
457	JeffBridges	59	AGE59	3344	3344_JeffBridges_59_m
457	JeffBridges	38	AGE38	3332	3332_JeffBridges_38_m
457	JeffBridges	56	AGE56	3342	3342_JeffBridges_56_m
457	JeffBridges	21	AGE21	3322	3322_JeffBridges_21_m
457	JeffBridges	52	AGE52	3339	3339_JeffBridges_52_m
457	JeffBridges	36	AGE36	3331	3331_JeffBridges_36_m
457	JeffBridges	23	AGE23	3323	3323_JeffBridges_23_m
457	JeffBridges	47	AGE47	3337	3337_JeffBridges_47_m
457	JeffBridges	27	AGE27	3327	3327_JeffBridges_27_m
457	JeffBridges	59	AGE59	3345	3345_JeffBridges_59_m
458	JeanMarais	48	AGE48	5968	5968_JeanMarais_48_m
458	JeanMarais	69	AGE69	5978	5978_JeanMarais_69_m
458	JeanMarais	49	AGE49	5969	5969_JeanMarais_49_m
458	JeanMarais	47	AGE47	5967	5967_JeanMarais_47_m
458	JeanMarais	52	AGE52	5971	5971_JeanMarais_52_m
458	JeanMarais	45	AGE45	5966	5966_JeanMarais_45_m
458	JeanMarais	59	AGE59	5975	5975_JeanMarais_59_m
458	JeanMarais	38	AGE38	5963	5963_JeanMarais_38_m
458	JeanMarais	31	AGE31	5955	5955_JeanMarais_31_m
458	JeanMarais	51	AGE51	5970	5970_JeanMarais_51_m
458	JeanMarais	57	AGE57	5974	5974_JeanMarais_57_m
458	JeanMarais	56	AGE56	5973	5973_JeanMarais_56_m
458	JeanMarais	81	AGE81	5983	5983_JeanMarais_81_m
458	JeanMarais	77	AGE77	5980	5980_JeanMarais_77_m
458	JeanMarais	53	AGE53	5972	5972_JeanMarais_53_m
458	JeanMarais	37	AGE37	5962	5962_JeanMarais_37_m
458	JeanMarais	33	AGE33	5958	5958_JeanMarais_33_m
458	JeanMarais	67	AGE67	5977	5977_JeanMarais_67_m
458	JeanMarais	73	AGE73	5979	5979_JeanMarais_73_m
458	JeanMarais	24	AGE24	5950	5950_JeanMarais_24_m
458	JeanMarais	30	AGE30	5954	5954_JeanMarais_30_m
458	JeanMarais	85	AGE85	5987	5987_JeanMarais_85_m
458	JeanMarais	29	AGE29	5953	5953_JeanMarais_29_m
458	JeanMarais	84	AGE84	5986	5986_JeanMarais_84_m
458	JeanMarais	31	AGE31	5956	5956_JeanMarais_31_m
458	JeanMarais	27	AGE27	5952	5952_JeanMarais_27_m
458	JeanMarais	80	AGE80	5982	5982_JeanMarais_80_m
458	JeanMarais	83	AGE83	5985	5985_JeanMarais_83_m
458	JeanMarais	25	AGE25	5951	5951_JeanMarais_25_m
458	JeanMarais	82	AGE82	5984	5984_JeanMarais_82_m
458	JeanMarais	17	AGE17	5949	5949_JeanMarais_17_m
458	JeanMarais	44	AGE44	5965	5965_JeanMarais_44_m
458	JeanMarais	43	AGE43	5964	5964_JeanMarais_43_m
458	JeanMarais	32	AGE32	5957	5957_JeanMarais_32_m
458	JeanMarais	66	AGE66	5976	5976_JeanMarais_66_m
458	JeanMarais	36	AGE36	5961	5961_JeanMarais_36_m
458	JeanMarais	35	AGE35	5960	5960_JeanMarais_35_m
458	JeanMarais	34	AGE34	5959	5959_JeanMarais_34_m
458	JeanMarais	79	AGE79	5981	5981_JeanMarais_79_m
459	WilliamShatner	39	AGE39	6090	6090_WilliamShatner_39_m
459	WilliamShatner	55	AGE55	6076	6076_WilliamShatner_55_m
459	WilliamShatner	65	AGE65	6081	6081_WilliamShatner_65_m
459	WilliamShatner	48	AGE48	6073	6073_WilliamShatner_48_m
459	WilliamShatner	70	AGE70	6084	6084_WilliamShatner_70_m
459	WilliamShatner	38	AGE38	6066	6066_WilliamShatner_38_m
459	WilliamShatner	81	AGE81	6094	6094_WilliamShatner_81_m
459	WilliamShatner	52	AGE52	6075	6075_WilliamShatner_52_m
459	WilliamShatner	67	AGE67	6082	6082_WilliamShatner_67_m
459	WilliamShatner	75	AGE75	6093	6093_WilliamShatner_75_m
459	WilliamShatner	77	AGE77	6088	6088_WilliamShatner_77_m
459	WilliamShatner	27	AGE27	6060	6060_WilliamShatner_27_m
459	WilliamShatner	29	AGE29	6062	6062_WilliamShatner_29_m
459	WilliamShatner	32	AGE32	6063	6063_WilliamShatner_32_m
459	WilliamShatner	44	AGE44	6070	6070_WilliamShatner_44_m
459	WilliamShatner	71	AGE71	6085	6085_WilliamShatner_71_m
459	WilliamShatner	50	AGE50	6074	6074_WilliamShatner_50_m
459	WilliamShatner	33	AGE33	6064	6064_WilliamShatner_33_m
459	WilliamShatner	36	AGE36	6065	6065_WilliamShatner_36_m
459	WilliamShatner	64	AGE64	6080	6080_WilliamShatner_64_m
459	WilliamShatner	76	AGE76	6087	6087_WilliamShatner_76_m
459	WilliamShatner	47	AGE47	6072	6072_WilliamShatner_47_m
459	WilliamShatner	69	AGE69	6083	6083_WilliamShatner_69_m
459	WilliamShatner	40	AGE40	6067	6067_WilliamShatner_40_m
459	WilliamShatner	63	AGE63	6079	6079_WilliamShatner_63_m
459	WilliamShatner	28	AGE28	6061	6061_WilliamShatner_28_m
459	WilliamShatner	80	AGE80	6089	6089_WilliamShatner_80_m
459	WilliamShatner	42	AGE42	6069	6069_WilliamShatner_42_m
459	WilliamShatner	45	AGE45	6071	6071_WilliamShatner_45_m
459	WilliamShatner	60	AGE60	6078	6078_WilliamShatner_60_m
459	WilliamShatner	74	AGE74	6086	6086_WilliamShatner_74_m
459	WilliamShatner	58	AGE58	6077	6077_WilliamShatner_58_m
459	WilliamShatner	72	AGE72	6092	6092_WilliamShatner_72_m
459	WilliamShatner	41	AGE41	6068	6068_WilliamShatner_41_m
459	WilliamShatner	24	AGE24	6059	6059_WilliamShatner_24_m
459	WilliamShatner	49	AGE49	6091	6091_WilliamShatner_49_m
460	AnneBaxter	31	AGE31	12500	12500_AnneBaxter_31_f
460	AnneBaxter	42	AGE42	12521	12521_AnneBaxter_42_f
460	AnneBaxter	28	AGE28	12498	12498_AnneBaxter_28_f
460	AnneBaxter	23	AGE23	12495	12495_AnneBaxter_23_f
460	AnneBaxter	53	AGE53	12516	12516_AnneBaxter_53_f
460	AnneBaxter	27	AGE27	12497	12497_AnneBaxter_27_f
460	AnneBaxter	36	AGE36	12505	12505_AnneBaxter_36_f
460	AnneBaxter	48	AGE48	12523	12523_AnneBaxter_48_f
460	AnneBaxter	17	AGE17	12487	12487_AnneBaxter_17_f
460	AnneBaxter	61	AGE61	12528	12528_AnneBaxter_61_f
460	AnneBaxter	41	AGE41	12509	12509_AnneBaxter_41_f
460	AnneBaxter	62	AGE62	12517	12517_AnneBaxter_62_f
460	AnneBaxter	38	AGE38	12520	12520_AnneBaxter_38_f
460	AnneBaxter	25	AGE25	12496	12496_AnneBaxter_25_f
460	AnneBaxter	44	AGE44	12511	12511_AnneBaxter_44_f
460	AnneBaxter	43	AGE43	12510	12510_AnneBaxter_43_f
460	AnneBaxter	59	AGE59	12526	12526_AnneBaxter_59_f
460	AnneBaxter	16	AGE16	12492	12492_AnneBaxter_16_f
460	AnneBaxter	60	AGE60	12527	12527_AnneBaxter_60_f
460	AnneBaxter	18	AGE18	12493	12493_AnneBaxter_18_f
460	AnneBaxter	32	AGE32	12501	12501_AnneBaxter_32_f
460	AnneBaxter	20	AGE20	12489	12489_AnneBaxter_20_f
460	AnneBaxter	22	AGE22	12494	12494_AnneBaxter_22_f
460	AnneBaxter	24	AGE24	12491	12491_AnneBaxter_24_f
460	AnneBaxter	21	AGE21	12490	12490_AnneBaxter_21_f
460	AnneBaxter	39	AGE39	12507	12507_AnneBaxter_39_f
460	AnneBaxter	56	AGE56	12524	12524_AnneBaxter_56_f
460	AnneBaxter	62	AGE62	12529	12529_AnneBaxter_62_f
460	AnneBaxter	51	AGE51	12515	12515_AnneBaxter_51_f
460	AnneBaxter	50	AGE50	12514	12514_AnneBaxter_50_f
460	AnneBaxter	40	AGE40	12508	12508_AnneBaxter_40_f
460	AnneBaxter	30	AGE30	12499	12499_AnneBaxter_30_f
460	AnneBaxter	26	AGE26	12518	12518_AnneBaxter_26_f
460	AnneBaxter	35	AGE35	12504	12504_AnneBaxter_35_f
460	AnneBaxter	19	AGE19	12488	12488_AnneBaxter_19_f
460	AnneBaxter	34	AGE34	12503	12503_AnneBaxter_34_f
460	AnneBaxter	46	AGE46	12522	12522_AnneBaxter_46_f
460	AnneBaxter	29	AGE29	12519	12519_AnneBaxter_29_f
460	AnneBaxter	58	AGE58	12525	12525_AnneBaxter_58_f
460	AnneBaxter	37	AGE37	12506	12506_AnneBaxter_37_f
460	AnneBaxter	49	AGE49	12513	12513_AnneBaxter_49_f
460	AnneBaxter	45	AGE45	12512	12512_AnneBaxter_45_f
460	AnneBaxter	33	AGE33	12502	12502_AnneBaxter_33_f
461	TimCurry	59	AGE59	1750	1750_TimCurry_59_m
461	TimCurry	60	AGE60	1751	1751_TimCurry_60_m
461	TimCurry	32	AGE32	1728	1728_TimCurry_32_m
461	TimCurry	53	AGE53	1744	1744_TimCurry_53_m
461	TimCurry	39	AGE39	1734	1734_TimCurry_39_m
461	TimCurry	62	AGE62	1753	1753_TimCurry_62_m
461	TimCurry	35	AGE35	1731	1731_TimCurry_35_m
461	TimCurry	44	AGE44	1736	1736_TimCurry_44_m
461	TimCurry	67	AGE67	1758	1758_TimCurry_67_m
461	TimCurry	48	AGE48	1740	1740_TimCurry_48_m
461	TimCurry	66	AGE66	1757	1757_TimCurry_66_m
461	TimCurry	25	AGE25	1723	1723_TimCurry_25_m
461	TimCurry	46	AGE46	1738	1738_TimCurry_46_m
461	TimCurry	63	AGE63	1754	1754_TimCurry_63_m
461	TimCurry	58	AGE58	1749	1749_TimCurry_58_m
461	TimCurry	26	AGE26	1724	1724_TimCurry_26_m
461	TimCurry	64	AGE64	1755	1755_TimCurry_64_m
461	TimCurry	45	AGE45	1737	1737_TimCurry_45_m
461	TimCurry	47	AGE47	1739	1739_TimCurry_47_m
461	TimCurry	37	AGE37	1733	1733_TimCurry_37_m
461	TimCurry	34	AGE34	1730	1730_TimCurry_34_m
461	TimCurry	29	AGE29	1726	1726_TimCurry_29_m
461	TimCurry	54	AGE54	1745	1745_TimCurry_54_m
461	TimCurry	51	AGE51	1742	1742_TimCurry_51_m
461	TimCurry	57	AGE57	1748	1748_TimCurry_57_m
461	TimCurry	56	AGE56	1747	1747_TimCurry_56_m
461	TimCurry	30	AGE30	1727	1727_TimCurry_30_m
461	TimCurry	52	AGE52	1743	1743_TimCurry_52_m
461	TimCurry	69	AGE69	1759	1759_TimCurry_69_m
461	TimCurry	28	AGE28	1725	1725_TimCurry_28_m
461	TimCurry	50	AGE50	1741	1741_TimCurry_50_m
461	TimCurry	61	AGE61	1752	1752_TimCurry_61_m
461	TimCurry	42	AGE42	1735	1735_TimCurry_42_m
461	TimCurry	65	AGE65	1756	1756_TimCurry_65_m
461	TimCurry	36	AGE36	1732	1732_TimCurry_36_m
461	TimCurry	33	AGE33	1729	1729_TimCurry_33_m
461	TimCurry	55	AGE55	1746	1746_TimCurry_55_m
462	KateOMara	73	AGE73	15623	15623_KateOMara_73_f
462	KateOMara	41	AGE41	15597	15597_KateOMara_41_f
462	KateOMara	35	AGE35	15591	15591_KateOMara_35_f
462	KateOMara	56	AGE56	15611	15611_KateOMara_56_f
462	KateOMara	42	AGE42	15598	15598_KateOMara_42_f
462	KateOMara	33	AGE33	15589	15589_KateOMara_33_f
462	KateOMara	29	AGE29	15585	15585_KateOMara_29_f
462	KateOMara	64	AGE64	15615	15615_KateOMara_64_f
462	KateOMara	31	AGE31	15587	15587_KateOMara_31_f
462	KateOMara	50	AGE50	15606	15606_KateOMara_50_f
462	KateOMara	62	AGE62	15614	15614_KateOMara_62_f
462	KateOMara	23	AGE23	15579	15579_KateOMara_23_f
462	KateOMara	38	AGE38	15595	15595_KateOMara_38_f
462	KateOMara	37	AGE37	15594	15594_KateOMara_37_f
462	KateOMara	36	AGE36	15593	15593_KateOMara_36_f
462	KateOMara	27	AGE27	15583	15583_KateOMara_27_f
462	KateOMara	70	AGE70	15621	15621_KateOMara_70_f
462	KateOMara	68	AGE68	15619	15619_KateOMara_68_f
462	KateOMara	25	AGE25	15581	15581_KateOMara_25_f
462	KateOMara	21	AGE21	15577	15577_KateOMara_21_f
462	KateOMara	58	AGE58	15613	15613_KateOMara_58_f
462	KateOMara	34	AGE34	15590	15590_KateOMara_34_f
462	KateOMara	57	AGE57	15612	15612_KateOMara_57_f
462	KateOMara	22	AGE22	15578	15578_KateOMara_22_f
462	KateOMara	69	AGE69	15620	15620_KateOMara_69_f
462	KateOMara	46	AGE46	15602	15602_KateOMara_46_f
462	KateOMara	39	AGE39	15596	15596_KateOMara_39_f
462	KateOMara	32	AGE32	15588	15588_KateOMara_32_f
462	KateOMara	75	AGE75	15624	15624_KateOMara_75_f
462	KateOMara	26	AGE26	15582	15582_KateOMara_26_f
462	KateOMara	47	AGE47	15603	15603_KateOMara_47_f
462	KateOMara	71	AGE71	15622	15622_KateOMara_71_f
462	KateOMara	43	AGE43	15599	15599_KateOMara_43_f
462	KateOMara	53	AGE53	15609	15609_KateOMara_53_f
462	KateOMara	28	AGE28	15584	15584_KateOMara_28_f
462	KateOMara	67	AGE67	15618	15618_KateOMara_67_f
462	KateOMara	45	AGE45	15601	15601_KateOMara_45_f
462	KateOMara	48	AGE48	15604	15604_KateOMara_48_f
462	KateOMara	65	AGE65	15616	15616_KateOMara_65_f
462	KateOMara	52	AGE52	15608	15608_KateOMara_52_f
462	KateOMara	24	AGE24	15580	15580_KateOMara_24_f
462	KateOMara	51	AGE51	15607	15607_KateOMara_51_f
462	KateOMara	54	AGE54	15610	15610_KateOMara_54_f
462	KateOMara	49	AGE49	15605	15605_KateOMara_49_f
462	KateOMara	36	AGE36	15592	15592_KateOMara_36_f
462	KateOMara	44	AGE44	15600	15600_KateOMara_44_f
462	KateOMara	66	AGE66	15617	15617_KateOMara_66_f
462	KateOMara	20	AGE20	15576	15576_KateOMara_20_f
462	KateOMara	30	AGE30	15586	15586_KateOMara_30_f
463	OrnellaMuti	39	AGE39	10775	10775_OrnellaMuti_39_f
463	OrnellaMuti	37	AGE37	10773	10773_OrnellaMuti_37_f
463	OrnellaMuti	54	AGE54	10788	10788_OrnellaMuti_54_f
463	OrnellaMuti	48	AGE48	10782	10782_OrnellaMuti_48_f
463	OrnellaMuti	18	AGE18	10754	10754_OrnellaMuti_18_f
463	OrnellaMuti	20	AGE20	10756	10756_OrnellaMuti_20_f
463	OrnellaMuti	52	AGE52	10786	10786_OrnellaMuti_52_f
463	OrnellaMuti	56	AGE56	10790	10790_OrnellaMuti_56_f
463	OrnellaMuti	28	AGE28	10764	10764_OrnellaMuti_28_f
463	OrnellaMuti	58	AGE58	10792	10792_OrnellaMuti_58_f
463	OrnellaMuti	57	AGE57	10791	10791_OrnellaMuti_57_f
463	OrnellaMuti	41	AGE41	10777	10777_OrnellaMuti_41_f
463	OrnellaMuti	59	AGE59	10793	10793_OrnellaMuti_59_f
463	OrnellaMuti	24	AGE24	10760	10760_OrnellaMuti_24_f
463	OrnellaMuti	51	AGE51	10785	10785_OrnellaMuti_51_f
463	OrnellaMuti	38	AGE38	10774	10774_OrnellaMuti_38_f
463	OrnellaMuti	42	AGE42	10778	10778_OrnellaMuti_42_f
463	OrnellaMuti	34	AGE34	10770	10770_OrnellaMuti_34_f
463	OrnellaMuti	19	AGE19	10755	10755_OrnellaMuti_19_f
463	OrnellaMuti	53	AGE53	10787	10787_OrnellaMuti_53_f
463	OrnellaMuti	40	AGE40	10776	10776_OrnellaMuti_40_f
463	OrnellaMuti	46	AGE46	10781	10781_OrnellaMuti_46_f
463	OrnellaMuti	22	AGE22	10758	10758_OrnellaMuti_22_f
463	OrnellaMuti	50	AGE50	10784	10784_OrnellaMuti_50_f
463	OrnellaMuti	31	AGE31	10767	10767_OrnellaMuti_31_f
463	OrnellaMuti	35	AGE35	10771	10771_OrnellaMuti_35_f
463	OrnellaMuti	32	AGE32	10768	10768_OrnellaMuti_32_f
463	OrnellaMuti	45	AGE45	10780	10780_OrnellaMuti_45_f
463	OrnellaMuti	55	AGE55	10789	10789_OrnellaMuti_55_f
463	OrnellaMuti	30	AGE30	10766	10766_OrnellaMuti_30_f
463	OrnellaMuti	15	AGE15	10752	10752_OrnellaMuti_15_f
463	OrnellaMuti	29	AGE29	10765	10765_OrnellaMuti_29_f
463	OrnellaMuti	33	AGE33	10769	10769_OrnellaMuti_33_f
463	OrnellaMuti	49	AGE49	10783	10783_OrnellaMuti_49_f
463	OrnellaMuti	43	AGE43	10779	10779_OrnellaMuti_43_f
463	OrnellaMuti	27	AGE27	10763	10763_OrnellaMuti_27_f
463	OrnellaMuti	21	AGE21	10757	10757_OrnellaMuti_21_f
463	OrnellaMuti	26	AGE26	10762	10762_OrnellaMuti_26_f
463	OrnellaMuti	36	AGE36	10772	10772_OrnellaMuti_36_f
463	OrnellaMuti	23	AGE23	10759	10759_OrnellaMuti_23_f
463	OrnellaMuti	16	AGE16	10753	10753_OrnellaMuti_16_f
463	OrnellaMuti	25	AGE25	10761	10761_OrnellaMuti_25_f
464	BetteMidler	52	AGE52	10459	10459_BetteMidler_52_f
464	BetteMidler	56	AGE56	10442	10442_BetteMidler_56_f
464	BetteMidler	38	AGE38	10473	10473_BetteMidler_38_f
464	BetteMidler	41	AGE41	10474	10474_BetteMidler_41_f
464	BetteMidler	53	AGE53	10470	10470_BetteMidler_53_f
464	BetteMidler	56	AGE56	10469	10469_BetteMidler_56_f
464	BetteMidler	35	AGE35	10458	10458_BetteMidler_35_f
464	BetteMidler	54	AGE54	10471	10471_BetteMidler_54_f
464	BetteMidler	50	AGE50	10456	10456_BetteMidler_50_f
464	BetteMidler	52	AGE52	10448	10448_BetteMidler_52_f
464	BetteMidler	48	AGE48	10468	10468_BetteMidler_48_f
464	BetteMidler	34	AGE34	10476	10476_BetteMidler_34_f
464	BetteMidler	32	AGE32	10451	10451_BetteMidler_32_f
464	BetteMidler	40	AGE40	10450	10450_BetteMidler_40_f
464	BetteMidler	35	AGE35	10466	10466_BetteMidler_35_f
464	BetteMidler	48	AGE48	10457	10457_BetteMidler_48_f
464	BetteMidler	29	AGE29	10441	10441_BetteMidler_29_f
464	BetteMidler	45	AGE45	10445	10445_BetteMidler_45_f
464	BetteMidler	41	AGE41	10460	10460_BetteMidler_41_f
464	BetteMidler	66	AGE66	10454	10454_BetteMidler_66_f
464	BetteMidler	48	AGE48	10462	10462_BetteMidler_48_f
464	BetteMidler	32	AGE32	10464	10464_BetteMidler_32_f
464	BetteMidler	51	AGE51	10447	10447_BetteMidler_51_f
464	BetteMidler	67	AGE67	10463	10463_BetteMidler_67_f
464	BetteMidler	48	AGE48	10446	10446_BetteMidler_48_f
464	BetteMidler	52	AGE52	10472	10472_BetteMidler_52_f
464	BetteMidler	42	AGE42	10461	10461_BetteMidler_42_f
464	BetteMidler	43	AGE43	10444	10444_BetteMidler_43_f
464	BetteMidler	68	AGE68	10475	10475_BetteMidler_68_f
464	BetteMidler	36	AGE36	10467	10467_BetteMidler_36_f
464	BetteMidler	57	AGE57	10443	10443_BetteMidler_57_f
464	BetteMidler	21	AGE21	10440	10440_BetteMidler_21_f
464	BetteMidler	30	AGE30	10455	10455_BetteMidler_30_f
464	BetteMidler	55	AGE55	10449	10449_BetteMidler_55_f
464	BetteMidler	65	AGE65	10453	10453_BetteMidler_65_f
464	BetteMidler	55	AGE55	10465	10465_BetteMidler_55_f
464	BetteMidler	62	AGE62	10452	10452_BetteMidler_62_f
465	JohnDRockefeller	61	AGE61	438	438_JohnDRockefeller_61_m
465	JohnDRockefeller	52	AGE52	441	441_JohnDRockefeller_52_m
465	JohnDRockefeller	76	AGE76	436	436_JohnDRockefeller_76_m
465	JohnDRockefeller	75	AGE75	440	440_JohnDRockefeller_75_m
465	JohnDRockefeller	36	AGE36	433	433_JohnDRockefeller_36_m
465	JohnDRockefeller	70	AGE70	426	426_JohnDRockefeller_70_m
465	JohnDRockefeller	65	AGE65	427	427_JohnDRockefeller_65_m
465	JohnDRockefeller	58	AGE58	430	430_JohnDRockefeller_58_m
465	JohnDRockefeller	52	AGE52	434	434_JohnDRockefeller_52_m
465	JohnDRockefeller	85	AGE85	428	428_JohnDRockefeller_85_m
465	JohnDRockefeller	75	AGE75	439	439_JohnDRockefeller_75_m
465	JohnDRockefeller	32	AGE32	432	432_JohnDRockefeller_32_m
465	JohnDRockefeller	90	AGE90	437	437_JohnDRockefeller_90_m
465	JohnDRockefeller	50	AGE50	431	431_JohnDRockefeller_50_m
465	JohnDRockefeller	70	AGE70	429	429_JohnDRockefeller_70_m
465	JohnDRockefeller	36	AGE36	435	435_JohnDRockefeller_36_m
465	JohnDRockefeller	31	AGE31	442	442_JohnDRockefeller_31_m
466	CharlesBronson	63	AGE63	8512	8512_CharlesBronson_63_m
466	CharlesBronson	48	AGE48	8514	8514_CharlesBronson_48_m
466	CharlesBronson	39	AGE39	8518	8518_CharlesBronson_39_m
466	CharlesBronson	75	AGE75	8521	8521_CharlesBronson_75_m
466	CharlesBronson	68	AGE68	8523	8523_CharlesBronson_68_m
466	CharlesBronson	22	AGE22	8522	8522_CharlesBronson_22_m
466	CharlesBronson	38	AGE38	8515	8515_CharlesBronson_38_m
466	CharlesBronson	63	AGE63	8528	8528_CharlesBronson_63_m
466	CharlesBronson	21	AGE21	8517	8517_CharlesBronson_21_m
466	CharlesBronson	68	AGE68	8513	8513_CharlesBronson_68_m
466	CharlesBronson	65	AGE65	8520	8520_CharlesBronson_65_m
466	CharlesBronson	65	AGE65	8524	8524_CharlesBronson_65_m
466	CharlesBronson	75	AGE75	8526	8526_CharlesBronson_75_m
466	CharlesBronson	65	AGE65	8527	8527_CharlesBronson_65_m
466	CharlesBronson	40	AGE40	8516	8516_CharlesBronson_40_m
466	CharlesBronson	45	AGE45	8519	8519_CharlesBronson_45_m
466	CharlesBronson	53	AGE53	8511	8511_CharlesBronson_53_m
466	CharlesBronson	63	AGE63	8525	8525_CharlesBronson_63_m
466	CharlesBronson	58	AGE58	8510	8510_CharlesBronson_58_m
467	BertrandRussell	88	AGE88	1367	1367_BertrandRussell_88_m
467	BertrandRussell	35	AGE35	1369	1369_BertrandRussell_35_m
467	BertrandRussell	89	AGE89	1358	1358_BertrandRussell_89_m
467	BertrandRussell	80	AGE80	1361	1361_BertrandRussell_80_m
467	BertrandRussell	50	AGE50	1353	1353_BertrandRussell_50_m
467	BertrandRussell	25	AGE25	1368	1368_BertrandRussell_25_m
467	BertrandRussell	85	AGE85	1366	1366_BertrandRussell_85_m
467	BertrandRussell	60	AGE60	1370	1370_BertrandRussell_60_m
467	BertrandRussell	60	AGE60	1364	1364_BertrandRussell_60_m
467	BertrandRussell	8	AGE8	1351	1351_BertrandRussell_8_m
467	BertrandRussell	65	AGE65	1355	1355_BertrandRussell_65_m
467	BertrandRussell	11	AGE11	1350	1350_BertrandRussell_11_m
467	BertrandRussell	78	AGE78	1359	1359_BertrandRussell_78_m
467	BertrandRussell	80	AGE80	1362	1362_BertrandRussell_80_m
467	BertrandRussell	88	AGE88	1371	1371_BertrandRussell_88_m
467	BertrandRussell	65	AGE65	1354	1354_BertrandRussell_65_m
467	BertrandRussell	78	AGE78	1363	1363_BertrandRussell_78_m
467	BertrandRussell	95	AGE95	1360	1360_BertrandRussell_95_m
467	BertrandRussell	75	AGE75	1357	1357_BertrandRussell_75_m
467	BertrandRussell	85	AGE85	1352	1352_BertrandRussell_85_m
467	BertrandRussell	50	AGE50	1365	1365_BertrandRussell_50_m
467	BertrandRussell	75	AGE75	1356	1356_BertrandRussell_75_m
468	BetteDavis	27	AGE27	13346	13346_BetteDavis_27_f
468	BetteDavis	70	AGE70	13372	13372_BetteDavis_70_f
468	BetteDavis	73	AGE73	13368	13368_BetteDavis_73_f
468	BetteDavis	42	AGE42	13356	13356_BetteDavis_42_f
468	BetteDavis	28	AGE28	13347	13347_BetteDavis_28_f
468	BetteDavis	33	AGE33	13350	13350_BetteDavis_33_f
468	BetteDavis	48	AGE48	13354	13354_BetteDavis_48_f
468	BetteDavis	37	AGE37	13352	13352_BetteDavis_37_f
468	BetteDavis	77	AGE77	13367	13367_BetteDavis_77_f
468	BetteDavis	23	AGE23	13364	13364_BetteDavis_23_f
468	BetteDavis	31	AGE31	13349	13349_BetteDavis_31_f
468	BetteDavis	51	AGE51	13358	13358_BetteDavis_51_f
468	BetteDavis	42	AGE42	13359	13359_BetteDavis_42_f
468	BetteDavis	25	AGE25	13344	13344_BetteDavis_25_f
468	BetteDavis	38	AGE38	13370	13370_BetteDavis_38_f
468	BetteDavis	55	AGE55	13362	13362_BetteDavis_55_f
468	BetteDavis	47	AGE47	13357	13357_BetteDavis_47_f
468	BetteDavis	26	AGE26	13345	13345_BetteDavis_26_f
468	BetteDavis	79	AGE79	13366	13366_BetteDavis_79_f
468	BetteDavis	70	AGE70	13363	13363_BetteDavis_70_f
468	BetteDavis	46	AGE46	13360	13360_BetteDavis_46_f
468	BetteDavis	54	AGE54	13361	13361_BetteDavis_54_f
468	BetteDavis	48	AGE48	13353	13353_BetteDavis_48_f
468	BetteDavis	48	AGE48	13371	13371_BetteDavis_48_f
468	BetteDavis	34	AGE34	13351	13351_BetteDavis_34_f
468	BetteDavis	34	AGE34	13369	13369_BetteDavis_34_f
468	BetteDavis	35	AGE35	13365	13365_BetteDavis_35_f
468	BetteDavis	30	AGE30	13348	13348_BetteDavis_30_f
468	BetteDavis	54	AGE54	13355	13355_BetteDavis_54_f
469	ClaudiaCardinale	72	AGE72	13003	13003_ClaudiaCardinale_72_f
469	ClaudiaCardinale	25	AGE25	12980	12980_ClaudiaCardinale_25_f
469	ClaudiaCardinale	47	AGE47	12996	12996_ClaudiaCardinale_47_f
469	ClaudiaCardinale	31	AGE31	12985	12985_ClaudiaCardinale_31_f
469	ClaudiaCardinale	21	AGE21	12976	12976_ClaudiaCardinale_21_f
469	ClaudiaCardinale	22	AGE22	12977	12977_ClaudiaCardinale_22_f
469	ClaudiaCardinale	27	AGE27	12982	12982_ClaudiaCardinale_27_f
469	ClaudiaCardinale	42	AGE42	13005	13005_ClaudiaCardinale_42_f
469	ClaudiaCardinale	43	AGE43	12994	12994_ClaudiaCardinale_43_f
469	ClaudiaCardinale	64	AGE64	13001	13001_ClaudiaCardinale_64_f
469	ClaudiaCardinale	34	AGE34	12987	12987_ClaudiaCardinale_34_f
469	ClaudiaCardinale	28	AGE28	12983	12983_ClaudiaCardinale_28_f
469	ClaudiaCardinale	44	AGE44	13006	13006_ClaudiaCardinale_44_f
469	ClaudiaCardinale	37	AGE37	12991	12991_ClaudiaCardinale_37_f
469	ClaudiaCardinale	36	AGE36	12990	12990_ClaudiaCardinale_36_f
469	ClaudiaCardinale	40	AGE40	12992	12992_ClaudiaCardinale_40_f
469	ClaudiaCardinale	71	AGE71	13002	13002_ClaudiaCardinale_71_f
469	ClaudiaCardinale	53	AGE53	12999	12999_ClaudiaCardinale_53_f
469	ClaudiaCardinale	30	AGE30	12984	12984_ClaudiaCardinale_30_f
469	ClaudiaCardinale	23	AGE23	12978	12978_ClaudiaCardinale_23_f
469	ClaudiaCardinale	40	AGE40	12993	12993_ClaudiaCardinale_40_f
469	ClaudiaCardinale	52	AGE52	12998	12998_ClaudiaCardinale_52_f
469	ClaudiaCardinale	32	AGE32	12986	12986_ClaudiaCardinale_32_f
469	ClaudiaCardinale	35	AGE35	12989	12989_ClaudiaCardinale_35_f
469	ClaudiaCardinale	74	AGE74	13004	13004_ClaudiaCardinale_74_f
469	ClaudiaCardinale	35	AGE35	12988	12988_ClaudiaCardinale_35_f
469	ClaudiaCardinale	26	AGE26	12981	12981_ClaudiaCardinale_26_f
469	ClaudiaCardinale	46	AGE46	12995	12995_ClaudiaCardinale_46_f
469	ClaudiaCardinale	64	AGE64	13000	13000_ClaudiaCardinale_64_f
469	ClaudiaCardinale	24	AGE24	12979	12979_ClaudiaCardinale_24_f
469	ClaudiaCardinale	50	AGE50	12997	12997_ClaudiaCardinale_50_f
470	FranklinDRoosevelt	47	AGE47	928	928_FranklinDRoosevelt_47_m
470	FranklinDRoosevelt	51	AGE51	936	936_FranklinDRoosevelt_51_m
470	FranklinDRoosevelt	31	AGE31	924	924_FranklinDRoosevelt_31_m
470	FranklinDRoosevelt	61	AGE61	943	943_FranklinDRoosevelt_61_m
470	FranklinDRoosevelt	38	AGE38	927	927_FranklinDRoosevelt_38_m
470	FranklinDRoosevelt	23	AGE23	939	939_FranklinDRoosevelt_23_m
470	FranklinDRoosevelt	55	AGE55	941	941_FranklinDRoosevelt_55_m
470	FranklinDRoosevelt	56	AGE56	930	930_FranklinDRoosevelt_56_m
470	FranklinDRoosevelt	52	AGE52	934	934_FranklinDRoosevelt_52_m
470	FranklinDRoosevelt	63	AGE63	926	926_FranklinDRoosevelt_63_m
470	FranklinDRoosevelt	15	AGE15	933	933_FranklinDRoosevelt_15_m
470	FranklinDRoosevelt	22	AGE22	935	935_FranklinDRoosevelt_22_m
470	FranklinDRoosevelt	58	AGE58	940	940_FranklinDRoosevelt_58_m
470	FranklinDRoosevelt	51	AGE51	942	942_FranklinDRoosevelt_51_m
470	FranklinDRoosevelt	50	AGE50	929	929_FranklinDRoosevelt_50_m
470	FranklinDRoosevelt	60	AGE60	932	932_FranklinDRoosevelt_60_m
470	FranklinDRoosevelt	53	AGE53	925	925_FranklinDRoosevelt_53_m
470	FranklinDRoosevelt	55	AGE55	938	938_FranklinDRoosevelt_55_m
470	FranklinDRoosevelt	59	AGE59	931	931_FranklinDRoosevelt_59_m
470	FranklinDRoosevelt	52	AGE52	937	937_FranklinDRoosevelt_52_m
471	ClaudetteColbert	33	AGE33	14681	14681_ClaudetteColbert_33_f
471	ClaudetteColbert	40	AGE40	14671	14671_ClaudetteColbert_40_f
471	ClaudetteColbert	41	AGE41	14672	14672_ClaudetteColbert_41_f
471	ClaudetteColbert	48	AGE48	14686	14686_ClaudetteColbert_48_f
471	ClaudetteColbert	58	AGE58	14678	14678_ClaudetteColbert_58_f
471	ClaudetteColbert	28	AGE28	14665	14665_ClaudetteColbert_28_f
471	ClaudetteColbert	32	AGE32	14688	14688_ClaudetteColbert_32_f
471	ClaudetteColbert	27	AGE27	14674	14674_ClaudetteColbert_27_f
471	ClaudetteColbert	29	AGE29	14666	14666_ClaudetteColbert_29_f
471	ClaudetteColbert	78	AGE78	14680	14680_ClaudetteColbert_78_f
471	ClaudetteColbert	34	AGE34	14691	14691_ClaudetteColbert_34_f
471	ClaudetteColbert	56	AGE56	14677	14677_ClaudetteColbert_56_f
471	ClaudetteColbert	24	AGE24	14663	14663_ClaudetteColbert_24_f
471	ClaudetteColbert	84	AGE84	14689	14689_ClaudetteColbert_84_f
471	ClaudetteColbert	25	AGE25	14664	14664_ClaudetteColbert_25_f
471	ClaudetteColbert	40	AGE40	14692	14692_ClaudetteColbert_40_f
471	ClaudetteColbert	53	AGE53	14676	14676_ClaudetteColbert_53_f
471	ClaudetteColbert	36	AGE36	14669	14669_ClaudetteColbert_36_f
471	ClaudetteColbert	42	AGE42	14673	14673_ClaudetteColbert_42_f
471	ClaudetteColbert	31	AGE31	14667	14667_ClaudetteColbert_31_f
471	ClaudetteColbert	72	AGE72	14662	14662_ClaudetteColbert_72_f
471	ClaudetteColbert	42	AGE42	14682	14682_ClaudetteColbert_42_f
471	ClaudetteColbert	44	AGE44	14683	14683_ClaudetteColbert_44_f
471	ClaudetteColbert	31	AGE31	14661	14661_ClaudetteColbert_31_f
471	ClaudetteColbert	81	AGE81	14679	14679_ClaudetteColbert_81_f
471	ClaudetteColbert	39	AGE39	14675	14675_ClaudetteColbert_39_f
471	ClaudetteColbert	50	AGE50	14687	14687_ClaudetteColbert_50_f
471	ClaudetteColbert	28	AGE28	14690	14690_ClaudetteColbert_28_f
471	ClaudetteColbert	37	AGE37	14670	14670_ClaudetteColbert_37_f
471	ClaudetteColbert	52	AGE52	14684	14684_ClaudetteColbert_52_f
471	ClaudetteColbert	47	AGE47	14685	14685_ClaudetteColbert_47_f
471	ClaudetteColbert	32	AGE32	14668	14668_ClaudetteColbert_32_f
472	StephenHawking	23	AGE23	1005	1005_StephenHawking_23_m
472	StephenHawking	48	AGE48	1022	1022_StephenHawking_48_m
472	StephenHawking	67	AGE67	1013	1013_StephenHawking_67_m
472	StephenHawking	43	AGE43	1007	1007_StephenHawking_43_m
472	StephenHawking	64	AGE64	1021	1021_StephenHawking_64_m
472	StephenHawking	53	AGE53	1019	1019_StephenHawking_53_m
472	StephenHawking	15	AGE15	1002	1002_StephenHawking_15_m
472	StephenHawking	53	AGE53	1016	1016_StephenHawking_53_m
472	StephenHawking	67	AGE67	1012	1012_StephenHawking_67_m
472	StephenHawking	65	AGE65	1017	1017_StephenHawking_65_m
472	StephenHawking	64	AGE64	1011	1011_StephenHawking_64_m
472	StephenHawking	43	AGE43	1008	1008_StephenHawking_43_m
472	StephenHawking	67	AGE67	1014	1014_StephenHawking_67_m
472	StephenHawking	65	AGE65	1020	1020_StephenHawking_65_m
472	StephenHawking	62	AGE62	1010	1010_StephenHawking_62_m
472	StephenHawking	36	AGE36	1006	1006_StephenHawking_36_m
472	StephenHawking	45	AGE45	1023	1023_StephenHawking_45_m
472	StephenHawking	46	AGE46	1009	1009_StephenHawking_46_m
472	StephenHawking	54	AGE54	1024	1024_StephenHawking_54_m
472	StephenHawking	43	AGE43	1004	1004_StephenHawking_43_m
472	StephenHawking	1	AGE1	1000	1000_StephenHawking_1_m
472	StephenHawking	21	AGE21	1003	1003_StephenHawking_21_m
472	StephenHawking	3	AGE3	1001	1001_StephenHawking_3_m
472	StephenHawking	66	AGE66	1018	1018_StephenHawking_66_m
472	StephenHawking	40	AGE40	1015	1015_StephenHawking_40_m
473	LizaMinelli	66	AGE66	11176	11176_LizaMinelli_66_f
473	LizaMinelli	31	AGE31	11158	11158_LizaMinelli_31_f
473	LizaMinelli	57	AGE57	11170	11170_LizaMinelli_57_f
473	LizaMinelli	30	AGE30	11179	11179_LizaMinelli_30_f
473	LizaMinelli	27	AGE27	11153	11153_LizaMinelli_27_f
473	LizaMinelli	63	AGE63	11174	11174_LizaMinelli_63_f
473	LizaMinelli	33	AGE33	11177	11177_LizaMinelli_33_f
473	LizaMinelli	29	AGE29	11155	11155_LizaMinelli_29_f
473	LizaMinelli	28	AGE28	11154	11154_LizaMinelli_28_f
473	LizaMinelli	64	AGE64	11175	11175_LizaMinelli_64_f
473	LizaMinelli	41	AGE41	11163	11163_LizaMinelli_41_f
473	LizaMinelli	43	AGE43	11165	11165_LizaMinelli_43_f
473	LizaMinelli	26	AGE26	11152	11152_LizaMinelli_26_f
473	LizaMinelli	42	AGE42	11164	11164_LizaMinelli_42_f
473	LizaMinelli	56	AGE56	11169	11169_LizaMinelli_56_f
473	LizaMinelli	53	AGE53	11167	11167_LizaMinelli_53_f
473	LizaMinelli	60	AGE60	11173	11173_LizaMinelli_60_f
473	LizaMinelli	58	AGE58	11171	11171_LizaMinelli_58_f
473	LizaMinelli	17	AGE17	11149	11149_LizaMinelli_17_f
473	LizaMinelli	31	AGE31	11157	11157_LizaMinelli_31_f
473	LizaMinelli	29	AGE29	11156	11156_LizaMinelli_29_f
473	LizaMinelli	45	AGE45	11166	11166_LizaMinelli_45_f
473	LizaMinelli	35	AGE35	11159	11159_LizaMinelli_35_f
473	LizaMinelli	24	AGE24	11151	11151_LizaMinelli_24_f
473	LizaMinelli	55	AGE55	11168	11168_LizaMinelli_55_f
473	LizaMinelli	32	AGE32	11178	11178_LizaMinelli_32_f
473	LizaMinelli	40	AGE40	11162	11162_LizaMinelli_40_f
473	LizaMinelli	36	AGE36	11160	11160_LizaMinelli_36_f
473	LizaMinelli	38	AGE38	11161	11161_LizaMinelli_38_f
473	LizaMinelli	23	AGE23	11150	11150_LizaMinelli_23_f
473	LizaMinelli	59	AGE59	11172	11172_LizaMinelli_59_f
474	TellySavalas	68	AGE68	7636	7636_TellySavalas_68_m
474	TellySavalas	52	AGE52	7626	7626_TellySavalas_52_m
474	TellySavalas	40	AGE40	7611	7611_TellySavalas_40_m
474	TellySavalas	49	AGE49	7622	7622_TellySavalas_49_m
474	TellySavalas	56	AGE56	7629	7629_TellySavalas_56_m
474	TellySavalas	51	AGE51	7624	7624_TellySavalas_51_m
474	TellySavalas	39	AGE39	7610	7610_TellySavalas_39_m
474	TellySavalas	57	AGE57	7630	7630_TellySavalas_57_m
474	TellySavalas	44	AGE44	7617	7617_TellySavalas_44_m
474	TellySavalas	58	AGE58	7631	7631_TellySavalas_58_m
474	TellySavalas	57	AGE57	7639	7639_TellySavalas_57_m
474	TellySavalas	43	AGE43	7616	7616_TellySavalas_43_m
474	TellySavalas	63	AGE63	7633	7633_TellySavalas_63_m
474	TellySavalas	50	AGE50	7637	7637_TellySavalas_50_m
474	TellySavalas	62	AGE62	7632	7632_TellySavalas_62_m
474	TellySavalas	42	AGE42	7615	7615_TellySavalas_42_m
474	TellySavalas	54	AGE54	7638	7638_TellySavalas_54_m
474	TellySavalas	55	AGE55	7628	7628_TellySavalas_55_m
474	TellySavalas	50	AGE50	7623	7623_TellySavalas_50_m
474	TellySavalas	40	AGE40	7612	7612_TellySavalas_40_m
474	TellySavalas	45	AGE45	7618	7618_TellySavalas_45_m
474	TellySavalas	51	AGE51	7625	7625_TellySavalas_51_m
474	TellySavalas	41	AGE41	7614	7614_TellySavalas_41_m
474	TellySavalas	53	AGE53	7627	7627_TellySavalas_53_m
474	TellySavalas	47	AGE47	7620	7620_TellySavalas_47_m
474	TellySavalas	41	AGE41	7613	7613_TellySavalas_41_m
474	TellySavalas	48	AGE48	7621	7621_TellySavalas_48_m
474	TellySavalas	66	AGE66	7635	7635_TellySavalas_66_m
474	TellySavalas	65	AGE65	7634	7634_TellySavalas_65_m
474	TellySavalas	46	AGE46	7619	7619_TellySavalas_46_m
475	NeildeGrasseTyson 	53	AGE53	16000	16000_NeildeGrasseTyson _53_m
475	NeildeGrasseTyson 	56	AGE56	16001	16001_NeildeGrasseTyson _56_m
475	NeildeGrasseTyson 	54	AGE54	16005	16005_NeildeGrasseTyson _54_m
475	NeildeGrasseTyson 	51	AGE51	15999	15999_NeildeGrasseTyson _51_m
475	NeildeGrasseTyson 	51	AGE51	16002	16002_NeildeGrasseTyson _51_m
475	NeildeGrasseTyson 	50	AGE50	16003	16003_NeildeGrasseTyson _50_m
475	NeildeGrasseTyson 	56	AGE56	16004	16004_NeildeGrasseTyson _56_m
476	RaquelWelch	25	AGE25	10827	10827_RaquelWelch_25_f
476	RaquelWelch	62	AGE62	10846	10846_RaquelWelch_62_f
476	RaquelWelch	23	AGE23	10851	10851_RaquelWelch_23_f
476	RaquelWelch	41	AGE41	10838	10838_RaquelWelch_41_f
476	RaquelWelch	38	AGE38	10836	10836_RaquelWelch_38_f
476	RaquelWelch	27	AGE27	10829	10829_RaquelWelch_27_f
476	RaquelWelch	34	AGE34	10834	10834_RaquelWelch_34_f
476	RaquelWelch	60	AGE60	10845	10845_RaquelWelch_60_f
476	RaquelWelch	36	AGE36	10835	10835_RaquelWelch_36_f
476	RaquelWelch	49	AGE49	10841	10841_RaquelWelch_49_f
476	RaquelWelch	66	AGE66	10848	10848_RaquelWelch_66_f
476	RaquelWelch	30	AGE30	10831	10831_RaquelWelch_30_f
476	RaquelWelch	28	AGE28	10830	10830_RaquelWelch_28_f
476	RaquelWelch	32	AGE32	10833	10833_RaquelWelch_32_f
476	RaquelWelch	47	AGE47	10840	10840_RaquelWelch_47_f
476	RaquelWelch	38	AGE38	10852	10852_RaquelWelch_38_f
476	RaquelWelch	26	AGE26	10828	10828_RaquelWelch_26_f
476	RaquelWelch	31	AGE31	10832	10832_RaquelWelch_31_f
476	RaquelWelch	39	AGE39	10837	10837_RaquelWelch_39_f
476	RaquelWelch	68	AGE68	10849	10849_RaquelWelch_68_f
476	RaquelWelch	40	AGE40	10853	10853_RaquelWelch_40_f
476	RaquelWelch	65	AGE65	10847	10847_RaquelWelch_65_f
476	RaquelWelch	58	AGE58	10844	10844_RaquelWelch_58_f
476	RaquelWelch	45	AGE45	10839	10839_RaquelWelch_45_f
476	RaquelWelch	56	AGE56	10843	10843_RaquelWelch_56_f
476	RaquelWelch	24	AGE24	10826	10826_RaquelWelch_24_f
476	RaquelWelch	70	AGE70	10850	10850_RaquelWelch_70_f
476	RaquelWelch	53	AGE53	10842	10842_RaquelWelch_53_f
477	GeorgeHWBush	84	AGE84	693	693_GeorgeHWBush_84_m
477	GeorgeHWBush	83	AGE83	687	687_GeorgeHWBush_83_m
477	GeorgeHWBush	83	AGE83	692	692_GeorgeHWBush_83_m
477	GeorgeHWBush	65	AGE65	694	694_GeorgeHWBush_65_m
477	GeorgeHWBush	78	AGE78	689	689_GeorgeHWBush_78_m
477	GeorgeHWBush	66	AGE66	690	690_GeorgeHWBush_66_m
477	GeorgeHWBush	65	AGE65	698	698_GeorgeHWBush_65_m
477	GeorgeHWBush	68	AGE68	697	697_GeorgeHWBush_68_m
477	GeorgeHWBush	58	AGE58	695	695_GeorgeHWBush_58_m
477	GeorgeHWBush	67	AGE67	691	691_GeorgeHWBush_67_m
477	GeorgeHWBush	76	AGE76	696	696_GeorgeHWBush_76_m
477	GeorgeHWBush	20	AGE20	688	688_GeorgeHWBush_20_m
478	FredAstaire	62	AGE62	7893	7893_FredAstaire_62_m
478	FredAstaire	45	AGE45	7885	7885_FredAstaire_45_m
478	FredAstaire	42	AGE42	7880	7880_FredAstaire_42_m
478	FredAstaire	37	AGE37	7886	7886_FredAstaire_37_m
478	FredAstaire	65	AGE65	7887	7887_FredAstaire_65_m
478	FredAstaire	41	AGE41	7895	7895_FredAstaire_41_m
478	FredAstaire	41	AGE41	7881	7881_FredAstaire_41_m
478	FredAstaire	75	AGE75	7902	7902_FredAstaire_75_m
478	FredAstaire	59	AGE59	7883	7883_FredAstaire_59_m
478	FredAstaire	38	AGE38	7892	7892_FredAstaire_38_m
478	FredAstaire	45	AGE45	7889	7889_FredAstaire_45_m
478	FredAstaire	37	AGE37	7900	7900_FredAstaire_37_m
478	FredAstaire	54	AGE54	7884	7884_FredAstaire_54_m
478	FredAstaire	42	AGE42	7899	7899_FredAstaire_42_m
478	FredAstaire	21	AGE21	7891	7891_FredAstaire_21_m
478	FredAstaire	20	AGE20	7901	7901_FredAstaire_20_m
478	FredAstaire	37	AGE37	7890	7890_FredAstaire_37_m
478	FredAstaire	42	AGE42	7897	7897_FredAstaire_42_m
478	FredAstaire	36	AGE36	7894	7894_FredAstaire_36_m
478	FredAstaire	51	AGE51	7898	7898_FredAstaire_51_m
478	FredAstaire	56	AGE56	7888	7888_FredAstaire_56_m
478	FredAstaire	82	AGE82	7896	7896_FredAstaire_82_m
478	FredAstaire	82	AGE82	7882	7882_FredAstaire_82_m
479	PeterUstinov	67	AGE67	8204	8204_PeterUstinov_67_m
479	PeterUstinov	68	AGE68	8208	8208_PeterUstinov_68_m
479	PeterUstinov	34	AGE34	8205	8205_PeterUstinov_34_m
479	PeterUstinov	75	AGE75	8200	8200_PeterUstinov_75_m
479	PeterUstinov	20	AGE20	8187	8187_PeterUstinov_20_m
479	PeterUstinov	70	AGE70	8191	8191_PeterUstinov_70_m
479	PeterUstinov	55	AGE55	8212	8212_PeterUstinov_55_m
479	PeterUstinov	30	AGE30	8207	8207_PeterUstinov_30_m
479	PeterUstinov	43	AGE43	8209	8209_PeterUstinov_43_m
479	PeterUstinov	48	AGE48	8192	8192_PeterUstinov_48_m
479	PeterUstinov	52	AGE52	8189	8189_PeterUstinov_52_m
479	PeterUstinov	18	AGE18	8190	8190_PeterUstinov_18_m
479	PeterUstinov	75	AGE75	8188	8188_PeterUstinov_75_m
479	PeterUstinov	70	AGE70	8196	8196_PeterUstinov_70_m
479	PeterUstinov	72	AGE72	8195	8195_PeterUstinov_72_m
479	PeterUstinov	43	AGE43	8193	8193_PeterUstinov_43_m
479	PeterUstinov	19	AGE19	8186	8186_PeterUstinov_19_m
479	PeterUstinov	38	AGE38	8203	8203_PeterUstinov_38_m
479	PeterUstinov	40	AGE40	8201	8201_PeterUstinov_40_m
479	PeterUstinov	33	AGE33	8215	8215_PeterUstinov_33_m
479	PeterUstinov	50	AGE50	8210	8210_PeterUstinov_50_m
479	PeterUstinov	28	AGE28	8206	8206_PeterUstinov_28_m
479	PeterUstinov	72	AGE72	8197	8197_PeterUstinov_72_m
479	PeterUstinov	73	AGE73	8202	8202_PeterUstinov_73_m
479	PeterUstinov	35	AGE35	8198	8198_PeterUstinov_35_m
479	PeterUstinov	70	AGE70	8199	8199_PeterUstinov_70_m
479	PeterUstinov	72	AGE72	8213	8213_PeterUstinov_72_m
479	PeterUstinov	48	AGE48	8214	8214_PeterUstinov_48_m
479	PeterUstinov	52	AGE52	8211	8211_PeterUstinov_52_m
479	PeterUstinov	68	AGE68	8194	8194_PeterUstinov_68_m
480	JeanGabin	54	AGE54	5328	5328_JeanGabin_54_m
480	JeanGabin	63	AGE63	5325	5325_JeanGabin_63_m
480	JeanGabin	65	AGE65	5335	5335_JeanGabin_65_m
480	JeanGabin	52	AGE52	5326	5326_JeanGabin_52_m
480	JeanGabin	42	AGE42	5334	5334_JeanGabin_42_m
480	JeanGabin	54	AGE54	5332	5332_JeanGabin_54_m
480	JeanGabin	46	AGE46	5324	5324_JeanGabin_46_m
480	JeanGabin	32	AGE32	5336	5336_JeanGabin_32_m
480	JeanGabin	52	AGE52	5331	5331_JeanGabin_52_m
480	JeanGabin	45	AGE45	5337	5337_JeanGabin_45_m
480	JeanGabin	54	AGE54	5333	5333_JeanGabin_54_m
480	JeanGabin	52	AGE52	5327	5327_JeanGabin_52_m
480	JeanGabin	70	AGE70	5329	5329_JeanGabin_70_m
480	JeanGabin	51	AGE51	5330	5330_JeanGabin_51_m
481	AndreMarieAmp╨Ъre	38	AGE38	1251	1251_AndreMarieAmp╨Ъre_38_m
481	AndreMarieAmp╨Ъre	30	AGE30	1249	1249_AndreMarieAmp╨Ъre_30_m
481	AndreMarieAmp╨Ъre	28	AGE28	1250	1250_AndreMarieAmp╨Ъre_28_m
481	AndreMarieAmp╨Ъre	35	AGE35	1247	1247_AndreMarieAmp╨Ъre_35_m
481	AndreMarieAmp╨Ъre	25	AGE25	1248	1248_AndreMarieAmp╨Ъre_25_m
482	JuneLockhart	80	AGE80	11140	11140_JuneLockhart_80_f
482	JuneLockhart	46	AGE46	11128	11128_JuneLockhart_46_f
482	JuneLockhart	23	AGE23	11117	11117_JuneLockhart_23_f
482	JuneLockhart	18	AGE18	11115	11115_JuneLockhart_18_f
482	JuneLockhart	42	AGE42	11126	11126_JuneLockhart_42_f
482	JuneLockhart	28	AGE28	11119	11119_JuneLockhart_28_f
482	JuneLockhart	60	AGE60	11132	11132_JuneLockhart_60_f
482	JuneLockhart	13	AGE13	11112	11112_JuneLockhart_13_f
482	JuneLockhart	56	AGE56	11131	11131_JuneLockhart_56_f
482	JuneLockhart	15	AGE15	11113	11113_JuneLockhart_15_f
482	JuneLockhart	83	AGE83	11143	11143_JuneLockhart_83_f
482	JuneLockhart	27	AGE27	11118	11118_JuneLockhart_27_f
482	JuneLockhart	40	AGE40	11124	11124_JuneLockhart_40_f
482	JuneLockhart	66	AGE66	11135	11135_JuneLockhart_66_f
482	JuneLockhart	86	AGE86	11145	11145_JuneLockhart_86_f
482	JuneLockhart	84	AGE84	11144	11144_JuneLockhart_84_f
482	JuneLockhart	63	AGE63	11133	11133_JuneLockhart_63_f
482	JuneLockhart	50	AGE50	11130	11130_JuneLockhart_50_f
482	JuneLockhart	48	AGE48	11129	11129_JuneLockhart_48_f
482	JuneLockhart	68	AGE68	11136	11136_JuneLockhart_68_f
482	JuneLockhart	21	AGE21	11116	11116_JuneLockhart_21_f
482	JuneLockhart	16	AGE16	11114	11114_JuneLockhart_16_f
482	JuneLockhart	82	AGE82	11142	11142_JuneLockhart_82_f
482	JuneLockhart	33	AGE33	11120	11120_JuneLockhart_33_f
482	JuneLockhart	36	AGE36	11123	11123_JuneLockhart_36_f
482	JuneLockhart	88	AGE88	11147	11147_JuneLockhart_88_f
482	JuneLockhart	81	AGE81	11141	11141_JuneLockhart_81_f
482	JuneLockhart	78	AGE78	11138	11138_JuneLockhart_78_f
482	JuneLockhart	79	AGE79	11139	11139_JuneLockhart_79_f
482	JuneLockhart	73	AGE73	11137	11137_JuneLockhart_73_f
482	JuneLockhart	34	AGE34	11121	11121_JuneLockhart_34_f
482	JuneLockhart	44	AGE44	11127	11127_JuneLockhart_44_f
482	JuneLockhart	65	AGE65	11134	11134_JuneLockhart_65_f
482	JuneLockhart	41	AGE41	11125	11125_JuneLockhart_41_f
482	JuneLockhart	35	AGE35	11122	11122_JuneLockhart_35_f
482	JuneLockhart	87	AGE87	11146	11146_JuneLockhart_87_f
482	JuneLockhart	89	AGE89	11148	11148_JuneLockhart_89_f
483	Bono	39	AGE39	1542	1542_Bono_39_m
483	Bono	37	AGE37	1540	1540_Bono_37_m
483	Bono	47	AGE47	1550	1550_Bono_47_m
483	Bono	40	AGE40	1543	1543_Bono_40_m
483	Bono	27	AGE27	1533	1533_Bono_27_m
483	Bono	28	AGE28	1534	1534_Bono_28_m
483	Bono	35	AGE35	1539	1539_Bono_35_m
483	Bono	30	AGE30	1535	1535_Bono_30_m
483	Bono	3	AGE3	1524	1524_Bono_3_m
483	Bono	53	AGE53	1555	1555_Bono_53_m
483	Bono	45	AGE45	1548	1548_Bono_45_m
483	Bono	48	AGE48	1551	1551_Bono_48_m
483	Bono	26	AGE26	1532	1532_Bono_26_m
483	Bono	22	AGE22	1528	1528_Bono_22_m
483	Bono	50	AGE50	1553	1553_Bono_50_m
483	Bono	23	AGE23	1529	1529_Bono_23_m
483	Bono	38	AGE38	1541	1541_Bono_38_m
483	Bono	18	AGE18	1525	1525_Bono_18_m
483	Bono	43	AGE43	1546	1546_Bono_43_m
483	Bono	32	AGE32	1536	1536_Bono_32_m
483	Bono	46	AGE46	1549	1549_Bono_46_m
483	Bono	49	AGE49	1552	1552_Bono_49_m
483	Bono	41	AGE41	1544	1544_Bono_41_m
483	Bono	44	AGE44	1547	1547_Bono_44_m
483	Bono	21	AGE21	1527	1527_Bono_21_m
483	Bono	51	AGE51	1554	1554_Bono_51_m
483	Bono	34	AGE34	1538	1538_Bono_34_m
483	Bono	54	AGE54	1556	1556_Bono_54_m
483	Bono	24	AGE24	1530	1530_Bono_24_m
483	Bono	33	AGE33	1537	1537_Bono_33_m
483	Bono	42	AGE42	1545	1545_Bono_42_m
483	Bono	55	AGE55	1557	1557_Bono_55_m
483	Bono	20	AGE20	1526	1526_Bono_20_m
483	Bono	25	AGE25	1531	1531_Bono_25_m
484	JackLarson	74	AGE74	5939	5939_JackLarson_74_m
484	JackLarson	37	AGE37	5930	5930_JackLarson_37_m
484	JackLarson	24	AGE24	5925	5925_JackLarson_24_m
484	JackLarson	26	AGE26	5926	5926_JackLarson_26_m
484	JackLarson	84	AGE84	5948	5948_JackLarson_84_m
484	JackLarson	22	AGE22	5923	5923_JackLarson_22_m
484	JackLarson	76	AGE76	5940	5940_JackLarson_76_m
484	JackLarson	73	AGE73	5938	5938_JackLarson_73_m
484	JackLarson	82	AGE82	5946	5946_JackLarson_82_m
484	JackLarson	62	AGE62	5934	5934_JackLarson_62_m
484	JackLarson	81	AGE81	5945	5945_JackLarson_81_m
484	JackLarson	69	AGE69	5936	5936_JackLarson_69_m
484	JackLarson	67	AGE67	5935	5935_JackLarson_67_m
484	JackLarson	40	AGE40	5931	5931_JackLarson_40_m
484	JackLarson	30	AGE30	5928	5928_JackLarson_30_m
484	JackLarson	83	AGE83	5947	5947_JackLarson_83_m
484	JackLarson	77	AGE77	5941	5941_JackLarson_77_m
484	JackLarson	23	AGE23	5924	5924_JackLarson_23_m
484	JackLarson	32	AGE32	5929	5929_JackLarson_32_m
484	JackLarson	72	AGE72	5937	5937_JackLarson_72_m
484	JackLarson	57	AGE57	5933	5933_JackLarson_57_m
484	JackLarson	80	AGE80	5944	5944_JackLarson_80_m
484	JackLarson	45	AGE45	5932	5932_JackLarson_45_m
484	JackLarson	79	AGE79	5943	5943_JackLarson_79_m
484	JackLarson	78	AGE78	5942	5942_JackLarson_78_m
484	JackLarson	27	AGE27	5927	5927_JackLarson_27_m
485	DanaAndrews	38	AGE38	6138	6138_DanaAndrews_38_m
485	DanaAndrews	60	AGE60	6153	6153_DanaAndrews_60_m
485	DanaAndrews	63	AGE63	6158	6158_DanaAndrews_63_m
485	DanaAndrews	59	AGE59	6152	6152_DanaAndrews_59_m
485	DanaAndrews	66	AGE66	6159	6159_DanaAndrews_66_m
485	DanaAndrews	45	AGE45	6143	6143_DanaAndrews_45_m
485	DanaAndrews	73	AGE73	6163	6163_DanaAndrews_73_m
485	DanaAndrews	74	AGE74	6164	6164_DanaAndrews_74_m
485	DanaAndrews	70	AGE70	6161	6161_DanaAndrews_70_m
485	DanaAndrews	47	AGE47	6145	6145_DanaAndrews_47_m
485	DanaAndrews	57	AGE57	6150	6150_DanaAndrews_57_m
485	DanaAndrews	15	AGE15	6130	6130_DanaAndrews_15_m
485	DanaAndrews	48	AGE48	6146	6146_DanaAndrews_48_m
485	DanaAndrews	61	AGE61	6154	6154_DanaAndrews_61_m
485	DanaAndrews	68	AGE68	6160	6160_DanaAndrews_68_m
485	DanaAndrews	53	AGE53	6149	6149_DanaAndrews_53_m
485	DanaAndrews	37	AGE37	6132	6132_DanaAndrews_37_m
485	DanaAndrews	51	AGE51	6148	6148_DanaAndrews_51_m
485	DanaAndrews	43	AGE43	6141	6141_DanaAndrews_43_m
485	DanaAndrews	50	AGE50	6155	6155_DanaAndrews_50_m
485	DanaAndrews	54	AGE54	6156	6156_DanaAndrews_54_m
485	DanaAndrews	81	AGE81	6167	6167_DanaAndrews_81_m
485	DanaAndrews	39	AGE39	6133	6133_DanaAndrews_39_m
485	DanaAndrews	36	AGE36	6137	6137_DanaAndrews_36_m
485	DanaAndrews	72	AGE72	6162	6162_DanaAndrews_72_m
485	DanaAndrews	42	AGE42	6140	6140_DanaAndrews_42_m
485	DanaAndrews	40	AGE40	6134	6134_DanaAndrews_40_m
485	DanaAndrews	58	AGE58	6151	6151_DanaAndrews_58_m
485	DanaAndrews	44	AGE44	6142	6142_DanaAndrews_44_m
485	DanaAndrews	76	AGE76	6165	6165_DanaAndrews_76_m
485	DanaAndrews	35	AGE35	6131	6131_DanaAndrews_35_m
485	DanaAndrews	33	AGE33	6135	6135_DanaAndrews_33_m
485	DanaAndrews	49	AGE49	6147	6147_DanaAndrews_49_m
485	DanaAndrews	41	AGE41	6139	6139_DanaAndrews_41_m
485	DanaAndrews	46	AGE46	6144	6144_DanaAndrews_46_m
485	DanaAndrews	34	AGE34	6136	6136_DanaAndrews_34_m
485	DanaAndrews	56	AGE56	6157	6157_DanaAndrews_56_m
485	DanaAndrews	81	AGE81	6168	6168_DanaAndrews_81_m
485	DanaAndrews	78	AGE78	6166	6166_DanaAndrews_78_m
486	MuhammadAli	33	AGE33	15995	15995_MuhammadAli_33_m
486	MuhammadAli	23	AGE23	15984	15984_MuhammadAli_23_m
486	MuhammadAli	22	AGE22	15994	15994_MuhammadAli_22_m
486	MuhammadAli	42	AGE42	15976	15976_MuhammadAli_42_m
486	MuhammadAli	45	AGE45	15987	15987_MuhammadAli_45_m
486	MuhammadAli	23	AGE23	15985	15985_MuhammadAli_23_m
486	MuhammadAli	28	AGE28	15982	15982_MuhammadAli_28_m
486	MuhammadAli	30	AGE30	15998	15998_MuhammadAli_30_m
486	MuhammadAli	23	AGE23	15975	15975_MuhammadAli_23_m
486	MuhammadAli	12	AGE12	15972	15972_MuhammadAli_12_m
486	MuhammadAli	18	AGE18	15974	15974_MuhammadAli_18_m
486	MuhammadAli	32	AGE32	15979	15979_MuhammadAli_32_m
486	MuhammadAli	25	AGE25	15996	15996_MuhammadAli_25_m
486	MuhammadAli	64	AGE64	15990	15990_MuhammadAli_64_m
486	MuhammadAli	54	AGE54	15992	15992_MuhammadAli_54_m
486	MuhammadAli	24	AGE24	15978	15978_MuhammadAli_24_m
486	MuhammadAli	41	AGE41	15981	15981_MuhammadAli_41_m
486	MuhammadAli	31	AGE31	15991	15991_MuhammadAli_31_m
486	MuhammadAli	32	AGE32	15983	15983_MuhammadAli_32_m
486	MuhammadAli	18	AGE18	15973	15973_MuhammadAli_18_m
486	MuhammadAli	40	AGE40	15986	15986_MuhammadAli_40_m
486	MuhammadAli	63	AGE63	15977	15977_MuhammadAli_63_m
486	MuhammadAli	20	AGE20	15993	15993_MuhammadAli_20_m
486	MuhammadAli	46	AGE46	15997	15997_MuhammadAli_46_m
486	MuhammadAli	36	AGE36	15980	15980_MuhammadAli_36_m
486	MuhammadAli	21	AGE21	15989	15989_MuhammadAli_21_m
486	MuhammadAli	25	AGE25	16006	16006_MuhammadAli_25_m
486	MuhammadAli	12	AGE12	15988	15988_MuhammadAli_12_m
487	JaneWyman	32	AGE32	13159	13159_JaneWyman_32_f
487	JaneWyman	22	AGE22	13157	13157_JaneWyman_22_f
487	JaneWyman	52	AGE52	13156	13156_JaneWyman_52_f
487	JaneWyman	33	AGE33	13160	13160_JaneWyman_33_f
487	JaneWyman	28	AGE28	13146	13146_JaneWyman_28_f
487	JaneWyman	30	AGE30	13165	13165_JaneWyman_30_f
487	JaneWyman	68	AGE68	13155	13155_JaneWyman_68_f
487	JaneWyman	24	AGE24	13143	13143_JaneWyman_24_f
487	JaneWyman	26	AGE26	13152	13152_JaneWyman_26_f
487	JaneWyman	31	AGE31	13141	13141_JaneWyman_31_f
487	JaneWyman	38	AGE38	13150	13150_JaneWyman_38_f
487	JaneWyman	45	AGE45	13148	13148_JaneWyman_45_f
487	JaneWyman	38	AGE38	13140	13140_JaneWyman_38_f
487	JaneWyman	36	AGE36	13166	13166_JaneWyman_36_f
487	JaneWyman	40	AGE40	13154	13154_JaneWyman_40_f
487	JaneWyman	31	AGE31	13158	13158_JaneWyman_31_f
487	JaneWyman	27	AGE27	13145	13145_JaneWyman_27_f
487	JaneWyman	38	AGE38	13161	13161_JaneWyman_38_f
487	JaneWyman	56	AGE56	13151	13151_JaneWyman_56_f
487	JaneWyman	35	AGE35	13147	13147_JaneWyman_35_f
487	JaneWyman	42	AGE42	13162	13162_JaneWyman_42_f
487	JaneWyman	67	AGE67	13168	13168_JaneWyman_67_f
487	JaneWyman	26	AGE26	13144	13144_JaneWyman_26_f
487	JaneWyman	28	AGE28	13163	13163_JaneWyman_28_f
487	JaneWyman	23	AGE23	13164	13164_JaneWyman_23_f
487	JaneWyman	24	AGE24	13142	13142_JaneWyman_24_f
487	JaneWyman	31	AGE31	13149	13149_JaneWyman_31_f
487	JaneWyman	72	AGE72	13153	13153_JaneWyman_72_f
487	JaneWyman	36	AGE36	13167	13167_JaneWyman_36_f
488	DickVanDyke	79	AGE79	4115	4115_DickVanDyke_79_m
488	DickVanDyke	81	AGE81	4117	4117_DickVanDyke_81_m
488	DickVanDyke	42	AGE42	4095	4095_DickVanDyke_42_m
488	DickVanDyke	39	AGE39	4091	4091_DickVanDyke_39_m
488	DickVanDyke	45	AGE45	4099	4099_DickVanDyke_45_m
488	DickVanDyke	86	AGE86	4121	4121_DickVanDyke_86_m
488	DickVanDyke	65	AGE65	4110	4110_DickVanDyke_65_m
488	DickVanDyke	89	AGE89	4122	4122_DickVanDyke_89_m
488	DickVanDyke	62	AGE62	4108	4108_DickVanDyke_62_m
488	DickVanDyke	70	AGE70	4112	4112_DickVanDyke_70_m
488	DickVanDyke	42	AGE42	4094	4094_DickVanDyke_42_m
488	DickVanDyke	51	AGE51	4104	4104_DickVanDyke_51_m
488	DickVanDyke	75	AGE75	4114	4114_DickVanDyke_75_m
488	DickVanDyke	37	AGE37	4090	4090_DickVanDyke_37_m
488	DickVanDyke	80	AGE80	4116	4116_DickVanDyke_80_m
488	DickVanDyke	46	AGE46	4100	4100_DickVanDyke_46_m
488	DickVanDyke	73	AGE73	4113	4113_DickVanDyke_73_m
488	DickVanDyke	54	AGE54	4106	4106_DickVanDyke_54_m
488	DickVanDyke	84	AGE84	4120	4120_DickVanDyke_84_m
488	DickVanDyke	40	AGE40	4092	4092_DickVanDyke_40_m
488	DickVanDyke	41	AGE41	4093	4093_DickVanDyke_41_m
488	DickVanDyke	44	AGE44	4098	4098_DickVanDyke_44_m
488	DickVanDyke	36	AGE36	4088	4088_DickVanDyke_36_m
488	DickVanDyke	36	AGE36	4089	4089_DickVanDyke_36_m
488	DickVanDyke	52	AGE52	4105	4105_DickVanDyke_52_m
488	DickVanDyke	49	AGE49	4102	4102_DickVanDyke_49_m
488	DickVanDyke	47	AGE47	4101	4101_DickVanDyke_47_m
488	DickVanDyke	82	AGE82	4118	4118_DickVanDyke_82_m
488	DickVanDyke	50	AGE50	4103	4103_DickVanDyke_50_m
488	DickVanDyke	43	AGE43	4096	4096_DickVanDyke_43_m
488	DickVanDyke	35	AGE35	4087	4087_DickVanDyke_35_m
488	DickVanDyke	43	AGE43	4097	4097_DickVanDyke_43_m
488	DickVanDyke	68	AGE68	4111	4111_DickVanDyke_68_m
488	DickVanDyke	83	AGE83	4119	4119_DickVanDyke_83_m
488	DickVanDyke	61	AGE61	4107	4107_DickVanDyke_61_m
488	DickVanDyke	63	AGE63	4109	4109_DickVanDyke_63_m
489	MarleneDietrich	33	AGE33	14717	14717_MarleneDietrich_33_f
489	MarleneDietrich	56	AGE56	14738	14738_MarleneDietrich_56_f
489	MarleneDietrich	69	AGE69	14745	14745_MarleneDietrich_69_f
489	MarleneDietrich	58	AGE58	14740	14740_MarleneDietrich_58_f
489	MarleneDietrich	44	AGE44	14728	14728_MarleneDietrich_44_f
489	MarleneDietrich	54	AGE54	14735	14735_MarleneDietrich_54_f
489	MarleneDietrich	71	AGE71	14747	14747_MarleneDietrich_71_f
489	MarleneDietrich	67	AGE67	14744	14744_MarleneDietrich_67_f
489	MarleneDietrich	56	AGE56	14737	14737_MarleneDietrich_56_f
489	MarleneDietrich	41	AGE41	14725	14725_MarleneDietrich_41_f
489	MarleneDietrich	73	AGE73	14749	14749_MarleneDietrich_73_f
489	MarleneDietrich	72	AGE72	14748	14748_MarleneDietrich_72_f
489	MarleneDietrich	36	AGE36	14720	14720_MarleneDietrich_36_f
489	MarleneDietrich	70	AGE70	14746	14746_MarleneDietrich_70_f
489	MarleneDietrich	34	AGE34	14718	14718_MarleneDietrich_34_f
489	MarleneDietrich	29	AGE29	14713	14713_MarleneDietrich_29_f
489	MarleneDietrich	35	AGE35	14719	14719_MarleneDietrich_35_f
489	MarleneDietrich	30	AGE30	14714	14714_MarleneDietrich_30_f
489	MarleneDietrich	55	AGE55	14736	14736_MarleneDietrich_55_f
489	MarleneDietrich	49	AGE49	14731	14731_MarleneDietrich_49_f
489	MarleneDietrich	62	AGE62	14741	14741_MarleneDietrich_62_f
489	MarleneDietrich	31	AGE31	14715	14715_MarleneDietrich_31_f
489	MarleneDietrich	51	AGE51	14733	14733_MarleneDietrich_51_f
489	MarleneDietrich	49	AGE49	14732	14732_MarleneDietrich_49_f
489	MarleneDietrich	52	AGE52	14734	14734_MarleneDietrich_52_f
489	MarleneDietrich	74	AGE74	14750	14750_MarleneDietrich_74_f
489	MarleneDietrich	36	AGE36	14721	14721_MarleneDietrich_36_f
489	MarleneDietrich	43	AGE43	14727	14727_MarleneDietrich_43_f
489	MarleneDietrich	63	AGE63	14742	14742_MarleneDietrich_63_f
489	MarleneDietrich	39	AGE39	14723	14723_MarleneDietrich_39_f
489	MarleneDietrich	46	AGE46	14729	14729_MarleneDietrich_46_f
489	MarleneDietrich	32	AGE32	14716	14716_MarleneDietrich_32_f
489	MarleneDietrich	40	AGE40	14724	14724_MarleneDietrich_40_f
489	MarleneDietrich	37	AGE37	14722	14722_MarleneDietrich_37_f
489	MarleneDietrich	43	AGE43	14726	14726_MarleneDietrich_43_f
489	MarleneDietrich	58	AGE58	14739	14739_MarleneDietrich_58_f
489	MarleneDietrich	28	AGE28	14712	14712_MarleneDietrich_28_f
489	MarleneDietrich	47	AGE47	14730	14730_MarleneDietrich_47_f
489	MarleneDietrich	66	AGE66	14743	14743_MarleneDietrich_66_f
490	Gaddafi	27	AGE27	948	948_Gaddafi_27_m
490	Gaddafi	50	AGE50	967	967_Gaddafi_50_m
490	Gaddafi	28	AGE28	968	968_Gaddafi_28_m
490	Gaddafi	45	AGE45	945	945_Gaddafi_45_m
490	Gaddafi	32	AGE32	973	973_Gaddafi_32_m
490	Gaddafi	60	AGE60	970	970_Gaddafi_60_m
490	Gaddafi	68	AGE68	961	961_Gaddafi_68_m
490	Gaddafi	40	AGE40	964	964_Gaddafi_40_m
490	Gaddafi	62	AGE62	950	950_Gaddafi_62_m
490	Gaddafi	52	AGE52	963	963_Gaddafi_52_m
490	Gaddafi	40	AGE40	965	965_Gaddafi_40_m
490	Gaddafi	38	AGE38	974	974_Gaddafi_38_m
490	Gaddafi	35	AGE35	953	953_Gaddafi_35_m
490	Gaddafi	30	AGE30	959	959_Gaddafi_30_m
490	Gaddafi	51	AGE51	955	955_Gaddafi_51_m
490	Gaddafi	52	AGE52	972	972_Gaddafi_52_m
490	Gaddafi	27	AGE27	951	951_Gaddafi_27_m
490	Gaddafi	36	AGE36	949	949_Gaddafi_36_m
490	Gaddafi	48	AGE48	954	954_Gaddafi_48_m
490	Gaddafi	38	AGE38	958	958_Gaddafi_38_m
490	Gaddafi	61	AGE61	969	969_Gaddafi_61_m
490	Gaddafi	40	AGE40	956	956_Gaddafi_40_m
490	Gaddafi	36	AGE36	957	957_Gaddafi_36_m
490	Gaddafi	64	AGE64	946	946_Gaddafi_64_m
490	Gaddafi	27	AGE27	962	962_Gaddafi_27_m
490	Gaddafi	27	AGE27	947	947_Gaddafi_27_m
490	Gaddafi	28	AGE28	944	944_Gaddafi_28_m
490	Gaddafi	67	AGE67	952	952_Gaddafi_67_m
490	Gaddafi	48	AGE48	966	966_Gaddafi_48_m
490	Gaddafi	50	AGE50	971	971_Gaddafi_50_m
490	Gaddafi	60	AGE60	960	960_Gaddafi_60_m
491	PhilHartman	42	AGE42	3673	3673_PhilHartman_42_m
491	PhilHartman	41	AGE41	3672	3672_PhilHartman_41_m
491	PhilHartman	49	AGE49	3679	3679_PhilHartman_49_m
491	PhilHartman	38	AGE38	3670	3670_PhilHartman_38_m
491	PhilHartman	35	AGE35	3668	3668_PhilHartman_35_m
491	PhilHartman	28	AGE28	3665	3665_PhilHartman_28_m
491	PhilHartman	34	AGE34	3667	3667_PhilHartman_34_m
491	PhilHartman	46	AGE46	3676	3676_PhilHartman_46_m
491	PhilHartman	48	AGE48	3678	3678_PhilHartman_48_m
491	PhilHartman	32	AGE32	3666	3666_PhilHartman_32_m
491	PhilHartman	43	AGE43	3674	3674_PhilHartman_43_m
491	PhilHartman	47	AGE47	3677	3677_PhilHartman_47_m
491	PhilHartman	50	AGE50	3680	3680_PhilHartman_50_m
491	PhilHartman	37	AGE37	3669	3669_PhilHartman_37_m
491	PhilHartman	44	AGE44	3675	3675_PhilHartman_44_m
491	PhilHartman	39	AGE39	3671	3671_PhilHartman_39_m
492	RobertDuvall	40	AGE40	4376	4376_RobertDuvall_40_m
492	RobertDuvall	73	AGE73	4396	4396_RobertDuvall_73_m
492	RobertDuvall	35	AGE35	4373	4373_RobertDuvall_35_m
492	RobertDuvall	64	AGE64	4390	4390_RobertDuvall_64_m
492	RobertDuvall	75	AGE75	4397	4397_RobertDuvall_75_m
492	RobertDuvall	38	AGE38	4375	4375_RobertDuvall_38_m
492	RobertDuvall	56	AGE56	4385	4385_RobertDuvall_56_m
492	RobertDuvall	71	AGE71	4394	4394_RobertDuvall_71_m
492	RobertDuvall	72	AGE72	4395	4395_RobertDuvall_72_m
492	RobertDuvall	45	AGE45	4380	4380_RobertDuvall_45_m
492	RobertDuvall	62	AGE62	4389	4389_RobertDuvall_62_m
492	RobertDuvall	79	AGE79	4400	4400_RobertDuvall_79_m
492	RobertDuvall	50	AGE50	4382	4382_RobertDuvall_50_m
492	RobertDuvall	53	AGE53	4383	4383_RobertDuvall_53_m
492	RobertDuvall	42	AGE42	4379	4379_RobertDuvall_42_m
492	RobertDuvall	61	AGE61	4388	4388_RobertDuvall_61_m
492	RobertDuvall	30	AGE30	4370	4370_RobertDuvall_30_m
492	RobertDuvall	67	AGE67	4393	4393_RobertDuvall_67_m
492	RobertDuvall	48	AGE48	4381	4381_RobertDuvall_48_m
492	RobertDuvall	30	AGE30	4371	4371_RobertDuvall_30_m
492	RobertDuvall	78	AGE78	4399	4399_RobertDuvall_78_m
492	RobertDuvall	55	AGE55	4384	4384_RobertDuvall_55_m
492	RobertDuvall	37	AGE37	4374	4374_RobertDuvall_37_m
492	RobertDuvall	58	AGE58	4386	4386_RobertDuvall_58_m
492	RobertDuvall	77	AGE77	4398	4398_RobertDuvall_77_m
492	RobertDuvall	41	AGE41	4378	4378_RobertDuvall_41_m
492	RobertDuvall	60	AGE60	4387	4387_RobertDuvall_60_m
492	RobertDuvall	31	AGE31	4372	4372_RobertDuvall_31_m
492	RobertDuvall	65	AGE65	4391	4391_RobertDuvall_65_m
492	RobertDuvall	65	AGE65	4392	4392_RobertDuvall_65_m
492	RobertDuvall	41	AGE41	4377	4377_RobertDuvall_41_m
493	PiaLindstrom	18	AGE18	11216	11216_PiaLindstrom_18_f
493	PiaLindstrom	37	AGE37	11223	11223_PiaLindstrom_37_f
493	PiaLindstrom	52	AGE52	11229	11229_PiaLindstrom_52_f
493	PiaLindstrom	42	AGE42	11224	11224_PiaLindstrom_42_f
493	PiaLindstrom	70	AGE70	11239	11239_PiaLindstrom_70_f
493	PiaLindstrom	30	AGE30	11220	11220_PiaLindstrom_30_f
493	PiaLindstrom	74	AGE74	11241	11241_PiaLindstrom_74_f
493	PiaLindstrom	48	AGE48	11227	11227_PiaLindstrom_48_f
493	PiaLindstrom	73	AGE73	11240	11240_PiaLindstrom_73_f
493	PiaLindstrom	68	AGE68	11237	11237_PiaLindstrom_68_f
493	PiaLindstrom	25	AGE25	11219	11219_PiaLindstrom_25_f
493	PiaLindstrom	65	AGE65	11236	11236_PiaLindstrom_65_f
493	PiaLindstrom	55	AGE55	11230	11230_PiaLindstrom_55_f
493	PiaLindstrom	34	AGE34	11222	11222_PiaLindstrom_34_f
493	PiaLindstrom	32	AGE32	11221	11221_PiaLindstrom_32_f
493	PiaLindstrom	61	AGE61	11234	11234_PiaLindstrom_61_f
493	PiaLindstrom	59	AGE59	11233	11233_PiaLindstrom_59_f
493	PiaLindstrom	57	AGE57	11232	11232_PiaLindstrom_57_f
493	PiaLindstrom	22	AGE22	11218	11218_PiaLindstrom_22_f
493	PiaLindstrom	20	AGE20	11217	11217_PiaLindstrom_20_f
493	PiaLindstrom	50	AGE50	11228	11228_PiaLindstrom_50_f
493	PiaLindstrom	46	AGE46	11226	11226_PiaLindstrom_46_f
493	PiaLindstrom	63	AGE63	11235	11235_PiaLindstrom_63_f
493	PiaLindstrom	69	AGE69	11238	11238_PiaLindstrom_69_f
493	PiaLindstrom	56	AGE56	11231	11231_PiaLindstrom_56_f
493	PiaLindstrom	44	AGE44	11225	11225_PiaLindstrom_44_f
494	JessicaTandy	68	AGE68	13617	13617_JessicaTandy_68_f
494	JessicaTandy	81	AGE81	13631	13631_JessicaTandy_81_f
494	JessicaTandy	73	AGE73	13619	13619_JessicaTandy_73_f
494	JessicaTandy	76	AGE76	13629	13629_JessicaTandy_76_f
494	JessicaTandy	79	AGE79	13623	13623_JessicaTandy_79_f
494	JessicaTandy	78	AGE78	13622	13622_JessicaTandy_78_f
494	JessicaTandy	85	AGE85	13634	13634_JessicaTandy_85_f
494	JessicaTandy	77	AGE77	13621	13621_JessicaTandy_77_f
494	JessicaTandy	72	AGE72	13618	13618_JessicaTandy_72_f
494	JessicaTandy	61	AGE61	13628	13628_JessicaTandy_61_f
494	JessicaTandy	75	AGE75	13620	13620_JessicaTandy_75_f
494	JessicaTandy	29	AGE29	13606	13606_JessicaTandy_29_f
494	JessicaTandy	40	AGE40	13612	13612_JessicaTandy_40_f
494	JessicaTandy	57	AGE57	13616	13616_JessicaTandy_57_f
494	JessicaTandy	37	AGE37	13609	13609_JessicaTandy_37_f
494	JessicaTandy	82	AGE82	13632	13632_JessicaTandy_82_f
494	JessicaTandy	50	AGE50	13626	13626_JessicaTandy_50_f
494	JessicaTandy	41	AGE41	13613	13613_JessicaTandy_41_f
494	JessicaTandy	46	AGE46	13614	13614_JessicaTandy_46_f
494	JessicaTandy	42	AGE42	13624	13624_JessicaTandy_42_f
494	JessicaTandy	83	AGE83	13633	13633_JessicaTandy_83_f
494	JessicaTandy	45	AGE45	13625	13625_JessicaTandy_45_f
494	JessicaTandy	48	AGE48	13615	13615_JessicaTandy_48_f
494	JessicaTandy	53	AGE53	13627	13627_JessicaTandy_53_f
494	JessicaTandy	39	AGE39	13611	13611_JessicaTandy_39_f
494	JessicaTandy	38	AGE38	13610	13610_JessicaTandy_38_f
494	JessicaTandy	36	AGE36	13608	13608_JessicaTandy_36_f
494	JessicaTandy	35	AGE35	13607	13607_JessicaTandy_35_f
494	JessicaTandy	80	AGE80	13630	13630_JessicaTandy_80_f
495	CybillShepherd	36	AGE36	12000	12000_CybillShepherd_36_f
495	CybillShepherd	29	AGE29	11996	11996_CybillShepherd_29_f
495	CybillShepherd	43	AGE43	12005	12005_CybillShepherd_43_f
495	CybillShepherd	35	AGE35	11999	11999_CybillShepherd_35_f
495	CybillShepherd	28	AGE28	11995	11995_CybillShepherd_28_f
495	CybillShepherd	58	AGE58	12015	12015_CybillShepherd_58_f
495	CybillShepherd	55	AGE55	12010	12010_CybillShepherd_55_f
495	CybillShepherd	51	AGE51	12008	12008_CybillShepherd_51_f
495	CybillShepherd	56	AGE56	12011	12011_CybillShepherd_56_f
495	CybillShepherd	50	AGE50	12007	12007_CybillShepherd_50_f
495	CybillShepherd	22	AGE22	11992	11992_CybillShepherd_22_f
495	CybillShepherd	34	AGE34	11998	11998_CybillShepherd_34_f
495	CybillShepherd	24	AGE24	11993	11993_CybillShepherd_24_f
495	CybillShepherd	53	AGE53	12009	12009_CybillShepherd_53_f
495	CybillShepherd	61	AGE61	12014	12014_CybillShepherd_61_f
495	CybillShepherd	39	AGE39	12001	12001_CybillShepherd_39_f
495	CybillShepherd	21	AGE21	11990	11990_CybillShepherd_21_f
495	CybillShepherd	40	AGE40	12002	12002_CybillShepherd_40_f
495	CybillShepherd	57	AGE57	12012	12012_CybillShepherd_57_f
495	CybillShepherd	42	AGE42	12004	12004_CybillShepherd_42_f
495	CybillShepherd	41	AGE41	12003	12003_CybillShepherd_41_f
495	CybillShepherd	59	AGE59	12013	12013_CybillShepherd_59_f
495	CybillShepherd	31	AGE31	11997	11997_CybillShepherd_31_f
495	CybillShepherd	21	AGE21	11991	11991_CybillShepherd_21_f
495	CybillShepherd	25	AGE25	11994	11994_CybillShepherd_25_f
495	CybillShepherd	48	AGE48	12006	12006_CybillShepherd_48_f
496	GlendaJackson	77	AGE77	12181	12181_GlendaJackson_77_f
496	GlendaJackson	54	AGE54	12175	12175_GlendaJackson_54_f
496	GlendaJackson	63	AGE63	12177	12177_GlendaJackson_63_f
496	GlendaJackson	67	AGE67	12179	12179_GlendaJackson_67_f
496	GlendaJackson	35	AGE35	12167	12167_GlendaJackson_35_f
496	GlendaJackson	39	AGE39	12188	12188_GlendaJackson_39_f
496	GlendaJackson	29	AGE29	12164	12164_GlendaJackson_29_f
496	GlendaJackson	33	AGE33	12166	12166_GlendaJackson_33_f
496	GlendaJackson	55	AGE55	12176	12176_GlendaJackson_55_f
496	GlendaJackson	64	AGE64	12183	12183_GlendaJackson_64_f
496	GlendaJackson	37	AGE37	12182	12182_GlendaJackson_37_f
496	GlendaJackson	58	AGE58	12189	12189_GlendaJackson_58_f
496	GlendaJackson	27	AGE27	12162	12162_GlendaJackson_27_f
496	GlendaJackson	42	AGE42	12171	12171_GlendaJackson_42_f
496	GlendaJackson	35	AGE35	12168	12168_GlendaJackson_35_f
496	GlendaJackson	43	AGE43	12172	12172_GlendaJackson_43_f
496	GlendaJackson	40	AGE40	12186	12186_GlendaJackson_40_f
496	GlendaJackson	39	AGE39	12170	12170_GlendaJackson_39_f
496	GlendaJackson	43	AGE43	12184	12184_GlendaJackson_43_f
496	GlendaJackson	44	AGE44	12173	12173_GlendaJackson_44_f
496	GlendaJackson	29	AGE29	12163	12163_GlendaJackson_29_f
496	GlendaJackson	36	AGE36	12185	12185_GlendaJackson_36_f
496	GlendaJackson	36	AGE36	12169	12169_GlendaJackson_36_f
496	GlendaJackson	74	AGE74	12180	12180_GlendaJackson_74_f
496	GlendaJackson	70	AGE70	12187	12187_GlendaJackson_70_f
496	GlendaJackson	31	AGE31	12165	12165_GlendaJackson_31_f
496	GlendaJackson	67	AGE67	12178	12178_GlendaJackson_67_f
496	GlendaJackson	45	AGE45	12174	12174_GlendaJackson_45_f
497	CharlesDarwin	73	AGE73	1107	1107_CharlesDarwin_73_m
497	CharlesDarwin	55	AGE55	1108	1108_CharlesDarwin_55_m
497	CharlesDarwin	62	AGE62	1104	1104_CharlesDarwin_62_m
497	CharlesDarwin	73	AGE73	1102	1102_CharlesDarwin_73_m
497	CharlesDarwin	62	AGE62	1106	1106_CharlesDarwin_62_m
497	CharlesDarwin	29	AGE29	1103	1103_CharlesDarwin_29_m
497	CharlesDarwin	60	AGE60	1105	1105_CharlesDarwin_60_m
498	HeinrichHertz	36	AGE36	1143	1143_HeinrichHertz_36_m
498	HeinrichHertz	29	AGE29	1142	1142_HeinrichHertz_29_m
498	HeinrichHertz	21	AGE21	1136	1136_HeinrichHertz_21_m
498	HeinrichHertz	24	AGE24	1134	1134_HeinrichHertz_24_m
498	HeinrichHertz	36	AGE36	1135	1135_HeinrichHertz_36_m
498	HeinrichHertz	34	AGE34	1138	1138_HeinrichHertz_34_m
498	HeinrichHertz	30	AGE30	1139	1139_HeinrichHertz_30_m
498	HeinrichHertz	36	AGE36	1137	1137_HeinrichHertz_36_m
498	HeinrichHertz	32	AGE32	1140	1140_HeinrichHertz_32_m
498	HeinrichHertz	35	AGE35	1141	1141_HeinrichHertz_35_m
499	AmandaBlake	36	AGE36	14950	14950_AmandaBlake_36_f
499	AmandaBlake	57	AGE57	14970	14970_AmandaBlake_57_f
499	AmandaBlake	47	AGE47	14965	14965_AmandaBlake_47_f
499	AmandaBlake	40	AGE40	14964	14964_AmandaBlake_40_f
499	AmandaBlake	51	AGE51	14967	14967_AmandaBlake_51_f
499	AmandaBlake	31	AGE31	14956	14956_AmandaBlake_31_f
499	AmandaBlake	50	AGE50	14966	14966_AmandaBlake_50_f
499	AmandaBlake	24	AGE24	14944	14944_AmandaBlake_24_f
499	AmandaBlake	55	AGE55	14968	14968_AmandaBlake_55_f
499	AmandaBlake	27	AGE27	14947	14947_AmandaBlake_27_f
499	AmandaBlake	28	AGE28	14948	14948_AmandaBlake_28_f
499	AmandaBlake	29	AGE29	14949	14949_AmandaBlake_29_f
499	AmandaBlake	32	AGE32	14957	14957_AmandaBlake_32_f
499	AmandaBlake	45	AGE45	14953	14953_AmandaBlake_45_f
499	AmandaBlake	21	AGE21	14941	14941_AmandaBlake_21_f
499	AmandaBlake	60	AGE60	14972	14972_AmandaBlake_60_f
499	AmandaBlake	39	AGE39	14963	14963_AmandaBlake_39_f
499	AmandaBlake	38	AGE38	14962	14962_AmandaBlake_38_f
499	AmandaBlake	26	AGE26	14946	14946_AmandaBlake_26_f
499	AmandaBlake	22	AGE22	14942	14942_AmandaBlake_22_f
499	AmandaBlake	23	AGE23	14943	14943_AmandaBlake_23_f
499	AmandaBlake	37	AGE37	14961	14961_AmandaBlake_37_f
499	AmandaBlake	34	AGE34	14959	14959_AmandaBlake_34_f
499	AmandaBlake	25	AGE25	14945	14945_AmandaBlake_25_f
499	AmandaBlake	33	AGE33	14958	14958_AmandaBlake_33_f
499	AmandaBlake	41	AGE41	14951	14951_AmandaBlake_41_f
499	AmandaBlake	30	AGE30	14955	14955_AmandaBlake_30_f
499	AmandaBlake	46	AGE46	14954	14954_AmandaBlake_46_f
499	AmandaBlake	58	AGE58	14971	14971_AmandaBlake_58_f
499	AmandaBlake	43	AGE43	14952	14952_AmandaBlake_43_f
499	AmandaBlake	56	AGE56	14969	14969_AmandaBlake_56_f
499	AmandaBlake	35	AGE35	14960	14960_AmandaBlake_35_f
500	IanHolm	57	AGE57	1574	1574_IanHolm_57_m
500	IanHolm	54	AGE54	1570	1570_IanHolm_54_m
500	IanHolm	36	AGE36	1559	1559_IanHolm_36_m
500	IanHolm	45	AGE45	1564	1564_IanHolm_45_m
500	IanHolm	67	AGE67	1581	1581_IanHolm_67_m
500	IanHolm	61	AGE61	1577	1577_IanHolm_61_m
500	IanHolm	48	AGE48	1568	1568_IanHolm_48_m
500	IanHolm	70	AGE70	1583	1583_IanHolm_70_m
500	IanHolm	37	AGE37	1560	1560_IanHolm_37_m
500	IanHolm	81	AGE81	1591	1591_IanHolm_81_m
500	IanHolm	38	AGE38	1561	1561_IanHolm_38_m
500	IanHolm	34	AGE34	1558	1558_IanHolm_34_m
500	IanHolm	40	AGE40	1562	1562_IanHolm_40_m
500	IanHolm	55	AGE55	1573	1573_IanHolm_55_m
500	IanHolm	72	AGE72	1586	1586_IanHolm_72_m
500	IanHolm	70	AGE70	1584	1584_IanHolm_70_m
500	IanHolm	66	AGE66	1580	1580_IanHolm_66_m
500	IanHolm	60	AGE60	1576	1576_IanHolm_60_m
500	IanHolm	46	AGE46	1566	1566_IanHolm_46_m
500	IanHolm	43	AGE43	1563	1563_IanHolm_43_m
500	IanHolm	45	AGE45	1565	1565_IanHolm_45_m
500	IanHolm	65	AGE65	1579	1579_IanHolm_65_m
500	IanHolm	75	AGE75	1589	1589_IanHolm_75_m
500	IanHolm	72	AGE72	1585	1585_IanHolm_72_m
500	IanHolm	48	AGE48	1567	1567_IanHolm_48_m
500	IanHolm	50	AGE50	1569	1569_IanHolm_50_m
500	IanHolm	73	AGE73	1587	1587_IanHolm_73_m
500	IanHolm	59	AGE59	1575	1575_IanHolm_59_m
500	IanHolm	54	AGE54	1571	1571_IanHolm_54_m
500	IanHolm	63	AGE63	1578	1578_IanHolm_63_m
500	IanHolm	81	AGE81	1590	1590_IanHolm_81_m
500	IanHolm	54	AGE54	1572	1572_IanHolm_54_m
500	IanHolm	74	AGE74	1588	1588_IanHolm_74_m
500	IanHolm	68	AGE68	1582	1582_IanHolm_68_m
501	RayLiotta	59	AGE59	2250	2250_RayLiotta_59_m
501	RayLiotta	42	AGE42	2232	2232_RayLiotta_42_m
501	RayLiotta	47	AGE47	2238	2238_RayLiotta_47_m
501	RayLiotta	56	AGE56	2247	2247_RayLiotta_56_m
501	RayLiotta	45	AGE45	2236	2236_RayLiotta_45_m
501	RayLiotta	49	AGE49	2240	2240_RayLiotta_49_m
501	RayLiotta	43	AGE43	2234	2234_RayLiotta_43_m
501	RayLiotta	51	AGE51	2242	2242_RayLiotta_51_m
501	RayLiotta	50	AGE50	2241	2241_RayLiotta_50_m
501	RayLiotta	57	AGE57	2248	2248_RayLiotta_57_m
501	RayLiotta	34	AGE34	2225	2225_RayLiotta_34_m
501	RayLiotta	46	AGE46	2237	2237_RayLiotta_46_m
501	RayLiotta	33	AGE33	2224	2224_RayLiotta_33_m
501	RayLiotta	40	AGE40	2230	2230_RayLiotta_40_m
501	RayLiotta	32	AGE32	2223	2223_RayLiotta_32_m
501	RayLiotta	44	AGE44	2235	2235_RayLiotta_44_m
501	RayLiotta	54	AGE54	2245	2245_RayLiotta_54_m
501	RayLiotta	48	AGE48	2239	2239_RayLiotta_48_m
501	RayLiotta	55	AGE55	2246	2246_RayLiotta_55_m
501	RayLiotta	38	AGE38	2228	2228_RayLiotta_38_m
501	RayLiotta	35	AGE35	2226	2226_RayLiotta_35_m
501	RayLiotta	42	AGE42	2233	2233_RayLiotta_42_m
501	RayLiotta	53	AGE53	2244	2244_RayLiotta_53_m
501	RayLiotta	39	AGE39	2229	2229_RayLiotta_39_m
501	RayLiotta	41	AGE41	2231	2231_RayLiotta_41_m
501	RayLiotta	37	AGE37	2227	2227_RayLiotta_37_m
501	RayLiotta	31	AGE31	2222	2222_RayLiotta_31_m
501	RayLiotta	52	AGE52	2243	2243_RayLiotta_52_m
501	RayLiotta	58	AGE58	2249	2249_RayLiotta_58_m
501	RayLiotta	28	AGE28	2221	2221_RayLiotta_28_m
502	FaradayMichael	53	AGE53	1125	1125_FaradayMichael_53_m
502	FaradayMichael	30	AGE30	1119	1119_FaradayMichael_30_m
502	FaradayMichael	35	AGE35	1120	1120_FaradayMichael_35_m
502	FaradayMichael	60	AGE60	1127	1127_FaradayMichael_60_m
502	FaradayMichael	34	AGE34	1126	1126_FaradayMichael_34_m
502	FaradayMichael	47	AGE47	1121	1121_FaradayMichael_47_m
502	FaradayMichael	55	AGE55	1122	1122_FaradayMichael_55_m
502	FaradayMichael	31	AGE31	1132	1132_FaradayMichael_31_m
502	FaradayMichael	60	AGE60	1124	1124_FaradayMichael_60_m
502	FaradayMichael	75	AGE75	1129	1129_FaradayMichael_75_m
502	FaradayMichael	55	AGE55	1118	1118_FaradayMichael_55_m
502	FaradayMichael	35	AGE35	1123	1123_FaradayMichael_35_m
502	FaradayMichael	70	AGE70	1128	1128_FaradayMichael_70_m
502	FaradayMichael	73	AGE73	1130	1130_FaradayMichael_73_m
502	FaradayMichael	30	AGE30	1131	1131_FaradayMichael_30_m
502	FaradayMichael	58	AGE58	1117	1117_FaradayMichael_58_m
502	FaradayMichael	29	AGE29	1133	1133_FaradayMichael_29_m
503	JeanPaulBelmondo	63	AGE63	7149	7149_JeanPaulBelmondo_63_m
503	JeanPaulBelmondo	78	AGE78	7152	7152_JeanPaulBelmondo_78_m
503	JeanPaulBelmondo	30	AGE30	7129	7129_JeanPaulBelmondo_30_m
503	JeanPaulBelmondo	48	AGE48	7142	7142_JeanPaulBelmondo_48_m
503	JeanPaulBelmondo	51	AGE51	7143	7143_JeanPaulBelmondo_51_m
503	JeanPaulBelmondo	39	AGE39	7136	7136_JeanPaulBelmondo_39_m
503	JeanPaulBelmondo	44	AGE44	7139	7139_JeanPaulBelmondo_44_m
503	JeanPaulBelmondo	37	AGE37	7134	7134_JeanPaulBelmondo_37_m
503	JeanPaulBelmondo	38	AGE38	7135	7135_JeanPaulBelmondo_38_m
503	JeanPaulBelmondo	53	AGE53	7145	7145_JeanPaulBelmondo_53_m
503	JeanPaulBelmondo	28	AGE28	7128	7128_JeanPaulBelmondo_28_m
503	JeanPaulBelmondo	62	AGE62	7147	7147_JeanPaulBelmondo_62_m
503	JeanPaulBelmondo	76	AGE76	7157	7157_JeanPaulBelmondo_76_m
503	JeanPaulBelmondo	52	AGE52	7144	7144_JeanPaulBelmondo_52_m
503	JeanPaulBelmondo	67	AGE67	7150	7150_JeanPaulBelmondo_67_m
503	JeanPaulBelmondo	71	AGE71	7156	7156_JeanPaulBelmondo_71_m
503	JeanPaulBelmondo	31	AGE31	7130	7130_JeanPaulBelmondo_31_m
503	JeanPaulBelmondo	42	AGE42	7137	7137_JeanPaulBelmondo_42_m
503	JeanPaulBelmondo	62	AGE62	7148	7148_JeanPaulBelmondo_62_m
503	JeanPaulBelmondo	27	AGE27	7127	7127_JeanPaulBelmondo_27_m
503	JeanPaulBelmondo	33	AGE33	7153	7153_JeanPaulBelmondo_33_m
503	JeanPaulBelmondo	56	AGE56	7154	7154_JeanPaulBelmondo_56_m
503	JeanPaulBelmondo	59	AGE59	7155	7155_JeanPaulBelmondo_59_m
503	JeanPaulBelmondo	54	AGE54	7146	7146_JeanPaulBelmondo_54_m
503	JeanPaulBelmondo	47	AGE47	7141	7141_JeanPaulBelmondo_47_m
503	JeanPaulBelmondo	77	AGE77	7151	7151_JeanPaulBelmondo_77_m
503	JeanPaulBelmondo	26	AGE26	7126	7126_JeanPaulBelmondo_26_m
503	JeanPaulBelmondo	35	AGE35	7132	7132_JeanPaulBelmondo_35_m
503	JeanPaulBelmondo	36	AGE36	7133	7133_JeanPaulBelmondo_36_m
503	JeanPaulBelmondo	45	AGE45	7140	7140_JeanPaulBelmondo_45_m
503	JeanPaulBelmondo	43	AGE43	7138	7138_JeanPaulBelmondo_43_m
503	JeanPaulBelmondo	25	AGE25	7125	7125_JeanPaulBelmondo_25_m
503	JeanPaulBelmondo	32	AGE32	7131	7131_JeanPaulBelmondo_32_m
504	BeverlyRoberts	32	AGE32	14566	14566_BeverlyRoberts_32_f
504	BeverlyRoberts	34	AGE34	14568	14568_BeverlyRoberts_34_f
504	BeverlyRoberts	26	AGE26	14563	14563_BeverlyRoberts_26_f
504	BeverlyRoberts	25	AGE25	14562	14562_BeverlyRoberts_25_f
504	BeverlyRoberts	18	AGE18	14556	14556_BeverlyRoberts_18_f
504	BeverlyRoberts	93	AGE93	14571	14571_BeverlyRoberts_93_f
504	BeverlyRoberts	31	AGE31	14565	14565_BeverlyRoberts_31_f
504	BeverlyRoberts	35	AGE35	14569	14569_BeverlyRoberts_35_f
504	BeverlyRoberts	23	AGE23	14560	14560_BeverlyRoberts_23_f
504	BeverlyRoberts	19	AGE19	14557	14557_BeverlyRoberts_19_f
504	BeverlyRoberts	24	AGE24	14561	14561_BeverlyRoberts_24_f
504	BeverlyRoberts	30	AGE30	14564	14564_BeverlyRoberts_30_f
504	BeverlyRoberts	36	AGE36	14570	14570_BeverlyRoberts_36_f
504	BeverlyRoberts	33	AGE33	14567	14567_BeverlyRoberts_33_f
504	BeverlyRoberts	21	AGE21	14558	14558_BeverlyRoberts_21_f
504	BeverlyRoberts	22	AGE22	14559	14559_BeverlyRoberts_22_f
505	GingerRogers	40	AGE40	13486	13486_GingerRogers_40_f
505	GingerRogers	55	AGE55	13476	13476_GingerRogers_55_f
505	GingerRogers	27	AGE27	13460	13460_GingerRogers_27_f
505	GingerRogers	26	AGE26	13462	13462_GingerRogers_26_f
505	GingerRogers	46	AGE46	13468	13468_GingerRogers_46_f
505	GingerRogers	24	AGE24	13456	13456_GingerRogers_24_f
505	GingerRogers	68	AGE68	13477	13477_GingerRogers_68_f
505	GingerRogers	44	AGE44	13467	13467_GingerRogers_44_f
505	GingerRogers	24	AGE24	13483	13483_GingerRogers_24_f
505	GingerRogers	32	AGE32	13479	13479_GingerRogers_32_f
505	GingerRogers	38	AGE38	13465	13465_GingerRogers_38_f
505	GingerRogers	76	AGE76	13485	13485_GingerRogers_76_f
505	GingerRogers	19	AGE19	13457	13457_GingerRogers_19_f
505	GingerRogers	29	AGE29	13480	13480_GingerRogers_29_f
505	GingerRogers	20	AGE20	13458	13458_GingerRogers_20_f
505	GingerRogers	68	AGE68	13478	13478_GingerRogers_68_f
505	GingerRogers	23	AGE23	13459	13459_GingerRogers_23_f
505	GingerRogers	34	AGE34	13470	13470_GingerRogers_34_f
505	GingerRogers	81	AGE81	13469	13469_GingerRogers_81_f
505	GingerRogers	21	AGE21	13472	13472_GingerRogers_21_f
505	GingerRogers	39	AGE39	13466	13466_GingerRogers_39_f
505	GingerRogers	21	AGE21	13481	13481_GingerRogers_21_f
505	GingerRogers	25	AGE25	13461	13461_GingerRogers_25_f
505	GingerRogers	27	AGE27	13463	13463_GingerRogers_27_f
505	GingerRogers	74	AGE74	13484	13484_GingerRogers_74_f
505	GingerRogers	29	AGE29	13464	13464_GingerRogers_29_f
505	GingerRogers	35	AGE35	13473	13473_GingerRogers_35_f
505	GingerRogers	41	AGE41	13482	13482_GingerRogers_41_f
505	GingerRogers	26	AGE26	13471	13471_GingerRogers_26_f
505	GingerRogers	39	AGE39	13474	13474_GingerRogers_39_f
505	GingerRogers	45	AGE45	13475	13475_GingerRogers_45_f
506	MargeChampion	30	AGE30	11597	11597_MargeChampion_30_f
506	MargeChampion	25	AGE25	11594	11594_MargeChampion_25_f
506	MargeChampion	21	AGE21	11591	11591_MargeChampion_21_f
506	MargeChampion	91	AGE91	11618	11618_MargeChampion_91_f
506	MargeChampion	22	AGE22	11592	11592_MargeChampion_22_f
506	MargeChampion	40	AGE40	11607	11607_MargeChampion_40_f
506	MargeChampion	65	AGE65	11611	11611_MargeChampion_65_f
506	MargeChampion	28	AGE28	11596	11596_MargeChampion_28_f
506	MargeChampion	23	AGE23	11593	11593_MargeChampion_23_f
506	MargeChampion	32	AGE32	11599	11599_MargeChampion_32_f
506	MargeChampion	19	AGE19	11589	11589_MargeChampion_19_f
506	MargeChampion	85	AGE85	11613	11613_MargeChampion_85_f
506	MargeChampion	87	AGE87	11615	11615_MargeChampion_87_f
506	MargeChampion	35	AGE35	11602	11602_MargeChampion_35_f
506	MargeChampion	37	AGE37	11604	11604_MargeChampion_37_f
506	MargeChampion	26	AGE26	11595	11595_MargeChampion_26_f
506	MargeChampion	46	AGE46	11608	11608_MargeChampion_46_f
506	MargeChampion	53	AGE53	11609	11609_MargeChampion_53_f
506	MargeChampion	31	AGE31	11598	11598_MargeChampion_31_f
506	MargeChampion	88	AGE88	11616	11616_MargeChampion_88_f
506	MargeChampion	81	AGE81	11612	11612_MargeChampion_81_f
506	MargeChampion	39	AGE39	11606	11606_MargeChampion_39_f
506	MargeChampion	33	AGE33	11600	11600_MargeChampion_33_f
506	MargeChampion	93	AGE93	11620	11620_MargeChampion_93_f
506	MargeChampion	20	AGE20	11590	11590_MargeChampion_20_f
506	MargeChampion	36	AGE36	11603	11603_MargeChampion_36_f
506	MargeChampion	92	AGE92	11619	11619_MargeChampion_92_f
506	MargeChampion	18	AGE18	11588	11588_MargeChampion_18_f
506	MargeChampion	38	AGE38	11605	11605_MargeChampion_38_f
506	MargeChampion	34	AGE34	11601	11601_MargeChampion_34_f
506	MargeChampion	94	AGE94	11621	11621_MargeChampion_94_f
506	MargeChampion	86	AGE86	11614	11614_MargeChampion_86_f
506	MargeChampion	57	AGE57	11610	11610_MargeChampion_57_f
506	MargeChampion	90	AGE90	11617	11617_MargeChampion_90_f
507	RowanAtkinson	25	AGE25	6779	6779_RowanAtkinson_25_m
507	RowanAtkinson	28	AGE28	6781	6781_RowanAtkinson_28_m
507	RowanAtkinson	39	AGE39	6785	6785_RowanAtkinson_39_m
507	RowanAtkinson	52	AGE52	6787	6787_RowanAtkinson_52_m
507	RowanAtkinson	45	AGE45	6791	6791_RowanAtkinson_45_m
507	RowanAtkinson	49	AGE49	6789	6789_RowanAtkinson_49_m
507	RowanAtkinson	56	AGE56	6788	6788_RowanAtkinson_56_m
507	RowanAtkinson	35	AGE35	6784	6784_RowanAtkinson_35_m
507	RowanAtkinson	30	AGE30	6778	6778_RowanAtkinson_30_m
507	RowanAtkinson	28	AGE28	6780	6780_RowanAtkinson_28_m
507	RowanAtkinson	51	AGE51	6786	6786_RowanAtkinson_51_m
507	RowanAtkinson	29	AGE29	6782	6782_RowanAtkinson_29_m
507	RowanAtkinson	30	AGE30	6783	6783_RowanAtkinson_30_m
507	RowanAtkinson	47	AGE47	6790	6790_RowanAtkinson_47_m
508	VictorMature	65	AGE65	8428	8428_VictorMature_65_m
508	VictorMature	31	AGE31	8410	8410_VictorMature_31_m
508	VictorMature	28	AGE28	8407	8407_VictorMature_28_m
508	VictorMature	26	AGE26	8404	8404_VictorMature_26_m
508	VictorMature	43	AGE43	8420	8420_VictorMature_43_m
508	VictorMature	29	AGE29	8408	8408_VictorMature_29_m
508	VictorMature	49	AGE49	8424	8424_VictorMature_49_m
508	VictorMature	27	AGE27	8406	8406_VictorMature_27_m
508	VictorMature	40	AGE40	8418	8418_VictorMature_40_m
508	VictorMature	33	AGE33	8412	8412_VictorMature_33_m
508	VictorMature	41	AGE41	8419	8419_VictorMature_41_m
508	VictorMature	44	AGE44	8421	8421_VictorMature_44_m
508	VictorMature	61	AGE61	8427	8427_VictorMature_61_m
508	VictorMature	45	AGE45	8422	8422_VictorMature_45_m
508	VictorMature	53	AGE53	8425	8425_VictorMature_53_m
508	VictorMature	69	AGE69	8429	8429_VictorMature_69_m
508	VictorMature	70	AGE70	8430	8430_VictorMature_70_m
508	VictorMature	38	AGE38	8416	8416_VictorMature_38_m
508	VictorMature	59	AGE59	8426	8426_VictorMature_59_m
508	VictorMature	32	AGE32	8411	8411_VictorMature_32_m
508	VictorMature	26	AGE26	8405	8405_VictorMature_26_m
508	VictorMature	48	AGE48	8423	8423_VictorMature_48_m
508	VictorMature	37	AGE37	8415	8415_VictorMature_37_m
508	VictorMature	39	AGE39	8417	8417_VictorMature_39_m
508	VictorMature	36	AGE36	8414	8414_VictorMature_36_m
508	VictorMature	35	AGE35	8413	8413_VictorMature_35_m
508	VictorMature	30	AGE30	8409	8409_VictorMature_30_m
508	VictorMature	74	AGE74	8431	8431_VictorMature_74_m
509	MichaelCaine	75	AGE75	4728	4728_MichaelCaine_75_m
509	MichaelCaine	70	AGE70	4730	4730_MichaelCaine_70_m
509	MichaelCaine	32	AGE32	4724	4724_MichaelCaine_32_m
509	MichaelCaine	66	AGE66	4721	4721_MichaelCaine_66_m
509	MichaelCaine	50	AGE50	4729	4729_MichaelCaine_50_m
509	MichaelCaine	32	AGE32	4727	4727_MichaelCaine_32_m
509	MichaelCaine	79	AGE79	4726	4726_MichaelCaine_79_m
509	MichaelCaine	33	AGE33	4725	4725_MichaelCaine_33_m
509	MichaelCaine	39	AGE39	4731	4731_MichaelCaine_39_m
509	MichaelCaine	60	AGE60	4720	4720_MichaelCaine_60_m
509	MichaelCaine	78	AGE78	4723	4723_MichaelCaine_78_m
509	MichaelCaine	52	AGE52	4722	4722_MichaelCaine_52_m
510	PeterFalk	40	AGE40	5595	5595_PeterFalk_40_m
510	PeterFalk	42	AGE42	5597	5597_PeterFalk_42_m
510	PeterFalk	78	AGE78	5623	5623_PeterFalk_78_m
510	PeterFalk	41	AGE41	5596	5596_PeterFalk_41_m
510	PeterFalk	68	AGE68	5617	5617_PeterFalk_68_m
510	PeterFalk	47	AGE47	5601	5601_PeterFalk_47_m
510	PeterFalk	49	AGE49	5604	5604_PeterFalk_49_m
510	PeterFalk	52	AGE52	5607	5607_PeterFalk_52_m
510	PeterFalk	74	AGE74	5621	5621_PeterFalk_74_m
510	PeterFalk	82	AGE82	5628	5628_PeterFalk_82_m
510	PeterFalk	37	AGE37	5592	5592_PeterFalk_37_m
510	PeterFalk	80	AGE80	5626	5626_PeterFalk_80_m
510	PeterFalk	50	AGE50	5605	5605_PeterFalk_50_m
510	PeterFalk	46	AGE46	5600	5600_PeterFalk_46_m
510	PeterFalk	62	AGE62	5615	5615_PeterFalk_62_m
510	PeterFalk	83	AGE83	5630	5630_PeterFalk_83_m
510	PeterFalk	36	AGE36	5591	5591_PeterFalk_36_m
510	PeterFalk	44	AGE44	5599	5599_PeterFalk_44_m
510	PeterFalk	81	AGE81	5627	5627_PeterFalk_81_m
510	PeterFalk	32	AGE32	5590	5590_PeterFalk_32_m
510	PeterFalk	48	AGE48	5603	5603_PeterFalk_48_m
510	PeterFalk	73	AGE73	5620	5620_PeterFalk_73_m
510	PeterFalk	39	AGE39	5594	5594_PeterFalk_39_m
510	PeterFalk	44	AGE44	5598	5598_PeterFalk_44_m
510	PeterFalk	79	AGE79	5625	5625_PeterFalk_79_m
510	PeterFalk	83	AGE83	5629	5629_PeterFalk_83_m
510	PeterFalk	18	AGE18	5586	5586_PeterFalk_18_m
510	PeterFalk	70	AGE70	5619	5619_PeterFalk_70_m
510	PeterFalk	48	AGE48	5602	5602_PeterFalk_48_m
510	PeterFalk	78	AGE78	5624	5624_PeterFalk_78_m
510	PeterFalk	56	AGE56	5612	5612_PeterFalk_56_m
510	PeterFalk	54	AGE54	5610	5610_PeterFalk_54_m
510	PeterFalk	68	AGE68	5618	5618_PeterFalk_68_m
510	PeterFalk	55	AGE55	5611	5611_PeterFalk_55_m
510	PeterFalk	75	AGE75	5622	5622_PeterFalk_75_m
510	PeterFalk	52	AGE52	5608	5608_PeterFalk_52_m
510	PeterFalk	30	AGE30	5588	5588_PeterFalk_30_m
510	PeterFalk	38	AGE38	5593	5593_PeterFalk_38_m
510	PeterFalk	58	AGE58	5613	5613_PeterFalk_58_m
510	PeterFalk	60	AGE60	5614	5614_PeterFalk_60_m
510	PeterFalk	29	AGE29	5587	5587_PeterFalk_29_m
510	PeterFalk	51	AGE51	5606	5606_PeterFalk_51_m
510	PeterFalk	32	AGE32	5589	5589_PeterFalk_32_m
510	PeterFalk	53	AGE53	5609	5609_PeterFalk_53_m
510	PeterFalk	66	AGE66	5616	5616_PeterFalk_66_m
511	JackNicolson	45	AGE45	5268	5268_JackNicolson_45_m
511	JackNicolson	73	AGE73	5281	5281_JackNicolson_73_m
511	JackNicolson	52	AGE52	5292	5292_JackNicolson_52_m
511	JackNicolson	36	AGE36	5270	5270_JackNicolson_36_m
511	JackNicolson	70	AGE70	5284	5284_JackNicolson_70_m
511	JackNicolson	34	AGE34	5286	5286_JackNicolson_34_m
511	JackNicolson	42	AGE42	5275	5275_JackNicolson_42_m
511	JackNicolson	74	AGE74	5290	5290_JackNicolson_74_m
511	JackNicolson	62	AGE62	5274	5274_JackNicolson_62_m
511	JackNicolson	34	AGE34	5280	5280_JackNicolson_34_m
511	JackNicolson	71	AGE71	5279	5279_JackNicolson_71_m
511	JackNicolson	52	AGE52	5276	5276_JackNicolson_52_m
511	JackNicolson	32	AGE32	5282	5282_JackNicolson_32_m
511	JackNicolson	48	AGE48	5273	5273_JackNicolson_48_m
511	JackNicolson	58	AGE58	5271	5271_JackNicolson_58_m
511	JackNicolson	48	AGE48	5277	5277_JackNicolson_48_m
511	JackNicolson	74	AGE74	5287	5287_JackNicolson_74_m
511	JackNicolson	37	AGE37	5283	5283_JackNicolson_37_m
511	JackNicolson	44	AGE44	5293	5293_JackNicolson_44_m
511	JackNicolson	43	AGE43	5288	5288_JackNicolson_43_m
511	JackNicolson	68	AGE68	5269	5269_JackNicolson_68_m
511	JackNicolson	35	AGE35	5272	5272_JackNicolson_35_m
511	JackNicolson	34	AGE34	5285	5285_JackNicolson_34_m
511	JackNicolson	17	AGE17	5291	5291_JackNicolson_17_m
511	JackNicolson	69	AGE69	5289	5289_JackNicolson_69_m
511	JackNicolson	50	AGE50	5278	5278_JackNicolson_50_m
512	WilliamHolden	54	AGE54	8483	8483_WilliamHolden_54_m
512	WilliamHolden	21	AGE21	8462	8462_WilliamHolden_21_m
512	WilliamHolden	46	AGE46	8477	8477_WilliamHolden_46_m
512	WilliamHolden	35	AGE35	8471	8471_WilliamHolden_35_m
512	WilliamHolden	56	AGE56	8485	8485_WilliamHolden_56_m
512	WilliamHolden	58	AGE58	8487	8487_WilliamHolden_58_m
512	WilliamHolden	48	AGE48	8478	8478_WilliamHolden_48_m
512	WilliamHolden	29	AGE29	8468	8468_WilliamHolden_29_m
512	WilliamHolden	24	AGE24	8465	8465_WilliamHolden_24_m
512	WilliamHolden	45	AGE45	8476	8476_WilliamHolden_45_m
512	WilliamHolden	53	AGE53	8482	8482_WilliamHolden_53_m
512	WilliamHolden	61	AGE61	8489	8489_WilliamHolden_61_m
512	WilliamHolden	57	AGE57	8486	8486_WilliamHolden_57_m
512	WilliamHolden	22	AGE22	8463	8463_WilliamHolden_22_m
512	WilliamHolden	25	AGE25	8466	8466_WilliamHolden_25_m
512	WilliamHolden	36	AGE36	8472	8472_WilliamHolden_36_m
512	WilliamHolden	63	AGE63	8490	8490_WilliamHolden_63_m
512	WilliamHolden	55	AGE55	8484	8484_WilliamHolden_55_m
512	WilliamHolden	51	AGE51	8480	8480_WilliamHolden_51_m
512	WilliamHolden	49	AGE49	8479	8479_WilliamHolden_49_m
512	WilliamHolden	23	AGE23	8464	8464_WilliamHolden_23_m
512	WilliamHolden	39	AGE39	8473	8473_WilliamHolden_39_m
512	WilliamHolden	41	AGE41	8475	8475_WilliamHolden_41_m
512	WilliamHolden	34	AGE34	8470	8470_WilliamHolden_34_m
512	WilliamHolden	30	AGE30	8469	8469_WilliamHolden_30_m
512	WilliamHolden	40	AGE40	8474	8474_WilliamHolden_40_m
512	WilliamHolden	60	AGE60	8488	8488_WilliamHolden_60_m
512	WilliamHolden	51	AGE51	8481	8481_WilliamHolden_51_m
512	WilliamHolden	27	AGE27	8467	8467_WilliamHolden_27_m
512	WilliamHolden	20	AGE20	8461	8461_WilliamHolden_20_m
513	DonnaReed	24	AGE24	12570	12570_DonnaReed_24_f
513	DonnaReed	26	AGE26	12572	12572_DonnaReed_26_f
513	DonnaReed	23	AGE23	12569	12569_DonnaReed_23_f
513	DonnaReed	43	AGE43	12585	12585_DonnaReed_43_f
513	DonnaReed	42	AGE42	12584	12584_DonnaReed_42_f
513	DonnaReed	39	AGE39	12582	12582_DonnaReed_39_f
513	DonnaReed	44	AGE44	12586	12586_DonnaReed_44_f
513	DonnaReed	22	AGE22	12568	12568_DonnaReed_22_f
513	DonnaReed	40	AGE40	12583	12583_DonnaReed_40_f
513	DonnaReed	21	AGE21	12567	12567_DonnaReed_21_f
513	DonnaReed	29	AGE29	12577	12577_DonnaReed_29_f
513	DonnaReed	26	AGE26	12573	12573_DonnaReed_26_f
513	DonnaReed	61	AGE61	12590	12590_DonnaReed_61_f
513	DonnaReed	27	AGE27	12574	12574_DonnaReed_27_f
513	DonnaReed	30	AGE30	12578	12578_DonnaReed_30_f
513	DonnaReed	38	AGE38	12581	12581_DonnaReed_38_f
513	DonnaReed	36	AGE36	12580	12580_DonnaReed_36_f
513	DonnaReed	55	AGE55	12594	12594_DonnaReed_55_f
513	DonnaReed	62	AGE62	12591	12591_DonnaReed_62_f
513	DonnaReed	47	AGE47	12587	12587_DonnaReed_47_f
513	DonnaReed	64	AGE64	12593	12593_DonnaReed_64_f
513	DonnaReed	52	AGE52	12588	12588_DonnaReed_52_f
513	DonnaReed	28	AGE28	12576	12576_DonnaReed_28_f
513	DonnaReed	25	AGE25	12571	12571_DonnaReed_25_f
513	DonnaReed	63	AGE63	12592	12592_DonnaReed_63_f
513	DonnaReed	53	AGE53	12589	12589_DonnaReed_53_f
513	DonnaReed	32	AGE32	12579	12579_DonnaReed_32_f
513	DonnaReed	27	AGE27	12575	12575_DonnaReed_27_f
514	LindaEvans	36	AGE36	10614	10614_LindaEvans_36_f
514	LindaEvans	43	AGE43	10620	10620_LindaEvans_43_f
514	LindaEvans	44	AGE44	10621	10621_LindaEvans_44_f
514	LindaEvans	49	AGE49	10624	10624_LindaEvans_49_f
514	LindaEvans	47	AGE47	10622	10622_LindaEvans_47_f
514	LindaEvans	20	AGE20	10602	10602_LindaEvans_20_f
514	LindaEvans	25	AGE25	10606	10606_LindaEvans_25_f
514	LindaEvans	27	AGE27	10608	10608_LindaEvans_27_f
514	LindaEvans	33	AGE33	10612	10612_LindaEvans_33_f
514	LindaEvans	21	AGE21	10603	10603_LindaEvans_21_f
514	LindaEvans	35	AGE35	10613	10613_LindaEvans_35_f
514	LindaEvans	38	AGE38	10616	10616_LindaEvans_38_f
514	LindaEvans	51	AGE51	10625	10625_LindaEvans_51_f
514	LindaEvans	26	AGE26	10607	10607_LindaEvans_26_f
514	LindaEvans	37	AGE37	10615	10615_LindaEvans_37_f
514	LindaEvans	22	AGE22	10604	10604_LindaEvans_22_f
514	LindaEvans	32	AGE32	10611	10611_LindaEvans_32_f
514	LindaEvans	18	AGE18	10601	10601_LindaEvans_18_f
514	LindaEvans	54	AGE54	10627	10627_LindaEvans_54_f
514	LindaEvans	29	AGE29	10609	10609_LindaEvans_29_f
514	LindaEvans	48	AGE48	10623	10623_LindaEvans_48_f
514	LindaEvans	42	AGE42	10619	10619_LindaEvans_42_f
514	LindaEvans	61	AGE61	10629	10629_LindaEvans_61_f
514	LindaEvans	40	AGE40	10617	10617_LindaEvans_40_f
514	LindaEvans	69	AGE69	10632	10632_LindaEvans_69_f
514	LindaEvans	41	AGE41	10618	10618_LindaEvans_41_f
514	LindaEvans	55	AGE55	10628	10628_LindaEvans_55_f
514	LindaEvans	53	AGE53	10626	10626_LindaEvans_53_f
514	LindaEvans	31	AGE31	10610	10610_LindaEvans_31_f
514	LindaEvans	66	AGE66	10631	10631_LindaEvans_66_f
514	LindaEvans	23	AGE23	10605	10605_LindaEvans_23_f
514	LindaEvans	64	AGE64	10630	10630_LindaEvans_64_f
515	mahatmagandhi	28	AGE28	857	857_mahatmagandhi_28_m
515	mahatmagandhi	76	AGE76	858	858_mahatmagandhi_76_m
515	mahatmagandhi	71	AGE71	850	850_mahatmagandhi_71_m
515	mahatmagandhi	30	AGE30	854	854_mahatmagandhi_30_m
515	mahatmagandhi	73	AGE73	856	856_mahatmagandhi_73_m
515	mahatmagandhi	49	AGE49	847	847_mahatmagandhi_49_m
515	mahatmagandhi	58	AGE58	859	859_mahatmagandhi_58_m
515	mahatmagandhi	75	AGE75	861	861_mahatmagandhi_75_m
515	mahatmagandhi	26	AGE26	845	845_mahatmagandhi_26_m
515	mahatmagandhi	20	AGE20	853	853_mahatmagandhi_20_m
515	mahatmagandhi	62	AGE62	848	848_mahatmagandhi_62_m
515	mahatmagandhi	40	AGE40	846	846_mahatmagandhi_40_m
515	mahatmagandhi	76	AGE76	862	862_mahatmagandhi_76_m
515	mahatmagandhi	70	AGE70	849	849_mahatmagandhi_70_m
515	mahatmagandhi	72	AGE72	863	863_mahatmagandhi_72_m
515	mahatmagandhi	7	AGE7	844	844_mahatmagandhi_7_m
515	mahatmagandhi	73	AGE73	851	851_mahatmagandhi_73_m
515	mahatmagandhi	72	AGE72	860	860_mahatmagandhi_72_m
515	mahatmagandhi	68	AGE68	864	864_mahatmagandhi_68_m
515	mahatmagandhi	71	AGE71	855	855_mahatmagandhi_71_m
515	mahatmagandhi	72	AGE72	865	865_mahatmagandhi_72_m
515	mahatmagandhi	52	AGE52	852	852_mahatmagandhi_52_m
516	JWMarriott	65	AGE65	478	478_JWMarriott_65_m
516	JWMarriott	62	AGE62	481	481_JWMarriott_62_m
516	JWMarriott	75	AGE75	473	473_JWMarriott_75_m
516	JWMarriott	77	AGE77	474	474_JWMarriott_77_m
516	JWMarriott	78	AGE78	476	476_JWMarriott_78_m
516	JWMarriott	60	AGE60	480	480_JWMarriott_60_m
516	JWMarriott	73	AGE73	477	477_JWMarriott_73_m
516	JWMarriott	75	AGE75	479	479_JWMarriott_75_m
516	JWMarriott	70	AGE70	482	482_JWMarriott_70_m
516	JWMarriott	76	AGE76	475	475_JWMarriott_76_m
516	JWMarriott	73	AGE73	472	472_JWMarriott_73_m
517	GeraldinePage	40	AGE40	14202	14202_GeraldinePage_40_f
517	GeraldinePage	43	AGE43	14193	14193_GeraldinePage_43_f
517	GeraldinePage	43	AGE43	14204	14204_GeraldinePage_43_f
517	GeraldinePage	45	AGE45	14208	14208_GeraldinePage_45_f
517	GeraldinePage	56	AGE56	14183	14183_GeraldinePage_56_f
517	GeraldinePage	41	AGE41	14216	14216_GeraldinePage_41_f
517	GeraldinePage	26	AGE26	14196	14196_GeraldinePage_26_f
517	GeraldinePage	47	AGE47	14206	14206_GeraldinePage_47_f
517	GeraldinePage	29	AGE29	14197	14197_GeraldinePage_29_f
517	GeraldinePage	38	AGE38	14186	14186_GeraldinePage_38_f
517	GeraldinePage	36	AGE36	14198	14198_GeraldinePage_36_f
517	GeraldinePage	40	AGE40	14218	14218_GeraldinePage_40_f
517	GeraldinePage	60	AGE60	14195	14195_GeraldinePage_60_f
517	GeraldinePage	24	AGE24	14217	14217_GeraldinePage_24_f
517	GeraldinePage	32	AGE32	14214	14214_GeraldinePage_32_f
517	GeraldinePage	39	AGE39	14188	14188_GeraldinePage_39_f
517	GeraldinePage	54	AGE54	14205	14205_GeraldinePage_54_f
517	GeraldinePage	53	AGE53	14185	14185_GeraldinePage_53_f
517	GeraldinePage	37	AGE37	14199	14199_GeraldinePage_37_f
517	GeraldinePage	34	AGE34	14200	14200_GeraldinePage_34_f
517	GeraldinePage	48	AGE48	14209	14209_GeraldinePage_48_f
517	GeraldinePage	49	AGE49	14210	14210_GeraldinePage_49_f
517	GeraldinePage	27	AGE27	14191	14191_GeraldinePage_27_f
517	GeraldinePage	43	AGE43	14211	14211_GeraldinePage_43_f
517	GeraldinePage	46	AGE46	14192	14192_GeraldinePage_46_f
517	GeraldinePage	60	AGE60	14212	14212_GeraldinePage_60_f
517	GeraldinePage	61	AGE61	14194	14194_GeraldinePage_61_f
517	GeraldinePage	42	AGE42	14203	14203_GeraldinePage_42_f
517	GeraldinePage	39	AGE39	14189	14189_GeraldinePage_39_f
517	GeraldinePage	36	AGE36	14190	14190_GeraldinePage_36_f
517	GeraldinePage	37	AGE37	14187	14187_GeraldinePage_37_f
517	GeraldinePage	59	AGE59	14207	14207_GeraldinePage_59_f
517	GeraldinePage	62	AGE62	14213	14213_GeraldinePage_62_f
517	GeraldinePage	40	AGE40	14184	14184_GeraldinePage_40_f
517	GeraldinePage	60	AGE60	14215	14215_GeraldinePage_60_f
517	GeraldinePage	40	AGE40	14201	14201_GeraldinePage_40_f
518	RomanPolanski	27	AGE27	4880	4880_RomanPolanski_27_m
518	RomanPolanski	25	AGE25	4878	4878_RomanPolanski_25_m
518	RomanPolanski	62	AGE62	4913	4913_RomanPolanski_62_m
518	RomanPolanski	34	AGE34	4886	4886_RomanPolanski_34_m
518	RomanPolanski	29	AGE29	4882	4882_RomanPolanski_29_m
518	RomanPolanski	21	AGE21	4875	4875_RomanPolanski_21_m
518	RomanPolanski	43	AGE43	4899	4899_RomanPolanski_43_m
518	RomanPolanski	46	AGE46	4901	4901_RomanPolanski_46_m
518	RomanPolanski	39	AGE39	4889	4889_RomanPolanski_39_m
518	RomanPolanski	23	AGE23	4877	4877_RomanPolanski_23_m
518	RomanPolanski	65	AGE65	4914	4914_RomanPolanski_65_m
518	RomanPolanski	30	AGE30	4883	4883_RomanPolanski_30_m
518	RomanPolanski	59	AGE59	4912	4912_RomanPolanski_59_m
518	RomanPolanski	73	AGE73	4918	4918_RomanPolanski_73_m
518	RomanPolanski	77	AGE77	4922	4922_RomanPolanski_77_m
518	RomanPolanski	53	AGE53	4908	4908_RomanPolanski_53_m
518	RomanPolanski	42	AGE42	4898	4898_RomanPolanski_42_m
518	RomanPolanski	55	AGE55	4910	4910_RomanPolanski_55_m
518	RomanPolanski	79	AGE79	4924	4924_RomanPolanski_79_m
518	RomanPolanski	37	AGE37	4893	4893_RomanPolanski_37_m
518	RomanPolanski	40	AGE40	4896	4896_RomanPolanski_40_m
518	RomanPolanski	51	AGE51	4906	4906_RomanPolanski_51_m
518	RomanPolanski	26	AGE26	4879	4879_RomanPolanski_26_m
518	RomanPolanski	39	AGE39	4894	4894_RomanPolanski_39_m
518	RomanPolanski	75	AGE75	4920	4920_RomanPolanski_75_m
518	RomanPolanski	55	AGE55	4911	4911_RomanPolanski_55_m
518	RomanPolanski	22	AGE22	4876	4876_RomanPolanski_22_m
518	RomanPolanski	32	AGE32	4884	4884_RomanPolanski_32_m
518	RomanPolanski	71	AGE71	4917	4917_RomanPolanski_71_m
518	RomanPolanski	44	AGE44	4900	4900_RomanPolanski_44_m
518	RomanPolanski	67	AGE67	4915	4915_RomanPolanski_67_m
518	RomanPolanski	36	AGE36	4892	4892_RomanPolanski_36_m
518	RomanPolanski	33	AGE33	4885	4885_RomanPolanski_33_m
518	RomanPolanski	40	AGE40	4895	4895_RomanPolanski_40_m
518	RomanPolanski	69	AGE69	4916	4916_RomanPolanski_69_m
518	RomanPolanski	54	AGE54	4909	4909_RomanPolanski_54_m
518	RomanPolanski	35	AGE35	4891	4891_RomanPolanski_35_m
518	RomanPolanski	41	AGE41	4897	4897_RomanPolanski_41_m
518	RomanPolanski	52	AGE52	4907	4907_RomanPolanski_52_m
518	RomanPolanski	28	AGE28	4881	4881_RomanPolanski_28_m
518	RomanPolanski	74	AGE74	4919	4919_RomanPolanski_74_m
518	RomanPolanski	49	AGE49	4904	4904_RomanPolanski_49_m
518	RomanPolanski	78	AGE78	4923	4923_RomanPolanski_78_m
518	RomanPolanski	47	AGE47	4902	4902_RomanPolanski_47_m
518	RomanPolanski	48	AGE48	4903	4903_RomanPolanski_48_m
518	RomanPolanski	80	AGE80	4925	4925_RomanPolanski_80_m
518	RomanPolanski	76	AGE76	4921	4921_RomanPolanski_76_m
518	RomanPolanski	31	AGE31	4890	4890_RomanPolanski_31_m
518	RomanPolanski	35	AGE35	4887	4887_RomanPolanski_35_m
518	RomanPolanski	38	AGE38	4888	4888_RomanPolanski_38_m
518	RomanPolanski	50	AGE50	4905	4905_RomanPolanski_50_m
519	ChevyChase	44	AGE44	2434	2434_ChevyChase_44_m
519	ChevyChase	40	AGE40	2455	2455_ChevyChase_40_m
519	ChevyChase	68	AGE68	2446	2446_ChevyChase_68_m
519	ChevyChase	40	AGE40	2431	2431_ChevyChase_40_m
519	ChevyChase	60	AGE60	2439	2439_ChevyChase_60_m
519	ChevyChase	43	AGE43	2433	2433_ChevyChase_43_m
519	ChevyChase	56	AGE56	2438	2438_ChevyChase_56_m
519	ChevyChase	33	AGE33	2449	2449_ChevyChase_33_m
519	ChevyChase	69	AGE69	2447	2447_ChevyChase_69_m
519	ChevyChase	32	AGE32	2429	2429_ChevyChase_32_m
519	ChevyChase	28	AGE28	2424	2424_ChevyChase_28_m
519	ChevyChase	35	AGE35	2428	2428_ChevyChase_35_m
519	ChevyChase	37	AGE37	2430	2430_ChevyChase_37_m
519	ChevyChase	52	AGE52	2437	2437_ChevyChase_52_m
519	ChevyChase	61	AGE61	2440	2440_ChevyChase_61_m
519	ChevyChase	62	AGE62	2441	2441_ChevyChase_62_m
519	ChevyChase	31	AGE31	2448	2448_ChevyChase_31_m
519	ChevyChase	34	AGE34	2427	2427_ChevyChase_34_m
519	ChevyChase	63	AGE63	2442	2442_ChevyChase_63_m
519	ChevyChase	35	AGE35	2454	2454_ChevyChase_35_m
519	ChevyChase	58	AGE58	2453	2453_ChevyChase_58_m
519	ChevyChase	65	AGE65	2443	2443_ChevyChase_65_m
519	ChevyChase	33	AGE33	2426	2426_ChevyChase_33_m
519	ChevyChase	25	AGE25	2425	2425_ChevyChase_25_m
519	ChevyChase	67	AGE67	2456	2456_ChevyChase_67_m
519	ChevyChase	51	AGE51	2436	2436_ChevyChase_51_m
519	ChevyChase	66	AGE66	2444	2444_ChevyChase_66_m
519	ChevyChase	45	AGE45	2450	2450_ChevyChase_45_m
519	ChevyChase	30	AGE30	2423	2423_ChevyChase_30_m
519	ChevyChase	67	AGE67	2445	2445_ChevyChase_67_m
519	ChevyChase	42	AGE42	2451	2451_ChevyChase_42_m
519	ChevyChase	57	AGE57	2452	2452_ChevyChase_57_m
519	ChevyChase	42	AGE42	2432	2432_ChevyChase_42_m
519	ChevyChase	46	AGE46	2435	2435_ChevyChase_46_m
520	MaryTamm	21	AGE21	15730	15730_MaryTamm_21_f
520	MaryTamm	17	AGE17	15727	15727_MaryTamm_17_f
520	MaryTamm	48	AGE48	15746	15746_MaryTamm_48_f
520	MaryTamm	32	AGE32	15737	15737_MaryTamm_32_f
520	MaryTamm	24	AGE24	15732	15732_MaryTamm_24_f
520	MaryTamm	33	AGE33	15738	15738_MaryTamm_33_f
520	MaryTamm	40	AGE40	15741	15741_MaryTamm_40_f
520	MaryTamm	23	AGE23	15731	15731_MaryTamm_23_f
520	MaryTamm	42	AGE42	15742	15742_MaryTamm_42_f
520	MaryTamm	19	AGE19	15729	15729_MaryTamm_19_f
520	MaryTamm	46	AGE46	15744	15744_MaryTamm_46_f
520	MaryTamm	30	AGE30	15736	15736_MaryTamm_30_f
520	MaryTamm	35	AGE35	15739	15739_MaryTamm_35_f
520	MaryTamm	27	AGE27	15734	15734_MaryTamm_27_f
520	MaryTamm	44	AGE44	15743	15743_MaryTamm_44_f
520	MaryTamm	53	AGE53	15749	15749_MaryTamm_53_f
520	MaryTamm	51	AGE51	15748	15748_MaryTamm_51_f
520	MaryTamm	15	AGE15	15726	15726_MaryTamm_15_f
520	MaryTamm	50	AGE50	15747	15747_MaryTamm_50_f
520	MaryTamm	36	AGE36	15740	15740_MaryTamm_36_f
520	MaryTamm	47	AGE47	15745	15745_MaryTamm_47_f
520	MaryTamm	25	AGE25	15733	15733_MaryTamm_25_f
520	MaryTamm	55	AGE55	15750	15750_MaryTamm_55_f
520	MaryTamm	29	AGE29	15735	15735_MaryTamm_29_f
520	MaryTamm	18	AGE18	15728	15728_MaryTamm_18_f
521	StefaniePowers	67	AGE67	15840	15840_StefaniePowers_67_f
521	StefaniePowers	47	AGE47	15826	15826_StefaniePowers_47_f
521	StefaniePowers	56	AGE56	15831	15831_StefaniePowers_56_f
521	StefaniePowers	54	AGE54	15846	15846_StefaniePowers_54_f
521	StefaniePowers	60	AGE60	15833	15833_StefaniePowers_60_f
521	StefaniePowers	32	AGE32	15817	15817_StefaniePowers_32_f
521	StefaniePowers	46	AGE46	15825	15825_StefaniePowers_46_f
521	StefaniePowers	37	AGE37	15820	15820_StefaniePowers_37_f
521	StefaniePowers	36	AGE36	15819	15819_StefaniePowers_36_f
521	StefaniePowers	23	AGE23	15814	15814_StefaniePowers_23_f
521	StefaniePowers	44	AGE44	15844	15844_StefaniePowers_44_f
521	StefaniePowers	65	AGE65	15838	15838_StefaniePowers_65_f
521	StefaniePowers	73	AGE73	15842	15842_StefaniePowers_73_f
521	StefaniePowers	42	AGE42	15843	15843_StefaniePowers_42_f
521	StefaniePowers	48	AGE48	15827	15827_StefaniePowers_48_f
521	StefaniePowers	64	AGE64	15837	15837_StefaniePowers_64_f
521	StefaniePowers	68	AGE68	15848	15848_StefaniePowers_68_f
521	StefaniePowers	69	AGE69	15841	15841_StefaniePowers_69_f
521	StefaniePowers	62	AGE62	15835	15835_StefaniePowers_62_f
521	StefaniePowers	66	AGE66	15839	15839_StefaniePowers_66_f
521	StefaniePowers	34	AGE34	15818	15818_StefaniePowers_34_f
521	StefaniePowers	29	AGE29	15816	15816_StefaniePowers_29_f
521	StefaniePowers	61	AGE61	15834	15834_StefaniePowers_61_f
521	StefaniePowers	21	AGE21	15813	15813_StefaniePowers_21_f
521	StefaniePowers	38	AGE38	15821	15821_StefaniePowers_38_f
521	StefaniePowers	63	AGE63	15836	15836_StefaniePowers_63_f
521	StefaniePowers	41	AGE41	15824	15824_StefaniePowers_41_f
521	StefaniePowers	49	AGE49	15828	15828_StefaniePowers_49_f
521	StefaniePowers	40	AGE40	15823	15823_StefaniePowers_40_f
521	StefaniePowers	55	AGE55	15847	15847_StefaniePowers_55_f
521	StefaniePowers	51	AGE51	15829	15829_StefaniePowers_51_f
521	StefaniePowers	52	AGE52	15830	15830_StefaniePowers_52_f
521	StefaniePowers	50	AGE50	15845	15845_StefaniePowers_50_f
521	StefaniePowers	71	AGE71	15850	15850_StefaniePowers_71_f
521	StefaniePowers	70	AGE70	15849	15849_StefaniePowers_70_f
521	StefaniePowers	24	AGE24	15815	15815_StefaniePowers_24_f
521	StefaniePowers	58	AGE58	15832	15832_StefaniePowers_58_f
521	StefaniePowers	39	AGE39	15822	15822_StefaniePowers_39_f
522	DannyGlover	63	AGE63	16104	16104_DannyGlover_63_m
522	DannyGlover	45	AGE45	16086	16086_DannyGlover_45_m
522	DannyGlover	69	AGE69	16098	16098_DannyGlover_69_m
522	DannyGlover	39	AGE39	16082	16082_DannyGlover_39_m
522	DannyGlover	41	AGE41	16083	16083_DannyGlover_41_m
522	DannyGlover	71	AGE71	16103	16103_DannyGlover_71_m
522	DannyGlover	47	AGE47	16089	16089_DannyGlover_47_m
522	DannyGlover	70	AGE70	16101	16101_DannyGlover_70_m
522	DannyGlover	68	AGE68	16095	16095_DannyGlover_68_m
522	DannyGlover	52	AGE52	16106	16106_DannyGlover_52_m
522	DannyGlover	70	AGE70	16099	16099_DannyGlover_70_m
522	DannyGlover	61	AGE61	16090	16090_DannyGlover_61_m
522	DannyGlover	42	AGE42	16108	16108_DannyGlover_42_m
522	DannyGlover	68	AGE68	16094	16094_DannyGlover_68_m
522	DannyGlover	68	AGE68	16096	16096_DannyGlover_68_m
522	DannyGlover	68	AGE68	16081	16081_DannyGlover_68_m
522	DannyGlover	41	AGE41	16091	16091_DannyGlover_41_m
522	DannyGlover	71	AGE71	16102	16102_DannyGlover_71_m
522	DannyGlover	43	AGE43	16084	16084_DannyGlover_43_m
522	DannyGlover	58	AGE58	16093	16093_DannyGlover_58_m
522	DannyGlover	62	AGE62	16092	16092_DannyGlover_62_m
522	DannyGlover	46	AGE46	16087	16087_DannyGlover_46_m
522	DannyGlover	70	AGE70	16100	16100_DannyGlover_70_m
522	DannyGlover	44	AGE44	16085	16085_DannyGlover_44_m
522	DannyGlover	39	AGE39	16110	16110_DannyGlover_39_m
522	DannyGlover	8	AGE8	16107	16107_DannyGlover_8_m
522	DannyGlover	70	AGE70	16097	16097_DannyGlover_70_m
522	DannyGlover	61	AGE61	16109	16109_DannyGlover_61_m
522	DannyGlover	63	AGE63	16105	16105_DannyGlover_63_m
522	DannyGlover	57	AGE57	16088	16088_DannyGlover_57_m
523	MartinSheen	31	AGE31	3519	3519_MartinSheen_31_m
523	MartinSheen	69	AGE69	3549	3549_MartinSheen_69_m
523	MartinSheen	38	AGE38	3526	3526_MartinSheen_38_m
523	MartinSheen	69	AGE69	3548	3548_MartinSheen_69_m
523	MartinSheen	62	AGE62	3542	3542_MartinSheen_62_m
523	MartinSheen	56	AGE56	3536	3536_MartinSheen_56_m
523	MartinSheen	68	AGE68	3547	3547_MartinSheen_68_m
523	MartinSheen	72	AGE72	3552	3552_MartinSheen_72_m
523	MartinSheen	43	AGE43	3529	3529_MartinSheen_43_m
523	MartinSheen	75	AGE75	3555	3555_MartinSheen_75_m
523	MartinSheen	73	AGE73	3553	3553_MartinSheen_73_m
523	MartinSheen	34	AGE34	3522	3522_MartinSheen_34_m
523	MartinSheen	59	AGE59	3539	3539_MartinSheen_59_m
523	MartinSheen	46	AGE46	3531	3531_MartinSheen_46_m
523	MartinSheen	67	AGE67	3546	3546_MartinSheen_67_m
523	MartinSheen	27	AGE27	3517	3517_MartinSheen_27_m
523	MartinSheen	35	AGE35	3523	3523_MartinSheen_35_m
523	MartinSheen	36	AGE36	3524	3524_MartinSheen_36_m
523	MartinSheen	63	AGE63	3543	3543_MartinSheen_63_m
523	MartinSheen	33	AGE33	3521	3521_MartinSheen_33_m
523	MartinSheen	58	AGE58	3538	3538_MartinSheen_58_m
523	MartinSheen	57	AGE57	3537	3537_MartinSheen_57_m
523	MartinSheen	23	AGE23	3516	3516_MartinSheen_23_m
523	MartinSheen	53	AGE53	3535	3535_MartinSheen_53_m
523	MartinSheen	47	AGE47	3532	3532_MartinSheen_47_m
523	MartinSheen	52	AGE52	3534	3534_MartinSheen_52_m
523	MartinSheen	61	AGE61	3541	3541_MartinSheen_61_m
523	MartinSheen	66	AGE66	3545	3545_MartinSheen_66_m
523	MartinSheen	44	AGE44	3530	3530_MartinSheen_44_m
523	MartinSheen	32	AGE32	3520	3520_MartinSheen_32_m
523	MartinSheen	64	AGE64	3544	3544_MartinSheen_64_m
523	MartinSheen	50	AGE50	3533	3533_MartinSheen_50_m
523	MartinSheen	29	AGE29	3518	3518_MartinSheen_29_m
523	MartinSheen	37	AGE37	3525	3525_MartinSheen_37_m
523	MartinSheen	71	AGE71	3551	3551_MartinSheen_71_m
523	MartinSheen	42	AGE42	3528	3528_MartinSheen_42_m
523	MartinSheen	70	AGE70	3550	3550_MartinSheen_70_m
523	MartinSheen	74	AGE74	3554	3554_MartinSheen_74_m
523	MartinSheen	40	AGE40	3527	3527_MartinSheen_40_m
523	MartinSheen	60	AGE60	3540	3540_MartinSheen_60_m
524	MaureenOHara	78	AGE78	11641	11641_MaureenOHara_78_f
524	MaureenOHara	21	AGE21	11623	11623_MaureenOHara_21_f
524	MaureenOHara	51	AGE51	11637	11637_MaureenOHara_51_f
524	MaureenOHara	20	AGE20	11622	11622_MaureenOHara_20_f
524	MaureenOHara	84	AGE84	11642	11642_MaureenOHara_84_f
524	MaureenOHara	39	AGE39	11635	11635_MaureenOHara_39_f
524	MaureenOHara	26	AGE26	11626	11626_MaureenOHara_26_f
524	MaureenOHara	45	AGE45	11636	11636_MaureenOHara_45_f
524	MaureenOHara	75	AGE75	11640	11640_MaureenOHara_75_f
524	MaureenOHara	20	AGE20	11650	11650_MaureenOHara_20_f
524	MaureenOHara	36	AGE36	11634	11634_MaureenOHara_36_f
524	MaureenOHara	33	AGE33	11631	11631_MaureenOHara_33_f
524	MaureenOHara	32	AGE32	11630	11630_MaureenOHara_32_f
524	MaureenOHara	28	AGE28	11648	11648_MaureenOHara_28_f
524	MaureenOHara	35	AGE35	11633	11633_MaureenOHara_35_f
524	MaureenOHara	35	AGE35	11643	11643_MaureenOHara_35_f
524	MaureenOHara	82	AGE82	11646	11646_MaureenOHara_82_f
524	MaureenOHara	78	AGE78	11644	11644_MaureenOHara_78_f
524	MaureenOHara	85	AGE85	11645	11645_MaureenOHara_85_f
524	MaureenOHara	28	AGE28	11628	11628_MaureenOHara_28_f
524	MaureenOHara	27	AGE27	11627	11627_MaureenOHara_27_f
524	MaureenOHara	30	AGE30	11647	11647_MaureenOHara_30_f
524	MaureenOHara	89	AGE89	11649	11649_MaureenOHara_89_f
524	MaureenOHara	71	AGE71	11638	11638_MaureenOHara_71_f
524	MaureenOHara	18	AGE18	11651	11651_MaureenOHara_18_f
524	MaureenOHara	75	AGE75	11639	11639_MaureenOHara_75_f
524	MaureenOHara	34	AGE34	11632	11632_MaureenOHara_34_f
524	MaureenOHara	23	AGE23	11625	11625_MaureenOHara_23_f
524	MaureenOHara	22	AGE22	11624	11624_MaureenOHara_22_f
524	MaureenOHara	29	AGE29	11629	11629_MaureenOHara_29_f
525	BoDerek	33	AGE33	9651	9651_BoDerek_33_f
525	BoDerek	24	AGE24	9645	9645_BoDerek_24_f
525	BoDerek	40	AGE40	9655	9655_BoDerek_40_f
525	BoDerek	51	AGE51	9664	9664_BoDerek_51_f
525	BoDerek	45	AGE45	9660	9660_BoDerek_45_f
525	BoDerek	28	AGE28	9649	9649_BoDerek_28_f
525	BoDerek	42	AGE42	9657	9657_BoDerek_42_f
525	BoDerek	36	AGE36	9652	9652_BoDerek_36_f
525	BoDerek	26	AGE26	9647	9647_BoDerek_26_f
525	BoDerek	41	AGE41	9656	9656_BoDerek_41_f
525	BoDerek	44	AGE44	9659	9659_BoDerek_44_f
525	BoDerek	43	AGE43	9658	9658_BoDerek_43_f
525	BoDerek	55	AGE55	9666	9666_BoDerek_55_f
525	BoDerek	39	AGE39	9654	9654_BoDerek_39_f
525	BoDerek	46	AGE46	9661	9661_BoDerek_46_f
525	BoDerek	23	AGE23	9644	9644_BoDerek_23_f
525	BoDerek	53	AGE53	9665	9665_BoDerek_53_f
525	BoDerek	38	AGE38	9653	9653_BoDerek_38_f
525	BoDerek	21	AGE21	9643	9643_BoDerek_21_f
525	BoDerek	27	AGE27	9648	9648_BoDerek_27_f
525	BoDerek	50	AGE50	9663	9663_BoDerek_50_f
525	BoDerek	20	AGE20	9642	9642_BoDerek_20_f
525	BoDerek	31	AGE31	9650	9650_BoDerek_31_f
525	BoDerek	47	AGE47	9662	9662_BoDerek_47_f
525	BoDerek	25	AGE25	9646	9646_BoDerek_25_f
526	AngieDickinson	24	AGE24	12412	12412_AngieDickinson_24_f
526	AngieDickinson	57	AGE57	12453	12453_AngieDickinson_57_f
526	AngieDickinson	33	AGE33	12440	12440_AngieDickinson_33_f
526	AngieDickinson	36	AGE36	12419	12419_AngieDickinson_36_f
526	AngieDickinson	63	AGE63	12429	12429_AngieDickinson_63_f
526	AngieDickinson	27	AGE27	12415	12415_AngieDickinson_27_f
526	AngieDickinson	50	AGE50	12449	12449_AngieDickinson_50_f
526	AngieDickinson	45	AGE45	12424	12424_AngieDickinson_45_f
526	AngieDickinson	79	AGE79	12435	12435_AngieDickinson_79_f
526	AngieDickinson	44	AGE44	12423	12423_AngieDickinson_44_f
526	AngieDickinson	19	AGE19	12409	12409_AngieDickinson_19_f
526	AngieDickinson	21	AGE21	12410	12410_AngieDickinson_21_f
526	AngieDickinson	29	AGE29	12417	12417_AngieDickinson_29_f
526	AngieDickinson	31	AGE31	12438	12438_AngieDickinson_31_f
526	AngieDickinson	67	AGE67	12431	12431_AngieDickinson_67_f
526	AngieDickinson	69	AGE69	12455	12455_AngieDickinson_69_f
526	AngieDickinson	81	AGE81	12437	12437_AngieDickinson_81_f
526	AngieDickinson	80	AGE80	12436	12436_AngieDickinson_80_f
526	AngieDickinson	64	AGE64	12430	12430_AngieDickinson_64_f
526	AngieDickinson	23	AGE23	12411	12411_AngieDickinson_23_f
526	AngieDickinson	73	AGE73	12456	12456_AngieDickinson_73_f
526	AngieDickinson	28	AGE28	12416	12416_AngieDickinson_28_f
526	AngieDickinson	25	AGE25	12413	12413_AngieDickinson_25_f
526	AngieDickinson	59	AGE59	12427	12427_AngieDickinson_59_f
526	AngieDickinson	51	AGE51	12450	12450_AngieDickinson_51_f
526	AngieDickinson	47	AGE47	12425	12425_AngieDickinson_47_f
526	AngieDickinson	76	AGE76	12457	12457_AngieDickinson_76_f
526	AngieDickinson	42	AGE42	12445	12445_AngieDickinson_42_f
526	AngieDickinson	34	AGE34	12441	12441_AngieDickinson_34_f
526	AngieDickinson	48	AGE48	12426	12426_AngieDickinson_48_f
526	AngieDickinson	46	AGE46	12447	12447_AngieDickinson_46_f
526	AngieDickinson	58	AGE58	12454	12454_AngieDickinson_58_f
526	AngieDickinson	37	AGE37	12443	12443_AngieDickinson_37_f
526	AngieDickinson	39	AGE39	12421	12421_AngieDickinson_39_f
526	AngieDickinson	26	AGE26	12414	12414_AngieDickinson_26_f
526	AngieDickinson	72	AGE72	12434	12434_AngieDickinson_72_f
526	AngieDickinson	40	AGE40	12444	12444_AngieDickinson_40_f
526	AngieDickinson	32	AGE32	12439	12439_AngieDickinson_32_f
526	AngieDickinson	70	AGE70	12432	12432_AngieDickinson_70_f
526	AngieDickinson	78	AGE78	12458	12458_AngieDickinson_78_f
526	AngieDickinson	35	AGE35	12442	12442_AngieDickinson_35_f
526	AngieDickinson	43	AGE43	12446	12446_AngieDickinson_43_f
526	AngieDickinson	52	AGE52	12451	12451_AngieDickinson_52_f
526	AngieDickinson	38	AGE38	12420	12420_AngieDickinson_38_f
526	AngieDickinson	71	AGE71	12433	12433_AngieDickinson_71_f
526	AngieDickinson	62	AGE62	12428	12428_AngieDickinson_62_f
526	AngieDickinson	41	AGE41	12422	12422_AngieDickinson_41_f
526	AngieDickinson	30	AGE30	12418	12418_AngieDickinson_30_f
526	AngieDickinson	54	AGE54	12452	12452_AngieDickinson_54_f
526	AngieDickinson	82	AGE82	12459	12459_AngieDickinson_82_f
526	AngieDickinson	49	AGE49	12448	12448_AngieDickinson_49_f
527	JohnGarfield	32	AGE32	7173	7173_JohnGarfield_32_m
527	JohnGarfield	35	AGE35	7177	7177_JohnGarfield_35_m
527	JohnGarfield	34	AGE34	7175	7175_JohnGarfield_34_m
527	JohnGarfield	28	AGE28	7166	7166_JohnGarfield_28_m
527	JohnGarfield	25	AGE25	7162	7162_JohnGarfield_25_m
527	JohnGarfield	34	AGE34	7176	7176_JohnGarfield_34_m
527	JohnGarfield	26	AGE26	7163	7163_JohnGarfield_26_m
527	JohnGarfield	31	AGE31	7171	7171_JohnGarfield_31_m
527	JohnGarfield	29	AGE29	7168	7168_JohnGarfield_29_m
527	JohnGarfield	23	AGE23	7160	7160_JohnGarfield_23_m
527	JohnGarfield	38	AGE38	7182	7182_JohnGarfield_38_m
527	JohnGarfield	36	AGE36	7180	7180_JohnGarfield_36_m
527	JohnGarfield	35	AGE35	7178	7178_JohnGarfield_35_m
527	JohnGarfield	30	AGE30	7169	7169_JohnGarfield_30_m
527	JohnGarfield	33	AGE33	7174	7174_JohnGarfield_33_m
527	JohnGarfield	22	AGE22	7159	7159_JohnGarfield_22_m
527	JohnGarfield	27	AGE27	7165	7165_JohnGarfield_27_m
527	JohnGarfield	30	AGE30	7170	7170_JohnGarfield_30_m
527	JohnGarfield	7	AGE7	7158	7158_JohnGarfield_7_m
527	JohnGarfield	24	AGE24	7161	7161_JohnGarfield_24_m
527	JohnGarfield	27	AGE27	7164	7164_JohnGarfield_27_m
527	JohnGarfield	32	AGE32	7172	7172_JohnGarfield_32_m
527	JohnGarfield	29	AGE29	7167	7167_JohnGarfield_29_m
527	JohnGarfield	36	AGE36	7179	7179_JohnGarfield_36_m
527	JohnGarfield	38	AGE38	7183	7183_JohnGarfield_38_m
527	JohnGarfield	37	AGE37	7181	7181_JohnGarfield_37_m
528	MichaelBloomberg	50	AGE50	314	314_MichaelBloomberg_50_m
528	MichaelBloomberg	68	AGE68	302	302_MichaelBloomberg_68_m
528	MichaelBloomberg	57	AGE57	311	311_MichaelBloomberg_57_m
528	MichaelBloomberg	71	AGE71	321	321_MichaelBloomberg_71_m
528	MichaelBloomberg	69	AGE69	303	303_MichaelBloomberg_69_m
528	MichaelBloomberg	70	AGE70	320	320_MichaelBloomberg_70_m
528	MichaelBloomberg	70	AGE70	310	310_MichaelBloomberg_70_m
528	MichaelBloomberg	48	AGE48	315	315_MichaelBloomberg_48_m
528	MichaelBloomberg	63	AGE63	304	304_MichaelBloomberg_63_m
528	MichaelBloomberg	71	AGE71	301	301_MichaelBloomberg_71_m
528	MichaelBloomberg	65	AGE65	307	307_MichaelBloomberg_65_m
528	MichaelBloomberg	71	AGE71	299	299_MichaelBloomberg_71_m
528	MichaelBloomberg	71	AGE71	316	316_MichaelBloomberg_71_m
528	MichaelBloomberg	65	AGE65	306	306_MichaelBloomberg_65_m
528	MichaelBloomberg	68	AGE68	309	309_MichaelBloomberg_68_m
528	MichaelBloomberg	50	AGE50	312	312_MichaelBloomberg_50_m
528	MichaelBloomberg	64	AGE64	305	305_MichaelBloomberg_64_m
528	MichaelBloomberg	68	AGE68	318	318_MichaelBloomberg_68_m
528	MichaelBloomberg	66	AGE66	308	308_MichaelBloomberg_66_m
528	MichaelBloomberg	62	AGE62	313	313_MichaelBloomberg_62_m
528	MichaelBloomberg	71	AGE71	300	300_MichaelBloomberg_71_m
528	MichaelBloomberg	71	AGE71	317	317_MichaelBloomberg_71_m
528	MichaelBloomberg	69	AGE69	319	319_MichaelBloomberg_69_m
528	MichaelBloomberg	70	AGE70	322	322_MichaelBloomberg_70_m
529	RichardBurton	30	AGE30	9189	9189_RichardBurton_30_m
529	RichardBurton	28	AGE28	9187	9187_RichardBurton_28_m
529	RichardBurton	27	AGE27	9202	9202_RichardBurton_27_m
529	RichardBurton	44	AGE44	9199	9199_RichardBurton_44_m
529	RichardBurton	45	AGE45	9190	9190_RichardBurton_45_m
529	RichardBurton	42	AGE42	9198	9198_RichardBurton_42_m
529	RichardBurton	50	AGE50	9194	9194_RichardBurton_50_m
529	RichardBurton	38	AGE38	9203	9203_RichardBurton_38_m
529	RichardBurton	59	AGE59	9196	9196_RichardBurton_59_m
529	RichardBurton	26	AGE26	9192	9192_RichardBurton_26_m
529	RichardBurton	45	AGE45	9195	9195_RichardBurton_45_m
529	RichardBurton	30	AGE30	9204	9204_RichardBurton_30_m
529	RichardBurton	40	AGE40	9197	9197_RichardBurton_40_m
529	RichardBurton	22	AGE22	9200	9200_RichardBurton_22_m
529	RichardBurton	42	AGE42	9193	9193_RichardBurton_42_m
529	RichardBurton	35	AGE35	9188	9188_RichardBurton_35_m
529	RichardBurton	48	AGE48	9191	9191_RichardBurton_48_m
529	RichardBurton	24	AGE24	9201	9201_RichardBurton_24_m
530	SimonMacCorkindale	25	AGE25	8348	8348_SimonMacCorkindale_25_m
530	SimonMacCorkindale	35	AGE35	8358	8358_SimonMacCorkindale_35_m
530	SimonMacCorkindale	58	AGE58	8376	8376_SimonMacCorkindale_58_m
530	SimonMacCorkindale	38	AGE38	8360	8360_SimonMacCorkindale_38_m
530	SimonMacCorkindale	23	AGE23	8346	8346_SimonMacCorkindale_23_m
530	SimonMacCorkindale	49	AGE49	8368	8368_SimonMacCorkindale_49_m
530	SimonMacCorkindale	27	AGE27	8350	8350_SimonMacCorkindale_27_m
530	SimonMacCorkindale	51	AGE51	8370	8370_SimonMacCorkindale_51_m
530	SimonMacCorkindale	34	AGE34	8357	8357_SimonMacCorkindale_34_m
530	SimonMacCorkindale	45	AGE45	8365	8365_SimonMacCorkindale_45_m
530	SimonMacCorkindale	52	AGE52	8371	8371_SimonMacCorkindale_52_m
530	SimonMacCorkindale	57	AGE57	8375	8375_SimonMacCorkindale_57_m
530	SimonMacCorkindale	40	AGE40	8362	8362_SimonMacCorkindale_40_m
530	SimonMacCorkindale	55	AGE55	8373	8373_SimonMacCorkindale_55_m
530	SimonMacCorkindale	33	AGE33	8356	8356_SimonMacCorkindale_33_m
530	SimonMacCorkindale	43	AGE43	8363	8363_SimonMacCorkindale_43_m
530	SimonMacCorkindale	50	AGE50	8369	8369_SimonMacCorkindale_50_m
530	SimonMacCorkindale	29	AGE29	8352	8352_SimonMacCorkindale_29_m
530	SimonMacCorkindale	37	AGE37	8359	8359_SimonMacCorkindale_37_m
530	SimonMacCorkindale	24	AGE24	8347	8347_SimonMacCorkindale_24_m
530	SimonMacCorkindale	30	AGE30	8353	8353_SimonMacCorkindale_30_m
530	SimonMacCorkindale	31	AGE31	8354	8354_SimonMacCorkindale_31_m
530	SimonMacCorkindale	53	AGE53	8372	8372_SimonMacCorkindale_53_m
530	SimonMacCorkindale	28	AGE28	8351	8351_SimonMacCorkindale_28_m
530	SimonMacCorkindale	44	AGE44	8364	8364_SimonMacCorkindale_44_m
530	SimonMacCorkindale	39	AGE39	8361	8361_SimonMacCorkindale_39_m
530	SimonMacCorkindale	32	AGE32	8355	8355_SimonMacCorkindale_32_m
530	SimonMacCorkindale	56	AGE56	8374	8374_SimonMacCorkindale_56_m
530	SimonMacCorkindale	48	AGE48	8367	8367_SimonMacCorkindale_48_m
530	SimonMacCorkindale	46	AGE46	8366	8366_SimonMacCorkindale_46_m
530	SimonMacCorkindale	26	AGE26	8349	8349_SimonMacCorkindale_26_m
531	TimothyDalton	29	AGE29	4964	4964_TimothyDalton_29_m
531	TimothyDalton	61	AGE61	4983	4983_TimothyDalton_61_m
531	TimothyDalton	59	AGE59	4982	4982_TimothyDalton_59_m
531	TimothyDalton	63	AGE63	4985	4985_TimothyDalton_63_m
531	TimothyDalton	43	AGE43	4970	4970_TimothyDalton_43_m
531	TimothyDalton	54	AGE54	4980	4980_TimothyDalton_54_m
531	TimothyDalton	46	AGE46	4974	4974_TimothyDalton_46_m
531	TimothyDalton	51	AGE51	4978	4978_TimothyDalton_51_m
531	TimothyDalton	48	AGE48	4975	4975_TimothyDalton_48_m
531	TimothyDalton	50	AGE50	4977	4977_TimothyDalton_50_m
531	TimothyDalton	39	AGE39	4969	4969_TimothyDalton_39_m
531	TimothyDalton	26	AGE26	4963	4963_TimothyDalton_26_m
531	TimothyDalton	56	AGE56	4981	4981_TimothyDalton_56_m
531	TimothyDalton	63	AGE63	4984	4984_TimothyDalton_63_m
531	TimothyDalton	66	AGE66	4986	4986_TimothyDalton_66_m
531	TimothyDalton	45	AGE45	4973	4973_TimothyDalton_45_m
531	TimothyDalton	24	AGE24	4962	4962_TimothyDalton_24_m
531	TimothyDalton	37	AGE37	4968	4968_TimothyDalton_37_m
531	TimothyDalton	36	AGE36	4967	4967_TimothyDalton_36_m
531	TimothyDalton	69	AGE69	4988	4988_TimothyDalton_69_m
531	TimothyDalton	52	AGE52	4979	4979_TimothyDalton_52_m
531	TimothyDalton	44	AGE44	4972	4972_TimothyDalton_44_m
531	TimothyDalton	35	AGE35	4966	4966_TimothyDalton_35_m
531	TimothyDalton	49	AGE49	4976	4976_TimothyDalton_49_m
531	TimothyDalton	34	AGE34	4965	4965_TimothyDalton_34_m
531	TimothyDalton	68	AGE68	4987	4987_TimothyDalton_68_m
531	TimothyDalton	44	AGE44	4971	4971_TimothyDalton_44_m
532	KostasXatzixristos	45	AGE45	9613	9613_KostasXatzixristos_45_m
532	KostasXatzixristos	40	AGE40	9616	9616_KostasXatzixristos_40_m
532	KostasXatzixristos	47	AGE47	9618	9618_KostasXatzixristos_47_m
532	KostasXatzixristos	65	AGE65	9624	9624_KostasXatzixristos_65_m
532	KostasXatzixristos	38	AGE38	9617	9617_KostasXatzixristos_38_m
532	KostasXatzixristos	38	AGE38	9612	9612_KostasXatzixristos_38_m
532	KostasXatzixristos	78	AGE78	9619	9619_KostasXatzixristos_78_m
532	KostasXatzixristos	72	AGE72	9620	9620_KostasXatzixristos_72_m
532	KostasXatzixristos	35	AGE35	9621	9621_KostasXatzixristos_35_m
532	KostasXatzixristos	47	AGE47	9623	9623_KostasXatzixristos_47_m
532	KostasXatzixristos	68	AGE68	9615	9615_KostasXatzixristos_68_m
532	KostasXatzixristos	42	AGE42	9622	9622_KostasXatzixristos_42_m
532	KostasXatzixristos	42	AGE42	9611	9611_KostasXatzixristos_42_m
532	KostasXatzixristos	40	AGE40	9614	9614_KostasXatzixristos_40_m
533	ClintEastwood	74	AGE74	5215	5215_ClintEastwood_74_m
533	ClintEastwood	75	AGE75	5214	5214_ClintEastwood_75_m
533	ClintEastwood	70	AGE70	5218	5218_ClintEastwood_70_m
533	ClintEastwood	22	AGE22	5206	5206_ClintEastwood_22_m
533	ClintEastwood	76	AGE76	5211	5211_ClintEastwood_76_m
533	ClintEastwood	35	AGE35	5208	5208_ClintEastwood_35_m
533	ClintEastwood	38	AGE38	5207	5207_ClintEastwood_38_m
533	ClintEastwood	72	AGE72	5213	5213_ClintEastwood_72_m
533	ClintEastwood	70	AGE70	5212	5212_ClintEastwood_70_m
533	ClintEastwood	42	AGE42	5217	5217_ClintEastwood_42_m
533	ClintEastwood	38	AGE38	5209	5209_ClintEastwood_38_m
533	ClintEastwood	75	AGE75	5219	5219_ClintEastwood_75_m
533	ClintEastwood	40	AGE40	5210	5210_ClintEastwood_40_m
533	ClintEastwood	70	AGE70	5216	5216_ClintEastwood_70_m
534	AlbertoSordi	51	AGE51	7767	7767_AlbertoSordi_51_m
534	AlbertoSordi	33	AGE33	7756	7756_AlbertoSordi_33_m
534	AlbertoSordi	27	AGE27	7746	7746_AlbertoSordi_27_m
534	AlbertoSordi	18	AGE18	7743	7743_AlbertoSordi_18_m
534	AlbertoSordi	55	AGE55	7769	7769_AlbertoSordi_55_m
534	AlbertoSordi	48	AGE48	7765	7765_AlbertoSordi_48_m
534	AlbertoSordi	81	AGE81	7783	7783_AlbertoSordi_81_m
534	AlbertoSordi	21	AGE21	7744	7744_AlbertoSordi_21_m
534	AlbertoSordi	69	AGE69	7777	7777_AlbertoSordi_69_m
534	AlbertoSordi	50	AGE50	7766	7766_AlbertoSordi_50_m
534	AlbertoSordi	30	AGE30	7750	7750_AlbertoSordi_30_m
534	AlbertoSordi	25	AGE25	7745	7745_AlbertoSordi_25_m
534	AlbertoSordi	76	AGE76	7779	7779_AlbertoSordi_76_m
534	AlbertoSordi	26	AGE26	7748	7748_AlbertoSordi_26_m
534	AlbertoSordi	78	AGE78	7781	7781_AlbertoSordi_78_m
534	AlbertoSordi	57	AGE57	7770	7770_AlbertoSordi_57_m
534	AlbertoSordi	40	AGE40	7762	7762_AlbertoSordi_40_m
534	AlbertoSordi	32	AGE32	7755	7755_AlbertoSordi_32_m
534	AlbertoSordi	52	AGE52	7768	7768_AlbertoSordi_52_m
534	AlbertoSordi	65	AGE65	7775	7775_AlbertoSordi_65_m
534	AlbertoSordi	38	AGE38	7761	7761_AlbertoSordi_38_m
534	AlbertoSordi	36	AGE36	7759	7759_AlbertoSordi_36_m
534	AlbertoSordi	28	AGE28	7747	7747_AlbertoSordi_28_m
534	AlbertoSordi	41	AGE41	7751	7751_AlbertoSordi_41_m
534	AlbertoSordi	72	AGE72	7754	7754_AlbertoSordi_72_m
534	AlbertoSordi	62	AGE62	7774	7774_AlbertoSordi_62_m
534	AlbertoSordi	75	AGE75	7778	7778_AlbertoSordi_75_m
534	AlbertoSordi	35	AGE35	7758	7758_AlbertoSordi_35_m
534	AlbertoSordi	82	AGE82	7784	7784_AlbertoSordi_82_m
534	AlbertoSordi	59	AGE59	7772	7772_AlbertoSordi_59_m
534	AlbertoSordi	44	AGE44	7752	7752_AlbertoSordi_44_m
534	AlbertoSordi	79	AGE79	7782	7782_AlbertoSordi_79_m
534	AlbertoSordi	67	AGE67	7776	7776_AlbertoSordi_67_m
534	AlbertoSordi	29	AGE29	7749	7749_AlbertoSordi_29_m
534	AlbertoSordi	43	AGE43	7763	7763_AlbertoSordi_43_m
534	AlbertoSordi	45	AGE45	7764	7764_AlbertoSordi_45_m
534	AlbertoSordi	34	AGE34	7757	7757_AlbertoSordi_34_m
534	AlbertoSordi	77	AGE77	7780	7780_AlbertoSordi_77_m
534	AlbertoSordi	37	AGE37	7760	7760_AlbertoSordi_37_m
534	AlbertoSordi	58	AGE58	7771	7771_AlbertoSordi_58_m
534	AlbertoSordi	70	AGE70	7753	7753_AlbertoSordi_70_m
534	AlbertoSordi	61	AGE61	7773	7773_AlbertoSordi_61_m
535	Tyson	73	AGE73	16453	16453_Tyson_73_f
535	Tyson	81	AGE81	16445	16445_Tyson_81_f
535	Tyson	46	AGE46	16456	16456_Tyson_46_f
535	Tyson	52	AGE52	16461	16461_Tyson_52_f
535	Tyson	87	AGE87	16444	16444_Tyson_87_f
535	Tyson	67	AGE67	16446	16446_Tyson_67_f
535	Tyson	54	AGE54	16449	16449_Tyson_54_f
535	Tyson	50	AGE50	16460	16460_Tyson_50_f
535	Tyson	86	AGE86	16450	16450_Tyson_86_f
535	Tyson	41	AGE41	16455	16455_Tyson_41_f
535	Tyson	88	AGE88	16443	16443_Tyson_88_f
535	Tyson	54	AGE54	16437	16437_Tyson_54_f
535	Tyson	53	AGE53	16463	16463_Tyson_53_f
535	Tyson	65	AGE65	16466	16466_Tyson_65_f
535	Tyson	50	AGE50	16459	16459_Tyson_50_f
535	Tyson	56	AGE56	16464	16464_Tyson_56_f
535	Tyson	85	AGE85	16451	16451_Tyson_85_f
535	Tyson	72	AGE72	16441	16441_Tyson_72_f
535	Tyson	61	AGE61	16465	16465_Tyson_61_f
535	Tyson	49	AGE49	16458	16458_Tyson_49_f
535	Tyson	36	AGE36	16439	16439_Tyson_36_f
535	Tyson	50	AGE50	16454	16454_Tyson_50_f
535	Tyson	39	AGE39	16442	16442_Tyson_39_f
535	Tyson	48	AGE48	16457	16457_Tyson_48_f
535	Tyson	73	AGE73	16448	16448_Tyson_73_f
535	Tyson	82	AGE82	16447	16447_Tyson_82_f
535	Tyson	49	AGE49	16438	16438_Tyson_49_f
535	Tyson	52	AGE52	16462	16462_Tyson_52_f
535	Tyson	72	AGE72	16467	16467_Tyson_72_f
535	Tyson	83	AGE83	16452	16452_Tyson_83_f
535	Tyson	90	AGE90	16440	16440_Tyson_90_f
536	BerryGordy	29	AGE29	446	446_BerryGordy_29_m
536	BerryGordy	19	AGE19	458	458_BerryGordy_19_m
536	BerryGordy	79	AGE79	445	445_BerryGordy_79_m
536	BerryGordy	40	AGE40	450	450_BerryGordy_40_m
536	BerryGordy	38	AGE38	451	451_BerryGordy_38_m
536	BerryGordy	78	AGE78	462	462_BerryGordy_78_m
536	BerryGordy	62	AGE62	459	459_BerryGordy_62_m
536	BerryGordy	45	AGE45	452	452_BerryGordy_45_m
536	BerryGordy	80	AGE80	456	456_BerryGordy_80_m
536	BerryGordy	41	AGE41	453	453_BerryGordy_41_m
536	BerryGordy	36	AGE36	444	444_BerryGordy_36_m
536	BerryGordy	43	AGE43	455	455_BerryGordy_43_m
536	BerryGordy	23	AGE23	454	454_BerryGordy_23_m
536	BerryGordy	38	AGE38	443	443_BerryGordy_38_m
536	BerryGordy	46	AGE46	461	461_BerryGordy_46_m
536	BerryGordy	83	AGE83	448	448_BerryGordy_83_m
536	BerryGordy	76	AGE76	457	457_BerryGordy_76_m
536	BerryGordy	52	AGE52	460	460_BerryGordy_52_m
536	BerryGordy	28	AGE28	449	449_BerryGordy_28_m
536	BerryGordy	72	AGE72	447	447_BerryGordy_72_m
537	Onasis	65	AGE65	341	341_Onasis_65_m
537	Onasis	58	AGE58	342	342_Onasis_58_m
537	Onasis	52	AGE52	338	338_Onasis_52_m
537	Onasis	65	AGE65	343	343_Onasis_65_m
537	Onasis	62	AGE62	348	348_Onasis_62_m
537	Onasis	52	AGE52	353	353_Onasis_52_m
537	Onasis	61	AGE61	340	340_Onasis_61_m
537	Onasis	52	AGE52	345	345_Onasis_52_m
537	Onasis	64	AGE64	339	339_Onasis_64_m
537	Onasis	26	AGE26	346	346_Onasis_26_m
537	Onasis	30	AGE30	347	347_Onasis_30_m
537	Onasis	69	AGE69	351	351_Onasis_69_m
537	Onasis	54	AGE54	349	349_Onasis_54_m
537	Onasis	50	AGE50	352	352_Onasis_50_m
537	Onasis	30	AGE30	354	354_Onasis_30_m
537	Onasis	65	AGE65	350	350_Onasis_65_m
537	Onasis	65	AGE65	344	344_Onasis_65_m
538	BarbaraStanwyck	20	AGE20	14634	14634_BarbaraStanwyck_20_f
538	BarbaraStanwyck	26	AGE26	14633	14633_BarbaraStanwyck_26_f
538	BarbaraStanwyck	36	AGE36	14644	14644_BarbaraStanwyck_36_f
538	BarbaraStanwyck	44	AGE44	14638	14638_BarbaraStanwyck_44_f
538	BarbaraStanwyck	35	AGE35	14643	14643_BarbaraStanwyck_35_f
538	BarbaraStanwyck	57	AGE57	14654	14654_BarbaraStanwyck_57_f
538	BarbaraStanwyck	23	AGE23	14631	14631_BarbaraStanwyck_23_f
538	BarbaraStanwyck	38	AGE38	14646	14646_BarbaraStanwyck_38_f
538	BarbaraStanwyck	61	AGE61	14655	14655_BarbaraStanwyck_61_f
538	BarbaraStanwyck	25	AGE25	14630	14630_BarbaraStanwyck_25_f
538	BarbaraStanwyck	50	AGE50	14653	14653_BarbaraStanwyck_50_f
538	BarbaraStanwyck	60	AGE60	14659	14659_BarbaraStanwyck_60_f
538	BarbaraStanwyck	45	AGE45	14649	14649_BarbaraStanwyck_45_f
538	BarbaraStanwyck	40	AGE40	14647	14647_BarbaraStanwyck_40_f
538	BarbaraStanwyck	17	AGE17	14627	14627_BarbaraStanwyck_17_f
538	BarbaraStanwyck	39	AGE39	14639	14639_BarbaraStanwyck_39_f
538	BarbaraStanwyck	24	AGE24	14632	14632_BarbaraStanwyck_24_f
538	BarbaraStanwyck	49	AGE49	14652	14652_BarbaraStanwyck_49_f
538	BarbaraStanwyck	59	AGE59	14656	14656_BarbaraStanwyck_59_f
538	BarbaraStanwyck	33	AGE33	14642	14642_BarbaraStanwyck_33_f
538	BarbaraStanwyck	74	AGE74	14657	14657_BarbaraStanwyck_74_f
538	BarbaraStanwyck	25	AGE25	14635	14635_BarbaraStanwyck_25_f
538	BarbaraStanwyck	37	AGE37	14645	14645_BarbaraStanwyck_37_f
538	BarbaraStanwyck	21	AGE21	14629	14629_BarbaraStanwyck_21_f
538	BarbaraStanwyck	30	AGE30	14636	14636_BarbaraStanwyck_30_f
538	BarbaraStanwyck	30	AGE30	14641	14641_BarbaraStanwyck_30_f
538	BarbaraStanwyck	18	AGE18	14628	14628_BarbaraStanwyck_18_f
538	BarbaraStanwyck	32	AGE32	14637	14637_BarbaraStanwyck_32_f
538	BarbaraStanwyck	28	AGE28	14626	14626_BarbaraStanwyck_28_f
538	BarbaraStanwyck	61	AGE61	14640	14640_BarbaraStanwyck_61_f
538	BarbaraStanwyck	46	AGE46	14650	14650_BarbaraStanwyck_46_f
538	BarbaraStanwyck	70	AGE70	14658	14658_BarbaraStanwyck_70_f
538	BarbaraStanwyck	41	AGE41	14648	14648_BarbaraStanwyck_41_f
538	BarbaraStanwyck	48	AGE48	14651	14651_BarbaraStanwyck_48_f
538	BarbaraStanwyck	62	AGE62	14660	14660_BarbaraStanwyck_62_f
539	KristinScottThomas	53	AGE53	14352	14352_KristinScottThomas_53_f
539	KristinScottThomas	35	AGE35	14339	14339_KristinScottThomas_35_f
539	KristinScottThomas	37	AGE37	14341	14341_KristinScottThomas_37_f
539	KristinScottThomas	51	AGE51	14350	14350_KristinScottThomas_51_f
539	KristinScottThomas	36	AGE36	14340	14340_KristinScottThomas_36_f
539	KristinScottThomas	50	AGE50	14349	14349_KristinScottThomas_50_f
539	KristinScottThomas	43	AGE43	14343	14343_KristinScottThomas_43_f
539	KristinScottThomas	49	AGE49	14348	14348_KristinScottThomas_49_f
539	KristinScottThomas	33	AGE33	14336	14336_KristinScottThomas_33_f
539	KristinScottThomas	28	AGE28	14331	14331_KristinScottThomas_28_f
539	KristinScottThomas	29	AGE29	14332	14332_KristinScottThomas_29_f
539	KristinScottThomas	48	AGE48	14347	14347_KristinScottThomas_48_f
539	KristinScottThomas	52	AGE52	14351	14351_KristinScottThomas_52_f
539	KristinScottThomas	41	AGE41	14342	14342_KristinScottThomas_41_f
539	KristinScottThomas	24	AGE24	14326	14326_KristinScottThomas_24_f
539	KristinScottThomas	30	AGE30	14333	14333_KristinScottThomas_30_f
539	KristinScottThomas	34	AGE34	14337	14337_KristinScottThomas_34_f
539	KristinScottThomas	25	AGE25	14327	14327_KristinScottThomas_25_f
539	KristinScottThomas	48	AGE48	14346	14346_KristinScottThomas_48_f
539	KristinScottThomas	31	AGE31	14334	14334_KristinScottThomas_31_f
539	KristinScottThomas	28	AGE28	14330	14330_KristinScottThomas_28_f
539	KristinScottThomas	27	AGE27	14329	14329_KristinScottThomas_27_f
539	KristinScottThomas	46	AGE46	14345	14345_KristinScottThomas_46_f
539	KristinScottThomas	26	AGE26	14328	14328_KristinScottThomas_26_f
539	KristinScottThomas	54	AGE54	14353	14353_KristinScottThomas_54_f
539	KristinScottThomas	44	AGE44	14344	14344_KristinScottThomas_44_f
539	KristinScottThomas	32	AGE32	14335	14335_KristinScottThomas_32_f
539	KristinScottThomas	35	AGE35	14338	14338_KristinScottThomas_35_f
540	JeanClaudeVanDamme	40	AGE40	9059	9059_JeanClaudeVanDamme_40_m
540	JeanClaudeVanDamme	52	AGE52	9068	9068_JeanClaudeVanDamme_52_m
540	JeanClaudeVanDamme	51	AGE51	9078	9078_JeanClaudeVanDamme_51_m
540	JeanClaudeVanDamme	34	AGE34	9051	9051_JeanClaudeVanDamme_34_m
540	JeanClaudeVanDamme	46	AGE46	9063	9063_JeanClaudeVanDamme_46_m
540	JeanClaudeVanDamme	33	AGE33	9048	9048_JeanClaudeVanDamme_33_m
540	JeanClaudeVanDamme	30	AGE30	9046	9046_JeanClaudeVanDamme_30_m
540	JeanClaudeVanDamme	29	AGE29	9045	9045_JeanClaudeVanDamme_29_m
540	JeanClaudeVanDamme	48	AGE48	9076	9076_JeanClaudeVanDamme_48_m
540	JeanClaudeVanDamme	48	AGE48	9077	9077_JeanClaudeVanDamme_48_m
540	JeanClaudeVanDamme	47	AGE47	9075	9075_JeanClaudeVanDamme_47_m
540	JeanClaudeVanDamme	32	AGE32	9070	9070_JeanClaudeVanDamme_32_m
540	JeanClaudeVanDamme	26	AGE26	9041	9041_JeanClaudeVanDamme_26_m
540	JeanClaudeVanDamme	52	AGE52	9067	9067_JeanClaudeVanDamme_52_m
540	JeanClaudeVanDamme	39	AGE39	9058	9058_JeanClaudeVanDamme_39_m
540	JeanClaudeVanDamme	24	AGE24	9039	9039_JeanClaudeVanDamme_24_m
540	JeanClaudeVanDamme	44	AGE44	9062	9062_JeanClaudeVanDamme_44_m
540	JeanClaudeVanDamme	53	AGE53	9079	9079_JeanClaudeVanDamme_53_m
540	JeanClaudeVanDamme	44	AGE44	9073	9073_JeanClaudeVanDamme_44_m
540	JeanClaudeVanDamme	41	AGE41	9060	9060_JeanClaudeVanDamme_41_m
540	JeanClaudeVanDamme	49	AGE49	9064	9064_JeanClaudeVanDamme_49_m
540	JeanClaudeVanDamme	34	AGE34	9050	9050_JeanClaudeVanDamme_34_m
540	JeanClaudeVanDamme	37	AGE37	9053	9053_JeanClaudeVanDamme_37_m
540	JeanClaudeVanDamme	38	AGE38	9056	9056_JeanClaudeVanDamme_38_m
540	JeanClaudeVanDamme	27	AGE27	9042	9042_JeanClaudeVanDamme_27_m
540	JeanClaudeVanDamme	38	AGE38	9057	9057_JeanClaudeVanDamme_38_m
540	JeanClaudeVanDamme	45	AGE45	9074	9074_JeanClaudeVanDamme_45_m
540	JeanClaudeVanDamme	31	AGE31	9047	9047_JeanClaudeVanDamme_31_m
540	JeanClaudeVanDamme	37	AGE37	9054	9054_JeanClaudeVanDamme_37_m
540	JeanClaudeVanDamme	43	AGE43	9072	9072_JeanClaudeVanDamme_43_m
540	JeanClaudeVanDamme	52	AGE52	9069	9069_JeanClaudeVanDamme_52_m
540	JeanClaudeVanDamme	36	AGE36	9052	9052_JeanClaudeVanDamme_36_m
540	JeanClaudeVanDamme	37	AGE37	9055	9055_JeanClaudeVanDamme_37_m
540	JeanClaudeVanDamme	29	AGE29	9044	9044_JeanClaudeVanDamme_29_m
540	JeanClaudeVanDamme	28	AGE28	9043	9043_JeanClaudeVanDamme_28_m
540	JeanClaudeVanDamme	50	AGE50	9065	9065_JeanClaudeVanDamme_50_m
540	JeanClaudeVanDamme	53	AGE53	9080	9080_JeanClaudeVanDamme_53_m
540	JeanClaudeVanDamme	42	AGE42	9061	9061_JeanClaudeVanDamme_42_m
540	JeanClaudeVanDamme	36	AGE36	9071	9071_JeanClaudeVanDamme_36_m
540	JeanClaudeVanDamme	24	AGE24	9040	9040_JeanClaudeVanDamme_24_m
540	JeanClaudeVanDamme	51	AGE51	9066	9066_JeanClaudeVanDamme_51_m
540	JeanClaudeVanDamme	33	AGE33	9049	9049_JeanClaudeVanDamme_33_m
541	ThelmaRitter	56	AGE56	13793	13793_ThelmaRitter_56_f
541	ThelmaRitter	30	AGE30	13783	13783_ThelmaRitter_30_f
541	ThelmaRitter	37	AGE37	13785	13785_ThelmaRitter_37_f
541	ThelmaRitter	34	AGE34	13784	13784_ThelmaRitter_34_f
541	ThelmaRitter	63	AGE63	13799	13799_ThelmaRitter_63_f
541	ThelmaRitter	52	AGE52	13790	13790_ThelmaRitter_52_f
541	ThelmaRitter	59	AGE59	13796	13796_ThelmaRitter_59_f
541	ThelmaRitter	54	AGE54	13791	13791_ThelmaRitter_54_f
541	ThelmaRitter	55	AGE55	13792	13792_ThelmaRitter_55_f
541	ThelmaRitter	64	AGE64	13800	13800_ThelmaRitter_64_f
541	ThelmaRitter	41	AGE41	13786	13786_ThelmaRitter_41_f
541	ThelmaRitter	48	AGE48	13788	13788_ThelmaRitter_48_f
541	ThelmaRitter	62	AGE62	13798	13798_ThelmaRitter_62_f
541	ThelmaRitter	65	AGE65	13801	13801_ThelmaRitter_65_f
541	ThelmaRitter	61	AGE61	13797	13797_ThelmaRitter_61_f
541	ThelmaRitter	58	AGE58	13795	13795_ThelmaRitter_58_f
541	ThelmaRitter	57	AGE57	13794	13794_ThelmaRitter_57_f
541	ThelmaRitter	49	AGE49	13789	13789_ThelmaRitter_49_f
541	ThelmaRitter	47	AGE47	13787	13787_ThelmaRitter_47_f
542	IanMcKellen	28	AGE28	3264	3264_IanMcKellen_28_m
542	IanMcKellen	46	AGE46	3284	3284_IanMcKellen_46_m
542	IanMcKellen	66	AGE66	3280	3280_IanMcKellen_66_m
542	IanMcKellen	37	AGE37	3268	3268_IanMcKellen_37_m
542	IanMcKellen	41	AGE41	3271	3271_IanMcKellen_41_m
542	IanMcKellen	29	AGE29	3265	3265_IanMcKellen_29_m
542	IanMcKellen	25	AGE25	3262	3262_IanMcKellen_25_m
542	IanMcKellen	60	AGE60	3274	3274_IanMcKellen_60_m
542	IanMcKellen	57	AGE57	3273	3273_IanMcKellen_57_m
542	IanMcKellen	61	AGE61	3275	3275_IanMcKellen_61_m
542	IanMcKellen	47	AGE47	3285	3285_IanMcKellen_47_m
542	IanMcKellen	56	AGE56	3287	3287_IanMcKellen_56_m
542	IanMcKellen	41	AGE41	3270	3270_IanMcKellen_41_m
542	IanMcKellen	21	AGE21	3259	3259_IanMcKellen_21_m
542	IanMcKellen	33	AGE33	3267	3267_IanMcKellen_33_m
542	IanMcKellen	75	AGE75	3281	3281_IanMcKellen_75_m
542	IanMcKellen	67	AGE67	3290	3290_IanMcKellen_67_m
542	IanMcKellen	63	AGE63	3276	3276_IanMcKellen_63_m
542	IanMcKellen	55	AGE55	3286	3286_IanMcKellen_55_m
542	IanMcKellen	42	AGE42	3283	3283_IanMcKellen_42_m
542	IanMcKellen	30	AGE30	3282	3282_IanMcKellen_30_m
542	IanMcKellen	22	AGE22	3260	3260_IanMcKellen_22_m
542	IanMcKellen	65	AGE65	3278	3278_IanMcKellen_65_m
542	IanMcKellen	59	AGE59	3289	3289_IanMcKellen_59_m
542	IanMcKellen	64	AGE64	3277	3277_IanMcKellen_64_m
542	IanMcKellen	58	AGE58	3288	3288_IanMcKellen_58_m
542	IanMcKellen	66	AGE66	3279	3279_IanMcKellen_66_m
542	IanMcKellen	43	AGE43	3272	3272_IanMcKellen_43_m
542	IanMcKellen	27	AGE27	3263	3263_IanMcKellen_27_m
542	IanMcKellen	24	AGE24	3261	3261_IanMcKellen_24_m
542	IanMcKellen	38	AGE38	3269	3269_IanMcKellen_38_m
542	IanMcKellen	31	AGE31	3266	3266_IanMcKellen_31_m
543	JohnDerek	54	AGE54	5359	5359_JohnDerek_54_m
543	JohnDerek	48	AGE48	5357	5357_JohnDerek_48_m
543	JohnDerek	26	AGE26	5342	5342_JohnDerek_26_m
543	JohnDerek	57	AGE57	5361	5361_JohnDerek_57_m
543	JohnDerek	43	AGE43	5354	5354_JohnDerek_43_m
543	JohnDerek	29	AGE29	5346	5346_JohnDerek_29_m
543	JohnDerek	44	AGE44	5355	5355_JohnDerek_44_m
543	JohnDerek	28	AGE28	5344	5344_JohnDerek_28_m
543	JohnDerek	32	AGE32	5348	5348_JohnDerek_32_m
543	JohnDerek	53	AGE53	5358	5358_JohnDerek_53_m
543	JohnDerek	20	AGE20	5339	5339_JohnDerek_20_m
543	JohnDerek	43	AGE43	5364	5364_JohnDerek_43_m
543	JohnDerek	28	AGE28	5343	5343_JohnDerek_28_m
543	JohnDerek	33	AGE33	5350	5350_JohnDerek_33_m
543	JohnDerek	24	AGE24	5341	5341_JohnDerek_24_m
543	JohnDerek	34	AGE34	5351	5351_JohnDerek_34_m
543	JohnDerek	58	AGE58	5362	5362_JohnDerek_58_m
543	JohnDerek	30	AGE30	5347	5347_JohnDerek_30_m
543	JohnDerek	39	AGE39	5353	5353_JohnDerek_39_m
543	JohnDerek	19	AGE19	5338	5338_JohnDerek_19_m
543	JohnDerek	29	AGE29	5345	5345_JohnDerek_29_m
543	JohnDerek	56	AGE56	5360	5360_JohnDerek_56_m
543	JohnDerek	32	AGE32	5349	5349_JohnDerek_32_m
543	JohnDerek	22	AGE22	5340	5340_JohnDerek_22_m
543	JohnDerek	36	AGE36	5352	5352_JohnDerek_36_m
543	JohnDerek	46	AGE46	5356	5356_JohnDerek_46_m
543	JohnDerek	61	AGE61	5363	5363_JohnDerek_61_m
544	GeorgeCScott	34	AGE34	8989	8989_GeorgeCScott_34_m
544	GeorgeCScott	57	AGE57	8999	8999_GeorgeCScott_57_m
544	GeorgeCScott	63	AGE63	9001	9001_GeorgeCScott_63_m
544	GeorgeCScott	50	AGE50	8996	8996_GeorgeCScott_50_m
544	GeorgeCScott	32	AGE32	8987	8987_GeorgeCScott_32_m
544	GeorgeCScott	60	AGE60	9000	9000_GeorgeCScott_60_m
544	GeorgeCScott	32	AGE32	8988	8988_GeorgeCScott_32_m
544	GeorgeCScott	37	AGE37	9004	9004_GeorgeCScott_37_m
544	GeorgeCScott	43	AGE43	8991	8991_GeorgeCScott_43_m
544	GeorgeCScott	54	AGE54	8997	8997_GeorgeCScott_54_m
544	GeorgeCScott	50	AGE50	8995	8995_GeorgeCScott_50_m
544	GeorgeCScott	65	AGE65	9009	9009_GeorgeCScott_65_m
544	GeorgeCScott	37	AGE37	9003	9003_GeorgeCScott_37_m
544	GeorgeCScott	45	AGE45	8993	8993_GeorgeCScott_45_m
544	GeorgeCScott	46	AGE46	8994	8994_GeorgeCScott_46_m
544	GeorgeCScott	57	AGE57	8986	8986_GeorgeCScott_57_m
544	GeorgeCScott	66	AGE66	9002	9002_GeorgeCScott_66_m
544	GeorgeCScott	46	AGE46	9005	9005_GeorgeCScott_46_m
544	GeorgeCScott	43	AGE43	9010	9010_GeorgeCScott_43_m
544	GeorgeCScott	44	AGE44	8992	8992_GeorgeCScott_44_m
544	GeorgeCScott	55	AGE55	8998	8998_GeorgeCScott_55_m
544	GeorgeCScott	52	AGE52	9006	9006_GeorgeCScott_52_m
544	GeorgeCScott	26	AGE26	9008	9008_GeorgeCScott_26_m
544	GeorgeCScott	36	AGE36	8990	8990_GeorgeCScott_36_m
544	GeorgeCScott	53	AGE53	9007	9007_GeorgeCScott_53_m
545	FriedrichNietzsche	30	AGE30	1435	1435_FriedrichNietzsche_30_m
545	FriedrichNietzsche	32	AGE32	1445	1445_FriedrichNietzsche_32_m
545	FriedrichNietzsche	28	AGE28	1446	1446_FriedrichNietzsche_28_m
545	FriedrichNietzsche	38	AGE38	1433	1433_FriedrichNietzsche_38_m
545	FriedrichNietzsche	24	AGE24	1438	1438_FriedrichNietzsche_24_m
545	FriedrichNietzsche	17	AGE17	1444	1444_FriedrichNietzsche_17_m
545	FriedrichNietzsche	38	AGE38	1430	1430_FriedrichNietzsche_38_m
545	FriedrichNietzsche	20	AGE20	1440	1440_FriedrichNietzsche_20_m
545	FriedrichNietzsche	17	AGE17	1448	1448_FriedrichNietzsche_17_m
545	FriedrichNietzsche	32	AGE32	1449	1449_FriedrichNietzsche_32_m
545	FriedrichNietzsche	17	AGE17	1441	1441_FriedrichNietzsche_17_m
545	FriedrichNietzsche	21	AGE21	1437	1437_FriedrichNietzsche_21_m
545	FriedrichNietzsche	42	AGE42	1434	1434_FriedrichNietzsche_42_m
545	FriedrichNietzsche	28	AGE28	1432	1432_FriedrichNietzsche_28_m
545	FriedrichNietzsche	54	AGE54	1439	1439_FriedrichNietzsche_54_m
545	FriedrichNietzsche	38	AGE38	1436	1436_FriedrichNietzsche_38_m
545	FriedrichNietzsche	27	AGE27	1431	1431_FriedrichNietzsche_27_m
545	FriedrichNietzsche	42	AGE42	1447	1447_FriedrichNietzsche_42_m
545	FriedrichNietzsche	42	AGE42	1443	1443_FriedrichNietzsche_42_m
545	FriedrichNietzsche	38	AGE38	1442	1442_FriedrichNietzsche_38_m
546	SusanSarandon	41	AGE41	11734	11734_SusanSarandon_41_f
546	SusanSarandon	57	AGE57	11749	11749_SusanSarandon_57_f
546	SusanSarandon	38	AGE38	11732	11732_SusanSarandon_38_f
546	SusanSarandon	31	AGE31	11727	11727_SusanSarandon_31_f
546	SusanSarandon	67	AGE67	11759	11759_SusanSarandon_67_f
546	SusanSarandon	25	AGE25	11724	11724_SusanSarandon_25_f
546	SusanSarandon	56	AGE56	11748	11748_SusanSarandon_56_f
546	SusanSarandon	43	AGE43	11736	11736_SusanSarandon_43_f
546	SusanSarandon	50	AGE50	11743	11743_SusanSarandon_50_f
546	SusanSarandon	64	AGE64	11756	11756_SusanSarandon_64_f
546	SusanSarandon	55	AGE55	11747	11747_SusanSarandon_55_f
546	SusanSarandon	52	AGE52	11745	11745_SusanSarandon_52_f
546	SusanSarandon	37	AGE37	11731	11731_SusanSarandon_37_f
546	SusanSarandon	45	AGE45	11738	11738_SusanSarandon_45_f
546	SusanSarandon	46	AGE46	11740	11740_SusanSarandon_46_f
546	SusanSarandon	68	AGE68	11760	11760_SusanSarandon_68_f
546	SusanSarandon	46	AGE46	11739	11739_SusanSarandon_46_f
546	SusanSarandon	48	AGE48	11741	11741_SusanSarandon_48_f
546	SusanSarandon	36	AGE36	11730	11730_SusanSarandon_36_f
546	SusanSarandon	63	AGE63	11755	11755_SusanSarandon_63_f
546	SusanSarandon	61	AGE61	11753	11753_SusanSarandon_61_f
546	SusanSarandon	49	AGE49	11742	11742_SusanSarandon_49_f
546	SusanSarandon	34	AGE34	11729	11729_SusanSarandon_34_f
546	SusanSarandon	53	AGE53	11746	11746_SusanSarandon_53_f
546	SusanSarandon	42	AGE42	11735	11735_SusanSarandon_42_f
546	SusanSarandon	59	AGE59	11751	11751_SusanSarandon_59_f
546	SusanSarandon	44	AGE44	11737	11737_SusanSarandon_44_f
546	SusanSarandon	51	AGE51	11744	11744_SusanSarandon_51_f
546	SusanSarandon	66	AGE66	11758	11758_SusanSarandon_66_f
546	SusanSarandon	28	AGE28	11725	11725_SusanSarandon_28_f
546	SusanSarandon	62	AGE62	11754	11754_SusanSarandon_62_f
546	SusanSarandon	24	AGE24	11723	11723_SusanSarandon_24_f
546	SusanSarandon	39	AGE39	11733	11733_SusanSarandon_39_f
546	SusanSarandon	29	AGE29	11726	11726_SusanSarandon_29_f
546	SusanSarandon	32	AGE32	11728	11728_SusanSarandon_32_f
546	SusanSarandon	60	AGE60	11752	11752_SusanSarandon_60_f
546	SusanSarandon	58	AGE58	11750	11750_SusanSarandon_58_f
546	SusanSarandon	65	AGE65	11757	11757_SusanSarandon_65_f
547	RuthGordon	62	AGE62	12892	12892_RuthGordon_62_f
547	RuthGordon	66	AGE66	12893	12893_RuthGordon_66_f
547	RuthGordon	40	AGE40	12886	12886_RuthGordon_40_f
547	RuthGordon	72	AGE72	12896	12896_RuthGordon_72_f
547	RuthGordon	83	AGE83	12904	12904_RuthGordon_83_f
547	RuthGordon	77	AGE77	12900	12900_RuthGordon_77_f
547	RuthGordon	43	AGE43	12887	12887_RuthGordon_43_f
547	RuthGordon	74	AGE74	12898	12898_RuthGordon_74_f
547	RuthGordon	29	AGE29	12881	12881_RuthGordon_29_f
547	RuthGordon	79	AGE79	12902	12902_RuthGordon_79_f
547	RuthGordon	28	AGE28	12880	12880_RuthGordon_28_f
547	RuthGordon	58	AGE58	12891	12891_RuthGordon_58_f
547	RuthGordon	55	AGE55	12890	12890_RuthGordon_55_f
547	RuthGordon	76	AGE76	12899	12899_RuthGordon_76_f
547	RuthGordon	78	AGE78	12901	12901_RuthGordon_78_f
547	RuthGordon	26	AGE26	12878	12878_RuthGordon_26_f
547	RuthGordon	82	AGE82	12903	12903_RuthGordon_82_f
547	RuthGordon	52	AGE52	12889	12889_RuthGordon_52_f
547	RuthGordon	30	AGE30	12882	12882_RuthGordon_30_f
547	RuthGordon	69	AGE69	12894	12894_RuthGordon_69_f
547	RuthGordon	25	AGE25	12877	12877_RuthGordon_25_f
547	RuthGordon	50	AGE50	12888	12888_RuthGordon_50_f
547	RuthGordon	33	AGE33	12884	12884_RuthGordon_33_f
547	RuthGordon	27	AGE27	12879	12879_RuthGordon_27_f
547	RuthGordon	32	AGE32	12885	12885_RuthGordon_32_f
547	RuthGordon	71	AGE71	12895	12895_RuthGordon_71_f
547	RuthGordon	31	AGE31	12883	12883_RuthGordon_31_f
547	RuthGordon	73	AGE73	12897	12897_RuthGordon_73_f
547	RuthGordon	86	AGE86	12905	12905_RuthGordon_86_f
547	RuthGordon	23	AGE23	12876	12876_RuthGordon_23_f
548	CatherineDeneuve	40	AGE40	12956	12956_CatherineDeneuve_40_f
548	CatherineDeneuve	39	AGE39	12955	12955_CatherineDeneuve_39_f
548	CatherineDeneuve	62	AGE62	12968	12968_CatherineDeneuve_62_f
548	CatherineDeneuve	53	AGE53	12963	12963_CatherineDeneuve_53_f
548	CatherineDeneuve	69	AGE69	12974	12974_CatherineDeneuve_69_f
548	CatherineDeneuve	64	AGE64	12970	12970_CatherineDeneuve_64_f
548	CatherineDeneuve	35	AGE35	12953	12953_CatherineDeneuve_35_f
548	CatherineDeneuve	26	AGE26	12946	12946_CatherineDeneuve_26_f
548	CatherineDeneuve	68	AGE68	12973	12973_CatherineDeneuve_68_f
548	CatherineDeneuve	41	AGE41	12957	12957_CatherineDeneuve_41_f
548	CatherineDeneuve	38	AGE38	12954	12954_CatherineDeneuve_38_f
548	CatherineDeneuve	23	AGE23	12944	12944_CatherineDeneuve_23_f
548	CatherineDeneuve	55	AGE55	12964	12964_CatherineDeneuve_55_f
548	CatherineDeneuve	21	AGE21	12942	12942_CatherineDeneuve_21_f
548	CatherineDeneuve	27	AGE27	12947	12947_CatherineDeneuve_27_f
548	CatherineDeneuve	67	AGE67	12972	12972_CatherineDeneuve_67_f
548	CatherineDeneuve	28	AGE28	12948	12948_CatherineDeneuve_28_f
548	CatherineDeneuve	52	AGE52	12962	12962_CatherineDeneuve_52_f
548	CatherineDeneuve	34	AGE34	12952	12952_CatherineDeneuve_34_f
548	CatherineDeneuve	18	AGE18	12941	12941_CatherineDeneuve_18_f
548	CatherineDeneuve	11	AGE11	12938	12938_CatherineDeneuve_11_f
548	CatherineDeneuve	29	AGE29	12949	12949_CatherineDeneuve_29_f
548	CatherineDeneuve	14	AGE14	12939	12939_CatherineDeneuve_14_f
548	CatherineDeneuve	58	AGE58	12967	12967_CatherineDeneuve_58_f
548	CatherineDeneuve	49	AGE49	12960	12960_CatherineDeneuve_49_f
548	CatherineDeneuve	56	AGE56	12965	12965_CatherineDeneuve_56_f
548	CatherineDeneuve	17	AGE17	12940	12940_CatherineDeneuve_17_f
548	CatherineDeneuve	45	AGE45	12959	12959_CatherineDeneuve_45_f
548	CatherineDeneuve	57	AGE57	12966	12966_CatherineDeneuve_57_f
548	CatherineDeneuve	43	AGE43	12958	12958_CatherineDeneuve_43_f
548	CatherineDeneuve	50	AGE50	12961	12961_CatherineDeneuve_50_f
548	CatherineDeneuve	71	AGE71	12975	12975_CatherineDeneuve_71_f
548	CatherineDeneuve	33	AGE33	12951	12951_CatherineDeneuve_33_f
548	CatherineDeneuve	24	AGE24	12945	12945_CatherineDeneuve_24_f
548	CatherineDeneuve	65	AGE65	12971	12971_CatherineDeneuve_65_f
548	CatherineDeneuve	31	AGE31	12950	12950_CatherineDeneuve_31_f
548	CatherineDeneuve	63	AGE63	12969	12969_CatherineDeneuve_63_f
548	CatherineDeneuve	22	AGE22	12943	12943_CatherineDeneuve_22_f
549	GoldieHawn	28	AGE28	10005	10005_GoldieHawn_28_f
549	GoldieHawn	29	AGE29	10006	10006_GoldieHawn_29_f
549	GoldieHawn	35	AGE35	10010	10010_GoldieHawn_35_f
549	GoldieHawn	51	AGE51	10017	10017_GoldieHawn_51_f
549	GoldieHawn	44	AGE44	10013	10013_GoldieHawn_44_f
549	GoldieHawn	64	AGE64	10025	10025_GoldieHawn_64_f
549	GoldieHawn	60	AGE60	10023	10023_GoldieHawn_60_f
549	GoldieHawn	52	AGE52	10019	10019_GoldieHawn_52_f
549	GoldieHawn	27	AGE27	10004	10004_GoldieHawn_27_f
549	GoldieHawn	57	AGE57	10021	10021_GoldieHawn_57_f
549	GoldieHawn	59	AGE59	10022	10022_GoldieHawn_59_f
549	GoldieHawn	45	AGE45	10014	10014_GoldieHawn_45_f
549	GoldieHawn	24	AGE24	10002	10002_GoldieHawn_24_f
549	GoldieHawn	51	AGE51	10018	10018_GoldieHawn_51_f
549	GoldieHawn	23	AGE23	10001	10001_GoldieHawn_23_f
549	GoldieHawn	53	AGE53	10020	10020_GoldieHawn_53_f
549	GoldieHawn	39	AGE39	10012	10012_GoldieHawn_39_f
549	GoldieHawn	35	AGE35	10009	10009_GoldieHawn_35_f
549	GoldieHawn	24	AGE24	10003	10003_GoldieHawn_24_f
549	GoldieHawn	62	AGE62	10024	10024_GoldieHawn_62_f
549	GoldieHawn	65	AGE65	10026	10026_GoldieHawn_65_f
549	GoldieHawn	45	AGE45	10015	10015_GoldieHawn_45_f
549	GoldieHawn	50	AGE50	10016	10016_GoldieHawn_50_f
549	GoldieHawn	37	AGE37	10011	10011_GoldieHawn_37_f
549	GoldieHawn	30	AGE30	10007	10007_GoldieHawn_30_f
549	GoldieHawn	31	AGE31	10008	10008_GoldieHawn_31_f
550	RalphMacchio	39	AGE39	4355	4355_RalphMacchio_39_m
550	RalphMacchio	18	AGE18	4341	4341_RalphMacchio_18_m
550	RalphMacchio	27	AGE27	4347	4347_RalphMacchio_27_m
550	RalphMacchio	43	AGE43	4358	4358_RalphMacchio_43_m
550	RalphMacchio	28	AGE28	4348	4348_RalphMacchio_28_m
550	RalphMacchio	23	AGE23	4345	4345_RalphMacchio_23_m
550	RalphMacchio	16	AGE16	4339	4339_RalphMacchio_16_m
550	RalphMacchio	45	AGE45	4360	4360_RalphMacchio_45_m
550	RalphMacchio	42	AGE42	4357	4357_RalphMacchio_42_m
550	RalphMacchio	17	AGE17	4340	4340_RalphMacchio_17_m
550	RalphMacchio	50	AGE50	4365	4365_RalphMacchio_50_m
550	RalphMacchio	14	AGE14	4337	4337_RalphMacchio_14_m
550	RalphMacchio	44	AGE44	4359	4359_RalphMacchio_44_m
550	RalphMacchio	15	AGE15	4338	4338_RalphMacchio_15_m
550	RalphMacchio	29	AGE29	4349	4349_RalphMacchio_29_m
550	RalphMacchio	53	AGE53	4368	4368_RalphMacchio_53_m
550	RalphMacchio	54	AGE54	4369	4369_RalphMacchio_54_m
550	RalphMacchio	31	AGE31	4351	4351_RalphMacchio_31_m
550	RalphMacchio	52	AGE52	4367	4367_RalphMacchio_52_m
550	RalphMacchio	32	AGE32	4352	4352_RalphMacchio_32_m
550	RalphMacchio	37	AGE37	4354	4354_RalphMacchio_37_m
550	RalphMacchio	46	AGE46	4361	4361_RalphMacchio_46_m
550	RalphMacchio	19	AGE19	4342	4342_RalphMacchio_19_m
550	RalphMacchio	48	AGE48	4363	4363_RalphMacchio_48_m
550	RalphMacchio	22	AGE22	4344	4344_RalphMacchio_22_m
550	RalphMacchio	51	AGE51	4366	4366_RalphMacchio_51_m
550	RalphMacchio	20	AGE20	4343	4343_RalphMacchio_20_m
550	RalphMacchio	41	AGE41	4356	4356_RalphMacchio_41_m
550	RalphMacchio	30	AGE30	4350	4350_RalphMacchio_30_m
550	RalphMacchio	49	AGE49	4364	4364_RalphMacchio_49_m
550	RalphMacchio	34	AGE34	4353	4353_RalphMacchio_34_m
550	RalphMacchio	24	AGE24	4346	4346_RalphMacchio_24_m
550	RalphMacchio	47	AGE47	4362	4362_RalphMacchio_47_m
551	JeanetteMacDonald	35	AGE35	15475	15475_JeanetteMacDonald_35_f
551	JeanetteMacDonald	57	AGE57	15492	15492_JeanetteMacDonald_57_f
551	JeanetteMacDonald	46	AGE46	15486	15486_JeanetteMacDonald_46_f
551	JeanetteMacDonald	59	AGE59	15514	15514_JeanetteMacDonald_59_f
551	JeanetteMacDonald	45	AGE45	15485	15485_JeanetteMacDonald_45_f
551	JeanetteMacDonald	47	AGE47	15505	15505_JeanetteMacDonald_47_f
551	JeanetteMacDonald	31	AGE31	15471	15471_JeanetteMacDonald_31_f
551	JeanetteMacDonald	33	AGE33	15469	15469_JeanetteMacDonald_33_f
551	JeanetteMacDonald	49	AGE49	15488	15488_JeanetteMacDonald_49_f
551	JeanetteMacDonald	39	AGE39	15478	15478_JeanetteMacDonald_39_f
551	JeanetteMacDonald	43	AGE43	15483	15483_JeanetteMacDonald_43_f
551	JeanetteMacDonald	59	AGE59	15493	15493_JeanetteMacDonald_59_f
551	JeanetteMacDonald	51	AGE51	15489	15489_JeanetteMacDonald_51_f
551	JeanetteMacDonald	60	AGE60	15494	15494_JeanetteMacDonald_60_f
551	JeanetteMacDonald	48	AGE48	15506	15506_JeanetteMacDonald_48_f
551	JeanetteMacDonald	32	AGE32	15472	15472_JeanetteMacDonald_32_f
551	JeanetteMacDonald	39	AGE39	15498	15498_JeanetteMacDonald_39_f
551	JeanetteMacDonald	60	AGE60	15515	15515_JeanetteMacDonald_60_f
551	JeanetteMacDonald	43	AGE43	15502	15502_JeanetteMacDonald_43_f
551	JeanetteMacDonald	33	AGE33	15473	15473_JeanetteMacDonald_33_f
551	JeanetteMacDonald	42	AGE42	15501	15501_JeanetteMacDonald_42_f
551	JeanetteMacDonald	37	AGE37	15496	15496_JeanetteMacDonald_37_f
551	JeanetteMacDonald	52	AGE52	15509	15509_JeanetteMacDonald_52_f
551	JeanetteMacDonald	19	AGE19	15458	15458_JeanetteMacDonald_19_f
551	JeanetteMacDonald	54	AGE54	15510	15510_JeanetteMacDonald_54_f
551	JeanetteMacDonald	27	AGE27	15461	15461_JeanetteMacDonald_27_f
551	JeanetteMacDonald	41	AGE41	15481	15481_JeanetteMacDonald_41_f
551	JeanetteMacDonald	20	AGE20	15459	15459_JeanetteMacDonald_20_f
551	JeanetteMacDonald	40	AGE40	15480	15480_JeanetteMacDonald_40_f
551	JeanetteMacDonald	40	AGE40	15499	15499_JeanetteMacDonald_40_f
551	JeanetteMacDonald	39	AGE39	15479	15479_JeanetteMacDonald_39_f
551	JeanetteMacDonald	61	AGE61	15516	15516_JeanetteMacDonald_61_f
551	JeanetteMacDonald	32	AGE32	15468	15468_JeanetteMacDonald_32_f
551	JeanetteMacDonald	34	AGE34	15474	15474_JeanetteMacDonald_34_f
551	JeanetteMacDonald	42	AGE42	15482	15482_JeanetteMacDonald_42_f
551	JeanetteMacDonald	26	AGE26	15462	15462_JeanetteMacDonald_26_f
551	JeanetteMacDonald	51	AGE51	15508	15508_JeanetteMacDonald_51_f
551	JeanetteMacDonald	41	AGE41	15500	15500_JeanetteMacDonald_41_f
551	JeanetteMacDonald	55	AGE55	15511	15511_JeanetteMacDonald_55_f
551	JeanetteMacDonald	21	AGE21	15460	15460_JeanetteMacDonald_21_f
551	JeanetteMacDonald	27	AGE27	15463	15463_JeanetteMacDonald_27_f
551	JeanetteMacDonald	44	AGE44	15503	15503_JeanetteMacDonald_44_f
551	JeanetteMacDonald	29	AGE29	15465	15465_JeanetteMacDonald_29_f
551	JeanetteMacDonald	52	AGE52	15490	15490_JeanetteMacDonald_52_f
551	JeanetteMacDonald	36	AGE36	15476	15476_JeanetteMacDonald_36_f
551	JeanetteMacDonald	56	AGE56	15512	15512_JeanetteMacDonald_56_f
551	JeanetteMacDonald	56	AGE56	15491	15491_JeanetteMacDonald_56_f
551	JeanetteMacDonald	28	AGE28	15464	15464_JeanetteMacDonald_28_f
551	JeanetteMacDonald	45	AGE45	15504	15504_JeanetteMacDonald_45_f
551	JeanetteMacDonald	34	AGE34	15470	15470_JeanetteMacDonald_34_f
551	JeanetteMacDonald	47	AGE47	15487	15487_JeanetteMacDonald_47_f
551	JeanetteMacDonald	44	AGE44	15484	15484_JeanetteMacDonald_44_f
551	JeanetteMacDonald	58	AGE58	15513	15513_JeanetteMacDonald_58_f
551	JeanetteMacDonald	31	AGE31	15467	15467_JeanetteMacDonald_31_f
551	JeanetteMacDonald	37	AGE37	15477	15477_JeanetteMacDonald_37_f
551	JeanetteMacDonald	35	AGE35	15495	15495_JeanetteMacDonald_35_f
551	JeanetteMacDonald	38	AGE38	15497	15497_JeanetteMacDonald_38_f
551	JeanetteMacDonald	30	AGE30	15466	15466_JeanetteMacDonald_30_f
551	JeanetteMacDonald	49	AGE49	15507	15507_JeanetteMacDonald_49_f
552	FidelCastro	24	AGE24	675	675_FidelCastro_24_m
552	FidelCastro	89	AGE89	685	685_FidelCastro_89_m
552	FidelCastro	62	AGE62	679	679_FidelCastro_62_m
552	FidelCastro	89	AGE89	684	684_FidelCastro_89_m
552	FidelCastro	33	AGE33	677	677_FidelCastro_33_m
552	FidelCastro	79	AGE79	682	682_FidelCastro_79_m
552	FidelCastro	33	AGE33	686	686_FidelCastro_33_m
552	FidelCastro	78	AGE78	681	681_FidelCastro_78_m
552	FidelCastro	3	AGE3	674	674_FidelCastro_3_m
552	FidelCastro	32	AGE32	676	676_FidelCastro_32_m
552	FidelCastro	38	AGE38	678	678_FidelCastro_38_m
552	FidelCastro	75	AGE75	680	680_FidelCastro_75_m
552	FidelCastro	80	AGE80	683	683_FidelCastro_80_m
553	DanielleDarrieux	67	AGE67	13439	13439_DanielleDarrieux_67_f
553	DanielleDarrieux	62	AGE62	13434	13434_DanielleDarrieux_62_f
553	DanielleDarrieux	48	AGE48	13425	13425_DanielleDarrieux_48_f
553	DanielleDarrieux	70	AGE70	13441	13441_DanielleDarrieux_70_f
553	DanielleDarrieux	38	AGE38	13419	13419_DanielleDarrieux_38_f
553	DanielleDarrieux	66	AGE66	13438	13438_DanielleDarrieux_66_f
553	DanielleDarrieux	47	AGE47	13424	13424_DanielleDarrieux_47_f
553	DanielleDarrieux	92	AGE92	13450	13450_DanielleDarrieux_92_f
553	DanielleDarrieux	32	AGE32	13413	13413_DanielleDarrieux_32_f
553	DanielleDarrieux	24	AGE24	13412	13412_DanielleDarrieux_24_f
553	DanielleDarrieux	22	AGE22	13410	13410_DanielleDarrieux_22_f
553	DanielleDarrieux	72	AGE72	13442	13442_DanielleDarrieux_72_f
553	DanielleDarrieux	71	AGE71	13454	13454_DanielleDarrieux_71_f
553	DanielleDarrieux	60	AGE60	13432	13432_DanielleDarrieux_60_f
553	DanielleDarrieux	42	AGE42	13421	13421_DanielleDarrieux_42_f
553	DanielleDarrieux	61	AGE61	13433	13433_DanielleDarrieux_61_f
553	DanielleDarrieux	21	AGE21	13409	13409_DanielleDarrieux_21_f
553	DanielleDarrieux	56	AGE56	13429	13429_DanielleDarrieux_56_f
553	DanielleDarrieux	23	AGE23	13411	13411_DanielleDarrieux_23_f
553	DanielleDarrieux	35	AGE35	13416	13416_DanielleDarrieux_35_f
553	DanielleDarrieux	45	AGE45	13423	13423_DanielleDarrieux_45_f
553	DanielleDarrieux	89	AGE89	13455	13455_DanielleDarrieux_89_f
553	DanielleDarrieux	57	AGE57	13430	13430_DanielleDarrieux_57_f
553	DanielleDarrieux	91	AGE91	13448	13448_DanielleDarrieux_91_f
553	DanielleDarrieux	91	AGE91	13449	13449_DanielleDarrieux_91_f
553	DanielleDarrieux	77	AGE77	13444	13444_DanielleDarrieux_77_f
553	DanielleDarrieux	58	AGE58	13431	13431_DanielleDarrieux_58_f
553	DanielleDarrieux	37	AGE37	13418	13418_DanielleDarrieux_37_f
553	DanielleDarrieux	93	AGE93	13451	13451_DanielleDarrieux_93_f
553	DanielleDarrieux	63	AGE63	13435	13435_DanielleDarrieux_63_f
553	DanielleDarrieux	75	AGE75	13443	13443_DanielleDarrieux_75_f
553	DanielleDarrieux	80	AGE80	13445	13445_DanielleDarrieux_80_f
553	DanielleDarrieux	69	AGE69	13453	13453_DanielleDarrieux_69_f
553	DanielleDarrieux	36	AGE36	13417	13417_DanielleDarrieux_36_f
553	DanielleDarrieux	19	AGE19	13407	13407_DanielleDarrieux_19_f
553	DanielleDarrieux	17	AGE17	13405	13405_DanielleDarrieux_17_f
553	DanielleDarrieux	34	AGE34	13415	13415_DanielleDarrieux_34_f
553	DanielleDarrieux	41	AGE41	13452	13452_DanielleDarrieux_41_f
553	DanielleDarrieux	33	AGE33	13414	13414_DanielleDarrieux_33_f
553	DanielleDarrieux	18	AGE18	13406	13406_DanielleDarrieux_18_f
553	DanielleDarrieux	40	AGE40	13420	13420_DanielleDarrieux_40_f
553	DanielleDarrieux	52	AGE52	13428	13428_DanielleDarrieux_52_f
553	DanielleDarrieux	68	AGE68	13440	13440_DanielleDarrieux_68_f
553	DanielleDarrieux	65	AGE65	13437	13437_DanielleDarrieux_65_f
553	DanielleDarrieux	49	AGE49	13426	13426_DanielleDarrieux_49_f
553	DanielleDarrieux	20	AGE20	13408	13408_DanielleDarrieux_20_f
553	DanielleDarrieux	85	AGE85	13446	13446_DanielleDarrieux_85_f
553	DanielleDarrieux	50	AGE50	13427	13427_DanielleDarrieux_50_f
553	DanielleDarrieux	86	AGE86	13447	13447_DanielleDarrieux_86_f
553	DanielleDarrieux	64	AGE64	13436	13436_DanielleDarrieux_64_f
553	DanielleDarrieux	14	AGE14	13404	13404_DanielleDarrieux_14_f
553	DanielleDarrieux	43	AGE43	13422	13422_DanielleDarrieux_43_f
554	CharlieChaplin	28	AGE28	8536	8536_CharlieChaplin_28_m
554	CharlieChaplin	28	AGE28	8535	8535_CharlieChaplin_28_m
554	CharlieChaplin	25	AGE25	8547	8547_CharlieChaplin_25_m
554	CharlieChaplin	52	AGE52	8542	8542_CharlieChaplin_52_m
554	CharlieChaplin	85	AGE85	8545	8545_CharlieChaplin_85_m
554	CharlieChaplin	42	AGE42	8541	8541_CharlieChaplin_42_m
554	CharlieChaplin	40	AGE40	8546	8546_CharlieChaplin_40_m
554	CharlieChaplin	45	AGE45	8539	8539_CharlieChaplin_45_m
554	CharlieChaplin	30	AGE30	8529	8529_CharlieChaplin_30_m
554	CharlieChaplin	32	AGE32	8543	8543_CharlieChaplin_32_m
554	CharlieChaplin	55	AGE55	8538	8538_CharlieChaplin_55_m
554	CharlieChaplin	50	AGE50	8540	8540_CharlieChaplin_50_m
554	CharlieChaplin	80	AGE80	8530	8530_CharlieChaplin_80_m
554	CharlieChaplin	55	AGE55	8533	8533_CharlieChaplin_55_m
554	CharlieChaplin	42	AGE42	8532	8532_CharlieChaplin_42_m
554	CharlieChaplin	85	AGE85	8549	8549_CharlieChaplin_85_m
554	CharlieChaplin	50	AGE50	8531	8531_CharlieChaplin_50_m
554	CharlieChaplin	50	AGE50	8544	8544_CharlieChaplin_50_m
554	CharlieChaplin	12	AGE12	8548	8548_CharlieChaplin_12_m
554	CharlieChaplin	40	AGE40	8537	8537_CharlieChaplin_40_m
554	CharlieChaplin	25	AGE25	8534	8534_CharlieChaplin_25_m
555	GeneWilder	55	AGE55	2590	2590_GeneWilder_55_m
555	GeneWilder	18	AGE18	2572	2572_GeneWilder_18_m
555	GeneWilder	38	AGE38	2579	2579_GeneWilder_38_m
555	GeneWilder	70	AGE70	2596	2596_GeneWilder_70_m
555	GeneWilder	36	AGE36	2577	2577_GeneWilder_36_m
555	GeneWilder	71	AGE71	2597	2597_GeneWilder_71_m
555	GeneWilder	39	AGE39	2580	2580_GeneWilder_39_m
555	GeneWilder	34	AGE34	2575	2575_GeneWilder_34_m
555	GeneWilder	45	AGE45	2585	2585_GeneWilder_45_m
555	GeneWilder	47	AGE47	2587	2587_GeneWilder_47_m
555	GeneWilder	78	AGE78	2600	2600_GeneWilder_78_m
555	GeneWilder	79	AGE79	2601	2601_GeneWilder_79_m
555	GeneWilder	75	AGE75	2599	2599_GeneWilder_75_m
555	GeneWilder	62	AGE62	2592	2592_GeneWilder_62_m
555	GeneWilder	33	AGE33	2574	2574_GeneWilder_33_m
555	GeneWilder	65	AGE65	2593	2593_GeneWilder_65_m
555	GeneWilder	80	AGE80	2602	2602_GeneWilder_80_m
555	GeneWilder	27	AGE27	2573	2573_GeneWilder_27_m
555	GeneWilder	53	AGE53	2588	2588_GeneWilder_53_m
555	GeneWilder	59	AGE59	2591	2591_GeneWilder_59_m
555	GeneWilder	54	AGE54	2589	2589_GeneWilder_54_m
555	GeneWilder	37	AGE37	2578	2578_GeneWilder_37_m
555	GeneWilder	43	AGE43	2583	2583_GeneWilder_43_m
555	GeneWilder	44	AGE44	2584	2584_GeneWilder_44_m
555	GeneWilder	68	AGE68	2595	2595_GeneWilder_68_m
555	GeneWilder	46	AGE46	2586	2586_GeneWilder_46_m
555	GeneWilder	66	AGE66	2594	2594_GeneWilder_66_m
555	GeneWilder	73	AGE73	2598	2598_GeneWilder_73_m
555	GeneWilder	42	AGE42	2582	2582_GeneWilder_42_m
555	GeneWilder	35	AGE35	2576	2576_GeneWilder_35_m
555	GeneWilder	41	AGE41	2581	2581_GeneWilder_41_m
556	CarlosSantana	60	AGE60	4499	4499_CarlosSantana_60_m
556	CarlosSantana	26	AGE26	4491	4491_CarlosSantana_26_m
556	CarlosSantana	58	AGE58	4514	4514_CarlosSantana_58_m
556	CarlosSantana	12	AGE12	4484	4484_CarlosSantana_12_m
556	CarlosSantana	49	AGE49	4496	4496_CarlosSantana_49_m
556	CarlosSantana	67	AGE67	4516	4516_CarlosSantana_67_m
556	CarlosSantana	56	AGE56	4513	4513_CarlosSantana_56_m
556	CarlosSantana	68	AGE68	4503	4503_CarlosSantana_68_m
556	CarlosSantana	29	AGE29	4504	4504_CarlosSantana_29_m
556	CarlosSantana	14	AGE14	4485	4485_CarlosSantana_14_m
556	CarlosSantana	22	AGE22	4489	4489_CarlosSantana_22_m
556	CarlosSantana	61	AGE61	4515	4515_CarlosSantana_61_m
556	CarlosSantana	46	AGE46	4495	4495_CarlosSantana_46_m
556	CarlosSantana	40	AGE40	4507	4507_CarlosSantana_40_m
556	CarlosSantana	31	AGE31	4505	4505_CarlosSantana_31_m
556	CarlosSantana	53	AGE53	4497	4497_CarlosSantana_53_m
556	CarlosSantana	33	AGE33	4493	4493_CarlosSantana_33_m
556	CarlosSantana	54	AGE54	4512	4512_CarlosSantana_54_m
556	CarlosSantana	48	AGE48	4509	4509_CarlosSantana_48_m
556	CarlosSantana	52	AGE52	4511	4511_CarlosSantana_52_m
556	CarlosSantana	16	AGE16	4486	4486_CarlosSantana_16_m
556	CarlosSantana	51	AGE51	4510	4510_CarlosSantana_51_m
556	CarlosSantana	66	AGE66	4502	4502_CarlosSantana_66_m
556	CarlosSantana	62	AGE62	4500	4500_CarlosSantana_62_m
556	CarlosSantana	25	AGE25	4490	4490_CarlosSantana_25_m
556	CarlosSantana	20	AGE20	4487	4487_CarlosSantana_20_m
556	CarlosSantana	63	AGE63	4501	4501_CarlosSantana_63_m
556	CarlosSantana	27	AGE27	4492	4492_CarlosSantana_27_m
556	CarlosSantana	22	AGE22	4488	4488_CarlosSantana_22_m
556	CarlosSantana	43	AGE43	4508	4508_CarlosSantana_43_m
556	CarlosSantana	55	AGE55	4498	4498_CarlosSantana_55_m
556	CarlosSantana	37	AGE37	4506	4506_CarlosSantana_37_m
556	CarlosSantana	35	AGE35	4494	4494_CarlosSantana_35_m
557	DavidMcCallum	70	AGE70	5235	5235_DavidMcCallum_70_m
557	DavidMcCallum	40	AGE40	5238	5238_DavidMcCallum_40_m
557	DavidMcCallum	46	AGE46	5231	5231_DavidMcCallum_46_m
557	DavidMcCallum	63	AGE63	5242	5242_DavidMcCallum_63_m
557	DavidMcCallum	39	AGE39	5237	5237_DavidMcCallum_39_m
557	DavidMcCallum	30	AGE30	5223	5223_DavidMcCallum_30_m
557	DavidMcCallum	59	AGE59	5241	5241_DavidMcCallum_59_m
557	DavidMcCallum	35	AGE35	5226	5226_DavidMcCallum_35_m
557	DavidMcCallum	48	AGE48	5239	5239_DavidMcCallum_48_m
557	DavidMcCallum	65	AGE65	5233	5233_DavidMcCallum_65_m
557	DavidMcCallum	77	AGE77	5248	5248_DavidMcCallum_77_m
557	DavidMcCallum	71	AGE71	5244	5244_DavidMcCallum_71_m
557	DavidMcCallum	69	AGE69	5243	5243_DavidMcCallum_69_m
557	DavidMcCallum	37	AGE37	5228	5228_DavidMcCallum_37_m
557	DavidMcCallum	42	AGE42	5229	5229_DavidMcCallum_42_m
557	DavidMcCallum	56	AGE56	5232	5232_DavidMcCallum_56_m
557	DavidMcCallum	29	AGE29	5222	5222_DavidMcCallum_29_m
557	DavidMcCallum	26	AGE26	5220	5220_DavidMcCallum_26_m
557	DavidMcCallum	72	AGE72	5245	5245_DavidMcCallum_72_m
557	DavidMcCallum	67	AGE67	5234	5234_DavidMcCallum_67_m
557	DavidMcCallum	74	AGE74	5246	5246_DavidMcCallum_74_m
557	DavidMcCallum	27	AGE27	5221	5221_DavidMcCallum_27_m
557	DavidMcCallum	51	AGE51	5240	5240_DavidMcCallum_51_m
557	DavidMcCallum	75	AGE75	5247	5247_DavidMcCallum_75_m
557	DavidMcCallum	32	AGE32	5224	5224_DavidMcCallum_32_m
557	DavidMcCallum	79	AGE79	5249	5249_DavidMcCallum_79_m
557	DavidMcCallum	81	AGE81	5236	5236_DavidMcCallum_81_m
557	DavidMcCallum	36	AGE36	5227	5227_DavidMcCallum_36_m
557	DavidMcCallum	34	AGE34	5225	5225_DavidMcCallum_34_m
557	DavidMcCallum	44	AGE44	5230	5230_DavidMcCallum_44_m
558	MichaelPalin	33	AGE33	4312	4312_MichaelPalin_33_m
558	MichaelPalin	26	AGE26	4306	4306_MichaelPalin_26_m
558	MichaelPalin	54	AGE54	4328	4328_MichaelPalin_54_m
558	MichaelPalin	62	AGE62	4332	4332_MichaelPalin_62_m
558	MichaelPalin	36	AGE36	4315	4315_MichaelPalin_36_m
558	MichaelPalin	71	AGE71	4336	4336_MichaelPalin_71_m
558	MichaelPalin	42	AGE42	4319	4319_MichaelPalin_42_m
558	MichaelPalin	51	AGE51	4325	4325_MichaelPalin_51_m
558	MichaelPalin	52	AGE52	4326	4326_MichaelPalin_52_m
558	MichaelPalin	29	AGE29	4308	4308_MichaelPalin_29_m
558	MichaelPalin	31	AGE31	4310	4310_MichaelPalin_31_m
558	MichaelPalin	63	AGE63	4333	4333_MichaelPalin_63_m
558	MichaelPalin	47	AGE47	4322	4322_MichaelPalin_47_m
558	MichaelPalin	30	AGE30	4309	4309_MichaelPalin_30_m
558	MichaelPalin	45	AGE45	4320	4320_MichaelPalin_45_m
558	MichaelPalin	55	AGE55	4329	4329_MichaelPalin_55_m
558	MichaelPalin	34	AGE34	4313	4313_MichaelPalin_34_m
558	MichaelPalin	38	AGE38	4316	4316_MichaelPalin_38_m
558	MichaelPalin	67	AGE67	4334	4334_MichaelPalin_67_m
558	MichaelPalin	35	AGE35	4314	4314_MichaelPalin_35_m
558	MichaelPalin	59	AGE59	4330	4330_MichaelPalin_59_m
558	MichaelPalin	40	AGE40	4317	4317_MichaelPalin_40_m
558	MichaelPalin	25	AGE25	4305	4305_MichaelPalin_25_m
558	MichaelPalin	61	AGE61	4331	4331_MichaelPalin_61_m
558	MichaelPalin	48	AGE48	4323	4323_MichaelPalin_48_m
558	MichaelPalin	49	AGE49	4324	4324_MichaelPalin_49_m
558	MichaelPalin	46	AGE46	4321	4321_MichaelPalin_46_m
558	MichaelPalin	32	AGE32	4311	4311_MichaelPalin_32_m
558	MichaelPalin	28	AGE28	4307	4307_MichaelPalin_28_m
558	MichaelPalin	54	AGE54	4327	4327_MichaelPalin_54_m
558	MichaelPalin	69	AGE69	4335	4335_MichaelPalin_69_m
558	MichaelPalin	17	AGE17	4304	4304_MichaelPalin_17_m
558	MichaelPalin	41	AGE41	4318	4318_MichaelPalin_41_m
559	SylvesterStallone	49	AGE49	7599	7599_SylvesterStallone_49_m
559	SylvesterStallone	36	AGE36	7590	7590_SylvesterStallone_36_m
559	SylvesterStallone	58	AGE58	7606	7606_SylvesterStallone_58_m
559	SylvesterStallone	37	AGE37	7591	7591_SylvesterStallone_37_m
559	SylvesterStallone	38	AGE38	7594	7594_SylvesterStallone_38_m
559	SylvesterStallone	56	AGE56	7604	7604_SylvesterStallone_56_m
559	SylvesterStallone	51	AGE51	7602	7602_SylvesterStallone_51_m
559	SylvesterStallone	63	AGE63	7609	7609_SylvesterStallone_63_m
559	SylvesterStallone	28	AGE28	7587	7587_SylvesterStallone_28_m
559	SylvesterStallone	64	AGE64	7593	7593_SylvesterStallone_64_m
559	SylvesterStallone	57	AGE57	7605	7605_SylvesterStallone_57_m
559	SylvesterStallone	41	AGE41	7592	7592_SylvesterStallone_41_m
559	SylvesterStallone	24	AGE24	7585	7585_SylvesterStallone_24_m
559	SylvesterStallone	50	AGE50	7600	7600_SylvesterStallone_50_m
559	SylvesterStallone	60	AGE60	7607	7607_SylvesterStallone_60_m
559	SylvesterStallone	62	AGE62	7608	7608_SylvesterStallone_62_m
559	SylvesterStallone	39	AGE39	7595	7595_SylvesterStallone_39_m
559	SylvesterStallone	49	AGE49	7598	7598_SylvesterStallone_49_m
559	SylvesterStallone	52	AGE52	7603	7603_SylvesterStallone_52_m
559	SylvesterStallone	45	AGE45	7597	7597_SylvesterStallone_45_m
559	SylvesterStallone	31	AGE31	7588	7588_SylvesterStallone_31_m
559	SylvesterStallone	50	AGE50	7601	7601_SylvesterStallone_50_m
559	SylvesterStallone	26	AGE26	7586	7586_SylvesterStallone_26_m
559	SylvesterStallone	36	AGE36	7589	7589_SylvesterStallone_36_m
559	SylvesterStallone	43	AGE43	7596	7596_SylvesterStallone_43_m
560	GregoryPeck	70	AGE70	9370	9370_GregoryPeck_70_m
560	GregoryPeck	65	AGE65	9376	9376_GregoryPeck_65_m
560	GregoryPeck	45	AGE45	9361	9361_GregoryPeck_45_m
560	GregoryPeck	85	AGE85	9372	9372_GregoryPeck_85_m
560	GregoryPeck	39	AGE39	9358	9358_GregoryPeck_39_m
560	GregoryPeck	50	AGE50	9363	9363_GregoryPeck_50_m
560	GregoryPeck	46	AGE46	9377	9377_GregoryPeck_46_m
560	GregoryPeck	33	AGE33	9375	9375_GregoryPeck_33_m
560	GregoryPeck	36	AGE36	9378	9378_GregoryPeck_36_m
560	GregoryPeck	63	AGE63	9368	9368_GregoryPeck_63_m
560	GregoryPeck	28	AGE28	9379	9379_GregoryPeck_28_m
560	GregoryPeck	40	AGE40	9360	9360_GregoryPeck_40_m
560	GregoryPeck	42	AGE42	9362	9362_GregoryPeck_42_m
560	GregoryPeck	30	AGE30	9367	9367_GregoryPeck_30_m
560	GregoryPeck	58	AGE58	9369	9369_GregoryPeck_58_m
560	GregoryPeck	75	AGE75	9373	9373_GregoryPeck_75_m
560	GregoryPeck	52	AGE52	9365	9365_GregoryPeck_52_m
560	GregoryPeck	75	AGE75	9366	9366_GregoryPeck_75_m
560	GregoryPeck	72	AGE72	9359	9359_GregoryPeck_72_m
560	GregoryPeck	57	AGE57	9371	9371_GregoryPeck_57_m
560	GregoryPeck	84	AGE84	9364	9364_GregoryPeck_84_m
560	GregoryPeck	31	AGE31	9374	9374_GregoryPeck_31_m
561	QueenElizabet	35	AGE35	585	585_QueenElizabet_35_f
561	QueenElizabet	74	AGE74	591	591_QueenElizabet_74_f
561	QueenElizabet	3	AGE3	579	579_QueenElizabet_3_f
561	QueenElizabet	80	AGE80	587	587_QueenElizabet_80_f
561	QueenElizabet	34	AGE34	600	600_QueenElizabet_34_f
561	QueenElizabet	3	AGE3	581	581_QueenElizabet_3_f
561	QueenElizabet	75	AGE75	592	592_QueenElizabet_75_f
561	QueenElizabet	21	AGE21	580	580_QueenElizabet_21_f
561	QueenElizabet	78	AGE78	593	593_QueenElizabet_78_f
561	QueenElizabet	44	AGE44	588	588_QueenElizabet_44_f
561	QueenElizabet	26	AGE26	583	583_QueenElizabet_26_f
561	QueenElizabet	54	AGE54	590	590_QueenElizabet_54_f
561	QueenElizabet	79	AGE79	594	594_QueenElizabet_79_f
561	QueenElizabet	86	AGE86	597	597_QueenElizabet_86_f
561	QueenElizabet	70	AGE70	598	598_QueenElizabet_70_f
561	QueenElizabet	75	AGE75	599	599_QueenElizabet_75_f
561	QueenElizabet	45	AGE45	602	602_QueenElizabet_45_f
561	QueenElizabet	35	AGE35	584	584_QueenElizabet_35_f
561	QueenElizabet	81	AGE81	596	596_QueenElizabet_81_f
561	QueenElizabet	46	AGE46	589	589_QueenElizabet_46_f
561	QueenElizabet	80	AGE80	595	595_QueenElizabet_80_f
561	QueenElizabet	38	AGE38	586	586_QueenElizabet_38_f
561	QueenElizabet	21	AGE21	601	601_QueenElizabet_21_f
561	QueenElizabet	25	AGE25	582	582_QueenElizabet_25_f
562	RockHudson	17	AGE17	6743	6743_RockHudson_17_m
562	RockHudson	25	AGE25	6741	6741_RockHudson_25_m
562	RockHudson	35	AGE35	6756	6756_RockHudson_35_m
562	RockHudson	38	AGE38	6761	6761_RockHudson_38_m
562	RockHudson	44	AGE44	6760	6760_RockHudson_44_m
562	RockHudson	20	AGE20	6744	6744_RockHudson_20_m
562	RockHudson	30	AGE30	6750	6750_RockHudson_30_m
562	RockHudson	57	AGE57	6775	6775_RockHudson_57_m
562	RockHudson	31	AGE31	6751	6751_RockHudson_31_m
562	RockHudson	42	AGE42	6766	6766_RockHudson_42_m
562	RockHudson	53	AGE53	6772	6772_RockHudson_53_m
562	RockHudson	45	AGE45	6774	6774_RockHudson_45_m
562	RockHudson	29	AGE29	6748	6748_RockHudson_29_m
562	RockHudson	40	AGE40	6763	6763_RockHudson_40_m
562	RockHudson	60	AGE60	6777	6777_RockHudson_60_m
562	RockHudson	60	AGE60	6758	6758_RockHudson_60_m
562	RockHudson	43	AGE43	6767	6767_RockHudson_43_m
562	RockHudson	28	AGE28	6742	6742_RockHudson_28_m
562	RockHudson	13	AGE13	6754	6754_RockHudson_13_m
562	RockHudson	44	AGE44	6768	6768_RockHudson_44_m
562	RockHudson	46	AGE46	6770	6770_RockHudson_46_m
562	RockHudson	59	AGE59	6776	6776_RockHudson_59_m
562	RockHudson	33	AGE33	6755	6755_RockHudson_33_m
562	RockHudson	32	AGE32	6753	6753_RockHudson_32_m
562	RockHudson	29	AGE29	6747	6747_RockHudson_29_m
562	RockHudson	56	AGE56	6773	6773_RockHudson_56_m
562	RockHudson	51	AGE51	6771	6771_RockHudson_51_m
562	RockHudson	41	AGE41	6765	6765_RockHudson_41_m
562	RockHudson	45	AGE45	6769	6769_RockHudson_45_m
562	RockHudson	39	AGE39	6762	6762_RockHudson_39_m
562	RockHudson	40	AGE40	6764	6764_RockHudson_40_m
562	RockHudson	19	AGE19	6745	6745_RockHudson_19_m
562	RockHudson	36	AGE36	6757	6757_RockHudson_36_m
562	RockHudson	28	AGE28	6746	6746_RockHudson_28_m
562	RockHudson	31	AGE31	6752	6752_RockHudson_31_m
562	RockHudson	37	AGE37	6759	6759_RockHudson_37_m
562	RockHudson	30	AGE30	6749	6749_RockHudson_30_m
563	PaulAnka	33	AGE33	104	104_PaulAnka_33_m
563	PaulAnka	55	AGE55	98	98_PaulAnka_55_m
563	PaulAnka	64	AGE64	86	86_PaulAnka_64_m
563	PaulAnka	60	AGE60	102	102_PaulAnka_60_m
563	PaulAnka	16	AGE16	75	75_PaulAnka_16_m
563	PaulAnka	60	AGE60	91	91_PaulAnka_60_m
563	PaulAnka	22	AGE22	78	78_PaulAnka_22_m
563	PaulAnka	52	AGE52	100	100_PaulAnka_52_m
563	PaulAnka	24	AGE24	79	79_PaulAnka_24_m
563	PaulAnka	16	AGE16	69	69_PaulAnka_16_m
563	PaulAnka	18	AGE18	105	105_PaulAnka_18_m
563	PaulAnka	23	AGE23	83	83_PaulAnka_23_m
563	PaulAnka	57	AGE57	110	110_PaulAnka_57_m
563	PaulAnka	46	AGE46	99	99_PaulAnka_46_m
563	PaulAnka	68	AGE68	89	89_PaulAnka_68_m
563	PaulAnka	18	AGE18	106	106_PaulAnka_18_m
563	PaulAnka	29	AGE29	92	92_PaulAnka_29_m
563	PaulAnka	19	AGE19	76	76_PaulAnka_19_m
563	PaulAnka	71	AGE71	93	93_PaulAnka_71_m
563	PaulAnka	52	AGE52	96	96_PaulAnka_52_m
563	PaulAnka	72	AGE72	109	109_PaulAnka_72_m
563	PaulAnka	15	AGE15	74	74_PaulAnka_15_m
563	PaulAnka	19	AGE19	95	95_PaulAnka_19_m
563	PaulAnka	66	AGE66	87	87_PaulAnka_66_m
563	PaulAnka	20	AGE20	107	107_PaulAnka_20_m
563	PaulAnka	27	AGE27	80	80_PaulAnka_27_m
563	PaulAnka	17	AGE17	73	73_PaulAnka_17_m
563	PaulAnka	30	AGE30	81	81_PaulAnka_30_m
563	PaulAnka	47	AGE47	84	84_PaulAnka_47_m
563	PaulAnka	48	AGE48	97	97_PaulAnka_48_m
563	PaulAnka	17	AGE17	94	94_PaulAnka_17_m
563	PaulAnka	15	AGE15	70	70_PaulAnka_15_m
563	PaulAnka	65	AGE65	85	85_PaulAnka_65_m
563	PaulAnka	50	AGE50	101	101_PaulAnka_50_m
563	PaulAnka	66	AGE66	108	108_PaulAnka_66_m
563	PaulAnka	18	AGE18	72	72_PaulAnka_18_m
563	PaulAnka	45	AGE45	71	71_PaulAnka_45_m
563	PaulAnka	21	AGE21	77	77_PaulAnka_21_m
563	PaulAnka	30	AGE30	103	103_PaulAnka_30_m
563	PaulAnka	70	AGE70	90	90_PaulAnka_70_m
563	PaulAnka	67	AGE67	88	88_PaulAnka_67_m
563	PaulAnka	32	AGE32	82	82_PaulAnka_32_m
564	SusanHayward	30	AGE30	14503	14503_SusanHayward_30_f
564	SusanHayward	28	AGE28	14492	14492_SusanHayward_28_f
564	SusanHayward	26	AGE26	14488	14488_SusanHayward_26_f
564	SusanHayward	45	AGE45	14494	14494_SusanHayward_45_f
564	SusanHayward	47	AGE47	14501	14501_SusanHayward_47_f
564	SusanHayward	40	AGE40	14513	14513_SusanHayward_40_f
564	SusanHayward	34	AGE34	14499	14499_SusanHayward_34_f
564	SusanHayward	47	AGE47	14508	14508_SusanHayward_47_f
564	SusanHayward	21	AGE21	14485	14485_SusanHayward_21_f
564	SusanHayward	44	AGE44	14498	14498_SusanHayward_44_f
564	SusanHayward	28	AGE28	14489	14489_SusanHayward_28_f
564	SusanHayward	39	AGE39	14495	14495_SusanHayward_39_f
564	SusanHayward	25	AGE25	14491	14491_SusanHayward_25_f
564	SusanHayward	50	AGE50	14506	14506_SusanHayward_50_f
564	SusanHayward	55	AGE55	14493	14493_SusanHayward_55_f
564	SusanHayward	24	AGE24	14490	14490_SusanHayward_24_f
564	SusanHayward	39	AGE39	14497	14497_SusanHayward_39_f
564	SusanHayward	29	AGE29	14502	14502_SusanHayward_29_f
564	SusanHayward	31	AGE31	14511	14511_SusanHayward_31_f
564	SusanHayward	23	AGE23	14500	14500_SusanHayward_23_f
564	SusanHayward	30	AGE30	14504	14504_SusanHayward_30_f
564	SusanHayward	27	AGE27	14487	14487_SusanHayward_27_f
564	SusanHayward	47	AGE47	14507	14507_SusanHayward_47_f
564	SusanHayward	22	AGE22	14509	14509_SusanHayward_22_f
564	SusanHayward	23	AGE23	14484	14484_SusanHayward_23_f
564	SusanHayward	42	AGE42	14510	14510_SusanHayward_42_f
564	SusanHayward	36	AGE36	14505	14505_SusanHayward_36_f
564	SusanHayward	24	AGE24	14486	14486_SusanHayward_24_f
564	SusanHayward	25	AGE25	14496	14496_SusanHayward_25_f
564	SusanHayward	38	AGE38	14512	14512_SusanHayward_38_f
565	MelGibson	49	AGE49	2159	2159_MelGibson_49_m
565	MelGibson	30	AGE30	2142	2142_MelGibson_30_m
565	MelGibson	52	AGE52	2160	2160_MelGibson_52_m
565	MelGibson	44	AGE44	2155	2155_MelGibson_44_m
565	MelGibson	54	AGE54	2162	2162_MelGibson_54_m
565	MelGibson	48	AGE48	2158	2158_MelGibson_48_m
565	MelGibson	38	AGE38	2148	2148_MelGibson_38_m
565	MelGibson	19	AGE19	2133	2133_MelGibson_19_m
565	MelGibson	31	AGE31	2143	2143_MelGibson_31_m
565	MelGibson	47	AGE47	2157	2157_MelGibson_47_m
565	MelGibson	36	AGE36	2146	2146_MelGibson_36_m
565	MelGibson	44	AGE44	2154	2154_MelGibson_44_m
565	MelGibson	21	AGE21	2135	2135_MelGibson_21_m
565	MelGibson	32	AGE32	2144	2144_MelGibson_32_m
565	MelGibson	35	AGE35	2145	2145_MelGibson_35_m
565	MelGibson	24	AGE24	2138	2138_MelGibson_24_m
565	MelGibson	56	AGE56	2165	2165_MelGibson_56_m
565	MelGibson	20	AGE20	2134	2134_MelGibson_20_m
565	MelGibson	29	AGE29	2141	2141_MelGibson_29_m
565	MelGibson	39	AGE39	2149	2149_MelGibson_39_m
565	MelGibson	22	AGE22	2136	2136_MelGibson_22_m
565	MelGibson	45	AGE45	2156	2156_MelGibson_45_m
565	MelGibson	26	AGE26	2139	2139_MelGibson_26_m
565	MelGibson	55	AGE55	2163	2163_MelGibson_55_m
565	MelGibson	23	AGE23	2137	2137_MelGibson_23_m
565	MelGibson	39	AGE39	2150	2150_MelGibson_39_m
565	MelGibson	42	AGE42	2153	2153_MelGibson_42_m
565	MelGibson	53	AGE53	2161	2161_MelGibson_53_m
565	MelGibson	40	AGE40	2151	2151_MelGibson_40_m
565	MelGibson	37	AGE37	2147	2147_MelGibson_37_m
565	MelGibson	56	AGE56	2164	2164_MelGibson_56_m
565	MelGibson	27	AGE27	2140	2140_MelGibson_27_m
565	MelGibson	41	AGE41	2152	2152_MelGibson_41_m
566	Pele	40	AGE40	55	55_Pele_40_m
566	Pele	52	AGE52	57	57_Pele_52_m
566	Pele	30	AGE30	54	54_Pele_30_m
566	Pele	55	AGE55	47	47_Pele_55_m
566	Pele	17	AGE17	51	51_Pele_17_m
566	Pele	58	AGE58	61	61_Pele_58_m
566	Pele	71	AGE71	48	48_Pele_71_m
566	Pele	21	AGE21	45	45_Pele_21_m
566	Pele	55	AGE55	58	58_Pele_55_m
566	Pele	55	AGE55	62	62_Pele_55_m
566	Pele	32	AGE32	53	53_Pele_32_m
566	Pele	21	AGE21	49	49_Pele_21_m
566	Pele	20	AGE20	67	67_Pele_20_m
566	Pele	68	AGE68	44	44_Pele_68_m
566	Pele	58	AGE58	63	63_Pele_58_m
566	Pele	18	AGE18	65	65_Pele_18_m
566	Pele	38	AGE38	52	52_Pele_38_m
566	Pele	21	AGE21	60	60_Pele_21_m
566	Pele	19	AGE19	59	59_Pele_19_m
566	Pele	60	AGE60	66	66_Pele_60_m
566	Pele	12	AGE12	68	68_Pele_12_m
566	Pele	66	AGE66	43	43_Pele_66_m
566	Pele	35	AGE35	46	46_Pele_35_m
566	Pele	37	AGE37	56	56_Pele_37_m
566	Pele	20	AGE20	64	64_Pele_20_m
566	Pele	18	AGE18	50	50_Pele_18_m
