subject_id	subject_name	class_id	class_name	sample_id	sample_name
472	StephenHawking	1	AGE1	1001	1000_StephenHawking_1_m
387	MartinLutherKing	3	AGE3	15959	15958_MartinLutherKing_3_m
395	michaeljackson	3	AGE3	256	255_michaeljackson_3_m
114	akistsoxatzopoulos	3	AGE3	784	783_akistsoxatzopoulos_3_m
483	Bono	3	AGE3	1525	1524_Bono_3_m
561	QueenElizabet	3	AGE3	582	581_QueenElizabet_3_f
561	QueenElizabet	3	AGE3	580	579_QueenElizabet_3_f
472	StephenHawking	3	AGE3	1002	1001_StephenHawking_3_m
552	FidelCastro	3	AGE3	675	674_FidelCastro_3_m
111	WEBDuBois	4	AGE4	757	756_WEBDuBois_4_m
283	BettyGrable	4	AGE4	13912	13911_BettyGrable_4_f
391	AlKapone	5	AGE5	508	507_AlKapone_5_m
152	MaryPickford	5	AGE5	14388	14387_MaryPickford_5_f
217	MargaretOBrien	5	AGE5	12780	12779_MargaretOBrien_5_f
262	MarlonBrando	5	AGE5	9111	9110_MarlonBrando_5_m
287	JosephCotten	6	AGE6	7210	7209_JosephCotten_6_m
217	MargaretOBrien	6	AGE6	12781	12780_MargaretOBrien_6_f
449	ZsaZsaGabor	6	AGE6	11364	11363_ZsaZsaGabor_6_f
348	VivienLeigh	6	AGE6	14143	14142_VivienLeigh_6_f
324	JaneAsher	6	AGE6	9790	9789_JaneAsher_6_f
222	JhonLenon	6	AGE6	172	171_JhonLenon_6_m
7	DonnaDouglas	6	AGE6	10965	10964_DonnaDouglas_6_f
430	HelenHayes	6	AGE6	13519	13518_HelenHayes_6_f
527	JohnGarfield	7	AGE7	7159	7158_JohnGarfield_7_m
91	DickieMoore	7	AGE7	6189	6188_DickieMoore_7_m
322	AlbertCamus	7	AGE7	1313	1312_AlbertCamus_7_m
112	MickeyRooney	7	AGE7	7401	7400_MickeyRooney_7_m
324	JaneAsher	7	AGE7	9791	9790_JaneAsher_7_f
316	MegRyan	7	AGE7	9668	9667_MegRyan_7_f
295	JanetEllis	7	AGE7	15422	15421_JanetEllis_7_f
515	mahatmagandhi	7	AGE7	845	844_mahatmagandhi_7_m
217	MargaretOBrien	7	AGE7	12782	12781_MargaretOBrien_7_f
135	RichardPryor	7	AGE7	16213	16212_RichardPryor_7_m
163	CharlieSheen	7	AGE7	4015	4014_CharlieSheen_7_m
522	DannyGlover	8	AGE8	16108	16107_DannyGlover_8_m
324	JaneAsher	8	AGE8	9792	9791_JaneAsher_8_f
112	MickeyRooney	8	AGE8	7402	7401_MickeyRooney_8_m
397	GeraldineChaplin	8	AGE8	13008	13007_GeraldineChaplin_8_f
467	BertrandRussell	8	AGE8	1352	1351_BertrandRussell_8_m
91	DickieMoore	8	AGE8	6190	6189_DickieMoore_8_m
217	MargaretOBrien	8	AGE8	12783	12782_MargaretOBrien_8_f
301	JudyGarland	8	AGE8	14036	14035_JudyGarland_8_f
324	JaneAsher	9	AGE9	9793	9792_JaneAsher_9_f
113	GladysCooper	9	AGE9	13488	13487_GladysCooper_9_f
345	JuliaRoberts	9	AGE9	11452	11451_JuliaRoberts_9_f
91	DickieMoore	9	AGE9	6191	6190_DickieMoore_9_m
113	GladysCooper	9	AGE9	7097	7096_GladysCooper_9_m
7	DonnaDouglas	9	AGE9	10966	10965_DonnaDouglas_9_f
376	Fernandel	10	AGE10	4550	4549_Fernandel_10_m
395	michaeljackson	10	AGE10	261	260_michaeljackson_10_m
222	JhonLenon	10	AGE10	191	190_JhonLenon_10_m
272	ElvisPresley	10	AGE10	202	201_ElvisPresley_10_m
112	MickeyRooney	10	AGE10	7403	7402_MickeyRooney_10_m
457	JeffBridges	10	AGE10	3320	3319_JeffBridges_10_m
431	RobertRedford	10	AGE10	4844	4843_RobertRedford_10_m
24	HelenHunt	10	AGE10	10028	10027_HelenHunt_10_f
386	AlainDelon	10	AGE10	2386	2385_AlainDelon_10_m
143	BarbraStreisand	10	AGE10	12937	12936_BarbraStreisand_10_f
166	AnnJillian	10	AGE10	14974	14973_AnnJillian_10_f
312	JohnnyCash	10	AGE10	6473	6472_JohnnyCash_10_m
91	DickieMoore	10	AGE10	6192	6191_DickieMoore_10_m
467	BertrandRussell	11	AGE11	1351	1350_BertrandRussell_11_m
548	CatherineDeneuve	11	AGE11	12939	12938_CatherineDeneuve_11_f
166	AnnJillian	11	AGE11	14975	14974_AnnJillian_11_f
333	RobertPowell	11	AGE11	4402	4401_RobertPowell_11_m
165	AdolfHitlerr	11	AGE11	779	778_AdolfHitlerr_11_m
336	PatrickStewart	11	AGE11	5552	5551_PatrickStewart_11_m
143	BarbraStreisand	11	AGE11	12935	12934_BarbraStreisand_11_f
322	AlbertCamus	11	AGE11	1314	1313_AlbertCamus_11_m
430	HelenHayes	11	AGE11	13532	13531_HelenHayes_11_f
424	GraceKelly	11	AGE11	13083	13082_GraceKelly_11_f
216	FrederickSanger	11	AGE11	1155	1154_FrederickSanger_11_m
450	RobertOppenheimer	11	AGE11	1243	1242_RobertOppenheimer_11_m
210	JeanPeters	11	AGE11	13584	13583_JeanPeters_11_f
315	DirkBogarde	11	AGE11	6224	6223_DirkBogarde_11_m
85	JodieFoster	11	AGE11	11084	11083_JodieFoster_11_f
91	DickieMoore	11	AGE11	6193	6192_DickieMoore_11_m
24	HelenHunt	11	AGE11	10029	10028_HelenHunt_11_f
28	AndreasPapantreou	11	AGE11	887	886_AndreasPapantreou_11_m
217	MargaretOBrien	11	AGE11	12784	12783_MargaretOBrien_11_f
441	motherTereza	11	AGE11	492	491_motherTereza_11_f
324	JaneAsher	12	AGE12	9794	9793_JaneAsher_12_f
566	Pele	12	AGE12	69	68_Pele_12_m
24	HelenHunt	12	AGE12	10030	10029_HelenHunt_12_f
85	JodieFoster	12	AGE12	11085	11084_JodieFoster_12_f
217	MargaretOBrien	12	AGE12	12785	12784_MargaretOBrien_12_f
554	CharlieChaplin	12	AGE12	8549	8548_CharlieChaplin_12_m
166	AnnJillian	12	AGE12	14976	14975_AnnJillian_12_f
486	MuhammadAli	12	AGE12	15973	15972_MuhammadAli_12_m
324	JaneAsher	12	AGE12	9795	9794_JaneAsher_12_f
414	LauraDern	12	AGE12	9870	9869_LauraDern_12_f
486	MuhammadAli	12	AGE12	15989	15988_MuhammadAli_12_m
556	CarlosSantana	12	AGE12	4485	4484_CarlosSantana_12_m
213	RabindranathTagore	12	AGE12	1468	1467_RabindranathTagore_12_m
417	StevenBerkoff	12	AGE12	4927	4926_StevenBerkoff_12_m
301	JudyGarland	13	AGE13	14037	14036_JudyGarland_13_f
482	JuneLockhart	13	AGE13	11113	11112_JuneLockhart_13_f
24	HelenHunt	13	AGE13	10031	10030_HelenHunt_13_f
166	AnnJillian	13	AGE13	14977	14976_AnnJillian_13_f
217	MargaretOBrien	13	AGE13	12786	12785_MargaretOBrien_13_f
283	BettyGrable	13	AGE13	13913	13912_BettyGrable_13_f
214	JoanLeslie	13	AGE13	10164	10163_JoanLeslie_13_f
179	LorettaYoung	13	AGE13	14356	14355_LorettaYoung_13_f
341	AnnaMassey	13	AGE13	12467	12466_AnnaMassey_13_f
22	TerryMoore	13	AGE13	10305	10304_TerryMoore_13_f
150	RitaLeviMontalcini	13	AGE13	1298	1297_RitaLeviMontalcini_13_f
242	AvaGardner	13	AGE13	13321	13320_AvaGardner_13_f
562	RockHudson	13	AGE13	6755	6754_RockHudson_13_m
61	RonaldReagan	13	AGE13	718	717_RonaldReagan_13_m
363	GretaGarbo	13	AGE13	13085	13084_GretaGarbo_13_f
131	ElizabethTaylor	13	AGE13	14696	14695_ElizabethTaylor_13_f
112	MickeyRooney	13	AGE13	7404	7403_MickeyRooney_13_m
85	JodieFoster	13	AGE13	11086	11085_JodieFoster_13_f
438	JackLemon	13	AGE13	5295	5294_JackLemon_13_m
414	LauraDern	13	AGE13	9871	9870_LauraDern_13_f
422	HarrySTruman	13	AGE13	838	837_HarrySTruman_13_m
247	MichaelYork	13	AGE13	3557	3556_MichaelYork_13_m
188	JulieAndrews	14	AGE14	11473	11472_JulieAndrews_14_f
85	JodieFoster	14	AGE14	11087	11086_JodieFoster_14_f
52	IngridBergman	14	AGE14	14241	14240_IngridBergman_14_f
437	MarisaPavan	14	AGE14	3484	3483_MarisaPavan_14_m
414	LauraDern	14	AGE14	9872	9871_LauraDern_14_f
556	CarlosSantana	14	AGE14	4486	4485_CarlosSantana_14_m
395	michaeljackson	14	AGE14	258	257_michaeljackson_14_m
553	DanielleDarrieux	14	AGE14	13405	13404_DanielleDarrieux_14_f
24	HelenHunt	14	AGE14	10032	10031_HelenHunt_14_f
217	MargaretOBrien	14	AGE14	12787	12786_MargaretOBrien_14_f
412	BeaArthur	14	AGE14	11881	11880_BeaArthur_14_f
185	TheodoreRoosevelt	14	AGE14	910	909_TheodoreRoosevelt_14_m
395	michaeljackson	14	AGE14	262	261_michaeljackson_14_m
252	ErnestRutherford	14	AGE14	1191	1190_ErnestRutherford_14_m
177	OliviaHussey	14	AGE14	11695	11694_OliviaHussey_14_f
142	JanetGaynor	14	AGE14	14244	14243_JanetGaynor_14_f
272	ElvisPresley	14	AGE14	203	202_ElvisPresley_14_m
221	JulieBishop	14	AGE14	15518	15517_JulieBishop_14_f
283	BettyGrable	14	AGE14	13914	13913_BettyGrable_14_f
59	MichaelKeaton	14	AGE14	5481	5480_MichaelKeaton_14_m
548	CatherineDeneuve	14	AGE14	12940	12939_CatherineDeneuve_14_f
263	JanePowell	14	AGE14	15370	15369_JanePowell_14_f
550	RalphMacchio	14	AGE14	4338	4337_RalphMacchio_14_m
217	MargaretOBrien	15	AGE15	12788	12787_MargaretOBrien_15_f
235	SilvanaMangano	15	AGE15	14786	14785_SilvanaMangano_15_f
563	PaulAnka	15	AGE15	75	74_PaulAnka_15_m
441	motherTereza	15	AGE15	497	496_motherTereza_15_f
6	Carroll	15	AGE15	16294	16293_Carroll_15_f
91	DickieMoore	15	AGE15	6194	6193_DickieMoore_15_m
563	PaulAnka	15	AGE15	71	70_PaulAnka_15_m
263	JanePowell	15	AGE15	15371	15370_JanePowell_15_f
259	ChristopherWalken	15	AGE15	6986	6985_ChristopherWalken_15_m
439	IsabelleAdjani	15	AGE15	12218	12217_IsabelleAdjani_15_f
432	JenniferAniston	15	AGE15	12733	12732_JenniferAniston_15_f
272	ElvisPresley	15	AGE15	204	203_ElvisPresley_15_m
520	MaryTamm	15	AGE15	15727	15726_MaryTamm_15_f
435	DebbieReynolds	15	AGE15	12017	12016_DebbieReynolds_15_f
221	JulieBishop	15	AGE15	15519	15518_JulieBishop_15_f
301	JudyGarland	15	AGE15	14038	14037_JudyGarland_15_f
438	JackLemon	15	AGE15	5296	5295_JackLemon_15_m
85	JodieFoster	15	AGE15	11088	11087_JodieFoster_15_f
22	TerryMoore	15	AGE15	10306	10305_TerryMoore_15_f
203	DebraPaget	15	AGE15	15215	15214_DebraPaget_15_f
113	GladysCooper	15	AGE15	13489	13488_GladysCooper_15_f
343	PaulmcCartney	15	AGE15	160	159_PaulmcCartney_15_m
345	JuliaRoberts	15	AGE15	11453	11452_JuliaRoberts_15_f
472	StephenHawking	15	AGE15	1003	1002_StephenHawking_15_m
482	JuneLockhart	15	AGE15	11114	11113_JuneLockhart_15_f
43	AnnMiller	15	AGE15	15002	15001_AnnMiller_15_f
24	HelenHunt	15	AGE15	10033	10032_HelenHunt_15_f
470	FranklinDRoosevelt	15	AGE15	934	933_FranklinDRoosevelt_15_m
138	RomySchneider	15	AGE15	14083	14082_RomySchneider_15_f
550	RalphMacchio	15	AGE15	4339	4338_RalphMacchio_15_m
328	PabloPicasso	15	AGE15	276	275_PabloPicasso_15_m
414	LauraDern	15	AGE15	9873	9872_LauraDern_15_f
179	LorettaYoung	15	AGE15	14357	14356_LorettaYoung_15_f
324	JaneAsher	15	AGE15	9796	9795_JaneAsher_15_f
113	GladysCooper	15	AGE15	7099	7098_GladysCooper_15_m
395	michaeljackson	15	AGE15	269	268_michaeljackson_15_m
441	motherTereza	15	AGE15	505	504_motherTereza_15_f
463	OrnellaMuti	15	AGE15	10753	10752_OrnellaMuti_15_f
485	DanaAndrews	15	AGE15	6131	6130_DanaAndrews_15_m
112	MickeyRooney	15	AGE15	7405	7404_MickeyRooney_15_m
41	DenzelWashington	15	AGE15	6176	6175_DenzelWashington_15_m
404	CatherineSpaak	15	AGE15	11921	11920_CatherineSpaak_15_f
25	ShirleyMacLaine	15	AGE15	13243	13242_ShirleyMacLaine_15_f
435	DebbieReynolds	16	AGE16	12018	12017_DebbieReynolds_16_f
263	JanePowell	16	AGE16	15372	15371_JanePowell_16_f
482	JuneLockhart	16	AGE16	11115	11114_JuneLockhart_16_f
25	ShirleyMacLaine	16	AGE16	13244	13243_ShirleyMacLaine_16_f
414	LauraDern	16	AGE16	9874	9873_LauraDern_16_f
429	JoanLorring	16	AGE16	13173	13172_JoanLorring_16_f
429	JoanLorring	16	AGE16	6430	6429_JoanLorring_16_m
460	AnneBaxter	16	AGE16	12493	12492_AnneBaxter_16_f
301	JudyGarland	16	AGE16	14039	14038_JudyGarland_16_f
439	IsabelleAdjani	16	AGE16	12220	12219_IsabelleAdjani_16_f
264	LexBarker	16	AGE16	6574	6573_LexBarker_16_m
373	BobDylan	16	AGE16	1646	1645_BobDylan_16_m
321	DannyDeVito	16	AGE16	3137	3136_DannyDeVito_16_m
272	ElvisPresley	16	AGE16	205	204_ElvisPresley_16_m
7	DonnaDouglas	16	AGE16	10967	10966_DonnaDouglas_16_f
384	JosephStalin	16	AGE16	807	806_JosephStalin_16_m
463	OrnellaMuti	16	AGE16	10754	10753_OrnellaMuti_16_f
404	CatherineSpaak	16	AGE16	11922	11921_CatherineSpaak_16_f
324	JaneAsher	16	AGE16	9797	9796_JaneAsher_16_f
432	JenniferAniston	16	AGE16	12734	12733_JenniferAniston_16_f
444	RitaHayworth	16	AGE16	13756	13755_RitaHayworth_16_f
438	JackLemon	16	AGE16	5299	5298_JackLemon_16_m
439	IsabelleAdjani	16	AGE16	12219	12218_IsabelleAdjani_16_f
305	TanyaRoberts	16	AGE16	11306	11305_TanyaRoberts_16_f
303	GeneHackman	16	AGE16	3236	3235_GeneHackman_16_m
179	LorettaYoung	16	AGE16	14384	14383_LorettaYoung_16_f
82	MarcelloMastroianni	16	AGE16	9566	9565_MarcelloMastroianni_16_m
214	JoanLeslie	16	AGE16	10165	10164_JoanLeslie_16_f
211	AnjelicaHuston	16	AGE16	11809	11808_AnjelicaHuston_16_f
203	DebraPaget	16	AGE16	15216	15215_DebraPaget_16_f
201	KirkDouglas	16	AGE16	4304	4303_KirkDouglas_16_m
556	CarlosSantana	16	AGE16	4487	4486_CarlosSantana_16_m
179	LorettaYoung	16	AGE16	14358	14357_LorettaYoung_16_f
91	DickieMoore	16	AGE16	6195	6194_DickieMoore_16_m
563	PaulAnka	16	AGE16	70	69_PaulAnka_16_m
177	OliviaHussey	16	AGE16	11696	11695_OliviaHussey_16_f
163	CharlieSheen	16	AGE16	4016	4015_CharlieSheen_16_m
43	AnnMiller	16	AGE16	15003	15002_AnnMiller_16_f
563	PaulAnka	16	AGE16	76	75_PaulAnka_16_m
95	DavidSarnoff	16	AGE16	386	385_DavidSarnoff_16_m
149	AlecGuinness	16	AGE16	8779	8778_AlecGuinness_16_m
138	RomySchneider	16	AGE16	14084	14083_RomySchneider_16_f
131	ElizabethTaylor	16	AGE16	14697	14696_ElizabethTaylor_16_f
550	RalphMacchio	16	AGE16	4340	4339_RalphMacchio_16_m
111	WEBDuBois	16	AGE16	760	759_WEBDuBois_16_m
113	GladysCooper	16	AGE16	7100	7099_GladysCooper_16_m
113	GladysCooper	16	AGE16	13490	13489_GladysCooper_16_f
217	MargaretOBrien	16	AGE16	12789	12788_MargaretOBrien_16_f
221	JulieBishop	16	AGE16	15520	15519_JulieBishop_16_f
112	MickeyRooney	16	AGE16	7406	7405_MickeyRooney_16_m
61	RonaldReagan	16	AGE16	719	718_RonaldReagan_16_m
235	SilvanaMangano	16	AGE16	14787	14786_SilvanaMangano_16_f
438	JackLemon	17	AGE17	5297	5296_JackLemon_17_m
545	FriedrichNietzsche	17	AGE17	1442	1441_FriedrichNietzsche_17_m
343	PaulmcCartney	17	AGE17	150	149_PaulmcCartney_17_m
230	SusanGeorge	17	AGE17	10855	10854_SusanGeorge_17_f
460	AnneBaxter	17	AGE17	12488	12487_AnneBaxter_17_f
343	PaulmcCartney	17	AGE17	149	148_PaulmcCartney_17_m
157	angelamerkel	17	AGE17	538	537_angelamerkel_17_f
545	FriedrichNietzsche	17	AGE17	1445	1444_FriedrichNietzsche_17_m
259	ChristopherWalken	17	AGE17	6987	6986_ChristopherWalken_17_m
458	JeanMarais	17	AGE17	5950	5949_JeanMarais_17_m
158	SpencerTracy	17	AGE17	8385	8384_SpencerTracy_17_m
58	OliviadeHavilland	17	AGE17	14424	14423_OliviadeHavilland_17_f
163	CharlieSheen	17	AGE17	4017	4016_CharlieSheen_17_m
43	AnnMiller	17	AGE17	15004	15003_AnnMiller_17_f
262	MarlonBrando	17	AGE17	9108	9107_MarlonBrando_17_m
429	JoanLorring	17	AGE17	13170	13169_JoanLorring_17_f
228	SophiaLoren	17	AGE17	11300	11299_SophiaLoren_17_f
538	BarbaraStanwyck	17	AGE17	14628	14627_BarbaraStanwyck_17_f
457	JeffBridges	17	AGE17	3321	3320_JeffBridges_17_m
91	DickieMoore	17	AGE17	6196	6195_DickieMoore_17_m
155	SteveJobsb	17	AGE17	408	407_SteveJobsb_17_m
473	LizaMinelli	17	AGE17	11150	11149_LizaMinelli_17_f
152	MaryPickford	17	AGE17	14410	14409_MaryPickford_17_f
562	RockHudson	17	AGE17	6744	6743_RockHudson_17_m
395	michaeljackson	17	AGE17	260	259_michaeljackson_17_m
553	DanielleDarrieux	17	AGE17	13406	13405_DanielleDarrieux_17_f
404	CatherineSpaak	17	AGE17	11923	11922_CatherineSpaak_17_f
242	AvaGardner	17	AGE17	13335	13334_AvaGardner_17_f
117	VeraEllen	17	AGE17	15897	15896_VeraEllen_17_f
112	MickeyRooney	17	AGE17	7407	7406_MickeyRooney_17_m
558	MichaelPalin	17	AGE17	4305	4304_MichaelPalin_17_m
122	MorganFreeman 	17	AGE17	16042	16041_MorganFreeman _17_m
130	merrillcharles	17	AGE17	426	425_merrillcharles_17_m
381	TonyCurtis	17	AGE17	7641	7640_TonyCurtis_17_m
550	RalphMacchio	17	AGE17	4341	4340_RalphMacchio_17_m
511	JackNicolson	17	AGE17	5292	5291_JackNicolson_17_m
101	EdwardTeller	17	AGE17	1042	1041_EdwardTeller_17_m
235	SilvanaMangano	17	AGE17	14788	14787_SilvanaMangano_17_f
347	Soljenitsyne	17	AGE17	1337	1336_Soljenitsyne_17_m
345	JuliaRoberts	17	AGE17	11454	11453_JuliaRoberts_17_f
548	CatherineDeneuve	17	AGE17	12941	12940_CatherineDeneuve_17_f
145	DonJohnson	17	AGE17	2498	2497_DonJohnson_17_m
443	HedyLamarr	17	AGE17	12618	12617_HedyLamarr_17_f
324	JaneAsher	17	AGE17	9798	9797_JaneAsher_17_f
179	LorettaYoung	17	AGE17	14383	14382_LorettaYoung_17_f
439	IsabelleAdjani	17	AGE17	12221	12220_IsabelleAdjani_17_f
324	JaneAsher	17	AGE17	9799	9798_JaneAsher_17_f
25	ShirleyMacLaine	17	AGE17	13245	13244_ShirleyMacLaine_17_f
88	StacyKeach	17	AGE17	3798	3797_StacyKeach_17_m
566	Pele	17	AGE17	52	51_Pele_17_m
85	JodieFoster	17	AGE17	11089	11088_JodieFoster_17_f
305	TanyaRoberts	17	AGE17	11307	11306_TanyaRoberts_17_f
211	AnjelicaHuston	17	AGE17	11810	11809_AnjelicaHuston_17_f
27	LaurenBacall	17	AGE17	11531	11530_LaurenBacall_17_f
270	ErnestHemingway	17	AGE17	1417	1416_ErnestHemingway_17_m
214	JoanLeslie	17	AGE17	10166	10165_JoanLeslie_17_f
203	DebraPaget	17	AGE17	15217	15216_DebraPaget_17_f
292	KathrynHays	17	AGE17	10556	10555_KathrynHays_17_f
272	ElvisPresley	17	AGE17	206	205_ElvisPresley_17_m
283	BettyGrable	17	AGE17	13915	13914_BettyGrable_17_f
217	MargaretOBrien	17	AGE17	12790	12789_MargaretOBrien_17_f
520	MaryTamm	17	AGE17	15728	15727_MaryTamm_17_f
222	JhonLenon	17	AGE17	192	191_JhonLenon_17_m
70	PamelaSueMartin	17	AGE17	15752	15751_PamelaSueMartin_17_f
282	ValerieHarper	17	AGE17	11782	11781_ValerieHarper_17_f
221	JulieBishop	17	AGE17	15521	15520_JulieBishop_17_f
279	DorisDay	17	AGE17	9709	9708_DorisDay_17_f
38	BarbaraBouchet	17	AGE17	11840	11839_BarbaraBouchet_17_f
432	JenniferAniston	17	AGE17	12735	12734_JenniferAniston_17_f
545	FriedrichNietzsche	17	AGE17	1449	1448_FriedrichNietzsche_17_m
563	PaulAnka	17	AGE17	95	94_PaulAnka_17_m
202	JudyHolliday	17	AGE17	14062	14061_JudyHolliday_17_f
179	LorettaYoung	17	AGE17	14359	14358_LorettaYoung_17_f
263	JanePowell	17	AGE17	15373	15372_JanePowell_17_f
222	JhonLenon	17	AGE17	176	175_JhonLenon_17_m
203	DebraPaget	17	AGE17	15218	15217_DebraPaget_17_f
180	MichellePfeiffer	17	AGE17	13185	13184_MichellePfeiffer_17_f
430	HelenHayes	17	AGE17	13529	13528_HelenHayes_17_f
322	AlbertCamus	17	AGE17	1315	1314_AlbertCamus_17_m
563	PaulAnka	17	AGE17	74	73_PaulAnka_17_m
192	NielsBohr	17	AGE17	1082	1081_NielsBohr_17_m
429	JoanLorring	17	AGE17	6431	6430_JoanLorring_17_m
413	EnricoFermi	18	AGE18	1058	1057_EnricoFermi_18_m
56	AudreyHepburn	18	AGE18	14534	14533_AudreyHepburn_18_f
437	MarisaPavan	18	AGE18	3485	3484_MarisaPavan_18_m
429	JoanLorring	18	AGE18	13171	13170_JoanLorring_18_f
404	CatherineSpaak	18	AGE18	11924	11923_CatherineSpaak_18_f
70	PamelaSueMartin	18	AGE18	15753	15752_PamelaSueMartin_18_f
429	JoanLorring	18	AGE18	6432	6431_JoanLorring_18_m
59	MichaelKeaton	18	AGE18	5482	5481_MichaelKeaton_18_m
75	EllenBurstyn	18	AGE18	10992	10991_EllenBurstyn_18_f
408	MelBrooks	18	AGE18	2093	2092_MelBrooks_18_m
106	SteveMartin	18	AGE18	3865	3864_SteveMartin_18_m
94	GabrielGarciaMarquez	18	AGE18	1501	1500_GabrielGarciaMarquez_18_m
426	TheodorakisMikis	18	AGE18	231	230_TheodorakisMikis_18_m
50	PeggyLipton	18	AGE18	10795	10794_PeggyLipton_18_f
414	LauraDern	18	AGE18	9875	9874_LauraDern_18_f
57	AlikiBoug	18	AGE18	12540	12539_AlikiBoug_18_f
424	GraceKelly	18	AGE18	13073	13072_GraceKelly_18_f
435	DebbieReynolds	18	AGE18	12019	12018_DebbieReynolds_18_f
82	MarcelloMastroianni	18	AGE18	9567	9566_MarcelloMastroianni_18_m
83	AlPacino	18	AGE18	1639	1638_AlPacino_18_m
91	DickieMoore	18	AGE18	6197	6196_DickieMoore_18_m
439	IsabelleAdjani	18	AGE18	12222	12221_IsabelleAdjani_18_f
432	JenniferAniston	18	AGE18	12736	12735_JenniferAniston_18_f
97	SerenaWilliams	18	AGE18	16475	16474_SerenaWilliams_18_f
423	JoanCusack	18	AGE18	10135	10134_JoanCusack_18_f
89	PatriciaNeal	18	AGE18	13718	13717_PatriciaNeal_18_f
428	OmarSharif	18	AGE18	3637	3636_OmarSharif_18_m
85	JodieFoster	18	AGE18	11090	11089_JodieFoster_18_f
241	SeanConnery	18	AGE18	3789	3788_SeanConnery_18_m
113	GladysCooper	18	AGE18	7101	7100_GladysCooper_18_m
183	WoodyAllen	18	AGE18	2986	2985_WoodyAllen_18_m
185	TheodoreRoosevelt	18	AGE18	916	915_TheodoreRoosevelt_18_m
195	LorneGreene	18	AGE18	8137	8136_LorneGreene_18_m
40	AnthonyHopkins	18	AGE18	5065	5064_AnthonyHopkins_18_m
203	DebraPaget	18	AGE18	15219	15218_DebraPaget_18_f
315	DirkBogarde	18	AGE18	6225	6224_DirkBogarde_18_m
312	JohnnyCash	18	AGE18	6474	6473_JohnnyCash_18_m
210	JeanPeters	18	AGE18	13585	13584_JeanPeters_18_f
305	TanyaRoberts	18	AGE18	11308	11307_TanyaRoberts_18_f
211	AnjelicaHuston	18	AGE18	11811	11810_AnjelicaHuston_18_f
212	NormaShearer	18	AGE18	13708	13707_NormaShearer_18_f
27	LaurenBacall	18	AGE18	11533	11532_LaurenBacall_18_f
38	BarbaraBouchet	18	AGE18	11841	11840_BarbaraBouchet_18_f
283	BettyGrable	18	AGE18	13916	13915_BettyGrable_18_f
279	DorisDay	18	AGE18	9705	9704_DorisDay_18_f
221	JulieBishop	18	AGE18	15522	15521_JulieBishop_18_f
222	JhonLenon	18	AGE18	200	199_JhonLenon_18_m
222	JhonLenon	18	AGE18	187	186_JhonLenon_18_m
266	MickJagger	18	AGE18	126	125_MickJagger_18_m
266	MickJagger	18	AGE18	122	121_MickJagger_18_m
223	ElkeSommer	18	AGE18	9947	9946_ElkeSommer_18_f
226	TommySands	18	AGE18	3919	3918_TommySands_18_m
263	JanePowell	18	AGE18	15374	15373_JanePowell_18_f
229	Myl╨ЪneDemongeot	18	AGE18	12847	12846_Myl╨ЪneDemongeot_18_f
230	SusanGeorge	18	AGE18	10856	10855_SusanGeorge_18_f
250	IsabelleHuppert	18	AGE18	12641	12640_IsabelleHuppert_18_f
244	JeffGoldblum	18	AGE18	4645	4644_JeffGoldblum_18_m
182	DustinHoffman	18	AGE18	4542	4541_DustinHoffman_18_m
397	GeraldineChaplin	18	AGE18	13009	13008_GeraldineChaplin_18_f
324	JaneAsher	18	AGE18	9800	9799_JaneAsher_18_f
179	LorettaYoung	18	AGE18	14360	14359_LorettaYoung_18_f
113	GladysCooper	18	AGE18	13491	13490_GladysCooper_18_f
392	EstherWilliams	18	AGE18	14158	14157_EstherWilliams_18_f
120	TomJones	18	AGE18	9751	9750_TomJones_18_f
120	TomJones	18	AGE18	1830	1829_TomJones_18_m
122	MorganFreeman 	18	AGE18	16043	16042_MorganFreeman _18_m
131	ElizabethTaylor	18	AGE18	14701	14700_ElizabethTaylor_18_f
382	GilbertRoland	18	AGE18	7939	7938_GilbertRoland_18_m
381	TonyCurtis	18	AGE18	7642	7641_TonyCurtis_18_m
373	BobDylan	18	AGE18	1647	1646_BobDylan_18_m
364	SarahDouglas	18	AGE18	15783	15782_SarahDouglas_18_f
138	RomySchneider	18	AGE18	14085	14084_RomySchneider_18_f
150	RitaLeviMontalcini	18	AGE18	1307	1306_RitaLeviMontalcini_18_f
345	JuliaRoberts	18	AGE18	11455	11454_JuliaRoberts_18_f
236	VeronicaLake	18	AGE18	15920	15919_VeronicaLake_18_f
22	TerryMoore	18	AGE18	10307	10306_TerryMoore_18_f
337	RichardCrenna	18	AGE18	8306	8305_RichardCrenna_18_m
336	PatrickStewart	18	AGE18	5553	5552_PatrickStewart_18_m
23	VirnaLisi	18	AGE18	11355	11354_VirnaLisi_18_f
335	JoanFontaine	18	AGE18	14302	14301_JoanFontaine_18_f
329	MargaretNolan	18	AGE18	15701	15700_MargaretNolan_18_f
43	AnnMiller	18	AGE18	15005	15004_AnnMiller_18_f
163	CharlieSheen	18	AGE18	4018	4017_CharlieSheen_18_m
24	HelenHunt	18	AGE18	10034	10033_HelenHunt_18_f
169	Turner	18	AGE18	16435	16434_Turner_18_f
327	TommyLeeJones	18	AGE18	5726	5725_TommyLeeJones_18_m
177	OliviaHussey	18	AGE18	11697	11696_OliviaHussey_18_f
179	LorettaYoung	18	AGE18	14385	14384_LorettaYoung_18_f
179	LorettaYoung	18	AGE18	14355	14354_LorettaYoung_18_f
235	SilvanaMangano	18	AGE18	14789	14788_SilvanaMangano_18_f
566	Pele	18	AGE18	51	50_Pele_18_m
486	MuhammadAli	18	AGE18	15975	15974_MuhammadAli_18_m
463	OrnellaMuti	18	AGE18	10755	10754_OrnellaMuti_18_f
444	RitaHayworth	18	AGE18	13757	13756_RitaHayworth_18_f
493	PiaLindstrom	18	AGE18	11217	11216_PiaLindstrom_18_f
510	PeterFalk	18	AGE18	5587	5586_PeterFalk_18_m
479	PeterUstinov	18	AGE18	8191	8190_PeterUstinov_18_m
550	RalphMacchio	18	AGE18	4342	4341_RalphMacchio_18_m
506	MargeChampion	18	AGE18	11589	11588_MargeChampion_18_f
7	DonnaDouglas	18	AGE18	10968	10967_DonnaDouglas_18_f
548	CatherineDeneuve	18	AGE18	12942	12941_CatherineDeneuve_18_f
563	PaulAnka	18	AGE18	106	105_PaulAnka_18_m
563	PaulAnka	18	AGE18	107	106_PaulAnka_18_m
447	GlennClose	18	AGE18	9980	9979_GlennClose_18_f
524	MaureenOHara	18	AGE18	11652	11651_MaureenOHara_18_f
566	Pele	18	AGE18	66	65_Pele_18_m
563	PaulAnka	18	AGE18	73	72_PaulAnka_18_m
504	BeverlyRoberts	18	AGE18	14557	14556_BeverlyRoberts_18_f
514	LindaEvans	18	AGE18	10602	10601_LindaEvans_18_f
553	DanielleDarrieux	18	AGE18	13407	13406_DanielleDarrieux_18_f
520	MaryTamm	18	AGE18	15729	15728_MaryTamm_18_f
538	BarbaraStanwyck	18	AGE18	14629	14628_BarbaraStanwyck_18_f
443	HedyLamarr	18	AGE18	12619	12618_HedyLamarr_18_f
482	JuneLockhart	18	AGE18	11116	11115_JuneLockhart_18_f
460	AnneBaxter	18	AGE18	12494	12493_AnneBaxter_18_f
483	Bono	18	AGE18	1526	1525_Bono_18_m
486	MuhammadAli	18	AGE18	15974	15973_MuhammadAli_18_m
534	AlbertoSordi	18	AGE18	7744	7743_AlbertoSordi_18_m
441	motherTereza	18	AGE18	498	497_motherTereza_18_f
555	GeneWilder	18	AGE18	2573	2572_GeneWilder_18_m
385	UrsulaAndress	19	AGE19	12400	12399_UrsulaAndress_19_f
84	AngelaLansbury	19	AGE19	11948	11947_AngelaLansbury_19_f
0	YvesMontand	19	AGE19	6873	6872_YvesMontand_19_m
259	ChristopherWalken	19	AGE19	6988	6987_ChristopherWalken_19_m
389	JaneBirkin	19	AGE19	10066	10065_JaneBirkin_19_f
103	Houston	19	AGE19	16383	16382_Houston_19_f
43	AnnMiller	19	AGE19	15006	15005_AnnMiller_19_f
387	MartinLutherKing	19	AGE19	15960	15959_MartinLutherKing_19_m
379	JamesCagney	19	AGE19	6370	6369_JamesCagney_19_m
18	ElsaMartinelli	19	AGE19	12058	12057_ElsaMartinelli_19_f
155	SteveJobsb	19	AGE19	400	399_SteveJobsb_19_m
249	LivUllmann	19	AGE19	10244	10243_LivUllmann_19_f
505	GingerRogers	19	AGE19	13458	13457_GingerRogers_19_f
138	RomySchneider	19	AGE19	14086	14085_RomySchneider_19_f
397	GeraldineChaplin	19	AGE19	13010	13009_GeraldineChaplin_19_f
222	JhonLenon	19	AGE19	193	192_JhonLenon_19_m
242	AvaGardner	19	AGE19	13341	13340_AvaGardner_19_f
234	MyrnaLoy	19	AGE19	12352	12351_MyrnaLoy_19_f
395	michaeljackson	19	AGE19	267	266_michaeljackson_19_m
404	CatherineSpaak	19	AGE19	11925	11924_CatherineSpaak_19_f
463	OrnellaMuti	19	AGE19	10756	10755_OrnellaMuti_19_f
230	SusanGeorge	19	AGE19	10857	10856_SusanGeorge_19_f
236	VeronicaLake	19	AGE19	15921	15920_VeronicaLake_19_f
35	LouisJourdan	19	AGE19	7335	7334_LouisJourdan_19_m
226	TommySands	19	AGE19	3920	3919_TommySands_19_m
80	KathrynGrayson	19	AGE19	15664	15663_KathrynGrayson_19_f
565	MelGibson	19	AGE19	2134	2133_MelGibson_19_m
242	AvaGardner	19	AGE19	13339	13338_AvaGardner_19_f
506	MargeChampion	19	AGE19	11590	11589_MargeChampion_19_f
390	Garycooper	19	AGE19	7096	7095_Garycooper_19_m
224	campbell	19	AGE19	16272	16271_campbell_19_f
460	AnneBaxter	19	AGE19	12489	12488_AnneBaxter_19_f
389	JaneBirkin	19	AGE19	10067	10066_JaneBirkin_19_f
263	JanePowell	19	AGE19	15375	15374_JanePowell_19_f
275	NelsonMandela	19	AGE19	16237	16236_NelsonMandela_19_m
373	BobDylan	19	AGE19	1648	1647_BobDylan_19_m
113	GladysCooper	19	AGE19	13492	13491_GladysCooper_19_f
27	LaurenBacall	19	AGE19	11534	11533_LaurenBacall_19_f
23	VirnaLisi	19	AGE19	11328	11327_VirnaLisi_19_f
50	PeggyLipton	19	AGE19	10796	10795_PeggyLipton_19_f
553	DanielleDarrieux	19	AGE19	13408	13407_DanielleDarrieux_19_f
335	JoanFontaine	19	AGE19	14319	14318_JoanFontaine_19_f
113	GladysCooper	19	AGE19	7098	7097_GladysCooper_19_m
97	SerenaWilliams	19	AGE19	16476	16475_SerenaWilliams_19_f
479	PeterUstinov	19	AGE19	8187	8186_PeterUstinov_19_m
8	SimoneSignoret	19	AGE19	14850	14849_SimoneSignoret_19_f
329	MargaretNolan	19	AGE19	15702	15701_MargaretNolan_19_f
24	HelenHunt	19	AGE19	10035	10034_HelenHunt_19_f
25	ShirleyMacLaine	19	AGE19	13246	13245_ShirleyMacLaine_19_f
99	YvonneDeCarlo	19	AGE19	14603	14602_YvonneDeCarlo_19_f
316	MegRyan	19	AGE19	9669	9668_MegRyan_19_f
25	ShirleyMacLaine	19	AGE19	13267	13266_ShirleyMacLaine_19_f
110	MargaretThatcher	19	AGE19	576	575_MargaretThatcher_19_f
324	JaneAsher	19	AGE19	9801	9800_JaneAsher_19_f
112	MickeyRooney	19	AGE19	7408	7407_MickeyRooney_19_m
6	Carroll	19	AGE19	16296	16295_Carroll_19_f
338	FrancescaAnnis	19	AGE19	12131	12130_FrancescaAnnis_19_f
301	JudyGarland	19	AGE19	14040	14039_JudyGarland_19_f
550	RalphMacchio	19	AGE19	4343	4342_RalphMacchio_19_m
372	BernadetteLafont	19	AGE19	14858	14857_BernadetteLafont_19_f
270	ErnestHemingway	19	AGE19	1415	1414_ErnestHemingway_19_m
271	RichardAttenborough	19	AGE19	8714	8713_RichardAttenborough_19_m
52	IngridBergman	19	AGE19	14222	14221_IngridBergman_19_f
272	ElvisPresley	19	AGE19	207	206_ElvisPresley_19_m
504	BeverlyRoberts	19	AGE19	14558	14557_BeverlyRoberts_19_f
551	JeanetteMacDonald	19	AGE19	15459	15458_JeanetteMacDonald_19_f
562	RockHudson	19	AGE19	6746	6745_RockHudson_19_m
283	BettyGrable	19	AGE19	13917	13916_BettyGrable_19_f
285	RyanONeal	19	AGE19	2864	2863_RyanONeal_19_m
563	PaulAnka	19	AGE19	96	95_PaulAnka_19_m
563	PaulAnka	19	AGE19	77	76_PaulAnka_19_m
346	GloriaSwanson	19	AGE19	13981	13980_GloriaSwanson_19_f
117	VeraEllen	19	AGE19	15898	15897_VeraEllen_19_f
345	JuliaRoberts	19	AGE19	11456	11455_JuliaRoberts_19_f
296	JaneRussell	19	AGE19	13110	13109_JaneRussell_19_f
22	TerryMoore	19	AGE19	10308	10307_TerryMoore_19_f
91	DickieMoore	19	AGE19	6212	6211_DickieMoore_19_m
419	ShirleyJones	19	AGE19	11243	11242_ShirleyJones_19_f
305	TanyaRoberts	19	AGE19	11309	11308_TanyaRoberts_19_f
199	CharltonHeaston	19	AGE19	8873	8872_CharltonHeaston_19_m
443	HedyLamarr	19	AGE19	12620	12619_HedyLamarr_19_f
438	JackLemon	19	AGE19	5298	5297_JackLemon_19_m
158	SpencerTracy	19	AGE19	8380	8379_SpencerTracy_19_m
203	DebraPaget	19	AGE19	15220	15219_DebraPaget_19_f
163	CharlieSheen	19	AGE19	4019	4018_CharlieSheen_19_m
543	JohnDerek	19	AGE19	5339	5338_JohnDerek_19_m
457	JeffBridges	19	AGE19	3322	3321_JeffBridges_19_m
61	RonaldReagan	19	AGE19	720	719_RonaldReagan_19_m
38	BarbaraBouchet	19	AGE19	11842	11841_BarbaraBouchet_19_f
520	MaryTamm	19	AGE19	15730	15729_MaryTamm_19_f
13	CatherineSchell	19	AGE19	15109	15108_CatherineSchell_19_f
526	AngieDickinson	19	AGE19	12410	12409_AngieDickinson_19_f
217	MargaretOBrien	19	AGE19	12791	12790_MargaretOBrien_19_f
435	DebbieReynolds	19	AGE19	12020	12019_DebbieReynolds_19_f
437	MarisaPavan	19	AGE19	3486	3485_MarisaPavan_19_m
427	NewmanPaul	19	AGE19	7451	7450_NewmanPaul_19_m
427	NewmanPaul	19	AGE19	7466	7465_NewmanPaul_19_m
214	JoanLeslie	19	AGE19	10167	10166_JoanLeslie_19_f
213	RabindranathTagore	19	AGE19	1462	1461_RabindranathTagore_19_m
439	IsabelleAdjani	19	AGE19	12223	12222_IsabelleAdjani_19_f
57	AlikiBoug	19	AGE19	12545	12544_AlikiBoug_19_f
157	angelamerkel	19	AGE19	550	549_angelamerkel_19_f
432	JenniferAniston	19	AGE19	12737	12736_JenniferAniston_19_f
56	AudreyHepburn	19	AGE19	14541	14540_AudreyHepburn_19_f
58	OliviadeHavilland	19	AGE19	14425	14424_OliviadeHavilland_19_f
566	Pele	19	AGE19	60	59_Pele_19_m
70	PamelaSueMartin	19	AGE19	15754	15753_PamelaSueMartin_19_f
536	BerryGordy	19	AGE19	459	458_BerryGordy_19_m
210	JeanPeters	19	AGE19	13586	13585_JeanPeters_19_f
221	JulieBishop	19	AGE19	15523	15522_JulieBishop_19_f
347	Soljenitsyne	20	AGE20	1343	1342_Soljenitsyne_20_m
525	BoDerek	20	AGE20	9643	9642_BoDerek_20_f
288	AnitaEkberg	20	AGE20	10334	10333_AnitaEkberg_20_f
372	BernadetteLafont	20	AGE20	14859	14858_BernadetteLafont_20_f
58	OliviadeHavilland	20	AGE20	14431	14430_OliviadeHavilland_20_f
361	CarlSagan	20	AGE20	989	988_CarlSagan_20_m
346	GloriaSwanson	20	AGE20	14008	14007_GloriaSwanson_20_f
269	BenGazzara	20	AGE20	5761	5760_BenGazzara_20_m
91	DickieMoore	20	AGE20	6198	6197_DickieMoore_20_m
292	KathrynHays	20	AGE20	10557	10556_KathrynHays_20_f
57	AlikiBoug	20	AGE20	12549	12548_AlikiBoug_20_f
205	LarryEllison	20	AGE20	330	329_LarryEllison_20_m
294	JamieLeeCurtis	20	AGE20	12672	12671_JamieLeeCurtis_20_f
446	AbeVigoda	20	AGE20	2360	2359_AbeVigoda_20_m
295	JanetEllis	20	AGE20	15423	15422_JanetEllis_20_f
201	KirkDouglas	20	AGE20	4302	4301_KirkDouglas_20_m
346	GloriaSwanson	20	AGE20	13999	13998_GloriaSwanson_20_f
550	RalphMacchio	20	AGE20	4344	4343_RalphMacchio_20_m
20	JohnTravolta	20	AGE20	4686	4685_JohnTravolta_20_m
566	Pele	20	AGE20	65	64_Pele_20_m
358	NicolasSarkozy	20	AGE20	5515	5514_NicolasSarkozy_20_m
362	CyndiLauper	20	AGE20	11429	11428_CyndiLauper_20_f
276	AnthonyPerkins	20	AGE20	8782	8781_AnthonyPerkins_20_m
89	PatriciaNeal	20	AGE20	13717	13716_PatriciaNeal_20_f
279	DorisDay	20	AGE20	9712	9711_DorisDay_20_f
543	JohnDerek	20	AGE20	5340	5339_JohnDerek_20_m
363	GretaGarbo	20	AGE20	13086	13085_GretaGarbo_20_f
282	ValerieHarper	20	AGE20	11783	11782_ValerieHarper_20_f
203	DebraPaget	20	AGE20	15221	15220_DebraPaget_20_f
551	JeanetteMacDonald	20	AGE20	15460	15459_JeanetteMacDonald_20_f
343	PaulmcCartney	20	AGE20	156	155_PaulmcCartney_20_m
283	BettyGrable	20	AGE20	13918	13917_BettyGrable_20_f
352	OdysseasElytis	20	AGE20	1382	1381_OdysseasElytis_20_m
563	PaulAnka	20	AGE20	108	107_PaulAnka_20_m
435	DebbieReynolds	20	AGE20	12021	12020_DebbieReynolds_20_f
285	RyanONeal	20	AGE20	2848	2847_RyanONeal_20_m
129	AlCorley	20	AGE20	1593	1592_AlCorley_20_m
203	DebraPaget	20	AGE20	15222	15221_DebraPaget_20_f
157	angelamerkel	20	AGE20	552	551_angelamerkel_20_f
343	PaulmcCartney	20	AGE20	151	150_PaulmcCartney_20_m
97	SerenaWilliams	20	AGE20	16477	16476_SerenaWilliams_20_f
330	JuneAllyson	20	AGE20	13638	13637_JuneAllyson_20_f
330	JuneAllyson	20	AGE20	13639	13638_JuneAllyson_20_f
13	CatherineSchell	20	AGE20	15115	15114_CatherineSchell_20_f
310	KevinBacon	20	AGE20	2701	2700_KevinBacon_20_m
310	KevinBacon	20	AGE20	2700	2699_KevinBacon_20_m
312	JohnnyCash	20	AGE20	6475	6474_JohnnyCash_20_m
185	TheodoreRoosevelt	20	AGE20	915	914_TheodoreRoosevelt_20_m
556	CarlosSantana	20	AGE20	4488	4487_CarlosSantana_20_m
313	LeslieCaron	20	AGE20	3444	3443_LeslieCaron_20_m
329	MargaretNolan	20	AGE20	15703	15702_MargaretNolan_20_f
443	HedyLamarr	20	AGE20	12621	12620_HedyLamarr_20_f
111	WEBDuBois	20	AGE20	766	765_WEBDuBois_20_m
177	OliviaHussey	20	AGE20	11698	11697_OliviaHussey_20_f
184	GeorgesMarchal	20	AGE20	9333	9332_GeorgesMarchal_20_m
483	Bono	20	AGE20	1527	1526_Bono_20_m
439	IsabelleAdjani	20	AGE20	12224	12223_IsabelleAdjani_20_f
178	AndyGriffith	20	AGE20	7786	7785_AndyGriffith_20_m
25	ShirleyMacLaine	20	AGE20	13242	13241_ShirleyMacLaine_20_f
538	BarbaraStanwyck	20	AGE20	14635	14634_BarbaraStanwyck_20_f
486	MuhammadAli	20	AGE20	15994	15993_MuhammadAli_20_m
24	HelenHunt	20	AGE20	10036	10035_HelenHunt_20_f
324	JaneAsher	20	AGE20	9802	9801_JaneAsher_20_f
438	JackLemon	20	AGE20	5300	5299_JackLemon_20_m
200	AnnMargret	20	AGE20	10371	10370_AnnMargret_20_f
553	DanielleDarrieux	20	AGE20	13409	13408_DanielleDarrieux_20_f
187	JenniferJones	20	AGE20	14595	14594_JenniferJones_20_f
343	PaulmcCartney	20	AGE20	147	146_PaulmcCartney_20_m
477	GeorgeHWBush	20	AGE20	689	688_GeorgeHWBush_20_m
22	TerryMoore	20	AGE20	10309	10308_TerryMoore_20_f
207	BillCosby	20	AGE20	16183	16182_BillCosby_20_m
342	MarieCurie	20	AGE20	1292	1291_MarieCurie_20_f
7	DonnaDouglas	20	AGE20	10969	10968_DonnaDouglas_20_f
478	FredAstaire	20	AGE20	7902	7901_FredAstaire_20_m
493	PiaLindstrom	20	AGE20	11218	11217_PiaLindstrom_20_f
341	AnnaMassey	20	AGE20	12461	12460_AnnaMassey_20_f
338	FrancescaAnnis	20	AGE20	12132	12131_FrancescaAnnis_20_f
304	DavidNiven	20	AGE20	7027	7026_DavidNiven_20_m
479	PeterUstinov	20	AGE20	8188	8187_PeterUstinov_20_m
27	LaurenBacall	20	AGE20	11567	11566_LaurenBacall_20_f
337	RichardCrenna	20	AGE20	8313	8312_RichardCrenna_20_m
335	JoanFontaine	20	AGE20	14318	14317_JoanFontaine_20_f
562	RockHudson	20	AGE20	6745	6744_RockHudson_20_m
41	DenzelWashington	20	AGE20	6177	6176_DenzelWashington_20_m
305	TanyaRoberts	20	AGE20	11310	11309_TanyaRoberts_20_f
27	LaurenBacall	20	AGE20	11535	11534_LaurenBacall_20_f
176	RodTaylor	20	AGE20	2252	2251_RodTaylor_20_m
187	JenniferJones	20	AGE20	14575	14574_JenniferJones_20_f
56	AudreyHepburn	20	AGE20	14518	14517_AudreyHepburn_20_f
335	JoanFontaine	20	AGE20	14321	14320_JoanFontaine_20_f
307	GiulianoGemma	20	AGE20	7977	7976_GiulianoGemma_20_m
131	ElizabethTaylor	20	AGE20	14702	14701_ElizabethTaylor_20_f
273	JoanCrawford	20	AGE20	14273	14272_JoanCrawford_20_f
84	AngelaLansbury	20	AGE20	11949	11948_AngelaLansbury_20_f
524	MaureenOHara	20	AGE20	11623	11622_MaureenOHara_20_f
524	MaureenOHara	20	AGE20	11651	11650_MaureenOHara_20_f
70	PamelaSueMartin	20	AGE20	15755	15754_PamelaSueMartin_20_f
226	TommySands	20	AGE20	3921	3920_TommySands_20_m
83	AlPacino	20	AGE20	1619	1618_AlPacino_20_m
213	RabindranathTagore	20	AGE20	1460	1459_RabindranathTagore_20_m
244	JeffGoldblum	20	AGE20	4646	4645_JeffGoldblum_20_m
426	TheodorakisMikis	20	AGE20	235	234_TheodorakisMikis_20_m
152	MaryPickford	20	AGE20	14389	14388_MaryPickford_20_f
389	JaneBirkin	20	AGE20	10068	10067_JaneBirkin_20_f
18	ElsaMartinelli	20	AGE20	12059	12058_ElsaMartinelli_20_f
142	JanetGaynor	20	AGE20	14245	14244_JanetGaynor_20_f
250	IsabelleHuppert	20	AGE20	12642	12641_IsabelleHuppert_20_f
222	JhonLenon	20	AGE20	177	176_JhonLenon_20_m
222	JhonLenon	20	AGE20	175	174_JhonLenon_20_m
250	IsabelleHuppert	20	AGE20	12643	12642_IsabelleHuppert_20_f
80	KathrynGrayson	20	AGE20	15665	15664_KathrynGrayson_20_f
512	WilliamHolden	20	AGE20	8462	8461_WilliamHolden_20_m
38	BarbaraBouchet	20	AGE20	11843	11842_BarbaraBouchet_20_f
506	MargeChampion	20	AGE20	11591	11590_MargeChampion_20_f
462	KateOMara	20	AGE20	15577	15576_KateOMara_20_f
235	SilvanaMangano	20	AGE20	14790	14789_SilvanaMangano_20_f
424	GraceKelly	20	AGE20	13077	13076_GraceKelly_20_f
145	DonJohnson	20	AGE20	2499	2498_DonJohnson_20_m
43	AnnMiller	20	AGE20	15007	15006_AnnMiller_20_f
234	MyrnaLoy	20	AGE20	12339	12338_MyrnaLoy_20_f
236	VeronicaLake	20	AGE20	15922	15921_VeronicaLake_20_f
81	EdwigeFenech	20	AGE20	15295	15294_EdwigeFenech_20_f
397	GeraldineChaplin	20	AGE20	13011	13010_GeraldineChaplin_20_f
234	MyrnaLoy	20	AGE20	12338	12337_MyrnaLoy_20_f
266	MickJagger	20	AGE20	2772	2771_MickJagger_20_m
217	MargaretOBrien	20	AGE20	12792	12791_MargaretOBrien_20_f
234	MyrnaLoy	20	AGE20	12332	12331_MyrnaLoy_20_f
143	BarbraStreisand	20	AGE20	12907	12906_BarbraStreisand_20_f
53	JulieChristie	20	AGE20	11502	11501_JulieChristie_20_f
230	SusanGeorge	20	AGE20	10858	10857_SusanGeorge_20_f
143	BarbraStreisand	20	AGE20	12919	12918_BarbraStreisand_20_f
163	CharlieSheen	20	AGE20	4020	4019_CharlieSheen_20_m
142	JanetGaynor	20	AGE20	14242	14241_JanetGaynor_20_f
463	OrnellaMuti	20	AGE20	10757	10756_OrnellaMuti_20_f
383	JamesGarner	20	AGE20	4612	4611_JamesGarner_20_m
262	MarlonBrando	20	AGE20	9125	9124_MarlonBrando_20_m
262	MarlonBrando	20	AGE20	9127	9126_MarlonBrando_20_m
460	AnneBaxter	20	AGE20	12490	12489_AnneBaxter_20_f
454	JerryLewis	20	AGE20	2654	2653_JerryLewis_20_m
414	LauraDern	20	AGE20	9876	9875_LauraDern_20_f
73	DyanCannon	20	AGE20	15248	15247_DyanCannon_20_f
566	Pele	20	AGE20	68	67_Pele_20_m
373	BobDylan	20	AGE20	1649	1648_BobDylan_20_m
208	ShelleyWinters	20	AGE20	14755	14754_ShelleyWinters_20_f
157	angelamerkel	20	AGE20	545	544_angelamerkel_20_f
565	MelGibson	20	AGE20	2135	2134_MelGibson_20_m
266	MickJagger	20	AGE20	123	122_MickJagger_20_m
515	mahatmagandhi	20	AGE20	854	853_mahatmagandhi_20_m
221	JulieBishop	20	AGE20	15524	15523_JulieBishop_20_f
545	FriedrichNietzsche	20	AGE20	1441	1440_FriedrichNietzsche_20_m
422	HarrySTruman	20	AGE20	835	834_HarrySTruman_20_m
505	GingerRogers	20	AGE20	13459	13458_GingerRogers_20_f
413	EnricoFermi	20	AGE20	1057	1056_EnricoFermi_20_m
429	JoanLorring	20	AGE20	13174	13173_JoanLorring_20_f
222	JhonLenon	20	AGE20	188	187_JhonLenon_20_m
514	LindaEvans	20	AGE20	10603	10602_LindaEvans_20_f
155	SteveJobsb	20	AGE20	410	409_SteveJobsb_20_m
412	BeaArthur	20	AGE20	11882	11881_BeaArthur_20_f
138	RomySchneider	20	AGE20	14087	14086_RomySchneider_20_f
85	JodieFoster	20	AGE20	11091	11090_JodieFoster_20_f
429	JoanLorring	20	AGE20	6433	6432_JoanLorring_20_m
8	SimoneSignoret	21	AGE21	14836	14835_SimoneSignoret_21_f
188	JulieAndrews	21	AGE21	11476	11475_JulieAndrews_21_f
548	CatherineDeneuve	21	AGE21	12943	12942_CatherineDeneuve_21_f
518	RomanPolanski	21	AGE21	4876	4875_RomanPolanski_21_m
545	FriedrichNietzsche	21	AGE21	1438	1437_FriedrichNietzsche_21_m
221	JulieBishop	21	AGE21	15525	15524_JulieBishop_21_f
538	BarbaraStanwyck	21	AGE21	14630	14629_BarbaraStanwyck_21_f
104	VanessaRedgrave	21	AGE21	13803	13802_VanessaRedgrave_21_f
534	AlbertoSordi	21	AGE21	7745	7744_AlbertoSordi_21_m
167	KatharineHepburn	21	AGE21	14898	14897_KatharineHepburn_21_f
312	JohnnyCash	21	AGE21	6476	6475_JohnnyCash_21_m
177	OliviaHussey	21	AGE21	11699	11698_OliviaHussey_21_f
310	KevinBacon	21	AGE21	2702	2701_KevinBacon_21_m
234	MyrnaLoy	21	AGE21	12340	12339_MyrnaLoy_21_f
145	DonJohnson	21	AGE21	2500	2499_DonJohnson_21_m
8	SimoneSignoret	21	AGE21	14835	14834_SimoneSignoret_21_f
514	LindaEvans	21	AGE21	10604	10603_LindaEvans_21_f
226	TommySands	21	AGE21	3922	3921_TommySands_21_m
308	JanetLeigh	21	AGE21	12702	12701_JanetLeigh_21_f
152	MaryPickford	21	AGE21	14390	14389_MaryPickford_21_f
513	DonnaReed	21	AGE21	12568	12567_DonnaReed_21_f
561	QueenElizabet	21	AGE21	581	580_QueenElizabet_21_f
25	ShirleyMacLaine	21	AGE21	13268	13267_ShirleyMacLaine_21_f
112	MickeyRooney	21	AGE21	7409	7408_MickeyRooney_21_m
217	MargaretOBrien	21	AGE21	12793	12792_MargaretOBrien_21_f
520	MaryTamm	21	AGE21	15731	15730_MaryTamm_21_f
187	JenniferJones	21	AGE21	14583	14582_JenniferJones_21_f
486	MuhammadAli	21	AGE21	15990	15989_MuhammadAli_21_m
305	TanyaRoberts	21	AGE21	11311	11310_TanyaRoberts_21_f
230	SusanGeorge	21	AGE21	10859	10858_SusanGeorge_21_f
222	JhonLenon	21	AGE21	189	188_JhonLenon_21_m
268	WarrenBeatty	21	AGE21	4993	4992_WarrenBeatty_21_m
196	KimNovak	21	AGE21	9851	9850_KimNovak_21_f
499	AmandaBlake	21	AGE21	14942	14941_AmandaBlake_21_f
283	BettyGrable	21	AGE21	13919	13918_BettyGrable_21_f
142	JanetGaynor	21	AGE21	14246	14245_JanetGaynor_21_f
283	BettyGrable	21	AGE21	13920	13919_BettyGrable_21_f
252	ErnestRutherford	21	AGE21	1188	1187_ErnestRutherford_21_m
210	JeanPeters	21	AGE21	13587	13586_JeanPeters_21_f
257	HorstBuchholz	21	AGE21	8033	8032_HorstBuchholz_21_m
138	RomySchneider	21	AGE21	14088	14087_RomySchneider_21_f
279	DorisDay	21	AGE21	9706	9705_DorisDay_21_f
505	GingerRogers	21	AGE21	13482	13481_GingerRogers_21_f
278	GiorgosSeferis	21	AGE21	1373	1372_GiorgosSeferis_21_m
276	AnthonyPerkins	21	AGE21	8783	8782_AnthonyPerkins_21_m
505	GingerRogers	21	AGE21	13473	13472_GingerRogers_21_f
506	MargeChampion	21	AGE21	11592	11591_MargeChampion_21_f
274	WaltDisney	21	AGE21	167	166_WaltDisney_21_m
263	JanePowell	21	AGE21	15376	15375_JanePowell_21_f
525	BoDerek	21	AGE21	9644	9643_BoDerek_21_f
203	DebraPaget	21	AGE21	15223	15222_DebraPaget_21_f
126	JamesArness	21	AGE21	6331	6330_JamesArness_21_m
31	Ross	21	AGE21	16411	16410_Ross_21_f
265	BurtReynolds	21	AGE21	3975	3974_BurtReynolds_21_m
43	AnnMiller	21	AGE21	15008	15007_AnnMiller_21_f
204	LilliPalmer	21	AGE21	13666	13665_LilliPalmer_21_f
504	BeverlyRoberts	21	AGE21	14559	14558_BeverlyRoberts_21_f
270	ErnestHemingway	21	AGE21	1410	1409_ErnestHemingway_21_m
131	ElizabethTaylor	21	AGE21	14703	14702_ElizabethTaylor_21_f
266	MickJagger	21	AGE21	2773	2772_MickJagger_21_m
266	MickJagger	21	AGE21	116	115_MickJagger_21_m
6	Carroll	21	AGE21	16292	16291_Carroll_21_f
521	StefaniePowers	21	AGE21	15814	15813_StefaniePowers_21_f
542	IanMcKellen	21	AGE21	3260	3259_IanMcKellen_21_m
248	MartinScorsese	21	AGE21	5449	5448_MartinScorsese_21_m
235	SilvanaMangano	21	AGE21	14792	14791_SilvanaMangano_21_f
301	JudyGarland	21	AGE21	14042	14041_JudyGarland_21_f
512	WilliamHolden	21	AGE21	8463	8462_WilliamHolden_21_m
301	JudyGarland	21	AGE21	14041	14040_JudyGarland_21_f
236	VeronicaLake	21	AGE21	15923	15922_VeronicaLake_21_f
215	JulieHagerty	21	AGE21	15550	15549_JulieHagerty_21_f
27	LaurenBacall	21	AGE21	11536	11535_LaurenBacall_21_f
166	AnnJillian	21	AGE21	14978	14977_AnnJillian_21_f
299	GeorgeMontgomery	21	AGE21	9309	9308_GeorgeMontgomery_21_m
495	CybillShepherd	21	AGE21	11991	11990_CybillShepherd_21_f
144	SusannahYork	21	AGE21	14112	14111_SusannahYork_21_f
38	BarbaraBouchet	21	AGE21	11844	11843_BarbaraBouchet_21_f
113	GladysCooper	21	AGE21	7102	7101_GladysCooper_21_m
285	RyanONeal	21	AGE21	2844	2843_RyanONeal_21_m
296	JaneRussell	21	AGE21	13111	13110_JaneRussell_21_f
524	MaureenOHara	21	AGE21	11624	11623_MaureenOHara_21_f
113	GladysCooper	21	AGE21	13493	13492_GladysCooper_21_f
214	JoanLeslie	21	AGE21	10168	10167_JoanLeslie_21_f
295	JanetEllis	21	AGE21	15424	15423_JanetEllis_21_f
495	CybillShepherd	21	AGE21	11992	11991_CybillShepherd_21_f
294	JamieLeeCurtis	21	AGE21	12673	12672_JamieLeeCurtis_21_f
498	HeinrichHertz	21	AGE21	1137	1136_HeinrichHertz_21_m
117	VeraEllen	21	AGE21	15899	15898_VeraEllen_21_f
163	CharlieSheen	21	AGE21	4021	4020_CharlieSheen_21_m
142	JanetGaynor	21	AGE21	14243	14242_JanetGaynor_21_f
526	AngieDickinson	21	AGE21	12411	12410_AngieDickinson_21_f
288	AnitaEkberg	21	AGE21	10335	10334_AnitaEkberg_21_f
551	JeanetteMacDonald	21	AGE21	15461	15460_JeanetteMacDonald_21_f
143	BarbraStreisand	21	AGE21	12920	12919_BarbraStreisand_21_f
553	DanielleDarrieux	21	AGE21	13410	13409_DanielleDarrieux_21_f
55	JamesWoods	21	AGE21	2604	2603_JamesWoods_21_m
466	CharlesBronson	21	AGE21	8518	8517_CharlesBronson_21_m
85	JodieFoster	21	AGE21	11092	11091_JodieFoster_21_f
435	DebbieReynolds	21	AGE21	12022	12021_DebbieReynolds_21_f
342	MarieCurie	21	AGE21	1291	1290_MarieCurie_21_f
469	ClaudiaCardinale	21	AGE21	12977	12976_ClaudiaCardinale_21_f
57	AlikiBoug	21	AGE21	12531	12530_AlikiBoug_21_f
341	AnnaMassey	21	AGE21	12462	12461_AnnaMassey_21_f
338	FrancescaAnnis	21	AGE21	12133	12132_FrancescaAnnis_21_f
377	TomHulce	21	AGE21	1797	1796_TomHulce_21_m
460	AnneBaxter	21	AGE21	12491	12490_AnneBaxter_21_f
414	LauraDern	21	AGE21	9877	9876_LauraDern_21_f
428	OmarSharif	21	AGE21	3638	3637_OmarSharif_21_m
412	BeaArthur	21	AGE21	11883	11882_BeaArthur_21_f
566	Pele	21	AGE21	61	60_Pele_21_m
57	AlikiBoug	21	AGE21	12553	12552_AlikiBoug_21_f
437	MarisaPavan	21	AGE21	3487	3486_MarisaPavan_21_m
97	SerenaWilliams	21	AGE21	16473	16472_SerenaWilliams_21_f
330	JuneAllyson	21	AGE21	13663	13662_JuneAllyson_21_f
462	KateOMara	21	AGE21	15578	15577_KateOMara_21_f
329	MargaretNolan	21	AGE21	15704	15703_MargaretNolan_21_f
478	FredAstaire	21	AGE21	7892	7891_FredAstaire_21_m
343	PaulmcCartney	21	AGE21	152	151_PaulmcCartney_21_m
58	OliviadeHavilland	21	AGE21	14422	14421_OliviadeHavilland_21_f
52	IngridBergman	21	AGE21	14223	14222_IngridBergman_21_f
91	DickieMoore	21	AGE21	6213	6212_DickieMoore_21_m
457	JeffBridges	21	AGE21	3323	3322_JeffBridges_21_m
358	NicolasSarkozy	21	AGE21	5516	5515_NicolasSarkozy_21_m
61	RonaldReagan	21	AGE21	722	721_RonaldReagan_21_m
361	CarlSagan	21	AGE21	990	989_CarlSagan_21_m
566	Pele	21	AGE21	50	49_Pele_21_m
423	JoanCusack	21	AGE21	10136	10135_JoanCusack_21_f
563	PaulAnka	21	AGE21	78	77_PaulAnka_21_m
564	SusanHayward	21	AGE21	14486	14485_SusanHayward_21_f
56	AudreyHepburn	21	AGE21	14542	14541_AudreyHepburn_21_f
346	GloriaSwanson	21	AGE21	13975	13974_GloriaSwanson_21_f
364	SarahDouglas	21	AGE21	15784	15783_SarahDouglas_21_f
345	JuliaRoberts	21	AGE21	11457	11456_JuliaRoberts_21_f
372	BernadetteLafont	21	AGE21	14860	14859_BernadetteLafont_21_f
86	MarietteHartley	21	AGE21	10272	10271_MarietteHartley_21_f
472	StephenHawking	21	AGE21	1004	1003_StephenHawking_21_m
432	JenniferAniston	21	AGE21	12738	12737_JenniferAniston_21_f
419	ShirleyJones	21	AGE21	11245	11244_ShirleyJones_21_f
373	BobDylan	21	AGE21	1650	1649_BobDylan_21_m
419	ShirleyJones	21	AGE21	11244	11243_ShirleyJones_21_f
453	DaliahLavi	21	AGE21	10937	10936_DaliahLavi_21_f
53	JulieChristie	21	AGE21	11503	11502_JulieChristie_21_f
566	Pele	21	AGE21	46	45_Pele_21_m
24	HelenHunt	21	AGE21	10037	10036_HelenHunt_21_f
393	WinstonChurchill	21	AGE21	883	882_WinstonChurchill_21_m
439	IsabelleAdjani	21	AGE21	12225	12224_IsabelleAdjani_21_f
80	KathrynGrayson	21	AGE21	15666	15665_KathrynGrayson_21_f
483	Bono	21	AGE21	1528	1527_Bono_21_m
99	YvonneDeCarlo	21	AGE21	14604	14603_YvonneDeCarlo_21_f
440	RayDanton	21	AGE21	5653	5652_RayDanton_21_m
8	SimoneSignoret	21	AGE21	14825	14824_SimoneSignoret_21_f
464	BetteMidler	21	AGE21	10441	10440_BetteMidler_21_f
561	QueenElizabet	21	AGE21	602	601_QueenElizabet_21_f
565	MelGibson	21	AGE21	2136	2135_MelGibson_21_m
18	ElsaMartinelli	21	AGE21	12060	12059_ElsaMartinelli_21_f
482	JuneLockhart	21	AGE21	11117	11116_JuneLockhart_21_f
397	GeraldineChaplin	21	AGE21	13012	13011_GeraldineChaplin_21_f
392	EstherWilliams	21	AGE21	14159	14158_EstherWilliams_21_f
463	OrnellaMuti	21	AGE21	10758	10757_OrnellaMuti_21_f
388	JoanCollins	21	AGE21	10532	10531_JoanCollins_21_f
389	JaneBirkin	21	AGE21	10069	10068_JaneBirkin_21_f
8	SimoneSignoret	21	AGE21	14842	14841_SimoneSignoret_21_f
81	EdwigeFenech	21	AGE21	15296	15295_EdwigeFenech_21_f
372	BernadetteLafont	22	AGE22	14861	14860_BernadetteLafont_22_f
466	CharlesBronson	22	AGE22	8523	8522_CharlesBronson_22_m
565	MelGibson	22	AGE22	2137	2136_MelGibson_22_m
372	BernadetteLafont	22	AGE22	14862	14861_BernadetteLafont_22_f
550	RalphMacchio	22	AGE22	4345	4344_RalphMacchio_22_m
70	PamelaSueMartin	22	AGE22	15756	15755_PamelaSueMartin_22_f
35	LouisJourdan	22	AGE22	7336	7335_LouisJourdan_22_m
420	MaryTylerMoore	22	AGE22	12809	12808_MaryTylerMoore_22_f
373	BobDylan	22	AGE22	1651	1650_BobDylan_22_m
266	MickJagger	22	AGE22	124	123_MickJagger_22_m
6	Carroll	22	AGE22	16306	16305_Carroll_22_f
269	BenGazzara	22	AGE22	5762	5761_BenGazzara_22_m
86	MarietteHartley	22	AGE22	10274	10273_MarietteHartley_22_f
129	AlCorley	22	AGE22	1594	1593_AlCorley_22_m
271	RichardAttenborough	22	AGE22	8715	8714_RichardAttenborough_22_m
463	OrnellaMuti	22	AGE22	10759	10758_OrnellaMuti_22_f
17	LuiseRainer	22	AGE22	10642	10641_LuiseRainer_22_f
214	JoanLeslie	22	AGE22	10169	10168_JoanLeslie_22_f
397	GeraldineChaplin	22	AGE22	13013	13012_GeraldineChaplin_22_f
512	WilliamHolden	22	AGE22	8464	8463_WilliamHolden_22_m
81	EdwigeFenech	22	AGE22	15297	15296_EdwigeFenech_22_f
20	JohnTravolta	22	AGE22	4675	4674_JohnTravolta_22_m
20	JohnTravolta	22	AGE22	4694	4693_JohnTravolta_22_m
63	PeggyAshcroft	22	AGE22	14445	14444_PeggyAshcroft_22_f
63	PeggyAshcroft	22	AGE22	14446	14445_PeggyAshcroft_22_f
424	GraceKelly	22	AGE22	13067	13066_GraceKelly_22_f
120	TomJones	22	AGE22	1831	1830_TomJones_22_m
543	JohnDerek	22	AGE22	5341	5340_JohnDerek_22_m
424	GraceKelly	22	AGE22	13061	13060_GraceKelly_22_f
235	SilvanaMangano	22	AGE22	14793	14792_SilvanaMangano_22_f
272	ElvisPresley	22	AGE22	208	207_ElvisPresley_22_m
234	MyrnaLoy	22	AGE22	12334	12333_MyrnaLoy_22_f
394	OrsonWelles	22	AGE22	6650	6649_OrsonWelles_22_m
423	JoanCusack	22	AGE22	10137	10136_JoanCusack_22_f
236	VeronicaLake	22	AGE22	15924	15923_VeronicaLake_22_f
43	AnnMiller	22	AGE22	15009	15008_AnnMiller_22_f
518	RomanPolanski	22	AGE22	4877	4876_RomanPolanski_22_m
17	LuiseRainer	22	AGE22	10663	10662_LuiseRainer_22_f
144	SusannahYork	22	AGE22	14113	14112_SusannahYork_22_f
242	AvaGardner	22	AGE22	13322	13321_AvaGardner_22_f
221	JulieBishop	22	AGE22	15526	15525_JulieBishop_22_f
469	ClaudiaCardinale	22	AGE22	12978	12977_ClaudiaCardinale_22_f
224	campbell	22	AGE22	16276	16275_campbell_22_f
564	SusanHayward	22	AGE22	14510	14509_SusanHayward_22_f
142	JanetGaynor	22	AGE22	14247	14246_JanetGaynor_22_f
225	ClarkGable	22	AGE22	5804	5803_ClarkGable_22_m
138	RomySchneider	22	AGE22	14089	14088_RomySchneider_22_f
257	HorstBuchholz	22	AGE22	8034	8033_HorstBuchholz_22_m
226	TommySands	22	AGE22	3923	3922_TommySands_22_m
53	JulieChristie	22	AGE22	11504	11503_JulieChristie_22_f
404	CatherineSpaak	22	AGE22	11926	11925_CatherineSpaak_22_f
153	GaryOldman	22	AGE22	2537	2536_GaryOldman_22_m
83	AlPacino	22	AGE22	1620	1619_AlPacino_22_m
462	KateOMara	22	AGE22	15579	15578_KateOMara_22_f
152	MaryPickford	22	AGE22	14391	14390_MaryPickford_22_f
506	MargeChampion	22	AGE22	11593	11592_MargeChampion_22_f
251	St╨ТphaneAudran	22	AGE22	15852	15851_St╨ТphaneAudran_22_f
250	IsabelleHuppert	22	AGE22	12645	12644_IsabelleHuppert_22_f
229	Myl╨ЪneDemongeot	22	AGE22	12848	12847_Myl╨ЪneDemongeot_22_f
250	IsabelleHuppert	22	AGE22	12644	12643_IsabelleHuppert_22_f
80	KathrynGrayson	22	AGE22	15667	15666_KathrynGrayson_22_f
548	CatherineDeneuve	22	AGE22	12944	12943_CatherineDeneuve_22_f
84	AngelaLansbury	22	AGE22	11950	11949_AngelaLansbury_22_f
513	DonnaReed	22	AGE22	12569	12568_DonnaReed_22_f
230	SusanGeorge	22	AGE22	10860	10859_SusanGeorge_22_f
260	AmandaRedman	22	AGE22	13269	13268_AmandaRedman_22_f
266	MickJagger	22	AGE22	115	114_MickJagger_22_m
38	BarbaraBouchet	22	AGE22	11845	11844_BarbaraBouchet_22_f
86	MarietteHartley	22	AGE22	10273	10272_MarietteHartley_22_f
146	RicardoMontalb╨░n	22	AGE22	9532	9531_RicardoMontalb╨░n_22_m
242	AvaGardner	22	AGE22	13334	13333_AvaGardner_22_f
73	DyanCannon	22	AGE22	15249	15248_DyanCannon_22_f
514	LindaEvans	22	AGE22	10605	10604_LindaEvans_22_f
504	BeverlyRoberts	22	AGE22	14560	14559_BeverlyRoberts_22_f
17	LuiseRainer	22	AGE22	10671	10670_LuiseRainer_22_f
34	MireilleDarc	22	AGE22	11653	11652_MireilleDarc_22_f
74	AnthonyQuayle	22	AGE22	7823	7822_AnthonyQuayle_22_m
401	ErinGray	22	AGE22	15333	15332_ErinGray_22_f
460	AnneBaxter	22	AGE22	12495	12494_AnneBaxter_22_f
263	JanePowell	22	AGE22	15377	15376_JanePowell_22_f
222	JhonLenon	22	AGE22	201	200_JhonLenon_22_m
148	WillSmith 	22	AGE22	16054	16053_WillSmith _22_m
377	TomHulce	22	AGE22	1798	1797_TomHulce_22_m
244	JeffGoldblum	22	AGE22	4647	4646_JeffGoldblum_22_m
261	KlausKinski	22	AGE22	6518	6517_KlausKinski_22_m
148	WillSmith 	22	AGE22	16055	16054_WillSmith _22_m
143	BarbraStreisand	22	AGE22	12938	12937_BarbraStreisand_22_f
266	MickJagger	22	AGE22	2774	2773_MickJagger_22_m
37	JoanneWoodward	22	AGE22	12254	12253_JoanneWoodward_22_f
279	DorisDay	22	AGE22	9750	9749_DorisDay_22_f
283	BettyGrable	22	AGE22	13921	13920_BettyGrable_22_f
310	KevinBacon	22	AGE22	2704	2703_KevinBacon_22_m
175	FrancesDee	22	AGE22	5818	5817_FrancesDee_22_m
437	MarisaPavan	22	AGE22	3488	3487_MarisaPavan_22_m
527	JohnGarfield	22	AGE22	7160	7159_JohnGarfield_22_m
188	JulieAndrews	22	AGE22	11487	11486_JulieAndrews_22_f
308	JanetLeigh	22	AGE22	12703	12702_JanetLeigh_22_f
175	FrancesDee	22	AGE22	12596	12595_FrancesDee_22_f
444	RitaHayworth	22	AGE22	13755	13754_RitaHayworth_22_f
196	KimNovak	22	AGE22	9852	9851_KimNovak_22_f
305	TanyaRoberts	22	AGE22	11312	11311_TanyaRoberts_22_f
94	GabrielGarciaMarquez	22	AGE22	1502	1501_GabrielGarciaMarquez_22_m
493	PiaLindstrom	22	AGE22	11219	11218_PiaLindstrom_22_f
23	VirnaLisi	22	AGE22	11354	11353_VirnaLisi_22_f
213	RabindranathTagore	22	AGE22	1470	1469_RabindranathTagore_22_m
337	RichardCrenna	22	AGE22	8307	8306_RichardCrenna_22_m
27	LaurenBacall	22	AGE22	11537	11536_LaurenBacall_22_f
200	AnnMargret	22	AGE22	10372	10371_AnnMargret_22_f
338	FrancescaAnnis	22	AGE22	12134	12133_FrancescaAnnis_22_f
14	StevenSpielberg	22	AGE22	6821	6820_StevenSpielberg_22_m
495	CybillShepherd	22	AGE22	11993	11992_CybillShepherd_22_f
27	LaurenBacall	22	AGE22	11538	11537_LaurenBacall_22_f
22	TerryMoore	22	AGE22	10310	10309_TerryMoore_22_f
435	DebbieReynolds	22	AGE22	12023	12022_DebbieReynolds_22_f
113	GladysCooper	22	AGE22	13494	13493_GladysCooper_22_f
299	GeorgeMontgomery	22	AGE22	9310	9309_GeorgeMontgomery_22_m
343	PaulmcCartney	22	AGE22	154	153_PaulmcCartney_22_m
542	IanMcKellen	22	AGE22	3261	3260_IanMcKellen_22_m
310	KevinBacon	22	AGE22	2703	2702_KevinBacon_22_m
556	CarlosSantana	22	AGE22	4490	4489_CarlosSantana_22_m
112	MickeyRooney	22	AGE22	7410	7409_MickeyRooney_22_m
50	PeggyLipton	22	AGE22	10797	10796_PeggyLipton_22_f
486	MuhammadAli	22	AGE22	15995	15994_MuhammadAli_22_m
440	RayDanton	22	AGE22	5654	5653_RayDanton_22_m
533	ClintEastwood	22	AGE22	5207	5206_ClintEastwood_22_m
103	Houston	22	AGE22	16384	16383_Houston_22_f
179	LorettaYoung	22	AGE22	14361	14360_LorettaYoung_22_f
56	AudreyHepburn	22	AGE22	14516	14515_AudreyHepburn_22_f
180	MichellePfeiffer	22	AGE22	13186	13185_MichellePfeiffer_22_f
484	JackLarson	22	AGE22	5924	5923_JackLarson_22_m
24	HelenHunt	22	AGE22	10038	10037_HelenHunt_22_f
320	TippiHedren	22	AGE22	10878	10877_TippiHedren_22_f
105	KatharineRoss	22	AGE22	15626	15625_KatharineRoss_22_f
177	OliviaHussey	22	AGE22	11700	11699_OliviaHussey_22_f
25	ShirleyMacLaine	22	AGE22	13247	13246_ShirleyMacLaine_22_f
298	FrankSinatra	22	AGE22	8637	8636_FrankSinatra_22_m
184	GeorgesMarchal	22	AGE22	9334	9333_GeorgesMarchal_22_m
56	AudreyHepburn	22	AGE22	14517	14516_AudreyHepburn_22_f
316	MegRyan	22	AGE22	9670	9669_MegRyan_22_f
487	JaneWyman	22	AGE22	13158	13157_JaneWyman_22_f
315	DirkBogarde	22	AGE22	6226	6225_DirkBogarde_22_m
41	DenzelWashington	22	AGE22	6181	6180_DenzelWashington_22_m
529	RichardBurton	22	AGE22	9201	9200_RichardBurton_22_m
556	CarlosSantana	22	AGE22	4489	4488_CarlosSantana_22_m
187	JenniferJones	22	AGE22	14596	14595_JenniferJones_22_f
329	MargaretNolan	22	AGE22	15705	15704_MargaretNolan_22_f
187	JenniferJones	22	AGE22	14584	14583_JenniferJones_22_f
313	LeslieCaron	22	AGE22	3445	3444_LeslieCaron_22_m
483	Bono	22	AGE22	1529	1528_Bono_22_m
312	JohnnyCash	22	AGE22	6477	6476_JohnnyCash_22_m
439	IsabelleAdjani	22	AGE22	12226	12225_IsabelleAdjani_22_f
553	DanielleDarrieux	22	AGE22	13411	13410_DanielleDarrieux_22_f
145	DonJohnson	22	AGE22	2501	2500_DonJohnson_22_m
288	AnitaEkberg	22	AGE22	10336	10335_AnitaEkberg_22_f
113	GladysCooper	22	AGE22	7103	7102_GladysCooper_22_m
15	AnneBancroft	22	AGE22	13864	13863_AnneBancroft_22_f
499	AmandaBlake	22	AGE22	14943	14942_AmandaBlake_22_f
3	ArnoldSchwarzenegger	22	AGE22	8820	8819_ArnoldSchwarzenegger_22_m
210	JeanPeters	22	AGE22	13588	13587_JeanPeters_22_f
51	ClaudeL╨ТviStrauss	22	AGE22	1220	1219_ClaudeL╨ТviStrauss_22_m
292	KathrynHays	22	AGE22	10558	10557_KathrynHays_22_f
346	GloriaSwanson	22	AGE22	13976	13975_GloriaSwanson_22_f
58	OliviadeHavilland	22	AGE22	14432	14431_OliviadeHavilland_22_f
91	DickieMoore	22	AGE22	6214	6213_DickieMoore_22_m
15	AnneBancroft	22	AGE22	13859	13858_AnneBancroft_22_f
208	ShelleyWinters	22	AGE22	14752	14751_ShelleyWinters_22_f
163	CharlieSheen	22	AGE22	4022	4021_CharlieSheen_22_m
453	DaliahLavi	22	AGE22	10938	10937_DaliahLavi_22_f
348	VivienLeigh	22	AGE22	14147	14146_VivienLeigh_22_f
345	JuliaRoberts	22	AGE22	11458	11457_JuliaRoberts_22_f
294	JamieLeeCurtis	22	AGE22	12674	12673_JamieLeeCurtis_22_f
3	ArnoldSchwarzenegger	22	AGE22	8819	8818_ArnoldSchwarzenegger_22_m
118	HelmutBerger	22	AGE22	4213	4212_HelmutBerger_22_m
343	PaulmcCartney	22	AGE22	146	145_PaulmcCartney_22_m
203	DebraPaget	22	AGE22	15224	15223_DebraPaget_22_f
120	TomJones	22	AGE22	9752	9751_TomJones_22_f
295	JanetEllis	22	AGE22	15425	15424_JanetEllis_22_f
212	NormaShearer	22	AGE22	13690	13689_NormaShearer_22_f
563	PaulAnka	22	AGE22	79	78_PaulAnka_22_m
449	ZsaZsaGabor	22	AGE22	11365	11364_ZsaZsaGabor_22_f
432	JenniferAniston	22	AGE22	12739	12738_JenniferAniston_22_f
470	FranklinDRoosevelt	22	AGE22	936	935_FranklinDRoosevelt_22_m
524	MaureenOHara	22	AGE22	11625	11624_MaureenOHara_22_f
215	JulieHagerty	23	AGE23	15551	15550_JulieHagerty_23_f
161	MaggieSmith	23	AGE23	10725	10724_MaggieSmith_23_f
523	MartinSheen	23	AGE23	3517	3516_MartinSheen_23_m
424	GraceKelly	23	AGE23	13068	13067_GraceKelly_23_f
521	StefaniePowers	23	AGE23	15815	15814_StefaniePowers_23_f
525	BoDerek	23	AGE23	9645	9644_BoDerek_23_f
185	TheodoreRoosevelt	23	AGE23	922	921_TheodoreRoosevelt_23_m
148	WillSmith 	23	AGE23	16056	16055_WillSmith _23_m
401	ErinGray	23	AGE23	15334	15333_ErinGray_23_f
177	OliviaHussey	23	AGE23	11701	11700_OliviaHussey_23_f
146	RicardoMontalb╨░n	23	AGE23	9533	9532_RicardoMontalb╨░n_23_m
234	MyrnaLoy	23	AGE23	12341	12340_MyrnaLoy_23_f
184	GeorgesMarchal	23	AGE23	9335	9334_GeorgesMarchal_23_m
15	AnneBancroft	23	AGE23	13862	13861_AnneBancroft_23_f
212	NormaShearer	23	AGE23	13704	13703_NormaShearer_23_f
17	LuiseRainer	23	AGE23	10674	10673_LuiseRainer_23_f
524	MaureenOHara	23	AGE23	11626	11625_MaureenOHara_23_f
440	RayDanton	23	AGE23	5655	5654_RayDanton_23_m
536	BerryGordy	23	AGE23	455	454_BerryGordy_23_m
565	MelGibson	23	AGE23	2138	2137_MelGibson_23_m
538	BarbaraStanwyck	23	AGE23	14632	14631_BarbaraStanwyck_23_f
63	PeggyAshcroft	23	AGE23	14447	14446_PeggyAshcroft_23_f
59	MichaelKeaton	23	AGE23	5479	5478_MichaelKeaton_23_m
214	JoanLeslie	23	AGE23	10170	10169_JoanLeslie_23_f
397	GeraldineChaplin	23	AGE23	13014	13013_GeraldineChaplin_23_f
81	EdwigeFenech	23	AGE23	15298	15297_EdwigeFenech_23_f
38	BarbaraBouchet	23	AGE23	11846	11845_BarbaraBouchet_23_f
530	SimonMacCorkindale	23	AGE23	8347	8346_SimonMacCorkindale_23_m
424	GraceKelly	23	AGE23	13071	13070_GraceKelly_23_f
234	MyrnaLoy	23	AGE23	12336	12335_MyrnaLoy_23_f
17	LuiseRainer	23	AGE23	10641	10640_LuiseRainer_23_f
457	JeffBridges	23	AGE23	3324	3323_JeffBridges_23_m
424	GraceKelly	23	AGE23	13062	13061_GraceKelly_23_f
418	DeborahKerr	23	AGE23	13963	13962_DeborahKerr_23_f
187	JenniferJones	23	AGE23	14593	14592_JenniferJones_23_f
43	AnnMiller	23	AGE23	15010	15009_AnnMiller_23_f
196	KimNovak	23	AGE23	9853	9852_KimNovak_23_f
462	KateOMara	23	AGE23	15580	15579_KateOMara_23_f
518	RomanPolanski	23	AGE23	4878	4877_RomanPolanski_23_m
430	HelenHayes	23	AGE23	13534	13533_HelenHayes_23_f
423	JoanCusack	23	AGE23	10138	10137_JoanCusack_23_f
453	DaliahLavi	23	AGE23	10939	10938_DaliahLavi_23_f
450	RobertOppenheimer	23	AGE23	1246	1245_RobertOppenheimer_23_m
514	LindaEvans	23	AGE23	10606	10605_LindaEvans_23_f
200	AnnMargret	23	AGE23	10373	10372_AnnMargret_23_f
526	AngieDickinson	23	AGE23	12412	12411_AngieDickinson_23_f
435	DebbieReynolds	23	AGE23	12024	12023_DebbieReynolds_23_f
460	AnneBaxter	23	AGE23	12496	12495_AnneBaxter_23_f
449	ZsaZsaGabor	23	AGE23	11366	11365_ZsaZsaGabor_23_f
71	EvaMarieSaint	23	AGE23	12089	12088_EvaMarieSaint_23_f
221	JulieBishop	23	AGE23	15527	15526_JulieBishop_23_f
203	DebraPaget	23	AGE23	15225	15224_DebraPaget_23_f
437	MarisaPavan	23	AGE23	3489	3488_MarisaPavan_23_m
152	MaryPickford	23	AGE23	14419	14418_MaryPickford_23_f
444	RitaHayworth	23	AGE23	13758	13757_RitaHayworth_23_f
11	MichaelSarrazin	23	AGE23	9129	9128_MichaelSarrazin_23_m
80	KathrynGrayson	23	AGE23	15668	15667_KathrynGrayson_23_f
210	JeanPeters	23	AGE23	13589	13588_JeanPeters_23_f
438	JackLemon	23	AGE23	5301	5300_JackLemon_23_m
512	WilliamHolden	23	AGE23	8465	8464_WilliamHolden_23_m
230	SusanGeorge	23	AGE23	10861	10860_SusanGeorge_23_f
163	CharlieSheen	23	AGE23	4023	4022_CharlieSheen_23_m
70	PamelaSueMartin	23	AGE23	15757	15756_PamelaSueMartin_23_f
548	CatherineDeneuve	23	AGE23	12945	12944_CatherineDeneuve_23_f
520	MaryTamm	23	AGE23	15732	15731_MaryTamm_23_f
56	AudreyHepburn	23	AGE23	14543	14542_AudreyHepburn_23_f
547	RuthGordon	23	AGE23	12877	12876_RuthGordon_23_f
217	MargaretOBrien	23	AGE23	12794	12793_MargaretOBrien_23_f
227	KennethBranagh	23	AGE23	5421	5420_KennethBranagh_23_m
226	TommySands	23	AGE23	3924	3923_TommySands_23_m
513	DonnaReed	23	AGE23	12570	12569_DonnaReed_23_f
191	LouCostello	23	AGE23	6599	6598_LouCostello_23_m
527	JohnGarfield	23	AGE23	7161	7160_JohnGarfield_23_m
171	EmmaThompson	23	AGE23	11025	11024_EmmaThompson_23_f
229	Myl╨ЪneDemongeot	23	AGE23	12849	12848_Myl╨ЪneDemongeot_23_f
412	BeaArthur	23	AGE23	11884	11883_BeaArthur_23_f
486	MuhammadAli	23	AGE23	15976	15975_MuhammadAli_23_m
463	OrnellaMuti	23	AGE23	10760	10759_OrnellaMuti_23_f
499	AmandaBlake	23	AGE23	14944	14943_AmandaBlake_23_f
119	AlanYoung	23	AGE23	1869	1868_AlanYoung_23_m
353	ArmandAssante	23	AGE23	5111	5110_ArmandAssante_23_m
118	HelmutBerger	23	AGE23	4214	4213_HelmutBerger_23_m
91	DickieMoore	23	AGE23	6199	6198_DickieMoore_23_m
285	RyanONeal	23	AGE23	2866	2865_RyanONeal_23_m
347	Soljenitsyne	23	AGE23	1344	1343_Soljenitsyne_23_m
288	AnitaEkberg	23	AGE23	10337	10336_AnitaEkberg_23_f
346	GloriaSwanson	23	AGE23	14003	14002_GloriaSwanson_23_f
117	VeraEllen	23	AGE23	15900	15899_VeraEllen_23_f
292	KathrynHays	23	AGE23	10559	10558_KathrynHays_23_f
472	StephenHawking	23	AGE23	1006	1005_StephenHawking_23_m
293	PeterGraves	23	AGE23	6668	6667_PeterGraves_23_m
563	PaulAnka	23	AGE23	84	83_PaulAnka_23_m
1	HerbertLom	23	AGE23	5840	5839_HerbertLom_23_m
473	LizaMinelli	23	AGE23	11151	11150_LizaMinelli_23_f
295	JanetEllis	23	AGE23	15426	15425_JanetEllis_23_f
283	BettyGrable	23	AGE23	13922	13921_BettyGrable_23_f
345	JuliaRoberts	23	AGE23	11459	11458_JuliaRoberts_23_f
357	KathyBates	23	AGE23	10220	10219_KathyBates_23_f
358	NicolasSarkozy	23	AGE23	5517	5516_NicolasSarkozy_23_m
372	BernadetteLafont	23	AGE23	14863	14862_BernadetteLafont_23_f
271	RichardAttenborough	23	AGE23	8716	8715_RichardAttenborough_23_m
126	JamesArness	23	AGE23	6332	6331_JamesArness_23_m
20	JohnTravolta	23	AGE23	4685	4684_JohnTravolta_23_m
363	GretaGarbo	23	AGE23	13088	13087_GretaGarbo_23_f
272	ElvisPresley	23	AGE23	210	209_ElvisPresley_23_m
272	ElvisPresley	23	AGE23	209	208_ElvisPresley_23_m
363	GretaGarbo	23	AGE23	13087	13086_GretaGarbo_23_f
504	BeverlyRoberts	23	AGE23	14561	14560_BeverlyRoberts_23_f
273	JoanCrawford	23	AGE23	14269	14268_JoanCrawford_23_f
89	PatriciaNeal	23	AGE23	13719	13718_PatriciaNeal_23_f
470	FranklinDRoosevelt	23	AGE23	940	939_FranklinDRoosevelt_23_m
235	SilvanaMangano	23	AGE23	14791	14790_SilvanaMangano_23_f
120	TomJones	23	AGE23	1832	1831_TomJones_23_m
89	PatriciaNeal	23	AGE23	13732	13731_PatriciaNeal_23_f
120	TomJones	23	AGE23	9753	9752_TomJones_23_f
279	DorisDay	23	AGE23	9710	9709_DorisDay_23_f
357	KathyBates	23	AGE23	10219	10218_KathyBates_23_f
476	RaquelWelch	23	AGE23	10852	10851_RaquelWelch_23_f
298	FrankSinatra	23	AGE23	8632	8631_FrankSinatra_23_m
343	PaulmcCartney	23	AGE23	132	131_PaulmcCartney_23_m
483	Bono	23	AGE23	1530	1529_Bono_23_m
315	DirkBogarde	23	AGE23	6230	6229_DirkBogarde_23_m
329	MargaretNolan	23	AGE23	15706	15705_MargaretNolan_23_f
50	PeggyLipton	23	AGE23	10798	10797_PeggyLipton_23_f
327	TommyLeeJones	23	AGE23	5727	5726_TommyLeeJones_23_m
316	MegRyan	23	AGE23	9671	9670_MegRyan_23_f
319	RingoStarr	23	AGE23	3682	3681_RingoStarr_23_m
103	Houston	23	AGE23	16386	16385_Houston_23_f
8	SimoneSignoret	23	AGE23	14841	14840_SimoneSignoret_23_f
484	JackLarson	23	AGE23	5925	5924_JackLarson_23_m
105	KatharineRoss	23	AGE23	15627	15626_KatharineRoss_23_f
323	JohnJames	23	AGE23	2021	2020_JohnJames_23_m
103	Houston	23	AGE23	16385	16384_Houston_23_f
103	Houston	23	AGE23	16387	16386_Houston_23_f
103	Houston	23	AGE23	16397	16396_Houston_23_f
103	Houston	23	AGE23	16374	16373_Houston_23_f
486	MuhammadAli	23	AGE23	15985	15984_MuhammadAli_23_m
487	JaneWyman	23	AGE23	13165	13164_JaneWyman_23_f
312	JohnnyCash	23	AGE23	6478	6477_JohnnyCash_23_m
112	MickeyRooney	23	AGE23	7411	7410_MickeyRooney_23_m
97	SerenaWilliams	23	AGE23	16478	16477_SerenaWilliams_23_f
553	DanielleDarrieux	23	AGE23	13412	13411_DanielleDarrieux_23_f
342	MarieCurie	23	AGE23	1294	1293_MarieCurie_23_f
301	JudyGarland	23	AGE23	14043	14042_JudyGarland_23_f
341	AnnaMassey	23	AGE23	12463	12462_AnnaMassey_23_f
27	LaurenBacall	23	AGE23	11539	11538_LaurenBacall_23_f
56	AudreyHepburn	23	AGE23	14528	14527_AudreyHepburn_23_f
304	DavidNiven	23	AGE23	7053	7052_DavidNiven_23_m
23	VirnaLisi	23	AGE23	11357	11356_VirnaLisi_23_f
129	AlCorley	23	AGE23	1595	1594_AlCorley_23_m
335	JoanFontaine	23	AGE23	14313	14312_JoanFontaine_23_f
305	TanyaRoberts	23	AGE23	11313	11312_TanyaRoberts_23_f
96	JackColeman	23	AGE23	3292	3291_JackColeman_23_m
335	JoanFontaine	23	AGE23	14322	14321_JoanFontaine_23_f
334	LauraAntonelli	23	AGE23	12278	12277_LauraAntonelli_23_f
308	JanetLeigh	23	AGE23	12704	12703_JanetLeigh_23_f
330	JuneAllyson	23	AGE23	13661	13660_JuneAllyson_23_f
23	VirnaLisi	23	AGE23	11329	11328_VirnaLisi_23_f
310	KevinBacon	23	AGE23	2705	2704_KevinBacon_23_m
482	JuneLockhart	23	AGE23	11118	11117_JuneLockhart_23_f
270	ErnestHemingway	23	AGE23	1408	1407_ErnestHemingway_23_m
276	AnthonyPerkins	23	AGE23	8784	8783_AnthonyPerkins_23_m
257	HorstBuchholz	23	AGE23	8035	8034_HorstBuchholz_23_m
142	JanetGaynor	23	AGE23	14248	14247_JanetGaynor_23_f
142	JanetGaynor	23	AGE23	14263	14262_JanetGaynor_23_f
251	St╨ТphaneAudran	23	AGE23	15853	15852_St╨ТphaneAudran_23_f
382	GilbertRoland	23	AGE23	7940	7939_GilbertRoland_23_m
18	ElsaMartinelli	23	AGE23	12061	12060_ElsaMartinelli_23_f
252	ErnestRutherford	23	AGE23	1181	1180_ErnestRutherford_23_m
468	BetteDavis	23	AGE23	13365	13364_BetteDavis_23_f
564	SusanHayward	23	AGE23	14485	14484_SusanHayward_23_f
0	YvesMontand	23	AGE23	6874	6873_YvesMontand_23_m
52	IngridBergman	23	AGE23	14224	14223_IngridBergman_23_f
138	RomySchneider	23	AGE23	14090	14089_RomySchneider_23_f
259	ChristopherWalken	23	AGE23	6989	6988_ChristopherWalken_23_m
260	AmandaRedman	23	AGE23	13270	13269_AmandaRedman_23_f
549	GoldieHawn	23	AGE23	10002	10001_GoldieHawn_23_f
137	SidneyPoitier	23	AGE23	16013	16012_SidneyPoitier_23_m
84	AngelaLansbury	23	AGE23	11951	11950_AngelaLansbury_23_f
564	SusanHayward	23	AGE23	14501	14500_SusanHayward_23_f
250	IsabelleHuppert	23	AGE23	12646	12645_IsabelleHuppert_23_f
247	MichaelYork	23	AGE23	3558	3557_MichaelYork_23_m
236	VeronicaLake	23	AGE23	15925	15924_VeronicaLake_23_f
145	DonJohnson	23	AGE23	2502	2501_DonJohnson_23_m
144	SusannahYork	23	AGE23	14114	14113_SusannahYork_23_f
240	ErrolFlynn	23	AGE23	6294	6293_ErrolFlynn_23_m
240	ErrolFlynn	23	AGE23	6289	6288_ErrolFlynn_23_m
394	OrsonWelles	23	AGE23	6667	6666_OrsonWelles_23_m
392	EstherWilliams	23	AGE23	14160	14159_EstherWilliams_23_f
242	AvaGardner	23	AGE23	13340	13339_AvaGardner_23_f
242	AvaGardner	23	AGE23	13324	13323_AvaGardner_23_f
391	AlKapone	23	AGE23	510	509_AlKapone_23_m
389	JaneBirkin	23	AGE23	10070	10069_JaneBirkin_23_f
34	MireilleDarc	23	AGE23	11654	11653_MireilleDarc_23_f
506	MargeChampion	23	AGE23	11594	11593_MargeChampion_23_f
13	CatherineSchell	23	AGE23	15116	15115_CatherineSchell_23_f
246	LeifErickson	23	AGE23	7272	7271_LeifErickson_23_m
486	MuhammadAli	23	AGE23	15986	15985_MuhammadAli_23_m
505	GingerRogers	23	AGE23	13460	13459_GingerRogers_23_f
179	LorettaYoung	23	AGE23	14362	14361_LorettaYoung_23_f
263	JanePowell	23	AGE23	15378	15377_JanePowell_23_f
373	BobDylan	23	AGE23	1652	1651_BobDylan_23_m
469	ClaudiaCardinale	23	AGE23	12979	12978_ClaudiaCardinale_23_f
373	BobDylan	23	AGE23	1653	1652_BobDylan_23_m
131	ElizabethTaylor	23	AGE23	14698	14697_ElizabethTaylor_23_f
550	RalphMacchio	23	AGE23	4346	4345_RalphMacchio_23_m
266	MickJagger	23	AGE23	2775	2774_MickJagger_23_m
268	WarrenBeatty	23	AGE23	4994	4993_WarrenBeatty_23_m
266	MickJagger	23	AGE23	130	129_MickJagger_23_m
377	TomHulce	23	AGE23	1799	1798_TomHulce_23_m
269	BenGazzara	23	AGE23	5763	5762_BenGazzara_23_m
86	MarietteHartley	23	AGE23	10275	10274_MarietteHartley_23_f
97	SerenaWilliams	24	AGE24	16479	16478_SerenaWilliams_24_f
176	RodTaylor	24	AGE24	2253	2252_RodTaylor_24_m
175	FrancesDee	24	AGE24	12597	12596_FrancesDee_24_f
63	PeggyAshcroft	24	AGE24	14448	14447_PeggyAshcroft_24_f
176	RodTaylor	24	AGE24	2254	2253_RodTaylor_24_m
75	EllenBurstyn	24	AGE24	11024	11023_EllenBurstyn_24_f
548	CatherineDeneuve	24	AGE24	12946	12945_CatherineDeneuve_24_f
133	LeeJCobb	24	AGE24	6548	6547_LeeJCobb_24_m
148	WillSmith 	24	AGE24	16057	16056_WillSmith _24_m
113	GladysCooper	24	AGE24	7104	7103_GladysCooper_24_m
172	ChristopherEccleston	24	AGE24	8882	8881_ChristopherEccleston_24_m
50	PeggyLipton	24	AGE24	10799	10798_PeggyLipton_24_f
171	EmmaThompson	24	AGE24	11026	11025_EmmaThompson_24_f
97	SerenaWilliams	24	AGE24	16474	16473_SerenaWilliams_24_f
142	JanetGaynor	24	AGE24	14262	14261_JanetGaynor_24_f
175	FrancesDee	24	AGE24	5819	5818_FrancesDee_24_m
67	JamesCaan	24	AGE24	1978	1977_JamesCaan_24_m
112	MickeyRooney	24	AGE24	7412	7411_MickeyRooney_24_m
53	JulieChristie	24	AGE24	11505	11504_JulieChristie_24_f
86	MarietteHartley	24	AGE24	10276	10275_MarietteHartley_24_f
103	Houston	24	AGE24	16388	16387_Houston_24_f
144	SusannahYork	24	AGE24	14115	14114_SusannahYork_24_f
545	FriedrichNietzsche	24	AGE24	1439	1438_FriedrichNietzsche_24_m
123	Dee	24	AGE24	16346	16345_Dee_24_f
105	KatharineRoss	24	AGE24	15628	15627_KatharineRoss_24_f
68	KevinCostner	24	AGE24	4260	4259_KevinCostner_24_m
82	MarcelloMastroianni	24	AGE24	9568	9567_MarcelloMastroianni_24_m
56	AudreyHepburn	24	AGE24	14544	14543_AudreyHepburn_24_f
110	MargaretThatcher	24	AGE24	565	564_MargaretThatcher_24_f
559	SylvesterStallone	24	AGE24	7586	7585_SylvesterStallone_24_m
145	DonJohnson	24	AGE24	2503	2502_DonJohnson_24_m
550	RalphMacchio	24	AGE24	4347	4346_RalphMacchio_24_m
160	Einstain	24	AGE24	977	976_Einstain_24_m
148	WillSmith 	24	AGE24	16058	16057_WillSmith _24_m
56	AudreyHepburn	24	AGE24	14532	14531_AudreyHepburn_24_f
56	AudreyHepburn	24	AGE24	14531	14530_AudreyHepburn_24_f
120	TomJones	24	AGE24	9754	9753_TomJones_24_f
538	BarbaraStanwyck	24	AGE24	14633	14632_BarbaraStanwyck_24_f
89	PatriciaNeal	24	AGE24	13748	13747_PatriciaNeal_24_f
142	JanetGaynor	24	AGE24	14249	14248_JanetGaynor_24_f
161	MaggieSmith	24	AGE24	10722	10721_MaggieSmith_24_f
552	FidelCastro	24	AGE24	676	675_FidelCastro_24_m
114	akistsoxatzopoulos	24	AGE24	785	784_akistsoxatzopoulos_24_m
52	IngridBergman	24	AGE24	14225	14224_IngridBergman_24_f
543	JohnDerek	24	AGE24	5342	5341_JohnDerek_24_m
153	GaryOldman	24	AGE24	2539	2538_GaryOldman_24_m
117	VeraEllen	24	AGE24	15901	15900_VeraEllen_24_f
58	OliviadeHavilland	24	AGE24	14423	14422_OliviadeHavilland_24_f
137	SidneyPoitier	24	AGE24	16149	16148_SidneyPoitier_24_m
137	SidneyPoitier	24	AGE24	16148	16147_SidneyPoitier_24_m
549	GoldieHawn	24	AGE24	10004	10003_GoldieHawn_24_f
58	OliviadeHavilland	24	AGE24	14433	14432_OliviadeHavilland_24_f
78	JamesBest	24	AGE24	1942	1941_JamesBest_24_m
138	RomySchneider	24	AGE24	14091	14090_RomySchneider_24_f
85	JodieFoster	24	AGE24	11093	11092_JodieFoster_24_f
118	HelmutBerger	24	AGE24	4215	4214_HelmutBerger_24_m
163	CharlieSheen	24	AGE24	4024	4023_CharlieSheen_24_m
120	TomJones	24	AGE24	9755	9754_TomJones_24_f
91	DickieMoore	24	AGE24	6200	6199_DickieMoore_24_m
153	GaryOldman	24	AGE24	2538	2537_GaryOldman_24_m
120	TomJones	24	AGE24	1834	1833_TomJones_24_m
565	MelGibson	24	AGE24	2139	2138_MelGibson_24_m
549	GoldieHawn	24	AGE24	10003	10002_GoldieHawn_24_f
152	MaryPickford	24	AGE24	14421	14420_MaryPickford_24_f
79	JudyDavis	24	AGE24	9824	9823_JudyDavis_24_f
563	PaulAnka	24	AGE24	80	79_PaulAnka_24_m
96	JackColeman	24	AGE24	3293	3292_JackColeman_24_m
166	AnnJillian	24	AGE24	14979	14978_AnnJillian_24_f
564	SusanHayward	24	AGE24	14487	14486_SusanHayward_24_f
152	MaryPickford	24	AGE24	14417	14416_MaryPickford_24_f
540	JeanClaudeVanDamme	24	AGE24	9040	9039_JeanClaudeVanDamme_24_m
546	SusanSarandon	24	AGE24	11724	11723_SusanSarandon_24_f
161	MaggieSmith	24	AGE24	10695	10694_MaggieSmith_24_f
89	PatriciaNeal	24	AGE24	13750	13749_PatriciaNeal_24_f
120	TomJones	24	AGE24	1833	1832_TomJones_24_m
540	JeanClaudeVanDamme	24	AGE24	9041	9040_JeanClaudeVanDamme_24_m
539	KristinScottThomas	24	AGE24	14327	14326_KristinScottThomas_24_f
43	AnnMiller	24	AGE24	15011	15010_AnnMiller_24_f
564	SusanHayward	24	AGE24	14491	14490_SusanHayward_24_f
80	KathrynGrayson	24	AGE24	15669	15668_KathrynGrayson_24_f
113	GladysCooper	24	AGE24	13495	13494_GladysCooper_24_f
89	PatriciaNeal	24	AGE24	13720	13719_PatriciaNeal_24_f
542	IanMcKellen	24	AGE24	3262	3261_IanMcKellen_24_m
94	GabrielGarciaMarquez	24	AGE24	1493	1492_GabrielGarciaMarquez_24_m
129	AlCorley	24	AGE24	1596	1595_AlCorley_24_m
135	RichardPryor	24	AGE24	16020	16019_RichardPryor_24_m
136	LawrenceTierney	24	AGE24	9082	9081_LawrenceTierney_24_m
553	DanielleDarrieux	24	AGE24	13413	13412_DanielleDarrieux_24_f
2	RoyRogers	24	AGE24	5690	5689_RoyRogers_24_m
70	PamelaSueMartin	24	AGE24	15758	15757_PamelaSueMartin_24_f
13	CatherineSchell	24	AGE24	15110	15109_CatherineSchell_24_f
299	GeorgeMontgomery	24	AGE24	9311	9310_GeorgeMontgomery_24_m
297	TildaSwinton	24	AGE24	11762	11761_TildaSwinton_24_f
298	FrankSinatra	24	AGE24	8631	8630_FrankSinatra_24_m
495	CybillShepherd	24	AGE24	11994	11993_CybillShepherd_24_f
306	KrisKristofferson	24	AGE24	7243	7242_KrisKristofferson_24_m
307	GiulianoGemma	24	AGE24	7978	7977_GiulianoGemma_24_m
308	JanetLeigh	24	AGE24	12705	12704_JanetLeigh_24_f
310	KevinBacon	24	AGE24	2706	2705_KevinBacon_24_m
310	KevinBacon	24	AGE24	2707	2706_KevinBacon_24_m
487	JaneWyman	24	AGE24	13143	13142_JaneWyman_24_f
312	JohnnyCash	24	AGE24	6479	6478_JohnnyCash_24_m
313	LeslieCaron	24	AGE24	3446	3445_LeslieCaron_24_m
487	JaneWyman	24	AGE24	13144	13143_JaneWyman_24_f
295	JanetEllis	24	AGE24	15427	15426_JanetEllis_24_f
316	MegRyan	24	AGE24	9672	9671_MegRyan_24_f
319	RingoStarr	24	AGE24	3683	3682_RingoStarr_24_m
486	MuhammadAli	24	AGE24	15979	15978_MuhammadAli_24_m
323	JohnJames	24	AGE24	2022	2021_JohnJames_24_m
323	JohnJames	24	AGE24	2023	2022_JohnJames_24_m
24	HelenHunt	24	AGE24	10039	10038_HelenHunt_24_f
324	JaneAsher	24	AGE24	9803	9802_JaneAsher_24_f
324	JaneAsher	24	AGE24	9804	9803_JaneAsher_24_f
484	JackLarson	24	AGE24	5926	5925_JackLarson_24_m
483	Bono	24	AGE24	1531	1530_Bono_24_m
327	TommyLeeJones	24	AGE24	5728	5727_TommyLeeJones_24_m
8	SimoneSignoret	24	AGE24	14824	14823_SimoneSignoret_24_f
329	MargaretNolan	24	AGE24	15707	15706_MargaretNolan_24_f
319	RingoStarr	24	AGE24	3684	3683_RingoStarr_24_m
293	PeterGraves	24	AGE24	6669	6668_PeterGraves_24_m
288	AnitaEkberg	24	AGE24	10338	10337_AnitaEkberg_24_f
498	HeinrichHertz	24	AGE24	1135	1134_HeinrichHertz_24_m
251	St╨ТphaneAudran	24	AGE24	15854	15853_St╨ТphaneAudran_24_f
258	FredMacMurray	24	AGE24	8946	8945_FredMacMurray_24_m
260	AmandaRedman	24	AGE24	13271	13270_AmandaRedman_24_f
261	KlausKinski	24	AGE24	6519	6518_KlausKinski_24_m
505	GingerRogers	24	AGE24	13484	13483_GingerRogers_24_f
505	GingerRogers	24	AGE24	13457	13456_GingerRogers_24_f
263	JanePowell	24	AGE24	15379	15378_JanePowell_24_f
265	BurtReynolds	24	AGE24	3976	3975_BurtReynolds_24_m
266	MickJagger	24	AGE24	117	116_MickJagger_24_m
266	MickJagger	24	AGE24	2776	2775_MickJagger_24_m
6	Carroll	24	AGE24	16311	16310_Carroll_24_f
268	WarrenBeatty	24	AGE24	5028	5027_WarrenBeatty_24_m
268	WarrenBeatty	24	AGE24	4995	4994_WarrenBeatty_24_m
269	BenGazzara	24	AGE24	5764	5763_BenGazzara_24_m
270	ErnestHemingway	24	AGE24	1416	1415_ErnestHemingway_24_m
31	Ross	24	AGE24	16412	16411_Ross_24_f
271	RichardAttenborough	24	AGE24	8717	8716_RichardAttenborough_24_m
6	Carroll	24	AGE24	16300	16299_Carroll_24_f
272	ElvisPresley	24	AGE24	211	210_ElvisPresley_24_m
504	BeverlyRoberts	24	AGE24	14562	14561_BeverlyRoberts_24_f
273	JoanCrawford	24	AGE24	14274	14273_JoanCrawford_24_f
276	AnthonyPerkins	24	AGE24	8785	8784_AnthonyPerkins_24_m
279	DorisDay	24	AGE24	9749	9748_DorisDay_24_f
282	ValerieHarper	24	AGE24	11784	11783_ValerieHarper_24_f
499	AmandaBlake	24	AGE24	14945	14944_AmandaBlake_24_f
285	RyanONeal	24	AGE24	2870	2869_RyanONeal_24_m
285	RyanONeal	24	AGE24	2847	2846_RyanONeal_24_m
332	TomHanks	24	AGE24	1761	1760_TomHanks_24_m
333	RobertPowell	24	AGE24	4403	4402_RobertPowell_24_m
334	LauraAntonelli	24	AGE24	12279	12278_LauraAntonelli_24_f
335	JoanFontaine	24	AGE24	14303	14302_JoanFontaine_24_f
408	MelBrooks	24	AGE24	2094	2093_MelBrooks_24_m
460	AnneBaxter	24	AGE24	12492	12491_AnneBaxter_24_f
414	LauraDern	24	AGE24	9878	9877_LauraDern_24_f
416	JohnHuston	24	AGE24	5989	5988_JohnHuston_24_m
418	DeborahKerr	24	AGE24	13958	13957_DeborahKerr_24_f
418	DeborahKerr	24	AGE24	13959	13958_DeborahKerr_24_f
419	ShirleyJones	24	AGE24	11246	11245_ShirleyJones_24_f
459	WilliamShatner	24	AGE24	6060	6059_WilliamShatner_24_m
423	JoanCusack	24	AGE24	10139	10138_JoanCusack_24_f
424	GraceKelly	24	AGE24	13063	13062_GraceKelly_24_f
458	JeanMarais	24	AGE24	5951	5950_JeanMarais_24_m
15	AnneBancroft	24	AGE24	13858	13857_AnneBancroft_24_f
429	JoanLorring	24	AGE24	6434	6433_JoanLorring_24_m
457	JeffBridges	24	AGE24	3325	3324_JeffBridges_24_m
457	JeffBridges	24	AGE24	3326	3325_JeffBridges_24_m
454	JerryLewis	24	AGE24	2655	2654_JerryLewis_24_m
429	JoanLorring	24	AGE24	13172	13171_JoanLorring_24_f
453	DaliahLavi	24	AGE24	10940	10939_DaliahLavi_24_f
453	DaliahLavi	24	AGE24	10941	10940_DaliahLavi_24_f
435	DebbieReynolds	24	AGE24	12025	12024_DebbieReynolds_24_f
436	LindsayWagner	24	AGE24	11568	11567_LindsayWagner_24_f
14	StevenSpielberg	24	AGE24	6840	6839_StevenSpielberg_24_m
437	MarisaPavan	24	AGE24	3490	3489_MarisaPavan_24_m
444	RitaHayworth	24	AGE24	13759	13758_RitaHayworth_24_f
439	IsabelleAdjani	24	AGE24	12227	12226_IsabelleAdjani_24_f
443	HedyLamarr	24	AGE24	12622	12621_HedyLamarr_24_f
440	RayDanton	24	AGE24	5656	5655_RayDanton_24_m
407	JulieAdams	24	AGE24	10192	10191_JulieAdams_24_f
250	IsabelleHuppert	24	AGE24	12647	12646_IsabelleHuppert_24_f
404	CatherineSpaak	24	AGE24	11927	11926_CatherineSpaak_24_f
401	ErinGray	24	AGE24	15335	15334_ErinGray_24_f
23	VirnaLisi	24	AGE24	11330	11329_VirnaLisi_24_f
476	RaquelWelch	24	AGE24	10827	10826_RaquelWelch_24_f
473	LizaMinelli	24	AGE24	11152	11151_LizaMinelli_24_f
345	JuliaRoberts	24	AGE24	11460	11459_JuliaRoberts_24_f
346	GloriaSwanson	24	AGE24	13997	13996_GloriaSwanson_24_f
346	GloriaSwanson	24	AGE24	14007	14006_GloriaSwanson_24_f
471	ClaudetteColbert	24	AGE24	14664	14663_ClaudetteColbert_24_f
348	VivienLeigh	24	AGE24	14145	14144_VivienLeigh_24_f
348	VivienLeigh	24	AGE24	14146	14145_VivienLeigh_24_f
20	JohnTravolta	24	AGE24	4691	4690_JohnTravolta_24_m
350	VittorioGassman	24	AGE24	9237	9236_VittorioGassman_24_m
20	JohnTravolta	24	AGE24	4698	4697_JohnTravolta_24_m
363	GretaGarbo	24	AGE24	13089	13088_GretaGarbo_24_f
20	JohnTravolta	24	AGE24	4674	4673_JohnTravolta_24_m
364	SarahDouglas	24	AGE24	15785	15784_SarahDouglas_24_f
469	ClaudiaCardinale	24	AGE24	12980	12979_ClaudiaCardinale_24_f
372	BernadetteLafont	24	AGE24	14864	14863_BernadetteLafont_24_f
373	BobDylan	24	AGE24	1654	1653_BobDylan_24_m
373	BobDylan	24	AGE24	1655	1654_BobDylan_24_m
378	ImeldaStaunton	24	AGE24	12191	12190_ImeldaStaunton_24_f
381	TonyCurtis	24	AGE24	7643	7642_TonyCurtis_24_m
382	GilbertRoland	24	AGE24	7941	7940_GilbertRoland_24_m
389	JaneBirkin	24	AGE24	10071	10070_JaneBirkin_24_f
392	EstherWilliams	24	AGE24	14161	14160_EstherWilliams_24_f
394	OrsonWelles	24	AGE24	6664	6663_OrsonWelles_24_m
463	OrnellaMuti	24	AGE24	10761	10760_OrnellaMuti_24_f
397	GeraldineChaplin	24	AGE24	13015	13014_GeraldineChaplin_24_f
462	KateOMara	24	AGE24	15581	15580_KateOMara_24_f
249	LivUllmann	24	AGE24	10245	10244_LivUllmann_24_f
246	LeifErickson	24	AGE24	7273	7272_LeifErickson_24_m
196	KimNovak	24	AGE24	9855	9854_KimNovak_24_f
184	GeorgesMarchal	24	AGE24	9336	9335_GeorgesMarchal_24_m
236	VeronicaLake	24	AGE24	15926	15925_VeronicaLake_24_f
529	RichardBurton	24	AGE24	9202	9201_RichardBurton_24_m
235	SilvanaMangano	24	AGE24	14794	14793_SilvanaMangano_24_f
187	JenniferJones	24	AGE24	14574	14573_JenniferJones_24_f
512	WilliamHolden	24	AGE24	8466	8465_WilliamHolden_24_m
187	JenniferJones	24	AGE24	14587	14586_JenniferJones_24_f
517	GeraldinePage	24	AGE24	14218	14217_GeraldinePage_24_f
527	JohnGarfield	24	AGE24	7162	7161_JohnGarfield_24_m
221	JulieBishop	24	AGE24	15528	15527_JulieBishop_24_f
187	JenniferJones	24	AGE24	14600	14599_JenniferJones_24_f
208	ShelleyWinters	24	AGE24	14783	14782_ShelleyWinters_24_f
232	ConnieBooth	24	AGE24	15145	15144_ConnieBooth_24_f
222	JhonLenon	24	AGE24	179	178_JhonLenon_24_m
190	ClintWalker	24	AGE24	4051	4050_ClintWalker_24_m
192	NielsBohr	24	AGE24	1080	1079_NielsBohr_24_m
526	AngieDickinson	24	AGE24	12413	12412_AngieDickinson_24_f
230	SusanGeorge	24	AGE24	10862	10861_SusanGeorge_24_f
202	JudyHolliday	24	AGE24	14068	14067_JudyHolliday_24_f
229	Myl╨ЪneDemongeot	24	AGE24	12850	12849_Myl╨ЪneDemongeot_24_f
513	DonnaReed	24	AGE24	12571	12570_DonnaReed_24_f
196	KimNovak	24	AGE24	9854	9853_KimNovak_24_f
227	KennethBranagh	24	AGE24	5422	5421_KennethBranagh_24_m
226	TommySands	24	AGE24	3925	3924_TommySands_24_m
203	DebraPaget	24	AGE24	15226	15225_DebraPaget_24_f
210	JeanPeters	24	AGE24	13590	13589_JeanPeters_24_f
200	AnnMargret	24	AGE24	10374	10373_AnnMargret_24_f
244	JeffGoldblum	24	AGE24	4648	4647_JeffGoldblum_24_m
530	SimonMacCorkindale	24	AGE24	8348	8347_SimonMacCorkindale_24_m
180	MichellePfeiffer	24	AGE24	13187	13186_MichellePfeiffer_24_f
240	ErrolFlynn	24	AGE24	6288	6287_ErrolFlynn_24_m
215	JulieHagerty	24	AGE24	15552	15551_JulieHagerty_24_f
211	AnjelicaHuston	24	AGE24	11812	11811_AnjelicaHuston_24_f
242	AvaGardner	24	AGE24	13325	13324_AvaGardner_24_f
179	LorettaYoung	24	AGE24	14363	14362_LorettaYoung_24_f
38	BarbaraBouchet	24	AGE24	11847	11846_BarbaraBouchet_24_f
247	MichaelYork	24	AGE24	3559	3558_MichaelYork_24_m
35	LouisJourdan	24	AGE24	7337	7336_LouisJourdan_24_m
525	BoDerek	24	AGE24	9646	9645_BoDerek_24_f
531	TimothyDalton	24	AGE24	4963	4962_TimothyDalton_24_m
520	MaryTamm	24	AGE24	15733	15732_MaryTamm_24_f
34	MireilleDarc	24	AGE24	11655	11654_MireilleDarc_24_f
242	AvaGardner	24	AGE24	13338	13337_AvaGardner_24_f
521	StefaniePowers	24	AGE24	15816	15815_StefaniePowers_24_f
164	KimBasinger	25	AGE25	10585	10584_KimBasinger_25_f
382	GilbertRoland	25	AGE25	7942	7941_GilbertRoland_25_m
348	VivienLeigh	25	AGE25	14155	14154_VivienLeigh_25_f
162	PeterSellers	25	AGE25	9187	9186_PeterSellers_25_m
467	BertrandRussell	25	AGE25	1369	1368_BertrandRussell_25_m
385	UrsulaAndress	25	AGE25	12408	12407_UrsulaAndress_25_f
386	AlainDelon	25	AGE25	2383	2382_AlainDelon_25_m
84	AngelaLansbury	25	AGE25	11952	11951_AngelaLansbury_25_f
386	AlainDelon	25	AGE25	2361	2360_AlainDelon_25_m
388	JoanCollins	25	AGE25	10533	10532_JoanCollins_25_f
564	SusanHayward	25	AGE25	14497	14496_SusanHayward_25_f
381	TonyCurtis	25	AGE25	7657	7656_TonyCurtis_25_m
389	JaneBirkin	25	AGE25	10072	10071_JaneBirkin_25_f
542	IanMcKellen	25	AGE25	3263	3262_IanMcKellen_25_m
526	AngieDickinson	25	AGE25	12414	12413_AngieDickinson_25_f
392	EstherWilliams	25	AGE25	14162	14161_EstherWilliams_25_f
83	AlPacino	25	AGE25	1636	1635_AlPacino_25_m
463	OrnellaMuti	25	AGE25	10762	10761_OrnellaMuti_25_f
386	AlainDelon	25	AGE25	2374	2373_AlainDelon_25_m
468	BetteDavis	25	AGE25	13345	13344_BetteDavis_25_f
363	GretaGarbo	25	AGE25	13090	13089_GretaGarbo_25_f
212	NormaShearer	25	AGE25	13705	13704_NormaShearer_25_f
361	CarlSagan	25	AGE25	999	998_CarlSagan_25_m
361	CarlSagan	25	AGE25	994	993_CarlSagan_25_m
89	PatriciaNeal	25	AGE25	13727	13726_PatriciaNeal_25_f
358	NicolasSarkozy	25	AGE25	5518	5517_NicolasSarkozy_25_m
364	SarahDouglas	25	AGE25	15786	15785_SarahDouglas_25_f
208	ShelleyWinters	25	AGE25	14756	14755_ShelleyWinters_25_f
208	ShelleyWinters	25	AGE25	14779	14778_ShelleyWinters_25_f
355	CelesteHolm	25	AGE25	13374	13373_CelesteHolm_25_f
353	ArmandAssante	25	AGE25	5112	5111_ArmandAssante_25_m
368	BettyGarrett	25	AGE25	15043	15042_BettyGarrett_25_f
395	michaeljackson	25	AGE25	257	256_michaeljackson_25_m
564	SusanHayward	25	AGE25	14492	14491_SusanHayward_25_f
372	BernadetteLafont	25	AGE25	14865	14864_BernadetteLafont_25_f
525	BoDerek	25	AGE25	9647	9646_BoDerek_25_f
212	NormaShearer	25	AGE25	13714	13713_NormaShearer_25_f
86	MarietteHartley	25	AGE25	10277	10276_MarietteHartley_25_f
203	DebraPaget	25	AGE25	15227	15226_DebraPaget_25_f
373	BobDylan	25	AGE25	1656	1655_BobDylan_25_m
374	Mparkoulis	25	AGE25	2170	2169_Mparkoulis_25_m
374	Mparkoulis	25	AGE25	2167	2166_Mparkoulis_25_m
377	TomHulce	25	AGE25	1800	1799_TomHulce_25_m
162	PeterSellers	25	AGE25	9155	9154_PeterSellers_25_m
380	TomasMilian	25	AGE25	3886	3885_TomasMilian_25_m
469	ClaudiaCardinale	25	AGE25	12981	12980_ClaudiaCardinale_25_f
163	CharlieSheen	25	AGE25	4025	4024_CharlieSheen_25_m
247	MichaelYork	25	AGE25	3560	3559_MichaelYork_25_m
539	KristinScottThomas	25	AGE25	14328	14327_KristinScottThomas_25_f
187	JenniferJones	25	AGE25	14586	14585_JenniferJones_25_f
427	NewmanPaul	25	AGE25	7447	7446_NewmanPaul_25_m
176	RodTaylor	25	AGE25	2255	2254_RodTaylor_25_m
429	JoanLorring	25	AGE25	13175	13174_JoanLorring_25_f
429	JoanLorring	25	AGE25	6435	6434_JoanLorring_25_m
538	BarbaraStanwyck	25	AGE25	14636	14635_BarbaraStanwyck_25_f
59	MichaelKeaton	25	AGE25	5483	5482_MichaelKeaton_25_m
58	OliviadeHavilland	25	AGE25	14426	14425_OliviadeHavilland_25_f
430	HelenHayes	25	AGE25	13525	13524_HelenHayes_25_f
453	DaliahLavi	25	AGE25	10942	10941_DaliahLavi_25_f
433	MaximilianShell	25	AGE25	9468	9467_MaximilianShell_25_m
448	AlbertSchweitzer	25	AGE25	1178	1177_AlbertSchweitzer_25_m
435	DebbieReynolds	25	AGE25	12026	12025_DebbieReynolds_25_f
175	FrancesDee	25	AGE25	12598	12597_FrancesDee_25_f
538	BarbaraStanwyck	25	AGE25	14631	14630_BarbaraStanwyck_25_f
57	AlikiBoug	25	AGE25	12554	12553_AlikiBoug_25_f
436	LindsayWagner	25	AGE25	11569	11568_LindsayWagner_25_f
530	SimonMacCorkindale	25	AGE25	8349	8348_SimonMacCorkindale_25_m
56	AudreyHepburn	25	AGE25	14520	14519_AudreyHepburn_25_f
437	MarisaPavan	25	AGE25	3491	3490_MarisaPavan_25_m
180	MichellePfeiffer	25	AGE25	13188	13187_MichellePfeiffer_25_f
438	JackLemon	25	AGE25	5302	5301_JackLemon_25_m
444	RitaHayworth	25	AGE25	13761	13760_RitaHayworth_25_f
56	AudreyHepburn	25	AGE25	14530	14529_AudreyHepburn_25_f
56	AudreyHepburn	25	AGE25	14535	14534_AudreyHepburn_25_f
439	IsabelleAdjani	25	AGE25	12228	12227_IsabelleAdjani_25_f
56	AudreyHepburn	25	AGE25	14545	14544_AudreyHepburn_25_f
443	HedyLamarr	25	AGE25	12635	12634_HedyLamarr_25_f
184	GeorgesMarchal	25	AGE25	9337	9336_GeorgesMarchal_25_m
458	JeanMarais	25	AGE25	5952	5951_JeanMarais_25_m
63	PeggyAshcroft	25	AGE25	14449	14448_PeggyAshcroft_25_f
65	JohnForsythe	25	AGE25	8065	8064_JohnForsythe_25_m
397	GeraldineChaplin	25	AGE25	13016	13015_GeraldineChaplin_25_f
401	ErinGray	25	AGE25	15336	15335_ErinGray_25_f
200	AnnMargret	25	AGE25	10375	10374_AnnMargret_25_f
404	CatherineSpaak	25	AGE25	11928	11927_CatherineSpaak_25_f
196	KimNovak	25	AGE25	9856	9855_KimNovak_25_f
80	KathrynGrayson	25	AGE25	15670	15669_KathrynGrayson_25_f
462	KateOMara	25	AGE25	15582	15581_KateOMara_25_f
213	RabindranathTagore	25	AGE25	1469	1468_RabindranathTagore_25_m
407	JulieAdams	25	AGE25	10193	10192_JulieAdams_25_f
527	JohnGarfield	25	AGE25	7163	7162_JohnGarfield_25_m
461	TimCurry	25	AGE25	1724	1723_TimCurry_25_m
414	LauraDern	25	AGE25	9879	9878_LauraDern_25_f
195	LorneGreene	25	AGE25	8138	8137_LorneGreene_25_m
74	AnthonyQuayle	25	AGE25	7824	7823_AnthonyQuayle_25_m
194	JaneFonda	25	AGE25	10107	10106_JaneFonda_25_f
460	AnneBaxter	25	AGE25	12497	12496_AnneBaxter_25_f
194	JaneFonda	25	AGE25	10108	10107_JaneFonda_25_f
73	DyanCannon	25	AGE25	15250	15249_DyanCannon_25_f
192	NielsBohr	25	AGE25	1101	1100_NielsBohr_25_m
70	PamelaSueMartin	25	AGE25	15759	15758_PamelaSueMartin_25_f
175	FrancesDee	25	AGE25	5820	5819_FrancesDee_25_m
420	MaryTylerMoore	25	AGE25	12810	12809_MaryTylerMoore_25_f
422	HarrySTruman	25	AGE25	836	835_HarrySTruman_25_m
188	JulieAndrews	25	AGE25	11477	11476_JulieAndrews_25_f
423	JoanCusack	25	AGE25	10140	10139_JoanCusack_25_f
68	KevinCostner	25	AGE25	4261	4260_KevinCostner_25_m
424	GraceKelly	25	AGE25	13064	13063_GraceKelly_25_f
67	JamesCaan	25	AGE25	1979	1978_JamesCaan_25_m
424	GraceKelly	25	AGE25	13075	13074_GraceKelly_25_f
81	EdwigeFenech	25	AGE25	15299	15298_EdwigeFenech_25_f
214	JoanLeslie	25	AGE25	10171	10170_JoanLeslie_25_f
481	AndreMarieAmp╨Ъre	25	AGE25	1249	1248_AndreMarieAmp╨Ъre_25_m
161	MaggieSmith	25	AGE25	10697	10696_MaggieSmith_25_f
125	AlexandrakisAlekos	25	AGE25	9640	9639_AlexandrakisAlekos_25_m
146	RicardoMontalb╨░n	25	AGE25	9534	9533_RicardoMontalb╨░n_25_m
234	MyrnaLoy	25	AGE25	12342	12341_MyrnaLoy_25_f
272	ElvisPresley	25	AGE25	212	211_ElvisPresley_25_m
121	RafVallone	25	AGE25	6025	6024_RafVallone_25_m
232	ConnieBooth	25	AGE25	15146	15145_ConnieBooth_25_f
273	JoanCrawford	25	AGE25	14272	14271_JoanCrawford_25_f
277	AliMacGraw	25	AGE25	9913	9912_AliMacGraw_25_f
231	AnthonyAndrews	25	AGE25	5032	5031_AnthonyAndrews_25_m
504	BeverlyRoberts	25	AGE25	14563	14562_BeverlyRoberts_25_f
120	TomJones	25	AGE25	1835	1834_TomJones_25_m
281	RutgerHauer	25	AGE25	3749	3748_RutgerHauer_25_m
120	TomJones	25	AGE25	9756	9755_TomJones_25_f
503	JeanPaulBelmondo	25	AGE25	7126	7125_JeanPaulBelmondo_25_m
145	DonJohnson	25	AGE25	2504	2503_DonJohnson_25_m
148	WillSmith 	25	AGE25	16060	16059_WillSmith _25_m
119	AlanYoung	25	AGE25	1870	1869_AlanYoung_25_m
283	BettyGrable	25	AGE25	13923	13922_BettyGrable_25_f
230	SusanGeorge	25	AGE25	10863	10862_SusanGeorge_25_f
512	WilliamHolden	25	AGE25	8467	8466_WilliamHolden_25_m
118	HelmutBerger	25	AGE25	4217	4216_HelmutBerger_25_m
118	HelmutBerger	25	AGE25	4216	4215_HelmutBerger_25_m
148	WillSmith 	25	AGE25	16059	16058_WillSmith _25_m
288	AnitaEkberg	25	AGE25	10339	10338_AnitaEkberg_25_f
289	JohnWayne	25	AGE25	7205	7204_JohnWayne_25_m
292	KathrynHays	25	AGE25	10560	10559_KathrynHays_25_f
114	akistsoxatzopoulos	25	AGE25	795	794_akistsoxatzopoulos_25_m
495	CybillShepherd	25	AGE25	11995	11994_CybillShepherd_25_f
293	PeterGraves	25	AGE25	6670	6669_PeterGraves_25_m
228	SophiaLoren	25	AGE25	11278	11277_SophiaLoren_25_f
499	AmandaBlake	25	AGE25	14946	14945_AmandaBlake_25_f
113	GladysCooper	25	AGE25	13496	13495_GladysCooper_25_f
234	MyrnaLoy	25	AGE25	12337	12336_MyrnaLoy_25_f
128	JPMorgan	25	AGE25	363	362_JPMorgan_25_m
248	MartinScorsese	25	AGE25	5451	5450_MartinScorsese_25_m
142	JanetGaynor	25	AGE25	14266	14265_JanetGaynor_25_f
250	IsabelleHuppert	25	AGE25	12648	12647_IsabelleHuppert_25_f
246	LeifErickson	25	AGE25	7274	7273_LeifErickson_25_m
251	St╨ТphaneAudran	25	AGE25	15855	15854_St╨ТphaneAudran_25_f
506	MargeChampion	25	AGE25	11595	11594_MargeChampion_25_f
252	ErnestRutherford	25	AGE25	1182	1181_ErnestRutherford_25_m
254	Thanasisveggos	25	AGE25	9408	9407_Thanasisveggos_25_m
257	HorstBuchholz	25	AGE25	8036	8035_HorstBuchholz_25_m
259	ChristopherWalken	25	AGE25	6990	6989_ChristopherWalken_25_m
138	RomySchneider	25	AGE25	14093	14092_RomySchneider_25_f
505	GingerRogers	25	AGE25	13462	13461_GingerRogers_25_f
260	AmandaRedman	25	AGE25	13272	13271_AmandaRedman_25_f
242	AvaGardner	25	AGE25	13326	13325_AvaGardner_25_f
126	JamesArness	25	AGE25	6333	6332_JamesArness_25_m
138	RomySchneider	25	AGE25	14092	14091_RomySchneider_25_f
242	AvaGardner	25	AGE25	13320	13319_AvaGardner_25_f
137	SidneyPoitier	25	AGE25	16150	16149_SidneyPoitier_25_m
136	LawrenceTierney	25	AGE25	9083	9082_LawrenceTierney_25_m
143	BarbraStreisand	25	AGE25	12936	12935_BarbraStreisand_25_f
263	JanePowell	25	AGE25	15380	15379_JanePowell_25_f
236	VeronicaLake	25	AGE25	15927	15926_VeronicaLake_25_f
507	RowanAtkinson	25	AGE25	6780	6779_RowanAtkinson_25_m
266	MickJagger	25	AGE25	129	128_MickJagger_25_m
268	WarrenBeatty	25	AGE25	5031	5030_WarrenBeatty_25_m
268	WarrenBeatty	25	AGE25	4996	4995_WarrenBeatty_25_m
235	SilvanaMangano	25	AGE25	14795	14794_SilvanaMangano_25_f
129	AlCorley	25	AGE25	1597	1596_AlCorley_25_m
271	RichardAttenborough	25	AGE25	8718	8717_RichardAttenborough_25_m
234	MyrnaLoy	25	AGE25	12343	12342_MyrnaLoy_25_f
262	MarlonBrando	25	AGE25	9113	9112_MarlonBrando_25_m
471	ClaudetteColbert	25	AGE25	14665	14664_ClaudetteColbert_25_f
294	JamieLeeCurtis	25	AGE25	12675	12674_JamieLeeCurtis_25_f
295	JanetEllis	25	AGE25	15428	15427_JanetEllis_25_f
103	Houston	25	AGE25	16372	16371_Houston_25_f
514	LindaEvans	25	AGE25	10607	10606_LindaEvans_25_f
103	Houston	25	AGE25	16389	16388_Houston_25_f
486	MuhammadAli	25	AGE25	15997	15996_MuhammadAli_25_m
222	JhonLenon	25	AGE25	182	181_JhonLenon_25_m
222	JhonLenon	25	AGE25	185	184_JhonLenon_25_m
103	Houston	25	AGE25	16371	16370_Houston_25_f
324	JaneAsher	25	AGE25	9805	9804_JaneAsher_25_f
221	JulieBishop	25	AGE25	15529	15528_JulieBishop_25_f
483	Bono	25	AGE25	1532	1531_Bono_25_m
518	RomanPolanski	25	AGE25	4879	4878_RomanPolanski_25_m
327	TommyLeeJones	25	AGE25	5729	5728_TommyLeeJones_25_m
217	MargaretOBrien	25	AGE25	12795	12794_MargaretOBrien_25_f
97	SerenaWilliams	25	AGE25	16480	16479_SerenaWilliams_25_f
323	JohnJames	25	AGE25	2024	2023_JohnJames_25_m
329	MargaretNolan	25	AGE25	15708	15707_MargaretNolan_25_f
562	RockHudson	25	AGE25	6742	6741_RockHudson_25_m
519	ChevyChase	25	AGE25	2426	2425_ChevyChase_25_m
333	RobertPowell	25	AGE25	4404	4403_RobertPowell_25_m
520	MaryTamm	25	AGE25	15734	15733_MaryTamm_25_f
160	Einstain	25	AGE25	978	977_Einstain_25_m
215	JulieHagerty	25	AGE25	15553	15552_JulieHagerty_25_f
335	JoanFontaine	25	AGE25	14326	14325_JoanFontaine_25_f
96	JackColeman	25	AGE25	3294	3293_JackColeman_25_m
95	DavidSarnoff	25	AGE25	368	367_DavidSarnoff_25_m
335	JoanFontaine	25	AGE25	14312	14311_JoanFontaine_25_f
335	JoanFontaine	25	AGE25	14304	14303_JoanFontaine_25_f
338	FrancescaAnnis	25	AGE25	12135	12134_FrancescaAnnis_25_f
476	RaquelWelch	25	AGE25	10828	10827_RaquelWelch_25_f
345	JuliaRoberts	25	AGE25	11461	11460_JuliaRoberts_25_f
561	QueenElizabet	25	AGE25	583	582_QueenElizabet_25_f
547	RuthGordon	25	AGE25	12878	12877_RuthGordon_25_f
103	Houston	25	AGE25	16378	16377_Houston_25_f
319	RingoStarr	25	AGE25	3685	3684_RingoStarr_25_m
297	TildaSwinton	25	AGE25	11763	11762_TildaSwinton_25_f
227	KennethBranagh	25	AGE25	5423	5422_KennethBranagh_25_m
534	AlbertoSordi	25	AGE25	7746	7745_AlbertoSordi_25_m
299	GeorgeMontgomery	25	AGE25	9312	9311_GeorgeMontgomery_25_m
546	SusanSarandon	25	AGE25	11725	11724_SusanSarandon_25_f
493	PiaLindstrom	25	AGE25	11220	11219_PiaLindstrom_25_f
113	GladysCooper	25	AGE25	7105	7104_GladysCooper_25_m
307	GiulianoGemma	25	AGE25	7979	7978_GiulianoGemma_25_m
308	JanetLeigh	25	AGE25	12706	12705_JanetLeigh_25_f
152	MaryPickford	25	AGE25	14392	14391_MaryPickford_25_f
226	TommySands	25	AGE25	3926	3925_TommySands_25_m
554	CharlieChaplin	25	AGE25	8548	8547_CharlieChaplin_25_m
554	CharlieChaplin	25	AGE25	8535	8534_CharlieChaplin_25_m
310	KevinBacon	25	AGE25	2708	2707_KevinBacon_25_m
154	JeanneMoreau	25	AGE25	11045	11044_JeanneMoreau_25_f
224	campbell	25	AGE25	16270	16269_campbell_25_f
556	CarlosSantana	25	AGE25	4491	4490_CarlosSantana_25_m
152	MaryPickford	25	AGE25	14420	14419_MaryPickford_25_f
224	campbell	25	AGE25	16271	16270_campbell_25_f
224	campbell	25	AGE25	16278	16277_campbell_25_f
313	LeslieCaron	25	AGE25	3447	3446_LeslieCaron_25_m
314	YannisRitsos	25	AGE25	1513	1512_YannisRitsos_25_m
558	MichaelPalin	25	AGE25	4306	4305_MichaelPalin_25_m
153	GaryOldman	25	AGE25	2540	2539_GaryOldman_25_m
316	MegRyan	25	AGE25	9673	9672_MegRyan_25_f
486	MuhammadAli	25	AGE25	16007	16006_MuhammadAli_25_m
224	campbell	25	AGE25	16279	16278_campbell_25_f
224	campbell	25	AGE25	16275	16274_campbell_25_f
105	KatharineRoss	25	AGE25	15629	15628_KatharineRoss_25_f
513	DonnaReed	25	AGE25	12572	12571_DonnaReed_25_f
312	JohnnyCash	25	AGE25	6480	6479_JohnnyCash_25_m
179	LorettaYoung	25	AGE25	14364	14363_LorettaYoung_25_f
279	DorisDay	25	AGE25	9711	9710_DorisDay_25_f
15	AnneBancroft	25	AGE25	13860	13859_AnneBancroft_25_f
43	AnnMiller	25	AGE25	15012	15011_AnnMiller_25_f
41	DenzelWashington	25	AGE25	6182	6181_DenzelWashington_25_m
8	SimoneSignoret	25	AGE25	14822	14821_SimoneSignoret_25_f
20	JohnTravolta	25	AGE25	4699	4698_JohnTravolta_25_m
0	YvesMontand	25	AGE25	6875	6874_YvesMontand_25_m
38	BarbaraBouchet	25	AGE25	11848	11847_BarbaraBouchet_25_f
17	LuiseRainer	25	AGE25	10664	10663_LuiseRainer_25_f
23	VirnaLisi	25	AGE25	11331	11330_VirnaLisi_25_f
39	TonyBlair	25	AGE25	668	667_TonyBlair_25_m
15	AnneBancroft	25	AGE25	13857	13856_AnneBancroft_25_f
17	LuiseRainer	25	AGE25	10635	10634_LuiseRainer_25_f
17	LuiseRainer	25	AGE25	10676	10675_LuiseRainer_25_f
35	LouisJourdan	25	AGE25	7343	7342_LouisJourdan_25_m
31	Ross	25	AGE25	16413	16412_Ross_25_f
48	GenaRowlands	25	AGE25	4124	4123_GenaRowlands_25_m
52	IngridBergman	25	AGE25	14221	14220_IngridBergman_25_f
27	LaurenBacall	25	AGE25	11540	11539_LaurenBacall_25_f
2	RoyRogers	25	AGE25	5691	5690_RoyRogers_25_m
34	MireilleDarc	25	AGE25	11656	11655_MireilleDarc_25_f
17	LuiseRainer	25	AGE25	10640	10639_LuiseRainer_25_f
5	HatzidakisManos	25	AGE25	299	298_HatzidakisManos_25_m
8	SimoneSignoret	25	AGE25	14848	14847_SimoneSignoret_25_f
8	SimoneSignoret	25	AGE25	14839	14838_SimoneSignoret_25_f
53	JulieChristie	25	AGE25	11506	11505_JulieChristie_25_f
7	DonnaDouglas	25	AGE25	10970	10969_DonnaDouglas_25_f
37	JoanneWoodward	25	AGE25	12277	12276_JoanneWoodward_25_f
50	PeggyLipton	25	AGE25	10800	10799_PeggyLipton_25_f
17	LuiseRainer	25	AGE25	10658	10657_LuiseRainer_25_f
17	LuiseRainer	25	AGE25	10643	10642_LuiseRainer_25_f
15	AnneBancroft	25	AGE25	13874	13873_AnneBancroft_25_f
13	CatherineSchell	25	AGE25	15111	15110_CatherineSchell_25_f
23	VirnaLisi	25	AGE25	11351	11350_VirnaLisi_25_f
17	LuiseRainer	25	AGE25	10689	10688_LuiseRainer_25_f
55	JamesWoods	25	AGE25	2605	2604_JamesWoods_25_m
543	JohnDerek	26	AGE26	5343	5342_JohnDerek_26_m
538	BarbaraStanwyck	26	AGE26	14634	14633_BarbaraStanwyck_26_f
266	MickJagger	26	AGE26	2777	2776_MickJagger_26_m
461	TimCurry	26	AGE26	1725	1724_TimCurry_26_m
324	JaneAsher	26	AGE26	9806	9805_JaneAsher_26_f
117	VeraEllen	26	AGE26	15902	15901_VeraEllen_26_f
508	VictorMature	26	AGE26	8405	8404_VictorMature_26_m
404	CatherineSpaak	26	AGE26	11929	11928_CatherineSpaak_26_f
537	Onasis	26	AGE26	347	346_Onasis_26_m
352	OdysseasElytis	26	AGE26	1383	1382_OdysseasElytis_26_m
17	LuiseRainer	26	AGE26	10680	10679_LuiseRainer_26_f
135	RichardPryor	26	AGE26	16224	16223_RichardPryor_26_m
17	LuiseRainer	26	AGE26	10673	10672_LuiseRainer_26_f
228	SophiaLoren	26	AGE26	11304	11303_SophiaLoren_26_f
358	NicolasSarkozy	26	AGE26	5519	5518_NicolasSarkozy_26_m
17	LuiseRainer	26	AGE26	10653	10652_LuiseRainer_26_f
326	SteveKanaly	26	AGE26	3837	3836_SteveKanaly_26_m
8	SimoneSignoret	26	AGE26	14840	14839_SimoneSignoret_26_f
174	LelandStanford	26	AGE26	419	418_LelandStanford_26_m
350	VittorioGassman	26	AGE26	9238	9237_VittorioGassman_26_m
238	RobertMitchum	26	AGE26	9206	9205_RobertMitchum_26_m
282	ValerieHarper	26	AGE26	11785	11784_ValerieHarper_26_f
120	TomJones	26	AGE26	1836	1835_TomJones_26_m
283	BettyGrable	26	AGE26	13924	13923_BettyGrable_26_f
263	JanePowell	26	AGE26	15381	15380_JanePowell_26_f
514	LindaEvans	26	AGE26	10608	10607_LindaEvans_26_f
172	ChristopherEccleston	26	AGE26	8883	8882_ChristopherEccleston_26_m
224	campbell	26	AGE26	16280	16279_campbell_26_f
200	AnnMargret	26	AGE26	10376	10375_AnnMargret_26_f
96	JackColeman	26	AGE26	3295	3294_JackColeman_26_m
194	JaneFonda	26	AGE26	10109	10108_JaneFonda_26_f
17	LuiseRainer	26	AGE26	10636	10635_LuiseRainer_26_f
62	SteveMcQueen	26	AGE26	9382	9381_SteveMcQueen_26_m
323	JohnJames	26	AGE26	2025	2024_JohnJames_26_m
551	JeanetteMacDonald	26	AGE26	15463	15462_JeanetteMacDonald_26_f
316	MegRyan	26	AGE26	9674	9673_MegRyan_26_f
63	PeggyAshcroft	26	AGE26	14450	14449_PeggyAshcroft_26_f
319	RingoStarr	26	AGE26	3686	3685_RingoStarr_26_m
240	ErrolFlynn	26	AGE26	6270	6269_ErrolFlynn_26_m
444	RitaHayworth	26	AGE26	13772	13771_RitaHayworth_26_f
527	JohnGarfield	26	AGE26	7164	7163_JohnGarfield_26_m
35	LouisJourdan	26	AGE26	7338	7337_LouisJourdan_26_m
196	KimNovak	26	AGE26	9866	9865_KimNovak_26_f
317	BillMurray	26	AGE26	2387	2386_BillMurray_26_m
432	JenniferAniston	26	AGE26	12740	12739_JenniferAniston_26_f
444	RitaHayworth	26	AGE26	13760	13759_RitaHayworth_26_f
409	RexHarrison	26	AGE26	6709	6708_RexHarrison_26_m
265	BurtReynolds	26	AGE26	3977	3976_BurtReynolds_26_m
499	AmandaBlake	26	AGE26	14947	14946_AmandaBlake_26_f
444	RitaHayworth	26	AGE26	13780	13779_RitaHayworth_26_f
318	EsteeLauder	26	AGE26	27	26_EsteeLauder_26_f
136	LawrenceTierney	26	AGE26	9084	9083_LawrenceTierney_26_m
53	JulieChristie	26	AGE26	11507	11506_JulieChristie_26_f
17	LuiseRainer	26	AGE26	10657	10656_LuiseRainer_26_f
353	ArmandAssante	26	AGE26	5113	5112_ArmandAssante_26_m
517	GeraldinePage	26	AGE26	14197	14196_GeraldinePage_26_f
20	JohnTravolta	26	AGE26	4696	4695_JohnTravolta_26_m
228	SophiaLoren	26	AGE26	11301	11300_SophiaLoren_26_f
483	Bono	26	AGE26	1533	1532_Bono_26_m
227	KennethBranagh	26	AGE26	5424	5423_KennethBranagh_26_m
385	UrsulaAndress	26	AGE26	12393	12392_UrsulaAndress_26_f
515	mahatmagandhi	26	AGE26	846	845_mahatmagandhi_26_m
121	RafVallone	26	AGE26	6026	6025_RafVallone_26_m
226	TommySands	26	AGE26	3927	3926_TommySands_26_m
135	RichardPryor	26	AGE26	16225	16224_RichardPryor_26_m
484	JackLarson	26	AGE26	5927	5926_JackLarson_26_m
105	KatharineRoss	26	AGE26	15630	15629_KatharineRoss_26_f
564	SusanHayward	26	AGE26	14489	14488_SusanHayward_26_f
136	LawrenceTierney	26	AGE26	9085	9084_LawrenceTierney_26_m
444	RitaHayworth	26	AGE26	13769	13768_RitaHayworth_26_f
508	VictorMature	26	AGE26	8406	8405_VictorMature_26_m
78	JamesBest	26	AGE26	1943	1942_JamesBest_26_m
457	JeffBridges	26	AGE26	3327	3326_JeffBridges_26_m
138	RomySchneider	26	AGE26	14094	14093_RomySchneider_26_f
193	GeorgePeppard	26	AGE26	7904	7903_GeorgePeppard_26_m
557	DavidMcCallum	26	AGE26	5221	5220_DavidMcCallum_26_m
71	EvaMarieSaint	26	AGE26	12090	12089_EvaMarieSaint_26_f
235	SilvanaMangano	26	AGE26	14796	14795_SilvanaMangano_26_f
277	AliMacGraw	26	AGE26	9914	9913_AliMacGraw_26_f
559	SylvesterStallone	26	AGE26	7587	7586_SylvesterStallone_26_m
179	LorettaYoung	26	AGE26	14365	14364_LorettaYoung_26_f
335	JoanFontaine	26	AGE26	14325	14324_JoanFontaine_26_f
513	DonnaReed	26	AGE26	12573	12572_DonnaReed_26_f
143	BarbraStreisand	26	AGE26	12908	12907_BarbraStreisand_26_f
273	JoanCrawford	26	AGE26	14298	14297_JoanCrawford_26_f
99	YvonneDeCarlo	26	AGE26	14605	14604_YvonneDeCarlo_26_f
232	ConnieBooth	26	AGE26	15147	15146_ConnieBooth_26_f
187	JenniferJones	26	AGE26	14588	14587_JenniferJones_26_f
177	OliviaHussey	26	AGE26	11702	11701_OliviaHussey_26_f
343	PaulmcCartney	26	AGE26	133	132_PaulmcCartney_26_m
513	DonnaReed	26	AGE26	12574	12573_DonnaReed_26_f
67	JamesCaan	26	AGE26	1980	1979_JamesCaan_26_m
391	AlKapone	26	AGE26	514	513_AlKapone_26_m
22	TerryMoore	26	AGE26	10311	10310_TerryMoore_26_f
343	PaulmcCartney	26	AGE26	153	152_PaulmcCartney_26_m
343	PaulmcCartney	26	AGE26	157	156_PaulmcCartney_26_m
23	VirnaLisi	26	AGE26	11333	11332_VirnaLisi_26_f
392	EstherWilliams	26	AGE26	14163	14162_EstherWilliams_26_f
234	MyrnaLoy	26	AGE26	12373	12372_MyrnaLoy_26_f
275	NelsonMandela	26	AGE26	16238	16237_NelsonMandela_26_m
539	KristinScottThomas	26	AGE26	14329	14328_KristinScottThomas_26_f
273	JoanCrawford	26	AGE26	14275	14274_JoanCrawford_26_f
17	LuiseRainer	26	AGE26	10665	10664_LuiseRainer_26_f
3	ArnoldSchwarzenegger	26	AGE26	8821	8820_ArnoldSchwarzenegger_26_m
338	FrancescaAnnis	26	AGE26	12136	12135_FrancescaAnnis_26_f
395	michaeljackson	26	AGE26	266	265_michaeljackson_26_m
100	LyleTalbot	26	AGE26	7368	7367_LyleTalbot_26_m
337	RichardCrenna	26	AGE26	8308	8307_RichardCrenna_26_m
13	CatherineSchell	26	AGE26	15112	15111_CatherineSchell_26_f
437	MarisaPavan	26	AGE26	3492	3491_MarisaPavan_26_m
142	JanetGaynor	26	AGE26	14250	14249_JanetGaynor_26_f
17	LuiseRainer	26	AGE26	10690	10689_LuiseRainer_26_f
394	OrsonWelles	26	AGE26	6653	6652_OrsonWelles_26_m
462	KateOMara	26	AGE26	15583	15582_KateOMara_26_f
558	MichaelPalin	26	AGE26	4307	4306_MichaelPalin_26_m
17	LuiseRainer	26	AGE26	10677	10676_LuiseRainer_26_f
540	JeanClaudeVanDamme	26	AGE26	9042	9041_JeanClaudeVanDamme_26_m
397	GeraldineChaplin	26	AGE26	13021	13020_GeraldineChaplin_26_f
20	JohnTravolta	26	AGE26	4677	4676_JohnTravolta_26_m
525	BoDerek	26	AGE26	9648	9647_BoDerek_26_f
343	PaulmcCartney	26	AGE26	155	154_PaulmcCartney_26_m
440	RayDanton	26	AGE26	5657	5656_RayDanton_26_m
97	SerenaWilliams	26	AGE26	16481	16480_SerenaWilliams_26_f
487	JaneWyman	26	AGE26	13153	13152_JaneWyman_26_f
435	DebbieReynolds	26	AGE26	12027	12026_DebbieReynolds_26_f
23	VirnaLisi	26	AGE26	11348	11347_VirnaLisi_26_f
561	QueenElizabet	26	AGE26	584	583_QueenElizabet_26_f
346	GloriaSwanson	26	AGE26	13977	13976_GloriaSwanson_26_f
120	TomJones	26	AGE26	9757	9756_TomJones_26_f
401	ErinGray	26	AGE26	15337	15336_ErinGray_26_f
23	VirnaLisi	26	AGE26	11332	11331_VirnaLisi_26_f
463	OrnellaMuti	26	AGE26	10763	10762_OrnellaMuti_26_f
526	AngieDickinson	26	AGE26	12415	12414_AngieDickinson_26_f
329	MargaretNolan	26	AGE26	15709	15708_MargaretNolan_26_f
80	KathrynGrayson	26	AGE26	15671	15670_KathrynGrayson_26_f
281	RutgerHauer	26	AGE26	3750	3749_RutgerHauer_26_m
269	BenGazzara	26	AGE26	5765	5764_BenGazzara_26_m
24	HelenHunt	26	AGE26	10040	10039_HelenHunt_26_f
50	PeggyLipton	26	AGE26	10801	10800_PeggyLipton_26_f
524	MaureenOHara	26	AGE26	11627	11626_MaureenOHara_26_f
346	GloriaSwanson	26	AGE26	14004	14003_GloriaSwanson_26_f
118	HelmutBerger	26	AGE26	4218	4217_HelmutBerger_26_m
145	DonJohnson	26	AGE26	2505	2504_DonJohnson_26_m
439	IsabelleAdjani	26	AGE26	12229	12228_IsabelleAdjani_26_f
144	SusannahYork	26	AGE26	14116	14115_SusannahYork_26_f
98	RichardChamberlain	26	AGE26	8269	8268_RichardChamberlain_26_m
279	DorisDay	26	AGE26	9713	9712_DorisDay_26_f
272	ElvisPresley	26	AGE26	213	212_ElvisPresley_26_m
436	LindsayWagner	26	AGE26	11570	11569_LindsayWagner_26_f
187	JenniferJones	26	AGE26	14576	14575_JenniferJones_26_f
333	RobertPowell	26	AGE26	4405	4404_RobertPowell_26_m
188	JulieAndrews	26	AGE26	11475	11474_JulieAndrews_26_f
332	TomHanks	26	AGE26	1762	1761_TomHanks_26_m
73	DyanCannon	26	AGE26	15251	15250_DyanCannon_26_f
487	JaneWyman	26	AGE26	13145	13144_JaneWyman_26_f
21	JamesStewart	26	AGE26	8639	8638_JamesStewart_26_m
7	DonnaDouglas	26	AGE26	10971	10970_DonnaDouglas_26_f
345	JuliaRoberts	26	AGE26	11462	11461_JuliaRoberts_26_f
236	VeronicaLake	26	AGE26	15928	15927_VeronicaLake_26_f
331	SamElliott	26	AGE26	2872	2871_SamElliott_26_m
17	LuiseRainer	26	AGE26	10659	10658_LuiseRainer_26_f
556	CarlosSantana	26	AGE26	4492	4491_CarlosSantana_26_m
271	RichardAttenborough	26	AGE26	8719	8718_RichardAttenborough_26_m
176	RodTaylor	26	AGE26	2256	2255_RodTaylor_26_m
148	WillSmith 	26	AGE26	16061	16060_WillSmith _26_m
70	PamelaSueMartin	26	AGE26	15760	15759_PamelaSueMartin_26_f
460	AnneBaxter	26	AGE26	12519	12518_AnneBaxter_26_f
293	PeterGraves	26	AGE26	6671	6670_PeterGraves_26_m
157	angelamerkel	26	AGE26	541	540_angelamerkel_26_f
416	JohnHuston	26	AGE26	5990	5989_JohnHuston_26_m
503	JeanPaulBelmondo	26	AGE26	7127	7126_JeanPaulBelmondo_26_m
84	AngelaLansbury	26	AGE26	11953	11952_AngelaLansbury_26_f
368	BettyGarrett	26	AGE26	15044	15043_BettyGarrett_26_f
424	GraceKelly	26	AGE26	13059	13058_GraceKelly_26_f
110	MargaretThatcher	26	AGE26	559	558_MargaretThatcher_26_f
43	AnnMiller	26	AGE26	15013	15012_AnnMiller_26_f
294	JamieLeeCurtis	26	AGE26	12676	12675_JamieLeeCurtis_26_f
151	AnnieGirardot	26	AGE26	13876	13875_AnnieGirardot_26_f
468	BetteDavis	26	AGE26	13346	13345_BetteDavis_26_f
151	AnnieGirardot	26	AGE26	13877	13876_AnnieGirardot_26_f
473	LizaMinelli	26	AGE26	11153	11152_LizaMinelli_26_f
370	PeterOToole	26	AGE26	5636	5635_PeterOToole_26_m
210	JeanPeters	26	AGE26	13591	13590_JeanPeters_26_f
129	AlCorley	26	AGE26	1598	1597_AlCorley_26_m
506	MargeChampion	26	AGE26	11596	11595_MargeChampion_26_f
453	DaliahLavi	26	AGE26	10943	10942_DaliahLavi_26_f
379	JamesCagney	26	AGE26	6371	6370_JamesCagney_26_m
110	MargaretThatcher	26	AGE26	574	573_MargaretThatcher_26_f
428	OmarSharif	26	AGE26	3639	3638_OmarSharif_26_m
476	RaquelWelch	26	AGE26	10829	10828_RaquelWelch_26_f
310	KevinBacon	26	AGE26	2709	2708_KevinBacon_26_m
309	WilliamDafoe	26	AGE26	4459	4458_WilliamDafoe_26_m
221	JulieBishop	26	AGE26	15530	15529_JulieBishop_26_f
37	JoanneWoodward	26	AGE26	12255	12254_JoanneWoodward_26_f
257	HorstBuchholz	26	AGE26	8037	8036_HorstBuchholz_26_m
109	MariaCallas	26	AGE26	22	21_MariaCallas_26_f
518	RomanPolanski	26	AGE26	4880	4879_RomanPolanski_26_m
207	BillCosby	26	AGE26	16186	16185_BillCosby_26_m
380	TomasMilian	26	AGE26	3887	3886_TomasMilian_26_m
244	JeffGoldblum	26	AGE26	4651	4650_JeffGoldblum_26_m
38	BarbaraBouchet	26	AGE26	11849	11848_BarbaraBouchet_26_f
307	GiulianoGemma	26	AGE26	7980	7979_GiulianoGemma_26_m
27	LaurenBacall	26	AGE26	11566	11565_LaurenBacall_26_f
534	AlbertoSordi	26	AGE26	7749	7748_AlbertoSordi_26_m
565	MelGibson	26	AGE26	2140	2139_MelGibson_26_m
157	angelamerkel	26	AGE26	546	545_angelamerkel_26_f
544	GeorgeCScott	26	AGE26	9009	9008_GeorgeCScott_26_m
304	DavidNiven	26	AGE26	7028	7027_DavidNiven_26_m
372	BernadetteLafont	26	AGE26	14866	14865_BernadetteLafont_26_f
56	AudreyHepburn	26	AGE26	14546	14545_AudreyHepburn_26_f
6	Carroll	26	AGE26	16295	16294_Carroll_26_f
212	NormaShearer	26	AGE26	13715	13714_NormaShearer_26_f
301	JudyGarland	26	AGE26	14044	14043_JudyGarland_26_f
531	TimothyDalton	26	AGE26	4964	4963_TimothyDalton_26_m
373	BobDylan	26	AGE26	1657	1656_BobDylan_26_m
505	GingerRogers	26	AGE26	13463	13462_GingerRogers_26_f
530	SimonMacCorkindale	26	AGE26	8350	8349_SimonMacCorkindale_26_m
423	JoanCusack	26	AGE26	10141	10140_JoanCusack_26_f
214	JoanLeslie	26	AGE26	10172	10171_JoanLeslie_26_f
215	JulieHagerty	26	AGE26	15554	15553_JulieHagerty_26_f
247	MichaelYork	26	AGE26	3561	3560_MichaelYork_26_m
10	JeffDaniels	26	AGE26	3350	3349_JeffDaniels_26_m
153	GaryOldman	26	AGE26	2541	2540_GaryOldman_26_m
547	RuthGordon	26	AGE26	12879	12878_RuthGordon_26_f
126	JamesArness	26	AGE26	6334	6333_JamesArness_26_m
299	GeorgeMontgomery	26	AGE26	9313	9312_GeorgeMontgomery_26_m
420	MaryTylerMoore	26	AGE26	12811	12810_MaryTylerMoore_26_f
505	GingerRogers	26	AGE26	13472	13471_GingerRogers_26_f
112	MickeyRooney	26	AGE26	7413	7412_MickeyRooney_26_m
250	IsabelleHuppert	26	AGE26	12649	12648_IsabelleHuppert_26_f
154	JeanneMoreau	26	AGE26	11046	11045_JeanneMoreau_26_f
418	DeborahKerr	26	AGE26	13960	13959_DeborahKerr_26_f
85	JodieFoster	26	AGE26	11094	11093_JodieFoster_26_f
295	JanetEllis	26	AGE26	15429	15428_JanetEllis_26_f
57	AlikiBoug	26	AGE26	12547	12546_AlikiBoug_26_f
295	JanetEllis	26	AGE26	15430	15429_JanetEllis_26_f
504	BeverlyRoberts	26	AGE26	14564	14563_BeverlyRoberts_26_f
152	MaryPickford	26	AGE26	14418	14417_MaryPickford_26_f
34	MireilleDarc	26	AGE26	11657	11656_MireilleDarc_26_f
19	EdwardFox	26	AGE26	1901	1900_EdwardFox_26_m
27	LaurenBacall	26	AGE26	11541	11540_LaurenBacall_26_f
251	St╨ТphaneAudran	26	AGE26	15856	15855_St╨ТphaneAudran_26_f
57	AlikiBoug	26	AGE26	12532	12531_AlikiBoug_26_f
89	PatriciaNeal	26	AGE26	13721	13720_PatriciaNeal_26_f
419	ShirleyJones	26	AGE26	11247	11246_ShirleyJones_26_f
217	MargaretOBrien	26	AGE26	12796	12795_MargaretOBrien_26_f
469	ClaudiaCardinale	26	AGE26	12982	12981_ClaudiaCardinale_26_f
548	CatherineDeneuve	26	AGE26	12947	12946_CatherineDeneuve_26_f
364	SarahDouglas	26	AGE26	15787	15786_SarahDouglas_26_f
246	LeifErickson	26	AGE26	7275	7274_LeifErickson_26_m
26	FayeDunaway	26	AGE26	10504	10503_FayeDunaway_26_f
82	MarcelloMastroianni	26	AGE26	9569	9568_MarcelloMastroianni_26_m
450	RobertOppenheimer	26	AGE26	1244	1243_RobertOppenheimer_26_m
163	CharlieSheen	26	AGE26	4026	4025_CharlieSheen_26_m
161	MaggieSmith	26	AGE26	10724	10723_MaggieSmith_26_f
363	GretaGarbo	26	AGE26	13091	13090_GretaGarbo_26_f
1	HerbertLom	26	AGE26	5841	5840_HerbertLom_26_m
312	JohnnyCash	26	AGE26	6481	6480_JohnnyCash_26_m
17	LuiseRainer	26	AGE26	10645	10644_LuiseRainer_26_f
204	LilliPalmer	26	AGE26	13667	13666_LilliPalmer_26_f
412	BeaArthur	26	AGE26	11885	11884_BeaArthur_26_f
262	MarlonBrando	26	AGE26	9123	9122_MarlonBrando_26_m
133	LeeJCobb	26	AGE26	6549	6548_LeeJCobb_26_m
203	DebraPaget	26	AGE26	15228	15227_DebraPaget_26_f
258	FredMacMurray	26	AGE26	8947	8946_FredMacMurray_26_m
26	FayeDunaway	26	AGE26	10503	10502_FayeDunaway_26_f
529	RichardBurton	26	AGE26	9193	9192_RichardBurton_26_m
159	PierceBrosnan	26	AGE26	4784	4783_PierceBrosnan_26_m
411	LeslieNielsen	26	AGE26	8112	8111_LeslieNielsen_26_m
288	AnitaEkberg	26	AGE26	10341	10340_AnitaEkberg_26_f
17	LuiseRainer	26	AGE26	10639	10638_LuiseRainer_26_f
135	RichardPryor	26	AGE26	16223	16222_RichardPryor_26_m
288	AnitaEkberg	26	AGE26	10340	10339_AnitaEkberg_26_f
382	GilbertRoland	26	AGE26	7943	7942_GilbertRoland_26_m
149	AlecGuinness	26	AGE26	8774	8773_AlecGuinness_26_m
89	PatriciaNeal	27	AGE27	13724	13723_PatriciaNeal_27_f
81	EdwigeFenech	27	AGE27	15300	15299_EdwigeFenech_27_f
483	Bono	27	AGE27	1534	1533_Bono_27_m
286	CydCharisse	27	AGE27	15179	15178_CydCharisse_27_f
419	ShirleyJones	27	AGE27	11248	11247_ShirleyJones_27_f
548	CatherineDeneuve	27	AGE27	12948	12947_CatherineDeneuve_27_f
2	RoyRogers	27	AGE27	5692	5691_RoyRogers_27_m
420	MaryTylerMoore	27	AGE27	12812	12811_MaryTylerMoore_27_f
120	TomJones	27	AGE27	9758	9757_TomJones_27_f
88	StacyKeach	27	AGE27	3799	3798_StacyKeach_27_m
296	JaneRussell	27	AGE27	13112	13111_JaneRussell_27_f
423	JoanCusack	27	AGE27	10142	10141_JoanCusack_27_f
316	MegRyan	27	AGE27	9675	9674_MegRyan_27_f
222	JhonLenon	27	AGE27	174	173_JhonLenon_27_m
418	DeborahKerr	27	AGE27	13965	13964_DeborahKerr_27_f
409	RexHarrison	27	AGE27	6710	6709_RexHarrison_27_m
518	RomanPolanski	27	AGE27	4881	4880_RomanPolanski_27_m
295	JanetEllis	27	AGE27	15431	15430_JanetEllis_27_f
540	JeanClaudeVanDamme	27	AGE27	9043	9042_JeanClaudeVanDamme_27_m
211	AnjelicaHuston	27	AGE27	11813	11812_AnjelicaHuston_27_f
187	JenniferJones	27	AGE27	14598	14597_JenniferJones_27_f
54	KevinSpacey	27	AGE27	3410	3409_KevinSpacey_27_m
526	AngieDickinson	27	AGE27	12416	12415_AngieDickinson_27_f
556	CarlosSantana	27	AGE27	4493	4492_CarlosSantana_27_m
136	LawrenceTierney	27	AGE27	9086	9085_LawrenceTierney_27_m
8	SimoneSignoret	27	AGE27	14844	14843_SimoneSignoret_27_f
79	JudyDavis	27	AGE27	9825	9824_JudyDavis_27_f
222	JhonLenon	27	AGE27	180	179_JhonLenon_27_m
468	BetteDavis	27	AGE27	13347	13346_BetteDavis_27_f
202	JudyHolliday	27	AGE27	14077	14076_JudyHolliday_27_f
187	JenniferJones	27	AGE27	14594	14593_JenniferJones_27_f
202	JudyHolliday	27	AGE27	14061	14060_JudyHolliday_27_f
232	ConnieBooth	27	AGE27	15148	15147_ConnieBooth_27_f
513	DonnaReed	27	AGE27	12575	12574_DonnaReed_27_f
199	CharltonHeaston	27	AGE27	8880	8879_CharltonHeaston_27_m
234	MyrnaLoy	27	AGE27	12369	12368_MyrnaLoy_27_f
397	GeraldineChaplin	27	AGE27	13022	13021_GeraldineChaplin_27_f
142	JanetGaynor	27	AGE27	14251	14250_JanetGaynor_27_f
313	LeslieCaron	27	AGE27	3448	3447_LeslieCaron_27_m
298	FrankSinatra	27	AGE27	8634	8633_FrankSinatra_27_m
338	FrancescaAnnis	27	AGE27	12137	12136_FrancescaAnnis_27_f
223	ElkeSommer	27	AGE27	9948	9947_ElkeSommer_27_f
471	ClaudetteColbert	27	AGE27	14675	14674_ClaudetteColbert_27_f
119	AlanYoung	27	AGE27	1871	1870_AlanYoung_27_m
315	DirkBogarde	27	AGE27	6228	6227_DirkBogarde_27_m
517	GeraldinePage	27	AGE27	14192	14191_GeraldinePage_27_f
490	Gaddafi	27	AGE27	949	948_Gaddafi_27_m
17	LuiseRainer	27	AGE27	10651	10650_LuiseRainer_27_f
482	JuneLockhart	27	AGE27	11119	11118_JuneLockhart_27_f
17	LuiseRainer	27	AGE27	10679	10678_LuiseRainer_27_f
80	KathrynGrayson	27	AGE27	15672	15671_KathrynGrayson_27_f
215	JulieHagerty	27	AGE27	15555	15554_JulieHagerty_27_f
396	JeremyKemp	27	AGE27	2635	2634_JeremyKemp_27_m
314	YannisRitsos	27	AGE27	1514	1513_YannisRitsos_27_m
26	FayeDunaway	27	AGE27	10505	10504_FayeDunaway_27_f
53	JulieChristie	27	AGE27	11508	11507_JulieChristie_27_f
551	JeanetteMacDonald	27	AGE27	15462	15461_JeanetteMacDonald_27_f
547	RuthGordon	27	AGE27	12880	12879_RuthGordon_27_f
212	NormaShearer	27	AGE27	13707	13706_NormaShearer_27_f
212	NormaShearer	27	AGE27	13691	13690_NormaShearer_27_f
557	DavidMcCallum	27	AGE27	5222	5221_DavidMcCallum_27_m
231	AnthonyAndrews	27	AGE27	5033	5032_AnthonyAndrews_27_m
277	AliMacGraw	27	AGE27	9915	9914_AliMacGraw_27_f
199	CharltonHeaston	27	AGE27	8860	8859_CharltonHeaston_27_m
525	BoDerek	27	AGE27	9649	9648_BoDerek_27_f
315	DirkBogarde	27	AGE27	6227	6226_DirkBogarde_27_m
126	JamesArness	27	AGE27	6335	6334_JamesArness_27_m
301	JudyGarland	27	AGE27	14045	14044_JudyGarland_27_f
27	LaurenBacall	27	AGE27	11565	11564_LaurenBacall_27_f
431	RobertRedford	27	AGE27	4821	4820_RobertRedford_27_m
224	campbell	27	AGE27	16281	16280_campbell_27_f
297	TildaSwinton	27	AGE27	11764	11763_TildaSwinton_27_f
222	JhonLenon	27	AGE27	197	196_JhonLenon_27_m
276	AnthonyPerkins	27	AGE27	8786	8785_AnthonyPerkins_27_m
17	LuiseRainer	27	AGE27	10647	10646_LuiseRainer_27_f
99	YvonneDeCarlo	27	AGE27	14606	14605_YvonneDeCarlo_27_f
437	MarisaPavan	27	AGE27	3493	3492_MarisaPavan_27_m
98	RichardChamberlain	27	AGE27	8270	8269_RichardChamberlain_27_m
317	BillMurray	27	AGE27	2388	2387_BillMurray_27_m
4	CaryGrant	27	AGE27	6101	6100_CaryGrant_27_m
476	RaquelWelch	27	AGE27	10830	10829_RaquelWelch_27_f
426	TheodorakisMikis	27	AGE27	240	239_TheodorakisMikis_27_m
308	JanetLeigh	27	AGE27	12707	12706_JanetLeigh_27_f
310	KevinBacon	27	AGE27	2710	2709_KevinBacon_27_m
96	JackColeman	27	AGE27	3296	3295_JackColeman_27_m
520	MaryTamm	27	AGE27	15735	15734_MaryTamm_27_f
424	GraceKelly	27	AGE27	13078	13077_GraceKelly_27_f
326	SteveKanaly	27	AGE27	3838	3837_SteveKanaly_27_m
293	PeterGraves	27	AGE27	6672	6671_PeterGraves_27_m
307	GiulianoGemma	27	AGE27	7981	7980_GiulianoGemma_27_m
429	JoanLorring	27	AGE27	13176	13175_JoanLorring_27_f
193	GeorgePeppard	27	AGE27	7905	7904_GeorgePeppard_27_m
138	RomySchneider	27	AGE27	14095	14094_RomySchneider_27_f
37	JoanneWoodward	27	AGE27	12257	12256_JoanneWoodward_27_f
311	MonicaVitti	27	AGE27	11182	11181_MonicaVitti_27_f
14	StevenSpielberg	27	AGE27	6831	6830_StevenSpielberg_27_m
17	LuiseRainer	27	AGE27	10638	10637_LuiseRainer_27_f
432	JenniferAniston	27	AGE27	12741	12740_JenniferAniston_27_f
549	GoldieHawn	27	AGE27	10005	10004_GoldieHawn_27_f
91	DickieMoore	27	AGE27	6201	6200_DickieMoore_27_m
226	TommySands	27	AGE27	3928	3927_TommySands_27_m
221	JulieBishop	27	AGE27	15531	15530_JulieBishop_27_f
323	JohnJames	27	AGE27	2026	2025_JohnJames_27_m
484	JackLarson	27	AGE27	5928	5927_JackLarson_27_m
227	KennethBranagh	27	AGE27	5425	5424_KennethBranagh_27_m
228	SophiaLoren	27	AGE27	11279	11278_SophiaLoren_27_f
24	HelenHunt	27	AGE27	10041	10040_HelenHunt_27_f
25	ShirleyMacLaine	27	AGE27	13248	13247_ShirleyMacLaine_27_f
309	WilliamDafoe	27	AGE27	4461	4460_WilliamDafoe_27_m
309	WilliamDafoe	27	AGE27	4460	4459_WilliamDafoe_27_m
429	JoanLorring	27	AGE27	6436	6435_JoanLorring_27_m
132	AlexanderGrahamBell	27	AGE27	1253	1252_AlexanderGrahamBell_27_m
82	MarcelloMastroianni	27	AGE27	9570	9569_MarcelloMastroianni_27_m
319	RingoStarr	27	AGE27	3687	3686_RingoStarr_27_m
137	SidneyPoitier	27	AGE27	16151	16150_SidneyPoitier_27_m
38	BarbaraBouchet	27	AGE27	11850	11849_BarbaraBouchet_27_f
17	LuiseRainer	27	AGE27	10666	10665_LuiseRainer_27_f
229	Myl╨ЪneDemongeot	27	AGE27	12851	12850_Myl╨ЪneDemongeot_27_f
523	MartinSheen	27	AGE27	3518	3517_MartinSheen_27_m
550	RalphMacchio	27	AGE27	4348	4347_RalphMacchio_27_m
285	RyanONeal	27	AGE27	2845	2844_RyanONeal_27_m
473	LizaMinelli	27	AGE27	11154	11153_LizaMinelli_27_f
208	ShelleyWinters	27	AGE27	14754	14753_ShelleyWinters_27_f
329	MargaretNolan	27	AGE27	15710	15709_MargaretNolan_27_f
294	JamieLeeCurtis	27	AGE27	12677	12676_JamieLeeCurtis_27_f
129	AlCorley	27	AGE27	1599	1598_AlCorley_27_m
288	AnitaEkberg	27	AGE27	10342	10341_AnitaEkberg_27_f
17	LuiseRainer	27	AGE27	10675	10674_LuiseRainer_27_f
210	JeanPeters	27	AGE27	13592	13591_JeanPeters_27_f
331	SamElliott	27	AGE27	2873	2872_SamElliott_27_m
312	JohnnyCash	27	AGE27	6482	6481_JohnnyCash_27_m
295	JanetEllis	27	AGE27	15432	15431_JanetEllis_27_f
545	FriedrichNietzsche	27	AGE27	1432	1431_FriedrichNietzsche_27_m
17	LuiseRainer	27	AGE27	10660	10659_LuiseRainer_27_f
513	DonnaReed	27	AGE27	12576	12575_DonnaReed_27_f
85	JodieFoster	27	AGE27	11095	11094_JodieFoster_27_f
194	JaneFonda	27	AGE27	10110	10109_JaneFonda_27_f
424	GraceKelly	27	AGE27	13065	13064_GraceKelly_27_f
469	ClaudiaCardinale	27	AGE27	12983	12982_ClaudiaCardinale_27_f
435	DebbieReynolds	27	AGE27	12028	12027_DebbieReynolds_27_f
279	DorisDay	27	AGE27	9714	9713_DorisDay_27_f
120	TomJones	27	AGE27	1837	1836_TomJones_27_m
304	DavidNiven	27	AGE27	7029	7028_DavidNiven_27_m
430	HelenHayes	27	AGE27	13526	13525_HelenHayes_27_f
52	IngridBergman	27	AGE27	14230	14229_IngridBergman_27_f
487	JaneWyman	27	AGE27	13146	13145_JaneWyman_27_f
84	AngelaLansbury	27	AGE27	11954	11953_AngelaLansbury_27_f
514	LindaEvans	27	AGE27	10609	10608_LindaEvans_27_f
330	JuneAllyson	27	AGE27	13662	13661_JuneAllyson_27_f
190	ClintWalker	27	AGE27	4052	4051_ClintWalker_27_m
555	GeneWilder	27	AGE27	2574	2573_GeneWilder_27_m
551	JeanetteMacDonald	27	AGE27	15464	15463_JeanetteMacDonald_27_f
542	IanMcKellen	27	AGE27	3264	3263_IanMcKellen_27_m
330	JuneAllyson	27	AGE27	13640	13639_JuneAllyson_27_f
401	ErinGray	27	AGE27	15338	15337_ErinGray_27_f
203	DebraPaget	27	AGE27	15230	15229_DebraPaget_27_f
330	JuneAllyson	27	AGE27	13641	13640_JuneAllyson_27_f
196	KimNovak	27	AGE27	9857	9856_KimNovak_27_f
203	DebraPaget	27	AGE27	15229	15228_DebraPaget_27_f
97	SerenaWilliams	27	AGE27	16482	16481_SerenaWilliams_27_f
50	PeggyLipton	27	AGE27	10802	10801_PeggyLipton_27_f
463	OrnellaMuti	27	AGE27	10764	10763_OrnellaMuti_27_f
219	DerekJacobi	27	AGE27	3161	3160_DerekJacobi_27_m
524	MaureenOHara	27	AGE27	11628	11627_MaureenOHara_27_f
23	VirnaLisi	27	AGE27	11334	11333_VirnaLisi_27_f
317	BillMurray	27	AGE27	2389	2388_BillMurray_27_m
512	WilliamHolden	27	AGE27	8468	8467_WilliamHolden_27_m
299	GeorgeMontgomery	27	AGE27	9314	9313_GeorgeMontgomery_27_m
346	GloriaSwanson	27	AGE27	13978	13977_GloriaSwanson_27_f
150	RitaLeviMontalcini	27	AGE27	1306	1305_RitaLeviMontalcini_27_f
390	Garycooper	27	AGE27	7089	7088_Garycooper_27_m
113	GladysCooper	27	AGE27	13497	13496_GladysCooper_27_f
257	HorstBuchholz	27	AGE27	8038	8037_HorstBuchholz_27_m
459	WilliamShatner	27	AGE27	6061	6060_WilliamShatner_27_m
237	KathleenTurner	27	AGE27	12757	12756_KathleenTurner_27_f
159	PierceBrosnan	27	AGE27	4785	4784_PierceBrosnan_27_m
364	SarahDouglas	27	AGE27	15788	15787_SarahDouglas_27_f
348	VivienLeigh	27	AGE27	14157	14156_VivienLeigh_27_f
381	TonyCurtis	27	AGE27	7647	7646_TonyCurtis_27_m
145	DonJohnson	27	AGE27	2506	2505_DonJohnson_27_m
348	VivienLeigh	27	AGE27	14148	14147_VivienLeigh_27_f
258	FredMacMurray	27	AGE27	8948	8947_FredMacMurray_27_m
13	CatherineSchell	27	AGE27	15113	15112_CatherineSchell_27_f
269	BenGazzara	27	AGE27	5766	5765_BenGazzara_27_m
389	JaneBirkin	27	AGE27	10073	10072_JaneBirkin_27_f
363	GretaGarbo	27	AGE27	13092	13091_GretaGarbo_27_f
268	WarrenBeatty	27	AGE27	4997	4996_WarrenBeatty_27_m
236	VeronicaLake	27	AGE27	15929	15928_VeronicaLake_27_f
3	ArnoldSchwarzenegger	27	AGE27	8822	8821_ArnoldSchwarzenegger_27_m
44	VincentPrice	27	AGE27	7708	7707_VincentPrice_27_m
440	RayDanton	27	AGE27	5658	5657_RayDanton_27_m
439	IsabelleAdjani	27	AGE27	12230	12229_IsabelleAdjani_27_f
252	ErnestRutherford	27	AGE27	1183	1182_ErnestRutherford_27_m
565	MelGibson	27	AGE27	2141	2140_MelGibson_27_m
534	AlbertoSordi	27	AGE27	7747	7746_AlbertoSordi_27_m
151	AnnieGirardot	27	AGE27	13878	13877_AnnieGirardot_27_f
113	GladysCooper	27	AGE27	7106	7105_GladysCooper_27_m
67	JamesCaan	27	AGE27	1982	1981_JamesCaan_27_m
271	RichardAttenborough	27	AGE27	8720	8719_RichardAttenborough_27_m
368	BettyGarrett	27	AGE27	15045	15044_BettyGarrett_27_f
144	SusannahYork	27	AGE27	14117	14116_SusannahYork_27_f
7	DonnaDouglas	27	AGE27	10972	10971_DonnaDouglas_27_f
503	JeanPaulBelmondo	27	AGE27	7128	7127_JeanPaulBelmondo_27_m
254	Thanasisveggos	27	AGE27	9416	9415_Thanasisveggos_27_m
380	TomasMilian	27	AGE27	3888	3887_TomasMilian_27_m
530	SimonMacCorkindale	27	AGE27	8351	8350_SimonMacCorkindale_27_m
246	LeifErickson	27	AGE27	7276	7275_LeifErickson_27_m
367	LiamNeeson	27	AGE27	2744	2743_LiamNeeson_27_m
367	LiamNeeson	27	AGE27	2743	2742_LiamNeeson_27_m
103	Houston	27	AGE27	16390	16389_Houston_27_f
458	JeanMarais	27	AGE27	5953	5952_JeanMarais_27_m
449	ZsaZsaGabor	27	AGE27	11367	11366_ZsaZsaGabor_27_f
20	JohnTravolta	27	AGE27	4695	4694_JohnTravolta_27_m
382	GilbertRoland	27	AGE27	7944	7943_GilbertRoland_27_m
527	JohnGarfield	27	AGE27	7165	7164_JohnGarfield_27_m
353	ArmandAssante	27	AGE27	5114	5113_ArmandAssante_27_m
358	NicolasSarkozy	27	AGE27	5520	5519_NicolasSarkozy_27_m
499	AmandaBlake	27	AGE27	14948	14947_AmandaBlake_27_f
240	ErrolFlynn	27	AGE27	6281	6280_ErrolFlynn_27_m
527	JohnGarfield	27	AGE27	7166	7165_JohnGarfield_27_m
263	JanePowell	27	AGE27	15382	15381_JanePowell_27_f
63	PeggyAshcroft	27	AGE27	14451	14450_PeggyAshcroft_27_f
563	PaulAnka	27	AGE27	81	80_PaulAnka_27_m
385	UrsulaAndress	27	AGE27	12380	12379_UrsulaAndress_27_f
265	BurtReynolds	27	AGE27	3978	3977_BurtReynolds_27_m
355	CelesteHolm	27	AGE27	13375	13374_CelesteHolm_27_f
166	AnnJillian	27	AGE27	14980	14979_AnnJillian_27_f
115	BarbaraBain	27	AGE27	10403	10402_BarbaraBain_27_f
508	VictorMature	27	AGE27	8407	8406_VictorMature_27_m
264	LexBarker	27	AGE27	6575	6574_LexBarker_27_m
240	ErrolFlynn	27	AGE27	6271	6270_ErrolFlynn_27_m
70	PamelaSueMartin	27	AGE27	15761	15760_PamelaSueMartin_27_f
357	KathyBates	27	AGE27	10221	10220_KathyBates_27_f
148	WillSmith 	27	AGE27	16062	16061_WillSmith _27_m
169	Turner	27	AGE27	16418	16417_Turner_27_f
266	MickJagger	27	AGE27	128	127_MickJagger_27_m
445	JohnCassavetes	27	AGE27	8660	8659_JohnCassavetes_27_m
172	ChristopherEccleston	27	AGE27	8884	8883_ChristopherEccleston_27_m
32	BonnieHunt	27	AGE27	15083	15082_BonnieHunt_27_f
362	CyndiLauper	27	AGE27	11430	11429_CyndiLauper_27_f
268	WarrenBeatty	27	AGE27	4991	4990_WarrenBeatty_27_m
564	SusanHayward	27	AGE27	14488	14487_SusanHayward_27_f
460	AnneBaxter	27	AGE27	12498	12497_AnneBaxter_27_f
529	RichardBurton	27	AGE27	9203	9202_RichardBurton_27_m
171	EmmaThompson	27	AGE27	11027	11026_EmmaThompson_27_f
259	ChristopherWalken	27	AGE27	6991	6990_ChristopherWalken_27_m
453	DaliahLavi	27	AGE27	10944	10943_DaliahLavi_27_f
266	MickJagger	27	AGE27	2778	2777_MickJagger_27_m
34	MireilleDarc	27	AGE27	11658	11657_MireilleDarc_27_f
496	GlendaJackson	27	AGE27	12163	12162_GlendaJackson_27_f
387	MartinLutherKing	27	AGE27	15965	15964_MartinLutherKing_27_m
260	AmandaRedman	27	AGE27	13273	13272_AmandaRedman_27_f
43	AnnMiller	27	AGE27	15014	15013_AnnMiller_27_f
105	KatharineRoss	27	AGE27	15631	15630_KatharineRoss_27_f
266	MickJagger	27	AGE27	112	111_MickJagger_27_m
146	RicardoMontalb╨░n	27	AGE27	9535	9534_RicardoMontalb╨░n_27_m
444	RitaHayworth	27	AGE27	13778	13777_RitaHayworth_27_f
387	MartinLutherKing	27	AGE27	15943	15942_MartinLutherKing_27_m
35	LouisJourdan	27	AGE27	7339	7338_LouisJourdan_27_m
264	LexBarker	27	AGE27	6576	6575_LexBarker_27_m
6	Carroll	27	AGE27	16297	16296_Carroll_27_f
152	MaryPickford	27	AGE27	14393	14392_MaryPickford_27_f
153	GaryOldman	27	AGE27	2542	2541_GaryOldman_27_m
373	BobDylan	27	AGE27	1658	1657_BobDylan_27_m
251	St╨ТphaneAudran	27	AGE27	15857	15856_St╨ТphaneAudran_27_f
490	Gaddafi	27	AGE27	963	962_Gaddafi_27_m
143	BarbraStreisand	27	AGE27	12909	12908_BarbraStreisand_27_f
247	MichaelYork	27	AGE27	3562	3561_MichaelYork_27_m
152	MaryPickford	27	AGE27	14414	14413_MaryPickford_27_f
505	GingerRogers	27	AGE27	13461	13460_GingerRogers_27_f
490	Gaddafi	27	AGE27	948	947_Gaddafi_27_m
372	BernadetteLafont	27	AGE27	14867	14866_BernadetteLafont_27_f
57	AlikiBoug	27	AGE27	12551	12550_AlikiBoug_27_f
539	KristinScottThomas	27	AGE27	14330	14329_KristinScottThomas_27_f
343	PaulmcCartney	27	AGE27	144	143_PaulmcCartney_27_m
19	EdwardFox	27	AGE27	1902	1901_EdwardFox_27_m
343	PaulmcCartney	27	AGE27	158	157_PaulmcCartney_27_m
100	LyleTalbot	27	AGE27	7369	7368_LyleTalbot_27_m
273	JoanCrawford	27	AGE27	14297	14296_JoanCrawford_27_f
101	EdwardTeller	27	AGE27	1035	1034_EdwardTeller_27_m
68	KevinCostner	27	AGE27	4262	4261_KevinCostner_27_m
505	GingerRogers	27	AGE27	13464	13463_GingerRogers_27_f
17	LuiseRainer	27	AGE27	10646	10645_LuiseRainer_27_f
343	PaulmcCartney	27	AGE27	134	133_PaulmcCartney_27_m
177	OliviaHussey	27	AGE27	11703	11702_OliviaHussey_27_f
377	TomHulce	27	AGE27	1801	1800_TomHulce_27_m
154	JeanneMoreau	27	AGE27	11047	11046_JeanneMoreau_27_f
457	JeffBridges	27	AGE27	3328	3327_JeffBridges_27_m
462	KateOMara	27	AGE27	15584	15583_KateOMara_27_f
55	JamesWoods	27	AGE27	2606	2605_JamesWoods_27_m
234	MyrnaLoy	27	AGE27	12345	12344_MyrnaLoy_27_f
248	MartinScorsese	27	AGE27	5476	5475_MartinScorsese_27_m
56	AudreyHepburn	27	AGE27	14547	14546_AudreyHepburn_27_f
272	ElvisPresley	27	AGE27	214	213_ElvisPresley_27_m
67	JamesCaan	27	AGE27	1981	1980_JamesCaan_27_m
490	Gaddafi	27	AGE27	952	951_Gaddafi_27_m
273	JoanCrawford	27	AGE27	14276	14275_JoanCrawford_27_f
152	MaryPickford	27	AGE27	14394	14393_MaryPickford_27_f
235	SilvanaMangano	27	AGE27	14797	14796_SilvanaMangano_27_f
11	MichaelSarrazin	27	AGE27	9130	9129_MichaelSarrazin_27_m
250	IsabelleHuppert	27	AGE27	12650	12649_IsabelleHuppert_27_f
56	AudreyHepburn	27	AGE27	14529	14528_AudreyHepburn_27_f
101	EdwardTeller	27	AGE27	1048	1047_EdwardTeller_27_m
179	LorettaYoung	27	AGE27	14366	14365_LorettaYoung_27_f
123	Dee	28	AGE28	16342	16341_Dee_28_f
261	KlausKinski	28	AGE28	6520	6519_KlausKinski_28_m
61	RonaldReagan	28	AGE28	721	720_RonaldReagan_28_m
202	JudyHolliday	28	AGE28	14080	14079_JudyHolliday_28_f
260	AmandaRedman	28	AGE28	13274	13273_AmandaRedman_28_f
202	JudyHolliday	28	AGE28	14063	14062_JudyHolliday_28_f
259	ChristopherWalken	28	AGE28	6992	6991_ChristopherWalken_28_m
19	EdwardFox	28	AGE28	1903	1902_EdwardFox_28_m
543	JohnDerek	28	AGE28	5345	5344_JohnDerek_28_m
17	LuiseRainer	28	AGE28	10652	10651_LuiseRainer_28_f
38	BarbaraBouchet	28	AGE28	11851	11850_BarbaraBouchet_28_f
17	LuiseRainer	28	AGE28	10682	10681_LuiseRainer_28_f
15	AnneBancroft	28	AGE28	13852	13851_AnneBancroft_28_f
382	GilbertRoland	28	AGE28	7945	7944_GilbertRoland_28_m
468	BetteDavis	28	AGE28	13348	13347_BetteDavis_28_f
413	EnricoFermi	28	AGE28	1061	1060_EnricoFermi_28_m
529	RichardBurton	28	AGE28	9188	9187_RichardBurton_28_m
4	CaryGrant	28	AGE28	6129	6128_CaryGrant_28_m
564	SusanHayward	28	AGE28	14490	14489_SusanHayward_28_f
312	JohnnyCash	28	AGE28	6483	6482_JohnnyCash_28_m
26	FayeDunaway	28	AGE28	10506	10505_FayeDunaway_28_f
543	JohnDerek	28	AGE28	5344	5343_JohnDerek_28_m
203	DebraPaget	28	AGE28	15231	15230_DebraPaget_28_f
288	AnitaEkberg	28	AGE28	10343	10342_AnitaEkberg_28_f
56	AudreyHepburn	28	AGE28	14523	14522_AudreyHepburn_28_f
222	JhonLenon	28	AGE28	186	185_JhonLenon_28_m
92	RogerMoore	28	AGE28	4857	4856_RogerMoore_28_m
417	StevenBerkoff	28	AGE28	4928	4927_StevenBerkoff_28_m
242	AvaGardner	28	AGE28	13330	13329_AvaGardner_28_f
298	FrankSinatra	28	AGE28	8633	8632_FrankSinatra_28_m
80	KathrynGrayson	28	AGE28	15673	15672_KathrynGrayson_28_f
508	VictorMature	28	AGE28	8408	8407_VictorMature_28_m
431	RobertRedford	28	AGE28	4822	4821_RobertRedford_28_m
471	ClaudetteColbert	28	AGE28	14666	14665_ClaudetteColbert_28_f
316	MegRyan	28	AGE28	9676	9675_MegRyan_28_f
546	SusanSarandon	28	AGE28	11726	11725_SusanSarandon_28_f
62	SteveMcQueen	28	AGE28	9385	9384_SteveMcQueen_28_m
264	LexBarker	28	AGE28	6577	6576_LexBarker_28_m
126	JamesArness	28	AGE28	6336	6335_JamesArness_28_m
215	JulieHagerty	28	AGE28	15556	15555_JulieHagerty_28_f
483	Bono	28	AGE28	1535	1534_Bono_28_m
135	RichardPryor	28	AGE28	16229	16228_RichardPryor_28_m
224	campbell	28	AGE28	16277	16276_campbell_28_f
153	GaryOldman	28	AGE28	2543	2542_GaryOldman_28_m
224	campbell	28	AGE28	16265	16264_campbell_28_f
547	RuthGordon	28	AGE28	12881	12880_RuthGordon_28_f
457	JeffBridges	28	AGE28	3329	3328_JeffBridges_28_m
135	RichardPryor	28	AGE28	16219	16218_RichardPryor_28_m
315	DirkBogarde	28	AGE28	6229	6228_DirkBogarde_28_m
202	JudyHolliday	28	AGE28	14078	14077_JudyHolliday_28_f
358	NicolasSarkozy	28	AGE28	5521	5520_NicolasSarkozy_28_m
214	JoanLeslie	28	AGE28	10173	10172_JoanLeslie_28_f
11	MichaelSarrazin	28	AGE28	9131	9130_MichaelSarrazin_28_m
4	CaryGrant	28	AGE28	6130	6129_CaryGrant_28_m
81	EdwigeFenech	28	AGE28	15301	15300_EdwigeFenech_28_f
163	CharlieSheen	28	AGE28	4027	4026_CharlieSheen_28_m
43	AnnMiller	28	AGE28	15015	15014_AnnMiller_28_f
383	JamesGarner	28	AGE28	4613	4612_JamesGarner_28_m
420	MaryTylerMoore	28	AGE28	12813	12812_MaryTylerMoore_28_f
481	AndreMarieAmp╨Ъre	28	AGE28	1251	1250_AndreMarieAmp╨Ъre_28_m
482	JuneLockhart	28	AGE28	11120	11119_JuneLockhart_28_f
223	ElkeSommer	28	AGE28	9949	9948_ElkeSommer_28_f
212	NormaShearer	28	AGE28	13692	13691_NormaShearer_28_f
115	BarbaraBain	28	AGE28	10404	10403_BarbaraBain_28_f
373	BobDylan	28	AGE28	1659	1658_BobDylan_28_m
471	ClaudetteColbert	28	AGE28	14691	14690_ClaudetteColbert_28_f
445	JohnCassavetes	28	AGE28	8661	8660_JohnCassavetes_28_m
297	TildaSwinton	28	AGE28	11765	11764_TildaSwinton_28_f
62	SteveMcQueen	28	AGE28	9383	9382_SteveMcQueen_28_m
112	MickeyRooney	28	AGE28	7414	7413_MickeyRooney_28_m
148	WillSmith 	28	AGE28	16063	16062_WillSmith _28_m
263	JanePowell	28	AGE28	15383	15382_JanePowell_28_f
412	BeaArthur	28	AGE28	11886	11885_BeaArthur_28_f
212	NormaShearer	28	AGE28	13712	13711_NormaShearer_28_f
123	Dee	28	AGE28	16331	16330_Dee_28_f
251	St╨ТphaneAudran	28	AGE28	15858	15857_St╨ТphaneAudran_28_f
304	DavidNiven	28	AGE28	7030	7029_DavidNiven_28_m
380	TomasMilian	28	AGE28	3889	3888_TomasMilian_28_m
307	GiulianoGemma	28	AGE28	7982	7981_GiulianoGemma_28_m
208	ShelleyWinters	28	AGE28	14782	14781_ShelleyWinters_28_f
503	JeanPaulBelmondo	28	AGE28	7129	7128_JeanPaulBelmondo_28_m
208	ShelleyWinters	28	AGE28	14784	14783_ShelleyWinters_28_f
220	RobertDeNiro	28	AGE28	5685	5684_RobertDeNiro_28_m
158	SpencerTracy	28	AGE28	8378	8377_SpencerTracy_28_m
208	ShelleyWinters	28	AGE28	14757	14756_ShelleyWinters_28_f
377	TomHulce	28	AGE28	1802	1801_TomHulce_28_m
129	AlCorley	28	AGE28	1600	1599_AlCorley_28_m
469	ClaudiaCardinale	28	AGE28	12984	12983_ClaudiaCardinale_28_f
86	MarietteHartley	28	AGE28	10278	10277_MarietteHartley_28_f
84	AngelaLansbury	28	AGE28	11955	11954_AngelaLansbury_28_f
256	PatrickSwayze	28	AGE28	8166	8165_PatrickSwayze_28_m
152	MaryPickford	28	AGE28	14395	14394_MaryPickford_28_f
207	BillCosby	28	AGE28	16184	16183_BillCosby_28_m
83	AlPacino	28	AGE28	1631	1630_AlPacino_28_m
34	MireilleDarc	28	AGE28	11659	11658_MireilleDarc_28_f
424	GraceKelly	28	AGE28	13057	13056_GraceKelly_28_f
2	RoyRogers	28	AGE28	5693	5692_RoyRogers_28_m
27	LaurenBacall	28	AGE28	11532	11531_LaurenBacall_28_f
418	DeborahKerr	28	AGE28	13967	13966_DeborahKerr_28_f
57	AlikiBoug	28	AGE28	12555	12554_AlikiBoug_28_f
155	SteveJobsb	28	AGE28	405	404_SteveJobsb_28_m
424	GraceKelly	28	AGE28	13066	13065_GraceKelly_28_f
295	JanetEllis	28	AGE28	15433	15432_JanetEllis_28_f
48	GenaRowlands	28	AGE28	4125	4124_GenaRowlands_28_m
453	DaliahLavi	28	AGE28	10945	10944_DaliahLavi_28_f
252	ErnestRutherford	28	AGE28	1179	1178_ErnestRutherford_28_m
85	JodieFoster	28	AGE28	11096	11095_JodieFoster_28_f
57	AlikiBoug	28	AGE28	12567	12566_AlikiBoug_28_f
210	JeanPeters	28	AGE28	13593	13592_JeanPeters_28_f
294	JamieLeeCurtis	28	AGE28	12697	12696_JamieLeeCurtis_28_f
246	LeifErickson	28	AGE28	7280	7279_LeifErickson_28_m
518	RomanPolanski	28	AGE28	4882	4881_RomanPolanski_28_m
151	AnnieGirardot	28	AGE28	13879	13878_AnnieGirardot_28_f
131	ElizabethTaylor	28	AGE28	14709	14708_ElizabethTaylor_28_f
506	MargeChampion	28	AGE28	11597	11596_MargeChampion_28_f
368	BettyGarrett	28	AGE28	15046	15045_BettyGarrett_28_f
549	GoldieHawn	28	AGE28	10006	10005_GoldieHawn_28_f
293	PeterGraves	28	AGE28	6673	6672_PeterGraves_28_m
473	LizaMinelli	28	AGE28	11155	11154_LizaMinelli_28_f
545	FriedrichNietzsche	28	AGE28	1433	1432_FriedrichNietzsche_28_m
454	JerryLewis	28	AGE28	2665	2664_JerryLewis_28_m
133	LeeJCobb	28	AGE28	6550	6549_LeeJCobb_28_m
308	JanetLeigh	28	AGE28	12708	12707_JanetLeigh_28_f
217	MargaretOBrien	28	AGE28	12797	12796_MargaretOBrien_28_f
310	KevinBacon	28	AGE28	2711	2710_KevinBacon_28_m
548	CatherineDeneuve	28	AGE28	12949	12948_CatherineDeneuve_28_f
9	FessParker	28	AGE28	7064	7063_FessParker_28_m
15	AnneBancroft	28	AGE28	13856	13855_AnneBancroft_28_f
507	RowanAtkinson	28	AGE28	6781	6780_RowanAtkinson_28_m
363	GretaGarbo	28	AGE28	13093	13092_GretaGarbo_28_f
429	JoanLorring	28	AGE28	13177	13176_JoanLorring_28_f
82	MarcelloMastroianni	28	AGE28	9571	9570_MarcelloMastroianni_28_m
429	JoanLorring	28	AGE28	6437	6436_JoanLorring_28_m
149	AlecGuinness	28	AGE28	8773	8772_AlecGuinness_28_m
423	JoanCusack	28	AGE28	10143	10142_JoanCusack_28_f
204	LilliPalmer	28	AGE28	13668	13667_LilliPalmer_28_f
424	GraceKelly	28	AGE28	13069	13068_GraceKelly_28_f
289	JohnWayne	28	AGE28	7208	7207_JohnWayne_28_m
50	PeggyLipton	28	AGE28	10803	10802_PeggyLipton_28_f
455	AlanRickman	28	AGE28	3006	3005_AlanRickman_28_m
414	LauraDern	28	AGE28	9880	9879_LauraDern_28_f
89	PatriciaNeal	28	AGE28	13722	13721_PatriciaNeal_28_f
479	PeterUstinov	28	AGE28	8207	8206_PeterUstinov_28_m
460	AnneBaxter	28	AGE28	12499	12498_AnneBaxter_28_f
52	IngridBergman	28	AGE28	14226	14225_IngridBergman_28_f
534	AlbertoSordi	28	AGE28	7748	7747_AlbertoSordi_28_m
258	FredMacMurray	28	AGE28	8949	8948_FredMacMurray_28_m
212	NormaShearer	28	AGE28	13703	13702_NormaShearer_28_f
59	MichaelKeaton	28	AGE28	5480	5479_MichaelKeaton_28_m
109	MariaCallas	28	AGE28	11	10_MariaCallas_28_f
53	JulieChristie	28	AGE28	11509	11508_JulieChristie_28_f
476	RaquelWelch	28	AGE28	10831	10830_RaquelWelch_28_f
530	SimonMacCorkindale	28	AGE28	8352	8351_SimonMacCorkindale_28_m
545	FriedrichNietzsche	28	AGE28	1447	1446_FriedrichNietzsche_28_m
257	HorstBuchholz	28	AGE28	8039	8038_HorstBuchholz_28_m
221	JulieBishop	28	AGE28	15532	15531_JulieBishop_28_f
57	AlikiBoug	28	AGE28	12546	12545_AlikiBoug_28_f
507	RowanAtkinson	28	AGE28	6782	6781_RowanAtkinson_28_m
222	JhonLenon	28	AGE28	194	193_JhonLenon_28_m
250	IsabelleHuppert	28	AGE28	12651	12650_IsabelleHuppert_28_f
247	MichaelYork	28	AGE28	3563	3562_MichaelYork_28_m
427	NewmanPaul	28	AGE28	7452	7451_NewmanPaul_28_m
364	SarahDouglas	28	AGE28	15789	15788_SarahDouglas_28_f
519	ChevyChase	28	AGE28	2425	2424_ChevyChase_28_m
501	RayLiotta	28	AGE28	2222	2221_RayLiotta_28_m
419	ShirleyJones	28	AGE28	11249	11248_ShirleyJones_28_f
161	MaggieSmith	28	AGE28	10698	10697_MaggieSmith_28_f
17	LuiseRainer	28	AGE28	10667	10666_LuiseRainer_28_f
459	WilliamShatner	28	AGE28	6062	6061_WilliamShatner_28_m
240	ErrolFlynn	28	AGE28	6272	6271_ErrolFlynn_28_m
550	RalphMacchio	28	AGE28	4349	4348_RalphMacchio_28_m
234	MyrnaLoy	28	AGE28	12370	12369_MyrnaLoy_28_f
385	UrsulaAndress	28	AGE28	12381	12380_UrsulaAndress_28_f
540	JeanClaudeVanDamme	28	AGE28	9044	9043_JeanClaudeVanDamme_28_m
236	VeronicaLake	28	AGE28	15934	15933_VeronicaLake_28_f
401	ErinGray	28	AGE28	15339	15338_ErinGray_28_f
440	RayDanton	28	AGE28	5659	5658_RayDanton_28_m
391	AlKapone	28	AGE28	511	510_AlKapone_28_m
189	MurrayHamilton	28	AGE28	8689	8688_MurrayHamilton_28_m
346	GloriaSwanson	28	AGE28	13979	13978_GloriaSwanson_28_f
176	RodTaylor	28	AGE28	2257	2256_RodTaylor_28_m
21	JamesStewart	28	AGE28	8640	8639_JamesStewart_28_m
31	Ross	28	AGE28	16398	16397_Ross_28_f
13	CatherineSchell	28	AGE28	15117	15116_CatherineSchell_28_f
331	SamElliott	28	AGE28	2874	2873_SamElliott_28_m
487	JaneWyman	28	AGE28	13164	13163_JaneWyman_28_f
513	DonnaReed	28	AGE28	12577	12576_DonnaReed_28_f
73	DyanCannon	28	AGE28	15288	15287_DyanCannon_28_f
235	SilvanaMangano	28	AGE28	14798	14797_SilvanaMangano_28_f
177	OliviaHussey	28	AGE28	11704	11703_OliviaHussey_28_f
67	JamesCaan	28	AGE28	1983	1982_JamesCaan_28_m
271	RichardAttenborough	28	AGE28	8721	8720_RichardAttenborough_28_m
439	IsabelleAdjani	28	AGE28	12231	12230_IsabelleAdjani_28_f
188	JulieAndrews	28	AGE28	11478	11477_JulieAndrews_28_f
333	RobertPowell	28	AGE28	4406	4405_RobertPowell_28_m
279	DorisDay	28	AGE28	9715	9714_DorisDay_28_f
525	BoDerek	28	AGE28	9650	9649_BoDerek_28_f
332	TomHanks	28	AGE28	1763	1762_TomHanks_28_m
524	MaureenOHara	28	AGE28	11629	11628_MaureenOHara_28_f
145	DonJohnson	28	AGE28	2507	2506_DonJohnson_28_m
538	BarbaraStanwyck	28	AGE28	14627	14626_BarbaraStanwyck_28_f
326	SteveKanaly	28	AGE28	3839	3838_SteveKanaly_28_m
7	DonnaDouglas	28	AGE28	10973	10972_DonnaDouglas_28_f
193	GeorgePeppard	28	AGE28	7906	7905_GeorgePeppard_28_m
229	Myl╨ЪneDemongeot	28	AGE28	12852	12851_Myl╨ЪneDemongeot_28_f
138	RomySchneider	28	AGE28	14096	14095_RomySchneider_28_f
117	VeraEllen	28	AGE28	15903	15902_VeraEllen_28_f
120	TomJones	28	AGE28	9759	9758_TomJones_28_f
348	VivienLeigh	28	AGE28	14150	14149_VivienLeigh_28_f
435	DebbieReynolds	28	AGE28	12029	12028_DebbieReynolds_28_f
348	VivienLeigh	28	AGE28	14149	14148_VivienLeigh_28_f
44	VincentPrice	28	AGE28	7712	7711_VincentPrice_28_m
10	JeffDaniels	28	AGE28	3351	3350_JeffDaniels_28_m
329	MargaretNolan	28	AGE28	15711	15710_MargaretNolan_28_f
32	BonnieHunt	28	AGE28	15084	15083_BonnieHunt_28_f
97	SerenaWilliams	28	AGE28	16483	16482_SerenaWilliams_28_f
4	CaryGrant	28	AGE28	6122	6121_CaryGrant_28_m
23	VirnaLisi	28	AGE28	11336	11335_VirnaLisi_28_f
495	CybillShepherd	28	AGE28	11996	11995_CybillShepherd_28_f
524	MaureenOHara	28	AGE28	11649	11648_MaureenOHara_28_f
37	JoanneWoodward	28	AGE28	12258	12257_JoanneWoodward_28_f
270	ErnestHemingway	28	AGE28	1426	1425_ErnestHemingway_28_m
487	JaneWyman	28	AGE28	13147	13146_JaneWyman_28_f
330	JuneAllyson	28	AGE28	13642	13641_JuneAllyson_28_f
103	Houston	28	AGE28	16391	16390_Houston_28_f
270	ErnestHemingway	28	AGE28	1423	1422_ErnestHemingway_28_m
35	LouisJourdan	28	AGE28	7340	7339_LouisJourdan_28_m
98	RichardChamberlain	28	AGE28	8271	8270_RichardChamberlain_28_m
140	EdHarris	28	AGE28	1689	1688_EdHarris_28_m
232	ConnieBooth	28	AGE28	15149	15148_ConnieBooth_28_f
437	MarisaPavan	28	AGE28	3494	3493_MarisaPavan_28_m
341	AnnaMassey	28	AGE28	12464	12463_AnnaMassey_28_f
276	AnthonyPerkins	28	AGE28	8787	8786_AnthonyPerkins_28_m
397	GeraldineChaplin	28	AGE28	13023	13022_GeraldineChaplin_28_f
23	VirnaLisi	28	AGE28	11349	11348_VirnaLisi_28_f
119	AlanYoung	28	AGE28	1872	1871_AlanYoung_28_m
234	MyrnaLoy	28	AGE28	12379	12378_MyrnaLoy_28_f
539	KristinScottThomas	28	AGE28	14331	14330_KristinScottThomas_28_f
337	RichardCrenna	28	AGE28	8309	8308_RichardCrenna_28_m
559	SylvesterStallone	28	AGE28	7588	7587_SylvesterStallone_28_m
489	MarleneDietrich	28	AGE28	14713	14712_MarleneDietrich_28_f
339	ChuckNorris	28	AGE28	3099	3098_ChuckNorris_28_m
490	Gaddafi	28	AGE28	945	944_Gaddafi_28_m
23	VirnaLisi	28	AGE28	11335	11334_VirnaLisi_28_f
17	LuiseRainer	28	AGE28	10634	10633_LuiseRainer_28_f
558	MichaelPalin	28	AGE28	4308	4307_MichaelPalin_28_m
100	LyleTalbot	28	AGE28	7370	7369_LyleTalbot_28_m
438	JackLemon	28	AGE28	5303	5302_JackLemon_28_m
490	Gaddafi	28	AGE28	969	968_Gaddafi_28_m
338	FrancescaAnnis	28	AGE28	12138	12137_FrancescaAnnis_28_f
142	JanetGaynor	28	AGE28	14252	14251_JanetGaynor_28_f
234	MyrnaLoy	28	AGE28	12347	12346_MyrnaLoy_28_f
70	PamelaSueMartin	28	AGE28	15762	15761_PamelaSueMartin_28_f
234	MyrnaLoy	28	AGE28	12346	12345_MyrnaLoy_28_f
396	JeremyKemp	28	AGE28	2636	2635_JeremyKemp_28_m
17	LuiseRainer	28	AGE28	10637	10636_LuiseRainer_28_f
461	TimCurry	28	AGE28	1726	1725_TimCurry_28_m
54	KevinSpacey	28	AGE28	3411	3410_KevinSpacey_28_m
71	EvaMarieSaint	28	AGE28	12091	12090_EvaMarieSaint_28_f
539	KristinScottThomas	28	AGE28	14332	14331_KristinScottThomas_28_f
560	GregoryPeck	28	AGE28	9380	9379_GregoryPeck_28_m
526	AngieDickinson	28	AGE28	12417	12416_AngieDickinson_28_f
272	ElvisPresley	28	AGE28	215	214_ElvisPresley_28_m
334	LauraAntonelli	28	AGE28	12280	12279_LauraAntonelli_28_f
22	TerryMoore	28	AGE28	10312	10311_TerryMoore_28_f
67	JamesCaan	28	AGE28	1984	1983_JamesCaan_28_m
335	JoanFontaine	28	AGE28	14305	14304_JoanFontaine_28_f
5	HatzidakisManos	28	AGE28	292	291_HatzidakisManos_28_m
436	LindsayWagner	28	AGE28	11571	11570_LindsayWagner_28_f
463	OrnellaMuti	28	AGE28	10765	10764_OrnellaMuti_28_f
179	LorettaYoung	28	AGE28	14367	14366_LorettaYoung_28_f
335	JoanFontaine	28	AGE28	14300	14299_JoanFontaine_28_f
186	ElliottGould	28	AGE28	4544	4543_ElliottGould_28_m
335	JoanFontaine	28	AGE28	14301	14300_JoanFontaine_28_f
68	KevinCostner	28	AGE28	4263	4262_KevinCostner_28_m
101	EdwardTeller	28	AGE28	1049	1048_EdwardTeller_28_m
491	PhilHartman	28	AGE28	3666	3665_PhilHartman_28_m
273	JoanCrawford	28	AGE28	14277	14276_JoanCrawford_28_f
277	AliMacGraw	28	AGE28	9916	9915_AliMacGraw_28_f
336	PatrickStewart	28	AGE28	5554	5553_PatrickStewart_28_m
462	KateOMara	28	AGE28	15585	15584_KateOMara_28_f
143	BarbraStreisand	28	AGE28	12910	12909_BarbraStreisand_28_f
120	TomJones	28	AGE28	1838	1837_TomJones_28_m
342	MarieCurie	28	AGE28	1283	1282_MarieCurie_28_f
180	MichellePfeiffer	28	AGE28	13189	13188_MichellePfeiffer_28_f
281	RutgerHauer	28	AGE28	3751	3750_RutgerHauer_28_m
269	BenGazzara	28	AGE28	5767	5766_BenGazzara_28_m
554	CharlieChaplin	28	AGE28	8537	8536_CharlieChaplin_28_m
285	RyanONeal	28	AGE28	2849	2848_RyanONeal_28_m
542	IanMcKellen	28	AGE28	3265	3264_IanMcKellen_28_m
407	JulieAdams	28	AGE28	10194	10193_JulieAdams_28_f
4	CaryGrant	28	AGE28	6127	6126_CaryGrant_28_m
554	CharlieChaplin	28	AGE28	8536	8535_CharlieChaplin_28_m
105	KatharineRoss	28	AGE28	15632	15631_KatharineRoss_28_f
195	LorneGreene	28	AGE28	8139	8138_LorneGreene_28_m
515	mahatmagandhi	28	AGE28	858	857_mahatmagandhi_28_m
240	ErrolFlynn	28	AGE28	6292	6291_ErrolFlynn_28_m
323	JohnJames	28	AGE28	2027	2026_JohnJames_28_m
266	MickJagger	28	AGE28	121	120_MickJagger_28_m
323	JohnJames	28	AGE28	2028	2027_JohnJames_28_m
194	JaneFonda	28	AGE28	10111	10110_JaneFonda_28_f
562	RockHudson	28	AGE28	6747	6746_RockHudson_28_m
228	SophiaLoren	28	AGE28	11280	11279_SophiaLoren_28_f
170	CharlesBoyer	28	AGE28	6951	6950_CharlesBoyer_28_m
95	DavidSarnoff	28	AGE28	366	365_DavidSarnoff_28_m
1	HerbertLom	28	AGE28	5842	5841_HerbertLom_28_m
146	RicardoMontalb╨░n	28	AGE28	9536	9535_RicardoMontalb╨░n_28_m
25	ShirleyMacLaine	28	AGE28	13249	13248_ShirleyMacLaine_28_f
324	JaneAsher	28	AGE28	9807	9806_JaneAsher_28_f
136	LawrenceTierney	28	AGE28	9087	9086_LawrenceTierney_28_m
196	KimNovak	28	AGE28	9858	9857_KimNovak_28_f
63	PeggyAshcroft	28	AGE28	14452	14451_PeggyAshcroft_28_f
564	SusanHayward	28	AGE28	14493	14492_SusanHayward_28_f
385	UrsulaAndress	28	AGE28	12397	12396_UrsulaAndress_28_f
121	RafVallone	28	AGE28	6027	6026_RafVallone_28_m
444	RitaHayworth	28	AGE28	13762	13761_RitaHayworth_28_f
79	JudyDavis	28	AGE28	9847	9846_JudyDavis_28_f
265	BurtReynolds	28	AGE28	3979	3978_BurtReynolds_28_m
79	JudyDavis	28	AGE28	9850	9849_JudyDavis_28_f
409	RexHarrison	28	AGE28	6711	6710_RexHarrison_28_m
386	AlainDelon	28	AGE28	2370	2369_AlainDelon_28_m
408	MelBrooks	28	AGE28	2095	2094_MelBrooks_28_m
386	AlainDelon	28	AGE28	2373	2372_AlainDelon_28_m
499	AmandaBlake	28	AGE28	14949	14948_AmandaBlake_28_f
94	GabrielGarciaMarquez	28	AGE28	1491	1490_GabrielGarciaMarquez_28_m
432	JenniferAniston	28	AGE28	12742	12741_JenniferAniston_28_f
527	JohnGarfield	28	AGE28	7167	7166_JohnGarfield_28_m
266	MickJagger	28	AGE28	2779	2778_MickJagger_28_m
551	JeanetteMacDonald	28	AGE28	15465	15464_JeanetteMacDonald_28_f
319	RingoStarr	28	AGE28	3688	3687_RingoStarr_28_m
536	BerryGordy	28	AGE28	450	449_BerryGordy_28_m
76	HarveyKeitel	28	AGE28	4181	4180_HarveyKeitel_28_m
433	MaximilianShell	28	AGE28	9469	9468_MaximilianShell_28_m
93	JonFinch	28	AGE28	5398	5397_JonFinch_28_m
96	JackColeman	28	AGE28	3297	3296_JackColeman_28_m
24	HelenHunt	28	AGE28	10042	10041_HelenHunt_28_f
238	RobertMitchum	28	AGE28	9207	9206_RobertMitchum_28_m
434	DavidCarradine	28	AGE28	8580	8579_DavidCarradine_28_m
173	GreerGarson	28	AGE28	14023	14022_GreerGarson_28_f
268	WarrenBeatty	28	AGE28	4998	4997_WarrenBeatty_28_m
8	SimoneSignoret	28	AGE28	14834	14833_SimoneSignoret_28_f
172	ChristopherEccleston	28	AGE28	8885	8884_ChristopherEccleston_28_m
351	JonVoight	28	AGE28	2048	2047_JonVoight_28_m
486	MuhammadAli	28	AGE28	15983	15982_MuhammadAli_28_m
562	RockHudson	28	AGE28	6743	6742_RockHudson_28_m
389	JaneBirkin	28	AGE28	10074	10073_JaneBirkin_28_f
282	ValerieHarper	28	AGE28	11786	11785_ValerieHarper_28_f
427	NewmanPaul	29	AGE29	7449	7448_NewmanPaul_29_m
38	BarbaraBouchet	29	AGE29	11852	11851_BarbaraBouchet_29_f
13	CatherineSchell	29	AGE29	15114	15113_CatherineSchell_29_f
250	IsabelleHuppert	29	AGE29	12652	12651_IsabelleHuppert_29_f
120	TomJones	29	AGE29	1839	1838_TomJones_29_m
423	JoanCusack	29	AGE29	10144	10143_JoanCusack_29_f
50	PeggyLipton	29	AGE29	10804	10803_PeggyLipton_29_f
281	RutgerHauer	29	AGE29	3752	3751_RutgerHauer_29_m
439	IsabelleAdjani	29	AGE29	12232	12231_IsabelleAdjani_29_f
12	MerylStreep	29	AGE29	10728	10727_MerylStreep_29_f
2	RoyRogers	29	AGE29	5694	5693_RoyRogers_29_m
112	MickeyRooney	29	AGE29	7415	7414_MickeyRooney_29_m
430	HelenHayes	29	AGE29	13542	13541_HelenHayes_29_f
285	RyanONeal	29	AGE29	2850	2849_RyanONeal_29_m
3	ArnoldSchwarzenegger	29	AGE29	8823	8822_ArnoldSchwarzenegger_29_m
444	RitaHayworth	29	AGE29	13779	13778_RitaHayworth_29_f
247	MichaelYork	29	AGE29	3564	3563_MichaelYork_29_m
117	VeraEllen	29	AGE29	15904	15903_VeraEllen_29_f
104	VanessaRedgrave	29	AGE29	13804	13803_VanessaRedgrave_29_f
543	JohnDerek	29	AGE29	5347	5346_JohnDerek_29_m
459	WilliamShatner	29	AGE29	6063	6062_WilliamShatner_29_m
105	KatharineRoss	29	AGE29	15633	15632_KatharineRoss_29_f
32	BonnieHunt	29	AGE29	15085	15084_BonnieHunt_29_f
48	GenaRowlands	29	AGE29	4126	4125_GenaRowlands_29_m
527	JohnGarfield	29	AGE29	7169	7168_JohnGarfield_29_m
432	JenniferAniston	29	AGE29	12744	12743_JenniferAniston_29_f
37	JoanneWoodward	29	AGE29	12256	12255_JoanneWoodward_29_f
299	GeorgeMontgomery	29	AGE29	9315	9314_GeorgeMontgomery_29_m
93	JonFinch	29	AGE29	5400	5399_JonFinch_29_m
520	MaryTamm	29	AGE29	15736	15735_MaryTamm_29_f
536	BerryGordy	29	AGE29	447	446_BerryGordy_29_m
119	AlanYoung	29	AGE29	1873	1872_AlanYoung_29_m
108	MelindaDillion	29	AGE29	12304	12303_MelindaDillion_29_f
120	TomJones	29	AGE29	9760	9759_TomJones_29_f
546	SusanSarandon	29	AGE29	11727	11726_SusanSarandon_29_f
100	LyleTalbot	29	AGE29	7371	7370_LyleTalbot_29_m
10	JeffDaniels	29	AGE29	3352	3351_JeffDaniels_29_m
49	BobHope	29	AGE29	5147	5146_BobHope_29_m
540	JeanClaudeVanDamme	29	AGE29	9046	9045_JeanClaudeVanDamme_29_m
126	JamesArness	29	AGE29	6337	6336_JamesArness_29_m
432	JenniferAniston	29	AGE29	12743	12742_JenniferAniston_29_f
265	BurtReynolds	29	AGE29	3980	3979_BurtReynolds_29_m
531	TimothyDalton	29	AGE29	4965	4964_TimothyDalton_29_m
444	RitaHayworth	29	AGE29	13763	13762_RitaHayworth_29_f
234	MyrnaLoy	29	AGE29	12349	12348_MyrnaLoy_29_f
11	MichaelSarrazin	29	AGE29	9132	9131_MichaelSarrazin_29_m
297	TildaSwinton	29	AGE29	11766	11765_TildaSwinton_29_f
264	LexBarker	29	AGE29	6578	6577_LexBarker_29_m
234	MyrnaLoy	29	AGE29	12348	12347_MyrnaLoy_29_f
276	AnthonyPerkins	29	AGE29	8788	8787_AnthonyPerkins_29_m
249	LivUllmann	29	AGE29	10246	10245_LivUllmann_29_f
431	RobertRedford	29	AGE29	4849	4848_RobertRedford_29_m
93	JonFinch	29	AGE29	5399	5398_JonFinch_29_m
461	TimCurry	29	AGE29	1727	1726_TimCurry_29_m
445	JohnCassavetes	29	AGE29	8662	8661_JohnCassavetes_29_m
96	JackColeman	29	AGE29	3298	3297_JackColeman_29_m
263	JanePowell	29	AGE29	15384	15383_JanePowell_29_f
530	SimonMacCorkindale	29	AGE29	8353	8352_SimonMacCorkindale_29_m
256	PatrickSwayze	29	AGE29	8167	8166_PatrickSwayze_29_m
285	RyanONeal	29	AGE29	2846	2845_RyanONeal_29_m
524	MaureenOHara	29	AGE29	11630	11629_MaureenOHara_29_f
261	KlausKinski	29	AGE29	6522	6521_KlausKinski_29_m
254	Thanasisveggos	29	AGE29	9422	9421_Thanasisveggos_29_m
283	BettyGrable	29	AGE29	13926	13925_BettyGrable_29_f
283	BettyGrable	29	AGE29	13925	13924_BettyGrable_29_f
228	SophiaLoren	29	AGE29	11281	11280_SophiaLoren_29_f
260	AmandaRedman	29	AGE29	13275	13274_AmandaRedman_29_f
14	StevenSpielberg	29	AGE29	6822	6821_StevenSpielberg_29_m
236	VeronicaLake	29	AGE29	15930	15929_VeronicaLake_29_f
231	AnthonyAndrews	29	AGE29	5034	5033_AnthonyAndrews_29_m
424	GraceKelly	29	AGE29	13080	13079_GraceKelly_29_f
230	SusanGeorge	29	AGE29	10864	10863_SusanGeorge_29_f
462	KateOMara	29	AGE29	15586	15585_KateOMara_29_f
98	RichardChamberlain	29	AGE29	8272	8271_RichardChamberlain_29_m
540	JeanClaudeVanDamme	29	AGE29	9045	9044_JeanClaudeVanDamme_29_m
271	RichardAttenborough	29	AGE29	8732	8731_RichardAttenborough_29_m
463	OrnellaMuti	29	AGE29	10766	10765_OrnellaMuti_29_f
240	ErrolFlynn	29	AGE29	6274	6273_ErrolFlynn_29_m
293	PeterGraves	29	AGE29	6674	6673_PeterGraves_29_m
434	DavidCarradine	29	AGE29	8581	8580_DavidCarradine_29_m
244	JeffGoldblum	29	AGE29	4649	4648_JeffGoldblum_29_m
435	DebbieReynolds	29	AGE29	12052	12051_DebbieReynolds_29_f
523	MartinSheen	29	AGE29	3519	3518_MartinSheen_29_m
259	ChristopherWalken	29	AGE29	6993	6992_ChristopherWalken_29_m
228	SophiaLoren	29	AGE29	11302	11301_SophiaLoren_29_f
242	AvaGardner	29	AGE29	13327	13326_AvaGardner_29_f
458	JeanMarais	29	AGE29	5954	5953_JeanMarais_29_m
521	StefaniePowers	29	AGE29	15817	15816_StefaniePowers_29_f
460	AnneBaxter	29	AGE29	12520	12519_AnneBaxter_29_f
294	JamieLeeCurtis	29	AGE29	12678	12677_JamieLeeCurtis_29_f
295	JanetEllis	29	AGE29	15434	15433_JanetEllis_29_f
440	RayDanton	29	AGE29	5660	5659_RayDanton_29_m
288	AnitaEkberg	29	AGE29	10344	10343_AnitaEkberg_29_f
266	MickJagger	29	AGE29	127	126_MickJagger_29_m
534	AlbertoSordi	29	AGE29	7750	7749_AlbertoSordi_29_m
273	JoanCrawford	29	AGE29	14278	14277_JoanCrawford_29_f
153	GaryOldman	29	AGE29	2544	2543_GaryOldman_29_m
34	MireilleDarc	29	AGE29	11660	11659_MireilleDarc_29_f
527	JohnGarfield	29	AGE29	7168	7167_JohnGarfield_29_m
277	AliMacGraw	29	AGE29	9917	9916_AliMacGraw_29_f
246	LeifErickson	29	AGE29	7277	7276_LeifErickson_29_m
30	AnnetteBening	29	AGE29	11400	11399_AnnetteBening_29_f
543	JohnDerek	29	AGE29	5346	5345_JohnDerek_29_m
3	ArnoldSchwarzenegger	29	AGE29	8824	8823_ArnoldSchwarzenegger_29_m
542	IanMcKellen	29	AGE29	3266	3265_IanMcKellen_29_m
272	ElvisPresley	29	AGE29	216	215_ElvisPresley_29_m
526	AngieDickinson	29	AGE29	12418	12417_AngieDickinson_29_f
453	DaliahLavi	29	AGE29	10946	10945_DaliahLavi_29_f
251	St╨ТphaneAudran	29	AGE29	15859	15858_St╨ТphaneAudran_29_f
227	KennethBranagh	29	AGE29	5426	5425_KennethBranagh_29_m
539	KristinScottThomas	29	AGE29	14333	14332_KristinScottThomas_29_f
97	SerenaWilliams	29	AGE29	16472	16471_SerenaWilliams_29_f
268	WarrenBeatty	29	AGE29	4999	4998_WarrenBeatty_29_m
223	ElkeSommer	29	AGE29	9950	9949_ElkeSommer_29_f
118	HelmutBerger	29	AGE29	4219	4218_HelmutBerger_29_m
269	BenGazzara	29	AGE29	5768	5767_BenGazzara_29_m
221	JulieBishop	29	AGE29	15533	15532_JulieBishop_29_f
279	DorisDay	29	AGE29	9716	9715_DorisDay_29_f
284	RobertMorley	29	AGE29	7528	7527_RobertMorley_29_m
238	RobertMitchum	29	AGE29	9208	9207_RobertMitchum_29_m
261	KlausKinski	29	AGE29	6521	6520_KlausKinski_29_m
464	BetteMidler	29	AGE29	10442	10441_BetteMidler_29_f
36	ScottGlenn	29	AGE29	2912	2911_ScottGlenn_29_m
229	Myl╨ЪneDemongeot	29	AGE29	12853	12852_Myl╨ЪneDemongeot_29_f
414	LauraDern	29	AGE29	9881	9880_LauraDern_29_f
547	RuthGordon	29	AGE29	12882	12881_RuthGordon_29_f
495	CybillShepherd	29	AGE29	11997	11996_CybillShepherd_29_f
334	LauraAntonelli	29	AGE29	12281	12280_LauraAntonelli_29_f
313	LeslieCaron	29	AGE29	3449	3448_LeslieCaron_29_m
187	JenniferJones	29	AGE29	14592	14591_JenniferJones_29_f
202	JudyHolliday	29	AGE29	14079	14078_JudyHolliday_29_f
333	RobertPowell	29	AGE29	4407	4406_RobertPowell_29_m
200	AnnMargret	29	AGE29	10377	10376_AnnMargret_29_f
8	SimoneSignoret	29	AGE29	14821	14820_SimoneSignoret_29_f
314	YannisRitsos	29	AGE29	1515	1514_YannisRitsos_29_m
21	JamesStewart	29	AGE29	8658	8657_JamesStewart_29_m
81	EdwigeFenech	29	AGE29	15302	15301_EdwigeFenech_29_f
163	CharlieSheen	29	AGE29	4028	4027_CharlieSheen_29_m
148	WillSmith 	29	AGE29	16064	16063_WillSmith _29_m
135	RichardPryor	29	AGE29	16210	16209_RichardPryor_29_m
390	Garycooper	29	AGE29	7095	7094_Garycooper_29_m
53	JulieChristie	29	AGE29	11510	11509_JulieChristie_29_f
316	MegRyan	29	AGE29	9677	9676_MegRyan_29_f
25	ShirleyMacLaine	29	AGE29	13250	13249_ShirleyMacLaine_29_f
80	KathrynGrayson	29	AGE29	15674	15673_KathrynGrayson_29_f
73	DyanCannon	29	AGE29	15252	15251_DyanCannon_29_f
164	KimBasinger	29	AGE29	10586	10585_KimBasinger_29_f
188	JulieAndrews	29	AGE29	11479	11478_JulieAndrews_29_f
315	DirkBogarde	29	AGE29	6231	6230_DirkBogarde_29_m
26	FayeDunaway	29	AGE29	10507	10506_FayeDunaway_29_f
175	FrancesDee	29	AGE29	12599	12598_FrancesDee_29_f
202	JudyHolliday	29	AGE29	14076	14075_JudyHolliday_29_f
494	JessicaTandy	29	AGE29	13607	13606_JessicaTandy_29_f
489	MarleneDietrich	29	AGE29	14714	14713_MarleneDietrich_29_f
335	JoanFontaine	29	AGE29	14324	14323_JoanFontaine_29_f
161	MaggieSmith	29	AGE29	10699	10698_MaggieSmith_29_f
457	JeffBridges	29	AGE29	3330	3329_JeffBridges_29_m
311	MonicaVitti	29	AGE29	11183	11182_MonicaVitti_29_f
311	MonicaVitti	29	AGE29	11215	11214_MonicaVitti_29_f
66	BruceWillis	29	AGE29	3068	3067_BruceWillis_29_m
335	JoanFontaine	29	AGE29	14306	14305_JoanFontaine_29_f
66	BruceWillis	29	AGE29	3067	3066_BruceWillis_29_m
203	DebraPaget	29	AGE29	15232	15231_DebraPaget_29_f
403	RogerAllam	29	AGE29	3718	3717_RogerAllam_29_m
346	GloriaSwanson	29	AGE29	13980	13979_GloriaSwanson_29_f
17	LuiseRainer	29	AGE29	10654	10653_LuiseRainer_29_f
312	JohnnyCash	29	AGE29	6495	6494_JohnnyCash_29_m
0	YvesMontand	29	AGE29	6876	6875_YvesMontand_29_m
507	RowanAtkinson	29	AGE29	6783	6782_RowanAtkinson_29_m
518	RomanPolanski	29	AGE29	4883	4882_RomanPolanski_29_m
513	DonnaReed	29	AGE29	12578	12577_DonnaReed_29_f
362	CyndiLauper	29	AGE29	11431	11430_CyndiLauper_29_f
564	SusanHayward	29	AGE29	14503	14502_SusanHayward_29_f
175	FrancesDee	29	AGE29	5821	5820_FrancesDee_29_m
61	RonaldReagan	29	AGE29	723	722_RonaldReagan_29_m
409	RexHarrison	29	AGE29	6712	6711_RexHarrison_29_m
557	DavidMcCallum	29	AGE29	5223	5222_DavidMcCallum_29_m
383	JamesGarner	29	AGE29	4614	4613_JamesGarner_29_m
196	KimNovak	29	AGE29	9860	9859_KimNovak_29_f
563	PaulAnka	29	AGE29	93	92_PaulAnka_29_m
329	MargaretNolan	29	AGE29	15712	15711_MargaretNolan_29_f
172	ChristopherEccleston	29	AGE29	8887	8886_ChristopherEccleston_29_m
388	JoanCollins	29	AGE29	10534	10533_JoanCollins_29_f
498	HeinrichHertz	29	AGE29	1143	1142_HeinrichHertz_29_m
170	CharlesBoyer	29	AGE29	6952	6951_CharlesBoyer_29_m
1	HerbertLom	29	AGE29	5843	5842_HerbertLom_29_m
514	LindaEvans	29	AGE29	10610	10609_LindaEvans_29_f
497	CharlesDarwin	29	AGE29	1104	1103_CharlesDarwin_29_m
387	MartinLutherKing	29	AGE29	15966	15965_MartinLutherKing_29_m
194	JaneFonda	29	AGE29	10112	10111_JaneFonda_29_f
24	HelenHunt	29	AGE29	10043	10042_HelenHunt_29_f
146	RicardoMontalb╨░n	29	AGE29	9537	9536_RicardoMontalb╨░n_29_m
404	CatherineSpaak	29	AGE29	11930	11929_CatherineSpaak_29_f
327	TommyLeeJones	29	AGE29	5730	5729_TommyLeeJones_29_m
562	RockHudson	29	AGE29	6748	6747_RockHudson_29_m
353	ArmandAssante	29	AGE29	5115	5114_ArmandAssante_29_m
496	GlendaJackson	29	AGE29	12164	12163_GlendaJackson_29_f
138	RomySchneider	29	AGE29	14097	14096_RomySchneider_29_f
496	GlendaJackson	29	AGE29	12165	12164_GlendaJackson_29_f
326	SteveKanaly	29	AGE29	3840	3839_SteveKanaly_29_m
193	GeorgePeppard	29	AGE29	7908	7907_GeorgePeppard_29_m
324	JaneAsher	29	AGE29	9808	9807_JaneAsher_29_f
499	AmandaBlake	29	AGE29	14950	14949_AmandaBlake_29_f
323	JohnJames	29	AGE29	2029	2028_JohnJames_29_m
168	JohnCleese	29	AGE29	2672	2671_JohnCleese_29_m
317	BillMurray	29	AGE29	2390	2389_BillMurray_29_m
332	TomHanks	29	AGE29	1764	1763_TomHanks_29_m
551	JeanetteMacDonald	29	AGE29	15466	15465_JeanetteMacDonald_29_f
196	KimNovak	29	AGE29	9859	9858_KimNovak_29_f
20	JohnTravolta	29	AGE29	4693	4692_JohnTravolta_29_m
62	SteveMcQueen	29	AGE29	9386	9385_SteveMcQueen_29_m
389	JaneBirkin	29	AGE29	10075	10074_JaneBirkin_29_f
556	CarlosSantana	29	AGE29	4505	4504_CarlosSantana_29_m
319	RingoStarr	29	AGE29	3689	3688_RingoStarr_29_m
319	RingoStarr	29	AGE29	3690	3689_RingoStarr_29_m
17	LuiseRainer	29	AGE29	10678	10677_LuiseRainer_29_f
78	JamesBest	29	AGE29	1944	1943_JamesBest_29_m
136	LawrenceTierney	29	AGE29	9088	9087_LawrenceTierney_29_m
385	UrsulaAndress	29	AGE29	12383	12382_UrsulaAndress_29_f
508	VictorMature	29	AGE29	8409	8408_VictorMature_29_m
190	ClintWalker	29	AGE29	4053	4052_ClintWalker_29_m
401	ErinGray	29	AGE29	15340	15339_ErinGray_29_f
172	ChristopherEccleston	29	AGE29	8886	8885_ChristopherEccleston_29_m
166	AnnJillian	29	AGE29	14981	14980_AnnJillian_29_f
385	UrsulaAndress	29	AGE29	12382	12381_UrsulaAndress_29_f
562	RockHudson	29	AGE29	6749	6748_RockHudson_29_m
23	VirnaLisi	29	AGE29	11350	11349_VirnaLisi_29_f
8	SimoneSignoret	29	AGE29	14828	14827_SimoneSignoret_29_f
517	GeraldinePage	29	AGE29	14198	14197_GeraldinePage_29_f
159	PierceBrosnan	29	AGE29	4786	4785_PierceBrosnan_29_m
193	GeorgePeppard	29	AGE29	7907	7906_GeorgePeppard_29_m
82	MarcelloMastroianni	29	AGE29	9572	9571_MarcelloMastroianni_29_m
52	IngridBergman	29	AGE29	14231	14230_IngridBergman_29_f
371	ChristopherPlummer	29	AGE29	7855	7854_ChristopherPlummer_29_m
420	MaryTylerMoore	29	AGE29	12814	12813_MaryTylerMoore_29_f
57	AlikiBoug	29	AGE29	12564	12563_AlikiBoug_29_f
305	TanyaRoberts	29	AGE29	11314	11313_TanyaRoberts_29_f
54	KevinSpacey	29	AGE29	3412	3411_KevinSpacey_29_m
343	PaulmcCartney	29	AGE29	135	134_PaulmcCartney_29_m
473	LizaMinelli	29	AGE29	11157	11156_LizaMinelli_29_f
371	ChristopherPlummer	29	AGE29	7854	7853_ChristopherPlummer_29_m
212	NormaShearer	29	AGE29	13693	13692_NormaShearer_29_f
549	GoldieHawn	29	AGE29	10007	10006_GoldieHawn_29_f
338	FrancescaAnnis	29	AGE29	12139	12138_FrancescaAnnis_29_f
88	StacyKeach	29	AGE29	3800	3799_StacyKeach_29_m
55	JamesWoods	29	AGE29	2607	2606_JamesWoods_29_m
152	MaryPickford	29	AGE29	14415	14414_MaryPickford_29_f
373	BobDylan	29	AGE29	1660	1659_BobDylan_29_m
342	MarieCurie	29	AGE29	1284	1283_MarieCurie_29_f
307	GiulianoGemma	29	AGE29	7983	7982_GiulianoGemma_29_m
177	OliviaHussey	29	AGE29	11705	11704_OliviaHussey_29_f
208	ShelleyWinters	29	AGE29	14763	14762_ShelleyWinters_29_f
144	SusannahYork	29	AGE29	14118	14117_SusannahYork_29_f
52	IngridBergman	29	AGE29	14220	14219_IngridBergman_29_f
512	WilliamHolden	29	AGE29	8469	8468_WilliamHolden_29_m
154	JeanneMoreau	29	AGE29	11048	11047_JeanneMoreau_29_f
304	DavidNiven	29	AGE29	7031	7030_DavidNiven_29_m
505	GingerRogers	29	AGE29	13465	13464_GingerRogers_29_f
70	PamelaSueMartin	29	AGE29	15763	15762_PamelaSueMartin_29_f
548	CatherineDeneuve	29	AGE29	12950	12949_CatherineDeneuve_29_f
57	AlikiBoug	29	AGE29	12557	12556_AlikiBoug_29_f
473	LizaMinelli	29	AGE29	11156	11155_LizaMinelli_29_f
155	SteveJobsb	29	AGE29	401	400_SteveJobsb_29_m
54	KevinSpacey	29	AGE29	3413	3412_KevinSpacey_29_m
372	BernadetteLafont	29	AGE29	14868	14867_BernadetteLafont_29_f
419	ShirleyJones	29	AGE29	11250	11249_ShirleyJones_29_f
129	AlCorley	29	AGE29	1601	1600_AlCorley_29_m
396	JeremyKemp	29	AGE29	2637	2636_JeremyKemp_29_m
85	JodieFoster	29	AGE29	11097	11096_JodieFoster_29_f
152	MaryPickford	29	AGE29	14396	14395_MaryPickford_29_f
86	MarietteHartley	29	AGE29	10279	10278_MarietteHartley_29_f
212	NormaShearer	29	AGE29	13709	13708_NormaShearer_29_f
304	DavidNiven	29	AGE29	7032	7031_DavidNiven_29_m
345	JuliaRoberts	29	AGE29	11463	11462_JuliaRoberts_29_f
18	ElsaMartinelli	29	AGE29	12062	12061_ElsaMartinelli_29_f
44	VincentPrice	29	AGE29	7709	7708_VincentPrice_29_m
309	WilliamDafoe	29	AGE29	4463	4462_WilliamDafoe_29_m
214	JoanLeslie	29	AGE29	10174	10173_JoanLeslie_29_f
502	FaradayMichael	29	AGE29	1134	1133_FaradayMichael_29_m
510	PeterFalk	29	AGE29	5588	5587_PeterFalk_29_m
17	LuiseRainer	29	AGE29	10683	10682_LuiseRainer_29_f
180	MichellePfeiffer	29	AGE29	13190	13189_MichellePfeiffer_29_f
22	TerryMoore	29	AGE29	10313	10312_TerryMoore_29_f
565	MelGibson	29	AGE29	2142	2141_MelGibson_29_m
310	KevinBacon	29	AGE29	2712	2711_KevinBacon_29_m
132	AlexanderGrahamBell	29	AGE29	1262	1261_AlexanderGrahamBell_29_m
376	Fernandel	29	AGE29	4551	4550_Fernandel_29_m
381	TonyCurtis	29	AGE29	7656	7655_TonyCurtis_29_m
143	BarbraStreisand	29	AGE29	12911	12910_BarbraStreisand_29_f
550	RalphMacchio	29	AGE29	4350	4349_RalphMacchio_29_m
132	AlexanderGrahamBell	29	AGE29	1261	1260_AlexanderGrahamBell_29_m
206	HowardKeel	29	AGE29	5885	5884_HowardKeel_29_m
176	RodTaylor	29	AGE29	2258	2257_RodTaylor_29_m
395	michaeljackson	29	AGE29	259	258_michaeljackson_29_m
132	AlexanderGrahamBell	29	AGE29	1254	1253_AlexanderGrahamBell_29_m
377	TomHulce	29	AGE29	1803	1802_TomHulce_29_m
179	LorettaYoung	29	AGE29	14368	14367_LorettaYoung_29_f
84	AngelaLansbury	29	AGE29	11956	11955_AngelaLansbury_29_f
471	ClaudetteColbert	29	AGE29	14667	14666_ClaudetteColbert_29_f
183	WoodyAllen	29	AGE29	2985	2984_WoodyAllen_29_m
71	EvaMarieSaint	29	AGE29	12092	12091_EvaMarieSaint_29_f
558	MichaelPalin	29	AGE29	4309	4308_MichaelPalin_29_m
151	AnnieGirardot	29	AGE29	13880	13879_AnnieGirardot_29_f
182	DustinHoffman	29	AGE29	4525	4524_DustinHoffman_29_m
182	DustinHoffman	29	AGE29	4518	4517_DustinHoffman_29_m
505	GingerRogers	29	AGE29	13481	13480_GingerRogers_29_f
397	GeraldineChaplin	29	AGE29	13024	13023_GeraldineChaplin_29_f
309	WilliamDafoe	29	AGE29	4462	4461_WilliamDafoe_29_m
67	JamesCaan	29	AGE29	1985	1984_JamesCaan_29_m
59	MichaelKeaton	29	AGE29	5484	5483_MichaelKeaton_29_m
142	JanetGaynor	29	AGE29	14253	14252_JanetGaynor_29_f
380	TomasMilian	29	AGE29	3890	3889_TomasMilian_29_m
19	EdwardFox	29	AGE29	1904	1903_EdwardFox_29_m
146	RicardoMontalb╨░n	30	AGE30	9538	9537_RicardoMontalb╨░n_30_m
44	VincentPrice	30	AGE30	7713	7712_VincentPrice_30_m
172	ChristopherEccleston	30	AGE30	8888	8887_ChristopherEccleston_30_m
492	RobertDuvall	30	AGE30	4371	4370_RobertDuvall_30_m
268	WarrenBeatty	30	AGE30	5000	4999_WarrenBeatty_30_m
268	WarrenBeatty	30	AGE30	5030	5029_WarrenBeatty_30_m
273	JoanCrawford	30	AGE30	14279	14278_JoanCrawford_30_f
393	WinstonChurchill	30	AGE30	868	867_WinstonChurchill_30_m
171	EmmaThompson	30	AGE30	11028	11027_EmmaThompson_30_f
392	EstherWilliams	30	AGE30	14164	14163_EstherWilliams_30_f
443	HedyLamarr	30	AGE30	12636	12635_HedyLamarr_30_f
389	JaneBirkin	30	AGE30	10076	10075_JaneBirkin_30_f
18	ElsaMartinelli	30	AGE30	12063	12062_ElsaMartinelli_30_f
537	Onasis	30	AGE30	355	354_Onasis_30_m
119	AlanYoung	30	AGE30	1874	1873_AlanYoung_30_m
272	ElvisPresley	30	AGE30	217	216_ElvisPresley_30_m
104	VanessaRedgrave	30	AGE30	13805	13804_VanessaRedgrave_30_f
67	JamesCaan	30	AGE30	1986	1985_JamesCaan_30_m
236	VeronicaLake	30	AGE30	15935	15934_VeronicaLake_30_f
391	AlKapone	30	AGE30	527	526_AlKapone_30_m
145	DonJohnson	30	AGE30	2508	2507_DonJohnson_30_m
66	BruceWillis	30	AGE30	3069	3068_BruceWillis_30_m
560	GregoryPeck	30	AGE30	9368	9367_GregoryPeck_30_m
346	GloriaSwanson	30	AGE30	13982	13981_GloriaSwanson_30_f
235	SilvanaMangano	30	AGE30	14799	14798_SilvanaMangano_30_f
391	AlKapone	30	AGE30	523	522_AlKapone_30_m
493	PiaLindstrom	30	AGE30	11221	11220_PiaLindstrom_30_f
118	HelmutBerger	30	AGE30	4220	4219_HelmutBerger_30_m
103	Houston	30	AGE30	16373	16372_Houston_30_f
391	AlKapone	30	AGE30	526	525_AlKapone_30_m
21	JamesStewart	30	AGE30	8641	8640_JamesStewart_30_m
270	ErnestHemingway	30	AGE30	1425	1424_ErnestHemingway_30_m
439	IsabelleAdjani	30	AGE30	12233	12232_IsabelleAdjani_30_f
175	FrancesDee	30	AGE30	5822	5821_FrancesDee_30_m
391	AlKapone	30	AGE30	515	514_AlKapone_30_m
176	RodTaylor	30	AGE30	2259	2258_RodTaylor_30_m
117	VeraEllen	30	AGE30	15905	15904_VeraEllen_30_f
461	TimCurry	30	AGE30	1728	1727_TimCurry_30_m
391	AlKapone	30	AGE30	521	520_AlKapone_30_m
492	RobertDuvall	30	AGE30	4372	4371_RobertDuvall_30_m
173	GreerGarson	30	AGE30	14026	14025_GreerGarson_30_f
562	RockHudson	30	AGE30	6751	6750_RockHudson_30_m
343	PaulmcCartney	30	AGE30	159	158_PaulmcCartney_30_m
539	KristinScottThomas	30	AGE30	14334	14333_KristinScottThomas_30_f
349	GregorMendel	30	AGE30	1116	1115_GregorMendel_30_m
391	AlKapone	30	AGE30	517	516_AlKapone_30_m
349	GregorMendel	30	AGE30	1112	1111_GregorMendel_30_m
349	GregorMendel	30	AGE30	1115	1114_GregorMendel_30_m
3	ArnoldSchwarzenegger	30	AGE30	8825	8824_ArnoldSchwarzenegger_30_m
269	BenGazzara	30	AGE30	5769	5768_BenGazzara_30_m
177	OliviaHussey	30	AGE30	11706	11705_OliviaHussey_30_f
175	FrancesDee	30	AGE30	12600	12599_FrancesDee_30_f
510	PeterFalk	30	AGE30	5589	5588_PeterFalk_30_m
347	Soljenitsyne	30	AGE30	1338	1337_Soljenitsyne_30_m
144	SusannahYork	30	AGE30	14119	14118_SusannahYork_30_f
237	KathleenTurner	30	AGE30	12758	12757_KathleenTurner_30_f
538	BarbaraStanwyck	30	AGE30	14637	14636_BarbaraStanwyck_30_f
538	BarbaraStanwyck	30	AGE30	14642	14641_BarbaraStanwyck_30_f
440	RayDanton	30	AGE30	5661	5660_RayDanton_30_m
391	AlKapone	30	AGE30	518	517_AlKapone_30_m
346	GloriaSwanson	30	AGE30	14006	14005_GloriaSwanson_30_f
384	JosephStalin	30	AGE30	823	822_JosephStalin_30_m
537	Onasis	30	AGE30	348	347_Onasis_30_m
156	ClerkMaxwell	30	AGE30	1026	1025_ClerkMaxwell_30_m
58	OliviadeHavilland	30	AGE30	14434	14433_OliviadeHavilland_30_f
252	ErnestRutherford	30	AGE30	1192	1191_ErnestRutherford_30_m
453	DaliahLavi	30	AGE30	10947	10946_DaliahLavi_30_f
113	GladysCooper	30	AGE30	7107	7106_GladysCooper_30_m
6	Carroll	30	AGE30	16310	16309_Carroll_30_f
368	BettyGarrett	30	AGE30	15047	15046_BettyGarrett_30_f
379	JamesCagney	30	AGE30	6372	6371_JamesCagney_30_m
151	AnnieGirardot	30	AGE30	13881	13880_AnnieGirardot_30_f
534	AlbertoSordi	30	AGE30	7751	7750_AlbertoSordi_30_m
503	JeanPaulBelmondo	30	AGE30	7130	7129_JeanPaulBelmondo_30_m
458	JeanMarais	30	AGE30	5955	5954_JeanMarais_30_m
48	GenaRowlands	30	AGE30	4127	4126_GenaRowlands_30_m
380	TomasMilian	30	AGE30	3891	3890_TomasMilian_30_m
502	FaradayMichael	30	AGE30	1132	1131_FaradayMichael_30_m
109	MariaCallas	30	AGE30	20	19_MariaCallas_30_f
159	PierceBrosnan	30	AGE30	4787	4786_PierceBrosnan_30_m
19	EdwardFox	30	AGE30	1905	1904_EdwardFox_30_m
257	HorstBuchholz	30	AGE30	8040	8039_HorstBuchholz_30_m
365	JohnVernon	30	AGE30	6445	6444_JohnVernon_30_m
59	MichaelKeaton	30	AGE30	5485	5484_MichaelKeaton_30_m
529	RichardBurton	30	AGE30	9205	9204_RichardBurton_30_m
381	TonyCurtis	30	AGE30	7644	7643_TonyCurtis_30_m
502	FaradayMichael	30	AGE30	1120	1119_FaradayMichael_30_m
109	MariaCallas	30	AGE30	10	9_MariaCallas_30_f
507	RowanAtkinson	30	AGE30	6779	6778_RowanAtkinson_30_m
149	AlecGuinness	30	AGE30	8747	8746_AlecGuinness_30_m
370	PeterOToole	30	AGE30	5633	5632_PeterOToole_30_m
246	LeifErickson	30	AGE30	7278	7277_LeifErickson_30_m
12	MerylStreep	30	AGE30	10729	10728_MerylStreep_30_f
378	ImeldaStaunton	30	AGE30	12192	12191_ImeldaStaunton_30_f
56	AudreyHepburn	30	AGE30	14548	14547_AudreyHepburn_30_f
153	GaryOldman	30	AGE30	2545	2544_GaryOldman_30_m
374	Mparkoulis	30	AGE30	2169	2168_Mparkoulis_30_m
376	Fernandel	30	AGE30	4552	4551_Fernandel_30_m
152	MaryPickford	30	AGE30	14397	14396_MaryPickford_30_f
374	Mparkoulis	30	AGE30	2168	2167_Mparkoulis_30_m
249	LivUllmann	30	AGE30	10247	10246_LivUllmann_30_f
154	JeanneMoreau	30	AGE30	11049	11048_JeanneMoreau_30_f
455	AlanRickman	30	AGE30	3007	3006_AlanRickman_30_m
247	MichaelYork	30	AGE30	3565	3564_MichaelYork_30_m
56	AudreyHepburn	30	AGE30	14540	14539_AudreyHepburn_30_f
373	BobDylan	30	AGE30	1661	1660_BobDylan_30_m
11	MichaelSarrazin	30	AGE30	9133	9132_MichaelSarrazin_30_m
364	SarahDouglas	30	AGE30	15790	15789_SarahDouglas_30_f
504	BeverlyRoberts	30	AGE30	14565	14564_BeverlyRoberts_30_f
372	BernadetteLafont	30	AGE30	14869	14868_BernadetteLafont_30_f
530	SimonMacCorkindale	30	AGE30	8354	8353_SimonMacCorkindale_30_m
251	St╨ТphaneAudran	30	AGE30	15860	15859_St╨ТphaneAudran_30_f
377	TomHulce	30	AGE30	1804	1803_TomHulce_30_m
152	MaryPickford	30	AGE30	14416	14415_MaryPickford_30_f
112	MickeyRooney	30	AGE30	7416	7415_MickeyRooney_30_m
155	SteveJobsb	30	AGE30	406	405_SteveJobsb_30_m
43	AnnMiller	30	AGE30	15016	15015_AnnMiller_30_f
566	Pele	30	AGE30	55	54_Pele_30_m
506	MargeChampion	30	AGE30	11598	11597_MargeChampion_30_f
378	ImeldaStaunton	30	AGE30	12193	12192_ImeldaStaunton_30_f
113	GladysCooper	30	AGE30	13498	13497_GladysCooper_30_f
111	WEBDuBois	30	AGE30	759	758_WEBDuBois_30_m
250	IsabelleHuppert	30	AGE30	12653	12652_IsabelleHuppert_30_f
526	AngieDickinson	30	AGE30	12419	12418_AngieDickinson_30_f
565	MelGibson	30	AGE30	2143	2142_MelGibson_30_m
363	GretaGarbo	30	AGE30	13094	13093_GretaGarbo_30_f
62	SteveMcQueen	30	AGE30	9381	9380_SteveMcQueen_30_m
385	UrsulaAndress	30	AGE30	12384	12383_UrsulaAndress_30_f
20	JohnTravolta	30	AGE30	4688	4687_JohnTravolta_30_m
564	SusanHayward	30	AGE30	14504	14503_SusanHayward_30_f
106	SteveMartin	30	AGE30	3867	3866_SteveMartin_30_m
527	JohnGarfield	30	AGE30	7170	7169_JohnGarfield_30_m
32	BonnieHunt	30	AGE30	15086	15085_BonnieHunt_30_f
240	ErrolFlynn	30	AGE30	6282	6281_ErrolFlynn_30_m
166	AnnJillian	30	AGE30	14982	14981_AnnJillian_30_f
563	PaulAnka	30	AGE30	104	103_PaulAnka_30_m
499	AmandaBlake	30	AGE30	14956	14955_AmandaBlake_30_f
385	UrsulaAndress	30	AGE30	12396	12395_UrsulaAndress_30_f
7	DonnaDouglas	30	AGE30	10974	10973_DonnaDouglas_30_f
563	PaulAnka	30	AGE30	82	81_PaulAnka_30_m
386	AlainDelon	30	AGE30	2375	2374_AlainDelon_30_m
105	KatharineRoss	30	AGE30	15634	15633_KatharineRoss_30_f
168	JohnCleese	30	AGE30	2673	2672_JohnCleese_30_m
63	PeggyAshcroft	30	AGE30	14453	14452_PeggyAshcroft_30_f
54	KevinSpacey	30	AGE30	3414	3413_KevinSpacey_30_m
498	HeinrichHertz	30	AGE30	1140	1139_HeinrichHertz_30_m
353	ArmandAssante	30	AGE30	5116	5115_ArmandAssante_30_m
64	MikeConnors	30	AGE30	3636	3635_MikeConnors_30_m
508	VictorMature	30	AGE30	8410	8409_VictorMature_30_m
562	RockHudson	30	AGE30	6750	6749_RockHudson_30_m
266	MickJagger	30	AGE30	113	112_MickJagger_30_m
444	RitaHayworth	30	AGE30	13764	13763_RitaHayworth_30_f
239	RoseMarie	30	AGE30	9893	9892_RoseMarie_30_f
143	BarbraStreisand	30	AGE30	12912	12911_BarbraStreisand_30_f
240	ErrolFlynn	30	AGE30	6291	6290_ErrolFlynn_30_m
527	JohnGarfield	30	AGE30	7171	7170_JohnGarfield_30_m
165	AdolfHitlerr	30	AGE30	780	779_AdolfHitlerr_30_m
161	MaggieSmith	30	AGE30	10700	10699_MaggieSmith_30_f
108	MelindaDillion	30	AGE30	12305	12304_MelindaDillion_30_f
0	YvesMontand	30	AGE30	6877	6876_YvesMontand_30_m
564	SusanHayward	30	AGE30	14505	14504_SusanHayward_30_f
259	ChristopherWalken	30	AGE30	6994	6993_ChristopherWalken_30_m
362	CyndiLauper	30	AGE30	11432	11431_CyndiLauper_30_f
529	RichardBurton	30	AGE30	9190	9189_RichardBurton_30_m
149	AlecGuinness	30	AGE30	8777	8776_AlecGuinness_30_m
382	GilbertRoland	30	AGE30	7946	7945_GilbertRoland_30_m
114	akistsoxatzopoulos	30	AGE30	786	785_akistsoxatzopoulos_30_m
34	MireilleDarc	30	AGE30	11661	11660_MireilleDarc_30_f
162	PeterSellers	30	AGE30	9154	9153_PeterSellers_30_m
507	RowanAtkinson	30	AGE30	6784	6783_RowanAtkinson_30_m
258	FredMacMurray	30	AGE30	8950	8949_FredMacMurray_30_m
148	WillSmith 	30	AGE30	16065	16064_WillSmith _30_m
360	UgoTognazzi	30	AGE30	7671	7670_UgoTognazzi_30_m
261	KlausKinski	30	AGE30	6523	6522_KlausKinski_30_m
115	BarbaraBain	30	AGE30	10405	10404_BarbaraBain_30_f
163	CharlieSheen	30	AGE30	4029	4028_CharlieSheen_30_m
460	AnneBaxter	30	AGE30	12500	12499_AnneBaxter_30_f
107	DianneWiest	30	AGE30	10478	10477_DianneWiest_30_f
383	JamesGarner	30	AGE30	4615	4614_JamesGarner_30_m
61	RonaldReagan	30	AGE30	756	755_RonaldReagan_30_m
164	KimBasinger	30	AGE30	10587	10586_KimBasinger_30_f
62	SteveMcQueen	30	AGE30	9387	9386_SteveMcQueen_30_m
263	JanePowell	30	AGE30	15385	15384_JanePowell_30_f
445	JohnCassavetes	30	AGE30	8663	8662_JohnCassavetes_30_m
358	NicolasSarkozy	30	AGE30	5522	5521_NicolasSarkozy_30_m
61	RonaldReagan	30	AGE30	724	723_RonaldReagan_30_m
17	LuiseRainer	30	AGE30	10681	10680_LuiseRainer_30_f
396	JeremyKemp	30	AGE30	2638	2637_JeremyKemp_30_m
101	EdwardTeller	30	AGE30	1037	1036_EdwardTeller_30_m
224	campbell	30	AGE30	16282	16281_campbell_30_f
224	campbell	30	AGE30	16283	16282_campbell_30_f
316	MegRyan	30	AGE30	9678	9677_MegRyan_30_f
224	campbell	30	AGE30	16284	16283_campbell_30_f
135	RichardPryor	30	AGE30	16218	16217_RichardPryor_30_m
40	AnthonyHopkins	30	AGE30	5066	5065_AnthonyHopkins_30_m
93	JonFinch	30	AGE30	5401	5400_JonFinch_30_m
200	AnnMargret	30	AGE30	10378	10377_AnnMargret_30_f
223	ElkeSommer	30	AGE30	9951	9950_ElkeSommer_30_f
430	HelenHayes	30	AGE30	13547	13546_HelenHayes_30_f
80	KathrynGrayson	30	AGE30	15675	15674_KathrynGrayson_30_f
288	AnitaEkberg	30	AGE30	10346	10345_AnitaEkberg_30_f
483	Bono	30	AGE30	1536	1535_Bono_30_m
430	HelenHayes	30	AGE30	13528	13527_HelenHayes_30_f
481	AndreMarieAmp╨Ъre	30	AGE30	1250	1249_AndreMarieAmp╨Ъre_30_m
203	DebraPaget	30	AGE30	15233	15232_DebraPaget_30_f
288	AnitaEkberg	30	AGE30	10345	10344_AnitaEkberg_30_f
414	LauraDern	30	AGE30	9882	9881_LauraDern_30_f
550	RalphMacchio	30	AGE30	4351	4350_RalphMacchio_30_m
222	JhonLenon	30	AGE30	181	180_JhonLenon_30_m
312	JohnnyCash	30	AGE30	6496	6495_JohnnyCash_30_m
311	MonicaVitti	30	AGE30	11185	11184_MonicaVitti_30_f
543	JohnDerek	30	AGE30	5348	5347_JohnDerek_30_m
222	JhonLenon	30	AGE30	196	195_JhonLenon_30_m
17	LuiseRainer	30	AGE30	10684	10683_LuiseRainer_30_f
204	LilliPalmer	30	AGE30	13669	13668_LilliPalmer_30_f
81	EdwigeFenech	30	AGE30	15303	15302_EdwigeFenech_30_f
317	BillMurray	30	AGE30	2392	2391_BillMurray_30_m
317	BillMurray	30	AGE30	2391	2390_BillMurray_30_m
224	campbell	30	AGE30	16285	16284_campbell_30_f
137	SidneyPoitier	30	AGE30	16152	16151_SidneyPoitier_30_m
541	ThelmaRitter	30	AGE30	13784	13783_ThelmaRitter_30_f
24	HelenHunt	30	AGE30	10044	10043_HelenHunt_30_f
228	SophiaLoren	30	AGE30	11303	11302_SophiaLoren_30_f
434	DavidCarradine	30	AGE30	8582	8581_DavidCarradine_30_m
404	CatherineSpaak	30	AGE30	11931	11930_CatherineSpaak_30_f
76	HarveyKeitel	30	AGE30	4182	4181_HarveyKeitel_30_m
323	JohnJames	30	AGE30	2030	2029_JohnJames_30_m
283	BettyGrable	30	AGE30	13927	13926_BettyGrable_30_f
25	ShirleyMacLaine	30	AGE30	13251	13250_ShirleyMacLaine_30_f
227	KennethBranagh	30	AGE30	5427	5426_KennethBranagh_30_m
515	mahatmagandhi	30	AGE30	855	854_mahatmagandhi_30_m
284	RobertMorley	30	AGE30	7529	7528_RobertMorley_30_m
322	AlbertCamus	30	AGE30	1324	1323_AlbertCamus_30_m
8	SimoneSignoret	30	AGE30	14829	14828_SimoneSignoret_30_f
551	JeanetteMacDonald	30	AGE30	15467	15466_JeanetteMacDonald_30_f
484	JackLarson	30	AGE30	5929	5928_JackLarson_30_m
464	BetteMidler	30	AGE30	10456	10455_BetteMidler_30_f
226	TommySands	30	AGE30	3929	3928_TommySands_30_m
407	JulieAdams	30	AGE30	10195	10194_JulieAdams_30_f
319	RingoStarr	30	AGE30	3691	3690_RingoStarr_30_m
225	ClarkGable	30	AGE30	5807	5806_ClarkGable_30_m
542	IanMcKellen	30	AGE30	3283	3282_IanMcKellen_30_m
196	KimNovak	30	AGE30	9865	9864_KimNovak_30_f
136	LawrenceTierney	30	AGE30	9089	9088_LawrenceTierney_30_m
409	RexHarrison	30	AGE30	6713	6712_RexHarrison_30_m
286	CydCharisse	30	AGE30	15180	15179_CydCharisse_30_f
311	MonicaVitti	30	AGE30	11184	11183_MonicaVitti_30_f
311	MonicaVitti	30	AGE30	11198	11197_MonicaVitti_30_f
222	JhonLenon	30	AGE30	198	197_JhonLenon_30_m
222	JhonLenon	30	AGE30	195	194_JhonLenon_30_m
84	AngelaLansbury	30	AGE30	11957	11956_AngelaLansbury_30_f
52	IngridBergman	30	AGE30	14232	14231_IngridBergman_30_f
2	RoyRogers	30	AGE30	5695	5694_RoyRogers_30_m
468	BetteDavis	30	AGE30	13349	13348_BetteDavis_30_f
295	JanetEllis	30	AGE30	15435	15434_JanetEllis_30_f
520	MaryTamm	30	AGE30	15737	15736_MaryTamm_30_f
125	AlexandrakisAlekos	30	AGE30	9635	9634_AlexandrakisAlekos_30_m
85	JodieFoster	30	AGE30	11098	11097_JodieFoster_30_f
211	AnjelicaHuston	30	AGE30	11814	11813_AnjelicaHuston_30_f
51	ClaudeL╨ТviStrauss	30	AGE30	1223	1222_ClaudeL╨ТviStrauss_30_m
473	LizaMinelli	30	AGE30	11180	11179_LizaMinelli_30_f
4	CaryGrant	30	AGE30	6123	6122_CaryGrant_30_m
126	JamesArness	30	AGE30	6338	6337_JamesArness_30_m
304	DavidNiven	30	AGE30	7033	7032_DavidNiven_30_m
418	DeborahKerr	30	AGE30	13971	13970_DeborahKerr_30_f
9	FessParker	30	AGE30	7065	7064_FessParker_30_m
469	ClaudiaCardinale	30	AGE30	12985	12984_ClaudiaCardinale_30_f
296	JaneRussell	30	AGE30	13113	13112_JaneRussell_30_f
420	MaryTylerMoore	30	AGE30	12815	12814_MaryTylerMoore_30_f
302	ClaudeRich	30	AGE30	2458	2457_ClaudeRich_30_m
214	JoanLeslie	30	AGE30	10175	10174_JoanLeslie_30_f
519	ChevyChase	30	AGE30	2424	2423_ChevyChase_30_m
38	BarbaraBouchet	30	AGE30	11853	11852_BarbaraBouchet_30_f
547	RuthGordon	30	AGE30	12883	12882_RuthGordon_30_f
88	StacyKeach	30	AGE30	3801	3800_StacyKeach_30_m
215	JulieHagerty	30	AGE30	15557	15556_JulieHagerty_30_f
300	PeterMarkRichman	30	AGE30	7467	7466_PeterMarkRichman_30_m
293	PeterGraves	30	AGE30	6675	6674_PeterGraves_30_m
36	ScottGlenn	30	AGE30	2913	2912_ScottGlenn_30_m
208	ShelleyWinters	30	AGE30	14761	14760_ShelleyWinters_30_f
220	RobertDeNiro	30	AGE30	5681	5680_RobertDeNiro_30_m
37	JoanneWoodward	30	AGE30	12259	12258_JoanneWoodward_30_f
82	MarcelloMastroianni	30	AGE30	9573	9572_MarcelloMastroianni_30_m
479	PeterUstinov	30	AGE30	8208	8207_PeterUstinov_30_m
429	JoanLorring	30	AGE30	6438	6437_JoanLorring_30_m
518	RomanPolanski	30	AGE30	4884	4883_RomanPolanski_30_m
429	JoanLorring	30	AGE30	13178	13177_JoanLorring_30_f
205	LarryEllison	30	AGE30	331	330_LarryEllison_30_m
206	HowardKeel	30	AGE30	5886	5885_HowardKeel_30_m
428	OmarSharif	30	AGE30	3640	3639_OmarSharif_30_m
83	AlPacino	30	AGE30	1626	1625_AlPacino_30_m
310	KevinBacon	30	AGE30	2713	2712_KevinBacon_30_m
415	SamNeill	30	AGE30	2292	2291_SamNeill_30_m
545	FriedrichNietzsche	30	AGE30	1436	1435_FriedrichNietzsche_30_m
309	WilliamDafoe	30	AGE30	4464	4463_WilliamDafoe_30_m
292	KathrynHays	30	AGE30	10561	10560_KathrynHays_30_f
90	MichelPiccoli	30	AGE30	4733	4732_MichelPiccoli_30_m
37	JoanneWoodward	30	AGE30	12253	12252_JoanneWoodward_30_f
309	WilliamDafoe	30	AGE30	4465	4464_WilliamDafoe_30_m
308	JanetLeigh	30	AGE30	12709	12708_JanetLeigh_30_f
476	RaquelWelch	30	AGE30	10832	10831_RaquelWelch_30_f
53	JulieChristie	30	AGE30	11511	11510_JulieChristie_30_f
4	CaryGrant	30	AGE30	6119	6118_CaryGrant_30_m
549	GoldieHawn	30	AGE30	10008	10007_GoldieHawn_30_f
221	JulieBishop	30	AGE30	15534	15533_JulieBishop_30_f
424	GraceKelly	30	AGE30	13070	13069_GraceKelly_30_f
207	BillCosby	30	AGE30	16014	16013_BillCosby_30_m
307	GiulianoGemma	30	AGE30	7984	7983_GiulianoGemma_30_m
417	StevenBerkoff	30	AGE30	4929	4928_StevenBerkoff_30_m
194	JaneFonda	30	AGE30	10113	10112_JaneFonda_30_f
30	AnnetteBening	30	AGE30	11401	11400_AnnetteBening_30_f
120	TomJones	30	AGE30	9761	9760_TomJones_30_f
462	KateOMara	30	AGE30	15587	15586_KateOMara_30_f
186	ElliottGould	30	AGE30	4545	4544_ElliottGould_30_m
437	MarisaPavan	30	AGE30	3495	3494_MarisaPavan_30_m
232	ConnieBooth	30	AGE30	15150	15149_ConnieBooth_30_f
335	JoanFontaine	30	AGE30	14320	14319_JoanFontaine_30_f
278	GiorgosSeferis	30	AGE30	1377	1376_GiorgosSeferis_30_m
326	SteveKanaly	30	AGE30	3841	3840_SteveKanaly_30_m
557	DavidMcCallum	30	AGE30	5224	5223_DavidMcCallum_30_m
513	DonnaReed	30	AGE30	12579	12578_DonnaReed_30_f
23	VirnaLisi	30	AGE30	11327	11326_VirnaLisi_30_f
187	JenniferJones	30	AGE30	14591	14590_JenniferJones_30_f
334	LauraAntonelli	30	AGE30	12282	12281_LauraAntonelli_30_f
333	RobertPowell	30	AGE30	4408	4407_RobertPowell_30_m
73	DyanCannon	30	AGE30	15253	15252_DyanCannon_30_f
279	DorisDay	30	AGE30	9717	9716_DorisDay_30_f
98	RichardChamberlain	30	AGE30	8275	8274_RichardChamberlain_30_m
140	EdHarris	30	AGE30	1690	1689_EdHarris_30_m
188	JulieAndrews	30	AGE30	11480	11479_JulieAndrews_30_f
332	TomHanks	30	AGE30	1765	1764_TomHanks_30_m
280	BillNighy	30	AGE30	3036	3035_BillNighy_30_m
331	SamElliott	30	AGE30	2875	2874_SamElliott_30_m
189	MurrayHamilton	30	AGE30	8690	8689_MurrayHamilton_30_m
524	MaureenOHara	30	AGE30	11648	11647_MaureenOHara_30_f
120	TomJones	30	AGE30	1840	1839_TomJones_30_m
398	CarlMarx	30	AGE30	1481	1480_CarlMarx_30_m
512	WilliamHolden	30	AGE30	8470	8469_WilliamHolden_30_m
489	MarleneDietrich	30	AGE30	14715	14714_MarleneDietrich_30_f
394	OrsonWelles	30	AGE30	6656	6655_OrsonWelles_30_m
180	MichellePfeiffer	30	AGE30	13191	13190_MichellePfeiffer_30_f
234	MyrnaLoy	30	AGE30	12335	12334_MyrnaLoy_30_f
181	FernandoRey	30	AGE30	6298	6297_FernandoRey_30_m
17	LuiseRainer	30	AGE30	10668	10667_LuiseRainer_30_f
35	LouisJourdan	30	AGE30	7341	7340_LouisJourdan_30_m
142	JanetGaynor	30	AGE30	14264	14263_JanetGaynor_30_f
100	LyleTalbot	30	AGE30	7372	7371_LyleTalbot_30_m
490	Gaddafi	30	AGE30	960	959_Gaddafi_30_m
438	JackLemon	30	AGE30	5304	5303_JackLemon_30_m
142	JanetGaynor	30	AGE30	14254	14253_JanetGaynor_30_f
463	OrnellaMuti	30	AGE30	10767	10766_OrnellaMuti_30_f
540	JeanClaudeVanDamme	30	AGE30	9047	9046_JeanClaudeVanDamme_30_m
397	GeraldineChaplin	30	AGE30	13025	13024_GeraldineChaplin_30_f
70	PamelaSueMartin	30	AGE30	15764	15763_PamelaSueMartin_30_f
338	FrancescaAnnis	30	AGE30	12140	12139_FrancescaAnnis_30_f
276	AnthonyPerkins	30	AGE30	8789	8788_AnthonyPerkins_30_m
13	CatherineSchell	30	AGE30	15118	15117_CatherineSchell_30_f
558	MichaelPalin	30	AGE30	4310	4309_MichaelPalin_30_m
337	RichardCrenna	30	AGE30	8310	8309_RichardCrenna_30_m
182	DustinHoffman	30	AGE30	4534	4533_DustinHoffman_30_m
23	VirnaLisi	30	AGE30	11337	11336_VirnaLisi_30_f
71	EvaMarieSaint	30	AGE30	12093	12092_EvaMarieSaint_30_f
234	MyrnaLoy	30	AGE30	12372	12371_MyrnaLoy_30_f
182	DustinHoffman	30	AGE30	4524	4523_DustinHoffman_30_m
97	SerenaWilliams	30	AGE30	16484	16483_SerenaWilliams_30_f
187	JenniferJones	30	AGE30	14577	14576_JenniferJones_30_f
330	JuneAllyson	30	AGE30	13636	13635_JuneAllyson_30_f
435	DebbieReynolds	30	AGE30	12030	12029_DebbieReynolds_30_f
8	SimoneSignoret	30	AGE30	14818	14817_SimoneSignoret_30_f
229	Myl╨ЪneDemongeot	30	AGE30	12854	12853_Myl╨ЪneDemongeot_30_f
327	TommyLeeJones	30	AGE30	5731	5730_TommyLeeJones_30_m
486	MuhammadAli	30	AGE30	15999	15998_MuhammadAli_30_m
190	ClintWalker	30	AGE30	4054	4053_ClintWalker_30_m
138	RomySchneider	30	AGE30	14098	14097_RomySchneider_30_f
487	JaneWyman	30	AGE30	13166	13165_JaneWyman_30_f
329	MargaretNolan	30	AGE30	15713	15712_MargaretNolan_30_f
96	JackColeman	30	AGE30	3299	3298_JackColeman_30_m
23	VirnaLisi	30	AGE30	11353	11352_VirnaLisi_30_f
327	TommyLeeJones	30	AGE30	5732	5731_TommyLeeJones_30_m
17	LuiseRainer	30	AGE30	10656	10655_LuiseRainer_30_f
282	ValerieHarper	30	AGE30	11787	11786_ValerieHarper_30_f
403	RogerAllam	30	AGE30	3719	3718_RogerAllam_30_m
554	CharlieChaplin	30	AGE30	8530	8529_CharlieChaplin_30_m
330	JuneAllyson	30	AGE30	13643	13642_JuneAllyson_30_f
10	JeffDaniels	30	AGE30	3353	3352_JeffDaniels_30_m
137	SidneyPoitier	31	AGE31	16147	16146_SidneyPoitier_31_m
518	RomanPolanski	31	AGE31	4891	4890_RomanPolanski_31_m
151	AnnieGirardot	31	AGE31	13882	13881_AnnieGirardot_31_f
126	JamesArness	31	AGE31	6339	6338_JamesArness_31_m
235	SilvanaMangano	31	AGE31	14800	14799_SilvanaMangano_31_f
486	MuhammadAli	31	AGE31	15992	15991_MuhammadAli_31_m
168	JohnCleese	31	AGE31	2674	2673_JohnCleese_31_m
234	MyrnaLoy	31	AGE31	12350	12349_MyrnaLoy_31_f
219	DerekJacobi	31	AGE31	3162	3161_DerekJacobi_31_m
210	JeanPeters	31	AGE31	13594	13593_JeanPeters_31_f
228	SophiaLoren	31	AGE31	11282	11281_SophiaLoren_31_f
527	JohnGarfield	31	AGE31	7172	7171_JohnGarfield_31_m
526	AngieDickinson	31	AGE31	12439	12438_AngieDickinson_31_f
146	RicardoMontalb╨░n	31	AGE31	9539	9538_RicardoMontalb╨░n_31_m
492	RobertDuvall	31	AGE31	4373	4372_RobertDuvall_31_m
246	LeifErickson	31	AGE31	7279	7278_LeifErickson_31_m
177	OliviaHussey	31	AGE31	11707	11706_OliviaHussey_31_f
142	JanetGaynor	31	AGE31	14255	14254_JanetGaynor_31_f
208	ShelleyWinters	31	AGE31	14760	14759_ShelleyWinters_31_f
514	LindaEvans	31	AGE31	10611	10610_LindaEvans_31_f
208	ShelleyWinters	31	AGE31	14759	14758_ShelleyWinters_31_f
458	JeanMarais	31	AGE31	5956	5955_JeanMarais_31_m
473	LizaMinelli	31	AGE31	11158	11157_LizaMinelli_31_f
525	BoDerek	31	AGE31	9651	9650_BoDerek_31_f
487	JaneWyman	31	AGE31	13142	13141_JaneWyman_31_f
211	AnjelicaHuston	31	AGE31	11815	11814_AnjelicaHuston_31_f
496	GlendaJackson	31	AGE31	12166	12165_GlendaJackson_31_f
247	MichaelYork	31	AGE31	3566	3565_MichaelYork_31_m
143	BarbraStreisand	31	AGE31	12913	12912_BarbraStreisand_31_f
153	GaryOldman	31	AGE31	2546	2545_GaryOldman_31_m
216	FrederickSanger	31	AGE31	1162	1161_FrederickSanger_31_m
215	JulieHagerty	31	AGE31	15558	15557_JulieHagerty_31_f
519	ChevyChase	31	AGE31	2449	2448_ChevyChase_31_m
216	FrederickSanger	31	AGE31	1153	1152_FrederickSanger_31_m
138	RomySchneider	31	AGE31	14099	14098_RomySchneider_31_f
170	CharlesBoyer	31	AGE31	6953	6952_CharlesBoyer_31_m
470	FranklinDRoosevelt	31	AGE31	925	924_FranklinDRoosevelt_31_m
471	ClaudetteColbert	31	AGE31	14668	14667_ClaudetteColbert_31_f
181	FernandoRey	31	AGE31	6299	6298_FernandoRey_31_m
471	ClaudetteColbert	31	AGE31	14662	14661_ClaudetteColbert_31_f
179	LorettaYoung	31	AGE31	14369	14368_LorettaYoung_31_f
212	NormaShearer	31	AGE31	13716	13715_NormaShearer_31_f
194	JaneFonda	31	AGE31	10114	10113_JaneFonda_31_f
137	SidneyPoitier	31	AGE31	16146	16145_SidneyPoitier_31_m
142	JanetGaynor	31	AGE31	14265	14264_JanetGaynor_31_f
504	BeverlyRoberts	31	AGE31	14566	14565_BeverlyRoberts_31_f
499	AmandaBlake	31	AGE31	14957	14956_AmandaBlake_31_f
119	AlanYoung	31	AGE31	1875	1874_AlanYoung_31_m
530	SimonMacCorkindale	31	AGE31	8355	8354_SimonMacCorkindale_31_m
469	ClaudiaCardinale	31	AGE31	12986	12985_ClaudiaCardinale_31_f
229	Myl╨ЪneDemongeot	31	AGE31	12855	12854_Myl╨ЪneDemongeot_31_f
129	AlCorley	31	AGE31	1602	1601_AlCorley_31_m
218	cambell	31	AGE31	16266	16265_cambell_31_f
35	LouisJourdan	31	AGE31	7342	7341_LouisJourdan_31_m
473	LizaMinelli	31	AGE31	11159	11158_LizaMinelli_31_f
178	AndyGriffith	31	AGE31	7787	7786_AndyGriffith_31_m
36	ScottGlenn	31	AGE31	2914	2913_ScottGlenn_31_m
154	JeanneMoreau	31	AGE31	11050	11049_JeanneMoreau_31_f
462	KateOMara	31	AGE31	15588	15587_KateOMara_31_f
506	MargeChampion	31	AGE31	11599	11598_MargeChampion_31_f
503	JeanPaulBelmondo	31	AGE31	7131	7130_JeanPaulBelmondo_31_m
231	AnthonyAndrews	31	AGE31	5035	5034_AnthonyAndrews_31_m
118	HelmutBerger	31	AGE31	4221	4220_HelmutBerger_31_m
196	KimNovak	31	AGE31	9867	9866_KimNovak_31_f
222	JhonLenon	31	AGE31	173	172_JhonLenon_31_m
140	EdHarris	31	AGE31	1691	1690_EdHarris_31_m
463	OrnellaMuti	31	AGE31	10768	10767_OrnellaMuti_31_f
203	DebraPaget	31	AGE31	15234	15233_DebraPaget_31_f
161	MaggieSmith	31	AGE31	10701	10700_MaggieSmith_31_f
40	AnthonyHopkins	31	AGE31	5067	5066_AnthonyHopkins_31_m
188	JulieAndrews	31	AGE31	11481	11480_JulieAndrews_31_f
202	JudyHolliday	31	AGE31	14064	14063_JudyHolliday_31_f
508	VictorMature	31	AGE31	8411	8410_VictorMature_31_m
166	AnnJillian	31	AGE31	14983	14982_AnnJillian_31_f
237	KathleenTurner	31	AGE31	12759	12758_KathleenTurner_31_f
487	JaneWyman	31	AGE31	13150	13149_JaneWyman_31_f
175	FrancesDee	31	AGE31	5823	5822_FrancesDee_31_m
200	AnnMargret	31	AGE31	10379	10378_AnnMargret_31_f
163	CharlieSheen	31	AGE31	4030	4029_CharlieSheen_31_m
223	ElkeSommer	31	AGE31	9952	9951_ElkeSommer_31_f
43	AnnMiller	31	AGE31	15017	15016_AnnMiller_31_f
11	MichaelSarrazin	31	AGE31	9134	9133_MichaelSarrazin_31_m
465	JohnDRockefeller	31	AGE31	443	442_JohnDRockefeller_31_m
7	DonnaDouglas	31	AGE31	10975	10974_DonnaDouglas_31_f
495	CybillShepherd	31	AGE31	11998	11997_CybillShepherd_31_f
164	KimBasinger	31	AGE31	10588	10587_KimBasinger_31_f
136	LawrenceTierney	31	AGE31	9090	9089_LawrenceTierney_31_m
487	JaneWyman	31	AGE31	13159	13158_JaneWyman_31_f
148	WillSmith 	31	AGE31	16066	16065_WillSmith _31_m
523	MartinSheen	31	AGE31	3520	3519_MartinSheen_31_m
225	ClarkGable	31	AGE31	5815	5814_ClarkGable_31_m
460	AnneBaxter	31	AGE31	12501	12500_AnneBaxter_31_f
187	JenniferJones	31	AGE31	14578	14577_JenniferJones_31_f
190	ClintWalker	31	AGE31	4055	4054_ClintWalker_31_m
183	WoodyAllen	31	AGE31	2988	2987_WoodyAllen_31_m
245	RichardBoone	31	AGE31	7498	7497_RichardBoone_31_m
240	ErrolFlynn	31	AGE31	6284	6283_ErrolFlynn_31_m
489	MarleneDietrich	31	AGE31	14716	14715_MarleneDietrich_31_f
137	SidneyPoitier	31	AGE31	16153	16152_SidneyPoitier_31_m
117	VeraEllen	31	AGE31	15906	15905_VeraEllen_31_f
458	JeanMarais	31	AGE31	5957	5956_JeanMarais_31_m
144	SusannahYork	31	AGE31	14120	14119_SusannahYork_31_f
206	HowardKeel	31	AGE31	5887	5886_HowardKeel_31_m
176	RodTaylor	31	AGE31	2260	2259_RodTaylor_31_m
46	JohnMalkovich	31	AGE31	5366	5365_JohnMalkovich_31_m
240	ErrolFlynn	31	AGE31	6275	6274_ErrolFlynn_31_m
476	RaquelWelch	31	AGE31	10833	10832_RaquelWelch_31_f
502	FaradayMichael	31	AGE31	1133	1132_FaradayMichael_31_m
221	JulieBishop	31	AGE31	15535	15534_JulieBishop_31_f
227	KennethBranagh	31	AGE31	5428	5427_KennethBranagh_31_m
186	ElliottGould	31	AGE31	4546	4545_ElliottGould_31_m
468	BetteDavis	31	AGE31	13350	13349_BetteDavis_31_f
244	JeffGoldblum	31	AGE31	4650	4649_JeffGoldblum_31_m
175	FrancesDee	31	AGE31	12601	12600_FrancesDee_31_f
48	GenaRowlands	31	AGE31	4128	4127_GenaRowlands_31_m
10	JeffDaniels	31	AGE31	3354	3353_JeffDaniels_31_m
232	ConnieBooth	31	AGE31	15151	15150_ConnieBooth_31_f
159	PierceBrosnan	31	AGE31	4788	4787_PierceBrosnan_31_m
501	RayLiotta	31	AGE31	2223	2222_RayLiotta_31_m
172	ChristopherEccleston	31	AGE31	8889	8888_ChristopherEccleston_31_m
145	DonJohnson	31	AGE31	2509	2508_DonJohnson_31_m
225	ClarkGable	31	AGE31	5814	5813_ClarkGable_31_m
180	MichellePfeiffer	31	AGE31	13200	13199_MichellePfeiffer_31_f
161	MaggieSmith	31	AGE31	10702	10701_MaggieSmith_31_f
196	KimNovak	31	AGE31	9861	9860_KimNovak_31_f
240	ErrolFlynn	31	AGE31	6266	6265_ErrolFlynn_31_m
44	VincentPrice	31	AGE31	7714	7713_VincentPrice_31_m
562	RockHudson	31	AGE31	6752	6751_RockHudson_31_m
351	JonVoight	31	AGE31	2049	2048_JonVoight_31_m
432	JenniferAniston	31	AGE31	12745	12744_JenniferAniston_31_f
388	JoanCollins	31	AGE31	10535	10534_JoanCollins_31_f
330	JuneAllyson	31	AGE31	13644	13643_JuneAllyson_31_f
433	MaximilianShell	31	AGE31	9470	9469_MaximilianShell_31_m
79	JudyDavis	31	AGE31	9826	9825_JudyDavis_31_f
432	JenniferAniston	31	AGE31	12746	12745_JenniferAniston_31_f
562	RockHudson	31	AGE31	6753	6752_RockHudson_31_m
283	BettyGrable	31	AGE31	13928	13927_BettyGrable_31_f
282	ValerieHarper	31	AGE31	11788	11787_ValerieHarper_31_f
64	MikeConnors	31	AGE31	3598	3597_MikeConnors_31_m
281	RutgerHauer	31	AGE31	3753	3752_RutgerHauer_31_m
96	JackColeman	31	AGE31	3300	3299_JackColeman_31_m
353	ArmandAssante	31	AGE31	5117	5116_ArmandAssante_31_m
353	ArmandAssante	31	AGE31	5118	5117_ArmandAssante_31_m
317	BillMurray	31	AGE31	2393	2392_BillMurray_31_m
15	AnneBancroft	31	AGE31	13865	13864_AnneBancroft_31_f
93	JonFinch	31	AGE31	5402	5401_JonFinch_31_m
15	AnneBancroft	31	AGE31	13846	13845_AnneBancroft_31_f
21	JamesStewart	31	AGE31	8643	8642_JamesStewart_31_m
288	AnitaEkberg	31	AGE31	10347	10346_AnitaEkberg_31_f
350	VittorioGassman	31	AGE31	9239	9238_VittorioGassman_31_m
430	HelenHayes	31	AGE31	13523	13522_HelenHayes_31_f
76	HarveyKeitel	31	AGE31	4183	4182_HarveyKeitel_31_m
285	RyanONeal	31	AGE31	2851	2850_RyanONeal_31_m
331	SamElliott	31	AGE31	2876	2875_SamElliott_31_m
389	JaneBirkin	31	AGE31	10077	10076_JaneBirkin_31_f
80	KathrynGrayson	31	AGE31	15676	15675_KathrynGrayson_31_f
286	CydCharisse	31	AGE31	15187	15186_CydCharisse_31_f
351	JonVoight	31	AGE31	2050	2049_JonVoight_31_m
542	IanMcKellen	31	AGE31	3267	3266_IanMcKellen_31_m
316	MegRyan	31	AGE31	9679	9678_MegRyan_31_f
431	RobertRedford	31	AGE31	4823	4822_RobertRedford_31_m
66	BruceWillis	31	AGE31	3070	3069_BruceWillis_31_m
97	SerenaWilliams	31	AGE31	16485	16484_SerenaWilliams_31_f
98	RichardChamberlain	31	AGE31	8276	8275_RichardChamberlain_31_m
61	RonaldReagan	31	AGE31	728	727_RonaldReagan_31_m
360	UgoTognazzi	31	AGE31	7672	7671_UgoTognazzi_31_m
439	IsabelleAdjani	31	AGE31	12234	12233_IsabelleAdjani_31_f
272	ElvisPresley	31	AGE31	218	217_ElvisPresley_31_m
564	SusanHayward	31	AGE31	14512	14511_SusanHayward_31_f
319	RingoStarr	31	AGE31	3692	3691_RingoStarr_31_m
382	GilbertRoland	31	AGE31	7947	7946_GilbertRoland_31_m
31	Ross	31	AGE31	16400	16399_Ross_31_f
362	CyndiLauper	31	AGE31	11433	11432_CyndiLauper_31_f
20	JohnTravolta	31	AGE31	4701	4700_JohnTravolta_31_m
363	GretaGarbo	31	AGE31	13095	13094_GretaGarbo_31_f
103	Houston	31	AGE31	16392	16391_Houston_31_f
31	Ross	31	AGE31	16399	16398_Ross_31_f
269	BenGazzara	31	AGE31	5770	5769_BenGazzara_31_m
551	JeanetteMacDonald	31	AGE31	15468	15467_JeanetteMacDonald_31_f
97	SerenaWilliams	31	AGE31	16470	16469_SerenaWilliams_31_f
273	JoanCrawford	31	AGE31	14280	14279_JoanCrawford_31_f
100	LyleTalbot	31	AGE31	7373	7372_LyleTalbot_31_m
279	DorisDay	31	AGE31	9748	9747_DorisDay_31_f
385	UrsulaAndress	31	AGE31	12385	12384_UrsulaAndress_31_f
540	JeanClaudeVanDamme	31	AGE31	9048	9047_JeanClaudeVanDamme_31_m
279	DorisDay	31	AGE31	9718	9717_DorisDay_31_f
436	LindsayWagner	31	AGE31	11572	11571_LindsayWagner_31_f
358	NicolasSarkozy	31	AGE31	5523	5522_NicolasSarkozy_31_m
539	KristinScottThomas	31	AGE31	14335	14334_KristinScottThomas_31_f
437	MarisaPavan	31	AGE31	3496	3495_MarisaPavan_31_m
277	AliMacGraw	31	AGE31	9918	9917_AliMacGraw_31_f
276	AnthonyPerkins	31	AGE31	8790	8789_AnthonyPerkins_31_m
409	RexHarrison	31	AGE31	6714	6713_RexHarrison_31_m
13	CatherineSchell	31	AGE31	15119	15118_CatherineSchell_31_f
78	JamesBest	31	AGE31	1945	1944_JamesBest_31_m
383	JamesGarner	31	AGE31	4616	4615_JamesGarner_31_m
62	SteveMcQueen	31	AGE31	9388	9387_SteveMcQueen_31_m
315	DirkBogarde	31	AGE31	6233	6232_DirkBogarde_31_m
66	BruceWillis	31	AGE31	3071	3070_BruceWillis_31_m
18	ElsaMartinelli	31	AGE31	12064	12063_ElsaMartinelli_31_f
71	EvaMarieSaint	31	AGE31	12094	12093_EvaMarieSaint_31_f
22	TerryMoore	31	AGE31	10314	10313_TerryMoore_31_f
417	StevenBerkoff	31	AGE31	4930	4929_StevenBerkoff_31_m
70	PamelaSueMartin	31	AGE31	15765	15764_PamelaSueMartin_31_f
548	CatherineDeneuve	31	AGE31	12951	12950_CatherineDeneuve_31_f
85	JodieFoster	31	AGE31	11099	11098_JodieFoster_31_f
558	MichaelPalin	31	AGE31	4311	4310_MichaelPalin_31_m
556	CarlosSantana	31	AGE31	4506	4505_CarlosSantana_31_m
27	LaurenBacall	31	AGE31	11560	11559_LaurenBacall_31_f
313	LeslieCaron	31	AGE31	3450	3449_LeslieCaron_31_m
27	LaurenBacall	31	AGE31	11544	11543_LaurenBacall_31_f
52	IngridBergman	31	AGE31	14233	14232_IngridBergman_31_f
81	EdwigeFenech	31	AGE31	15304	15303_EdwigeFenech_31_f
395	michaeljackson	31	AGE31	270	269_michaeljackson_31_m
396	JeremyKemp	31	AGE31	2639	2638_JeremyKemp_31_m
86	MarietteHartley	31	AGE31	10280	10279_MarietteHartley_31_f
307	GiulianoGemma	31	AGE31	7985	7984_GiulianoGemma_31_m
397	GeraldineChaplin	31	AGE31	13026	13025_GeraldineChaplin_31_f
23	VirnaLisi	31	AGE31	11338	11337_VirnaLisi_31_f
73	DyanCannon	31	AGE31	15254	15253_DyanCannon_31_f
334	LauraAntonelli	31	AGE31	12283	12282_LauraAntonelli_31_f
23	VirnaLisi	31	AGE31	11347	11346_VirnaLisi_31_f
23	VirnaLisi	31	AGE31	11346	11345_VirnaLisi_31_f
82	MarcelloMastroianni	31	AGE31	9574	9573_MarcelloMastroianni_31_m
551	JeanetteMacDonald	31	AGE31	15472	15471_JeanetteMacDonald_31_f
399	RonPerlman	31	AGE31	2814	2813_RonPerlman_31_m
73	DyanCannon	31	AGE31	15289	15288_DyanCannon_31_f
550	RalphMacchio	31	AGE31	4352	4351_RalphMacchio_31_m
310	KevinBacon	31	AGE31	2714	2713_KevinBacon_31_m
415	SamNeill	31	AGE31	2293	2292_SamNeill_31_m
308	JanetLeigh	31	AGE31	12710	12709_JanetLeigh_31_f
549	GoldieHawn	31	AGE31	10009	10008_GoldieHawn_31_f
311	MonicaVitti	31	AGE31	11211	11210_MonicaVitti_31_f
303	GeneHackman	31	AGE31	3228	3227_GeneHackman_31_m
394	OrsonWelles	31	AGE31	6654	6653_OrsonWelles_31_m
419	ShirleyJones	31	AGE31	11251	11250_ShirleyJones_31_f
296	JaneRussell	31	AGE31	13115	13114_JaneRussell_31_f
296	JaneRussell	31	AGE31	13114	13113_JaneRussell_31_f
67	JamesCaan	31	AGE31	1987	1986_JamesCaan_31_m
295	JanetEllis	31	AGE31	15436	15435_JanetEllis_31_f
344	ElVenizelos	31	AGE31	700	699_ElVenizelos_31_m
21	JamesStewart	31	AGE31	8642	8641_JamesStewart_31_m
343	PaulmcCartney	31	AGE31	136	135_PaulmcCartney_31_m
546	SusanSarandon	31	AGE31	11728	11727_SusanSarandon_31_f
294	JamieLeeCurtis	31	AGE31	12679	12678_JamieLeeCurtis_31_f
560	GregoryPeck	31	AGE31	9375	9374_GregoryPeck_31_m
293	PeterGraves	31	AGE31	6676	6675_PeterGraves_31_m
315	DirkBogarde	31	AGE31	6232	6231_DirkBogarde_31_m
426	TheodorakisMikis	31	AGE31	236	235_TheodorakisMikis_31_m
292	KathrynHays	31	AGE31	10562	10561_KathrynHays_31_f
90	MichelPiccoli	31	AGE31	4734	4733_MichelPiccoli_31_m
401	ErinGray	31	AGE31	15341	15340_ErinGray_31_f
423	JoanCusack	31	AGE31	10145	10144_JoanCusack_31_f
89	PatriciaNeal	31	AGE31	13723	13722_PatriciaNeal_31_f
332	TomHanks	31	AGE31	1766	1765_TomHanks_31_m
341	AnnaMassey	31	AGE31	12465	12464_AnnaMassey_31_f
420	MaryTylerMoore	31	AGE31	12816	12815_MaryTylerMoore_31_f
27	LaurenBacall	31	AGE31	11543	11542_LaurenBacall_31_f
88	StacyKeach	31	AGE31	3802	3801_StacyKeach_31_m
547	RuthGordon	31	AGE31	12884	12883_RuthGordon_31_f
68	KevinCostner	31	AGE31	4264	4263_KevinCostner_31_m
301	JudyGarland	31	AGE31	14046	14045_JudyGarland_31_f
88	StacyKeach	31	AGE31	3803	3802_StacyKeach_31_m
559	SylvesterStallone	31	AGE31	7589	7588_SylvesterStallone_31_m
300	PeterMarkRichman	31	AGE31	7468	7467_PeterMarkRichman_31_m
2	RoyRogers	31	AGE31	5696	5695_RoyRogers_31_m
17	LuiseRainer	31	AGE31	10669	10668_LuiseRainer_31_f
27	LaurenBacall	31	AGE31	11542	11541_LaurenBacall_31_f
299	GeorgeMontgomery	31	AGE31	9316	9315_GeorgeMontgomery_31_m
364	SarahDouglas	31	AGE31	15791	15790_SarahDouglas_31_f
440	RayDanton	31	AGE31	5662	5661_RayDanton_31_m
95	DavidSarnoff	31	AGE31	382	381_DavidSarnoff_31_m
312	JohnnyCash	31	AGE31	6497	6496_JohnnyCash_31_m
55	JamesWoods	31	AGE31	2608	2607_JamesWoods_31_m
321	DannyDeVito	31	AGE31	3138	3137_DannyDeVito_31_m
326	SteveKanaly	31	AGE31	3842	3841_SteveKanaly_31_m
75	EllenBurstyn	31	AGE31	10991	10990_EllenBurstyn_31_f
33	JamesCoburn	31	AGE31	6398	6397_JamesCoburn_31_m
329	MargaretNolan	31	AGE31	15714	15713_MargaretNolan_31_f
251	St╨ТphaneAudran	31	AGE31	15861	15860_St╨ТphaneAudran_31_f
19	EdwardFox	31	AGE31	1906	1905_EdwardFox_31_m
368	BettyGarrett	31	AGE31	15048	15047_BettyGarrett_31_f
445	JohnCassavetes	31	AGE31	8664	8663_JohnCassavetes_31_m
109	MariaCallas	31	AGE31	23	22_MariaCallas_31_f
453	DaliahLavi	31	AGE31	10948	10947_DaliahLavi_31_f
323	JohnJames	31	AGE31	2031	2030_JohnJames_31_m
376	Fernandel	31	AGE31	4553	4552_Fernandel_31_m
56	AudreyHepburn	31	AGE31	14549	14548_AudreyHepburn_31_f
49	BobHope	31	AGE31	5148	5147_BobHope_31_m
380	TomasMilian	31	AGE31	3892	3891_TomasMilian_31_m
255	NickNolte	31	AGE31	2182	2181_NickNolte_31_m
109	MariaCallas	31	AGE31	7	6_MariaCallas_31_f
379	JamesCagney	31	AGE31	6373	6372_JamesCagney_31_m
264	LexBarker	31	AGE31	6579	6578_LexBarker_31_m
372	BernadetteLafont	31	AGE31	14870	14869_BernadetteLafont_31_f
449	ZsaZsaGabor	31	AGE31	11368	11367_ZsaZsaGabor_31_f
258	FredMacMurray	31	AGE31	8951	8950_FredMacMurray_31_m
403	RogerAllam	31	AGE31	3720	3719_RogerAllam_31_m
33	JamesCoburn	31	AGE31	6399	6398_JamesCoburn_31_m
265	BurtReynolds	31	AGE31	3981	3980_BurtReynolds_31_m
59	MichaelKeaton	31	AGE31	5486	5485_MichaelKeaton_31_m
263	JanePowell	31	AGE31	15386	15385_JanePowell_31_f
367	LiamNeeson	31	AGE31	2745	2744_LiamNeeson_31_m
256	PatrickSwayze	31	AGE31	8168	8167_PatrickSwayze_31_m
377	TomHulce	31	AGE31	1805	1804_TomHulce_31_m
327	TommyLeeJones	31	AGE31	5733	5732_TommyLeeJones_31_m
373	BobDylan	31	AGE31	1662	1661_BobDylan_31_m
57	AlikiBoug	31	AGE31	12556	12555_AlikiBoug_31_f
268	WarrenBeatty	31	AGE31	4990	4989_WarrenBeatty_31_m
565	MelGibson	31	AGE31	2144	2143_MelGibson_31_m
365	JohnVernon	31	AGE31	6446	6445_JohnVernon_31_m
57	AlikiBoug	31	AGE31	12561	12560_AlikiBoug_31_f
248	MartinScorsese	31	AGE31	5452	5451_MartinScorsese_31_m
447	GlennClose	31	AGE31	9981	9980_GlennClose_31_f
260	AmandaRedman	31	AGE31	13276	13275_AmandaRedman_31_f
249	LivUllmann	31	AGE31	10248	10247_LivUllmann_31_f
22	TerryMoore	32	AGE32	10315	10314_TerryMoore_32_f
421	SigourneyWeaver	32	AGE32	13301	13300_SigourneyWeaver_32_f
88	StacyKeach	32	AGE32	3804	3803_StacyKeach_32_m
491	PhilHartman	32	AGE32	3667	3666_PhilHartman_32_m
292	KathrynHays	32	AGE32	10563	10562_KathrynHays_32_f
546	SusanSarandon	32	AGE32	11729	11728_SusanSarandon_32_f
143	BarbraStreisand	32	AGE32	12914	12913_BarbraStreisand_32_f
458	JeanMarais	32	AGE32	5958	5957_JeanMarais_32_m
545	FriedrichNietzsche	32	AGE32	1446	1445_FriedrichNietzsche_32_m
216	FrederickSanger	32	AGE32	1156	1155_FrederickSanger_32_m
486	MuhammadAli	32	AGE32	15980	15979_MuhammadAli_32_m
68	KevinCostner	32	AGE32	4265	4264_KevinCostner_32_m
77	RobertRyan	32	AGE32	7562	7561_RobertRyan_32_m
511	JackNicolson	32	AGE32	5283	5282_JackNicolson_32_m
126	JamesArness	32	AGE32	6340	6339_JamesArness_32_m
504	BeverlyRoberts	32	AGE32	14567	14566_BeverlyRoberts_32_f
201	KirkDouglas	32	AGE32	4300	4299_KirkDouglas_32_m
255	NickNolte	32	AGE32	2183	2182_NickNolte_32_m
66	BruceWillis	32	AGE32	3072	3071_BruceWillis_32_m
521	StefaniePowers	32	AGE32	15818	15817_StefaniePowers_32_f
301	JudyGarland	32	AGE32	14047	14046_JudyGarland_32_f
420	MaryTylerMoore	32	AGE32	12817	12816_MaryTylerMoore_32_f
391	AlKapone	32	AGE32	513	512_AlKapone_32_m
214	JoanLeslie	32	AGE32	10176	10175_JoanLeslie_32_f
544	GeorgeCScott	32	AGE32	8988	8987_GeorgeCScott_32_m
544	GeorgeCScott	32	AGE32	8989	8988_GeorgeCScott_32_m
179	LorettaYoung	32	AGE32	14370	14369_LorettaYoung_32_f
332	TomHanks	32	AGE32	1767	1766_TomHanks_32_m
17	LuiseRainer	32	AGE32	10685	10684_LuiseRainer_32_f
1	HerbertLom	32	AGE32	5844	5843_HerbertLom_32_m
471	ClaudetteColbert	32	AGE32	14689	14688_ClaudetteColbert_32_f
215	JulieHagerty	32	AGE32	15559	15558_JulieHagerty_32_f
300	PeterMarkRichman	32	AGE32	7469	7468_PeterMarkRichman_32_m
68	KevinCostner	32	AGE32	4266	4265_KevinCostner_32_m
176	RodTaylor	32	AGE32	2261	2260_RodTaylor_32_m
245	RichardBoone	32	AGE32	7499	7498_RichardBoone_32_m
298	FrankSinatra	32	AGE32	8611	8610_FrankSinatra_32_m
428	OmarSharif	32	AGE32	3641	3640_OmarSharif_32_m
38	BarbaraBouchet	32	AGE32	11854	11853_BarbaraBouchet_32_f
21	JamesStewart	32	AGE32	8645	8644_JamesStewart_32_m
503	JeanPaulBelmondo	32	AGE32	7132	7131_JeanPaulBelmondo_32_m
554	CharlieChaplin	32	AGE32	8544	8543_CharlieChaplin_32_m
510	PeterFalk	32	AGE32	5590	5589_PeterFalk_32_m
315	DirkBogarde	32	AGE32	6234	6233_DirkBogarde_32_m
55	JamesWoods	32	AGE32	2609	2608_JamesWoods_32_m
28	AndreasPapantreou	32	AGE32	888	887_AndreasPapantreou_32_m
54	KevinSpacey	32	AGE32	3415	3414_KevinSpacey_32_m
459	WilliamShatner	32	AGE32	6064	6063_WilliamShatner_32_m
54	KevinSpacey	32	AGE32	3417	3416_KevinSpacey_32_m
346	GloriaSwanson	32	AGE32	13983	13982_GloriaSwanson_32_f
545	FriedrichNietzsche	32	AGE32	1450	1449_FriedrichNietzsche_32_m
345	JuliaRoberts	32	AGE32	11464	11463_JuliaRoberts_32_f
258	FredMacMurray	32	AGE32	8952	8951_FredMacMurray_32_m
67	JamesCaan	32	AGE32	1988	1987_JamesCaan_32_m
391	AlKapone	32	AGE32	519	518_AlKapone_32_m
493	PiaLindstrom	32	AGE32	11222	11221_PiaLindstrom_32_f
220	RobertDeNiro	32	AGE32	5680	5679_RobertDeNiro_32_m
391	AlKapone	32	AGE32	512	511_AlKapone_32_m
155	SteveJobsb	32	AGE32	402	401_SteveJobsb_32_m
295	JanetEllis	32	AGE32	15437	15436_JanetEllis_32_f
331	SamElliott	32	AGE32	2877	2876_SamElliott_32_m
90	MichelPiccoli	32	AGE32	4735	4734_MichelPiccoli_32_m
297	TildaSwinton	32	AGE32	11767	11766_TildaSwinton_32_f
221	JulieBishop	32	AGE32	15536	15535_JulieBishop_32_f
296	JaneRussell	32	AGE32	13116	13115_JaneRussell_32_f
423	JoanCusack	32	AGE32	10146	10145_JoanCusack_32_f
257	HorstBuchholz	32	AGE32	8047	8046_HorstBuchholz_32_m
553	DanielleDarrieux	32	AGE32	13414	13413_DanielleDarrieux_32_f
520	MaryTamm	32	AGE32	15738	15737_MaryTamm_32_f
469	ClaudiaCardinale	32	AGE32	12987	12986_ClaudiaCardinale_32_f
109	MariaCallas	32	AGE32	15	14_MariaCallas_32_f
372	BernadetteLafont	32	AGE32	14871	14870_BernadetteLafont_32_f
67	JamesCaan	32	AGE32	1989	1988_JamesCaan_32_m
513	DonnaReed	32	AGE32	12580	12579_DonnaReed_32_f
257	HorstBuchholz	32	AGE32	8048	8047_HorstBuchholz_32_m
391	AlKapone	32	AGE32	524	523_AlKapone_32_m
403	RogerAllam	32	AGE32	3721	3720_RogerAllam_32_m
28	AndreasPapantreou	32	AGE32	885	884_AndreasPapantreou_32_m
219	DerekJacobi	32	AGE32	3163	3162_DerekJacobi_32_m
3	ArnoldSchwarzenegger	32	AGE32	8826	8825_ArnoldSchwarzenegger_32_m
17	LuiseRainer	32	AGE32	10661	10660_LuiseRainer_32_f
154	JeanneMoreau	32	AGE32	11051	11050_JeanneMoreau_32_f
530	SimonMacCorkindale	32	AGE32	8356	8355_SimonMacCorkindale_32_m
250	IsabelleHuppert	32	AGE32	12654	12653_IsabelleHuppert_32_f
202	JudyHolliday	32	AGE32	14065	14064_JudyHolliday_32_f
310	KevinBacon	32	AGE32	2715	2714_KevinBacon_32_m
455	AlanRickman	32	AGE32	3008	3007_AlanRickman_32_m
557	DavidMcCallum	32	AGE32	5225	5224_DavidMcCallum_32_m
184	GeorgesMarchal	32	AGE32	9338	9337_GeorgesMarchal_32_m
476	RaquelWelch	32	AGE32	10834	10833_RaquelWelch_32_f
397	GeraldineChaplin	32	AGE32	13027	13026_GeraldineChaplin_32_f
53	JulieChristie	32	AGE32	11512	11511_JulieChristie_32_f
489	MarleneDietrich	32	AGE32	14717	14716_MarleneDietrich_32_f
454	JerryLewis	32	AGE32	2663	2662_JerryLewis_32_m
308	JanetLeigh	32	AGE32	12711	12710_JanetLeigh_32_f
518	RomanPolanski	32	AGE32	4885	4884_RomanPolanski_32_m
71	EvaMarieSaint	32	AGE32	12095	12094_EvaMarieSaint_32_f
326	SteveKanaly	32	AGE32	3843	3842_SteveKanaly_32_m
84	AngelaLansbury	32	AGE32	11958	11957_AngelaLansbury_32_f
207	BillCosby	32	AGE32	16185	16184_BillCosby_32_m
24	HelenHunt	32	AGE32	10045	10044_HelenHunt_32_f
374	Mparkoulis	32	AGE32	2171	2170_Mparkoulis_32_m
337	RichardCrenna	32	AGE32	8314	8313_RichardCrenna_32_m
514	LindaEvans	32	AGE32	10612	10611_LindaEvans_32_f
153	GaryOldman	32	AGE32	2547	2546_GaryOldman_32_m
56	AudreyHepburn	32	AGE32	14550	14549_AudreyHepburn_32_f
206	HowardKeel	32	AGE32	5888	5887_HowardKeel_32_m
247	MichaelYork	32	AGE32	3567	3566_MichaelYork_32_m
73	DyanCannon	32	AGE32	15290	15289_DyanCannon_32_f
312	JohnnyCash	32	AGE32	6484	6483_JohnnyCash_32_m
17	LuiseRainer	32	AGE32	10691	10690_LuiseRainer_32_f
480	JeanGabin	32	AGE32	5337	5336_JeanGabin_32_m
414	LauraDern	32	AGE32	9883	9882_LauraDern_32_f
505	GingerRogers	32	AGE32	13480	13479_GingerRogers_32_f
40	AnthonyHopkins	32	AGE32	5068	5067_AnthonyHopkins_32_m
334	LauraAntonelli	32	AGE32	12284	12283_LauraAntonelli_32_f
313	LeslieCaron	32	AGE32	3451	3450_LeslieCaron_32_m
307	GiulianoGemma	32	AGE32	7986	7985_GiulianoGemma_32_m
56	AudreyHepburn	32	AGE32	14538	14537_AudreyHepburn_32_f
187	JenniferJones	32	AGE32	14585	14584_JenniferJones_32_f
399	RonPerlman	32	AGE32	2815	2814_RonPerlman_32_m
23	VirnaLisi	32	AGE32	11356	11355_VirnaLisi_32_f
311	MonicaVitti	32	AGE32	11186	11185_MonicaVitti_32_f
23	VirnaLisi	32	AGE32	11339	11338_VirnaLisi_32_f
186	ElliottGould	32	AGE32	4547	4546_ElliottGould_32_m
335	JoanFontaine	32	AGE32	14314	14313_JoanFontaine_32_f
82	MarcelloMastroianni	32	AGE32	9575	9574_MarcelloMastroianni_32_m
333	RobertPowell	32	AGE32	4409	4408_RobertPowell_32_m
550	RalphMacchio	32	AGE32	4353	4352_RalphMacchio_32_m
203	DebraPaget	32	AGE32	15235	15234_DebraPaget_32_f
547	RuthGordon	32	AGE32	12886	12885_RuthGordon_32_f
6	Carroll	32	AGE32	16309	16308_Carroll_32_f
46	JohnMalkovich	32	AGE32	5367	5366_JohnMalkovich_32_m
304	DavidNiven	32	AGE32	7034	7033_DavidNiven_32_m
253	HarrisonFord	32	AGE32	4166	4165_HarrisonFord_32_m
340	CliffRobertson	32	AGE32	8551	8550_CliffRobertson_32_m
193	GeorgePeppard	32	AGE32	7909	7908_GeorgePeppard_32_m
394	OrsonWelles	32	AGE32	6657	6656_OrsonWelles_32_m
519	ChevyChase	32	AGE32	2430	2429_ChevyChase_32_m
81	EdwigeFenech	32	AGE32	15305	15304_EdwigeFenech_32_f
302	ClaudeRich	32	AGE32	2459	2458_ClaudeRich_32_m
254	Thanasisveggos	32	AGE32	9415	9414_Thanasisveggos_32_m
419	ShirleyJones	32	AGE32	11252	11251_ShirleyJones_32_f
19	EdwardFox	32	AGE32	1907	1906_EdwardFox_32_m
394	OrsonWelles	32	AGE32	6665	6664_OrsonWelles_32_m
377	TomHulce	32	AGE32	1806	1805_TomHulce_32_m
86	MarietteHartley	32	AGE32	10281	10280_MarietteHartley_32_f
212	NormaShearer	32	AGE32	13710	13709_NormaShearer_32_f
341	AnnaMassey	32	AGE32	12466	12465_AnnaMassey_32_f
534	AlbertoSordi	32	AGE32	7756	7755_AlbertoSordi_32_m
566	Pele	32	AGE32	54	53_Pele_32_m
392	EstherWilliams	32	AGE32	14165	14164_EstherWilliams_32_f
212	NormaShearer	32	AGE32	13694	13693_NormaShearer_32_f
471	ClaudetteColbert	32	AGE32	14669	14668_ClaudetteColbert_32_f
551	JeanetteMacDonald	32	AGE32	15473	15472_JeanetteMacDonald_32_f
180	MichellePfeiffer	32	AGE32	13192	13191_MichellePfeiffer_32_f
180	MichellePfeiffer	32	AGE32	13201	13200_MichellePfeiffer_32_f
246	LeifErickson	32	AGE32	7281	7280_LeifErickson_32_m
182	DustinHoffman	32	AGE32	4538	4537_DustinHoffman_32_m
306	KrisKristofferson	32	AGE32	7244	7243_KrisKristofferson_32_m
417	StevenBerkoff	32	AGE32	4931	4930_StevenBerkoff_32_m
202	JudyHolliday	32	AGE32	14066	14065_JudyHolliday_32_f
44	VincentPrice	32	AGE32	7710	7709_VincentPrice_32_m
473	LizaMinelli	32	AGE32	11179	11178_LizaMinelli_32_f
490	Gaddafi	32	AGE32	974	973_Gaddafi_32_m
181	FernandoRey	32	AGE32	6300	6299_FernandoRey_32_m
70	PamelaSueMartin	32	AGE32	15766	15765_PamelaSueMartin_32_f
210	JeanPeters	32	AGE32	13595	13594_JeanPeters_32_f
188	JulieAndrews	32	AGE32	11474	11473_JulieAndrews_32_f
339	ChuckNorris	32	AGE32	3100	3099_ChuckNorris_32_m
85	JodieFoster	32	AGE32	11100	11099_JodieFoster_32_f
395	michaeljackson	32	AGE32	263	262_michaeljackson_32_m
6	Carroll	32	AGE32	16308	16307_Carroll_32_f
373	BobDylan	32	AGE32	1663	1662_BobDylan_32_m
305	TanyaRoberts	32	AGE32	11315	11314_TanyaRoberts_32_f
142	JanetGaynor	32	AGE32	14257	14256_JanetGaynor_32_f
324	JaneAsher	32	AGE32	9809	9808_JaneAsher_32_f
304	DavidNiven	32	AGE32	7035	7034_DavidNiven_32_m
34	MireilleDarc	32	AGE32	11662	11661_MireilleDarc_32_f
558	MichaelPalin	32	AGE32	4312	4311_MichaelPalin_32_m
376	Fernandel	32	AGE32	4554	4553_Fernandel_32_m
543	JohnDerek	32	AGE32	5350	5349_JohnDerek_32_m
149	AlecGuinness	32	AGE32	8754	8753_AlecGuinness_32_m
4	CaryGrant	32	AGE32	6117	6116_CaryGrant_32_m
358	NicolasSarkozy	32	AGE32	5524	5523_NicolasSarkozy_32_m
62	SteveMcQueen	32	AGE32	9389	9388_SteveMcQueen_32_m
277	AliMacGraw	32	AGE32	9919	9918_AliMacGraw_32_f
99	YvonneDeCarlo	32	AGE32	14607	14606_YvonneDeCarlo_32_f
148	WillSmith 	32	AGE32	16067	16066_WillSmith _32_m
120	TomJones	32	AGE32	1841	1840_TomJones_32_m
359	KostasVoutsas	32	AGE32	4703	4702_KostasVoutsas_32_m
276	AnthonyPerkins	32	AGE32	8791	8790_AnthonyPerkins_32_m
234	MyrnaLoy	32	AGE32	12351	12350_MyrnaLoy_32_f
540	JeanClaudeVanDamme	32	AGE32	9071	9070_JeanClaudeVanDamme_32_m
383	JamesGarner	32	AGE32	4617	4616_JamesGarner_32_m
359	KostasVoutsas	32	AGE32	4709	4708_KostasVoutsas_32_m
150	RitaLeviMontalcini	32	AGE32	1308	1307_RitaLeviMontalcini_32_f
13	CatherineSchell	32	AGE32	15120	15119_CatherineSchell_32_f
275	NelsonMandela	32	AGE32	16260	16259_NelsonMandela_32_m
164	KimBasinger	32	AGE32	10589	10588_KimBasinger_32_f
552	FidelCastro	32	AGE32	677	676_FidelCastro_32_m
462	KateOMara	32	AGE32	15589	15588_KateOMara_32_f
275	NelsonMandela	32	AGE32	16239	16238_NelsonMandela_32_m
408	MelBrooks	32	AGE32	2096	2095_MelBrooks_32_m
359	KostasVoutsas	32	AGE32	4710	4709_KostasVoutsas_32_m
367	LiamNeeson	32	AGE32	2746	2745_LiamNeeson_32_m
78	JamesBest	32	AGE32	1946	1945_JamesBest_32_m
158	SpencerTracy	32	AGE32	8379	8378_SpencerTracy_32_m
563	PaulAnka	32	AGE32	83	82_PaulAnka_32_m
355	CelesteHolm	32	AGE32	13376	13375_CelesteHolm_32_f
368	BettyGarrett	32	AGE32	15049	15048_BettyGarrett_32_f
499	AmandaBlake	32	AGE32	14958	14957_AmandaBlake_32_f
63	PeggyAshcroft	32	AGE32	14454	14453_PeggyAshcroft_32_f
288	AnitaEkberg	32	AGE32	10348	10347_AnitaEkberg_32_f
445	JohnCassavetes	32	AGE32	8665	8664_JohnCassavetes_32_m
463	OrnellaMuti	32	AGE32	10769	10768_OrnellaMuti_32_f
385	UrsulaAndress	32	AGE32	12386	12385_UrsulaAndress_32_f
30	AnnetteBening	32	AGE32	11402	11401_AnnetteBening_32_f
279	DorisDay	32	AGE32	9719	9718_DorisDay_32_f
240	ErrolFlynn	32	AGE32	6276	6275_ErrolFlynn_32_m
192	NielsBohr	32	AGE32	1099	1098_NielsBohr_32_m
23	VirnaLisi	32	AGE32	11352	11351_VirnaLisi_32_f
231	AnthonyAndrews	32	AGE32	5036	5035_AnthonyAndrews_32_m
409	RexHarrison	32	AGE32	6715	6714_RexHarrison_32_m
240	ErrolFlynn	32	AGE32	6295	6294_ErrolFlynn_32_m
232	ConnieBooth	32	AGE32	15152	15151_ConnieBooth_32_f
79	JudyDavis	32	AGE32	9827	9826_JudyDavis_32_f
317	BillMurray	32	AGE32	2394	2393_BillMurray_32_m
166	AnnJillian	32	AGE32	14984	14983_AnnJillian_32_f
54	KevinSpacey	32	AGE32	3418	3417_KevinSpacey_32_m
54	KevinSpacey	32	AGE32	3416	3415_KevinSpacey_32_m
484	JackLarson	32	AGE32	5930	5929_JackLarson_32_m
527	JohnGarfield	32	AGE32	7174	7173_JohnGarfield_32_m
36	ScottGlenn	32	AGE32	2915	2914_ScottGlenn_32_m
565	MelGibson	32	AGE32	2145	2144_MelGibson_32_m
366	MelFerrer	32	AGE32	6621	6620_MelFerrer_32_m
12	MerylStreep	32	AGE32	10730	10729_MerylStreep_32_f
407	JulieAdams	32	AGE32	10196	10195_JulieAdams_32_f
526	AngieDickinson	32	AGE32	12440	12439_AngieDickinson_32_f
271	RichardAttenborough	32	AGE32	8733	8732_RichardAttenborough_32_m
501	RayLiotta	32	AGE32	2224	2223_RayLiotta_32_m
159	PierceBrosnan	32	AGE32	4789	4788_PierceBrosnan_32_m
365	JohnVernon	32	AGE32	6447	6446_JohnVernon_32_m
35	LouisJourdan	32	AGE32	7344	7343_LouisJourdan_32_m
440	RayDanton	32	AGE32	5663	5662_RayDanton_32_m
363	GretaGarbo	32	AGE32	13096	13095_GretaGarbo_32_f
538	BarbaraStanwyck	32	AGE32	14638	14637_BarbaraStanwyck_32_f
117	VeraEllen	32	AGE32	15907	15906_VeraEllen_32_f
75	EllenBurstyn	32	AGE32	10993	10992_EllenBurstyn_32_f
364	SarahDouglas	32	AGE32	15792	15791_SarahDouglas_32_f
269	BenGazzara	32	AGE32	5771	5770_BenGazzara_32_m
103	Houston	32	AGE32	16393	16392_Houston_32_f
161	MaggieSmith	32	AGE32	10703	10702_MaggieSmith_32_f
149	AlecGuinness	32	AGE32	8748	8747_AlecGuinness_32_m
237	KathleenTurner	32	AGE32	12760	12759_KathleenTurner_32_f
380	TomasMilian	32	AGE32	3893	3892_TomasMilian_32_m
382	GilbertRoland	32	AGE32	7948	7947_GilbertRoland_32_m
362	CyndiLauper	32	AGE32	11434	11433_CyndiLauper_32_f
48	GenaRowlands	32	AGE32	4129	4128_GenaRowlands_32_m
43	AnnMiller	32	AGE32	15018	15017_AnnMiller_32_f
163	CharlieSheen	32	AGE32	4031	4030_CharlieSheen_32_m
360	UgoTognazzi	32	AGE32	7673	7672_UgoTognazzi_32_m
539	KristinScottThomas	32	AGE32	14336	14335_KristinScottThomas_32_f
274	WaltDisney	32	AGE32	166	165_WaltDisney_32_m
439	IsabelleAdjani	32	AGE32	12235	12234_IsabelleAdjani_32_f
100	LyleTalbot	32	AGE32	7374	7373_LyleTalbot_32_m
273	JoanCrawford	32	AGE32	14291	14290_JoanCrawford_32_f
105	KatharineRoss	32	AGE32	15635	15634_KatharineRoss_32_f
116	ConradHilton	32	AGE32	469	468_ConradHilton_32_m
354	RandolphScott	32	AGE32	8217	8216_RandolphScott_32_m
273	JoanCrawford	32	AGE32	14270	14269_JoanCrawford_32_f
235	SilvanaMangano	32	AGE32	14801	14800_SilvanaMangano_32_f
329	MargaretNolan	32	AGE32	15715	15714_MargaretNolan_32_f
61	RonaldReagan	32	AGE32	729	728_RonaldReagan_32_m
191	LouCostello	32	AGE32	6600	6599_LouCostello_32_m
138	RomySchneider	32	AGE32	14100	14099_RomySchneider_32_f
461	TimCurry	32	AGE32	1729	1728_TimCurry_32_m
118	HelmutBerger	32	AGE32	4222	4221_HelmutBerger_32_m
32	BonnieHunt	32	AGE32	15087	15086_BonnieHunt_32_f
0	YvesMontand	32	AGE32	6878	6877_YvesMontand_32_m
487	JaneWyman	32	AGE32	13160	13159_JaneWyman_32_f
136	LawrenceTierney	32	AGE32	9102	9101_LawrenceTierney_32_m
168	JohnCleese	32	AGE32	2675	2674_JohnCleese_32_m
222	JhonLenon	32	AGE32	178	177_JhonLenon_32_m
498	HeinrichHertz	32	AGE32	1141	1140_HeinrichHertz_32_m
460	AnneBaxter	32	AGE32	12502	12501_AnneBaxter_32_f
378	ImeldaStaunton	32	AGE32	12194	12193_ImeldaStaunton_32_f
11	MichaelSarrazin	32	AGE32	9135	9134_MichaelSarrazin_32_m
316	MegRyan	32	AGE32	9680	9679_MegRyan_32_f
286	CydCharisse	32	AGE32	15181	15180_CydCharisse_32_f
224	campbell	32	AGE32	16268	16267_campbell_32_f
351	JonVoight	32	AGE32	2051	2050_JonVoight_32_m
432	JenniferAniston	32	AGE32	12747	12746_JenniferAniston_32_f
241	SeanConnery	32	AGE32	3778	3777_SeanConnery_32_m
379	JamesCagney	32	AGE32	6374	6373_JamesCagney_32_m
369	BorisKarloff	32	AGE32	6912	6911_BorisKarloff_32_m
225	ClarkGable	32	AGE32	5816	5815_ClarkGable_32_m
562	RockHudson	32	AGE32	6754	6753_RockHudson_32_m
410	AlejandroRey	32	AGE32	8492	8491_AlejandroRey_32_m
172	ChristopherEccleston	32	AGE32	8890	8889_ChristopherEccleston_32_m
115	BarbaraBain	32	AGE32	10406	10405_BarbaraBain_32_f
465	JohnDRockefeller	32	AGE32	433	432_JohnDRockefeller_32_m
285	RyanONeal	32	AGE32	2852	2851_RyanONeal_32_m
241	SeanConnery	32	AGE32	3794	3793_SeanConnery_32_m
508	VictorMature	32	AGE32	8412	8411_VictorMature_32_m
330	JuneAllyson	32	AGE32	13645	13644_JuneAllyson_32_f
171	EmmaThompson	32	AGE32	11029	11028_EmmaThompson_32_f
262	MarlonBrando	32	AGE32	9114	9113_MarlonBrando_32_m
74	AnthonyQuayle	32	AGE32	7825	7824_AnthonyQuayle_32_m
200	AnnMargret	32	AGE32	10380	10379_AnnMargret_32_f
223	ElkeSommer	32	AGE32	9953	9952_ElkeSommer_32_f
346	GloriaSwanson	32	AGE32	13998	13997_GloriaSwanson_32_f
222	JhonLenon	32	AGE32	184	183_JhonLenon_32_m
319	RingoStarr	32	AGE32	3693	3692_RingoStarr_32_m
50	PeggyLipton	32	AGE32	10805	10804_PeggyLipton_32_f
327	TommyLeeJones	32	AGE32	5734	5733_TommyLeeJones_32_m
21	JamesStewart	32	AGE32	8657	8656_JamesStewart_32_m
447	GlennClose	32	AGE32	9982	9981_GlennClose_32_f
323	JohnJames	32	AGE32	2032	2031_JohnJames_32_m
348	VivienLeigh	32	AGE32	14151	14150_VivienLeigh_32_f
21	JamesStewart	32	AGE32	8656	8655_JamesStewart_32_m
430	HelenHayes	32	AGE32	13546	13545_HelenHayes_32_f
21	JamesStewart	32	AGE32	8644	8643_JamesStewart_32_m
80	KathrynGrayson	32	AGE32	15677	15676_KathrynGrayson_32_f
92	RogerMoore	32	AGE32	4872	4871_RogerMoore_32_m
543	JohnDerek	32	AGE32	5349	5348_JohnDerek_32_m
349	GregorMendel	32	AGE32	1113	1112_GregorMendel_32_m
389	JaneBirkin	32	AGE32	10078	10077_JaneBirkin_32_f
4	CaryGrant	32	AGE32	6125	6124_CaryGrant_32_m
190	ClintWalker	32	AGE32	4056	4055_ClintWalker_32_m
371	ChristopherPlummer	32	AGE32	7856	7855_ChristopherPlummer_32_m
430	HelenHayes	32	AGE32	13524	13523_HelenHayes_32_f
173	GreerGarson	32	AGE32	14009	14008_GreerGarson_32_f
510	PeterFalk	32	AGE32	5591	5590_PeterFalk_32_m
284	RobertMorley	32	AGE32	7530	7529_RobertMorley_32_m
140	EdHarris	32	AGE32	1692	1691_EdHarris_32_m
263	JanePowell	32	AGE32	15387	15386_JanePowell_32_f
435	DebbieReynolds	32	AGE32	12031	12030_DebbieReynolds_32_f
33	JamesCoburn	32	AGE32	6400	6399_JamesCoburn_32_m
230	SusanGeorge	32	AGE32	10865	10864_SusanGeorge_32_f
73	DyanCannon	32	AGE32	15255	15254_DyanCannon_32_f
8	SimoneSignoret	32	AGE32	14830	14829_SimoneSignoret_32_f
353	ArmandAssante	32	AGE32	5119	5118_ArmandAssante_32_m
64	MikeConnors	32	AGE32	3599	3598_MikeConnors_32_m
527	JohnGarfield	32	AGE32	7173	7172_JohnGarfield_32_m
229	Myl╨ЪneDemongeot	32	AGE32	12856	12855_Myl╨ЪneDemongeot_32_f
96	JackColeman	32	AGE32	3301	3300_JackColeman_32_m
434	DavidCarradine	32	AGE32	8583	8582_DavidCarradine_32_m
401	ErinGray	32	AGE32	15342	15341_ErinGray_32_f
146	RicardoMontalb╨░n	32	AGE32	9540	9539_RicardoMontalb╨░n_32_m
517	GeraldinePage	32	AGE32	14215	14214_GeraldinePage_32_f
120	TomJones	32	AGE32	9762	9761_TomJones_32_f
282	ValerieHarper	32	AGE32	11789	11788_ValerieHarper_32_f
58	OliviadeHavilland	32	AGE32	14435	14434_OliviadeHavilland_32_f
281	RutgerHauer	32	AGE32	3754	3753_RutgerHauer_32_m
264	LexBarker	32	AGE32	6580	6579_LexBarker_32_m
169	Turner	32	AGE32	16422	16421_Turner_32_f
509	MichaelCaine	32	AGE32	4725	4724_MichaelCaine_32_m
283	BettyGrable	32	AGE32	13929	13928_BettyGrable_32_f
464	BetteMidler	32	AGE32	10465	10464_BetteMidler_32_f
121	RafVallone	32	AGE32	6028	6027_RafVallone_32_m
486	MuhammadAli	32	AGE32	15984	15983_MuhammadAli_32_m
509	MichaelCaine	32	AGE32	4728	4727_MichaelCaine_32_m
433	MaximilianShell	32	AGE32	9471	9470_MaximilianShell_32_m
228	SophiaLoren	32	AGE32	11283	11282_SophiaLoren_32_f
435	DebbieReynolds	32	AGE32	12032	12031_DebbieReynolds_32_f
524	MaureenOHara	32	AGE32	11631	11630_MaureenOHara_32_f
551	JeanetteMacDonald	32	AGE32	15469	15468_JeanetteMacDonald_32_f
506	MargeChampion	32	AGE32	11600	11599_MargeChampion_32_f
280	BillNighy	32	AGE32	3037	3036_BillNighy_32_m
29	IreneDunne	32	AGE32	13558	13557_IreneDunne_32_f
151	AnnieGirardot	32	AGE32	13883	13882_AnnieGirardot_32_f
97	SerenaWilliams	32	AGE32	16469	16468_SerenaWilliams_32_f
464	BetteMidler	32	AGE32	10452	10451_BetteMidler_32_f
523	MartinSheen	32	AGE32	3521	3520_MartinSheen_32_m
97	SerenaWilliams	32	AGE32	16487	16486_SerenaWilliams_32_f
97	SerenaWilliams	32	AGE32	16486	16485_SerenaWilliams_32_f
483	Bono	32	AGE32	1537	1536_Bono_32_m
75	EllenBurstyn	33	AGE33	11022	11021_EllenBurstyn_33_f
140	EdHarris	33	AGE33	1693	1692_EdHarris_33_m
487	JaneWyman	33	AGE33	13161	13160_JaneWyman_33_f
1	HerbertLom	33	AGE33	5845	5844_HerbertLom_33_m
190	ClintWalker	33	AGE33	4057	4056_ClintWalker_33_m
514	LindaEvans	33	AGE33	10613	10612_LindaEvans_33_f
332	TomHanks	33	AGE33	1768	1767_TomHanks_33_m
401	ErinGray	33	AGE33	15343	15342_ErinGray_33_f
24	HelenHunt	33	AGE33	10046	10045_HelenHunt_33_f
140	EdHarris	33	AGE33	1694	1693_EdHarris_33_m
73	DyanCannon	33	AGE33	15256	15255_DyanCannon_33_f
330	JuneAllyson	33	AGE33	13646	13645_JuneAllyson_33_f
331	SamElliott	33	AGE33	2878	2877_SamElliott_33_m
333	RobertPowell	33	AGE33	4410	4409_RobertPowell_33_m
193	GeorgePeppard	33	AGE33	7910	7909_GeorgePeppard_33_m
191	LouCostello	33	AGE33	6601	6600_LouCostello_33_m
556	CarlosSantana	33	AGE33	4494	4493_CarlosSantana_33_m
555	GeneWilder	33	AGE33	2575	2574_GeneWilder_33_m
187	JenniferJones	33	AGE33	14573	14572_JenniferJones_33_f
188	JulieAndrews	33	AGE33	11501	11500_JulieAndrews_33_f
189	MurrayHamilton	33	AGE33	8691	8690_MurrayHamilton_33_m
247	MichaelYork	33	AGE33	3568	3567_MichaelYork_33_m
72	HenryFonda	33	AGE33	8018	8017_HenryFonda_33_m
380	TomasMilian	33	AGE33	3894	3893_TomasMilian_33_m
158	SpencerTracy	33	AGE33	8391	8390_SpencerTracy_33_m
19	EdwardFox	33	AGE33	1908	1907_EdwardFox_33_m
365	JohnVernon	33	AGE33	6448	6447_JohnVernon_33_m
381	TonyCurtis	33	AGE33	7648	7647_TonyCurtis_33_m
159	PierceBrosnan	33	AGE33	4790	4789_PierceBrosnan_33_m
364	SarahDouglas	33	AGE33	15793	15792_SarahDouglas_33_f
501	RayLiotta	33	AGE33	2225	2224_RayLiotta_33_m
149	AlecGuinness	33	AGE33	8751	8750_AlecGuinness_33_m
162	PeterSellers	33	AGE33	9170	9169_PeterSellers_33_m
360	UgoTognazzi	33	AGE33	7674	7673_UgoTognazzi_33_m
43	AnnMiller	33	AGE33	15019	15018_AnnMiller_33_f
18	ElsaMartinelli	33	AGE33	12065	12064_ElsaMartinelli_33_f
61	RonaldReagan	33	AGE33	730	729_RonaldReagan_33_m
359	KostasVoutsas	33	AGE33	4716	4715_KostasVoutsas_33_m
148	WillSmith 	33	AGE33	16068	16067_WillSmith _33_m
383	JamesGarner	33	AGE33	4626	4625_JamesGarner_33_m
164	KimBasinger	33	AGE33	10590	10589_KimBasinger_33_f
383	JamesGarner	33	AGE33	4642	4641_JamesGarner_33_m
385	UrsulaAndress	33	AGE33	12399	12398_UrsulaAndress_33_f
63	PeggyAshcroft	33	AGE33	14480	14479_PeggyAshcroft_33_f
508	VictorMature	33	AGE33	8413	8412_VictorMature_33_m
167	KatharineHepburn	33	AGE33	14919	14918_KatharineHepburn_33_f
366	MelFerrer	33	AGE33	6625	6624_MelFerrer_33_m
167	KatharineHepburn	33	AGE33	14924	14923_KatharineHepburn_33_f
506	MargeChampion	33	AGE33	11601	11600_MargeChampion_33_f
368	BettyGarrett	33	AGE33	15050	15049_BettyGarrett_33_f
376	Fernandel	33	AGE33	4555	4554_Fernandel_33_m
55	JamesWoods	33	AGE33	2610	2609_JamesWoods_33_m
153	GaryOldman	33	AGE33	2548	2547_GaryOldman_33_m
374	Mparkoulis	33	AGE33	2181	2180_Mparkoulis_33_m
152	MaryPickford	33	AGE33	14398	14397_MaryPickford_33_f
56	AudreyHepburn	33	AGE33	14524	14523_AudreyHepburn_33_f
373	BobDylan	33	AGE33	1664	1663_BobDylan_33_m
504	BeverlyRoberts	33	AGE33	14568	14567_BeverlyRoberts_33_f
152	MaryPickford	33	AGE33	14412	14411_MaryPickford_33_f
377	TomHulce	33	AGE33	1807	1806_TomHulce_33_m
154	JeanneMoreau	33	AGE33	11052	11051_JeanneMoreau_33_f
57	AlikiBoug	33	AGE33	12537	12536_AlikiBoug_33_f
44	VincentPrice	33	AGE33	7715	7714_VincentPrice_33_m
372	BernadetteLafont	33	AGE33	14872	14871_BernadetteLafont_33_f
57	AlikiBoug	33	AGE33	12566	12565_AlikiBoug_33_f
57	AlikiBoug	33	AGE33	12562	12561_AlikiBoug_33_f
371	ChristopherPlummer	33	AGE33	7857	7856_ChristopherPlummer_33_m
155	SteveJobsb	33	AGE33	398	397_SteveJobsb_33_m
151	AnnieGirardot	33	AGE33	13884	13883_AnnieGirardot_33_f
58	OliviadeHavilland	33	AGE33	14427	14426_OliviadeHavilland_33_f
379	JamesCagney	33	AGE33	6375	6374_JamesCagney_33_m
6	Carroll	33	AGE33	16298	16297_Carroll_33_f
503	JeanPaulBelmondo	33	AGE33	7154	7153_JeanPaulBelmondo_33_m
367	LiamNeeson	33	AGE33	2747	2746_LiamNeeson_33_m
334	LauraAntonelli	33	AGE33	12285	12284_LauraAntonelli_33_f
499	AmandaBlake	33	AGE33	14959	14958_AmandaBlake_33_f
0	YvesMontand	33	AGE33	6879	6878_YvesMontand_33_m
391	AlKapone	33	AGE33	522	521_AlKapone_33_m
67	JamesCaan	33	AGE33	1991	1990_JamesCaan_33_m
392	EstherWilliams	33	AGE33	14173	14172_EstherWilliams_33_f
178	AndyGriffith	33	AGE33	7788	7787_AndyGriffith_33_m
42	RoyScheider	33	AGE33	13214	13213_RoyScheider_33_f
179	LorettaYoung	33	AGE33	14371	14370_LorettaYoung_33_f
180	MichellePfeiffer	33	AGE33	13202	13201_MichellePfeiffer_33_f
143	BarbraStreisand	33	AGE33	12915	12914_BarbraStreisand_33_f
17	LuiseRainer	33	AGE33	10686	10685_LuiseRainer_33_f
180	MichellePfeiffer	33	AGE33	13203	13202_MichellePfeiffer_33_f
339	ChuckNorris	33	AGE33	3101	3100_ChuckNorris_33_m
396	JeremyKemp	33	AGE33	2640	2639_JeremyKemp_33_m
70	PamelaSueMartin	33	AGE33	15767	15766_PamelaSueMartin_33_f
181	FernandoRey	33	AGE33	6301	6300_FernandoRey_33_m
397	GeraldineChaplin	33	AGE33	13028	13027_GeraldineChaplin_33_f
338	FrancescaAnnis	33	AGE33	12141	12140_FrancescaAnnis_33_f
42	RoyScheider	33	AGE33	6796	6795_RoyScheider_33_m
558	MichaelPalin	33	AGE33	4313	4312_MichaelPalin_33_m
23	VirnaLisi	33	AGE33	11340	11339_VirnaLisi_33_f
71	EvaMarieSaint	33	AGE33	12096	12095_EvaMarieSaint_33_f
184	GeorgesMarchal	33	AGE33	9339	9338_GeorgesMarchal_33_m
489	MarleneDietrich	33	AGE33	14718	14717_MarleneDietrich_33_f
399	RonPerlman	33	AGE33	2816	2815_RonPerlman_33_m
560	GregoryPeck	33	AGE33	9376	9375_GregoryPeck_33_m
168	JohnCleese	33	AGE33	2676	2675_JohnCleese_33_m
391	AlKapone	33	AGE33	516	515_AlKapone_33_m
345	JuliaRoberts	33	AGE33	11465	11464_JuliaRoberts_33_f
563	PaulAnka	33	AGE33	105	104_PaulAnka_33_m
64	MikeConnors	33	AGE33	3600	3599_MikeConnors_33_m
353	ArmandAssante	33	AGE33	5124	5123_ArmandAssante_33_m
170	CharlesBoyer	33	AGE33	6954	6953_CharlesBoyer_33_m
496	GlendaJackson	33	AGE33	12167	12166_GlendaJackson_33_f
509	MichaelCaine	33	AGE33	4726	4725_MichaelCaine_33_m
171	EmmaThompson	33	AGE33	11031	11030_EmmaThompson_33_f
171	EmmaThompson	33	AGE33	11030	11029_EmmaThompson_33_f
388	JoanCollins	33	AGE33	10536	10535_JoanCollins_33_f
172	ChristopherEccleston	33	AGE33	8891	8890_ChristopherEccleston_33_m
562	RockHudson	33	AGE33	6756	6755_RockHudson_33_m
388	JoanCollins	33	AGE33	10537	10536_JoanCollins_33_f
389	JaneBirkin	33	AGE33	10079	10078_JaneBirkin_33_f
173	GreerGarson	33	AGE33	14028	14027_GreerGarson_33_f
145	DonJohnson	33	AGE33	2510	2509_DonJohnson_33_m
350	VittorioGassman	33	AGE33	9240	9239_VittorioGassman_33_m
7	DonnaDouglas	33	AGE33	10976	10975_DonnaDouglas_33_f
175	FrancesDee	33	AGE33	12602	12601_FrancesDee_33_f
66	BruceWillis	33	AGE33	3073	3072_BruceWillis_33_m
175	FrancesDee	33	AGE33	5824	5823_FrancesDee_33_m
144	SusannahYork	33	AGE33	14121	14120_SusannahYork_33_f
67	JamesCaan	33	AGE33	1990	1989_JamesCaan_33_m
176	RodTaylor	33	AGE33	2262	2261_RodTaylor_33_m
177	OliviaHussey	33	AGE33	11708	11707_OliviaHussey_33_f
326	SteveKanaly	33	AGE33	3844	3843_SteveKanaly_33_m
414	LauraDern	33	AGE33	9884	9883_LauraDern_33_f
217	MargaretOBrien	33	AGE33	12798	12797_MargaretOBrien_33_f
421	SigourneyWeaver	33	AGE33	13302	13301_SigourneyWeaver_33_f
443	HedyLamarr	33	AGE33	12623	12622_HedyLamarr_33_f
296	JaneRussell	33	AGE33	13117	13116_JaneRussell_33_f
520	MaryTamm	33	AGE33	15739	15738_MaryTamm_33_f
219	DerekJacobi	33	AGE33	3164	3163_DerekJacobi_33_m
126	JamesArness	33	AGE33	6341	6340_JamesArness_33_m
268	WarrenBeatty	33	AGE33	5001	5000_WarrenBeatty_33_m
295	JanetEllis	33	AGE33	15438	15437_JanetEllis_33_f
125	AlexandrakisAlekos	33	AGE33	9627	9626_AlexandrakisAlekos_33_m
423	JoanCusack	33	AGE33	10147	10146_JoanCusack_33_f
13	CatherineSchell	33	AGE33	15121	15120_CatherineSchell_33_f
104	VanessaRedgrave	33	AGE33	13806	13805_VanessaRedgrave_33_f
538	BarbaraStanwyck	33	AGE33	14643	14642_BarbaraStanwyck_33_f
90	MichelPiccoli	33	AGE33	4736	4735_MichelPiccoli_33_m
294	JamieLeeCurtis	33	AGE33	12698	12697_JamieLeeCurtis_33_f
220	RobertDeNiro	33	AGE33	5686	5685_RobertDeNiro_33_m
424	GraceKelly	33	AGE33	13082	13081_GraceKelly_33_f
15	AnneBancroft	33	AGE33	13848	13847_AnneBancroft_33_f
292	KathrynHays	33	AGE33	10564	10563_KathrynHays_33_f
427	NewmanPaul	33	AGE33	7454	7453_NewmanPaul_33_m
440	RayDanton	33	AGE33	5664	5663_RayDanton_33_m
221	JulieBishop	33	AGE33	15537	15536_JulieBishop_33_f
461	TimCurry	33	AGE33	1730	1729_TimCurry_33_m
117	VeraEllen	33	AGE33	15908	15907_VeraEllen_33_f
31	Ross	33	AGE33	16401	16400_Ross_33_f
288	AnitaEkberg	33	AGE33	10349	10348_AnitaEkberg_33_f
543	JohnDerek	33	AGE33	5351	5350_JohnDerek_33_m
460	AnneBaxter	33	AGE33	12503	12502_AnneBaxter_33_f
38	BarbaraBouchet	33	AGE33	11855	11854_BarbaraBouchet_33_f
519	ChevyChase	33	AGE33	2427	2426_ChevyChase_33_m
471	ClaudetteColbert	33	AGE33	14682	14681_ClaudetteColbert_33_f
264	LexBarker	33	AGE33	6581	6580_LexBarker_33_m
527	JohnGarfield	33	AGE33	7175	7174_JohnGarfield_33_m
52	IngridBergman	33	AGE33	14234	14233_IngridBergman_33_f
210	JeanPeters	33	AGE33	13596	13595_JeanPeters_33_f
106	SteveMartin	33	AGE33	3870	3869_SteveMartin_33_m
39	TonyBlair	33	AGE33	673	672_TonyBlair_33_m
85	JodieFoster	33	AGE33	11101	11100_JodieFoster_33_f
473	LizaMinelli	33	AGE33	11178	11177_LizaMinelli_33_f
265	BurtReynolds	33	AGE33	3982	3981_BurtReynolds_33_m
304	DavidNiven	33	AGE33	7036	7035_DavidNiven_33_m
86	MarietteHartley	33	AGE33	10282	10281_MarietteHartley_33_f
444	RitaHayworth	33	AGE33	13781	13780_RitaHayworth_33_f
129	AlCorley	33	AGE33	1603	1602_AlCorley_33_m
462	KateOMara	33	AGE33	15590	15589_KateOMara_33_f
519	ChevyChase	33	AGE33	2450	2449_ChevyChase_33_m
212	NormaShearer	33	AGE33	13697	13696_NormaShearer_33_f
302	ClaudeRich	33	AGE33	2460	2459_ClaudeRich_33_m
436	LindsayWagner	33	AGE33	11573	11572_LindsayWagner_33_f
301	JudyGarland	33	AGE33	14048	14047_JudyGarland_33_f
214	JoanLeslie	33	AGE33	10177	10176_JoanLeslie_33_f
266	MickJagger	33	AGE33	2780	2779_MickJagger_33_m
420	MaryTylerMoore	33	AGE33	12818	12817_MaryTylerMoore_33_f
547	RuthGordon	33	AGE33	12885	12884_RuthGordon_33_f
88	StacyKeach	33	AGE33	3805	3804_StacyKeach_33_m
300	PeterMarkRichman	33	AGE33	7470	7469_PeterMarkRichman_33_m
240	ErrolFlynn	33	AGE33	6283	6282_ErrolFlynn_33_m
32	BonnieHunt	33	AGE33	15088	15087_BonnieHunt_33_f
266	MickJagger	33	AGE33	125	124_MickJagger_33_m
212	NormaShearer	33	AGE33	13711	13710_NormaShearer_33_f
305	TanyaRoberts	33	AGE33	11316	11315_TanyaRoberts_33_f
271	RichardAttenborough	33	AGE33	8722	8721_RichardAttenborough_33_m
271	RichardAttenborough	33	AGE33	8723	8722_RichardAttenborough_33_m
95	DavidSarnoff	33	AGE33	381	380_DavidSarnoff_33_m
438	JackLemon	33	AGE33	5323	5322_JackLemon_33_m
229	Myl╨ЪneDemongeot	33	AGE33	12857	12856_Myl╨ЪneDemongeot_33_f
540	JeanClaudeVanDamme	33	AGE33	9050	9049_JeanClaudeVanDamme_33_m
282	ValerieHarper	33	AGE33	11790	11789_ValerieHarper_33_f
281	RutgerHauer	33	AGE33	3755	3754_RutgerHauer_33_m
540	JeanClaudeVanDamme	33	AGE33	9049	9048_JeanClaudeVanDamme_33_m
120	TomJones	33	AGE33	1842	1841_TomJones_33_m
275	NelsonMandela	33	AGE33	16262	16261_NelsonMandela_33_m
435	DebbieReynolds	33	AGE33	12033	12032_DebbieReynolds_33_f
100	LyleTalbot	33	AGE33	7375	7374_LyleTalbot_33_m
524	MaureenOHara	33	AGE33	11632	11631_MaureenOHara_33_f
36	ScottGlenn	33	AGE33	2916	2915_ScottGlenn_33_m
276	AnthonyPerkins	33	AGE33	8792	8791_AnthonyPerkins_33_m
280	BillNighy	33	AGE33	3038	3037_BillNighy_33_m
120	TomJones	33	AGE33	9763	9762_TomJones_33_f
463	OrnellaMuti	33	AGE33	10770	10769_OrnellaMuti_33_f
97	SerenaWilliams	33	AGE33	16488	16487_SerenaWilliams_33_f
48	GenaRowlands	33	AGE33	4130	4129_GenaRowlands_33_m
98	RichardChamberlain	33	AGE33	8273	8272_RichardChamberlain_33_m
279	DorisDay	33	AGE33	9707	9706_DorisDay_33_f
10	JeffDaniels	33	AGE33	3355	3354_JeffDaniels_33_m
437	MarisaPavan	33	AGE33	3497	3496_MarisaPavan_33_m
525	BoDerek	33	AGE33	9652	9651_BoDerek_33_f
231	AnthonyAndrews	33	AGE33	5037	5036_AnthonyAndrews_33_m
279	DorisDay	33	AGE33	9720	9719_DorisDay_33_f
277	AliMacGraw	33	AGE33	9920	9919_AliMacGraw_33_f
283	BettyGrable	33	AGE33	13930	13929_BettyGrable_33_f
526	AngieDickinson	33	AGE33	12441	12440_AngieDickinson_33_f
234	MyrnaLoy	33	AGE33	12377	12376_MyrnaLoy_33_f
119	AlanYoung	33	AGE33	1876	1875_AlanYoung_33_m
430	HelenHayes	33	AGE33	13549	13548_HelenHayes_33_f
4	CaryGrant	33	AGE33	6128	6127_CaryGrant_33_m
222	JhonLenon	33	AGE33	190	189_JhonLenon_33_m
468	BetteDavis	33	AGE33	13351	13350_BetteDavis_33_f
222	JhonLenon	33	AGE33	199	198_JhonLenon_33_m
439	IsabelleAdjani	33	AGE33	12236	12235_IsabelleAdjani_33_f
92	RogerMoore	33	AGE33	4852	4851_RogerMoore_33_m
287	JosephCotten	33	AGE33	7211	7210_JosephCotten_33_m
539	KristinScottThomas	33	AGE33	14337	14336_KristinScottThomas_33_f
224	campbell	33	AGE33	16286	16285_campbell_33_f
431	RobertRedford	33	AGE33	4824	4823_RobertRedford_33_m
272	ElvisPresley	33	AGE33	219	218_ElvisPresley_33_m
403	RogerAllam	33	AGE33	3722	3721_RogerAllam_33_m
37	JoanneWoodward	33	AGE33	12261	12260_JoanneWoodward_33_f
286	CydCharisse	33	AGE33	15182	15181_CydCharisse_33_f
118	HelmutBerger	33	AGE33	4223	4222_HelmutBerger_33_m
93	JonFinch	33	AGE33	5403	5402_JonFinch_33_m
29	IreneDunne	33	AGE33	13559	13558_IreneDunne_33_f
542	IanMcKellen	33	AGE33	3268	3267_IanMcKellen_33_m
432	JenniferAniston	33	AGE33	12748	12747_JenniferAniston_33_f
30	AnnetteBening	33	AGE33	11403	11402_AnnetteBening_33_f
2	RoyRogers	33	AGE33	5697	5696_RoyRogers_33_m
235	SilvanaMangano	33	AGE33	14802	14801_SilvanaMangano_33_f
121	RafVallone	33	AGE33	6029	6028_RafVallone_33_m
523	MartinSheen	33	AGE33	3522	3521_MartinSheen_33_m
439	IsabelleAdjani	33	AGE33	12237	12236_IsabelleAdjani_33_f
30	AnnetteBening	33	AGE33	11404	11403_AnnetteBening_33_f
433	MaximilianShell	33	AGE33	9472	9471_MaximilianShell_33_m
224	campbell	33	AGE33	16273	16272_campbell_33_f
84	AngelaLansbury	33	AGE33	11959	11958_AngelaLansbury_33_f
105	KatharineRoss	33	AGE33	15636	15635_KatharineRoss_33_f
9	FessParker	33	AGE33	7066	7065_FessParker_33_m
202	JudyHolliday	33	AGE33	14069	14068_JudyHolliday_33_f
202	JudyHolliday	33	AGE33	14067	14066_JudyHolliday_33_f
196	KimNovak	33	AGE33	9869	9868_KimNovak_33_f
413	EnricoFermi	33	AGE33	1059	1058_EnricoFermi_33_m
81	EdwigeFenech	33	AGE33	15306	15305_EdwigeFenech_33_f
312	JohnnyCash	33	AGE33	6485	6484_JohnnyCash_33_m
34	MireilleDarc	33	AGE33	11664	11663_MireilleDarc_33_f
552	FidelCastro	33	AGE33	678	677_FidelCastro_33_m
112	MickeyRooney	33	AGE33	7417	7416_MickeyRooney_33_m
109	MariaCallas	33	AGE33	18	17_MariaCallas_33_f
251	St╨ТphaneAudran	33	AGE33	15862	15861_St╨ТphaneAudran_33_f
552	FidelCastro	33	AGE33	687	686_FidelCastro_33_m
109	MariaCallas	33	AGE33	3	2_MariaCallas_33_f
311	MonicaVitti	33	AGE33	11187	11186_MonicaVitti_33_f
195	LorneGreene	33	AGE33	8140	8139_LorneGreene_33_m
317	BillMurray	33	AGE33	2395	2394_BillMurray_33_m
17	LuiseRainer	33	AGE33	10662	10661_LuiseRainer_33_f
109	MariaCallas	33	AGE33	9	8_MariaCallas_33_f
322	AlbertCamus	33	AGE33	1316	1315_AlbertCamus_33_m
77	RobertRyan	33	AGE33	7563	7562_RobertRyan_33_m
82	MarcelloMastroianni	33	AGE33	9576	9575_MarcelloMastroianni_33_m
202	JudyHolliday	33	AGE33	14082	14081_JudyHolliday_33_f
319	RingoStarr	33	AGE33	3694	3693_RingoStarr_33_m
78	JamesBest	33	AGE33	1947	1946_JamesBest_33_m
551	JeanetteMacDonald	33	AGE33	15470	15469_JeanetteMacDonald_33_f
410	AlejandroRey	33	AGE33	8493	8492_AlejandroRey_33_m
534	AlbertoSordi	33	AGE33	7757	7756_AlbertoSordi_33_m
316	MegRyan	33	AGE33	9681	9680_MegRyan_33_f
483	Bono	33	AGE33	1538	1537_Bono_33_m
254	Thanasisveggos	33	AGE33	9424	9423_Thanasisveggos_33_m
80	KathrynGrayson	33	AGE33	15678	15677_KathrynGrayson_33_f
458	JeanMarais	33	AGE33	5959	5958_JeanMarais_33_m
482	JuneLockhart	33	AGE33	11121	11120_JuneLockhart_33_f
255	NickNolte	33	AGE33	2184	2183_NickNolte_33_m
530	SimonMacCorkindale	33	AGE33	8357	8356_SimonMacCorkindale_33_m
311	MonicaVitti	33	AGE33	11210	11209_MonicaVitti_33_f
79	JudyDavis	33	AGE33	9844	9843_JudyDavis_33_f
409	RexHarrison	33	AGE33	6716	6715_RexHarrison_33_m
451	BurtLancaster	33	AGE33	9291	9290_BurtLancaster_33_m
315	DirkBogarde	33	AGE33	6235	6234_DirkBogarde_33_m
26	FayeDunaway	33	AGE33	10508	10507_FayeDunaway_33_f
551	JeanetteMacDonald	33	AGE33	15474	15473_JeanetteMacDonald_33_f
313	LeslieCaron	33	AGE33	3452	3451_LeslieCaron_33_m
245	RichardBoone	33	AGE33	7500	7499_RichardBoone_33_m
548	CatherineDeneuve	33	AGE33	12952	12951_CatherineDeneuve_33_f
111	WEBDuBois	33	AGE33	769	768_WEBDuBois_33_m
412	BeaArthur	33	AGE33	11887	11886_BeaArthur_33_f
200	AnnMargret	33	AGE33	10381	10380_AnnMargret_33_f
479	PeterUstinov	33	AGE33	8216	8215_PeterUstinov_33_m
453	DaliahLavi	33	AGE33	10949	10948_DaliahLavi_33_f
33	JamesCoburn	33	AGE33	6401	6400_JamesCoburn_33_m
11	MichaelSarrazin	33	AGE33	9136	9135_MichaelSarrazin_33_m
447	GlennClose	33	AGE33	9983	9982_GlennClose_33_f
310	KevinBacon	33	AGE33	2716	2715_KevinBacon_33_m
249	LivUllmann	33	AGE33	10249	10248_LivUllmann_33_f
486	MuhammadAli	33	AGE33	15996	15995_MuhammadAli_33_m
83	AlPacino	33	AGE33	1635	1634_AlPacino_33_m
107	DianneWiest	33	AGE33	10479	10478_DianneWiest_33_f
131	ElizabethTaylor	33	AGE33	14710	14709_ElizabethTaylor_33_f
137	SidneyPoitier	33	AGE33	16154	16153_SidneyPoitier_33_m
553	DanielleDarrieux	33	AGE33	13415	13414_DanielleDarrieux_33_f
307	GiulianoGemma	33	AGE33	7987	7986_GiulianoGemma_33_m
404	CatherineSpaak	33	AGE33	11932	11931_CatherineSpaak_33_f
325	tomselleck	33	AGE33	2953	2952_tomselleck_33_m
518	RomanPolanski	33	AGE33	4886	4885_RomanPolanski_33_m
415	SamNeill	33	AGE33	2294	2293_SamNeill_33_m
445	JohnCassavetes	33	AGE33	8666	8665_JohnCassavetes_33_m
260	AmandaRedman	33	AGE33	13277	13276_AmandaRedman_33_f
207	BillCosby	33	AGE33	16189	16188_BillCosby_33_m
485	DanaAndrews	33	AGE33	6136	6135_DanaAndrews_33_m
206	HowardKeel	33	AGE33	5889	5888_HowardKeel_33_m
459	WilliamShatner	33	AGE33	6065	6064_WilliamShatner_33_m
194	JaneFonda	33	AGE33	10115	10114_JaneFonda_33_f
34	MireilleDarc	33	AGE33	11663	11662_MireilleDarc_33_f
208	ShelleyWinters	33	AGE33	14778	14777_ShelleyWinters_33_f
208	ShelleyWinters	33	AGE33	14781	14780_ShelleyWinters_33_f
259	ChristopherWalken	33	AGE33	6995	6994_ChristopherWalken_33_m
323	JohnJames	33	AGE33	2033	2032_JohnJames_33_m
417	StevenBerkoff	33	AGE33	4932	4931_StevenBerkoff_33_m
454	JerryLewis	33	AGE33	2669	2668_JerryLewis_33_m
311	MonicaVitti	33	AGE33	11189	11188_MonicaVitti_33_f
163	CharlieSheen	34	AGE34	4032	4031_CharlieSheen_34_m
437	MarisaPavan	34	AGE34	3498	3497_MarisaPavan_34_m
358	NicolasSarkozy	34	AGE34	5525	5524_NicolasSarkozy_34_m
373	BobDylan	34	AGE34	1665	1664_BobDylan_34_m
252	ErnestRutherford	34	AGE34	1184	1183_ErnestRutherford_34_m
162	PeterSellers	34	AGE34	9166	9165_PeterSellers_34_m
248	MartinScorsese	34	AGE34	5448	5447_MartinScorsese_34_m
166	AnnJillian	34	AGE34	14985	14984_AnnJillian_34_f
233	Arletty	34	AGE34	10905	10904_Arletty_34_f
272	ElvisPresley	34	AGE34	220	219_ElvisPresley_34_m
14	StevenSpielberg	34	AGE34	6842	6841_StevenSpielberg_34_m
247	MichaelYork	34	AGE34	3570	3569_MichaelYork_34_m
6	Carroll	34	AGE34	16293	16292_Carroll_34_f
35	LouisJourdan	34	AGE34	7345	7344_LouisJourdan_34_m
11	MichaelSarrazin	34	AGE34	9137	9136_MichaelSarrazin_34_m
234	MyrnaLoy	34	AGE34	12353	12352_MyrnaLoy_34_f
164	KimBasinger	34	AGE34	10591	10590_KimBasinger_34_f
247	MichaelYork	34	AGE34	3569	3568_MichaelYork_34_m
19	EdwardFox	34	AGE34	1909	1908_EdwardFox_34_m
34	MireilleDarc	34	AGE34	11665	11664_MireilleDarc_34_f
276	AnthonyPerkins	34	AGE34	8793	8792_AnthonyPerkins_34_m
250	IsabelleHuppert	34	AGE34	12655	12654_IsabelleHuppert_34_f
249	LivUllmann	34	AGE34	10250	10249_LivUllmann_34_f
376	Fernandel	34	AGE34	4556	4555_Fernandel_34_m
275	NelsonMandela	34	AGE34	16253	16252_NelsonMandela_34_m
455	AlanRickman	34	AGE34	3009	3008_AlanRickman_34_m
233	Arletty	34	AGE34	10906	10905_Arletty_34_f
30	AnnetteBening	34	AGE34	11405	11404_AnnetteBening_34_f
360	UgoTognazzi	34	AGE34	7675	7674_UgoTognazzi_34_m
462	KateOMara	34	AGE34	15591	15590_KateOMara_34_f
383	JamesGarner	34	AGE34	4611	4610_JamesGarner_34_m
275	NelsonMandela	34	AGE34	16261	16260_NelsonMandela_34_m
500	IanHolm	34	AGE34	1559	1558_IanHolm_34_m
251	St╨ТphaneAudran	34	AGE34	15863	15862_St╨ТphaneAudran_34_f
454	JerryLewis	34	AGE34	2653	2652_JerryLewis_34_m
445	JohnCassavetes	34	AGE34	8667	8666_JohnCassavetes_34_m
272	ElvisPresley	34	AGE34	221	220_ElvisPresley_34_m
461	TimCurry	34	AGE34	1731	1730_TimCurry_34_m
258	FredMacMurray	34	AGE34	8953	8952_FredMacMurray_34_m
443	HedyLamarr	34	AGE34	12624	12623_HedyLamarr_34_f
238	RobertMitchum	34	AGE34	9222	9221_RobertMitchum_34_m
377	TomHulce	34	AGE34	1808	1807_TomHulce_34_m
259	ChristopherWalken	34	AGE34	6996	6995_ChristopherWalken_34_m
242	AvaGardner	34	AGE34	13328	13327_AvaGardner_34_f
460	AnneBaxter	34	AGE34	12504	12503_AnneBaxter_34_f
12	MerylStreep	34	AGE34	10731	10730_MerylStreep_34_f
260	AmandaRedman	34	AGE34	13278	13277_AmandaRedman_34_f
366	MelFerrer	34	AGE34	6622	6621_MelFerrer_34_m
371	ChristopherPlummer	34	AGE34	7858	7857_ChristopherPlummer_34_m
32	BonnieHunt	34	AGE34	15089	15088_BonnieHunt_34_f
261	KlausKinski	34	AGE34	6524	6523_KlausKinski_34_m
367	LiamNeeson	34	AGE34	2748	2747_LiamNeeson_34_m
447	GlennClose	34	AGE34	9984	9983_GlennClose_34_f
265	BurtReynolds	34	AGE34	3983	3982_BurtReynolds_34_m
241	SeanConnery	34	AGE34	3779	3778_SeanConnery_34_m
378	ImeldaStaunton	34	AGE34	12195	12194_ImeldaStaunton_34_f
32	BonnieHunt	34	AGE34	15090	15089_BonnieHunt_34_f
33	JamesCoburn	34	AGE34	6402	6401_JamesCoburn_34_m
380	TomasMilian	34	AGE34	3895	3894_TomasMilian_34_m
379	JamesCagney	34	AGE34	6376	6375_JamesCagney_34_m
240	ErrolFlynn	34	AGE34	6277	6276_ErrolFlynn_34_m
264	LexBarker	34	AGE34	6582	6581_LexBarker_34_m
240	ErrolFlynn	34	AGE34	6285	6284_ErrolFlynn_34_m
368	BettyGarrett	34	AGE34	15051	15050_BettyGarrett_34_f
365	JohnVernon	34	AGE34	6449	6448_JohnVernon_34_m
154	JeanneMoreau	34	AGE34	11053	11052_JeanneMoreau_34_f
504	BeverlyRoberts	34	AGE34	14569	14568_BeverlyRoberts_34_f
159	PierceBrosnan	34	AGE34	4791	4790_PierceBrosnan_34_m
453	DaliahLavi	34	AGE34	10950	10949_DaliahLavi_34_f
162	PeterSellers	34	AGE34	9175	9174_PeterSellers_34_m
31	Ross	34	AGE34	16402	16401_Ross_34_f
13	CatherineSchell	34	AGE34	15122	15121_CatherineSchell_34_f
255	NickNolte	34	AGE34	2185	2184_NickNolte_34_m
362	CyndiLauper	34	AGE34	11435	11434_CyndiLauper_34_f
501	RayLiotta	34	AGE34	2226	2225_RayLiotta_34_m
161	MaggieSmith	34	AGE34	10704	10703_MaggieSmith_34_f
256	PatrickSwayze	34	AGE34	8169	8168_PatrickSwayze_34_m
271	RichardAttenborough	34	AGE34	8724	8723_RichardAttenborough_34_m
245	RichardBoone	34	AGE34	7501	7500_RichardBoone_34_m
244	JeffGoldblum	34	AGE34	4652	4651_JeffGoldblum_34_m
440	RayDanton	34	AGE34	5665	5664_RayDanton_34_m
246	LeifErickson	34	AGE34	7282	7281_LeifErickson_34_m
363	GretaGarbo	34	AGE34	13097	13096_GretaGarbo_34_f
364	SarahDouglas	34	AGE34	15794	15793_SarahDouglas_34_f
451	BurtLancaster	34	AGE34	9275	9274_BurtLancaster_34_m
269	BenGazzara	34	AGE34	5772	5771_BenGazzara_34_m
34	MireilleDarc	34	AGE34	11666	11665_MireilleDarc_34_f
381	TonyCurtis	34	AGE34	7651	7650_TonyCurtis_34_m
458	JeanMarais	34	AGE34	5960	5959_JeanMarais_34_m
237	KathleenTurner	34	AGE34	12761	12760_KathleenTurner_34_f
372	BernadetteLafont	34	AGE34	14873	14872_BernadetteLafont_34_f
381	TonyCurtis	34	AGE34	7668	7667_TonyCurtis_34_m
442	mitsotakis	34	AGE34	630	629_mitsotakis_34_m
502	FaradayMichael	34	AGE34	1127	1126_FaradayMichael_34_m
442	mitsotakis	34	AGE34	629	628_mitsotakis_34_m
257	HorstBuchholz	34	AGE34	8049	8048_HorstBuchholz_34_m
236	VeronicaLake	34	AGE34	15936	15935_VeronicaLake_34_f
357	KathyBates	34	AGE34	10222	10221_KathyBates_34_f
325	tomselleck	34	AGE34	2954	2953_tomselleck_34_m
277	AliMacGraw	34	AGE34	9921	9920_AliMacGraw_34_f
309	WilliamDafoe	34	AGE34	4466	4465_WilliamDafoe_34_m
310	KevinBacon	34	AGE34	2717	2716_KevinBacon_34_m
184	GeorgesMarchal	34	AGE34	9340	9339_GeorgesMarchal_34_m
336	PatrickStewart	34	AGE34	5555	5554_PatrickStewart_34_m
489	MarleneDietrich	34	AGE34	14719	14718_MarleneDietrich_34_f
414	LauraDern	34	AGE34	9885	9884_LauraDern_34_f
310	KevinBacon	34	AGE34	2718	2717_KevinBacon_34_m
308	JanetLeigh	34	AGE34	12712	12711_JanetLeigh_34_f
185	TheodoreRoosevelt	34	AGE34	917	916_TheodoreRoosevelt_34_m
9	FessParker	34	AGE34	7067	7066_FessParker_34_m
479	PeterUstinov	34	AGE34	8206	8205_PeterUstinov_34_m
204	LilliPalmer	34	AGE34	13670	13669_LilliPalmer_34_f
186	ElliottGould	34	AGE34	4548	4547_ElliottGould_34_m
311	MonicaVitti	34	AGE34	11209	11208_MonicaVitti_34_f
311	MonicaVitti	34	AGE34	11204	11203_MonicaVitti_34_f
23	VirnaLisi	34	AGE34	11341	11340_VirnaLisi_34_f
206	HowardKeel	34	AGE34	5890	5889_HowardKeel_34_m
415	SamNeill	34	AGE34	2295	2294_SamNeill_34_m
476	RaquelWelch	34	AGE34	10835	10834_RaquelWelch_34_f
307	GiulianoGemma	34	AGE34	7988	7987_GiulianoGemma_34_m
420	MaryTylerMoore	34	AGE34	12819	12818_MaryTylerMoore_34_f
418	DeborahKerr	34	AGE34	13972	13971_DeborahKerr_34_f
339	ChuckNorris	34	AGE34	3102	3101_ChuckNorris_34_m
418	DeborahKerr	34	AGE34	13947	13946_DeborahKerr_34_f
304	DavidNiven	34	AGE34	7037	7036_DavidNiven_34_m
211	AnjelicaHuston	34	AGE34	11816	11815_AnjelicaHuston_34_f
417	StevenBerkoff	34	AGE34	4933	4932_StevenBerkoff_34_m
210	JeanPeters	34	AGE34	13597	13596_JeanPeters_34_f
181	FernandoRey	34	AGE34	6302	6301_FernandoRey_34_m
396	JeremyKemp	34	AGE34	2641	2640_JeremyKemp_34_m
305	TanyaRoberts	34	AGE34	11317	11316_TanyaRoberts_34_f
338	FrancescaAnnis	34	AGE34	12142	12141_FrancescaAnnis_34_f
208	ShelleyWinters	34	AGE34	14758	14757_ShelleyWinters_34_f
416	JohnHuston	34	AGE34	5991	5990_JohnHuston_34_m
27	LaurenBacall	34	AGE34	11545	11544_LaurenBacall_34_f
397	GeraldineChaplin	34	AGE34	13029	13028_GeraldineChaplin_34_f
337	RichardCrenna	34	AGE34	8311	8310_RichardCrenna_34_m
311	MonicaVitti	34	AGE34	11188	11187_MonicaVitti_34_f
399	RonPerlman	34	AGE34	2817	2816_RonPerlman_34_m
203	DebraPaget	34	AGE34	15236	15235_DebraPaget_34_f
187	JenniferJones	34	AGE34	14597	14596_JenniferJones_34_f
409	RexHarrison	34	AGE34	6717	6716_RexHarrison_34_m
319	RingoStarr	34	AGE34	3695	3694_RingoStarr_34_m
407	JulieAdams	34	AGE34	10197	10196_JulieAdams_34_f
191	LouCostello	34	AGE34	6602	6601_LouCostello_34_m
322	AlbertCamus	34	AGE34	1318	1317_AlbertCamus_34_m
322	AlbertCamus	34	AGE34	1323	1322_AlbertCamus_34_m
329	MargaretNolan	34	AGE34	15716	15715_MargaretNolan_34_f
323	JohnJames	34	AGE34	2034	2033_JohnJames_34_m
193	GeorgePeppard	34	AGE34	7911	7910_GeorgePeppard_34_m
194	JaneFonda	34	AGE34	10116	10115_JaneFonda_34_f
327	TommyLeeJones	34	AGE34	5735	5734_TommyLeeJones_34_m
24	HelenHunt	34	AGE34	10047	10046_HelenHunt_34_f
24	HelenHunt	34	AGE34	10048	10047_HelenHunt_34_f
8	SimoneSignoret	34	AGE34	14823	14822_SimoneSignoret_34_f
485	DanaAndrews	34	AGE34	6137	6136_DanaAndrews_34_m
403	RogerAllam	34	AGE34	3723	3722_RogerAllam_34_m
326	SteveKanaly	34	AGE34	3845	3844_SteveKanaly_34_m
401	ErinGray	34	AGE34	15344	15343_ErinGray_34_f
212	NormaShearer	34	AGE34	13695	13694_NormaShearer_34_f
197	LinoVentura	34	AGE34	7304	7303_LinoVentura_34_m
317	BillMurray	34	AGE34	2396	2395_BillMurray_34_m
187	JenniferJones	34	AGE34	14601	14600_JenniferJones_34_f
334	LauraAntonelli	34	AGE34	12286	12285_LauraAntonelli_34_f
26	FayeDunaway	34	AGE34	10509	10508_FayeDunaway_34_f
333	RobertPowell	34	AGE34	4411	4410_RobertPowell_34_m
313	LeslieCaron	34	AGE34	3453	3452_LeslieCaron_34_m
40	AnthonyHopkins	34	AGE34	5069	5068_AnthonyHopkins_34_m
332	TomHanks	34	AGE34	1769	1768_TomHanks_34_m
201	KirkDouglas	34	AGE34	4289	4288_KirkDouglas_34_m
200	AnnMargret	34	AGE34	10382	10381_AnnMargret_34_f
189	MurrayHamilton	34	AGE34	8692	8691_MurrayHamilton_34_m
331	SamElliott	34	AGE34	2879	2878_SamElliott_34_m
315	DirkBogarde	34	AGE34	6236	6235_DirkBogarde_34_m
482	JuneLockhart	34	AGE34	11122	11121_JuneLockhart_34_f
190	ClintWalker	34	AGE34	4058	4057_ClintWalker_34_m
410	AlejandroRey	34	AGE34	8494	8493_AlejandroRey_34_m
198	ThomasTerry	34	AGE34	6843	6842_ThomasTerry_34_m
317	BillMurray	34	AGE34	2397	2396_BillMurray_34_m
483	Bono	34	AGE34	1539	1538_Bono_34_m
385	UrsulaAndress	34	AGE34	12398	12397_UrsulaAndress_34_f
420	MaryTylerMoore	34	AGE34	12820	12819_MaryTylerMoore_34_f
300	PeterMarkRichman	34	AGE34	7471	7470_PeterMarkRichman_34_m
387	MartinLutherKing	34	AGE34	15961	15960_MartinLutherKing_34_m
387	MartinLutherKing	34	AGE34	15947	15946_MartinLutherKing_34_m
433	MaximilianShell	34	AGE34	9473	9472_MaximilianShell_34_m
284	RobertMorley	34	AGE34	7531	7530_RobertMorley_34_m
387	MartinLutherKing	34	AGE34	15964	15963_MartinLutherKing_34_m
387	MartinLutherKing	34	AGE34	15953	15952_MartinLutherKing_34_m
227	KennethBranagh	34	AGE34	5429	5428_KennethBranagh_34_m
387	MartinLutherKing	34	AGE34	15954	15953_MartinLutherKing_34_m
388	JoanCollins	34	AGE34	10538	10537_JoanCollins_34_f
285	RyanONeal	34	AGE34	2853	2852_RyanONeal_34_m
171	EmmaThompson	34	AGE34	11032	11031_EmmaThompson_34_f
172	ChristopherEccleston	34	AGE34	8892	8891_ChristopherEccleston_34_m
36	ScottGlenn	34	AGE34	2917	2916_ScottGlenn_34_m
351	JonVoight	34	AGE34	2052	2051_JonVoight_34_m
432	JenniferAniston	34	AGE34	12749	12748_JenniferAniston_34_f
431	RobertRedford	34	AGE34	4825	4824_RobertRedford_34_m
14	StevenSpielberg	34	AGE34	6823	6822_StevenSpielberg_34_m
283	BettyGrable	34	AGE34	13931	13930_BettyGrable_34_f
170	CharlesBoyer	34	AGE34	6955	6954_CharlesBoyer_34_m
464	BetteMidler	34	AGE34	10477	10476_BetteMidler_34_f
463	OrnellaMuti	34	AGE34	10771	10770_OrnellaMuti_34_f
436	LindsayWagner	34	AGE34	11574	11573_LindsayWagner_34_f
279	DorisDay	34	AGE34	9747	9746_DorisDay_34_f
279	DorisDay	34	AGE34	9721	9720_DorisDay_34_f
499	AmandaBlake	34	AGE34	14960	14959_AmandaBlake_34_f
167	KatharineHepburn	34	AGE34	14899	14898_KatharineHepburn_34_f
231	AnthonyAndrews	34	AGE34	5038	5037_AnthonyAndrews_34_m
435	DebbieReynolds	34	AGE34	12053	12052_DebbieReynolds_34_f
387	MartinLutherKing	34	AGE34	15944	15943_MartinLutherKing_34_m
354	RandolphScott	34	AGE34	8218	8217_RandolphScott_34_m
387	MartinLutherKing	34	AGE34	15963	15962_MartinLutherKing_34_m
387	MartinLutherKing	34	AGE34	15946	15945_MartinLutherKing_34_m
280	BillNighy	34	AGE34	3039	3038_BillNighy_34_m
498	HeinrichHertz	34	AGE34	1139	1138_HeinrichHertz_34_m
353	ArmandAssante	34	AGE34	5125	5124_ArmandAssante_34_m
281	RutgerHauer	34	AGE34	3756	3755_RutgerHauer_34_m
434	DavidCarradine	34	AGE34	8584	8583_DavidCarradine_34_m
286	CydCharisse	34	AGE34	15183	15182_CydCharisse_34_f
7	DonnaDouglas	34	AGE34	10977	10976_DonnaDouglas_34_f
10	JeffDaniels	34	AGE34	3356	3355_JeffDaniels_34_m
430	HelenHayes	34	AGE34	13538	13537_HelenHayes_34_f
345	JuliaRoberts	34	AGE34	11466	11465_JuliaRoberts_34_f
294	JamieLeeCurtis	34	AGE34	12680	12679_JamieLeeCurtis_34_f
295	JanetEllis	34	AGE34	15439	15438_JanetEllis_34_f
219	DerekJacobi	34	AGE34	3165	3164_DerekJacobi_34_m
469	ClaudiaCardinale	34	AGE34	12988	12987_ClaudiaCardinale_34_f
177	OliviaHussey	34	AGE34	11709	11708_OliviaHussey_34_f
423	JoanCusack	34	AGE34	10148	10147_JoanCusack_34_f
296	JaneRussell	34	AGE34	13118	13117_JaneRussell_34_f
38	BarbaraBouchet	34	AGE34	11856	11855_BarbaraBouchet_34_f
22	TerryMoore	34	AGE34	10316	10315_TerryMoore_34_f
178	AndyGriffith	34	AGE34	7789	7788_AndyGriffith_34_m
299	GeorgeMontgomery	34	AGE34	9317	9316_GeorgeMontgomery_34_m
343	PaulmcCartney	34	AGE34	138	137_PaulmcCartney_34_m
343	PaulmcCartney	34	AGE34	137	136_PaulmcCartney_34_m
421	SigourneyWeaver	34	AGE34	13303	13302_SigourneyWeaver_34_f
491	PhilHartman	34	AGE34	3668	3667_PhilHartman_34_m
179	LorettaYoung	34	AGE34	14372	14371_LorettaYoung_34_f
468	BetteDavis	34	AGE34	13370	13369_BetteDavis_34_f
471	ClaudetteColbert	34	AGE34	14692	14691_ClaudetteColbert_34_f
468	BetteDavis	34	AGE34	13352	13351_BetteDavis_34_f
293	PeterGraves	34	AGE34	6677	6676_PeterGraves_34_m
223	ElkeSommer	34	AGE34	9954	9953_ElkeSommer_34_f
495	CybillShepherd	34	AGE34	11999	11998_CybillShepherd_34_f
430	HelenHayes	34	AGE34	13517	13516_HelenHayes_34_f
18	ElsaMartinelli	34	AGE34	12066	12065_ElsaMartinelli_34_f
390	Garycooper	34	AGE34	7084	7083_Garycooper_34_m
288	AnitaEkberg	34	AGE34	10350	10349_AnitaEkberg_34_f
37	JoanneWoodward	34	AGE34	12260	12259_JoanneWoodward_34_f
289	JohnWayne	34	AGE34	7188	7187_JohnWayne_34_m
289	JohnWayne	34	AGE34	7185	7184_JohnWayne_34_m
21	JamesStewart	34	AGE34	8655	8654_JamesStewart_34_m
289	JohnWayne	34	AGE34	7195	7194_JohnWayne_34_m
289	JohnWayne	34	AGE34	7206	7205_JohnWayne_34_m
346	GloriaSwanson	34	AGE34	13984	13983_GloriaSwanson_34_f
289	JohnWayne	34	AGE34	7192	7191_JohnWayne_34_m
292	KathrynHays	34	AGE34	10565	10564_KathrynHays_34_f
221	JulieBishop	34	AGE34	15538	15537_JulieBishop_34_f
220	RobertDeNiro	34	AGE34	5683	5682_RobertDeNiro_34_m
493	PiaLindstrom	34	AGE34	11223	11222_PiaLindstrom_34_f
350	VittorioGassman	34	AGE34	9241	9240_VittorioGassman_34_m
375	EdwardGRobinson	34	AGE34	9425	9424_EdwardGRobinson_34_m
519	ChevyChase	34	AGE34	2428	2427_ChevyChase_34_m
140	EdHarris	34	AGE34	1696	1695_EdHarris_34_m
57	AlikiBoug	34	AGE34	12558	12557_AlikiBoug_34_f
511	JackNicolson	34	AGE34	5281	5280_JackNicolson_34_m
108	MelindaDillion	34	AGE34	12306	12305_MelindaDillion_34_f
121	RafVallone	34	AGE34	6024	6023_RafVallone_34_m
4	CaryGrant	34	AGE34	6116	6115_CaryGrant_34_m
80	KathrynGrayson	34	AGE34	15679	15678_KathrynGrayson_34_f
555	GeneWilder	34	AGE34	2576	2575_GeneWilder_34_m
534	AlbertoSordi	34	AGE34	7758	7757_AlbertoSordi_34_m
523	MartinSheen	34	AGE34	3523	3522_MartinSheen_34_m
67	JamesCaan	34	AGE34	1992	1991_JamesCaan_34_m
50	PeggyLipton	34	AGE34	10806	10805_PeggyLipton_34_f
148	WillSmith 	34	AGE34	16069	16068_WillSmith _34_m
561	QueenElizabet	34	AGE34	601	600_QueenElizabet_34_f
140	EdHarris	34	AGE34	1695	1694_EdHarris_34_m
521	StefaniePowers	34	AGE34	15819	15818_StefaniePowers_34_f
66	BruceWillis	34	AGE34	3074	3073_BruceWillis_34_m
109	MariaCallas	34	AGE34	17	16_MariaCallas_34_f
511	JackNicolson	34	AGE34	5287	5286_JackNicolson_34_m
149	AlecGuinness	34	AGE34	8752	8751_AlecGuinness_34_m
524	MaureenOHara	34	AGE34	11633	11632_MaureenOHara_34_f
511	JackNicolson	34	AGE34	5286	5285_JackNicolson_34_m
512	WilliamHolden	34	AGE34	8471	8470_WilliamHolden_34_m
531	TimothyDalton	34	AGE34	4966	4965_TimothyDalton_34_m
117	VeraEllen	34	AGE34	15909	15908_VeraEllen_34_f
70	PamelaSueMartin	34	AGE34	15768	15767_PamelaSueMartin_34_f
526	AngieDickinson	34	AGE34	12442	12441_AngieDickinson_34_f
118	HelmutBerger	34	AGE34	4224	4223_HelmutBerger_34_m
151	AnnieGirardot	34	AGE34	13885	13884_AnnieGirardot_34_f
548	CatherineDeneuve	34	AGE34	12953	12952_CatherineDeneuve_34_f
143	BarbraStreisand	34	AGE34	12921	12920_BarbraStreisand_34_f
506	MargeChampion	34	AGE34	11602	11601_MargeChampion_34_f
119	AlanYoung	34	AGE34	1877	1876_AlanYoung_34_m
73	DyanCannon	34	AGE34	15257	15256_DyanCannon_34_f
541	ThelmaRitter	34	AGE34	13785	13784_ThelmaRitter_34_f
73	DyanCannon	34	AGE34	15291	15290_DyanCannon_34_f
110	MargaretThatcher	34	AGE34	558	557_MargaretThatcher_34_f
86	MarietteHartley	34	AGE34	10283	10282_MarietteHartley_34_f
109	MariaCallas	34	AGE34	6	5_MariaCallas_34_f
56	AudreyHepburn	34	AGE34	14525	14524_AudreyHepburn_34_f
125	AlexandrakisAlekos	34	AGE34	9632	9631_AlexandrakisAlekos_34_m
546	SusanSarandon	34	AGE34	11730	11729_SusanSarandon_34_f
133	LeeJCobb	34	AGE34	6551	6550_LeeJCobb_34_m
0	YvesMontand	34	AGE34	6880	6879_YvesMontand_34_m
518	RomanPolanski	34	AGE34	4887	4886_RomanPolanski_34_m
58	OliviadeHavilland	34	AGE34	14436	14435_OliviadeHavilland_34_f
99	YvonneDeCarlo	34	AGE34	14608	14607_YvonneDeCarlo_34_f
82	MarcelloMastroianni	34	AGE34	9577	9576_MarcelloMastroianni_34_m
550	RalphMacchio	34	AGE34	4354	4353_RalphMacchio_34_m
90	MichelPiccoli	34	AGE34	4737	4736_MichelPiccoli_34_m
551	JeanetteMacDonald	34	AGE34	15471	15470_JeanetteMacDonald_34_f
517	GeraldinePage	34	AGE34	14201	14200_GeraldinePage_34_f
539	KristinScottThomas	34	AGE34	14338	14337_KristinScottThomas_34_f
136	LawrenceTierney	34	AGE34	9103	9102_LawrenceTierney_34_m
145	DonJohnson	34	AGE34	2511	2510_DonJohnson_34_m
59	MichaelKeaton	34	AGE34	5487	5486_MichaelKeaton_34_m
78	JamesBest	34	AGE34	1948	1947_JamesBest_34_m
81	EdwigeFenech	34	AGE34	15307	15306_EdwigeFenech_34_f
540	JeanClaudeVanDamme	34	AGE34	9052	9051_JeanClaudeVanDamme_34_m
137	SidneyPoitier	34	AGE34	16155	16154_SidneyPoitier_34_m
125	AlexandrakisAlekos	34	AGE34	9641	9640_AlexandrakisAlekos_34_m
61	RonaldReagan	34	AGE34	731	730_RonaldReagan_34_m
153	GaryOldman	34	AGE34	2549	2548_GaryOldman_34_m
97	SerenaWilliams	34	AGE34	16011	16010_SerenaWilliams_34_f
125	AlexandrakisAlekos	34	AGE34	9638	9637_AlexandrakisAlekos_34_m
543	JohnDerek	34	AGE34	5352	5351_JohnDerek_34_m
126	JamesArness	34	AGE34	6342	6341_JamesArness_34_m
2	RoyRogers	34	AGE34	5698	5697_RoyRogers_34_m
89	PatriciaNeal	34	AGE34	13725	13724_PatriciaNeal_34_f
65	JohnForsythe	34	AGE34	8066	8065_JohnForsythe_34_m
105	KatharineRoss	34	AGE34	15637	15636_KatharineRoss_34_f
551	JeanetteMacDonald	34	AGE34	15475	15474_JeanetteMacDonald_34_f
98	RichardChamberlain	34	AGE34	8277	8276_RichardChamberlain_34_m
564	SusanHayward	34	AGE34	14500	14499_SusanHayward_34_f
544	GeorgeCScott	34	AGE34	8990	8989_GeorgeCScott_34_m
553	DanielleDarrieux	34	AGE34	13416	13415_DanielleDarrieux_34_f
53	JulieChristie	34	AGE34	11513	11512_JulieChristie_34_f
540	JeanClaudeVanDamme	34	AGE34	9051	9050_JeanClaudeVanDamme_34_m
138	RomySchneider	34	AGE34	14101	14100_RomySchneider_34_f
129	AlCorley	34	AGE34	1604	1603_AlCorley_34_m
46	JohnMalkovich	34	AGE34	5368	5367_JohnMalkovich_34_m
48	GenaRowlands	34	AGE34	4131	4130_GenaRowlands_34_m
100	LyleTalbot	34	AGE34	7376	7375_LyleTalbot_34_m
85	JodieFoster	34	AGE34	11102	11101_JodieFoster_34_f
505	GingerRogers	34	AGE34	13471	13470_GingerRogers_34_f
93	JonFinch	34	AGE34	5405	5404_JonFinch_34_m
95	DavidSarnoff	34	AGE34	383	382_DavidSarnoff_34_m
557	DavidMcCallum	34	AGE34	5226	5225_DavidMcCallum_34_m
530	SimonMacCorkindale	34	AGE34	8358	8357_SimonMacCorkindale_34_m
558	MichaelPalin	34	AGE34	4314	4313_MichaelPalin_34_m
46	JohnMalkovich	34	AGE34	5369	5368_JohnMalkovich_34_m
93	JonFinch	34	AGE34	5404	5403_JonFinch_34_m
527	JohnGarfield	34	AGE34	7177	7176_JohnGarfield_34_m
527	JohnGarfield	34	AGE34	7176	7175_JohnGarfield_34_m
152	MaryPickford	34	AGE34	14400	14399_MaryPickford_34_f
71	EvaMarieSaint	34	AGE34	12097	12096_EvaMarieSaint_34_f
360	UgoTognazzi	35	AGE35	7676	7675_UgoTognazzi_35_m
498	HeinrichHertz	35	AGE35	1142	1141_HeinrichHertz_35_m
127	HumphreyBogard	35	AGE35	9033	9032_HumphreyBogard_35_m
514	LindaEvans	35	AGE35	10614	10613_LindaEvans_35_f
138	RomySchneider	35	AGE35	14102	14101_RomySchneider_35_f
9	FessParker	35	AGE35	7068	7067_FessParker_35_m
519	ChevyChase	35	AGE35	2429	2428_ChevyChase_35_m
212	NormaShearer	35	AGE35	13706	13705_NormaShearer_35_f
351	JonVoight	35	AGE35	2053	2052_JonVoight_35_m
44	VincentPrice	35	AGE35	7711	7710_VincentPrice_35_m
295	JanetEllis	35	AGE35	15440	15439_JanetEllis_35_f
192	NielsBohr	35	AGE35	1091	1090_NielsBohr_35_m
444	RitaHayworth	35	AGE35	13774	13773_RitaHayworth_35_f
279	DorisDay	35	AGE35	9722	9721_DorisDay_35_f
54	KevinSpacey	35	AGE35	3419	3418_KevinSpacey_35_m
389	JaneBirkin	35	AGE35	10080	10079_JaneBirkin_35_f
26	FayeDunaway	35	AGE35	10510	10509_FayeDunaway_35_f
367	LiamNeeson	35	AGE35	2749	2748_LiamNeeson_35_m
168	JohnCleese	35	AGE35	2677	2676_JohnCleese_35_m
89	PatriciaNeal	35	AGE35	13726	13725_PatriciaNeal_35_f
553	DanielleDarrieux	35	AGE35	13417	13416_DanielleDarrieux_35_f
390	Garycooper	35	AGE35	7091	7090_Garycooper_35_m
210	JeanPeters	35	AGE35	13598	13597_JeanPeters_35_f
518	RomanPolanski	35	AGE35	4892	4891_RomanPolanski_35_m
208	ShelleyWinters	35	AGE35	14762	14761_ShelleyWinters_35_f
387	MartinLutherKing	35	AGE35	15967	15966_MartinLutherKing_35_m
268	WarrenBeatty	35	AGE35	5025	5024_WarrenBeatty_35_m
387	MartinLutherKing	35	AGE35	15955	15954_MartinLutherKing_35_m
277	AliMacGraw	35	AGE35	9922	9921_AliMacGraw_35_f
387	MartinLutherKing	35	AGE35	15945	15944_MartinLutherKing_35_m
359	KostasVoutsas	35	AGE35	4715	4714_KostasVoutsas_35_m
473	LizaMinelli	35	AGE35	11160	11159_LizaMinelli_35_f
508	VictorMature	35	AGE35	8414	8413_VictorMature_35_m
180	MichellePfeiffer	35	AGE35	13193	13192_MichellePfeiffer_35_f
383	JamesGarner	35	AGE35	4641	4640_JamesGarner_35_m
311	MonicaVitti	35	AGE35	11213	11212_MonicaVitti_35_f
351	JonVoight	35	AGE35	2054	2053_JonVoight_35_m
64	MikeConnors	35	AGE35	3601	3600_MikeConnors_35_m
193	GeorgePeppard	35	AGE35	7912	7911_GeorgePeppard_35_m
85	JodieFoster	35	AGE35	11103	11102_JodieFoster_35_f
7	DonnaDouglas	35	AGE35	10978	10977_DonnaDouglas_35_f
81	EdwigeFenech	35	AGE35	15308	15307_EdwigeFenech_35_f
93	JonFinch	35	AGE35	5406	5405_JonFinch_35_m
518	RomanPolanski	35	AGE35	4888	4887_RomanPolanski_35_m
538	BarbaraStanwyck	35	AGE35	14644	14643_BarbaraStanwyck_35_f
45	MendeleievDmitri	35	AGE35	1212	1211_MendeleievDmitri_35_m
77	RobertRyan	35	AGE35	7564	7563_RobertRyan_35_m
387	MartinLutherKing	35	AGE35	15968	15967_MartinLutherKing_35_m
191	LouCostello	35	AGE35	6603	6602_LouCostello_35_m
105	KatharineRoss	35	AGE35	15638	15637_KatharineRoss_35_f
214	JoanLeslie	35	AGE35	10178	10177_JoanLeslie_35_f
32	BonnieHunt	35	AGE35	15091	15090_BonnieHunt_35_f
403	RogerAllam	35	AGE35	3724	3723_RogerAllam_35_m
499	AmandaBlake	35	AGE35	14961	14960_AmandaBlake_35_f
219	DerekJacobi	35	AGE35	3166	3165_DerekJacobi_35_m
490	Gaddafi	35	AGE35	954	953_Gaddafi_35_m
445	JohnCassavetes	35	AGE35	8668	8667_JohnCassavetes_35_m
190	ClintWalker	35	AGE35	4059	4058_ClintWalker_35_m
66	BruceWillis	35	AGE35	3076	3075_BruceWillis_35_m
166	AnnJillian	35	AGE35	14986	14985_AnnJillian_35_f
468	BetteDavis	35	AGE35	13366	13365_BetteDavis_35_f
326	SteveKanaly	35	AGE35	3846	3845_SteveKanaly_35_m
126	JamesArness	35	AGE35	6343	6342_JamesArness_35_m
72	HenryFonda	35	AGE35	8019	8018_HenryFonda_35_m
156	ClerkMaxwell	35	AGE35	1028	1027_ClerkMaxwell_35_m
125	AlexandrakisAlekos	35	AGE35	9637	9636_AlexandrakisAlekos_35_m
371	ChristopherPlummer	35	AGE35	7859	7858_ChristopherPlummer_35_m
97	SerenaWilliams	35	AGE35	16010	16009_SerenaWilliams_35_f
557	DavidMcCallum	35	AGE35	5227	5226_DavidMcCallum_35_m
520	MaryTamm	35	AGE35	15740	15739_MaryTamm_35_f
306	KrisKristofferson	35	AGE35	7245	7244_KrisKristofferson_35_m
371	ChristopherPlummer	35	AGE35	7860	7859_ChristopherPlummer_35_m
14	StevenSpielberg	35	AGE35	6824	6823_StevenSpielberg_35_m
298	FrankSinatra	35	AGE35	8622	8621_FrankSinatra_35_m
38	BarbaraBouchet	35	AGE35	11857	11856_BarbaraBouchet_35_f
423	JoanCusack	35	AGE35	10149	10148_JoanCusack_35_f
89	PatriciaNeal	35	AGE35	13728	13727_PatriciaNeal_35_f
469	ClaudiaCardinale	35	AGE35	12990	12989_ClaudiaCardinale_35_f
288	AnitaEkberg	35	AGE35	10351	10350_AnitaEkberg_35_f
30	AnnetteBening	35	AGE35	11406	11405_AnnetteBening_35_f
458	JeanMarais	35	AGE35	5961	5960_JeanMarais_35_m
365	JohnVernon	35	AGE35	6450	6449_JohnVernon_35_m
404	CatherineSpaak	35	AGE35	11933	11932_CatherineSpaak_35_f
247	MichaelYork	35	AGE35	3571	3570_MichaelYork_35_m
519	ChevyChase	35	AGE35	2455	2454_ChevyChase_35_m
215	JulieHagerty	35	AGE35	15560	15559_JulieHagerty_35_f
279	DorisDay	35	AGE35	9704	9703_DorisDay_35_f
106	SteveMartin	35	AGE35	3866	3865_SteveMartin_35_m
562	RockHudson	35	AGE35	6757	6756_RockHudson_35_m
114	akistsoxatzopoulos	35	AGE35	790	789_akistsoxatzopoulos_35_m
561	QueenElizabet	35	AGE35	585	584_QueenElizabet_35_f
264	LexBarker	35	AGE35	6583	6582_LexBarker_35_m
60	CharlesGrodin	35	AGE35	5182	5181_CharlesGrodin_35_m
348	VivienLeigh	35	AGE35	14152	14151_VivienLeigh_35_f
377	TomHulce	35	AGE35	1809	1808_TomHulce_35_m
432	JenniferAniston	35	AGE35	12750	12749_JenniferAniston_35_f
167	KatharineHepburn	35	AGE35	14900	14899_KatharineHepburn_35_f
296	JaneRussell	35	AGE35	13119	13118_JaneRussell_35_f
139	GalileoGalilei	35	AGE35	1152	1151_GalileoGalilei_35_m
4	CaryGrant	35	AGE35	6124	6123_CaryGrant_35_m
325	tomselleck	35	AGE35	2955	2954_tomselleck_35_m
469	ClaudiaCardinale	35	AGE35	12989	12988_ClaudiaCardinale_35_f
310	KevinBacon	35	AGE35	2719	2718_KevinBacon_35_m
348	VivienLeigh	35	AGE35	14156	14155_VivienLeigh_35_f
289	JohnWayne	35	AGE35	7193	7192_JohnWayne_35_m
98	RichardChamberlain	35	AGE35	8274	8273_RichardChamberlain_35_m
18	ElsaMartinelli	35	AGE35	12067	12066_ElsaMartinelli_35_f
3	ArnoldSchwarzenegger	35	AGE35	8828	8827_ArnoldSchwarzenegger_35_m
153	GaryOldman	35	AGE35	2550	2549_GaryOldman_35_m
273	JoanCrawford	35	AGE35	14271	14270_JoanCrawford_35_f
246	LeifErickson	35	AGE35	7283	7282_LeifErickson_35_m
336	PatrickStewart	35	AGE35	5557	5556_PatrickStewart_35_m
414	LauraDern	35	AGE35	9886	9885_LauraDern_35_f
200	AnnMargret	35	AGE35	10383	10382_AnnMargret_35_f
90	MichelPiccoli	35	AGE35	4738	4737_MichelPiccoli_35_m
272	ElvisPresley	35	AGE35	222	221_ElvisPresley_35_m
427	NewmanPaul	35	AGE35	7448	7447_NewmanPaul_35_m
292	KathrynHays	35	AGE35	10566	10565_KathrynHays_35_f
379	JamesCagney	35	AGE35	6378	6377_JamesCagney_35_m
529	RichardBurton	35	AGE35	9189	9188_RichardBurton_35_m
173	GreerGarson	35	AGE35	14010	14009_GreerGarson_35_f
145	DonJohnson	35	AGE35	2512	2511_DonJohnson_35_m
8	SimoneSignoret	35	AGE35	14826	14825_SimoneSignoret_35_f
40	AnthonyHopkins	35	AGE35	5070	5069_AnthonyHopkins_35_m
276	AnthonyPerkins	35	AGE35	8794	8793_AnthonyPerkins_35_m
355	CelesteHolm	35	AGE35	13389	13388_CelesteHolm_35_f
385	UrsulaAndress	35	AGE35	12387	12386_UrsulaAndress_35_f
481	AndreMarieAmp╨Ъre	35	AGE35	1248	1247_AndreMarieAmp╨Ъre_35_m
358	NicolasSarkozy	35	AGE35	5526	5525_NicolasSarkozy_35_m
84	AngelaLansbury	35	AGE35	11960	11959_AngelaLansbury_35_f
101	EdwardTeller	35	AGE35	1038	1037_EdwardTeller_35_m
71	EvaMarieSaint	35	AGE35	12098	12097_EvaMarieSaint_35_f
175	FrancesDee	35	AGE35	5825	5824_FrancesDee_35_m
482	JuneLockhart	35	AGE35	11123	11122_JuneLockhart_35_f
319	RingoStarr	35	AGE35	3696	3695_RingoStarr_35_m
438	JackLemon	35	AGE35	5306	5305_JackLemon_35_m
438	JackLemon	35	AGE35	5314	5313_JackLemon_35_m
367	LiamNeeson	35	AGE35	2750	2749_LiamNeeson_35_m
197	LinoVentura	35	AGE35	7305	7304_LinoVentura_35_m
551	JeanetteMacDonald	35	AGE35	15476	15475_JeanetteMacDonald_35_f
438	JackLemon	35	AGE35	5305	5304_JackLemon_35_m
530	SimonMacCorkindale	35	AGE35	8359	8358_SimonMacCorkindale_35_m
495	CybillShepherd	35	AGE35	12000	11999_CybillShepherd_35_f
62	SteveMcQueen	35	AGE35	9390	9389_SteveMcQueen_35_m
539	KristinScottThomas	35	AGE35	14339	14338_KristinScottThomas_35_f
406	StevenSeagal	35	AGE35	4433	4432_StevenSeagal_35_m
336	PatrickStewart	35	AGE35	5556	5555_PatrickStewart_35_m
198	ThomasTerry	35	AGE35	6844	6843_ThomasTerry_35_m
551	JeanetteMacDonald	35	AGE35	15496	15495_JeanetteMacDonald_35_f
175	FrancesDee	35	AGE35	12603	12602_FrancesDee_35_f
17	LuiseRainer	35	AGE35	10650	10649_LuiseRainer_35_f
483	Bono	35	AGE35	1540	1539_Bono_35_m
274	WaltDisney	35	AGE35	165	164_WaltDisney_35_m
245	RichardBoone	35	AGE35	7502	7501_RichardBoone_35_m
199	CharltonHeaston	35	AGE35	8874	8873_CharltonHeaston_35_m
407	JulieAdams	35	AGE35	10198	10197_JulieAdams_35_f
136	LawrenceTierney	35	AGE35	9104	9103_LawrenceTierney_35_m
273	JoanCrawford	35	AGE35	14293	14292_JoanCrawford_35_f
494	JessicaTandy	35	AGE35	13608	13607_JessicaTandy_35_f
63	PeggyAshcroft	35	AGE35	14455	14454_PeggyAshcroft_35_f
379	JamesCagney	35	AGE35	6377	6376_JamesCagney_35_m
380	TomasMilian	35	AGE35	3896	3895_TomasMilian_35_m
387	MartinLutherKing	35	AGE35	15956	15955_MartinLutherKing_35_m
171	EmmaThompson	35	AGE35	11033	11032_EmmaThompson_35_f
354	RandolphScott	35	AGE35	8219	8218_RandolphScott_35_m
383	JamesGarner	35	AGE35	4618	4617_JamesGarner_35_m
378	ImeldaStaunton	35	AGE35	12196	12195_ImeldaStaunton_35_f
387	MartinLutherKing	35	AGE35	15948	15947_MartinLutherKing_35_m
13	CatherineSchell	35	AGE35	15123	15122_CatherineSchell_35_f
269	BenGazzara	35	AGE35	5773	5772_BenGazzara_35_m
485	DanaAndrews	35	AGE35	6132	6131_DanaAndrews_35_m
206	HowardKeel	35	AGE35	5891	5890_HowardKeel_35_m
440	RayDanton	35	AGE35	5666	5665_RayDanton_35_m
176	RodTaylor	35	AGE35	2263	2262_RodTaylor_35_m
82	MarcelloMastroianni	35	AGE35	9578	9577_MarcelloMastroianni_35_m
132	AlexanderGrahamBell	35	AGE35	1258	1257_AlexanderGrahamBell_35_m
244	JeffGoldblum	35	AGE35	4653	4652_JeffGoldblum_35_m
131	ElizabethTaylor	35	AGE35	14704	14703_ElizabethTaylor_35_f
78	JamesBest	35	AGE35	1949	1948_JamesBest_35_m
387	MartinLutherKing	35	AGE35	15949	15948_MartinLutherKing_35_m
387	MartinLutherKing	35	AGE35	15962	15961_MartinLutherKing_35_m
323	JohnJames	35	AGE35	2035	2034_JohnJames_35_m
496	GlendaJackson	35	AGE35	12169	12168_GlendaJackson_35_f
311	MonicaVitti	35	AGE35	11212	11211_MonicaVitti_35_f
390	Garycooper	35	AGE35	7085	7084_Garycooper_35_m
15	AnneBancroft	35	AGE35	13872	13871_AnneBancroft_35_f
387	MartinLutherKing	35	AGE35	15952	15951_MartinLutherKing_35_m
442	mitsotakis	35	AGE35	643	642_mitsotakis_35_m
270	ErnestHemingway	35	AGE35	1427	1426_ErnestHemingway_35_m
59	MichaelKeaton	35	AGE35	5488	5487_MichaelKeaton_35_m
202	JudyHolliday	35	AGE35	14071	14070_JudyHolliday_35_f
202	JudyHolliday	35	AGE35	14081	14080_JudyHolliday_35_f
384	JosephStalin	35	AGE35	812	811_JosephStalin_35_m
512	WilliamHolden	35	AGE35	8472	8471_WilliamHolden_35_m
397	GeraldineChaplin	35	AGE35	13017	13016_GeraldineChaplin_35_f
321	DannyDeVito	35	AGE35	3139	3138_DannyDeVito_35_m
202	JudyHolliday	35	AGE35	14070	14069_JudyHolliday_35_f
20	JohnTravolta	35	AGE35	4673	4672_JohnTravolta_35_m
312	JohnnyCash	35	AGE35	6498	6497_JohnnyCash_35_m
203	DebraPaget	35	AGE35	15237	15236_DebraPaget_35_f
386	AlainDelon	35	AGE35	2371	2370_AlainDelon_35_m
311	MonicaVitti	35	AGE35	11181	11180_MonicaVitti_35_f
368	BettyGarrett	35	AGE35	15052	15051_BettyGarrett_35_f
496	GlendaJackson	35	AGE35	12168	12167_GlendaJackson_35_f
271	RichardAttenborough	35	AGE35	8734	8733_RichardAttenborough_35_m
99	YvonneDeCarlo	35	AGE35	14609	14608_YvonneDeCarlo_35_f
194	JaneFonda	35	AGE35	10117	10116_JaneFonda_35_f
539	KristinScottThomas	35	AGE35	14340	14339_KristinScottThomas_35_f
479	PeterUstinov	35	AGE35	8199	8198_PeterUstinov_35_m
322	AlbertCamus	35	AGE35	1330	1329_AlbertCamus_35_m
133	LeeJCobb	35	AGE35	6552	6551_LeeJCobb_35_m
103	Houston	35	AGE35	16394	16393_Houston_35_f
172	ChristopherEccleston	35	AGE35	8893	8892_ChristopherEccleston_35_m
204	LilliPalmer	35	AGE35	13671	13670_LilliPalmer_35_f
386	AlainDelon	35	AGE35	2381	2380_AlainDelon_35_m
83	AlPacino	35	AGE35	1630	1629_AlPacino_35_m
148	WillSmith 	35	AGE35	16070	16069_WillSmith _35_m
401	ErinGray	35	AGE35	15345	15344_ErinGray_35_f
286	CydCharisse	35	AGE35	15184	15183_CydCharisse_35_f
524	MaureenOHara	35	AGE35	11644	11643_MaureenOHara_35_f
548	CatherineDeneuve	35	AGE35	12954	12953_CatherineDeneuve_35_f
120	TomJones	35	AGE35	1843	1842_TomJones_35_m
143	BarbraStreisand	35	AGE35	12922	12921_BarbraStreisand_35_f
109	MariaCallas	35	AGE35	4	3_MariaCallas_35_f
533	ClintEastwood	35	AGE35	5209	5208_ClintEastwood_35_m
331	SamElliott	35	AGE35	2880	2879_SamElliott_35_m
507	RowanAtkinson	35	AGE35	6785	6784_RowanAtkinson_35_m
120	TomJones	35	AGE35	9764	9763_TomJones_35_f
451	BurtLancaster	35	AGE35	9296	9295_BurtLancaster_35_m
501	RayLiotta	35	AGE35	2227	2226_RayLiotta_35_m
231	AnthonyAndrews	35	AGE35	5039	5038_AnthonyAndrews_35_m
235	SilvanaMangano	35	AGE35	14803	14802_SilvanaMangano_35_f
86	MarietteHartley	35	AGE35	10284	10283_MarietteHartley_35_f
48	GenaRowlands	35	AGE35	4132	4131_GenaRowlands_35_m
463	OrnellaMuti	35	AGE35	10772	10771_OrnellaMuti_35_f
555	GeneWilder	35	AGE35	2577	2576_GeneWilder_35_m
451	BurtLancaster	35	AGE35	9289	9288_BurtLancaster_35_m
96	JackColeman	35	AGE35	3302	3301_JackColeman_35_m
43	AnnMiller	35	AGE35	15020	15019_AnnMiller_35_f
391	AlKapone	35	AGE35	509	508_AlKapone_35_m
249	LivUllmann	35	AGE35	10251	10250_LivUllmann_35_f
524	MaureenOHara	35	AGE35	11634	11633_MaureenOHara_35_f
184	GeorgesMarchal	35	AGE35	9341	9340_GeorgesMarchal_35_m
229	Myl╨ЪneDemongeot	35	AGE35	12858	12857_Myl╨ЪneDemongeot_35_f
68	KevinCostner	35	AGE35	4267	4266_KevinCostner_35_m
532	KostasXatzixristos	35	AGE35	9622	9621_KostasXatzixristos_35_m
489	MarleneDietrich	35	AGE35	14720	14719_MarleneDietrich_35_f
27	LaurenBacall	35	AGE35	11546	11545_LaurenBacall_35_f
464	BetteMidler	35	AGE35	10459	10458_BetteMidler_35_f
282	ValerieHarper	35	AGE35	11791	11790_ValerieHarper_35_f
158	SpencerTracy	35	AGE35	8383	8382_SpencerTracy_35_m
460	AnneBaxter	35	AGE35	12505	12504_AnneBaxter_35_f
178	AndyGriffith	35	AGE35	7790	7789_AndyGriffith_35_m
503	JeanPaulBelmondo	35	AGE35	7133	7132_JeanPaulBelmondo_35_m
251	St╨ТphaneAudran	35	AGE35	15864	15863_St╨ТphaneAudran_35_f
392	EstherWilliams	35	AGE35	14174	14173_EstherWilliams_35_f
230	SusanGeorge	35	AGE35	10866	10865_SusanGeorge_35_f
287	JosephCotten	35	AGE35	7212	7211_JosephCotten_35_m
527	JohnGarfield	35	AGE35	7179	7178_JohnGarfield_35_m
61	RonaldReagan	35	AGE35	732	731_RonaldReagan_35_m
161	MaggieSmith	35	AGE35	10719	10718_MaggieSmith_35_f
158	SpencerTracy	35	AGE35	8396	8395_SpencerTracy_35_m
161	MaggieSmith	35	AGE35	10727	10726_MaggieSmith_35_f
341	AnnaMassey	35	AGE35	12468	12467_AnnaMassey_35_f
161	MaggieSmith	35	AGE35	10723	10722_MaggieSmith_35_f
187	JenniferJones	35	AGE35	14579	14578_JenniferJones_35_f
109	MariaCallas	35	AGE35	1	0_MariaCallas_35_f
232	ConnieBooth	35	AGE35	15153	15152_ConnieBooth_35_f
491	PhilHartman	35	AGE35	3669	3668_PhilHartman_35_m
304	DavidNiven	35	AGE35	7054	7053_DavidNiven_35_m
159	PierceBrosnan	35	AGE35	4792	4791_PierceBrosnan_35_m
452	GordonThomson	35	AGE35	4582	4581_GordonThomson_35_m
56	AudreyHepburn	35	AGE35	14551	14550_AudreyHepburn_35_f
395	michaeljackson	35	AGE35	264	263_michaeljackson_35_m
397	GeraldineChaplin	35	AGE35	13018	13017_GeraldineChaplin_35_f
418	DeborahKerr	35	AGE35	13969	13968_DeborahKerr_35_f
307	GiulianoGemma	35	AGE35	7989	7988_GiulianoGemma_35_m
373	BobDylan	35	AGE35	1666	1665_BobDylan_35_m
419	ShirleyJones	35	AGE35	11253	11252_ShirleyJones_35_f
376	Fernandel	35	AGE35	4557	4556_Fernandel_35_m
36	ScottGlenn	35	AGE35	2918	2917_ScottGlenn_35_m
234	MyrnaLoy	35	AGE35	12354	12353_MyrnaLoy_35_f
151	AnnieGirardot	35	AGE35	13886	13885_AnnieGirardot_35_f
334	LauraAntonelli	35	AGE35	12287	12286_LauraAntonelli_35_f
119	AlanYoung	35	AGE35	1878	1877_AlanYoung_35_m
502	FaradayMichael	35	AGE35	1124	1123_FaradayMichael_35_m
549	GoldieHawn	35	AGE35	10011	10010_GoldieHawn_35_f
3	ArnoldSchwarzenegger	35	AGE35	8827	8826_ArnoldSchwarzenegger_35_m
549	GoldieHawn	35	AGE35	10010	10009_GoldieHawn_35_f
234	MyrnaLoy	35	AGE35	12378	12377_MyrnaLoy_35_f
253	HarrisonFord	35	AGE35	4167	4166_HarrisonFord_35_m
527	JohnGarfield	35	AGE35	7178	7177_JohnGarfield_35_m
488	DickVanDyke	35	AGE35	4088	4087_DickVanDyke_35_m
239	RoseMarie	35	AGE35	9894	9893_RoseMarie_35_f
340	CliffRobertson	35	AGE35	8552	8551_CliffRobertson_35_m
187	JenniferJones	35	AGE35	14599	14598_JenniferJones_35_f
418	DeborahKerr	35	AGE35	13957	13956_DeborahKerr_35_f
382	GilbertRoland	35	AGE35	7949	7948_GilbertRoland_35_m
41	DenzelWashington	35	AGE35	6174	6173_DenzelWashington_35_m
302	ClaudeRich	35	AGE35	2461	2460_ClaudeRich_35_m
158	SpencerTracy	35	AGE35	8398	8397_SpencerTracy_35_m
316	MegRyan	35	AGE35	9682	9681_MegRyan_35_f
35	LouisJourdan	35	AGE35	7346	7345_LouisJourdan_35_m
511	JackNicolson	35	AGE35	5273	5272_JackNicolson_35_m
158	SpencerTracy	35	AGE35	8402	8401_SpencerTracy_35_m
255	NickNolte	35	AGE35	2186	2185_NickNolte_35_m
434	DavidCarradine	35	AGE35	8585	8584_DavidCarradine_35_m
5	HatzidakisManos	35	AGE35	293	292_HatzidakisManos_35_m
283	BettyGrable	35	AGE35	13932	13931_BettyGrable_35_f
149	AlecGuinness	35	AGE35	8776	8775_AlecGuinness_35_m
19	EdwardFox	35	AGE35	1910	1909_EdwardFox_35_m
502	FaradayMichael	35	AGE35	1121	1120_FaradayMichael_35_m
233	Arletty	35	AGE35	10907	10906_Arletty_35_f
254	Thanasisveggos	35	AGE35	9420	9419_Thanasisveggos_35_m
453	DaliahLavi	35	AGE35	10951	10950_DaliahLavi_35_f
34	MireilleDarc	35	AGE35	11667	11666_MireilleDarc_35_f
315	DirkBogarde	35	AGE35	6237	6236_DirkBogarde_35_m
228	SophiaLoren	35	AGE35	11284	11283_SophiaLoren_35_f
140	EdHarris	35	AGE35	1697	1696_EdHarris_35_m
505	GingerRogers	35	AGE35	13474	13473_GingerRogers_35_f
338	FrancescaAnnis	35	AGE35	12143	12142_FrancescaAnnis_35_f
223	ElkeSommer	35	AGE35	9955	9954_ElkeSommer_35_f
455	AlanRickman	35	AGE35	3010	3009_AlanRickman_35_m
24	HelenHunt	35	AGE35	10049	10048_HelenHunt_35_f
100	LyleTalbot	35	AGE35	7377	7376_LyleTalbot_35_m
67	JamesCaan	35	AGE35	1993	1992_JamesCaan_35_m
46	JohnMalkovich	35	AGE35	5370	5369_JohnMalkovich_35_m
329	MargaretNolan	35	AGE35	15717	15716_MargaretNolan_35_f
122	MorganFreeman 	35	AGE35	16047	16046_MorganFreeman _35_m
487	JaneWyman	35	AGE35	13148	13147_JaneWyman_35_f
189	MurrayHamilton	35	AGE35	8693	8692_MurrayHamilton_35_m
14	StevenSpielberg	35	AGE35	6838	6837_StevenSpielberg_35_m
364	SarahDouglas	35	AGE35	15795	15794_SarahDouglas_35_f
225	ClarkGable	35	AGE35	5805	5804_ClarkGable_35_m
57	AlikiBoug	35	AGE35	12533	12532_AlikiBoug_35_f
57	AlikiBoug	35	AGE35	12560	12559_AlikiBoug_35_f
415	SamNeill	35	AGE35	2296	2295_SamNeill_35_m
410	AlejandroRey	35	AGE35	8495	8494_AlejandroRey_35_m
225	ClarkGable	35	AGE35	5803	5802_ClarkGable_35_m
506	MargeChampion	35	AGE35	11603	11602_MargeChampion_35_f
566	Pele	35	AGE35	47	46_Pele_35_m
374	Mparkoulis	35	AGE35	2172	2171_Mparkoulis_35_m
467	BertrandRussell	35	AGE35	1370	1369_BertrandRussell_35_m
333	RobertPowell	35	AGE35	4412	4411_RobertPowell_35_m
73	DyanCannon	35	AGE35	15258	15257_DyanCannon_35_f
124	SartreJeanPaul	35	AGE35	1397	1396_SartreJeanPaul_35_m
531	TimothyDalton	35	AGE35	4967	4966_TimothyDalton_35_m
221	JulieBishop	35	AGE35	15539	15538_JulieBishop_35_f
144	SusannahYork	35	AGE35	14122	14121_SusannahYork_35_f
457	JeffBridges	35	AGE35	3331	3330_JeffBridges_35_m
37	JoanneWoodward	35	AGE35	12262	12261_JoanneWoodward_35_f
114	akistsoxatzopoulos	35	AGE35	789	788_akistsoxatzopoulos_35_m
97	SerenaWilliams	35	AGE35	16471	16470_SerenaWilliams_35_f
66	BruceWillis	35	AGE35	3075	3074_BruceWillis_35_m
361	CarlSagan	35	AGE35	1000	999_CarlSagan_35_m
122	MorganFreeman 	35	AGE35	16046	16045_MorganFreeman _35_m
391	AlKapone	35	AGE35	525	524_AlKapone_35_m
1	HerbertLom	35	AGE35	5846	5845_HerbertLom_35_m
556	CarlosSantana	35	AGE35	4495	4494_CarlosSantana_35_m
261	KlausKinski	35	AGE35	6525	6524_KlausKinski_35_m
242	AvaGardner	35	AGE35	13342	13341_AvaGardner_35_f
10	JeffDaniels	35	AGE35	3357	3356_JeffDaniels_35_m
49	BobHope	35	AGE35	5149	5148_BobHope_35_m
504	BeverlyRoberts	35	AGE35	14570	14569_BeverlyRoberts_35_f
164	KimBasinger	35	AGE35	10592	10591_KimBasinger_35_f
561	QueenElizabet	35	AGE35	586	585_QueenElizabet_35_f
222	JhonLenon	35	AGE35	183	182_JhonLenon_35_m
225	ClarkGable	35	AGE35	5806	5805_ClarkGable_35_m
250	IsabelleHuppert	35	AGE35	12656	12655_IsabelleHuppert_35_f
225	ClarkGable	35	AGE35	5817	5816_ClarkGable_35_m
112	MickeyRooney	35	AGE35	7418	7417_MickeyRooney_35_m
162	PeterSellers	35	AGE35	9167	9166_PeterSellers_35_m
399	RonPerlman	35	AGE35	2818	2817_RonPerlman_35_m
565	MelGibson	35	AGE35	2146	2145_MelGibson_35_m
154	JeanneMoreau	35	AGE35	11054	11053_JeanneMoreau_35_f
162	PeterSellers	35	AGE35	9164	9163_PeterSellers_35_m
372	BernadetteLafont	35	AGE35	14874	14873_BernadetteLafont_35_f
281	RutgerHauer	35	AGE35	3757	3756_RutgerHauer_35_m
462	KateOMara	35	AGE35	15592	15591_KateOMara_35_f
248	MartinScorsese	35	AGE35	5453	5452_MartinScorsese_35_m
74	AnthonyQuayle	35	AGE35	7826	7825_AnthonyQuayle_35_m
558	MichaelPalin	35	AGE35	4315	4314_MichaelPalin_35_m
240	ErrolFlynn	35	AGE35	6268	6267_ErrolFlynn_35_m
118	HelmutBerger	35	AGE35	4225	4224_HelmutBerger_35_m
461	TimCurry	35	AGE35	1732	1731_TimCurry_35_m
464	BetteMidler	35	AGE35	10467	10466_BetteMidler_35_f
92	RogerMoore	35	AGE35	4863	4862_RogerMoore_35_m
435	DebbieReynolds	35	AGE35	12054	12053_DebbieReynolds_35_f
416	JohnHuston	35	AGE35	5992	5991_JohnHuston_35_m
492	RobertDuvall	35	AGE35	4374	4373_RobertDuvall_35_m
152	MaryPickford	35	AGE35	14401	14400_MaryPickford_35_f
301	JudyGarland	35	AGE35	14049	14048_JudyGarland_35_f
80	KathrynGrayson	35	AGE35	15680	15679_KathrynGrayson_35_f
12	MerylStreep	35	AGE35	10732	10731_MerylStreep_35_f
2	RoyRogers	35	AGE35	5699	5698_RoyRogers_35_m
121	RafVallone	35	AGE35	6030	6029_RafVallone_35_m
433	MaximilianShell	35	AGE35	9474	9473_MaximilianShell_35_m
366	MelFerrer	35	AGE35	6626	6625_MelFerrer_35_m
259	ChristopherWalken	35	AGE35	6997	6996_ChristopherWalken_35_m
534	AlbertoSordi	35	AGE35	7759	7758_AlbertoSordi_35_m
449	ZsaZsaGabor	35	AGE35	11369	11368_ZsaZsaGabor_35_f
308	JanetLeigh	35	AGE35	12713	12712_JanetLeigh_35_f
237	KathleenTurner	35	AGE35	12762	12761_KathleenTurner_35_f
526	AngieDickinson	35	AGE35	12443	12442_AngieDickinson_35_f
391	AlKapone	35	AGE35	528	527_AlKapone_35_m
345	JuliaRoberts	35	AGE35	11467	11466_JuliaRoberts_35_f
88	StacyKeach	35	AGE35	3806	3805_StacyKeach_35_m
227	KennethBranagh	35	AGE35	5430	5429_KennethBranagh_35_m
149	AlecGuinness	35	AGE35	8753	8752_AlecGuinness_35_m
330	JuneAllyson	35	AGE35	13647	13646_JuneAllyson_35_f
420	MaryTylerMoore	35	AGE35	12821	12820_MaryTylerMoore_35_f
523	MartinSheen	35	AGE35	3524	3523_MartinSheen_35_m
163	CharlieSheen	35	AGE35	4033	4032_CharlieSheen_35_m
0	YvesMontand	36	AGE36	6881	6880_YvesMontand_36_m
62	SteveMcQueen	36	AGE36	9393	9392_SteveMcQueen_36_m
517	GeraldinePage	36	AGE36	14199	14198_GeraldinePage_36_f
432	JenniferAniston	36	AGE36	12751	12750_JenniferAniston_36_f
197	LinoVentura	36	AGE36	7306	7305_LinoVentura_36_m
276	AnthonyPerkins	36	AGE36	8795	8794_AnthonyPerkins_36_m
564	SusanHayward	36	AGE36	14506	14505_SusanHayward_36_f
410	AlejandroRey	36	AGE36	8496	8495_AlejandroRey_36_m
435	DebbieReynolds	36	AGE36	12034	12033_DebbieReynolds_36_f
489	MarleneDietrich	36	AGE36	14721	14720_MarleneDietrich_36_f
383	JamesGarner	36	AGE36	4619	4618_JamesGarner_36_m
486	MuhammadAli	36	AGE36	15981	15980_MuhammadAli_36_m
360	UgoTognazzi	36	AGE36	7677	7676_UgoTognazzi_36_m
189	MurrayHamilton	36	AGE36	8694	8693_MurrayHamilton_36_m
181	FernandoRey	36	AGE36	6303	6302_FernandoRey_36_m
7	DonnaDouglas	36	AGE36	10979	10978_DonnaDouglas_36_f
79	JudyDavis	36	AGE36	9829	9828_JudyDavis_36_f
281	RutgerHauer	36	AGE36	3758	3757_RutgerHauer_36_m
383	JamesGarner	36	AGE36	4639	4638_JamesGarner_36_m
182	DustinHoffman	36	AGE36	4527	4526_DustinHoffman_36_m
97	SerenaWilliams	36	AGE36	16009	16008_SerenaWilliams_36_f
191	LouCostello	36	AGE36	6604	6603_LouCostello_36_m
514	LindaEvans	36	AGE36	10615	10614_LindaEvans_36_f
512	WilliamHolden	36	AGE36	8473	8472_WilliamHolden_36_m
540	JeanClaudeVanDamme	36	AGE36	9053	9052_JeanClaudeVanDamme_36_m
79	JudyDavis	36	AGE36	9828	9827_JudyDavis_36_f
54	KevinSpacey	36	AGE36	3422	3421_KevinSpacey_36_m
97	SerenaWilliams	36	AGE36	16008	16007_SerenaWilliams_36_f
98	RichardChamberlain	36	AGE36	8278	8277_RichardChamberlain_36_m
280	BillNighy	36	AGE36	3040	3039_BillNighy_36_m
364	SarahDouglas	36	AGE36	15796	15795_SarahDouglas_36_f
487	JaneWyman	36	AGE36	13167	13166_JaneWyman_36_f
190	ClintWalker	36	AGE36	4060	4059_ClintWalker_36_m
286	CydCharisse	36	AGE36	15185	15184_CydCharisse_36_f
62	SteveMcQueen	36	AGE36	9391	9390_SteveMcQueen_36_m
487	JaneWyman	36	AGE36	13168	13167_JaneWyman_36_f
138	RomySchneider	36	AGE36	14103	14102_RomySchneider_36_f
283	BettyGrable	36	AGE36	13933	13932_BettyGrable_36_f
551	JeanetteMacDonald	36	AGE36	15477	15476_JeanetteMacDonald_36_f
62	SteveMcQueen	36	AGE36	9392	9391_SteveMcQueen_36_m
434	DavidCarradine	36	AGE36	8586	8585_DavidCarradine_36_m
490	Gaddafi	36	AGE36	958	957_Gaddafi_36_m
485	DanaAndrews	36	AGE36	6138	6137_DanaAndrews_36_m
565	MelGibson	36	AGE36	2147	2146_MelGibson_36_m
78	JamesBest	36	AGE36	1950	1949_JamesBest_36_m
99	YvonneDeCarlo	36	AGE36	14610	14609_YvonneDeCarlo_36_f
187	JenniferJones	36	AGE36	14580	14579_JenniferJones_36_f
137	SidneyPoitier	36	AGE36	16156	16155_SidneyPoitier_36_m
488	DickVanDyke	36	AGE36	4090	4089_DickVanDyke_36_m
437	MarisaPavan	36	AGE36	3499	3498_MarisaPavan_36_m
61	RonaldReagan	36	AGE36	733	732_RonaldReagan_36_m
193	GeorgePeppard	36	AGE36	7930	7929_GeorgePeppard_36_m
488	DickVanDyke	36	AGE36	4089	4088_DickVanDyke_36_m
513	DonnaReed	36	AGE36	12581	12580_DonnaReed_36_f
489	MarleneDietrich	36	AGE36	14722	14721_MarleneDietrich_36_f
316	MegRyan	36	AGE36	9683	9682_MegRyan_36_f
187	JenniferJones	36	AGE36	14589	14588_JenniferJones_36_f
490	Gaddafi	36	AGE36	950	949_Gaddafi_36_m
540	JeanClaudeVanDamme	36	AGE36	9072	9071_JeanClaudeVanDamme_36_m
188	JulieAndrews	36	AGE36	11485	11484_JulieAndrews_36_f
279	DorisDay	36	AGE36	9723	9722_DorisDay_36_f
315	DirkBogarde	36	AGE36	6238	6237_DirkBogarde_36_m
396	JeremyKemp	36	AGE36	2642	2641_JeremyKemp_36_m
407	JulieAdams	36	AGE36	10199	10198_JulieAdams_36_f
342	MarieCurie	36	AGE36	1285	1284_MarieCurie_36_f
463	OrnellaMuti	36	AGE36	10773	10772_OrnellaMuti_36_f
524	MaureenOHara	36	AGE36	11635	11634_MaureenOHara_36_f
341	AnnaMassey	36	AGE36	12469	12468_AnnaMassey_36_f
230	SusanGeorge	36	AGE36	10867	10866_SusanGeorge_36_f
4	CaryGrant	36	AGE36	6104	6103_CaryGrant_36_m
231	AnthonyAndrews	36	AGE36	5040	5039_AnthonyAndrews_36_m
256	PatrickSwayze	36	AGE36	8170	8169_PatrickSwayze_36_m
401	ErinGray	36	AGE36	15346	15345_ErinGray_36_f
525	BoDerek	36	AGE36	9653	9652_BoDerek_36_f
451	BurtLancaster	36	AGE36	9304	9303_BurtLancaster_36_m
232	ConnieBooth	36	AGE36	15154	15153_ConnieBooth_36_f
73	DyanCannon	36	AGE36	15259	15258_DyanCannon_36_f
559	SylvesterStallone	36	AGE36	7591	7590_SylvesterStallone_36_m
255	NickNolte	36	AGE36	2187	2186_NickNolte_36_m
462	KateOMara	36	AGE36	15593	15592_KateOMara_36_f
332	TomHanks	36	AGE36	1771	1770_TomHanks_36_m
452	GordonThomson	36	AGE36	4583	4582_GordonThomson_36_m
451	BurtLancaster	36	AGE36	9276	9275_BurtLancaster_36_m
339	ChuckNorris	36	AGE36	3103	3102_ChuckNorris_36_m
331	SamElliott	36	AGE36	2881	2880_SamElliott_36_m
392	EstherWilliams	36	AGE36	14175	14174_EstherWilliams_36_f
259	ChristopherWalken	36	AGE36	6998	6997_ChristopherWalken_36_m
465	JohnDRockefeller	36	AGE36	434	433_JohnDRockefeller_36_m
523	MartinSheen	36	AGE36	3525	3524_MartinSheen_36_m
464	BetteMidler	36	AGE36	10468	10467_BetteMidler_36_f
227	KennethBranagh	36	AGE36	5431	5430_KennethBranagh_36_m
330	JuneAllyson	36	AGE36	13637	13636_JuneAllyson_36_f
560	GregoryPeck	36	AGE36	9379	9378_GregoryPeck_36_m
343	PaulmcCartney	36	AGE36	139	138_PaulmcCartney_36_m
54	KevinSpacey	36	AGE36	3420	3419_KevinSpacey_36_m
228	SophiaLoren	36	AGE36	11305	11304_SophiaLoren_36_f
228	SophiaLoren	36	AGE36	11285	11284_SophiaLoren_36_f
121	RafVallone	36	AGE36	6031	6030_RafVallone_36_m
559	SylvesterStallone	36	AGE36	7590	7589_SylvesterStallone_36_m
68	KevinCostner	36	AGE36	4269	4268_KevinCostner_36_m
68	KevinCostner	36	AGE36	4268	4267_KevinCostner_36_m
534	AlbertoSordi	36	AGE36	7760	7759_AlbertoSordi_36_m
330	JuneAllyson	36	AGE36	13648	13647_JuneAllyson_36_f
258	FredMacMurray	36	AGE36	8954	8953_FredMacMurray_36_m
67	JamesCaan	36	AGE36	1994	1993_JamesCaan_36_m
400	EliWallach	36	AGE36	3198	3197_EliWallach_36_m
332	TomHanks	36	AGE36	1770	1769_TomHanks_36_m
526	AngieDickinson	36	AGE36	12420	12419_AngieDickinson_36_f
558	MichaelPalin	36	AGE36	4316	4315_MichaelPalin_36_m
11	MichaelSarrazin	36	AGE36	9138	9137_MichaelSarrazin_36_m
460	AnneBaxter	36	AGE36	12506	12505_AnneBaxter_36_f
242	AvaGardner	36	AGE36	13319	13318_AvaGardner_36_f
247	MichaelYork	36	AGE36	3572	3571_MichaelYork_36_m
457	JeffBridges	36	AGE36	3332	3331_JeffBridges_36_m
459	WilliamShatner	36	AGE36	6066	6065_WilliamShatner_36_m
113	GladysCooper	36	AGE36	13499	13498_GladysCooper_36_f
527	JohnGarfield	36	AGE36	7180	7179_JohnGarfield_36_m
72	HenryFonda	36	AGE36	8020	8019_HenryFonda_36_m
335	JoanFontaine	36	AGE36	14307	14306_JoanFontaine_36_f
244	JeffGoldblum	36	AGE36	4654	4653_JeffGoldblum_36_m
336	PatrickStewart	36	AGE36	5558	5557_PatrickStewart_36_m
458	JeanMarais	36	AGE36	5962	5961_JeanMarais_36_m
397	GeraldineChaplin	36	AGE36	13031	13030_GeraldineChaplin_36_f
71	EvaMarieSaint	36	AGE36	12099	12098_EvaMarieSaint_36_f
113	GladysCooper	36	AGE36	7108	7107_GladysCooper_36_m
557	DavidMcCallum	36	AGE36	5228	5227_DavidMcCallum_36_m
337	RichardCrenna	36	AGE36	8312	8311_RichardCrenna_36_m
397	GeraldineChaplin	36	AGE36	13030	13029_GeraldineChaplin_36_f
248	MartinScorsese	36	AGE36	5478	5477_MartinScorsese_36_m
241	SeanConnery	36	AGE36	3780	3779_SeanConnery_36_m
119	AlanYoung	36	AGE36	1879	1878_AlanYoung_36_m
234	MyrnaLoy	36	AGE36	12355	12354_MyrnaLoy_36_f
35	LouisJourdan	36	AGE36	7347	7346_LouisJourdan_36_m
462	KateOMara	36	AGE36	15594	15593_KateOMara_36_f
235	SilvanaMangano	36	AGE36	14804	14803_SilvanaMangano_36_f
111	WEBDuBois	36	AGE36	762	761_WEBDuBois_36_m
70	PamelaSueMartin	36	AGE36	15769	15768_PamelaSueMartin_36_f
54	KevinSpacey	36	AGE36	3421	3420_KevinSpacey_36_m
251	St╨ТphaneAudran	36	AGE36	15865	15864_St╨ТphaneAudran_36_f
117	VeraEllen	36	AGE36	15910	15909_VeraEllen_36_f
461	TimCurry	36	AGE36	1733	1732_TimCurry_36_m
250	IsabelleHuppert	36	AGE36	12657	12656_IsabelleHuppert_36_f
333	RobertPowell	36	AGE36	4413	4412_RobertPowell_36_m
531	TimothyDalton	36	AGE36	4968	4967_TimothyDalton_36_m
455	AlanRickman	36	AGE36	3011	3010_AlanRickman_36_m
249	LivUllmann	36	AGE36	10252	10251_LivUllmann_36_f
34	MireilleDarc	36	AGE36	11668	11667_MireilleDarc_36_f
527	JohnGarfield	36	AGE36	7181	7180_JohnGarfield_36_m
115	BarbaraBain	36	AGE36	10407	10406_BarbaraBain_36_f
555	GeneWilder	36	AGE36	2578	2577_GeneWilder_36_m
100	LyleTalbot	36	AGE36	7378	7377_LyleTalbot_36_m
465	JohnDRockefeller	36	AGE36	436	435_JohnDRockefeller_36_m
260	AmandaRedman	36	AGE36	13279	13278_AmandaRedman_36_f
49	BobHope	36	AGE36	5150	5149_BobHope_36_m
478	FredAstaire	36	AGE36	7895	7894_FredAstaire_36_m
206	HowardKeel	36	AGE36	5892	5891_HowardKeel_36_m
354	RandolphScott	36	AGE36	8220	8219_RandolphScott_36_m
322	AlbertCamus	36	AGE36	1326	1325_AlbertCamus_36_m
387	MartinLutherKing	36	AGE36	15970	15969_MartinLutherKing_36_m
476	RaquelWelch	36	AGE36	10836	10835_RaquelWelch_36_f
269	BenGazzara	36	AGE36	5774	5773_BenGazzara_36_m
77	RobertRyan	36	AGE36	7565	7564_RobertRyan_36_m
13	CatherineSchell	36	AGE36	15124	15123_CatherineSchell_36_f
32	BonnieHunt	36	AGE36	15093	15092_BonnieHunt_36_f
353	ArmandAssante	36	AGE36	5126	5125_ArmandAssante_36_m
562	RockHudson	36	AGE36	6758	6757_RockHudson_36_m
268	WarrenBeatty	36	AGE36	5002	5001_WarrenBeatty_36_m
473	LizaMinelli	36	AGE36	11161	11160_LizaMinelli_36_f
387	MartinLutherKing	36	AGE36	15969	15968_MartinLutherKing_36_m
323	JohnJames	36	AGE36	2036	2035_JohnJames_36_m
351	JonVoight	36	AGE36	2056	2055_JonVoight_36_m
518	RomanPolanski	36	AGE36	4893	4892_RomanPolanski_36_m
210	JeanPeters	36	AGE36	13599	13598_JeanPeters_36_f
204	LilliPalmer	36	AGE36	13672	13671_LilliPalmer_36_f
355	CelesteHolm	36	AGE36	13390	13389_CelesteHolm_36_f
385	UrsulaAndress	36	AGE36	12395	12394_UrsulaAndress_36_f
274	WaltDisney	36	AGE36	171	170_WaltDisney_36_m
198	ThomasTerry	36	AGE36	6845	6844_ThomasTerry_36_m
135	RichardPryor	36	AGE36	16231	16230_RichardPryor_36_m
30	AnnetteBening	36	AGE36	11407	11406_AnnetteBening_36_f
482	JuneLockhart	36	AGE36	11124	11123_JuneLockhart_36_f
200	AnnMargret	36	AGE36	10384	10383_AnnMargret_36_f
30	AnnetteBening	36	AGE36	11408	11407_AnnetteBening_36_f
440	RayDanton	36	AGE36	5667	5666_RayDanton_36_m
406	StevenSeagal	36	AGE36	4434	4433_StevenSeagal_36_m
272	ElvisPresley	36	AGE36	223	222_ElvisPresley_36_m
31	Ross	36	AGE36	16403	16402_Ross_36_f
202	JudyHolliday	36	AGE36	14072	14071_JudyHolliday_36_f
385	UrsulaAndress	36	AGE36	12392	12391_UrsulaAndress_36_f
517	GeraldinePage	36	AGE36	14191	14190_GeraldinePage_36_f
271	RichardAttenborough	36	AGE36	8736	8735_RichardAttenborough_36_m
271	RichardAttenborough	36	AGE36	8735	8734_RichardAttenborough_36_m
539	KristinScottThomas	36	AGE36	14341	14340_KristinScottThomas_36_f
202	JudyHolliday	36	AGE36	14073	14072_JudyHolliday_36_f
129	AlCorley	36	AGE36	1605	1604_AlCorley_36_m
538	BarbaraStanwyck	36	AGE36	14645	14644_BarbaraStanwyck_36_f
443	HedyLamarr	36	AGE36	12625	12624_HedyLamarr_36_f
469	ClaudiaCardinale	36	AGE36	12991	12990_ClaudiaCardinale_36_f
126	JamesArness	36	AGE36	6344	6343_JamesArness_36_m
535	Tyson	36	AGE36	16440	16439_Tyson_36_f
326	SteveKanaly	36	AGE36	3847	3846_SteveKanaly_36_m
263	JanePowell	36	AGE36	15388	15387_JanePowell_36_f
219	DerekJacobi	36	AGE36	3167	3166_DerekJacobi_36_m
10	JeffDaniels	36	AGE36	3358	3357_JeffDaniels_36_m
445	JohnCassavetes	36	AGE36	8669	8668_JohnCassavetes_36_m
325	tomselleck	36	AGE36	2956	2955_tomselleck_36_m
33	JamesCoburn	36	AGE36	6403	6402_JamesCoburn_36_m
346	GloriaSwanson	36	AGE36	13985	13984_GloriaSwanson_36_f
37	JoanneWoodward	36	AGE36	12263	12262_JoanneWoodward_36_f
221	JulieBishop	36	AGE36	15540	15539_JulieBishop_36_f
520	MaryTamm	36	AGE36	15741	15740_MaryTamm_36_f
521	StefaniePowers	36	AGE36	15820	15819_StefaniePowers_36_f
66	BruceWillis	36	AGE36	3077	3076_BruceWillis_36_m
261	KlausKinski	36	AGE36	6526	6525_KlausKinski_36_m
345	JuliaRoberts	36	AGE36	11468	11467_JuliaRoberts_36_f
220	RobertDeNiro	36	AGE36	5679	5678_RobertDeNiro_36_m
403	RogerAllam	36	AGE36	3725	3724_RogerAllam_36_m
264	LexBarker	36	AGE36	6584	6583_LexBarker_36_m
350	VittorioGassman	36	AGE36	9242	9241_VittorioGassman_36_m
24	HelenHunt	36	AGE36	10050	10049_HelenHunt_36_f
32	BonnieHunt	36	AGE36	15092	15091_BonnieHunt_36_f
211	AnjelicaHuston	36	AGE36	11817	11816_AnjelicaHuston_36_f
553	DanielleDarrieux	36	AGE36	13418	13417_DanielleDarrieux_36_f
266	MickJagger	36	AGE36	2781	2780_MickJagger_36_m
212	NormaShearer	36	AGE36	13696	13695_NormaShearer_36_f
76	HarveyKeitel	36	AGE36	4184	4183_HarveyKeitel_36_m
472	StephenHawking	36	AGE36	1007	1006_StephenHawking_36_m
105	KatharineRoss	36	AGE36	15639	15638_KatharineRoss_36_f
351	JonVoight	36	AGE36	2055	2054_JonVoight_36_m
9	FessParker	36	AGE36	7069	7068_FessParker_36_m
389	JaneBirkin	36	AGE36	10081	10080_JaneBirkin_36_f
265	BurtReynolds	36	AGE36	3984	3983_BurtReynolds_36_m
444	RitaHayworth	36	AGE36	13775	13774_RitaHayworth_36_f
471	ClaudetteColbert	36	AGE36	14670	14669_ClaudetteColbert_36_f
214	JoanLeslie	36	AGE36	10179	10178_JoanLeslie_36_f
536	BerryGordy	36	AGE36	445	444_BerryGordy_36_m
127	HumphreyBogard	36	AGE36	9035	9034_HumphreyBogard_36_m
215	JulieHagerty	36	AGE36	15561	15560_JulieHagerty_36_f
1	HerbertLom	36	AGE36	5847	5846_HerbertLom_36_m
180	MichellePfeiffer	36	AGE36	13204	13203_MichellePfeiffer_36_f
245	RichardBoone	36	AGE36	7503	7502_RichardBoone_36_m
170	CharlesBoyer	36	AGE36	6956	6955_CharlesBoyer_36_m
499	AmandaBlake	36	AGE36	14951	14950_AmandaBlake_36_f
159	PierceBrosnan	36	AGE36	4793	4792_PierceBrosnan_36_m
302	ClaudeRich	36	AGE36	2462	2461_ClaudeRich_36_m
300	PeterMarkRichman	36	AGE36	7472	7471_PeterMarkRichman_36_m
88	StacyKeach	36	AGE36	3807	3806_StacyKeach_36_m
158	SpencerTracy	36	AGE36	8381	8380_SpencerTracy_36_m
293	PeterGraves	36	AGE36	6678	6677_PeterGraves_36_m
506	MargeChampion	36	AGE36	11604	11603_MargeChampion_36_f
431	RobertRedford	36	AGE36	4845	4844_RobertRedford_36_m
309	WilliamDafoe	36	AGE36	4467	4466_WilliamDafoe_36_m
312	JohnnyCash	36	AGE36	6499	6498_JohnnyCash_36_m
381	TonyCurtis	36	AGE36	7645	7644_TonyCurtis_36_m
149	AlecGuinness	36	AGE36	8755	8754_AlecGuinness_36_m
0	YvesMontand	36	AGE36	6882	6881_YvesMontand_36_m
2	RoyRogers	36	AGE36	5700	5699_RoyRogers_36_m
289	JohnWayne	36	AGE36	7207	7206_JohnWayne_36_m
371	ChristopherPlummer	36	AGE36	7861	7860_ChristopherPlummer_36_m
295	JanetEllis	36	AGE36	15441	15440_JanetEllis_36_f
299	GeorgeMontgomery	36	AGE36	9318	9317_GeorgeMontgomery_36_m
371	ChristopherPlummer	36	AGE36	7862	7861_ChristopherPlummer_36_m
164	KimBasinger	36	AGE36	10593	10592_KimBasinger_36_f
304	DavidNiven	36	AGE36	7055	7054_DavidNiven_36_m
157	angelamerkel	36	AGE36	555	554_angelamerkel_36_f
56	AudreyHepburn	36	AGE36	14552	14551_AudreyHepburn_36_f
370	PeterOToole	36	AGE36	5634	5633_PeterOToole_36_m
292	KathrynHays	36	AGE36	10567	10566_KathrynHays_36_f
307	GiulianoGemma	36	AGE36	7990	7989_GiulianoGemma_36_m
59	MichaelKeaton	36	AGE36	5489	5488_MichaelKeaton_36_m
57	AlikiBoug	36	AGE36	12534	12533_AlikiBoug_36_f
420	MaryTylerMoore	36	AGE36	12822	12821_MaryTylerMoore_36_f
308	JanetLeigh	36	AGE36	12714	12713_JanetLeigh_36_f
498	HeinrichHertz	36	AGE36	1136	1135_HeinrichHertz_36_m
162	PeterSellers	36	AGE36	9173	9172_PeterSellers_36_m
294	JamieLeeCurtis	36	AGE36	12699	12698_JamieLeeCurtis_36_f
508	VictorMature	36	AGE36	8415	8414_VictorMature_36_m
287	JosephCotten	36	AGE36	7213	7212_JosephCotten_36_m
44	VincentPrice	36	AGE36	7716	7715_VincentPrice_36_m
372	BernadetteLafont	36	AGE36	14875	14874_BernadetteLafont_36_f
161	MaggieSmith	36	AGE36	10705	10704_MaggieSmith_36_f
498	HeinrichHertz	36	AGE36	1144	1143_HeinrichHertz_36_m
311	MonicaVitti	36	AGE36	11199	11198_MonicaVitti_36_f
496	GlendaJackson	36	AGE36	12170	12169_GlendaJackson_36_f
496	GlendaJackson	36	AGE36	12186	12185_GlendaJackson_36_f
366	MelFerrer	36	AGE36	6627	6626_MelFerrer_36_m
81	EdwigeFenech	36	AGE36	15309	15308_EdwigeFenech_36_f
498	HeinrichHertz	36	AGE36	1138	1137_HeinrichHertz_36_m
147	SamuelJacksonn	36	AGE36	16112	16111_SamuelJacksonn_36_m
57	AlikiBoug	36	AGE36	12563	12562_AlikiBoug_36_f
90	MichelPiccoli	36	AGE36	4739	4738_MichelPiccoli_36_m
311	MonicaVitti	36	AGE36	11190	11189_MonicaVitti_36_f
55	JamesWoods	36	AGE36	2611	2610_JamesWoods_36_m
378	ImeldaStaunton	36	AGE36	12197	12196_ImeldaStaunton_36_f
543	JohnDerek	36	AGE36	5353	5352_JohnDerek_36_m
148	WillSmith 	36	AGE36	16071	16070_WillSmith _36_m
19	EdwardFox	36	AGE36	1911	1910_EdwardFox_36_m
377	TomHulce	36	AGE36	1810	1809_TomHulce_36_m
163	CharlieSheen	36	AGE36	4034	4033_CharlieSheen_36_m
418	DeborahKerr	36	AGE36	13948	13947_DeborahKerr_36_f
379	JamesCagney	36	AGE36	6379	6378_JamesCagney_36_m
172	ChristopherEccleston	36	AGE36	8894	8893_ChristopherEccleston_36_m
168	JohnCleese	36	AGE36	2678	2677_JohnCleese_36_m
415	SamNeill	36	AGE36	2297	2296_SamNeill_36_m
423	JoanCusack	36	AGE36	10150	10149_JoanCusack_36_f
313	LeslieCaron	36	AGE36	3454	3453_LeslieCaron_36_m
176	RodTaylor	36	AGE36	2264	2263_RodTaylor_36_m
510	PeterFalk	36	AGE36	5592	5591_PeterFalk_36_m
500	IanHolm	36	AGE36	1560	1559_IanHolm_36_m
413	EnricoFermi	36	AGE36	1056	1055_EnricoFermi_36_m
544	GeorgeCScott	36	AGE36	8991	8990_GeorgeCScott_36_m
52	IngridBergman	36	AGE36	14235	14234_IngridBergman_36_f
85	JodieFoster	36	AGE36	11104	11103_JodieFoster_36_f
166	AnnJillian	36	AGE36	14987	14986_AnnJillian_36_f
288	AnitaEkberg	36	AGE36	10352	10351_AnitaEkberg_36_f
154	JeanneMoreau	36	AGE36	11055	11054_JeanneMoreau_36_f
504	BeverlyRoberts	36	AGE36	14571	14570_BeverlyRoberts_36_f
428	OmarSharif	36	AGE36	3642	3641_OmarSharif_36_m
305	TanyaRoberts	36	AGE36	11318	11317_TanyaRoberts_36_f
375	EdwardGRobinson	36	AGE36	9431	9430_EdwardGRobinson_36_m
153	GaryOldman	36	AGE36	2552	2551_GaryOldman_36_m
411	LeslieNielsen	36	AGE36	8129	8128_LeslieNielsen_36_m
380	TomasMilian	36	AGE36	3897	3896_TomasMilian_36_m
82	MarcelloMastroianni	36	AGE36	9579	9578_MarcelloMastroianni_36_m
546	SusanSarandon	36	AGE36	11731	11730_SusanSarandon_36_f
310	KevinBacon	36	AGE36	2720	2719_KevinBacon_36_m
495	CybillShepherd	36	AGE36	12001	12000_CybillShepherd_36_f
306	KrisKristofferson	36	AGE36	7246	7245_KrisKristofferson_36_m
153	GaryOldman	36	AGE36	2551	2550_GaryOldman_36_m
494	JessicaTandy	36	AGE36	13609	13608_JessicaTandy_36_f
167	KatharineHepburn	36	AGE36	14901	14900_KatharineHepburn_36_f
511	JackNicolson	36	AGE36	5271	5270_JackNicolson_36_m
418	DeborahKerr	36	AGE36	13944	13943_DeborahKerr_36_f
368	BettyGarrett	36	AGE36	15053	15052_BettyGarrett_36_f
365	JohnVernon	36	AGE36	6451	6450_JohnVernon_36_m
26	FayeDunaway	36	AGE36	10511	10510_FayeDunaway_36_f
173	GreerGarson	36	AGE36	14011	14010_GreerGarson_36_f
151	AnnieGirardot	36	AGE36	13887	13886_AnnieGirardot_36_f
309	WilliamDafoe	36	AGE36	4468	4467_WilliamDafoe_36_m
145	DonJohnson	36	AGE36	2513	2512_DonJohnson_36_m
93	JonFinch	36	AGE36	5407	5406_JonFinch_36_m
503	JeanPaulBelmondo	36	AGE36	7134	7133_JeanPaulBelmondo_36_m
144	SusannahYork	36	AGE36	14123	14122_SusannahYork_36_f
367	LiamNeeson	36	AGE36	2751	2750_LiamNeeson_36_m
414	LauraDern	36	AGE36	9887	9886_LauraDern_36_f
165	AdolfHitlerr	36	AGE36	774	773_AdolfHitlerr_36_m
178	AndyGriffith	36	AGE36	7791	7790_AndyGriffith_36_m
349	GregorMendel	37	AGE37	1117	1116_GregorMendel_37_m
388	JoanCollins	37	AGE37	10540	10539_JoanCollins_37_f
38	BarbaraBouchet	37	AGE37	11858	11857_BarbaraBouchet_37_f
550	RalphMacchio	37	AGE37	4355	4354_RalphMacchio_37_m
350	VittorioGassman	37	AGE37	9243	9242_VittorioGassman_37_m
126	JamesArness	37	AGE37	6345	6344_JamesArness_37_m
212	NormaShearer	37	AGE37	13698	13697_NormaShearer_37_f
53	JulieChristie	37	AGE37	11514	11513_JulieChristie_37_f
296	JaneRussell	37	AGE37	13120	13119_JaneRussell_37_f
39	TonyBlair	37	AGE37	659	658_TonyBlair_37_m
89	PatriciaNeal	37	AGE37	13729	13728_PatriciaNeal_37_f
389	JaneBirkin	37	AGE37	10082	10081_JaneBirkin_37_f
325	tomselleck	37	AGE37	2958	2957_tomselleck_37_m
471	ClaudetteColbert	37	AGE37	14671	14670_ClaudetteColbert_37_f
349	GregorMendel	37	AGE37	1114	1113_GregorMendel_37_m
423	JoanCusack	37	AGE37	10151	10150_JoanCusack_37_f
351	JonVoight	37	AGE37	2057	2056_JonVoight_37_m
127	HumphreyBogard	37	AGE37	9014	9013_HumphreyBogard_37_m
168	JohnCleese	37	AGE37	2679	2678_JohnCleese_37_m
295	JanetEllis	37	AGE37	15442	15441_JanetEllis_37_f
76	HarveyKeitel	37	AGE37	4185	4184_HarveyKeitel_37_m
65	JohnForsythe	37	AGE37	8067	8066_JohnForsythe_37_m
127	HumphreyBogard	37	AGE37	9039	9038_HumphreyBogard_37_m
519	ChevyChase	37	AGE37	2431	2430_ChevyChase_37_m
127	HumphreyBogard	37	AGE37	9028	9027_HumphreyBogard_37_m
265	BurtReynolds	37	AGE37	4007	4006_BurtReynolds_37_m
212	NormaShearer	37	AGE37	13699	13698_NormaShearer_37_f
546	SusanSarandon	37	AGE37	11732	11731_SusanSarandon_37_f
10	JeffDaniels	37	AGE37	3359	3358_JeffDaniels_37_m
553	DanielleDarrieux	37	AGE37	13419	13418_DanielleDarrieux_37_f
266	MickJagger	37	AGE37	2782	2781_MickJagger_37_m
388	JoanCollins	37	AGE37	10539	10538_JoanCollins_37_f
443	HedyLamarr	37	AGE37	12626	12625_HedyLamarr_37_f
444	RitaHayworth	37	AGE37	13777	13776_RitaHayworth_37_f
24	HelenHunt	37	AGE37	10051	10050_HelenHunt_37_f
215	JulieHagerty	37	AGE37	15562	15561_JulieHagerty_37_f
325	tomselleck	37	AGE37	2957	2956_tomselleck_37_m
265	BurtReynolds	37	AGE37	3985	3984_BurtReynolds_37_m
424	GraceKelly	37	AGE37	13058	13057_GraceKelly_37_f
551	JeanetteMacDonald	37	AGE37	15497	15496_JeanetteMacDonald_37_f
210	JeanPeters	37	AGE37	13600	13599_JeanPeters_37_f
40	AnthonyHopkins	37	AGE37	5071	5070_AnthonyHopkins_37_m
356	JeffreyJones	37	AGE37	4242	4241_JeffreyJones_37_m
320	TippiHedren	37	AGE37	10879	10878_TippiHedren_37_f
135	RichardPryor	37	AGE37	16216	16215_RichardPryor_37_m
135	RichardPryor	37	AGE37	16226	16225_RichardPryor_37_m
517	GeraldinePage	37	AGE37	14200	14199_GeraldinePage_37_f
135	RichardPryor	37	AGE37	16220	16219_RichardPryor_37_m
135	RichardPryor	37	AGE37	16214	16213_RichardPryor_37_m
200	AnnMargret	37	AGE37	10385	10384_AnnMargret_37_f
510	PeterFalk	37	AGE37	5593	5592_PeterFalk_37_m
272	ElvisPresley	37	AGE37	224	223_ElvisPresley_37_m
321	DannyDeVito	37	AGE37	3140	3139_DannyDeVito_37_m
292	KathrynHays	37	AGE37	10568	10567_KathrynHays_37_f
517	GeraldinePage	37	AGE37	14188	14187_GeraldinePage_37_f
44	VincentPrice	37	AGE37	7717	7716_VincentPrice_37_m
406	StevenSeagal	37	AGE37	4435	4434_StevenSeagal_37_m
312	JohnnyCash	37	AGE37	6500	6499_JohnnyCash_37_m
199	CharltonHeaston	37	AGE37	8879	8878_CharltonHeaston_37_m
203	DebraPaget	37	AGE37	15238	15237_DebraPaget_37_f
483	Bono	37	AGE37	1541	1540_Bono_37_m
78	JamesBest	37	AGE37	1951	1950_JamesBest_37_m
484	JackLarson	37	AGE37	5931	5930_JackLarson_37_m
384	JosephStalin	37	AGE37	808	807_JosephStalin_37_m
54	KevinSpacey	37	AGE37	3423	3422_KevinSpacey_37_m
385	UrsulaAndress	37	AGE37	12388	12387_UrsulaAndress_37_f
145	DonJohnson	37	AGE37	2514	2513_DonJohnson_37_m
25	ShirleyMacLaine	37	AGE37	13241	13240_ShirleyMacLaine_37_f
197	LinoVentura	37	AGE37	7307	7306_LinoVentura_37_m
175	FrancesDee	37	AGE37	5826	5825_FrancesDee_37_m
551	JeanetteMacDonald	37	AGE37	15478	15477_JeanetteMacDonald_37_f
175	FrancesDee	37	AGE37	12604	12603_FrancesDee_37_f
135	RichardPryor	37	AGE37	16215	16214_RichardPryor_37_m
62	SteveMcQueen	37	AGE37	9384	9383_SteveMcQueen_37_m
274	WaltDisney	37	AGE37	161	160_WaltDisney_37_m
428	OmarSharif	37	AGE37	3643	3642_OmarSharif_37_m
198	ThomasTerry	37	AGE37	6846	6845_ThomasTerry_37_m
30	AnnetteBening	37	AGE37	11410	11409_AnnetteBening_37_f
18	ElsaMartinelli	37	AGE37	12068	12067_ElsaMartinelli_37_f
199	CharltonHeaston	37	AGE37	8869	8868_CharltonHeaston_37_m
539	KristinScottThomas	37	AGE37	14342	14341_KristinScottThomas_37_f
271	RichardAttenborough	37	AGE37	8737	8736_RichardAttenborough_37_m
204	LilliPalmer	37	AGE37	13673	13672_LilliPalmer_37_f
170	CharlesBoyer	37	AGE37	6957	6956_CharlesBoyer_37_m
146	RicardoMontalb╨░n	37	AGE37	9541	9540_RicardoMontalb╨░n_37_m
269	BenGazzara	37	AGE37	5775	5774_BenGazzara_37_m
104	VanessaRedgrave	37	AGE37	13807	13806_VanessaRedgrave_37_f
562	RockHudson	37	AGE37	6760	6759_RockHudson_37_m
387	MartinLutherKing	37	AGE37	15950	15949_MartinLutherKing_37_m
387	MartinLutherKing	37	AGE37	15972	15971_MartinLutherKing_37_m
442	mitsotakis	37	AGE37	631	630_mitsotakis_37_m
77	RobertRyan	37	AGE37	7566	7565_RobertRyan_37_m
32	BonnieHunt	37	AGE37	15094	15093_BonnieHunt_37_f
3	ArnoldSchwarzenegger	37	AGE37	8830	8829_ArnoldSchwarzenegger_37_m
58	OliviadeHavilland	37	AGE37	14428	14427_OliviadeHavilland_37_f
387	MartinLutherKing	37	AGE37	15971	15970_MartinLutherKing_37_m
64	MikeConnors	37	AGE37	3602	3601_MikeConnors_37_m
565	MelGibson	37	AGE37	2148	2147_MelGibson_37_m
169	Turner	37	AGE37	16419	16418_Turner_37_f
508	VictorMature	37	AGE37	8416	8415_VictorMature_37_m
378	ImeldaStaunton	37	AGE37	12198	12197_ImeldaStaunton_37_f
496	GlendaJackson	37	AGE37	12183	12182_GlendaJackson_37_f
538	BarbaraStanwyck	37	AGE37	14646	14645_BarbaraStanwyck_37_f
518	RomanPolanski	37	AGE37	4894	4893_RomanPolanski_37_m
322	AlbertCamus	37	AGE37	1335	1334_AlbertCamus_37_m
172	ChristopherEccleston	37	AGE37	8895	8894_ChristopherEccleston_37_m
90	MichelPiccoli	37	AGE37	4740	4739_MichelPiccoli_37_m
354	RandolphScott	37	AGE37	8221	8220_RandolphScott_37_m
322	AlbertCamus	37	AGE37	1317	1316_AlbertCamus_37_m
387	MartinLutherKing	37	AGE37	15957	15956_MartinLutherKing_37_m
9	FessParker	37	AGE37	7070	7069_FessParker_37_m
387	MartinLutherKing	37	AGE37	15951	15950_MartinLutherKing_37_m
268	WarrenBeatty	37	AGE37	5003	5002_WarrenBeatty_37_m
311	MonicaVitti	37	AGE37	11191	11190_MonicaVitti_37_f
478	FredAstaire	37	AGE37	7891	7890_FredAstaire_37_m
103	Houston	37	AGE37	16395	16394_Houston_37_f
293	PeterGraves	37	AGE37	6679	6678_PeterGraves_37_m
478	FredAstaire	37	AGE37	7901	7900_FredAstaire_37_m
133	LeeJCobb	37	AGE37	6553	6552_LeeJCobb_37_m
478	FredAstaire	37	AGE37	7887	7886_FredAstaire_37_m
440	RayDanton	37	AGE37	5668	5667_RayDanton_37_m
206	HowardKeel	37	AGE37	5893	5892_HowardKeel_37_m
171	EmmaThompson	37	AGE37	11034	11033_EmmaThompson_37_f
499	AmandaBlake	37	AGE37	14962	14961_AmandaBlake_37_f
66	BruceWillis	37	AGE37	3078	3077_BruceWillis_37_m
167	KatharineHepburn	37	AGE37	14902	14901_KatharineHepburn_37_f
333	RobertPowell	37	AGE37	4414	4413_RobertPowell_37_m
237	KathleenTurner	37	AGE37	12763	12762_KathleenTurner_37_f
397	GeraldineChaplin	37	AGE37	13032	13031_GeraldineChaplin_37_f
454	JerryLewis	37	AGE37	2656	2655_JerryLewis_37_m
506	MargeChampion	37	AGE37	11605	11604_MargeChampion_37_f
86	MarietteHartley	37	AGE37	10285	10284_MarietteHartley_37_f
250	IsabelleHuppert	37	AGE37	12658	12657_IsabelleHuppert_37_f
418	DeborahKerr	37	AGE37	13955	13954_DeborahKerr_37_f
157	angelamerkel	37	AGE37	553	552_angelamerkel_37_f
117	VeraEllen	37	AGE37	15911	15910_VeraEllen_37_f
34	MireilleDarc	37	AGE37	11669	11668_MireilleDarc_37_f
238	RobertMitchum	37	AGE37	9212	9211_RobertMitchum_37_m
70	PamelaSueMartin	37	AGE37	15770	15769_PamelaSueMartin_37_f
461	TimCurry	37	AGE37	1734	1733_TimCurry_37_m
418	DeborahKerr	37	AGE37	13945	13944_DeborahKerr_37_f
156	ClerkMaxwell	37	AGE37	1027	1026_ClerkMaxwell_37_m
55	JamesWoods	37	AGE37	2612	2611_JamesWoods_37_m
526	AngieDickinson	37	AGE37	12444	12443_AngieDickinson_37_f
251	St╨ТphaneAudran	37	AGE37	15866	15865_St╨ТphaneAudran_37_f
22	TerryMoore	37	AGE37	10317	10316_TerryMoore_37_f
149	AlecGuinness	37	AGE37	8769	8768_AlecGuinness_37_m
254	Thanasisveggos	37	AGE37	9419	9418_Thanasisveggos_37_m
23	VirnaLisi	37	AGE37	11358	11357_VirnaLisi_37_f
252	ErnestRutherford	37	AGE37	1199	1198_ErnestRutherford_37_m
303	GeneHackman	37	AGE37	3229	3228_GeneHackman_37_m
252	ErnestRutherford	37	AGE37	1202	1201_ErnestRutherford_37_m
419	ShirleyJones	37	AGE37	11254	11253_ShirleyJones_37_f
49	BobHope	37	AGE37	5151	5150_BobHope_37_m
252	ErnestRutherford	37	AGE37	1185	1184_ErnestRutherford_37_m
303	GeneHackman	37	AGE37	3226	3225_GeneHackman_37_m
462	KateOMara	37	AGE37	15595	15594_KateOMara_37_f
332	TomHanks	37	AGE37	1772	1771_TomHanks_37_m
235	SilvanaMangano	37	AGE37	14805	14804_SilvanaMangano_37_f
503	JeanPaulBelmondo	37	AGE37	7135	7134_JeanPaulBelmondo_37_m
235	SilvanaMangano	37	AGE37	14806	14805_SilvanaMangano_37_f
307	GiulianoGemma	37	AGE37	7991	7990_GiulianoGemma_37_m
376	Fernandel	37	AGE37	4558	4557_Fernandel_37_m
531	TimothyDalton	37	AGE37	4969	4968_TimothyDalton_37_m
156	ClerkMaxwell	37	AGE37	1030	1029_ClerkMaxwell_37_m
249	LivUllmann	37	AGE37	10253	10252_LivUllmann_37_f
338	FrancescaAnnis	37	AGE37	12144	12143_FrancescaAnnis_37_f
11	MichaelSarrazin	37	AGE37	9139	9138_MichaelSarrazin_37_m
337	RichardCrenna	37	AGE37	8315	8314_RichardCrenna_37_m
152	MaryPickford	37	AGE37	14402	14401_MaryPickford_37_f
154	JeanneMoreau	37	AGE37	11056	11055_JeanneMoreau_37_f
557	DavidMcCallum	37	AGE37	5229	5228_DavidMcCallum_37_m
530	SimonMacCorkindale	37	AGE37	8360	8359_SimonMacCorkindale_37_m
152	MaryPickford	37	AGE37	14403	14402_MaryPickford_37_f
246	LeifErickson	37	AGE37	7284	7283_LeifErickson_37_m
375	EdwardGRobinson	37	AGE37	9432	9431_EdwardGRobinson_37_m
244	JeffGoldblum	37	AGE37	4655	4654_JeffGoldblum_37_m
416	JohnHuston	37	AGE37	5993	5992_JohnHuston_37_m
84	AngelaLansbury	37	AGE37	11961	11960_AngelaLansbury_37_f
458	JeanMarais	37	AGE37	5963	5962_JeanMarais_37_m
2	RoyRogers	37	AGE37	5701	5700_RoyRogers_37_m
306	KrisKristofferson	37	AGE37	7247	7246_KrisKristofferson_37_m
245	RichardBoone	37	AGE37	7504	7503_RichardBoone_37_m
153	GaryOldman	37	AGE37	2553	2552_GaryOldman_37_m
152	MaryPickford	37	AGE37	14413	14412_MaryPickford_37_f
233	Arletty	37	AGE37	10908	10907_Arletty_37_f
247	MichaelYork	37	AGE37	3573	3572_MichaelYork_37_m
35	LouisJourdan	37	AGE37	7348	7347_LouisJourdan_37_m
239	RoseMarie	37	AGE37	9895	9894_RoseMarie_37_f
460	AnneBaxter	37	AGE37	12507	12506_AnneBaxter_37_f
566	Pele	37	AGE37	57	56_Pele_37_m
240	ErrolFlynn	37	AGE37	6267	6266_ErrolFlynn_37_m
43	AnnMiller	37	AGE37	15021	15020_AnnMiller_37_f
1	HerbertLom	37	AGE37	5848	5847_HerbertLom_37_m
456	Fotopoulos	37	AGE37	5255	5254_Fotopoulos_37_m
240	ErrolFlynn	37	AGE37	6297	6296_ErrolFlynn_37_m
418	DeborahKerr	37	AGE37	13951	13950_DeborahKerr_37_f
115	BarbaraBain	37	AGE37	10408	10407_BarbaraBain_37_f
399	RonPerlman	37	AGE37	2819	2818_RonPerlman_37_m
304	DavidNiven	37	AGE37	7038	7037_DavidNiven_37_m
71	EvaMarieSaint	37	AGE37	12100	12099_EvaMarieSaint_37_f
112	MickeyRooney	37	AGE37	7419	7418_MickeyRooney_37_m
556	CarlosSantana	37	AGE37	4507	4506_CarlosSantana_37_m
48	GenaRowlands	37	AGE37	4133	4132_GenaRowlands_37_m
527	JohnGarfield	37	AGE37	7182	7181_JohnGarfield_37_m
7	DonnaDouglas	37	AGE37	10980	10979_DonnaDouglas_37_f
26	FayeDunaway	37	AGE37	10512	10511_FayeDunaway_37_f
339	ChuckNorris	37	AGE37	3104	3103_ChuckNorris_37_m
452	GordonThomson	37	AGE37	4584	4583_GordonThomson_37_m
262	MarlonBrando	37	AGE37	9128	9127_MarlonBrando_37_m
107	DianneWiest	37	AGE37	10480	10479_DianneWiest_37_f
223	ElkeSommer	37	AGE37	9956	9955_ElkeSommer_37_f
88	StacyKeach	37	AGE37	3808	3807_StacyKeach_37_m
33	JamesCoburn	37	AGE37	6404	6403_JamesCoburn_37_m
261	KlausKinski	37	AGE37	6527	6526_KlausKinski_37_m
224	campbell	37	AGE37	16269	16268_campbell_37_f
309	WilliamDafoe	37	AGE37	4469	4468_WilliamDafoe_37_m
24	HelenHunt	37	AGE37	10052	10051_HelenHunt_37_f
401	ErinGray	37	AGE37	15347	15346_ErinGray_37_f
260	AmandaRedman	37	AGE37	13280	13279_AmandaRedman_37_f
57	AlikiBoug	37	AGE37	12559	12558_AlikiBoug_37_f
345	JuliaRoberts	37	AGE37	11469	11468_JuliaRoberts_37_f
121	RafVallone	37	AGE37	6032	6031_RafVallone_37_m
300	PeterMarkRichman	37	AGE37	7473	7472_PeterMarkRichman_37_m
225	ClarkGable	37	AGE37	5808	5807_ClarkGable_37_m
534	AlbertoSordi	37	AGE37	7761	7760_AlbertoSordi_37_m
521	StefaniePowers	37	AGE37	15821	15820_StefaniePowers_37_f
468	BetteDavis	37	AGE37	13353	13352_BetteDavis_37_f
327	TommyLeeJones	37	AGE37	5736	5735_TommyLeeJones_37_m
310	KevinBacon	37	AGE37	2721	2720_KevinBacon_37_m
469	ClaudiaCardinale	37	AGE37	12992	12991_ClaudiaCardinale_37_f
390	Garycooper	37	AGE37	7086	7085_Garycooper_37_m
264	LexBarker	37	AGE37	6585	6584_LexBarker_37_m
166	AnnJillian	37	AGE37	14988	14987_AnnJillian_37_f
326	SteveKanaly	37	AGE37	3848	3847_SteveKanaly_37_m
403	RogerAllam	37	AGE37	3726	3725_RogerAllam_37_m
310	KevinBacon	37	AGE37	2722	2721_KevinBacon_37_m
371	ChristopherPlummer	37	AGE37	7863	7862_ChristopherPlummer_37_m
423	JoanCusack	37	AGE37	10152	10151_JoanCusack_37_f
445	JohnCassavetes	37	AGE37	8670	8669_JohnCassavetes_37_m
500	IanHolm	37	AGE37	1561	1560_IanHolm_37_m
221	JulieBishop	37	AGE37	15541	15540_JulieBishop_37_f
107	DianneWiest	37	AGE37	10481	10480_DianneWiest_37_f
75	EllenBurstyn	37	AGE37	10994	10993_EllenBurstyn_37_f
377	TomHulce	37	AGE37	1811	1810_TomHulce_37_m
391	AlKapone	37	AGE37	520	519_AlKapone_37_m
148	WillSmith 	37	AGE37	16072	16071_WillSmith _37_m
329	MargaretNolan	37	AGE37	15718	15717_MargaretNolan_37_f
163	CharlieSheen	37	AGE37	4035	4034_CharlieSheen_37_m
344	ElVenizelos	37	AGE37	711	710_ElVenizelos_37_m
57	AlikiBoug	37	AGE37	12550	12549_AlikiBoug_37_f
57	AlikiBoug	37	AGE37	12536	12535_AlikiBoug_37_f
109	MariaCallas	37	AGE37	13	12_MariaCallas_37_f
341	AnnaMassey	37	AGE37	12470	12469_AnnaMassey_37_f
56	AudreyHepburn	37	AGE37	14553	14552_AudreyHepburn_37_f
231	AnthonyAndrews	37	AGE37	5041	5040_AnthonyAndrews_37_m
501	RayLiotta	37	AGE37	2228	2227_RayLiotta_37_m
415	SamNeill	37	AGE37	2298	2297_SamNeill_37_m
331	SamElliott	37	AGE37	2882	2881_SamElliott_37_m
451	BurtLancaster	37	AGE37	9285	9284_BurtLancaster_37_m
559	SylvesterStallone	37	AGE37	7592	7591_SylvesterStallone_37_m
232	ConnieBooth	37	AGE37	15155	15154_ConnieBooth_37_f
255	NickNolte	37	AGE37	2188	2187_NickNolte_37_m
340	CliffRobertson	37	AGE37	8553	8552_CliffRobertson_37_m
373	BobDylan	37	AGE37	1667	1666_BobDylan_37_m
159	PierceBrosnan	37	AGE37	4794	4793_PierceBrosnan_37_m
463	OrnellaMuti	37	AGE37	10774	10773_OrnellaMuti_37_f
302	ClaudeRich	37	AGE37	2463	2462_ClaudeRich_37_m
549	GoldieHawn	37	AGE37	10012	10011_GoldieHawn_37_f
257	HorstBuchholz	37	AGE37	8050	8049_HorstBuchholz_37_m
4	CaryGrant	37	AGE37	6105	6104_CaryGrant_37_m
259	ChristopherWalken	37	AGE37	6999	6998_ChristopherWalken_37_m
308	JanetLeigh	37	AGE37	12715	12714_JanetLeigh_37_f
227	KennethBranagh	37	AGE37	5432	5431_KennethBranagh_37_m
259	ChristopherWalken	37	AGE37	7000	6999_ChristopherWalken_37_m
259	ChristopherWalken	37	AGE37	7001	7000_ChristopherWalken_37_m
449	ZsaZsaGabor	37	AGE37	11370	11369_ZsaZsaGabor_37_f
67	JamesCaan	37	AGE37	1995	1994_JamesCaan_37_m
108	MelindaDillion	37	AGE37	12307	12306_MelindaDillion_37_f
162	PeterSellers	37	AGE37	9183	9182_PeterSellers_37_m
149	AlecGuinness	37	AGE37	8750	8749_AlecGuinness_37_m
68	KevinCostner	37	AGE37	4271	4270_KevinCostner_37_m
420	MaryTylerMoore	37	AGE37	12823	12822_MaryTylerMoore_37_f
523	MartinSheen	37	AGE37	3526	3525_MartinSheen_37_m
555	GeneWilder	37	AGE37	2579	2578_GeneWilder_37_m
68	KevinCostner	37	AGE37	4270	4269_KevinCostner_37_m
149	AlecGuinness	37	AGE37	8780	8779_AlecGuinness_37_m
258	FredMacMurray	37	AGE37	8955	8954_FredMacMurray_37_m
372	BernadetteLafont	37	AGE37	14876	14875_BernadetteLafont_37_f
13	CatherineSchell	37	AGE37	15125	15124_CatherineSchell_37_f
105	KatharineRoss	37	AGE37	15640	15639_KatharineRoss_37_f
283	BettyGrable	37	AGE37	13934	13933_BettyGrable_37_f
511	JackNicolson	37	AGE37	5284	5283_JackNicolson_37_m
182	DustinHoffman	37	AGE37	4535	4534_DustinHoffman_37_m
93	JonFinch	37	AGE37	5408	5407_JonFinch_37_m
182	DustinHoffman	37	AGE37	4537	4536_DustinHoffman_37_m
141	ErnestBorgnine	37	AGE37	8909	8908_ErnestBorgnine_37_m
431	RobertRedford	37	AGE37	4827	4826_RobertRedford_37_m
544	GeorgeCScott	37	AGE37	9005	9004_GeorgeCScott_37_m
360	UgoTognazzi	37	AGE37	7678	7677_UgoTognazzi_37_m
193	GeorgePeppard	37	AGE37	7913	7912_GeorgePeppard_37_m
20	JohnTravolta	37	AGE37	4684	4683_JohnTravolta_37_m
182	DustinHoffman	37	AGE37	4543	4542_DustinHoffman_37_m
492	RobertDuvall	37	AGE37	4375	4374_RobertDuvall_37_m
410	AlejandroRey	37	AGE37	8498	8497_AlejandroRey_37_m
62	SteveMcQueen	37	AGE37	9394	9393_SteveMcQueen_37_m
287	JosephCotten	37	AGE37	7214	7213_JosephCotten_37_m
189	MurrayHamilton	37	AGE37	8695	8694_MurrayHamilton_37_m
362	CyndiLauper	37	AGE37	11436	11435_CyndiLauper_37_f
29	IreneDunne	37	AGE37	13560	13559_IreneDunne_37_f
494	JessicaTandy	37	AGE37	13610	13609_JessicaTandy_37_f
541	ThelmaRitter	37	AGE37	13786	13785_ThelmaRitter_37_f
188	JulieAndrews	37	AGE37	11482	11481_JulieAndrews_37_f
434	DavidCarradine	37	AGE37	8587	8586_DavidCarradine_37_m
540	JeanClaudeVanDamme	37	AGE37	9056	9055_JeanClaudeVanDamme_37_m
79	JudyDavis	37	AGE37	9830	9829_JudyDavis_37_f
380	TomasMilian	37	AGE37	3898	3897_TomasMilian_37_m
431	RobertRedford	37	AGE37	4828	4827_RobertRedford_37_m
542	IanMcKellen	37	AGE37	3269	3268_IanMcKellen_37_m
316	MegRyan	37	AGE37	9684	9683_MegRyan_37_f
514	LindaEvans	37	AGE37	10616	10615_LindaEvans_37_f
59	MichaelKeaton	37	AGE37	5490	5489_MichaelKeaton_37_m
190	ClintWalker	37	AGE37	4061	4060_ClintWalker_37_m
381	TonyCurtis	37	AGE37	7658	7657_TonyCurtis_37_m
365	JohnVernon	37	AGE37	6452	6451_JohnVernon_37_m
544	GeorgeCScott	37	AGE37	9004	9003_GeorgeCScott_37_m
382	GilbertRoland	37	AGE37	7950	7949_GilbertRoland_37_m
45	MendeleievDmitri	37	AGE37	1210	1209_MendeleievDmitri_37_m
285	RyanONeal	37	AGE37	2854	2853_RyanONeal_37_m
8	SimoneSignoret	37	AGE37	14843	14842_SimoneSignoret_37_f
191	LouCostello	37	AGE37	6605	6604_LouCostello_37_m
60	CharlesGrodin	37	AGE37	5183	5182_CharlesGrodin_37_m
414	LauraDern	37	AGE37	9888	9887_LauraDern_37_f
358	NicolasSarkozy	37	AGE37	5527	5526_NicolasSarkozy_37_m
485	DanaAndrews	37	AGE37	6133	6132_DanaAndrews_37_m
358	NicolasSarkozy	37	AGE37	5528	5527_NicolasSarkozy_37_m
315	DirkBogarde	37	AGE37	6239	6238_DirkBogarde_37_m
180	MichellePfeiffer	37	AGE37	13194	13193_MichellePfeiffer_37_f
383	JamesGarner	37	AGE37	4620	4619_JamesGarner_37_m
30	AnnetteBening	37	AGE37	11409	11408_AnnetteBening_37_f
493	PiaLindstrom	37	AGE37	11224	11223_PiaLindstrom_37_f
283	BettyGrable	37	AGE37	13935	13934_BettyGrable_37_f
61	RonaldReagan	37	AGE37	734	733_RonaldReagan_37_m
0	YvesMontand	37	AGE37	6883	6882_YvesMontand_37_m
281	RutgerHauer	37	AGE37	3759	3758_RutgerHauer_37_m
179	LorettaYoung	37	AGE37	14373	14372_LorettaYoung_37_f
433	MaximilianShell	37	AGE37	9475	9474_MaximilianShell_37_m
410	AlejandroRey	37	AGE37	8497	8496_AlejandroRey_37_m
489	MarleneDietrich	37	AGE37	14723	14722_MarleneDietrich_37_f
3	ArnoldSchwarzenegger	37	AGE37	8829	8828_ArnoldSchwarzenegger_37_m
364	SarahDouglas	37	AGE37	15797	15796_SarahDouglas_37_f
429	JoanLorring	37	AGE37	6439	6438_JoanLorring_37_m
140	EdHarris	37	AGE37	1698	1697_EdHarris_37_m
429	JoanLorring	37	AGE37	13179	13178_JoanLorring_37_f
315	DirkBogarde	37	AGE37	6240	6239_DirkBogarde_37_m
20	JohnTravolta	37	AGE37	4676	4675_JohnTravolta_37_m
183	WoodyAllen	37	AGE37	2989	2988_WoodyAllen_37_m
367	LiamNeeson	37	AGE37	2752	2751_LiamNeeson_37_m
432	JenniferAniston	37	AGE37	12752	12751_JenniferAniston_37_f
46	JohnMalkovich	37	AGE37	5371	5370_JohnMalkovich_37_m
540	JeanClaudeVanDamme	37	AGE37	9054	9053_JeanClaudeVanDamme_37_m
176	RodTaylor	37	AGE37	2265	2264_RodTaylor_37_m
491	PhilHartman	37	AGE37	3670	3669_PhilHartman_37_m
284	RobertMorley	37	AGE37	7532	7531_RobertMorley_37_m
488	DickVanDyke	37	AGE37	4091	4090_DickVanDyke_37_m
94	GabrielGarciaMarquez	37	AGE37	1492	1491_GabrielGarciaMarquez_37_m
138	RomySchneider	37	AGE37	14104	14103_RomySchneider_37_f
282	ValerieHarper	37	AGE37	11792	11791_ValerieHarper_37_f
276	AnthonyPerkins	37	AGE37	8796	8795_AnthonyPerkins_37_m
540	JeanClaudeVanDamme	37	AGE37	9055	9054_JeanClaudeVanDamme_37_m
351	JonVoight	38	AGE38	2058	2057_JonVoight_38_m
267	MerkouriMelina	38	AGE38	14939	14938_MerkouriMelina_38_f
429	JoanLorring	38	AGE38	6440	6439_JoanLorring_38_m
119	AlanYoung	38	AGE38	1880	1879_AlanYoung_38_m
210	JeanPeters	38	AGE38	13601	13600_JeanPeters_38_f
518	RomanPolanski	38	AGE38	4889	4888_RomanPolanski_38_m
8	SimoneSignoret	38	AGE38	14831	14830_SimoneSignoret_38_f
558	MichaelPalin	38	AGE38	4317	4316_MichaelPalin_38_m
66	BruceWillis	38	AGE38	3079	3078_BruceWillis_38_m
294	JamieLeeCurtis	38	AGE38	12681	12680_JamieLeeCurtis_38_f
144	SusannahYork	38	AGE38	14124	14123_SusannahYork_38_f
18	ElsaMartinelli	38	AGE38	12069	12068_ElsaMartinelli_38_f
510	PeterFalk	38	AGE38	5594	5593_PeterFalk_38_m
546	SusanSarandon	38	AGE38	11733	11732_SusanSarandon_38_f
540	JeanClaudeVanDamme	38	AGE38	9058	9057_JeanClaudeVanDamme_38_m
538	BarbaraStanwyck	38	AGE38	14647	14646_BarbaraStanwyck_38_f
267	MerkouriMelina	38	AGE38	14928	14927_MerkouriMelina_38_f
345	JuliaRoberts	38	AGE38	11470	11469_JuliaRoberts_38_f
261	KlausKinski	38	AGE38	6528	6527_KlausKinski_38_m
545	FriedrichNietzsche	38	AGE38	1443	1442_FriedrichNietzsche_38_m
223	ElkeSommer	38	AGE38	9957	9956_ElkeSommer_38_f
419	ShirleyJones	38	AGE38	11255	11254_ShirleyJones_38_f
434	DavidCarradine	38	AGE38	8588	8587_DavidCarradine_38_m
299	GeorgeMontgomery	38	AGE38	9319	9318_GeorgeMontgomery_38_m
75	EllenBurstyn	38	AGE38	10995	10994_EllenBurstyn_38_f
5	HatzidakisManos	38	AGE38	286	285_HatzidakisManos_38_m
508	VictorMature	38	AGE38	8417	8416_VictorMature_38_m
466	CharlesBronson	38	AGE38	8516	8515_CharlesBronson_38_m
170	CharlesBoyer	38	AGE38	6958	6957_CharlesBoyer_38_m
207	BillCosby	38	AGE38	16187	16186_BillCosby_38_m
523	MartinSheen	38	AGE38	3527	3526_MartinSheen_38_m
90	MichelPiccoli	38	AGE38	4742	4741_MichelPiccoli_38_m
240	ErrolFlynn	38	AGE38	6293	6292_ErrolFlynn_38_m
176	RodTaylor	38	AGE38	2266	2265_RodTaylor_38_m
452	GordonThomson	38	AGE38	4585	4584_GordonThomson_38_m
525	BoDerek	38	AGE38	9654	9653_BoDerek_38_f
20	JohnTravolta	38	AGE38	4672	4671_JohnTravolta_38_m
476	RaquelWelch	38	AGE38	10837	10836_RaquelWelch_38_f
353	ArmandAssante	38	AGE38	5127	5126_ArmandAssante_38_m
90	MichelPiccoli	38	AGE38	4741	4740_MichelPiccoli_38_m
281	RutgerHauer	38	AGE38	3760	3759_RutgerHauer_38_m
155	SteveJobsb	38	AGE38	407	406_SteveJobsb_38_m
132	AlexanderGrahamBell	38	AGE38	1263	1262_AlexanderGrahamBell_38_m
0	YvesMontand	38	AGE38	6884	6883_YvesMontand_38_m
254	Thanasisveggos	38	AGE38	9410	9409_Thanasisveggos_38_m
3	ArnoldSchwarzenegger	38	AGE38	8831	8830_ArnoldSchwarzenegger_38_m
476	RaquelWelch	38	AGE38	10853	10852_RaquelWelch_38_f
308	JanetLeigh	38	AGE38	12716	12715_JanetLeigh_38_f
182	DustinHoffman	38	AGE38	4521	4520_DustinHoffman_38_m
367	LiamNeeson	38	AGE38	2753	2752_LiamNeeson_38_m
332	TomHanks	38	AGE38	1773	1772_TomHanks_38_m
207	BillCosby	38	AGE38	16188	16187_BillCosby_38_m
46	JohnMalkovich	38	AGE38	5373	5372_JohnMalkovich_38_m
188	JulieAndrews	38	AGE38	11486	11485_JulieAndrews_38_f
414	LauraDern	38	AGE38	9889	9888_LauraDern_38_f
9	FessParker	38	AGE38	7071	7070_FessParker_38_m
249	LivUllmann	38	AGE38	10254	10253_LivUllmann_38_f
473	LizaMinelli	38	AGE38	11162	11161_LizaMinelli_38_f
268	WarrenBeatty	38	AGE38	5004	5003_WarrenBeatty_38_m
21	JamesStewart	38	AGE38	8646	8645_JamesStewart_38_m
526	AngieDickinson	38	AGE38	12421	12420_AngieDickinson_38_f
545	FriedrichNietzsche	38	AGE38	1437	1436_FriedrichNietzsche_38_m
163	CharlieSheen	38	AGE38	4036	4035_CharlieSheen_38_m
12	MerylStreep	38	AGE38	10733	10732_MerylStreep_38_f
279	DorisDay	38	AGE38	9724	9723_DorisDay_38_f
443	HedyLamarr	38	AGE38	12627	12626_HedyLamarr_38_f
176	RodTaylor	38	AGE38	2267	2266_RodTaylor_38_m
33	JamesCoburn	38	AGE38	6405	6404_JamesCoburn_38_m
540	JeanClaudeVanDamme	38	AGE38	9057	9056_JeanClaudeVanDamme_38_m
193	GeorgePeppard	38	AGE38	7931	7930_GeorgePeppard_38_m
260	AmandaRedman	38	AGE38	13281	13280_AmandaRedman_38_f
337	RichardCrenna	38	AGE38	8325	8324_RichardCrenna_38_m
268	WarrenBeatty	38	AGE38	4992	4991_WarrenBeatty_38_m
193	GeorgePeppard	38	AGE38	7914	7913_GeorgePeppard_38_m
77	RobertRyan	38	AGE38	7567	7566_RobertRyan_38_m
294	JamieLeeCurtis	38	AGE38	12682	12681_JamieLeeCurtis_38_f
24	HelenHunt	38	AGE38	10053	10052_HelenHunt_38_f
120	TomJones	38	AGE38	9765	9764_TomJones_38_f
104	VanessaRedgrave	38	AGE38	13808	13807_VanessaRedgrave_38_f
105	KatharineRoss	38	AGE38	15641	15640_KatharineRoss_38_f
40	AnthonyHopkins	38	AGE38	5072	5071_AnthonyHopkins_38_m
492	RobertDuvall	38	AGE38	4376	4375_RobertDuvall_38_m
532	KostasXatzixristos	38	AGE38	9613	9612_KostasXatzixristos_38_m
1	HerbertLom	38	AGE38	5849	5848_HerbertLom_38_m
264	LexBarker	38	AGE38	6586	6585_LexBarker_38_m
453	DaliahLavi	38	AGE38	10952	10951_DaliahLavi_38_f
55	JamesWoods	38	AGE38	2613	2612_JamesWoods_38_m
532	KostasXatzixristos	38	AGE38	9618	9617_KostasXatzixristos_38_m
470	FranklinDRoosevelt	38	AGE38	928	927_FranklinDRoosevelt_38_m
487	JaneWyman	38	AGE38	13151	13150_JaneWyman_38_f
360	UgoTognazzi	38	AGE38	7679	7678_UgoTognazzi_38_m
298	FrankSinatra	38	AGE38	8620	8619_FrankSinatra_38_m
380	TomasMilian	38	AGE38	3899	3898_TomasMilian_38_m
561	QueenElizabet	38	AGE38	587	586_QueenElizabet_38_f
73	DyanCannon	38	AGE38	15260	15259_DyanCannon_38_f
309	WilliamDafoe	38	AGE38	4470	4469_WilliamDafoe_38_m
349	GregorMendel	38	AGE38	1110	1109_GregorMendel_38_m
333	RobertPowell	38	AGE38	4415	4414_RobertPowell_38_m
396	JeremyKemp	38	AGE38	2643	2642_JeremyKemp_38_m
126	JamesArness	38	AGE38	6346	6345_JamesArness_38_m
325	tomselleck	38	AGE38	2959	2958_tomselleck_38_m
79	JudyDavis	38	AGE38	9846	9845_JudyDavis_38_f
179	LorettaYoung	38	AGE38	14374	14373_LorettaYoung_38_f
389	JaneBirkin	38	AGE38	10083	10082_JaneBirkin_38_f
533	ClintEastwood	38	AGE38	5210	5209_ClintEastwood_38_m
562	RockHudson	38	AGE38	6762	6761_RockHudson_38_m
167	KatharineHepburn	38	AGE38	14903	14902_KatharineHepburn_38_f
158	SpencerTracy	38	AGE38	8395	8394_SpencerTracy_38_m
468	BetteDavis	38	AGE38	13371	13370_BetteDavis_38_f
564	SusanHayward	38	AGE38	14513	14512_SusanHayward_38_f
166	AnnJillian	38	AGE38	14989	14988_AnnJillian_38_f
125	AlexandrakisAlekos	38	AGE38	9631	9630_AlexandrakisAlekos_38_m
79	JudyDavis	38	AGE38	9848	9847_JudyDavis_38_f
263	JanePowell	38	AGE38	15389	15388_JanePowell_38_f
106	SteveMartin	38	AGE38	3873	3872_SteveMartin_38_m
219	DerekJacobi	38	AGE38	3168	3167_DerekJacobi_38_m
189	MurrayHamilton	38	AGE38	8696	8695_MurrayHamilton_38_m
339	ChuckNorris	38	AGE38	3105	3104_ChuckNorris_38_m
462	KateOMara	38	AGE38	15596	15595_KateOMara_38_f
50	PeggyLipton	38	AGE38	10807	10806_PeggyLipton_38_f
491	PhilHartman	38	AGE38	3671	3670_PhilHartman_38_m
413	EnricoFermi	38	AGE38	1055	1054_EnricoFermi_38_m
310	KevinBacon	38	AGE38	2723	2722_KevinBacon_38_m
503	JeanPaulBelmondo	38	AGE38	7136	7135_JeanPaulBelmondo_38_m
235	SilvanaMangano	38	AGE38	14807	14806_SilvanaMangano_38_f
346	GloriaSwanson	38	AGE38	13974	13973_GloriaSwanson_38_f
303	GeneHackman	38	AGE38	3230	3229_GeneHackman_38_m
348	VivienLeigh	38	AGE38	14153	14152_VivienLeigh_38_f
297	TildaSwinton	38	AGE38	11768	11767_TildaSwinton_38_f
307	GiulianoGemma	38	AGE38	7992	7991_GiulianoGemma_38_m
533	ClintEastwood	38	AGE38	5208	5207_ClintEastwood_38_m
158	SpencerTracy	38	AGE38	8387	8386_SpencerTracy_38_m
252	ErnestRutherford	38	AGE38	1190	1189_ErnestRutherford_38_m
487	JaneWyman	38	AGE38	13141	13140_JaneWyman_38_f
288	AnitaEkberg	38	AGE38	10353	10352_AnitaEkberg_38_f
454	JerryLewis	38	AGE38	2670	2669_JerryLewis_38_m
80	KathrynGrayson	38	AGE38	15681	15680_KathrynGrayson_38_f
107	DianneWiest	38	AGE38	10482	10481_DianneWiest_38_f
499	AmandaBlake	38	AGE38	14963	14962_AmandaBlake_38_f
298	FrankSinatra	38	AGE38	8623	8622_FrankSinatra_38_m
96	JackColeman	38	AGE38	3303	3302_JackColeman_38_m
32	BonnieHunt	38	AGE38	15095	15094_BonnieHunt_38_f
19	EdwardFox	38	AGE38	1912	1911_EdwardFox_38_m
95	DavidSarnoff	38	AGE38	384	383_DavidSarnoff_38_m
250	IsabelleHuppert	38	AGE38	12659	12658_IsabelleHuppert_38_f
338	FrancescaAnnis	38	AGE38	12145	12144_FrancescaAnnis_38_f
140	EdHarris	38	AGE38	1699	1698_EdHarris_38_m
317	BillMurray	38	AGE38	2398	2397_BillMurray_38_m
127	HumphreyBogard	38	AGE38	9032	9031_HumphreyBogard_38_m
212	NormaShearer	38	AGE38	13701	13700_NormaShearer_38_f
191	LouCostello	38	AGE38	6606	6605_LouCostello_38_m
281	RutgerHauer	38	AGE38	3761	3760_RutgerHauer_38_m
212	NormaShearer	38	AGE38	13700	13699_NormaShearer_38_f
95	DavidSarnoff	38	AGE38	375	374_DavidSarnoff_38_m
128	JPMorgan	38	AGE38	358	357_JPMorgan_38_m
66	BruceWillis	38	AGE38	3080	3079_BruceWillis_38_m
371	ChristopherPlummer	38	AGE38	7864	7863_ChristopherPlummer_38_m
521	StefaniePowers	38	AGE38	15822	15821_StefaniePowers_38_f
327	TommyLeeJones	38	AGE38	5737	5736_TommyLeeJones_38_m
369	BorisKarloff	38	AGE38	6913	6912_BorisKarloff_38_m
5	HatzidakisManos	38	AGE38	291	290_HatzidakisManos_38_m
70	PamelaSueMartin	38	AGE38	15771	15770_PamelaSueMartin_38_f
238	RobertMitchum	38	AGE38	9213	9212_RobertMitchum_38_m
48	GenaRowlands	38	AGE38	4134	4133_GenaRowlands_38_m
454	JerryLewis	38	AGE38	2657	2656_JerryLewis_38_m
506	MargeChampion	38	AGE38	11606	11605_MargeChampion_38_f
536	BerryGordy	38	AGE38	444	443_BerryGordy_38_m
86	MarietteHartley	38	AGE38	10286	10285_MarietteHartley_38_f
221	JulieBishop	38	AGE38	15542	15541_JulieBishop_38_f
536	BerryGordy	38	AGE38	452	451_BerryGordy_38_m
500	IanHolm	38	AGE38	1562	1561_IanHolm_38_m
38	BarbaraBouchet	38	AGE38	11859	11858_BarbaraBouchet_38_f
127	HumphreyBogard	38	AGE38	9030	9029_HumphreyBogard_38_m
366	MelFerrer	38	AGE38	6623	6622_MelFerrer_38_m
370	PeterOToole	38	AGE38	5652	5651_PeterOToole_38_m
214	JoanLeslie	38	AGE38	10180	10179_JoanLeslie_38_f
431	RobertRedford	38	AGE38	4846	4845_RobertRedford_38_m
350	VittorioGassman	38	AGE38	9244	9243_VittorioGassman_38_m
265	BurtReynolds	38	AGE38	3986	3985_BurtReynolds_38_m
117	VeraEllen	38	AGE38	15912	15911_VeraEllen_38_f
251	St╨ТphaneAudran	38	AGE38	15867	15866_St╨ТphaneAudran_38_f
139	GalileoGalilei	38	AGE38	1146	1145_GalileoGalilei_38_m
49	BobHope	38	AGE38	5152	5151_BobHope_38_m
190	ClintWalker	38	AGE38	4062	4061_ClintWalker_38_m
37	JoanneWoodward	38	AGE38	12264	12263_JoanneWoodward_38_f
403	RogerAllam	38	AGE38	3727	3726_RogerAllam_38_m
262	MarlonBrando	38	AGE38	9109	9108_MarlonBrando_38_m
313	LeslieCaron	38	AGE38	3455	3454_LeslieCaron_38_m
56	AudreyHepburn	38	AGE38	14515	14514_AudreyHepburn_38_f
279	DorisDay	38	AGE38	9708	9707_DorisDay_38_f
138	RomySchneider	38	AGE38	14105	14104_RomySchneider_38_f
325	tomselleck	38	AGE38	2960	2959_tomselleck_38_m
39	TonyBlair	38	AGE38	656	655_TonyBlair_38_m
286	CydCharisse	38	AGE38	15186	15185_CydCharisse_38_f
269	BenGazzara	38	AGE38	5776	5775_BenGazzara_38_m
46	JohnMalkovich	38	AGE38	5372	5371_JohnMalkovich_38_m
527	JohnGarfield	38	AGE38	7183	7182_JohnGarfield_38_m
534	AlbertoSordi	38	AGE38	7762	7761_AlbertoSordi_38_m
34	MireilleDarc	38	AGE38	11670	11669_MireilleDarc_38_f
173	GreerGarson	38	AGE38	14012	14011_GreerGarson_38_f
162	PeterSellers	38	AGE38	9158	9157_PeterSellers_38_m
22	TerryMoore	38	AGE38	10318	10317_TerryMoore_38_f
459	WilliamShatner	38	AGE38	6067	6066_WilliamShatner_38_m
559	SylvesterStallone	38	AGE38	7595	7594_SylvesterStallone_38_m
5	HatzidakisManos	38	AGE38	290	289_HatzidakisManos_38_m
174	LelandStanford	38	AGE38	418	417_LelandStanford_38_m
81	EdwigeFenech	38	AGE38	15310	15309_EdwigeFenech_38_f
174	LelandStanford	38	AGE38	413	412_LelandStanford_38_m
548	CatherineDeneuve	38	AGE38	12955	12954_CatherineDeneuve_38_f
399	RonPerlman	38	AGE38	2820	2819_RonPerlman_38_m
277	AliMacGraw	38	AGE38	9923	9922_AliMacGraw_38_f
429	JoanLorring	38	AGE38	13180	13179_JoanLorring_38_f
199	CharltonHeaston	38	AGE38	8864	8863_CharltonHeaston_38_m
464	BetteMidler	38	AGE38	10474	10473_BetteMidler_38_f
356	JeffreyJones	38	AGE38	4243	4242_JeffreyJones_38_m
358	NicolasSarkozy	38	AGE38	5529	5528_NicolasSarkozy_38_m
302	ClaudeRich	38	AGE38	2464	2463_ClaudeRich_38_m
401	ErinGray	38	AGE38	15348	15347_ErinGray_38_f
68	KevinCostner	38	AGE38	4272	4271_KevinCostner_38_m
199	CharltonHeaston	38	AGE38	8875	8874_CharltonHeaston_38_m
415	SamNeill	38	AGE38	2299	2298_SamNeill_38_m
451	BurtLancaster	38	AGE38	9290	9289_BurtLancaster_38_m
199	CharltonHeaston	38	AGE38	8866	8865_CharltonHeaston_38_m
194	JaneFonda	38	AGE38	10118	10117_JaneFonda_38_f
200	AnnMargret	38	AGE38	10386	10385_AnnMargret_38_f
413	EnricoFermi	38	AGE38	1063	1062_EnricoFermi_38_m
364	SarahDouglas	38	AGE38	15798	15797_SarahDouglas_38_f
397	GeraldineChaplin	38	AGE38	13033	13032_GeraldineChaplin_38_f
162	PeterSellers	38	AGE38	9160	9159_PeterSellers_38_m
365	JohnVernon	38	AGE38	6453	6452_JohnVernon_38_m
272	ElvisPresley	38	AGE38	225	224_ElvisPresley_38_m
315	DirkBogarde	38	AGE38	6241	6240_DirkBogarde_38_m
41	DenzelWashington	38	AGE38	6172	6171_DenzelWashington_38_m
545	FriedrichNietzsche	38	AGE38	1431	1430_FriedrichNietzsche_38_m
62	SteveMcQueen	38	AGE38	9396	9395_SteveMcQueen_38_m
368	BettyGarrett	38	AGE38	15054	15053_BettyGarrett_38_f
312	JohnnyCash	38	AGE38	6501	6500_JohnnyCash_38_m
330	JuneAllyson	38	AGE38	13649	13648_JuneAllyson_38_f
228	SophiaLoren	38	AGE38	11286	11285_SophiaLoren_38_f
36	ScottGlenn	38	AGE38	2919	2918_ScottGlenn_38_m
232	ConnieBooth	38	AGE38	15156	15155_ConnieBooth_38_f
463	OrnellaMuti	38	AGE38	10775	10774_OrnellaMuti_38_f
392	EstherWilliams	38	AGE38	14176	14175_EstherWilliams_38_f
457	JeffBridges	38	AGE38	3333	3332_JeffBridges_38_m
529	RichardBurton	38	AGE38	9204	9203_RichardBurton_38_m
7	DonnaDouglas	38	AGE38	10981	10980_DonnaDouglas_38_f
387	MartinLutherKing	38	AGE38	15958	15957_MartinLutherKing_38_m
178	AndyGriffith	38	AGE38	7792	7791_AndyGriffith_38_m
255	NickNolte	38	AGE38	2189	2188_NickNolte_38_m
316	MegRyan	38	AGE38	9685	9684_MegRyan_38_f
545	FriedrichNietzsche	38	AGE38	1434	1433_FriedrichNietzsche_38_m
54	KevinSpacey	38	AGE38	3425	3424_KevinSpacey_38_m
406	StevenSeagal	38	AGE38	4436	4435_StevenSeagal_38_m
102	WalterPidgeon	38	AGE38	8433	8432_WalterPidgeon_38_m
257	HorstBuchholz	38	AGE38	8051	8050_HorstBuchholz_38_m
318	EsteeLauder	38	AGE38	35	34_EsteeLauder_38_f
90	MichelPiccoli	38	AGE38	4743	4742_MichelPiccoli_38_m
301	JudyGarland	38	AGE38	14051	14050_JudyGarland_38_f
408	MelBrooks	38	AGE38	2097	2096_MelBrooks_38_m
197	LinoVentura	38	AGE38	7308	7307_LinoVentura_38_m
451	BurtLancaster	38	AGE38	9298	9297_BurtLancaster_38_m
394	OrsonWelles	38	AGE38	6655	6654_OrsonWelles_38_m
11	MichaelSarrazin	38	AGE38	9140	9139_MichaelSarrazin_38_m
437	MarisaPavan	38	AGE38	3500	3499_MarisaPavan_38_m
141	ErnestBorgnine	38	AGE38	8910	8909_ErnestBorgnine_38_m
505	GingerRogers	38	AGE38	13466	13465_GingerRogers_38_f
319	RingoStarr	38	AGE38	3697	3696_RingoStarr_38_m
517	GeraldinePage	38	AGE38	14187	14186_GeraldinePage_38_f
411	LeslieNielsen	38	AGE38	8113	8112_LeslieNielsen_38_m
153	GaryOldman	38	AGE38	2554	2553_GaryOldman_38_m
375	EdwardGRobinson	38	AGE38	9433	9432_EdwardGRobinson_38_m
180	MichellePfeiffer	38	AGE38	13205	13204_MichellePfeiffer_38_f
494	JessicaTandy	38	AGE38	13611	13610_JessicaTandy_38_f
56	AudreyHepburn	38	AGE38	14554	14553_AudreyHepburn_38_f
93	JonFinch	38	AGE38	5409	5408_JonFinch_38_m
10	JeffDaniels	38	AGE38	3361	3360_JeffDaniels_38_m
287	JosephCotten	38	AGE38	7216	7215_JosephCotten_38_m
175	FrancesDee	38	AGE38	5827	5826_FrancesDee_38_m
145	DonJohnson	38	AGE38	2515	2514_DonJohnson_38_m
501	RayLiotta	38	AGE38	2229	2228_RayLiotta_38_m
17	LuiseRainer	38	AGE38	10649	10648_LuiseRainer_38_f
530	SimonMacCorkindale	38	AGE38	8361	8360_SimonMacCorkindale_38_m
245	RichardBoone	38	AGE38	7505	7504_RichardBoone_38_m
30	AnnetteBening	38	AGE38	11411	11410_AnnetteBening_38_f
306	KrisKristofferson	38	AGE38	7248	7247_KrisKristofferson_38_m
99	YvonneDeCarlo	38	AGE38	14611	14610_YvonneDeCarlo_38_f
256	PatrickSwayze	38	AGE38	8171	8170_PatrickSwayze_38_m
78	JamesBest	38	AGE38	1952	1951_JamesBest_38_m
432	JenniferAniston	38	AGE38	12753	12752_JenniferAniston_38_f
274	WaltDisney	38	AGE38	163	162_WaltDisney_38_m
420	MaryTylerMoore	38	AGE38	12825	12824_MaryTylerMoore_38_f
357	KathyBates	38	AGE38	10223	10222_KathyBates_38_f
335	JoanFontaine	38	AGE38	14308	14307_JoanFontaine_38_f
301	JudyGarland	38	AGE38	14050	14049_JudyGarland_38_f
458	JeanMarais	38	AGE38	5964	5963_JeanMarais_38_m
62	SteveMcQueen	38	AGE38	9395	9394_SteveMcQueen_38_m
175	FrancesDee	38	AGE38	12605	12604_FrancesDee_38_f
198	ThomasTerry	38	AGE38	6847	6846_ThomasTerry_38_m
490	Gaddafi	38	AGE38	959	958_Gaddafi_38_m
230	SusanGeorge	38	AGE38	10868	10867_SusanGeorge_38_f
483	Bono	38	AGE38	1542	1541_Bono_38_m
485	DanaAndrews	38	AGE38	6139	6138_DanaAndrews_38_m
231	AnthonyAndrews	38	AGE38	5056	5055_AnthonyAndrews_38_m
100	LyleTalbot	38	AGE38	7379	7378_LyleTalbot_38_m
137	SidneyPoitier	38	AGE38	16157	16156_SidneyPoitier_38_m
428	OmarSharif	38	AGE38	3644	3643_OmarSharif_38_m
161	MaggieSmith	38	AGE38	10694	10693_MaggieSmith_38_f
143	BarbraStreisand	38	AGE38	12923	12922_BarbraStreisand_38_f
195	LorneGreene	38	AGE38	8141	8140_LorneGreene_38_m
438	JackLemon	38	AGE38	5307	5306_JackLemon_38_m
341	AnnaMassey	38	AGE38	12471	12470_AnnaMassey_38_f
120	TomJones	38	AGE38	1844	1843_TomJones_38_m
542	IanMcKellen	38	AGE38	3270	3269_IanMcKellen_38_m
276	AnthonyPerkins	38	AGE38	8797	8796_AnthonyPerkins_38_m
417	StevenBerkoff	38	AGE38	4934	4933_StevenBerkoff_38_m
551	JeanetteMacDonald	38	AGE38	15498	15497_JeanetteMacDonald_38_f
409	RexHarrison	38	AGE38	6718	6717_RexHarrison_38_m
487	JaneWyman	38	AGE38	13162	13161_JaneWyman_38_f
282	ValerieHarper	38	AGE38	11793	11792_ValerieHarper_38_f
383	JamesGarner	38	AGE38	4621	4620_JamesGarner_38_m
378	ImeldaStaunton	38	AGE38	12199	12198_ImeldaStaunton_38_f
355	CelesteHolm	38	AGE38	13391	13390_CelesteHolm_38_f
513	DonnaReed	38	AGE38	12582	12581_DonnaReed_38_f
227	KennethBranagh	38	AGE38	5433	5432_KennethBranagh_38_m
426	TheodorakisMikis	38	AGE38	254	253_TheodorakisMikis_38_m
141	ErnestBorgnine	38	AGE38	8911	8910_ErnestBorgnine_38_m
514	LindaEvans	38	AGE38	10617	10616_LindaEvans_38_f
108	MelindaDillion	38	AGE38	12308	12307_MelindaDillion_38_f
35	LouisJourdan	38	AGE38	7349	7348_LouisJourdan_38_m
63	PeggyAshcroft	38	AGE38	14456	14455_PeggyAshcroft_38_f
115	BarbaraBain	38	AGE38	10409	10408_BarbaraBain_38_f
154	JeanneMoreau	38	AGE38	11057	11056_JeanneMoreau_38_f
565	MelGibson	38	AGE38	2149	2148_MelGibson_38_m
362	CyndiLauper	38	AGE38	11437	11436_CyndiLauper_38_f
270	ErnestHemingway	38	AGE38	1409	1408_ErnestHemingway_38_m
133	LeeJCobb	38	AGE38	6554	6553_LeeJCobb_38_m
420	MaryTylerMoore	38	AGE38	12824	12823_MaryTylerMoore_38_f
181	FernandoRey	38	AGE38	6304	6303_FernandoRey_38_m
204	LilliPalmer	38	AGE38	13674	13673_LilliPalmer_38_f
162	PeterSellers	38	AGE38	9176	9175_PeterSellers_38_m
59	MichaelKeaton	38	AGE38	5491	5490_MichaelKeaton_38_m
479	PeterUstinov	38	AGE38	8204	8203_PeterUstinov_38_m
287	JosephCotten	38	AGE38	7215	7214_JosephCotten_38_m
451	BurtLancaster	38	AGE38	9278	9277_BurtLancaster_38_m
354	RandolphScott	38	AGE38	8222	8221_RandolphScott_38_m
67	JamesCaan	38	AGE38	1996	1995_JamesCaan_38_m
226	TommySands	38	AGE38	3930	3929_TommySands_38_m
54	KevinSpacey	38	AGE38	3424	3423_KevinSpacey_38_m
552	FidelCastro	38	AGE38	679	678_FidelCastro_38_m
440	RayDanton	38	AGE38	5669	5668_RayDanton_38_m
527	JohnGarfield	38	AGE38	7184	7183_JohnGarfield_38_m
171	EmmaThompson	38	AGE38	11035	11034_EmmaThompson_38_f
248	MartinScorsese	38	AGE38	5454	5453_MartinScorsese_38_m
382	GilbertRoland	38	AGE38	7951	7950_GilbertRoland_38_m
410	AlejandroRey	38	AGE38	8499	8498_AlejandroRey_38_m
2	RoyRogers	38	AGE38	5702	5701_RoyRogers_38_m
61	RonaldReagan	38	AGE38	735	734_RonaldReagan_38_m
322	AlbertCamus	38	AGE38	1320	1319_AlbertCamus_38_m
206	HowardKeel	38	AGE38	5894	5893_HowardKeel_38_m
148	WillSmith 	38	AGE38	16073	16072_WillSmith _38_m
460	AnneBaxter	38	AGE38	12521	12520_AnneBaxter_38_f
13	CatherineSchell	38	AGE38	15126	15125_CatherineSchell_38_f
240	ErrolFlynn	38	AGE38	6278	6277_ErrolFlynn_38_m
121	RafVallone	38	AGE38	6033	6032_RafVallone_38_m
82	MarcelloMastroianni	38	AGE38	9580	9579_MarcelloMastroianni_38_m
26	FayeDunaway	38	AGE38	10513	10512_FayeDunaway_38_f
566	Pele	38	AGE38	53	52_Pele_38_m
321	DannyDeVito	38	AGE38	3141	3140_DannyDeVito_38_m
292	KathrynHays	38	AGE38	10569	10568_KathrynHays_38_f
553	DanielleDarrieux	38	AGE38	13420	13419_DanielleDarrieux_38_f
44	VincentPrice	38	AGE38	7718	7717_VincentPrice_38_m
254	Thanasisveggos	38	AGE38	9417	9416_Thanasisveggos_38_m
98	RichardChamberlain	38	AGE38	8279	8278_RichardChamberlain_38_m
258	FredMacMurray	38	AGE38	8956	8955_FredMacMurray_38_m
259	ChristopherWalken	38	AGE38	7002	7001_ChristopherWalken_38_m
555	GeneWilder	38	AGE38	2580	2579_GeneWilder_38_m
490	Gaddafi	38	AGE38	975	974_Gaddafi_38_m
271	RichardAttenborough	38	AGE38	8725	8724_RichardAttenborough_38_m
478	FredAstaire	38	AGE38	7893	7892_FredAstaire_38_m
10	JeffDaniels	38	AGE38	3360	3359_JeffDaniels_38_m
412	BeaArthur	38	AGE38	11888	11887_BeaArthur_38_f
481	AndreMarieAmp╨Ъre	38	AGE38	1252	1251_AndreMarieAmp╨Ъre_38_m
224	campbell	39	AGE39	16274	16273_campbell_39_f
178	AndyGriffith	39	AGE39	7793	7792_AndyGriffith_39_m
0	YvesMontand	39	AGE39	6885	6884_YvesMontand_39_m
124	SartreJeanPaul	39	AGE39	1407	1406_SartreJeanPaul_39_m
308	JanetLeigh	39	AGE39	12717	12716_JanetLeigh_39_f
140	EdHarris	39	AGE39	1700	1699_EdHarris_39_m
48	GenaRowlands	39	AGE39	4135	4134_GenaRowlands_39_m
549	GoldieHawn	39	AGE39	10013	10012_GoldieHawn_39_f
564	SusanHayward	39	AGE39	14498	14497_SusanHayward_39_f
42	RoyScheider	39	AGE39	13215	13214_RoyScheider_39_f
235	SilvanaMangano	39	AGE39	14808	14807_SilvanaMangano_39_f
302	ClaudeRich	39	AGE39	2465	2464_ClaudeRich_39_m
376	Fernandel	39	AGE39	4559	4558_Fernandel_39_m
162	PeterSellers	39	AGE39	9163	9162_PeterSellers_39_m
149	AlecGuinness	39	AGE39	8757	8756_AlecGuinness_39_m
74	AnthonyQuayle	39	AGE39	7827	7826_AnthonyQuayle_39_m
313	LeslieCaron	39	AGE39	3456	3455_LeslieCaron_39_m
179	LorettaYoung	39	AGE39	14375	14374_LorettaYoung_39_f
420	MaryTylerMoore	39	AGE39	12826	12825_MaryTylerMoore_39_f
29	IreneDunne	39	AGE39	13561	13560_IreneDunne_39_f
49	BobHope	39	AGE39	5153	5152_BobHope_39_m
559	SylvesterStallone	39	AGE39	7596	7595_SylvesterStallone_39_m
263	JanePowell	39	AGE39	15390	15389_JanePowell_39_f
233	Arletty	39	AGE39	10910	10909_Arletty_39_f
507	RowanAtkinson	39	AGE39	6786	6785_RowanAtkinson_39_m
259	ChristopherWalken	39	AGE39	7003	7002_ChristopherWalken_39_m
307	GiulianoGemma	39	AGE39	7993	7992_GiulianoGemma_39_m
233	Arletty	39	AGE39	10909	10908_Arletty_39_f
503	JeanPaulBelmondo	39	AGE39	7137	7136_JeanPaulBelmondo_39_m
371	ChristopherPlummer	39	AGE39	7865	7864_ChristopherPlummer_39_m
415	SamNeill	39	AGE39	2300	2299_SamNeill_39_m
231	AnthonyAndrews	39	AGE39	5051	5050_AnthonyAndrews_39_m
434	DavidCarradine	39	AGE39	8589	8588_DavidCarradine_39_m
219	DerekJacobi	39	AGE39	3169	3168_DerekJacobi_39_m
555	GeneWilder	39	AGE39	2581	2580_GeneWilder_39_m
332	TomHanks	39	AGE39	1774	1773_TomHanks_39_m
332	TomHanks	39	AGE39	1775	1774_TomHanks_39_m
445	JohnCassavetes	39	AGE39	8672	8671_JohnCassavetes_39_m
491	PhilHartman	39	AGE39	3672	3671_PhilHartman_39_m
288	AnitaEkberg	39	AGE39	10354	10353_AnitaEkberg_39_f
260	AmandaRedman	39	AGE39	13282	13281_AmandaRedman_39_f
522	DannyGlover	39	AGE39	16111	16110_DannyGlover_39_m
159	PierceBrosnan	39	AGE39	4795	4794_PierceBrosnan_39_m
161	MaggieSmith	39	AGE39	10696	10695_MaggieSmith_39_f
550	RalphMacchio	39	AGE39	4356	4355_RalphMacchio_39_m
37	JoanneWoodward	39	AGE39	12265	12264_JoanneWoodward_39_f
232	ConnieBooth	39	AGE39	15157	15156_ConnieBooth_39_f
301	JudyGarland	39	AGE39	14052	14051_JudyGarland_39_f
316	MegRyan	39	AGE39	9686	9685_MegRyan_39_f
462	KateOMara	39	AGE39	15597	15596_KateOMara_39_f
162	PeterSellers	39	AGE39	9162	9161_PeterSellers_39_m
121	RafVallone	39	AGE39	6034	6033_RafVallone_39_m
24	HelenHunt	39	AGE39	10054	10053_HelenHunt_39_f
330	JuneAllyson	39	AGE39	13650	13649_JuneAllyson_39_f
522	DannyGlover	39	AGE39	16083	16082_DannyGlover_39_m
33	JamesCoburn	39	AGE39	6406	6405_JamesCoburn_39_m
255	NickNolte	39	AGE39	2190	2189_NickNolte_39_m
447	GlennClose	39	AGE39	9985	9984_GlennClose_39_f
12	MerylStreep	39	AGE39	10734	10733_MerylStreep_39_f
551	JeanetteMacDonald	39	AGE39	15480	15479_JeanetteMacDonald_39_f
3	ArnoldSchwarzenegger	39	AGE39	8832	8831_ArnoldSchwarzenegger_39_m
83	AlPacino	39	AGE39	1632	1631_AlPacino_39_m
449	ZsaZsaGabor	39	AGE39	11371	11370_ZsaZsaGabor_39_f
108	MelindaDillion	39	AGE39	12309	12308_MelindaDillion_39_f
521	StefaniePowers	39	AGE39	15823	15822_StefaniePowers_39_f
188	JulieAndrews	39	AGE39	11483	11482_JulieAndrews_39_f
340	CliffRobertson	39	AGE39	8554	8553_CliffRobertson_39_m
560	GregoryPeck	39	AGE39	9359	9358_GregoryPeck_39_m
546	SusanSarandon	39	AGE39	11734	11733_SusanSarandon_39_f
95	DavidSarnoff	39	AGE39	373	372_DavidSarnoff_39_m
69	BrianDennehy	39	AGE39	3942	3941_BrianDennehy_39_m
488	DickVanDyke	39	AGE39	4092	4091_DickVanDyke_39_m
36	ScottGlenn	39	AGE39	2920	2919_ScottGlenn_39_m
162	PeterSellers	39	AGE39	9178	9177_PeterSellers_39_m
61	RonaldReagan	39	AGE39	736	735_RonaldReagan_39_m
328	PabloPicasso	39	AGE39	284	283_PabloPicasso_39_m
451	BurtLancaster	39	AGE39	9299	9298_BurtLancaster_39_m
525	BoDerek	39	AGE39	9655	9654_BoDerek_39_f
119	AlanYoung	39	AGE39	1881	1880_AlanYoung_39_m
92	RogerMoore	39	AGE39	4864	4863_RogerMoore_39_m
149	AlecGuinness	39	AGE39	8758	8757_AlecGuinness_39_m
301	JudyGarland	39	AGE39	14053	14052_JudyGarland_39_f
421	SigourneyWeaver	39	AGE39	13304	13303_SigourneyWeaver_39_f
59	MichaelKeaton	39	AGE39	5492	5491_MichaelKeaton_39_m
75	EllenBurstyn	39	AGE39	10996	10995_EllenBurstyn_39_f
109	MariaCallas	39	AGE39	12	11_MariaCallas_39_f
339	ChuckNorris	39	AGE39	3106	3105_ChuckNorris_39_m
377	TomHulce	39	AGE39	1812	1811_TomHulce_39_m
88	StacyKeach	39	AGE39	3809	3808_StacyKeach_39_m
506	MargeChampion	39	AGE39	11607	11606_MargeChampion_39_f
221	JulieBishop	39	AGE39	15543	15542_JulieBishop_39_f
401	ErinGray	39	AGE39	15349	15348_ErinGray_39_f
163	CharlieSheen	39	AGE39	4037	4036_CharlieSheen_39_m
189	MurrayHamilton	39	AGE39	8697	8696_MurrayHamilton_39_m
261	KlausKinski	39	AGE39	6529	6528_KlausKinski_39_m
524	MaureenOHara	39	AGE39	11636	11635_MaureenOHara_39_f
230	SusanGeorge	39	AGE39	10869	10868_SusanGeorge_39_f
463	OrnellaMuti	39	AGE39	10776	10775_OrnellaMuti_39_f
390	Garycooper	39	AGE39	7092	7091_Garycooper_39_m
513	DonnaReed	39	AGE39	12583	12582_DonnaReed_39_f
44	VincentPrice	39	AGE39	7719	7718_VincentPrice_39_m
107	DianneWiest	39	AGE39	10483	10482_DianneWiest_39_f
452	GordonThomson	39	AGE39	4586	4585_GordonThomson_39_m
342	MarieCurie	39	AGE39	1287	1286_MarieCurie_39_f
451	BurtLancaster	39	AGE39	9280	9279_BurtLancaster_39_m
68	KevinCostner	39	AGE39	4273	4272_KevinCostner_39_m
252	ErnestRutherford	39	AGE39	1186	1185_ErnestRutherford_39_m
548	CatherineDeneuve	39	AGE39	12956	12955_CatherineDeneuve_39_f
258	FredMacMurray	39	AGE39	8957	8956_FredMacMurray_39_m
67	JamesCaan	39	AGE39	1997	1996_JamesCaan_39_m
253	HarrisonFord	39	AGE39	4168	4167_HarrisonFord_39_m
149	AlecGuinness	39	AGE39	8756	8755_AlecGuinness_39_m
148	WillSmith 	39	AGE39	16074	16073_WillSmith _39_m
298	FrankSinatra	39	AGE39	8624	8623_FrankSinatra_39_m
327	TommyLeeJones	39	AGE39	5738	5737_TommyLeeJones_39_m
451	BurtLancaster	39	AGE39	9279	9278_BurtLancaster_39_m
227	KennethBranagh	39	AGE39	5434	5433_KennethBranagh_39_m
299	GeorgeMontgomery	39	AGE39	9320	9319_GeorgeMontgomery_39_m
287	JosephCotten	39	AGE39	7217	7216_JosephCotten_39_m
66	BruceWillis	39	AGE39	3081	3080_BruceWillis_39_m
300	PeterMarkRichman	39	AGE39	7474	7473_PeterMarkRichman_39_m
466	CharlesBronson	39	AGE39	8519	8518_CharlesBronson_39_m
551	JeanetteMacDonald	39	AGE39	15479	15478_JeanetteMacDonald_39_f
501	RayLiotta	39	AGE39	2230	2229_RayLiotta_39_m
476	RaquelWelch	39	AGE39	10838	10837_RaquelWelch_39_f
208	ShelleyWinters	39	AGE39	14764	14763_ShelleyWinters_39_f
248	MartinScorsese	39	AGE39	5474	5473_MartinScorsese_39_m
46	JohnMalkovich	39	AGE39	5375	5374_JohnMalkovich_39_m
538	BarbaraStanwyck	39	AGE39	14640	14639_BarbaraStanwyck_39_f
104	VanessaRedgrave	39	AGE39	13809	13808_VanessaRedgrave_39_f
6	Carroll	39	AGE39	16307	16306_Carroll_39_f
483	Bono	39	AGE39	1543	1542_Bono_39_m
353	ArmandAssante	39	AGE39	5128	5127_ArmandAssante_39_m
485	DanaAndrews	39	AGE39	6134	6133_DanaAndrews_39_m
311	MonicaVitti	39	AGE39	11193	11192_MonicaVitti_39_f
505	GingerRogers	39	AGE39	13475	13474_GingerRogers_39_f
54	KevinSpacey	39	AGE39	3427	3426_KevinSpacey_39_m
518	RomanPolanski	39	AGE39	4895	4894_RomanPolanski_39_m
407	JulieAdams	39	AGE39	10200	10199_JulieAdams_39_f
170	CharlesBoyer	39	AGE39	6959	6958_CharlesBoyer_39_m
326	SteveKanaly	39	AGE39	3849	3848_SteveKanaly_39_m
380	TomasMilian	39	AGE39	3900	3899_TomasMilian_39_m
35	LouisJourdan	39	AGE39	7350	7349_LouisJourdan_39_m
133	LeeJCobb	39	AGE39	6555	6554_LeeJCobb_39_m
440	RayDanton	39	AGE39	5670	5669_RayDanton_39_m
138	RomySchneider	39	AGE39	14106	14105_RomySchneider_39_f
153	GaryOldman	39	AGE39	2555	2554_GaryOldman_39_m
240	ErrolFlynn	39	AGE39	6287	6286_ErrolFlynn_39_m
206	HowardKeel	39	AGE39	5895	5894_HowardKeel_39_m
199	CharltonHeaston	39	AGE39	8867	8866_CharltonHeaston_39_m
455	AlanRickman	39	AGE39	3012	3011_AlanRickman_39_m
129	AlCorley	39	AGE39	1606	1605_AlCorley_39_m
90	MichelPiccoli	39	AGE39	4744	4743_MichelPiccoli_39_m
366	MelFerrer	39	AGE39	6628	6627_MelFerrer_39_m
508	VictorMature	39	AGE39	8418	8417_VictorMature_39_m
98	RichardChamberlain	39	AGE39	8280	8279_RichardChamberlain_39_m
268	WarrenBeatty	39	AGE39	5005	5004_WarrenBeatty_39_m
173	GreerGarson	39	AGE39	14033	14032_GreerGarson_39_f
323	JohnJames	39	AGE39	2037	2036_JohnJames_39_m
360	UgoTognazzi	39	AGE39	7680	7679_UgoTognazzi_39_m
294	JamieLeeCurtis	39	AGE39	12683	12682_JamieLeeCurtis_39_f
77	RobertRyan	39	AGE39	7568	7567_RobertRyan_39_m
540	JeanClaudeVanDamme	39	AGE39	9059	9058_JeanClaudeVanDamme_39_m
192	NielsBohr	39	AGE39	1094	1093_NielsBohr_39_m
531	TimothyDalton	39	AGE39	4970	4969_TimothyDalton_39_m
435	DebbieReynolds	39	AGE39	12055	12054_DebbieReynolds_39_f
474	TellySavalas	39	AGE39	7611	7610_TellySavalas_39_m
312	JohnnyCash	39	AGE39	6502	6501_JohnnyCash_39_m
562	RockHudson	39	AGE39	6763	6762_RockHudson_39_m
459	WilliamShatner	39	AGE39	6091	6090_WilliamShatner_39_m
496	GlendaJackson	39	AGE39	12171	12170_GlendaJackson_39_f
249	LivUllmann	39	AGE39	10255	10254_LivUllmann_39_f
495	CybillShepherd	39	AGE39	12002	12001_CybillShepherd_39_f
461	TimCurry	39	AGE39	1735	1734_TimCurry_39_m
180	MichellePfeiffer	39	AGE39	13206	13205_MichellePfeiffer_39_f
13	CatherineSchell	39	AGE39	15127	15126_CatherineSchell_39_f
418	DeborahKerr	39	AGE39	13949	13948_DeborahKerr_39_f
272	ElvisPresley	39	AGE39	226	225_ElvisPresley_39_m
194	JaneFonda	39	AGE39	10119	10118_JaneFonda_39_f
305	TanyaRoberts	39	AGE39	11319	11318_TanyaRoberts_39_f
40	AnthonyHopkins	39	AGE39	5073	5072_AnthonyHopkins_39_m
397	GeraldineChaplin	39	AGE39	13034	13033_GeraldineChaplin_39_f
337	RichardCrenna	39	AGE39	8326	8325_RichardCrenna_39_m
334	LauraAntonelli	39	AGE39	12288	12287_LauraAntonelli_39_f
429	JoanLorring	39	AGE39	13181	13180_JoanLorring_39_f
46	JohnMalkovich	39	AGE39	5374	5373_JohnMalkovich_39_m
172	ChristopherEccleston	39	AGE39	8896	8895_ChristopherEccleston_39_m
518	RomanPolanski	39	AGE39	4890	4889_RomanPolanski_39_m
201	KirkDouglas	39	AGE39	4292	4291_KirkDouglas_39_m
557	DavidMcCallum	39	AGE39	5238	5237_DavidMcCallum_39_m
530	SimonMacCorkindale	39	AGE39	8362	8361_SimonMacCorkindale_39_m
134	JohnLithgow	39	AGE39	3384	3383_JohnLithgow_39_m
40	AnthonyHopkins	39	AGE39	5087	5086_AnthonyHopkins_39_m
517	GeraldinePage	39	AGE39	14190	14189_GeraldinePage_39_f
34	MireilleDarc	39	AGE39	11671	11670_MireilleDarc_39_f
201	KirkDouglas	39	AGE39	4293	4292_KirkDouglas_39_m
375	EdwardGRobinson	39	AGE39	9426	9425_EdwardGRobinson_39_m
60	CharlesGrodin	39	AGE39	5184	5183_CharlesGrodin_39_m
173	GreerGarson	39	AGE39	14013	14012_GreerGarson_39_f
102	WalterPidgeon	39	AGE39	8434	8433_WalterPidgeon_39_m
317	BillMurray	39	AGE39	2400	2399_BillMurray_39_m
355	CelesteHolm	39	AGE39	13392	13391_CelesteHolm_39_f
460	AnneBaxter	39	AGE39	12508	12507_AnneBaxter_39_f
285	RyanONeal	39	AGE39	2855	2854_RyanONeal_39_m
322	AlbertCamus	39	AGE39	1332	1331_AlbertCamus_39_m
322	AlbertCamus	39	AGE39	1328	1327_AlbertCamus_39_m
356	JeffreyJones	39	AGE39	4244	4243_JeffreyJones_39_m
151	AnnieGirardot	39	AGE39	13888	13887_AnnieGirardot_39_f
289	JohnWayne	39	AGE39	7191	7190_JohnWayne_39_m
509	MichaelCaine	39	AGE39	4732	4731_MichaelCaine_39_m
369	BorisKarloff	39	AGE39	6914	6913_BorisKarloff_39_m
335	JoanFontaine	39	AGE39	14309	14308_JoanFontaine_39_f
81	EdwigeFenech	39	AGE39	15311	15310_EdwigeFenech_39_f
85	JodieFoster	39	AGE39	11105	11104_JodieFoster_39_f
115	BarbaraBain	39	AGE39	10410	10409_BarbaraBain_39_f
354	RandolphScott	39	AGE39	8223	8222_RandolphScott_39_m
200	AnnMargret	39	AGE39	10387	10386_AnnMargret_39_f
505	GingerRogers	39	AGE39	13467	13466_GingerRogers_39_f
193	GeorgePeppard	39	AGE39	7932	7931_GeorgePeppard_39_m
379	JamesCagney	39	AGE39	6380	6379_JamesCagney_39_m
496	GlendaJackson	39	AGE39	12189	12188_GlendaJackson_39_f
439	IsabelleAdjani	39	AGE39	12238	12237_IsabelleAdjani_39_f
418	DeborahKerr	39	AGE39	13970	13969_DeborahKerr_39_f
18	ElsaMartinelli	39	AGE39	12070	12069_ElsaMartinelli_39_f
135	RichardPryor	39	AGE39	16233	16232_RichardPryor_39_m
293	PeterGraves	39	AGE39	6680	6679_PeterGraves_39_m
8	SimoneSignoret	39	AGE39	14819	14818_SimoneSignoret_39_f
320	TippiHedren	39	AGE39	10880	10879_TippiHedren_39_f
428	OmarSharif	39	AGE39	3646	3645_OmarSharif_39_m
2	RoyRogers	39	AGE39	5703	5702_RoyRogers_39_m
296	JaneRussell	39	AGE39	13121	13120_JaneRussell_39_f
445	JohnCassavetes	39	AGE39	8671	8670_JohnCassavetes_39_m
265	BurtReynolds	39	AGE39	4008	4007_BurtReynolds_39_m
126	JamesArness	39	AGE39	6347	6346_JamesArness_39_m
315	DirkBogarde	39	AGE39	6242	6241_DirkBogarde_39_m
389	JaneBirkin	39	AGE39	10084	10083_JaneBirkin_39_f
350	VittorioGassman	39	AGE39	9245	9244_VittorioGassman_39_m
251	St╨ТphaneAudran	39	AGE39	15868	15867_St╨ТphaneAudran_39_f
144	SusannahYork	39	AGE39	14125	14124_SusannahYork_39_f
38	BarbaraBouchet	39	AGE39	11860	11859_BarbaraBouchet_39_f
8	SimoneSignoret	39	AGE39	14857	14856_SimoneSignoret_39_f
526	AngieDickinson	39	AGE39	12422	12421_AngieDickinson_39_f
245	RichardBoone	39	AGE39	7506	7505_RichardBoone_39_m
499	AmandaBlake	39	AGE39	14964	14963_AmandaBlake_39_f
105	KatharineRoss	39	AGE39	15642	15641_KatharineRoss_39_f
117	VeraEllen	39	AGE39	15913	15912_VeraEllen_39_f
93	JonFinch	39	AGE39	5410	5409_JonFinch_39_m
433	MaximilianShell	39	AGE39	9476	9475_MaximilianShell_39_m
197	LinoVentura	39	AGE39	7309	7308_LinoVentura_39_m
62	SteveMcQueen	39	AGE39	9407	9406_SteveMcQueen_39_m
438	JackLemon	39	AGE39	5322	5321_JackLemon_39_m
414	LauraDern	39	AGE39	9890	9889_LauraDern_39_f
317	BillMurray	39	AGE39	2399	2398_BillMurray_39_m
512	WilliamHolden	39	AGE39	8474	8473_WilliamHolden_39_m
62	SteveMcQueen	39	AGE39	9397	9396_SteveMcQueen_39_m
10	JeffDaniels	39	AGE39	3362	3361_JeffDaniels_39_m
419	ShirleyJones	39	AGE39	11256	11255_ShirleyJones_39_f
310	KevinBacon	39	AGE39	2724	2723_KevinBacon_39_m
118	HelmutBerger	39	AGE39	4226	4225_HelmutBerger_39_m
111	WEBDuBois	39	AGE39	758	757_WEBDuBois_39_m
79	JudyDavis	39	AGE39	9831	9830_JudyDavis_39_f
564	SusanHayward	39	AGE39	14496	14495_SusanHayward_39_f
65	JohnForsythe	39	AGE39	8068	8067_JohnForsythe_39_m
551	JeanetteMacDonald	39	AGE39	15499	15498_JeanetteMacDonald_39_f
76	HarveyKeitel	39	AGE39	4187	4186_HarveyKeitel_39_m
423	JoanCusack	39	AGE39	10153	10152_JoanCusack_39_f
454	JerryLewis	39	AGE39	2658	2657_JerryLewis_39_m
264	LexBarker	39	AGE39	6587	6586_LexBarker_39_m
78	JamesBest	39	AGE39	1953	1952_JamesBest_39_m
177	OliviaHussey	39	AGE39	11710	11709_OliviaHussey_39_f
276	AnthonyPerkins	39	AGE39	8798	8797_AnthonyPerkins_39_m
297	TildaSwinton	39	AGE39	11769	11768_TildaSwinton_39_f
190	ClintWalker	39	AGE39	4063	4062_ClintWalker_39_m
494	JessicaTandy	39	AGE39	13612	13611_JessicaTandy_39_f
510	PeterFalk	39	AGE39	5595	5594_PeterFalk_39_m
264	LexBarker	39	AGE39	6588	6587_LexBarker_39_m
535	Tyson	39	AGE39	16443	16442_Tyson_39_f
42	RoyScheider	39	AGE39	6793	6792_RoyScheider_39_m
279	DorisDay	39	AGE39	9725	9724_DorisDay_39_f
410	AlejandroRey	39	AGE39	8500	8499_AlejandroRey_39_m
409	RexHarrison	39	AGE39	6719	6718_RexHarrison_39_m
89	PatriciaNeal	39	AGE39	13730	13729_PatriciaNeal_39_f
517	GeraldinePage	39	AGE39	14189	14188_GeraldinePage_39_f
198	ThomasTerry	39	AGE39	6848	6847_ThomasTerry_39_m
153	GaryOldman	39	AGE39	2556	2555_GaryOldman_39_m
428	OmarSharif	39	AGE39	3645	3644_OmarSharif_39_m
191	LouCostello	39	AGE39	6607	6606_LouCostello_39_m
250	IsabelleHuppert	39	AGE39	12660	12659_IsabelleHuppert_39_f
336	PatrickStewart	39	AGE39	5559	5558_PatrickStewart_39_m
141	ErnestBorgnine	39	AGE39	8912	8911_ErnestBorgnine_39_m
82	MarcelloMastroianni	39	AGE39	9581	9580_MarcelloMastroianni_39_m
76	HarveyKeitel	39	AGE39	4186	4185_HarveyKeitel_39_m
212	NormaShearer	39	AGE39	13713	13712_NormaShearer_39_f
429	JoanLorring	39	AGE39	6441	6440_JoanLorring_39_m
145	DonJohnson	39	AGE39	2516	2515_DonJohnson_39_m
389	JaneBirkin	39	AGE39	10085	10084_JaneBirkin_39_f
86	MarietteHartley	39	AGE39	10287	10286_MarietteHartley_39_f
266	MickJagger	39	AGE39	131	130_MickJagger_39_m
324	JaneAsher	39	AGE39	9810	9809_JaneAsher_39_f
70	PamelaSueMartin	39	AGE39	15772	15771_PamelaSueMartin_39_f
364	SarahDouglas	39	AGE39	15799	15798_SarahDouglas_39_f
439	IsabelleAdjani	39	AGE39	12239	12238_IsabelleAdjani_39_f
565	MelGibson	39	AGE39	2150	2149_MelGibson_39_m
388	JoanCollins	39	AGE39	10541	10540_JoanCollins_39_f
54	KevinSpacey	39	AGE39	3426	3425_KevinSpacey_39_m
39	TonyBlair	39	AGE39	649	648_TonyBlair_39_m
55	JamesWoods	39	AGE39	2614	2613_JamesWoods_39_m
565	MelGibson	39	AGE39	2151	2150_MelGibson_39_m
489	MarleneDietrich	39	AGE39	14724	14723_MarleneDietrich_39_f
404	CatherineSpaak	39	AGE39	11934	11933_CatherineSpaak_39_f
333	RobertPowell	39	AGE39	4416	4415_RobertPowell_39_m
365	JohnVernon	39	AGE39	6454	6453_JohnVernon_39_m
543	JohnDerek	39	AGE39	5354	5353_JohnDerek_39_m
351	JonVoight	39	AGE39	2059	2058_JonVoight_39_m
325	tomselleck	39	AGE39	2961	2960_tomselleck_39_m
295	JanetEllis	39	AGE39	15443	15442_JanetEllis_39_f
266	MickJagger	39	AGE39	2783	2782_MickJagger_39_m
471	ClaudetteColbert	39	AGE39	14676	14675_ClaudetteColbert_39_f
127	HumphreyBogard	39	AGE39	9027	9026_HumphreyBogard_39_m
32	BonnieHunt	39	AGE39	15096	15095_BonnieHunt_39_f
338	FrancescaAnnis	39	AGE39	12146	12145_FrancescaAnnis_39_f
397	GeraldineChaplin	40	AGE40	13035	13034_GeraldineChaplin_40_f
72	HenryFonda	40	AGE40	8032	8031_HenryFonda_40_m
336	PatrickStewart	40	AGE40	5560	5559_PatrickStewart_40_m
463	OrnellaMuti	40	AGE40	10777	10776_OrnellaMuti_40_f
306	KrisKristofferson	40	AGE40	7249	7248_KrisKristofferson_40_m
181	FernandoRey	40	AGE40	6305	6304_FernandoRey_40_m
246	LeifErickson	40	AGE40	7285	7284_LeifErickson_40_m
529	RichardBurton	40	AGE40	9198	9197_RichardBurton_40_m
399	RonPerlman	40	AGE40	2821	2820_RonPerlman_40_m
113	GladysCooper	40	AGE40	7109	7108_GladysCooper_40_m
245	RichardBoone	40	AGE40	7507	7506_RichardBoone_40_m
530	SimonMacCorkindale	40	AGE40	8363	8362_SimonMacCorkindale_40_m
457	JeffBridges	40	AGE40	3334	3333_JeffBridges_40_m
80	KathrynGrayson	40	AGE40	15682	15681_KathrynGrayson_40_f
232	ConnieBooth	40	AGE40	15158	15157_ConnieBooth_40_f
94	GabrielGarciaMarquez	40	AGE40	1505	1504_GabrielGarciaMarquez_40_m
113	GladysCooper	40	AGE40	13500	13499_GladysCooper_40_f
153	GaryOldman	40	AGE40	2557	2556_GaryOldman_40_m
490	Gaddafi	40	AGE40	957	956_Gaddafi_40_m
302	ClaudeRich	40	AGE40	2466	2465_ClaudeRich_40_m
459	WilliamShatner	40	AGE40	6068	6067_WilliamShatner_40_m
109	MariaCallas	40	AGE40	2	1_MariaCallas_40_f
71	EvaMarieSaint	40	AGE40	12101	12100_EvaMarieSaint_40_f
244	JeffGoldblum	40	AGE40	4656	4655_JeffGoldblum_40_m
52	IngridBergman	40	AGE40	14236	14235_IngridBergman_40_f
55	JamesWoods	40	AGE40	2615	2614_JamesWoods_40_m
411	LeslieNielsen	40	AGE40	8114	8113_LeslieNielsen_40_m
305	TanyaRoberts	40	AGE40	11320	11319_TanyaRoberts_40_f
505	GingerRogers	40	AGE40	13487	13486_GingerRogers_40_f
451	BurtLancaster	40	AGE40	9273	9272_BurtLancaster_40_m
41	DenzelWashington	40	AGE40	6175	6174_DenzelWashington_40_m
525	BoDerek	40	AGE40	9656	9655_BoDerek_40_f
11	MichaelSarrazin	40	AGE40	9141	9140_MichaelSarrazin_40_m
303	GeneHackman	40	AGE40	3232	3231_GeneHackman_40_m
120	TomJones	40	AGE40	9766	9765_TomJones_40_f
54	KevinSpacey	40	AGE40	3428	3427_KevinSpacey_40_m
396	JeremyKemp	40	AGE40	2644	2643_JeremyKemp_40_m
36	ScottGlenn	40	AGE40	2921	2920_ScottGlenn_40_m
489	MarleneDietrich	40	AGE40	14725	14724_MarleneDietrich_40_f
526	AngieDickinson	40	AGE40	12445	12444_AngieDickinson_40_f
506	MargeChampion	40	AGE40	11608	11607_MargeChampion_40_f
117	VeraEllen	40	AGE40	15914	15913_VeraEllen_40_f
252	ErnestRutherford	40	AGE40	1193	1192_ErnestRutherford_40_m
179	LorettaYoung	40	AGE40	14386	14385_LorettaYoung_40_f
416	JohnHuston	40	AGE40	5994	5993_JohnHuston_40_m
253	HarrisonFord	40	AGE40	4180	4179_HarrisonFord_40_m
452	GordonThomson	40	AGE40	4587	4586_GordonThomson_40_m
156	ClerkMaxwell	40	AGE40	1032	1031_ClerkMaxwell_40_m
156	ClerkMaxwell	40	AGE40	1031	1030_ClerkMaxwell_40_m
95	DavidSarnoff	40	AGE40	376	375_DavidSarnoff_40_m
151	AnnieGirardot	40	AGE40	13889	13888_AnnieGirardot_40_f
249	LivUllmann	40	AGE40	10256	10255_LivUllmann_40_f
333	RobertPowell	40	AGE40	4417	4416_RobertPowell_40_m
119	AlanYoung	40	AGE40	1882	1881_AlanYoung_40_m
179	LorettaYoung	40	AGE40	14376	14375_LorettaYoung_40_f
400	EliWallach	40	AGE40	3197	3196_EliWallach_40_m
235	SilvanaMangano	40	AGE40	14809	14808_SilvanaMangano_40_f
532	KostasXatzixristos	40	AGE40	9615	9614_KostasXatzixristos_40_m
558	MichaelPalin	40	AGE40	4318	4317_MichaelPalin_40_m
73	DyanCannon	40	AGE40	15292	15291_DyanCannon_40_f
410	AlejandroRey	40	AGE40	8505	8504_AlejandroRey_40_m
556	CarlosSantana	40	AGE40	4508	4507_CarlosSantana_40_m
373	BobDylan	40	AGE40	1668	1667_BobDylan_40_m
251	St╨ТphaneAudran	40	AGE40	15869	15868_St╨ТphaneAudran_40_f
533	ClintEastwood	40	AGE40	5211	5210_ClintEastwood_40_m
43	AnnMiller	40	AGE40	15022	15021_AnnMiller_40_f
532	KostasXatzixristos	40	AGE40	9617	9616_KostasXatzixristos_40_m
304	DavidNiven	40	AGE40	7039	7038_DavidNiven_40_m
376	Fernandel	40	AGE40	4560	4559_Fernandel_40_m
512	WilliamHolden	40	AGE40	8475	8474_WilliamHolden_40_m
454	JerryLewis	40	AGE40	2659	2658_JerryLewis_40_m
236	VeronicaLake	40	AGE40	15931	15930_VeronicaLake_40_f
432	JenniferAniston	40	AGE40	12754	12753_JenniferAniston_40_f
239	RoseMarie	40	AGE40	9896	9895_RoseMarie_40_f
337	RichardCrenna	40	AGE40	8327	8326_RichardCrenna_40_m
534	AlbertoSordi	40	AGE40	7763	7762_AlbertoSordi_40_m
490	Gaddafi	40	AGE40	965	964_Gaddafi_40_m
431	RobertRedford	40	AGE40	4826	4825_RobertRedford_40_m
233	Arletty	40	AGE40	10911	10910_Arletty_40_f
340	CliffRobertson	40	AGE40	8555	8554_CliffRobertson_40_m
42	RoyScheider	40	AGE40	13216	13215_RoyScheider_40_f
248	MartinScorsese	40	AGE40	5447	5446_MartinScorsese_40_m
44	VincentPrice	40	AGE40	7720	7719_VincentPrice_40_m
45	MendeleievDmitri	40	AGE40	1207	1206_MendeleievDmitri_40_m
315	DirkBogarde	40	AGE40	6244	6243_DirkBogarde_40_m
490	Gaddafi	40	AGE40	966	965_Gaddafi_40_m
375	EdwardGRobinson	40	AGE40	9427	9426_EdwardGRobinson_40_m
159	PierceBrosnan	40	AGE40	4796	4795_PierceBrosnan_40_m
557	DavidMcCallum	40	AGE40	5239	5238_DavidMcCallum_40_m
286	CydCharisse	40	AGE40	15188	15187_CydCharisse_40_f
154	JeanneMoreau	40	AGE40	11058	11057_JeanneMoreau_40_f
10	JeffDaniels	40	AGE40	3363	3362_JeffDaniels_40_m
315	DirkBogarde	40	AGE40	6243	6242_DirkBogarde_40_m
460	AnneBaxter	40	AGE40	12509	12508_AnneBaxter_40_f
456	Fotopoulos	40	AGE40	5251	5250_Fotopoulos_40_m
70	PamelaSueMartin	40	AGE40	15773	15772_PamelaSueMartin_40_f
234	MyrnaLoy	40	AGE40	12356	12355_MyrnaLoy_40_f
254	Thanasisveggos	40	AGE40	9411	9410_Thanasisveggos_40_m
418	DeborahKerr	40	AGE40	13956	13955_DeborahKerr_40_f
5	HatzidakisManos	40	AGE40	289	288_HatzidakisManos_40_m
334	LauraAntonelli	40	AGE40	12289	12288_LauraAntonelli_40_f
85	JodieFoster	40	AGE40	11106	11105_JodieFoster_40_f
182	DustinHoffman	40	AGE40	4541	4540_DustinHoffman_40_m
115	BarbaraBain	40	AGE40	10411	10410_BarbaraBain_40_f
240	ErrolFlynn	40	AGE40	6290	6289_ErrolFlynn_40_m
112	MickeyRooney	40	AGE40	7420	7419_MickeyRooney_40_m
73	DyanCannon	40	AGE40	15261	15260_DyanCannon_40_f
84	AngelaLansbury	40	AGE40	11962	11961_AngelaLansbury_40_f
19	EdwardFox	40	AGE40	1913	1912_EdwardFox_40_m
3	ArnoldSchwarzenegger	40	AGE40	8833	8832_ArnoldSchwarzenegger_40_m
415	SamNeill	40	AGE40	2301	2300_SamNeill_40_m
241	SeanConnery	40	AGE40	3791	3790_SeanConnery_40_m
34	MireilleDarc	40	AGE40	11672	11671_MireilleDarc_40_f
484	JackLarson	40	AGE40	5932	5931_JackLarson_40_m
447	GlennClose	40	AGE40	9986	9985_GlennClose_40_f
120	TomJones	40	AGE40	1845	1844_TomJones_40_m
474	TellySavalas	40	AGE40	7612	7611_TellySavalas_40_m
473	LizaMinelli	40	AGE40	11163	11162_LizaMinelli_40_f
138	RomySchneider	40	AGE40	14107	14106_RomySchneider_40_f
104	VanessaRedgrave	40	AGE40	13810	13809_VanessaRedgrave_40_f
486	MuhammadAli	40	AGE40	15987	15986_MuhammadAli_40_m
267	MerkouriMelina	40	AGE40	14937	14936_MerkouriMelina_40_f
192	NielsBohr	40	AGE40	1090	1089_NielsBohr_40_m
26	FayeDunaway	40	AGE40	10515	10514_FayeDunaway_40_f
12	MerylStreep	40	AGE40	10736	10735_MerylStreep_40_f
191	LouCostello	40	AGE40	6608	6607_LouCostello_40_m
519	ChevyChase	40	AGE40	2432	2431_ChevyChase_40_m
42	RoyScheider	40	AGE40	6794	6793_RoyScheider_40_m
472	StephenHawking	40	AGE40	1016	1015_StephenHawking_40_m
14	StevenSpielberg	40	AGE40	6839	6838_StevenSpielberg_40_m
79	JudyDavis	40	AGE40	9849	9848_JudyDavis_40_f
32	BonnieHunt	40	AGE40	15097	15096_BonnieHunt_40_f
519	ChevyChase	40	AGE40	2456	2455_ChevyChase_40_m
1	HerbertLom	40	AGE40	5850	5849_HerbertLom_40_m
443	HedyLamarr	40	AGE40	12628	12627_HedyLamarr_40_f
562	RockHudson	40	AGE40	6765	6764_RockHudson_40_m
354	RandolphScott	40	AGE40	8224	8223_RandolphScott_40_m
132	AlexanderGrahamBell	40	AGE40	1255	1254_AlexanderGrahamBell_40_m
77	RobertRyan	40	AGE40	7569	7568_RobertRyan_40_m
429	JoanLorring	40	AGE40	6442	6441_JoanLorring_40_m
131	ElizabethTaylor	40	AGE40	14712	14711_ElizabethTaylor_40_f
294	JamieLeeCurtis	40	AGE40	12684	12683_JamieLeeCurtis_40_f
289	JohnWayne	40	AGE40	7196	7195_JohnWayne_40_m
208	ShelleyWinters	40	AGE40	14765	14764_ShelleyWinters_40_f
98	RichardChamberlain	40	AGE40	8281	8280_RichardChamberlain_40_m
146	RicardoMontalb╨░n	40	AGE40	9542	9541_RicardoMontalb╨░n_40_m
518	RomanPolanski	40	AGE40	4896	4895_RomanPolanski_40_m
208	ShelleyWinters	40	AGE40	14780	14779_ShelleyWinters_40_f
279	DorisDay	40	AGE40	9726	9725_DorisDay_40_f
564	SusanHayward	40	AGE40	14514	14513_SusanHayward_40_f
496	GlendaJackson	40	AGE40	12187	12186_GlendaJackson_40_f
538	BarbaraStanwyck	40	AGE40	14648	14647_BarbaraStanwyck_40_f
474	TellySavalas	40	AGE40	7613	7612_TellySavalas_40_m
211	AnjelicaHuston	40	AGE40	11818	11817_AnjelicaHuston_40_f
211	AnjelicaHuston	40	AGE40	11819	11818_AnjelicaHuston_40_f
64	MikeConnors	40	AGE40	3603	3602_MikeConnors_40_m
471	ClaudetteColbert	40	AGE40	14693	14692_ClaudetteColbert_40_f
127	HumphreyBogard	40	AGE40	9013	9012_HumphreyBogard_40_m
444	RitaHayworth	40	AGE40	13771	13770_RitaHayworth_40_f
81	EdwigeFenech	40	AGE40	15312	15311_EdwigeFenech_40_f
566	Pele	40	AGE40	56	55_Pele_40_m
167	KatharineHepburn	40	AGE40	14920	14919_KatharineHepburn_40_f
536	BerryGordy	40	AGE40	451	450_BerryGordy_40_m
105	KatharineRoss	40	AGE40	15643	15642_KatharineRoss_40_f
471	ClaudetteColbert	40	AGE40	14672	14671_ClaudetteColbert_40_f
423	JoanCusack	40	AGE40	10154	10153_JoanCusack_40_f
215	JulieHagerty	40	AGE40	15563	15562_JulieHagerty_40_f
190	ClintWalker	40	AGE40	4064	4063_ClintWalker_40_m
370	PeterOToole	40	AGE40	5635	5634_PeterOToole_40_m
403	RogerAllam	40	AGE40	3728	3727_RogerAllam_40_m
217	MargaretOBrien	40	AGE40	12799	12798_MargaretOBrien_40_f
26	FayeDunaway	40	AGE40	10514	10513_FayeDunaway_40_f
7	DonnaDouglas	40	AGE40	10982	10981_DonnaDouglas_40_f
310	KevinBacon	40	AGE40	2725	2724_KevinBacon_40_m
168	JohnCleese	40	AGE40	2680	2679_JohnCleese_40_m
325	tomselleck	40	AGE40	2962	2961_tomselleck_40_m
51	ClaudeL╨ТviStrauss	40	AGE40	1218	1217_ClaudeL╨ТviStrauss_40_m
499	AmandaBlake	40	AGE40	14965	14964_AmandaBlake_40_f
30	AnnetteBening	40	AGE40	11413	11412_AnnetteBening_40_f
28	AndreasPapantreou	40	AGE40	886	885_AndreasPapantreou_40_m
562	RockHudson	40	AGE40	6764	6763_RockHudson_40_m
127	HumphreyBogard	40	AGE40	9031	9030_HumphreyBogard_40_m
266	MickJagger	40	AGE40	2784	2783_MickJagger_40_m
40	AnthonyHopkins	40	AGE40	5074	5073_AnthonyHopkins_40_m
160	Einstain	40	AGE40	980	979_Einstain_40_m
212	NormaShearer	40	AGE40	13702	13701_NormaShearer_40_f
553	DanielleDarrieux	40	AGE40	13421	13420_DanielleDarrieux_40_f
360	UgoTognazzi	40	AGE40	7682	7681_UgoTognazzi_40_m
82	MarcelloMastroianni	40	AGE40	9582	9581_MarcelloMastroianni_40_m
389	JaneBirkin	40	AGE40	10086	10085_JaneBirkin_40_f
378	ImeldaStaunton	40	AGE40	12200	12199_ImeldaStaunton_40_f
177	OliviaHussey	40	AGE40	11711	11710_OliviaHussey_40_f
350	VittorioGassman	40	AGE40	9246	9245_VittorioGassman_40_m
518	RomanPolanski	40	AGE40	4897	4896_RomanPolanski_40_m
38	BarbaraBouchet	40	AGE40	11861	11860_BarbaraBouchet_40_f
476	RaquelWelch	40	AGE40	10854	10853_RaquelWelch_40_f
171	EmmaThompson	40	AGE40	11036	11035_EmmaThompson_40_f
198	ThomasTerry	40	AGE40	6849	6848_ThomasTerry_40_m
290	CHARLIERUGGLES	40	AGE40	9501	9500_CHARLIERUGGLES_40_m
59	MichaelKeaton	40	AGE40	5493	5492_MichaelKeaton_40_m
13	CatherineSchell	40	AGE40	15128	15127_CatherineSchell_40_f
398	CarlMarx	40	AGE40	1483	1482_CarlMarx_40_m
358	NicolasSarkozy	40	AGE40	5530	5529_NicolasSarkozy_40_m
483	Bono	40	AGE40	1544	1543_Bono_40_m
175	FrancesDee	40	AGE40	5828	5827_FrancesDee_40_m
356	JeffreyJones	40	AGE40	4245	4244_JeffreyJones_40_m
194	JaneFonda	40	AGE40	10120	10119_JaneFonda_40_f
292	KathrynHays	40	AGE40	10570	10569_KathrynHays_40_f
135	RichardPryor	40	AGE40	16235	16234_RichardPryor_40_m
495	CybillShepherd	40	AGE40	12003	12002_CybillShepherd_40_f
406	StevenSeagal	40	AGE40	4437	4436_StevenSeagal_40_m
482	JuneLockhart	40	AGE40	11125	11124_JuneLockhart_40_f
101	EdwardTeller	40	AGE40	1053	1052_EdwardTeller_40_m
174	LelandStanford	40	AGE40	414	413_LelandStanford_40_m
485	DanaAndrews	40	AGE40	6135	6134_DanaAndrews_40_m
62	SteveMcQueen	40	AGE40	9399	9398_SteveMcQueen_40_m
380	TomasMilian	40	AGE40	3901	3900_TomasMilian_40_m
515	mahatmagandhi	40	AGE40	847	846_mahatmagandhi_40_m
429	JoanLorring	40	AGE40	13182	13181_JoanLorring_40_f
62	SteveMcQueen	40	AGE40	9398	9397_SteveMcQueen_40_m
517	GeraldinePage	40	AGE40	14203	14202_GeraldinePage_40_f
276	AnthonyPerkins	40	AGE40	8799	8798_AnthonyPerkins_40_m
319	RingoStarr	40	AGE40	3698	3697_RingoStarr_40_m
99	YvonneDeCarlo	40	AGE40	14612	14611_YvonneDeCarlo_40_f
275	NelsonMandela	40	AGE40	16019	16018_NelsonMandela_40_m
408	MelBrooks	40	AGE40	2098	2097_MelBrooks_40_m
517	GeraldinePage	40	AGE40	14219	14218_GeraldinePage_40_f
51	ClaudeL╨ТviStrauss	40	AGE40	1217	1216_ClaudeL╨ТviStrauss_40_m
137	SidneyPoitier	40	AGE40	16158	16157_SidneyPoitier_40_m
428	OmarSharif	40	AGE40	3647	3646_OmarSharif_40_m
197	LinoVentura	40	AGE40	7310	7309_LinoVentura_40_m
438	JackLemon	40	AGE40	5308	5307_JackLemon_40_m
540	JeanClaudeVanDamme	40	AGE40	9060	9059_JeanClaudeVanDamme_40_m
175	FrancesDee	40	AGE40	12606	12605_FrancesDee_40_f
173	GreerGarson	40	AGE40	14035	14034_GreerGarson_40_f
312	JohnnyCash	40	AGE40	6486	6485_JohnnyCash_40_m
494	JessicaTandy	40	AGE40	13613	13612_JessicaTandy_40_f
19	EdwardFox	40	AGE40	1914	1913_EdwardFox_40_m
322	AlbertCamus	40	AGE40	1322	1321_AlbertCamus_40_m
322	AlbertCamus	40	AGE40	1329	1328_AlbertCamus_40_m
479	PeterUstinov	40	AGE40	8202	8201_PeterUstinov_40_m
271	RichardAttenborough	40	AGE40	8738	8737_RichardAttenborough_40_m
30	AnnetteBening	40	AGE40	11412	11411_AnnetteBening_40_f
204	LilliPalmer	40	AGE40	13675	13674_LilliPalmer_40_f
293	PeterGraves	40	AGE40	6681	6680_PeterGraves_40_m
176	RodTaylor	40	AGE40	2268	2267_RodTaylor_40_m
322	AlbertCamus	40	AGE40	1331	1330_AlbertCamus_40_m
193	GeorgePeppard	40	AGE40	7933	7932_GeorgePeppard_40_m
322	AlbertCamus	40	AGE40	1333	1332_AlbertCamus_40_m
206	HowardKeel	40	AGE40	5896	5895_HowardKeel_40_m
46	JohnMalkovich	40	AGE40	5376	5375_JohnMalkovich_40_m
133	LeeJCobb	40	AGE40	6562	6561_LeeJCobb_40_m
269	BenGazzara	40	AGE40	5777	5776_BenGazzara_40_m
510	PeterFalk	40	AGE40	5596	5595_PeterFalk_40_m
565	MelGibson	40	AGE40	2152	2151_MelGibson_40_m
386	AlainDelon	40	AGE40	2372	2371_AlainDelon_40_m
53	JulieChristie	40	AGE40	11515	11514_JulieChristie_40_f
201	KirkDouglas	40	AGE40	4290	4289_KirkDouglas_40_m
426	TheodorakisMikis	40	AGE40	242	241_TheodorakisMikis_40_m
514	LindaEvans	40	AGE40	10618	10617_LindaEvans_40_f
102	WalterPidgeon	40	AGE40	8435	8434_WalterPidgeon_40_m
201	KirkDouglas	40	AGE40	4291	4290_KirkDouglas_40_m
31	Ross	40	AGE40	16404	16403_Ross_40_f
426	TheodorakisMikis	40	AGE40	243	242_TheodorakisMikis_40_m
426	TheodorakisMikis	40	AGE40	252	251_TheodorakisMikis_40_m
272	ElvisPresley	40	AGE40	227	226_ElvisPresley_40_m
145	DonJohnson	40	AGE40	2517	2516_DonJohnson_40_m
172	ChristopherEccleston	40	AGE40	8897	8896_ChristopherEccleston_40_m
517	GeraldinePage	40	AGE40	14185	14184_GeraldinePage_40_f
517	GeraldinePage	40	AGE40	14202	14201_GeraldinePage_40_f
203	DebraPaget	40	AGE40	15239	15238_DebraPaget_40_f
90	MichelPiccoli	40	AGE40	4745	4744_MichelPiccoli_40_m
359	KostasVoutsas	40	AGE40	4706	4705_KostasVoutsas_40_m
386	AlainDelon	40	AGE40	2367	2366_AlainDelon_40_m
369	BorisKarloff	40	AGE40	6915	6914_BorisKarloff_40_m
106	SteveMartin	40	AGE40	3871	3870_SteveMartin_40_m
317	BillMurray	40	AGE40	2401	2400_BillMurray_40_m
521	StefaniePowers	40	AGE40	15824	15823_StefaniePowers_40_f
343	PaulmcCartney	40	AGE40	140	139_PaulmcCartney_40_m
108	MelindaDillion	40	AGE40	12310	12309_MelindaDillion_40_f
162	PeterSellers	40	AGE40	9157	9156_PeterSellers_40_m
554	CharlieChaplin	40	AGE40	8538	8537_CharlieChaplin_40_m
492	RobertDuvall	40	AGE40	4377	4376_RobertDuvall_40_m
178	AndyGriffith	40	AGE40	7794	7793_AndyGriffith_40_m
260	AmandaRedman	40	AGE40	13283	13282_AmandaRedman_40_f
361	CarlSagan	40	AGE40	995	994_CarlSagan_40_m
54	KevinSpacey	40	AGE40	3429	3428_KevinSpacey_40_m
435	DebbieReynolds	40	AGE40	12035	12034_DebbieReynolds_40_f
466	CharlesBronson	40	AGE40	8517	8516_CharlesBronson_40_m
450	RobertOppenheimer	40	AGE40	1242	1241_RobertOppenheimer_40_m
547	RuthGordon	40	AGE40	12887	12886_RuthGordon_40_f
96	JackColeman	40	AGE40	3304	3303_JackColeman_40_m
402	Davis	40	AGE40	16316	16315_Davis_40_f
228	SophiaLoren	40	AGE40	11287	11286_SophiaLoren_40_f
299	GeorgeMontgomery	40	AGE40	9321	9320_GeorgeMontgomery_40_m
287	JosephCotten	40	AGE40	7218	7217_JosephCotten_40_m
223	ElkeSommer	40	AGE40	9958	9957_ElkeSommer_40_f
66	BruceWillis	40	AGE40	3082	3081_BruceWillis_40_m
261	KlausKinski	40	AGE40	6530	6529_KlausKinski_40_m
500	IanHolm	40	AGE40	1563	1562_IanHolm_40_m
4	CaryGrant	40	AGE40	6096	6095_CaryGrant_40_m
229	Myl╨ЪneDemongeot	40	AGE40	12859	12858_Myl╨ЪneDemongeot_40_f
148	WillSmith 	40	AGE40	16075	16074_WillSmith _40_m
262	MarlonBrando	40	AGE40	9115	9114_MarlonBrando_40_m
281	RutgerHauer	40	AGE40	3762	3761_RutgerHauer_40_m
140	EdHarris	40	AGE40	1701	1700_EdHarris_40_m
21	JamesStewart	40	AGE40	8647	8646_JamesStewart_40_m
163	CharlieSheen	40	AGE40	4038	4037_CharlieSheen_40_m
377	TomHulce	40	AGE40	1813	1812_TomHulce_40_m
488	DickVanDyke	40	AGE40	4093	4092_DickVanDyke_40_m
41	DenzelWashington	40	AGE40	6183	6182_DenzelWashington_40_m
366	MelFerrer	40	AGE40	6624	6623_MelFerrer_40_m
57	AlikiBoug	40	AGE40	12543	12542_AlikiBoug_40_f
330	JuneAllyson	40	AGE40	13651	13650_JuneAllyson_40_f
67	JamesCaan	40	AGE40	1998	1997_JamesCaan_40_m
301	JudyGarland	40	AGE40	14054	14053_JudyGarland_40_f
33	JamesCoburn	40	AGE40	6408	6407_JamesCoburn_40_m
329	MargaretNolan	40	AGE40	15719	15718_MargaretNolan_40_f
162	PeterSellers	40	AGE40	9181	9180_PeterSellers_40_m
308	JanetLeigh	40	AGE40	12718	12717_JanetLeigh_40_f
551	JeanetteMacDonald	40	AGE40	15500	15499_JeanetteMacDonald_40_f
551	JeanetteMacDonald	40	AGE40	15481	15480_JeanetteMacDonald_40_f
560	GregoryPeck	40	AGE40	9361	9360_GregoryPeck_40_m
227	KennethBranagh	40	AGE40	5435	5434_KennethBranagh_40_m
430	HelenHayes	40	AGE40	13536	13535_HelenHayes_40_f
22	TerryMoore	40	AGE40	10319	10318_TerryMoore_40_f
92	RogerMoore	40	AGE40	4856	4855_RogerMoore_40_m
316	MegRyan	40	AGE40	9687	9686_MegRyan_40_f
365	JohnVernon	40	AGE40	6455	6454_JohnVernon_40_m
450	RobertOppenheimer	40	AGE40	1234	1233_RobertOppenheimer_40_m
464	BetteMidler	40	AGE40	10451	10450_BetteMidler_40_f
2	RoyRogers	40	AGE40	5704	5703_RoyRogers_40_m
282	ValerieHarper	40	AGE40	11794	11793_ValerieHarper_40_f
225	ClarkGable	40	AGE40	5811	5810_ClarkGable_40_m
487	JaneWyman	40	AGE40	13155	13154_JaneWyman_40_f
300	PeterMarkRichman	40	AGE40	7475	7474_PeterMarkRichman_40_m
548	CatherineDeneuve	40	AGE40	12957	12956_CatherineDeneuve_40_f
188	JulieAndrews	40	AGE40	11484	11483_JulieAndrews_40_f
121	RafVallone	40	AGE40	6035	6034_RafVallone_40_m
513	DonnaReed	40	AGE40	12584	12583_DonnaReed_40_f
262	MarlonBrando	40	AGE40	9116	9115_MarlonBrando_40_m
27	LaurenBacall	40	AGE40	11547	11546_LaurenBacall_40_f
29	IreneDunne	40	AGE40	13562	13561_IreneDunne_40_f
20	JohnTravolta	40	AGE40	4690	4689_JohnTravolta_40_m
125	AlexandrakisAlekos	40	AGE40	9634	9633_AlexandrakisAlekos_40_m
220	RobertDeNiro	40	AGE40	5677	5676_RobertDeNiro_40_m
220	RobertDeNiro	40	AGE40	5676	5675_RobertDeNiro_40_m
346	GloriaSwanson	40	AGE40	13986	13985_GloriaSwanson_40_f
123	Dee	40	AGE40	16329	16328_Dee_40_f
298	FrankSinatra	40	AGE40	8626	8625_FrankSinatra_40_m
161	MaggieSmith	40	AGE40	10720	10719_MaggieSmith_40_f
257	HorstBuchholz	40	AGE40	8052	8051_HorstBuchholz_40_m
230	SusanGeorge	40	AGE40	10870	10869_SusanGeorge_40_f
298	FrankSinatra	40	AGE40	8625	8624_FrankSinatra_40_m
331	SamElliott	40	AGE40	2883	2882_SamElliott_40_m
445	JohnCassavetes	40	AGE40	8673	8672_JohnCassavetes_40_m
501	RayLiotta	40	AGE40	2231	2230_RayLiotta_40_m
50	PeggyLipton	40	AGE40	10808	10807_PeggyLipton_40_f
414	LauraDern	40	AGE40	9891	9890_LauraDern_40_f
219	DerekJacobi	40	AGE40	3170	3169_DerekJacobi_40_m
92	RogerMoore	40	AGE40	4873	4872_RogerMoore_40_m
166	AnnJillian	40	AGE40	14990	14989_AnnJillian_40_f
297	TildaSwinton	40	AGE40	11770	11769_TildaSwinton_40_f
360	UgoTognazzi	40	AGE40	7681	7680_UgoTognazzi_40_m
520	MaryTamm	40	AGE40	15742	15741_MaryTamm_40_f
469	ClaudiaCardinale	40	AGE40	12993	12992_ClaudiaCardinale_40_f
69	BrianDennehy	40	AGE40	3943	3942_BrianDennehy_40_m
382	GilbertRoland	40	AGE40	7952	7951_GilbertRoland_40_m
371	ChristopherPlummer	40	AGE40	7866	7865_ChristopherPlummer_40_m
393	WinstonChurchill	40	AGE40	869	868_WinstonChurchill_40_m
469	ClaudiaCardinale	40	AGE40	12994	12993_ClaudiaCardinale_40_f
420	MaryTylerMoore	40	AGE40	12827	12826_MaryTylerMoore_40_f
508	VictorMature	40	AGE40	8419	8418_VictorMature_40_m
280	BillNighy	40	AGE40	3041	3040_BillNighy_40_m
221	JulieBishop	40	AGE40	15544	15543_JulieBishop_40_f
125	AlexandrakisAlekos	40	AGE40	9629	9628_AlexandrakisAlekos_40_m
523	MartinSheen	40	AGE40	3528	3527_MartinSheen_40_m
149	AlecGuinness	40	AGE40	8775	8774_AlecGuinness_40_m
12	MerylStreep	40	AGE40	10735	10734_MerylStreep_40_f
33	JamesCoburn	40	AGE40	6407	6406_JamesCoburn_40_m
326	SteveKanaly	40	AGE40	3850	3849_SteveKanaly_40_m
554	CharlieChaplin	40	AGE40	8547	8546_CharlieChaplin_40_m
421	SigourneyWeaver	40	AGE40	13305	13304_SigourneyWeaver_40_f
450	RobertOppenheimer	40	AGE40	1239	1238_RobertOppenheimer_40_m
93	JonFinch	40	AGE40	5411	5410_JonFinch_40_m
189	MurrayHamilton	40	AGE40	8698	8697_MurrayHamilton_40_m
272	ElvisPresley	41	AGE41	228	227_ElvisPresley_41_m
15	AnneBancroft	41	AGE41	13866	13865_AnneBancroft_41_f
48	GenaRowlands	41	AGE41	4136	4135_GenaRowlands_41_m
247	MichaelYork	41	AGE41	3574	3573_MichaelYork_41_m
408	MelBrooks	41	AGE41	2099	2098_MelBrooks_41_m
548	CatherineDeneuve	41	AGE41	12958	12957_CatherineDeneuve_41_f
301	JudyGarland	41	AGE41	14055	14054_JudyGarland_41_f
102	WalterPidgeon	41	AGE41	8436	8435_WalterPidgeon_41_m
439	IsabelleAdjani	41	AGE41	12240	12239_IsabelleAdjani_41_f
302	ClaudeRich	41	AGE41	2467	2466_ClaudeRich_41_m
109	MariaCallas	41	AGE41	5	4_MariaCallas_41_f
81	EdwigeFenech	41	AGE41	15313	15312_EdwigeFenech_41_f
315	DirkBogarde	41	AGE41	6245	6244_DirkBogarde_41_m
259	ChristopherWalken	41	AGE41	7004	7003_ChristopherWalken_41_m
109	MariaCallas	41	AGE41	24	23_MariaCallas_41_f
277	AliMacGraw	41	AGE41	9924	9923_AliMacGraw_41_f
432	JenniferAniston	41	AGE41	12755	12754_JenniferAniston_41_f
93	JonFinch	41	AGE41	5412	5411_JonFinch_41_m
457	JeffBridges	41	AGE41	3335	3334_JeffBridges_41_m
286	CydCharisse	41	AGE41	15189	15188_CydCharisse_41_f
256	PatrickSwayze	41	AGE41	8172	8171_PatrickSwayze_41_m
410	AlejandroRey	41	AGE41	8506	8505_AlejandroRey_41_m
401	ErinGray	41	AGE41	15350	15349_ErinGray_41_f
428	OmarSharif	41	AGE41	3648	3647_OmarSharif_41_m
449	ZsaZsaGabor	41	AGE41	11372	11371_ZsaZsaGabor_41_f
319	RingoStarr	41	AGE41	3699	3698_RingoStarr_41_m
314	YannisRitsos	41	AGE41	1516	1515_YannisRitsos_41_m
53	JulieChristie	41	AGE41	11516	11515_JulieChristie_41_f
84	AngelaLansbury	41	AGE41	11963	11962_AngelaLansbury_41_f
292	KathrynHays	41	AGE41	10571	10570_KathrynHays_41_f
555	GeneWilder	41	AGE41	2582	2581_GeneWilder_41_m
273	JoanCrawford	41	AGE41	14296	14295_JoanCrawford_41_f
255	NickNolte	41	AGE41	2191	2190_NickNolte_41_m
312	JohnnyCash	41	AGE41	6487	6486_JohnnyCash_41_m
108	MelindaDillion	41	AGE41	12311	12310_MelindaDillion_41_f
272	ElvisPresley	41	AGE41	229	228_ElvisPresley_41_m
539	KristinScottThomas	41	AGE41	14343	14342_KristinScottThomas_41_f
273	JoanCrawford	41	AGE41	14287	14286_JoanCrawford_41_f
551	JeanetteMacDonald	41	AGE41	15501	15500_JeanetteMacDonald_41_f
407	JulieAdams	41	AGE41	10201	10200_JulieAdams_41_f
276	AnthonyPerkins	41	AGE41	8800	8799_AnthonyPerkins_41_m
437	MarisaPavan	41	AGE41	3501	3500_MarisaPavan_41_m
109	MariaCallas	41	AGE41	8	7_MariaCallas_41_f
3	ArnoldSchwarzenegger	41	AGE41	8834	8833_ArnoldSchwarzenegger_41_m
420	MaryTylerMoore	41	AGE41	12828	12827_MaryTylerMoore_41_f
428	OmarSharif	41	AGE41	3649	3648_OmarSharif_41_m
33	JamesCoburn	41	AGE41	6409	6408_JamesCoburn_41_m
100	LyleTalbot	41	AGE41	7380	7379_LyleTalbot_41_m
434	DavidCarradine	41	AGE41	8604	8603_DavidCarradine_41_m
78	JamesBest	41	AGE41	1954	1953_JamesBest_41_m
331	SamElliott	41	AGE41	2884	2883_SamElliott_41_m
79	JudyDavis	41	AGE41	9832	9831_JudyDavis_41_f
90	MichelPiccoli	41	AGE41	4746	4745_MichelPiccoli_41_m
301	JudyGarland	41	AGE41	14056	14055_JudyGarland_41_f
551	JeanetteMacDonald	41	AGE41	15482	15481_JeanetteMacDonald_41_f
553	DanielleDarrieux	41	AGE41	13453	13452_DanielleDarrieux_41_f
445	JohnCassavetes	41	AGE41	8674	8673_JohnCassavetes_41_m
95	DavidSarnoff	41	AGE41	365	364_DavidSarnoff_41_m
12	MerylStreep	41	AGE41	10737	10736_MerylStreep_41_f
535	Tyson	41	AGE41	16456	16455_Tyson_41_f
107	DianneWiest	41	AGE41	10484	10483_DianneWiest_41_f
288	AnitaEkberg	41	AGE41	10355	10354_AnitaEkberg_41_f
105	KatharineRoss	41	AGE41	15644	15643_KatharineRoss_41_f
327	TommyLeeJones	41	AGE41	5739	5738_TommyLeeJones_41_m
24	HelenHunt	41	AGE41	10055	10054_HelenHunt_41_f
29	IreneDunne	41	AGE41	13563	13562_IreneDunne_41_f
307	GiulianoGemma	41	AGE41	7994	7993_GiulianoGemma_41_m
75	EllenBurstyn	41	AGE41	10997	10996_EllenBurstyn_41_f
546	SusanSarandon	41	AGE41	11735	11734_SusanSarandon_41_f
541	ThelmaRitter	41	AGE41	13787	13786_ThelmaRitter_41_f
317	BillMurray	41	AGE41	2402	2401_BillMurray_41_m
289	JohnWayne	41	AGE41	7194	7193_JohnWayne_41_m
90	MichelPiccoli	41	AGE41	4747	4746_MichelPiccoli_41_m
294	JamieLeeCurtis	41	AGE41	12685	12684_JamieLeeCurtis_41_f
76	HarveyKeitel	41	AGE41	4188	4187_HarveyKeitel_41_m
284	RobertMorley	41	AGE41	7533	7532_RobertMorley_41_m
400	EliWallach	41	AGE41	3200	3199_EliWallach_41_m
419	ShirleyJones	41	AGE41	11257	11256_ShirleyJones_41_f
264	LexBarker	41	AGE41	6589	6588_LexBarker_41_m
403	RogerAllam	41	AGE41	3729	3728_RogerAllam_41_m
251	St╨ТphaneAudran	41	AGE41	15870	15869_St╨ТphaneAudran_41_f
98	RichardChamberlain	41	AGE41	8282	8281_RichardChamberlain_41_m
297	TildaSwinton	41	AGE41	11771	11770_TildaSwinton_41_f
435	DebbieReynolds	41	AGE41	12036	12035_DebbieReynolds_41_f
326	SteveKanaly	41	AGE41	3851	3850_SteveKanaly_41_m
415	SamNeill	41	AGE41	2302	2301_SamNeill_41_m
536	BerryGordy	41	AGE41	454	453_BerryGordy_41_m
263	JanePowell	41	AGE41	15391	15390_JanePowell_41_f
310	KevinBacon	41	AGE41	2726	2725_KevinBacon_41_m
1	HerbertLom	41	AGE41	5851	5850_HerbertLom_41_m
453	DaliahLavi	41	AGE41	10953	10952_DaliahLavi_41_f
86	MarietteHartley	41	AGE41	10288	10287_MarietteHartley_41_f
423	JoanCusack	41	AGE41	10155	10154_JoanCusack_41_f
73	DyanCannon	41	AGE41	15262	15261_DyanCannon_41_f
325	tomselleck	41	AGE41	2963	2962_tomselleck_41_m
77	RobertRyan	41	AGE41	7583	7582_RobertRyan_41_m
249	LivUllmann	41	AGE41	10257	10256_LivUllmann_41_f
268	WarrenBeatty	41	AGE41	5026	5025_WarrenBeatty_41_m
306	KrisKristofferson	41	AGE41	7250	7249_KrisKristofferson_41_m
540	JeanClaudeVanDamme	41	AGE41	9061	9060_JeanClaudeVanDamme_41_m
447	GlennClose	41	AGE41	9987	9986_GlennClose_41_f
452	GordonThomson	41	AGE41	4588	4587_GordonThomson_41_m
440	RayDanton	41	AGE41	5671	5670_RayDanton_41_m
316	MegRyan	41	AGE41	9688	9687_MegRyan_41_f
538	BarbaraStanwyck	41	AGE41	14649	14648_BarbaraStanwyck_41_f
300	PeterMarkRichman	41	AGE41	7476	7475_PeterMarkRichman_41_m
400	EliWallach	41	AGE41	3217	3216_EliWallach_41_m
271	RichardAttenborough	41	AGE41	8726	8725_RichardAttenborough_41_m
409	RexHarrison	41	AGE41	6730	6729_RexHarrison_41_m
271	RichardAttenborough	41	AGE41	8727	8726_RichardAttenborough_41_m
287	JosephCotten	41	AGE41	7231	7230_JosephCotten_41_m
534	AlbertoSordi	41	AGE41	7752	7751_AlbertoSordi_41_m
112	MickeyRooney	41	AGE41	7421	7420_MickeyRooney_41_m
88	StacyKeach	41	AGE41	3810	3809_StacyKeach_41_m
16	ReginaldOwen	41	AGE41	8245	8244_ReginaldOwen_41_m
334	LauraAntonelli	41	AGE41	12290	12289_LauraAntonelli_41_f
550	RalphMacchio	41	AGE41	4357	4356_RalphMacchio_41_m
49	BobHope	41	AGE41	5154	5153_BobHope_41_m
103	Houston	41	AGE41	16396	16395_Houston_41_f
304	DavidNiven	41	AGE41	7056	7055_DavidNiven_41_m
283	BettyGrable	41	AGE41	13936	13935_BettyGrable_41_f
82	MarcelloMastroianni	41	AGE41	9583	9582_MarcelloMastroianni_41_m
261	KlausKinski	41	AGE41	6531	6530_KlausKinski_41_m
443	HedyLamarr	41	AGE41	12637	12636_HedyLamarr_41_f
452	GordonThomson	41	AGE41	4589	4588_GordonThomson_41_m
328	PabloPicasso	41	AGE41	272	271_PabloPicasso_41_m
313	LeslieCaron	41	AGE41	3457	3456_LeslieCaron_41_m
260	AmandaRedman	41	AGE41	13284	13283_AmandaRedman_41_f
13	CatherineSchell	41	AGE41	15129	15128_CatherineSchell_41_f
32	BonnieHunt	41	AGE41	15098	15097_BonnieHunt_41_f
311	MonicaVitti	41	AGE41	11194	11193_MonicaVitti_41_f
542	IanMcKellen	41	AGE41	3272	3271_IanMcKellen_41_m
248	MartinScorsese	41	AGE41	5475	5474_MartinScorsese_41_m
542	IanMcKellen	41	AGE41	3271	3270_IanMcKellen_41_m
293	PeterGraves	41	AGE41	6682	6681_PeterGraves_41_m
104	VanessaRedgrave	41	AGE41	13811	13810_VanessaRedgrave_41_f
323	JohnJames	41	AGE41	2038	2037_JohnJames_41_m
436	LindsayWagner	41	AGE41	11575	11574_LindsayWagner_41_f
25	ShirleyMacLaine	41	AGE41	13252	13251_ShirleyMacLaine_41_f
273	JoanCrawford	41	AGE41	14281	14280_JoanCrawford_41_f
417	StevenBerkoff	41	AGE41	4935	4934_StevenBerkoff_41_m
245	RichardBoone	41	AGE41	7509	7508_RichardBoone_41_m
353	ArmandAssante	41	AGE41	5129	5128_ArmandAssante_41_m
474	TellySavalas	41	AGE41	7615	7614_TellySavalas_41_m
518	RomanPolanski	41	AGE41	4898	4897_RomanPolanski_41_m
64	MikeConnors	41	AGE41	3604	3603_MikeConnors_41_m
562	RockHudson	41	AGE41	6766	6765_RockHudson_41_m
473	LizaMinelli	41	AGE41	11164	11163_LizaMinelli_41_f
351	JonVoight	41	AGE41	2060	2059_JonVoight_41_m
474	TellySavalas	41	AGE41	7614	7613_TellySavalas_41_m
389	JaneBirkin	41	AGE41	10087	10086_JaneBirkin_41_f
127	HumphreyBogard	41	AGE41	9029	9028_HumphreyBogard_41_m
471	ClaudetteColbert	41	AGE41	14673	14672_ClaudetteColbert_41_f
65	JohnForsythe	41	AGE41	8069	8068_JohnForsythe_41_m
38	BarbaraBouchet	41	AGE41	11862	11861_BarbaraBouchet_41_f
21	JamesStewart	41	AGE41	8654	8653_JamesStewart_41_m
126	JamesArness	41	AGE41	6348	6347_JamesArness_41_m
219	DerekJacobi	41	AGE41	3171	3170_DerekJacobi_41_m
350	VittorioGassman	41	AGE41	9247	9246_VittorioGassman_41_m
9	FessParker	41	AGE41	7072	7071_FessParker_41_m
476	RaquelWelch	41	AGE41	10839	10838_RaquelWelch_41_f
478	FredAstaire	41	AGE41	7896	7895_FredAstaire_41_m
514	LindaEvans	41	AGE41	10619	10618_LindaEvans_41_f
383	JamesGarner	41	AGE41	4640	4639_JamesGarner_41_m
358	NicolasSarkozy	41	AGE41	5532	5531_NicolasSarkozy_41_m
517	GeraldinePage	41	AGE41	14217	14216_GeraldinePage_41_f
197	LinoVentura	41	AGE41	7311	7310_LinoVentura_41_m
384	JosephStalin	41	AGE41	813	812_JosephStalin_41_m
198	ThomasTerry	41	AGE41	6850	6849_ThomasTerry_41_m
62	SteveMcQueen	41	AGE41	9400	9399_SteveMcQueen_41_m
135	RichardPryor	41	AGE41	16217	16216_RichardPryor_41_m
482	JuneLockhart	41	AGE41	11126	11125_JuneLockhart_41_f
200	AnnMargret	41	AGE41	10388	10387_AnnMargret_41_f
356	JeffreyJones	41	AGE41	4246	4245_JeffreyJones_41_m
63	PeggyAshcroft	41	AGE41	14481	14480_PeggyAshcroft_41_f
54	KevinSpacey	41	AGE41	3430	3429_KevinSpacey_41_m
355	CelesteHolm	41	AGE41	13377	13376_CelesteHolm_41_f
354	RandolphScott	41	AGE41	8225	8224_RandolphScott_41_m
478	FredAstaire	41	AGE41	7882	7881_FredAstaire_41_m
220	RobertDeNiro	41	AGE41	5678	5677_RobertDeNiro_41_m
485	DanaAndrews	41	AGE41	6140	6139_DanaAndrews_41_m
21	JamesStewart	41	AGE41	8659	8658_JamesStewart_41_m
124	SartreJeanPaul	41	AGE41	1401	1400_SartreJeanPaul_41_m
230	SusanGeorge	41	AGE41	10871	10870_SusanGeorge_41_f
231	AnthonyAndrews	41	AGE41	5057	5056_AnthonyAndrews_41_m
393	WinstonChurchill	41	AGE41	871	870_WinstonChurchill_41_m
559	SylvesterStallone	41	AGE41	7593	7592_SylvesterStallone_41_m
525	BoDerek	41	AGE41	9657	9656_BoDerek_41_f
232	ConnieBooth	41	AGE41	15159	15158_ConnieBooth_41_f
463	OrnellaMuti	41	AGE41	10778	10777_OrnellaMuti_41_f
392	EstherWilliams	41	AGE41	14166	14165_EstherWilliams_41_f
340	CliffRobertson	41	AGE41	8556	8555_CliffRobertson_41_m
558	MichaelPalin	41	AGE41	4319	4318_MichaelPalin_41_m
233	Arletty	41	AGE41	10912	10911_Arletty_41_f
69	BrianDennehy	41	AGE41	3944	3943_BrianDennehy_41_m
339	ChuckNorris	41	AGE41	3107	3106_ChuckNorris_41_m
119	AlanYoung	41	AGE41	1883	1882_AlanYoung_41_m
234	MyrnaLoy	41	AGE41	12357	12356_MyrnaLoy_41_f
235	SilvanaMangano	41	AGE41	14810	14809_SilvanaMangano_41_f
340	CliffRobertson	41	AGE41	8557	8556_CliffRobertson_41_m
36	ScottGlenn	41	AGE41	2922	2921_ScottGlenn_41_m
464	BetteMidler	41	AGE41	10475	10474_BetteMidler_41_f
228	SophiaLoren	41	AGE41	11299	11298_SophiaLoren_41_f
37	JoanneWoodward	41	AGE41	12266	12265_JoanneWoodward_41_f
123	Dee	41	AGE41	16341	16340_Dee_41_f
521	StefaniePowers	41	AGE41	15825	15824_StefaniePowers_41_f
122	MorganFreeman 	41	AGE41	16030	16029_MorganFreeman _41_m
10	JeffDaniels	41	AGE41	3364	3363_JeffDaniels_41_m
223	ElkeSommer	41	AGE41	9959	9958_ElkeSommer_41_f
223	ElkeSommer	41	AGE41	9960	9959_ElkeSommer_41_f
522	DannyGlover	41	AGE41	16084	16083_DannyGlover_41_m
67	JamesCaan	41	AGE41	1999	1998_JamesCaan_41_m
67	JamesCaan	41	AGE41	2000	1999_JamesCaan_41_m
522	DannyGlover	41	AGE41	16092	16091_DannyGlover_41_m
122	MorganFreeman 	41	AGE41	16048	16047_MorganFreeman _41_m
224	campbell	41	AGE41	16287	16286_campbell_41_f
121	RafVallone	41	AGE41	6036	6035_RafVallone_41_m
344	ElVenizelos	41	AGE41	701	700_ElVenizelos_41_m
227	KennethBranagh	41	AGE41	5436	5435_KennethBranagh_41_m
464	BetteMidler	41	AGE41	10461	10460_BetteMidler_41_f
124	SartreJeanPaul	41	AGE41	1398	1397_SartreJeanPaul_41_m
194	JaneFonda	41	AGE41	10121	10120_JaneFonda_41_f
358	NicolasSarkozy	41	AGE41	5531	5530_NicolasSarkozy_41_m
137	SidneyPoitier	41	AGE41	16159	16158_SidneyPoitier_41_m
499	AmandaBlake	41	AGE41	14952	14951_AmandaBlake_41_f
370	PeterOToole	41	AGE41	5651	5650_PeterOToole_41_m
168	JohnCleese	41	AGE41	2681	2680_JohnCleese_41_m
565	MelGibson	41	AGE41	2153	2152_MelGibson_41_m
169	Turner	41	AGE41	16420	16419_Turner_41_f
369	BorisKarloff	41	AGE41	6916	6915_BorisKarloff_41_m
19	EdwardFox	41	AGE41	1915	1914_EdwardFox_41_m
508	VictorMature	41	AGE41	8420	8419_VictorMature_41_m
170	CharlesBoyer	41	AGE41	6960	6959_CharlesBoyer_41_m
146	RicardoMontalb╨░n	41	AGE41	9543	9542_RicardoMontalb╨░n_41_m
510	PeterFalk	41	AGE41	5597	5596_PeterFalk_41_m
172	ChristopherEccleston	41	AGE41	8898	8897_ChristopherEccleston_41_m
368	BettyGarrett	41	AGE41	15055	15054_BettyGarrett_41_f
173	GreerGarson	41	AGE41	14025	14024_GreerGarson_41_f
495	CybillShepherd	41	AGE41	12004	12003_CybillShepherd_41_f
367	LiamNeeson	41	AGE41	2755	2754_LiamNeeson_41_m
378	ImeldaStaunton	41	AGE41	12201	12200_ImeldaStaunton_41_f
166	AnnJillian	41	AGE41	14991	14990_AnnJillian_41_f
148	WillSmith 	41	AGE41	16076	16075_WillSmith _41_m
164	KimBasinger	41	AGE41	10595	10594_KimBasinger_41_f
153	GaryOldman	41	AGE41	2558	2557_GaryOldman_41_m
375	EdwardGRobinson	41	AGE41	9428	9427_EdwardGRobinson_41_m
154	JeanneMoreau	41	AGE41	11059	11058_JeanneMoreau_41_f
505	GingerRogers	41	AGE41	13483	13482_GingerRogers_41_f
158	SpencerTracy	41	AGE41	8393	8392_SpencerTracy_41_m
159	PierceBrosnan	41	AGE41	4797	4796_PierceBrosnan_41_m
373	BobDylan	41	AGE41	1669	1668_BobDylan_41_m
150	RitaLeviMontalcini	41	AGE41	1300	1299_RitaLeviMontalcini_41_f
377	TomHulce	41	AGE41	1814	1813_TomHulce_41_m
0	YvesMontand	41	AGE41	6886	6885_YvesMontand_41_m
160	Einstain	41	AGE41	976	975_Einstain_41_m
160	Einstain	41	AGE41	982	981_Einstain_41_m
501	RayLiotta	41	AGE41	2232	2231_RayLiotta_41_m
162	PeterSellers	41	AGE41	9156	9155_PeterSellers_41_m
163	CharlieSheen	41	AGE41	4039	4038_CharlieSheen_41_m
372	BernadetteLafont	41	AGE41	14877	14876_BernadetteLafont_41_f
164	KimBasinger	41	AGE41	10594	10593_KimBasinger_41_f
175	FrancesDee	41	AGE41	5829	5828_FrancesDee_41_m
175	FrancesDee	41	AGE41	12607	12606_FrancesDee_41_f
380	TomasMilian	41	AGE41	3902	3901_TomasMilian_41_m
494	JessicaTandy	41	AGE41	13614	13613_JessicaTandy_41_f
489	MarleneDietrich	41	AGE41	14726	14725_MarleneDietrich_41_f
184	GeorgesMarchal	41	AGE41	9342	9341_GeorgesMarchal_41_m
382	GilbertRoland	41	AGE41	7953	7952_GilbertRoland_41_m
185	TheodoreRoosevelt	41	AGE41	923	922_TheodoreRoosevelt_41_m
141	ErnestBorgnine	41	AGE41	8914	8913_ErnestBorgnine_41_m
61	RonaldReagan	41	AGE41	737	736_RonaldReagan_41_m
488	DickVanDyke	41	AGE41	4094	4093_DickVanDyke_41_m
140	EdHarris	41	AGE41	1723	1722_EdHarris_41_m
190	ClintWalker	41	AGE41	4065	4064_ClintWalker_41_m
40	AnthonyHopkins	41	AGE41	5075	5074_AnthonyHopkins_41_m
139	GalileoGalilei	41	AGE41	1149	1148_GalileoGalilei_41_m
191	LouCostello	41	AGE41	6609	6608_LouCostello_41_m
138	RomySchneider	41	AGE41	14108	14107_RomySchneider_41_f
192	NielsBohr	41	AGE41	1083	1082_NielsBohr_41_m
486	MuhammadAli	41	AGE41	15982	15981_MuhammadAli_41_m
193	GeorgePeppard	41	AGE41	7934	7933_GeorgePeppard_41_m
46	JohnMalkovich	41	AGE41	5377	5376_JohnMalkovich_41_m
141	ErnestBorgnine	41	AGE41	8913	8912_ErnestBorgnine_41_m
118	HelmutBerger	41	AGE41	4227	4226_HelmutBerger_41_m
512	WilliamHolden	41	AGE41	8476	8475_WilliamHolden_41_m
143	BarbraStreisand	41	AGE41	12924	12923_BarbraStreisand_41_f
367	LiamNeeson	41	AGE41	2756	2755_LiamNeeson_41_m
367	LiamNeeson	41	AGE41	2754	2753_LiamNeeson_41_m
176	RodTaylor	41	AGE41	2269	2268_RodTaylor_41_m
144	SusannahYork	41	AGE41	14142	14141_SusannahYork_41_f
177	OliviaHussey	41	AGE41	11712	11711_OliviaHussey_41_f
492	RobertDuvall	41	AGE41	4378	4377_RobertDuvall_41_m
492	RobertDuvall	41	AGE41	4379	4378_RobertDuvall_41_m
366	MelFerrer	41	AGE41	6629	6628_MelFerrer_41_m
178	AndyGriffith	41	AGE41	7795	7794_AndyGriffith_41_m
42	RoyScheider	41	AGE41	13218	13217_RoyScheider_41_f
59	MichaelKeaton	41	AGE41	5494	5493_MichaelKeaton_41_m
365	JohnVernon	41	AGE41	6456	6455_JohnVernon_41_m
491	PhilHartman	41	AGE41	3673	3672_PhilHartman_41_m
42	RoyScheider	41	AGE41	13217	13216_RoyScheider_41_f
180	MichellePfeiffer	41	AGE41	13195	13194_MichellePfeiffer_41_f
42	RoyScheider	41	AGE41	6797	6796_RoyScheider_41_m
42	RoyScheider	41	AGE41	6795	6794_RoyScheider_41_m
60	CharlesGrodin	41	AGE41	5185	5184_CharlesGrodin_41_m
462	KateOMara	41	AGE41	15598	15597_KateOMara_41_f
483	Bono	41	AGE41	1545	1544_Bono_41_m
338	FrancescaAnnis	41	AGE41	12147	12146_FrancescaAnnis_41_f
459	WilliamShatner	41	AGE41	6069	6068_WilliamShatner_41_m
115	BarbaraBain	41	AGE41	10412	10411_BarbaraBain_41_f
526	AngieDickinson	41	AGE41	12423	12422_AngieDickinson_41_f
337	RichardCrenna	41	AGE41	8316	8315_RichardCrenna_41_m
245	RichardBoone	41	AGE41	7508	7507_RichardBoone_41_m
244	JeffGoldblum	41	AGE41	4657	4656_JeffGoldblum_41_m
117	VeraEllen	41	AGE41	15915	15914_VeraEllen_41_f
240	ErrolFlynn	41	AGE41	6279	6278_ErrolFlynn_41_m
237	KathleenTurner	41	AGE41	12764	12763_KathleenTurner_41_f
241	SeanConnery	41	AGE41	3787	3786_SeanConnery_41_m
240	ErrolFlynn	41	AGE41	6286	6285_ErrolFlynn_41_m
460	AnneBaxter	41	AGE41	12510	12509_AnneBaxter_41_f
71	EvaMarieSaint	41	AGE41	12102	12101_EvaMarieSaint_41_f
127	HumphreyBogard	42	AGE42	9038	9037_HumphreyBogard_42_m
494	JessicaTandy	42	AGE42	13625	13624_JessicaTandy_42_f
312	JohnnyCash	42	AGE42	6488	6487_JohnnyCash_42_m
216	FrederickSanger	42	AGE42	1154	1153_FrederickSanger_42_m
325	tomselleck	42	AGE42	2964	2963_tomselleck_42_m
290	CHARLIERUGGLES	42	AGE42	9502	9501_CHARLIERUGGLES_42_m
265	BurtReynolds	42	AGE42	3987	3986_BurtReynolds_42_m
264	LexBarker	42	AGE42	6590	6589_LexBarker_42_m
519	ChevyChase	42	AGE42	2452	2451_ChevyChase_42_m
127	HumphreyBogard	42	AGE42	9022	9021_HumphreyBogard_42_m
519	ChevyChase	42	AGE42	2433	2432_ChevyChase_42_m
26	FayeDunaway	42	AGE42	10516	10515_FayeDunaway_42_f
348	VivienLeigh	42	AGE42	14144	14143_VivienLeigh_42_f
427	NewmanPaul	42	AGE42	7453	7452_NewmanPaul_42_m
495	CybillShepherd	42	AGE42	12005	12004_CybillShepherd_42_f
399	RonPerlman	42	AGE42	2822	2821_RonPerlman_42_m
0	YvesMontand	42	AGE42	6887	6886_YvesMontand_42_m
55	JamesWoods	42	AGE42	2616	2615_JamesWoods_42_m
239	RoseMarie	42	AGE42	9897	9896_RoseMarie_42_f
403	RogerAllam	42	AGE42	3730	3729_RogerAllam_42_m
426	TheodorakisMikis	42	AGE42	244	243_TheodorakisMikis_42_m
390	Garycooper	42	AGE42	7090	7089_Garycooper_42_m
20	JohnTravolta	42	AGE42	4679	4678_JohnTravolta_42_m
12	MerylStreep	42	AGE42	10738	10737_MerylStreep_42_f
367	LiamNeeson	42	AGE42	2757	2756_LiamNeeson_42_m
289	JohnWayne	42	AGE42	7209	7208_JohnWayne_42_m
287	JosephCotten	42	AGE42	7219	7218_JosephCotten_42_m
267	MerkouriMelina	42	AGE42	14927	14926_MerkouriMelina_42_f
92	RogerMoore	42	AGE42	4865	4864_RogerMoore_42_m
64	MikeConnors	42	AGE42	3605	3604_MikeConnors_42_m
32	BonnieHunt	42	AGE42	15099	15098_BonnieHunt_42_f
178	AndyGriffith	42	AGE42	7796	7795_AndyGriffith_42_m
92	RogerMoore	42	AGE42	4858	4857_RogerMoore_42_m
492	RobertDuvall	42	AGE42	4380	4379_RobertDuvall_42_m
511	JackNicolson	42	AGE42	5276	5275_JackNicolson_42_m
366	MelFerrer	42	AGE42	6630	6629_MelFerrer_42_m
266	MickJagger	42	AGE42	2785	2784_MickJagger_42_m
460	AnneBaxter	42	AGE42	12522	12521_AnneBaxter_42_f
144	SusannahYork	42	AGE42	14126	14125_SusannahYork_42_f
211	AnjelicaHuston	42	AGE42	11820	11819_AnjelicaHuston_42_f
389	JaneBirkin	42	AGE42	10088	10087_JaneBirkin_42_f
50	PeggyLipton	42	AGE42	10809	10808_PeggyLipton_42_f
493	PiaLindstrom	42	AGE42	11225	11224_PiaLindstrom_42_f
444	RitaHayworth	42	AGE42	13776	13775_RitaHayworth_42_f
176	RodTaylor	42	AGE42	2270	2269_RodTaylor_42_m
562	RockHudson	42	AGE42	6767	6766_RockHudson_42_m
105	KatharineRoss	42	AGE42	15645	15644_KatharineRoss_42_f
459	WilliamShatner	42	AGE42	6070	6069_WilliamShatner_42_m
471	ClaudetteColbert	42	AGE42	14683	14682_ClaudetteColbert_42_f
469	ClaudiaCardinale	42	AGE42	13006	13005_ClaudiaCardinale_42_f
54	KevinSpacey	42	AGE42	3431	3430_KevinSpacey_42_m
471	ClaudetteColbert	42	AGE42	14674	14673_ClaudetteColbert_42_f
413	EnricoFermi	42	AGE42	1060	1059_EnricoFermi_42_m
172	ChristopherEccleston	42	AGE42	8899	8898_ChristopherEccleston_42_m
44	VincentPrice	42	AGE42	7721	7720_VincentPrice_42_m
379	JamesCagney	42	AGE42	6381	6380_JamesCagney_42_m
545	FriedrichNietzsche	42	AGE42	1448	1447_FriedrichNietzsche_42_m
294	JamieLeeCurtis	42	AGE42	12686	12685_JamieLeeCurtis_42_f
545	FriedrichNietzsche	42	AGE42	1444	1443_FriedrichNietzsche_42_m
82	MarcelloMastroianni	42	AGE42	9584	9583_MarcelloMastroianni_42_m
10	JeffDaniels	42	AGE42	3365	3364_JeffDaniels_42_m
522	DannyGlover	42	AGE42	16109	16108_DannyGlover_42_m
378	ImeldaStaunton	42	AGE42	12202	12201_ImeldaStaunton_42_f
311	MonicaVitti	42	AGE42	11195	11194_MonicaVitti_42_f
423	JoanCusack	42	AGE42	10156	10155_JoanCusack_42_f
168	JohnCleese	42	AGE42	2682	2681_JohnCleese_42_m
260	AmandaRedman	42	AGE42	13285	13284_AmandaRedman_42_f
42	RoyScheider	42	AGE42	13219	13218_RoyScheider_42_f
22	TerryMoore	42	AGE42	10320	10319_TerryMoore_42_f
223	ElkeSommer	42	AGE42	9961	9960_ElkeSommer_42_f
224	campbell	42	AGE42	16267	16266_campbell_42_f
455	AlanRickman	42	AGE42	3013	3012_AlanRickman_42_m
167	KatharineHepburn	42	AGE42	14904	14903_KatharineHepburn_42_f
529	RichardBurton	42	AGE42	9194	9193_RichardBurton_42_m
296	JaneRussell	42	AGE42	13122	13121_JaneRussell_42_f
259	ChristopherWalken	42	AGE42	7006	7005_ChristopherWalken_42_m
225	ClarkGable	42	AGE42	5810	5809_ClarkGable_42_m
121	RafVallone	42	AGE42	6037	6036_RafVallone_42_m
560	GregoryPeck	42	AGE42	9363	9362_GregoryPeck_42_m
36	ScottGlenn	42	AGE42	2923	2922_ScottGlenn_42_m
370	PeterOToole	42	AGE42	5649	5648_PeterOToole_42_m
447	GlennClose	42	AGE42	9988	9987_GlennClose_42_f
310	KevinBacon	42	AGE42	2727	2726_KevinBacon_42_m
51	ClaudeL╨ТviStrauss	42	AGE42	1232	1231_ClaudeL╨ТviStrauss_42_m
33	JamesCoburn	42	AGE42	6410	6409_JamesCoburn_42_m
565	MelGibson	42	AGE42	2154	2153_MelGibson_42_m
468	BetteDavis	42	AGE42	13357	13356_BetteDavis_42_f
400	EliWallach	42	AGE42	3223	3222_EliWallach_42_m
445	JohnCassavetes	42	AGE42	8675	8674_JohnCassavetes_42_m
553	DanielleDarrieux	42	AGE42	13422	13421_DanielleDarrieux_42_f
426	TheodorakisMikis	42	AGE42	237	236_TheodorakisMikis_42_m
58	OliviadeHavilland	42	AGE42	14437	14436_OliviadeHavilland_42_f
106	SteveMartin	42	AGE42	3868	3867_SteveMartin_42_m
18	ElsaMartinelli	42	AGE42	12071	12070_ElsaMartinelli_42_f
171	EmmaThompson	42	AGE42	11037	11036_EmmaThompson_42_f
293	PeterGraves	42	AGE42	6700	6699_PeterGraves_42_m
557	DavidMcCallum	42	AGE42	5230	5229_DavidMcCallum_42_m
510	PeterFalk	42	AGE42	5598	5597_PeterFalk_42_m
124	SartreJeanPaul	42	AGE42	1402	1401_SartreJeanPaul_42_m
221	JulieBishop	42	AGE42	15545	15544_JulieBishop_42_f
107	DianneWiest	42	AGE42	10485	10484_DianneWiest_42_f
261	KlausKinski	42	AGE42	6532	6531_KlausKinski_42_m
554	CharlieChaplin	42	AGE42	8542	8541_CharlieChaplin_42_m
468	BetteDavis	42	AGE42	13360	13359_BetteDavis_42_f
326	SteveKanaly	42	AGE42	3852	3851_SteveKanaly_42_m
346	GloriaSwanson	42	AGE42	13987	13986_GloriaSwanson_42_f
66	BruceWillis	42	AGE42	3083	3082_BruceWillis_42_m
545	FriedrichNietzsche	42	AGE42	1435	1434_FriedrichNietzsche_42_m
424	GraceKelly	42	AGE42	13074	13073_GraceKelly_42_f
496	GlendaJackson	42	AGE42	12172	12171_GlendaJackson_42_f
327	TommyLeeJones	42	AGE42	5740	5739_TommyLeeJones_42_m
75	EllenBurstyn	42	AGE42	10998	10997_EllenBurstyn_42_f
90	MichelPiccoli	42	AGE42	4748	4747_MichelPiccoli_42_m
369	BorisKarloff	42	AGE42	6917	6916_BorisKarloff_42_m
521	StefaniePowers	42	AGE42	15844	15843_StefaniePowers_42_f
554	CharlieChaplin	42	AGE42	8533	8532_CharlieChaplin_42_m
424	GraceKelly	42	AGE42	13076	13075_GraceKelly_42_f
267	MerkouriMelina	42	AGE42	14935	14934_MerkouriMelina_42_f
153	GaryOldman	42	AGE42	2560	2559_GaryOldman_42_m
337	RichardCrenna	42	AGE42	8317	8316_RichardCrenna_42_m
385	UrsulaAndress	42	AGE42	12401	12400_UrsulaAndress_42_f
360	UgoTognazzi	42	AGE42	7683	7682_UgoTognazzi_42_m
199	CharltonHeaston	42	AGE42	8861	8860_CharltonHeaston_42_m
487	JaneWyman	42	AGE42	13163	13162_JaneWyman_42_f
540	JeanClaudeVanDamme	42	AGE42	9062	9061_JeanClaudeVanDamme_42_m
361	CarlSagan	42	AGE42	996	995_CarlSagan_42_m
17	LuiseRainer	42	AGE42	10670	10669_LuiseRainer_42_f
46	JohnMalkovich	42	AGE42	5378	5377_JohnMalkovich_42_m
385	UrsulaAndress	42	AGE42	12402	12401_UrsulaAndress_42_f
488	DickVanDyke	42	AGE42	4096	4095_DickVanDyke_42_m
488	DickVanDyke	42	AGE42	4095	4094_DickVanDyke_42_m
281	RutgerHauer	42	AGE42	3763	3762_RutgerHauer_42_m
434	DavidCarradine	42	AGE42	8590	8589_DavidCarradine_42_m
96	JackColeman	42	AGE42	3305	3304_JackColeman_42_m
356	JeffreyJones	42	AGE42	4247	4246_JeffreyJones_42_m
114	akistsoxatzopoulos	42	AGE42	805	804_akistsoxatzopoulos_42_m
8	SimoneSignoret	42	AGE42	14827	14826_SimoneSignoret_42_f
200	AnnMargret	42	AGE42	10389	10388_AnnMargret_42_f
41	DenzelWashington	42	AGE42	6170	6169_DenzelWashington_42_m
201	KirkDouglas	42	AGE42	4303	4302_KirkDouglas_42_m
361	CarlSagan	42	AGE42	993	992_CarlSagan_42_m
482	JuneLockhart	42	AGE42	11127	11126_JuneLockhart_42_f
30	AnnetteBening	42	AGE42	11415	11414_AnnetteBening_42_f
272	ElvisPresley	42	AGE42	230	229_ElvisPresley_42_m
202	JudyHolliday	42	AGE42	14075	14074_JudyHolliday_42_f
513	DonnaReed	42	AGE42	12585	12584_DonnaReed_42_f
134	JohnLithgow	42	AGE42	3385	3384_JohnLithgow_42_m
189	MurrayHamilton	42	AGE42	8699	8698_MurrayHamilton_42_m
517	GeraldinePage	42	AGE42	14204	14203_GeraldinePage_42_f
274	WaltDisney	42	AGE42	170	169_WaltDisney_42_m
435	DebbieReynolds	42	AGE42	12037	12036_DebbieReynolds_42_f
409	RexHarrison	42	AGE42	6731	6730_RexHarrison_42_m
248	MartinScorsese	42	AGE42	5455	5454_MartinScorsese_42_m
485	DanaAndrews	42	AGE42	6141	6140_DanaAndrews_42_m
486	MuhammadAli	42	AGE42	15977	15976_MuhammadAli_42_m
277	AliMacGraw	42	AGE42	9925	9924_AliMacGraw_42_f
117	VeraEllen	42	AGE42	15916	15915_VeraEllen_42_f
383	JamesGarner	42	AGE42	4622	4621_JamesGarner_42_m
138	RomySchneider	42	AGE42	14109	14108_RomySchneider_42_f
115	BarbaraBain	42	AGE42	10413	10412_BarbaraBain_42_f
436	LindsayWagner	42	AGE42	11576	11575_LindsayWagner_42_f
558	MichaelPalin	42	AGE42	4320	4319_MichaelPalin_42_m
79	JudyDavis	42	AGE42	9833	9832_JudyDavis_42_f
193	GeorgePeppard	42	AGE42	7935	7934_GeorgePeppard_42_m
276	AnthonyPerkins	42	AGE42	8801	8800_AnthonyPerkins_42_m
192	NielsBohr	42	AGE42	1095	1094_NielsBohr_42_m
360	UgoTognazzi	42	AGE42	7684	7683_UgoTognazzi_42_m
319	RingoStarr	42	AGE42	3700	3699_RingoStarr_42_m
551	JeanetteMacDonald	42	AGE42	15483	15482_JeanetteMacDonald_42_f
30	AnnetteBening	42	AGE42	11414	11413_AnnetteBening_42_f
483	Bono	42	AGE42	1546	1545_Bono_42_m
46	JohnMalkovich	42	AGE42	5379	5378_JohnMalkovich_42_m
191	LouCostello	42	AGE42	6610	6609_LouCostello_42_m
62	SteveMcQueen	42	AGE42	9401	9400_SteveMcQueen_42_m
190	ClintWalker	42	AGE42	4066	4065_ClintWalker_42_m
197	LinoVentura	42	AGE42	7312	7311_LinoVentura_42_m
279	DorisDay	42	AGE42	9727	9726_DorisDay_42_f
280	BillNighy	42	AGE42	3042	3041_BillNighy_42_m
316	MegRyan	42	AGE42	9689	9688_MegRyan_42_f
202	JudyHolliday	42	AGE42	14074	14073_JudyHolliday_42_f
321	DannyDeVito	42	AGE42	3142	3141_DannyDeVito_42_m
406	StevenSeagal	42	AGE42	4438	4437_StevenSeagal_42_m
182	DustinHoffman	42	AGE42	4536	4535_DustinHoffman_42_m
334	LauraAntonelli	42	AGE42	12291	12290_LauraAntonelli_42_f
181	FernandoRey	42	AGE42	6306	6305_FernandoRey_42_m
269	BenGazzara	42	AGE42	5778	5777_BenGazzara_42_m
542	IanMcKellen	42	AGE42	3284	3283_IanMcKellen_42_m
77	RobertRyan	42	AGE42	7576	7575_RobertRyan_42_m
53	JulieChristie	42	AGE42	11517	11516_JulieChristie_42_f
45	MendeleievDmitri	42	AGE42	1208	1207_MendeleievDmitri_42_m
240	ErrolFlynn	42	AGE42	6296	6295_ErrolFlynn_42_m
410	AlejandroRey	42	AGE42	8501	8500_AlejandroRey_42_m
268	WarrenBeatty	42	AGE42	5029	5028_WarrenBeatty_42_m
208	ShelleyWinters	42	AGE42	14766	14765_ShelleyWinters_42_f
529	RichardBurton	42	AGE42	9199	9198_RichardBurton_42_m
180	MichellePfeiffer	42	AGE42	13207	13206_MichellePfeiffer_42_f
143	BarbraStreisand	42	AGE42	12925	12924_BarbraStreisand_42_f
104	VanessaRedgrave	42	AGE42	13812	13811_VanessaRedgrave_42_f
59	MichaelKeaton	42	AGE42	5495	5494_MichaelKeaton_42_m
242	AvaGardner	42	AGE42	13323	13322_AvaGardner_42_f
443	HedyLamarr	42	AGE42	12638	12637_HedyLamarr_42_f
474	TellySavalas	42	AGE42	7616	7615_TellySavalas_42_m
365	JohnVernon	42	AGE42	6457	6456_JohnVernon_42_m
551	JeanetteMacDonald	42	AGE42	15502	15501_JeanetteMacDonald_42_f
491	PhilHartman	42	AGE42	3674	3673_PhilHartman_42_m
247	MichaelYork	42	AGE42	3575	3574_MichaelYork_42_m
473	LizaMinelli	42	AGE42	11165	11164_LizaMinelli_42_f
370	PeterOToole	42	AGE42	5637	5636_PeterOToole_42_m
24	HelenHunt	42	AGE42	10056	10055_HelenHunt_42_f
315	DirkBogarde	42	AGE42	6246	6245_DirkBogarde_42_m
382	GilbertRoland	42	AGE42	7954	7953_GilbertRoland_42_m
182	DustinHoffman	42	AGE42	4531	4530_DustinHoffman_42_m
433	MaximilianShell	42	AGE42	9477	9476_MaximilianShell_42_m
40	AnthonyHopkins	42	AGE42	5090	5089_AnthonyHopkins_42_m
102	WalterPidgeon	42	AGE42	8437	8436_WalterPidgeon_42_m
25	ShirleyMacLaine	42	AGE42	13265	13264_ShirleyMacLaine_42_f
480	JeanGabin	42	AGE42	5335	5334_JeanGabin_42_m
95	DavidSarnoff	42	AGE42	370	369_DavidSarnoff_42_m
185	TheodoreRoosevelt	42	AGE42	911	910_TheodoreRoosevelt_42_m
322	AlbertCamus	42	AGE42	1321	1320_AlbertCamus_42_m
203	DebraPaget	42	AGE42	15240	15239_DebraPaget_42_f
184	GeorgesMarchal	42	AGE42	9343	9342_GeorgesMarchal_42_m
49	BobHope	42	AGE42	5155	5154_BobHope_42_m
283	BettyGrable	42	AGE42	13937	13936_BettyGrable_42_f
60	CharlesGrodin	42	AGE42	5186	5185_CharlesGrodin_42_m
270	ErnestHemingway	42	AGE42	1430	1429_ErnestHemingway_42_m
81	EdwigeFenech	42	AGE42	15314	15313_EdwigeFenech_42_f
354	RandolphScott	42	AGE42	8226	8225_RandolphScott_42_m
205	LarryEllison	42	AGE42	324	323_LarryEllison_42_m
322	AlbertCamus	42	AGE42	1327	1326_AlbertCamus_42_m
478	FredAstaire	42	AGE42	7898	7897_FredAstaire_42_m
478	FredAstaire	42	AGE42	7900	7899_FredAstaire_42_m
322	AlbertCamus	42	AGE42	1325	1324_AlbertCamus_42_m
363	GretaGarbo	42	AGE42	13107	13106_GretaGarbo_42_f
11	MichaelSarrazin	42	AGE42	9142	9141_MichaelSarrazin_42_m
183	WoodyAllen	42	AGE42	2990	2989_WoodyAllen_42_m
133	LeeJCobb	42	AGE42	6563	6562_LeeJCobb_42_m
322	AlbertCamus	42	AGE42	1336	1335_AlbertCamus_42_m
478	FredAstaire	42	AGE42	7881	7880_FredAstaire_42_m
518	RomanPolanski	42	AGE42	4899	4898_RomanPolanski_42_m
206	HowardKeel	42	AGE42	5897	5896_HowardKeel_42_m
564	SusanHayward	42	AGE42	14511	14510_SusanHayward_42_f
36	ScottGlenn	42	AGE42	2924	2923_ScottGlenn_42_m
520	MaryTamm	42	AGE42	15743	15742_MaryTamm_42_f
514	LindaEvans	42	AGE42	10620	10619_LindaEvans_42_f
309	WilliamDafoe	42	AGE42	4471	4470_WilliamDafoe_42_m
342	MarieCurie	42	AGE42	1290	1289_MarieCurie_42_f
113	GladysCooper	42	AGE42	7110	7109_GladysCooper_42_m
550	RalphMacchio	42	AGE42	4358	4357_RalphMacchio_42_m
451	BurtLancaster	42	AGE42	9293	9292_BurtLancaster_42_m
74	AnthonyQuayle	42	AGE42	7828	7827_AnthonyQuayle_42_m
257	HorstBuchholz	42	AGE42	8053	8052_HorstBuchholz_42_m
331	SamElliott	42	AGE42	2885	2884_SamElliott_42_m
69	BrianDennehy	42	AGE42	3945	3944_BrianDennehy_42_m
109	MariaCallas	42	AGE42	21	20_MariaCallas_42_f
163	CharlieSheen	42	AGE42	4040	4039_CharlieSheen_42_m
421	SigourneyWeaver	42	AGE42	13300	13299_SigourneyWeaver_42_f
300	PeterMarkRichman	42	AGE42	7483	7482_PeterMarkRichman_42_m
57	AlikiBoug	42	AGE42	12539	12538_AlikiBoug_42_f
70	PamelaSueMartin	42	AGE42	15774	15773_PamelaSueMartin_42_f
333	RobertPowell	42	AGE42	4418	4417_RobertPowell_42_m
336	PatrickStewart	42	AGE42	5561	5560_PatrickStewart_42_m
113	GladysCooper	42	AGE42	13501	13500_GladysCooper_42_f
19	EdwardFox	42	AGE42	1916	1915_EdwardFox_42_m
330	JuneAllyson	42	AGE42	13652	13651_JuneAllyson_42_f
450	RobertOppenheimer	42	AGE42	1235	1234_RobertOppenheimer_42_m
153	GaryOldman	42	AGE42	2559	2558_GaryOldman_42_m
298	FrankSinatra	42	AGE42	8627	8626_FrankSinatra_42_m
298	FrankSinatra	42	AGE42	8617	8616_FrankSinatra_42_m
253	HarrisonFord	42	AGE42	4169	4168_HarrisonFord_42_m
309	WilliamDafoe	42	AGE42	4472	4471_WilliamDafoe_42_m
229	Myl╨ЪneDemongeot	42	AGE42	12860	12859_Myl╨ЪneDemongeot_42_f
299	GeorgeMontgomery	42	AGE42	9322	9321_GeorgeMontgomery_42_m
112	MickeyRooney	42	AGE42	7422	7421_MickeyRooney_42_m
461	TimCurry	42	AGE42	1736	1735_TimCurry_42_m
523	MartinSheen	42	AGE42	3529	3528_MartinSheen_42_m
254	Thanasisveggos	42	AGE42	9418	9417_Thanasisveggos_42_m
158	SpencerTracy	42	AGE42	8389	8388_SpencerTracy_42_m
462	KateOMara	42	AGE42	15599	15598_KateOMara_42_f
27	LaurenBacall	42	AGE42	11559	11558_LaurenBacall_42_f
10	JeffDaniels	42	AGE42	3366	3365_JeffDaniels_42_m
303	GeneHackman	42	AGE42	3233	3232_GeneHackman_42_m
108	MelindaDillion	42	AGE42	12312	12311_MelindaDillion_42_f
451	BurtLancaster	42	AGE42	9277	9276_BurtLancaster_42_m
396	JeremyKemp	42	AGE42	2645	2644_JeremyKemp_42_m
301	JudyGarland	42	AGE42	14057	14056_JudyGarland_42_f
162	PeterSellers	42	AGE42	9185	9184_PeterSellers_42_m
162	PeterSellers	42	AGE42	9172	9171_PeterSellers_42_m
232	ConnieBooth	42	AGE42	15160	15159_ConnieBooth_42_f
526	AngieDickinson	42	AGE42	12446	12445_AngieDickinson_42_f
525	BoDerek	42	AGE42	9658	9657_BoDerek_42_f
339	ChuckNorris	42	AGE42	3108	3107_ChuckNorris_42_m
231	AnthonyAndrews	42	AGE42	5058	5057_AnthonyAndrews_42_m
463	OrnellaMuti	42	AGE42	10779	10778_OrnellaMuti_42_f
161	MaggieSmith	42	AGE42	10706	10705_MaggieSmith_42_f
57	AlikiBoug	42	AGE42	12548	12547_AlikiBoug_42_f
162	PeterSellers	42	AGE42	9180	9179_PeterSellers_42_m
43	AnnMiller	42	AGE42	15023	15022_AnnMiller_42_f
152	MaryPickford	42	AGE42	14399	14398_MaryPickford_42_f
109	MariaCallas	42	AGE42	16	15_MariaCallas_42_f
162	PeterSellers	42	AGE42	9165	9164_PeterSellers_42_m
162	PeterSellers	42	AGE42	9186	9185_PeterSellers_42_m
255	NickNolte	42	AGE42	2192	2191_NickNolte_42_m
71	EvaMarieSaint	42	AGE42	12103	12102_EvaMarieSaint_42_f
501	RayLiotta	42	AGE42	2234	2233_RayLiotta_42_m
555	GeneWilder	42	AGE42	2583	2582_GeneWilder_42_m
86	MarietteHartley	42	AGE42	10289	10288_MarietteHartley_42_f
73	DyanCannon	42	AGE42	15263	15262_DyanCannon_42_f
159	PierceBrosnan	42	AGE42	4798	4797_PierceBrosnan_42_m
160	Einstain	42	AGE42	986	985_Einstain_42_m
35	LouisJourdan	42	AGE42	7351	7350_LouisJourdan_42_m
250	IsabelleHuppert	42	AGE42	12661	12660_IsabelleHuppert_42_f
464	BetteMidler	42	AGE42	10462	10461_BetteMidler_42_f
1	HerbertLom	42	AGE42	5852	5851_HerbertLom_42_m
88	StacyKeach	42	AGE42	3811	3810_StacyKeach_42_m
340	CliffRobertson	42	AGE42	8558	8557_CliffRobertson_42_m
245	RichardBoone	42	AGE42	7510	7509_RichardBoone_42_m
372	BernadetteLafont	42	AGE42	14878	14877_BernadetteLafont_42_f
501	RayLiotta	42	AGE42	2233	2232_RayLiotta_42_m
532	KostasXatzixristos	42	AGE42	9612	9611_KostasXatzixristos_42_m
532	KostasXatzixristos	42	AGE42	9623	9622_KostasXatzixristos_42_m
415	SamNeill	42	AGE42	2303	2302_SamNeill_42_m
251	St╨ТphaneAudran	42	AGE42	15871	15870_St╨ТphaneAudran_42_f
148	WillSmith 	42	AGE42	16077	16076_WillSmith _42_m
449	ZsaZsaGabor	42	AGE42	11373	11372_ZsaZsaGabor_42_f
227	KennethBranagh	42	AGE42	5437	5436_KennethBranagh_42_m
234	MyrnaLoy	42	AGE42	12358	12357_MyrnaLoy_42_f
373	BobDylan	42	AGE42	1670	1669_BobDylan_42_m
89	PatriciaNeal	42	AGE42	13733	13732_PatriciaNeal_42_f
307	GiulianoGemma	42	AGE42	7995	7994_GiulianoGemma_42_m
375	EdwardGRobinson	42	AGE42	9429	9428_EdwardGRobinson_42_m
546	SusanSarandon	42	AGE42	11736	11735_SusanSarandon_42_f
376	Fernandel	42	AGE42	4561	4560_Fernandel_42_m
234	MyrnaLoy	42	AGE42	12368	12367_MyrnaLoy_42_f
332	TomHanks	42	AGE42	1777	1776_TomHanks_42_m
156	ClerkMaxwell	42	AGE42	1033	1032_ClerkMaxwell_42_m
259	ChristopherWalken	42	AGE42	7005	7004_ChristopherWalken_42_m
303	GeneHackman	42	AGE42	3251	3250_GeneHackman_42_m
332	TomHanks	42	AGE42	1776	1775_TomHanks_42_m
119	AlanYoung	42	AGE42	1884	1883_AlanYoung_42_m
503	JeanPaulBelmondo	42	AGE42	7138	7137_JeanPaulBelmondo_42_m
118	HelmutBerger	42	AGE42	4228	4227_HelmutBerger_42_m
416	JohnHuston	42	AGE42	5995	5994_JohnHuston_42_m
418	DeborahKerr	42	AGE42	13966	13965_DeborahKerr_42_f
151	AnnieGirardot	42	AGE42	13890	13889_AnnieGirardot_42_f
452	GordonThomson	42	AGE42	4590	4589_GordonThomson_42_m
533	ClintEastwood	42	AGE42	5218	5217_ClintEastwood_42_m
297	TildaSwinton	42	AGE42	11772	11771_TildaSwinton_42_f
67	JamesCaan	42	AGE42	2001	2000_JamesCaan_42_m
235	SilvanaMangano	42	AGE42	14811	14810_SilvanaMangano_42_f
166	AnnJillian	42	AGE42	14992	14991_AnnJillian_42_f
157	angelamerkel	42	AGE42	556	555_angelamerkel_42_f
89	PatriciaNeal	42	AGE42	13731	13730_PatriciaNeal_42_f
42	RoyScheider	42	AGE42	6798	6797_RoyScheider_42_m
304	DavidNiven	42	AGE42	7040	7039_DavidNiven_42_m
154	JeanneMoreau	42	AGE42	11060	11059_JeanneMoreau_42_f
252	ErnestRutherford	43	AGE43	1197	1196_ErnestRutherford_43_m
280	BillNighy	43	AGE43	3043	3042_BillNighy_43_m
321	DannyDeVito	43	AGE43	3143	3142_DannyDeVito_43_m
319	RingoStarr	43	AGE43	3701	3700_RingoStarr_43_m
382	GilbertRoland	43	AGE43	7955	7954_GilbertRoland_43_m
474	TellySavalas	43	AGE43	7617	7616_TellySavalas_43_m
64	MikeConnors	43	AGE43	3606	3605_MikeConnors_43_m
488	DickVanDyke	43	AGE43	4098	4097_DickVanDyke_43_m
352	OdysseasElytis	43	AGE43	1380	1379_OdysseasElytis_43_m
240	ErrolFlynn	43	AGE43	6273	6272_ErrolFlynn_43_m
531	TimothyDalton	43	AGE43	4971	4970_TimothyDalton_43_m
483	Bono	43	AGE43	1547	1546_Bono_43_m
180	MichellePfeiffer	43	AGE43	13196	13195_MichellePfeiffer_43_f
551	JeanetteMacDonald	43	AGE43	15503	15502_JeanetteMacDonald_43_f
268	WarrenBeatty	43	AGE43	5006	5005_WarrenBeatty_43_m
517	GeraldinePage	43	AGE43	14212	14211_GeraldinePage_43_f
420	MaryTylerMoore	43	AGE43	12829	12828_MaryTylerMoore_43_f
357	KathyBates	43	AGE43	10224	10223_KathyBates_43_f
434	DavidCarradine	43	AGE43	8591	8590_DavidCarradine_43_m
31	Ross	43	AGE43	16414	16413_Ross_43_f
52	IngridBergman	43	AGE43	14227	14226_IngridBergman_43_f
50	PeggyLipton	43	AGE43	10810	10809_PeggyLipton_43_f
352	OdysseasElytis	43	AGE43	1390	1389_OdysseasElytis_43_m
452	GordonThomson	43	AGE43	4591	4590_GordonThomson_43_m
400	EliWallach	43	AGE43	3221	3220_EliWallach_43_m
157	angelamerkel	43	AGE43	542	541_angelamerkel_43_f
85	JodieFoster	43	AGE43	11107	11106_JodieFoster_43_f
101	EdwardTeller	43	AGE43	1050	1049_EdwardTeller_43_m
281	RutgerHauer	43	AGE43	3764	3763_RutgerHauer_43_m
92	RogerMoore	43	AGE43	4860	4859_RogerMoore_43_m
288	AnitaEkberg	43	AGE43	10356	10355_AnitaEkberg_43_f
267	MerkouriMelina	43	AGE43	14941	14940_MerkouriMelina_43_f
556	CarlosSantana	43	AGE43	4509	4508_CarlosSantana_43_m
119	AlanYoung	43	AGE43	1885	1884_AlanYoung_43_m
236	VeronicaLake	43	AGE43	15937	15936_VeronicaLake_43_f
376	Fernandel	43	AGE43	4562	4561_Fernandel_43_m
73	DyanCannon	43	AGE43	15264	15263_DyanCannon_43_f
438	JackLemon	43	AGE43	5318	5317_JackLemon_43_m
307	GiulianoGemma	43	AGE43	7996	7995_GiulianoGemma_43_m
406	StevenSeagal	43	AGE43	4439	4438_StevenSeagal_43_m
404	CatherineSpaak	43	AGE43	11935	11934_CatherineSpaak_43_f
503	JeanPaulBelmondo	43	AGE43	7139	7138_JeanPaulBelmondo_43_m
190	ClintWalker	43	AGE43	4067	4066_ClintWalker_43_m
381	TonyCurtis	43	AGE43	7659	7658_TonyCurtis_43_m
394	OrsonWelles	43	AGE43	6660	6659_OrsonWelles_43_m
543	JohnDerek	43	AGE43	5355	5354_JohnDerek_43_m
331	SamElliott	43	AGE43	2886	2885_SamElliott_43_m
179	LorettaYoung	43	AGE43	14387	14386_LorettaYoung_43_f
187	JenniferJones	43	AGE43	14581	14580_JenniferJones_43_f
511	JackNicolson	43	AGE43	5289	5288_JackNicolson_43_m
525	BoDerek	43	AGE43	9659	9658_BoDerek_43_f
412	BeaArthur	43	AGE43	11889	11888_BeaArthur_43_f
5	HatzidakisManos	43	AGE43	288	287_HatzidakisManos_43_m
551	JeanetteMacDonald	43	AGE43	15484	15483_JeanetteMacDonald_43_f
282	ValerieHarper	43	AGE43	11795	11794_ValerieHarper_43_f
550	RalphMacchio	43	AGE43	4359	4358_RalphMacchio_43_m
39	TonyBlair	43	AGE43	647	646_TonyBlair_43_m
491	PhilHartman	43	AGE43	3675	3674_PhilHartman_43_m
255	NickNolte	43	AGE43	2193	2192_NickNolte_43_m
473	LizaMinelli	43	AGE43	11166	11165_LizaMinelli_43_f
149	AlecGuinness	43	AGE43	8759	8758_AlecGuinness_43_m
178	AndyGriffith	43	AGE43	7797	7796_AndyGriffith_43_m
267	MerkouriMelina	43	AGE43	14934	14933_MerkouriMelina_43_f
141	ErnestBorgnine	43	AGE43	8915	8914_ErnestBorgnine_43_m
286	CydCharisse	43	AGE43	15190	15189_CydCharisse_43_f
285	RyanONeal	43	AGE43	2856	2855_RyanONeal_43_m
381	TonyCurtis	43	AGE43	7654	7653_TonyCurtis_43_m
234	MyrnaLoy	43	AGE43	12360	12359_MyrnaLoy_43_f
440	RayDanton	43	AGE43	5672	5671_RayDanton_43_m
184	GeorgesMarchal	43	AGE43	9344	9343_GeorgesMarchal_43_m
245	RichardBoone	43	AGE43	7511	7510_RichardBoone_43_m
234	MyrnaLoy	43	AGE43	12359	12358_MyrnaLoy_43_f
488	DickVanDyke	43	AGE43	4097	4096_DickVanDyke_43_m
61	RonaldReagan	43	AGE43	738	737_RonaldReagan_43_m
462	KateOMara	43	AGE43	15600	15599_KateOMara_43_f
34	MireilleDarc	43	AGE43	11673	11672_MireilleDarc_43_f
433	MaximilianShell	43	AGE43	9478	9477_MaximilianShell_43_m
235	SilvanaMangano	43	AGE43	14812	14811_SilvanaMangano_43_f
135	RichardPryor	43	AGE43	16222	16221_RichardPryor_43_m
20	JohnTravolta	43	AGE43	4692	4691_JohnTravolta_43_m
284	RobertMorley	43	AGE43	7534	7533_RobertMorley_43_m
206	HowardKeel	43	AGE43	5898	5897_HowardKeel_43_m
269	BenGazzara	43	AGE43	5779	5778_BenGazzara_43_m
334	LauraAntonelli	43	AGE43	12292	12291_LauraAntonelli_43_f
322	AlbertCamus	43	AGE43	1334	1333_AlbertCamus_43_m
157	angelamerkel	43	AGE43	534	533_angelamerkel_43_f
133	LeeJCobb	43	AGE43	6564	6563_LeeJCobb_43_m
479	PeterUstinov	43	AGE43	8194	8193_PeterUstinov_43_m
356	JeffreyJones	43	AGE43	4248	4247_JeffreyJones_43_m
29	IreneDunne	43	AGE43	13564	13563_IreneDunne_43_f
204	LilliPalmer	43	AGE43	13676	13675_LilliPalmer_43_f
332	TomHanks	43	AGE43	1779	1778_TomHanks_43_m
253	HarrisonFord	43	AGE43	4170	4169_HarrisonFord_43_m
95	DavidSarnoff	43	AGE43	378	377_DavidSarnoff_43_m
410	AlejandroRey	43	AGE43	8507	8506_AlejandroRey_43_m
60	CharlesGrodin	43	AGE43	5187	5186_CharlesGrodin_43_m
151	AnnieGirardot	43	AGE43	13891	13890_AnnieGirardot_43_f
42	RoyScheider	43	AGE43	6799	6798_RoyScheider_43_m
479	PeterUstinov	43	AGE43	8210	8209_PeterUstinov_43_m
63	PeggyAshcroft	43	AGE43	14457	14456_PeggyAshcroft_43_f
114	akistsoxatzopoulos	43	AGE43	787	786_akistsoxatzopoulos_43_m
135	RichardPryor	43	AGE43	16211	16210_RichardPryor_43_m
518	RomanPolanski	43	AGE43	4900	4899_RomanPolanski_43_m
253	HarrisonFord	43	AGE43	4171	4170_HarrisonFord_43_m
254	Thanasisveggos	43	AGE43	9409	9408_Thanasisveggos_43_m
375	EdwardGRobinson	43	AGE43	9430	9429_EdwardGRobinson_43_m
80	KathrynGrayson	43	AGE43	15683	15682_KathrynGrayson_43_f
102	WalterPidgeon	43	AGE43	8438	8437_WalterPidgeon_43_m
316	MegRyan	43	AGE43	9690	9689_MegRyan_43_f
79	JudyDavis	43	AGE43	9834	9833_JudyDavis_43_f
353	ArmandAssante	43	AGE43	5130	5129_ArmandAssante_43_m
364	SarahDouglas	43	AGE43	15800	15799_SarahDouglas_43_f
254	Thanasisveggos	43	AGE43	9412	9411_Thanasisveggos_43_m
189	MurrayHamilton	43	AGE43	8700	8699_MurrayHamilton_43_m
339	ChuckNorris	43	AGE43	3109	3108_ChuckNorris_43_m
14	StevenSpielberg	43	AGE43	6825	6824_StevenSpielberg_43_m
181	FernandoRey	43	AGE43	6307	6306_FernandoRey_43_m
159	PierceBrosnan	43	AGE43	4799	4798_PierceBrosnan_43_m
315	DirkBogarde	43	AGE43	6247	6246_DirkBogarde_43_m
198	ThomasTerry	43	AGE43	6851	6850_ThomasTerry_43_m
355	CelesteHolm	43	AGE43	13393	13392_CelesteHolm_43_f
542	IanMcKellen	43	AGE43	3273	3272_IanMcKellen_43_m
134	JohnLithgow	43	AGE43	3386	3385_JohnLithgow_43_m
134	JohnLithgow	43	AGE43	3387	3386_JohnLithgow_43_m
233	Arletty	43	AGE43	10913	10912_Arletty_43_f
140	EdHarris	43	AGE43	1702	1701_EdHarris_43_m
332	TomHanks	43	AGE43	1778	1777_TomHanks_43_m
86	MarietteHartley	43	AGE43	10290	10289_MarietteHartley_43_f
513	DonnaReed	43	AGE43	12586	12585_DonnaReed_43_f
77	RobertRyan	43	AGE43	7570	7569_RobertRyan_43_m
154	JeanneMoreau	43	AGE43	11061	11060_JeanneMoreau_43_f
69	BrianDennehy	43	AGE43	3946	3945_BrianDennehy_43_m
110	MargaretThatcher	43	AGE43	568	567_MargaretThatcher_43_f
539	KristinScottThomas	43	AGE43	14344	14343_KristinScottThomas_43_f
489	MarleneDietrich	43	AGE43	14728	14727_MarleneDietrich_43_f
456	Fotopoulos	43	AGE43	5254	5253_Fotopoulos_43_m
514	LindaEvans	43	AGE43	10621	10620_LindaEvans_43_f
19	EdwardFox	43	AGE43	1917	1916_EdwardFox_43_m
373	BobDylan	43	AGE43	1671	1670_BobDylan_43_m
182	DustinHoffman	43	AGE43	4523	4522_DustinHoffman_43_m
385	UrsulaAndress	43	AGE43	12403	12402_UrsulaAndress_43_f
489	MarleneDietrich	43	AGE43	14727	14726_MarleneDietrich_43_f
338	FrancescaAnnis	43	AGE43	12148	12147_FrancescaAnnis_43_f
104	VanessaRedgrave	43	AGE43	13813	13812_VanessaRedgrave_43_f
397	GeraldineChaplin	43	AGE43	13036	13035_GeraldineChaplin_43_f
443	HedyLamarr	43	AGE43	12639	12638_HedyLamarr_43_f
380	TomasMilian	43	AGE43	3903	3902_TomasMilian_43_m
519	ChevyChase	43	AGE43	2434	2433_ChevyChase_43_m
170	CharlesBoyer	43	AGE43	6961	6960_CharlesBoyer_43_m
165	AdolfHitlerr	43	AGE43	773	772_AdolfHitlerr_43_m
327	TommyLeeJones	43	AGE43	5741	5740_TommyLeeJones_43_m
193	GeorgePeppard	43	AGE43	7936	7935_GeorgePeppard_43_m
496	GlendaJackson	43	AGE43	12185	12184_GlendaJackson_43_f
73	DyanCannon	43	AGE43	15293	15292_DyanCannon_43_f
455	AlanRickman	43	AGE43	3014	3013_AlanRickman_43_m
559	SylvesterStallone	43	AGE43	7597	7596_SylvesterStallone_43_m
305	TanyaRoberts	43	AGE43	11321	11320_TanyaRoberts_43_f
278	GiorgosSeferis	43	AGE43	1375	1374_GiorgosSeferis_43_m
238	RobertMitchum	43	AGE43	9218	9217_RobertMitchum_43_m
311	MonicaVitti	43	AGE43	11196	11195_MonicaVitti_43_f
153	GaryOldman	43	AGE43	2561	2560_GaryOldman_43_m
13	CatherineSchell	43	AGE43	15130	15129_CatherineSchell_43_f
294	JamieLeeCurtis	43	AGE43	12700	12699_JamieLeeCurtis_43_f
298	FrankSinatra	43	AGE43	8629	8628_FrankSinatra_43_m
399	RonPerlman	43	AGE43	2823	2822_RonPerlman_43_m
107	DianneWiest	43	AGE43	10486	10485_DianneWiest_43_f
369	BorisKarloff	43	AGE43	6919	6918_BorisKarloff_43_m
415	SamNeill	43	AGE43	2304	2303_SamNeill_43_m
258	FredMacMurray	43	AGE43	8958	8957_FredMacMurray_43_m
378	ImeldaStaunton	43	AGE43	12203	12202_ImeldaStaunton_43_f
496	GlendaJackson	43	AGE43	12173	12172_GlendaJackson_43_f
90	MichelPiccoli	43	AGE43	4749	4748_MichelPiccoli_43_m
553	DanielleDarrieux	43	AGE43	13423	13422_DanielleDarrieux_43_f
46	JohnMalkovich	43	AGE43	5380	5379_JohnMalkovich_43_m
16	ReginaldOwen	43	AGE43	8241	8240_ReginaldOwen_43_m
437	MarisaPavan	43	AGE43	3502	3501_MarisaPavan_43_m
343	PaulmcCartney	43	AGE43	148	147_PaulmcCartney_43_m
301	JudyGarland	43	AGE43	14058	14057_JudyGarland_43_f
98	RichardChamberlain	43	AGE43	8283	8282_RichardChamberlain_43_m
263	JanePowell	43	AGE43	15392	15391_JanePowell_43_f
124	SartreJeanPaul	43	AGE43	1396	1395_SartreJeanPaul_43_m
251	St╨ТphaneAudran	43	AGE43	15872	15871_St╨ТphaneAudran_43_f
333	RobertPowell	43	AGE43	4419	4418_RobertPowell_43_m
555	GeneWilder	43	AGE43	2584	2583_GeneWilder_43_m
424	GraceKelly	43	AGE43	13079	13078_GraceKelly_43_f
293	PeterGraves	43	AGE43	6683	6682_PeterGraves_43_m
124	SartreJeanPaul	43	AGE43	1403	1402_SartreJeanPaul_43_m
299	GeorgeMontgomery	43	AGE43	9323	9322_GeorgeMontgomery_43_m
517	GeraldinePage	43	AGE43	14194	14193_GeraldinePage_43_f
66	BruceWillis	43	AGE43	3084	3083_BruceWillis_43_m
392	EstherWilliams	43	AGE43	14167	14166_EstherWilliams_43_f
276	AnthonyPerkins	43	AGE43	8802	8801_AnthonyPerkins_43_m
171	EmmaThompson	43	AGE43	11038	11037_EmmaThompson_43_f
546	SusanSarandon	43	AGE43	11737	11736_SusanSarandon_43_f
369	BorisKarloff	43	AGE43	6918	6917_BorisKarloff_43_m
223	ElkeSommer	43	AGE43	9962	9961_ElkeSommer_43_f
241	SeanConnery	43	AGE43	3786	3785_SeanConnery_43_m
447	GlennClose	43	AGE43	9989	9988_GlennClose_43_f
401	ErinGray	43	AGE43	15351	15350_ErinGray_43_f
166	AnnJillian	43	AGE43	14993	14992_AnnJillian_43_f
225	ClarkGable	43	AGE43	5813	5812_ClarkGable_43_m
377	TomHulce	43	AGE43	1815	1814_TomHulce_43_m
227	KennethBranagh	43	AGE43	5438	5437_KennethBranagh_43_m
250	IsabelleHuppert	43	AGE43	12662	12661_IsabelleHuppert_43_f
259	ChristopherWalken	43	AGE43	7007	7006_ChristopherWalken_43_m
260	AmandaRedman	43	AGE43	13286	13285_AmandaRedman_43_f
417	StevenBerkoff	43	AGE43	4936	4935_StevenBerkoff_43_m
238	RobertMitchum	43	AGE43	9233	9232_RobertMitchum_43_m
296	JaneRussell	43	AGE43	13123	13122_JaneRussell_43_f
226	TommySands	43	AGE43	3931	3930_TommySands_43_m
534	AlbertoSordi	43	AGE43	7764	7763_AlbertoSordi_43_m
464	BetteMidler	43	AGE43	10445	10444_BetteMidler_43_f
245	RichardBoone	43	AGE43	7512	7511_RichardBoone_43_m
499	AmandaBlake	43	AGE43	14953	14952_AmandaBlake_43_f
423	JoanCusack	43	AGE43	10157	10156_JoanCusack_43_f
2	RoyRogers	43	AGE43	5705	5704_RoyRogers_43_m
345	JuliaRoberts	43	AGE43	11471	11470_JuliaRoberts_43_f
108	MelindaDillion	43	AGE43	12313	12312_MelindaDillion_43_f
523	MartinSheen	43	AGE43	3530	3529_MartinSheen_43_m
194	JaneFonda	43	AGE43	10122	10121_JaneFonda_43_f
237	KathleenTurner	43	AGE43	12765	12764_KathleenTurner_43_f
74	AnthonyQuayle	43	AGE43	7829	7828_AnthonyQuayle_43_m
526	AngieDickinson	43	AGE43	12447	12446_AngieDickinson_43_f
261	KlausKinski	43	AGE43	6533	6532_KlausKinski_43_m
42	RoyScheider	43	AGE43	13220	13219_RoyScheider_43_f
485	DanaAndrews	43	AGE43	6142	6141_DanaAndrews_43_m
148	WillSmith 	43	AGE43	16012	16011_WillSmith _43_m
168	JohnCleese	43	AGE43	2683	2682_JohnCleese_43_m
298	FrankSinatra	43	AGE43	8619	8618_FrankSinatra_43_m
522	DannyGlover	43	AGE43	16085	16084_DannyGlover_43_m
82	MarcelloMastroianni	43	AGE43	9585	9584_MarcelloMastroianni_43_m
295	JanetEllis	43	AGE43	15444	15443_JanetEllis_43_f
224	campbell	43	AGE43	16288	16287_campbell_43_f
195	LorneGreene	43	AGE43	8142	8141_LorneGreene_43_m
112	MickeyRooney	43	AGE43	7423	7422_MickeyRooney_43_m
3	ArnoldSchwarzenegger	43	AGE43	8835	8834_ArnoldSchwarzenegger_43_m
508	VictorMature	43	AGE43	8421	8420_VictorMature_43_m
297	TildaSwinton	43	AGE43	11773	11772_TildaSwinton_43_f
117	VeraEllen	43	AGE43	15917	15916_VeraEllen_43_f
330	JuneAllyson	43	AGE43	13653	13652_JuneAllyson_43_f
36	ScottGlenn	43	AGE43	2925	2924_ScottGlenn_43_m
517	GeraldinePage	43	AGE43	14205	14204_GeraldinePage_43_f
229	Myl╨ЪneDemongeot	43	AGE43	12861	12860_Myl╨ЪneDemongeot_43_f
358	NicolasSarkozy	43	AGE43	5533	5532_NicolasSarkozy_43_m
172	ChristopherEccleston	43	AGE43	8900	8899_ChristopherEccleston_43_m
337	RichardCrenna	43	AGE43	8318	8317_RichardCrenna_43_m
127	HumphreyBogard	43	AGE43	9017	9016_HumphreyBogard_43_m
429	JoanLorring	43	AGE43	6443	6442_JoanLorring_43_m
300	PeterMarkRichman	43	AGE43	7484	7483_PeterMarkRichman_43_m
540	JeanClaudeVanDamme	43	AGE43	9073	9072_JeanClaudeVanDamme_43_m
456	Fotopoulos	43	AGE43	5265	5264_Fotopoulos_43_m
256	PatrickSwayze	43	AGE43	8173	8172_PatrickSwayze_43_m
176	RodTaylor	43	AGE43	2271	2270_RodTaylor_43_m
458	JeanMarais	43	AGE43	5965	5964_JeanMarais_43_m
544	GeorgeCScott	43	AGE43	9011	9010_GeorgeCScott_43_m
341	AnnaMassey	43	AGE43	12472	12471_AnnaMassey_43_f
290	CHARLIERUGGLES	43	AGE43	9503	9502_CHARLIERUGGLES_43_m
175	FrancesDee	43	AGE43	5830	5829_FrancesDee_43_m
428	OmarSharif	43	AGE43	3650	3649_OmarSharif_43_m
65	JohnForsythe	43	AGE43	8070	8069_JohnForsythe_43_m
357	KathyBates	43	AGE43	10225	10224_KathyBates_43_f
220	RobertDeNiro	43	AGE43	5682	5681_RobertDeNiro_43_m
88	StacyKeach	43	AGE43	3812	3811_StacyKeach_43_m
414	LauraDern	43	AGE43	9892	9891_LauraDern_43_f
127	HumphreyBogard	43	AGE43	9025	9024_HumphreyBogard_43_m
536	BerryGordy	43	AGE43	456	455_BerryGordy_43_m
8	SimoneSignoret	43	AGE43	14838	14837_SimoneSignoret_43_f
350	VittorioGassman	43	AGE43	9248	9247_VittorioGassman_43_m
444	RitaHayworth	43	AGE43	13782	13781_RitaHayworth_43_f
501	RayLiotta	43	AGE43	2235	2234_RayLiotta_43_m
24	HelenHunt	43	AGE43	10057	10056_HelenHunt_43_f
232	ConnieBooth	43	AGE43	15161	15160_ConnieBooth_43_f
543	JohnDerek	43	AGE43	5365	5364_JohnDerek_43_m
177	OliviaHussey	43	AGE43	11713	11712_OliviaHussey_43_f
562	RockHudson	43	AGE43	6768	6767_RockHudson_43_m
472	StephenHawking	43	AGE43	1005	1004_StephenHawking_43_m
127	HumphreyBogard	43	AGE43	9018	9017_HumphreyBogard_43_m
372	BernadetteLafont	43	AGE43	14879	14878_BernadetteLafont_43_f
162	PeterSellers	43	AGE43	9174	9173_PeterSellers_43_m
127	HumphreyBogard	43	AGE43	9020	9019_HumphreyBogard_43_m
439	IsabelleAdjani	43	AGE43	12241	12240_IsabelleAdjani_43_f
59	MichaelKeaton	43	AGE43	5496	5495_MichaelKeaton_43_m
138	RomySchneider	43	AGE43	14110	14109_RomySchneider_43_f
472	StephenHawking	43	AGE43	1009	1008_StephenHawking_43_m
429	JoanLorring	43	AGE43	13183	13182_JoanLorring_43_f
472	StephenHawking	43	AGE43	1008	1007_StephenHawking_43_m
544	GeorgeCScott	43	AGE43	8992	8991_GeorgeCScott_43_m
289	JohnWayne	43	AGE43	7189	7188_JohnWayne_43_m
360	UgoTognazzi	43	AGE43	7685	7684_UgoTognazzi_43_m
197	LinoVentura	43	AGE43	7313	7312_LinoVentura_43_m
191	LouCostello	43	AGE43	6611	6610_LouCostello_43_m
173	GreerGarson	43	AGE43	14015	14014_GreerGarson_43_f
173	GreerGarson	43	AGE43	14014	14013_GreerGarson_43_f
230	SusanGeorge	43	AGE43	10872	10871_SusanGeorge_43_f
495	CybillShepherd	43	AGE43	12006	12005_CybillShepherd_43_f
264	LexBarker	43	AGE43	6591	6590_LexBarker_43_m
548	CatherineDeneuve	43	AGE43	12959	12958_CatherineDeneuve_43_f
371	ChristopherPlummer	43	AGE43	7867	7866_ChristopherPlummer_43_m
58	OliviadeHavilland	43	AGE43	14438	14437_OliviadeHavilland_43_f
469	ClaudiaCardinale	43	AGE43	12995	12994_ClaudiaCardinale_43_f
547	RuthGordon	43	AGE43	12888	12887_RuthGordon_43_f
312	JohnnyCash	43	AGE43	6503	6502_JohnnyCash_43_m
445	JohnCassavetes	43	AGE43	8676	8675_JohnCassavetes_43_m
451	BurtLancaster	43	AGE43	9307	9306_BurtLancaster_43_m
57	AlikiBoug	43	AGE43	12535	12534_AlikiBoug_43_f
500	IanHolm	43	AGE43	1564	1563_IanHolm_43_m
30	AnnetteBening	43	AGE43	11416	11415_AnnetteBening_43_f
33	JamesCoburn	43	AGE43	6411	6410_JamesCoburn_43_m
125	AlexandrakisAlekos	43	AGE43	9630	9629_AlexandrakisAlekos_43_m
460	AnneBaxter	43	AGE43	12511	12510_AnneBaxter_43_f
530	SimonMacCorkindale	43	AGE43	8364	8363_SimonMacCorkindale_43_m
106	SteveMartin	43	AGE43	3869	3868_SteveMartin_43_m
326	SteveKanaly	43	AGE43	3853	3852_SteveKanaly_43_m
1	HerbertLom	43	AGE43	5853	5852_HerbertLom_43_m
44	VincentPrice	43	AGE43	7722	7721_VincentPrice_43_m
40	AnthonyHopkins	43	AGE43	5076	5075_AnthonyHopkins_43_m
217	MargaretOBrien	43	AGE43	12800	12799_MargaretOBrien_43_f
463	OrnellaMuti	43	AGE43	10780	10779_OrnellaMuti_43_f
145	DonJohnson	43	AGE43	2518	2517_DonJohnson_43_m
451	BurtLancaster	43	AGE43	9294	9293_BurtLancaster_43_m
175	FrancesDee	43	AGE43	12608	12607_FrancesDee_43_f
10	JeffDaniels	43	AGE43	3367	3366_JeffDaniels_43_m
76	HarveyKeitel	43	AGE43	4189	4188_HarveyKeitel_43_m
451	BurtLancaster	43	AGE43	9305	9304_BurtLancaster_43_m
215	JulieHagerty	43	AGE43	15564	15563_JulieHagerty_43_f
190	ClintWalker	44	AGE44	4068	4067_ClintWalker_44_m
307	GiulianoGemma	44	AGE44	7997	7996_GiulianoGemma_44_m
416	JohnHuston	44	AGE44	5996	5995_JohnHuston_44_m
549	GoldieHawn	44	AGE44	10014	10013_GoldieHawn_44_f
317	BillMurray	44	AGE44	2403	2402_BillMurray_44_m
8	SimoneSignoret	44	AGE44	14832	14831_SimoneSignoret_44_f
242	AvaGardner	44	AGE44	13343	13342_AvaGardner_44_f
247	MichaelYork	44	AGE44	3576	3575_MichaelYork_44_m
138	RomySchneider	44	AGE44	14111	14110_RomySchneider_44_f
189	MurrayHamilton	44	AGE44	8701	8700_MurrayHamilton_44_m
564	SusanHayward	44	AGE44	14499	14498_SusanHayward_44_f
540	JeanClaudeVanDamme	44	AGE44	9074	9073_JeanClaudeVanDamme_44_m
505	GingerRogers	44	AGE44	13468	13467_GingerRogers_44_f
193	GeorgePeppard	44	AGE44	7915	7914_GeorgePeppard_44_m
85	JodieFoster	44	AGE44	11108	11107_JodieFoster_44_f
375	EdwardGRobinson	44	AGE44	9434	9433_EdwardGRobinson_44_m
277	AliMacGraw	44	AGE44	9926	9925_AliMacGraw_44_f
140	EdHarris	44	AGE44	1703	1702_EdHarris_44_m
417	StevenBerkoff	44	AGE44	4937	4936_StevenBerkoff_44_m
305	TanyaRoberts	44	AGE44	11322	11321_TanyaRoberts_44_f
8	SimoneSignoret	44	AGE44	14837	14836_SimoneSignoret_44_f
460	AnneBaxter	44	AGE44	12512	12511_AnneBaxter_44_f
61	RonaldReagan	44	AGE44	739	738_RonaldReagan_44_m
191	LouCostello	44	AGE44	6612	6611_LouCostello_44_m
304	DavidNiven	44	AGE44	7041	7040_DavidNiven_44_m
153	GaryOldman	44	AGE44	2562	2561_GaryOldman_44_m
360	UgoTognazzi	44	AGE44	7686	7685_UgoTognazzi_44_m
280	BillNighy	44	AGE44	3044	3043_BillNighy_44_m
514	LindaEvans	44	AGE44	10622	10621_LindaEvans_44_f
436	LindsayWagner	44	AGE44	11577	11576_LindsayWagner_44_f
154	JeanneMoreau	44	AGE44	11062	11061_JeanneMoreau_44_f
399	RonPerlman	44	AGE44	2824	2823_RonPerlman_44_m
382	GilbertRoland	44	AGE44	7956	7955_GilbertRoland_44_m
170	CharlesBoyer	44	AGE44	6962	6961_CharlesBoyer_44_m
171	EmmaThompson	44	AGE44	11039	11038_EmmaThompson_44_f
148	WillSmith 	44	AGE44	16078	16077_WillSmith _44_m
293	PeterGraves	44	AGE44	6684	6683_PeterGraves_44_m
378	ImeldaStaunton	44	AGE44	12204	12203_ImeldaStaunton_44_f
368	BettyGarrett	44	AGE44	15056	15055_BettyGarrett_44_f
16	ReginaldOwen	44	AGE44	8242	8241_ReginaldOwen_44_m
88	StacyKeach	44	AGE44	3813	3812_StacyKeach_44_m
309	WilliamDafoe	44	AGE44	4473	4472_WilliamDafoe_44_m
312	JohnnyCash	44	AGE44	6489	6488_JohnnyCash_44_m
172	ChristopherEccleston	44	AGE44	8901	8900_ChristopherEccleston_44_m
163	CharlieSheen	44	AGE44	4041	4040_CharlieSheen_44_m
540	JeanClaudeVanDamme	44	AGE44	9063	9062_JeanClaudeVanDamme_44_m
510	PeterFalk	44	AGE44	5600	5599_PeterFalk_44_m
459	WilliamShatner	44	AGE44	6071	6070_WilliamShatner_44_m
175	FrancesDee	44	AGE44	12609	12608_FrancesDee_44_f
367	LiamNeeson	44	AGE44	2758	2757_LiamNeeson_44_m
175	FrancesDee	44	AGE44	5831	5830_FrancesDee_44_m
290	CHARLIERUGGLES	44	AGE44	9504	9503_CHARLIERUGGLES_44_m
544	GeorgeCScott	44	AGE44	8993	8992_GeorgeCScott_44_m
428	OmarSharif	44	AGE44	3651	3650_OmarSharif_44_m
510	PeterFalk	44	AGE44	5599	5598_PeterFalk_44_m
300	PeterMarkRichman	44	AGE44	7485	7484_PeterMarkRichman_44_m
246	LeifErickson	44	AGE44	7286	7285_LeifErickson_44_m
176	RodTaylor	44	AGE44	2272	2271_RodTaylor_44_m
165	AdolfHitlerr	44	AGE44	771	770_AdolfHitlerr_44_m
546	SusanSarandon	44	AGE44	11738	11737_SusanSarandon_44_f
550	RalphMacchio	44	AGE44	4360	4359_RalphMacchio_44_m
166	AnnJillian	44	AGE44	14994	14993_AnnJillian_44_f
508	VictorMature	44	AGE44	8422	8421_VictorMature_44_m
89	PatriciaNeal	44	AGE44	13734	13733_PatriciaNeal_44_f
167	KatharineHepburn	44	AGE44	14905	14904_KatharineHepburn_44_f
310	KevinBacon	44	AGE44	2728	2727_KevinBacon_44_m
297	TildaSwinton	44	AGE44	11774	11773_TildaSwinton_44_f
557	DavidMcCallum	44	AGE44	5231	5230_DavidMcCallum_44_m
147	SamuelJacksonn	44	AGE44	16113	16112_SamuelJacksonn_44_m
310	KevinBacon	44	AGE44	2729	2728_KevinBacon_44_m
82	MarcelloMastroianni	44	AGE44	9586	9585_MarcelloMastroianni_44_m
168	JohnCleese	44	AGE44	2684	2683_JohnCleese_44_m
169	Turner	44	AGE44	16426	16425_Turner_44_f
169	Turner	44	AGE44	16421	16420_Turner_44_f
169	Turner	44	AGE44	16425	16424_Turner_44_f
371	ChristopherPlummer	44	AGE44	7868	7867_ChristopherPlummer_44_m
496	GlendaJackson	44	AGE44	12174	12173_GlendaJackson_44_f
244	JeffGoldblum	44	AGE44	4658	4657_JeffGoldblum_44_m
165	AdolfHitlerr	44	AGE44	772	771_AdolfHitlerr_44_m
90	MichelPiccoli	44	AGE44	4750	4749_MichelPiccoli_44_m
146	RicardoMontalb╨░n	44	AGE44	9544	9543_RicardoMontalb╨░n_44_m
369	BorisKarloff	44	AGE44	6920	6919_BorisKarloff_44_m
28	AndreasPapantreou	44	AGE44	889	888_AndreasPapantreou_44_m
311	MonicaVitti	44	AGE44	11197	11196_MonicaVitti_44_f
410	AlejandroRey	44	AGE44	8502	8501_AlejandroRey_44_m
493	PiaLindstrom	44	AGE44	11226	11225_PiaLindstrom_44_f
162	PeterSellers	44	AGE44	9179	9178_PeterSellers_44_m
183	WoodyAllen	44	AGE44	2992	2991_WoodyAllen_44_m
336	PatrickStewart	44	AGE44	5562	5561_PatrickStewart_44_m
284	RobertMorley	44	AGE44	7535	7534_RobertMorley_44_m
158	SpencerTracy	44	AGE44	8403	8402_SpencerTracy_44_m
529	RichardBurton	44	AGE44	9200	9199_RichardBurton_44_m
86	MarietteHartley	44	AGE44	10291	10290_MarietteHartley_44_f
23	VirnaLisi	44	AGE44	11359	11358_VirnaLisi_44_f
503	JeanPaulBelmondo	44	AGE44	7140	7139_JeanPaulBelmondo_44_m
35	LouisJourdan	44	AGE44	7352	7351_LouisJourdan_44_m
373	BobDylan	44	AGE44	1672	1671_BobDylan_44_m
489	MarleneDietrich	44	AGE44	14729	14728_MarleneDietrich_44_f
185	TheodoreRoosevelt	44	AGE44	913	912_TheodoreRoosevelt_44_m
54	KevinSpacey	44	AGE44	3433	3432_KevinSpacey_44_m
282	ValerieHarper	44	AGE44	11796	11795_ValerieHarper_44_f
316	MegRyan	44	AGE44	9691	9690_MegRyan_44_f
434	DavidCarradine	44	AGE44	8592	8591_DavidCarradine_44_m
513	DonnaReed	44	AGE44	12587	12586_DonnaReed_44_f
96	JackColeman	44	AGE44	3306	3305_JackColeman_44_m
55	JamesWoods	44	AGE44	2617	2616_JamesWoods_44_m
20	JohnTravolta	44	AGE44	4680	4679_JohnTravolta_44_m
488	DickVanDyke	44	AGE44	4099	4098_DickVanDyke_44_m
188	JulieAndrews	44	AGE44	11488	11487_JulieAndrews_44_f
151	AnnieGirardot	44	AGE44	13892	13891_AnnieGirardot_44_f
565	MelGibson	44	AGE44	2156	2155_MelGibson_44_m
420	MaryTylerMoore	44	AGE44	12830	12829_MaryTylerMoore_44_f
159	PierceBrosnan	44	AGE44	4800	4799_PierceBrosnan_44_m
376	Fernandel	44	AGE44	4563	4562_Fernandel_44_m
19	EdwardFox	44	AGE44	1918	1917_EdwardFox_44_m
162	PeterSellers	44	AGE44	9171	9170_PeterSellers_44_m
15	AnneBancroft	44	AGE44	13847	13846_AnneBancroft_44_f
59	MichaelKeaton	44	AGE44	5497	5496_MichaelKeaton_44_m
71	EvaMarieSaint	44	AGE44	12104	12103_EvaMarieSaint_44_f
177	OliviaHussey	44	AGE44	11714	11713_OliviaHussey_44_f
430	HelenHayes	44	AGE44	13533	13532_HelenHayes_44_f
543	JohnDerek	44	AGE44	5356	5355_JohnDerek_44_m
81	EdwigeFenech	44	AGE44	15315	15314_EdwigeFenech_44_f
366	MelFerrer	44	AGE44	6631	6630_MelFerrer_44_m
491	PhilHartman	44	AGE44	3676	3675_PhilHartman_44_m
308	JanetLeigh	44	AGE44	12719	12718_JanetLeigh_44_f
511	JackNicolson	44	AGE44	5294	5293_JackNicolson_44_m
458	JeanMarais	44	AGE44	5966	5965_JeanMarais_44_m
530	SimonMacCorkindale	44	AGE44	8365	8364_SimonMacCorkindale_44_m
93	JonFinch	44	AGE44	5413	5412_JonFinch_44_m
302	ClaudeRich	44	AGE44	2468	2467_ClaudeRich_44_m
565	MelGibson	44	AGE44	2155	2154_MelGibson_44_m
44	VincentPrice	44	AGE44	7723	7722_VincentPrice_44_m
180	MichellePfeiffer	44	AGE44	13208	13207_MichellePfeiffer_44_f
2	RoyRogers	44	AGE44	5706	5705_RoyRogers_44_m
286	CydCharisse	44	AGE44	15191	15190_CydCharisse_44_f
245	RichardBoone	44	AGE44	7513	7512_RichardBoone_44_m
419	ShirleyJones	44	AGE44	11258	11257_ShirleyJones_44_f
501	RayLiotta	44	AGE44	2236	2235_RayLiotta_44_m
98	RichardChamberlain	44	AGE44	8284	8283_RichardChamberlain_44_m
232	ConnieBooth	44	AGE44	15162	15161_ConnieBooth_44_f
442	mitsotakis	44	AGE44	641	640_mitsotakis_44_m
250	IsabelleHuppert	44	AGE44	12663	12662_IsabelleHuppert_44_f
63	PeggyAshcroft	44	AGE44	14482	14481_PeggyAshcroft_44_f
397	GeraldineChaplin	44	AGE44	13037	13036_GeraldineChaplin_44_f
66	BruceWillis	44	AGE44	3085	3084_BruceWillis_44_m
40	AnthonyHopkins	44	AGE44	5099	5098_AnthonyHopkins_44_m
321	DannyDeVito	44	AGE44	3144	3143_DannyDeVito_44_m
333	RobertPowell	44	AGE44	4420	4419_RobertPowell_44_m
257	HorstBuchholz	44	AGE44	8054	8053_HorstBuchholz_44_m
36	ScottGlenn	44	AGE44	2926	2925_ScottGlenn_44_m
238	RobertMitchum	44	AGE44	9214	9213_RobertMitchum_44_m
406	StevenSeagal	44	AGE44	4440	4439_StevenSeagal_44_m
33	JamesCoburn	44	AGE44	6412	6411_JamesCoburn_44_m
445	JohnCassavetes	44	AGE44	8677	8676_JohnCassavetes_44_m
134	JohnLithgow	44	AGE44	3388	3387_JohnLithgow_44_m
342	MarieCurie	44	AGE44	1288	1287_MarieCurie_44_f
102	WalterPidgeon	44	AGE44	8439	8438_WalterPidgeon_44_m
200	AnnMargret	44	AGE44	10390	10389_AnnMargret_44_f
22	TerryMoore	44	AGE44	10321	10320_TerryMoore_44_f
442	mitsotakis	44	AGE44	625	624_mitsotakis_44_m
25	ShirleyMacLaine	44	AGE44	13253	13252_ShirleyMacLaine_44_f
62	SteveMcQueen	44	AGE44	9403	9402_SteveMcQueen_44_m
39	TonyBlair	44	AGE44	671	670_TonyBlair_44_m
340	CliffRobertson	44	AGE44	8572	8571_CliffRobertson_44_m
325	tomselleck	44	AGE44	2965	2964_tomselleck_44_m
198	ThomasTerry	44	AGE44	6852	6851_ThomasTerry_44_m
73	DyanCannon	44	AGE44	15265	15264_DyanCannon_44_f
539	KristinScottThomas	44	AGE44	14345	14344_KristinScottThomas_44_f
485	DanaAndrews	44	AGE44	6143	6142_DanaAndrews_44_m
451	BurtLancaster	44	AGE44	9281	9280_BurtLancaster_44_m
525	BoDerek	44	AGE44	9660	9659_BoDerek_44_f
115	BarbaraBain	44	AGE44	10414	10413_BarbaraBain_44_f
255	NickNolte	44	AGE44	2194	2193_NickNolte_44_m
469	ClaudiaCardinale	44	AGE44	13007	13006_ClaudiaCardinale_44_f
331	SamElliott	44	AGE44	2887	2886_SamElliott_44_m
76	HarveyKeitel	44	AGE44	4190	4189_HarveyKeitel_44_m
32	BonnieHunt	44	AGE44	15100	15099_BonnieHunt_44_f
474	TellySavalas	44	AGE44	7618	7617_TellySavalas_44_m
482	JuneLockhart	44	AGE44	11128	11127_JuneLockhart_44_f
356	JeffreyJones	44	AGE44	4249	4248_JeffreyJones_44_m
69	BrianDennehy	44	AGE44	3947	3946_BrianDennehy_44_m
10	JeffDaniels	44	AGE44	3368	3367_JeffDaniels_44_m
520	MaryTamm	44	AGE44	15744	15743_MaryTamm_44_f
403	RogerAllam	44	AGE44	3731	3730_RogerAllam_44_m
440	RayDanton	44	AGE44	5673	5672_RayDanton_44_m
534	AlbertoSordi	44	AGE44	7753	7752_AlbertoSordi_44_m
447	GlennClose	44	AGE44	9990	9989_GlennClose_44_f
3	ArnoldSchwarzenegger	44	AGE44	8837	8836_ArnoldSchwarzenegger_44_m
354	RandolphScott	44	AGE44	8227	8226_RandolphScott_44_m
108	MelindaDillion	44	AGE44	12314	12313_MelindaDillion_44_f
122	MorganFreeman 	44	AGE44	16050	16049_MorganFreeman _44_m
77	RobertRyan	44	AGE44	7571	7570_RobertRyan_44_m
260	AmandaRedman	44	AGE44	13287	13286_AmandaRedman_44_f
133	LeeJCobb	44	AGE44	6565	6564_LeeJCobb_44_m
223	ElkeSommer	44	AGE44	9963	9962_ElkeSommer_44_f
261	KlausKinski	44	AGE44	6534	6533_KlausKinski_44_m
