subject_id	subject_name	class_id	class_name	sample_id	sample_name
0	YvesMontand	54	AGE54	6897	6896_YvesMontand_54_m
0	YvesMontand	53	AGE53	6896	6895_YvesMontand_53_m
0	YvesMontand	36	AGE36	6882	6881_YvesMontand_36_m
0	YvesMontand	49	AGE49	6892	6891_YvesMontand_49_m
0	YvesMontand	51	AGE51	6894	6893_YvesMontand_51_m
0	YvesMontand	41	AGE41	6886	6885_YvesMontand_41_m
0	YvesMontand	25	AGE25	6875	6874_YvesMontand_25_m
0	YvesMontand	61	AGE61	6903	6902_YvesMontand_61_m
0	YvesMontand	39	AGE39	6885	6884_YvesMontand_39_m
0	YvesMontand	42	AGE42	6887	6886_YvesMontand_42_m
0	YvesMontand	52	AGE52	6895	6894_YvesMontand_52_m
0	YvesMontand	37	AGE37	6883	6882_YvesMontand_37_m
0	YvesMontand	60	AGE60	6902	6901_YvesMontand_60_m
0	YvesMontand	67	AGE67	6909	6908_YvesMontand_67_m
0	YvesMontand	70	AGE70	6911	6910_YvesMontand_70_m
0	YvesMontand	59	AGE59	6901	6900_YvesMontand_59_m
0	YvesMontand	36	AGE36	6881	6880_YvesMontand_36_m
0	YvesMontand	19	AGE19	6873	6872_YvesMontand_19_m
0	YvesMontand	30	AGE30	6877	6876_YvesMontand_30_m
0	YvesMontand	23	AGE23	6874	6873_YvesMontand_23_m
0	YvesMontand	29	AGE29	6876	6875_YvesMontand_29_m
0	YvesMontand	62	AGE62	6905	6904_YvesMontand_62_m
0	YvesMontand	32	AGE32	6878	6877_YvesMontand_32_m
0	YvesMontand	54	AGE54	6888	6887_YvesMontand_54_m
0	YvesMontand	62	AGE62	6904	6903_YvesMontand_62_m
0	YvesMontand	69	AGE69	6910	6909_YvesMontand_69_m
0	YvesMontand	64	AGE64	6906	6905_YvesMontand_64_m
0	YvesMontand	59	AGE59	6900	6899_YvesMontand_59_m
0	YvesMontand	65	AGE65	6908	6907_YvesMontand_65_m
0	YvesMontand	58	AGE58	6899	6898_YvesMontand_58_m
0	YvesMontand	50	AGE50	6893	6892_YvesMontand_50_m
0	YvesMontand	45	AGE45	6889	6888_YvesMontand_45_m
0	YvesMontand	34	AGE34	6880	6879_YvesMontand_34_m
0	YvesMontand	38	AGE38	6884	6883_YvesMontand_38_m
0	YvesMontand	64	AGE64	6907	6906_YvesMontand_64_m
0	YvesMontand	58	AGE58	6898	6897_YvesMontand_58_m
0	YvesMontand	33	AGE33	6879	6878_YvesMontand_33_m
0	YvesMontand	48	AGE48	6891	6890_YvesMontand_48_m
0	YvesMontand	47	AGE47	6890	6889_YvesMontand_47_m
1	HerbertLom	53	AGE53	5860	5859_HerbertLom_53_m
1	HerbertLom	93	AGE93	5882	5881_HerbertLom_93_m
1	HerbertLom	95	AGE95	5884	5883_HerbertLom_95_m
1	HerbertLom	61	AGE61	5865	5864_HerbertLom_61_m
1	HerbertLom	81	AGE81	5877	5876_HerbertLom_81_m
1	HerbertLom	58	AGE58	5864	5863_HerbertLom_58_m
1	HerbertLom	63	AGE63	5867	5866_HerbertLom_63_m
1	HerbertLom	83	AGE83	5878	5877_HerbertLom_83_m
1	HerbertLom	38	AGE38	5849	5848_HerbertLom_38_m
1	HerbertLom	68	AGE68	5872	5871_HerbertLom_68_m
1	HerbertLom	32	AGE32	5844	5843_HerbertLom_32_m
1	HerbertLom	87	AGE87	5880	5879_HerbertLom_87_m
1	HerbertLom	91	AGE91	5881	5880_HerbertLom_91_m
1	HerbertLom	44	AGE44	5854	5853_HerbertLom_44_m
1	HerbertLom	64	AGE64	5868	5867_HerbertLom_64_m
1	HerbertLom	67	AGE67	5871	5870_HerbertLom_67_m
1	HerbertLom	37	AGE37	5848	5847_HerbertLom_37_m
1	HerbertLom	54	AGE54	5861	5860_HerbertLom_54_m
1	HerbertLom	55	AGE55	5862	5861_HerbertLom_55_m
1	HerbertLom	57	AGE57	5863	5862_HerbertLom_57_m
1	HerbertLom	42	AGE42	5852	5851_HerbertLom_42_m
1	HerbertLom	76	AGE76	5875	5874_HerbertLom_76_m
1	HerbertLom	65	AGE65	5869	5868_HerbertLom_65_m
1	HerbertLom	36	AGE36	5847	5846_HerbertLom_36_m
1	HerbertLom	35	AGE35	5846	5845_HerbertLom_35_m
1	HerbertLom	33	AGE33	5845	5844_HerbertLom_33_m
1	HerbertLom	41	AGE41	5851	5850_HerbertLom_41_m
1	HerbertLom	43	AGE43	5853	5852_HerbertLom_43_m
1	HerbertLom	72	AGE72	5873	5872_HerbertLom_72_m
1	HerbertLom	29	AGE29	5843	5842_HerbertLom_29_m
1	HerbertLom	40	AGE40	5850	5849_HerbertLom_40_m
1	HerbertLom	66	AGE66	5870	5869_HerbertLom_66_m
1	HerbertLom	52	AGE52	5859	5858_HerbertLom_52_m
1	HerbertLom	78	AGE78	5876	5875_HerbertLom_78_m
1	HerbertLom	28	AGE28	5842	5841_HerbertLom_28_m
1	HerbertLom	23	AGE23	5840	5839_HerbertLom_23_m
1	HerbertLom	85	AGE85	5879	5878_HerbertLom_85_m
1	HerbertLom	62	AGE62	5866	5865_HerbertLom_62_m
1	HerbertLom	74	AGE74	5874	5873_HerbertLom_74_m
1	HerbertLom	49	AGE49	5857	5856_HerbertLom_49_m
1	HerbertLom	94	AGE94	5883	5882_HerbertLom_94_m
1	HerbertLom	51	AGE51	5858	5857_HerbertLom_51_m
1	HerbertLom	46	AGE46	5856	5855_HerbertLom_46_m
1	HerbertLom	45	AGE45	5855	5854_HerbertLom_45_m
1	HerbertLom	26	AGE26	5841	5840_HerbertLom_26_m
2	RoyRogers	34	AGE34	5698	5697_RoyRogers_34_m
2	RoyRogers	43	AGE43	5705	5704_RoyRogers_43_m
2	RoyRogers	49	AGE49	5711	5710_RoyRogers_49_m
2	RoyRogers	47	AGE47	5709	5708_RoyRogers_47_m
2	RoyRogers	35	AGE35	5699	5698_RoyRogers_35_m
2	RoyRogers	75	AGE75	5720	5719_RoyRogers_75_m
2	RoyRogers	24	AGE24	5690	5689_RoyRogers_24_m
2	RoyRogers	64	AGE64	5715	5714_RoyRogers_64_m
2	RoyRogers	72	AGE72	5719	5718_RoyRogers_72_m
2	RoyRogers	50	AGE50	5712	5711_RoyRogers_50_m
2	RoyRogers	30	AGE30	5695	5694_RoyRogers_30_m
2	RoyRogers	37	AGE37	5701	5700_RoyRogers_37_m
2	RoyRogers	78	AGE78	5722	5721_RoyRogers_78_m
2	RoyRogers	36	AGE36	5700	5699_RoyRogers_36_m
2	RoyRogers	39	AGE39	5703	5702_RoyRogers_39_m
2	RoyRogers	27	AGE27	5692	5691_RoyRogers_27_m
2	RoyRogers	67	AGE67	5717	5716_RoyRogers_67_m
2	RoyRogers	44	AGE44	5706	5705_RoyRogers_44_m
2	RoyRogers	40	AGE40	5704	5703_RoyRogers_40_m
2	RoyRogers	31	AGE31	5696	5695_RoyRogers_31_m
2	RoyRogers	76	AGE76	5721	5720_RoyRogers_76_m
2	RoyRogers	28	AGE28	5693	5692_RoyRogers_28_m
2	RoyRogers	57	AGE57	5714	5713_RoyRogers_57_m
2	RoyRogers	65	AGE65	5716	5715_RoyRogers_65_m
2	RoyRogers	87	AGE87	5725	5724_RoyRogers_87_m
2	RoyRogers	45	AGE45	5707	5706_RoyRogers_45_m
2	RoyRogers	48	AGE48	5710	5709_RoyRogers_48_m
2	RoyRogers	25	AGE25	5691	5690_RoyRogers_25_m
2	RoyRogers	29	AGE29	5694	5693_RoyRogers_29_m
2	RoyRogers	56	AGE56	5713	5712_RoyRogers_56_m
2	RoyRogers	83	AGE83	5724	5723_RoyRogers_83_m
2	RoyRogers	81	AGE81	5723	5722_RoyRogers_81_m
2	RoyRogers	69	AGE69	5718	5717_RoyRogers_69_m
2	RoyRogers	46	AGE46	5708	5707_RoyRogers_46_m
2	RoyRogers	38	AGE38	5702	5701_RoyRogers_38_m
2	RoyRogers	33	AGE33	5697	5696_RoyRogers_33_m
3	ArnoldSchwarzenegger	62	AGE62	8854	8853_ArnoldSchwarzenegger_62_m
3	ArnoldSchwarzenegger	37	AGE37	8829	8828_ArnoldSchwarzenegger_37_m
3	ArnoldSchwarzenegger	35	AGE35	8828	8827_ArnoldSchwarzenegger_35_m
3	ArnoldSchwarzenegger	65	AGE65	8857	8856_ArnoldSchwarzenegger_65_m
3	ArnoldSchwarzenegger	47	AGE47	8839	8838_ArnoldSchwarzenegger_47_m
3	ArnoldSchwarzenegger	44	AGE44	8837	8836_ArnoldSchwarzenegger_44_m
3	ArnoldSchwarzenegger	30	AGE30	8825	8824_ArnoldSchwarzenegger_30_m
3	ArnoldSchwarzenegger	51	AGE51	8842	8841_ArnoldSchwarzenegger_51_m
3	ArnoldSchwarzenegger	27	AGE27	8822	8821_ArnoldSchwarzenegger_27_m
3	ArnoldSchwarzenegger	37	AGE37	8830	8829_ArnoldSchwarzenegger_37_m
3	ArnoldSchwarzenegger	63	AGE63	8855	8854_ArnoldSchwarzenegger_63_m
3	ArnoldSchwarzenegger	52	AGE52	8843	8842_ArnoldSchwarzenegger_52_m
3	ArnoldSchwarzenegger	67	AGE67	8859	8858_ArnoldSchwarzenegger_67_m
3	ArnoldSchwarzenegger	44	AGE44	8836	8835_ArnoldSchwarzenegger_44_m
3	ArnoldSchwarzenegger	47	AGE47	8840	8839_ArnoldSchwarzenegger_47_m
3	ArnoldSchwarzenegger	54	AGE54	8845	8844_ArnoldSchwarzenegger_54_m
3	ArnoldSchwarzenegger	35	AGE35	8827	8826_ArnoldSchwarzenegger_35_m
3	ArnoldSchwarzenegger	60	AGE60	8852	8851_ArnoldSchwarzenegger_60_m
3	ArnoldSchwarzenegger	54	AGE54	8844	8843_ArnoldSchwarzenegger_54_m
3	ArnoldSchwarzenegger	41	AGE41	8834	8833_ArnoldSchwarzenegger_41_m
3	ArnoldSchwarzenegger	66	AGE66	8858	8857_ArnoldSchwarzenegger_66_m
3	ArnoldSchwarzenegger	32	AGE32	8826	8825_ArnoldSchwarzenegger_32_m
3	ArnoldSchwarzenegger	65	AGE65	8856	8855_ArnoldSchwarzenegger_65_m
3	ArnoldSchwarzenegger	43	AGE43	8835	8834_ArnoldSchwarzenegger_43_m
3	ArnoldSchwarzenegger	55	AGE55	8847	8846_ArnoldSchwarzenegger_55_m
3	ArnoldSchwarzenegger	29	AGE29	8823	8822_ArnoldSchwarzenegger_29_m
3	ArnoldSchwarzenegger	40	AGE40	8833	8832_ArnoldSchwarzenegger_40_m
3	ArnoldSchwarzenegger	38	AGE38	8831	8830_ArnoldSchwarzenegger_38_m
3	ArnoldSchwarzenegger	57	AGE57	8850	8849_ArnoldSchwarzenegger_57_m
3	ArnoldSchwarzenegger	56	AGE56	8849	8848_ArnoldSchwarzenegger_56_m
3	ArnoldSchwarzenegger	61	AGE61	8853	8852_ArnoldSchwarzenegger_61_m
3	ArnoldSchwarzenegger	55	AGE55	8846	8845_ArnoldSchwarzenegger_55_m
3	ArnoldSchwarzenegger	29	AGE29	8824	8823_ArnoldSchwarzenegger_29_m
3	ArnoldSchwarzenegger	58	AGE58	8851	8850_ArnoldSchwarzenegger_58_m
3	ArnoldSchwarzenegger	39	AGE39	8832	8831_ArnoldSchwarzenegger_39_m
3	ArnoldSchwarzenegger	22	AGE22	8819	8818_ArnoldSchwarzenegger_22_m
3	ArnoldSchwarzenegger	26	AGE26	8821	8820_ArnoldSchwarzenegger_26_m
3	ArnoldSchwarzenegger	46	AGE46	8838	8837_ArnoldSchwarzenegger_46_m
3	ArnoldSchwarzenegger	22	AGE22	8820	8819_ArnoldSchwarzenegger_22_m
3	ArnoldSchwarzenegger	49	AGE49	8841	8840_ArnoldSchwarzenegger_49_m
3	ArnoldSchwarzenegger	56	AGE56	8848	8847_ArnoldSchwarzenegger_56_m
4	CaryGrant	27	AGE27	6101	6100_CaryGrant_27_m
4	CaryGrant	36	AGE36	6104	6103_CaryGrant_36_m
4	CaryGrant	32	AGE32	6117	6116_CaryGrant_32_m
4	CaryGrant	69	AGE69	6100	6099_CaryGrant_69_m
4	CaryGrant	69	AGE69	6112	6111_CaryGrant_69_m
4	CaryGrant	37	AGE37	6105	6104_CaryGrant_37_m
4	CaryGrant	34	AGE34	6116	6115_CaryGrant_34_m
4	CaryGrant	59	AGE59	6110	6109_CaryGrant_59_m
4	CaryGrant	28	AGE28	6130	6129_CaryGrant_28_m
4	CaryGrant	33	AGE33	6128	6127_CaryGrant_33_m
4	CaryGrant	45	AGE45	6107	6106_CaryGrant_45_m
4	CaryGrant	66	AGE66	6111	6110_CaryGrant_66_m
4	CaryGrant	44	AGE44	6106	6105_CaryGrant_44_m
4	CaryGrant	52	AGE52	6098	6097_CaryGrant_52_m
4	CaryGrant	30	AGE30	6123	6122_CaryGrant_30_m
4	CaryGrant	69	AGE69	6113	6112_CaryGrant_69_m
4	CaryGrant	48	AGE48	6108	6107_CaryGrant_48_m
4	CaryGrant	74	AGE74	6114	6113_CaryGrant_74_m
4	CaryGrant	35	AGE35	6124	6123_CaryGrant_35_m
4	CaryGrant	50	AGE50	6103	6102_CaryGrant_50_m
4	CaryGrant	30	AGE30	6119	6118_CaryGrant_30_m
4	CaryGrant	48	AGE48	6126	6125_CaryGrant_48_m
4	CaryGrant	72	AGE72	6099	6098_CaryGrant_72_m
4	CaryGrant	28	AGE28	6129	6128_CaryGrant_28_m
4	CaryGrant	70	AGE70	6097	6096_CaryGrant_70_m
4	CaryGrant	75	AGE75	6102	6101_CaryGrant_75_m
4	CaryGrant	28	AGE28	6127	6126_CaryGrant_28_m
4	CaryGrant	32	AGE32	6125	6124_CaryGrant_32_m
4	CaryGrant	52	AGE52	6121	6120_CaryGrant_52_m
4	CaryGrant	77	AGE77	6115	6114_CaryGrant_77_m
4	CaryGrant	28	AGE28	6122	6121_CaryGrant_28_m
4	CaryGrant	58	AGE58	6118	6117_CaryGrant_58_m
4	CaryGrant	53	AGE53	6120	6119_CaryGrant_53_m
4	CaryGrant	55	AGE55	6109	6108_CaryGrant_55_m
4	CaryGrant	40	AGE40	6096	6095_CaryGrant_40_m
5	HatzidakisManos	28	AGE28	292	291_HatzidakisManos_28_m
5	HatzidakisManos	53	AGE53	296	295_HatzidakisManos_53_m
5	HatzidakisManos	35	AGE35	293	292_HatzidakisManos_35_m
5	HatzidakisManos	67	AGE67	297	296_HatzidakisManos_67_m
5	HatzidakisManos	38	AGE38	291	290_HatzidakisManos_38_m
5	HatzidakisManos	47	AGE47	287	286_HatzidakisManos_47_m
5	HatzidakisManos	52	AGE52	295	294_HatzidakisManos_52_m
5	HatzidakisManos	65	AGE65	298	297_HatzidakisManos_65_m
5	HatzidakisManos	38	AGE38	290	289_HatzidakisManos_38_m
5	HatzidakisManos	40	AGE40	289	288_HatzidakisManos_40_m
5	HatzidakisManos	68	AGE68	285	284_HatzidakisManos_68_m
5	HatzidakisManos	38	AGE38	286	285_HatzidakisManos_38_m
5	HatzidakisManos	47	AGE47	294	293_HatzidakisManos_47_m
5	HatzidakisManos	25	AGE25	299	298_HatzidakisManos_25_m
5	HatzidakisManos	43	AGE43	288	287_HatzidakisManos_43_m
6	Carroll	33	AGE33	16298	16297_Carroll_33_f
6	Carroll	74	AGE74	16303	16302_Carroll_74_f
6	Carroll	15	AGE15	16294	16293_Carroll_15_f
6	Carroll	78	AGE78	16313	16312_Carroll_78_f
6	Carroll	30	AGE30	16310	16309_Carroll_30_f
6	Carroll	55	AGE55	16312	16311_Carroll_55_f
6	Carroll	46	AGE46	16299	16298_Carroll_46_f
6	Carroll	27	AGE27	16297	16296_Carroll_27_f
6	Carroll	26	AGE26	16295	16294_Carroll_26_f
6	Carroll	78	AGE78	16314	16313_Carroll_78_f
6	Carroll	32	AGE32	16309	16308_Carroll_32_f
6	Carroll	34	AGE34	16293	16292_Carroll_34_f
6	Carroll	39	AGE39	16307	16306_Carroll_39_f
6	Carroll	32	AGE32	16308	16307_Carroll_32_f
6	Carroll	19	AGE19	16296	16295_Carroll_19_f
6	Carroll	24	AGE24	16311	16310_Carroll_24_f
6	Carroll	22	AGE22	16306	16305_Carroll_22_f
6	Carroll	78	AGE78	16301	16300_Carroll_78_f
6	Carroll	24	AGE24	16300	16299_Carroll_24_f
6	Carroll	46	AGE46	16305	16304_Carroll_46_f
6	Carroll	62	AGE62	16304	16303_Carroll_62_f
6	Carroll	21	AGE21	16292	16291_Carroll_21_f
6	Carroll	86	AGE86	16302	16301_Carroll_86_f
7	DonnaDouglas	37	AGE37	10980	10979_DonnaDouglas_37_f
7	DonnaDouglas	16	AGE16	10967	10966_DonnaDouglas_16_f
7	DonnaDouglas	59	AGE59	10985	10984_DonnaDouglas_59_f
7	DonnaDouglas	70	AGE70	10989	10988_DonnaDouglas_70_f
7	DonnaDouglas	54	AGE54	10984	10983_DonnaDouglas_54_f
7	DonnaDouglas	30	AGE30	10974	10973_DonnaDouglas_30_f
7	DonnaDouglas	6	AGE6	10965	10964_DonnaDouglas_6_f
7	DonnaDouglas	40	AGE40	10982	10981_DonnaDouglas_40_f
7	DonnaDouglas	74	AGE74	10986	10985_DonnaDouglas_74_f
7	DonnaDouglas	80	AGE80	10988	10987_DonnaDouglas_80_f
7	DonnaDouglas	75	AGE75	10987	10986_DonnaDouglas_75_f
7	DonnaDouglas	35	AGE35	10978	10977_DonnaDouglas_35_f
7	DonnaDouglas	38	AGE38	10981	10980_DonnaDouglas_38_f
7	DonnaDouglas	9	AGE9	10966	10965_DonnaDouglas_9_f
7	DonnaDouglas	34	AGE34	10977	10976_DonnaDouglas_34_f
7	DonnaDouglas	33	AGE33	10976	10975_DonnaDouglas_33_f
7	DonnaDouglas	18	AGE18	10968	10967_DonnaDouglas_18_f
7	DonnaDouglas	28	AGE28	10973	10972_DonnaDouglas_28_f
7	DonnaDouglas	20	AGE20	10969	10968_DonnaDouglas_20_f
7	DonnaDouglas	31	AGE31	10975	10974_DonnaDouglas_31_f
7	DonnaDouglas	26	AGE26	10971	10970_DonnaDouglas_26_f
7	DonnaDouglas	27	AGE27	10972	10971_DonnaDouglas_27_f
7	DonnaDouglas	25	AGE25	10970	10969_DonnaDouglas_25_f
7	DonnaDouglas	48	AGE48	10983	10982_DonnaDouglas_48_f
7	DonnaDouglas	36	AGE36	10979	10978_DonnaDouglas_36_f
8	SimoneSignoret	44	AGE44	14837	14836_SimoneSignoret_44_f
8	SimoneSignoret	48	AGE48	14820	14819_SimoneSignoret_48_f
8	SimoneSignoret	21	AGE21	14835	14834_SimoneSignoret_21_f
8	SimoneSignoret	44	AGE44	14832	14831_SimoneSignoret_44_f
8	SimoneSignoret	55	AGE55	14833	14832_SimoneSignoret_55_f
8	SimoneSignoret	39	AGE39	14819	14818_SimoneSignoret_39_f
8	SimoneSignoret	38	AGE38	14831	14830_SimoneSignoret_38_f
8	SimoneSignoret	23	AGE23	14841	14840_SimoneSignoret_23_f
8	SimoneSignoret	21	AGE21	14836	14835_SimoneSignoret_21_f
8	SimoneSignoret	30	AGE30	14818	14817_SimoneSignoret_30_f
8	SimoneSignoret	32	AGE32	14830	14829_SimoneSignoret_32_f
8	SimoneSignoret	37	AGE37	14843	14842_SimoneSignoret_37_f
8	SimoneSignoret	48	AGE48	14856	14855_SimoneSignoret_48_f
8	SimoneSignoret	34	AGE34	14823	14822_SimoneSignoret_34_f
8	SimoneSignoret	48	AGE48	14845	14844_SimoneSignoret_48_f
8	SimoneSignoret	26	AGE26	14840	14839_SimoneSignoret_26_f
8	SimoneSignoret	25	AGE25	14839	14838_SimoneSignoret_25_f
8	SimoneSignoret	25	AGE25	14848	14847_SimoneSignoret_25_f
8	SimoneSignoret	28	AGE28	14834	14833_SimoneSignoret_28_f
8	SimoneSignoret	29	AGE29	14828	14827_SimoneSignoret_29_f
8	SimoneSignoret	30	AGE30	14829	14828_SimoneSignoret_30_f
8	SimoneSignoret	50	AGE50	14846	14845_SimoneSignoret_50_f
8	SimoneSignoret	50	AGE50	14851	14850_SimoneSignoret_50_f
8	SimoneSignoret	21	AGE21	14842	14841_SimoneSignoret_21_f
8	SimoneSignoret	25	AGE25	14822	14821_SimoneSignoret_25_f
8	SimoneSignoret	21	AGE21	14825	14824_SimoneSignoret_21_f
8	SimoneSignoret	39	AGE39	14857	14856_SimoneSignoret_39_f
8	SimoneSignoret	64	AGE64	14847	14846_SimoneSignoret_64_f
8	SimoneSignoret	43	AGE43	14838	14837_SimoneSignoret_43_f
8	SimoneSignoret	27	AGE27	14844	14843_SimoneSignoret_27_f
8	SimoneSignoret	58	AGE58	14854	14853_SimoneSignoret_58_f
8	SimoneSignoret	51	AGE51	14852	14851_SimoneSignoret_51_f
8	SimoneSignoret	24	AGE24	14824	14823_SimoneSignoret_24_f
8	SimoneSignoret	57	AGE57	14853	14852_SimoneSignoret_57_f
8	SimoneSignoret	62	AGE62	14849	14848_SimoneSignoret_62_f
8	SimoneSignoret	61	AGE61	14855	14854_SimoneSignoret_61_f
8	SimoneSignoret	29	AGE29	14821	14820_SimoneSignoret_29_f
8	SimoneSignoret	42	AGE42	14827	14826_SimoneSignoret_42_f
8	SimoneSignoret	19	AGE19	14850	14849_SimoneSignoret_19_f
8	SimoneSignoret	35	AGE35	14826	14825_SimoneSignoret_35_f
9	FessParker	74	AGE74	7081	7080_FessParker_74_m
9	FessParker	33	AGE33	7066	7065_FessParker_33_m
9	FessParker	64	AGE64	7079	7078_FessParker_64_m
9	FessParker	76	AGE76	7082	7081_FessParker_76_m
9	FessParker	37	AGE37	7070	7069_FessParker_37_m
9	FessParker	77	AGE77	7083	7082_FessParker_77_m
9	FessParker	34	AGE34	7067	7066_FessParker_34_m
9	FessParker	28	AGE28	7064	7063_FessParker_28_m
9	FessParker	48	AGE48	7075	7074_FessParker_48_m
9	FessParker	51	AGE51	7076	7075_FessParker_51_m
9	FessParker	41	AGE41	7072	7071_FessParker_41_m
9	FessParker	60	AGE60	7078	7077_FessParker_60_m
9	FessParker	38	AGE38	7071	7070_FessParker_38_m
9	FessParker	56	AGE56	7077	7076_FessParker_56_m
9	FessParker	46	AGE46	7074	7073_FessParker_46_m
9	FessParker	35	AGE35	7068	7067_FessParker_35_m
9	FessParker	30	AGE30	7065	7064_FessParker_30_m
9	FessParker	66	AGE66	7080	7079_FessParker_66_m
9	FessParker	36	AGE36	7069	7068_FessParker_36_m
9	FessParker	44	AGE44	7073	7072_FessParker_44_m
10	JeffDaniels	37	AGE37	3359	3358_JeffDaniels_37_m
10	JeffDaniels	54	AGE54	3379	3378_JeffDaniels_54_m
10	JeffDaniels	43	AGE43	3367	3366_JeffDaniels_43_m
10	JeffDaniels	26	AGE26	3350	3349_JeffDaniels_26_m
10	JeffDaniels	51	AGE51	3376	3375_JeffDaniels_51_m
10	JeffDaniels	59	AGE59	3383	3382_JeffDaniels_59_m
10	JeffDaniels	39	AGE39	3362	3361_JeffDaniels_39_m
10	JeffDaniels	57	AGE57	3381	3380_JeffDaniels_57_m
10	JeffDaniels	36	AGE36	3358	3357_JeffDaniels_36_m
10	JeffDaniels	49	AGE49	3374	3373_JeffDaniels_49_m
10	JeffDaniels	29	AGE29	3352	3351_JeffDaniels_29_m
10	JeffDaniels	41	AGE41	3364	3363_JeffDaniels_41_m
10	JeffDaniels	35	AGE35	3357	3356_JeffDaniels_35_m
10	JeffDaniels	46	AGE46	3371	3370_JeffDaniels_46_m
10	JeffDaniels	34	AGE34	3356	3355_JeffDaniels_34_m
10	JeffDaniels	42	AGE42	3365	3364_JeffDaniels_42_m
10	JeffDaniels	31	AGE31	3354	3353_JeffDaniels_31_m
10	JeffDaniels	44	AGE44	3368	3367_JeffDaniels_44_m
10	JeffDaniels	50	AGE50	3375	3374_JeffDaniels_50_m
10	JeffDaniels	28	AGE28	3351	3350_JeffDaniels_28_m
10	JeffDaniels	30	AGE30	3353	3352_JeffDaniels_30_m
10	JeffDaniels	38	AGE38	3361	3360_JeffDaniels_38_m
10	JeffDaniels	33	AGE33	3355	3354_JeffDaniels_33_m
10	JeffDaniels	45	AGE45	3369	3368_JeffDaniels_45_m
10	JeffDaniels	40	AGE40	3363	3362_JeffDaniels_40_m
10	JeffDaniels	53	AGE53	3378	3377_JeffDaniels_53_m
10	JeffDaniels	48	AGE48	3373	3372_JeffDaniels_48_m
10	JeffDaniels	47	AGE47	3372	3371_JeffDaniels_47_m
10	JeffDaniels	38	AGE38	3360	3359_JeffDaniels_38_m
10	JeffDaniels	58	AGE58	3382	3381_JeffDaniels_58_m
10	JeffDaniels	45	AGE45	3370	3369_JeffDaniels_45_m
10	JeffDaniels	52	AGE52	3377	3376_JeffDaniels_52_m
10	JeffDaniels	42	AGE42	3366	3365_JeffDaniels_42_m
10	JeffDaniels	55	AGE55	3380	3379_JeffDaniels_55_m
11	MichaelSarrazin	61	AGE61	9151	9150_MichaelSarrazin_61_m
11	MichaelSarrazin	55	AGE55	9149	9148_MichaelSarrazin_55_m
11	MichaelSarrazin	33	AGE33	9136	9135_MichaelSarrazin_33_m
11	MichaelSarrazin	32	AGE32	9135	9134_MichaelSarrazin_32_m
11	MichaelSarrazin	28	AGE28	9131	9130_MichaelSarrazin_28_m
11	MichaelSarrazin	31	AGE31	9134	9133_MichaelSarrazin_31_m
11	MichaelSarrazin	57	AGE57	9150	9149_MichaelSarrazin_57_m
11	MichaelSarrazin	53	AGE53	9148	9147_MichaelSarrazin_53_m
11	MichaelSarrazin	42	AGE42	9142	9141_MichaelSarrazin_42_m
11	MichaelSarrazin	46	AGE46	9144	9143_MichaelSarrazin_46_m
11	MichaelSarrazin	50	AGE50	9146	9145_MichaelSarrazin_50_m
11	MichaelSarrazin	23	AGE23	9129	9128_MichaelSarrazin_23_m
11	MichaelSarrazin	68	AGE68	9153	9152_MichaelSarrazin_68_m
11	MichaelSarrazin	38	AGE38	9140	9139_MichaelSarrazin_38_m
11	MichaelSarrazin	51	AGE51	9147	9146_MichaelSarrazin_51_m
11	MichaelSarrazin	45	AGE45	9143	9142_MichaelSarrazin_45_m
11	MichaelSarrazin	40	AGE40	9141	9140_MichaelSarrazin_40_m
11	MichaelSarrazin	30	AGE30	9133	9132_MichaelSarrazin_30_m
11	MichaelSarrazin	37	AGE37	9139	9138_MichaelSarrazin_37_m
11	MichaelSarrazin	29	AGE29	9132	9131_MichaelSarrazin_29_m
11	MichaelSarrazin	36	AGE36	9138	9137_MichaelSarrazin_36_m
11	MichaelSarrazin	27	AGE27	9130	9129_MichaelSarrazin_27_m
11	MichaelSarrazin	34	AGE34	9137	9136_MichaelSarrazin_34_m
11	MichaelSarrazin	64	AGE64	9152	9151_MichaelSarrazin_64_m
11	MichaelSarrazin	48	AGE48	9145	9144_MichaelSarrazin_48_m
12	MerylStreep	47	AGE47	10740	10739_MerylStreep_47_f
12	MerylStreep	57	AGE57	10748	10747_MerylStreep_57_f
12	MerylStreep	41	AGE41	10737	10736_MerylStreep_41_f
12	MerylStreep	30	AGE30	10729	10728_MerylStreep_30_f
12	MerylStreep	35	AGE35	10732	10731_MerylStreep_35_f
12	MerylStreep	46	AGE46	10739	10738_MerylStreep_46_f
12	MerylStreep	39	AGE39	10734	10733_MerylStreep_39_f
12	MerylStreep	29	AGE29	10728	10727_MerylStreep_29_f
12	MerylStreep	34	AGE34	10731	10730_MerylStreep_34_f
12	MerylStreep	60	AGE60	10750	10749_MerylStreep_60_f
12	MerylStreep	58	AGE58	10749	10748_MerylStreep_58_f
12	MerylStreep	50	AGE50	10743	10742_MerylStreep_50_f
12	MerylStreep	40	AGE40	10735	10734_MerylStreep_40_f
12	MerylStreep	54	AGE54	10745	10744_MerylStreep_54_f
12	MerylStreep	42	AGE42	10738	10737_MerylStreep_42_f
12	MerylStreep	55	AGE55	10746	10745_MerylStreep_55_f
12	MerylStreep	57	AGE57	10747	10746_MerylStreep_57_f
12	MerylStreep	64	AGE64	10752	10751_MerylStreep_64_f
12	MerylStreep	53	AGE53	10744	10743_MerylStreep_53_f
12	MerylStreep	50	AGE50	10742	10741_MerylStreep_50_f
12	MerylStreep	49	AGE49	10741	10740_MerylStreep_49_f
12	MerylStreep	40	AGE40	10736	10735_MerylStreep_40_f
12	MerylStreep	64	AGE64	10751	10750_MerylStreep_64_f
12	MerylStreep	32	AGE32	10730	10729_MerylStreep_32_f
12	MerylStreep	38	AGE38	10733	10732_MerylStreep_38_f
13	CatherineSchell	33	AGE33	15121	15120_CatherineSchell_33_f
13	CatherineSchell	27	AGE27	15113	15112_CatherineSchell_27_f
13	CatherineSchell	23	AGE23	15116	15115_CatherineSchell_23_f
13	CatherineSchell	36	AGE36	15124	15123_CatherineSchell_36_f
13	CatherineSchell	29	AGE29	15114	15113_CatherineSchell_29_f
13	CatherineSchell	24	AGE24	15110	15109_CatherineSchell_24_f
13	CatherineSchell	39	AGE39	15127	15126_CatherineSchell_39_f
13	CatherineSchell	51	AGE51	15133	15132_CatherineSchell_51_f
13	CatherineSchell	41	AGE41	15129	15128_CatherineSchell_41_f
13	CatherineSchell	59	AGE59	15135	15134_CatherineSchell_59_f
13	CatherineSchell	28	AGE28	15117	15116_CatherineSchell_28_f
13	CatherineSchell	38	AGE38	15126	15125_CatherineSchell_38_f
13	CatherineSchell	53	AGE53	15134	15133_CatherineSchell_53_f
13	CatherineSchell	69	AGE69	15143	15142_CatherineSchell_69_f
13	CatherineSchell	70	AGE70	15144	15143_CatherineSchell_70_f
13	CatherineSchell	34	AGE34	15122	15121_CatherineSchell_34_f
13	CatherineSchell	61	AGE61	15136	15135_CatherineSchell_61_f
13	CatherineSchell	26	AGE26	15112	15111_CatherineSchell_26_f
13	CatherineSchell	66	AGE66	15140	15139_CatherineSchell_66_f
13	CatherineSchell	40	AGE40	15128	15127_CatherineSchell_40_f
13	CatherineSchell	48	AGE48	15132	15131_CatherineSchell_48_f
13	CatherineSchell	20	AGE20	15115	15114_CatherineSchell_20_f
13	CatherineSchell	63	AGE63	15138	15137_CatherineSchell_63_f
13	CatherineSchell	62	AGE62	15137	15136_CatherineSchell_62_f
13	CatherineSchell	67	AGE67	15141	15140_CatherineSchell_67_f
13	CatherineSchell	25	AGE25	15111	15110_CatherineSchell_25_f
13	CatherineSchell	31	AGE31	15119	15118_CatherineSchell_31_f
13	CatherineSchell	68	AGE68	15142	15141_CatherineSchell_68_f
13	CatherineSchell	32	AGE32	15120	15119_CatherineSchell_32_f
13	CatherineSchell	65	AGE65	15139	15138_CatherineSchell_65_f
13	CatherineSchell	30	AGE30	15118	15117_CatherineSchell_30_f
13	CatherineSchell	37	AGE37	15125	15124_CatherineSchell_37_f
13	CatherineSchell	43	AGE43	15130	15129_CatherineSchell_43_f
13	CatherineSchell	46	AGE46	15131	15130_CatherineSchell_46_f
13	CatherineSchell	19	AGE19	15109	15108_CatherineSchell_19_f
13	CatherineSchell	35	AGE35	15123	15122_CatherineSchell_35_f
14	StevenSpielberg	52	AGE52	6833	6832_StevenSpielberg_52_m
14	StevenSpielberg	65	AGE65	6837	6836_StevenSpielberg_65_m
14	StevenSpielberg	34	AGE34	6842	6841_StevenSpielberg_34_m
14	StevenSpielberg	24	AGE24	6840	6839_StevenSpielberg_24_m
14	StevenSpielberg	58	AGE58	6836	6835_StevenSpielberg_58_m
14	StevenSpielberg	22	AGE22	6821	6820_StevenSpielberg_22_m
14	StevenSpielberg	66	AGE66	6830	6829_StevenSpielberg_66_m
14	StevenSpielberg	47	AGE47	6832	6831_StevenSpielberg_47_m
14	StevenSpielberg	40	AGE40	6839	6838_StevenSpielberg_40_m
14	StevenSpielberg	50	AGE50	6841	6840_StevenSpielberg_50_m
14	StevenSpielberg	29	AGE29	6822	6821_StevenSpielberg_29_m
14	StevenSpielberg	53	AGE53	6834	6833_StevenSpielberg_53_m
14	StevenSpielberg	63	AGE63	6829	6828_StevenSpielberg_63_m
14	StevenSpielberg	60	AGE60	6827	6826_StevenSpielberg_60_m
14	StevenSpielberg	35	AGE35	6838	6837_StevenSpielberg_35_m
14	StevenSpielberg	45	AGE45	6820	6819_StevenSpielberg_45_m
14	StevenSpielberg	27	AGE27	6831	6830_StevenSpielberg_27_m
14	StevenSpielberg	61	AGE61	6828	6827_StevenSpielberg_61_m
14	StevenSpielberg	34	AGE34	6823	6822_StevenSpielberg_34_m
14	StevenSpielberg	57	AGE57	6835	6834_StevenSpielberg_57_m
14	StevenSpielberg	56	AGE56	6826	6825_StevenSpielberg_56_m
14	StevenSpielberg	43	AGE43	6825	6824_StevenSpielberg_43_m
14	StevenSpielberg	35	AGE35	6824	6823_StevenSpielberg_35_m
15	AnneBancroft	31	AGE31	13865	13864_AnneBancroft_31_f
15	AnneBancroft	25	AGE25	13874	13873_AnneBancroft_25_f
15	AnneBancroft	46	AGE46	13863	13862_AnneBancroft_46_f
15	AnneBancroft	72	AGE72	13870	13869_AnneBancroft_72_f
15	AnneBancroft	22	AGE22	13864	13863_AnneBancroft_22_f
15	AnneBancroft	61	AGE61	13871	13870_AnneBancroft_61_f
15	AnneBancroft	60	AGE60	13844	13843_AnneBancroft_60_f
15	AnneBancroft	28	AGE28	13852	13851_AnneBancroft_28_f
15	AnneBancroft	31	AGE31	13846	13845_AnneBancroft_31_f
15	AnneBancroft	53	AGE53	13851	13850_AnneBancroft_53_f
15	AnneBancroft	70	AGE70	13868	13867_AnneBancroft_70_f
15	AnneBancroft	67	AGE67	13845	13844_AnneBancroft_67_f
15	AnneBancroft	44	AGE44	13847	13846_AnneBancroft_44_f
15	AnneBancroft	52	AGE52	13849	13848_AnneBancroft_52_f
15	AnneBancroft	35	AGE35	13872	13871_AnneBancroft_35_f
15	AnneBancroft	73	AGE73	13873	13872_AnneBancroft_73_f
15	AnneBancroft	22	AGE22	13859	13858_AnneBancroft_22_f
15	AnneBancroft	28	AGE28	13856	13855_AnneBancroft_28_f
15	AnneBancroft	66	AGE66	13861	13860_AnneBancroft_66_f
15	AnneBancroft	69	AGE69	13853	13852_AnneBancroft_69_f
15	AnneBancroft	41	AGE41	13866	13865_AnneBancroft_41_f
15	AnneBancroft	25	AGE25	13860	13859_AnneBancroft_25_f
15	AnneBancroft	25	AGE25	13857	13856_AnneBancroft_25_f
15	AnneBancroft	61	AGE61	13850	13849_AnneBancroft_61_f
15	AnneBancroft	68	AGE68	13867	13866_AnneBancroft_68_f
15	AnneBancroft	49	AGE49	13854	13853_AnneBancroft_49_f
15	AnneBancroft	23	AGE23	13862	13861_AnneBancroft_23_f
15	AnneBancroft	70	AGE70	13855	13854_AnneBancroft_70_f
15	AnneBancroft	71	AGE71	13869	13868_AnneBancroft_71_f
15	AnneBancroft	33	AGE33	13848	13847_AnneBancroft_33_f
15	AnneBancroft	73	AGE73	13875	13874_AnneBancroft_73_f
15	AnneBancroft	24	AGE24	13858	13857_AnneBancroft_24_f
15	AnneBancroft	51	AGE51	13843	13842_AnneBancroft_51_f
16	ReginaldOwen	44	AGE44	8242	8241_ReginaldOwen_44_m
16	ReginaldOwen	43	AGE43	8241	8240_ReginaldOwen_43_m
16	ReginaldOwen	66	AGE66	8259	8258_ReginaldOwen_66_m
16	ReginaldOwen	70	AGE70	8260	8259_ReginaldOwen_70_m
16	ReginaldOwen	83	AGE83	8267	8266_ReginaldOwen_83_m
16	ReginaldOwen	57	AGE57	8255	8254_ReginaldOwen_57_m
16	ReginaldOwen	73	AGE73	8261	8260_ReginaldOwen_73_m
16	ReginaldOwen	62	AGE62	8257	8256_ReginaldOwen_62_m
16	ReginaldOwen	56	AGE56	8254	8253_ReginaldOwen_56_m
16	ReginaldOwen	84	AGE84	8268	8267_ReginaldOwen_84_m
16	ReginaldOwen	49	AGE49	8248	8247_ReginaldOwen_49_m
16	ReginaldOwen	51	AGE51	8249	8248_ReginaldOwen_51_m
16	ReginaldOwen	46	AGE46	8243	8242_ReginaldOwen_46_m
16	ReginaldOwen	52	AGE52	8250	8249_ReginaldOwen_52_m
16	ReginaldOwen	61	AGE61	8256	8255_ReginaldOwen_61_m
16	ReginaldOwen	78	AGE78	8265	8264_ReginaldOwen_78_m
16	ReginaldOwen	76	AGE76	8263	8262_ReginaldOwen_76_m
16	ReginaldOwen	48	AGE48	8244	8243_ReginaldOwen_48_m
16	ReginaldOwen	54	AGE54	8252	8251_ReginaldOwen_54_m
16	ReginaldOwen	63	AGE63	8258	8257_ReginaldOwen_63_m
16	ReginaldOwen	41	AGE41	8245	8244_ReginaldOwen_41_m
16	ReginaldOwen	47	AGE47	8246	8245_ReginaldOwen_47_m
16	ReginaldOwen	77	AGE77	8264	8263_ReginaldOwen_77_m
16	ReginaldOwen	53	AGE53	8251	8250_ReginaldOwen_53_m
16	ReginaldOwen	75	AGE75	8262	8261_ReginaldOwen_75_m
16	ReginaldOwen	82	AGE82	8266	8265_ReginaldOwen_82_m
16	ReginaldOwen	55	AGE55	8253	8252_ReginaldOwen_55_m
16	ReginaldOwen	48	AGE48	8247	8246_ReginaldOwen_48_m
17	LuiseRainer	25	AGE25	10664	10663_LuiseRainer_25_f
17	LuiseRainer	26	AGE26	10639	10638_LuiseRainer_26_f
17	LuiseRainer	25	AGE25	10635	10634_LuiseRainer_25_f
17	LuiseRainer	28	AGE28	10667	10666_LuiseRainer_28_f
17	LuiseRainer	30	AGE30	10684	10683_LuiseRainer_30_f
17	LuiseRainer	22	AGE22	10671	10670_LuiseRainer_22_f
17	LuiseRainer	33	AGE33	10662	10661_LuiseRainer_33_f
17	LuiseRainer	29	AGE29	10654	10653_LuiseRainer_29_f
17	LuiseRainer	25	AGE25	10676	10675_LuiseRainer_25_f
17	LuiseRainer	32	AGE32	10691	10690_LuiseRainer_32_f
17	LuiseRainer	27	AGE27	10660	10659_LuiseRainer_27_f
17	LuiseRainer	100	AGE100	10693	10692_LuiseRainer_100_f
17	LuiseRainer	25	AGE25	10689	10688_LuiseRainer_25_f
17	LuiseRainer	26	AGE26	10645	10644_LuiseRainer_26_f
17	LuiseRainer	28	AGE28	10682	10681_LuiseRainer_28_f
17	LuiseRainer	28	AGE28	10652	10651_LuiseRainer_28_f
17	LuiseRainer	31	AGE31	10669	10668_LuiseRainer_31_f
17	LuiseRainer	85	AGE85	10655	10654_LuiseRainer_85_f
17	LuiseRainer	27	AGE27	10638	10637_LuiseRainer_27_f
17	LuiseRainer	26	AGE26	10657	10656_LuiseRainer_26_f
17	LuiseRainer	35	AGE35	10650	10649_LuiseRainer_35_f
17	LuiseRainer	42	AGE42	10670	10669_LuiseRainer_42_f
17	LuiseRainer	26	AGE26	10653	10652_LuiseRainer_26_f
17	LuiseRainer	26	AGE26	10680	10679_LuiseRainer_26_f
17	LuiseRainer	85	AGE85	10688	10687_LuiseRainer_85_f
17	LuiseRainer	74	AGE74	10672	10671_LuiseRainer_74_f
17	LuiseRainer	26	AGE26	10673	10672_LuiseRainer_26_f
17	LuiseRainer	27	AGE27	10666	10665_LuiseRainer_27_f
17	LuiseRainer	26	AGE26	10636	10635_LuiseRainer_26_f
17	LuiseRainer	25	AGE25	10640	10639_LuiseRainer_25_f
17	LuiseRainer	30	AGE30	10656	10655_LuiseRainer_30_f
17	LuiseRainer	29	AGE29	10678	10677_LuiseRainer_29_f
17	LuiseRainer	26	AGE26	10659	10658_LuiseRainer_26_f
17	LuiseRainer	23	AGE23	10641	10640_LuiseRainer_23_f
17	LuiseRainer	27	AGE27	10675	10674_LuiseRainer_27_f
17	LuiseRainer	38	AGE38	10649	10648_LuiseRainer_38_f
17	LuiseRainer	29	AGE29	10683	10682_LuiseRainer_29_f
17	LuiseRainer	25	AGE25	10643	10642_LuiseRainer_25_f
17	LuiseRainer	26	AGE26	10677	10676_LuiseRainer_26_f
17	LuiseRainer	27	AGE27	10647	10646_LuiseRainer_27_f
17	LuiseRainer	26	AGE26	10690	10689_LuiseRainer_26_f
17	LuiseRainer	27	AGE27	10651	10650_LuiseRainer_27_f
17	LuiseRainer	27	AGE27	10679	10678_LuiseRainer_27_f
17	LuiseRainer	23	AGE23	10674	10673_LuiseRainer_23_f
17	LuiseRainer	45	AGE45	10644	10643_LuiseRainer_45_f
17	LuiseRainer	30	AGE30	10668	10667_LuiseRainer_30_f
17	LuiseRainer	26	AGE26	10665	10664_LuiseRainer_26_f
17	LuiseRainer	22	AGE22	10642	10641_LuiseRainer_22_f
17	LuiseRainer	28	AGE28	10634	10633_LuiseRainer_28_f
17	LuiseRainer	33	AGE33	10686	10685_LuiseRainer_33_f
17	LuiseRainer	25	AGE25	10658	10657_LuiseRainer_25_f
17	LuiseRainer	50	AGE50	10648	10647_LuiseRainer_50_f
17	LuiseRainer	27	AGE27	10646	10645_LuiseRainer_27_f
17	LuiseRainer	46	AGE46	10687	10686_LuiseRainer_46_f
17	LuiseRainer	100	AGE100	10692	10691_LuiseRainer_100_f
17	LuiseRainer	30	AGE30	10681	10680_LuiseRainer_30_f
17	LuiseRainer	32	AGE32	10661	10660_LuiseRainer_32_f
17	LuiseRainer	28	AGE28	10637	10636_LuiseRainer_28_f
17	LuiseRainer	22	AGE22	10663	10662_LuiseRainer_22_f
17	LuiseRainer	32	AGE32	10685	10684_LuiseRainer_32_f
18	ElsaMartinelli	29	AGE29	12062	12061_ElsaMartinelli_29_f
18	ElsaMartinelli	76	AGE76	12086	12085_ElsaMartinelli_76_f
18	ElsaMartinelli	71	AGE71	12081	12080_ElsaMartinelli_71_f
18	ElsaMartinelli	64	AGE64	12078	12077_ElsaMartinelli_64_f
18	ElsaMartinelli	60	AGE60	12076	12075_ElsaMartinelli_60_f
18	ElsaMartinelli	31	AGE31	12064	12063_ElsaMartinelli_31_f
18	ElsaMartinelli	42	AGE42	12071	12070_ElsaMartinelli_42_f
18	ElsaMartinelli	21	AGE21	12060	12059_ElsaMartinelli_21_f
18	ElsaMartinelli	34	AGE34	12066	12065_ElsaMartinelli_34_f
18	ElsaMartinelli	49	AGE49	12073	12072_ElsaMartinelli_49_f
18	ElsaMartinelli	63	AGE63	12077	12076_ElsaMartinelli_63_f
18	ElsaMartinelli	77	AGE77	12087	12086_ElsaMartinelli_77_f
18	ElsaMartinelli	30	AGE30	12063	12062_ElsaMartinelli_30_f
18	ElsaMartinelli	59	AGE59	12075	12074_ElsaMartinelli_59_f
18	ElsaMartinelli	38	AGE38	12069	12068_ElsaMartinelli_38_f
18	ElsaMartinelli	20	AGE20	12059	12058_ElsaMartinelli_20_f
18	ElsaMartinelli	73	AGE73	12083	12082_ElsaMartinelli_73_f
18	ElsaMartinelli	75	AGE75	12085	12084_ElsaMartinelli_75_f
18	ElsaMartinelli	35	AGE35	12067	12066_ElsaMartinelli_35_f
18	ElsaMartinelli	19	AGE19	12058	12057_ElsaMartinelli_19_f
18	ElsaMartinelli	78	AGE78	12088	12087_ElsaMartinelli_78_f
18	ElsaMartinelli	39	AGE39	12070	12069_ElsaMartinelli_39_f
18	ElsaMartinelli	72	AGE72	12082	12081_ElsaMartinelli_72_f
18	ElsaMartinelli	55	AGE55	12074	12073_ElsaMartinelli_55_f
18	ElsaMartinelli	46	AGE46	12072	12071_ElsaMartinelli_46_f
18	ElsaMartinelli	37	AGE37	12068	12067_ElsaMartinelli_37_f
18	ElsaMartinelli	74	AGE74	12084	12083_ElsaMartinelli_74_f
18	ElsaMartinelli	69	AGE69	12080	12079_ElsaMartinelli_69_f
18	ElsaMartinelli	68	AGE68	12079	12078_ElsaMartinelli_68_f
18	ElsaMartinelli	33	AGE33	12065	12064_ElsaMartinelli_33_f
18	ElsaMartinelli	23	AGE23	12061	12060_ElsaMartinelli_23_f
19	EdwardFox	77	AGE77	1941	1940_EdwardFox_77_m
19	EdwardFox	51	AGE51	1924	1923_EdwardFox_51_m
19	EdwardFox	58	AGE58	1928	1927_EdwardFox_58_m
19	EdwardFox	30	AGE30	1905	1904_EdwardFox_30_m
19	EdwardFox	76	AGE76	1940	1939_EdwardFox_76_m
19	EdwardFox	35	AGE35	1910	1909_EdwardFox_35_m
19	EdwardFox	45	AGE45	1919	1918_EdwardFox_45_m
19	EdwardFox	33	AGE33	1908	1907_EdwardFox_33_m
19	EdwardFox	40	AGE40	1914	1913_EdwardFox_40_m
19	EdwardFox	41	AGE41	1915	1914_EdwardFox_41_m
19	EdwardFox	36	AGE36	1911	1910_EdwardFox_36_m
19	EdwardFox	46	AGE46	1920	1919_EdwardFox_46_m
19	EdwardFox	49	AGE49	1923	1922_EdwardFox_49_m
19	EdwardFox	26	AGE26	1901	1900_EdwardFox_26_m
19	EdwardFox	70	AGE70	1935	1934_EdwardFox_70_m
19	EdwardFox	31	AGE31	1906	1905_EdwardFox_31_m
19	EdwardFox	34	AGE34	1909	1908_EdwardFox_34_m
19	EdwardFox	29	AGE29	1904	1903_EdwardFox_29_m
19	EdwardFox	38	AGE38	1912	1911_EdwardFox_38_m
19	EdwardFox	59	AGE59	1929	1928_EdwardFox_59_m
19	EdwardFox	60	AGE60	1930	1929_EdwardFox_60_m
19	EdwardFox	63	AGE63	1931	1930_EdwardFox_63_m
19	EdwardFox	55	AGE55	1927	1926_EdwardFox_55_m
19	EdwardFox	28	AGE28	1903	1902_EdwardFox_28_m
19	EdwardFox	73	AGE73	1938	1937_EdwardFox_73_m
19	EdwardFox	54	AGE54	1926	1925_EdwardFox_54_m
19	EdwardFox	32	AGE32	1907	1906_EdwardFox_32_m
19	EdwardFox	65	AGE65	1932	1931_EdwardFox_65_m
19	EdwardFox	72	AGE72	1937	1936_EdwardFox_72_m
19	EdwardFox	75	AGE75	1939	1938_EdwardFox_75_m
19	EdwardFox	71	AGE71	1936	1935_EdwardFox_71_m
19	EdwardFox	42	AGE42	1916	1915_EdwardFox_42_m
19	EdwardFox	44	AGE44	1918	1917_EdwardFox_44_m
19	EdwardFox	48	AGE48	1922	1921_EdwardFox_48_m
19	EdwardFox	27	AGE27	1902	1901_EdwardFox_27_m
19	EdwardFox	66	AGE66	1933	1932_EdwardFox_66_m
19	EdwardFox	53	AGE53	1925	1924_EdwardFox_53_m
19	EdwardFox	40	AGE40	1913	1912_EdwardFox_40_m
19	EdwardFox	67	AGE67	1934	1933_EdwardFox_67_m
19	EdwardFox	47	AGE47	1921	1920_EdwardFox_47_m
19	EdwardFox	43	AGE43	1917	1916_EdwardFox_43_m
20	JohnTravolta	20	AGE20	4686	4685_JohnTravolta_20_m
20	JohnTravolta	23	AGE23	4685	4684_JohnTravolta_23_m
20	JohnTravolta	45	AGE45	4687	4686_JohnTravolta_45_m
20	JohnTravolta	53	AGE53	4683	4682_JohnTravolta_53_m
20	JohnTravolta	24	AGE24	4674	4673_JohnTravolta_24_m
20	JohnTravolta	43	AGE43	4692	4691_JohnTravolta_43_m
20	JohnTravolta	37	AGE37	4684	4683_JohnTravolta_37_m
20	JohnTravolta	37	AGE37	4676	4675_JohnTravolta_37_m
20	JohnTravolta	31	AGE31	4701	4700_JohnTravolta_31_m
20	JohnTravolta	27	AGE27	4695	4694_JohnTravolta_27_m
20	JohnTravolta	44	AGE44	4680	4679_JohnTravolta_44_m
20	JohnTravolta	22	AGE22	4694	4693_JohnTravolta_22_m
20	JohnTravolta	22	AGE22	4675	4674_JohnTravolta_22_m
20	JohnTravolta	45	AGE45	4697	4696_JohnTravolta_45_m
20	JohnTravolta	38	AGE38	4672	4671_JohnTravolta_38_m
20	JohnTravolta	40	AGE40	4690	4689_JohnTravolta_40_m
20	JohnTravolta	50	AGE50	4700	4699_JohnTravolta_50_m
20	JohnTravolta	35	AGE35	4673	4672_JohnTravolta_35_m
20	JohnTravolta	55	AGE55	4689	4688_JohnTravolta_55_m
20	JohnTravolta	59	AGE59	4682	4681_JohnTravolta_59_m
20	JohnTravolta	29	AGE29	4693	4692_JohnTravolta_29_m
20	JohnTravolta	24	AGE24	4698	4697_JohnTravolta_24_m
20	JohnTravolta	30	AGE30	4688	4687_JohnTravolta_30_m
20	JohnTravolta	25	AGE25	4699	4698_JohnTravolta_25_m
20	JohnTravolta	51	AGE51	4681	4680_JohnTravolta_51_m
20	JohnTravolta	26	AGE26	4696	4695_JohnTravolta_26_m
20	JohnTravolta	53	AGE53	4678	4677_JohnTravolta_53_m
20	JohnTravolta	26	AGE26	4677	4676_JohnTravolta_26_m
20	JohnTravolta	24	AGE24	4691	4690_JohnTravolta_24_m
20	JohnTravolta	42	AGE42	4679	4678_JohnTravolta_42_m
21	JamesStewart	51	AGE51	8649	8648_JamesStewart_51_m
21	JamesStewart	32	AGE32	8644	8643_JamesStewart_32_m
21	JamesStewart	32	AGE32	8656	8655_JamesStewart_32_m
21	JamesStewart	41	AGE41	8654	8653_JamesStewart_41_m
21	JamesStewart	45	AGE45	8648	8647_JamesStewart_45_m
21	JamesStewart	29	AGE29	8658	8657_JamesStewart_29_m
21	JamesStewart	31	AGE31	8643	8642_JamesStewart_31_m
21	JamesStewart	32	AGE32	8657	8656_JamesStewart_32_m
21	JamesStewart	41	AGE41	8659	8658_JamesStewart_41_m
21	JamesStewart	68	AGE68	8652	8651_JamesStewart_68_m
21	JamesStewart	69	AGE69	8653	8652_JamesStewart_69_m
21	JamesStewart	34	AGE34	8655	8654_JamesStewart_34_m
21	JamesStewart	65	AGE65	8651	8650_JamesStewart_65_m
21	JamesStewart	52	AGE52	8650	8649_JamesStewart_52_m
21	JamesStewart	28	AGE28	8640	8639_JamesStewart_28_m
21	JamesStewart	40	AGE40	8647	8646_JamesStewart_40_m
21	JamesStewart	86	AGE86	8638	8637_JamesStewart_86_m
21	JamesStewart	26	AGE26	8639	8638_JamesStewart_26_m
21	JamesStewart	38	AGE38	8646	8645_JamesStewart_38_m
21	JamesStewart	32	AGE32	8645	8644_JamesStewart_32_m
21	JamesStewart	30	AGE30	8641	8640_JamesStewart_30_m
21	JamesStewart	31	AGE31	8642	8641_JamesStewart_31_m
22	TerryMoore	13	AGE13	10305	10304_TerryMoore_13_f
22	TerryMoore	15	AGE15	10306	10305_TerryMoore_15_f
22	TerryMoore	42	AGE42	10320	10319_TerryMoore_42_f
22	TerryMoore	72	AGE72	10329	10328_TerryMoore_72_f
22	TerryMoore	71	AGE71	10328	10327_TerryMoore_71_f
22	TerryMoore	28	AGE28	10312	10311_TerryMoore_28_f
22	TerryMoore	40	AGE40	10319	10318_TerryMoore_40_f
22	TerryMoore	19	AGE19	10308	10307_TerryMoore_19_f
22	TerryMoore	53	AGE53	10324	10323_TerryMoore_53_f
22	TerryMoore	26	AGE26	10311	10310_TerryMoore_26_f
22	TerryMoore	34	AGE34	10316	10315_TerryMoore_34_f
22	TerryMoore	55	AGE55	10333	10332_TerryMoore_55_f
22	TerryMoore	18	AGE18	10307	10306_TerryMoore_18_f
22	TerryMoore	20	AGE20	10309	10308_TerryMoore_20_f
22	TerryMoore	62	AGE62	10326	10325_TerryMoore_62_f
22	TerryMoore	32	AGE32	10315	10314_TerryMoore_32_f
22	TerryMoore	57	AGE57	10325	10324_TerryMoore_57_f
22	TerryMoore	38	AGE38	10318	10317_TerryMoore_38_f
22	TerryMoore	79	AGE79	10332	10331_TerryMoore_79_f
22	TerryMoore	69	AGE69	10327	10326_TerryMoore_69_f
22	TerryMoore	76	AGE76	10330	10329_TerryMoore_76_f
22	TerryMoore	22	AGE22	10310	10309_TerryMoore_22_f
22	TerryMoore	29	AGE29	10313	10312_TerryMoore_29_f
22	TerryMoore	47	AGE47	10322	10321_TerryMoore_47_f
22	TerryMoore	51	AGE51	10323	10322_TerryMoore_51_f
22	TerryMoore	44	AGE44	10321	10320_TerryMoore_44_f
22	TerryMoore	37	AGE37	10317	10316_TerryMoore_37_f
22	TerryMoore	77	AGE77	10331	10330_TerryMoore_77_f
22	TerryMoore	31	AGE31	10314	10313_TerryMoore_31_f
23	VirnaLisi	28	AGE28	11335	11334_VirnaLisi_28_f
23	VirnaLisi	25	AGE25	11351	11350_VirnaLisi_25_f
23	VirnaLisi	28	AGE28	11349	11348_VirnaLisi_28_f
23	VirnaLisi	30	AGE30	11337	11336_VirnaLisi_30_f
23	VirnaLisi	62	AGE62	11363	11362_VirnaLisi_62_f
23	VirnaLisi	33	AGE33	11340	11339_VirnaLisi_33_f
23	VirnaLisi	22	AGE22	11354	11353_VirnaLisi_22_f
23	VirnaLisi	26	AGE26	11333	11332_VirnaLisi_26_f
23	VirnaLisi	31	AGE31	11346	11345_VirnaLisi_31_f
23	VirnaLisi	74	AGE74	11344	11343_VirnaLisi_74_f
23	VirnaLisi	58	AGE58	11362	11361_VirnaLisi_58_f
23	VirnaLisi	23	AGE23	11357	11356_VirnaLisi_23_f
23	VirnaLisi	19	AGE19	11328	11327_VirnaLisi_19_f
23	VirnaLisi	58	AGE58	11361	11360_VirnaLisi_58_f
23	VirnaLisi	18	AGE18	11355	11354_VirnaLisi_18_f
23	VirnaLisi	32	AGE32	11339	11338_VirnaLisi_32_f
23	VirnaLisi	32	AGE32	11356	11355_VirnaLisi_32_f
23	VirnaLisi	24	AGE24	11330	11329_VirnaLisi_24_f
23	VirnaLisi	31	AGE31	11347	11346_VirnaLisi_31_f
23	VirnaLisi	44	AGE44	11359	11358_VirnaLisi_44_f
23	VirnaLisi	73	AGE73	11343	11342_VirnaLisi_73_f
23	VirnaLisi	34	AGE34	11341	11340_VirnaLisi_34_f
23	VirnaLisi	25	AGE25	11331	11330_VirnaLisi_25_f
23	VirnaLisi	30	AGE30	11327	11326_VirnaLisi_30_f
23	VirnaLisi	46	AGE46	11360	11359_VirnaLisi_46_f
23	VirnaLisi	31	AGE31	11338	11337_VirnaLisi_31_f
23	VirnaLisi	75	AGE75	11345	11344_VirnaLisi_75_f
23	VirnaLisi	37	AGE37	11358	11357_VirnaLisi_37_f
23	VirnaLisi	27	AGE27	11334	11333_VirnaLisi_27_f
23	VirnaLisi	26	AGE26	11348	11347_VirnaLisi_26_f
23	VirnaLisi	32	AGE32	11352	11351_VirnaLisi_32_f
23	VirnaLisi	29	AGE29	11350	11349_VirnaLisi_29_f
23	VirnaLisi	23	AGE23	11329	11328_VirnaLisi_23_f
23	VirnaLisi	54	AGE54	11342	11341_VirnaLisi_54_f
23	VirnaLisi	26	AGE26	11332	11331_VirnaLisi_26_f
23	VirnaLisi	28	AGE28	11336	11335_VirnaLisi_28_f
23	VirnaLisi	30	AGE30	11353	11352_VirnaLisi_30_f
24	HelenHunt	15	AGE15	10033	10032_HelenHunt_15_f
24	HelenHunt	12	AGE12	10030	10029_HelenHunt_12_f
24	HelenHunt	18	AGE18	10034	10033_HelenHunt_18_f
24	HelenHunt	38	AGE38	10053	10052_HelenHunt_38_f
24	HelenHunt	37	AGE37	10052	10051_HelenHunt_37_f
24	HelenHunt	10	AGE10	10028	10027_HelenHunt_10_f
24	HelenHunt	50	AGE50	10064	10063_HelenHunt_50_f
24	HelenHunt	19	AGE19	10035	10034_HelenHunt_19_f
24	HelenHunt	35	AGE35	10049	10048_HelenHunt_35_f
24	HelenHunt	26	AGE26	10040	10039_HelenHunt_26_f
24	HelenHunt	39	AGE39	10054	10053_HelenHunt_39_f
24	HelenHunt	44	AGE44	10058	10057_HelenHunt_44_f
24	HelenHunt	33	AGE33	10046	10045_HelenHunt_33_f
24	HelenHunt	49	AGE49	10062	10061_HelenHunt_49_f
24	HelenHunt	29	AGE29	10043	10042_HelenHunt_29_f
24	HelenHunt	32	AGE32	10045	10044_HelenHunt_32_f
24	HelenHunt	28	AGE28	10042	10041_HelenHunt_28_f
24	HelenHunt	48	AGE48	10061	10060_HelenHunt_48_f
24	HelenHunt	30	AGE30	10044	10043_HelenHunt_30_f
24	HelenHunt	43	AGE43	10057	10056_HelenHunt_43_f
24	HelenHunt	21	AGE21	10037	10036_HelenHunt_21_f
24	HelenHunt	22	AGE22	10038	10037_HelenHunt_22_f
24	HelenHunt	34	AGE34	10048	10047_HelenHunt_34_f
24	HelenHunt	14	AGE14	10032	10031_HelenHunt_14_f
24	HelenHunt	50	AGE50	10063	10062_HelenHunt_50_f
24	HelenHunt	41	AGE41	10055	10054_HelenHunt_41_f
24	HelenHunt	20	AGE20	10036	10035_HelenHunt_20_f
24	HelenHunt	51	AGE51	10065	10064_HelenHunt_51_f
24	HelenHunt	45	AGE45	10059	10058_HelenHunt_45_f
24	HelenHunt	37	AGE37	10051	10050_HelenHunt_37_f
24	HelenHunt	27	AGE27	10041	10040_HelenHunt_27_f
24	HelenHunt	36	AGE36	10050	10049_HelenHunt_36_f
24	HelenHunt	11	AGE11	10029	10028_HelenHunt_11_f
24	HelenHunt	34	AGE34	10047	10046_HelenHunt_34_f
24	HelenHunt	42	AGE42	10056	10055_HelenHunt_42_f
24	HelenHunt	24	AGE24	10039	10038_HelenHunt_24_f
24	HelenHunt	13	AGE13	10031	10030_HelenHunt_13_f
24	HelenHunt	47	AGE47	10060	10059_HelenHunt_47_f
25	ShirleyMacLaine	72	AGE72	13263	13262_ShirleyMacLaine_72_f
25	ShirleyMacLaine	44	AGE44	13253	13252_ShirleyMacLaine_44_f
25	ShirleyMacLaine	41	AGE41	13252	13251_ShirleyMacLaine_41_f
25	ShirleyMacLaine	56	AGE56	13258	13257_ShirleyMacLaine_56_f
25	ShirleyMacLaine	30	AGE30	13251	13250_ShirleyMacLaine_30_f
25	ShirleyMacLaine	71	AGE71	13262	13261_ShirleyMacLaine_71_f
25	ShirleyMacLaine	27	AGE27	13248	13247_ShirleyMacLaine_27_f
25	ShirleyMacLaine	20	AGE20	13242	13241_ShirleyMacLaine_20_f
25	ShirleyMacLaine	28	AGE28	13249	13248_ShirleyMacLaine_28_f
25	ShirleyMacLaine	52	AGE52	13257	13256_ShirleyMacLaine_52_f
25	ShirleyMacLaine	48	AGE48	13255	13254_ShirleyMacLaine_48_f
25	ShirleyMacLaine	15	AGE15	13243	13242_ShirleyMacLaine_15_f
25	ShirleyMacLaine	22	AGE22	13247	13246_ShirleyMacLaine_22_f
25	ShirleyMacLaine	37	AGE37	13241	13240_ShirleyMacLaine_37_f
25	ShirleyMacLaine	75	AGE75	13264	13263_ShirleyMacLaine_75_f
25	ShirleyMacLaine	67	AGE67	13261	13260_ShirleyMacLaine_67_f
25	ShirleyMacLaine	16	AGE16	13244	13243_ShirleyMacLaine_16_f
25	ShirleyMacLaine	66	AGE66	13260	13259_ShirleyMacLaine_66_f
25	ShirleyMacLaine	19	AGE19	13267	13266_ShirleyMacLaine_19_f
25	ShirleyMacLaine	21	AGE21	13268	13267_ShirleyMacLaine_21_f
25	ShirleyMacLaine	63	AGE63	13259	13258_ShirleyMacLaine_63_f
25	ShirleyMacLaine	45	AGE45	13254	13253_ShirleyMacLaine_45_f
25	ShirleyMacLaine	29	AGE29	13250	13249_ShirleyMacLaine_29_f
25	ShirleyMacLaine	42	AGE42	13265	13264_ShirleyMacLaine_42_f
25	ShirleyMacLaine	49	AGE49	13256	13255_ShirleyMacLaine_49_f
25	ShirleyMacLaine	19	AGE19	13246	13245_ShirleyMacLaine_19_f
25	ShirleyMacLaine	45	AGE45	13266	13265_ShirleyMacLaine_45_f
25	ShirleyMacLaine	17	AGE17	13245	13244_ShirleyMacLaine_17_f
26	FayeDunaway	67	AGE67	10529	10528_FayeDunaway_67_f
26	FayeDunaway	27	AGE27	10505	10504_FayeDunaway_27_f
26	FayeDunaway	33	AGE33	10508	10507_FayeDunaway_33_f
26	FayeDunaway	61	AGE61	10525	10524_FayeDunaway_61_f
26	FayeDunaway	26	AGE26	10504	10503_FayeDunaway_26_f
26	FayeDunaway	29	AGE29	10507	10506_FayeDunaway_29_f
26	FayeDunaway	66	AGE66	10528	10527_FayeDunaway_66_f
26	FayeDunaway	40	AGE40	10515	10514_FayeDunaway_40_f
26	FayeDunaway	38	AGE38	10513	10512_FayeDunaway_38_f
26	FayeDunaway	26	AGE26	10503	10502_FayeDunaway_26_f
26	FayeDunaway	58	AGE58	10523	10522_FayeDunaway_58_f
26	FayeDunaway	34	AGE34	10509	10508_FayeDunaway_34_f
26	FayeDunaway	42	AGE42	10516	10515_FayeDunaway_42_f
26	FayeDunaway	36	AGE36	10511	10510_FayeDunaway_36_f
26	FayeDunaway	28	AGE28	10506	10505_FayeDunaway_28_f
26	FayeDunaway	35	AGE35	10510	10509_FayeDunaway_35_f
26	FayeDunaway	64	AGE64	10527	10526_FayeDunaway_64_f
26	FayeDunaway	45	AGE45	10517	10516_FayeDunaway_45_f
26	FayeDunaway	59	AGE59	10524	10523_FayeDunaway_59_f
26	FayeDunaway	40	AGE40	10514	10513_FayeDunaway_40_f
26	FayeDunaway	37	AGE37	10512	10511_FayeDunaway_37_f
26	FayeDunaway	57	AGE57	10522	10521_FayeDunaway_57_f
26	FayeDunaway	55	AGE55	10519	10518_FayeDunaway_55_f
26	FayeDunaway	70	AGE70	10531	10530_FayeDunaway_70_f
26	FayeDunaway	56	AGE56	10520	10519_FayeDunaway_56_f
26	FayeDunaway	49	AGE49	10518	10517_FayeDunaway_49_f
26	FayeDunaway	68	AGE68	10530	10529_FayeDunaway_68_f
26	FayeDunaway	57	AGE57	10521	10520_FayeDunaway_57_f
26	FayeDunaway	62	AGE62	10526	10525_FayeDunaway_62_f
27	LaurenBacall	26	AGE26	11566	11565_LaurenBacall_26_f
27	LaurenBacall	46	AGE46	11563	11562_LaurenBacall_46_f
27	LaurenBacall	34	AGE34	11545	11544_LaurenBacall_34_f
27	LaurenBacall	28	AGE28	11532	11531_LaurenBacall_28_f
27	LaurenBacall	73	AGE73	11551	11550_LaurenBacall_73_f
27	LaurenBacall	81	AGE81	11555	11554_LaurenBacall_81_f
27	LaurenBacall	25	AGE25	11540	11539_LaurenBacall_25_f
27	LaurenBacall	20	AGE20	11535	11534_LaurenBacall_20_f
27	LaurenBacall	82	AGE82	11556	11555_LaurenBacall_82_f
27	LaurenBacall	85	AGE85	11558	11557_LaurenBacall_85_f
27	LaurenBacall	19	AGE19	11534	11533_LaurenBacall_19_f
27	LaurenBacall	80	AGE80	11554	11553_LaurenBacall_80_f
27	LaurenBacall	31	AGE31	11560	11559_LaurenBacall_31_f
27	LaurenBacall	31	AGE31	11544	11543_LaurenBacall_31_f
27	LaurenBacall	20	AGE20	11567	11566_LaurenBacall_20_f
27	LaurenBacall	22	AGE22	11537	11536_LaurenBacall_22_f
27	LaurenBacall	65	AGE65	11549	11548_LaurenBacall_65_f
27	LaurenBacall	57	AGE57	11562	11561_LaurenBacall_57_f
27	LaurenBacall	26	AGE26	11541	11540_LaurenBacall_26_f
27	LaurenBacall	75	AGE75	11553	11552_LaurenBacall_75_f
27	LaurenBacall	77	AGE77	11552	11551_LaurenBacall_77_f
27	LaurenBacall	35	AGE35	11546	11545_LaurenBacall_35_f
27	LaurenBacall	23	AGE23	11539	11538_LaurenBacall_23_f
27	LaurenBacall	83	AGE83	11557	11556_LaurenBacall_83_f
27	LaurenBacall	22	AGE22	11538	11537_LaurenBacall_22_f
27	LaurenBacall	27	AGE27	11565	11564_LaurenBacall_27_f
27	LaurenBacall	31	AGE31	11543	11542_LaurenBacall_31_f
27	LaurenBacall	72	AGE72	11550	11549_LaurenBacall_72_f
27	LaurenBacall	21	AGE21	11536	11535_LaurenBacall_21_f
27	LaurenBacall	40	AGE40	11547	11546_LaurenBacall_40_f
27	LaurenBacall	31	AGE31	11542	11541_LaurenBacall_31_f
27	LaurenBacall	18	AGE18	11533	11532_LaurenBacall_18_f
27	LaurenBacall	45	AGE45	11548	11547_LaurenBacall_45_f
27	LaurenBacall	42	AGE42	11559	11558_LaurenBacall_42_f
27	LaurenBacall	17	AGE17	11531	11530_LaurenBacall_17_f
27	LaurenBacall	64	AGE64	11564	11563_LaurenBacall_64_f
27	LaurenBacall	56	AGE56	11561	11560_LaurenBacall_56_f
28	AndreasPapantreou	55	AGE55	901	900_AndreasPapantreou_55_m
28	AndreasPapantreou	49	AGE49	895	894_AndreasPapantreou_49_m
28	AndreasPapantreou	57	AGE57	902	901_AndreasPapantreou_57_m
28	AndreasPapantreou	65	AGE65	908	907_AndreasPapantreou_65_m
28	AndreasPapantreou	74	AGE74	899	898_AndreasPapantreou_74_m
28	AndreasPapantreou	65	AGE65	907	906_AndreasPapantreou_65_m
28	AndreasPapantreou	55	AGE55	900	899_AndreasPapantreou_55_m
28	AndreasPapantreou	47	AGE47	894	893_AndreasPapantreou_47_m
28	AndreasPapantreou	48	AGE48	892	891_AndreasPapantreou_48_m
28	AndreasPapantreou	74	AGE74	898	897_AndreasPapantreou_74_m
28	AndreasPapantreou	40	AGE40	886	885_AndreasPapantreou_40_m
28	AndreasPapantreou	72	AGE72	906	905_AndreasPapantreou_72_m
28	AndreasPapantreou	32	AGE32	888	887_AndreasPapantreou_32_m
28	AndreasPapantreou	63	AGE63	896	895_AndreasPapantreou_63_m
28	AndreasPapantreou	53	AGE53	893	892_AndreasPapantreou_53_m
28	AndreasPapantreou	48	AGE48	903	902_AndreasPapantreou_48_m
28	AndreasPapantreou	44	AGE44	889	888_AndreasPapantreou_44_m
28	AndreasPapantreou	48	AGE48	890	889_AndreasPapantreou_48_m
28	AndreasPapantreou	58	AGE58	904	903_AndreasPapantreou_58_m
28	AndreasPapantreou	74	AGE74	905	904_AndreasPapantreou_74_m
28	AndreasPapantreou	73	AGE73	897	896_AndreasPapantreou_73_m
28	AndreasPapantreou	32	AGE32	885	884_AndreasPapantreou_32_m
28	AndreasPapantreou	11	AGE11	887	886_AndreasPapantreou_11_m
28	AndreasPapantreou	55	AGE55	891	890_AndreasPapantreou_55_m
28	AndreasPapantreou	68	AGE68	909	908_AndreasPapantreou_68_m
29	IreneDunne	77	AGE77	13582	13581_IreneDunne_77_f
29	IreneDunne	64	AGE64	13577	13576_IreneDunne_64_f
29	IreneDunne	69	AGE69	13580	13579_IreneDunne_69_f
29	IreneDunne	53	AGE53	13570	13569_IreneDunne_53_f
29	IreneDunne	62	AGE62	13575	13574_IreneDunne_62_f
29	IreneDunne	72	AGE72	13581	13580_IreneDunne_72_f
29	IreneDunne	39	AGE39	13561	13560_IreneDunne_39_f
29	IreneDunne	40	AGE40	13562	13561_IreneDunne_40_f
29	IreneDunne	48	AGE48	13566	13565_IreneDunne_48_f
29	IreneDunne	50	AGE50	13568	13567_IreneDunne_50_f
29	IreneDunne	51	AGE51	13569	13568_IreneDunne_51_f
29	IreneDunne	49	AGE49	13567	13566_IreneDunne_49_f
29	IreneDunne	59	AGE59	13574	13573_IreneDunne_59_f
29	IreneDunne	33	AGE33	13559	13558_IreneDunne_33_f
29	IreneDunne	41	AGE41	13563	13562_IreneDunne_41_f
29	IreneDunne	56	AGE56	13573	13572_IreneDunne_56_f
29	IreneDunne	32	AGE32	13558	13557_IreneDunne_32_f
29	IreneDunne	43	AGE43	13564	13563_IreneDunne_43_f
29	IreneDunne	68	AGE68	13579	13578_IreneDunne_68_f
29	IreneDunne	37	AGE37	13560	13559_IreneDunne_37_f
29	IreneDunne	55	AGE55	13572	13571_IreneDunne_55_f
29	IreneDunne	63	AGE63	13576	13575_IreneDunne_63_f
29	IreneDunne	45	AGE45	13565	13564_IreneDunne_45_f
29	IreneDunne	66	AGE66	13578	13577_IreneDunne_66_f
29	IreneDunne	54	AGE54	13571	13570_IreneDunne_54_f
29	IreneDunne	85	AGE85	13583	13582_IreneDunne_85_f
30	AnnetteBening	38	AGE38	11411	11410_AnnetteBening_38_f
30	AnnetteBening	53	AGE53	11426	11425_AnnetteBening_53_f
30	AnnetteBening	55	AGE55	11428	11427_AnnetteBening_55_f
30	AnnetteBening	48	AGE48	11419	11418_AnnetteBening_48_f
30	AnnetteBening	50	AGE50	11421	11420_AnnetteBening_50_f
30	AnnetteBening	45	AGE45	11417	11416_AnnetteBening_45_f
30	AnnetteBening	32	AGE32	11402	11401_AnnetteBening_32_f
30	AnnetteBening	49	AGE49	11420	11419_AnnetteBening_49_f
30	AnnetteBening	40	AGE40	11413	11412_AnnetteBening_40_f
30	AnnetteBening	35	AGE35	11406	11405_AnnetteBening_35_f
30	AnnetteBening	52	AGE52	11425	11424_AnnetteBening_52_f
30	AnnetteBening	43	AGE43	11416	11415_AnnetteBening_43_f
30	AnnetteBening	29	AGE29	11400	11399_AnnetteBening_29_f
30	AnnetteBening	37	AGE37	11409	11408_AnnetteBening_37_f
30	AnnetteBening	40	AGE40	11412	11411_AnnetteBening_40_f
30	AnnetteBening	54	AGE54	11427	11426_AnnetteBening_54_f
30	AnnetteBening	51	AGE51	11423	11422_AnnetteBening_51_f
30	AnnetteBening	52	AGE52	11424	11423_AnnetteBening_52_f
30	AnnetteBening	42	AGE42	11414	11413_AnnetteBening_42_f
30	AnnetteBening	34	AGE34	11405	11404_AnnetteBening_34_f
30	AnnetteBening	37	AGE37	11410	11409_AnnetteBening_37_f
30	AnnetteBening	51	AGE51	11422	11421_AnnetteBening_51_f
30	AnnetteBening	36	AGE36	11407	11406_AnnetteBening_36_f
30	AnnetteBening	47	AGE47	11418	11417_AnnetteBening_47_f
30	AnnetteBening	33	AGE33	11404	11403_AnnetteBening_33_f
30	AnnetteBening	30	AGE30	11401	11400_AnnetteBening_30_f
30	AnnetteBening	33	AGE33	11403	11402_AnnetteBening_33_f
30	AnnetteBening	42	AGE42	11415	11414_AnnetteBening_42_f
30	AnnetteBening	36	AGE36	11408	11407_AnnetteBening_36_f
31	Ross	70	AGE70	16406	16405_Ross_70_f
31	Ross	40	AGE40	16404	16403_Ross_40_f
31	Ross	50	AGE50	16417	16416_Ross_50_f
31	Ross	43	AGE43	16414	16413_Ross_43_f
31	Ross	34	AGE34	16402	16401_Ross_34_f
31	Ross	60	AGE60	16410	16409_Ross_60_f
31	Ross	36	AGE36	16403	16402_Ross_36_f
31	Ross	31	AGE31	16400	16399_Ross_31_f
31	Ross	24	AGE24	16412	16411_Ross_24_f
31	Ross	21	AGE21	16411	16410_Ross_21_f
31	Ross	25	AGE25	16413	16412_Ross_25_f
31	Ross	33	AGE33	16401	16400_Ross_33_f
31	Ross	28	AGE28	16398	16397_Ross_28_f
31	Ross	60	AGE60	16409	16408_Ross_60_f
31	Ross	63	AGE63	16405	16404_Ross_63_f
31	Ross	68	AGE68	16407	16406_Ross_68_f
31	Ross	31	AGE31	16399	16398_Ross_31_f
31	Ross	63	AGE63	16408	16407_Ross_63_f
31	Ross	47	AGE47	16415	16414_Ross_47_f
31	Ross	50	AGE50	16416	16415_Ross_50_f
32	BonnieHunt	28	AGE28	15084	15083_BonnieHunt_28_f
32	BonnieHunt	41	AGE41	15098	15097_BonnieHunt_41_f
32	BonnieHunt	36	AGE36	15093	15092_BonnieHunt_36_f
32	BonnieHunt	53	AGE53	15108	15107_BonnieHunt_53_f
32	BonnieHunt	37	AGE37	15094	15093_BonnieHunt_37_f
32	BonnieHunt	27	AGE27	15083	15082_BonnieHunt_27_f
32	BonnieHunt	44	AGE44	15100	15099_BonnieHunt_44_f
32	BonnieHunt	51	AGE51	15107	15106_BonnieHunt_51_f
32	BonnieHunt	47	AGE47	15104	15103_BonnieHunt_47_f
32	BonnieHunt	42	AGE42	15099	15098_BonnieHunt_42_f
32	BonnieHunt	36	AGE36	15092	15091_BonnieHunt_36_f
32	BonnieHunt	32	AGE32	15087	15086_BonnieHunt_32_f
32	BonnieHunt	46	AGE46	15103	15102_BonnieHunt_46_f
32	BonnieHunt	33	AGE33	15088	15087_BonnieHunt_33_f
32	BonnieHunt	45	AGE45	15102	15101_BonnieHunt_45_f
32	BonnieHunt	40	AGE40	15097	15096_BonnieHunt_40_f
32	BonnieHunt	49	AGE49	15105	15104_BonnieHunt_49_f
32	BonnieHunt	34	AGE34	15089	15088_BonnieHunt_34_f
32	BonnieHunt	38	AGE38	15095	15094_BonnieHunt_38_f
32	BonnieHunt	44	AGE44	15101	15100_BonnieHunt_44_f
32	BonnieHunt	39	AGE39	15096	15095_BonnieHunt_39_f
32	BonnieHunt	29	AGE29	15085	15084_BonnieHunt_29_f
32	BonnieHunt	50	AGE50	15106	15105_BonnieHunt_50_f
32	BonnieHunt	34	AGE34	15090	15089_BonnieHunt_34_f
32	BonnieHunt	30	AGE30	15086	15085_BonnieHunt_30_f
32	BonnieHunt	35	AGE35	15091	15090_BonnieHunt_35_f
33	JamesCoburn	47	AGE47	6414	6413_JamesCoburn_47_m
33	JamesCoburn	51	AGE51	6419	6418_JamesCoburn_51_m
33	JamesCoburn	31	AGE31	6399	6398_JamesCoburn_31_m
33	JamesCoburn	53	AGE53	6421	6420_JamesCoburn_53_m
33	JamesCoburn	43	AGE43	6411	6410_JamesCoburn_43_m
33	JamesCoburn	32	AGE32	6400	6399_JamesCoburn_32_m
33	JamesCoburn	36	AGE36	6403	6402_JamesCoburn_36_m
33	JamesCoburn	48	AGE48	6415	6414_JamesCoburn_48_m
33	JamesCoburn	62	AGE62	6422	6421_JamesCoburn_62_m
33	JamesCoburn	40	AGE40	6407	6406_JamesCoburn_40_m
33	JamesCoburn	33	AGE33	6401	6400_JamesCoburn_33_m
33	JamesCoburn	64	AGE64	6424	6423_JamesCoburn_64_m
33	JamesCoburn	50	AGE50	6418	6417_JamesCoburn_50_m
33	JamesCoburn	62	AGE62	6423	6422_JamesCoburn_62_m
33	JamesCoburn	31	AGE31	6398	6397_JamesCoburn_31_m
33	JamesCoburn	34	AGE34	6402	6401_JamesCoburn_34_m
33	JamesCoburn	37	AGE37	6404	6403_JamesCoburn_37_m
33	JamesCoburn	39	AGE39	6406	6405_JamesCoburn_39_m
33	JamesCoburn	38	AGE38	6405	6404_JamesCoburn_38_m
33	JamesCoburn	42	AGE42	6410	6409_JamesCoburn_42_m
33	JamesCoburn	53	AGE53	6420	6419_JamesCoburn_53_m
33	JamesCoburn	68	AGE68	6426	6425_JamesCoburn_68_m
33	JamesCoburn	50	AGE50	6417	6416_JamesCoburn_50_m
33	JamesCoburn	49	AGE49	6416	6415_JamesCoburn_49_m
33	JamesCoburn	40	AGE40	6408	6407_JamesCoburn_40_m
33	JamesCoburn	70	AGE70	6427	6426_JamesCoburn_70_m
33	JamesCoburn	73	AGE73	6429	6428_JamesCoburn_73_m
33	JamesCoburn	46	AGE46	6413	6412_JamesCoburn_46_m
33	JamesCoburn	72	AGE72	6428	6427_JamesCoburn_72_m
33	JamesCoburn	44	AGE44	6412	6411_JamesCoburn_44_m
33	JamesCoburn	65	AGE65	6425	6424_JamesCoburn_65_m
33	JamesCoburn	41	AGE41	6409	6408_JamesCoburn_41_m
34	MireilleDarc	48	AGE48	11677	11676_MireilleDarc_48_f
34	MireilleDarc	58	AGE58	11684	11683_MireilleDarc_58_f
34	MireilleDarc	32	AGE32	11662	11661_MireilleDarc_32_f
34	MireilleDarc	55	AGE55	11681	11680_MireilleDarc_55_f
34	MireilleDarc	71	AGE71	11692	11691_MireilleDarc_71_f
34	MireilleDarc	33	AGE33	11664	11663_MireilleDarc_33_f
34	MireilleDarc	29	AGE29	11660	11659_MireilleDarc_29_f
34	MireilleDarc	69	AGE69	11690	11689_MireilleDarc_69_f
34	MireilleDarc	44	AGE44	11674	11673_MireilleDarc_44_f
34	MireilleDarc	60	AGE60	11686	11685_MireilleDarc_60_f
34	MireilleDarc	34	AGE34	11665	11664_MireilleDarc_34_f
34	MireilleDarc	45	AGE45	11675	11674_MireilleDarc_45_f
34	MireilleDarc	43	AGE43	11673	11672_MireilleDarc_43_f
34	MireilleDarc	57	AGE57	11683	11682_MireilleDarc_57_f
34	MireilleDarc	54	AGE54	11680	11679_MireilleDarc_54_f
34	MireilleDarc	51	AGE51	11679	11678_MireilleDarc_51_f
34	MireilleDarc	37	AGE37	11669	11668_MireilleDarc_37_f
34	MireilleDarc	68	AGE68	11689	11688_MireilleDarc_68_f
34	MireilleDarc	36	AGE36	11668	11667_MireilleDarc_36_f
34	MireilleDarc	35	AGE35	11667	11666_MireilleDarc_35_f
34	MireilleDarc	70	AGE70	11691	11690_MireilleDarc_70_f
34	MireilleDarc	46	AGE46	11676	11675_MireilleDarc_46_f
34	MireilleDarc	59	AGE59	11685	11684_MireilleDarc_59_f
34	MireilleDarc	26	AGE26	11657	11656_MireilleDarc_26_f
34	MireilleDarc	49	AGE49	11678	11677_MireilleDarc_49_f
34	MireilleDarc	38	AGE38	11670	11669_MireilleDarc_38_f
34	MireilleDarc	24	AGE24	11655	11654_MireilleDarc_24_f
34	MireilleDarc	67	AGE67	11688	11687_MireilleDarc_67_f
34	MireilleDarc	74	AGE74	11694	11693_MireilleDarc_74_f
34	MireilleDarc	34	AGE34	11666	11665_MireilleDarc_34_f
34	MireilleDarc	25	AGE25	11656	11655_MireilleDarc_25_f
34	MireilleDarc	28	AGE28	11659	11658_MireilleDarc_28_f
34	MireilleDarc	61	AGE61	11687	11686_MireilleDarc_61_f
34	MireilleDarc	23	AGE23	11654	11653_MireilleDarc_23_f
34	MireilleDarc	40	AGE40	11672	11671_MireilleDarc_40_f
34	MireilleDarc	72	AGE72	11693	11692_MireilleDarc_72_f
34	MireilleDarc	39	AGE39	11671	11670_MireilleDarc_39_f
34	MireilleDarc	33	AGE33	11663	11662_MireilleDarc_33_f
34	MireilleDarc	22	AGE22	11653	11652_MireilleDarc_22_f
34	MireilleDarc	56	AGE56	11682	11681_MireilleDarc_56_f
34	MireilleDarc	27	AGE27	11658	11657_MireilleDarc_27_f
34	MireilleDarc	30	AGE30	11661	11660_MireilleDarc_30_f
35	LouisJourdan	44	AGE44	7352	7351_LouisJourdan_44_m
35	LouisJourdan	71	AGE71	7363	7362_LouisJourdan_71_m
35	LouisJourdan	62	AGE62	7358	7357_LouisJourdan_62_m
35	LouisJourdan	77	AGE77	7365	7364_LouisJourdan_77_m
35	LouisJourdan	37	AGE37	7348	7347_LouisJourdan_37_m
35	LouisJourdan	22	AGE22	7336	7335_LouisJourdan_22_m
35	LouisJourdan	38	AGE38	7349	7348_LouisJourdan_38_m
35	LouisJourdan	19	AGE19	7335	7334_LouisJourdan_19_m
35	LouisJourdan	68	AGE68	7362	7361_LouisJourdan_68_m
35	LouisJourdan	39	AGE39	7350	7349_LouisJourdan_39_m
35	LouisJourdan	24	AGE24	7337	7336_LouisJourdan_24_m
35	LouisJourdan	26	AGE26	7338	7337_LouisJourdan_26_m
35	LouisJourdan	67	AGE67	7361	7360_LouisJourdan_67_m
35	LouisJourdan	92	AGE92	7367	7366_LouisJourdan_92_m
35	LouisJourdan	32	AGE32	7344	7343_LouisJourdan_32_m
35	LouisJourdan	63	AGE63	7359	7358_LouisJourdan_63_m
35	LouisJourdan	48	AGE48	7354	7353_LouisJourdan_48_m
35	LouisJourdan	42	AGE42	7351	7350_LouisJourdan_42_m
35	LouisJourdan	73	AGE73	7364	7363_LouisJourdan_73_m
35	LouisJourdan	66	AGE66	7360	7359_LouisJourdan_66_m
35	LouisJourdan	59	AGE59	7357	7356_LouisJourdan_59_m
35	LouisJourdan	25	AGE25	7343	7342_LouisJourdan_25_m
35	LouisJourdan	57	AGE57	7356	7355_LouisJourdan_57_m
35	LouisJourdan	87	AGE87	7366	7365_LouisJourdan_87_m
35	LouisJourdan	54	AGE54	7355	7354_LouisJourdan_54_m
35	LouisJourdan	28	AGE28	7340	7339_LouisJourdan_28_m
35	LouisJourdan	27	AGE27	7339	7338_LouisJourdan_27_m
35	LouisJourdan	31	AGE31	7342	7341_LouisJourdan_31_m
35	LouisJourdan	34	AGE34	7345	7344_LouisJourdan_34_m
35	LouisJourdan	35	AGE35	7346	7345_LouisJourdan_35_m
35	LouisJourdan	36	AGE36	7347	7346_LouisJourdan_36_m
35	LouisJourdan	46	AGE46	7353	7352_LouisJourdan_46_m
35	LouisJourdan	30	AGE30	7341	7340_LouisJourdan_30_m
36	ScottGlenn	66	AGE66	2946	2945_ScottGlenn_66_m
36	ScottGlenn	31	AGE31	2914	2913_ScottGlenn_31_m
36	ScottGlenn	32	AGE32	2915	2914_ScottGlenn_32_m
36	ScottGlenn	35	AGE35	2918	2917_ScottGlenn_35_m
36	ScottGlenn	40	AGE40	2921	2920_ScottGlenn_40_m
36	ScottGlenn	54	AGE54	2936	2935_ScottGlenn_54_m
36	ScottGlenn	49	AGE49	2931	2930_ScottGlenn_49_m
36	ScottGlenn	48	AGE48	2930	2929_ScottGlenn_48_m
36	ScottGlenn	38	AGE38	2919	2918_ScottGlenn_38_m
36	ScottGlenn	51	AGE51	2933	2932_ScottGlenn_51_m
36	ScottGlenn	67	AGE67	2947	2946_ScottGlenn_67_m
36	ScottGlenn	33	AGE33	2916	2915_ScottGlenn_33_m
36	ScottGlenn	53	AGE53	2935	2934_ScottGlenn_53_m
36	ScottGlenn	29	AGE29	2912	2911_ScottGlenn_29_m
36	ScottGlenn	44	AGE44	2926	2925_ScottGlenn_44_m
36	ScottGlenn	52	AGE52	2934	2933_ScottGlenn_52_m
36	ScottGlenn	61	AGE61	2942	2941_ScottGlenn_61_m
36	ScottGlenn	41	AGE41	2922	2921_ScottGlenn_41_m
36	ScottGlenn	63	AGE63	2943	2942_ScottGlenn_63_m
36	ScottGlenn	65	AGE65	2945	2944_ScottGlenn_65_m
36	ScottGlenn	70	AGE70	2949	2948_ScottGlenn_70_m
36	ScottGlenn	30	AGE30	2913	2912_ScottGlenn_30_m
36	ScottGlenn	39	AGE39	2920	2919_ScottGlenn_39_m
36	ScottGlenn	69	AGE69	2948	2947_ScottGlenn_69_m
36	ScottGlenn	59	AGE59	2940	2939_ScottGlenn_59_m
36	ScottGlenn	47	AGE47	2929	2928_ScottGlenn_47_m
36	ScottGlenn	60	AGE60	2941	2940_ScottGlenn_60_m
36	ScottGlenn	64	AGE64	2944	2943_ScottGlenn_64_m
36	ScottGlenn	71	AGE71	2950	2949_ScottGlenn_71_m
36	ScottGlenn	55	AGE55	2937	2936_ScottGlenn_55_m
36	ScottGlenn	42	AGE42	2924	2923_ScottGlenn_42_m
36	ScottGlenn	46	AGE46	2928	2927_ScottGlenn_46_m
36	ScottGlenn	57	AGE57	2939	2938_ScottGlenn_57_m
36	ScottGlenn	73	AGE73	2952	2951_ScottGlenn_73_m
36	ScottGlenn	50	AGE50	2932	2931_ScottGlenn_50_m
36	ScottGlenn	45	AGE45	2927	2926_ScottGlenn_45_m
36	ScottGlenn	42	AGE42	2923	2922_ScottGlenn_42_m
36	ScottGlenn	56	AGE56	2938	2937_ScottGlenn_56_m
36	ScottGlenn	72	AGE72	2951	2950_ScottGlenn_72_m
36	ScottGlenn	43	AGE43	2925	2924_ScottGlenn_43_m
36	ScottGlenn	34	AGE34	2917	2916_ScottGlenn_34_m
37	JoanneWoodward	28	AGE28	12258	12257_JoanneWoodward_28_f
37	JoanneWoodward	44	AGE44	12276	12275_JoanneWoodward_44_f
37	JoanneWoodward	39	AGE39	12265	12264_JoanneWoodward_39_f
37	JoanneWoodward	29	AGE29	12256	12255_JoanneWoodward_29_f
37	JoanneWoodward	70	AGE70	12275	12274_JoanneWoodward_70_f
37	JoanneWoodward	60	AGE60	12267	12266_JoanneWoodward_60_f
37	JoanneWoodward	68	AGE68	12270	12269_JoanneWoodward_68_f
37	JoanneWoodward	71	AGE71	12271	12270_JoanneWoodward_71_f
37	JoanneWoodward	22	AGE22	12254	12253_JoanneWoodward_22_f
37	JoanneWoodward	82	AGE82	12274	12273_JoanneWoodward_82_f
37	JoanneWoodward	33	AGE33	12261	12260_JoanneWoodward_33_f
37	JoanneWoodward	69	AGE69	12252	12251_JoanneWoodward_69_f
37	JoanneWoodward	25	AGE25	12277	12276_JoanneWoodward_25_f
37	JoanneWoodward	34	AGE34	12260	12259_JoanneWoodward_34_f
37	JoanneWoodward	78	AGE78	12273	12272_JoanneWoodward_78_f
37	JoanneWoodward	30	AGE30	12259	12258_JoanneWoodward_30_f
37	JoanneWoodward	41	AGE41	12266	12265_JoanneWoodward_41_f
37	JoanneWoodward	74	AGE74	12272	12271_JoanneWoodward_74_f
37	JoanneWoodward	27	AGE27	12257	12256_JoanneWoodward_27_f
37	JoanneWoodward	35	AGE35	12262	12261_JoanneWoodward_35_f
37	JoanneWoodward	63	AGE63	12268	12267_JoanneWoodward_63_f
37	JoanneWoodward	66	AGE66	12269	12268_JoanneWoodward_66_f
37	JoanneWoodward	38	AGE38	12264	12263_JoanneWoodward_38_f
37	JoanneWoodward	30	AGE30	12253	12252_JoanneWoodward_30_f
37	JoanneWoodward	36	AGE36	12263	12262_JoanneWoodward_36_f
37	JoanneWoodward	26	AGE26	12255	12254_JoanneWoodward_26_f
38	BarbaraBouchet	71	AGE71	11880	11879_BarbaraBouchet_71_f
38	BarbaraBouchet	52	AGE52	11866	11865_BarbaraBouchet_52_f
38	BarbaraBouchet	22	AGE22	11845	11844_BarbaraBouchet_22_f
38	BarbaraBouchet	27	AGE27	11850	11849_BarbaraBouchet_27_f
38	BarbaraBouchet	44	AGE44	11863	11862_BarbaraBouchet_44_f
38	BarbaraBouchet	26	AGE26	11849	11848_BarbaraBouchet_26_f
38	BarbaraBouchet	50	AGE50	11865	11864_BarbaraBouchet_50_f
38	BarbaraBouchet	35	AGE35	11857	11856_BarbaraBouchet_35_f
38	BarbaraBouchet	60	AGE60	11870	11869_BarbaraBouchet_60_f
38	BarbaraBouchet	65	AGE65	11875	11874_BarbaraBouchet_65_f
38	BarbaraBouchet	25	AGE25	11848	11847_BarbaraBouchet_25_f
38	BarbaraBouchet	19	AGE19	11842	11841_BarbaraBouchet_19_f
38	BarbaraBouchet	67	AGE67	11876	11875_BarbaraBouchet_67_f
38	BarbaraBouchet	62	AGE62	11872	11871_BarbaraBouchet_62_f
38	BarbaraBouchet	64	AGE64	11874	11873_BarbaraBouchet_64_f
38	BarbaraBouchet	59	AGE59	11869	11868_BarbaraBouchet_59_f
38	BarbaraBouchet	41	AGE41	11862	11861_BarbaraBouchet_41_f
38	BarbaraBouchet	28	AGE28	11851	11850_BarbaraBouchet_28_f
38	BarbaraBouchet	20	AGE20	11843	11842_BarbaraBouchet_20_f
38	BarbaraBouchet	34	AGE34	11856	11855_BarbaraBouchet_34_f
38	BarbaraBouchet	54	AGE54	11867	11866_BarbaraBouchet_54_f
38	BarbaraBouchet	29	AGE29	11852	11851_BarbaraBouchet_29_f
38	BarbaraBouchet	40	AGE40	11861	11860_BarbaraBouchet_40_f
38	BarbaraBouchet	18	AGE18	11841	11840_BarbaraBouchet_18_f
38	BarbaraBouchet	61	AGE61	11871	11870_BarbaraBouchet_61_f
38	BarbaraBouchet	68	AGE68	11877	11876_BarbaraBouchet_68_f
38	BarbaraBouchet	17	AGE17	11840	11839_BarbaraBouchet_17_f
38	BarbaraBouchet	32	AGE32	11854	11853_BarbaraBouchet_32_f
38	BarbaraBouchet	39	AGE39	11860	11859_BarbaraBouchet_39_f
38	BarbaraBouchet	63	AGE63	11873	11872_BarbaraBouchet_63_f
38	BarbaraBouchet	33	AGE33	11855	11854_BarbaraBouchet_33_f
38	BarbaraBouchet	69	AGE69	11878	11877_BarbaraBouchet_69_f
38	BarbaraBouchet	70	AGE70	11879	11878_BarbaraBouchet_70_f
38	BarbaraBouchet	24	AGE24	11847	11846_BarbaraBouchet_24_f
38	BarbaraBouchet	38	AGE38	11859	11858_BarbaraBouchet_38_f
38	BarbaraBouchet	21	AGE21	11844	11843_BarbaraBouchet_21_f
38	BarbaraBouchet	57	AGE57	11868	11867_BarbaraBouchet_57_f
38	BarbaraBouchet	57	AGE57	11864	11863_BarbaraBouchet_57_f
38	BarbaraBouchet	23	AGE23	11846	11845_BarbaraBouchet_23_f
38	BarbaraBouchet	30	AGE30	11853	11852_BarbaraBouchet_30_f
38	BarbaraBouchet	37	AGE37	11858	11857_BarbaraBouchet_37_f
39	TonyBlair	52	AGE52	664	663_TonyBlair_52_m
39	TonyBlair	51	AGE51	654	653_TonyBlair_51_m
39	TonyBlair	54	AGE54	663	662_TonyBlair_54_m
39	TonyBlair	51	AGE51	672	671_TonyBlair_51_m
39	TonyBlair	37	AGE37	659	658_TonyBlair_37_m
39	TonyBlair	38	AGE38	656	655_TonyBlair_38_m
39	TonyBlair	52	AGE52	669	668_TonyBlair_52_m
39	TonyBlair	58	AGE58	653	652_TonyBlair_58_m
39	TonyBlair	54	AGE54	655	654_TonyBlair_54_m
39	TonyBlair	39	AGE39	649	648_TonyBlair_39_m
39	TonyBlair	55	AGE55	652	651_TonyBlair_55_m
39	TonyBlair	57	AGE57	658	657_TonyBlair_57_m
39	TonyBlair	51	AGE51	657	656_TonyBlair_51_m
39	TonyBlair	25	AGE25	668	667_TonyBlair_25_m
39	TonyBlair	57	AGE57	670	669_TonyBlair_57_m
39	TonyBlair	44	AGE44	665	664_TonyBlair_44_m
39	TonyBlair	44	AGE44	660	659_TonyBlair_44_m
39	TonyBlair	50	AGE50	662	661_TonyBlair_50_m
39	TonyBlair	57	AGE57	667	666_TonyBlair_57_m
39	TonyBlair	33	AGE33	673	672_TonyBlair_33_m
39	TonyBlair	43	AGE43	647	646_TonyBlair_43_m
39	TonyBlair	52	AGE52	650	649_TonyBlair_52_m
39	TonyBlair	54	AGE54	651	650_TonyBlair_54_m
39	TonyBlair	44	AGE44	671	670_TonyBlair_44_m
39	TonyBlair	57	AGE57	666	665_TonyBlair_57_m
39	TonyBlair	51	AGE51	648	647_TonyBlair_51_m
39	TonyBlair	54	AGE54	674	673_TonyBlair_54_m
39	TonyBlair	47	AGE47	661	660_TonyBlair_47_m
40	AnthonyHopkins	76	AGE76	5110	5109_AnthonyHopkins_76_m
40	AnthonyHopkins	55	AGE55	5102	5101_AnthonyHopkins_55_m
40	AnthonyHopkins	45	AGE45	5077	5076_AnthonyHopkins_45_m
40	AnthonyHopkins	50	AGE50	5101	5100_AnthonyHopkins_50_m
40	AnthonyHopkins	39	AGE39	5073	5072_AnthonyHopkins_39_m
40	AnthonyHopkins	32	AGE32	5068	5067_AnthonyHopkins_32_m
40	AnthonyHopkins	61	AGE61	5083	5082_AnthonyHopkins_61_m
40	AnthonyHopkins	49	AGE49	5078	5077_AnthonyHopkins_49_m
40	AnthonyHopkins	72	AGE72	5097	5096_AnthonyHopkins_72_m
40	AnthonyHopkins	69	AGE69	5109	5108_AnthonyHopkins_69_m
40	AnthonyHopkins	58	AGE58	5082	5081_AnthonyHopkins_58_m
40	AnthonyHopkins	75	AGE75	5098	5097_AnthonyHopkins_75_m
40	AnthonyHopkins	73	AGE73	5085	5084_AnthonyHopkins_73_m
40	AnthonyHopkins	31	AGE31	5067	5066_AnthonyHopkins_31_m
40	AnthonyHopkins	42	AGE42	5090	5089_AnthonyHopkins_42_m
40	AnthonyHopkins	62	AGE62	5084	5083_AnthonyHopkins_62_m
40	AnthonyHopkins	59	AGE59	5092	5091_AnthonyHopkins_59_m
40	AnthonyHopkins	70	AGE70	5089	5088_AnthonyHopkins_70_m
40	AnthonyHopkins	34	AGE34	5069	5068_AnthonyHopkins_34_m
40	AnthonyHopkins	18	AGE18	5065	5064_AnthonyHopkins_18_m
40	AnthonyHopkins	66	AGE66	5094	5093_AnthonyHopkins_66_m
40	AnthonyHopkins	35	AGE35	5070	5069_AnthonyHopkins_35_m
40	AnthonyHopkins	44	AGE44	5099	5098_AnthonyHopkins_44_m
40	AnthonyHopkins	68	AGE68	5088	5087_AnthonyHopkins_68_m
40	AnthonyHopkins	64	AGE64	5107	5106_AnthonyHopkins_64_m
40	AnthonyHopkins	43	AGE43	5076	5075_AnthonyHopkins_43_m
40	AnthonyHopkins	30	AGE30	5066	5065_AnthonyHopkins_30_m
40	AnthonyHopkins	37	AGE37	5071	5070_AnthonyHopkins_37_m
40	AnthonyHopkins	57	AGE57	5103	5102_AnthonyHopkins_57_m
40	AnthonyHopkins	55	AGE55	5091	5090_AnthonyHopkins_55_m
40	AnthonyHopkins	60	AGE60	5105	5104_AnthonyHopkins_60_m
40	AnthonyHopkins	56	AGE56	5081	5080_AnthonyHopkins_56_m
40	AnthonyHopkins	60	AGE60	5106	5105_AnthonyHopkins_60_m
40	AnthonyHopkins	65	AGE65	5108	5107_AnthonyHopkins_65_m
40	AnthonyHopkins	63	AGE63	5093	5092_AnthonyHopkins_63_m
40	AnthonyHopkins	59	AGE59	5104	5103_AnthonyHopkins_59_m
40	AnthonyHopkins	39	AGE39	5087	5086_AnthonyHopkins_39_m
40	AnthonyHopkins	67	AGE67	5095	5094_AnthonyHopkins_67_m
40	AnthonyHopkins	54	AGE54	5080	5079_AnthonyHopkins_54_m
40	AnthonyHopkins	48	AGE48	5100	5099_AnthonyHopkins_48_m
40	AnthonyHopkins	74	AGE74	5086	5085_AnthonyHopkins_74_m
40	AnthonyHopkins	40	AGE40	5074	5073_AnthonyHopkins_40_m
40	AnthonyHopkins	41	AGE41	5075	5074_AnthonyHopkins_41_m
40	AnthonyHopkins	38	AGE38	5072	5071_AnthonyHopkins_38_m
40	AnthonyHopkins	70	AGE70	5096	5095_AnthonyHopkins_70_m
40	AnthonyHopkins	51	AGE51	5079	5078_AnthonyHopkins_51_m
41	DenzelWashington	52	AGE52	6185	6184_DenzelWashington_52_m
41	DenzelWashington	42	AGE42	6170	6169_DenzelWashington_42_m
41	DenzelWashington	50	AGE50	6180	6179_DenzelWashington_50_m
41	DenzelWashington	15	AGE15	6176	6175_DenzelWashington_15_m
41	DenzelWashington	20	AGE20	6177	6176_DenzelWashington_20_m
41	DenzelWashington	40	AGE40	6183	6182_DenzelWashington_40_m
41	DenzelWashington	55	AGE55	6188	6187_DenzelWashington_55_m
41	DenzelWashington	38	AGE38	6172	6171_DenzelWashington_38_m
41	DenzelWashington	50	AGE50	6171	6170_DenzelWashington_50_m
41	DenzelWashington	55	AGE55	6173	6172_DenzelWashington_55_m
41	DenzelWashington	45	AGE45	6179	6178_DenzelWashington_45_m
41	DenzelWashington	48	AGE48	6187	6186_DenzelWashington_48_m
41	DenzelWashington	35	AGE35	6174	6173_DenzelWashington_35_m
41	DenzelWashington	40	AGE40	6175	6174_DenzelWashington_40_m
41	DenzelWashington	22	AGE22	6181	6180_DenzelWashington_22_m
41	DenzelWashington	25	AGE25	6182	6181_DenzelWashington_25_m
41	DenzelWashington	50	AGE50	6186	6185_DenzelWashington_50_m
41	DenzelWashington	50	AGE50	6178	6177_DenzelWashington_50_m
41	DenzelWashington	55	AGE55	6184	6183_DenzelWashington_55_m
42	RoyScheider	50	AGE50	6805	6804_RoyScheider_50_m
42	RoyScheider	39	AGE39	13215	13214_RoyScheider_39_f
42	RoyScheider	45	AGE45	6800	6799_RoyScheider_45_m
42	RoyScheider	43	AGE43	6799	6798_RoyScheider_43_m
42	RoyScheider	51	AGE51	13227	13226_RoyScheider_51_f
42	RoyScheider	33	AGE33	6796	6795_RoyScheider_33_m
42	RoyScheider	41	AGE41	6795	6794_RoyScheider_41_m
42	RoyScheider	65	AGE65	13233	13232_RoyScheider_65_f
42	RoyScheider	41	AGE41	6797	6796_RoyScheider_41_m
42	RoyScheider	76	AGE76	13240	13239_RoyScheider_76_f
42	RoyScheider	72	AGE72	6814	6813_RoyScheider_72_m
42	RoyScheider	41	AGE41	13217	13216_RoyScheider_41_f
42	RoyScheider	51	AGE51	6806	6805_RoyScheider_51_m
42	RoyScheider	72	AGE72	13235	13234_RoyScheider_72_f
42	RoyScheider	48	AGE48	13224	13223_RoyScheider_48_f
42	RoyScheider	75	AGE75	6818	6817_RoyScheider_75_m
42	RoyScheider	48	AGE48	6803	6802_RoyScheider_48_m
42	RoyScheider	57	AGE57	6808	6807_RoyScheider_57_m
42	RoyScheider	33	AGE33	13214	13213_RoyScheider_33_f
42	RoyScheider	73	AGE73	13236	13235_RoyScheider_73_f
42	RoyScheider	41	AGE41	13218	13217_RoyScheider_41_f
42	RoyScheider	40	AGE40	13216	13215_RoyScheider_40_f
42	RoyScheider	46	AGE46	13222	13221_RoyScheider_46_f
42	RoyScheider	49	AGE49	13225	13224_RoyScheider_49_f
42	RoyScheider	75	AGE75	13239	13238_RoyScheider_75_f
42	RoyScheider	39	AGE39	6793	6792_RoyScheider_39_m
42	RoyScheider	74	AGE74	6816	6815_RoyScheider_74_m
42	RoyScheider	58	AGE58	6809	6808_RoyScheider_58_m
42	RoyScheider	57	AGE57	13229	13228_RoyScheider_57_f
42	RoyScheider	40	AGE40	6794	6793_RoyScheider_40_m
42	RoyScheider	63	AGE63	6811	6810_RoyScheider_63_m
42	RoyScheider	60	AGE60	13231	13230_RoyScheider_60_f
42	RoyScheider	58	AGE58	13230	13229_RoyScheider_58_f
42	RoyScheider	46	AGE46	6801	6800_RoyScheider_46_m
42	RoyScheider	74	AGE74	6817	6816_RoyScheider_74_m
42	RoyScheider	49	AGE49	6804	6803_RoyScheider_49_m
42	RoyScheider	76	AGE76	6819	6818_RoyScheider_76_m
42	RoyScheider	63	AGE63	13232	13231_RoyScheider_63_f
42	RoyScheider	47	AGE47	6802	6801_RoyScheider_47_m
42	RoyScheider	73	AGE73	6815	6814_RoyScheider_73_m
42	RoyScheider	45	AGE45	13221	13220_RoyScheider_45_f
42	RoyScheider	60	AGE60	6810	6809_RoyScheider_60_m
42	RoyScheider	65	AGE65	6812	6811_RoyScheider_65_m
42	RoyScheider	50	AGE50	13226	13225_RoyScheider_50_f
42	RoyScheider	70	AGE70	6813	6812_RoyScheider_70_m
42	RoyScheider	42	AGE42	13219	13218_RoyScheider_42_f
42	RoyScheider	74	AGE74	13238	13237_RoyScheider_74_f
42	RoyScheider	42	AGE42	6798	6797_RoyScheider_42_m
42	RoyScheider	47	AGE47	13223	13222_RoyScheider_47_f
42	RoyScheider	70	AGE70	13234	13233_RoyScheider_70_f
42	RoyScheider	43	AGE43	13220	13219_RoyScheider_43_f
42	RoyScheider	56	AGE56	6807	6806_RoyScheider_56_m
42	RoyScheider	74	AGE74	13237	13236_RoyScheider_74_f
42	RoyScheider	56	AGE56	13228	13227_RoyScheider_56_f
43	AnnMiller	28	AGE28	15015	15014_AnnMiller_28_f
43	AnnMiller	64	AGE64	15035	15034_AnnMiller_64_f
43	AnnMiller	32	AGE32	15018	15017_AnnMiller_32_f
43	AnnMiller	59	AGE59	15032	15031_AnnMiller_59_f
43	AnnMiller	17	AGE17	15004	15003_AnnMiller_17_f
43	AnnMiller	72	AGE72	15037	15036_AnnMiller_72_f
43	AnnMiller	31	AGE31	15017	15016_AnnMiller_31_f
43	AnnMiller	15	AGE15	15002	15001_AnnMiller_15_f
43	AnnMiller	33	AGE33	15019	15018_AnnMiller_33_f
43	AnnMiller	21	AGE21	15008	15007_AnnMiller_21_f
43	AnnMiller	58	AGE58	15031	15030_AnnMiller_58_f
43	AnnMiller	77	AGE77	15039	15038_AnnMiller_77_f
43	AnnMiller	27	AGE27	15014	15013_AnnMiller_27_f
43	AnnMiller	57	AGE57	15030	15029_AnnMiller_57_f
43	AnnMiller	80	AGE80	15042	15041_AnnMiller_80_f
43	AnnMiller	18	AGE18	15005	15004_AnnMiller_18_f
43	AnnMiller	42	AGE42	15023	15022_AnnMiller_42_f
43	AnnMiller	50	AGE50	15026	15025_AnnMiller_50_f
43	AnnMiller	24	AGE24	15011	15010_AnnMiller_24_f
43	AnnMiller	25	AGE25	15012	15011_AnnMiller_25_f
43	AnnMiller	55	AGE55	15029	15028_AnnMiller_55_f
43	AnnMiller	20	AGE20	15007	15006_AnnMiller_20_f
43	AnnMiller	79	AGE79	15041	15040_AnnMiller_79_f
43	AnnMiller	16	AGE16	15003	15002_AnnMiller_16_f
43	AnnMiller	69	AGE69	15036	15035_AnnMiller_69_f
43	AnnMiller	35	AGE35	15020	15019_AnnMiller_35_f
43	AnnMiller	45	AGE45	15024	15023_AnnMiller_45_f
43	AnnMiller	40	AGE40	15022	15021_AnnMiller_40_f
43	AnnMiller	22	AGE22	15009	15008_AnnMiller_22_f
43	AnnMiller	78	AGE78	15040	15039_AnnMiller_78_f
43	AnnMiller	53	AGE53	15028	15027_AnnMiller_53_f
43	AnnMiller	51	AGE51	15027	15026_AnnMiller_51_f
43	AnnMiller	26	AGE26	15013	15012_AnnMiller_26_f
43	AnnMiller	19	AGE19	15006	15005_AnnMiller_19_f
43	AnnMiller	75	AGE75	15038	15037_AnnMiller_75_f
43	AnnMiller	30	AGE30	15016	15015_AnnMiller_30_f
43	AnnMiller	37	AGE37	15021	15020_AnnMiller_37_f
43	AnnMiller	60	AGE60	15033	15032_AnnMiller_60_f
43	AnnMiller	49	AGE49	15025	15024_AnnMiller_49_f
43	AnnMiller	23	AGE23	15010	15009_AnnMiller_23_f
43	AnnMiller	61	AGE61	15034	15033_AnnMiller_61_f
44	VincentPrice	31	AGE31	7714	7713_VincentPrice_31_m
44	VincentPrice	71	AGE71	7738	7737_VincentPrice_71_m
44	VincentPrice	35	AGE35	7711	7710_VincentPrice_35_m
44	VincentPrice	32	AGE32	7710	7709_VincentPrice_32_m
44	VincentPrice	69	AGE69	7737	7736_VincentPrice_69_m
44	VincentPrice	60	AGE60	7735	7734_VincentPrice_60_m
44	VincentPrice	68	AGE68	7736	7735_VincentPrice_68_m
44	VincentPrice	55	AGE55	7733	7732_VincentPrice_55_m
44	VincentPrice	33	AGE33	7715	7714_VincentPrice_33_m
44	VincentPrice	47	AGE47	7726	7725_VincentPrice_47_m
44	VincentPrice	40	AGE40	7720	7719_VincentPrice_40_m
44	VincentPrice	54	AGE54	7732	7731_VincentPrice_54_m
44	VincentPrice	29	AGE29	7709	7708_VincentPrice_29_m
44	VincentPrice	27	AGE27	7708	7707_VincentPrice_27_m
44	VincentPrice	44	AGE44	7723	7722_VincentPrice_44_m
44	VincentPrice	50	AGE50	7729	7728_VincentPrice_50_m
44	VincentPrice	48	AGE48	7727	7726_VincentPrice_48_m
44	VincentPrice	77	AGE77	7742	7741_VincentPrice_77_m
44	VincentPrice	39	AGE39	7719	7718_VincentPrice_39_m
44	VincentPrice	53	AGE53	7731	7730_VincentPrice_53_m
44	VincentPrice	45	AGE45	7724	7723_VincentPrice_45_m
44	VincentPrice	49	AGE49	7728	7727_VincentPrice_49_m
44	VincentPrice	51	AGE51	7730	7729_VincentPrice_51_m
44	VincentPrice	30	AGE30	7713	7712_VincentPrice_30_m
44	VincentPrice	42	AGE42	7721	7720_VincentPrice_42_m
44	VincentPrice	38	AGE38	7718	7717_VincentPrice_38_m
44	VincentPrice	37	AGE37	7717	7716_VincentPrice_37_m
44	VincentPrice	72	AGE72	7739	7738_VincentPrice_72_m
44	VincentPrice	43	AGE43	7722	7721_VincentPrice_43_m
44	VincentPrice	79	AGE79	7743	7742_VincentPrice_79_m
44	VincentPrice	28	AGE28	7712	7711_VincentPrice_28_m
44	VincentPrice	76	AGE76	7741	7740_VincentPrice_76_m
44	VincentPrice	73	AGE73	7740	7739_VincentPrice_73_m
44	VincentPrice	36	AGE36	7716	7715_VincentPrice_36_m
44	VincentPrice	58	AGE58	7734	7733_VincentPrice_58_m
44	VincentPrice	46	AGE46	7725	7724_VincentPrice_46_m
45	MendeleievDmitri	72	AGE72	1206	1205_MendeleievDmitri_72_m
45	MendeleievDmitri	55	AGE55	1213	1212_MendeleievDmitri_55_m
45	MendeleievDmitri	58	AGE58	1214	1213_MendeleievDmitri_58_m
45	MendeleievDmitri	37	AGE37	1210	1209_MendeleievDmitri_37_m
45	MendeleievDmitri	40	AGE40	1207	1206_MendeleievDmitri_40_m
45	MendeleievDmitri	65	AGE65	1215	1214_MendeleievDmitri_65_m
45	MendeleievDmitri	45	AGE45	1204	1203_MendeleievDmitri_45_m
45	MendeleievDmitri	63	AGE63	1211	1210_MendeleievDmitri_63_m
45	MendeleievDmitri	63	AGE63	1209	1208_MendeleievDmitri_63_m
45	MendeleievDmitri	35	AGE35	1212	1211_MendeleievDmitri_35_m
45	MendeleievDmitri	42	AGE42	1208	1207_MendeleievDmitri_42_m
45	MendeleievDmitri	70	AGE70	1205	1204_MendeleievDmitri_70_m
46	JohnMalkovich	55	AGE55	5390	5389_JohnMalkovich_55_m
46	JohnMalkovich	54	AGE54	5389	5388_JohnMalkovich_54_m
46	JohnMalkovich	35	AGE35	5370	5369_JohnMalkovich_35_m
46	JohnMalkovich	34	AGE34	5369	5368_JohnMalkovich_34_m
46	JohnMalkovich	59	AGE59	5396	5395_JohnMalkovich_59_m
46	JohnMalkovich	56	AGE56	5392	5391_JohnMalkovich_56_m
46	JohnMalkovich	42	AGE42	5379	5378_JohnMalkovich_42_m
46	JohnMalkovich	48	AGE48	5385	5384_JohnMalkovich_48_m
46	JohnMalkovich	38	AGE38	5373	5372_JohnMalkovich_38_m
46	JohnMalkovich	31	AGE31	5366	5365_JohnMalkovich_31_m
46	JohnMalkovich	43	AGE43	5380	5379_JohnMalkovich_43_m
46	JohnMalkovich	60	AGE60	5397	5396_JohnMalkovich_60_m
46	JohnMalkovich	53	AGE53	5388	5387_JohnMalkovich_53_m
46	JohnMalkovich	38	AGE38	5372	5371_JohnMalkovich_38_m
46	JohnMalkovich	41	AGE41	5377	5376_JohnMalkovich_41_m
46	JohnMalkovich	40	AGE40	5376	5375_JohnMalkovich_40_m
46	JohnMalkovich	37	AGE37	5371	5370_JohnMalkovich_37_m
46	JohnMalkovich	57	AGE57	5394	5393_JohnMalkovich_57_m
46	JohnMalkovich	39	AGE39	5374	5373_JohnMalkovich_39_m
46	JohnMalkovich	44	AGE44	5381	5380_JohnMalkovich_44_m
46	JohnMalkovich	55	AGE55	5391	5390_JohnMalkovich_55_m
46	JohnMalkovich	45	AGE45	5382	5381_JohnMalkovich_45_m
46	JohnMalkovich	49	AGE49	5386	5385_JohnMalkovich_49_m
46	JohnMalkovich	58	AGE58	5395	5394_JohnMalkovich_58_m
46	JohnMalkovich	42	AGE42	5378	5377_JohnMalkovich_42_m
46	JohnMalkovich	47	AGE47	5384	5383_JohnMalkovich_47_m
46	JohnMalkovich	57	AGE57	5393	5392_JohnMalkovich_57_m
46	JohnMalkovich	39	AGE39	5375	5374_JohnMalkovich_39_m
46	JohnMalkovich	34	AGE34	5368	5367_JohnMalkovich_34_m
46	JohnMalkovich	32	AGE32	5367	5366_JohnMalkovich_32_m
46	JohnMalkovich	46	AGE46	5383	5382_JohnMalkovich_46_m
46	JohnMalkovich	50	AGE50	5387	5386_JohnMalkovich_50_m
47	PeterFonda	68	AGE68	2807	2806_PeterFonda_68_m
47	PeterFonda	67	AGE67	2806	2805_PeterFonda_67_m
47	PeterFonda	60	AGE60	2799	2798_PeterFonda_60_m
47	PeterFonda	69	AGE69	2808	2807_PeterFonda_69_m
47	PeterFonda	66	AGE66	2805	2804_PeterFonda_66_m
47	PeterFonda	74	AGE74	2813	2812_PeterFonda_74_m
47	PeterFonda	61	AGE61	2800	2799_PeterFonda_61_m
47	PeterFonda	73	AGE73	2812	2811_PeterFonda_73_m
47	PeterFonda	65	AGE65	2804	2803_PeterFonda_65_m
47	PeterFonda	59	AGE59	2798	2797_PeterFonda_59_m
47	PeterFonda	72	AGE72	2811	2810_PeterFonda_72_m
47	PeterFonda	70	AGE70	2809	2808_PeterFonda_70_m
47	PeterFonda	64	AGE64	2803	2802_PeterFonda_64_m
47	PeterFonda	62	AGE62	2801	2800_PeterFonda_62_m
47	PeterFonda	71	AGE71	2810	2809_PeterFonda_71_m
47	PeterFonda	63	AGE63	2802	2801_PeterFonda_63_m
48	GenaRowlands	52	AGE52	4142	4141_GenaRowlands_52_m
48	GenaRowlands	33	AGE33	4130	4129_GenaRowlands_33_m
48	GenaRowlands	83	AGE83	4163	4162_GenaRowlands_83_m
48	GenaRowlands	57	AGE57	4146	4145_GenaRowlands_57_m
48	GenaRowlands	72	AGE72	4156	4155_GenaRowlands_72_m
48	GenaRowlands	48	AGE48	4139	4138_GenaRowlands_48_m
48	GenaRowlands	49	AGE49	4140	4139_GenaRowlands_49_m
48	GenaRowlands	84	AGE84	4164	4163_GenaRowlands_84_m
48	GenaRowlands	74	AGE74	4158	4157_GenaRowlands_74_m
48	GenaRowlands	71	AGE71	4155	4154_GenaRowlands_71_m
48	GenaRowlands	29	AGE29	4126	4125_GenaRowlands_29_m
48	GenaRowlands	64	AGE64	4150	4149_GenaRowlands_64_m
48	GenaRowlands	39	AGE39	4135	4134_GenaRowlands_39_m
48	GenaRowlands	35	AGE35	4132	4131_GenaRowlands_35_m
48	GenaRowlands	32	AGE32	4129	4128_GenaRowlands_32_m
48	GenaRowlands	56	AGE56	4145	4144_GenaRowlands_56_m
48	GenaRowlands	44	AGE44	4137	4136_GenaRowlands_44_m
48	GenaRowlands	77	AGE77	4160	4159_GenaRowlands_77_m
48	GenaRowlands	67	AGE67	4152	4151_GenaRowlands_67_m
48	GenaRowlands	34	AGE34	4131	4130_GenaRowlands_34_m
48	GenaRowlands	38	AGE38	4134	4133_GenaRowlands_38_m
48	GenaRowlands	54	AGE54	4143	4142_GenaRowlands_54_m
48	GenaRowlands	58	AGE58	4147	4146_GenaRowlands_58_m
48	GenaRowlands	37	AGE37	4133	4132_GenaRowlands_37_m
48	GenaRowlands	55	AGE55	4144	4143_GenaRowlands_55_m
48	GenaRowlands	45	AGE45	4138	4137_GenaRowlands_45_m
48	GenaRowlands	61	AGE61	4148	4147_GenaRowlands_61_m
48	GenaRowlands	81	AGE81	4162	4161_GenaRowlands_81_m
48	GenaRowlands	31	AGE31	4128	4127_GenaRowlands_31_m
48	GenaRowlands	30	AGE30	4127	4126_GenaRowlands_30_m
48	GenaRowlands	79	AGE79	4161	4160_GenaRowlands_79_m
48	GenaRowlands	50	AGE50	4141	4140_GenaRowlands_50_m
48	GenaRowlands	85	AGE85	4165	4164_GenaRowlands_85_m
48	GenaRowlands	41	AGE41	4136	4135_GenaRowlands_41_m
48	GenaRowlands	66	AGE66	4151	4150_GenaRowlands_66_m
48	GenaRowlands	28	AGE28	4125	4124_GenaRowlands_28_m
48	GenaRowlands	25	AGE25	4124	4123_GenaRowlands_25_m
48	GenaRowlands	76	AGE76	4159	4158_GenaRowlands_76_m
48	GenaRowlands	62	AGE62	4149	4148_GenaRowlands_62_m
48	GenaRowlands	70	AGE70	4154	4153_GenaRowlands_70_m
48	GenaRowlands	73	AGE73	4157	4156_GenaRowlands_73_m
48	GenaRowlands	68	AGE68	4153	4152_GenaRowlands_68_m
49	BobHope	92	AGE92	5177	5176_BobHope_92_m
49	BobHope	90	AGE90	5176	5175_BobHope_90_m
49	BobHope	29	AGE29	5147	5146_BobHope_29_m
49	BobHope	58	AGE58	5146	5145_BobHope_58_m
49	BobHope	41	AGE41	5154	5153_BobHope_41_m
49	BobHope	55	AGE55	5163	5162_BobHope_55_m
49	BobHope	70	AGE70	5156	5155_BobHope_70_m
49	BobHope	94	AGE94	5179	5178_BobHope_94_m
49	BobHope	64	AGE64	5168	5167_BobHope_64_m
49	BobHope	93	AGE93	5178	5177_BobHope_93_m
49	BobHope	35	AGE35	5149	5148_BobHope_35_m
49	BobHope	50	AGE50	5160	5159_BobHope_50_m
49	BobHope	60	AGE60	5166	5165_BobHope_60_m
49	BobHope	58	AGE58	5165	5164_BobHope_58_m
49	BobHope	80	AGE80	5174	5173_BobHope_80_m
49	BobHope	49	AGE49	5159	5158_BobHope_49_m
49	BobHope	77	AGE77	5173	5172_BobHope_77_m
49	BobHope	37	AGE37	5151	5150_BobHope_37_m
49	BobHope	75	AGE75	5145	5144_BobHope_75_m
49	BobHope	39	AGE39	5153	5152_BobHope_39_m
49	BobHope	54	AGE54	5162	5161_BobHope_54_m
49	BobHope	38	AGE38	5152	5151_BobHope_38_m
49	BobHope	31	AGE31	5148	5147_BobHope_31_m
49	BobHope	57	AGE57	5164	5163_BobHope_57_m
49	BobHope	83	AGE83	5170	5169_BobHope_83_m
49	BobHope	75	AGE75	5172	5171_BobHope_75_m
49	BobHope	82	AGE82	5175	5174_BobHope_82_m
49	BobHope	47	AGE47	5158	5157_BobHope_47_m
49	BobHope	52	AGE52	5161	5160_BobHope_52_m
49	BobHope	58	AGE58	5180	5179_BobHope_58_m
49	BobHope	36	AGE36	5150	5149_BobHope_36_m
49	BobHope	46	AGE46	5157	5156_BobHope_46_m
49	BobHope	74	AGE74	5169	5168_BobHope_74_m
49	BobHope	90	AGE90	5181	5180_BobHope_90_m
49	BobHope	42	AGE42	5155	5154_BobHope_42_m
49	BobHope	68	AGE68	5171	5170_BobHope_68_m
49	BobHope	62	AGE62	5167	5166_BobHope_62_m
50	PeggyLipton	29	AGE29	10804	10803_PeggyLipton_29_f
50	PeggyLipton	47	AGE47	10812	10811_PeggyLipton_47_f
50	PeggyLipton	53	AGE53	10816	10815_PeggyLipton_53_f
50	PeggyLipton	23	AGE23	10798	10797_PeggyLipton_23_f
50	PeggyLipton	22	AGE22	10797	10796_PeggyLipton_22_f
50	PeggyLipton	57	AGE57	10818	10817_PeggyLipton_57_f
50	PeggyLipton	56	AGE56	10817	10816_PeggyLipton_56_f
50	PeggyLipton	18	AGE18	10795	10794_PeggyLipton_18_f
50	PeggyLipton	38	AGE38	10807	10806_PeggyLipton_38_f
50	PeggyLipton	66	AGE66	10826	10825_PeggyLipton_66_f
50	PeggyLipton	34	AGE34	10806	10805_PeggyLipton_34_f
50	PeggyLipton	62	AGE62	10822	10821_PeggyLipton_62_f
50	PeggyLipton	40	AGE40	10808	10807_PeggyLipton_40_f
50	PeggyLipton	24	AGE24	10799	10798_PeggyLipton_24_f
50	PeggyLipton	26	AGE26	10801	10800_PeggyLipton_26_f
50	PeggyLipton	19	AGE19	10796	10795_PeggyLipton_19_f
50	PeggyLipton	25	AGE25	10800	10799_PeggyLipton_25_f
50	PeggyLipton	64	AGE64	10824	10823_PeggyLipton_64_f
50	PeggyLipton	49	AGE49	10814	10813_PeggyLipton_49_f
50	PeggyLipton	63	AGE63	10823	10822_PeggyLipton_63_f
50	PeggyLipton	60	AGE60	10820	10819_PeggyLipton_60_f
50	PeggyLipton	65	AGE65	10825	10824_PeggyLipton_65_f
50	PeggyLipton	48	AGE48	10813	10812_PeggyLipton_48_f
50	PeggyLipton	43	AGE43	10810	10809_PeggyLipton_43_f
50	PeggyLipton	46	AGE46	10811	10810_PeggyLipton_46_f
50	PeggyLipton	61	AGE61	10821	10820_PeggyLipton_61_f
50	PeggyLipton	32	AGE32	10805	10804_PeggyLipton_32_f
50	PeggyLipton	51	AGE51	10815	10814_PeggyLipton_51_f
50	PeggyLipton	59	AGE59	10819	10818_PeggyLipton_59_f
50	PeggyLipton	27	AGE27	10802	10801_PeggyLipton_27_f
50	PeggyLipton	42	AGE42	10809	10808_PeggyLipton_42_f
50	PeggyLipton	28	AGE28	10803	10802_PeggyLipton_28_f
51	ClaudeL╨ТviStrauss	92	AGE92	1230	1229_ClaudeL╨ТviStrauss_92_m
51	ClaudeL╨ТviStrauss	85	AGE85	1222	1221_ClaudeL╨ТviStrauss_85_m
51	ClaudeL╨ТviStrauss	80	AGE80	1216	1215_ClaudeL╨ТviStrauss_80_m
51	ClaudeL╨ТviStrauss	22	AGE22	1220	1219_ClaudeL╨ТviStrauss_22_m
51	ClaudeL╨ТviStrauss	54	AGE54	1219	1218_ClaudeL╨ТviStrauss_54_m
51	ClaudeL╨ТviStrauss	61	AGE61	1221	1220_ClaudeL╨ТviStrauss_61_m
51	ClaudeL╨ТviStrauss	50	AGE50	1231	1230_ClaudeL╨ТviStrauss_50_m
51	ClaudeL╨ТviStrauss	40	AGE40	1217	1216_ClaudeL╨ТviStrauss_40_m
51	ClaudeL╨ТviStrauss	40	AGE40	1218	1217_ClaudeL╨ТviStrauss_40_m
51	ClaudeL╨ТviStrauss	30	AGE30	1223	1222_ClaudeL╨ТviStrauss_30_m
51	ClaudeL╨ТviStrauss	91	AGE91	1224	1223_ClaudeL╨ТviStrauss_91_m
51	ClaudeL╨ТviStrauss	95	AGE95	1228	1227_ClaudeL╨ТviStrauss_95_m
51	ClaudeL╨ТviStrauss	72	AGE72	1225	1224_ClaudeL╨ТviStrauss_72_m
51	ClaudeL╨ТviStrauss	42	AGE42	1232	1231_ClaudeL╨ТviStrauss_42_m
51	ClaudeL╨ТviStrauss	95	AGE95	1226	1225_ClaudeL╨ТviStrauss_95_m
51	ClaudeL╨ТviStrauss	72	AGE72	1229	1228_ClaudeL╨ТviStrauss_72_m
51	ClaudeL╨ТviStrauss	59	AGE59	1227	1226_ClaudeL╨ТviStrauss_59_m
52	IngridBergman	29	AGE29	14231	14230_IngridBergman_29_f
52	IngridBergman	19	AGE19	14222	14221_IngridBergman_19_f
52	IngridBergman	29	AGE29	14220	14219_IngridBergman_29_f
52	IngridBergman	14	AGE14	14241	14240_IngridBergman_14_f
52	IngridBergman	45	AGE45	14237	14236_IngridBergman_45_f
52	IngridBergman	28	AGE28	14226	14225_IngridBergman_28_f
52	IngridBergman	55	AGE55	14238	14237_IngridBergman_55_f
52	IngridBergman	43	AGE43	14227	14226_IngridBergman_43_f
52	IngridBergman	21	AGE21	14223	14222_IngridBergman_21_f
52	IngridBergman	46	AGE46	14228	14227_IngridBergman_46_f
52	IngridBergman	63	AGE63	14239	14238_IngridBergman_63_f
52	IngridBergman	67	AGE67	14240	14239_IngridBergman_67_f
52	IngridBergman	31	AGE31	14233	14232_IngridBergman_31_f
52	IngridBergman	24	AGE24	14225	14224_IngridBergman_24_f
52	IngridBergman	36	AGE36	14235	14234_IngridBergman_36_f
52	IngridBergman	23	AGE23	14224	14223_IngridBergman_23_f
52	IngridBergman	25	AGE25	14221	14220_IngridBergman_25_f
52	IngridBergman	40	AGE40	14236	14235_IngridBergman_40_f
52	IngridBergman	57	AGE57	14229	14228_IngridBergman_57_f
52	IngridBergman	33	AGE33	14234	14233_IngridBergman_33_f
52	IngridBergman	27	AGE27	14230	14229_IngridBergman_27_f
52	IngridBergman	30	AGE30	14232	14231_IngridBergman_30_f
53	JulieChristie	21	AGE21	11503	11502_JulieChristie_21_f
53	JulieChristie	63	AGE63	11524	11523_JulieChristie_63_f
53	JulieChristie	67	AGE67	11527	11526_JulieChristie_67_f
53	JulieChristie	25	AGE25	11506	11505_JulieChristie_25_f
53	JulieChristie	30	AGE30	11511	11510_JulieChristie_30_f
53	JulieChristie	51	AGE51	11520	11519_JulieChristie_51_f
53	JulieChristie	28	AGE28	11509	11508_JulieChristie_28_f
53	JulieChristie	58	AGE58	11522	11521_JulieChristie_58_f
53	JulieChristie	66	AGE66	11526	11525_JulieChristie_66_f
53	JulieChristie	47	AGE47	11519	11518_JulieChristie_47_f
53	JulieChristie	37	AGE37	11514	11513_JulieChristie_37_f
53	JulieChristie	20	AGE20	11502	11501_JulieChristie_20_f
53	JulieChristie	40	AGE40	11515	11514_JulieChristie_40_f
53	JulieChristie	24	AGE24	11505	11504_JulieChristie_24_f
53	JulieChristie	72	AGE72	11530	11529_JulieChristie_72_f
53	JulieChristie	60	AGE60	11523	11522_JulieChristie_60_f
53	JulieChristie	65	AGE65	11525	11524_JulieChristie_65_f
53	JulieChristie	32	AGE32	11512	11511_JulieChristie_32_f
53	JulieChristie	55	AGE55	11521	11520_JulieChristie_55_f
53	JulieChristie	71	AGE71	11529	11528_JulieChristie_71_f
53	JulieChristie	70	AGE70	11528	11527_JulieChristie_70_f
53	JulieChristie	42	AGE42	11517	11516_JulieChristie_42_f
53	JulieChristie	45	AGE45	11518	11517_JulieChristie_45_f
53	JulieChristie	29	AGE29	11510	11509_JulieChristie_29_f
53	JulieChristie	22	AGE22	11504	11503_JulieChristie_22_f
53	JulieChristie	27	AGE27	11508	11507_JulieChristie_27_f
53	JulieChristie	41	AGE41	11516	11515_JulieChristie_41_f
53	JulieChristie	34	AGE34	11513	11512_JulieChristie_34_f
53	JulieChristie	26	AGE26	11507	11506_JulieChristie_26_f
54	KevinSpacey	46	AGE46	3436	3435_KevinSpacey_46_m
54	KevinSpacey	40	AGE40	3429	3428_KevinSpacey_40_m
54	KevinSpacey	38	AGE38	3424	3423_KevinSpacey_38_m
54	KevinSpacey	32	AGE32	3417	3416_KevinSpacey_32_m
54	KevinSpacey	51	AGE51	3440	3439_KevinSpacey_51_m
54	KevinSpacey	27	AGE27	3410	3409_KevinSpacey_27_m
54	KevinSpacey	54	AGE54	3443	3442_KevinSpacey_54_m
54	KevinSpacey	28	AGE28	3411	3410_KevinSpacey_28_m
54	KevinSpacey	39	AGE39	3427	3426_KevinSpacey_39_m
54	KevinSpacey	45	AGE45	3434	3433_KevinSpacey_45_m
54	KevinSpacey	47	AGE47	3437	3436_KevinSpacey_47_m
54	KevinSpacey	39	AGE39	3426	3425_KevinSpacey_39_m
54	KevinSpacey	40	AGE40	3428	3427_KevinSpacey_40_m
54	KevinSpacey	48	AGE48	3438	3437_KevinSpacey_48_m
54	KevinSpacey	36	AGE36	3421	3420_KevinSpacey_36_m
54	KevinSpacey	44	AGE44	3432	3431_KevinSpacey_44_m
54	KevinSpacey	36	AGE36	3420	3419_KevinSpacey_36_m
54	KevinSpacey	29	AGE29	3413	3412_KevinSpacey_29_m
54	KevinSpacey	29	AGE29	3412	3411_KevinSpacey_29_m
54	KevinSpacey	32	AGE32	3415	3414_KevinSpacey_32_m
54	KevinSpacey	35	AGE35	3419	3418_KevinSpacey_35_m
54	KevinSpacey	30	AGE30	3414	3413_KevinSpacey_30_m
54	KevinSpacey	41	AGE41	3430	3429_KevinSpacey_41_m
54	KevinSpacey	32	AGE32	3418	3417_KevinSpacey_32_m
54	KevinSpacey	38	AGE38	3425	3424_KevinSpacey_38_m
54	KevinSpacey	32	AGE32	3416	3415_KevinSpacey_32_m
54	KevinSpacey	36	AGE36	3422	3421_KevinSpacey_36_m
54	KevinSpacey	54	AGE54	3442	3441_KevinSpacey_54_m
54	KevinSpacey	50	AGE50	3439	3438_KevinSpacey_50_m
54	KevinSpacey	44	AGE44	3433	3432_KevinSpacey_44_m
54	KevinSpacey	46	AGE46	3435	3434_KevinSpacey_46_m
54	KevinSpacey	42	AGE42	3431	3430_KevinSpacey_42_m
54	KevinSpacey	53	AGE53	3441	3440_KevinSpacey_53_m
54	KevinSpacey	37	AGE37	3423	3422_KevinSpacey_37_m
55	JamesWoods	42	AGE42	2616	2615_JamesWoods_42_m
55	JamesWoods	48	AGE48	2621	2620_JamesWoods_48_m
55	JamesWoods	58	AGE58	2628	2627_JamesWoods_58_m
55	JamesWoods	31	AGE31	2608	2607_JamesWoods_31_m
55	JamesWoods	66	AGE66	2633	2632_JamesWoods_66_m
55	JamesWoods	52	AGE52	2624	2623_JamesWoods_52_m
55	JamesWoods	67	AGE67	2634	2633_JamesWoods_67_m
55	JamesWoods	47	AGE47	2620	2619_JamesWoods_47_m
55	JamesWoods	38	AGE38	2613	2612_JamesWoods_38_m
55	JamesWoods	32	AGE32	2609	2608_JamesWoods_32_m
55	JamesWoods	45	AGE45	2618	2617_JamesWoods_45_m
55	JamesWoods	60	AGE60	2630	2629_JamesWoods_60_m
55	JamesWoods	64	AGE64	2632	2631_JamesWoods_64_m
55	JamesWoods	56	AGE56	2627	2626_JamesWoods_56_m
55	JamesWoods	40	AGE40	2615	2614_JamesWoods_40_m
55	JamesWoods	36	AGE36	2611	2610_JamesWoods_36_m
55	JamesWoods	63	AGE63	2631	2630_JamesWoods_63_m
55	JamesWoods	59	AGE59	2629	2628_JamesWoods_59_m
55	JamesWoods	27	AGE27	2606	2605_JamesWoods_27_m
55	JamesWoods	53	AGE53	2625	2624_JamesWoods_53_m
55	JamesWoods	29	AGE29	2607	2606_JamesWoods_29_m
55	JamesWoods	25	AGE25	2605	2604_JamesWoods_25_m
55	JamesWoods	44	AGE44	2617	2616_JamesWoods_44_m
55	JamesWoods	39	AGE39	2614	2613_JamesWoods_39_m
55	JamesWoods	37	AGE37	2612	2611_JamesWoods_37_m
55	JamesWoods	33	AGE33	2610	2609_JamesWoods_33_m
55	JamesWoods	54	AGE54	2626	2625_JamesWoods_54_m
55	JamesWoods	46	AGE46	2619	2618_JamesWoods_46_m
55	JamesWoods	51	AGE51	2623	2622_JamesWoods_51_m
55	JamesWoods	50	AGE50	2622	2621_JamesWoods_50_m
55	JamesWoods	21	AGE21	2604	2603_JamesWoods_21_m
56	AudreyHepburn	47	AGE47	14537	14536_AudreyHepburn_47_f
56	AudreyHepburn	30	AGE30	14548	14547_AudreyHepburn_30_f
56	AudreyHepburn	32	AGE32	14538	14537_AudreyHepburn_32_f
56	AudreyHepburn	23	AGE23	14528	14527_AudreyHepburn_23_f
56	AudreyHepburn	27	AGE27	14547	14546_AudreyHepburn_27_f
56	AudreyHepburn	32	AGE32	14550	14549_AudreyHepburn_32_f
56	AudreyHepburn	22	AGE22	14516	14515_AudreyHepburn_22_f
56	AudreyHepburn	24	AGE24	14544	14543_AudreyHepburn_24_f
56	AudreyHepburn	19	AGE19	14541	14540_AudreyHepburn_19_f
56	AudreyHepburn	25	AGE25	14545	14544_AudreyHepburn_25_f
56	AudreyHepburn	58	AGE58	14527	14526_AudreyHepburn_58_f
56	AudreyHepburn	36	AGE36	14552	14551_AudreyHepburn_36_f
56	AudreyHepburn	18	AGE18	14534	14533_AudreyHepburn_18_f
56	AudreyHepburn	62	AGE62	14521	14520_AudreyHepburn_62_f
56	AudreyHepburn	50	AGE50	14539	14538_AudreyHepburn_50_f
56	AudreyHepburn	25	AGE25	14535	14534_AudreyHepburn_25_f
56	AudreyHepburn	25	AGE25	14530	14529_AudreyHepburn_25_f
56	AudreyHepburn	34	AGE34	14525	14524_AudreyHepburn_34_f
56	AudreyHepburn	38	AGE38	14515	14514_AudreyHepburn_38_f
56	AudreyHepburn	47	AGE47	14522	14521_AudreyHepburn_47_f
56	AudreyHepburn	62	AGE62	14536	14535_AudreyHepburn_62_f
56	AudreyHepburn	68	AGE68	14533	14532_AudreyHepburn_68_f
56	AudreyHepburn	31	AGE31	14549	14548_AudreyHepburn_31_f
56	AudreyHepburn	52	AGE52	14526	14525_AudreyHepburn_52_f
56	AudreyHepburn	49	AGE49	14556	14555_AudreyHepburn_49_f
56	AudreyHepburn	33	AGE33	14524	14523_AudreyHepburn_33_f
56	AudreyHepburn	26	AGE26	14546	14545_AudreyHepburn_26_f
56	AudreyHepburn	35	AGE35	14551	14550_AudreyHepburn_35_f
56	AudreyHepburn	22	AGE22	14517	14516_AudreyHepburn_22_f
56	AudreyHepburn	24	AGE24	14532	14531_AudreyHepburn_24_f
56	AudreyHepburn	47	AGE47	14555	14554_AudreyHepburn_47_f
56	AudreyHepburn	27	AGE27	14529	14528_AudreyHepburn_27_f
56	AudreyHepburn	30	AGE30	14540	14539_AudreyHepburn_30_f
56	AudreyHepburn	28	AGE28	14523	14522_AudreyHepburn_28_f
56	AudreyHepburn	60	AGE60	14519	14518_AudreyHepburn_60_f
56	AudreyHepburn	24	AGE24	14531	14530_AudreyHepburn_24_f
56	AudreyHepburn	20	AGE20	14518	14517_AudreyHepburn_20_f
56	AudreyHepburn	21	AGE21	14542	14541_AudreyHepburn_21_f
56	AudreyHepburn	23	AGE23	14543	14542_AudreyHepburn_23_f
56	AudreyHepburn	25	AGE25	14520	14519_AudreyHepburn_25_f
56	AudreyHepburn	37	AGE37	14553	14552_AudreyHepburn_37_f
56	AudreyHepburn	38	AGE38	14554	14553_AudreyHepburn_38_f
57	AlikiBoug	21	AGE21	12553	12552_AlikiBoug_21_f
57	AlikiBoug	18	AGE18	12540	12539_AlikiBoug_18_f
57	AlikiBoug	28	AGE28	12546	12545_AlikiBoug_28_f
57	AlikiBoug	37	AGE37	12536	12535_AlikiBoug_37_f
57	AlikiBoug	37	AGE37	12550	12549_AlikiBoug_37_f
57	AlikiBoug	26	AGE26	12532	12531_AlikiBoug_26_f
57	AlikiBoug	25	AGE25	12554	12553_AlikiBoug_25_f
57	AlikiBoug	33	AGE33	12537	12536_AlikiBoug_33_f
57	AlikiBoug	42	AGE42	12548	12547_AlikiBoug_42_f
57	AlikiBoug	29	AGE29	12557	12556_AlikiBoug_29_f
57	AlikiBoug	34	AGE34	12558	12557_AlikiBoug_34_f
57	AlikiBoug	36	AGE36	12563	12562_AlikiBoug_36_f
57	AlikiBoug	33	AGE33	12566	12565_AlikiBoug_33_f
57	AlikiBoug	26	AGE26	12547	12546_AlikiBoug_26_f
57	AlikiBoug	40	AGE40	12543	12542_AlikiBoug_40_f
57	AlikiBoug	19	AGE19	12545	12544_AlikiBoug_19_f
57	AlikiBoug	27	AGE27	12551	12550_AlikiBoug_27_f
57	AlikiBoug	36	AGE36	12534	12533_AlikiBoug_36_f
57	AlikiBoug	42	AGE42	12539	12538_AlikiBoug_42_f
57	AlikiBoug	35	AGE35	12560	12559_AlikiBoug_35_f
57	AlikiBoug	33	AGE33	12562	12561_AlikiBoug_33_f
57	AlikiBoug	35	AGE35	12533	12532_AlikiBoug_35_f
57	AlikiBoug	20	AGE20	12549	12548_AlikiBoug_20_f
57	AlikiBoug	47	AGE47	12542	12541_AlikiBoug_47_f
57	AlikiBoug	31	AGE31	12561	12560_AlikiBoug_31_f
57	AlikiBoug	47	AGE47	12565	12564_AlikiBoug_47_f
57	AlikiBoug	37	AGE37	12559	12558_AlikiBoug_37_f
57	AlikiBoug	31	AGE31	12556	12555_AlikiBoug_31_f
57	AlikiBoug	43	AGE43	12535	12534_AlikiBoug_43_f
57	AlikiBoug	63	AGE63	12541	12540_AlikiBoug_63_f
57	AlikiBoug	52	AGE52	12552	12551_AlikiBoug_52_f
57	AlikiBoug	21	AGE21	12531	12530_AlikiBoug_21_f
57	AlikiBoug	28	AGE28	12567	12566_AlikiBoug_28_f
57	AlikiBoug	55	AGE55	12544	12543_AlikiBoug_55_f
57	AlikiBoug	28	AGE28	12555	12554_AlikiBoug_28_f
57	AlikiBoug	29	AGE29	12564	12563_AlikiBoug_29_f
57	AlikiBoug	50	AGE50	12538	12537_AlikiBoug_50_f
58	OliviadeHavilland	21	AGE21	14422	14421_OliviadeHavilland_21_f
58	OliviadeHavilland	46	AGE46	14439	14438_OliviadeHavilland_46_f
58	OliviadeHavilland	93	AGE93	14429	14428_OliviadeHavilland_93_f
58	OliviadeHavilland	62	AGE62	14442	14441_OliviadeHavilland_62_f
58	OliviadeHavilland	17	AGE17	14424	14423_OliviadeHavilland_17_f
58	OliviadeHavilland	19	AGE19	14425	14424_OliviadeHavilland_19_f
58	OliviadeHavilland	30	AGE30	14434	14433_OliviadeHavilland_30_f
58	OliviadeHavilland	20	AGE20	14431	14430_OliviadeHavilland_20_f
58	OliviadeHavilland	33	AGE33	14427	14426_OliviadeHavilland_33_f
58	OliviadeHavilland	37	AGE37	14428	14427_OliviadeHavilland_37_f
58	OliviadeHavilland	22	AGE22	14432	14431_OliviadeHavilland_22_f
58	OliviadeHavilland	24	AGE24	14423	14422_OliviadeHavilland_24_f
58	OliviadeHavilland	42	AGE42	14437	14436_OliviadeHavilland_42_f
58	OliviadeHavilland	49	AGE49	14440	14439_OliviadeHavilland_49_f
58	OliviadeHavilland	92	AGE92	14444	14443_OliviadeHavilland_92_f
58	OliviadeHavilland	25	AGE25	14426	14425_OliviadeHavilland_25_f
58	OliviadeHavilland	34	AGE34	14436	14435_OliviadeHavilland_34_f
58	OliviadeHavilland	65	AGE65	14443	14442_OliviadeHavilland_65_f
58	OliviadeHavilland	94	AGE94	14430	14429_OliviadeHavilland_94_f
58	OliviadeHavilland	43	AGE43	14438	14437_OliviadeHavilland_43_f
58	OliviadeHavilland	24	AGE24	14433	14432_OliviadeHavilland_24_f
58	OliviadeHavilland	32	AGE32	14435	14434_OliviadeHavilland_32_f
58	OliviadeHavilland	58	AGE58	14441	14440_OliviadeHavilland_58_f
59	MichaelKeaton	53	AGE53	5505	5504_MichaelKeaton_53_m
59	MichaelKeaton	47	AGE47	5500	5499_MichaelKeaton_47_m
59	MichaelKeaton	50	AGE50	5502	5501_MichaelKeaton_50_m
59	MichaelKeaton	31	AGE31	5486	5485_MichaelKeaton_31_m
59	MichaelKeaton	46	AGE46	5499	5498_MichaelKeaton_46_m
59	MichaelKeaton	40	AGE40	5493	5492_MichaelKeaton_40_m
59	MichaelKeaton	58	AGE58	5507	5506_MichaelKeaton_58_m
59	MichaelKeaton	34	AGE34	5487	5486_MichaelKeaton_34_m
59	MichaelKeaton	25	AGE25	5483	5482_MichaelKeaton_25_m
59	MichaelKeaton	49	AGE49	5501	5500_MichaelKeaton_49_m
59	MichaelKeaton	39	AGE39	5492	5491_MichaelKeaton_39_m
59	MichaelKeaton	18	AGE18	5482	5481_MichaelKeaton_18_m
59	MichaelKeaton	35	AGE35	5488	5487_MichaelKeaton_35_m
59	MichaelKeaton	29	AGE29	5484	5483_MichaelKeaton_29_m
59	MichaelKeaton	60	AGE60	5509	5508_MichaelKeaton_60_m
59	MichaelKeaton	14	AGE14	5481	5480_MichaelKeaton_14_m
59	MichaelKeaton	36	AGE36	5489	5488_MichaelKeaton_36_m
59	MichaelKeaton	43	AGE43	5496	5495_MichaelKeaton_43_m
59	MichaelKeaton	59	AGE59	5508	5507_MichaelKeaton_59_m
59	MichaelKeaton	51	AGE51	5503	5502_MichaelKeaton_51_m
59	MichaelKeaton	62	AGE62	5511	5510_MichaelKeaton_62_m
59	MichaelKeaton	44	AGE44	5497	5496_MichaelKeaton_44_m
59	MichaelKeaton	55	AGE55	5506	5505_MichaelKeaton_55_m
59	MichaelKeaton	61	AGE61	5510	5509_MichaelKeaton_61_m
59	MichaelKeaton	65	AGE65	5514	5513_MichaelKeaton_65_m
59	MichaelKeaton	23	AGE23	5479	5478_MichaelKeaton_23_m
59	MichaelKeaton	63	AGE63	5512	5511_MichaelKeaton_63_m
59	MichaelKeaton	28	AGE28	5480	5479_MichaelKeaton_28_m
59	MichaelKeaton	45	AGE45	5498	5497_MichaelKeaton_45_m
59	MichaelKeaton	41	AGE41	5494	5493_MichaelKeaton_41_m
59	MichaelKeaton	37	AGE37	5490	5489_MichaelKeaton_37_m
59	MichaelKeaton	38	AGE38	5491	5490_MichaelKeaton_38_m
59	MichaelKeaton	30	AGE30	5485	5484_MichaelKeaton_30_m
59	MichaelKeaton	52	AGE52	5504	5503_MichaelKeaton_52_m
59	MichaelKeaton	64	AGE64	5513	5512_MichaelKeaton_64_m
59	MichaelKeaton	42	AGE42	5495	5494_MichaelKeaton_42_m
60	CharlesGrodin	72	AGE72	5201	5200_CharlesGrodin_72_m
60	CharlesGrodin	59	AGE59	5195	5194_CharlesGrodin_59_m
60	CharlesGrodin	39	AGE39	5184	5183_CharlesGrodin_39_m
60	CharlesGrodin	69	AGE69	5199	5198_CharlesGrodin_69_m
60	CharlesGrodin	37	AGE37	5183	5182_CharlesGrodin_37_m
60	CharlesGrodin	48	AGE48	5190	5189_CharlesGrodin_48_m
60	CharlesGrodin	35	AGE35	5182	5181_CharlesGrodin_35_m
60	CharlesGrodin	46	AGE46	5189	5188_CharlesGrodin_46_m
60	CharlesGrodin	61	AGE61	5196	5195_CharlesGrodin_61_m
60	CharlesGrodin	45	AGE45	5188	5187_CharlesGrodin_45_m
60	CharlesGrodin	77	AGE77	5205	5204_CharlesGrodin_77_m
60	CharlesGrodin	74	AGE74	5203	5202_CharlesGrodin_74_m
60	CharlesGrodin	54	AGE54	5193	5192_CharlesGrodin_54_m
60	CharlesGrodin	50	AGE50	5191	5190_CharlesGrodin_50_m
60	CharlesGrodin	55	AGE55	5194	5193_CharlesGrodin_55_m
60	CharlesGrodin	68	AGE68	5198	5197_CharlesGrodin_68_m
60	CharlesGrodin	75	AGE75	5204	5203_CharlesGrodin_75_m
60	CharlesGrodin	52	AGE52	5192	5191_CharlesGrodin_52_m
60	CharlesGrodin	41	AGE41	5185	5184_CharlesGrodin_41_m
60	CharlesGrodin	70	AGE70	5200	5199_CharlesGrodin_70_m
60	CharlesGrodin	65	AGE65	5197	5196_CharlesGrodin_65_m
60	CharlesGrodin	78	AGE78	5206	5205_CharlesGrodin_78_m
60	CharlesGrodin	73	AGE73	5202	5201_CharlesGrodin_73_m
60	CharlesGrodin	43	AGE43	5187	5186_CharlesGrodin_43_m
60	CharlesGrodin	42	AGE42	5186	5185_CharlesGrodin_42_m
61	RonaldReagan	72	AGE72	753	752_RonaldReagan_72_m
61	RonaldReagan	39	AGE39	736	735_RonaldReagan_39_m
61	RonaldReagan	68	AGE68	749	748_RonaldReagan_68_m
61	RonaldReagan	56	AGE56	726	725_RonaldReagan_56_m
61	RonaldReagan	67	AGE67	748	747_RonaldReagan_67_m
61	RonaldReagan	78	AGE78	754	753_RonaldReagan_78_m
61	RonaldReagan	43	AGE43	738	737_RonaldReagan_43_m
61	RonaldReagan	21	AGE21	722	721_RonaldReagan_21_m
61	RonaldReagan	19	AGE19	720	719_RonaldReagan_19_m
61	RonaldReagan	57	AGE57	743	742_RonaldReagan_57_m
61	RonaldReagan	70	AGE70	717	716_RonaldReagan_70_m
61	RonaldReagan	41	AGE41	737	736_RonaldReagan_41_m
61	RonaldReagan	36	AGE36	733	732_RonaldReagan_36_m
61	RonaldReagan	29	AGE29	723	722_RonaldReagan_29_m
61	RonaldReagan	35	AGE35	732	731_RonaldReagan_35_m
61	RonaldReagan	92	AGE92	752	751_RonaldReagan_92_m
61	RonaldReagan	73	AGE73	755	754_RonaldReagan_73_m
61	RonaldReagan	62	AGE62	746	745_RonaldReagan_62_m
61	RonaldReagan	65	AGE65	747	746_RonaldReagan_65_m
61	RonaldReagan	55	AGE55	742	741_RonaldReagan_55_m
61	RonaldReagan	13	AGE13	718	717_RonaldReagan_13_m
61	RonaldReagan	31	AGE31	728	727_RonaldReagan_31_m
61	RonaldReagan	30	AGE30	724	723_RonaldReagan_30_m
61	RonaldReagan	32	AGE32	729	728_RonaldReagan_32_m
61	RonaldReagan	44	AGE44	739	738_RonaldReagan_44_m
61	RonaldReagan	28	AGE28	721	720_RonaldReagan_28_m
61	RonaldReagan	16	AGE16	719	718_RonaldReagan_16_m
61	RonaldReagan	54	AGE54	741	740_RonaldReagan_54_m
61	RonaldReagan	51	AGE51	725	724_RonaldReagan_51_m
61	RonaldReagan	69	AGE69	750	749_RonaldReagan_69_m
61	RonaldReagan	60	AGE60	745	744_RonaldReagan_60_m
61	RonaldReagan	33	AGE33	730	729_RonaldReagan_33_m
61	RonaldReagan	63	AGE63	727	726_RonaldReagan_63_m
61	RonaldReagan	58	AGE58	744	743_RonaldReagan_58_m
61	RonaldReagan	53	AGE53	716	715_RonaldReagan_53_m
61	RonaldReagan	37	AGE37	734	733_RonaldReagan_37_m
61	RonaldReagan	65	AGE65	751	750_RonaldReagan_65_m
61	RonaldReagan	38	AGE38	735	734_RonaldReagan_38_m
61	RonaldReagan	34	AGE34	731	730_RonaldReagan_34_m
61	RonaldReagan	30	AGE30	756	755_RonaldReagan_30_m
61	RonaldReagan	49	AGE49	740	739_RonaldReagan_49_m
62	SteveMcQueen	32	AGE32	9389	9388_SteveMcQueen_32_m
62	SteveMcQueen	46	AGE46	9404	9403_SteveMcQueen_46_m
62	SteveMcQueen	30	AGE30	9387	9386_SteveMcQueen_30_m
62	SteveMcQueen	28	AGE28	9383	9382_SteveMcQueen_28_m
62	SteveMcQueen	26	AGE26	9382	9381_SteveMcQueen_26_m
62	SteveMcQueen	38	AGE38	9396	9395_SteveMcQueen_38_m
62	SteveMcQueen	36	AGE36	9392	9391_SteveMcQueen_36_m
62	SteveMcQueen	40	AGE40	9399	9398_SteveMcQueen_40_m
62	SteveMcQueen	38	AGE38	9395	9394_SteveMcQueen_38_m
62	SteveMcQueen	37	AGE37	9394	9393_SteveMcQueen_37_m
62	SteveMcQueen	48	AGE48	9406	9405_SteveMcQueen_48_m
62	SteveMcQueen	31	AGE31	9388	9387_SteveMcQueen_31_m
62	SteveMcQueen	39	AGE39	9407	9406_SteveMcQueen_39_m
62	SteveMcQueen	39	AGE39	9397	9396_SteveMcQueen_39_m
62	SteveMcQueen	36	AGE36	9391	9390_SteveMcQueen_36_m
62	SteveMcQueen	40	AGE40	9398	9397_SteveMcQueen_40_m
62	SteveMcQueen	28	AGE28	9385	9384_SteveMcQueen_28_m
62	SteveMcQueen	36	AGE36	9393	9392_SteveMcQueen_36_m
62	SteveMcQueen	42	AGE42	9401	9400_SteveMcQueen_42_m
62	SteveMcQueen	29	AGE29	9386	9385_SteveMcQueen_29_m
62	SteveMcQueen	47	AGE47	9405	9404_SteveMcQueen_47_m
62	SteveMcQueen	30	AGE30	9381	9380_SteveMcQueen_30_m
62	SteveMcQueen	44	AGE44	9402	9401_SteveMcQueen_44_m
62	SteveMcQueen	35	AGE35	9390	9389_SteveMcQueen_35_m
62	SteveMcQueen	37	AGE37	9384	9383_SteveMcQueen_37_m
62	SteveMcQueen	44	AGE44	9403	9402_SteveMcQueen_44_m
62	SteveMcQueen	41	AGE41	9400	9399_SteveMcQueen_41_m
63	PeggyAshcroft	63	AGE63	14467	14466_PeggyAshcroft_63_f
63	PeggyAshcroft	22	AGE22	14445	14444_PeggyAshcroft_22_f
63	PeggyAshcroft	44	AGE44	14482	14481_PeggyAshcroft_44_f
63	PeggyAshcroft	28	AGE28	14452	14451_PeggyAshcroft_28_f
63	PeggyAshcroft	82	AGE82	14479	14478_PeggyAshcroft_82_f
63	PeggyAshcroft	77	AGE77	14477	14476_PeggyAshcroft_77_f
63	PeggyAshcroft	23	AGE23	14447	14446_PeggyAshcroft_23_f
63	PeggyAshcroft	70	AGE70	14471	14470_PeggyAshcroft_70_f
63	PeggyAshcroft	75	AGE75	14475	14474_PeggyAshcroft_75_f
63	PeggyAshcroft	22	AGE22	14446	14445_PeggyAshcroft_22_f
63	PeggyAshcroft	65	AGE65	14468	14467_PeggyAshcroft_65_f
63	PeggyAshcroft	73	AGE73	14473	14472_PeggyAshcroft_73_f
63	PeggyAshcroft	33	AGE33	14480	14479_PeggyAshcroft_33_f
63	PeggyAshcroft	35	AGE35	14455	14454_PeggyAshcroft_35_f
63	PeggyAshcroft	61	AGE61	14465	14464_PeggyAshcroft_61_f
63	PeggyAshcroft	68	AGE68	14470	14469_PeggyAshcroft_68_f
63	PeggyAshcroft	41	AGE41	14481	14480_PeggyAshcroft_41_f
63	PeggyAshcroft	76	AGE76	14476	14475_PeggyAshcroft_76_f
63	PeggyAshcroft	47	AGE47	14460	14459_PeggyAshcroft_47_f
63	PeggyAshcroft	72	AGE72	14472	14471_PeggyAshcroft_72_f
63	PeggyAshcroft	27	AGE27	14451	14450_PeggyAshcroft_27_f
63	PeggyAshcroft	55	AGE55	14463	14462_PeggyAshcroft_55_f
63	PeggyAshcroft	24	AGE24	14448	14447_PeggyAshcroft_24_f
63	PeggyAshcroft	38	AGE38	14456	14455_PeggyAshcroft_38_f
63	PeggyAshcroft	44	AGE44	14458	14457_PeggyAshcroft_44_f
63	PeggyAshcroft	32	AGE32	14454	14453_PeggyAshcroft_32_f
63	PeggyAshcroft	54	AGE54	14462	14461_PeggyAshcroft_54_f
63	PeggyAshcroft	57	AGE57	14464	14463_PeggyAshcroft_57_f
63	PeggyAshcroft	77	AGE77	14478	14477_PeggyAshcroft_77_f
63	PeggyAshcroft	52	AGE52	14461	14460_PeggyAshcroft_52_f
63	PeggyAshcroft	43	AGE43	14457	14456_PeggyAshcroft_43_f
63	PeggyAshcroft	30	AGE30	14453	14452_PeggyAshcroft_30_f
63	PeggyAshcroft	26	AGE26	14450	14449_PeggyAshcroft_26_f
63	PeggyAshcroft	56	AGE56	14483	14482_PeggyAshcroft_56_f
63	PeggyAshcroft	81	AGE81	14484	14483_PeggyAshcroft_81_f
63	PeggyAshcroft	62	AGE62	14466	14465_PeggyAshcroft_62_f
63	PeggyAshcroft	67	AGE67	14469	14468_PeggyAshcroft_67_f
63	PeggyAshcroft	25	AGE25	14449	14448_PeggyAshcroft_25_f
63	PeggyAshcroft	74	AGE74	14474	14473_PeggyAshcroft_74_f
63	PeggyAshcroft	45	AGE45	14459	14458_PeggyAshcroft_45_f
64	MikeConnors	86	AGE86	3635	3634_MikeConnors_86_m
64	MikeConnors	73	AGE73	3623	3622_MikeConnors_73_m
64	MikeConnors	71	AGE71	3622	3621_MikeConnors_71_m
64	MikeConnors	85	AGE85	3634	3633_MikeConnors_85_m
64	MikeConnors	31	AGE31	3598	3597_MikeConnors_31_m
64	MikeConnors	53	AGE53	3614	3613_MikeConnors_53_m
64	MikeConnors	33	AGE33	3600	3599_MikeConnors_33_m
64	MikeConnors	49	AGE49	3612	3611_MikeConnors_49_m
64	MikeConnors	30	AGE30	3636	3635_MikeConnors_30_m
64	MikeConnors	32	AGE32	3599	3598_MikeConnors_32_m
64	MikeConnors	83	AGE83	3632	3631_MikeConnors_83_m
64	MikeConnors	46	AGE46	3609	3608_MikeConnors_46_m
64	MikeConnors	54	AGE54	3615	3614_MikeConnors_54_m
64	MikeConnors	78	AGE78	3628	3627_MikeConnors_78_m
64	MikeConnors	50	AGE50	3613	3612_MikeConnors_50_m
64	MikeConnors	55	AGE55	3616	3615_MikeConnors_55_m
64	MikeConnors	80	AGE80	3629	3628_MikeConnors_80_m
64	MikeConnors	82	AGE82	3631	3630_MikeConnors_82_m
64	MikeConnors	43	AGE43	3606	3605_MikeConnors_43_m
64	MikeConnors	60	AGE60	3618	3617_MikeConnors_60_m
64	MikeConnors	77	AGE77	3627	3626_MikeConnors_77_m
64	MikeConnors	41	AGE41	3604	3603_MikeConnors_41_m
64	MikeConnors	84	AGE84	3633	3632_MikeConnors_84_m
64	MikeConnors	37	AGE37	3602	3601_MikeConnors_37_m
64	MikeConnors	47	AGE47	3610	3609_MikeConnors_47_m
64	MikeConnors	56	AGE56	3617	3616_MikeConnors_56_m
64	MikeConnors	35	AGE35	3601	3600_MikeConnors_35_m
64	MikeConnors	45	AGE45	3608	3607_MikeConnors_45_m
64	MikeConnors	62	AGE62	3619	3618_MikeConnors_62_m
64	MikeConnors	48	AGE48	3611	3610_MikeConnors_48_m
64	MikeConnors	68	AGE68	3620	3619_MikeConnors_68_m
64	MikeConnors	76	AGE76	3626	3625_MikeConnors_76_m
64	MikeConnors	42	AGE42	3605	3604_MikeConnors_42_m
64	MikeConnors	75	AGE75	3625	3624_MikeConnors_75_m
64	MikeConnors	44	AGE44	3607	3606_MikeConnors_44_m
64	MikeConnors	70	AGE70	3621	3620_MikeConnors_70_m
64	MikeConnors	81	AGE81	3630	3629_MikeConnors_81_m
64	MikeConnors	40	AGE40	3603	3602_MikeConnors_40_m
64	MikeConnors	74	AGE74	3624	3623_MikeConnors_74_m
65	JohnForsythe	56	AGE56	8080	8079_JohnForsythe_56_m
65	JohnForsythe	37	AGE37	8067	8066_JohnForsythe_37_m
65	JohnForsythe	70	AGE70	8088	8087_JohnForsythe_70_m
65	JohnForsythe	82	AGE82	8091	8090_JohnForsythe_82_m
65	JohnForsythe	61	AGE61	8081	8080_JohnForsythe_61_m
65	JohnForsythe	50	AGE50	8075	8074_JohnForsythe_50_m
65	JohnForsythe	54	AGE54	8078	8077_JohnForsythe_54_m
65	JohnForsythe	88	AGE88	8092	8091_JohnForsythe_88_m
65	JohnForsythe	64	AGE64	8084	8083_JohnForsythe_64_m
65	JohnForsythe	52	AGE52	8076	8075_JohnForsythe_52_m
65	JohnForsythe	25	AGE25	8065	8064_JohnForsythe_25_m
65	JohnForsythe	74	AGE74	8089	8088_JohnForsythe_74_m
65	JohnForsythe	67	AGE67	8087	8086_JohnForsythe_67_m
65	JohnForsythe	43	AGE43	8070	8069_JohnForsythe_43_m
65	JohnForsythe	41	AGE41	8069	8068_JohnForsythe_41_m
65	JohnForsythe	48	AGE48	8074	8073_JohnForsythe_48_m
65	JohnForsythe	55	AGE55	8079	8078_JohnForsythe_55_m
65	JohnForsythe	34	AGE34	8066	8065_JohnForsythe_34_m
65	JohnForsythe	44	AGE44	8071	8070_JohnForsythe_44_m
65	JohnForsythe	76	AGE76	8090	8089_JohnForsythe_76_m
65	JohnForsythe	66	AGE66	8086	8085_JohnForsythe_66_m
65	JohnForsythe	65	AGE65	8085	8084_JohnForsythe_65_m
65	JohnForsythe	62	AGE62	8082	8081_JohnForsythe_62_m
65	JohnForsythe	53	AGE53	8077	8076_JohnForsythe_53_m
65	JohnForsythe	48	AGE48	8073	8072_JohnForsythe_48_m
65	JohnForsythe	63	AGE63	8083	8082_JohnForsythe_63_m
65	JohnForsythe	46	AGE46	8072	8071_JohnForsythe_46_m
65	JohnForsythe	39	AGE39	8068	8067_JohnForsythe_39_m
66	BruceWillis	45	AGE45	3086	3085_BruceWillis_45_m
66	BruceWillis	35	AGE35	3076	3075_BruceWillis_35_m
66	BruceWillis	44	AGE44	3085	3084_BruceWillis_44_m
66	BruceWillis	30	AGE30	3069	3068_BruceWillis_30_m
66	BruceWillis	53	AGE53	3094	3093_BruceWillis_53_m
66	BruceWillis	50	AGE50	3091	3090_BruceWillis_50_m
66	BruceWillis	55	AGE55	3096	3095_BruceWillis_55_m
66	BruceWillis	49	AGE49	3090	3089_BruceWillis_49_m
66	BruceWillis	31	AGE31	3070	3069_BruceWillis_31_m
66	BruceWillis	51	AGE51	3092	3091_BruceWillis_51_m
66	BruceWillis	57	AGE57	3098	3097_BruceWillis_57_m
66	BruceWillis	47	AGE47	3088	3087_BruceWillis_47_m
66	BruceWillis	37	AGE37	3078	3077_BruceWillis_37_m
66	BruceWillis	33	AGE33	3073	3072_BruceWillis_33_m
66	BruceWillis	39	AGE39	3081	3080_BruceWillis_39_m
66	BruceWillis	42	AGE42	3083	3082_BruceWillis_42_m
66	BruceWillis	32	AGE32	3072	3071_BruceWillis_32_m
66	BruceWillis	29	AGE29	3067	3066_BruceWillis_29_m
66	BruceWillis	43	AGE43	3084	3083_BruceWillis_43_m
66	BruceWillis	46	AGE46	3087	3086_BruceWillis_46_m
66	BruceWillis	29	AGE29	3068	3067_BruceWillis_29_m
66	BruceWillis	34	AGE34	3074	3073_BruceWillis_34_m
66	BruceWillis	56	AGE56	3097	3096_BruceWillis_56_m
66	BruceWillis	54	AGE54	3095	3094_BruceWillis_54_m
66	BruceWillis	38	AGE38	3080	3079_BruceWillis_38_m
66	BruceWillis	35	AGE35	3075	3074_BruceWillis_35_m
66	BruceWillis	52	AGE52	3093	3092_BruceWillis_52_m
66	BruceWillis	40	AGE40	3082	3081_BruceWillis_40_m
66	BruceWillis	31	AGE31	3071	3070_BruceWillis_31_m
66	BruceWillis	38	AGE38	3079	3078_BruceWillis_38_m
66	BruceWillis	36	AGE36	3077	3076_BruceWillis_36_m
66	BruceWillis	48	AGE48	3089	3088_BruceWillis_48_m
67	JamesCaan	33	AGE33	1990	1989_JamesCaan_33_m
67	JamesCaan	24	AGE24	1978	1977_JamesCaan_24_m
67	JamesCaan	56	AGE56	2007	2006_JamesCaan_56_m
67	JamesCaan	60	AGE60	2011	2010_JamesCaan_60_m
67	JamesCaan	48	AGE48	2003	2002_JamesCaan_48_m
67	JamesCaan	39	AGE39	1997	1996_JamesCaan_39_m
67	JamesCaan	50	AGE50	2004	2003_JamesCaan_50_m
67	JamesCaan	67	AGE67	2015	2014_JamesCaan_67_m
67	JamesCaan	32	AGE32	1988	1987_JamesCaan_32_m
67	JamesCaan	41	AGE41	1999	1998_JamesCaan_41_m
67	JamesCaan	35	AGE35	1993	1992_JamesCaan_35_m
67	JamesCaan	34	AGE34	1992	1991_JamesCaan_34_m
67	JamesCaan	27	AGE27	1982	1981_JamesCaan_27_m
67	JamesCaan	29	AGE29	1985	1984_JamesCaan_29_m
67	JamesCaan	70	AGE70	2018	2017_JamesCaan_70_m
67	JamesCaan	41	AGE41	2000	1999_JamesCaan_41_m
67	JamesCaan	28	AGE28	1983	1982_JamesCaan_28_m
67	JamesCaan	47	AGE47	2002	2001_JamesCaan_47_m
67	JamesCaan	55	AGE55	2006	2005_JamesCaan_55_m
67	JamesCaan	72	AGE72	2019	2018_JamesCaan_72_m
67	JamesCaan	38	AGE38	1996	1995_JamesCaan_38_m
67	JamesCaan	30	AGE30	1986	1985_JamesCaan_30_m
67	JamesCaan	68	AGE68	2016	2015_JamesCaan_68_m
67	JamesCaan	60	AGE60	2010	2009_JamesCaan_60_m
67	JamesCaan	42	AGE42	2001	2000_JamesCaan_42_m
67	JamesCaan	40	AGE40	1998	1997_JamesCaan_40_m
67	JamesCaan	58	AGE58	2008	2007_JamesCaan_58_m
67	JamesCaan	62	AGE62	2013	2012_JamesCaan_62_m
67	JamesCaan	51	AGE51	2005	2004_JamesCaan_51_m
67	JamesCaan	37	AGE37	1995	1994_JamesCaan_37_m
67	JamesCaan	59	AGE59	2009	2008_JamesCaan_59_m
67	JamesCaan	73	AGE73	2020	2019_JamesCaan_73_m
67	JamesCaan	25	AGE25	1979	1978_JamesCaan_25_m
67	JamesCaan	33	AGE33	1991	1990_JamesCaan_33_m
67	JamesCaan	27	AGE27	1981	1980_JamesCaan_27_m
67	JamesCaan	69	AGE69	2017	2016_JamesCaan_69_m
67	JamesCaan	63	AGE63	2014	2013_JamesCaan_63_m
67	JamesCaan	32	AGE32	1989	1988_JamesCaan_32_m
67	JamesCaan	61	AGE61	2012	2011_JamesCaan_61_m
67	JamesCaan	31	AGE31	1987	1986_JamesCaan_31_m
67	JamesCaan	26	AGE26	1980	1979_JamesCaan_26_m
67	JamesCaan	28	AGE28	1984	1983_JamesCaan_28_m
67	JamesCaan	36	AGE36	1994	1993_JamesCaan_36_m
68	KevinCostner	50	AGE50	4279	4278_KevinCostner_50_m
68	KevinCostner	52	AGE52	4281	4280_KevinCostner_52_m
68	KevinCostner	55	AGE55	4283	4282_KevinCostner_55_m
68	KevinCostner	24	AGE24	4260	4259_KevinCostner_24_m
68	KevinCostner	51	AGE51	4280	4279_KevinCostner_51_m
68	KevinCostner	32	AGE32	4265	4264_KevinCostner_32_m
68	KevinCostner	36	AGE36	4269	4268_KevinCostner_36_m
68	KevinCostner	37	AGE37	4271	4270_KevinCostner_37_m
68	KevinCostner	48	AGE48	4277	4276_KevinCostner_48_m
68	KevinCostner	36	AGE36	4268	4267_KevinCostner_36_m
68	KevinCostner	44	AGE44	4274	4273_KevinCostner_44_m
68	KevinCostner	37	AGE37	4270	4269_KevinCostner_37_m
68	KevinCostner	57	AGE57	4284	4283_KevinCostner_57_m
68	KevinCostner	28	AGE28	4263	4262_KevinCostner_28_m
68	KevinCostner	48	AGE48	4278	4277_KevinCostner_48_m
68	KevinCostner	35	AGE35	4267	4266_KevinCostner_35_m
68	KevinCostner	58	AGE58	4285	4284_KevinCostner_58_m
68	KevinCostner	32	AGE32	4266	4265_KevinCostner_32_m
68	KevinCostner	59	AGE59	4287	4286_KevinCostner_59_m
68	KevinCostner	27	AGE27	4262	4261_KevinCostner_27_m
68	KevinCostner	39	AGE39	4273	4272_KevinCostner_39_m
68	KevinCostner	25	AGE25	4261	4260_KevinCostner_25_m
68	KevinCostner	38	AGE38	4272	4271_KevinCostner_38_m
68	KevinCostner	47	AGE47	4276	4275_KevinCostner_47_m
68	KevinCostner	45	AGE45	4275	4274_KevinCostner_45_m
68	KevinCostner	31	AGE31	4264	4263_KevinCostner_31_m
68	KevinCostner	59	AGE59	4286	4285_KevinCostner_59_m
68	KevinCostner	53	AGE53	4282	4281_KevinCostner_53_m
69	BrianDennehy	73	AGE73	3973	3972_BrianDennehy_73_m
69	BrianDennehy	46	AGE46	3949	3948_BrianDennehy_46_m
69	BrianDennehy	53	AGE53	3955	3954_BrianDennehy_53_m
69	BrianDennehy	40	AGE40	3943	3942_BrianDennehy_40_m
69	BrianDennehy	65	AGE65	3964	3963_BrianDennehy_65_m
69	BrianDennehy	49	AGE49	3952	3951_BrianDennehy_49_m
69	BrianDennehy	67	AGE67	3967	3966_BrianDennehy_67_m
69	BrianDennehy	63	AGE63	3962	3961_BrianDennehy_63_m
69	BrianDennehy	52	AGE52	3954	3953_BrianDennehy_52_m
69	BrianDennehy	71	AGE71	3971	3970_BrianDennehy_71_m
69	BrianDennehy	68	AGE68	3968	3967_BrianDennehy_68_m
69	BrianDennehy	67	AGE67	3966	3965_BrianDennehy_67_m
69	BrianDennehy	54	AGE54	3956	3955_BrianDennehy_54_m
69	BrianDennehy	56	AGE56	3958	3957_BrianDennehy_56_m
69	BrianDennehy	70	AGE70	3970	3969_BrianDennehy_70_m
69	BrianDennehy	44	AGE44	3947	3946_BrianDennehy_44_m
69	BrianDennehy	62	AGE62	3961	3960_BrianDennehy_62_m
69	BrianDennehy	60	AGE60	3960	3959_BrianDennehy_60_m
69	BrianDennehy	42	AGE42	3945	3944_BrianDennehy_42_m
69	BrianDennehy	43	AGE43	3946	3945_BrianDennehy_43_m
69	BrianDennehy	69	AGE69	3969	3968_BrianDennehy_69_m
69	BrianDennehy	55	AGE55	3957	3956_BrianDennehy_55_m
69	BrianDennehy	48	AGE48	3951	3950_BrianDennehy_48_m
69	BrianDennehy	41	AGE41	3944	3943_BrianDennehy_41_m
69	BrianDennehy	57	AGE57	3959	3958_BrianDennehy_57_m
69	BrianDennehy	45	AGE45	3948	3947_BrianDennehy_45_m
69	BrianDennehy	72	AGE72	3972	3971_BrianDennehy_72_m
69	BrianDennehy	76	AGE76	3974	3973_BrianDennehy_76_m
69	BrianDennehy	66	AGE66	3965	3964_BrianDennehy_66_m
69	BrianDennehy	39	AGE39	3942	3941_BrianDennehy_39_m
69	BrianDennehy	64	AGE64	3963	3962_BrianDennehy_64_m
69	BrianDennehy	50	AGE50	3953	3952_BrianDennehy_50_m
69	BrianDennehy	47	AGE47	3950	3949_BrianDennehy_47_m
70	PamelaSueMartin	62	AGE62	15782	15781_PamelaSueMartin_62_f
70	PamelaSueMartin	27	AGE27	15761	15760_PamelaSueMartin_27_f
70	PamelaSueMartin	26	AGE26	15760	15759_PamelaSueMartin_26_f
70	PamelaSueMartin	33	AGE33	15767	15766_PamelaSueMartin_33_f
70	PamelaSueMartin	29	AGE29	15763	15762_PamelaSueMartin_29_f
70	PamelaSueMartin	20	AGE20	15755	15754_PamelaSueMartin_20_f
70	PamelaSueMartin	28	AGE28	15762	15761_PamelaSueMartin_28_f
70	PamelaSueMartin	36	AGE36	15769	15768_PamelaSueMartin_36_f
70	PamelaSueMartin	32	AGE32	15766	15765_PamelaSueMartin_32_f
70	PamelaSueMartin	19	AGE19	15754	15753_PamelaSueMartin_19_f
70	PamelaSueMartin	34	AGE34	15768	15767_PamelaSueMartin_34_f
70	PamelaSueMartin	58	AGE58	15780	15779_PamelaSueMartin_58_f
70	PamelaSueMartin	49	AGE49	15776	15775_PamelaSueMartin_49_f
70	PamelaSueMartin	24	AGE24	15758	15757_PamelaSueMartin_24_f
70	PamelaSueMartin	31	AGE31	15765	15764_PamelaSueMartin_31_f
70	PamelaSueMartin	45	AGE45	15775	15774_PamelaSueMartin_45_f
70	PamelaSueMartin	17	AGE17	15752	15751_PamelaSueMartin_17_f
70	PamelaSueMartin	42	AGE42	15774	15773_PamelaSueMartin_42_f
70	PamelaSueMartin	38	AGE38	15771	15770_PamelaSueMartin_38_f
70	PamelaSueMartin	37	AGE37	15770	15769_PamelaSueMartin_37_f
70	PamelaSueMartin	22	AGE22	15756	15755_PamelaSueMartin_22_f
70	PamelaSueMartin	39	AGE39	15772	15771_PamelaSueMartin_39_f
70	PamelaSueMartin	30	AGE30	15764	15763_PamelaSueMartin_30_f
70	PamelaSueMartin	23	AGE23	15757	15756_PamelaSueMartin_23_f
70	PamelaSueMartin	54	AGE54	15779	15778_PamelaSueMartin_54_f
70	PamelaSueMartin	52	AGE52	15777	15776_PamelaSueMartin_52_f
70	PamelaSueMartin	59	AGE59	15781	15780_PamelaSueMartin_59_f
70	PamelaSueMartin	53	AGE53	15778	15777_PamelaSueMartin_53_f
70	PamelaSueMartin	18	AGE18	15753	15752_PamelaSueMartin_18_f
70	PamelaSueMartin	40	AGE40	15773	15772_PamelaSueMartin_40_f
70	PamelaSueMartin	25	AGE25	15759	15758_PamelaSueMartin_25_f
71	EvaMarieSaint	31	AGE31	12094	12093_EvaMarieSaint_31_f
71	EvaMarieSaint	88	AGE88	12128	12127_EvaMarieSaint_88_f
71	EvaMarieSaint	87	AGE87	12127	12126_EvaMarieSaint_87_f
71	EvaMarieSaint	89	AGE89	12129	12128_EvaMarieSaint_89_f
71	EvaMarieSaint	83	AGE83	12123	12122_EvaMarieSaint_83_f
71	EvaMarieSaint	90	AGE90	12130	12129_EvaMarieSaint_90_f
71	EvaMarieSaint	77	AGE77	12118	12117_EvaMarieSaint_77_f
71	EvaMarieSaint	37	AGE37	12100	12099_EvaMarieSaint_37_f
71	EvaMarieSaint	41	AGE41	12102	12101_EvaMarieSaint_41_f
71	EvaMarieSaint	58	AGE58	12110	12109_EvaMarieSaint_58_f
71	EvaMarieSaint	68	AGE68	12114	12113_EvaMarieSaint_68_f
71	EvaMarieSaint	53	AGE53	12109	12108_EvaMarieSaint_53_f
71	EvaMarieSaint	29	AGE29	12092	12091_EvaMarieSaint_29_f
71	EvaMarieSaint	81	AGE81	12121	12120_EvaMarieSaint_81_f
71	EvaMarieSaint	84	AGE84	12124	12123_EvaMarieSaint_84_f
71	EvaMarieSaint	79	AGE79	12119	12118_EvaMarieSaint_79_f
71	EvaMarieSaint	44	AGE44	12104	12103_EvaMarieSaint_44_f
71	EvaMarieSaint	32	AGE32	12095	12094_EvaMarieSaint_32_f
71	EvaMarieSaint	23	AGE23	12089	12088_EvaMarieSaint_23_f
71	EvaMarieSaint	30	AGE30	12093	12092_EvaMarieSaint_30_f
71	EvaMarieSaint	73	AGE73	12116	12115_EvaMarieSaint_73_f
71	EvaMarieSaint	28	AGE28	12091	12090_EvaMarieSaint_28_f
71	EvaMarieSaint	46	AGE46	12105	12104_EvaMarieSaint_46_f
71	EvaMarieSaint	82	AGE82	12122	12121_EvaMarieSaint_82_f
71	EvaMarieSaint	34	AGE34	12097	12096_EvaMarieSaint_34_f
71	EvaMarieSaint	66	AGE66	12113	12112_EvaMarieSaint_66_f
71	EvaMarieSaint	36	AGE36	12099	12098_EvaMarieSaint_36_f
71	EvaMarieSaint	85	AGE85	12125	12124_EvaMarieSaint_85_f
71	EvaMarieSaint	63	AGE63	12112	12111_EvaMarieSaint_63_f
71	EvaMarieSaint	71	AGE71	12115	12114_EvaMarieSaint_71_f
71	EvaMarieSaint	33	AGE33	12096	12095_EvaMarieSaint_33_f
71	EvaMarieSaint	80	AGE80	12120	12119_EvaMarieSaint_80_f
71	EvaMarieSaint	62	AGE62	12111	12110_EvaMarieSaint_62_f
71	EvaMarieSaint	26	AGE26	12090	12089_EvaMarieSaint_26_f
71	EvaMarieSaint	86	AGE86	12126	12125_EvaMarieSaint_86_f
71	EvaMarieSaint	35	AGE35	12098	12097_EvaMarieSaint_35_f
71	EvaMarieSaint	40	AGE40	12101	12100_EvaMarieSaint_40_f
71	EvaMarieSaint	42	AGE42	12103	12102_EvaMarieSaint_42_f
71	EvaMarieSaint	48	AGE48	12106	12105_EvaMarieSaint_48_f
71	EvaMarieSaint	50	AGE50	12107	12106_EvaMarieSaint_50_f
71	EvaMarieSaint	52	AGE52	12108	12107_EvaMarieSaint_52_f
71	EvaMarieSaint	76	AGE76	12117	12116_EvaMarieSaint_76_f
72	HenryFonda	36	AGE36	8020	8019_HenryFonda_36_m
72	HenryFonda	33	AGE33	8018	8017_HenryFonda_33_m
72	HenryFonda	45	AGE45	8021	8020_HenryFonda_45_m
72	HenryFonda	51	AGE51	8022	8021_HenryFonda_51_m
72	HenryFonda	67	AGE67	8028	8027_HenryFonda_67_m
72	HenryFonda	55	AGE55	8024	8023_HenryFonda_55_m
72	HenryFonda	40	AGE40	8032	8031_HenryFonda_40_m
72	HenryFonda	35	AGE35	8019	8018_HenryFonda_35_m
72	HenryFonda	63	AGE63	8026	8025_HenryFonda_63_m
72	HenryFonda	63	AGE63	8027	8026_HenryFonda_63_m
72	HenryFonda	52	AGE52	8023	8022_HenryFonda_52_m
72	HenryFonda	58	AGE58	8025	8024_HenryFonda_58_m
72	HenryFonda	73	AGE73	8030	8029_HenryFonda_73_m
72	HenryFonda	72	AGE72	8031	8030_HenryFonda_72_m
72	HenryFonda	68	AGE68	8029	8028_HenryFonda_68_m
73	DyanCannon	25	AGE25	15250	15249_DyanCannon_25_f
73	DyanCannon	70	AGE70	15280	15279_DyanCannon_70_f
73	DyanCannon	40	AGE40	15261	15260_DyanCannon_40_f
73	DyanCannon	68	AGE68	15278	15277_DyanCannon_68_f
73	DyanCannon	63	AGE63	15273	15272_DyanCannon_63_f
73	DyanCannon	45	AGE45	15266	15265_DyanCannon_45_f
73	DyanCannon	31	AGE31	15254	15253_DyanCannon_31_f
73	DyanCannon	22	AGE22	15249	15248_DyanCannon_22_f
73	DyanCannon	32	AGE32	15290	15289_DyanCannon_32_f
73	DyanCannon	20	AGE20	15248	15247_DyanCannon_20_f
73	DyanCannon	72	AGE72	15282	15281_DyanCannon_72_f
73	DyanCannon	71	AGE71	15281	15280_DyanCannon_71_f
73	DyanCannon	46	AGE46	15267	15266_DyanCannon_46_f
73	DyanCannon	32	AGE32	15255	15254_DyanCannon_32_f
73	DyanCannon	65	AGE65	15275	15274_DyanCannon_65_f
73	DyanCannon	55	AGE55	15271	15270_DyanCannon_55_f
73	DyanCannon	35	AGE35	15258	15257_DyanCannon_35_f
73	DyanCannon	43	AGE43	15293	15292_DyanCannon_43_f
73	DyanCannon	30	AGE30	15253	15252_DyanCannon_30_f
73	DyanCannon	58	AGE58	15272	15271_DyanCannon_58_f
73	DyanCannon	41	AGE41	15262	15261_DyanCannon_41_f
73	DyanCannon	31	AGE31	15289	15288_DyanCannon_31_f
73	DyanCannon	67	AGE67	15277	15276_DyanCannon_67_f
73	DyanCannon	29	AGE29	15252	15251_DyanCannon_29_f
73	DyanCannon	38	AGE38	15260	15259_DyanCannon_38_f
73	DyanCannon	66	AGE66	15276	15275_DyanCannon_66_f
73	DyanCannon	69	AGE69	15279	15278_DyanCannon_69_f
73	DyanCannon	28	AGE28	15288	15287_DyanCannon_28_f
73	DyanCannon	40	AGE40	15292	15291_DyanCannon_40_f
73	DyanCannon	43	AGE43	15264	15263_DyanCannon_43_f
73	DyanCannon	73	AGE73	15283	15282_DyanCannon_73_f
73	DyanCannon	76	AGE76	15285	15284_DyanCannon_76_f
73	DyanCannon	45	AGE45	15294	15293_DyanCannon_45_f
73	DyanCannon	34	AGE34	15257	15256_DyanCannon_34_f
73	DyanCannon	51	AGE51	15269	15268_DyanCannon_51_f
73	DyanCannon	42	AGE42	15263	15262_DyanCannon_42_f
73	DyanCannon	26	AGE26	15251	15250_DyanCannon_26_f
73	DyanCannon	48	AGE48	15268	15267_DyanCannon_48_f
73	DyanCannon	34	AGE34	15291	15290_DyanCannon_34_f
73	DyanCannon	75	AGE75	15284	15283_DyanCannon_75_f
73	DyanCannon	33	AGE33	15256	15255_DyanCannon_33_f
73	DyanCannon	36	AGE36	15259	15258_DyanCannon_36_f
73	DyanCannon	64	AGE64	15274	15273_DyanCannon_64_f
73	DyanCannon	44	AGE44	15265	15264_DyanCannon_44_f
73	DyanCannon	78	AGE78	15287	15286_DyanCannon_78_f
73	DyanCannon	53	AGE53	15270	15269_DyanCannon_53_f
73	DyanCannon	77	AGE77	15286	15285_DyanCannon_77_f
74	AnthonyQuayle	76	AGE76	7853	7852_AnthonyQuayle_76_m
74	AnthonyQuayle	52	AGE52	7837	7836_AnthonyQuayle_52_m
74	AnthonyQuayle	22	AGE22	7823	7822_AnthonyQuayle_22_m
74	AnthonyQuayle	53	AGE53	7838	7837_AnthonyQuayle_53_m
74	AnthonyQuayle	39	AGE39	7827	7826_AnthonyQuayle_39_m
74	AnthonyQuayle	57	AGE57	7842	7841_AnthonyQuayle_57_m
74	AnthonyQuayle	58	AGE58	7843	7842_AnthonyQuayle_58_m
74	AnthonyQuayle	42	AGE42	7828	7827_AnthonyQuayle_42_m
74	AnthonyQuayle	75	AGE75	7852	7851_AnthonyQuayle_75_m
74	AnthonyQuayle	66	AGE66	7848	7847_AnthonyQuayle_66_m
74	AnthonyQuayle	56	AGE56	7841	7840_AnthonyQuayle_56_m
74	AnthonyQuayle	32	AGE32	7825	7824_AnthonyQuayle_32_m
74	AnthonyQuayle	70	AGE70	7851	7850_AnthonyQuayle_70_m
74	AnthonyQuayle	69	AGE69	7850	7849_AnthonyQuayle_69_m
74	AnthonyQuayle	49	AGE49	7834	7833_AnthonyQuayle_49_m
74	AnthonyQuayle	47	AGE47	7832	7831_AnthonyQuayle_47_m
74	AnthonyQuayle	44	AGE44	7830	7829_AnthonyQuayle_44_m
74	AnthonyQuayle	48	AGE48	7833	7832_AnthonyQuayle_48_m
74	AnthonyQuayle	35	AGE35	7826	7825_AnthonyQuayle_35_m
74	AnthonyQuayle	43	AGE43	7829	7828_AnthonyQuayle_43_m
74	AnthonyQuayle	61	AGE61	7845	7844_AnthonyQuayle_61_m
74	AnthonyQuayle	54	AGE54	7839	7838_AnthonyQuayle_54_m
74	AnthonyQuayle	51	AGE51	7836	7835_AnthonyQuayle_51_m
74	AnthonyQuayle	67	AGE67	7849	7848_AnthonyQuayle_67_m
74	AnthonyQuayle	50	AGE50	7835	7834_AnthonyQuayle_50_m
74	AnthonyQuayle	60	AGE60	7844	7843_AnthonyQuayle_60_m
74	AnthonyQuayle	64	AGE64	7847	7846_AnthonyQuayle_64_m
74	AnthonyQuayle	46	AGE46	7831	7830_AnthonyQuayle_46_m
74	AnthonyQuayle	25	AGE25	7824	7823_AnthonyQuayle_25_m
74	AnthonyQuayle	63	AGE63	7846	7845_AnthonyQuayle_63_m
74	AnthonyQuayle	55	AGE55	7840	7839_AnthonyQuayle_55_m
75	EllenBurstyn	70	AGE70	10990	10989_EllenBurstyn_70_f
75	EllenBurstyn	69	AGE69	11014	11013_EllenBurstyn_69_f
75	EllenBurstyn	32	AGE32	10993	10992_EllenBurstyn_32_f
75	EllenBurstyn	45	AGE45	10999	10998_EllenBurstyn_45_f
75	EllenBurstyn	64	AGE64	11010	11009_EllenBurstyn_64_f
75	EllenBurstyn	75	AGE75	11017	11016_EllenBurstyn_75_f
75	EllenBurstyn	52	AGE52	11003	11002_EllenBurstyn_52_f
75	EllenBurstyn	33	AGE33	11022	11021_EllenBurstyn_33_f
75	EllenBurstyn	24	AGE24	11024	11023_EllenBurstyn_24_f
75	EllenBurstyn	18	AGE18	10992	10991_EllenBurstyn_18_f
75	EllenBurstyn	38	AGE38	10995	10994_EllenBurstyn_38_f
75	EllenBurstyn	77	AGE77	11019	11018_EllenBurstyn_77_f
75	EllenBurstyn	54	AGE54	11004	11003_EllenBurstyn_54_f
75	EllenBurstyn	63	AGE63	11008	11007_EllenBurstyn_63_f
75	EllenBurstyn	31	AGE31	10991	10990_EllenBurstyn_31_f
75	EllenBurstyn	72	AGE72	11016	11015_EllenBurstyn_72_f
75	EllenBurstyn	61	AGE61	11006	11005_EllenBurstyn_61_f
75	EllenBurstyn	71	AGE71	11023	11022_EllenBurstyn_71_f
75	EllenBurstyn	81	AGE81	11020	11019_EllenBurstyn_81_f
75	EllenBurstyn	41	AGE41	10997	10996_EllenBurstyn_41_f
75	EllenBurstyn	39	AGE39	10996	10995_EllenBurstyn_39_f
75	EllenBurstyn	42	AGE42	10998	10997_EllenBurstyn_42_f
75	EllenBurstyn	49	AGE49	11002	11001_EllenBurstyn_49_f
75	EllenBurstyn	55	AGE55	11005	11004_EllenBurstyn_55_f
75	EllenBurstyn	53	AGE53	11000	10999_EllenBurstyn_53_f
75	EllenBurstyn	37	AGE37	10994	10993_EllenBurstyn_37_f
75	EllenBurstyn	82	AGE82	11021	11020_EllenBurstyn_82_f
75	EllenBurstyn	68	AGE68	11012	11011_EllenBurstyn_68_f
75	EllenBurstyn	66	AGE66	11011	11010_EllenBurstyn_66_f
75	EllenBurstyn	46	AGE46	11001	11000_EllenBurstyn_46_f
75	EllenBurstyn	70	AGE70	11015	11014_EllenBurstyn_70_f
75	EllenBurstyn	64	AGE64	11009	11008_EllenBurstyn_64_f
75	EllenBurstyn	76	AGE76	11018	11017_EllenBurstyn_76_f
75	EllenBurstyn	62	AGE62	11007	11006_EllenBurstyn_62_f
75	EllenBurstyn	68	AGE68	11013	11012_EllenBurstyn_68_f
76	HarveyKeitel	44	AGE44	4190	4189_HarveyKeitel_44_m
76	HarveyKeitel	57	AGE57	4198	4197_HarveyKeitel_57_m
76	HarveyKeitel	50	AGE50	4194	4193_HarveyKeitel_50_m
76	HarveyKeitel	39	AGE39	4187	4186_HarveyKeitel_39_m
76	HarveyKeitel	64	AGE64	4204	4203_HarveyKeitel_64_m
76	HarveyKeitel	43	AGE43	4189	4188_HarveyKeitel_43_m
76	HarveyKeitel	52	AGE52	4196	4195_HarveyKeitel_52_m
76	HarveyKeitel	31	AGE31	4183	4182_HarveyKeitel_31_m
76	HarveyKeitel	48	AGE48	4193	4192_HarveyKeitel_48_m
76	HarveyKeitel	51	AGE51	4195	4194_HarveyKeitel_51_m
76	HarveyKeitel	62	AGE62	4202	4201_HarveyKeitel_62_m
76	HarveyKeitel	67	AGE67	4208	4207_HarveyKeitel_67_m
76	HarveyKeitel	45	AGE45	4191	4190_HarveyKeitel_45_m
76	HarveyKeitel	73	AGE73	4212	4211_HarveyKeitel_73_m
76	HarveyKeitel	41	AGE41	4188	4187_HarveyKeitel_41_m
76	HarveyKeitel	36	AGE36	4184	4183_HarveyKeitel_36_m
76	HarveyKeitel	56	AGE56	4197	4196_HarveyKeitel_56_m
76	HarveyKeitel	61	AGE61	4201	4200_HarveyKeitel_61_m
76	HarveyKeitel	63	AGE63	4203	4202_HarveyKeitel_63_m
76	HarveyKeitel	65	AGE65	4206	4205_HarveyKeitel_65_m
76	HarveyKeitel	39	AGE39	4186	4185_HarveyKeitel_39_m
76	HarveyKeitel	37	AGE37	4185	4184_HarveyKeitel_37_m
76	HarveyKeitel	69	AGE69	4211	4210_HarveyKeitel_69_m
76	HarveyKeitel	68	AGE68	4209	4208_HarveyKeitel_68_m
76	HarveyKeitel	47	AGE47	4192	4191_HarveyKeitel_47_m
76	HarveyKeitel	68	AGE68	4210	4209_HarveyKeitel_68_m
76	HarveyKeitel	65	AGE65	4205	4204_HarveyKeitel_65_m
76	HarveyKeitel	28	AGE28	4181	4180_HarveyKeitel_28_m
76	HarveyKeitel	61	AGE61	4200	4199_HarveyKeitel_61_m
76	HarveyKeitel	58	AGE58	4199	4198_HarveyKeitel_58_m
76	HarveyKeitel	30	AGE30	4182	4181_HarveyKeitel_30_m
76	HarveyKeitel	66	AGE66	4207	4206_HarveyKeitel_66_m
77	RobertRyan	61	AGE61	7580	7579_RobertRyan_61_m
77	RobertRyan	35	AGE35	7564	7563_RobertRyan_35_m
77	RobertRyan	37	AGE37	7566	7565_RobertRyan_37_m
77	RobertRyan	39	AGE39	7568	7567_RobertRyan_39_m
77	RobertRyan	52	AGE52	7584	7583_RobertRyan_52_m
77	RobertRyan	32	AGE32	7562	7561_RobertRyan_32_m
77	RobertRyan	60	AGE60	7579	7578_RobertRyan_60_m
77	RobertRyan	38	AGE38	7567	7566_RobertRyan_38_m
77	RobertRyan	42	AGE42	7576	7575_RobertRyan_42_m
77	RobertRyan	51	AGE51	7577	7576_RobertRyan_51_m
77	RobertRyan	40	AGE40	7569	7568_RobertRyan_40_m
77	RobertRyan	44	AGE44	7571	7570_RobertRyan_44_m
77	RobertRyan	63	AGE63	7575	7574_RobertRyan_63_m
77	RobertRyan	62	AGE62	7581	7580_RobertRyan_62_m
77	RobertRyan	33	AGE33	7563	7562_RobertRyan_33_m
77	RobertRyan	43	AGE43	7570	7569_RobertRyan_43_m
77	RobertRyan	57	AGE57	7578	7577_RobertRyan_57_m
77	RobertRyan	36	AGE36	7565	7564_RobertRyan_36_m
77	RobertRyan	64	AGE64	7582	7581_RobertRyan_64_m
77	RobertRyan	53	AGE53	7573	7572_RobertRyan_53_m
77	RobertRyan	57	AGE57	7574	7573_RobertRyan_57_m
77	RobertRyan	41	AGE41	7583	7582_RobertRyan_41_m
77	RobertRyan	50	AGE50	7572	7571_RobertRyan_50_m
77	RobertRyan	54	AGE54	7585	7584_RobertRyan_54_m
78	JamesBest	55	AGE55	1959	1958_JamesBest_55_m
78	JamesBest	82	AGE82	1972	1971_JamesBest_82_m
78	JamesBest	80	AGE80	1970	1969_JamesBest_80_m
78	JamesBest	37	AGE37	1951	1950_JamesBest_37_m
78	JamesBest	86	AGE86	1975	1974_JamesBest_86_m
78	JamesBest	81	AGE81	1971	1970_JamesBest_81_m
78	JamesBest	34	AGE34	1948	1947_JamesBest_34_m
78	JamesBest	79	AGE79	1969	1968_JamesBest_79_m
78	JamesBest	52	AGE52	1957	1956_JamesBest_52_m
78	JamesBest	26	AGE26	1943	1942_JamesBest_26_m
78	JamesBest	29	AGE29	1944	1943_JamesBest_29_m
78	JamesBest	41	AGE41	1954	1953_JamesBest_41_m
78	JamesBest	68	AGE68	1963	1962_JamesBest_68_m
78	JamesBest	64	AGE64	1962	1961_JamesBest_64_m
78	JamesBest	87	AGE87	1976	1975_JamesBest_87_m
78	JamesBest	74	AGE74	1965	1964_JamesBest_74_m
78	JamesBest	60	AGE60	1961	1960_JamesBest_60_m
78	JamesBest	75	AGE75	1966	1965_JamesBest_75_m
78	JamesBest	39	AGE39	1953	1952_JamesBest_39_m
78	JamesBest	85	AGE85	1974	1973_JamesBest_85_m
78	JamesBest	71	AGE71	1964	1963_JamesBest_71_m
78	JamesBest	24	AGE24	1942	1941_JamesBest_24_m
78	JamesBest	33	AGE33	1947	1946_JamesBest_33_m
78	JamesBest	53	AGE53	1958	1957_JamesBest_53_m
78	JamesBest	44	AGE44	1955	1954_JamesBest_44_m
78	JamesBest	31	AGE31	1945	1944_JamesBest_31_m
78	JamesBest	32	AGE32	1946	1945_JamesBest_32_m
78	JamesBest	76	AGE76	1967	1966_JamesBest_76_m
78	JamesBest	38	AGE38	1952	1951_JamesBest_38_m
78	JamesBest	57	AGE57	1960	1959_JamesBest_57_m
78	JamesBest	78	AGE78	1968	1967_JamesBest_78_m
78	JamesBest	88	AGE88	1977	1976_JamesBest_88_m
78	JamesBest	36	AGE36	1950	1949_JamesBest_36_m
78	JamesBest	84	AGE84	1973	1972_JamesBest_84_m
78	JamesBest	35	AGE35	1949	1948_JamesBest_35_m
78	JamesBest	49	AGE49	1956	1955_JamesBest_49_m
79	JudyDavis	28	AGE28	9850	9849_JudyDavis_28_f
79	JudyDavis	52	AGE52	9838	9837_JudyDavis_52_f
79	JudyDavis	37	AGE37	9830	9829_JudyDavis_37_f
79	JudyDavis	24	AGE24	9824	9823_JudyDavis_24_f
79	JudyDavis	54	AGE54	9839	9838_JudyDavis_54_f
79	JudyDavis	42	AGE42	9833	9832_JudyDavis_42_f
79	JudyDavis	28	AGE28	9847	9846_JudyDavis_28_f
79	JudyDavis	46	AGE46	9835	9834_JudyDavis_46_f
79	JudyDavis	45	AGE45	9845	9844_JudyDavis_45_f
79	JudyDavis	32	AGE32	9827	9826_JudyDavis_32_f
79	JudyDavis	48	AGE48	9837	9836_JudyDavis_48_f
79	JudyDavis	33	AGE33	9844	9843_JudyDavis_33_f
79	JudyDavis	57	AGE57	9840	9839_JudyDavis_57_f
79	JudyDavis	55	AGE55	9842	9841_JudyDavis_55_f
79	JudyDavis	36	AGE36	9829	9828_JudyDavis_36_f
79	JudyDavis	40	AGE40	9849	9848_JudyDavis_40_f
79	JudyDavis	31	AGE31	9826	9825_JudyDavis_31_f
79	JudyDavis	27	AGE27	9825	9824_JudyDavis_27_f
79	JudyDavis	36	AGE36	9828	9827_JudyDavis_36_f
79	JudyDavis	47	AGE47	9836	9835_JudyDavis_47_f
79	JudyDavis	58	AGE58	9841	9840_JudyDavis_58_f
79	JudyDavis	38	AGE38	9846	9845_JudyDavis_38_f
79	JudyDavis	41	AGE41	9832	9831_JudyDavis_41_f
79	JudyDavis	43	AGE43	9834	9833_JudyDavis_43_f
79	JudyDavis	45	AGE45	9843	9842_JudyDavis_45_f
79	JudyDavis	39	AGE39	9831	9830_JudyDavis_39_f
79	JudyDavis	38	AGE38	9848	9847_JudyDavis_38_f
80	KathrynGrayson	46	AGE46	15685	15684_KathrynGrayson_46_f
80	KathrynGrayson	34	AGE34	15679	15678_KathrynGrayson_34_f
80	KathrynGrayson	52	AGE52	15688	15687_KathrynGrayson_52_f
80	KathrynGrayson	75	AGE75	15697	15696_KathrynGrayson_75_f
80	KathrynGrayson	69	AGE69	15694	15693_KathrynGrayson_69_f
80	KathrynGrayson	29	AGE29	15674	15673_KathrynGrayson_29_f
80	KathrynGrayson	73	AGE73	15696	15695_KathrynGrayson_73_f
80	KathrynGrayson	19	AGE19	15664	15663_KathrynGrayson_19_f
80	KathrynGrayson	20	AGE20	15665	15664_KathrynGrayson_20_f
80	KathrynGrayson	31	AGE31	15676	15675_KathrynGrayson_31_f
80	KathrynGrayson	43	AGE43	15683	15682_KathrynGrayson_43_f
80	KathrynGrayson	25	AGE25	15670	15669_KathrynGrayson_25_f
80	KathrynGrayson	40	AGE40	15682	15681_KathrynGrayson_40_f
80	KathrynGrayson	32	AGE32	15677	15676_KathrynGrayson_32_f
80	KathrynGrayson	24	AGE24	15669	15668_KathrynGrayson_24_f
80	KathrynGrayson	28	AGE28	15673	15672_KathrynGrayson_28_f
80	KathrynGrayson	70	AGE70	15695	15694_KathrynGrayson_70_f
80	KathrynGrayson	33	AGE33	15678	15677_KathrynGrayson_33_f
80	KathrynGrayson	47	AGE47	15686	15685_KathrynGrayson_47_f
80	KathrynGrayson	62	AGE62	15691	15690_KathrynGrayson_62_f
80	KathrynGrayson	80	AGE80	15698	15697_KathrynGrayson_80_f
80	KathrynGrayson	35	AGE35	15680	15679_KathrynGrayson_35_f
80	KathrynGrayson	68	AGE68	15693	15692_KathrynGrayson_68_f
80	KathrynGrayson	66	AGE66	15692	15691_KathrynGrayson_66_f
80	KathrynGrayson	38	AGE38	15681	15680_KathrynGrayson_38_f
80	KathrynGrayson	45	AGE45	15684	15683_KathrynGrayson_45_f
80	KathrynGrayson	22	AGE22	15667	15666_KathrynGrayson_22_f
80	KathrynGrayson	81	AGE81	15699	15698_KathrynGrayson_81_f
80	KathrynGrayson	27	AGE27	15672	15671_KathrynGrayson_27_f
80	KathrynGrayson	26	AGE26	15671	15670_KathrynGrayson_26_f
80	KathrynGrayson	51	AGE51	15687	15686_KathrynGrayson_51_f
80	KathrynGrayson	23	AGE23	15668	15667_KathrynGrayson_23_f
80	KathrynGrayson	82	AGE82	15700	15699_KathrynGrayson_82_f
80	KathrynGrayson	58	AGE58	15690	15689_KathrynGrayson_58_f
80	KathrynGrayson	30	AGE30	15675	15674_KathrynGrayson_30_f
80	KathrynGrayson	21	AGE21	15666	15665_KathrynGrayson_21_f
80	KathrynGrayson	53	AGE53	15689	15688_KathrynGrayson_53_f
81	EdwigeFenech	32	AGE32	15305	15304_EdwigeFenech_32_f
81	EdwigeFenech	42	AGE42	15314	15313_EdwigeFenech_42_f
81	EdwigeFenech	23	AGE23	15298	15297_EdwigeFenech_23_f
81	EdwigeFenech	54	AGE54	15322	15321_EdwigeFenech_54_f
81	EdwigeFenech	57	AGE57	15324	15323_EdwigeFenech_57_f
81	EdwigeFenech	28	AGE28	15301	15300_EdwigeFenech_28_f
81	EdwigeFenech	31	AGE31	15304	15303_EdwigeFenech_31_f
81	EdwigeFenech	59	AGE59	15326	15325_EdwigeFenech_59_f
81	EdwigeFenech	30	AGE30	15303	15302_EdwigeFenech_30_f
81	EdwigeFenech	61	AGE61	15328	15327_EdwigeFenech_61_f
81	EdwigeFenech	36	AGE36	15309	15308_EdwigeFenech_36_f
81	EdwigeFenech	64	AGE64	15332	15331_EdwigeFenech_64_f
81	EdwigeFenech	47	AGE47	15317	15316_EdwigeFenech_47_f
81	EdwigeFenech	49	AGE49	15319	15318_EdwigeFenech_49_f
81	EdwigeFenech	27	AGE27	15300	15299_EdwigeFenech_27_f
81	EdwigeFenech	61	AGE61	15329	15328_EdwigeFenech_61_f
81	EdwigeFenech	29	AGE29	15302	15301_EdwigeFenech_29_f
81	EdwigeFenech	60	AGE60	15327	15326_EdwigeFenech_60_f
81	EdwigeFenech	20	AGE20	15295	15294_EdwigeFenech_20_f
81	EdwigeFenech	63	AGE63	15331	15330_EdwigeFenech_63_f
81	EdwigeFenech	44	AGE44	15315	15314_EdwigeFenech_44_f
81	EdwigeFenech	58	AGE58	15325	15324_EdwigeFenech_58_f
81	EdwigeFenech	33	AGE33	15306	15305_EdwigeFenech_33_f
81	EdwigeFenech	21	AGE21	15296	15295_EdwigeFenech_21_f
81	EdwigeFenech	40	AGE40	15312	15311_EdwigeFenech_40_f
81	EdwigeFenech	35	AGE35	15308	15307_EdwigeFenech_35_f
81	EdwigeFenech	39	AGE39	15311	15310_EdwigeFenech_39_f
81	EdwigeFenech	38	AGE38	15310	15309_EdwigeFenech_38_f
81	EdwigeFenech	53	AGE53	15321	15320_EdwigeFenech_53_f
81	EdwigeFenech	48	AGE48	15318	15317_EdwigeFenech_48_f
81	EdwigeFenech	56	AGE56	15323	15322_EdwigeFenech_56_f
81	EdwigeFenech	34	AGE34	15307	15306_EdwigeFenech_34_f
81	EdwigeFenech	41	AGE41	15313	15312_EdwigeFenech_41_f
81	EdwigeFenech	22	AGE22	15297	15296_EdwigeFenech_22_f
81	EdwigeFenech	46	AGE46	15316	15315_EdwigeFenech_46_f
81	EdwigeFenech	51	AGE51	15320	15319_EdwigeFenech_51_f
81	EdwigeFenech	62	AGE62	15330	15329_EdwigeFenech_62_f
81	EdwigeFenech	25	AGE25	15299	15298_EdwigeFenech_25_f
82	MarcelloMastroianni	71	AGE71	9609	9608_MarcelloMastroianni_71_m
82	MarcelloMastroianni	63	AGE63	9602	9601_MarcelloMastroianni_63_m
82	MarcelloMastroianni	34	AGE34	9577	9576_MarcelloMastroianni_34_m
82	MarcelloMastroianni	38	AGE38	9580	9579_MarcelloMastroianni_38_m
82	MarcelloMastroianni	48	AGE48	9590	9589_MarcelloMastroianni_48_m
82	MarcelloMastroianni	16	AGE16	9566	9565_MarcelloMastroianni_16_m
82	MarcelloMastroianni	70	AGE70	9608	9607_MarcelloMastroianni_70_m
82	MarcelloMastroianni	52	AGE52	9593	9592_MarcelloMastroianni_52_m
82	MarcelloMastroianni	62	AGE62	9601	9600_MarcelloMastroianni_62_m
82	MarcelloMastroianni	35	AGE35	9578	9577_MarcelloMastroianni_35_m
82	MarcelloMastroianni	47	AGE47	9589	9588_MarcelloMastroianni_47_m
82	MarcelloMastroianni	61	AGE61	9600	9599_MarcelloMastroianni_61_m
82	MarcelloMastroianni	66	AGE66	9604	9603_MarcelloMastroianni_66_m
82	MarcelloMastroianni	46	AGE46	9587	9586_MarcelloMastroianni_46_m
82	MarcelloMastroianni	33	AGE33	9576	9575_MarcelloMastroianni_33_m
82	MarcelloMastroianni	68	AGE68	9606	9605_MarcelloMastroianni_68_m
82	MarcelloMastroianni	56	AGE56	9596	9595_MarcelloMastroianni_56_m
82	MarcelloMastroianni	49	AGE49	9591	9590_MarcelloMastroianni_49_m
82	MarcelloMastroianni	41	AGE41	9583	9582_MarcelloMastroianni_41_m
82	MarcelloMastroianni	46	AGE46	9588	9587_MarcelloMastroianni_46_m
82	MarcelloMastroianni	67	AGE67	9605	9604_MarcelloMastroianni_67_m
82	MarcelloMastroianni	18	AGE18	9567	9566_MarcelloMastroianni_18_m
82	MarcelloMastroianni	54	AGE54	9595	9594_MarcelloMastroianni_54_m
82	MarcelloMastroianni	42	AGE42	9584	9583_MarcelloMastroianni_42_m
82	MarcelloMastroianni	39	AGE39	9581	9580_MarcelloMastroianni_39_m
82	MarcelloMastroianni	50	AGE50	9592	9591_MarcelloMastroianni_50_m
82	MarcelloMastroianni	30	AGE30	9573	9572_MarcelloMastroianni_30_m
82	MarcelloMastroianni	44	AGE44	9586	9585_MarcelloMastroianni_44_m
82	MarcelloMastroianni	32	AGE32	9575	9574_MarcelloMastroianni_32_m
82	MarcelloMastroianni	65	AGE65	9603	9602_MarcelloMastroianni_65_m
82	MarcelloMastroianni	29	AGE29	9572	9571_MarcelloMastroianni_29_m
82	MarcelloMastroianni	31	AGE31	9574	9573_MarcelloMastroianni_31_m
82	MarcelloMastroianni	28	AGE28	9571	9570_MarcelloMastroianni_28_m
82	MarcelloMastroianni	40	AGE40	9582	9581_MarcelloMastroianni_40_m
82	MarcelloMastroianni	26	AGE26	9569	9568_MarcelloMastroianni_26_m
82	MarcelloMastroianni	59	AGE59	9599	9598_MarcelloMastroianni_59_m
82	MarcelloMastroianni	43	AGE43	9585	9584_MarcelloMastroianni_43_m
82	MarcelloMastroianni	69	AGE69	9607	9606_MarcelloMastroianni_69_m
82	MarcelloMastroianni	57	AGE57	9597	9596_MarcelloMastroianni_57_m
82	MarcelloMastroianni	72	AGE72	9610	9609_MarcelloMastroianni_72_m
82	MarcelloMastroianni	58	AGE58	9598	9597_MarcelloMastroianni_58_m
82	MarcelloMastroianni	27	AGE27	9570	9569_MarcelloMastroianni_27_m
82	MarcelloMastroianni	36	AGE36	9579	9578_MarcelloMastroianni_36_m
82	MarcelloMastroianni	24	AGE24	9568	9567_MarcelloMastroianni_24_m
82	MarcelloMastroianni	53	AGE53	9594	9593_MarcelloMastroianni_53_m
82	MarcelloMastroianni	72	AGE72	9611	9610_MarcelloMastroianni_72_m
83	AlPacino	62	AGE62	1623	1622_AlPacino_62_m
83	AlPacino	70	AGE70	1634	1633_AlPacino_70_m
83	AlPacino	50	AGE50	1633	1632_AlPacino_50_m
83	AlPacino	30	AGE30	1626	1625_AlPacino_30_m
83	AlPacino	48	AGE48	1627	1626_AlPacino_48_m
83	AlPacino	33	AGE33	1635	1634_AlPacino_33_m
83	AlPacino	45	AGE45	1621	1620_AlPacino_45_m
83	AlPacino	47	AGE47	1637	1636_AlPacino_47_m
83	AlPacino	50	AGE50	1629	1628_AlPacino_50_m
83	AlPacino	35	AGE35	1630	1629_AlPacino_35_m
83	AlPacino	70	AGE70	1641	1640_AlPacino_70_m
83	AlPacino	39	AGE39	1632	1631_AlPacino_39_m
83	AlPacino	58	AGE58	1622	1621_AlPacino_58_m
83	AlPacino	48	AGE48	1645	1644_AlPacino_48_m
83	AlPacino	25	AGE25	1636	1635_AlPacino_25_m
83	AlPacino	50	AGE50	1638	1637_AlPacino_50_m
83	AlPacino	65	AGE65	1625	1624_AlPacino_65_m
83	AlPacino	20	AGE20	1619	1618_AlPacino_20_m
83	AlPacino	22	AGE22	1620	1619_AlPacino_22_m
83	AlPacino	18	AGE18	1639	1638_AlPacino_18_m
83	AlPacino	63	AGE63	1640	1639_AlPacino_63_m
83	AlPacino	68	AGE68	1624	1623_AlPacino_68_m
83	AlPacino	45	AGE45	1628	1627_AlPacino_45_m
83	AlPacino	50	AGE50	1644	1643_AlPacino_50_m
83	AlPacino	68	AGE68	1642	1641_AlPacino_68_m
83	AlPacino	28	AGE28	1631	1630_AlPacino_28_m
83	AlPacino	65	AGE65	1643	1642_AlPacino_65_m
84	AngelaLansbury	53	AGE53	11968	11967_AngelaLansbury_53_f
84	AngelaLansbury	22	AGE22	11950	11949_AngelaLansbury_22_f
84	AngelaLansbury	28	AGE28	11955	11954_AngelaLansbury_28_f
84	AngelaLansbury	84	AGE84	11988	11987_AngelaLansbury_84_f
84	AngelaLansbury	29	AGE29	11956	11955_AngelaLansbury_29_f
84	AngelaLansbury	71	AGE71	11981	11980_AngelaLansbury_71_f
84	AngelaLansbury	67	AGE67	11978	11977_AngelaLansbury_67_f
84	AngelaLansbury	82	AGE82	11987	11986_AngelaLansbury_82_f
84	AngelaLansbury	40	AGE40	11962	11961_AngelaLansbury_40_f
84	AngelaLansbury	32	AGE32	11958	11957_AngelaLansbury_32_f
84	AngelaLansbury	80	AGE80	11985	11984_AngelaLansbury_80_f
84	AngelaLansbury	68	AGE68	11979	11978_AngelaLansbury_68_f
84	AngelaLansbury	20	AGE20	11949	11948_AngelaLansbury_20_f
84	AngelaLansbury	25	AGE25	11952	11951_AngelaLansbury_25_f
84	AngelaLansbury	85	AGE85	11989	11988_AngelaLansbury_85_f
84	AngelaLansbury	81	AGE81	11986	11985_AngelaLansbury_81_f
84	AngelaLansbury	50	AGE50	11966	11965_AngelaLansbury_50_f
84	AngelaLansbury	55	AGE55	11969	11968_AngelaLansbury_55_f
84	AngelaLansbury	61	AGE61	11973	11972_AngelaLansbury_61_f
84	AngelaLansbury	65	AGE65	11976	11975_AngelaLansbury_65_f
84	AngelaLansbury	66	AGE66	11977	11976_AngelaLansbury_66_f
84	AngelaLansbury	45	AGE45	11964	11963_AngelaLansbury_45_f
84	AngelaLansbury	63	AGE63	11974	11973_AngelaLansbury_63_f
84	AngelaLansbury	46	AGE46	11965	11964_AngelaLansbury_46_f
84	AngelaLansbury	60	AGE60	11972	11971_AngelaLansbury_60_f
84	AngelaLansbury	19	AGE19	11948	11947_AngelaLansbury_19_f
84	AngelaLansbury	41	AGE41	11963	11962_AngelaLansbury_41_f
84	AngelaLansbury	64	AGE64	11975	11974_AngelaLansbury_64_f
84	AngelaLansbury	51	AGE51	11967	11966_AngelaLansbury_51_f
84	AngelaLansbury	59	AGE59	11971	11970_AngelaLansbury_59_f
84	AngelaLansbury	87	AGE87	11990	11989_AngelaLansbury_87_f
84	AngelaLansbury	27	AGE27	11954	11953_AngelaLansbury_27_f
84	AngelaLansbury	26	AGE26	11953	11952_AngelaLansbury_26_f
84	AngelaLansbury	30	AGE30	11957	11956_AngelaLansbury_30_f
84	AngelaLansbury	23	AGE23	11951	11950_AngelaLansbury_23_f
84	AngelaLansbury	35	AGE35	11960	11959_AngelaLansbury_35_f
84	AngelaLansbury	70	AGE70	11980	11979_AngelaLansbury_70_f
84	AngelaLansbury	75	AGE75	11983	11982_AngelaLansbury_75_f
84	AngelaLansbury	58	AGE58	11970	11969_AngelaLansbury_58_f
84	AngelaLansbury	78	AGE78	11984	11983_AngelaLansbury_78_f
84	AngelaLansbury	37	AGE37	11961	11960_AngelaLansbury_37_f
84	AngelaLansbury	33	AGE33	11959	11958_AngelaLansbury_33_f
84	AngelaLansbury	74	AGE74	11982	11981_AngelaLansbury_74_f
85	JodieFoster	13	AGE13	11086	11085_JodieFoster_13_f
85	JodieFoster	31	AGE31	11099	11098_JodieFoster_31_f
85	JodieFoster	28	AGE28	11096	11095_JodieFoster_28_f
85	JodieFoster	35	AGE35	11103	11102_JodieFoster_35_f
85	JodieFoster	20	AGE20	11091	11090_JodieFoster_20_f
85	JodieFoster	17	AGE17	11089	11088_JodieFoster_17_f
85	JodieFoster	30	AGE30	11098	11097_JodieFoster_30_f
85	JodieFoster	29	AGE29	11097	11096_JodieFoster_29_f
85	JodieFoster	32	AGE32	11100	11099_JodieFoster_32_f
85	JodieFoster	48	AGE48	11112	11111_JodieFoster_48_f
85	JodieFoster	14	AGE14	11087	11086_JodieFoster_14_f
85	JodieFoster	34	AGE34	11102	11101_JodieFoster_34_f
85	JodieFoster	36	AGE36	11104	11103_JodieFoster_36_f
85	JodieFoster	12	AGE12	11085	11084_JodieFoster_12_f
85	JodieFoster	44	AGE44	11108	11107_JodieFoster_44_f
85	JodieFoster	18	AGE18	11090	11089_JodieFoster_18_f
85	JodieFoster	27	AGE27	11095	11094_JodieFoster_27_f
85	JodieFoster	24	AGE24	11093	11092_JodieFoster_24_f
85	JodieFoster	39	AGE39	11105	11104_JodieFoster_39_f
85	JodieFoster	46	AGE46	11110	11109_JodieFoster_46_f
85	JodieFoster	11	AGE11	11084	11083_JodieFoster_11_f
85	JodieFoster	47	AGE47	11111	11110_JodieFoster_47_f
85	JodieFoster	33	AGE33	11101	11100_JodieFoster_33_f
85	JodieFoster	15	AGE15	11088	11087_JodieFoster_15_f
85	JodieFoster	21	AGE21	11092	11091_JodieFoster_21_f
85	JodieFoster	45	AGE45	11109	11108_JodieFoster_45_f
85	JodieFoster	40	AGE40	11106	11105_JodieFoster_40_f
85	JodieFoster	43	AGE43	11107	11106_JodieFoster_43_f
85	JodieFoster	26	AGE26	11094	11093_JodieFoster_26_f
86	MarietteHartley	33	AGE33	10282	10281_MarietteHartley_33_f
86	MarietteHartley	39	AGE39	10287	10286_MarietteHartley_39_f
86	MarietteHartley	28	AGE28	10278	10277_MarietteHartley_28_f
86	MarietteHartley	37	AGE37	10285	10284_MarietteHartley_37_f
86	MarietteHartley	41	AGE41	10288	10287_MarietteHartley_41_f
86	MarietteHartley	31	AGE31	10280	10279_MarietteHartley_31_f
86	MarietteHartley	56	AGE56	10297	10296_MarietteHartley_56_f
86	MarietteHartley	45	AGE45	10292	10291_MarietteHartley_45_f
86	MarietteHartley	49	AGE49	10294	10293_MarietteHartley_49_f
86	MarietteHartley	43	AGE43	10290	10289_MarietteHartley_43_f
86	MarietteHartley	59	AGE59	10298	10297_MarietteHartley_59_f
86	MarietteHartley	62	AGE62	10301	10300_MarietteHartley_62_f
86	MarietteHartley	55	AGE55	10296	10295_MarietteHartley_55_f
86	MarietteHartley	44	AGE44	10291	10290_MarietteHartley_44_f
86	MarietteHartley	67	AGE67	10303	10302_MarietteHartley_67_f
86	MarietteHartley	38	AGE38	10286	10285_MarietteHartley_38_f
86	MarietteHartley	73	AGE73	10304	10303_MarietteHartley_73_f
86	MarietteHartley	53	AGE53	10295	10294_MarietteHartley_53_f
86	MarietteHartley	22	AGE22	10273	10272_MarietteHartley_22_f
86	MarietteHartley	25	AGE25	10277	10276_MarietteHartley_25_f
86	MarietteHartley	60	AGE60	10299	10298_MarietteHartley_60_f
86	MarietteHartley	29	AGE29	10279	10278_MarietteHartley_29_f
86	MarietteHartley	23	AGE23	10275	10274_MarietteHartley_23_f
86	MarietteHartley	42	AGE42	10289	10288_MarietteHartley_42_f
86	MarietteHartley	65	AGE65	10302	10301_MarietteHartley_65_f
86	MarietteHartley	22	AGE22	10274	10273_MarietteHartley_22_f
86	MarietteHartley	21	AGE21	10272	10271_MarietteHartley_21_f
86	MarietteHartley	24	AGE24	10276	10275_MarietteHartley_24_f
86	MarietteHartley	61	AGE61	10300	10299_MarietteHartley_61_f
86	MarietteHartley	47	AGE47	10293	10292_MarietteHartley_47_f
86	MarietteHartley	32	AGE32	10281	10280_MarietteHartley_32_f
86	MarietteHartley	35	AGE35	10284	10283_MarietteHartley_35_f
86	MarietteHartley	34	AGE34	10283	10282_MarietteHartley_34_f
87	JPaulGetty	82	AGE82	389	388_JPaulGetty_82_m
87	JPaulGetty	55	AGE55	393	392_JPaulGetty_55_m
87	JPaulGetty	74	AGE74	396	395_JPaulGetty_74_m
87	JPaulGetty	52	AGE52	391	390_JPaulGetty_52_m
87	JPaulGetty	78	AGE78	390	389_JPaulGetty_78_m
87	JPaulGetty	80	AGE80	395	394_JPaulGetty_80_m
87	JPaulGetty	53	AGE53	392	391_JPaulGetty_53_m
87	JPaulGetty	55	AGE55	394	393_JPaulGetty_55_m
88	StacyKeach	70	AGE70	3833	3832_StacyKeach_70_m
88	StacyKeach	29	AGE29	3800	3799_StacyKeach_29_m
88	StacyKeach	52	AGE52	3817	3816_StacyKeach_52_m
88	StacyKeach	31	AGE31	3802	3801_StacyKeach_31_m
88	StacyKeach	57	AGE57	3822	3821_StacyKeach_57_m
88	StacyKeach	69	AGE69	3832	3831_StacyKeach_69_m
88	StacyKeach	56	AGE56	3821	3820_StacyKeach_56_m
88	StacyKeach	49	AGE49	3816	3815_StacyKeach_49_m
88	StacyKeach	31	AGE31	3803	3802_StacyKeach_31_m
88	StacyKeach	41	AGE41	3810	3809_StacyKeach_41_m
88	StacyKeach	42	AGE42	3811	3810_StacyKeach_42_m
88	StacyKeach	35	AGE35	3806	3805_StacyKeach_35_m
88	StacyKeach	53	AGE53	3818	3817_StacyKeach_53_m
88	StacyKeach	55	AGE55	3820	3819_StacyKeach_55_m
88	StacyKeach	43	AGE43	3812	3811_StacyKeach_43_m
88	StacyKeach	33	AGE33	3805	3804_StacyKeach_33_m
88	StacyKeach	62	AGE62	3826	3825_StacyKeach_62_m
88	StacyKeach	72	AGE72	3835	3834_StacyKeach_72_m
88	StacyKeach	54	AGE54	3819	3818_StacyKeach_54_m
88	StacyKeach	30	AGE30	3801	3800_StacyKeach_30_m
88	StacyKeach	46	AGE46	3814	3813_StacyKeach_46_m
88	StacyKeach	71	AGE71	3834	3833_StacyKeach_71_m
88	StacyKeach	17	AGE17	3798	3797_StacyKeach_17_m
88	StacyKeach	36	AGE36	3807	3806_StacyKeach_36_m
88	StacyKeach	39	AGE39	3809	3808_StacyKeach_39_m
88	StacyKeach	65	AGE65	3828	3827_StacyKeach_65_m
88	StacyKeach	59	AGE59	3823	3822_StacyKeach_59_m
88	StacyKeach	32	AGE32	3804	3803_StacyKeach_32_m
88	StacyKeach	27	AGE27	3799	3798_StacyKeach_27_m
88	StacyKeach	66	AGE66	3829	3828_StacyKeach_66_m
88	StacyKeach	67	AGE67	3830	3829_StacyKeach_67_m
88	StacyKeach	37	AGE37	3808	3807_StacyKeach_37_m
88	StacyKeach	73	AGE73	3836	3835_StacyKeach_73_m
88	StacyKeach	47	AGE47	3815	3814_StacyKeach_47_m
88	StacyKeach	61	AGE61	3825	3824_StacyKeach_61_m
88	StacyKeach	60	AGE60	3824	3823_StacyKeach_60_m
88	StacyKeach	44	AGE44	3813	3812_StacyKeach_44_m
88	StacyKeach	68	AGE68	3831	3830_StacyKeach_68_m
88	StacyKeach	64	AGE64	3827	3826_StacyKeach_64_m
89	PatriciaNeal	59	AGE59	13740	13739_PatriciaNeal_59_f
89	PatriciaNeal	31	AGE31	13723	13722_PatriciaNeal_31_f
89	PatriciaNeal	73	AGE73	13743	13742_PatriciaNeal_73_f
89	PatriciaNeal	75	AGE75	13747	13746_PatriciaNeal_75_f
89	PatriciaNeal	18	AGE18	13718	13717_PatriciaNeal_18_f
89	PatriciaNeal	42	AGE42	13731	13730_PatriciaNeal_42_f
89	PatriciaNeal	25	AGE25	13727	13726_PatriciaNeal_25_f
89	PatriciaNeal	42	AGE42	13733	13732_PatriciaNeal_42_f
89	PatriciaNeal	46	AGE46	13736	13735_PatriciaNeal_46_f
89	PatriciaNeal	63	AGE63	13742	13741_PatriciaNeal_63_f
89	PatriciaNeal	60	AGE60	13754	13753_PatriciaNeal_60_f
89	PatriciaNeal	23	AGE23	13719	13718_PatriciaNeal_23_f
89	PatriciaNeal	52	AGE52	13751	13750_PatriciaNeal_52_f
89	PatriciaNeal	27	AGE27	13724	13723_PatriciaNeal_27_f
89	PatriciaNeal	76	AGE76	13749	13748_PatriciaNeal_76_f
89	PatriciaNeal	28	AGE28	13722	13721_PatriciaNeal_28_f
89	PatriciaNeal	84	AGE84	13745	13744_PatriciaNeal_84_f
89	PatriciaNeal	49	AGE49	13752	13751_PatriciaNeal_49_f
89	PatriciaNeal	34	AGE34	13725	13724_PatriciaNeal_34_f
89	PatriciaNeal	47	AGE47	13737	13736_PatriciaNeal_47_f
89	PatriciaNeal	44	AGE44	13734	13733_PatriciaNeal_44_f
89	PatriciaNeal	26	AGE26	13721	13720_PatriciaNeal_26_f
89	PatriciaNeal	24	AGE24	13748	13747_PatriciaNeal_24_f
89	PatriciaNeal	45	AGE45	13735	13734_PatriciaNeal_45_f
89	PatriciaNeal	24	AGE24	13750	13749_PatriciaNeal_24_f
89	PatriciaNeal	35	AGE35	13728	13727_PatriciaNeal_35_f
89	PatriciaNeal	39	AGE39	13730	13729_PatriciaNeal_39_f
89	PatriciaNeal	24	AGE24	13720	13719_PatriciaNeal_24_f
89	PatriciaNeal	68	AGE68	13746	13745_PatriciaNeal_68_f
89	PatriciaNeal	35	AGE35	13726	13725_PatriciaNeal_35_f
89	PatriciaNeal	37	AGE37	13729	13728_PatriciaNeal_37_f
89	PatriciaNeal	45	AGE45	13753	13752_PatriciaNeal_45_f
89	PatriciaNeal	48	AGE48	13739	13738_PatriciaNeal_48_f
89	PatriciaNeal	23	AGE23	13732	13731_PatriciaNeal_23_f
89	PatriciaNeal	80	AGE80	13744	13743_PatriciaNeal_80_f
89	PatriciaNeal	20	AGE20	13717	13716_PatriciaNeal_20_f
89	PatriciaNeal	62	AGE62	13741	13740_PatriciaNeal_62_f
89	PatriciaNeal	47	AGE47	13738	13737_PatriciaNeal_47_f
90	MichelPiccoli	59	AGE59	4767	4766_MichelPiccoli_59_m
90	MichelPiccoli	41	AGE41	4747	4746_MichelPiccoli_41_m
90	MichelPiccoli	72	AGE72	4777	4776_MichelPiccoli_72_m
90	MichelPiccoli	57	AGE57	4765	4764_MichelPiccoli_57_m
90	MichelPiccoli	70	AGE70	4776	4775_MichelPiccoli_70_m
90	MichelPiccoli	31	AGE31	4734	4733_MichelPiccoli_31_m
90	MichelPiccoli	39	AGE39	4744	4743_MichelPiccoli_39_m
90	MichelPiccoli	81	AGE81	4778	4777_MichelPiccoli_81_m
90	MichelPiccoli	51	AGE51	4758	4757_MichelPiccoli_51_m
90	MichelPiccoli	54	AGE54	4761	4760_MichelPiccoli_54_m
90	MichelPiccoli	60	AGE60	4768	4767_MichelPiccoli_60_m
90	MichelPiccoli	66	AGE66	4774	4773_MichelPiccoli_66_m
90	MichelPiccoli	33	AGE33	4736	4735_MichelPiccoli_33_m
90	MichelPiccoli	44	AGE44	4750	4749_MichelPiccoli_44_m
90	MichelPiccoli	36	AGE36	4739	4738_MichelPiccoli_36_m
90	MichelPiccoli	47	AGE47	4753	4752_MichelPiccoli_47_m
90	MichelPiccoli	42	AGE42	4748	4747_MichelPiccoli_42_m
90	MichelPiccoli	43	AGE43	4749	4748_MichelPiccoli_43_m
90	MichelPiccoli	58	AGE58	4766	4765_MichelPiccoli_58_m
90	MichelPiccoli	55	AGE55	4762	4761_MichelPiccoli_55_m
90	MichelPiccoli	50	AGE50	4757	4756_MichelPiccoli_50_m
90	MichelPiccoli	57	AGE57	4764	4763_MichelPiccoli_57_m
90	MichelPiccoli	38	AGE38	4742	4741_MichelPiccoli_38_m
90	MichelPiccoli	38	AGE38	4741	4740_MichelPiccoli_38_m
90	MichelPiccoli	49	AGE49	4755	4754_MichelPiccoli_49_m
90	MichelPiccoli	41	AGE41	4746	4745_MichelPiccoli_41_m
90	MichelPiccoli	52	AGE52	4759	4758_MichelPiccoli_52_m
90	MichelPiccoli	65	AGE65	4773	4772_MichelPiccoli_65_m
90	MichelPiccoli	83	AGE83	4780	4779_MichelPiccoli_83_m
90	MichelPiccoli	37	AGE37	4740	4739_MichelPiccoli_37_m
90	MichelPiccoli	46	AGE46	4752	4751_MichelPiccoli_46_m
90	MichelPiccoli	40	AGE40	4745	4744_MichelPiccoli_40_m
90	MichelPiccoli	53	AGE53	4760	4759_MichelPiccoli_53_m
90	MichelPiccoli	82	AGE82	4779	4778_MichelPiccoli_82_m
90	MichelPiccoli	62	AGE62	4770	4769_MichelPiccoli_62_m
90	MichelPiccoli	50	AGE50	4756	4755_MichelPiccoli_50_m
90	MichelPiccoli	63	AGE63	4771	4770_MichelPiccoli_63_m
90	MichelPiccoli	35	AGE35	4738	4737_MichelPiccoli_35_m
90	MichelPiccoli	56	AGE56	4763	4762_MichelPiccoli_56_m
90	MichelPiccoli	32	AGE32	4735	4734_MichelPiccoli_32_m
90	MichelPiccoli	30	AGE30	4733	4732_MichelPiccoli_30_m
90	MichelPiccoli	45	AGE45	4751	4750_MichelPiccoli_45_m
90	MichelPiccoli	34	AGE34	4737	4736_MichelPiccoli_34_m
90	MichelPiccoli	86	AGE86	4781	4780_MichelPiccoli_86_m
90	MichelPiccoli	66	AGE66	4775	4774_MichelPiccoli_66_m
90	MichelPiccoli	61	AGE61	4769	4768_MichelPiccoli_61_m
90	MichelPiccoli	48	AGE48	4754	4753_MichelPiccoli_48_m
90	MichelPiccoli	87	AGE87	4783	4782_MichelPiccoli_87_m
90	MichelPiccoli	38	AGE38	4743	4742_MichelPiccoli_38_m
90	MichelPiccoli	64	AGE64	4772	4771_MichelPiccoli_64_m
90	MichelPiccoli	86	AGE86	4782	4781_MichelPiccoli_86_m
91	DickieMoore	81	AGE81	6221	6220_DickieMoore_81_m
91	DickieMoore	21	AGE21	6213	6212_DickieMoore_21_m
91	DickieMoore	78	AGE78	6220	6219_DickieMoore_78_m
91	DickieMoore	61	AGE61	6216	6215_DickieMoore_61_m
91	DickieMoore	80	AGE80	6208	6207_DickieMoore_80_m
91	DickieMoore	15	AGE15	6194	6193_DickieMoore_15_m
91	DickieMoore	66	AGE66	6205	6204_DickieMoore_66_m
91	DickieMoore	57	AGE57	6202	6201_DickieMoore_57_m
91	DickieMoore	75	AGE75	6218	6217_DickieMoore_75_m
91	DickieMoore	22	AGE22	6214	6213_DickieMoore_22_m
91	DickieMoore	62	AGE62	6203	6202_DickieMoore_62_m
91	DickieMoore	73	AGE73	6206	6205_DickieMoore_73_m
91	DickieMoore	77	AGE77	6219	6218_DickieMoore_77_m
91	DickieMoore	79	AGE79	6207	6206_DickieMoore_79_m
91	DickieMoore	24	AGE24	6200	6199_DickieMoore_24_m
91	DickieMoore	9	AGE9	6191	6190_DickieMoore_9_m
91	DickieMoore	85	AGE85	6222	6221_DickieMoore_85_m
91	DickieMoore	19	AGE19	6212	6211_DickieMoore_19_m
91	DickieMoore	23	AGE23	6199	6198_DickieMoore_23_m
91	DickieMoore	11	AGE11	6193	6192_DickieMoore_11_m
91	DickieMoore	84	AGE84	6209	6208_DickieMoore_84_m
91	DickieMoore	27	AGE27	6201	6200_DickieMoore_27_m
91	DickieMoore	87	AGE87	6223	6222_DickieMoore_87_m
91	DickieMoore	88	AGE88	6211	6210_DickieMoore_88_m
91	DickieMoore	16	AGE16	6195	6194_DickieMoore_16_m
91	DickieMoore	64	AGE64	6217	6216_DickieMoore_64_m
91	DickieMoore	7	AGE7	6189	6188_DickieMoore_7_m
91	DickieMoore	63	AGE63	6204	6203_DickieMoore_63_m
91	DickieMoore	20	AGE20	6198	6197_DickieMoore_20_m
91	DickieMoore	17	AGE17	6196	6195_DickieMoore_17_m
91	DickieMoore	59	AGE59	6215	6214_DickieMoore_59_m
91	DickieMoore	86	AGE86	6210	6209_DickieMoore_86_m
91	DickieMoore	10	AGE10	6192	6191_DickieMoore_10_m
91	DickieMoore	18	AGE18	6197	6196_DickieMoore_18_m
91	DickieMoore	8	AGE8	6190	6189_DickieMoore_8_m
92	RogerMoore	51	AGE51	4862	4861_RogerMoore_51_m
92	RogerMoore	46	AGE46	4870	4869_RogerMoore_46_m
92	RogerMoore	40	AGE40	4873	4872_RogerMoore_40_m
92	RogerMoore	28	AGE28	4857	4856_RogerMoore_28_m
92	RogerMoore	51	AGE51	4867	4866_RogerMoore_51_m
92	RogerMoore	32	AGE32	4872	4871_RogerMoore_32_m
92	RogerMoore	67	AGE67	4871	4870_RogerMoore_67_m
92	RogerMoore	51	AGE51	4869	4868_RogerMoore_51_m
92	RogerMoore	85	AGE85	4854	4853_RogerMoore_85_m
92	RogerMoore	42	AGE42	4858	4857_RogerMoore_42_m
92	RogerMoore	70	AGE70	4855	4854_RogerMoore_70_m
92	RogerMoore	81	AGE81	4875	4874_RogerMoore_81_m
92	RogerMoore	46	AGE46	4853	4852_RogerMoore_46_m
92	RogerMoore	39	AGE39	4864	4863_RogerMoore_39_m
92	RogerMoore	47	AGE47	4874	4873_RogerMoore_47_m
92	RogerMoore	46	AGE46	4866	4865_RogerMoore_46_m
92	RogerMoore	33	AGE33	4852	4851_RogerMoore_33_m
92	RogerMoore	35	AGE35	4863	4862_RogerMoore_35_m
92	RogerMoore	50	AGE50	4861	4860_RogerMoore_50_m
92	RogerMoore	40	AGE40	4856	4855_RogerMoore_40_m
92	RogerMoore	75	AGE75	4859	4858_RogerMoore_75_m
92	RogerMoore	43	AGE43	4860	4859_RogerMoore_43_m
92	RogerMoore	42	AGE42	4865	4864_RogerMoore_42_m
92	RogerMoore	84	AGE84	4851	4850_RogerMoore_84_m
92	RogerMoore	52	AGE52	4868	4867_RogerMoore_52_m
93	JonFinch	30	AGE30	5401	5400_JonFinch_30_m
93	JonFinch	61	AGE61	5419	5418_JonFinch_61_m
93	JonFinch	40	AGE40	5411	5410_JonFinch_40_m
93	JonFinch	39	AGE39	5410	5409_JonFinch_39_m
93	JonFinch	36	AGE36	5407	5406_JonFinch_36_m
93	JonFinch	44	AGE44	5413	5412_JonFinch_44_m
93	JonFinch	29	AGE29	5399	5398_JonFinch_29_m
93	JonFinch	34	AGE34	5405	5404_JonFinch_34_m
93	JonFinch	41	AGE41	5412	5411_JonFinch_41_m
93	JonFinch	35	AGE35	5406	5405_JonFinch_35_m
93	JonFinch	52	AGE52	5416	5415_JonFinch_52_m
93	JonFinch	37	AGE37	5408	5407_JonFinch_37_m
93	JonFinch	50	AGE50	5415	5414_JonFinch_50_m
93	JonFinch	47	AGE47	5414	5413_JonFinch_47_m
93	JonFinch	29	AGE29	5400	5399_JonFinch_29_m
93	JonFinch	63	AGE63	5420	5419_JonFinch_63_m
93	JonFinch	54	AGE54	5417	5416_JonFinch_54_m
93	JonFinch	58	AGE58	5418	5417_JonFinch_58_m
93	JonFinch	28	AGE28	5398	5397_JonFinch_28_m
93	JonFinch	33	AGE33	5403	5402_JonFinch_33_m
93	JonFinch	38	AGE38	5409	5408_JonFinch_38_m
93	JonFinch	31	AGE31	5402	5401_JonFinch_31_m
93	JonFinch	34	AGE34	5404	5403_JonFinch_34_m
94	GabrielGarciaMarquez	68	AGE68	1496	1495_GabrielGarciaMarquez_68_m
94	GabrielGarciaMarquez	24	AGE24	1493	1492_GabrielGarciaMarquez_24_m
94	GabrielGarciaMarquez	40	AGE40	1505	1504_GabrielGarciaMarquez_40_m
94	GabrielGarciaMarquez	65	AGE65	1497	1496_GabrielGarciaMarquez_65_m
94	GabrielGarciaMarquez	82	AGE82	1509	1508_GabrielGarciaMarquez_82_m
94	GabrielGarciaMarquez	28	AGE28	1491	1490_GabrielGarciaMarquez_28_m
94	GabrielGarciaMarquez	52	AGE52	1489	1488_GabrielGarciaMarquez_52_m
94	GabrielGarciaMarquez	52	AGE52	1510	1509_GabrielGarciaMarquez_52_m
94	GabrielGarciaMarquez	78	AGE78	1507	1506_GabrielGarciaMarquez_78_m
94	GabrielGarciaMarquez	57	AGE57	1508	1507_GabrielGarciaMarquez_57_m
94	GabrielGarciaMarquez	64	AGE64	1494	1493_GabrielGarciaMarquez_64_m
94	GabrielGarciaMarquez	67	AGE67	1490	1489_GabrielGarciaMarquez_67_m
94	GabrielGarciaMarquez	18	AGE18	1501	1500_GabrielGarciaMarquez_18_m
94	GabrielGarciaMarquez	22	AGE22	1502	1501_GabrielGarciaMarquez_22_m
94	GabrielGarciaMarquez	67	AGE67	1506	1505_GabrielGarciaMarquez_67_m
94	GabrielGarciaMarquez	70	AGE70	1498	1497_GabrielGarciaMarquez_70_m
94	GabrielGarciaMarquez	85	AGE85	1499	1498_GabrielGarciaMarquez_85_m
94	GabrielGarciaMarquez	55	AGE55	1503	1502_GabrielGarciaMarquez_55_m
94	GabrielGarciaMarquez	80	AGE80	1500	1499_GabrielGarciaMarquez_80_m
94	GabrielGarciaMarquez	74	AGE74	1495	1494_GabrielGarciaMarquez_74_m
94	GabrielGarciaMarquez	74	AGE74	1504	1503_GabrielGarciaMarquez_74_m
94	GabrielGarciaMarquez	37	AGE37	1492	1491_GabrielGarciaMarquez_37_m
95	DavidSarnoff	41	AGE41	365	364_DavidSarnoff_41_m
95	DavidSarnoff	38	AGE38	375	374_DavidSarnoff_38_m
95	DavidSarnoff	70	AGE70	388	387_DavidSarnoff_70_m
95	DavidSarnoff	38	AGE38	384	383_DavidSarnoff_38_m
95	DavidSarnoff	34	AGE34	383	382_DavidSarnoff_34_m
95	DavidSarnoff	73	AGE73	369	368_DavidSarnoff_73_m
95	DavidSarnoff	16	AGE16	386	385_DavidSarnoff_16_m
95	DavidSarnoff	53	AGE53	371	370_DavidSarnoff_53_m
95	DavidSarnoff	78	AGE78	385	384_DavidSarnoff_78_m
95	DavidSarnoff	45	AGE45	374	373_DavidSarnoff_45_m
95	DavidSarnoff	76	AGE76	387	386_DavidSarnoff_76_m
95	DavidSarnoff	39	AGE39	373	372_DavidSarnoff_39_m
95	DavidSarnoff	45	AGE45	380	379_DavidSarnoff_45_m
95	DavidSarnoff	75	AGE75	372	371_DavidSarnoff_75_m
95	DavidSarnoff	40	AGE40	376	375_DavidSarnoff_40_m
95	DavidSarnoff	48	AGE48	379	378_DavidSarnoff_48_m
95	DavidSarnoff	43	AGE43	378	377_DavidSarnoff_43_m
95	DavidSarnoff	46	AGE46	377	376_DavidSarnoff_46_m
95	DavidSarnoff	28	AGE28	366	365_DavidSarnoff_28_m
95	DavidSarnoff	33	AGE33	381	380_DavidSarnoff_33_m
95	DavidSarnoff	31	AGE31	382	381_DavidSarnoff_31_m
95	DavidSarnoff	25	AGE25	368	367_DavidSarnoff_25_m
95	DavidSarnoff	57	AGE57	367	366_DavidSarnoff_57_m
95	DavidSarnoff	42	AGE42	370	369_DavidSarnoff_42_m
96	JackColeman	25	AGE25	3294	3293_JackColeman_25_m
96	JackColeman	32	AGE32	3301	3300_JackColeman_32_m
96	JackColeman	55	AGE55	3316	3315_JackColeman_55_m
96	JackColeman	24	AGE24	3293	3292_JackColeman_24_m
96	JackColeman	28	AGE28	3297	3296_JackColeman_28_m
96	JackColeman	38	AGE38	3303	3302_JackColeman_38_m
96	JackColeman	47	AGE47	3308	3307_JackColeman_47_m
96	JackColeman	48	AGE48	3309	3308_JackColeman_48_m
96	JackColeman	54	AGE54	3315	3314_JackColeman_54_m
96	JackColeman	26	AGE26	3295	3294_JackColeman_26_m
96	JackColeman	44	AGE44	3306	3305_JackColeman_44_m
96	JackColeman	35	AGE35	3302	3301_JackColeman_35_m
96	JackColeman	57	AGE57	3318	3317_JackColeman_57_m
96	JackColeman	51	AGE51	3313	3312_JackColeman_51_m
96	JackColeman	49	AGE49	3311	3310_JackColeman_49_m
96	JackColeman	27	AGE27	3296	3295_JackColeman_27_m
96	JackColeman	56	AGE56	3317	3316_JackColeman_56_m
96	JackColeman	42	AGE42	3305	3304_JackColeman_42_m
96	JackColeman	40	AGE40	3304	3303_JackColeman_40_m
96	JackColeman	46	AGE46	3307	3306_JackColeman_46_m
96	JackColeman	23	AGE23	3292	3291_JackColeman_23_m
96	JackColeman	48	AGE48	3310	3309_JackColeman_48_m
96	JackColeman	30	AGE30	3299	3298_JackColeman_30_m
96	JackColeman	29	AGE29	3298	3297_JackColeman_29_m
96	JackColeman	31	AGE31	3300	3299_JackColeman_31_m
96	JackColeman	52	AGE52	3314	3313_JackColeman_52_m
96	JackColeman	50	AGE50	3312	3311_JackColeman_50_m
96	JackColeman	45	AGE45	3319	3318_JackColeman_45_m
97	SerenaWilliams	36	AGE36	16009	16008_SerenaWilliams_36_f
97	SerenaWilliams	24	AGE24	16474	16473_SerenaWilliams_24_f
97	SerenaWilliams	21	AGE21	16473	16472_SerenaWilliams_21_f
97	SerenaWilliams	20	AGE20	16477	16476_SerenaWilliams_20_f
97	SerenaWilliams	19	AGE19	16476	16475_SerenaWilliams_19_f
97	SerenaWilliams	36	AGE36	16008	16007_SerenaWilliams_36_f
97	SerenaWilliams	28	AGE28	16483	16482_SerenaWilliams_28_f
97	SerenaWilliams	29	AGE29	16472	16471_SerenaWilliams_29_f
97	SerenaWilliams	32	AGE32	16487	16486_SerenaWilliams_32_f
97	SerenaWilliams	32	AGE32	16469	16468_SerenaWilliams_32_f
97	SerenaWilliams	31	AGE31	16485	16484_SerenaWilliams_31_f
97	SerenaWilliams	23	AGE23	16478	16477_SerenaWilliams_23_f
97	SerenaWilliams	18	AGE18	16475	16474_SerenaWilliams_18_f
97	SerenaWilliams	35	AGE35	16471	16470_SerenaWilliams_35_f
97	SerenaWilliams	32	AGE32	16486	16485_SerenaWilliams_32_f
97	SerenaWilliams	24	AGE24	16479	16478_SerenaWilliams_24_f
97	SerenaWilliams	27	AGE27	16482	16481_SerenaWilliams_27_f
97	SerenaWilliams	26	AGE26	16481	16480_SerenaWilliams_26_f
97	SerenaWilliams	25	AGE25	16480	16479_SerenaWilliams_25_f
97	SerenaWilliams	30	AGE30	16484	16483_SerenaWilliams_30_f
97	SerenaWilliams	35	AGE35	16010	16009_SerenaWilliams_35_f
97	SerenaWilliams	33	AGE33	16488	16487_SerenaWilliams_33_f
97	SerenaWilliams	31	AGE31	16470	16469_SerenaWilliams_31_f
97	SerenaWilliams	34	AGE34	16011	16010_SerenaWilliams_34_f
98	RichardChamberlain	33	AGE33	8273	8272_RichardChamberlain_33_m
98	RichardChamberlain	66	AGE66	8297	8296_RichardChamberlain_66_m
98	RichardChamberlain	29	AGE29	8272	8271_RichardChamberlain_29_m
98	RichardChamberlain	31	AGE31	8276	8275_RichardChamberlain_31_m
98	RichardChamberlain	48	AGE48	8288	8287_RichardChamberlain_48_m
98	RichardChamberlain	41	AGE41	8282	8281_RichardChamberlain_41_m
98	RichardChamberlain	36	AGE36	8278	8277_RichardChamberlain_36_m
98	RichardChamberlain	73	AGE73	8301	8300_RichardChamberlain_73_m
98	RichardChamberlain	52	AGE52	8289	8288_RichardChamberlain_52_m
98	RichardChamberlain	47	AGE47	8287	8286_RichardChamberlain_47_m
98	RichardChamberlain	30	AGE30	8275	8274_RichardChamberlain_30_m
98	RichardChamberlain	61	AGE61	8294	8293_RichardChamberlain_61_m
98	RichardChamberlain	54	AGE54	8290	8289_RichardChamberlain_54_m
98	RichardChamberlain	27	AGE27	8270	8269_RichardChamberlain_27_m
98	RichardChamberlain	78	AGE78	8303	8302_RichardChamberlain_78_m
98	RichardChamberlain	34	AGE34	8277	8276_RichardChamberlain_34_m
98	RichardChamberlain	79	AGE79	8304	8303_RichardChamberlain_79_m
98	RichardChamberlain	56	AGE56	8292	8291_RichardChamberlain_56_m
98	RichardChamberlain	68	AGE68	8298	8297_RichardChamberlain_68_m
98	RichardChamberlain	28	AGE28	8271	8270_RichardChamberlain_28_m
98	RichardChamberlain	65	AGE65	8296	8295_RichardChamberlain_65_m
98	RichardChamberlain	39	AGE39	8280	8279_RichardChamberlain_39_m
98	RichardChamberlain	46	AGE46	8286	8285_RichardChamberlain_46_m
98	RichardChamberlain	80	AGE80	8305	8304_RichardChamberlain_80_m
98	RichardChamberlain	43	AGE43	8283	8282_RichardChamberlain_43_m
98	RichardChamberlain	26	AGE26	8269	8268_RichardChamberlain_26_m
98	RichardChamberlain	45	AGE45	8285	8284_RichardChamberlain_45_m
98	RichardChamberlain	76	AGE76	8302	8301_RichardChamberlain_76_m
98	RichardChamberlain	40	AGE40	8281	8280_RichardChamberlain_40_m
98	RichardChamberlain	71	AGE71	8299	8298_RichardChamberlain_71_m
98	RichardChamberlain	63	AGE63	8295	8294_RichardChamberlain_63_m
98	RichardChamberlain	57	AGE57	8293	8292_RichardChamberlain_57_m
98	RichardChamberlain	72	AGE72	8300	8299_RichardChamberlain_72_m
98	RichardChamberlain	44	AGE44	8284	8283_RichardChamberlain_44_m
98	RichardChamberlain	55	AGE55	8291	8290_RichardChamberlain_55_m
98	RichardChamberlain	35	AGE35	8274	8273_RichardChamberlain_35_m
98	RichardChamberlain	38	AGE38	8279	8278_RichardChamberlain_38_m
99	YvonneDeCarlo	26	AGE26	14605	14604_YvonneDeCarlo_26_f
99	YvonneDeCarlo	57	AGE57	14620	14619_YvonneDeCarlo_57_f
99	YvonneDeCarlo	47	AGE47	14614	14613_YvonneDeCarlo_47_f
99	YvonneDeCarlo	78	AGE78	14626	14625_YvonneDeCarlo_78_f
99	YvonneDeCarlo	60	AGE60	14621	14620_YvonneDeCarlo_60_f
99	YvonneDeCarlo	36	AGE36	14610	14609_YvonneDeCarlo_36_f
99	YvonneDeCarlo	52	AGE52	14617	14616_YvonneDeCarlo_52_f
99	YvonneDeCarlo	35	AGE35	14609	14608_YvonneDeCarlo_35_f
99	YvonneDeCarlo	54	AGE54	14618	14617_YvonneDeCarlo_54_f
99	YvonneDeCarlo	34	AGE34	14608	14607_YvonneDeCarlo_34_f
99	YvonneDeCarlo	56	AGE56	14619	14618_YvonneDeCarlo_56_f
99	YvonneDeCarlo	32	AGE32	14607	14606_YvonneDeCarlo_32_f
99	YvonneDeCarlo	19	AGE19	14603	14602_YvonneDeCarlo_19_f
99	YvonneDeCarlo	38	AGE38	14611	14610_YvonneDeCarlo_38_f
99	YvonneDeCarlo	68	AGE68	14624	14623_YvonneDeCarlo_68_f
99	YvonneDeCarlo	40	AGE40	14612	14611_YvonneDeCarlo_40_f
99	YvonneDeCarlo	46	AGE46	14613	14612_YvonneDeCarlo_46_f
99	YvonneDeCarlo	64	AGE64	14622	14621_YvonneDeCarlo_64_f
99	YvonneDeCarlo	48	AGE48	14615	14614_YvonneDeCarlo_48_f
99	YvonneDeCarlo	27	AGE27	14606	14605_YvonneDeCarlo_27_f
99	YvonneDeCarlo	50	AGE50	14616	14615_YvonneDeCarlo_50_f
99	YvonneDeCarlo	66	AGE66	14623	14622_YvonneDeCarlo_66_f
99	YvonneDeCarlo	72	AGE72	14625	14624_YvonneDeCarlo_72_f
99	YvonneDeCarlo	21	AGE21	14604	14603_YvonneDeCarlo_21_f
100	LyleTalbot	33	AGE33	7375	7374_LyleTalbot_33_m
100	LyleTalbot	60	AGE60	7392	7391_LyleTalbot_60_m
100	LyleTalbot	41	AGE41	7380	7379_LyleTalbot_41_m
100	LyleTalbot	34	AGE34	7376	7375_LyleTalbot_34_m
100	LyleTalbot	35	AGE35	7377	7376_LyleTalbot_35_m
100	LyleTalbot	28	AGE28	7370	7369_LyleTalbot_28_m
100	LyleTalbot	46	AGE46	7381	7380_LyleTalbot_46_m
100	LyleTalbot	36	AGE36	7378	7377_LyleTalbot_36_m
100	LyleTalbot	83	AGE83	7397	7396_LyleTalbot_83_m
100	LyleTalbot	29	AGE29	7371	7370_LyleTalbot_29_m
100	LyleTalbot	51	AGE51	7384	7383_LyleTalbot_51_m
100	LyleTalbot	55	AGE55	7387	7386_LyleTalbot_55_m
100	LyleTalbot	61	AGE61	7393	7392_LyleTalbot_61_m
100	LyleTalbot	47	AGE47	7382	7381_LyleTalbot_47_m
100	LyleTalbot	54	AGE54	7386	7385_LyleTalbot_54_m
100	LyleTalbot	81	AGE81	7400	7399_LyleTalbot_81_m
100	LyleTalbot	66	AGE66	7394	7393_LyleTalbot_66_m
100	LyleTalbot	57	AGE57	7389	7388_LyleTalbot_57_m
100	LyleTalbot	38	AGE38	7379	7378_LyleTalbot_38_m
100	LyleTalbot	30	AGE30	7372	7371_LyleTalbot_30_m
100	LyleTalbot	72	AGE72	7395	7394_LyleTalbot_72_m
100	LyleTalbot	88	AGE88	7398	7397_LyleTalbot_88_m
100	LyleTalbot	92	AGE92	7399	7398_LyleTalbot_92_m
100	LyleTalbot	31	AGE31	7373	7372_LyleTalbot_31_m
100	LyleTalbot	56	AGE56	7388	7387_LyleTalbot_56_m
100	LyleTalbot	77	AGE77	7396	7395_LyleTalbot_77_m
100	LyleTalbot	58	AGE58	7390	7389_LyleTalbot_58_m
100	LyleTalbot	53	AGE53	7385	7384_LyleTalbot_53_m
100	LyleTalbot	49	AGE49	7383	7382_LyleTalbot_49_m
100	LyleTalbot	26	AGE26	7368	7367_LyleTalbot_26_m
100	LyleTalbot	59	AGE59	7391	7390_LyleTalbot_59_m
100	LyleTalbot	32	AGE32	7374	7373_LyleTalbot_32_m
100	LyleTalbot	27	AGE27	7369	7368_LyleTalbot_27_m
101	EdwardTeller	68	AGE68	1036	1035_EdwardTeller_68_m
101	EdwardTeller	30	AGE30	1037	1036_EdwardTeller_30_m
101	EdwardTeller	91	AGE91	1040	1039_EdwardTeller_91_m
101	EdwardTeller	52	AGE52	1052	1051_EdwardTeller_52_m
101	EdwardTeller	17	AGE17	1042	1041_EdwardTeller_17_m
101	EdwardTeller	87	AGE87	1044	1043_EdwardTeller_87_m
101	EdwardTeller	50	AGE50	1039	1038_EdwardTeller_50_m
101	EdwardTeller	35	AGE35	1038	1037_EdwardTeller_35_m
101	EdwardTeller	27	AGE27	1048	1047_EdwardTeller_27_m
101	EdwardTeller	93	AGE93	1041	1040_EdwardTeller_93_m
101	EdwardTeller	81	AGE81	1045	1044_EdwardTeller_81_m
101	EdwardTeller	27	AGE27	1035	1034_EdwardTeller_27_m
101	EdwardTeller	48	AGE48	1047	1046_EdwardTeller_48_m
101	EdwardTeller	72	AGE72	1034	1033_EdwardTeller_72_m
101	EdwardTeller	28	AGE28	1049	1048_EdwardTeller_28_m
101	EdwardTeller	49	AGE49	1046	1045_EdwardTeller_49_m
101	EdwardTeller	43	AGE43	1050	1049_EdwardTeller_43_m
101	EdwardTeller	40	AGE40	1053	1052_EdwardTeller_40_m
101	EdwardTeller	53	AGE53	1051	1050_EdwardTeller_53_m
101	EdwardTeller	45	AGE45	1054	1053_EdwardTeller_45_m
101	EdwardTeller	54	AGE54	1043	1042_EdwardTeller_54_m
102	WalterPidgeon	38	AGE38	8433	8432_WalterPidgeon_38_m
102	WalterPidgeon	50	AGE50	8445	8444_WalterPidgeon_50_m
102	WalterPidgeon	58	AGE58	8452	8451_WalterPidgeon_58_m
102	WalterPidgeon	76	AGE76	8460	8459_WalterPidgeon_76_m
102	WalterPidgeon	51	AGE51	8446	8445_WalterPidgeon_51_m
102	WalterPidgeon	40	AGE40	8435	8434_WalterPidgeon_40_m
102	WalterPidgeon	48	AGE48	8443	8442_WalterPidgeon_48_m
102	WalterPidgeon	54	AGE54	8449	8448_WalterPidgeon_54_m
102	WalterPidgeon	56	AGE56	8450	8449_WalterPidgeon_56_m
102	WalterPidgeon	45	AGE45	8440	8439_WalterPidgeon_45_m
102	WalterPidgeon	44	AGE44	8439	8438_WalterPidgeon_44_m
102	WalterPidgeon	46	AGE46	8441	8440_WalterPidgeon_46_m
102	WalterPidgeon	53	AGE53	8448	8447_WalterPidgeon_53_m
102	WalterPidgeon	41	AGE41	8436	8435_WalterPidgeon_41_m
102	WalterPidgeon	43	AGE43	8438	8437_WalterPidgeon_43_m
102	WalterPidgeon	73	AGE73	8459	8458_WalterPidgeon_73_m
102	WalterPidgeon	66	AGE66	8456	8455_WalterPidgeon_66_m
102	WalterPidgeon	79	AGE79	8461	8460_WalterPidgeon_79_m
102	WalterPidgeon	49	AGE49	8444	8443_WalterPidgeon_49_m
102	WalterPidgeon	39	AGE39	8434	8433_WalterPidgeon_39_m
102	WalterPidgeon	62	AGE62	8454	8453_WalterPidgeon_62_m
102	WalterPidgeon	42	AGE42	8437	8436_WalterPidgeon_42_m
102	WalterPidgeon	64	AGE64	8455	8454_WalterPidgeon_64_m
102	WalterPidgeon	59	AGE59	8453	8452_WalterPidgeon_59_m
102	WalterPidgeon	71	AGE71	8458	8457_WalterPidgeon_71_m
102	WalterPidgeon	57	AGE57	8451	8450_WalterPidgeon_57_m
102	WalterPidgeon	52	AGE52	8447	8446_WalterPidgeon_52_m
102	WalterPidgeon	68	AGE68	8457	8456_WalterPidgeon_68_m
102	WalterPidgeon	47	AGE47	8442	8441_WalterPidgeon_47_m
103	Houston	23	AGE23	16386	16385_Houston_23_f
103	Houston	47	AGE47	16382	16381_Houston_47_f
103	Houston	23	AGE23	16385	16384_Houston_23_f
103	Houston	23	AGE23	16374	16373_Houston_23_f
103	Houston	35	AGE35	16394	16393_Houston_35_f
103	Houston	25	AGE25	16371	16370_Houston_25_f
103	Houston	19	AGE19	16383	16382_Houston_19_f
103	Houston	22	AGE22	16384	16383_Houston_22_f
103	Houston	31	AGE31	16392	16391_Houston_31_f
103	Houston	27	AGE27	16390	16389_Houston_27_f
103	Houston	47	AGE47	16380	16379_Houston_47_f
103	Houston	23	AGE23	16397	16396_Houston_23_f
103	Houston	25	AGE25	16389	16388_Houston_25_f
103	Houston	30	AGE30	16373	16372_Houston_30_f
103	Houston	37	AGE37	16395	16394_Houston_37_f
103	Houston	41	AGE41	16396	16395_Houston_41_f
103	Houston	28	AGE28	16391	16390_Houston_28_f
103	Houston	47	AGE47	16379	16378_Houston_47_f
103	Houston	47	AGE47	16375	16374_Houston_47_f
103	Houston	23	AGE23	16387	16386_Houston_23_f
103	Houston	46	AGE46	16377	16376_Houston_46_f
103	Houston	25	AGE25	16372	16371_Houston_25_f
103	Houston	46	AGE46	16376	16375_Houston_46_f
103	Houston	24	AGE24	16388	16387_Houston_24_f
103	Houston	25	AGE25	16378	16377_Houston_25_f
103	Houston	47	AGE47	16381	16380_Houston_47_f
103	Houston	32	AGE32	16393	16392_Houston_32_f
104	VanessaRedgrave	43	AGE43	13813	13812_VanessaRedgrave_43_f
104	VanessaRedgrave	74	AGE74	13839	13838_VanessaRedgrave_74_f
104	VanessaRedgrave	64	AGE64	13829	13828_VanessaRedgrave_64_f
104	VanessaRedgrave	66	AGE66	13831	13830_VanessaRedgrave_66_f
104	VanessaRedgrave	41	AGE41	13811	13810_VanessaRedgrave_41_f
104	VanessaRedgrave	54	AGE54	13820	13819_VanessaRedgrave_54_f
104	VanessaRedgrave	47	AGE47	13815	13814_VanessaRedgrave_47_f
104	VanessaRedgrave	47	AGE47	13814	13813_VanessaRedgrave_47_f
104	VanessaRedgrave	38	AGE38	13808	13807_VanessaRedgrave_38_f
104	VanessaRedgrave	77	AGE77	13842	13841_VanessaRedgrave_77_f
104	VanessaRedgrave	67	AGE67	13832	13831_VanessaRedgrave_67_f
104	VanessaRedgrave	59	AGE59	13823	13822_VanessaRedgrave_59_f
104	VanessaRedgrave	33	AGE33	13806	13805_VanessaRedgrave_33_f
104	VanessaRedgrave	76	AGE76	13841	13840_VanessaRedgrave_76_f
104	VanessaRedgrave	52	AGE52	13819	13818_VanessaRedgrave_52_f
104	VanessaRedgrave	39	AGE39	13809	13808_VanessaRedgrave_39_f
104	VanessaRedgrave	61	AGE61	13825	13824_VanessaRedgrave_61_f
104	VanessaRedgrave	30	AGE30	13805	13804_VanessaRedgrave_30_f
104	VanessaRedgrave	37	AGE37	13807	13806_VanessaRedgrave_37_f
104	VanessaRedgrave	68	AGE68	13833	13832_VanessaRedgrave_68_f
104	VanessaRedgrave	42	AGE42	13812	13811_VanessaRedgrave_42_f
104	VanessaRedgrave	21	AGE21	13803	13802_VanessaRedgrave_21_f
104	VanessaRedgrave	69	AGE69	13834	13833_VanessaRedgrave_69_f
104	VanessaRedgrave	61	AGE61	13826	13825_VanessaRedgrave_61_f
104	VanessaRedgrave	29	AGE29	13804	13803_VanessaRedgrave_29_f
104	VanessaRedgrave	60	AGE60	13824	13823_VanessaRedgrave_60_f
104	VanessaRedgrave	48	AGE48	13816	13815_VanessaRedgrave_48_f
104	VanessaRedgrave	40	AGE40	13810	13809_VanessaRedgrave_40_f
104	VanessaRedgrave	49	AGE49	13817	13816_VanessaRedgrave_49_f
104	VanessaRedgrave	58	AGE58	13822	13821_VanessaRedgrave_58_f
104	VanessaRedgrave	56	AGE56	13821	13820_VanessaRedgrave_56_f
104	VanessaRedgrave	72	AGE72	13837	13836_VanessaRedgrave_72_f
104	VanessaRedgrave	65	AGE65	13830	13829_VanessaRedgrave_65_f
104	VanessaRedgrave	63	AGE63	13828	13827_VanessaRedgrave_63_f
104	VanessaRedgrave	75	AGE75	13840	13839_VanessaRedgrave_75_f
104	VanessaRedgrave	62	AGE62	13827	13826_VanessaRedgrave_62_f
104	VanessaRedgrave	70	AGE70	13835	13834_VanessaRedgrave_70_f
104	VanessaRedgrave	51	AGE51	13818	13817_VanessaRedgrave_51_f
104	VanessaRedgrave	73	AGE73	13838	13837_VanessaRedgrave_73_f
104	VanessaRedgrave	71	AGE71	13836	13835_VanessaRedgrave_71_f
105	KatharineRoss	32	AGE32	15635	15634_KatharineRoss_32_f
105	KatharineRoss	67	AGE67	15658	15657_KatharineRoss_67_f
105	KatharineRoss	38	AGE38	15641	15640_KatharineRoss_38_f
105	KatharineRoss	61	AGE61	15654	15653_KatharineRoss_61_f
105	KatharineRoss	64	AGE64	15656	15655_KatharineRoss_64_f
105	KatharineRoss	47	AGE47	15648	15647_KatharineRoss_47_f
105	KatharineRoss	59	AGE59	15653	15652_KatharineRoss_59_f
105	KatharineRoss	48	AGE48	15649	15648_KatharineRoss_48_f
105	KatharineRoss	27	AGE27	15631	15630_KatharineRoss_27_f
105	KatharineRoss	41	AGE41	15644	15643_KatharineRoss_41_f
105	KatharineRoss	28	AGE28	15632	15631_KatharineRoss_28_f
105	KatharineRoss	73	AGE73	15663	15662_KatharineRoss_73_f
105	KatharineRoss	23	AGE23	15627	15626_KatharineRoss_23_f
105	KatharineRoss	70	AGE70	15660	15659_KatharineRoss_70_f
105	KatharineRoss	53	AGE53	15651	15650_KatharineRoss_53_f
105	KatharineRoss	26	AGE26	15630	15629_KatharineRoss_26_f
105	KatharineRoss	29	AGE29	15633	15632_KatharineRoss_29_f
105	KatharineRoss	36	AGE36	15639	15638_KatharineRoss_36_f
105	KatharineRoss	68	AGE68	15659	15658_KatharineRoss_68_f
105	KatharineRoss	37	AGE37	15640	15639_KatharineRoss_37_f
105	KatharineRoss	22	AGE22	15626	15625_KatharineRoss_22_f
105	KatharineRoss	42	AGE42	15645	15644_KatharineRoss_42_f
105	KatharineRoss	33	AGE33	15636	15635_KatharineRoss_33_f
105	KatharineRoss	72	AGE72	15662	15661_KatharineRoss_72_f
105	KatharineRoss	30	AGE30	15634	15633_KatharineRoss_30_f
105	KatharineRoss	24	AGE24	15628	15627_KatharineRoss_24_f
105	KatharineRoss	46	AGE46	15647	15646_KatharineRoss_46_f
105	KatharineRoss	40	AGE40	15643	15642_KatharineRoss_40_f
105	KatharineRoss	66	AGE66	15657	15656_KatharineRoss_66_f
105	KatharineRoss	55	AGE55	15652	15651_KatharineRoss_55_f
105	KatharineRoss	71	AGE71	15661	15660_KatharineRoss_71_f
105	KatharineRoss	44	AGE44	15646	15645_KatharineRoss_44_f
105	KatharineRoss	39	AGE39	15642	15641_KatharineRoss_39_f
105	KatharineRoss	62	AGE62	15655	15654_KatharineRoss_62_f
105	KatharineRoss	35	AGE35	15638	15637_KatharineRoss_35_f
105	KatharineRoss	25	AGE25	15629	15628_KatharineRoss_25_f
105	KatharineRoss	34	AGE34	15637	15636_KatharineRoss_34_f
105	KatharineRoss	51	AGE51	15650	15649_KatharineRoss_51_f
106	SteveMartin	65	AGE65	3881	3880_SteveMartin_65_m
106	SteveMartin	33	AGE33	3870	3869_SteveMartin_33_m
106	SteveMartin	35	AGE35	3866	3865_SteveMartin_35_m
106	SteveMartin	51	AGE51	3874	3873_SteveMartin_51_m
106	SteveMartin	30	AGE30	3867	3866_SteveMartin_30_m
106	SteveMartin	61	AGE61	3877	3876_SteveMartin_61_m
106	SteveMartin	67	AGE67	3883	3882_SteveMartin_67_m
106	SteveMartin	63	AGE63	3879	3878_SteveMartin_63_m
106	SteveMartin	53	AGE53	3885	3884_SteveMartin_53_m
106	SteveMartin	64	AGE64	3880	3879_SteveMartin_64_m
106	SteveMartin	40	AGE40	3871	3870_SteveMartin_40_m
106	SteveMartin	66	AGE66	3882	3881_SteveMartin_66_m
106	SteveMartin	57	AGE57	3875	3874_SteveMartin_57_m
106	SteveMartin	62	AGE62	3878	3877_SteveMartin_62_m
106	SteveMartin	38	AGE38	3873	3872_SteveMartin_38_m
106	SteveMartin	60	AGE60	3876	3875_SteveMartin_60_m
106	SteveMartin	45	AGE45	3872	3871_SteveMartin_45_m
106	SteveMartin	42	AGE42	3868	3867_SteveMartin_42_m
106	SteveMartin	43	AGE43	3869	3868_SteveMartin_43_m
106	SteveMartin	68	AGE68	3884	3883_SteveMartin_68_m
106	SteveMartin	18	AGE18	3865	3864_SteveMartin_18_m
107	DianneWiest	37	AGE37	10481	10480_DianneWiest_37_f
107	DianneWiest	61	AGE61	10498	10497_DianneWiest_61_f
107	DianneWiest	51	AGE51	10492	10491_DianneWiest_51_f
107	DianneWiest	42	AGE42	10485	10484_DianneWiest_42_f
107	DianneWiest	60	AGE60	10497	10496_DianneWiest_60_f
107	DianneWiest	45	AGE45	10488	10487_DianneWiest_45_f
107	DianneWiest	38	AGE38	10482	10481_DianneWiest_38_f
107	DianneWiest	55	AGE55	10495	10494_DianneWiest_55_f
107	DianneWiest	41	AGE41	10484	10483_DianneWiest_41_f
107	DianneWiest	66	AGE66	10502	10501_DianneWiest_66_f
107	DianneWiest	30	AGE30	10478	10477_DianneWiest_30_f
107	DianneWiest	53	AGE53	10494	10493_DianneWiest_53_f
107	DianneWiest	65	AGE65	10501	10500_DianneWiest_65_f
107	DianneWiest	62	AGE62	10499	10498_DianneWiest_62_f
107	DianneWiest	37	AGE37	10480	10479_DianneWiest_37_f
107	DianneWiest	49	AGE49	10490	10489_DianneWiest_49_f
107	DianneWiest	48	AGE48	10489	10488_DianneWiest_48_f
107	DianneWiest	33	AGE33	10479	10478_DianneWiest_33_f
107	DianneWiest	43	AGE43	10486	10485_DianneWiest_43_f
107	DianneWiest	44	AGE44	10487	10486_DianneWiest_44_f
107	DianneWiest	50	AGE50	10491	10490_DianneWiest_50_f
107	DianneWiest	39	AGE39	10483	10482_DianneWiest_39_f
107	DianneWiest	64	AGE64	10500	10499_DianneWiest_64_f
107	DianneWiest	52	AGE52	10493	10492_DianneWiest_52_f
107	DianneWiest	59	AGE59	10496	10495_DianneWiest_59_f
108	MelindaDillion	45	AGE45	12315	12314_MelindaDillion_45_f
108	MelindaDillion	40	AGE40	12310	12309_MelindaDillion_40_f
108	MelindaDillion	44	AGE44	12314	12313_MelindaDillion_44_f
108	MelindaDillion	73	AGE73	12329	12328_MelindaDillion_73_f
108	MelindaDillion	55	AGE55	12321	12320_MelindaDillion_55_f
108	MelindaDillion	63	AGE63	12324	12323_MelindaDillion_63_f
108	MelindaDillion	68	AGE68	12327	12326_MelindaDillion_68_f
108	MelindaDillion	64	AGE64	12325	12324_MelindaDillion_64_f
108	MelindaDillion	70	AGE70	12328	12327_MelindaDillion_70_f
108	MelindaDillion	48	AGE48	12318	12317_MelindaDillion_48_f
108	MelindaDillion	46	AGE46	12316	12315_MelindaDillion_46_f
108	MelindaDillion	38	AGE38	12308	12307_MelindaDillion_38_f
108	MelindaDillion	57	AGE57	12322	12321_MelindaDillion_57_f
108	MelindaDillion	50	AGE50	12319	12318_MelindaDillion_50_f
108	MelindaDillion	43	AGE43	12313	12312_MelindaDillion_43_f
108	MelindaDillion	30	AGE30	12305	12304_MelindaDillion_30_f
108	MelindaDillion	37	AGE37	12307	12306_MelindaDillion_37_f
108	MelindaDillion	29	AGE29	12304	12303_MelindaDillion_29_f
108	MelindaDillion	34	AGE34	12306	12305_MelindaDillion_34_f
108	MelindaDillion	47	AGE47	12317	12316_MelindaDillion_47_f
108	MelindaDillion	39	AGE39	12309	12308_MelindaDillion_39_f
108	MelindaDillion	66	AGE66	12326	12325_MelindaDillion_66_f
108	MelindaDillion	42	AGE42	12312	12311_MelindaDillion_42_f
108	MelindaDillion	41	AGE41	12311	12310_MelindaDillion_41_f
108	MelindaDillion	54	AGE54	12320	12319_MelindaDillion_54_f
108	MelindaDillion	59	AGE59	12323	12322_MelindaDillion_59_f
109	MariaCallas	30	AGE30	10	9_MariaCallas_30_f
109	MariaCallas	41	AGE41	8	7_MariaCallas_41_f
109	MariaCallas	33	AGE33	9	8_MariaCallas_33_f
109	MariaCallas	34	AGE34	17	16_MariaCallas_34_f
109	MariaCallas	42	AGE42	21	20_MariaCallas_42_f
109	MariaCallas	33	AGE33	3	2_MariaCallas_33_f
109	MariaCallas	53	AGE53	14	13_MariaCallas_53_f
109	MariaCallas	34	AGE34	6	5_MariaCallas_34_f
109	MariaCallas	31	AGE31	23	22_MariaCallas_31_f
109	MariaCallas	32	AGE32	15	14_MariaCallas_32_f
109	MariaCallas	35	AGE35	4	3_MariaCallas_35_f
109	MariaCallas	37	AGE37	13	12_MariaCallas_37_f
109	MariaCallas	26	AGE26	22	21_MariaCallas_26_f
109	MariaCallas	28	AGE28	11	10_MariaCallas_28_f
109	MariaCallas	33	AGE33	18	17_MariaCallas_33_f
109	MariaCallas	47	AGE47	19	18_MariaCallas_47_f
109	MariaCallas	40	AGE40	2	1_MariaCallas_40_f
109	MariaCallas	30	AGE30	20	19_MariaCallas_30_f
109	MariaCallas	39	AGE39	12	11_MariaCallas_39_f
109	MariaCallas	35	AGE35	1	0_MariaCallas_35_f
109	MariaCallas	41	AGE41	5	4_MariaCallas_41_f
109	MariaCallas	31	AGE31	7	6_MariaCallas_31_f
109	MariaCallas	41	AGE41	24	23_MariaCallas_41_f
109	MariaCallas	42	AGE42	16	15_MariaCallas_42_f
110	MargaretThatcher	34	AGE34	558	557_MargaretThatcher_34_f
110	MargaretThatcher	77	AGE77	572	571_MargaretThatcher_77_f
110	MargaretThatcher	24	AGE24	565	564_MargaretThatcher_24_f
110	MargaretThatcher	57	AGE57	561	560_MargaretThatcher_57_f
110	MargaretThatcher	48	AGE48	567	566_MargaretThatcher_48_f
110	MargaretThatcher	57	AGE57	577	576_MargaretThatcher_57_f
110	MargaretThatcher	75	AGE75	573	572_MargaretThatcher_75_f
110	MargaretThatcher	78	AGE78	570	569_MargaretThatcher_78_f
110	MargaretThatcher	26	AGE26	574	573_MargaretThatcher_26_f
110	MargaretThatcher	45	AGE45	560	559_MargaretThatcher_45_f
110	MargaretThatcher	87	AGE87	575	574_MargaretThatcher_87_f
110	MargaretThatcher	26	AGE26	559	558_MargaretThatcher_26_f
110	MargaretThatcher	43	AGE43	568	567_MargaretThatcher_43_f
110	MargaretThatcher	55	AGE55	569	568_MargaretThatcher_55_f
110	MargaretThatcher	82	AGE82	557	556_MargaretThatcher_82_f
110	MargaretThatcher	50	AGE50	563	562_MargaretThatcher_50_f
110	MargaretThatcher	49	AGE49	564	563_MargaretThatcher_49_f
110	MargaretThatcher	71	AGE71	562	561_MargaretThatcher_71_f
110	MargaretThatcher	60	AGE60	579	578_MargaretThatcher_60_f
110	MargaretThatcher	19	AGE19	576	575_MargaretThatcher_19_f
110	MargaretThatcher	83	AGE83	571	570_MargaretThatcher_83_f
110	MargaretThatcher	47	AGE47	566	565_MargaretThatcher_47_f
110	MargaretThatcher	59	AGE59	578	577_MargaretThatcher_59_f
111	WEBDuBois	16	AGE16	760	759_WEBDuBois_16_m
111	WEBDuBois	30	AGE30	759	758_WEBDuBois_30_m
111	WEBDuBois	60	AGE60	768	767_WEBDuBois_60_m
111	WEBDuBois	52	AGE52	764	763_WEBDuBois_52_m
111	WEBDuBois	20	AGE20	766	765_WEBDuBois_20_m
111	WEBDuBois	4	AGE4	757	756_WEBDuBois_4_m
111	WEBDuBois	55	AGE55	761	760_WEBDuBois_55_m
111	WEBDuBois	33	AGE33	769	768_WEBDuBois_33_m
111	WEBDuBois	60	AGE60	767	766_WEBDuBois_60_m
111	WEBDuBois	39	AGE39	758	757_WEBDuBois_39_m
111	WEBDuBois	36	AGE36	762	761_WEBDuBois_36_m
111	WEBDuBois	57	AGE57	765	764_WEBDuBois_57_m
111	WEBDuBois	50	AGE50	763	762_WEBDuBois_50_m
112	MickeyRooney	30	AGE30	7416	7415_MickeyRooney_30_m
112	MickeyRooney	75	AGE75	7435	7434_MickeyRooney_75_m
112	MickeyRooney	77	AGE77	7437	7436_MickeyRooney_77_m
112	MickeyRooney	17	AGE17	7407	7406_MickeyRooney_17_m
112	MickeyRooney	63	AGE63	7432	7431_MickeyRooney_63_m
112	MickeyRooney	81	AGE81	7439	7438_MickeyRooney_81_m
112	MickeyRooney	78	AGE78	7438	7437_MickeyRooney_78_m
112	MickeyRooney	58	AGE58	7428	7427_MickeyRooney_58_m
112	MickeyRooney	42	AGE42	7422	7421_MickeyRooney_42_m
112	MickeyRooney	94	AGE94	7446	7445_MickeyRooney_94_m
112	MickeyRooney	35	AGE35	7418	7417_MickeyRooney_35_m
112	MickeyRooney	60	AGE60	7430	7429_MickeyRooney_60_m
112	MickeyRooney	51	AGE51	7427	7426_MickeyRooney_51_m
112	MickeyRooney	73	AGE73	7434	7433_MickeyRooney_73_m
112	MickeyRooney	13	AGE13	7404	7403_MickeyRooney_13_m
112	MickeyRooney	85	AGE85	7441	7440_MickeyRooney_85_m
112	MickeyRooney	29	AGE29	7415	7414_MickeyRooney_29_m
112	MickeyRooney	45	AGE45	7424	7423_MickeyRooney_45_m
112	MickeyRooney	24	AGE24	7412	7411_MickeyRooney_24_m
112	MickeyRooney	19	AGE19	7408	7407_MickeyRooney_19_m
112	MickeyRooney	22	AGE22	7410	7409_MickeyRooney_22_m
112	MickeyRooney	59	AGE59	7429	7428_MickeyRooney_59_m
112	MickeyRooney	26	AGE26	7413	7412_MickeyRooney_26_m
112	MickeyRooney	76	AGE76	7436	7435_MickeyRooney_76_m
112	MickeyRooney	7	AGE7	7401	7400_MickeyRooney_7_m
112	MickeyRooney	92	AGE92	7444	7443_MickeyRooney_92_m
112	MickeyRooney	23	AGE23	7411	7410_MickeyRooney_23_m
112	MickeyRooney	10	AGE10	7403	7402_MickeyRooney_10_m
112	MickeyRooney	16	AGE16	7406	7405_MickeyRooney_16_m
112	MickeyRooney	28	AGE28	7414	7413_MickeyRooney_28_m
112	MickeyRooney	8	AGE8	7402	7401_MickeyRooney_8_m
112	MickeyRooney	61	AGE61	7431	7430_MickeyRooney_61_m
112	MickeyRooney	86	AGE86	7442	7441_MickeyRooney_86_m
112	MickeyRooney	49	AGE49	7426	7425_MickeyRooney_49_m
112	MickeyRooney	40	AGE40	7420	7419_MickeyRooney_40_m
112	MickeyRooney	37	AGE37	7419	7418_MickeyRooney_37_m
112	MickeyRooney	71	AGE71	7433	7432_MickeyRooney_71_m
112	MickeyRooney	33	AGE33	7417	7416_MickeyRooney_33_m
112	MickeyRooney	43	AGE43	7423	7422_MickeyRooney_43_m
112	MickeyRooney	41	AGE41	7421	7420_MickeyRooney_41_m
112	MickeyRooney	93	AGE93	7445	7444_MickeyRooney_93_m
112	MickeyRooney	47	AGE47	7425	7424_MickeyRooney_47_m
112	MickeyRooney	15	AGE15	7405	7404_MickeyRooney_15_m
112	MickeyRooney	90	AGE90	7443	7442_MickeyRooney_90_m
112	MickeyRooney	83	AGE83	7440	7439_MickeyRooney_83_m
112	MickeyRooney	21	AGE21	7409	7408_MickeyRooney_21_m
113	GladysCooper	74	AGE74	13513	13512_GladysCooper_74_f
113	GladysCooper	83	AGE83	7125	7124_GladysCooper_83_m
113	GladysCooper	19	AGE19	7098	7097_GladysCooper_19_m
113	GladysCooper	70	AGE70	7121	7120_GladysCooper_70_m
113	GladysCooper	18	AGE18	7101	7100_GladysCooper_18_m
113	GladysCooper	24	AGE24	7104	7103_GladysCooper_24_m
113	GladysCooper	25	AGE25	7105	7104_GladysCooper_25_m
113	GladysCooper	53	AGE53	13505	13504_GladysCooper_53_f
113	GladysCooper	9	AGE9	7097	7096_GladysCooper_9_m
113	GladysCooper	62	AGE62	13510	13509_GladysCooper_62_f
113	GladysCooper	83	AGE83	13516	13515_GladysCooper_83_f
113	GladysCooper	59	AGE59	13509	13508_GladysCooper_59_f
113	GladysCooper	57	AGE57	7117	7116_GladysCooper_57_m
113	GladysCooper	18	AGE18	13491	13490_GladysCooper_18_f
113	GladysCooper	51	AGE51	7112	7111_GladysCooper_51_m
113	GladysCooper	66	AGE66	13511	13510_GladysCooper_66_f
113	GladysCooper	70	AGE70	13512	13511_GladysCooper_70_f
113	GladysCooper	19	AGE19	13492	13491_GladysCooper_19_f
113	GladysCooper	22	AGE22	13494	13493_GladysCooper_22_f
113	GladysCooper	16	AGE16	13490	13489_GladysCooper_16_f
113	GladysCooper	54	AGE54	7115	7114_GladysCooper_54_m
113	GladysCooper	30	AGE30	13498	13497_GladysCooper_30_f
113	GladysCooper	40	AGE40	7109	7108_GladysCooper_40_m
113	GladysCooper	24	AGE24	13495	13494_GladysCooper_24_f
113	GladysCooper	9	AGE9	13488	13487_GladysCooper_9_f
113	GladysCooper	59	AGE59	7118	7117_GladysCooper_59_m
113	GladysCooper	80	AGE80	7124	7123_GladysCooper_80_m
113	GladysCooper	15	AGE15	7099	7098_GladysCooper_15_m
113	GladysCooper	30	AGE30	7107	7106_GladysCooper_30_m
113	GladysCooper	66	AGE66	7120	7119_GladysCooper_66_m
113	GladysCooper	27	AGE27	7106	7105_GladysCooper_27_m
113	GladysCooper	21	AGE21	7102	7101_GladysCooper_21_m
113	GladysCooper	74	AGE74	7122	7121_GladysCooper_74_m
113	GladysCooper	54	AGE54	13506	13505_GladysCooper_54_f
113	GladysCooper	21	AGE21	13493	13492_GladysCooper_21_f
113	GladysCooper	51	AGE51	13503	13502_GladysCooper_51_f
113	GladysCooper	53	AGE53	7114	7113_GladysCooper_53_m
113	GladysCooper	57	AGE57	13508	13507_GladysCooper_57_f
113	GladysCooper	55	AGE55	7116	7115_GladysCooper_55_m
113	GladysCooper	16	AGE16	7100	7099_GladysCooper_16_m
113	GladysCooper	77	AGE77	7123	7122_GladysCooper_77_m
113	GladysCooper	36	AGE36	7108	7107_GladysCooper_36_m
113	GladysCooper	52	AGE52	13504	13503_GladysCooper_52_f
113	GladysCooper	55	AGE55	13507	13506_GladysCooper_55_f
113	GladysCooper	49	AGE49	7111	7110_GladysCooper_49_m
113	GladysCooper	52	AGE52	7113	7112_GladysCooper_52_m
113	GladysCooper	42	AGE42	13501	13500_GladysCooper_42_f
113	GladysCooper	42	AGE42	7110	7109_GladysCooper_42_m
113	GladysCooper	62	AGE62	7119	7118_GladysCooper_62_m
113	GladysCooper	80	AGE80	13515	13514_GladysCooper_80_f
113	GladysCooper	77	AGE77	13514	13513_GladysCooper_77_f
113	GladysCooper	49	AGE49	13502	13501_GladysCooper_49_f
113	GladysCooper	27	AGE27	13497	13496_GladysCooper_27_f
113	GladysCooper	40	AGE40	13500	13499_GladysCooper_40_f
113	GladysCooper	15	AGE15	13489	13488_GladysCooper_15_f
113	GladysCooper	25	AGE25	13496	13495_GladysCooper_25_f
113	GladysCooper	36	AGE36	13499	13498_GladysCooper_36_f
113	GladysCooper	22	AGE22	7103	7102_GladysCooper_22_m
114	akistsoxatzopoulos	3	AGE3	784	783_akistsoxatzopoulos_3_m
114	akistsoxatzopoulos	62	AGE62	801	800_akistsoxatzopoulos_62_m
114	akistsoxatzopoulos	35	AGE35	790	789_akistsoxatzopoulos_35_m
114	akistsoxatzopoulos	45	AGE45	806	805_akistsoxatzopoulos_45_m
114	akistsoxatzopoulos	65	AGE65	799	798_akistsoxatzopoulos_65_m
114	akistsoxatzopoulos	70	AGE70	794	793_akistsoxatzopoulos_70_m
114	akistsoxatzopoulos	74	AGE74	798	797_akistsoxatzopoulos_74_m
114	akistsoxatzopoulos	60	AGE60	803	802_akistsoxatzopoulos_60_m
114	akistsoxatzopoulos	68	AGE68	791	790_akistsoxatzopoulos_68_m
114	akistsoxatzopoulos	65	AGE65	796	795_akistsoxatzopoulos_65_m
114	akistsoxatzopoulos	65	AGE65	792	791_akistsoxatzopoulos_65_m
114	akistsoxatzopoulos	24	AGE24	785	784_akistsoxatzopoulos_24_m
114	akistsoxatzopoulos	70	AGE70	804	803_akistsoxatzopoulos_70_m
114	akistsoxatzopoulos	43	AGE43	787	786_akistsoxatzopoulos_43_m
114	akistsoxatzopoulos	30	AGE30	786	785_akistsoxatzopoulos_30_m
114	akistsoxatzopoulos	35	AGE35	789	788_akistsoxatzopoulos_35_m
114	akistsoxatzopoulos	42	AGE42	805	804_akistsoxatzopoulos_42_m
114	akistsoxatzopoulos	68	AGE68	793	792_akistsoxatzopoulos_68_m
114	akistsoxatzopoulos	72	AGE72	800	799_akistsoxatzopoulos_72_m
114	akistsoxatzopoulos	74	AGE74	788	787_akistsoxatzopoulos_74_m
114	akistsoxatzopoulos	25	AGE25	795	794_akistsoxatzopoulos_25_m
114	akistsoxatzopoulos	68	AGE68	797	796_akistsoxatzopoulos_68_m
114	akistsoxatzopoulos	57	AGE57	802	801_akistsoxatzopoulos_57_m
115	BarbaraBain	30	AGE30	10405	10404_BarbaraBain_30_f
115	BarbaraBain	79	AGE79	10437	10436_BarbaraBain_79_f
115	BarbaraBain	42	AGE42	10413	10412_BarbaraBain_42_f
115	BarbaraBain	41	AGE41	10412	10411_BarbaraBain_41_f
115	BarbaraBain	28	AGE28	10404	10403_BarbaraBain_28_f
115	BarbaraBain	32	AGE32	10406	10405_BarbaraBain_32_f
115	BarbaraBain	39	AGE39	10410	10409_BarbaraBain_39_f
115	BarbaraBain	38	AGE38	10409	10408_BarbaraBain_38_f
115	BarbaraBain	66	AGE66	10428	10427_BarbaraBain_66_f
115	BarbaraBain	75	AGE75	10435	10434_BarbaraBain_75_f
115	BarbaraBain	49	AGE49	10417	10416_BarbaraBain_49_f
115	BarbaraBain	63	AGE63	10426	10425_BarbaraBain_63_f
115	BarbaraBain	44	AGE44	10414	10413_BarbaraBain_44_f
115	BarbaraBain	64	AGE64	10427	10426_BarbaraBain_64_f
115	BarbaraBain	80	AGE80	10438	10437_BarbaraBain_80_f
115	BarbaraBain	53	AGE53	10419	10418_BarbaraBain_53_f
115	BarbaraBain	27	AGE27	10403	10402_BarbaraBain_27_f
115	BarbaraBain	54	AGE54	10420	10419_BarbaraBain_54_f
115	BarbaraBain	37	AGE37	10408	10407_BarbaraBain_37_f
115	BarbaraBain	59	AGE59	10423	10422_BarbaraBain_59_f
115	BarbaraBain	36	AGE36	10407	10406_BarbaraBain_36_f
115	BarbaraBain	60	AGE60	10424	10423_BarbaraBain_60_f
115	BarbaraBain	70	AGE70	10430	10429_BarbaraBain_70_f
115	BarbaraBain	81	AGE81	10439	10438_BarbaraBain_81_f
115	BarbaraBain	51	AGE51	10418	10417_BarbaraBain_51_f
115	BarbaraBain	61	AGE61	10425	10424_BarbaraBain_61_f
115	BarbaraBain	46	AGE46	10416	10415_BarbaraBain_46_f
115	BarbaraBain	72	AGE72	10431	10430_BarbaraBain_72_f
115	BarbaraBain	77	AGE77	10436	10435_BarbaraBain_77_f
115	BarbaraBain	55	AGE55	10421	10420_BarbaraBain_55_f
115	BarbaraBain	40	AGE40	10411	10410_BarbaraBain_40_f
115	BarbaraBain	56	AGE56	10422	10421_BarbaraBain_56_f
115	BarbaraBain	75	AGE75	10434	10433_BarbaraBain_75_f
115	BarbaraBain	69	AGE69	10429	10428_BarbaraBain_69_f
115	BarbaraBain	45	AGE45	10415	10414_BarbaraBain_45_f
115	BarbaraBain	74	AGE74	10433	10432_BarbaraBain_74_f
115	BarbaraBain	82	AGE82	10440	10439_BarbaraBain_82_f
115	BarbaraBain	73	AGE73	10432	10431_BarbaraBain_73_f
116	ConradHilton	90	AGE90	471	470_ConradHilton_90_m
116	ConradHilton	55	AGE55	464	463_ConradHilton_55_m
116	ConradHilton	32	AGE32	469	468_ConradHilton_32_m
116	ConradHilton	87	AGE87	465	464_ConradHilton_87_m
116	ConradHilton	73	AGE73	468	467_ConradHilton_73_m
116	ConradHilton	65	AGE65	467	466_ConradHilton_65_m
116	ConradHilton	75	AGE75	472	471_ConradHilton_75_m
116	ConradHilton	75	AGE75	470	469_ConradHilton_75_m
116	ConradHilton	70	AGE70	466	465_ConradHilton_70_m
117	VeraEllen	31	AGE31	15906	15905_VeraEllen_31_f
117	VeraEllen	26	AGE26	15902	15901_VeraEllen_26_f
117	VeraEllen	43	AGE43	15917	15916_VeraEllen_43_f
117	VeraEllen	40	AGE40	15914	15913_VeraEllen_40_f
117	VeraEllen	21	AGE21	15899	15898_VeraEllen_21_f
117	VeraEllen	24	AGE24	15901	15900_VeraEllen_24_f
117	VeraEllen	19	AGE19	15898	15897_VeraEllen_19_f
117	VeraEllen	37	AGE37	15911	15910_VeraEllen_37_f
117	VeraEllen	41	AGE41	15915	15914_VeraEllen_41_f
117	VeraEllen	23	AGE23	15900	15899_VeraEllen_23_f
117	VeraEllen	28	AGE28	15903	15902_VeraEllen_28_f
117	VeraEllen	29	AGE29	15904	15903_VeraEllen_29_f
117	VeraEllen	47	AGE47	15919	15918_VeraEllen_47_f
117	VeraEllen	42	AGE42	15916	15915_VeraEllen_42_f
117	VeraEllen	44	AGE44	15918	15917_VeraEllen_44_f
117	VeraEllen	17	AGE17	15897	15896_VeraEllen_17_f
117	VeraEllen	36	AGE36	15910	15909_VeraEllen_36_f
117	VeraEllen	34	AGE34	15909	15908_VeraEllen_34_f
117	VeraEllen	30	AGE30	15905	15904_VeraEllen_30_f
117	VeraEllen	38	AGE38	15912	15911_VeraEllen_38_f
117	VeraEllen	39	AGE39	15913	15912_VeraEllen_39_f
117	VeraEllen	32	AGE32	15907	15906_VeraEllen_32_f
117	VeraEllen	33	AGE33	15908	15907_VeraEllen_33_f
118	HelmutBerger	31	AGE31	4221	4220_HelmutBerger_31_m
118	HelmutBerger	67	AGE67	4240	4239_HelmutBerger_67_m
118	HelmutBerger	29	AGE29	4219	4218_HelmutBerger_29_m
118	HelmutBerger	30	AGE30	4220	4219_HelmutBerger_30_m
118	HelmutBerger	41	AGE41	4227	4226_HelmutBerger_41_m
118	HelmutBerger	64	AGE64	4238	4237_HelmutBerger_64_m
118	HelmutBerger	22	AGE22	4213	4212_HelmutBerger_22_m
118	HelmutBerger	35	AGE35	4225	4224_HelmutBerger_35_m
118	HelmutBerger	25	AGE25	4216	4215_HelmutBerger_25_m
118	HelmutBerger	46	AGE46	4230	4229_HelmutBerger_46_m
118	HelmutBerger	25	AGE25	4217	4216_HelmutBerger_25_m
118	HelmutBerger	60	AGE60	4235	4234_HelmutBerger_60_m
118	HelmutBerger	61	AGE61	4236	4235_HelmutBerger_61_m
118	HelmutBerger	68	AGE68	4241	4240_HelmutBerger_68_m
118	HelmutBerger	54	AGE54	4232	4231_HelmutBerger_54_m
118	HelmutBerger	51	AGE51	4231	4230_HelmutBerger_51_m
118	HelmutBerger	39	AGE39	4226	4225_HelmutBerger_39_m
118	HelmutBerger	59	AGE59	4234	4233_HelmutBerger_59_m
118	HelmutBerger	24	AGE24	4215	4214_HelmutBerger_24_m
118	HelmutBerger	65	AGE65	4239	4238_HelmutBerger_65_m
118	HelmutBerger	55	AGE55	4233	4232_HelmutBerger_55_m
118	HelmutBerger	26	AGE26	4218	4217_HelmutBerger_26_m
118	HelmutBerger	32	AGE32	4222	4221_HelmutBerger_32_m
118	HelmutBerger	44	AGE44	4229	4228_HelmutBerger_44_m
118	HelmutBerger	33	AGE33	4223	4222_HelmutBerger_33_m
118	HelmutBerger	42	AGE42	4228	4227_HelmutBerger_42_m
118	HelmutBerger	63	AGE63	4237	4236_HelmutBerger_63_m
118	HelmutBerger	23	AGE23	4214	4213_HelmutBerger_23_m
118	HelmutBerger	34	AGE34	4224	4223_HelmutBerger_34_m
119	AlanYoung	91	AGE91	1900	1899_AlanYoung_91_m
119	AlanYoung	50	AGE50	1889	1888_AlanYoung_50_m
119	AlanYoung	44	AGE44	1886	1885_AlanYoung_44_m
119	AlanYoung	30	AGE30	1874	1873_AlanYoung_30_m
119	AlanYoung	66	AGE66	1892	1891_AlanYoung_66_m
119	AlanYoung	23	AGE23	1869	1868_AlanYoung_23_m
119	AlanYoung	28	AGE28	1872	1871_AlanYoung_28_m
119	AlanYoung	43	AGE43	1885	1884_AlanYoung_43_m
119	AlanYoung	42	AGE42	1884	1883_AlanYoung_42_m
119	AlanYoung	87	AGE87	1896	1895_AlanYoung_87_m
119	AlanYoung	52	AGE52	1890	1889_AlanYoung_52_m
119	AlanYoung	29	AGE29	1873	1872_AlanYoung_29_m
119	AlanYoung	45	AGE45	1887	1886_AlanYoung_45_m
119	AlanYoung	33	AGE33	1876	1875_AlanYoung_33_m
119	AlanYoung	35	AGE35	1878	1877_AlanYoung_35_m
119	AlanYoung	36	AGE36	1879	1878_AlanYoung_36_m
119	AlanYoung	40	AGE40	1882	1881_AlanYoung_40_m
119	AlanYoung	85	AGE85	1894	1893_AlanYoung_85_m
119	AlanYoung	88	AGE88	1897	1896_AlanYoung_88_m
119	AlanYoung	79	AGE79	1893	1892_AlanYoung_79_m
119	AlanYoung	31	AGE31	1875	1874_AlanYoung_31_m
119	AlanYoung	25	AGE25	1870	1869_AlanYoung_25_m
119	AlanYoung	89	AGE89	1898	1897_AlanYoung_89_m
119	AlanYoung	39	AGE39	1881	1880_AlanYoung_39_m
119	AlanYoung	38	AGE38	1880	1879_AlanYoung_38_m
119	AlanYoung	90	AGE90	1899	1898_AlanYoung_90_m
119	AlanYoung	86	AGE86	1895	1894_AlanYoung_86_m
119	AlanYoung	53	AGE53	1891	1890_AlanYoung_53_m
119	AlanYoung	27	AGE27	1871	1870_AlanYoung_27_m
119	AlanYoung	34	AGE34	1877	1876_AlanYoung_34_m
119	AlanYoung	46	AGE46	1888	1887_AlanYoung_46_m
119	AlanYoung	41	AGE41	1883	1882_AlanYoung_41_m
120	TomJones	67	AGE67	1861	1860_TomJones_67_m
120	TomJones	22	AGE22	9752	9751_TomJones_22_f
120	TomJones	28	AGE28	1838	1837_TomJones_28_m
120	TomJones	32	AGE32	1841	1840_TomJones_32_m
120	TomJones	33	AGE33	9763	9762_TomJones_33_f
120	TomJones	72	AGE72	1866	1865_TomJones_72_m
120	TomJones	18	AGE18	9751	9750_TomJones_18_f
120	TomJones	38	AGE38	9765	9764_TomJones_38_f
120	TomJones	63	AGE63	9778	9777_TomJones_63_f
120	TomJones	44	AGE44	1846	1845_TomJones_44_m
120	TomJones	29	AGE29	1839	1838_TomJones_29_m
120	TomJones	30	AGE30	1840	1839_TomJones_30_m
120	TomJones	69	AGE69	1863	1862_TomJones_69_m
120	TomJones	27	AGE27	9758	9757_TomJones_27_f
120	TomJones	74	AGE74	1868	1867_TomJones_74_m
120	TomJones	64	AGE64	9779	9778_TomJones_64_f
120	TomJones	24	AGE24	1834	1833_TomJones_24_m
120	TomJones	40	AGE40	9766	9765_TomJones_40_f
120	TomJones	25	AGE25	9756	9755_TomJones_25_f
120	TomJones	65	AGE65	1859	1858_TomJones_65_m
120	TomJones	58	AGE58	9773	9772_TomJones_58_f
120	TomJones	68	AGE68	9783	9782_TomJones_68_f
120	TomJones	65	AGE65	9780	9779_TomJones_65_f
120	TomJones	66	AGE66	9781	9780_TomJones_66_f
120	TomJones	60	AGE60	1854	1853_TomJones_60_m
120	TomJones	55	AGE55	9772	9771_TomJones_55_f
120	TomJones	73	AGE73	9788	9787_TomJones_73_f
120	TomJones	24	AGE24	9755	9754_TomJones_24_f
120	TomJones	68	AGE68	1862	1861_TomJones_68_m
120	TomJones	63	AGE63	1857	1856_TomJones_63_m
120	TomJones	51	AGE51	9770	9769_TomJones_51_f
120	TomJones	25	AGE25	1835	1834_TomJones_25_m
120	TomJones	71	AGE71	1865	1864_TomJones_71_m
120	TomJones	72	AGE72	9787	9786_TomJones_72_f
120	TomJones	62	AGE62	9777	9776_TomJones_62_f
120	TomJones	40	AGE40	1845	1844_TomJones_40_m
120	TomJones	27	AGE27	1837	1836_TomJones_27_m
120	TomJones	18	AGE18	1830	1829_TomJones_18_m
120	TomJones	23	AGE23	9753	9752_TomJones_23_f
120	TomJones	23	AGE23	1832	1831_TomJones_23_m
120	TomJones	50	AGE50	9769	9768_TomJones_50_f
120	TomJones	35	AGE35	9764	9763_TomJones_35_f
120	TomJones	24	AGE24	1833	1832_TomJones_24_m
120	TomJones	61	AGE61	1855	1854_TomJones_61_m
120	TomJones	48	AGE48	1847	1846_TomJones_48_m
120	TomJones	35	AGE35	1843	1842_TomJones_35_m
120	TomJones	38	AGE38	1844	1843_TomJones_38_m
120	TomJones	71	AGE71	9786	9785_TomJones_71_f
120	TomJones	59	AGE59	1853	1852_TomJones_59_m
120	TomJones	53	AGE53	9771	9770_TomJones_53_f
120	TomJones	26	AGE26	9757	9756_TomJones_26_f
120	TomJones	60	AGE60	9775	9774_TomJones_60_f
120	TomJones	73	AGE73	1867	1866_TomJones_73_m
120	TomJones	74	AGE74	9789	9788_TomJones_74_f
120	TomJones	70	AGE70	9785	9784_TomJones_70_f
120	TomJones	50	AGE50	1848	1847_TomJones_50_m
120	TomJones	58	AGE58	1852	1851_TomJones_58_m
120	TomJones	59	AGE59	9774	9773_TomJones_59_f
120	TomJones	28	AGE28	9759	9758_TomJones_28_f
120	TomJones	55	AGE55	1851	1850_TomJones_55_m
120	TomJones	33	AGE33	1842	1841_TomJones_33_m
120	TomJones	48	AGE48	9768	9767_TomJones_48_f
120	TomJones	29	AGE29	9760	9759_TomJones_29_f
120	TomJones	69	AGE69	9784	9783_TomJones_69_f
120	TomJones	24	AGE24	9754	9753_TomJones_24_f
120	TomJones	67	AGE67	9782	9781_TomJones_67_f
120	TomJones	30	AGE30	9761	9760_TomJones_30_f
120	TomJones	32	AGE32	9762	9761_TomJones_32_f
120	TomJones	26	AGE26	1836	1835_TomJones_26_m
120	TomJones	22	AGE22	1831	1830_TomJones_22_m
120	TomJones	66	AGE66	1860	1859_TomJones_66_m
120	TomJones	64	AGE64	1858	1857_TomJones_64_m
120	TomJones	51	AGE51	1849	1848_TomJones_51_m
120	TomJones	53	AGE53	1850	1849_TomJones_53_m
120	TomJones	62	AGE62	1856	1855_TomJones_62_m
120	TomJones	70	AGE70	1864	1863_TomJones_70_m
120	TomJones	44	AGE44	9767	9766_TomJones_44_f
120	TomJones	61	AGE61	9776	9775_TomJones_61_f
121	RafVallone	49	AGE49	6042	6041_RafVallone_49_m
121	RafVallone	26	AGE26	6026	6025_RafVallone_26_m
121	RafVallone	82	AGE82	6057	6056_RafVallone_82_m
121	RafVallone	46	AGE46	6039	6038_RafVallone_46_m
121	RafVallone	40	AGE40	6035	6034_RafVallone_40_m
121	RafVallone	36	AGE36	6031	6030_RafVallone_36_m
121	RafVallone	84	AGE84	6058	6057_RafVallone_84_m
121	RafVallone	51	AGE51	6044	6043_RafVallone_51_m
121	RafVallone	77	AGE77	6056	6055_RafVallone_77_m
121	RafVallone	56	AGE56	6046	6045_RafVallone_56_m
121	RafVallone	39	AGE39	6034	6033_RafVallone_39_m
121	RafVallone	72	AGE72	6055	6054_RafVallone_72_m
121	RafVallone	34	AGE34	6024	6023_RafVallone_34_m
121	RafVallone	32	AGE32	6028	6027_RafVallone_32_m
121	RafVallone	68	AGE68	6054	6053_RafVallone_68_m
121	RafVallone	45	AGE45	6038	6037_RafVallone_45_m
121	RafVallone	50	AGE50	6043	6042_RafVallone_50_m
121	RafVallone	86	AGE86	6059	6058_RafVallone_86_m
121	RafVallone	33	AGE33	6029	6028_RafVallone_33_m
121	RafVallone	41	AGE41	6036	6035_RafVallone_41_m
121	RafVallone	57	AGE57	6047	6046_RafVallone_57_m
121	RafVallone	25	AGE25	6025	6024_RafVallone_25_m
121	RafVallone	35	AGE35	6030	6029_RafVallone_35_m
121	RafVallone	52	AGE52	6045	6044_RafVallone_52_m
121	RafVallone	48	AGE48	6041	6040_RafVallone_48_m
121	RafVallone	67	AGE67	6053	6052_RafVallone_67_m
121	RafVallone	42	AGE42	6037	6036_RafVallone_42_m
121	RafVallone	38	AGE38	6033	6032_RafVallone_38_m
121	RafVallone	63	AGE63	6051	6050_RafVallone_63_m
121	RafVallone	61	AGE61	6049	6048_RafVallone_61_m
121	RafVallone	60	AGE60	6048	6047_RafVallone_60_m
121	RafVallone	37	AGE37	6032	6031_RafVallone_37_m
121	RafVallone	47	AGE47	6040	6039_RafVallone_47_m
121	RafVallone	28	AGE28	6027	6026_RafVallone_28_m
121	RafVallone	62	AGE62	6050	6049_RafVallone_62_m
121	RafVallone	65	AGE65	6052	6051_RafVallone_65_m
122	MorganFreeman 	35	AGE35	16047	16046_MorganFreeman _35_m
122	MorganFreeman 	41	AGE41	16048	16047_MorganFreeman _41_m
122	MorganFreeman 	51	AGE51	16051	16050_MorganFreeman _51_m
122	MorganFreeman 	71	AGE71	16038	16037_MorganFreeman _71_m
122	MorganFreeman 	67	AGE67	16041	16040_MorganFreeman _67_m
122	MorganFreeman 	79	AGE79	16027	16026_MorganFreeman _79_m
122	MorganFreeman 	74	AGE74	16036	16035_MorganFreeman _74_m
122	MorganFreeman 	79	AGE79	16024	16023_MorganFreeman _79_m
122	MorganFreeman 	51	AGE51	16031	16030_MorganFreeman _51_m
122	MorganFreeman 	59	AGE59	16033	16032_MorganFreeman _59_m
122	MorganFreeman 	75	AGE75	16044	16043_MorganFreeman _75_m
122	MorganFreeman 	52	AGE52	16052	16051_MorganFreeman _52_m
122	MorganFreeman 	18	AGE18	16043	16042_MorganFreeman _18_m
122	MorganFreeman 	49	AGE49	16049	16048_MorganFreeman _49_m
122	MorganFreeman 	70	AGE70	16037	16036_MorganFreeman _70_m
122	MorganFreeman 	79	AGE79	16028	16027_MorganFreeman _79_m
122	MorganFreeman 	80	AGE80	16026	16025_MorganFreeman _80_m
122	MorganFreeman 	67	AGE67	16035	16034_MorganFreeman _67_m
122	MorganFreeman 	77	AGE77	16023	16022_MorganFreeman _77_m
122	MorganFreeman 	44	AGE44	16050	16049_MorganFreeman _44_m
122	MorganFreeman 	77	AGE77	16029	16028_MorganFreeman _77_m
122	MorganFreeman 	60	AGE60	16034	16033_MorganFreeman _60_m
122	MorganFreeman 	72	AGE72	16045	16044_MorganFreeman _72_m
122	MorganFreeman 	41	AGE41	16030	16029_MorganFreeman _41_m
122	MorganFreeman 	17	AGE17	16042	16041_MorganFreeman _17_m
122	MorganFreeman 	68	AGE68	16040	16039_MorganFreeman _68_m
122	MorganFreeman 	70	AGE70	16022	16021_MorganFreeman _70_m
122	MorganFreeman 	69	AGE69	16039	16038_MorganFreeman _69_m
122	MorganFreeman 	73	AGE73	16021	16020_MorganFreeman _73_m
122	MorganFreeman 	80	AGE80	16025	16024_MorganFreeman _80_m
122	MorganFreeman 	35	AGE35	16046	16045_MorganFreeman _35_m
122	MorganFreeman 	51	AGE51	16032	16031_MorganFreeman _51_m
123	Dee	86	AGE86	16344	16343_Dee_86_f
123	Dee	60	AGE60	16350	16349_Dee_60_f
123	Dee	81	AGE81	16336	16335_Dee_81_f
123	Dee	63	AGE63	16348	16347_Dee_63_f
123	Dee	69	AGE69	16330	16329_Dee_69_f
123	Dee	80	AGE80	16335	16334_Dee_80_f
123	Dee	28	AGE28	16342	16341_Dee_28_f
123	Dee	82	AGE82	16334	16333_Dee_82_f
123	Dee	28	AGE28	16331	16330_Dee_28_f
123	Dee	57	AGE57	16340	16339_Dee_57_f
123	Dee	41	AGE41	16341	16340_Dee_41_f
123	Dee	91	AGE91	16332	16331_Dee_91_f
123	Dee	85	AGE85	16339	16338_Dee_85_f
123	Dee	88	AGE88	16343	16342_Dee_88_f
123	Dee	40	AGE40	16329	16328_Dee_40_f
123	Dee	84	AGE84	16349	16348_Dee_84_f
123	Dee	50	AGE50	16333	16332_Dee_50_f
123	Dee	24	AGE24	16346	16345_Dee_24_f
123	Dee	84	AGE84	16345	16344_Dee_84_f
123	Dee	86	AGE86	16338	16337_Dee_86_f
123	Dee	71	AGE71	16347	16346_Dee_71_f
123	Dee	89	AGE89	16337	16336_Dee_89_f
124	SartreJeanPaul	43	AGE43	1403	1402_SartreJeanPaul_43_m
124	SartreJeanPaul	57	AGE57	1405	1404_SartreJeanPaul_57_m
124	SartreJeanPaul	35	AGE35	1397	1396_SartreJeanPaul_35_m
124	SartreJeanPaul	58	AGE58	1400	1399_SartreJeanPaul_58_m
124	SartreJeanPaul	53	AGE53	1399	1398_SartreJeanPaul_53_m
124	SartreJeanPaul	55	AGE55	1404	1403_SartreJeanPaul_55_m
124	SartreJeanPaul	43	AGE43	1396	1395_SartreJeanPaul_43_m
124	SartreJeanPaul	41	AGE41	1401	1400_SartreJeanPaul_41_m
124	SartreJeanPaul	39	AGE39	1407	1406_SartreJeanPaul_39_m
124	SartreJeanPaul	41	AGE41	1398	1397_SartreJeanPaul_41_m
124	SartreJeanPaul	42	AGE42	1402	1401_SartreJeanPaul_42_m
124	SartreJeanPaul	63	AGE63	1406	1405_SartreJeanPaul_63_m
125	AlexandrakisAlekos	34	AGE34	9632	9631_AlexandrakisAlekos_34_m
125	AlexandrakisAlekos	34	AGE34	9641	9640_AlexandrakisAlekos_34_m
125	AlexandrakisAlekos	25	AGE25	9640	9639_AlexandrakisAlekos_25_m
125	AlexandrakisAlekos	40	AGE40	9634	9633_AlexandrakisAlekos_40_m
125	AlexandrakisAlekos	40	AGE40	9629	9628_AlexandrakisAlekos_40_m
125	AlexandrakisAlekos	35	AGE35	9637	9636_AlexandrakisAlekos_35_m
125	AlexandrakisAlekos	45	AGE45	9628	9627_AlexandrakisAlekos_45_m
125	AlexandrakisAlekos	43	AGE43	9630	9629_AlexandrakisAlekos_43_m
125	AlexandrakisAlekos	45	AGE45	9636	9635_AlexandrakisAlekos_45_m
125	AlexandrakisAlekos	38	AGE38	9631	9630_AlexandrakisAlekos_38_m
125	AlexandrakisAlekos	73	AGE73	9626	9625_AlexandrakisAlekos_73_m
125	AlexandrakisAlekos	30	AGE30	9635	9634_AlexandrakisAlekos_30_m
125	AlexandrakisAlekos	45	AGE45	9642	9641_AlexandrakisAlekos_45_m
125	AlexandrakisAlekos	34	AGE34	9638	9637_AlexandrakisAlekos_34_m
125	AlexandrakisAlekos	68	AGE68	9639	9638_AlexandrakisAlekos_68_m
125	AlexandrakisAlekos	55	AGE55	9633	9632_AlexandrakisAlekos_55_m
125	AlexandrakisAlekos	33	AGE33	9627	9626_AlexandrakisAlekos_33_m
126	JamesArness	49	AGE49	6351	6350_JamesArness_49_m
126	JamesArness	30	AGE30	6338	6337_JamesArness_30_m
126	JamesArness	41	AGE41	6348	6347_JamesArness_41_m
126	JamesArness	36	AGE36	6344	6343_JamesArness_36_m
126	JamesArness	33	AGE33	6341	6340_JamesArness_33_m
126	JamesArness	66	AGE66	6362	6361_JamesArness_66_m
126	JamesArness	54	AGE54	6356	6355_JamesArness_54_m
126	JamesArness	64	AGE64	6361	6360_JamesArness_64_m
126	JamesArness	52	AGE52	6354	6353_JamesArness_52_m
126	JamesArness	51	AGE51	6353	6352_JamesArness_51_m
126	JamesArness	35	AGE35	6343	6342_JamesArness_35_m
126	JamesArness	55	AGE55	6357	6356_JamesArness_55_m
126	JamesArness	34	AGE34	6342	6341_JamesArness_34_m
126	JamesArness	21	AGE21	6331	6330_JamesArness_21_m
126	JamesArness	56	AGE56	6358	6357_JamesArness_56_m
126	JamesArness	76	AGE76	6366	6365_JamesArness_76_m
126	JamesArness	57	AGE57	6359	6358_JamesArness_57_m
126	JamesArness	78	AGE78	6367	6366_JamesArness_78_m
126	JamesArness	27	AGE27	6335	6334_JamesArness_27_m
126	JamesArness	59	AGE59	6360	6359_JamesArness_59_m
126	JamesArness	48	AGE48	6350	6349_JamesArness_48_m
126	JamesArness	23	AGE23	6332	6331_JamesArness_23_m
126	JamesArness	72	AGE72	6365	6364_JamesArness_72_m
126	JamesArness	29	AGE29	6337	6336_JamesArness_29_m
126	JamesArness	25	AGE25	6333	6332_JamesArness_25_m
126	JamesArness	79	AGE79	6368	6367_JamesArness_79_m
126	JamesArness	37	AGE37	6345	6344_JamesArness_37_m
126	JamesArness	39	AGE39	6347	6346_JamesArness_39_m
126	JamesArness	38	AGE38	6346	6345_JamesArness_38_m
126	JamesArness	26	AGE26	6334	6333_JamesArness_26_m
126	JamesArness	70	AGE70	6364	6363_JamesArness_70_m
126	JamesArness	46	AGE46	6349	6348_JamesArness_46_m
126	JamesArness	31	AGE31	6339	6338_JamesArness_31_m
126	JamesArness	87	AGE87	6369	6368_JamesArness_87_m
126	JamesArness	50	AGE50	6352	6351_JamesArness_50_m
126	JamesArness	32	AGE32	6340	6339_JamesArness_32_m
126	JamesArness	28	AGE28	6336	6335_JamesArness_28_m
126	JamesArness	53	AGE53	6355	6354_JamesArness_53_m
126	JamesArness	68	AGE68	6363	6362_JamesArness_68_m
127	HumphreyBogard	50	AGE50	9012	9011_HumphreyBogard_50_m
127	HumphreyBogard	56	AGE56	9037	9036_HumphreyBogard_56_m
127	HumphreyBogard	37	AGE37	9014	9013_HumphreyBogard_37_m
127	HumphreyBogard	41	AGE41	9029	9028_HumphreyBogard_41_m
127	HumphreyBogard	36	AGE36	9035	9034_HumphreyBogard_36_m
127	HumphreyBogard	42	AGE42	9038	9037_HumphreyBogard_42_m
127	HumphreyBogard	47	AGE47	9016	9015_HumphreyBogard_47_m
127	HumphreyBogard	38	AGE38	9030	9029_HumphreyBogard_38_m
127	HumphreyBogard	42	AGE42	9022	9021_HumphreyBogard_42_m
127	HumphreyBogard	40	AGE40	9013	9012_HumphreyBogard_40_m
127	HumphreyBogard	48	AGE48	9026	9025_HumphreyBogard_48_m
127	HumphreyBogard	35	AGE35	9033	9032_HumphreyBogard_35_m
127	HumphreyBogard	43	AGE43	9017	9016_HumphreyBogard_43_m
127	HumphreyBogard	43	AGE43	9025	9024_HumphreyBogard_43_m
127	HumphreyBogard	37	AGE37	9039	9038_HumphreyBogard_37_m
127	HumphreyBogard	50	AGE50	9023	9022_HumphreyBogard_50_m
127	HumphreyBogard	39	AGE39	9027	9026_HumphreyBogard_39_m
127	HumphreyBogard	47	AGE47	9015	9014_HumphreyBogard_47_m
127	HumphreyBogard	43	AGE43	9020	9019_HumphreyBogard_43_m
127	HumphreyBogard	37	AGE37	9028	9027_HumphreyBogard_37_m
127	HumphreyBogard	45	AGE45	9019	9018_HumphreyBogard_45_m
127	HumphreyBogard	55	AGE55	9034	9033_HumphreyBogard_55_m
127	HumphreyBogard	54	AGE54	9036	9035_HumphreyBogard_54_m
127	HumphreyBogard	43	AGE43	9018	9017_HumphreyBogard_43_m
127	HumphreyBogard	50	AGE50	9024	9023_HumphreyBogard_50_m
127	HumphreyBogard	38	AGE38	9032	9031_HumphreyBogard_38_m
127	HumphreyBogard	44	AGE44	9021	9020_HumphreyBogard_44_m
127	HumphreyBogard	40	AGE40	9031	9030_HumphreyBogard_40_m
128	JPMorgan	38	AGE38	358	357_JPMorgan_38_m
128	JPMorgan	50	AGE50	360	359_JPMorgan_50_m
128	JPMorgan	62	AGE62	362	361_JPMorgan_62_m
128	JPMorgan	52	AGE52	364	363_JPMorgan_52_m
128	JPMorgan	65	AGE65	356	355_JPMorgan_65_m
128	JPMorgan	48	AGE48	359	358_JPMorgan_48_m
128	JPMorgan	25	AGE25	363	362_JPMorgan_25_m
128	JPMorgan	66	AGE66	361	360_JPMorgan_66_m
128	JPMorgan	70	AGE70	357	356_JPMorgan_70_m
129	AlCorley	33	AGE33	1603	1602_AlCorley_33_m
129	AlCorley	31	AGE31	1602	1601_AlCorley_31_m
129	AlCorley	45	AGE45	1608	1607_AlCorley_45_m
129	AlCorley	28	AGE28	1600	1599_AlCorley_28_m
129	AlCorley	53	AGE53	1616	1615_AlCorley_53_m
129	AlCorley	48	AGE48	1611	1610_AlCorley_48_m
129	AlCorley	50	AGE50	1613	1612_AlCorley_50_m
129	AlCorley	20	AGE20	1593	1592_AlCorley_20_m
129	AlCorley	22	AGE22	1594	1593_AlCorley_22_m
129	AlCorley	23	AGE23	1595	1594_AlCorley_23_m
129	AlCorley	52	AGE52	1615	1614_AlCorley_52_m
129	AlCorley	58	AGE58	1617	1616_AlCorley_58_m
129	AlCorley	51	AGE51	1614	1613_AlCorley_51_m
129	AlCorley	26	AGE26	1598	1597_AlCorley_26_m
129	AlCorley	25	AGE25	1597	1596_AlCorley_25_m
129	AlCorley	49	AGE49	1612	1611_AlCorley_49_m
129	AlCorley	29	AGE29	1601	1600_AlCorley_29_m
129	AlCorley	39	AGE39	1606	1605_AlCorley_39_m
129	AlCorley	24	AGE24	1596	1595_AlCorley_24_m
129	AlCorley	46	AGE46	1609	1608_AlCorley_46_m
129	AlCorley	27	AGE27	1599	1598_AlCorley_27_m
129	AlCorley	59	AGE59	1618	1617_AlCorley_59_m
129	AlCorley	36	AGE36	1605	1604_AlCorley_36_m
129	AlCorley	44	AGE44	1607	1606_AlCorley_44_m
129	AlCorley	34	AGE34	1604	1603_AlCorley_34_m
129	AlCorley	47	AGE47	1610	1609_AlCorley_47_m
130	merrillcharles	69	AGE69	424	423_merrillcharles_69_m
130	merrillcharles	65	AGE65	423	422_merrillcharles_65_m
130	merrillcharles	70	AGE70	425	424_merrillcharles_70_m
130	merrillcharles	70	AGE70	422	421_merrillcharles_70_m
130	merrillcharles	17	AGE17	426	425_merrillcharles_17_m
131	ElizabethTaylor	49	AGE49	14705	14704_ElizabethTaylor_49_f
131	ElizabethTaylor	28	AGE28	14709	14708_ElizabethTaylor_28_f
131	ElizabethTaylor	21	AGE21	14703	14702_ElizabethTaylor_21_f
131	ElizabethTaylor	75	AGE75	14707	14706_ElizabethTaylor_75_f
131	ElizabethTaylor	18	AGE18	14701	14700_ElizabethTaylor_18_f
131	ElizabethTaylor	23	AGE23	14698	14697_ElizabethTaylor_23_f
131	ElizabethTaylor	75	AGE75	14700	14699_ElizabethTaylor_75_f
131	ElizabethTaylor	20	AGE20	14702	14701_ElizabethTaylor_20_f
131	ElizabethTaylor	33	AGE33	14710	14709_ElizabethTaylor_33_f
131	ElizabethTaylor	56	AGE56	14706	14705_ElizabethTaylor_56_f
131	ElizabethTaylor	77	AGE77	14695	14694_ElizabethTaylor_77_f
131	ElizabethTaylor	49	AGE49	14699	14698_ElizabethTaylor_49_f
131	ElizabethTaylor	16	AGE16	14697	14696_ElizabethTaylor_16_f
131	ElizabethTaylor	75	AGE75	14694	14693_ElizabethTaylor_75_f
131	ElizabethTaylor	61	AGE61	14708	14707_ElizabethTaylor_61_f
131	ElizabethTaylor	13	AGE13	14696	14695_ElizabethTaylor_13_f
131	ElizabethTaylor	40	AGE40	14712	14711_ElizabethTaylor_40_f
131	ElizabethTaylor	35	AGE35	14704	14703_ElizabethTaylor_35_f
131	ElizabethTaylor	50	AGE50	14711	14710_ElizabethTaylor_50_f
132	AlexanderGrahamBell	74	AGE74	1265	1264_AlexanderGrahamBell_74_m
132	AlexanderGrahamBell	74	AGE74	1257	1256_AlexanderGrahamBell_74_m
132	AlexanderGrahamBell	35	AGE35	1258	1257_AlexanderGrahamBell_35_m
132	AlexanderGrahamBell	70	AGE70	1266	1265_AlexanderGrahamBell_70_m
132	AlexanderGrahamBell	40	AGE40	1255	1254_AlexanderGrahamBell_40_m
132	AlexanderGrahamBell	75	AGE75	1267	1266_AlexanderGrahamBell_75_m
132	AlexanderGrahamBell	38	AGE38	1263	1262_AlexanderGrahamBell_38_m
132	AlexanderGrahamBell	62	AGE62	1259	1258_AlexanderGrahamBell_62_m
132	AlexanderGrahamBell	29	AGE29	1254	1253_AlexanderGrahamBell_29_m
132	AlexanderGrahamBell	45	AGE45	1264	1263_AlexanderGrahamBell_45_m
132	AlexanderGrahamBell	73	AGE73	1260	1259_AlexanderGrahamBell_73_m
132	AlexanderGrahamBell	29	AGE29	1262	1261_AlexanderGrahamBell_29_m
132	AlexanderGrahamBell	27	AGE27	1253	1252_AlexanderGrahamBell_27_m
132	AlexanderGrahamBell	65	AGE65	1256	1255_AlexanderGrahamBell_65_m
132	AlexanderGrahamBell	29	AGE29	1261	1260_AlexanderGrahamBell_29_m
133	LeeJCobb	39	AGE39	6555	6554_LeeJCobb_39_m
133	LeeJCobb	55	AGE55	6569	6568_LeeJCobb_55_m
133	LeeJCobb	37	AGE37	6553	6552_LeeJCobb_37_m
133	LeeJCobb	42	AGE42	6563	6562_LeeJCobb_42_m
133	LeeJCobb	40	AGE40	6562	6561_LeeJCobb_40_m
133	LeeJCobb	26	AGE26	6549	6548_LeeJCobb_26_m
133	LeeJCobb	46	AGE46	6566	6565_LeeJCobb_46_m
133	LeeJCobb	44	AGE44	6565	6564_LeeJCobb_44_m
133	LeeJCobb	59	AGE59	6570	6569_LeeJCobb_59_m
133	LeeJCobb	48	AGE48	6567	6566_LeeJCobb_48_m
133	LeeJCobb	57	AGE57	6559	6558_LeeJCobb_57_m
133	LeeJCobb	34	AGE34	6551	6550_LeeJCobb_34_m
133	LeeJCobb	24	AGE24	6548	6547_LeeJCobb_24_m
133	LeeJCobb	53	AGE53	6558	6557_LeeJCobb_53_m
133	LeeJCobb	60	AGE60	6571	6570_LeeJCobb_60_m
133	LeeJCobb	64	AGE64	6573	6572_LeeJCobb_64_m
133	LeeJCobb	61	AGE61	6560	6559_LeeJCobb_61_m
133	LeeJCobb	63	AGE63	6561	6560_LeeJCobb_63_m
133	LeeJCobb	35	AGE35	6552	6551_LeeJCobb_35_m
133	LeeJCobb	28	AGE28	6550	6549_LeeJCobb_28_m
133	LeeJCobb	43	AGE43	6564	6563_LeeJCobb_43_m
133	LeeJCobb	38	AGE38	6554	6553_LeeJCobb_38_m
133	LeeJCobb	50	AGE50	6568	6567_LeeJCobb_50_m
133	LeeJCobb	51	AGE51	6557	6556_LeeJCobb_51_m
133	LeeJCobb	62	AGE62	6572	6571_LeeJCobb_62_m
133	LeeJCobb	47	AGE47	6556	6555_LeeJCobb_47_m
134	JohnLithgow	66	AGE66	3405	3404_JohnLithgow_66_m
134	JohnLithgow	53	AGE53	3396	3395_JohnLithgow_53_m
134	JohnLithgow	69	AGE69	3408	3407_JohnLithgow_69_m
134	JohnLithgow	70	AGE70	3409	3408_JohnLithgow_70_m
134	JohnLithgow	50	AGE50	3393	3392_JohnLithgow_50_m
134	JohnLithgow	64	AGE64	3403	3402_JohnLithgow_64_m
134	JohnLithgow	59	AGE59	3399	3398_JohnLithgow_59_m
134	JohnLithgow	52	AGE52	3395	3394_JohnLithgow_52_m
134	JohnLithgow	62	AGE62	3401	3400_JohnLithgow_62_m
134	JohnLithgow	56	AGE56	3397	3396_JohnLithgow_56_m
134	JohnLithgow	39	AGE39	3384	3383_JohnLithgow_39_m
134	JohnLithgow	47	AGE47	3390	3389_JohnLithgow_47_m
134	JohnLithgow	68	AGE68	3407	3406_JohnLithgow_68_m
134	JohnLithgow	51	AGE51	3394	3393_JohnLithgow_51_m
134	JohnLithgow	49	AGE49	3392	3391_JohnLithgow_49_m
134	JohnLithgow	46	AGE46	3389	3388_JohnLithgow_46_m
134	JohnLithgow	43	AGE43	3387	3386_JohnLithgow_43_m
134	JohnLithgow	60	AGE60	3400	3399_JohnLithgow_60_m
134	JohnLithgow	42	AGE42	3385	3384_JohnLithgow_42_m
134	JohnLithgow	43	AGE43	3386	3385_JohnLithgow_43_m
134	JohnLithgow	48	AGE48	3391	3390_JohnLithgow_48_m
134	JohnLithgow	65	AGE65	3404	3403_JohnLithgow_65_m
134	JohnLithgow	63	AGE63	3402	3401_JohnLithgow_63_m
134	JohnLithgow	57	AGE57	3398	3397_JohnLithgow_57_m
134	JohnLithgow	44	AGE44	3388	3387_JohnLithgow_44_m
134	JohnLithgow	67	AGE67	3406	3405_JohnLithgow_67_m
135	RichardPryor	45	AGE45	16230	16229_RichardPryor_45_m
135	RichardPryor	47	AGE47	16018	16017_RichardPryor_47_m
135	RichardPryor	26	AGE26	16223	16222_RichardPryor_26_m
135	RichardPryor	39	AGE39	16233	16232_RichardPryor_39_m
135	RichardPryor	61	AGE61	16227	16226_RichardPryor_61_m
135	RichardPryor	46	AGE46	16212	16211_RichardPryor_46_m
135	RichardPryor	37	AGE37	16214	16213_RichardPryor_37_m
135	RichardPryor	60	AGE60	16221	16220_RichardPryor_60_m
135	RichardPryor	40	AGE40	16235	16234_RichardPryor_40_m
135	RichardPryor	37	AGE37	16220	16219_RichardPryor_37_m
135	RichardPryor	55	AGE55	16234	16233_RichardPryor_55_m
135	RichardPryor	65	AGE65	16228	16227_RichardPryor_65_m
135	RichardPryor	7	AGE7	16213	16212_RichardPryor_7_m
135	RichardPryor	37	AGE37	16226	16225_RichardPryor_37_m
135	RichardPryor	29	AGE29	16210	16209_RichardPryor_29_m
135	RichardPryor	30	AGE30	16218	16217_RichardPryor_30_m
135	RichardPryor	37	AGE37	16216	16215_RichardPryor_37_m
135	RichardPryor	47	AGE47	16017	16016_RichardPryor_47_m
135	RichardPryor	47	AGE47	16209	16208_RichardPryor_47_m
135	RichardPryor	36	AGE36	16231	16230_RichardPryor_36_m
135	RichardPryor	43	AGE43	16222	16221_RichardPryor_43_m
135	RichardPryor	41	AGE41	16217	16216_RichardPryor_41_m
135	RichardPryor	26	AGE26	16224	16223_RichardPryor_26_m
135	RichardPryor	28	AGE28	16229	16228_RichardPryor_28_m
135	RichardPryor	43	AGE43	16211	16210_RichardPryor_43_m
135	RichardPryor	24	AGE24	16020	16019_RichardPryor_24_m
135	RichardPryor	37	AGE37	16215	16214_RichardPryor_37_m
135	RichardPryor	28	AGE28	16219	16218_RichardPryor_28_m
135	RichardPryor	26	AGE26	16225	16224_RichardPryor_26_m
135	RichardPryor	54	AGE54	16232	16231_RichardPryor_54_m
136	LawrenceTierney	27	AGE27	9086	9085_LawrenceTierney_27_m
136	LawrenceTierney	66	AGE66	9095	9094_LawrenceTierney_66_m
136	LawrenceTierney	24	AGE24	9082	9081_LawrenceTierney_24_m
136	LawrenceTierney	26	AGE26	9084	9083_LawrenceTierney_26_m
136	LawrenceTierney	69	AGE69	9105	9104_LawrenceTierney_69_m
136	LawrenceTierney	75	AGE75	9099	9098_LawrenceTierney_75_m
136	LawrenceTierney	78	AGE78	9101	9100_LawrenceTierney_78_m
136	LawrenceTierney	76	AGE76	9100	9099_LawrenceTierney_76_m
136	LawrenceTierney	31	AGE31	9090	9089_LawrenceTierney_31_m
136	LawrenceTierney	77	AGE77	9107	9106_LawrenceTierney_77_m
136	LawrenceTierney	61	AGE61	9093	9092_LawrenceTierney_61_m
136	LawrenceTierney	25	AGE25	9083	9082_LawrenceTierney_25_m
136	LawrenceTierney	35	AGE35	9104	9103_LawrenceTierney_35_m
136	LawrenceTierney	30	AGE30	9089	9088_LawrenceTierney_30_m
136	LawrenceTierney	73	AGE73	9097	9096_LawrenceTierney_73_m
136	LawrenceTierney	34	AGE34	9103	9102_LawrenceTierney_34_m
136	LawrenceTierney	72	AGE72	9106	9105_LawrenceTierney_72_m
136	LawrenceTierney	32	AGE32	9102	9101_LawrenceTierney_32_m
136	LawrenceTierney	62	AGE62	9094	9093_LawrenceTierney_62_m
136	LawrenceTierney	26	AGE26	9085	9084_LawrenceTierney_26_m
136	LawrenceTierney	57	AGE57	9091	9090_LawrenceTierney_57_m
136	LawrenceTierney	74	AGE74	9098	9097_LawrenceTierney_74_m
136	LawrenceTierney	58	AGE58	9092	9091_LawrenceTierney_58_m
136	LawrenceTierney	29	AGE29	9088	9087_LawrenceTierney_29_m
136	LawrenceTierney	28	AGE28	9087	9086_LawrenceTierney_28_m
136	LawrenceTierney	68	AGE68	9096	9095_LawrenceTierney_68_m
137	SidneyPoitier	52	AGE52	16162	16161_SidneyPoitier_52_m
137	SidneyPoitier	85	AGE85	16177	16176_SidneyPoitier_85_m
137	SidneyPoitier	70	AGE70	16169	16168_SidneyPoitier_70_m
137	SidneyPoitier	24	AGE24	16149	16148_SidneyPoitier_24_m
137	SidneyPoitier	40	AGE40	16158	16157_SidneyPoitier_40_m
137	SidneyPoitier	50	AGE50	16161	16160_SidneyPoitier_50_m
137	SidneyPoitier	31	AGE31	16153	16152_SidneyPoitier_31_m
137	SidneyPoitier	44	AGE44	16160	16159_SidneyPoitier_44_m
137	SidneyPoitier	85	AGE85	16176	16175_SidneyPoitier_85_m
137	SidneyPoitier	62	AGE62	16165	16164_SidneyPoitier_62_m
137	SidneyPoitier	38	AGE38	16157	16156_SidneyPoitier_38_m
137	SidneyPoitier	33	AGE33	16154	16153_SidneyPoitier_33_m
137	SidneyPoitier	69	AGE69	16167	16166_SidneyPoitier_69_m
137	SidneyPoitier	87	AGE87	16178	16177_SidneyPoitier_87_m
137	SidneyPoitier	74	AGE74	16172	16171_SidneyPoitier_74_m
137	SidneyPoitier	31	AGE31	16147	16146_SidneyPoitier_31_m
137	SidneyPoitier	87	AGE87	16179	16178_SidneyPoitier_87_m
137	SidneyPoitier	25	AGE25	16150	16149_SidneyPoitier_25_m
137	SidneyPoitier	36	AGE36	16156	16155_SidneyPoitier_36_m
137	SidneyPoitier	34	AGE34	16155	16154_SidneyPoitier_34_m
137	SidneyPoitier	31	AGE31	16146	16145_SidneyPoitier_31_m
137	SidneyPoitier	81	AGE81	16174	16173_SidneyPoitier_81_m
137	SidneyPoitier	61	AGE61	16164	16163_SidneyPoitier_61_m
137	SidneyPoitier	75	AGE75	16173	16172_SidneyPoitier_75_m
137	SidneyPoitier	88	AGE88	16180	16179_SidneyPoitier_88_m
137	SidneyPoitier	82	AGE82	16175	16174_SidneyPoitier_82_m
137	SidneyPoitier	27	AGE27	16151	16150_SidneyPoitier_27_m
137	SidneyPoitier	30	AGE30	16152	16151_SidneyPoitier_30_m
137	SidneyPoitier	24	AGE24	16148	16147_SidneyPoitier_24_m
137	SidneyPoitier	69	AGE69	16168	16167_SidneyPoitier_69_m
137	SidneyPoitier	89	AGE89	16181	16180_SidneyPoitier_89_m
137	SidneyPoitier	72	AGE72	16170	16169_SidneyPoitier_72_m
137	SidneyPoitier	41	AGE41	16159	16158_SidneyPoitier_41_m
137	SidneyPoitier	73	AGE73	16171	16170_SidneyPoitier_73_m
137	SidneyPoitier	53	AGE53	16163	16162_SidneyPoitier_53_m
137	SidneyPoitier	23	AGE23	16013	16012_SidneyPoitier_23_m
137	SidneyPoitier	68	AGE68	16166	16165_SidneyPoitier_68_m
138	RomySchneider	31	AGE31	14099	14098_RomySchneider_31_f
138	RomySchneider	44	AGE44	14111	14110_RomySchneider_44_f
138	RomySchneider	25	AGE25	14092	14091_RomySchneider_25_f
138	RomySchneider	24	AGE24	14091	14090_RomySchneider_24_f
138	RomySchneider	42	AGE42	14109	14108_RomySchneider_42_f
138	RomySchneider	39	AGE39	14106	14105_RomySchneider_39_f
138	RomySchneider	34	AGE34	14101	14100_RomySchneider_34_f
138	RomySchneider	15	AGE15	14083	14082_RomySchneider_15_f
138	RomySchneider	18	AGE18	14085	14084_RomySchneider_18_f
138	RomySchneider	28	AGE28	14096	14095_RomySchneider_28_f
138	RomySchneider	16	AGE16	14084	14083_RomySchneider_16_f
138	RomySchneider	36	AGE36	14103	14102_RomySchneider_36_f
138	RomySchneider	25	AGE25	14093	14092_RomySchneider_25_f
138	RomySchneider	23	AGE23	14090	14089_RomySchneider_23_f
138	RomySchneider	35	AGE35	14102	14101_RomySchneider_35_f
138	RomySchneider	29	AGE29	14097	14096_RomySchneider_29_f
138	RomySchneider	27	AGE27	14095	14094_RomySchneider_27_f
138	RomySchneider	40	AGE40	14107	14106_RomySchneider_40_f
138	RomySchneider	22	AGE22	14089	14088_RomySchneider_22_f
138	RomySchneider	21	AGE21	14088	14087_RomySchneider_21_f
138	RomySchneider	20	AGE20	14087	14086_RomySchneider_20_f
138	RomySchneider	41	AGE41	14108	14107_RomySchneider_41_f
138	RomySchneider	37	AGE37	14104	14103_RomySchneider_37_f
138	RomySchneider	19	AGE19	14086	14085_RomySchneider_19_f
138	RomySchneider	43	AGE43	14110	14109_RomySchneider_43_f
138	RomySchneider	26	AGE26	14094	14093_RomySchneider_26_f
138	RomySchneider	30	AGE30	14098	14097_RomySchneider_30_f
138	RomySchneider	38	AGE38	14105	14104_RomySchneider_38_f
138	RomySchneider	32	AGE32	14100	14099_RomySchneider_32_f
139	GalileoGalilei	70	AGE70	1148	1147_GalileoGalilei_70_m
139	GalileoGalilei	74	AGE74	1147	1146_GalileoGalilei_74_m
139	GalileoGalilei	72	AGE72	1151	1150_GalileoGalilei_72_m
139	GalileoGalilei	63	AGE63	1150	1149_GalileoGalilei_63_m
139	GalileoGalilei	35	AGE35	1152	1151_GalileoGalilei_35_m
139	GalileoGalilei	41	AGE41	1149	1148_GalileoGalilei_41_m
139	GalileoGalilei	38	AGE38	1146	1145_GalileoGalilei_38_m
139	GalileoGalilei	68	AGE68	1145	1144_GalileoGalilei_68_m
140	EdHarris	51	AGE51	1711	1710_EdHarris_51_m
140	EdHarris	45	AGE45	1705	1704_EdHarris_45_m
140	EdHarris	44	AGE44	1703	1702_EdHarris_44_m
140	EdHarris	45	AGE45	1704	1703_EdHarris_45_m
140	EdHarris	32	AGE32	1692	1691_EdHarris_32_m
140	EdHarris	62	AGE62	1720	1719_EdHarris_62_m
140	EdHarris	50	AGE50	1710	1709_EdHarris_50_m
140	EdHarris	63	AGE63	1721	1720_EdHarris_63_m
140	EdHarris	43	AGE43	1702	1701_EdHarris_43_m
140	EdHarris	57	AGE57	1716	1715_EdHarris_57_m
140	EdHarris	33	AGE33	1693	1692_EdHarris_33_m
140	EdHarris	34	AGE34	1695	1694_EdHarris_34_m
140	EdHarris	53	AGE53	1712	1711_EdHarris_53_m
140	EdHarris	37	AGE37	1698	1697_EdHarris_37_m
140	EdHarris	48	AGE48	1708	1707_EdHarris_48_m
140	EdHarris	33	AGE33	1694	1693_EdHarris_33_m
140	EdHarris	56	AGE56	1714	1713_EdHarris_56_m
140	EdHarris	60	AGE60	1718	1717_EdHarris_60_m
140	EdHarris	62	AGE62	1719	1718_EdHarris_62_m
140	EdHarris	54	AGE54	1713	1712_EdHarris_54_m
140	EdHarris	40	AGE40	1701	1700_EdHarris_40_m
140	EdHarris	38	AGE38	1699	1698_EdHarris_38_m
140	EdHarris	64	AGE64	1722	1721_EdHarris_64_m
140	EdHarris	41	AGE41	1723	1722_EdHarris_41_m
140	EdHarris	35	AGE35	1697	1696_EdHarris_35_m
140	EdHarris	30	AGE30	1690	1689_EdHarris_30_m
140	EdHarris	49	AGE49	1709	1708_EdHarris_49_m
140	EdHarris	47	AGE47	1707	1706_EdHarris_47_m
140	EdHarris	46	AGE46	1706	1705_EdHarris_46_m
140	EdHarris	31	AGE31	1691	1690_EdHarris_31_m
140	EdHarris	56	AGE56	1715	1714_EdHarris_56_m
140	EdHarris	34	AGE34	1696	1695_EdHarris_34_m
140	EdHarris	28	AGE28	1689	1688_EdHarris_28_m
140	EdHarris	39	AGE39	1700	1699_EdHarris_39_m
140	EdHarris	58	AGE58	1717	1716_EdHarris_58_m
141	ErnestBorgnine	82	AGE82	8937	8936_ErnestBorgnine_82_m
141	ErnestBorgnine	43	AGE43	8915	8914_ErnestBorgnine_43_m
141	ErnestBorgnine	57	AGE57	8925	8924_ErnestBorgnine_57_m
141	ErnestBorgnine	38	AGE38	8911	8910_ErnestBorgnine_38_m
141	ErnestBorgnine	53	AGE53	8921	8920_ErnestBorgnine_53_m
141	ErnestBorgnine	59	AGE59	8927	8926_ErnestBorgnine_59_m
141	ErnestBorgnine	58	AGE58	8926	8925_ErnestBorgnine_58_m
141	ErnestBorgnine	41	AGE41	8914	8913_ErnestBorgnine_41_m
141	ErnestBorgnine	86	AGE86	8940	8939_ErnestBorgnine_86_m
141	ErnestBorgnine	79	AGE79	8935	8934_ErnestBorgnine_79_m
141	ErnestBorgnine	55	AGE55	8923	8922_ErnestBorgnine_55_m
141	ErnestBorgnine	80	AGE80	8936	8935_ErnestBorgnine_80_m
141	ErnestBorgnine	63	AGE63	8930	8929_ErnestBorgnine_63_m
141	ErnestBorgnine	93	AGE93	8944	8943_ErnestBorgnine_93_m
141	ErnestBorgnine	85	AGE85	8939	8938_ErnestBorgnine_85_m
141	ErnestBorgnine	75	AGE75	8934	8933_ErnestBorgnine_75_m
141	ErnestBorgnine	65	AGE65	8931	8930_ErnestBorgnine_65_m
141	ErnestBorgnine	61	AGE61	8929	8928_ErnestBorgnine_61_m
141	ErnestBorgnine	60	AGE60	8928	8927_ErnestBorgnine_60_m
141	ErnestBorgnine	38	AGE38	8910	8909_ErnestBorgnine_38_m
141	ErnestBorgnine	37	AGE37	8909	8908_ErnestBorgnine_37_m
141	ErnestBorgnine	88	AGE88	8941	8940_ErnestBorgnine_88_m
141	ErnestBorgnine	89	AGE89	8942	8941_ErnestBorgnine_89_m
141	ErnestBorgnine	46	AGE46	8916	8915_ErnestBorgnine_46_m
141	ErnestBorgnine	94	AGE94	8945	8944_ErnestBorgnine_94_m
141	ErnestBorgnine	91	AGE91	8943	8942_ErnestBorgnine_91_m
141	ErnestBorgnine	47	AGE47	8917	8916_ErnestBorgnine_47_m
141	ErnestBorgnine	56	AGE56	8924	8923_ErnestBorgnine_56_m
141	ErnestBorgnine	51	AGE51	8919	8918_ErnestBorgnine_51_m
141	ErnestBorgnine	41	AGE41	8913	8912_ErnestBorgnine_41_m
141	ErnestBorgnine	84	AGE84	8938	8937_ErnestBorgnine_84_m
141	ErnestBorgnine	73	AGE73	8933	8932_ErnestBorgnine_73_m
141	ErnestBorgnine	54	AGE54	8922	8921_ErnestBorgnine_54_m
141	ErnestBorgnine	48	AGE48	8918	8917_ErnestBorgnine_48_m
141	ErnestBorgnine	52	AGE52	8920	8919_ErnestBorgnine_52_m
141	ErnestBorgnine	39	AGE39	8912	8911_ErnestBorgnine_39_m
141	ErnestBorgnine	72	AGE72	8932	8931_ErnestBorgnine_72_m
142	JanetGaynor	21	AGE21	14246	14245_JanetGaynor_21_f
142	JanetGaynor	20	AGE20	14242	14241_JanetGaynor_20_f
142	JanetGaynor	26	AGE26	14250	14249_JanetGaynor_26_f
142	JanetGaynor	27	AGE27	14251	14250_JanetGaynor_27_f
142	JanetGaynor	24	AGE24	14249	14248_JanetGaynor_24_f
142	JanetGaynor	29	AGE29	14253	14252_JanetGaynor_29_f
142	JanetGaynor	72	AGE72	14268	14267_JanetGaynor_72_f
142	JanetGaynor	31	AGE31	14255	14254_JanetGaynor_31_f
142	JanetGaynor	48	AGE48	14258	14257_JanetGaynor_48_f
142	JanetGaynor	71	AGE71	14259	14258_JanetGaynor_71_f
142	JanetGaynor	76	AGE76	14261	14260_JanetGaynor_76_f
142	JanetGaynor	23	AGE23	14263	14262_JanetGaynor_23_f
142	JanetGaynor	51	AGE51	14256	14255_JanetGaynor_51_f
142	JanetGaynor	23	AGE23	14248	14247_JanetGaynor_23_f
142	JanetGaynor	28	AGE28	14252	14251_JanetGaynor_28_f
142	JanetGaynor	30	AGE30	14254	14253_JanetGaynor_30_f
142	JanetGaynor	31	AGE31	14265	14264_JanetGaynor_31_f
142	JanetGaynor	74	AGE74	14260	14259_JanetGaynor_74_f
142	JanetGaynor	47	AGE47	14267	14266_JanetGaynor_47_f
142	JanetGaynor	14	AGE14	14244	14243_JanetGaynor_14_f
142	JanetGaynor	30	AGE30	14264	14263_JanetGaynor_30_f
142	JanetGaynor	24	AGE24	14262	14261_JanetGaynor_24_f
142	JanetGaynor	20	AGE20	14245	14244_JanetGaynor_20_f
142	JanetGaynor	21	AGE21	14243	14242_JanetGaynor_21_f
142	JanetGaynor	32	AGE32	14257	14256_JanetGaynor_32_f
142	JanetGaynor	22	AGE22	14247	14246_JanetGaynor_22_f
142	JanetGaynor	25	AGE25	14266	14265_JanetGaynor_25_f
143	BarbraStreisand	31	AGE31	12913	12912_BarbraStreisand_31_f
143	BarbraStreisand	41	AGE41	12924	12923_BarbraStreisand_41_f
143	BarbraStreisand	42	AGE42	12925	12924_BarbraStreisand_42_f
143	BarbraStreisand	38	AGE38	12923	12922_BarbraStreisand_38_f
143	BarbraStreisand	22	AGE22	12938	12937_BarbraStreisand_22_f
143	BarbraStreisand	27	AGE27	12909	12908_BarbraStreisand_27_f
143	BarbraStreisand	71	AGE71	12934	12933_BarbraStreisand_71_f
143	BarbraStreisand	33	AGE33	12915	12914_BarbraStreisand_33_f
143	BarbraStreisand	10	AGE10	12937	12936_BarbraStreisand_10_f
143	BarbraStreisand	58	AGE58	12929	12928_BarbraStreisand_58_f
143	BarbraStreisand	11	AGE11	12935	12934_BarbraStreisand_11_f
143	BarbraStreisand	30	AGE30	12912	12911_BarbraStreisand_30_f
143	BarbraStreisand	29	AGE29	12911	12910_BarbraStreisand_29_f
143	BarbraStreisand	62	AGE62	12930	12929_BarbraStreisand_62_f
143	BarbraStreisand	20	AGE20	12919	12918_BarbraStreisand_20_f
143	BarbraStreisand	20	AGE20	12907	12906_BarbraStreisand_20_f
143	BarbraStreisand	68	AGE68	12918	12917_BarbraStreisand_68_f
143	BarbraStreisand	46	AGE46	12926	12925_BarbraStreisand_46_f
143	BarbraStreisand	28	AGE28	12910	12909_BarbraStreisand_28_f
143	BarbraStreisand	35	AGE35	12922	12921_BarbraStreisand_35_f
143	BarbraStreisand	69	AGE69	12932	12931_BarbraStreisand_69_f
143	BarbraStreisand	34	AGE34	12921	12920_BarbraStreisand_34_f
143	BarbraStreisand	56	AGE56	12928	12927_BarbraStreisand_56_f
143	BarbraStreisand	21	AGE21	12920	12919_BarbraStreisand_21_f
143	BarbraStreisand	48	AGE48	12927	12926_BarbraStreisand_48_f
143	BarbraStreisand	63	AGE63	12917	12916_BarbraStreisand_63_f
143	BarbraStreisand	26	AGE26	12908	12907_BarbraStreisand_26_f
143	BarbraStreisand	67	AGE67	12931	12930_BarbraStreisand_67_f
143	BarbraStreisand	59	AGE59	12916	12915_BarbraStreisand_59_f
143	BarbraStreisand	32	AGE32	12914	12913_BarbraStreisand_32_f
143	BarbraStreisand	70	AGE70	12933	12932_BarbraStreisand_70_f
143	BarbraStreisand	25	AGE25	12936	12935_BarbraStreisand_25_f
144	SusannahYork	45	AGE45	14127	14126_SusannahYork_45_f
144	SusannahYork	22	AGE22	14113	14112_SusannahYork_22_f
144	SusannahYork	71	AGE71	14141	14140_SusannahYork_71_f
144	SusannahYork	61	AGE61	14137	14136_SusannahYork_61_f
144	SusannahYork	35	AGE35	14122	14121_SusannahYork_35_f
144	SusannahYork	29	AGE29	14118	14117_SusannahYork_29_f
144	SusannahYork	30	AGE30	14119	14118_SusannahYork_30_f
144	SusannahYork	26	AGE26	14116	14115_SusannahYork_26_f
144	SusannahYork	57	AGE57	14134	14133_SusannahYork_57_f
144	SusannahYork	39	AGE39	14125	14124_SusannahYork_39_f
144	SusannahYork	64	AGE64	14138	14137_SusannahYork_64_f
144	SusannahYork	21	AGE21	14112	14111_SusannahYork_21_f
144	SusannahYork	55	AGE55	14132	14131_SusannahYork_55_f
144	SusannahYork	38	AGE38	14124	14123_SusannahYork_38_f
144	SusannahYork	60	AGE60	14136	14135_SusannahYork_60_f
144	SusannahYork	41	AGE41	14142	14141_SusannahYork_41_f
144	SusannahYork	59	AGE59	14135	14134_SusannahYork_59_f
144	SusannahYork	65	AGE65	14139	14138_SusannahYork_65_f
144	SusannahYork	69	AGE69	14140	14139_SusannahYork_69_f
144	SusannahYork	27	AGE27	14117	14116_SusannahYork_27_f
144	SusannahYork	24	AGE24	14115	14114_SusannahYork_24_f
144	SusannahYork	51	AGE51	14130	14129_SusannahYork_51_f
144	SusannahYork	46	AGE46	14128	14127_SusannahYork_46_f
144	SusannahYork	53	AGE53	14131	14130_SusannahYork_53_f
144	SusannahYork	48	AGE48	14129	14128_SusannahYork_48_f
144	SusannahYork	23	AGE23	14114	14113_SusannahYork_23_f
144	SusannahYork	31	AGE31	14120	14119_SusannahYork_31_f
144	SusannahYork	42	AGE42	14126	14125_SusannahYork_42_f
144	SusannahYork	56	AGE56	14133	14132_SusannahYork_56_f
144	SusannahYork	36	AGE36	14123	14122_SusannahYork_36_f
144	SusannahYork	33	AGE33	14121	14120_SusannahYork_33_f
145	DonJohnson	36	AGE36	2513	2512_DonJohnson_36_m
145	DonJohnson	60	AGE60	2533	2532_DonJohnson_60_m
145	DonJohnson	23	AGE23	2502	2501_DonJohnson_23_m
145	DonJohnson	64	AGE64	2535	2534_DonJohnson_64_m
145	DonJohnson	38	AGE38	2515	2514_DonJohnson_38_m
145	DonJohnson	26	AGE26	2505	2504_DonJohnson_26_m
145	DonJohnson	65	AGE65	2536	2535_DonJohnson_65_m
145	DonJohnson	28	AGE28	2507	2506_DonJohnson_28_m
145	DonJohnson	47	AGE47	2521	2520_DonJohnson_47_m
145	DonJohnson	31	AGE31	2509	2508_DonJohnson_31_m
145	DonJohnson	37	AGE37	2514	2513_DonJohnson_37_m
145	DonJohnson	59	AGE59	2532	2531_DonJohnson_59_m
145	DonJohnson	50	AGE50	2524	2523_DonJohnson_50_m
145	DonJohnson	48	AGE48	2522	2521_DonJohnson_48_m
145	DonJohnson	30	AGE30	2508	2507_DonJohnson_30_m
145	DonJohnson	39	AGE39	2516	2515_DonJohnson_39_m
145	DonJohnson	20	AGE20	2499	2498_DonJohnson_20_m
145	DonJohnson	27	AGE27	2506	2505_DonJohnson_27_m
145	DonJohnson	43	AGE43	2518	2517_DonJohnson_43_m
145	DonJohnson	56	AGE56	2530	2529_DonJohnson_56_m
145	DonJohnson	51	AGE51	2525	2524_DonJohnson_51_m
145	DonJohnson	22	AGE22	2501	2500_DonJohnson_22_m
145	DonJohnson	45	AGE45	2519	2518_DonJohnson_45_m
145	DonJohnson	34	AGE34	2511	2510_DonJohnson_34_m
145	DonJohnson	21	AGE21	2500	2499_DonJohnson_21_m
145	DonJohnson	61	AGE61	2534	2533_DonJohnson_61_m
145	DonJohnson	46	AGE46	2520	2519_DonJohnson_46_m
145	DonJohnson	17	AGE17	2498	2497_DonJohnson_17_m
145	DonJohnson	55	AGE55	2529	2528_DonJohnson_55_m
145	DonJohnson	35	AGE35	2512	2511_DonJohnson_35_m
145	DonJohnson	33	AGE33	2510	2509_DonJohnson_33_m
145	DonJohnson	52	AGE52	2526	2525_DonJohnson_52_m
145	DonJohnson	57	AGE57	2531	2530_DonJohnson_57_m
145	DonJohnson	53	AGE53	2527	2526_DonJohnson_53_m
145	DonJohnson	40	AGE40	2517	2516_DonJohnson_40_m
145	DonJohnson	49	AGE49	2523	2522_DonJohnson_49_m
145	DonJohnson	24	AGE24	2503	2502_DonJohnson_24_m
145	DonJohnson	54	AGE54	2528	2527_DonJohnson_54_m
145	DonJohnson	25	AGE25	2504	2503_DonJohnson_25_m
146	RicardoMontalb╨░n	25	AGE25	9534	9533_RicardoMontalb╨░n_25_m
146	RicardoMontalb╨░n	22	AGE22	9532	9531_RicardoMontalb╨░n_22_m
146	RicardoMontalb╨░n	70	AGE70	9559	9558_RicardoMontalb╨░n_70_m
146	RicardoMontalb╨░n	57	AGE57	9553	9552_RicardoMontalb╨░n_57_m
146	RicardoMontalb╨░n	23	AGE23	9533	9532_RicardoMontalb╨░n_23_m
146	RicardoMontalb╨░n	65	AGE65	9556	9555_RicardoMontalb╨░n_65_m
146	RicardoMontalb╨░n	55	AGE55	9551	9550_RicardoMontalb╨░n_55_m
146	RicardoMontalb╨░n	31	AGE31	9539	9538_RicardoMontalb╨░n_31_m
146	RicardoMontalb╨░n	83	AGE83	9564	9563_RicardoMontalb╨░n_83_m
146	RicardoMontalb╨░n	51	AGE51	9549	9548_RicardoMontalb╨░n_51_m
146	RicardoMontalb╨░n	77	AGE77	9561	9560_RicardoMontalb╨░n_77_m
146	RicardoMontalb╨░n	74	AGE74	9560	9559_RicardoMontalb╨░n_74_m
146	RicardoMontalb╨░n	30	AGE30	9538	9537_RicardoMontalb╨░n_30_m
146	RicardoMontalb╨░n	41	AGE41	9543	9542_RicardoMontalb╨░n_41_m
146	RicardoMontalb╨░n	47	AGE47	9546	9545_RicardoMontalb╨░n_47_m
146	RicardoMontalb╨░n	61	AGE61	9555	9554_RicardoMontalb╨░n_61_m
146	RicardoMontalb╨░n	82	AGE82	9563	9562_RicardoMontalb╨░n_82_m
146	RicardoMontalb╨░n	46	AGE46	9545	9544_RicardoMontalb╨░n_46_m
146	RicardoMontalb╨░n	28	AGE28	9536	9535_RicardoMontalb╨░n_28_m
146	RicardoMontalb╨░n	37	AGE37	9541	9540_RicardoMontalb╨░n_37_m
146	RicardoMontalb╨░n	44	AGE44	9544	9543_RicardoMontalb╨░n_44_m
146	RicardoMontalb╨░n	40	AGE40	9542	9541_RicardoMontalb╨░n_40_m
146	RicardoMontalb╨░n	68	AGE68	9558	9557_RicardoMontalb╨░n_68_m
146	RicardoMontalb╨░n	48	AGE48	9547	9546_RicardoMontalb╨░n_48_m
146	RicardoMontalb╨░n	58	AGE58	9554	9553_RicardoMontalb╨░n_58_m
146	RicardoMontalb╨░n	50	AGE50	9548	9547_RicardoMontalb╨░n_50_m
146	RicardoMontalb╨░n	67	AGE67	9557	9556_RicardoMontalb╨░n_67_m
146	RicardoMontalb╨░n	27	AGE27	9535	9534_RicardoMontalb╨░n_27_m
146	RicardoMontalb╨░n	32	AGE32	9540	9539_RicardoMontalb╨░n_32_m
146	RicardoMontalb╨░n	29	AGE29	9537	9536_RicardoMontalb╨░n_29_m
146	RicardoMontalb╨░n	78	AGE78	9562	9561_RicardoMontalb╨░n_78_m
146	RicardoMontalb╨░n	56	AGE56	9552	9551_RicardoMontalb╨░n_56_m
146	RicardoMontalb╨░n	52	AGE52	9550	9549_RicardoMontalb╨░n_52_m
146	RicardoMontalb╨░n	84	AGE84	9565	9564_RicardoMontalb╨░n_84_m
147	SamuelJacksonn	63	AGE63	16139	16138_SamuelJacksonn_63_m
147	SamuelJacksonn	55	AGE55	16129	16128_SamuelJacksonn_55_m
147	SamuelJacksonn	58	AGE58	16132	16131_SamuelJacksonn_58_m
147	SamuelJacksonn	36	AGE36	16112	16111_SamuelJacksonn_36_m
147	SamuelJacksonn	50	AGE50	16120	16119_SamuelJacksonn_50_m
147	SamuelJacksonn	52	AGE52	16125	16124_SamuelJacksonn_52_m
147	SamuelJacksonn	52	AGE52	16122	16121_SamuelJacksonn_52_m
147	SamuelJacksonn	56	AGE56	16130	16129_SamuelJacksonn_56_m
147	SamuelJacksonn	60	AGE60	16134	16133_SamuelJacksonn_60_m
147	SamuelJacksonn	48	AGE48	16118	16117_SamuelJacksonn_48_m
147	SamuelJacksonn	45	AGE45	16114	16113_SamuelJacksonn_45_m
147	SamuelJacksonn	44	AGE44	16113	16112_SamuelJacksonn_44_m
147	SamuelJacksonn	52	AGE52	16126	16125_SamuelJacksonn_52_m
147	SamuelJacksonn	66	AGE66	16142	16141_SamuelJacksonn_66_m
147	SamuelJacksonn	46	AGE46	16115	16114_SamuelJacksonn_46_m
147	SamuelJacksonn	59	AGE59	16133	16132_SamuelJacksonn_59_m
147	SamuelJacksonn	47	AGE47	16116	16115_SamuelJacksonn_47_m
147	SamuelJacksonn	51	AGE51	16123	16122_SamuelJacksonn_51_m
147	SamuelJacksonn	62	AGE62	16137	16136_SamuelJacksonn_62_m
147	SamuelJacksonn	53	AGE53	16124	16123_SamuelJacksonn_53_m
147	SamuelJacksonn	49	AGE49	16121	16120_SamuelJacksonn_49_m
147	SamuelJacksonn	53	AGE53	16127	16126_SamuelJacksonn_53_m
147	SamuelJacksonn	67	AGE67	16143	16142_SamuelJacksonn_67_m
147	SamuelJacksonn	61	AGE61	16135	16134_SamuelJacksonn_61_m
147	SamuelJacksonn	62	AGE62	16136	16135_SamuelJacksonn_62_m
147	SamuelJacksonn	47	AGE47	16117	16116_SamuelJacksonn_47_m
147	SamuelJacksonn	48	AGE48	16119	16118_SamuelJacksonn_48_m
147	SamuelJacksonn	68	AGE68	16144	16143_SamuelJacksonn_68_m
147	SamuelJacksonn	57	AGE57	16131	16130_SamuelJacksonn_57_m
147	SamuelJacksonn	69	AGE69	16145	16144_SamuelJacksonn_69_m
147	SamuelJacksonn	64	AGE64	16140	16139_SamuelJacksonn_64_m
147	SamuelJacksonn	65	AGE65	16141	16140_SamuelJacksonn_65_m
147	SamuelJacksonn	63	AGE63	16138	16137_SamuelJacksonn_63_m
147	SamuelJacksonn	54	AGE54	16128	16127_SamuelJacksonn_54_m
148	WillSmith 	45	AGE45	16079	16078_WillSmith _45_m
148	WillSmith 	43	AGE43	16012	16011_WillSmith _43_m
148	WillSmith 	41	AGE41	16076	16075_WillSmith _41_m
148	WillSmith 	24	AGE24	16058	16057_WillSmith _24_m
148	WillSmith 	39	AGE39	16074	16073_WillSmith _39_m
148	WillSmith 	28	AGE28	16063	16062_WillSmith _28_m
148	WillSmith 	27	AGE27	16062	16061_WillSmith _27_m
148	WillSmith 	32	AGE32	16067	16066_WillSmith _32_m
148	WillSmith 	22	AGE22	16054	16053_WillSmith _22_m
148	WillSmith 	44	AGE44	16078	16077_WillSmith _44_m
148	WillSmith 	40	AGE40	16075	16074_WillSmith _40_m
148	WillSmith 	26	AGE26	16061	16060_WillSmith _26_m
148	WillSmith 	31	AGE31	16066	16065_WillSmith _31_m
148	WillSmith 	42	AGE42	16077	16076_WillSmith _42_m
148	WillSmith 	34	AGE34	16069	16068_WillSmith _34_m
148	WillSmith 	33	AGE33	16068	16067_WillSmith _33_m
148	WillSmith 	25	AGE25	16060	16059_WillSmith _25_m
148	WillSmith 	29	AGE29	16064	16063_WillSmith _29_m
148	WillSmith 	49	AGE49	16081	16080_WillSmith _49_m
148	WillSmith 	35	AGE35	16070	16069_WillSmith _35_m
148	WillSmith 	22	AGE22	16055	16054_WillSmith _22_m
148	WillSmith 	23	AGE23	16056	16055_WillSmith _23_m
148	WillSmith 	25	AGE25	16059	16058_WillSmith _25_m
148	WillSmith 	48	AGE48	16053	16052_WillSmith _48_m
148	WillSmith 	24	AGE24	16057	16056_WillSmith _24_m
148	WillSmith 	38	AGE38	16073	16072_WillSmith _38_m
148	WillSmith 	37	AGE37	16072	16071_WillSmith _37_m
148	WillSmith 	36	AGE36	16071	16070_WillSmith _36_m
148	WillSmith 	30	AGE30	16065	16064_WillSmith _30_m
148	WillSmith 	45	AGE45	16080	16079_WillSmith _45_m
149	AlecGuinness	69	AGE69	8772	8771_AlecGuinness_69_m
149	AlecGuinness	45	AGE45	8760	8759_AlecGuinness_45_m
149	AlecGuinness	35	AGE35	8753	8752_AlecGuinness_35_m
149	AlecGuinness	26	AGE26	8774	8773_AlecGuinness_26_m
149	AlecGuinness	37	AGE37	8750	8749_AlecGuinness_37_m
149	AlecGuinness	37	AGE37	8780	8779_AlecGuinness_37_m
149	AlecGuinness	30	AGE30	8777	8776_AlecGuinness_30_m
149	AlecGuinness	45	AGE45	8761	8760_AlecGuinness_45_m
149	AlecGuinness	39	AGE39	8756	8755_AlecGuinness_39_m
149	AlecGuinness	40	AGE40	8775	8774_AlecGuinness_40_m
149	AlecGuinness	50	AGE50	8763	8762_AlecGuinness_50_m
149	AlecGuinness	33	AGE33	8751	8750_AlecGuinness_33_m
149	AlecGuinness	48	AGE48	8770	8769_AlecGuinness_48_m
149	AlecGuinness	34	AGE34	8752	8751_AlecGuinness_34_m
149	AlecGuinness	63	AGE63	8766	8765_AlecGuinness_63_m
149	AlecGuinness	46	AGE46	8762	8761_AlecGuinness_46_m
149	AlecGuinness	66	AGE66	8781	8780_AlecGuinness_66_m
149	AlecGuinness	43	AGE43	8759	8758_AlecGuinness_43_m
149	AlecGuinness	63	AGE63	8765	8764_AlecGuinness_63_m
149	AlecGuinness	28	AGE28	8773	8772_AlecGuinness_28_m
149	AlecGuinness	30	AGE30	8747	8746_AlecGuinness_30_m
149	AlecGuinness	63	AGE63	8768	8767_AlecGuinness_63_m
149	AlecGuinness	63	AGE63	8778	8777_AlecGuinness_63_m
149	AlecGuinness	39	AGE39	8757	8756_AlecGuinness_39_m
149	AlecGuinness	63	AGE63	8746	8745_AlecGuinness_63_m
149	AlecGuinness	32	AGE32	8748	8747_AlecGuinness_32_m
149	AlecGuinness	16	AGE16	8779	8778_AlecGuinness_16_m
149	AlecGuinness	32	AGE32	8754	8753_AlecGuinness_32_m
149	AlecGuinness	39	AGE39	8758	8757_AlecGuinness_39_m
149	AlecGuinness	81	AGE81	8771	8770_AlecGuinness_81_m
149	AlecGuinness	66	AGE66	8767	8766_AlecGuinness_66_m
149	AlecGuinness	35	AGE35	8776	8775_AlecGuinness_35_m
149	AlecGuinness	69	AGE69	8749	8748_AlecGuinness_69_m
149	AlecGuinness	53	AGE53	8764	8763_AlecGuinness_53_m
149	AlecGuinness	37	AGE37	8769	8768_AlecGuinness_37_m
149	AlecGuinness	36	AGE36	8755	8754_AlecGuinness_36_m
150	RitaLeviMontalcini	95	AGE95	1310	1309_RitaLeviMontalcini_95_f
150	RitaLeviMontalcini	41	AGE41	1300	1299_RitaLeviMontalcini_41_f
150	RitaLeviMontalcini	57	AGE57	1299	1298_RitaLeviMontalcini_57_f
150	RitaLeviMontalcini	98	AGE98	1304	1303_RitaLeviMontalcini_98_f
150	RitaLeviMontalcini	27	AGE27	1306	1305_RitaLeviMontalcini_27_f
150	RitaLeviMontalcini	99	AGE99	1305	1304_RitaLeviMontalcini_99_f
150	RitaLeviMontalcini	98	AGE98	1303	1302_RitaLeviMontalcini_98_f
150	RitaLeviMontalcini	101	AGE101	1312	1311_RitaLeviMontalcini_101_f
150	RitaLeviMontalcini	96	AGE96	1302	1301_RitaLeviMontalcini_96_f
150	RitaLeviMontalcini	18	AGE18	1307	1306_RitaLeviMontalcini_18_f
150	RitaLeviMontalcini	75	AGE75	1301	1300_RitaLeviMontalcini_75_f
150	RitaLeviMontalcini	93	AGE93	1311	1310_RitaLeviMontalcini_93_f
150	RitaLeviMontalcini	13	AGE13	1298	1297_RitaLeviMontalcini_13_f
150	RitaLeviMontalcini	32	AGE32	1308	1307_RitaLeviMontalcini_32_f
150	RitaLeviMontalcini	67	AGE67	1309	1308_RitaLeviMontalcini_67_f
151	AnnieGirardot	53	AGE53	13896	13895_AnnieGirardot_53_f
151	AnnieGirardot	34	AGE34	13885	13884_AnnieGirardot_34_f
151	AnnieGirardot	43	AGE43	13891	13890_AnnieGirardot_43_f
151	AnnieGirardot	67	AGE67	13903	13902_AnnieGirardot_67_f
151	AnnieGirardot	76	AGE76	13909	13908_AnnieGirardot_76_f
151	AnnieGirardot	30	AGE30	13881	13880_AnnieGirardot_30_f
151	AnnieGirardot	50	AGE50	13895	13894_AnnieGirardot_50_f
151	AnnieGirardot	54	AGE54	13897	13896_AnnieGirardot_54_f
151	AnnieGirardot	42	AGE42	13890	13889_AnnieGirardot_42_f
151	AnnieGirardot	74	AGE74	13908	13907_AnnieGirardot_74_f
151	AnnieGirardot	64	AGE64	13902	13901_AnnieGirardot_64_f
151	AnnieGirardot	56	AGE56	13898	13897_AnnieGirardot_56_f
151	AnnieGirardot	32	AGE32	13883	13882_AnnieGirardot_32_f
151	AnnieGirardot	62	AGE62	13901	13900_AnnieGirardot_62_f
151	AnnieGirardot	79	AGE79	13911	13910_AnnieGirardot_79_f
151	AnnieGirardot	27	AGE27	13878	13877_AnnieGirardot_27_f
151	AnnieGirardot	73	AGE73	13907	13906_AnnieGirardot_73_f
151	AnnieGirardot	29	AGE29	13880	13879_AnnieGirardot_29_f
151	AnnieGirardot	71	AGE71	13905	13904_AnnieGirardot_71_f
151	AnnieGirardot	77	AGE77	13910	13909_AnnieGirardot_77_f
151	AnnieGirardot	26	AGE26	13876	13875_AnnieGirardot_26_f
151	AnnieGirardot	28	AGE28	13879	13878_AnnieGirardot_28_f
151	AnnieGirardot	26	AGE26	13877	13876_AnnieGirardot_26_f
151	AnnieGirardot	40	AGE40	13889	13888_AnnieGirardot_40_f
151	AnnieGirardot	58	AGE58	13899	13898_AnnieGirardot_58_f
151	AnnieGirardot	36	AGE36	13887	13886_AnnieGirardot_36_f
151	AnnieGirardot	33	AGE33	13884	13883_AnnieGirardot_33_f
151	AnnieGirardot	35	AGE35	13886	13885_AnnieGirardot_35_f
151	AnnieGirardot	31	AGE31	13882	13881_AnnieGirardot_31_f
151	AnnieGirardot	73	AGE73	13906	13905_AnnieGirardot_73_f
151	AnnieGirardot	60	AGE60	13900	13899_AnnieGirardot_60_f
151	AnnieGirardot	69	AGE69	13904	13903_AnnieGirardot_69_f
151	AnnieGirardot	45	AGE45	13893	13892_AnnieGirardot_45_f
151	AnnieGirardot	44	AGE44	13892	13891_AnnieGirardot_44_f
151	AnnieGirardot	47	AGE47	13894	13893_AnnieGirardot_47_f
151	AnnieGirardot	39	AGE39	13888	13887_AnnieGirardot_39_f
152	MaryPickford	35	AGE35	14401	14400_MaryPickford_35_f
152	MaryPickford	24	AGE24	14417	14416_MaryPickford_24_f
152	MaryPickford	30	AGE30	14416	14415_MaryPickford_30_f
152	MaryPickford	17	AGE17	14410	14409_MaryPickford_17_f
152	MaryPickford	28	AGE28	14395	14394_MaryPickford_28_f
152	MaryPickford	5	AGE5	14388	14387_MaryPickford_5_f
152	MaryPickford	26	AGE26	14418	14417_MaryPickford_26_f
152	MaryPickford	22	AGE22	14391	14390_MaryPickford_22_f
152	MaryPickford	58	AGE58	14408	14407_MaryPickford_58_f
152	MaryPickford	42	AGE42	14399	14398_MaryPickford_42_f
152	MaryPickford	21	AGE21	14390	14389_MaryPickford_21_f
152	MaryPickford	37	AGE37	14413	14412_MaryPickford_37_f
152	MaryPickford	33	AGE33	14412	14411_MaryPickford_33_f
152	MaryPickford	37	AGE37	14402	14401_MaryPickford_37_f
152	MaryPickford	54	AGE54	14411	14410_MaryPickford_54_f
152	MaryPickford	60	AGE60	14409	14408_MaryPickford_60_f
152	MaryPickford	56	AGE56	14406	14405_MaryPickford_56_f
152	MaryPickford	29	AGE29	14396	14395_MaryPickford_29_f
152	MaryPickford	45	AGE45	14404	14403_MaryPickford_45_f
152	MaryPickford	25	AGE25	14392	14391_MaryPickford_25_f
152	MaryPickford	27	AGE27	14393	14392_MaryPickford_27_f
152	MaryPickford	20	AGE20	14389	14388_MaryPickford_20_f
152	MaryPickford	29	AGE29	14415	14414_MaryPickford_29_f
152	MaryPickford	27	AGE27	14414	14413_MaryPickford_27_f
152	MaryPickford	24	AGE24	14421	14420_MaryPickford_24_f
152	MaryPickford	27	AGE27	14394	14393_MaryPickford_27_f
152	MaryPickford	34	AGE34	14400	14399_MaryPickford_34_f
152	MaryPickford	25	AGE25	14420	14419_MaryPickford_25_f
152	MaryPickford	84	AGE84	14407	14406_MaryPickford_84_f
152	MaryPickford	33	AGE33	14398	14397_MaryPickford_33_f
152	MaryPickford	23	AGE23	14419	14418_MaryPickford_23_f
152	MaryPickford	37	AGE37	14403	14402_MaryPickford_37_f
152	MaryPickford	55	AGE55	14405	14404_MaryPickford_55_f
152	MaryPickford	30	AGE30	14397	14396_MaryPickford_30_f
153	GaryOldman	39	AGE39	2555	2554_GaryOldman_39_m
153	GaryOldman	27	AGE27	2542	2541_GaryOldman_27_m
153	GaryOldman	40	AGE40	2557	2556_GaryOldman_40_m
153	GaryOldman	31	AGE31	2546	2545_GaryOldman_31_m
153	GaryOldman	48	AGE48	2565	2564_GaryOldman_48_m
153	GaryOldman	36	AGE36	2552	2551_GaryOldman_36_m
153	GaryOldman	53	AGE53	2570	2569_GaryOldman_53_m
153	GaryOldman	28	AGE28	2543	2542_GaryOldman_28_m
153	GaryOldman	35	AGE35	2550	2549_GaryOldman_35_m
153	GaryOldman	22	AGE22	2537	2536_GaryOldman_22_m
153	GaryOldman	36	AGE36	2551	2550_GaryOldman_36_m
153	GaryOldman	38	AGE38	2554	2553_GaryOldman_38_m
153	GaryOldman	34	AGE34	2549	2548_GaryOldman_34_m
153	GaryOldman	42	AGE42	2560	2559_GaryOldman_42_m
153	GaryOldman	37	AGE37	2553	2552_GaryOldman_37_m
153	GaryOldman	46	AGE46	2564	2563_GaryOldman_46_m
153	GaryOldman	25	AGE25	2540	2539_GaryOldman_25_m
153	GaryOldman	41	AGE41	2558	2557_GaryOldman_41_m
153	GaryOldman	29	AGE29	2544	2543_GaryOldman_29_m
153	GaryOldman	24	AGE24	2539	2538_GaryOldman_24_m
153	GaryOldman	54	AGE54	2571	2570_GaryOldman_54_m
153	GaryOldman	26	AGE26	2541	2540_GaryOldman_26_m
153	GaryOldman	24	AGE24	2538	2537_GaryOldman_24_m
153	GaryOldman	52	AGE52	2569	2568_GaryOldman_52_m
153	GaryOldman	45	AGE45	2563	2562_GaryOldman_45_m
153	GaryOldman	44	AGE44	2562	2561_GaryOldman_44_m
153	GaryOldman	39	AGE39	2556	2555_GaryOldman_39_m
153	GaryOldman	43	AGE43	2561	2560_GaryOldman_43_m
153	GaryOldman	49	AGE49	2566	2565_GaryOldman_49_m
153	GaryOldman	42	AGE42	2559	2558_GaryOldman_42_m
153	GaryOldman	52	AGE52	2568	2567_GaryOldman_52_m
153	GaryOldman	32	AGE32	2547	2546_GaryOldman_32_m
153	GaryOldman	30	AGE30	2545	2544_GaryOldman_30_m
153	GaryOldman	51	AGE51	2567	2566_GaryOldman_51_m
153	GaryOldman	33	AGE33	2548	2547_GaryOldman_33_m
153	GaryOldman	56	AGE56	2572	2571_GaryOldman_56_m
154	JeanneMoreau	68	AGE68	11072	11071_JeanneMoreau_68_f
154	JeanneMoreau	80	AGE80	11079	11078_JeanneMoreau_80_f
154	JeanneMoreau	27	AGE27	11047	11046_JeanneMoreau_27_f
154	JeanneMoreau	70	AGE70	11074	11073_JeanneMoreau_70_f
154	JeanneMoreau	62	AGE62	11068	11067_JeanneMoreau_62_f
154	JeanneMoreau	30	AGE30	11049	11048_JeanneMoreau_30_f
154	JeanneMoreau	79	AGE79	11078	11077_JeanneMoreau_79_f
154	JeanneMoreau	25	AGE25	11045	11044_JeanneMoreau_25_f
154	JeanneMoreau	65	AGE65	11071	11070_JeanneMoreau_65_f
154	JeanneMoreau	78	AGE78	11077	11076_JeanneMoreau_78_f
154	JeanneMoreau	63	AGE63	11069	11068_JeanneMoreau_63_f
154	JeanneMoreau	44	AGE44	11062	11061_JeanneMoreau_44_f
154	JeanneMoreau	53	AGE53	11066	11065_JeanneMoreau_53_f
154	JeanneMoreau	29	AGE29	11048	11047_JeanneMoreau_29_f
154	JeanneMoreau	49	AGE49	11065	11064_JeanneMoreau_49_f
154	JeanneMoreau	36	AGE36	11055	11054_JeanneMoreau_36_f
154	JeanneMoreau	37	AGE37	11056	11055_JeanneMoreau_37_f
154	JeanneMoreau	46	AGE46	11063	11062_JeanneMoreau_46_f
154	JeanneMoreau	40	AGE40	11058	11057_JeanneMoreau_40_f
154	JeanneMoreau	32	AGE32	11051	11050_JeanneMoreau_32_f
154	JeanneMoreau	31	AGE31	11050	11049_JeanneMoreau_31_f
154	JeanneMoreau	69	AGE69	11073	11072_JeanneMoreau_69_f
154	JeanneMoreau	33	AGE33	11052	11051_JeanneMoreau_33_f
154	JeanneMoreau	47	AGE47	11064	11063_JeanneMoreau_47_f
154	JeanneMoreau	77	AGE77	11076	11075_JeanneMoreau_77_f
154	JeanneMoreau	84	AGE84	11082	11081_JeanneMoreau_84_f
154	JeanneMoreau	85	AGE85	11083	11082_JeanneMoreau_85_f
154	JeanneMoreau	41	AGE41	11059	11058_JeanneMoreau_41_f
154	JeanneMoreau	43	AGE43	11061	11060_JeanneMoreau_43_f
154	JeanneMoreau	82	AGE82	11081	11080_JeanneMoreau_82_f
154	JeanneMoreau	26	AGE26	11046	11045_JeanneMoreau_26_f
154	JeanneMoreau	38	AGE38	11057	11056_JeanneMoreau_38_f
154	JeanneMoreau	72	AGE72	11075	11074_JeanneMoreau_72_f
154	JeanneMoreau	35	AGE35	11054	11053_JeanneMoreau_35_f
154	JeanneMoreau	34	AGE34	11053	11052_JeanneMoreau_34_f
154	JeanneMoreau	54	AGE54	11067	11066_JeanneMoreau_54_f
154	JeanneMoreau	81	AGE81	11080	11079_JeanneMoreau_81_f
154	JeanneMoreau	42	AGE42	11060	11059_JeanneMoreau_42_f
154	JeanneMoreau	64	AGE64	11070	11069_JeanneMoreau_64_f
155	SteveJobsb	52	AGE52	399	398_SteveJobsb_52_m
155	SteveJobsb	38	AGE38	407	406_SteveJobsb_38_m
155	SteveJobsb	20	AGE20	410	409_SteveJobsb_20_m
155	SteveJobsb	30	AGE30	406	405_SteveJobsb_30_m
155	SteveJobsb	47	AGE47	403	402_SteveJobsb_47_m
155	SteveJobsb	29	AGE29	401	400_SteveJobsb_29_m
155	SteveJobsb	55	AGE55	397	396_SteveJobsb_55_m
155	SteveJobsb	32	AGE32	402	401_SteveJobsb_32_m
155	SteveJobsb	17	AGE17	408	407_SteveJobsb_17_m
155	SteveJobsb	33	AGE33	398	397_SteveJobsb_33_m
155	SteveJobsb	50	AGE50	404	403_SteveJobsb_50_m
155	SteveJobsb	28	AGE28	405	404_SteveJobsb_28_m
155	SteveJobsb	56	AGE56	409	408_SteveJobsb_56_m
155	SteveJobsb	19	AGE19	400	399_SteveJobsb_19_m
156	ClerkMaxwell	30	AGE30	1026	1025_ClerkMaxwell_30_m
156	ClerkMaxwell	40	AGE40	1031	1030_ClerkMaxwell_40_m
156	ClerkMaxwell	40	AGE40	1032	1031_ClerkMaxwell_40_m
156	ClerkMaxwell	37	AGE37	1030	1029_ClerkMaxwell_37_m
156	ClerkMaxwell	45	AGE45	1029	1028_ClerkMaxwell_45_m
156	ClerkMaxwell	37	AGE37	1027	1026_ClerkMaxwell_37_m
156	ClerkMaxwell	42	AGE42	1033	1032_ClerkMaxwell_42_m
156	ClerkMaxwell	35	AGE35	1028	1027_ClerkMaxwell_35_m
157	angelamerkel	52	AGE52	543	542_angelamerkel_52_f
157	angelamerkel	17	AGE17	538	537_angelamerkel_17_f
157	angelamerkel	56	AGE56	533	532_angelamerkel_56_f
157	angelamerkel	54	AGE54	549	548_angelamerkel_54_f
157	angelamerkel	37	AGE37	553	552_angelamerkel_37_f
157	angelamerkel	20	AGE20	552	551_angelamerkel_20_f
157	angelamerkel	51	AGE51	551	550_angelamerkel_51_f
157	angelamerkel	47	AGE47	531	530_angelamerkel_47_f
157	angelamerkel	58	AGE58	529	528_angelamerkel_58_f
157	angelamerkel	36	AGE36	555	554_angelamerkel_36_f
157	angelamerkel	26	AGE26	541	540_angelamerkel_26_f
157	angelamerkel	47	AGE47	548	547_angelamerkel_47_f
157	angelamerkel	20	AGE20	545	544_angelamerkel_20_f
157	angelamerkel	51	AGE51	535	534_angelamerkel_51_f
157	angelamerkel	51	AGE51	547	546_angelamerkel_51_f
157	angelamerkel	43	AGE43	542	541_angelamerkel_43_f
157	angelamerkel	57	AGE57	537	536_angelamerkel_57_f
157	angelamerkel	51	AGE51	536	535_angelamerkel_51_f
157	angelamerkel	59	AGE59	554	553_angelamerkel_59_f
157	angelamerkel	51	AGE51	532	531_angelamerkel_51_f
157	angelamerkel	42	AGE42	556	555_angelamerkel_42_f
157	angelamerkel	26	AGE26	546	545_angelamerkel_26_f
157	angelamerkel	19	AGE19	550	549_angelamerkel_19_f
157	angelamerkel	54	AGE54	539	538_angelamerkel_54_f
157	angelamerkel	55	AGE55	544	543_angelamerkel_55_f
157	angelamerkel	50	AGE50	540	539_angelamerkel_50_f
157	angelamerkel	54	AGE54	530	529_angelamerkel_54_f
157	angelamerkel	43	AGE43	534	533_angelamerkel_43_f
158	SpencerTracy	35	AGE35	8383	8382_SpencerTracy_35_m
158	SpencerTracy	45	AGE45	8397	8396_SpencerTracy_45_m
158	SpencerTracy	38	AGE38	8387	8386_SpencerTracy_38_m
158	SpencerTracy	35	AGE35	8396	8395_SpencerTracy_35_m
158	SpencerTracy	62	AGE62	8388	8387_SpencerTracy_62_m
158	SpencerTracy	60	AGE60	8386	8385_SpencerTracy_60_m
158	SpencerTracy	63	AGE63	8392	8391_SpencerTracy_63_m
158	SpencerTracy	32	AGE32	8379	8378_SpencerTracy_32_m
158	SpencerTracy	60	AGE60	8400	8399_SpencerTracy_60_m
158	SpencerTracy	65	AGE65	8404	8403_SpencerTracy_65_m
158	SpencerTracy	42	AGE42	8389	8388_SpencerTracy_42_m
158	SpencerTracy	28	AGE28	8378	8377_SpencerTracy_28_m
158	SpencerTracy	62	AGE62	8384	8383_SpencerTracy_62_m
158	SpencerTracy	35	AGE35	8398	8397_SpencerTracy_35_m
158	SpencerTracy	38	AGE38	8395	8394_SpencerTracy_38_m
158	SpencerTracy	35	AGE35	8402	8401_SpencerTracy_35_m
158	SpencerTracy	58	AGE58	8401	8400_SpencerTracy_58_m
158	SpencerTracy	44	AGE44	8403	8402_SpencerTracy_44_m
158	SpencerTracy	48	AGE48	8382	8381_SpencerTracy_48_m
158	SpencerTracy	55	AGE55	8390	8389_SpencerTracy_55_m
158	SpencerTracy	17	AGE17	8385	8384_SpencerTracy_17_m
158	SpencerTracy	19	AGE19	8380	8379_SpencerTracy_19_m
158	SpencerTracy	58	AGE58	8399	8398_SpencerTracy_58_m
158	SpencerTracy	33	AGE33	8391	8390_SpencerTracy_33_m
158	SpencerTracy	63	AGE63	8394	8393_SpencerTracy_63_m
158	SpencerTracy	36	AGE36	8381	8380_SpencerTracy_36_m
158	SpencerTracy	41	AGE41	8393	8392_SpencerTracy_41_m
159	PierceBrosnan	54	AGE54	4812	4811_PierceBrosnan_54_m
159	PierceBrosnan	47	AGE47	4802	4801_PierceBrosnan_47_m
159	PierceBrosnan	49	AGE49	4805	4804_PierceBrosnan_49_m
159	PierceBrosnan	46	AGE46	4801	4800_PierceBrosnan_46_m
159	PierceBrosnan	41	AGE41	4797	4796_PierceBrosnan_41_m
159	PierceBrosnan	30	AGE30	4787	4786_PierceBrosnan_30_m
159	PierceBrosnan	44	AGE44	4800	4799_PierceBrosnan_44_m
159	PierceBrosnan	51	AGE51	4807	4806_PierceBrosnan_51_m
159	PierceBrosnan	57	AGE57	4815	4814_PierceBrosnan_57_m
159	PierceBrosnan	52	AGE52	4808	4807_PierceBrosnan_52_m
159	PierceBrosnan	36	AGE36	4793	4792_PierceBrosnan_36_m
159	PierceBrosnan	50	AGE50	4806	4805_PierceBrosnan_50_m
159	PierceBrosnan	29	AGE29	4786	4785_PierceBrosnan_29_m
159	PierceBrosnan	35	AGE35	4792	4791_PierceBrosnan_35_m
159	PierceBrosnan	31	AGE31	4788	4787_PierceBrosnan_31_m
159	PierceBrosnan	34	AGE34	4791	4790_PierceBrosnan_34_m
159	PierceBrosnan	60	AGE60	4819	4818_PierceBrosnan_60_m
159	PierceBrosnan	39	AGE39	4795	4794_PierceBrosnan_39_m
159	PierceBrosnan	32	AGE32	4789	4788_PierceBrosnan_32_m
159	PierceBrosnan	53	AGE53	4810	4809_PierceBrosnan_53_m
159	PierceBrosnan	58	AGE58	4817	4816_PierceBrosnan_58_m
159	PierceBrosnan	43	AGE43	4799	4798_PierceBrosnan_43_m
159	PierceBrosnan	56	AGE56	4814	4813_PierceBrosnan_56_m
159	PierceBrosnan	27	AGE27	4785	4784_PierceBrosnan_27_m
159	PierceBrosnan	61	AGE61	4820	4819_PierceBrosnan_61_m
159	PierceBrosnan	49	AGE49	4804	4803_PierceBrosnan_49_m
159	PierceBrosnan	48	AGE48	4803	4802_PierceBrosnan_48_m
159	PierceBrosnan	37	AGE37	4794	4793_PierceBrosnan_37_m
159	PierceBrosnan	57	AGE57	4816	4815_PierceBrosnan_57_m
159	PierceBrosnan	26	AGE26	4784	4783_PierceBrosnan_26_m
159	PierceBrosnan	59	AGE59	4818	4817_PierceBrosnan_59_m
159	PierceBrosnan	53	AGE53	4811	4810_PierceBrosnan_53_m
159	PierceBrosnan	40	AGE40	4796	4795_PierceBrosnan_40_m
159	PierceBrosnan	33	AGE33	4790	4789_PierceBrosnan_33_m
159	PierceBrosnan	52	AGE52	4809	4808_PierceBrosnan_52_m
159	PierceBrosnan	55	AGE55	4813	4812_PierceBrosnan_55_m
159	PierceBrosnan	42	AGE42	4798	4797_PierceBrosnan_42_m
160	Einstain	42	AGE42	986	985_Einstain_42_m
160	Einstain	41	AGE41	976	975_Einstain_41_m
160	Einstain	73	AGE73	987	986_Einstain_73_m
160	Einstain	45	AGE45	985	984_Einstain_45_m
160	Einstain	24	AGE24	977	976_Einstain_24_m
160	Einstain	68	AGE68	979	978_Einstain_68_m
160	Einstain	41	AGE41	982	981_Einstain_41_m
160	Einstain	25	AGE25	978	977_Einstain_25_m
160	Einstain	74	AGE74	981	980_Einstain_74_m
160	Einstain	55	AGE55	983	982_Einstain_55_m
160	Einstain	70	AGE70	984	983_Einstain_70_m
160	Einstain	40	AGE40	980	979_Einstain_40_m
161	MaggieSmith	32	AGE32	10703	10702_MaggieSmith_32_f
161	MaggieSmith	70	AGE70	10721	10720_MaggieSmith_70_f
161	MaggieSmith	28	AGE28	10698	10697_MaggieSmith_28_f
161	MaggieSmith	73	AGE73	10716	10715_MaggieSmith_73_f
161	MaggieSmith	48	AGE48	10709	10708_MaggieSmith_48_f
161	MaggieSmith	29	AGE29	10699	10698_MaggieSmith_29_f
161	MaggieSmith	67	AGE67	10715	10714_MaggieSmith_67_f
161	MaggieSmith	23	AGE23	10725	10724_MaggieSmith_23_f
161	MaggieSmith	39	AGE39	10696	10695_MaggieSmith_39_f
161	MaggieSmith	71	AGE71	10726	10725_MaggieSmith_71_f
161	MaggieSmith	31	AGE31	10702	10701_MaggieSmith_31_f
161	MaggieSmith	38	AGE38	10694	10693_MaggieSmith_38_f
161	MaggieSmith	61	AGE61	10712	10711_MaggieSmith_61_f
161	MaggieSmith	30	AGE30	10700	10699_MaggieSmith_30_f
161	MaggieSmith	47	AGE47	10708	10707_MaggieSmith_47_f
161	MaggieSmith	35	AGE35	10723	10722_MaggieSmith_35_f
161	MaggieSmith	24	AGE24	10695	10694_MaggieSmith_24_f
161	MaggieSmith	45	AGE45	10707	10706_MaggieSmith_45_f
161	MaggieSmith	35	AGE35	10727	10726_MaggieSmith_35_f
161	MaggieSmith	42	AGE42	10706	10705_MaggieSmith_42_f
161	MaggieSmith	35	AGE35	10719	10718_MaggieSmith_35_f
161	MaggieSmith	52	AGE52	10710	10709_MaggieSmith_52_f
161	MaggieSmith	63	AGE63	10714	10713_MaggieSmith_63_f
161	MaggieSmith	78	AGE78	10718	10717_MaggieSmith_78_f
161	MaggieSmith	34	AGE34	10704	10703_MaggieSmith_34_f
161	MaggieSmith	62	AGE62	10713	10712_MaggieSmith_62_f
161	MaggieSmith	76	AGE76	10717	10716_MaggieSmith_76_f
161	MaggieSmith	40	AGE40	10720	10719_MaggieSmith_40_f
161	MaggieSmith	26	AGE26	10724	10723_MaggieSmith_26_f
161	MaggieSmith	36	AGE36	10705	10704_MaggieSmith_36_f
161	MaggieSmith	54	AGE54	10711	10710_MaggieSmith_54_f
161	MaggieSmith	25	AGE25	10697	10696_MaggieSmith_25_f
161	MaggieSmith	31	AGE31	10701	10700_MaggieSmith_31_f
161	MaggieSmith	24	AGE24	10722	10721_MaggieSmith_24_f
162	PeterSellers	38	AGE38	9158	9157_PeterSellers_38_m
162	PeterSellers	42	AGE42	9165	9164_PeterSellers_42_m
162	PeterSellers	33	AGE33	9170	9169_PeterSellers_33_m
162	PeterSellers	39	AGE39	9162	9161_PeterSellers_39_m
162	PeterSellers	25	AGE25	9187	9186_PeterSellers_25_m
162	PeterSellers	42	AGE42	9180	9179_PeterSellers_42_m
162	PeterSellers	34	AGE34	9175	9174_PeterSellers_34_m
162	PeterSellers	40	AGE40	9157	9156_PeterSellers_40_m
162	PeterSellers	54	AGE54	9169	9168_PeterSellers_54_m
162	PeterSellers	42	AGE42	9186	9185_PeterSellers_42_m
162	PeterSellers	43	AGE43	9174	9173_PeterSellers_43_m
162	PeterSellers	37	AGE37	9183	9182_PeterSellers_37_m
162	PeterSellers	52	AGE52	9184	9183_PeterSellers_52_m
162	PeterSellers	38	AGE38	9160	9159_PeterSellers_38_m
162	PeterSellers	42	AGE42	9172	9171_PeterSellers_42_m
162	PeterSellers	39	AGE39	9178	9177_PeterSellers_39_m
162	PeterSellers	48	AGE48	9159	9158_PeterSellers_48_m
162	PeterSellers	35	AGE35	9164	9163_PeterSellers_35_m
162	PeterSellers	36	AGE36	9173	9172_PeterSellers_36_m
162	PeterSellers	42	AGE42	9185	9184_PeterSellers_42_m
162	PeterSellers	40	AGE40	9181	9180_PeterSellers_40_m
162	PeterSellers	35	AGE35	9167	9166_PeterSellers_35_m
162	PeterSellers	25	AGE25	9155	9154_PeterSellers_25_m
162	PeterSellers	54	AGE54	9182	9181_PeterSellers_54_m
162	PeterSellers	44	AGE44	9171	9170_PeterSellers_44_m
162	PeterSellers	45	AGE45	9161	9160_PeterSellers_45_m
162	PeterSellers	53	AGE53	9177	9176_PeterSellers_53_m
162	PeterSellers	30	AGE30	9154	9153_PeterSellers_30_m
162	PeterSellers	41	AGE41	9156	9155_PeterSellers_41_m
162	PeterSellers	54	AGE54	9168	9167_PeterSellers_54_m
162	PeterSellers	38	AGE38	9176	9175_PeterSellers_38_m
162	PeterSellers	34	AGE34	9166	9165_PeterSellers_34_m
162	PeterSellers	44	AGE44	9179	9178_PeterSellers_44_m
162	PeterSellers	39	AGE39	9163	9162_PeterSellers_39_m
163	CharlieSheen	48	AGE48	4046	4045_CharlieSheen_48_m
163	CharlieSheen	19	AGE19	4019	4018_CharlieSheen_19_m
163	CharlieSheen	34	AGE34	4032	4031_CharlieSheen_34_m
163	CharlieSheen	35	AGE35	4033	4032_CharlieSheen_35_m
163	CharlieSheen	47	AGE47	4044	4043_CharlieSheen_47_m
163	CharlieSheen	20	AGE20	4020	4019_CharlieSheen_20_m
163	CharlieSheen	37	AGE37	4035	4034_CharlieSheen_37_m
163	CharlieSheen	36	AGE36	4034	4033_CharlieSheen_36_m
163	CharlieSheen	46	AGE46	4043	4042_CharlieSheen_46_m
163	CharlieSheen	41	AGE41	4039	4038_CharlieSheen_41_m
163	CharlieSheen	24	AGE24	4024	4023_CharlieSheen_24_m
163	CharlieSheen	23	AGE23	4023	4022_CharlieSheen_23_m
163	CharlieSheen	22	AGE22	4022	4021_CharlieSheen_22_m
163	CharlieSheen	31	AGE31	4030	4029_CharlieSheen_31_m
163	CharlieSheen	26	AGE26	4026	4025_CharlieSheen_26_m
163	CharlieSheen	25	AGE25	4025	4024_CharlieSheen_25_m
163	CharlieSheen	45	AGE45	4042	4041_CharlieSheen_45_m
163	CharlieSheen	48	AGE48	4047	4046_CharlieSheen_48_m
163	CharlieSheen	17	AGE17	4017	4016_CharlieSheen_17_m
163	CharlieSheen	49	AGE49	4049	4048_CharlieSheen_49_m
163	CharlieSheen	32	AGE32	4031	4030_CharlieSheen_32_m
163	CharlieSheen	49	AGE49	4048	4047_CharlieSheen_49_m
163	CharlieSheen	40	AGE40	4038	4037_CharlieSheen_40_m
163	CharlieSheen	42	AGE42	4040	4039_CharlieSheen_42_m
163	CharlieSheen	18	AGE18	4018	4017_CharlieSheen_18_m
163	CharlieSheen	7	AGE7	4015	4014_CharlieSheen_7_m
163	CharlieSheen	29	AGE29	4028	4027_CharlieSheen_29_m
163	CharlieSheen	47	AGE47	4045	4044_CharlieSheen_47_m
163	CharlieSheen	39	AGE39	4037	4036_CharlieSheen_39_m
163	CharlieSheen	28	AGE28	4027	4026_CharlieSheen_28_m
163	CharlieSheen	38	AGE38	4036	4035_CharlieSheen_38_m
163	CharlieSheen	21	AGE21	4021	4020_CharlieSheen_21_m
163	CharlieSheen	16	AGE16	4016	4015_CharlieSheen_16_m
163	CharlieSheen	30	AGE30	4029	4028_CharlieSheen_30_m
163	CharlieSheen	44	AGE44	4041	4040_CharlieSheen_44_m
163	CharlieSheen	50	AGE50	4050	4049_CharlieSheen_50_m
164	KimBasinger	35	AGE35	10592	10591_KimBasinger_35_f
164	KimBasinger	32	AGE32	10589	10588_KimBasinger_32_f
164	KimBasinger	55	AGE55	10600	10599_KimBasinger_55_f
164	KimBasinger	41	AGE41	10594	10593_KimBasinger_41_f
164	KimBasinger	25	AGE25	10585	10584_KimBasinger_25_f
164	KimBasinger	29	AGE29	10586	10585_KimBasinger_29_f
164	KimBasinger	53	AGE53	10599	10598_KimBasinger_53_f
164	KimBasinger	36	AGE36	10593	10592_KimBasinger_36_f
164	KimBasinger	47	AGE47	10598	10597_KimBasinger_47_f
164	KimBasinger	46	AGE46	10597	10596_KimBasinger_46_f
164	KimBasinger	60	AGE60	10601	10600_KimBasinger_60_f
164	KimBasinger	33	AGE33	10590	10589_KimBasinger_33_f
164	KimBasinger	34	AGE34	10591	10590_KimBasinger_34_f
164	KimBasinger	45	AGE45	10596	10595_KimBasinger_45_f
164	KimBasinger	30	AGE30	10587	10586_KimBasinger_30_f
164	KimBasinger	41	AGE41	10595	10594_KimBasinger_41_f
164	KimBasinger	31	AGE31	10588	10587_KimBasinger_31_f
165	AdolfHitlerr	53	AGE53	776	775_AdolfHitlerr_53_m
165	AdolfHitlerr	11	AGE11	779	778_AdolfHitlerr_11_m
165	AdolfHitlerr	44	AGE44	771	770_AdolfHitlerr_44_m
165	AdolfHitlerr	55	AGE55	781	780_AdolfHitlerr_55_m
165	AdolfHitlerr	52	AGE52	770	769_AdolfHitlerr_52_m
165	AdolfHitlerr	43	AGE43	773	772_AdolfHitlerr_43_m
165	AdolfHitlerr	44	AGE44	772	771_AdolfHitlerr_44_m
165	AdolfHitlerr	46	AGE46	775	774_AdolfHitlerr_46_m
165	AdolfHitlerr	55	AGE55	782	781_AdolfHitlerr_55_m
165	AdolfHitlerr	30	AGE30	780	779_AdolfHitlerr_30_m
165	AdolfHitlerr	48	AGE48	778	777_AdolfHitlerr_48_m
165	AdolfHitlerr	54	AGE54	783	782_AdolfHitlerr_54_m
165	AdolfHitlerr	36	AGE36	774	773_AdolfHitlerr_36_m
165	AdolfHitlerr	48	AGE48	777	776_AdolfHitlerr_48_m
166	AnnJillian	10	AGE10	14974	14973_AnnJillian_10_f
166	AnnJillian	41	AGE41	14991	14990_AnnJillian_41_f
166	AnnJillian	47	AGE47	14996	14995_AnnJillian_47_f
166	AnnJillian	13	AGE13	14977	14976_AnnJillian_13_f
166	AnnJillian	31	AGE31	14983	14982_AnnJillian_31_f
166	AnnJillian	34	AGE34	14985	14984_AnnJillian_34_f
166	AnnJillian	27	AGE27	14980	14979_AnnJillian_27_f
166	AnnJillian	42	AGE42	14992	14991_AnnJillian_42_f
166	AnnJillian	62	AGE62	15000	14999_AnnJillian_62_f
166	AnnJillian	35	AGE35	14986	14985_AnnJillian_35_f
166	AnnJillian	21	AGE21	14978	14977_AnnJillian_21_f
166	AnnJillian	24	AGE24	14979	14978_AnnJillian_24_f
166	AnnJillian	30	AGE30	14982	14981_AnnJillian_30_f
166	AnnJillian	36	AGE36	14987	14986_AnnJillian_36_f
166	AnnJillian	38	AGE38	14989	14988_AnnJillian_38_f
166	AnnJillian	12	AGE12	14976	14975_AnnJillian_12_f
166	AnnJillian	32	AGE32	14984	14983_AnnJillian_32_f
166	AnnJillian	43	AGE43	14993	14992_AnnJillian_43_f
166	AnnJillian	37	AGE37	14988	14987_AnnJillian_37_f
166	AnnJillian	11	AGE11	14975	14974_AnnJillian_11_f
166	AnnJillian	40	AGE40	14990	14989_AnnJillian_40_f
166	AnnJillian	29	AGE29	14981	14980_AnnJillian_29_f
166	AnnJillian	44	AGE44	14994	14993_AnnJillian_44_f
166	AnnJillian	49	AGE49	14997	14996_AnnJillian_49_f
166	AnnJillian	46	AGE46	14995	14994_AnnJillian_46_f
166	AnnJillian	54	AGE54	14998	14997_AnnJillian_54_f
166	AnnJillian	57	AGE57	14999	14998_AnnJillian_57_f
166	AnnJillian	64	AGE64	15001	15000_AnnJillian_64_f
167	KatharineHepburn	33	AGE33	14919	14918_KatharineHepburn_33_f
167	KatharineHepburn	62	AGE62	14913	14912_KatharineHepburn_62_f
167	KatharineHepburn	48	AGE48	14907	14906_KatharineHepburn_48_f
167	KatharineHepburn	37	AGE37	14902	14901_KatharineHepburn_37_f
167	KatharineHepburn	33	AGE33	14924	14923_KatharineHepburn_33_f
167	KatharineHepburn	64	AGE64	14914	14913_KatharineHepburn_64_f
167	KatharineHepburn	60	AGE60	14911	14910_KatharineHepburn_60_f
167	KatharineHepburn	35	AGE35	14900	14899_KatharineHepburn_35_f
167	KatharineHepburn	48	AGE48	14921	14920_KatharineHepburn_48_f
167	KatharineHepburn	87	AGE87	14917	14916_KatharineHepburn_87_f
167	KatharineHepburn	61	AGE61	14922	14921_KatharineHepburn_61_f
167	KatharineHepburn	34	AGE34	14899	14898_KatharineHepburn_34_f
167	KatharineHepburn	36	AGE36	14901	14900_KatharineHepburn_36_f
167	KatharineHepburn	48	AGE48	14923	14922_KatharineHepburn_48_f
167	KatharineHepburn	44	AGE44	14905	14904_KatharineHepburn_44_f
167	KatharineHepburn	55	AGE55	14910	14909_KatharineHepburn_55_f
167	KatharineHepburn	49	AGE49	14908	14907_KatharineHepburn_49_f
167	KatharineHepburn	38	AGE38	14903	14902_KatharineHepburn_38_f
167	KatharineHepburn	42	AGE42	14904	14903_KatharineHepburn_42_f
167	KatharineHepburn	95	AGE95	14918	14917_KatharineHepburn_95_f
167	KatharineHepburn	90	AGE90	14916	14915_KatharineHepburn_90_f
167	KatharineHepburn	49	AGE49	14909	14908_KatharineHepburn_49_f
167	KatharineHepburn	40	AGE40	14920	14919_KatharineHepburn_40_f
167	KatharineHepburn	48	AGE48	14906	14905_KatharineHepburn_48_f
167	KatharineHepburn	21	AGE21	14898	14897_KatharineHepburn_21_f
167	KatharineHepburn	61	AGE61	14912	14911_KatharineHepburn_61_f
167	KatharineHepburn	66	AGE66	14915	14914_KatharineHepburn_66_f
168	JohnCleese	41	AGE41	2681	2680_JohnCleese_41_m
168	JohnCleese	33	AGE33	2676	2675_JohnCleese_33_m
168	JohnCleese	47	AGE47	2685	2684_JohnCleese_47_m
168	JohnCleese	73	AGE73	2699	2698_JohnCleese_73_m
168	JohnCleese	42	AGE42	2682	2681_JohnCleese_42_m
168	JohnCleese	40	AGE40	2680	2679_JohnCleese_40_m
168	JohnCleese	29	AGE29	2672	2671_JohnCleese_29_m
168	JohnCleese	36	AGE36	2678	2677_JohnCleese_36_m
168	JohnCleese	50	AGE50	2688	2687_JohnCleese_50_m
168	JohnCleese	67	AGE67	2697	2696_JohnCleese_67_m
168	JohnCleese	55	AGE55	2690	2689_JohnCleese_55_m
168	JohnCleese	64	AGE64	2695	2694_JohnCleese_64_m
168	JohnCleese	35	AGE35	2677	2676_JohnCleese_35_m
168	JohnCleese	32	AGE32	2675	2674_JohnCleese_32_m
168	JohnCleese	43	AGE43	2683	2682_JohnCleese_43_m
168	JohnCleese	70	AGE70	2698	2697_JohnCleese_70_m
168	JohnCleese	58	AGE58	2692	2691_JohnCleese_58_m
168	JohnCleese	44	AGE44	2684	2683_JohnCleese_44_m
168	JohnCleese	30	AGE30	2673	2672_JohnCleese_30_m
168	JohnCleese	31	AGE31	2674	2673_JohnCleese_31_m
168	JohnCleese	62	AGE62	2693	2692_JohnCleese_62_m
168	JohnCleese	37	AGE37	2679	2678_JohnCleese_37_m
168	JohnCleese	62	AGE62	2694	2693_JohnCleese_62_m
168	JohnCleese	65	AGE65	2696	2695_JohnCleese_65_m
168	JohnCleese	49	AGE49	2686	2685_JohnCleese_49_m
168	JohnCleese	56	AGE56	2691	2690_JohnCleese_56_m
168	JohnCleese	49	AGE49	2687	2686_JohnCleese_49_m
168	JohnCleese	53	AGE53	2689	2688_JohnCleese_53_m
169	Turner	46	AGE46	16429	16428_Turner_46_f
169	Turner	72	AGE72	16432	16431_Turner_72_f
169	Turner	44	AGE44	16426	16425_Turner_44_f
169	Turner	77	AGE77	16437	16436_Turner_77_f
169	Turner	76	AGE76	16436	16435_Turner_76_f
169	Turner	32	AGE32	16422	16421_Turner_32_f
169	Turner	45	AGE45	16424	16423_Turner_45_f
169	Turner	69	AGE69	16434	16433_Turner_69_f
169	Turner	41	AGE41	16420	16419_Turner_41_f
169	Turner	69	AGE69	16431	16430_Turner_69_f
169	Turner	46	AGE46	16428	16427_Turner_46_f
169	Turner	44	AGE44	16421	16420_Turner_44_f
169	Turner	73	AGE73	16433	16432_Turner_73_f
169	Turner	27	AGE27	16418	16417_Turner_27_f
169	Turner	54	AGE54	16430	16429_Turner_54_f
169	Turner	18	AGE18	16435	16434_Turner_18_f
169	Turner	37	AGE37	16419	16418_Turner_37_f
169	Turner	70	AGE70	16423	16422_Turner_70_f
169	Turner	44	AGE44	16425	16424_Turner_44_f
169	Turner	46	AGE46	16427	16426_Turner_46_f
170	CharlesBoyer	29	AGE29	6952	6951_CharlesBoyer_29_m
170	CharlesBoyer	45	AGE45	6963	6962_CharlesBoyer_45_m
170	CharlesBoyer	67	AGE67	6980	6979_CharlesBoyer_67_m
170	CharlesBoyer	66	AGE66	6979	6978_CharlesBoyer_66_m
170	CharlesBoyer	54	AGE54	6969	6968_CharlesBoyer_54_m
170	CharlesBoyer	59	AGE59	6974	6973_CharlesBoyer_59_m
170	CharlesBoyer	63	AGE63	6976	6975_CharlesBoyer_63_m
170	CharlesBoyer	69	AGE69	6982	6981_CharlesBoyer_69_m
170	CharlesBoyer	76	AGE76	6985	6984_CharlesBoyer_76_m
170	CharlesBoyer	64	AGE64	6977	6976_CharlesBoyer_64_m
170	CharlesBoyer	71	AGE71	6983	6982_CharlesBoyer_71_m
170	CharlesBoyer	65	AGE65	6978	6977_CharlesBoyer_65_m
170	CharlesBoyer	56	AGE56	6971	6970_CharlesBoyer_56_m
170	CharlesBoyer	53	AGE53	6968	6967_CharlesBoyer_53_m
170	CharlesBoyer	43	AGE43	6961	6960_CharlesBoyer_43_m
170	CharlesBoyer	34	AGE34	6955	6954_CharlesBoyer_34_m
170	CharlesBoyer	33	AGE33	6954	6953_CharlesBoyer_33_m
170	CharlesBoyer	28	AGE28	6951	6950_CharlesBoyer_28_m
170	CharlesBoyer	50	AGE50	6966	6965_CharlesBoyer_50_m
170	CharlesBoyer	46	AGE46	6964	6963_CharlesBoyer_46_m
170	CharlesBoyer	36	AGE36	6956	6955_CharlesBoyer_36_m
170	CharlesBoyer	58	AGE58	6973	6972_CharlesBoyer_58_m
170	CharlesBoyer	55	AGE55	6970	6969_CharlesBoyer_55_m
170	CharlesBoyer	38	AGE38	6958	6957_CharlesBoyer_38_m
170	CharlesBoyer	57	AGE57	6972	6971_CharlesBoyer_57_m
170	CharlesBoyer	41	AGE41	6960	6959_CharlesBoyer_41_m
170	CharlesBoyer	68	AGE68	6981	6980_CharlesBoyer_68_m
170	CharlesBoyer	37	AGE37	6957	6956_CharlesBoyer_37_m
170	CharlesBoyer	51	AGE51	6967	6966_CharlesBoyer_51_m
170	CharlesBoyer	61	AGE61	6975	6974_CharlesBoyer_61_m
170	CharlesBoyer	44	AGE44	6962	6961_CharlesBoyer_44_m
170	CharlesBoyer	48	AGE48	6965	6964_CharlesBoyer_48_m
170	CharlesBoyer	74	AGE74	6984	6983_CharlesBoyer_74_m
170	CharlesBoyer	31	AGE31	6953	6952_CharlesBoyer_31_m
170	CharlesBoyer	39	AGE39	6959	6958_CharlesBoyer_39_m
171	EmmaThompson	47	AGE47	11040	11039_EmmaThompson_47_f
171	EmmaThompson	40	AGE40	11036	11035_EmmaThompson_40_f
171	EmmaThompson	43	AGE43	11038	11037_EmmaThompson_43_f
171	EmmaThompson	44	AGE44	11039	11038_EmmaThompson_44_f
171	EmmaThompson	55	AGE55	11044	11043_EmmaThompson_55_f
171	EmmaThompson	24	AGE24	11026	11025_EmmaThompson_24_f
171	EmmaThompson	33	AGE33	11031	11030_EmmaThompson_33_f
171	EmmaThompson	32	AGE32	11029	11028_EmmaThompson_32_f
171	EmmaThompson	37	AGE37	11034	11033_EmmaThompson_37_f
171	EmmaThompson	35	AGE35	11033	11032_EmmaThompson_35_f
171	EmmaThompson	27	AGE27	11027	11026_EmmaThompson_27_f
171	EmmaThompson	51	AGE51	11043	11042_EmmaThompson_51_f
171	EmmaThompson	49	AGE49	11042	11041_EmmaThompson_49_f
171	EmmaThompson	33	AGE33	11030	11029_EmmaThompson_33_f
171	EmmaThompson	30	AGE30	11028	11027_EmmaThompson_30_f
171	EmmaThompson	38	AGE38	11035	11034_EmmaThompson_38_f
171	EmmaThompson	49	AGE49	11041	11040_EmmaThompson_49_f
171	EmmaThompson	34	AGE34	11032	11031_EmmaThompson_34_f
171	EmmaThompson	23	AGE23	11025	11024_EmmaThompson_23_f
171	EmmaThompson	42	AGE42	11037	11036_EmmaThompson_42_f
172	ChristopherEccleston	35	AGE35	8893	8892_ChristopherEccleston_35_m
172	ChristopherEccleston	37	AGE37	8895	8894_ChristopherEccleston_37_m
172	ChristopherEccleston	34	AGE34	8892	8891_ChristopherEccleston_34_m
172	ChristopherEccleston	43	AGE43	8900	8899_ChristopherEccleston_43_m
172	ChristopherEccleston	32	AGE32	8890	8889_ChristopherEccleston_32_m
172	ChristopherEccleston	41	AGE41	8898	8897_ChristopherEccleston_41_m
172	ChristopherEccleston	33	AGE33	8891	8890_ChristopherEccleston_33_m
172	ChristopherEccleston	36	AGE36	8894	8893_ChristopherEccleston_36_m
172	ChristopherEccleston	45	AGE45	8902	8901_ChristopherEccleston_45_m
172	ChristopherEccleston	28	AGE28	8885	8884_ChristopherEccleston_28_m
172	ChristopherEccleston	24	AGE24	8882	8881_ChristopherEccleston_24_m
172	ChristopherEccleston	29	AGE29	8887	8886_ChristopherEccleston_29_m
172	ChristopherEccleston	47	AGE47	8904	8903_ChristopherEccleston_47_m
172	ChristopherEccleston	39	AGE39	8896	8895_ChristopherEccleston_39_m
172	ChristopherEccleston	31	AGE31	8889	8888_ChristopherEccleston_31_m
172	ChristopherEccleston	44	AGE44	8901	8900_ChristopherEccleston_44_m
172	ChristopherEccleston	27	AGE27	8884	8883_ChristopherEccleston_27_m
172	ChristopherEccleston	49	AGE49	8906	8905_ChristopherEccleston_49_m
172	ChristopherEccleston	40	AGE40	8897	8896_ChristopherEccleston_40_m
172	ChristopherEccleston	26	AGE26	8883	8882_ChristopherEccleston_26_m
172	ChristopherEccleston	49	AGE49	8907	8906_ChristopherEccleston_49_m
172	ChristopherEccleston	30	AGE30	8888	8887_ChristopherEccleston_30_m
172	ChristopherEccleston	48	AGE48	8905	8904_ChristopherEccleston_48_m
172	ChristopherEccleston	29	AGE29	8886	8885_ChristopherEccleston_29_m
172	ChristopherEccleston	42	AGE42	8899	8898_ChristopherEccleston_42_m
172	ChristopherEccleston	50	AGE50	8908	8907_ChristopherEccleston_50_m
172	ChristopherEccleston	46	AGE46	8903	8902_ChristopherEccleston_46_m
173	GreerGarson	48	AGE48	14022	14021_GreerGarson_48_f
173	GreerGarson	39	AGE39	14013	14012_GreerGarson_39_f
173	GreerGarson	39	AGE39	14033	14032_GreerGarson_39_f
173	GreerGarson	81	AGE81	14021	14020_GreerGarson_81_f
173	GreerGarson	45	AGE45	14031	14030_GreerGarson_45_f
173	GreerGarson	54	AGE54	14029	14028_GreerGarson_54_f
173	GreerGarson	50	AGE50	14032	14031_GreerGarson_50_f
173	GreerGarson	49	AGE49	14024	14023_GreerGarson_49_f
173	GreerGarson	33	AGE33	14028	14027_GreerGarson_33_f
173	GreerGarson	62	AGE62	14019	14018_GreerGarson_62_f
173	GreerGarson	28	AGE28	14023	14022_GreerGarson_28_f
173	GreerGarson	40	AGE40	14035	14034_GreerGarson_40_f
173	GreerGarson	63	AGE63	14020	14019_GreerGarson_63_f
173	GreerGarson	35	AGE35	14010	14009_GreerGarson_35_f
173	GreerGarson	41	AGE41	14025	14024_GreerGarson_41_f
173	GreerGarson	58	AGE58	14030	14029_GreerGarson_58_f
173	GreerGarson	45	AGE45	14016	14015_GreerGarson_45_f
173	GreerGarson	43	AGE43	14015	14014_GreerGarson_43_f
173	GreerGarson	36	AGE36	14011	14010_GreerGarson_36_f
173	GreerGarson	32	AGE32	14009	14008_GreerGarson_32_f
173	GreerGarson	61	AGE61	14018	14017_GreerGarson_61_f
173	GreerGarson	46	AGE46	14017	14016_GreerGarson_46_f
173	GreerGarson	56	AGE56	14034	14033_GreerGarson_56_f
173	GreerGarson	30	AGE30	14026	14025_GreerGarson_30_f
173	GreerGarson	58	AGE58	14027	14026_GreerGarson_58_f
173	GreerGarson	38	AGE38	14012	14011_GreerGarson_38_f
173	GreerGarson	43	AGE43	14014	14013_GreerGarson_43_f
174	LelandStanford	46	AGE46	412	411_LelandStanford_46_m
174	LelandStanford	40	AGE40	414	413_LelandStanford_40_m
174	LelandStanford	38	AGE38	418	417_LelandStanford_38_m
174	LelandStanford	38	AGE38	413	412_LelandStanford_38_m
174	LelandStanford	49	AGE49	421	420_LelandStanford_49_m
174	LelandStanford	57	AGE57	415	414_LelandStanford_57_m
174	LelandStanford	67	AGE67	416	415_LelandStanford_67_m
174	LelandStanford	66	AGE66	411	410_LelandStanford_66_m
174	LelandStanford	26	AGE26	419	418_LelandStanford_26_m
174	LelandStanford	56	AGE56	417	416_LelandStanford_56_m
174	LelandStanford	54	AGE54	420	419_LelandStanford_54_m
175	FrancesDee	90	AGE90	5837	5836_FrancesDee_90_m
175	FrancesDee	89	AGE89	5836	5835_FrancesDee_89_m
175	FrancesDee	43	AGE43	12608	12607_FrancesDee_43_f
175	FrancesDee	35	AGE35	12603	12602_FrancesDee_35_f
175	FrancesDee	40	AGE40	5828	5827_FrancesDee_40_m
175	FrancesDee	33	AGE33	12602	12601_FrancesDee_33_f
175	FrancesDee	90	AGE90	12615	12614_FrancesDee_90_f
175	FrancesDee	31	AGE31	5823	5822_FrancesDee_31_m
175	FrancesDee	30	AGE30	12600	12599_FrancesDee_30_f
175	FrancesDee	38	AGE38	12605	12604_FrancesDee_38_f
175	FrancesDee	41	AGE41	5829	5828_FrancesDee_41_m
175	FrancesDee	89	AGE89	12614	12613_FrancesDee_89_f
175	FrancesDee	25	AGE25	5820	5819_FrancesDee_25_m
175	FrancesDee	37	AGE37	12604	12603_FrancesDee_37_f
175	FrancesDee	22	AGE22	12596	12595_FrancesDee_22_f
175	FrancesDee	44	AGE44	12609	12608_FrancesDee_44_f
175	FrancesDee	76	AGE76	12612	12611_FrancesDee_76_f
175	FrancesDee	70	AGE70	12611	12610_FrancesDee_70_f
175	FrancesDee	41	AGE41	12607	12606_FrancesDee_41_f
175	FrancesDee	29	AGE29	12599	12598_FrancesDee_29_f
175	FrancesDee	37	AGE37	5826	5825_FrancesDee_37_m
175	FrancesDee	44	AGE44	5831	5830_FrancesDee_44_m
175	FrancesDee	29	AGE29	5821	5820_FrancesDee_29_m
175	FrancesDee	24	AGE24	5819	5818_FrancesDee_24_m
175	FrancesDee	93	AGE93	5839	5838_FrancesDee_93_m
175	FrancesDee	33	AGE33	5824	5823_FrancesDee_33_m
175	FrancesDee	45	AGE45	5832	5831_FrancesDee_45_m
175	FrancesDee	43	AGE43	5830	5829_FrancesDee_43_m
175	FrancesDee	22	AGE22	5818	5817_FrancesDee_22_m
175	FrancesDee	40	AGE40	12606	12605_FrancesDee_40_f
175	FrancesDee	83	AGE83	5835	5834_FrancesDee_83_m
175	FrancesDee	24	AGE24	12597	12596_FrancesDee_24_f
175	FrancesDee	35	AGE35	5825	5824_FrancesDee_35_m
175	FrancesDee	31	AGE31	12601	12600_FrancesDee_31_f
175	FrancesDee	83	AGE83	12613	12612_FrancesDee_83_f
175	FrancesDee	30	AGE30	5822	5821_FrancesDee_30_m
175	FrancesDee	45	AGE45	12610	12609_FrancesDee_45_f
175	FrancesDee	91	AGE91	12616	12615_FrancesDee_91_f
175	FrancesDee	25	AGE25	12598	12597_FrancesDee_25_f
175	FrancesDee	38	AGE38	5827	5826_FrancesDee_38_m
175	FrancesDee	70	AGE70	5833	5832_FrancesDee_70_m
175	FrancesDee	93	AGE93	12617	12616_FrancesDee_93_f
175	FrancesDee	91	AGE91	5838	5837_FrancesDee_91_m
175	FrancesDee	76	AGE76	5834	5833_FrancesDee_76_m
176	RodTaylor	43	AGE43	2271	2270_RodTaylor_43_m
176	RodTaylor	36	AGE36	2264	2263_RodTaylor_36_m
176	RodTaylor	26	AGE26	2256	2255_RodTaylor_26_m
176	RodTaylor	61	AGE61	2283	2282_RodTaylor_61_m
176	RodTaylor	32	AGE32	2261	2260_RodTaylor_32_m
176	RodTaylor	30	AGE30	2259	2258_RodTaylor_30_m
176	RodTaylor	35	AGE35	2263	2262_RodTaylor_35_m
176	RodTaylor	69	AGE69	2288	2287_RodTaylor_69_m
176	RodTaylor	64	AGE64	2285	2284_RodTaylor_64_m
176	RodTaylor	37	AGE37	2265	2264_RodTaylor_37_m
176	RodTaylor	28	AGE28	2257	2256_RodTaylor_28_m
176	RodTaylor	31	AGE31	2260	2259_RodTaylor_31_m
176	RodTaylor	62	AGE62	2284	2283_RodTaylor_62_m
176	RodTaylor	80	AGE80	2290	2289_RodTaylor_80_m
176	RodTaylor	33	AGE33	2262	2261_RodTaylor_33_m
176	RodTaylor	44	AGE44	2272	2271_RodTaylor_44_m
176	RodTaylor	66	AGE66	2287	2286_RodTaylor_66_m
176	RodTaylor	79	AGE79	2289	2288_RodTaylor_79_m
176	RodTaylor	46	AGE46	2274	2273_RodTaylor_46_m
176	RodTaylor	40	AGE40	2268	2267_RodTaylor_40_m
176	RodTaylor	24	AGE24	2253	2252_RodTaylor_24_m
176	RodTaylor	81	AGE81	2291	2290_RodTaylor_81_m
176	RodTaylor	53	AGE53	2280	2279_RodTaylor_53_m
176	RodTaylor	50	AGE50	2277	2276_RodTaylor_50_m
176	RodTaylor	49	AGE49	2276	2275_RodTaylor_49_m
176	RodTaylor	65	AGE65	2286	2285_RodTaylor_65_m
176	RodTaylor	38	AGE38	2266	2265_RodTaylor_38_m
176	RodTaylor	29	AGE29	2258	2257_RodTaylor_29_m
176	RodTaylor	41	AGE41	2269	2268_RodTaylor_41_m
176	RodTaylor	45	AGE45	2273	2272_RodTaylor_45_m
176	RodTaylor	38	AGE38	2267	2266_RodTaylor_38_m
176	RodTaylor	25	AGE25	2255	2254_RodTaylor_25_m
176	RodTaylor	24	AGE24	2254	2253_RodTaylor_24_m
176	RodTaylor	42	AGE42	2270	2269_RodTaylor_42_m
176	RodTaylor	58	AGE58	2281	2280_RodTaylor_58_m
176	RodTaylor	20	AGE20	2252	2251_RodTaylor_20_m
176	RodTaylor	52	AGE52	2279	2278_RodTaylor_52_m
176	RodTaylor	48	AGE48	2275	2274_RodTaylor_48_m
176	RodTaylor	60	AGE60	2282	2281_RodTaylor_60_m
176	RodTaylor	51	AGE51	2278	2277_RodTaylor_51_m
177	OliviaHussey	16	AGE16	11696	11695_OliviaHussey_16_f
177	OliviaHussey	33	AGE33	11708	11707_OliviaHussey_33_f
177	OliviaHussey	28	AGE28	11704	11703_OliviaHussey_28_f
177	OliviaHussey	18	AGE18	11697	11696_OliviaHussey_18_f
177	OliviaHussey	63	AGE63	11723	11722_OliviaHussey_63_f
177	OliviaHussey	23	AGE23	11701	11700_OliviaHussey_23_f
177	OliviaHussey	62	AGE62	11722	11721_OliviaHussey_62_f
177	OliviaHussey	31	AGE31	11707	11706_OliviaHussey_31_f
177	OliviaHussey	29	AGE29	11705	11704_OliviaHussey_29_f
177	OliviaHussey	55	AGE55	11718	11717_OliviaHussey_55_f
177	OliviaHussey	41	AGE41	11712	11711_OliviaHussey_41_f
177	OliviaHussey	56	AGE56	11719	11718_OliviaHussey_56_f
177	OliviaHussey	40	AGE40	11711	11710_OliviaHussey_40_f
177	OliviaHussey	21	AGE21	11699	11698_OliviaHussey_21_f
177	OliviaHussey	43	AGE43	11713	11712_OliviaHussey_43_f
177	OliviaHussey	14	AGE14	11695	11694_OliviaHussey_14_f
177	OliviaHussey	34	AGE34	11709	11708_OliviaHussey_34_f
177	OliviaHussey	60	AGE60	11721	11720_OliviaHussey_60_f
177	OliviaHussey	20	AGE20	11698	11697_OliviaHussey_20_f
177	OliviaHussey	46	AGE46	11715	11714_OliviaHussey_46_f
177	OliviaHussey	57	AGE57	11720	11719_OliviaHussey_57_f
177	OliviaHussey	39	AGE39	11710	11709_OliviaHussey_39_f
177	OliviaHussey	52	AGE52	11717	11716_OliviaHussey_52_f
177	OliviaHussey	30	AGE30	11706	11705_OliviaHussey_30_f
177	OliviaHussey	26	AGE26	11702	11701_OliviaHussey_26_f
177	OliviaHussey	22	AGE22	11700	11699_OliviaHussey_22_f
177	OliviaHussey	44	AGE44	11714	11713_OliviaHussey_44_f
177	OliviaHussey	50	AGE50	11716	11715_OliviaHussey_50_f
177	OliviaHussey	27	AGE27	11703	11702_OliviaHussey_27_f
178	AndyGriffith	78	AGE78	7818	7817_AndyGriffith_78_m
178	AndyGriffith	69	AGE69	7814	7813_AndyGriffith_69_m
178	AndyGriffith	52	AGE52	7804	7803_AndyGriffith_52_m
178	AndyGriffith	42	AGE42	7796	7795_AndyGriffith_42_m
178	AndyGriffith	36	AGE36	7791	7790_AndyGriffith_36_m
178	AndyGriffith	20	AGE20	7786	7785_AndyGriffith_20_m
178	AndyGriffith	72	AGE72	7815	7814_AndyGriffith_72_m
178	AndyGriffith	45	AGE45	7798	7797_AndyGriffith_45_m
178	AndyGriffith	39	AGE39	7793	7792_AndyGriffith_39_m
178	AndyGriffith	61	AGE61	7811	7810_AndyGriffith_61_m
178	AndyGriffith	53	AGE53	7805	7804_AndyGriffith_53_m
178	AndyGriffith	31	AGE31	7787	7786_AndyGriffith_31_m
178	AndyGriffith	34	AGE34	7789	7788_AndyGriffith_34_m
178	AndyGriffith	50	AGE50	7802	7801_AndyGriffith_50_m
178	AndyGriffith	68	AGE68	7813	7812_AndyGriffith_68_m
178	AndyGriffith	59	AGE59	7809	7808_AndyGriffith_59_m
178	AndyGriffith	79	AGE79	7819	7818_AndyGriffith_79_m
178	AndyGriffith	41	AGE41	7795	7794_AndyGriffith_41_m
178	AndyGriffith	48	AGE48	7800	7799_AndyGriffith_48_m
178	AndyGriffith	82	AGE82	7822	7821_AndyGriffith_82_m
178	AndyGriffith	81	AGE81	7821	7820_AndyGriffith_81_m
178	AndyGriffith	47	AGE47	7799	7798_AndyGriffith_47_m
178	AndyGriffith	55	AGE55	7807	7806_AndyGriffith_55_m
178	AndyGriffith	58	AGE58	7808	7807_AndyGriffith_58_m
178	AndyGriffith	35	AGE35	7790	7789_AndyGriffith_35_m
178	AndyGriffith	80	AGE80	7820	7819_AndyGriffith_80_m
178	AndyGriffith	77	AGE77	7817	7816_AndyGriffith_77_m
178	AndyGriffith	51	AGE51	7803	7802_AndyGriffith_51_m
178	AndyGriffith	43	AGE43	7797	7796_AndyGriffith_43_m
178	AndyGriffith	74	AGE74	7816	7815_AndyGriffith_74_m
178	AndyGriffith	33	AGE33	7788	7787_AndyGriffith_33_m
178	AndyGriffith	49	AGE49	7801	7800_AndyGriffith_49_m
178	AndyGriffith	54	AGE54	7806	7805_AndyGriffith_54_m
178	AndyGriffith	60	AGE60	7810	7809_AndyGriffith_60_m
178	AndyGriffith	40	AGE40	7794	7793_AndyGriffith_40_m
178	AndyGriffith	66	AGE66	7812	7811_AndyGriffith_66_m
178	AndyGriffith	38	AGE38	7792	7791_AndyGriffith_38_m
179	LorettaYoung	28	AGE28	14367	14366_LorettaYoung_28_f
179	LorettaYoung	39	AGE39	14375	14374_LorettaYoung_39_f
179	LorettaYoung	15	AGE15	14357	14356_LorettaYoung_15_f
179	LorettaYoung	47	AGE47	14377	14376_LorettaYoung_47_f
179	LorettaYoung	26	AGE26	14365	14364_LorettaYoung_26_f
179	LorettaYoung	48	AGE48	14378	14377_LorettaYoung_48_f
179	LorettaYoung	18	AGE18	14385	14384_LorettaYoung_18_f
179	LorettaYoung	18	AGE18	14360	14359_LorettaYoung_18_f
179	LorettaYoung	17	AGE17	14383	14382_LorettaYoung_17_f
179	LorettaYoung	25	AGE25	14364	14363_LorettaYoung_25_f
179	LorettaYoung	49	AGE49	14379	14378_LorettaYoung_49_f
179	LorettaYoung	23	AGE23	14362	14361_LorettaYoung_23_f
179	LorettaYoung	13	AGE13	14356	14355_LorettaYoung_13_f
179	LorettaYoung	18	AGE18	14355	14354_LorettaYoung_18_f
179	LorettaYoung	31	AGE31	14369	14368_LorettaYoung_31_f
179	LorettaYoung	34	AGE34	14372	14371_LorettaYoung_34_f
179	LorettaYoung	33	AGE33	14371	14370_LorettaYoung_33_f
179	LorettaYoung	17	AGE17	14359	14358_LorettaYoung_17_f
179	LorettaYoung	72	AGE72	14382	14381_LorettaYoung_72_f
179	LorettaYoung	32	AGE32	14370	14369_LorettaYoung_32_f
179	LorettaYoung	37	AGE37	14373	14372_LorettaYoung_37_f
179	LorettaYoung	43	AGE43	14387	14386_LorettaYoung_43_f
179	LorettaYoung	27	AGE27	14366	14365_LorettaYoung_27_f
179	LorettaYoung	16	AGE16	14358	14357_LorettaYoung_16_f
179	LorettaYoung	38	AGE38	14374	14373_LorettaYoung_38_f
179	LorettaYoung	16	AGE16	14384	14383_LorettaYoung_16_f
179	LorettaYoung	29	AGE29	14368	14367_LorettaYoung_29_f
179	LorettaYoung	75	AGE75	14381	14380_LorettaYoung_75_f
179	LorettaYoung	22	AGE22	14361	14360_LorettaYoung_22_f
179	LorettaYoung	40	AGE40	14376	14375_LorettaYoung_40_f
179	LorettaYoung	40	AGE40	14386	14385_LorettaYoung_40_f
179	LorettaYoung	24	AGE24	14363	14362_LorettaYoung_24_f
179	LorettaYoung	65	AGE65	14380	14379_LorettaYoung_65_f
180	MichellePfeiffer	28	AGE28	13189	13188_MichellePfeiffer_28_f
180	MichellePfeiffer	17	AGE17	13185	13184_MichellePfeiffer_17_f
180	MichellePfeiffer	33	AGE33	13202	13201_MichellePfeiffer_33_f
180	MichellePfeiffer	31	AGE31	13200	13199_MichellePfeiffer_31_f
180	MichellePfeiffer	41	AGE41	13195	13194_MichellePfeiffer_41_f
180	MichellePfeiffer	51	AGE51	13212	13211_MichellePfeiffer_51_f
180	MichellePfeiffer	30	AGE30	13191	13190_MichellePfeiffer_30_f
180	MichellePfeiffer	43	AGE43	13196	13195_MichellePfeiffer_43_f
180	MichellePfeiffer	44	AGE44	13208	13207_MichellePfeiffer_44_f
180	MichellePfeiffer	29	AGE29	13190	13189_MichellePfeiffer_29_f
180	MichellePfeiffer	39	AGE39	13206	13205_MichellePfeiffer_39_f
180	MichellePfeiffer	55	AGE55	13213	13212_MichellePfeiffer_55_f
180	MichellePfeiffer	49	AGE49	13210	13209_MichellePfeiffer_49_f
180	MichellePfeiffer	35	AGE35	13193	13192_MichellePfeiffer_35_f
180	MichellePfeiffer	24	AGE24	13187	13186_MichellePfeiffer_24_f
180	MichellePfeiffer	52	AGE52	13198	13197_MichellePfeiffer_52_f
180	MichellePfeiffer	22	AGE22	13186	13185_MichellePfeiffer_22_f
180	MichellePfeiffer	37	AGE37	13194	13193_MichellePfeiffer_37_f
180	MichellePfeiffer	32	AGE32	13192	13191_MichellePfeiffer_32_f
180	MichellePfeiffer	42	AGE42	13207	13206_MichellePfeiffer_42_f
180	MichellePfeiffer	45	AGE45	13209	13208_MichellePfeiffer_45_f
180	MichellePfeiffer	36	AGE36	13204	13203_MichellePfeiffer_36_f
180	MichellePfeiffer	50	AGE50	13211	13210_MichellePfeiffer_50_f
180	MichellePfeiffer	25	AGE25	13188	13187_MichellePfeiffer_25_f
180	MichellePfeiffer	38	AGE38	13205	13204_MichellePfeiffer_38_f
180	MichellePfeiffer	32	AGE32	13201	13200_MichellePfeiffer_32_f
180	MichellePfeiffer	49	AGE49	13197	13196_MichellePfeiffer_49_f
180	MichellePfeiffer	54	AGE54	13199	13198_MichellePfeiffer_54_f
180	MichellePfeiffer	33	AGE33	13203	13202_MichellePfeiffer_33_f
181	FernandoRey	59	AGE59	6321	6320_FernandoRey_59_m
181	FernandoRey	51	AGE51	6313	6312_FernandoRey_51_m
181	FernandoRey	70	AGE70	6328	6327_FernandoRey_70_m
181	FernandoRey	66	AGE66	6326	6325_FernandoRey_66_m
181	FernandoRey	75	AGE75	6330	6329_FernandoRey_75_m
181	FernandoRey	55	AGE55	6317	6316_FernandoRey_55_m
181	FernandoRey	50	AGE50	6312	6311_FernandoRey_50_m
181	FernandoRey	52	AGE52	6314	6313_FernandoRey_52_m
181	FernandoRey	30	AGE30	6298	6297_FernandoRey_30_m
181	FernandoRey	31	AGE31	6299	6298_FernandoRey_31_m
181	FernandoRey	40	AGE40	6305	6304_FernandoRey_40_m
181	FernandoRey	53	AGE53	6315	6314_FernandoRey_53_m
181	FernandoRey	72	AGE72	6329	6328_FernandoRey_72_m
181	FernandoRey	36	AGE36	6303	6302_FernandoRey_36_m
181	FernandoRey	34	AGE34	6302	6301_FernandoRey_34_m
181	FernandoRey	57	AGE57	6319	6318_FernandoRey_57_m
181	FernandoRey	47	AGE47	6309	6308_FernandoRey_47_m
181	FernandoRey	45	AGE45	6308	6307_FernandoRey_45_m
181	FernandoRey	54	AGE54	6316	6315_FernandoRey_54_m
181	FernandoRey	62	AGE62	6323	6322_FernandoRey_62_m
181	FernandoRey	68	AGE68	6327	6326_FernandoRey_68_m
181	FernandoRey	58	AGE58	6320	6319_FernandoRey_58_m
181	FernandoRey	32	AGE32	6300	6299_FernandoRey_32_m
181	FernandoRey	48	AGE48	6310	6309_FernandoRey_48_m
181	FernandoRey	64	AGE64	6325	6324_FernandoRey_64_m
181	FernandoRey	43	AGE43	6307	6306_FernandoRey_43_m
181	FernandoRey	33	AGE33	6301	6300_FernandoRey_33_m
181	FernandoRey	60	AGE60	6322	6321_FernandoRey_60_m
181	FernandoRey	49	AGE49	6311	6310_FernandoRey_49_m
181	FernandoRey	56	AGE56	6318	6317_FernandoRey_56_m
181	FernandoRey	63	AGE63	6324	6323_FernandoRey_63_m
181	FernandoRey	38	AGE38	6304	6303_FernandoRey_38_m
181	FernandoRey	42	AGE42	6306	6305_FernandoRey_42_m
182	DustinHoffman	30	AGE30	4524	4523_DustinHoffman_30_m
182	DustinHoffman	76	AGE76	4520	4519_DustinHoffman_76_m
182	DustinHoffman	38	AGE38	4521	4520_DustinHoffman_38_m
182	DustinHoffman	42	AGE42	4536	4535_DustinHoffman_42_m
182	DustinHoffman	45	AGE45	4539	4538_DustinHoffman_45_m
182	DustinHoffman	40	AGE40	4541	4540_DustinHoffman_40_m
182	DustinHoffman	54	AGE54	4532	4531_DustinHoffman_54_m
182	DustinHoffman	37	AGE37	4543	4542_DustinHoffman_37_m
182	DustinHoffman	37	AGE37	4537	4536_DustinHoffman_37_m
182	DustinHoffman	37	AGE37	4535	4534_DustinHoffman_37_m
182	DustinHoffman	54	AGE54	4540	4539_DustinHoffman_54_m
182	DustinHoffman	32	AGE32	4538	4537_DustinHoffman_32_m
182	DustinHoffman	62	AGE62	4529	4528_DustinHoffman_62_m
182	DustinHoffman	71	AGE71	4522	4521_DustinHoffman_71_m
182	DustinHoffman	60	AGE60	4519	4518_DustinHoffman_60_m
182	DustinHoffman	42	AGE42	4531	4530_DustinHoffman_42_m
182	DustinHoffman	57	AGE57	4530	4529_DustinHoffman_57_m
182	DustinHoffman	30	AGE30	4534	4533_DustinHoffman_30_m
182	DustinHoffman	36	AGE36	4527	4526_DustinHoffman_36_m
182	DustinHoffman	48	AGE48	4526	4525_DustinHoffman_48_m
182	DustinHoffman	18	AGE18	4542	4541_DustinHoffman_18_m
182	DustinHoffman	60	AGE60	4528	4527_DustinHoffman_60_m
182	DustinHoffman	29	AGE29	4518	4517_DustinHoffman_29_m
182	DustinHoffman	29	AGE29	4525	4524_DustinHoffman_29_m
182	DustinHoffman	60	AGE60	4533	4532_DustinHoffman_60_m
182	DustinHoffman	43	AGE43	4523	4522_DustinHoffman_43_m
183	WoodyAllen	37	AGE37	2989	2988_WoodyAllen_37_m
183	WoodyAllen	73	AGE73	3002	3001_WoodyAllen_73_m
183	WoodyAllen	44	AGE44	2992	2991_WoodyAllen_44_m
183	WoodyAllen	54	AGE54	3000	2999_WoodyAllen_54_m
183	WoodyAllen	67	AGE67	3004	3003_WoodyAllen_67_m
183	WoodyAllen	68	AGE68	2998	2997_WoodyAllen_68_m
183	WoodyAllen	70	AGE70	2999	2998_WoodyAllen_70_m
183	WoodyAllen	18	AGE18	2986	2985_WoodyAllen_18_m
183	WoodyAllen	47	AGE47	3005	3004_WoodyAllen_47_m
183	WoodyAllen	29	AGE29	2985	2984_WoodyAllen_29_m
183	WoodyAllen	49	AGE49	2994	2993_WoodyAllen_49_m
183	WoodyAllen	58	AGE58	2996	2995_WoodyAllen_58_m
183	WoodyAllen	67	AGE67	2997	2996_WoodyAllen_67_m
183	WoodyAllen	42	AGE42	2990	2989_WoodyAllen_42_m
183	WoodyAllen	51	AGE51	2995	2994_WoodyAllen_51_m
183	WoodyAllen	72	AGE72	3001	3000_WoodyAllen_72_m
183	WoodyAllen	45	AGE45	2991	2990_WoodyAllen_45_m
183	WoodyAllen	31	AGE31	2988	2987_WoodyAllen_31_m
183	WoodyAllen	71	AGE71	2987	2986_WoodyAllen_71_m
183	WoodyAllen	75	AGE75	3003	3002_WoodyAllen_75_m
183	WoodyAllen	47	AGE47	2993	2992_WoodyAllen_47_m
184	GeorgesMarchal	32	AGE32	9338	9337_GeorgesMarchal_32_m
184	GeorgesMarchal	43	AGE43	9344	9343_GeorgesMarchal_43_m
184	GeorgesMarchal	62	AGE62	9354	9353_GeorgesMarchal_62_m
184	GeorgesMarchal	61	AGE61	9353	9352_GeorgesMarchal_61_m
184	GeorgesMarchal	34	AGE34	9340	9339_GeorgesMarchal_34_m
184	GeorgesMarchal	35	AGE35	9341	9340_GeorgesMarchal_35_m
184	GeorgesMarchal	49	AGE49	9347	9346_GeorgesMarchal_49_m
184	GeorgesMarchal	45	AGE45	9345	9344_GeorgesMarchal_45_m
184	GeorgesMarchal	60	AGE60	9352	9351_GeorgesMarchal_60_m
184	GeorgesMarchal	66	AGE66	9356	9355_GeorgesMarchal_66_m
184	GeorgesMarchal	33	AGE33	9339	9338_GeorgesMarchal_33_m
184	GeorgesMarchal	67	AGE67	9357	9356_GeorgesMarchal_67_m
184	GeorgesMarchal	57	AGE57	9350	9349_GeorgesMarchal_57_m
184	GeorgesMarchal	23	AGE23	9335	9334_GeorgesMarchal_23_m
184	GeorgesMarchal	46	AGE46	9346	9345_GeorgesMarchal_46_m
184	GeorgesMarchal	20	AGE20	9333	9332_GeorgesMarchal_20_m
184	GeorgesMarchal	65	AGE65	9355	9354_GeorgesMarchal_65_m
184	GeorgesMarchal	41	AGE41	9342	9341_GeorgesMarchal_41_m
184	GeorgesMarchal	52	AGE52	9349	9348_GeorgesMarchal_52_m
184	GeorgesMarchal	51	AGE51	9348	9347_GeorgesMarchal_51_m
184	GeorgesMarchal	69	AGE69	9358	9357_GeorgesMarchal_69_m
184	GeorgesMarchal	22	AGE22	9334	9333_GeorgesMarchal_22_m
184	GeorgesMarchal	25	AGE25	9337	9336_GeorgesMarchal_25_m
184	GeorgesMarchal	24	AGE24	9336	9335_GeorgesMarchal_24_m
184	GeorgesMarchal	58	AGE58	9351	9350_GeorgesMarchal_58_m
184	GeorgesMarchal	42	AGE42	9343	9342_GeorgesMarchal_42_m
185	TheodoreRoosevelt	42	AGE42	911	910_TheodoreRoosevelt_42_m
185	TheodoreRoosevelt	46	AGE46	912	911_TheodoreRoosevelt_46_m
185	TheodoreRoosevelt	57	AGE57	918	917_TheodoreRoosevelt_57_m
185	TheodoreRoosevelt	46	AGE46	919	918_TheodoreRoosevelt_46_m
185	TheodoreRoosevelt	41	AGE41	923	922_TheodoreRoosevelt_41_m
185	TheodoreRoosevelt	34	AGE34	917	916_TheodoreRoosevelt_34_m
185	TheodoreRoosevelt	23	AGE23	922	921_TheodoreRoosevelt_23_m
185	TheodoreRoosevelt	20	AGE20	915	914_TheodoreRoosevelt_20_m
185	TheodoreRoosevelt	55	AGE55	914	913_TheodoreRoosevelt_55_m
185	TheodoreRoosevelt	18	AGE18	916	915_TheodoreRoosevelt_18_m
185	TheodoreRoosevelt	14	AGE14	910	909_TheodoreRoosevelt_14_m
185	TheodoreRoosevelt	54	AGE54	920	919_TheodoreRoosevelt_54_m
185	TheodoreRoosevelt	44	AGE44	913	912_TheodoreRoosevelt_44_m
185	TheodoreRoosevelt	45	AGE45	921	920_TheodoreRoosevelt_45_m
185	TheodoreRoosevelt	53	AGE53	924	923_TheodoreRoosevelt_53_m
186	ElliottGould	28	AGE28	4544	4543_ElliottGould_28_m
186	ElliottGould	30	AGE30	4545	4544_ElliottGould_30_m
186	ElliottGould	32	AGE32	4547	4546_ElliottGould_32_m
186	ElliottGould	76	AGE76	4549	4548_ElliottGould_76_m
186	ElliottGould	34	AGE34	4548	4547_ElliottGould_34_m
186	ElliottGould	31	AGE31	4546	4545_ElliottGould_31_m
187	JenniferJones	20	AGE20	14595	14594_JenniferJones_20_f
187	JenniferJones	30	AGE30	14577	14576_JenniferJones_30_f
187	JenniferJones	21	AGE21	14583	14582_JenniferJones_21_f
187	JenniferJones	32	AGE32	14585	14584_JenniferJones_32_f
187	JenniferJones	26	AGE26	14588	14587_JenniferJones_26_f
187	JenniferJones	22	AGE22	14596	14595_JenniferJones_22_f
187	JenniferJones	22	AGE22	14584	14583_JenniferJones_22_f
187	JenniferJones	35	AGE35	14599	14598_JenniferJones_35_f
187	JenniferJones	24	AGE24	14574	14573_JenniferJones_24_f
187	JenniferJones	35	AGE35	14579	14578_JenniferJones_35_f
187	JenniferJones	36	AGE36	14580	14579_JenniferJones_36_f
187	JenniferJones	27	AGE27	14594	14593_JenniferJones_27_f
187	JenniferJones	23	AGE23	14593	14592_JenniferJones_23_f
187	JenniferJones	30	AGE30	14591	14590_JenniferJones_30_f
187	JenniferJones	20	AGE20	14575	14574_JenniferJones_20_f
187	JenniferJones	34	AGE34	14597	14596_JenniferJones_34_f
187	JenniferJones	55	AGE55	14590	14589_JenniferJones_55_f
187	JenniferJones	50	AGE50	14582	14581_JenniferJones_50_f
187	JenniferJones	78	AGE78	14602	14601_JenniferJones_78_f
187	JenniferJones	34	AGE34	14601	14600_JenniferJones_34_f
187	JenniferJones	27	AGE27	14598	14597_JenniferJones_27_f
187	JenniferJones	26	AGE26	14576	14575_JenniferJones_26_f
187	JenniferJones	29	AGE29	14592	14591_JenniferJones_29_f
187	JenniferJones	24	AGE24	14587	14586_JenniferJones_24_f
187	JenniferJones	43	AGE43	14581	14580_JenniferJones_43_f
187	JenniferJones	31	AGE31	14578	14577_JenniferJones_31_f
187	JenniferJones	25	AGE25	14586	14585_JenniferJones_25_f
187	JenniferJones	33	AGE33	14573	14572_JenniferJones_33_f
187	JenniferJones	24	AGE24	14600	14599_JenniferJones_24_f
187	JenniferJones	36	AGE36	14589	14588_JenniferJones_36_f
188	JulieAndrews	28	AGE28	11478	11477_JulieAndrews_28_f
188	JulieAndrews	31	AGE31	11481	11480_JulieAndrews_31_f
188	JulieAndrews	29	AGE29	11479	11478_JulieAndrews_29_f
188	JulieAndrews	68	AGE68	11500	11499_JulieAndrews_68_f
188	JulieAndrews	75	AGE75	11496	11495_JulieAndrews_75_f
188	JulieAndrews	40	AGE40	11484	11483_JulieAndrews_40_f
188	JulieAndrews	44	AGE44	11488	11487_JulieAndrews_44_f
188	JulieAndrews	54	AGE54	11490	11489_JulieAndrews_54_f
188	JulieAndrews	72	AGE72	11494	11493_JulieAndrews_72_f
188	JulieAndrews	77	AGE77	11498	11497_JulieAndrews_77_f
188	JulieAndrews	25	AGE25	11477	11476_JulieAndrews_25_f
188	JulieAndrews	66	AGE66	11491	11490_JulieAndrews_66_f
188	JulieAndrews	38	AGE38	11486	11485_JulieAndrews_38_f
188	JulieAndrews	36	AGE36	11485	11484_JulieAndrews_36_f
188	JulieAndrews	37	AGE37	11482	11481_JulieAndrews_37_f
188	JulieAndrews	65	AGE65	11472	11471_JulieAndrews_65_f
188	JulieAndrews	21	AGE21	11476	11475_JulieAndrews_21_f
188	JulieAndrews	32	AGE32	11474	11473_JulieAndrews_32_f
188	JulieAndrews	14	AGE14	11473	11472_JulieAndrews_14_f
188	JulieAndrews	46	AGE46	11489	11488_JulieAndrews_46_f
188	JulieAndrews	74	AGE74	11495	11494_JulieAndrews_74_f
188	JulieAndrews	71	AGE71	11493	11492_JulieAndrews_71_f
188	JulieAndrews	39	AGE39	11483	11482_JulieAndrews_39_f
188	JulieAndrews	30	AGE30	11480	11479_JulieAndrews_30_f
188	JulieAndrews	69	AGE69	11492	11491_JulieAndrews_69_f
188	JulieAndrews	78	AGE78	11499	11498_JulieAndrews_78_f
188	JulieAndrews	22	AGE22	11487	11486_JulieAndrews_22_f
188	JulieAndrews	33	AGE33	11501	11500_JulieAndrews_33_f
188	JulieAndrews	76	AGE76	11497	11496_JulieAndrews_76_f
188	JulieAndrews	26	AGE26	11475	11474_JulieAndrews_26_f
189	MurrayHamilton	37	AGE37	8695	8694_MurrayHamilton_37_m
189	MurrayHamilton	44	AGE44	8701	8700_MurrayHamilton_44_m
189	MurrayHamilton	36	AGE36	8694	8693_MurrayHamilton_36_m
189	MurrayHamilton	45	AGE45	8702	8701_MurrayHamilton_45_m
189	MurrayHamilton	40	AGE40	8698	8697_MurrayHamilton_40_m
189	MurrayHamilton	39	AGE39	8697	8696_MurrayHamilton_39_m
189	MurrayHamilton	61	AGE61	8711	8710_MurrayHamilton_61_m
189	MurrayHamilton	55	AGE55	8707	8706_MurrayHamilton_55_m
189	MurrayHamilton	54	AGE54	8706	8705_MurrayHamilton_54_m
189	MurrayHamilton	43	AGE43	8700	8699_MurrayHamilton_43_m
189	MurrayHamilton	57	AGE57	8709	8708_MurrayHamilton_57_m
189	MurrayHamilton	30	AGE30	8690	8689_MurrayHamilton_30_m
189	MurrayHamilton	48	AGE48	8703	8702_MurrayHamilton_48_m
189	MurrayHamilton	58	AGE58	8710	8709_MurrayHamilton_58_m
189	MurrayHamilton	35	AGE35	8693	8692_MurrayHamilton_35_m
189	MurrayHamilton	34	AGE34	8692	8691_MurrayHamilton_34_m
189	MurrayHamilton	62	AGE62	8712	8711_MurrayHamilton_62_m
189	MurrayHamilton	51	AGE51	8705	8704_MurrayHamilton_51_m
189	MurrayHamilton	63	AGE63	8713	8712_MurrayHamilton_63_m
189	MurrayHamilton	28	AGE28	8689	8688_MurrayHamilton_28_m
189	MurrayHamilton	50	AGE50	8704	8703_MurrayHamilton_50_m
189	MurrayHamilton	42	AGE42	8699	8698_MurrayHamilton_42_m
189	MurrayHamilton	56	AGE56	8708	8707_MurrayHamilton_56_m
189	MurrayHamilton	33	AGE33	8691	8690_MurrayHamilton_33_m
189	MurrayHamilton	38	AGE38	8696	8695_MurrayHamilton_38_m
190	ClintWalker	51	AGE51	4072	4071_ClintWalker_51_m
190	ClintWalker	41	AGE41	4065	4064_ClintWalker_41_m
190	ClintWalker	32	AGE32	4056	4055_ClintWalker_32_m
190	ClintWalker	50	AGE50	4071	4070_ClintWalker_50_m
190	ClintWalker	60	AGE60	4075	4074_ClintWalker_60_m
190	ClintWalker	36	AGE36	4060	4059_ClintWalker_36_m
190	ClintWalker	79	AGE79	4084	4083_ClintWalker_79_m
190	ClintWalker	39	AGE39	4063	4062_ClintWalker_39_m
190	ClintWalker	77	AGE77	4082	4081_ClintWalker_77_m
190	ClintWalker	44	AGE44	4068	4067_ClintWalker_44_m
190	ClintWalker	56	AGE56	4074	4073_ClintWalker_56_m
190	ClintWalker	34	AGE34	4058	4057_ClintWalker_34_m
190	ClintWalker	45	AGE45	4069	4068_ClintWalker_45_m
190	ClintWalker	63	AGE63	4076	4075_ClintWalker_63_m
190	ClintWalker	76	AGE76	4081	4080_ClintWalker_76_m
190	ClintWalker	54	AGE54	4073	4072_ClintWalker_54_m
190	ClintWalker	40	AGE40	4064	4063_ClintWalker_40_m
190	ClintWalker	24	AGE24	4051	4050_ClintWalker_24_m
190	ClintWalker	29	AGE29	4053	4052_ClintWalker_29_m
190	ClintWalker	78	AGE78	4083	4082_ClintWalker_78_m
190	ClintWalker	83	AGE83	4086	4085_ClintWalker_83_m
190	ClintWalker	35	AGE35	4059	4058_ClintWalker_35_m
190	ClintWalker	42	AGE42	4066	4065_ClintWalker_42_m
190	ClintWalker	80	AGE80	4085	4084_ClintWalker_80_m
190	ClintWalker	43	AGE43	4067	4066_ClintWalker_43_m
190	ClintWalker	68	AGE68	4077	4076_ClintWalker_68_m
190	ClintWalker	71	AGE71	4078	4077_ClintWalker_71_m
190	ClintWalker	87	AGE87	4087	4086_ClintWalker_87_m
190	ClintWalker	37	AGE37	4061	4060_ClintWalker_37_m
190	ClintWalker	30	AGE30	4054	4053_ClintWalker_30_m
190	ClintWalker	38	AGE38	4062	4061_ClintWalker_38_m
190	ClintWalker	49	AGE49	4070	4069_ClintWalker_49_m
190	ClintWalker	31	AGE31	4055	4054_ClintWalker_31_m
190	ClintWalker	75	AGE75	4080	4079_ClintWalker_75_m
190	ClintWalker	33	AGE33	4057	4056_ClintWalker_33_m
190	ClintWalker	27	AGE27	4052	4051_ClintWalker_27_m
190	ClintWalker	73	AGE73	4079	4078_ClintWalker_73_m
191	LouCostello	36	AGE36	6604	6603_LouCostello_36_m
191	LouCostello	37	AGE37	6605	6604_LouCostello_37_m
191	LouCostello	53	AGE53	6620	6619_LouCostello_53_m
191	LouCostello	33	AGE33	6601	6600_LouCostello_33_m
191	LouCostello	23	AGE23	6599	6598_LouCostello_23_m
191	LouCostello	44	AGE44	6612	6611_LouCostello_44_m
191	LouCostello	38	AGE38	6606	6605_LouCostello_38_m
191	LouCostello	39	AGE39	6607	6606_LouCostello_39_m
191	LouCostello	41	AGE41	6609	6608_LouCostello_41_m
191	LouCostello	46	AGE46	6614	6613_LouCostello_46_m
191	LouCostello	48	AGE48	6616	6615_LouCostello_48_m
191	LouCostello	52	AGE52	6619	6618_LouCostello_52_m
191	LouCostello	50	AGE50	6618	6617_LouCostello_50_m
191	LouCostello	42	AGE42	6610	6609_LouCostello_42_m
191	LouCostello	35	AGE35	6603	6602_LouCostello_35_m
191	LouCostello	45	AGE45	6613	6612_LouCostello_45_m
191	LouCostello	40	AGE40	6608	6607_LouCostello_40_m
191	LouCostello	34	AGE34	6602	6601_LouCostello_34_m
191	LouCostello	43	AGE43	6611	6610_LouCostello_43_m
191	LouCostello	49	AGE49	6617	6616_LouCostello_49_m
191	LouCostello	32	AGE32	6600	6599_LouCostello_32_m
191	LouCostello	47	AGE47	6615	6614_LouCostello_47_m
192	NielsBohr	40	AGE40	1090	1089_NielsBohr_40_m
192	NielsBohr	72	AGE72	1102	1101_NielsBohr_72_m
192	NielsBohr	24	AGE24	1080	1079_NielsBohr_24_m
192	NielsBohr	42	AGE42	1095	1094_NielsBohr_42_m
192	NielsBohr	49	AGE49	1084	1083_NielsBohr_49_m
192	NielsBohr	62	AGE62	1096	1095_NielsBohr_62_m
192	NielsBohr	17	AGE17	1082	1081_NielsBohr_17_m
192	NielsBohr	67	AGE67	1081	1080_NielsBohr_67_m
192	NielsBohr	68	AGE68	1088	1087_NielsBohr_68_m
192	NielsBohr	41	AGE41	1083	1082_NielsBohr_41_m
192	NielsBohr	50	AGE50	1093	1092_NielsBohr_50_m
192	NielsBohr	60	AGE60	1086	1085_NielsBohr_60_m
192	NielsBohr	35	AGE35	1091	1090_NielsBohr_35_m
192	NielsBohr	32	AGE32	1099	1098_NielsBohr_32_m
192	NielsBohr	58	AGE58	1085	1084_NielsBohr_58_m
192	NielsBohr	64	AGE64	1098	1097_NielsBohr_64_m
192	NielsBohr	39	AGE39	1094	1093_NielsBohr_39_m
192	NielsBohr	73	AGE73	1089	1088_NielsBohr_73_m
192	NielsBohr	63	AGE63	1087	1086_NielsBohr_63_m
192	NielsBohr	50	AGE50	1100	1099_NielsBohr_50_m
192	NielsBohr	25	AGE25	1101	1100_NielsBohr_25_m
192	NielsBohr	52	AGE52	1097	1096_NielsBohr_52_m
192	NielsBohr	75	AGE75	1092	1091_NielsBohr_75_m
193	GeorgePeppard	27	AGE27	7905	7904_GeorgePeppard_27_m
193	GeorgePeppard	34	AGE34	7911	7910_GeorgePeppard_34_m
193	GeorgePeppard	37	AGE37	7913	7912_GeorgePeppard_37_m
193	GeorgePeppard	45	AGE45	7916	7915_GeorgePeppard_45_m
193	GeorgePeppard	38	AGE38	7931	7930_GeorgePeppard_38_m
193	GeorgePeppard	42	AGE42	7935	7934_GeorgePeppard_42_m
193	GeorgePeppard	38	AGE38	7914	7913_GeorgePeppard_38_m
193	GeorgePeppard	29	AGE29	7907	7906_GeorgePeppard_29_m
193	GeorgePeppard	26	AGE26	7904	7903_GeorgePeppard_26_m
193	GeorgePeppard	65	AGE65	7938	7937_GeorgePeppard_65_m
193	GeorgePeppard	41	AGE41	7934	7933_GeorgePeppard_41_m
193	GeorgePeppard	43	AGE43	7936	7935_GeorgePeppard_43_m
193	GeorgePeppard	56	AGE56	7923	7922_GeorgePeppard_56_m
193	GeorgePeppard	49	AGE49	7918	7917_GeorgePeppard_49_m
193	GeorgePeppard	28	AGE28	7906	7905_GeorgePeppard_28_m
193	GeorgePeppard	55	AGE55	7922	7921_GeorgePeppard_55_m
193	GeorgePeppard	32	AGE32	7909	7908_GeorgePeppard_32_m
193	GeorgePeppard	33	AGE33	7910	7909_GeorgePeppard_33_m
193	GeorgePeppard	35	AGE35	7912	7911_GeorgePeppard_35_m
193	GeorgePeppard	44	AGE44	7915	7914_GeorgePeppard_44_m
193	GeorgePeppard	64	AGE64	7928	7927_GeorgePeppard_64_m
193	GeorgePeppard	29	AGE29	7908	7907_GeorgePeppard_29_m
193	GeorgePeppard	58	AGE58	7925	7924_GeorgePeppard_58_m
193	GeorgePeppard	52	AGE52	7921	7920_GeorgePeppard_52_m
193	GeorgePeppard	66	AGE66	7929	7928_GeorgePeppard_66_m
193	GeorgePeppard	57	AGE57	7924	7923_GeorgePeppard_57_m
193	GeorgePeppard	40	AGE40	7933	7932_GeorgePeppard_40_m
193	GeorgePeppard	47	AGE47	7917	7916_GeorgePeppard_47_m
193	GeorgePeppard	63	AGE63	7927	7926_GeorgePeppard_63_m
193	GeorgePeppard	36	AGE36	7930	7929_GeorgePeppard_36_m
193	GeorgePeppard	64	AGE64	7937	7936_GeorgePeppard_64_m
193	GeorgePeppard	39	AGE39	7932	7931_GeorgePeppard_39_m
193	GeorgePeppard	59	AGE59	7926	7925_GeorgePeppard_59_m
193	GeorgePeppard	51	AGE51	7920	7919_GeorgePeppard_51_m
193	GeorgePeppard	50	AGE50	7919	7918_GeorgePeppard_50_m
194	JaneFonda	70	AGE70	10130	10129_JaneFonda_70_f
194	JaneFonda	39	AGE39	10119	10118_JaneFonda_39_f
194	JaneFonda	33	AGE33	10115	10114_JaneFonda_33_f
194	JaneFonda	25	AGE25	10108	10107_JaneFonda_25_f
194	JaneFonda	26	AGE26	10109	10108_JaneFonda_26_f
194	JaneFonda	53	AGE53	10124	10123_JaneFonda_53_f
194	JaneFonda	30	AGE30	10113	10112_JaneFonda_30_f
194	JaneFonda	62	AGE62	10126	10125_JaneFonda_62_f
194	JaneFonda	41	AGE41	10121	10120_JaneFonda_41_f
194	JaneFonda	69	AGE69	10129	10128_JaneFonda_69_f
194	JaneFonda	59	AGE59	10105	10104_JaneFonda_59_f
194	JaneFonda	25	AGE25	10107	10106_JaneFonda_25_f
194	JaneFonda	72	AGE72	10132	10131_JaneFonda_72_f
194	JaneFonda	57	AGE57	10125	10124_JaneFonda_57_f
194	JaneFonda	31	AGE31	10114	10113_JaneFonda_31_f
194	JaneFonda	66	AGE66	10127	10126_JaneFonda_66_f
194	JaneFonda	29	AGE29	10112	10111_JaneFonda_29_f
194	JaneFonda	27	AGE27	10110	10109_JaneFonda_27_f
194	JaneFonda	71	AGE71	10131	10130_JaneFonda_71_f
194	JaneFonda	55	AGE55	10106	10105_JaneFonda_55_f
194	JaneFonda	74	AGE74	10133	10132_JaneFonda_74_f
194	JaneFonda	49	AGE49	10123	10122_JaneFonda_49_f
194	JaneFonda	28	AGE28	10111	10110_JaneFonda_28_f
194	JaneFonda	40	AGE40	10120	10119_JaneFonda_40_f
194	JaneFonda	68	AGE68	10128	10127_JaneFonda_68_f
194	JaneFonda	60	AGE60	10134	10133_JaneFonda_60_f
194	JaneFonda	43	AGE43	10122	10121_JaneFonda_43_f
194	JaneFonda	34	AGE34	10116	10115_JaneFonda_34_f
194	JaneFonda	38	AGE38	10118	10117_JaneFonda_38_f
194	JaneFonda	35	AGE35	10117	10116_JaneFonda_35_f
195	LorneGreene	54	AGE54	8152	8151_LorneGreene_54_m
195	LorneGreene	48	AGE48	8146	8145_LorneGreene_48_m
195	LorneGreene	43	AGE43	8142	8141_LorneGreene_43_m
195	LorneGreene	68	AGE68	8163	8162_LorneGreene_68_m
195	LorneGreene	63	AGE63	8158	8157_LorneGreene_63_m
195	LorneGreene	50	AGE50	8148	8147_LorneGreene_50_m
195	LorneGreene	25	AGE25	8138	8137_LorneGreene_25_m
195	LorneGreene	66	AGE66	8161	8160_LorneGreene_66_m
195	LorneGreene	51	AGE51	8149	8148_LorneGreene_51_m
195	LorneGreene	71	AGE71	8165	8164_LorneGreene_71_m
195	LorneGreene	55	AGE55	8153	8152_LorneGreene_55_m
195	LorneGreene	64	AGE64	8159	8158_LorneGreene_64_m
195	LorneGreene	65	AGE65	8160	8159_LorneGreene_65_m
195	LorneGreene	61	AGE61	8156	8155_LorneGreene_61_m
195	LorneGreene	67	AGE67	8162	8161_LorneGreene_67_m
195	LorneGreene	62	AGE62	8157	8156_LorneGreene_62_m
195	LorneGreene	70	AGE70	8164	8163_LorneGreene_70_m
195	LorneGreene	53	AGE53	8151	8150_LorneGreene_53_m
195	LorneGreene	49	AGE49	8147	8146_LorneGreene_49_m
195	LorneGreene	38	AGE38	8141	8140_LorneGreene_38_m
195	LorneGreene	57	AGE57	8154	8153_LorneGreene_57_m
195	LorneGreene	28	AGE28	8139	8138_LorneGreene_28_m
195	LorneGreene	18	AGE18	8137	8136_LorneGreene_18_m
195	LorneGreene	46	AGE46	8145	8144_LorneGreene_46_m
195	LorneGreene	33	AGE33	8140	8139_LorneGreene_33_m
195	LorneGreene	58	AGE58	8155	8154_LorneGreene_58_m
195	LorneGreene	44	AGE44	8143	8142_LorneGreene_44_m
195	LorneGreene	52	AGE52	8150	8149_LorneGreene_52_m
195	LorneGreene	45	AGE45	8144	8143_LorneGreene_45_m
196	KimNovak	47	AGE47	9863	9862_KimNovak_47_f
196	KimNovak	22	AGE22	9852	9851_KimNovak_22_f
196	KimNovak	24	AGE24	9855	9854_KimNovak_24_f
196	KimNovak	31	AGE31	9861	9860_KimNovak_31_f
196	KimNovak	28	AGE28	9858	9857_KimNovak_28_f
196	KimNovak	24	AGE24	9854	9853_KimNovak_24_f
196	KimNovak	63	AGE63	9864	9863_KimNovak_63_f
196	KimNovak	33	AGE33	9869	9868_KimNovak_33_f
196	KimNovak	47	AGE47	9862	9861_KimNovak_47_f
196	KimNovak	31	AGE31	9867	9866_KimNovak_31_f
196	KimNovak	21	AGE21	9851	9850_KimNovak_21_f
196	KimNovak	29	AGE29	9859	9858_KimNovak_29_f
196	KimNovak	30	AGE30	9865	9864_KimNovak_30_f
196	KimNovak	26	AGE26	9866	9865_KimNovak_26_f
196	KimNovak	72	AGE72	9868	9867_KimNovak_72_f
196	KimNovak	27	AGE27	9857	9856_KimNovak_27_f
196	KimNovak	23	AGE23	9853	9852_KimNovak_23_f
196	KimNovak	29	AGE29	9860	9859_KimNovak_29_f
196	KimNovak	25	AGE25	9856	9855_KimNovak_25_f
197	LinoVentura	36	AGE36	7306	7305_LinoVentura_36_m
197	LinoVentura	43	AGE43	7313	7312_LinoVentura_43_m
197	LinoVentura	34	AGE34	7304	7303_LinoVentura_34_m
197	LinoVentura	44	AGE44	7314	7313_LinoVentura_44_m
197	LinoVentura	59	AGE59	7333	7332_LinoVentura_59_m
197	LinoVentura	68	AGE68	7332	7331_LinoVentura_68_m
197	LinoVentura	56	AGE56	7326	7325_LinoVentura_56_m
197	LinoVentura	41	AGE41	7311	7310_LinoVentura_41_m
197	LinoVentura	50	AGE50	7320	7319_LinoVentura_50_m
197	LinoVentura	65	AGE65	7330	7329_LinoVentura_65_m
197	LinoVentura	48	AGE48	7318	7317_LinoVentura_48_m
197	LinoVentura	39	AGE39	7309	7308_LinoVentura_39_m
197	LinoVentura	38	AGE38	7308	7307_LinoVentura_38_m
197	LinoVentura	49	AGE49	7319	7318_LinoVentura_49_m
197	LinoVentura	46	AGE46	7316	7315_LinoVentura_46_m
197	LinoVentura	52	AGE52	7322	7321_LinoVentura_52_m
197	LinoVentura	63	AGE63	7334	7333_LinoVentura_63_m
197	LinoVentura	61	AGE61	7328	7327_LinoVentura_61_m
197	LinoVentura	47	AGE47	7317	7316_LinoVentura_47_m
197	LinoVentura	45	AGE45	7315	7314_LinoVentura_45_m
197	LinoVentura	51	AGE51	7321	7320_LinoVentura_51_m
197	LinoVentura	40	AGE40	7310	7309_LinoVentura_40_m
197	LinoVentura	67	AGE67	7331	7330_LinoVentura_67_m
197	LinoVentura	54	AGE54	7324	7323_LinoVentura_54_m
197	LinoVentura	60	AGE60	7327	7326_LinoVentura_60_m
197	LinoVentura	37	AGE37	7307	7306_LinoVentura_37_m
197	LinoVentura	42	AGE42	7312	7311_LinoVentura_42_m
197	LinoVentura	62	AGE62	7329	7328_LinoVentura_62_m
197	LinoVentura	35	AGE35	7305	7304_LinoVentura_35_m
197	LinoVentura	53	AGE53	7323	7322_LinoVentura_53_m
197	LinoVentura	55	AGE55	7325	7324_LinoVentura_55_m
198	ThomasTerry	46	AGE46	6854	6853_ThomasTerry_46_m
198	ThomasTerry	63	AGE63	6869	6868_ThomasTerry_63_m
198	ThomasTerry	53	AGE53	6861	6860_ThomasTerry_53_m
198	ThomasTerry	55	AGE55	6863	6862_ThomasTerry_55_m
198	ThomasTerry	48	AGE48	6856	6855_ThomasTerry_48_m
198	ThomasTerry	67	AGE67	6871	6870_ThomasTerry_67_m
198	ThomasTerry	39	AGE39	6848	6847_ThomasTerry_39_m
198	ThomasTerry	51	AGE51	6859	6858_ThomasTerry_51_m
198	ThomasTerry	34	AGE34	6843	6842_ThomasTerry_34_m
198	ThomasTerry	59	AGE59	6867	6866_ThomasTerry_59_m
198	ThomasTerry	65	AGE65	6870	6869_ThomasTerry_65_m
198	ThomasTerry	38	AGE38	6847	6846_ThomasTerry_38_m
198	ThomasTerry	41	AGE41	6850	6849_ThomasTerry_41_m
198	ThomasTerry	61	AGE61	6868	6867_ThomasTerry_61_m
198	ThomasTerry	43	AGE43	6851	6850_ThomasTerry_43_m
198	ThomasTerry	45	AGE45	6853	6852_ThomasTerry_45_m
198	ThomasTerry	35	AGE35	6844	6843_ThomasTerry_35_m
198	ThomasTerry	58	AGE58	6866	6865_ThomasTerry_58_m
198	ThomasTerry	44	AGE44	6852	6851_ThomasTerry_44_m
198	ThomasTerry	54	AGE54	6862	6861_ThomasTerry_54_m
198	ThomasTerry	49	AGE49	6857	6856_ThomasTerry_49_m
198	ThomasTerry	40	AGE40	6849	6848_ThomasTerry_40_m
198	ThomasTerry	36	AGE36	6845	6844_ThomasTerry_36_m
198	ThomasTerry	47	AGE47	6855	6854_ThomasTerry_47_m
198	ThomasTerry	37	AGE37	6846	6845_ThomasTerry_37_m
198	ThomasTerry	71	AGE71	6872	6871_ThomasTerry_71_m
198	ThomasTerry	52	AGE52	6860	6859_ThomasTerry_52_m
198	ThomasTerry	57	AGE57	6865	6864_ThomasTerry_57_m
198	ThomasTerry	56	AGE56	6864	6863_ThomasTerry_56_m
198	ThomasTerry	50	AGE50	6858	6857_ThomasTerry_50_m
199	CharltonHeaston	42	AGE42	8861	8860_CharltonHeaston_42_m
199	CharltonHeaston	45	AGE45	8868	8867_CharltonHeaston_45_m
199	CharltonHeaston	50	AGE50	8865	8864_CharltonHeaston_50_m
199	CharltonHeaston	35	AGE35	8874	8873_CharltonHeaston_35_m
199	CharltonHeaston	79	AGE79	8872	8871_CharltonHeaston_79_m
199	CharltonHeaston	38	AGE38	8866	8865_CharltonHeaston_38_m
199	CharltonHeaston	78	AGE78	8871	8870_CharltonHeaston_78_m
199	CharltonHeaston	45	AGE45	8862	8861_CharltonHeaston_45_m
199	CharltonHeaston	37	AGE37	8869	8868_CharltonHeaston_37_m
199	CharltonHeaston	27	AGE27	8880	8879_CharltonHeaston_27_m
199	CharltonHeaston	38	AGE38	8875	8874_CharltonHeaston_38_m
199	CharltonHeaston	45	AGE45	8863	8862_CharltonHeaston_45_m
199	CharltonHeaston	39	AGE39	8867	8866_CharltonHeaston_39_m
199	CharltonHeaston	58	AGE58	8881	8880_CharltonHeaston_58_m
199	CharltonHeaston	79	AGE79	8877	8876_CharltonHeaston_79_m
199	CharltonHeaston	61	AGE61	8876	8875_CharltonHeaston_61_m
199	CharltonHeaston	37	AGE37	8879	8878_CharltonHeaston_37_m
199	CharltonHeaston	80	AGE80	8878	8877_CharltonHeaston_80_m
199	CharltonHeaston	27	AGE27	8860	8859_CharltonHeaston_27_m
199	CharltonHeaston	19	AGE19	8873	8872_CharltonHeaston_19_m
199	CharltonHeaston	38	AGE38	8864	8863_CharltonHeaston_38_m
199	CharltonHeaston	54	AGE54	8870	8869_CharltonHeaston_54_m
200	AnnMargret	32	AGE32	10380	10379_AnnMargret_32_f
200	AnnMargret	64	AGE64	10398	10397_AnnMargret_64_f
200	AnnMargret	73	AGE73	10402	10401_AnnMargret_73_f
200	AnnMargret	68	AGE68	10399	10398_AnnMargret_68_f
200	AnnMargret	41	AGE41	10388	10387_AnnMargret_41_f
200	AnnMargret	25	AGE25	10375	10374_AnnMargret_25_f
200	AnnMargret	63	AGE63	10397	10396_AnnMargret_63_f
200	AnnMargret	26	AGE26	10376	10375_AnnMargret_26_f
200	AnnMargret	30	AGE30	10378	10377_AnnMargret_30_f
200	AnnMargret	31	AGE31	10379	10378_AnnMargret_31_f
200	AnnMargret	24	AGE24	10374	10373_AnnMargret_24_f
200	AnnMargret	22	AGE22	10372	10371_AnnMargret_22_f
200	AnnMargret	44	AGE44	10390	10389_AnnMargret_44_f
200	AnnMargret	20	AGE20	10371	10370_AnnMargret_20_f
200	AnnMargret	53	AGE53	10393	10392_AnnMargret_53_f
200	AnnMargret	47	AGE47	10391	10390_AnnMargret_47_f
200	AnnMargret	59	AGE59	10395	10394_AnnMargret_59_f
200	AnnMargret	33	AGE33	10381	10380_AnnMargret_33_f
200	AnnMargret	34	AGE34	10382	10381_AnnMargret_34_f
200	AnnMargret	39	AGE39	10387	10386_AnnMargret_39_f
200	AnnMargret	52	AGE52	10392	10391_AnnMargret_52_f
200	AnnMargret	70	AGE70	10401	10400_AnnMargret_70_f
200	AnnMargret	38	AGE38	10386	10385_AnnMargret_38_f
200	AnnMargret	69	AGE69	10400	10399_AnnMargret_69_f
200	AnnMargret	23	AGE23	10373	10372_AnnMargret_23_f
200	AnnMargret	36	AGE36	10384	10383_AnnMargret_36_f
200	AnnMargret	54	AGE54	10394	10393_AnnMargret_54_f
200	AnnMargret	37	AGE37	10385	10384_AnnMargret_37_f
200	AnnMargret	61	AGE61	10396	10395_AnnMargret_61_f
200	AnnMargret	42	AGE42	10389	10388_AnnMargret_42_f
200	AnnMargret	29	AGE29	10377	10376_AnnMargret_29_f
200	AnnMargret	35	AGE35	10383	10382_AnnMargret_35_f
201	KirkDouglas	86	AGE86	4299	4298_KirkDouglas_86_m
201	KirkDouglas	32	AGE32	4300	4299_KirkDouglas_32_m
201	KirkDouglas	34	AGE34	4289	4288_KirkDouglas_34_m
201	KirkDouglas	42	AGE42	4303	4302_KirkDouglas_42_m
201	KirkDouglas	84	AGE84	4288	4287_KirkDouglas_84_m
201	KirkDouglas	60	AGE60	4301	4300_KirkDouglas_60_m
201	KirkDouglas	20	AGE20	4302	4301_KirkDouglas_20_m
201	KirkDouglas	81	AGE81	4298	4297_KirkDouglas_81_m
201	KirkDouglas	16	AGE16	4304	4303_KirkDouglas_16_m
201	KirkDouglas	40	AGE40	4290	4289_KirkDouglas_40_m
201	KirkDouglas	49	AGE49	4295	4294_KirkDouglas_49_m
201	KirkDouglas	71	AGE71	4296	4295_KirkDouglas_71_m
201	KirkDouglas	80	AGE80	4297	4296_KirkDouglas_80_m
201	KirkDouglas	39	AGE39	4292	4291_KirkDouglas_39_m
201	KirkDouglas	40	AGE40	4291	4290_KirkDouglas_40_m
201	KirkDouglas	39	AGE39	4293	4292_KirkDouglas_39_m
201	KirkDouglas	46	AGE46	4294	4293_KirkDouglas_46_m
202	JudyHolliday	29	AGE29	14079	14078_JudyHolliday_29_f
202	JudyHolliday	28	AGE28	14078	14077_JudyHolliday_28_f
202	JudyHolliday	36	AGE36	14073	14072_JudyHolliday_36_f
202	JudyHolliday	42	AGE42	14075	14074_JudyHolliday_42_f
202	JudyHolliday	24	AGE24	14068	14067_JudyHolliday_24_f
202	JudyHolliday	17	AGE17	14062	14061_JudyHolliday_17_f
202	JudyHolliday	35	AGE35	14071	14070_JudyHolliday_35_f
202	JudyHolliday	35	AGE35	14081	14080_JudyHolliday_35_f
202	JudyHolliday	28	AGE28	14063	14062_JudyHolliday_28_f
202	JudyHolliday	32	AGE32	14066	14065_JudyHolliday_32_f
202	JudyHolliday	28	AGE28	14080	14079_JudyHolliday_28_f
202	JudyHolliday	42	AGE42	14074	14073_JudyHolliday_42_f
202	JudyHolliday	36	AGE36	14072	14071_JudyHolliday_36_f
202	JudyHolliday	27	AGE27	14061	14060_JudyHolliday_27_f
202	JudyHolliday	27	AGE27	14077	14076_JudyHolliday_27_f
202	JudyHolliday	33	AGE33	14082	14081_JudyHolliday_33_f
202	JudyHolliday	33	AGE33	14069	14068_JudyHolliday_33_f
202	JudyHolliday	32	AGE32	14065	14064_JudyHolliday_32_f
202	JudyHolliday	33	AGE33	14067	14066_JudyHolliday_33_f
202	JudyHolliday	35	AGE35	14070	14069_JudyHolliday_35_f
202	JudyHolliday	31	AGE31	14064	14063_JudyHolliday_31_f
202	JudyHolliday	29	AGE29	14076	14075_JudyHolliday_29_f
203	DebraPaget	30	AGE30	15233	15232_DebraPaget_30_f
203	DebraPaget	17	AGE17	15218	15217_DebraPaget_17_f
203	DebraPaget	28	AGE28	15231	15230_DebraPaget_28_f
203	DebraPaget	18	AGE18	15219	15218_DebraPaget_18_f
203	DebraPaget	24	AGE24	15226	15225_DebraPaget_24_f
203	DebraPaget	70	AGE70	15242	15241_DebraPaget_70_f
203	DebraPaget	25	AGE25	15227	15226_DebraPaget_25_f
203	DebraPaget	35	AGE35	15237	15236_DebraPaget_35_f
203	DebraPaget	40	AGE40	15239	15238_DebraPaget_40_f
203	DebraPaget	26	AGE26	15228	15227_DebraPaget_26_f
203	DebraPaget	31	AGE31	15234	15233_DebraPaget_31_f
203	DebraPaget	73	AGE73	15243	15242_DebraPaget_73_f
203	DebraPaget	23	AGE23	15225	15224_DebraPaget_23_f
203	DebraPaget	37	AGE37	15238	15237_DebraPaget_37_f
203	DebraPaget	34	AGE34	15236	15235_DebraPaget_34_f
203	DebraPaget	79	AGE79	15246	15245_DebraPaget_79_f
203	DebraPaget	55	AGE55	15241	15240_DebraPaget_55_f
203	DebraPaget	75	AGE75	15244	15243_DebraPaget_75_f
203	DebraPaget	29	AGE29	15232	15231_DebraPaget_29_f
203	DebraPaget	22	AGE22	15224	15223_DebraPaget_22_f
203	DebraPaget	19	AGE19	15220	15219_DebraPaget_19_f
203	DebraPaget	20	AGE20	15222	15221_DebraPaget_20_f
203	DebraPaget	78	AGE78	15245	15244_DebraPaget_78_f
203	DebraPaget	17	AGE17	15217	15216_DebraPaget_17_f
203	DebraPaget	16	AGE16	15216	15215_DebraPaget_16_f
203	DebraPaget	20	AGE20	15221	15220_DebraPaget_20_f
203	DebraPaget	81	AGE81	15247	15246_DebraPaget_81_f
203	DebraPaget	42	AGE42	15240	15239_DebraPaget_42_f
203	DebraPaget	21	AGE21	15223	15222_DebraPaget_21_f
203	DebraPaget	27	AGE27	15229	15228_DebraPaget_27_f
203	DebraPaget	27	AGE27	15230	15229_DebraPaget_27_f
203	DebraPaget	15	AGE15	15215	15214_DebraPaget_15_f
203	DebraPaget	32	AGE32	15235	15234_DebraPaget_32_f
204	LilliPalmer	30	AGE30	13669	13668_LilliPalmer_30_f
204	LilliPalmer	37	AGE37	13673	13672_LilliPalmer_37_f
204	LilliPalmer	57	AGE57	13684	13683_LilliPalmer_57_f
204	LilliPalmer	46	AGE46	13678	13677_LilliPalmer_46_f
204	LilliPalmer	71	AGE71	13689	13688_LilliPalmer_71_f
204	LilliPalmer	64	AGE64	13687	13686_LilliPalmer_64_f
204	LilliPalmer	35	AGE35	13671	13670_LilliPalmer_35_f
204	LilliPalmer	26	AGE26	13667	13666_LilliPalmer_26_f
204	LilliPalmer	59	AGE59	13685	13684_LilliPalmer_59_f
204	LilliPalmer	49	AGE49	13680	13679_LilliPalmer_49_f
204	LilliPalmer	61	AGE61	13686	13685_LilliPalmer_61_f
204	LilliPalmer	28	AGE28	13668	13667_LilliPalmer_28_f
204	LilliPalmer	45	AGE45	13677	13676_LilliPalmer_45_f
204	LilliPalmer	56	AGE56	13683	13682_LilliPalmer_56_f
204	LilliPalmer	48	AGE48	13679	13678_LilliPalmer_48_f
204	LilliPalmer	38	AGE38	13674	13673_LilliPalmer_38_f
204	LilliPalmer	53	AGE53	13681	13680_LilliPalmer_53_f
204	LilliPalmer	54	AGE54	13682	13681_LilliPalmer_54_f
204	LilliPalmer	36	AGE36	13672	13671_LilliPalmer_36_f
204	LilliPalmer	21	AGE21	13666	13665_LilliPalmer_21_f
204	LilliPalmer	43	AGE43	13676	13675_LilliPalmer_43_f
204	LilliPalmer	68	AGE68	13688	13687_LilliPalmer_68_f
204	LilliPalmer	40	AGE40	13675	13674_LilliPalmer_40_f
204	LilliPalmer	34	AGE34	13670	13669_LilliPalmer_34_f
205	LarryEllison	46	AGE46	334	333_LarryEllison_46_m
205	LarryEllison	49	AGE49	326	325_LarryEllison_49_m
205	LarryEllison	66	AGE66	327	326_LarryEllison_66_m
205	LarryEllison	69	AGE69	337	336_LarryEllison_69_m
205	LarryEllison	48	AGE48	335	334_LarryEllison_48_m
205	LarryEllison	51	AGE51	336	335_LarryEllison_51_m
205	LarryEllison	20	AGE20	330	329_LarryEllison_20_m
205	LarryEllison	42	AGE42	324	323_LarryEllison_42_m
205	LarryEllison	58	AGE58	338	337_LarryEllison_58_m
205	LarryEllison	68	AGE68	332	331_LarryEllison_68_m
205	LarryEllison	30	AGE30	331	330_LarryEllison_30_m
205	LarryEllison	45	AGE45	325	324_LarryEllison_45_m
205	LarryEllison	52	AGE52	333	332_LarryEllison_52_m
205	LarryEllison	65	AGE65	328	327_LarryEllison_65_m
205	LarryEllison	60	AGE60	329	328_LarryEllison_60_m
206	HowardKeel	75	AGE75	5922	5921_HowardKeel_75_m
206	HowardKeel	36	AGE36	5892	5891_HowardKeel_36_m
206	HowardKeel	40	AGE40	5896	5895_HowardKeel_40_m
206	HowardKeel	68	AGE68	5912	5911_HowardKeel_68_m
206	HowardKeel	72	AGE72	5915	5914_HowardKeel_72_m
206	HowardKeel	85	AGE85	5921	5920_HowardKeel_85_m
206	HowardKeel	56	AGE56	5902	5901_HowardKeel_56_m
206	HowardKeel	46	AGE46	5899	5898_HowardKeel_46_m
206	HowardKeel	52	AGE52	5901	5900_HowardKeel_52_m
206	HowardKeel	32	AGE32	5888	5887_HowardKeel_32_m
206	HowardKeel	81	AGE81	5923	5922_HowardKeel_81_m
206	HowardKeel	34	AGE34	5890	5889_HowardKeel_34_m
206	HowardKeel	73	AGE73	5916	5915_HowardKeel_73_m
206	HowardKeel	84	AGE84	5920	5919_HowardKeel_84_m
206	HowardKeel	77	AGE77	5917	5916_HowardKeel_77_m
206	HowardKeel	43	AGE43	5898	5897_HowardKeel_43_m
206	HowardKeel	33	AGE33	5889	5888_HowardKeel_33_m
206	HowardKeel	30	AGE30	5886	5885_HowardKeel_30_m
206	HowardKeel	62	AGE62	5907	5906_HowardKeel_62_m
206	HowardKeel	70	AGE70	5913	5912_HowardKeel_70_m
206	HowardKeel	39	AGE39	5895	5894_HowardKeel_39_m
206	HowardKeel	58	AGE58	5903	5902_HowardKeel_58_m
206	HowardKeel	29	AGE29	5885	5884_HowardKeel_29_m
206	HowardKeel	38	AGE38	5894	5893_HowardKeel_38_m
206	HowardKeel	37	AGE37	5893	5892_HowardKeel_37_m
206	HowardKeel	42	AGE42	5897	5896_HowardKeel_42_m
206	HowardKeel	80	AGE80	5918	5917_HowardKeel_80_m
206	HowardKeel	64	AGE64	5909	5908_HowardKeel_64_m
206	HowardKeel	67	AGE67	5911	5910_HowardKeel_67_m
206	HowardKeel	35	AGE35	5891	5890_HowardKeel_35_m
206	HowardKeel	63	AGE63	5908	5907_HowardKeel_63_m
206	HowardKeel	59	AGE59	5904	5903_HowardKeel_59_m
206	HowardKeel	60	AGE60	5905	5904_HowardKeel_60_m
206	HowardKeel	61	AGE61	5906	5905_HowardKeel_61_m
206	HowardKeel	50	AGE50	5900	5899_HowardKeel_50_m
206	HowardKeel	83	AGE83	5919	5918_HowardKeel_83_m
206	HowardKeel	31	AGE31	5887	5886_HowardKeel_31_m
206	HowardKeel	71	AGE71	5914	5913_HowardKeel_71_m
206	HowardKeel	65	AGE65	5910	5909_HowardKeel_65_m
207	BillCosby	75	AGE75	16200	16199_BillCosby_75_m
207	BillCosby	53	AGE53	16193	16192_BillCosby_53_m
207	BillCosby	74	AGE74	16182	16181_BillCosby_74_m
207	BillCosby	73	AGE73	16202	16201_BillCosby_73_m
207	BillCosby	26	AGE26	16186	16185_BillCosby_26_m
207	BillCosby	51	AGE51	16192	16191_BillCosby_51_m
207	BillCosby	59	AGE59	16190	16189_BillCosby_59_m
207	BillCosby	72	AGE72	16204	16203_BillCosby_72_m
207	BillCosby	28	AGE28	16184	16183_BillCosby_28_m
207	BillCosby	65	AGE65	16194	16193_BillCosby_65_m
207	BillCosby	76	AGE76	16198	16197_BillCosby_76_m
207	BillCosby	74	AGE74	16201	16200_BillCosby_74_m
207	BillCosby	79	AGE79	16196	16195_BillCosby_79_m
207	BillCosby	70	AGE70	16207	16206_BillCosby_70_m
207	BillCosby	77	AGE77	16197	16196_BillCosby_77_m
207	BillCosby	80	AGE80	16195	16194_BillCosby_80_m
207	BillCosby	73	AGE73	16203	16202_BillCosby_73_m
207	BillCosby	20	AGE20	16183	16182_BillCosby_20_m
207	BillCosby	48	AGE48	16015	16014_BillCosby_48_m
207	BillCosby	76	AGE76	16199	16198_BillCosby_76_m
207	BillCosby	30	AGE30	16014	16013_BillCosby_30_m
207	BillCosby	38	AGE38	16187	16186_BillCosby_38_m
207	BillCosby	32	AGE32	16185	16184_BillCosby_32_m
207	BillCosby	38	AGE38	16188	16187_BillCosby_38_m
207	BillCosby	71	AGE71	16206	16205_BillCosby_71_m
207	BillCosby	33	AGE33	16189	16188_BillCosby_33_m
207	BillCosby	72	AGE72	16205	16204_BillCosby_72_m
207	BillCosby	75	AGE75	16016	16015_BillCosby_75_m
207	BillCosby	60	AGE60	16191	16190_BillCosby_60_m
207	BillCosby	70	AGE70	16208	16207_BillCosby_70_m
208	ShelleyWinters	80	AGE80	14777	14776_ShelleyWinters_80_f
208	ShelleyWinters	48	AGE48	14773	14772_ShelleyWinters_48_f
208	ShelleyWinters	46	AGE46	14767	14766_ShelleyWinters_46_f
208	ShelleyWinters	76	AGE76	14785	14784_ShelleyWinters_76_f
208	ShelleyWinters	56	AGE56	14769	14768_ShelleyWinters_56_f
208	ShelleyWinters	31	AGE31	14759	14758_ShelleyWinters_31_f
208	ShelleyWinters	55	AGE55	14775	14774_ShelleyWinters_55_f
208	ShelleyWinters	22	AGE22	14752	14751_ShelleyWinters_22_f
208	ShelleyWinters	39	AGE39	14764	14763_ShelleyWinters_39_f
208	ShelleyWinters	56	AGE56	14776	14775_ShelleyWinters_56_f
208	ShelleyWinters	28	AGE28	14784	14783_ShelleyWinters_28_f
208	ShelleyWinters	29	AGE29	14763	14762_ShelleyWinters_29_f
208	ShelleyWinters	25	AGE25	14779	14778_ShelleyWinters_25_f
208	ShelleyWinters	42	AGE42	14766	14765_ShelleyWinters_42_f
208	ShelleyWinters	60	AGE60	14771	14770_ShelleyWinters_60_f
208	ShelleyWinters	40	AGE40	14780	14779_ShelleyWinters_40_f
208	ShelleyWinters	28	AGE28	14782	14781_ShelleyWinters_28_f
208	ShelleyWinters	55	AGE55	14768	14767_ShelleyWinters_55_f
208	ShelleyWinters	45	AGE45	14753	14752_ShelleyWinters_45_f
208	ShelleyWinters	31	AGE31	14760	14759_ShelleyWinters_31_f
208	ShelleyWinters	28	AGE28	14757	14756_ShelleyWinters_28_f
208	ShelleyWinters	30	AGE30	14761	14760_ShelleyWinters_30_f
208	ShelleyWinters	76	AGE76	14774	14773_ShelleyWinters_76_f
208	ShelleyWinters	34	AGE34	14758	14757_ShelleyWinters_34_f
208	ShelleyWinters	58	AGE58	14770	14769_ShelleyWinters_58_f
208	ShelleyWinters	52	AGE52	14772	14771_ShelleyWinters_52_f
208	ShelleyWinters	27	AGE27	14754	14753_ShelleyWinters_27_f
208	ShelleyWinters	25	AGE25	14756	14755_ShelleyWinters_25_f
208	ShelleyWinters	40	AGE40	14765	14764_ShelleyWinters_40_f
208	ShelleyWinters	33	AGE33	14778	14777_ShelleyWinters_33_f
208	ShelleyWinters	35	AGE35	14762	14761_ShelleyWinters_35_f
208	ShelleyWinters	24	AGE24	14783	14782_ShelleyWinters_24_f
208	ShelleyWinters	33	AGE33	14781	14780_ShelleyWinters_33_f
208	ShelleyWinters	20	AGE20	14755	14754_ShelleyWinters_20_f
209	Konstantaras	59	AGE59	8107	8106_Konstantaras_59_m
209	Konstantaras	58	AGE58	8098	8097_Konstantaras_58_m
209	Konstantaras	46	AGE46	8094	8093_Konstantaras_46_m
209	Konstantaras	54	AGE54	8102	8101_Konstantaras_54_m
209	Konstantaras	52	AGE52	8099	8098_Konstantaras_52_m
209	Konstantaras	59	AGE59	8093	8092_Konstantaras_59_m
209	Konstantaras	56	AGE56	8097	8096_Konstantaras_56_m
209	Konstantaras	54	AGE54	8100	8099_Konstantaras_54_m
209	Konstantaras	62	AGE62	8111	8110_Konstantaras_62_m
209	Konstantaras	59	AGE59	8109	8108_Konstantaras_59_m
209	Konstantaras	51	AGE51	8101	8100_Konstantaras_51_m
209	Konstantaras	54	AGE54	8103	8102_Konstantaras_54_m
209	Konstantaras	58	AGE58	8095	8094_Konstantaras_58_m
209	Konstantaras	47	AGE47	8104	8103_Konstantaras_47_m
209	Konstantaras	54	AGE54	8108	8107_Konstantaras_54_m
209	Konstantaras	55	AGE55	8106	8105_Konstantaras_55_m
209	Konstantaras	51	AGE51	8096	8095_Konstantaras_51_m
209	Konstantaras	55	AGE55	8105	8104_Konstantaras_55_m
209	Konstantaras	58	AGE58	8110	8109_Konstantaras_58_m
210	JeanPeters	38	AGE38	13601	13600_JeanPeters_38_f
210	JeanPeters	55	AGE55	13605	13604_JeanPeters_55_f
210	JeanPeters	47	AGE47	13603	13602_JeanPeters_47_f
210	JeanPeters	22	AGE22	13588	13587_JeanPeters_22_f
210	JeanPeters	28	AGE28	13593	13592_JeanPeters_28_f
210	JeanPeters	59	AGE59	13606	13605_JeanPeters_59_f
210	JeanPeters	18	AGE18	13585	13584_JeanPeters_18_f
210	JeanPeters	51	AGE51	13604	13603_JeanPeters_51_f
210	JeanPeters	36	AGE36	13599	13598_JeanPeters_36_f
210	JeanPeters	32	AGE32	13595	13594_JeanPeters_32_f
210	JeanPeters	31	AGE31	13594	13593_JeanPeters_31_f
210	JeanPeters	37	AGE37	13600	13599_JeanPeters_37_f
210	JeanPeters	34	AGE34	13597	13596_JeanPeters_34_f
210	JeanPeters	26	AGE26	13591	13590_JeanPeters_26_f
210	JeanPeters	11	AGE11	13584	13583_JeanPeters_11_f
210	JeanPeters	45	AGE45	13602	13601_JeanPeters_45_f
210	JeanPeters	33	AGE33	13596	13595_JeanPeters_33_f
210	JeanPeters	19	AGE19	13586	13585_JeanPeters_19_f
210	JeanPeters	27	AGE27	13592	13591_JeanPeters_27_f
210	JeanPeters	35	AGE35	13598	13597_JeanPeters_35_f
210	JeanPeters	24	AGE24	13590	13589_JeanPeters_24_f
210	JeanPeters	23	AGE23	13589	13588_JeanPeters_23_f
210	JeanPeters	21	AGE21	13587	13586_JeanPeters_21_f
211	AnjelicaHuston	60	AGE60	11836	11835_AnjelicaHuston_60_f
211	AnjelicaHuston	53	AGE53	11829	11828_AnjelicaHuston_53_f
211	AnjelicaHuston	31	AGE31	11815	11814_AnjelicaHuston_31_f
211	AnjelicaHuston	34	AGE34	11816	11815_AnjelicaHuston_34_f
211	AnjelicaHuston	45	AGE45	11822	11821_AnjelicaHuston_45_f
211	AnjelicaHuston	62	AGE62	11838	11837_AnjelicaHuston_62_f
211	AnjelicaHuston	30	AGE30	11814	11813_AnjelicaHuston_30_f
211	AnjelicaHuston	56	AGE56	11831	11830_AnjelicaHuston_56_f
211	AnjelicaHuston	17	AGE17	11810	11809_AnjelicaHuston_17_f
211	AnjelicaHuston	47	AGE47	11823	11822_AnjelicaHuston_47_f
211	AnjelicaHuston	55	AGE55	11830	11829_AnjelicaHuston_55_f
211	AnjelicaHuston	61	AGE61	11837	11836_AnjelicaHuston_61_f
211	AnjelicaHuston	44	AGE44	11821	11820_AnjelicaHuston_44_f
211	AnjelicaHuston	18	AGE18	11811	11810_AnjelicaHuston_18_f
211	AnjelicaHuston	24	AGE24	11812	11811_AnjelicaHuston_24_f
211	AnjelicaHuston	50	AGE50	11826	11825_AnjelicaHuston_50_f
211	AnjelicaHuston	27	AGE27	11813	11812_AnjelicaHuston_27_f
211	AnjelicaHuston	16	AGE16	11809	11808_AnjelicaHuston_16_f
211	AnjelicaHuston	58	AGE58	11833	11832_AnjelicaHuston_58_f
211	AnjelicaHuston	57	AGE57	11832	11831_AnjelicaHuston_57_f
211	AnjelicaHuston	48	AGE48	11824	11823_AnjelicaHuston_48_f
211	AnjelicaHuston	36	AGE36	11817	11816_AnjelicaHuston_36_f
211	AnjelicaHuston	59	AGE59	11834	11833_AnjelicaHuston_59_f
211	AnjelicaHuston	63	AGE63	11839	11838_AnjelicaHuston_63_f
211	AnjelicaHuston	52	AGE52	11828	11827_AnjelicaHuston_52_f
211	AnjelicaHuston	60	AGE60	11835	11834_AnjelicaHuston_60_f
211	AnjelicaHuston	40	AGE40	11818	11817_AnjelicaHuston_40_f
211	AnjelicaHuston	40	AGE40	11819	11818_AnjelicaHuston_40_f
211	AnjelicaHuston	42	AGE42	11820	11819_AnjelicaHuston_42_f
211	AnjelicaHuston	50	AGE50	11825	11824_AnjelicaHuston_50_f
211	AnjelicaHuston	51	AGE51	11827	11826_AnjelicaHuston_51_f
212	NormaShearer	33	AGE33	13711	13710_NormaShearer_33_f
212	NormaShearer	28	AGE28	13703	13702_NormaShearer_28_f
212	NormaShearer	35	AGE35	13706	13705_NormaShearer_35_f
212	NormaShearer	37	AGE37	13698	13697_NormaShearer_37_f
212	NormaShearer	29	AGE29	13709	13708_NormaShearer_29_f
212	NormaShearer	37	AGE37	13699	13698_NormaShearer_37_f
212	NormaShearer	25	AGE25	13714	13713_NormaShearer_25_f
212	NormaShearer	36	AGE36	13696	13695_NormaShearer_36_f
212	NormaShearer	33	AGE33	13697	13696_NormaShearer_33_f
212	NormaShearer	22	AGE22	13690	13689_NormaShearer_22_f
212	NormaShearer	38	AGE38	13700	13699_NormaShearer_38_f
212	NormaShearer	18	AGE18	13708	13707_NormaShearer_18_f
212	NormaShearer	28	AGE28	13712	13711_NormaShearer_28_f
212	NormaShearer	31	AGE31	13716	13715_NormaShearer_31_f
212	NormaShearer	38	AGE38	13701	13700_NormaShearer_38_f
212	NormaShearer	32	AGE32	13710	13709_NormaShearer_32_f
212	NormaShearer	29	AGE29	13693	13692_NormaShearer_29_f
212	NormaShearer	39	AGE39	13713	13712_NormaShearer_39_f
212	NormaShearer	34	AGE34	13695	13694_NormaShearer_34_f
212	NormaShearer	25	AGE25	13705	13704_NormaShearer_25_f
212	NormaShearer	27	AGE27	13707	13706_NormaShearer_27_f
212	NormaShearer	27	AGE27	13691	13690_NormaShearer_27_f
212	NormaShearer	26	AGE26	13715	13714_NormaShearer_26_f
212	NormaShearer	28	AGE28	13692	13691_NormaShearer_28_f
212	NormaShearer	40	AGE40	13702	13701_NormaShearer_40_f
212	NormaShearer	23	AGE23	13704	13703_NormaShearer_23_f
212	NormaShearer	32	AGE32	13694	13693_NormaShearer_32_f
213	RabindranathTagore	65	AGE65	1455	1454_RabindranathTagore_65_m
213	RabindranathTagore	76	AGE76	1464	1463_RabindranathTagore_76_m
213	RabindranathTagore	73	AGE73	1459	1458_RabindranathTagore_73_m
213	RabindranathTagore	62	AGE62	1473	1472_RabindranathTagore_62_m
213	RabindranathTagore	55	AGE55	1452	1451_RabindranathTagore_55_m
213	RabindranathTagore	69	AGE69	1456	1455_RabindranathTagore_69_m
213	RabindranathTagore	65	AGE65	1474	1473_RabindranathTagore_65_m
213	RabindranathTagore	25	AGE25	1469	1468_RabindranathTagore_25_m
213	RabindranathTagore	45	AGE45	1472	1471_RabindranathTagore_45_m
213	RabindranathTagore	44	AGE44	1465	1464_RabindranathTagore_44_m
213	RabindranathTagore	67	AGE67	1475	1474_RabindranathTagore_67_m
213	RabindranathTagore	22	AGE22	1470	1469_RabindranathTagore_22_m
213	RabindranathTagore	12	AGE12	1468	1467_RabindranathTagore_12_m
213	RabindranathTagore	62	AGE62	1471	1470_RabindranathTagore_62_m
213	RabindranathTagore	70	AGE70	1457	1456_RabindranathTagore_70_m
213	RabindranathTagore	79	AGE79	1467	1466_RabindranathTagore_79_m
213	RabindranathTagore	19	AGE19	1462	1461_RabindranathTagore_19_m
213	RabindranathTagore	74	AGE74	1461	1460_RabindranathTagore_74_m
213	RabindranathTagore	51	AGE51	1466	1465_RabindranathTagore_51_m
213	RabindranathTagore	63	AGE63	1458	1457_RabindranathTagore_63_m
213	RabindranathTagore	74	AGE74	1463	1462_RabindranathTagore_74_m
213	RabindranathTagore	20	AGE20	1460	1459_RabindranathTagore_20_m
213	RabindranathTagore	59	AGE59	1453	1452_RabindranathTagore_59_m
213	RabindranathTagore	63	AGE63	1454	1453_RabindranathTagore_63_m
213	RabindranathTagore	52	AGE52	1451	1450_RabindranathTagore_52_m
214	JoanLeslie	16	AGE16	10165	10164_JoanLeslie_16_f
214	JoanLeslie	30	AGE30	10175	10174_JoanLeslie_30_f
214	JoanLeslie	33	AGE33	10177	10176_JoanLeslie_33_f
214	JoanLeslie	22	AGE22	10169	10168_JoanLeslie_22_f
214	JoanLeslie	17	AGE17	10166	10165_JoanLeslie_17_f
214	JoanLeslie	87	AGE87	10191	10190_JoanLeslie_87_f
214	JoanLeslie	78	AGE78	10186	10185_JoanLeslie_78_f
214	JoanLeslie	29	AGE29	10174	10173_JoanLeslie_29_f
214	JoanLeslie	80	AGE80	10187	10186_JoanLeslie_80_f
214	JoanLeslie	21	AGE21	10168	10167_JoanLeslie_21_f
214	JoanLeslie	45	AGE45	10181	10180_JoanLeslie_45_f
214	JoanLeslie	83	AGE83	10189	10188_JoanLeslie_83_f
214	JoanLeslie	23	AGE23	10170	10169_JoanLeslie_23_f
214	JoanLeslie	13	AGE13	10164	10163_JoanLeslie_13_f
214	JoanLeslie	50	AGE50	10182	10181_JoanLeslie_50_f
214	JoanLeslie	36	AGE36	10179	10178_JoanLeslie_36_f
214	JoanLeslie	38	AGE38	10180	10179_JoanLeslie_38_f
214	JoanLeslie	28	AGE28	10173	10172_JoanLeslie_28_f
214	JoanLeslie	74	AGE74	10184	10183_JoanLeslie_74_f
214	JoanLeslie	77	AGE77	10185	10184_JoanLeslie_77_f
214	JoanLeslie	35	AGE35	10178	10177_JoanLeslie_35_f
214	JoanLeslie	32	AGE32	10176	10175_JoanLeslie_32_f
214	JoanLeslie	25	AGE25	10171	10170_JoanLeslie_25_f
214	JoanLeslie	19	AGE19	10167	10166_JoanLeslie_19_f
214	JoanLeslie	26	AGE26	10172	10171_JoanLeslie_26_f
214	JoanLeslie	81	AGE81	10188	10187_JoanLeslie_81_f
214	JoanLeslie	84	AGE84	10190	10189_JoanLeslie_84_f
214	JoanLeslie	59	AGE59	10183	10182_JoanLeslie_59_f
215	JulieHagerty	46	AGE46	15566	15565_JulieHagerty_46_f
215	JulieHagerty	32	AGE32	15559	15558_JulieHagerty_32_f
215	JulieHagerty	58	AGE58	15575	15574_JulieHagerty_58_f
215	JulieHagerty	36	AGE36	15561	15560_JulieHagerty_36_f
215	JulieHagerty	45	AGE45	15565	15564_JulieHagerty_45_f
215	JulieHagerty	59	AGE59	15576	15575_JulieHagerty_59_f
215	JulieHagerty	26	AGE26	15554	15553_JulieHagerty_26_f
215	JulieHagerty	31	AGE31	15558	15557_JulieHagerty_31_f
215	JulieHagerty	54	AGE54	15571	15570_JulieHagerty_54_f
215	JulieHagerty	28	AGE28	15556	15555_JulieHagerty_28_f
215	JulieHagerty	50	AGE50	15569	15568_JulieHagerty_50_f
215	JulieHagerty	53	AGE53	15570	15569_JulieHagerty_53_f
215	JulieHagerty	37	AGE37	15562	15561_JulieHagerty_37_f
215	JulieHagerty	55	AGE55	15572	15571_JulieHagerty_55_f
215	JulieHagerty	49	AGE49	15568	15567_JulieHagerty_49_f
215	JulieHagerty	30	AGE30	15557	15556_JulieHagerty_30_f
215	JulieHagerty	35	AGE35	15560	15559_JulieHagerty_35_f
215	JulieHagerty	21	AGE21	15550	15549_JulieHagerty_21_f
215	JulieHagerty	24	AGE24	15552	15551_JulieHagerty_24_f
215	JulieHagerty	25	AGE25	15553	15552_JulieHagerty_25_f
215	JulieHagerty	47	AGE47	15567	15566_JulieHagerty_47_f
215	JulieHagerty	56	AGE56	15573	15572_JulieHagerty_56_f
215	JulieHagerty	40	AGE40	15563	15562_JulieHagerty_40_f
215	JulieHagerty	23	AGE23	15551	15550_JulieHagerty_23_f
215	JulieHagerty	57	AGE57	15574	15573_JulieHagerty_57_f
215	JulieHagerty	27	AGE27	15555	15554_JulieHagerty_27_f
215	JulieHagerty	43	AGE43	15564	15563_JulieHagerty_43_f
216	FrederickSanger	42	AGE42	1154	1153_FrederickSanger_42_m
216	FrederickSanger	78	AGE78	1160	1159_FrederickSanger_78_m
216	FrederickSanger	78	AGE78	1161	1160_FrederickSanger_78_m
216	FrederickSanger	60	AGE60	1157	1156_FrederickSanger_60_m
216	FrederickSanger	32	AGE32	1156	1155_FrederickSanger_32_m
216	FrederickSanger	79	AGE79	1159	1158_FrederickSanger_79_m
216	FrederickSanger	31	AGE31	1162	1161_FrederickSanger_31_m
216	FrederickSanger	57	AGE57	1163	1162_FrederickSanger_57_m
216	FrederickSanger	31	AGE31	1153	1152_FrederickSanger_31_m
216	FrederickSanger	11	AGE11	1155	1154_FrederickSanger_11_m
216	FrederickSanger	75	AGE75	1158	1157_FrederickSanger_75_m
217	MargaretOBrien	40	AGE40	12799	12798_MargaretOBrien_40_f
217	MargaretOBrien	12	AGE12	12785	12784_MargaretOBrien_12_f
217	MargaretOBrien	19	AGE19	12791	12790_MargaretOBrien_19_f
217	MargaretOBrien	75	AGE75	12808	12807_MargaretOBrien_75_f
217	MargaretOBrien	13	AGE13	12786	12785_MargaretOBrien_13_f
217	MargaretOBrien	8	AGE8	12783	12782_MargaretOBrien_8_f
217	MargaretOBrien	17	AGE17	12790	12789_MargaretOBrien_17_f
217	MargaretOBrien	43	AGE43	12800	12799_MargaretOBrien_43_f
217	MargaretOBrien	65	AGE65	12806	12805_MargaretOBrien_65_f
217	MargaretOBrien	67	AGE67	12807	12806_MargaretOBrien_67_f
217	MargaretOBrien	33	AGE33	12798	12797_MargaretOBrien_33_f
217	MargaretOBrien	20	AGE20	12792	12791_MargaretOBrien_20_f
217	MargaretOBrien	14	AGE14	12787	12786_MargaretOBrien_14_f
217	MargaretOBrien	7	AGE7	12782	12781_MargaretOBrien_7_f
217	MargaretOBrien	64	AGE64	12805	12804_MargaretOBrien_64_f
217	MargaretOBrien	11	AGE11	12784	12783_MargaretOBrien_11_f
217	MargaretOBrien	47	AGE47	12801	12800_MargaretOBrien_47_f
217	MargaretOBrien	58	AGE58	12803	12802_MargaretOBrien_58_f
217	MargaretOBrien	26	AGE26	12796	12795_MargaretOBrien_26_f
217	MargaretOBrien	16	AGE16	12789	12788_MargaretOBrien_16_f
217	MargaretOBrien	25	AGE25	12795	12794_MargaretOBrien_25_f
217	MargaretOBrien	5	AGE5	12780	12779_MargaretOBrien_5_f
217	MargaretOBrien	53	AGE53	12802	12801_MargaretOBrien_53_f
217	MargaretOBrien	23	AGE23	12794	12793_MargaretOBrien_23_f
217	MargaretOBrien	15	AGE15	12788	12787_MargaretOBrien_15_f
217	MargaretOBrien	62	AGE62	12804	12803_MargaretOBrien_62_f
217	MargaretOBrien	6	AGE6	12781	12780_MargaretOBrien_6_f
217	MargaretOBrien	21	AGE21	12793	12792_MargaretOBrien_21_f
217	MargaretOBrien	28	AGE28	12797	12796_MargaretOBrien_28_f
218	cambell	31	AGE31	16266	16265_cambell_31_f
219	DerekJacobi	57	AGE57	3179	3178_DerekJacobi_57_m
219	DerekJacobi	48	AGE48	3173	3172_DerekJacobi_48_m
219	DerekJacobi	60	AGE60	3181	3180_DerekJacobi_60_m
219	DerekJacobi	33	AGE33	3164	3163_DerekJacobi_33_m
219	DerekJacobi	70	AGE70	3189	3188_DerekJacobi_70_m
219	DerekJacobi	32	AGE32	3163	3162_DerekJacobi_32_m
219	DerekJacobi	38	AGE38	3168	3167_DerekJacobi_38_m
219	DerekJacobi	75	AGE75	3193	3192_DerekJacobi_75_m
219	DerekJacobi	62	AGE62	3183	3182_DerekJacobi_62_m
219	DerekJacobi	34	AGE34	3165	3164_DerekJacobi_34_m
219	DerekJacobi	52	AGE52	3174	3173_DerekJacobi_52_m
219	DerekJacobi	35	AGE35	3166	3165_DerekJacobi_35_m
219	DerekJacobi	59	AGE59	3180	3179_DerekJacobi_59_m
219	DerekJacobi	40	AGE40	3170	3169_DerekJacobi_40_m
219	DerekJacobi	55	AGE55	3177	3176_DerekJacobi_55_m
219	DerekJacobi	56	AGE56	3178	3177_DerekJacobi_56_m
219	DerekJacobi	64	AGE64	3185	3184_DerekJacobi_64_m
219	DerekJacobi	69	AGE69	3188	3187_DerekJacobi_69_m
219	DerekJacobi	36	AGE36	3167	3166_DerekJacobi_36_m
219	DerekJacobi	76	AGE76	3194	3193_DerekJacobi_76_m
219	DerekJacobi	68	AGE68	3187	3186_DerekJacobi_68_m
219	DerekJacobi	72	AGE72	3190	3189_DerekJacobi_72_m
219	DerekJacobi	66	AGE66	3186	3185_DerekJacobi_66_m
219	DerekJacobi	74	AGE74	3192	3191_DerekJacobi_74_m
219	DerekJacobi	41	AGE41	3171	3170_DerekJacobi_41_m
219	DerekJacobi	73	AGE73	3191	3190_DerekJacobi_73_m
219	DerekJacobi	54	AGE54	3176	3175_DerekJacobi_54_m
219	DerekJacobi	39	AGE39	3169	3168_DerekJacobi_39_m
219	DerekJacobi	31	AGE31	3162	3161_DerekJacobi_31_m
219	DerekJacobi	61	AGE61	3182	3181_DerekJacobi_61_m
219	DerekJacobi	63	AGE63	3184	3183_DerekJacobi_63_m
219	DerekJacobi	53	AGE53	3175	3174_DerekJacobi_53_m
219	DerekJacobi	46	AGE46	3172	3171_DerekJacobi_46_m
219	DerekJacobi	27	AGE27	3161	3160_DerekJacobi_27_m
220	RobertDeNiro	43	AGE43	5682	5681_RobertDeNiro_43_m
220	RobertDeNiro	68	AGE68	5688	5687_RobertDeNiro_68_m
220	RobertDeNiro	41	AGE41	5678	5677_RobertDeNiro_41_m
220	RobertDeNiro	69	AGE69	5689	5688_RobertDeNiro_69_m
220	RobertDeNiro	64	AGE64	5687	5686_RobertDeNiro_64_m
220	RobertDeNiro	40	AGE40	5676	5675_RobertDeNiro_40_m
220	RobertDeNiro	40	AGE40	5677	5676_RobertDeNiro_40_m
220	RobertDeNiro	30	AGE30	5681	5680_RobertDeNiro_30_m
220	RobertDeNiro	54	AGE54	5684	5683_RobertDeNiro_54_m
220	RobertDeNiro	32	AGE32	5680	5679_RobertDeNiro_32_m
220	RobertDeNiro	33	AGE33	5686	5685_RobertDeNiro_33_m
220	RobertDeNiro	28	AGE28	5685	5684_RobertDeNiro_28_m
220	RobertDeNiro	34	AGE34	5683	5682_RobertDeNiro_34_m
220	RobertDeNiro	36	AGE36	5679	5678_RobertDeNiro_36_m
221	JulieBishop	15	AGE15	15519	15518_JulieBishop_15_f
221	JulieBishop	14	AGE14	15518	15517_JulieBishop_14_f
221	JulieBishop	37	AGE37	15541	15540_JulieBishop_37_f
221	JulieBishop	60	AGE60	15549	15548_JulieBishop_60_f
221	JulieBishop	42	AGE42	15545	15544_JulieBishop_42_f
221	JulieBishop	48	AGE48	15547	15546_JulieBishop_48_f
221	JulieBishop	40	AGE40	15544	15543_JulieBishop_40_f
221	JulieBishop	30	AGE30	15534	15533_JulieBishop_30_f
221	JulieBishop	16	AGE16	15520	15519_JulieBishop_16_f
221	JulieBishop	27	AGE27	15531	15530_JulieBishop_27_f
221	JulieBishop	31	AGE31	15535	15534_JulieBishop_31_f
221	JulieBishop	34	AGE34	15538	15537_JulieBishop_34_f
221	JulieBishop	38	AGE38	15542	15541_JulieBishop_38_f
221	JulieBishop	17	AGE17	15521	15520_JulieBishop_17_f
221	JulieBishop	19	AGE19	15523	15522_JulieBishop_19_f
221	JulieBishop	25	AGE25	15529	15528_JulieBishop_25_f
221	JulieBishop	20	AGE20	15524	15523_JulieBishop_20_f
221	JulieBishop	21	AGE21	15525	15524_JulieBishop_21_f
221	JulieBishop	39	AGE39	15543	15542_JulieBishop_39_f
221	JulieBishop	23	AGE23	15527	15526_JulieBishop_23_f
221	JulieBishop	32	AGE32	15536	15535_JulieBishop_32_f
221	JulieBishop	35	AGE35	15539	15538_JulieBishop_35_f
221	JulieBishop	36	AGE36	15540	15539_JulieBishop_36_f
221	JulieBishop	29	AGE29	15533	15532_JulieBishop_29_f
221	JulieBishop	22	AGE22	15526	15525_JulieBishop_22_f
221	JulieBishop	26	AGE26	15530	15529_JulieBishop_26_f
221	JulieBishop	50	AGE50	15548	15547_JulieBishop_50_f
221	JulieBishop	18	AGE18	15522	15521_JulieBishop_18_f
221	JulieBishop	46	AGE46	15546	15545_JulieBishop_46_f
221	JulieBishop	33	AGE33	15537	15536_JulieBishop_33_f
221	JulieBishop	24	AGE24	15528	15527_JulieBishop_24_f
221	JulieBishop	28	AGE28	15532	15531_JulieBishop_28_f
222	JhonLenon	28	AGE28	194	193_JhonLenon_28_m
222	JhonLenon	27	AGE27	174	173_JhonLenon_27_m
222	JhonLenon	25	AGE25	185	184_JhonLenon_25_m
222	JhonLenon	18	AGE18	200	199_JhonLenon_18_m
222	JhonLenon	18	AGE18	187	186_JhonLenon_18_m
222	JhonLenon	25	AGE25	182	181_JhonLenon_25_m
222	JhonLenon	17	AGE17	192	191_JhonLenon_17_m
222	JhonLenon	22	AGE22	201	200_JhonLenon_22_m
222	JhonLenon	19	AGE19	193	192_JhonLenon_19_m
222	JhonLenon	30	AGE30	195	194_JhonLenon_30_m
222	JhonLenon	30	AGE30	198	197_JhonLenon_30_m
222	JhonLenon	30	AGE30	196	195_JhonLenon_30_m
222	JhonLenon	28	AGE28	186	185_JhonLenon_28_m
222	JhonLenon	32	AGE32	184	183_JhonLenon_32_m
222	JhonLenon	32	AGE32	178	177_JhonLenon_32_m
222	JhonLenon	30	AGE30	181	180_JhonLenon_30_m
222	JhonLenon	20	AGE20	188	187_JhonLenon_20_m
222	JhonLenon	10	AGE10	191	190_JhonLenon_10_m
222	JhonLenon	24	AGE24	179	178_JhonLenon_24_m
222	JhonLenon	31	AGE31	173	172_JhonLenon_31_m
222	JhonLenon	17	AGE17	176	175_JhonLenon_17_m
222	JhonLenon	35	AGE35	183	182_JhonLenon_35_m
222	JhonLenon	33	AGE33	190	189_JhonLenon_33_m
222	JhonLenon	6	AGE6	172	171_JhonLenon_6_m
222	JhonLenon	33	AGE33	199	198_JhonLenon_33_m
222	JhonLenon	20	AGE20	175	174_JhonLenon_20_m
222	JhonLenon	27	AGE27	180	179_JhonLenon_27_m
222	JhonLenon	20	AGE20	177	176_JhonLenon_20_m
222	JhonLenon	21	AGE21	189	188_JhonLenon_21_m
222	JhonLenon	27	AGE27	197	196_JhonLenon_27_m
223	ElkeSommer	40	AGE40	9958	9957_ElkeSommer_40_f
223	ElkeSommer	61	AGE61	9971	9970_ElkeSommer_61_f
223	ElkeSommer	37	AGE37	9956	9955_ElkeSommer_37_f
223	ElkeSommer	42	AGE42	9961	9960_ElkeSommer_42_f
223	ElkeSommer	38	AGE38	9957	9956_ElkeSommer_38_f
223	ElkeSommer	67	AGE67	9976	9975_ElkeSommer_67_f
223	ElkeSommer	41	AGE41	9959	9958_ElkeSommer_41_f
223	ElkeSommer	51	AGE51	9966	9965_ElkeSommer_51_f
223	ElkeSommer	58	AGE58	9969	9968_ElkeSommer_58_f
223	ElkeSommer	63	AGE63	9973	9972_ElkeSommer_63_f
223	ElkeSommer	34	AGE34	9954	9953_ElkeSommer_34_f
223	ElkeSommer	65	AGE65	9975	9974_ElkeSommer_65_f
223	ElkeSommer	46	AGE46	9964	9963_ElkeSommer_46_f
223	ElkeSommer	29	AGE29	9950	9949_ElkeSommer_29_f
223	ElkeSommer	28	AGE28	9949	9948_ElkeSommer_28_f
223	ElkeSommer	64	AGE64	9974	9973_ElkeSommer_64_f
223	ElkeSommer	56	AGE56	9968	9967_ElkeSommer_56_f
223	ElkeSommer	44	AGE44	9963	9962_ElkeSommer_44_f
223	ElkeSommer	18	AGE18	9947	9946_ElkeSommer_18_f
223	ElkeSommer	30	AGE30	9951	9950_ElkeSommer_30_f
223	ElkeSommer	27	AGE27	9948	9947_ElkeSommer_27_f
223	ElkeSommer	41	AGE41	9960	9959_ElkeSommer_41_f
223	ElkeSommer	69	AGE69	9977	9976_ElkeSommer_69_f
223	ElkeSommer	60	AGE60	9970	9969_ElkeSommer_60_f
223	ElkeSommer	43	AGE43	9962	9961_ElkeSommer_43_f
223	ElkeSommer	72	AGE72	9979	9978_ElkeSommer_72_f
223	ElkeSommer	32	AGE32	9953	9952_ElkeSommer_32_f
223	ElkeSommer	70	AGE70	9978	9977_ElkeSommer_70_f
223	ElkeSommer	55	AGE55	9967	9966_ElkeSommer_55_f
223	ElkeSommer	62	AGE62	9972	9971_ElkeSommer_62_f
223	ElkeSommer	31	AGE31	9952	9951_ElkeSommer_31_f
223	ElkeSommer	35	AGE35	9955	9954_ElkeSommer_35_f
223	ElkeSommer	47	AGE47	9965	9964_ElkeSommer_47_f
224	campbell	33	AGE33	16286	16285_campbell_33_f
224	campbell	37	AGE37	16269	16268_campbell_37_f
224	campbell	26	AGE26	16280	16279_campbell_26_f
224	campbell	27	AGE27	16281	16280_campbell_27_f
224	campbell	25	AGE25	16275	16274_campbell_25_f
224	campbell	25	AGE25	16279	16278_campbell_25_f
224	campbell	44	AGE44	16289	16288_campbell_44_f
224	campbell	30	AGE30	16284	16283_campbell_30_f
224	campbell	28	AGE28	16277	16276_campbell_28_f
224	campbell	30	AGE30	16283	16282_campbell_30_f
224	campbell	39	AGE39	16274	16273_campbell_39_f
224	campbell	44	AGE44	16290	16289_campbell_44_f
224	campbell	43	AGE43	16288	16287_campbell_43_f
224	campbell	30	AGE30	16282	16281_campbell_30_f
224	campbell	28	AGE28	16265	16264_campbell_28_f
224	campbell	25	AGE25	16278	16277_campbell_25_f
224	campbell	45	AGE45	16291	16290_campbell_45_f
224	campbell	32	AGE32	16268	16267_campbell_32_f
224	campbell	33	AGE33	16273	16272_campbell_33_f
224	campbell	25	AGE25	16271	16270_campbell_25_f
224	campbell	42	AGE42	16267	16266_campbell_42_f
224	campbell	25	AGE25	16270	16269_campbell_25_f
224	campbell	19	AGE19	16272	16271_campbell_19_f
224	campbell	41	AGE41	16287	16286_campbell_41_f
224	campbell	30	AGE30	16285	16284_campbell_30_f
224	campbell	22	AGE22	16276	16275_campbell_22_f
225	ClarkGable	32	AGE32	5816	5815_ClarkGable_32_m
225	ClarkGable	22	AGE22	5804	5803_ClarkGable_22_m
225	ClarkGable	31	AGE31	5815	5814_ClarkGable_31_m
225	ClarkGable	35	AGE35	5805	5804_ClarkGable_35_m
225	ClarkGable	30	AGE30	5807	5806_ClarkGable_30_m
225	ClarkGable	35	AGE35	5803	5802_ClarkGable_35_m
225	ClarkGable	37	AGE37	5808	5807_ClarkGable_37_m
225	ClarkGable	48	AGE48	5812	5811_ClarkGable_48_m
225	ClarkGable	42	AGE42	5810	5809_ClarkGable_42_m
225	ClarkGable	43	AGE43	5813	5812_ClarkGable_43_m
225	ClarkGable	35	AGE35	5806	5805_ClarkGable_35_m
225	ClarkGable	31	AGE31	5814	5813_ClarkGable_31_m
225	ClarkGable	46	AGE46	5809	5808_ClarkGable_46_m
225	ClarkGable	35	AGE35	5817	5816_ClarkGable_35_m
225	ClarkGable	40	AGE40	5811	5810_ClarkGable_40_m
226	TommySands	27	AGE27	3928	3927_TommySands_27_m
226	TommySands	26	AGE26	3927	3926_TommySands_26_m
226	TommySands	68	AGE68	3939	3938_TommySands_68_m
226	TommySands	22	AGE22	3923	3922_TommySands_22_m
226	TommySands	72	AGE72	3941	3940_TommySands_72_m
226	TommySands	60	AGE60	3933	3932_TommySands_60_m
226	TommySands	25	AGE25	3926	3925_TommySands_25_m
226	TommySands	64	AGE64	3936	3935_TommySands_64_m
226	TommySands	20	AGE20	3921	3920_TommySands_20_m
226	TommySands	19	AGE19	3920	3919_TommySands_19_m
226	TommySands	45	AGE45	3932	3931_TommySands_45_m
226	TommySands	30	AGE30	3929	3928_TommySands_30_m
226	TommySands	67	AGE67	3938	3937_TommySands_67_m
226	TommySands	43	AGE43	3931	3930_TommySands_43_m
226	TommySands	70	AGE70	3940	3939_TommySands_70_m
226	TommySands	66	AGE66	3937	3936_TommySands_66_m
226	TommySands	21	AGE21	3922	3921_TommySands_21_m
226	TommySands	38	AGE38	3930	3929_TommySands_38_m
226	TommySands	18	AGE18	3919	3918_TommySands_18_m
226	TommySands	23	AGE23	3924	3923_TommySands_23_m
226	TommySands	24	AGE24	3925	3924_TommySands_24_m
226	TommySands	62	AGE62	3934	3933_TommySands_62_m
226	TommySands	63	AGE63	3935	3934_TommySands_63_m
227	KennethBranagh	31	AGE31	5428	5427_KennethBranagh_31_m
227	KennethBranagh	36	AGE36	5431	5430_KennethBranagh_36_m
227	KennethBranagh	29	AGE29	5426	5425_KennethBranagh_29_m
227	KennethBranagh	42	AGE42	5437	5436_KennethBranagh_42_m
227	KennethBranagh	35	AGE35	5430	5429_KennethBranagh_35_m
227	KennethBranagh	23	AGE23	5421	5420_KennethBranagh_23_m
227	KennethBranagh	37	AGE37	5432	5431_KennethBranagh_37_m
227	KennethBranagh	41	AGE41	5436	5435_KennethBranagh_41_m
227	KennethBranagh	43	AGE43	5438	5437_KennethBranagh_43_m
227	KennethBranagh	45	AGE45	5441	5440_KennethBranagh_45_m
227	KennethBranagh	34	AGE34	5429	5428_KennethBranagh_34_m
227	KennethBranagh	44	AGE44	5439	5438_KennethBranagh_44_m
227	KennethBranagh	44	AGE44	5440	5439_KennethBranagh_44_m
227	KennethBranagh	24	AGE24	5422	5421_KennethBranagh_24_m
227	KennethBranagh	26	AGE26	5424	5423_KennethBranagh_26_m
227	KennethBranagh	39	AGE39	5434	5433_KennethBranagh_39_m
227	KennethBranagh	49	AGE49	5443	5442_KennethBranagh_49_m
227	KennethBranagh	53	AGE53	5445	5444_KennethBranagh_53_m
227	KennethBranagh	27	AGE27	5425	5424_KennethBranagh_27_m
227	KennethBranagh	38	AGE38	5433	5432_KennethBranagh_38_m
227	KennethBranagh	54	AGE54	5446	5445_KennethBranagh_54_m
227	KennethBranagh	25	AGE25	5423	5422_KennethBranagh_25_m
227	KennethBranagh	30	AGE30	5427	5426_KennethBranagh_30_m
227	KennethBranagh	51	AGE51	5444	5443_KennethBranagh_51_m
227	KennethBranagh	40	AGE40	5435	5434_KennethBranagh_40_m
227	KennethBranagh	47	AGE47	5442	5441_KennethBranagh_47_m
228	SophiaLoren	44	AGE44	11288	11287_SophiaLoren_44_f
228	SophiaLoren	66	AGE66	11295	11294_SophiaLoren_66_f
228	SophiaLoren	32	AGE32	11283	11282_SophiaLoren_32_f
228	SophiaLoren	68	AGE68	11296	11295_SophiaLoren_68_f
228	SophiaLoren	26	AGE26	11301	11300_SophiaLoren_26_f
228	SophiaLoren	64	AGE64	11293	11292_SophiaLoren_64_f
228	SophiaLoren	36	AGE36	11305	11304_SophiaLoren_36_f
228	SophiaLoren	29	AGE29	11281	11280_SophiaLoren_29_f
228	SophiaLoren	17	AGE17	11300	11299_SophiaLoren_17_f
228	SophiaLoren	59	AGE59	11292	11291_SophiaLoren_59_f
228	SophiaLoren	25	AGE25	11278	11277_SophiaLoren_25_f
228	SophiaLoren	36	AGE36	11285	11284_SophiaLoren_36_f
228	SophiaLoren	31	AGE31	11282	11281_SophiaLoren_31_f
228	SophiaLoren	41	AGE41	11299	11298_SophiaLoren_41_f
228	SophiaLoren	38	AGE38	11286	11285_SophiaLoren_38_f
228	SophiaLoren	65	AGE65	11294	11293_SophiaLoren_65_f
228	SophiaLoren	53	AGE53	11291	11290_SophiaLoren_53_f
228	SophiaLoren	76	AGE76	11298	11297_SophiaLoren_76_f
228	SophiaLoren	28	AGE28	11280	11279_SophiaLoren_28_f
228	SophiaLoren	51	AGE51	11289	11288_SophiaLoren_51_f
228	SophiaLoren	52	AGE52	11290	11289_SophiaLoren_52_f
228	SophiaLoren	27	AGE27	11279	11278_SophiaLoren_27_f
228	SophiaLoren	29	AGE29	11302	11301_SophiaLoren_29_f
228	SophiaLoren	75	AGE75	11297	11296_SophiaLoren_75_f
228	SophiaLoren	35	AGE35	11284	11283_SophiaLoren_35_f
228	SophiaLoren	30	AGE30	11303	11302_SophiaLoren_30_f
228	SophiaLoren	26	AGE26	11304	11303_SophiaLoren_26_f
228	SophiaLoren	40	AGE40	11287	11286_SophiaLoren_40_f
229	Myl╨ЪneDemongeot	46	AGE46	12863	12862_Myl╨ЪneDemongeot_46_f
229	Myl╨ЪneDemongeot	47	AGE47	12864	12863_Myl╨ЪneDemongeot_47_f
229	Myl╨ЪneDemongeot	23	AGE23	12849	12848_Myl╨ЪneDemongeot_23_f
229	Myl╨ЪneDemongeot	35	AGE35	12858	12857_Myl╨ЪneDemongeot_35_f
229	Myl╨ЪneDemongeot	49	AGE49	12867	12866_Myl╨ЪneDemongeot_49_f
229	Myl╨ЪneDemongeot	27	AGE27	12851	12850_Myl╨ЪneDemongeot_27_f
229	Myl╨ЪneDemongeot	22	AGE22	12848	12847_Myl╨ЪneDemongeot_22_f
229	Myl╨ЪneDemongeot	40	AGE40	12859	12858_Myl╨ЪneDemongeot_40_f
229	Myl╨ЪneDemongeot	42	AGE42	12860	12859_Myl╨ЪneDemongeot_42_f
229	Myl╨ЪneDemongeot	78	AGE78	12876	12875_Myl╨ЪneDemongeot_78_f
229	Myl╨ЪneDemongeot	24	AGE24	12850	12849_Myl╨ЪneDemongeot_24_f
229	Myl╨ЪneDemongeot	45	AGE45	12862	12861_Myl╨ЪneDemongeot_45_f
229	Myl╨ЪneDemongeot	57	AGE57	12869	12868_Myl╨ЪneDemongeot_57_f
229	Myl╨ЪneDemongeot	68	AGE68	12873	12872_Myl╨ЪneDemongeot_68_f
229	Myl╨ЪneDemongeot	76	AGE76	12875	12874_Myl╨ЪneDemongeot_76_f
229	Myl╨ЪneDemongeot	33	AGE33	12857	12856_Myl╨ЪneDemongeot_33_f
229	Myl╨ЪneDemongeot	65	AGE65	12872	12871_Myl╨ЪneDemongeot_65_f
229	Myl╨ЪneDemongeot	29	AGE29	12853	12852_Myl╨ЪneDemongeot_29_f
229	Myl╨ЪneDemongeot	48	AGE48	12866	12865_Myl╨ЪneDemongeot_48_f
229	Myl╨ЪneDemongeot	43	AGE43	12861	12860_Myl╨ЪneDemongeot_43_f
229	Myl╨ЪneDemongeot	70	AGE70	12874	12873_Myl╨ЪneDemongeot_70_f
229	Myl╨ЪneDemongeot	47	AGE47	12865	12864_Myl╨ЪneDemongeot_47_f
229	Myl╨ЪneDemongeot	62	AGE62	12871	12870_Myl╨ЪneDemongeot_62_f
229	Myl╨ЪneDemongeot	18	AGE18	12847	12846_Myl╨ЪneDemongeot_18_f
229	Myl╨ЪneDemongeot	60	AGE60	12870	12869_Myl╨ЪneDemongeot_60_f
229	Myl╨ЪneDemongeot	31	AGE31	12855	12854_Myl╨ЪneDemongeot_31_f
229	Myl╨ЪneDemongeot	53	AGE53	12868	12867_Myl╨ЪneDemongeot_53_f
229	Myl╨ЪneDemongeot	30	AGE30	12854	12853_Myl╨ЪneDemongeot_30_f
229	Myl╨ЪneDemongeot	32	AGE32	12856	12855_Myl╨ЪneDemongeot_32_f
229	Myl╨ЪneDemongeot	28	AGE28	12852	12851_Myl╨ЪneDemongeot_28_f
230	SusanGeorge	39	AGE39	10869	10868_SusanGeorge_39_f
230	SusanGeorge	53	AGE53	10875	10874_SusanGeorge_53_f
230	SusanGeorge	47	AGE47	10873	10872_SusanGeorge_47_f
230	SusanGeorge	35	AGE35	10866	10865_SusanGeorge_35_f
230	SusanGeorge	43	AGE43	10872	10871_SusanGeorge_43_f
230	SusanGeorge	24	AGE24	10862	10861_SusanGeorge_24_f
230	SusanGeorge	51	AGE51	10874	10873_SusanGeorge_51_f
230	SusanGeorge	40	AGE40	10870	10869_SusanGeorge_40_f
230	SusanGeorge	23	AGE23	10861	10860_SusanGeorge_23_f
230	SusanGeorge	17	AGE17	10855	10854_SusanGeorge_17_f
230	SusanGeorge	32	AGE32	10865	10864_SusanGeorge_32_f
230	SusanGeorge	19	AGE19	10857	10856_SusanGeorge_19_f
230	SusanGeorge	21	AGE21	10859	10858_SusanGeorge_21_f
230	SusanGeorge	20	AGE20	10858	10857_SusanGeorge_20_f
230	SusanGeorge	38	AGE38	10868	10867_SusanGeorge_38_f
230	SusanGeorge	22	AGE22	10860	10859_SusanGeorge_22_f
230	SusanGeorge	29	AGE29	10864	10863_SusanGeorge_29_f
230	SusanGeorge	18	AGE18	10856	10855_SusanGeorge_18_f
230	SusanGeorge	60	AGE60	10876	10875_SusanGeorge_60_f
230	SusanGeorge	41	AGE41	10871	10870_SusanGeorge_41_f
230	SusanGeorge	25	AGE25	10863	10862_SusanGeorge_25_f
230	SusanGeorge	61	AGE61	10877	10876_SusanGeorge_61_f
230	SusanGeorge	36	AGE36	10867	10866_SusanGeorge_36_f
231	AnthonyAndrews	62	AGE62	5055	5054_AnthonyAndrews_62_m
231	AnthonyAndrews	64	AGE64	5064	5063_AnthonyAndrews_64_m
231	AnthonyAndrews	52	AGE52	5061	5060_AnthonyAndrews_52_m
231	AnthonyAndrews	53	AGE53	5052	5051_AnthonyAndrews_53_m
231	AnthonyAndrews	57	AGE57	5049	5048_AnthonyAndrews_57_m
231	AnthonyAndrews	41	AGE41	5057	5056_AnthonyAndrews_41_m
231	AnthonyAndrews	51	AGE51	5047	5046_AnthonyAndrews_51_m
231	AnthonyAndrews	60	AGE60	5043	5042_AnthonyAndrews_60_m
231	AnthonyAndrews	63	AGE63	5044	5043_AnthonyAndrews_63_m
231	AnthonyAndrews	55	AGE55	5042	5041_AnthonyAndrews_55_m
231	AnthonyAndrews	59	AGE59	5063	5062_AnthonyAndrews_59_m
231	AnthonyAndrews	29	AGE29	5034	5033_AnthonyAndrews_29_m
231	AnthonyAndrews	35	AGE35	5039	5038_AnthonyAndrews_35_m
231	AnthonyAndrews	66	AGE66	5045	5044_AnthonyAndrews_66_m
231	AnthonyAndrews	34	AGE34	5038	5037_AnthonyAndrews_34_m
231	AnthonyAndrews	65	AGE65	5050	5049_AnthonyAndrews_65_m
231	AnthonyAndrews	37	AGE37	5041	5040_AnthonyAndrews_37_m
231	AnthonyAndrews	39	AGE39	5051	5050_AnthonyAndrews_39_m
231	AnthonyAndrews	56	AGE56	5053	5052_AnthonyAndrews_56_m
231	AnthonyAndrews	58	AGE58	5062	5061_AnthonyAndrews_58_m
231	AnthonyAndrews	45	AGE45	5059	5058_AnthonyAndrews_45_m
231	AnthonyAndrews	49	AGE49	5060	5059_AnthonyAndrews_49_m
231	AnthonyAndrews	54	AGE54	5048	5047_AnthonyAndrews_54_m
231	AnthonyAndrews	47	AGE47	5046	5045_AnthonyAndrews_47_m
231	AnthonyAndrews	38	AGE38	5056	5055_AnthonyAndrews_38_m
231	AnthonyAndrews	33	AGE33	5037	5036_AnthonyAndrews_33_m
231	AnthonyAndrews	61	AGE61	5054	5053_AnthonyAndrews_61_m
231	AnthonyAndrews	42	AGE42	5058	5057_AnthonyAndrews_42_m
231	AnthonyAndrews	25	AGE25	5032	5031_AnthonyAndrews_25_m
231	AnthonyAndrews	32	AGE32	5036	5035_AnthonyAndrews_32_m
231	AnthonyAndrews	36	AGE36	5040	5039_AnthonyAndrews_36_m
231	AnthonyAndrews	27	AGE27	5033	5032_AnthonyAndrews_27_m
231	AnthonyAndrews	31	AGE31	5035	5034_AnthonyAndrews_31_m
232	ConnieBooth	42	AGE42	15160	15159_ConnieBooth_42_f
232	ConnieBooth	28	AGE28	15149	15148_ConnieBooth_28_f
232	ConnieBooth	32	AGE32	15152	15151_ConnieBooth_32_f
232	ConnieBooth	60	AGE60	15171	15170_ConnieBooth_60_f
232	ConnieBooth	52	AGE52	15168	15167_ConnieBooth_52_f
232	ConnieBooth	27	AGE27	15148	15147_ConnieBooth_27_f
232	ConnieBooth	43	AGE43	15161	15160_ConnieBooth_43_f
232	ConnieBooth	24	AGE24	15145	15144_ConnieBooth_24_f
232	ConnieBooth	44	AGE44	15162	15161_ConnieBooth_44_f
232	ConnieBooth	35	AGE35	15153	15152_ConnieBooth_35_f
232	ConnieBooth	63	AGE63	15173	15172_ConnieBooth_63_f
232	ConnieBooth	48	AGE48	15166	15165_ConnieBooth_48_f
232	ConnieBooth	66	AGE66	15176	15175_ConnieBooth_66_f
232	ConnieBooth	56	AGE56	15169	15168_ConnieBooth_56_f
232	ConnieBooth	40	AGE40	15158	15157_ConnieBooth_40_f
232	ConnieBooth	58	AGE58	15170	15169_ConnieBooth_58_f
232	ConnieBooth	45	AGE45	15163	15162_ConnieBooth_45_f
232	ConnieBooth	38	AGE38	15156	15155_ConnieBooth_38_f
232	ConnieBooth	47	AGE47	15165	15164_ConnieBooth_47_f
232	ConnieBooth	41	AGE41	15159	15158_ConnieBooth_41_f
232	ConnieBooth	25	AGE25	15146	15145_ConnieBooth_25_f
232	ConnieBooth	26	AGE26	15147	15146_ConnieBooth_26_f
232	ConnieBooth	46	AGE46	15164	15163_ConnieBooth_46_f
232	ConnieBooth	49	AGE49	15167	15166_ConnieBooth_49_f
232	ConnieBooth	31	AGE31	15151	15150_ConnieBooth_31_f
232	ConnieBooth	37	AGE37	15155	15154_ConnieBooth_37_f
232	ConnieBooth	70	AGE70	15177	15176_ConnieBooth_70_f
232	ConnieBooth	30	AGE30	15150	15149_ConnieBooth_30_f
232	ConnieBooth	39	AGE39	15157	15156_ConnieBooth_39_f
232	ConnieBooth	36	AGE36	15154	15153_ConnieBooth_36_f
232	ConnieBooth	62	AGE62	15172	15171_ConnieBooth_62_f
232	ConnieBooth	65	AGE65	15175	15174_ConnieBooth_65_f
232	ConnieBooth	71	AGE71	15178	15177_ConnieBooth_71_f
232	ConnieBooth	64	AGE64	15174	15173_ConnieBooth_64_f
233	Arletty	56	AGE56	10922	10921_Arletty_56_f
233	Arletty	65	AGE65	10928	10927_Arletty_65_f
233	Arletty	40	AGE40	10911	10910_Arletty_40_f
233	Arletty	88	AGE88	10936	10935_Arletty_88_f
233	Arletty	59	AGE59	10924	10923_Arletty_59_f
233	Arletty	52	AGE52	10919	10918_Arletty_52_f
233	Arletty	45	AGE45	10914	10913_Arletty_45_f
233	Arletty	51	AGE51	10918	10917_Arletty_51_f
233	Arletty	86	AGE86	10935	10934_Arletty_86_f
233	Arletty	80	AGE80	10933	10932_Arletty_80_f
233	Arletty	68	AGE68	10929	10928_Arletty_68_f
233	Arletty	34	AGE34	10905	10904_Arletty_34_f
233	Arletty	47	AGE47	10915	10914_Arletty_47_f
233	Arletty	34	AGE34	10906	10905_Arletty_34_f
233	Arletty	55	AGE55	10921	10920_Arletty_55_f
233	Arletty	76	AGE76	10932	10931_Arletty_76_f
233	Arletty	82	AGE82	10934	10933_Arletty_82_f
233	Arletty	39	AGE39	10909	10908_Arletty_39_f
233	Arletty	72	AGE72	10930	10929_Arletty_72_f
233	Arletty	63	AGE63	10926	10925_Arletty_63_f
233	Arletty	35	AGE35	10907	10906_Arletty_35_f
233	Arletty	57	AGE57	10923	10922_Arletty_57_f
233	Arletty	39	AGE39	10910	10909_Arletty_39_f
233	Arletty	50	AGE50	10917	10916_Arletty_50_f
233	Arletty	53	AGE53	10920	10919_Arletty_53_f
233	Arletty	43	AGE43	10913	10912_Arletty_43_f
233	Arletty	37	AGE37	10908	10907_Arletty_37_f
233	Arletty	64	AGE64	10927	10926_Arletty_64_f
233	Arletty	73	AGE73	10931	10930_Arletty_73_f
233	Arletty	41	AGE41	10912	10911_Arletty_41_f
233	Arletty	47	AGE47	10916	10915_Arletty_47_f
233	Arletty	60	AGE60	10925	10924_Arletty_60_f
234	MyrnaLoy	27	AGE27	12369	12368_MyrnaLoy_27_f
234	MyrnaLoy	55	AGE55	12363	12362_MyrnaLoy_55_f
234	MyrnaLoy	70	AGE70	12366	12365_MyrnaLoy_70_f
234	MyrnaLoy	67	AGE67	12376	12375_MyrnaLoy_67_f
234	MyrnaLoy	45	AGE45	12375	12374_MyrnaLoy_45_f
234	MyrnaLoy	40	AGE40	12356	12355_MyrnaLoy_40_f
234	MyrnaLoy	30	AGE30	12372	12371_MyrnaLoy_30_f
234	MyrnaLoy	32	AGE32	12351	12350_MyrnaLoy_32_f
234	MyrnaLoy	20	AGE20	12332	12331_MyrnaLoy_20_f
234	MyrnaLoy	35	AGE35	12378	12377_MyrnaLoy_35_f
234	MyrnaLoy	25	AGE25	12342	12341_MyrnaLoy_25_f
234	MyrnaLoy	62	AGE62	12364	12363_MyrnaLoy_62_f
234	MyrnaLoy	55	AGE55	12344	12343_MyrnaLoy_55_f
234	MyrnaLoy	25	AGE25	12337	12336_MyrnaLoy_25_f
234	MyrnaLoy	43	AGE43	12360	12359_MyrnaLoy_43_f
234	MyrnaLoy	28	AGE28	12379	12378_MyrnaLoy_28_f
234	MyrnaLoy	53	AGE53	12362	12361_MyrnaLoy_53_f
234	MyrnaLoy	42	AGE42	12368	12367_MyrnaLoy_42_f
234	MyrnaLoy	29	AGE29	12348	12347_MyrnaLoy_29_f
234	MyrnaLoy	34	AGE34	12353	12352_MyrnaLoy_34_f
234	MyrnaLoy	31	AGE31	12350	12349_MyrnaLoy_31_f
234	MyrnaLoy	43	AGE43	12359	12358_MyrnaLoy_43_f
234	MyrnaLoy	26	AGE26	12373	12372_MyrnaLoy_26_f
234	MyrnaLoy	21	AGE21	12340	12339_MyrnaLoy_21_f
234	MyrnaLoy	23	AGE23	12336	12335_MyrnaLoy_23_f
234	MyrnaLoy	86	AGE86	12371	12370_MyrnaLoy_86_f
234	MyrnaLoy	70	AGE70	12333	12332_MyrnaLoy_70_f
234	MyrnaLoy	75	AGE75	12374	12373_MyrnaLoy_75_f
234	MyrnaLoy	42	AGE42	12358	12357_MyrnaLoy_42_f
234	MyrnaLoy	28	AGE28	12347	12346_MyrnaLoy_28_f
234	MyrnaLoy	28	AGE28	12346	12345_MyrnaLoy_28_f
234	MyrnaLoy	33	AGE33	12377	12376_MyrnaLoy_33_f
234	MyrnaLoy	23	AGE23	12341	12340_MyrnaLoy_23_f
234	MyrnaLoy	60	AGE60	12367	12366_MyrnaLoy_60_f
234	MyrnaLoy	28	AGE28	12370	12369_MyrnaLoy_28_f
234	MyrnaLoy	19	AGE19	12352	12351_MyrnaLoy_19_f
234	MyrnaLoy	51	AGE51	12330	12329_MyrnaLoy_51_f
234	MyrnaLoy	45	AGE45	12361	12360_MyrnaLoy_45_f
234	MyrnaLoy	36	AGE36	12355	12354_MyrnaLoy_36_f
234	MyrnaLoy	20	AGE20	12338	12337_MyrnaLoy_20_f
234	MyrnaLoy	35	AGE35	12354	12353_MyrnaLoy_35_f
234	MyrnaLoy	25	AGE25	12343	12342_MyrnaLoy_25_f
234	MyrnaLoy	41	AGE41	12357	12356_MyrnaLoy_41_f
234	MyrnaLoy	20	AGE20	12339	12338_MyrnaLoy_20_f
234	MyrnaLoy	29	AGE29	12349	12348_MyrnaLoy_29_f
234	MyrnaLoy	67	AGE67	12365	12364_MyrnaLoy_67_f
234	MyrnaLoy	22	AGE22	12334	12333_MyrnaLoy_22_f
234	MyrnaLoy	30	AGE30	12335	12334_MyrnaLoy_30_f
234	MyrnaLoy	75	AGE75	12331	12330_MyrnaLoy_75_f
234	MyrnaLoy	27	AGE27	12345	12344_MyrnaLoy_27_f
235	SilvanaMangano	22	AGE22	14793	14792_SilvanaMangano_22_f
235	SilvanaMangano	26	AGE26	14796	14795_SilvanaMangano_26_f
235	SilvanaMangano	57	AGE57	14817	14816_SilvanaMangano_57_f
235	SilvanaMangano	44	AGE44	14813	14812_SilvanaMangano_44_f
235	SilvanaMangano	15	AGE15	14786	14785_SilvanaMangano_15_f
235	SilvanaMangano	42	AGE42	14811	14810_SilvanaMangano_42_f
235	SilvanaMangano	54	AGE54	14816	14815_SilvanaMangano_54_f
235	SilvanaMangano	40	AGE40	14809	14808_SilvanaMangano_40_f
235	SilvanaMangano	32	AGE32	14801	14800_SilvanaMangano_32_f
235	SilvanaMangano	20	AGE20	14790	14789_SilvanaMangano_20_f
235	SilvanaMangano	33	AGE33	14802	14801_SilvanaMangano_33_f
235	SilvanaMangano	27	AGE27	14797	14796_SilvanaMangano_27_f
235	SilvanaMangano	37	AGE37	14805	14804_SilvanaMangano_37_f
235	SilvanaMangano	39	AGE39	14808	14807_SilvanaMangano_39_f
235	SilvanaMangano	35	AGE35	14803	14802_SilvanaMangano_35_f
235	SilvanaMangano	31	AGE31	14800	14799_SilvanaMangano_31_f
235	SilvanaMangano	18	AGE18	14789	14788_SilvanaMangano_18_f
235	SilvanaMangano	21	AGE21	14792	14791_SilvanaMangano_21_f
235	SilvanaMangano	48	AGE48	14815	14814_SilvanaMangano_48_f
235	SilvanaMangano	24	AGE24	14794	14793_SilvanaMangano_24_f
235	SilvanaMangano	45	AGE45	14814	14813_SilvanaMangano_45_f
235	SilvanaMangano	36	AGE36	14804	14803_SilvanaMangano_36_f
235	SilvanaMangano	37	AGE37	14806	14805_SilvanaMangano_37_f
235	SilvanaMangano	41	AGE41	14810	14809_SilvanaMangano_41_f
235	SilvanaMangano	43	AGE43	14812	14811_SilvanaMangano_43_f
235	SilvanaMangano	38	AGE38	14807	14806_SilvanaMangano_38_f
235	SilvanaMangano	30	AGE30	14799	14798_SilvanaMangano_30_f
235	SilvanaMangano	17	AGE17	14788	14787_SilvanaMangano_17_f
235	SilvanaMangano	25	AGE25	14795	14794_SilvanaMangano_25_f
235	SilvanaMangano	16	AGE16	14787	14786_SilvanaMangano_16_f
235	SilvanaMangano	23	AGE23	14791	14790_SilvanaMangano_23_f
235	SilvanaMangano	28	AGE28	14798	14797_SilvanaMangano_28_f
236	VeronicaLake	49	AGE49	15940	15939_VeronicaLake_49_f
236	VeronicaLake	29	AGE29	15930	15929_VeronicaLake_29_f
236	VeronicaLake	43	AGE43	15937	15936_VeronicaLake_43_f
236	VeronicaLake	21	AGE21	15923	15922_VeronicaLake_21_f
236	VeronicaLake	45	AGE45	15938	15937_VeronicaLake_45_f
236	VeronicaLake	47	AGE47	15939	15938_VeronicaLake_47_f
236	VeronicaLake	23	AGE23	15925	15924_VeronicaLake_23_f
236	VeronicaLake	20	AGE20	15922	15921_VeronicaLake_20_f
236	VeronicaLake	26	AGE26	15928	15927_VeronicaLake_26_f
236	VeronicaLake	51	AGE51	15942	15941_VeronicaLake_51_f
236	VeronicaLake	24	AGE24	15926	15925_VeronicaLake_24_f
236	VeronicaLake	48	AGE48	15933	15932_VeronicaLake_48_f
236	VeronicaLake	50	AGE50	15941	15940_VeronicaLake_50_f
236	VeronicaLake	28	AGE28	15934	15933_VeronicaLake_28_f
236	VeronicaLake	27	AGE27	15929	15928_VeronicaLake_27_f
236	VeronicaLake	18	AGE18	15920	15919_VeronicaLake_18_f
236	VeronicaLake	19	AGE19	15921	15920_VeronicaLake_19_f
236	VeronicaLake	25	AGE25	15927	15926_VeronicaLake_25_f
236	VeronicaLake	40	AGE40	15931	15930_VeronicaLake_40_f
236	VeronicaLake	30	AGE30	15935	15934_VeronicaLake_30_f
236	VeronicaLake	22	AGE22	15924	15923_VeronicaLake_22_f
236	VeronicaLake	34	AGE34	15936	15935_VeronicaLake_34_f
236	VeronicaLake	46	AGE46	15932	15931_VeronicaLake_46_f
237	KathleenTurner	37	AGE37	12763	12762_KathleenTurner_37_f
237	KathleenTurner	49	AGE49	12772	12771_KathleenTurner_49_f
237	KathleenTurner	59	AGE59	12779	12778_KathleenTurner_59_f
237	KathleenTurner	49	AGE49	12771	12770_KathleenTurner_49_f
237	KathleenTurner	27	AGE27	12757	12756_KathleenTurner_27_f
237	KathleenTurner	46	AGE46	12768	12767_KathleenTurner_46_f
237	KathleenTurner	43	AGE43	12765	12764_KathleenTurner_43_f
237	KathleenTurner	30	AGE30	12758	12757_KathleenTurner_30_f
237	KathleenTurner	31	AGE31	12759	12758_KathleenTurner_31_f
237	KathleenTurner	45	AGE45	12767	12766_KathleenTurner_45_f
237	KathleenTurner	35	AGE35	12762	12761_KathleenTurner_35_f
237	KathleenTurner	32	AGE32	12760	12759_KathleenTurner_32_f
237	KathleenTurner	56	AGE56	12778	12777_KathleenTurner_56_f
237	KathleenTurner	41	AGE41	12764	12763_KathleenTurner_41_f
237	KathleenTurner	45	AGE45	12766	12765_KathleenTurner_45_f
237	KathleenTurner	50	AGE50	12773	12772_KathleenTurner_50_f
237	KathleenTurner	54	AGE54	12776	12775_KathleenTurner_54_f
237	KathleenTurner	55	AGE55	12777	12776_KathleenTurner_55_f
237	KathleenTurner	51	AGE51	12774	12773_KathleenTurner_51_f
237	KathleenTurner	48	AGE48	12770	12769_KathleenTurner_48_f
237	KathleenTurner	47	AGE47	12769	12768_KathleenTurner_47_f
237	KathleenTurner	52	AGE52	12775	12774_KathleenTurner_52_f
237	KathleenTurner	34	AGE34	12761	12760_KathleenTurner_34_f
238	RobertMitchum	58	AGE58	9231	9230_RobertMitchum_58_m
238	RobertMitchum	74	AGE74	9224	9223_RobertMitchum_74_m
238	RobertMitchum	26	AGE26	9206	9205_RobertMitchum_26_m
238	RobertMitchum	49	AGE49	9219	9218_RobertMitchum_49_m
238	RobertMitchum	44	AGE44	9214	9213_RobertMitchum_44_m
238	RobertMitchum	58	AGE58	9235	9234_RobertMitchum_58_m
238	RobertMitchum	66	AGE66	9228	9227_RobertMitchum_66_m
238	RobertMitchum	37	AGE37	9212	9211_RobertMitchum_37_m
238	RobertMitchum	72	AGE72	9217	9216_RobertMitchum_72_m
238	RobertMitchum	46	AGE46	9216	9215_RobertMitchum_46_m
238	RobertMitchum	48	AGE48	9210	9209_RobertMitchum_48_m
238	RobertMitchum	38	AGE38	9213	9212_RobertMitchum_38_m
238	RobertMitchum	57	AGE57	9227	9226_RobertMitchum_57_m
238	RobertMitchum	50	AGE50	9211	9210_RobertMitchum_50_m
238	RobertMitchum	28	AGE28	9207	9206_RobertMitchum_28_m
238	RobertMitchum	43	AGE43	9233	9232_RobertMitchum_43_m
238	RobertMitchum	78	AGE78	9232	9231_RobertMitchum_78_m
238	RobertMitchum	56	AGE56	9221	9220_RobertMitchum_56_m
238	RobertMitchum	29	AGE29	9208	9207_RobertMitchum_29_m
238	RobertMitchum	58	AGE58	9225	9224_RobertMitchum_58_m
238	RobertMitchum	61	AGE61	9223	9222_RobertMitchum_61_m
238	RobertMitchum	34	AGE34	9222	9221_RobertMitchum_34_m
238	RobertMitchum	56	AGE56	9234	9233_RobertMitchum_56_m
238	RobertMitchum	57	AGE57	9230	9229_RobertMitchum_57_m
238	RobertMitchum	43	AGE43	9218	9217_RobertMitchum_43_m
238	RobertMitchum	53	AGE53	9220	9219_RobertMitchum_53_m
238	RobertMitchum	52	AGE52	9229	9228_RobertMitchum_52_m
238	RobertMitchum	55	AGE55	9236	9235_RobertMitchum_55_m
238	RobertMitchum	75	AGE75	9226	9225_RobertMitchum_75_m
238	RobertMitchum	45	AGE45	9209	9208_RobertMitchum_45_m
238	RobertMitchum	45	AGE45	9215	9214_RobertMitchum_45_m
239	RoseMarie	80	AGE80	9907	9906_RoseMarie_80_f
239	RoseMarie	88	AGE88	9912	9911_RoseMarie_88_f
239	RoseMarie	79	AGE79	9906	9905_RoseMarie_79_f
239	RoseMarie	87	AGE87	9911	9910_RoseMarie_87_f
239	RoseMarie	50	AGE50	9900	9899_RoseMarie_50_f
239	RoseMarie	42	AGE42	9897	9896_RoseMarie_42_f
239	RoseMarie	83	AGE83	9909	9908_RoseMarie_83_f
239	RoseMarie	46	AGE46	9899	9898_RoseMarie_46_f
239	RoseMarie	44	AGE44	9898	9897_RoseMarie_44_f
239	RoseMarie	78	AGE78	9905	9904_RoseMarie_78_f
239	RoseMarie	35	AGE35	9894	9893_RoseMarie_35_f
239	RoseMarie	37	AGE37	9895	9894_RoseMarie_37_f
239	RoseMarie	40	AGE40	9896	9895_RoseMarie_40_f
239	RoseMarie	57	AGE57	9902	9901_RoseMarie_57_f
239	RoseMarie	77	AGE77	9904	9903_RoseMarie_77_f
239	RoseMarie	85	AGE85	9910	9909_RoseMarie_85_f
239	RoseMarie	82	AGE82	9908	9907_RoseMarie_82_f
239	RoseMarie	30	AGE30	9893	9892_RoseMarie_30_f
239	RoseMarie	70	AGE70	9903	9902_RoseMarie_70_f
239	RoseMarie	52	AGE52	9901	9900_RoseMarie_52_f
240	ErrolFlynn	41	AGE41	6286	6285_ErrolFlynn_41_m
240	ErrolFlynn	33	AGE33	6283	6282_ErrolFlynn_33_m
240	ErrolFlynn	37	AGE37	6267	6266_ErrolFlynn_37_m
240	ErrolFlynn	43	AGE43	6273	6272_ErrolFlynn_43_m
240	ErrolFlynn	38	AGE38	6293	6292_ErrolFlynn_38_m
240	ErrolFlynn	50	AGE50	6280	6279_ErrolFlynn_50_m
240	ErrolFlynn	42	AGE42	6296	6295_ErrolFlynn_42_m
240	ErrolFlynn	29	AGE29	6274	6273_ErrolFlynn_29_m
240	ErrolFlynn	39	AGE39	6287	6286_ErrolFlynn_39_m
240	ErrolFlynn	41	AGE41	6279	6278_ErrolFlynn_41_m
240	ErrolFlynn	28	AGE28	6292	6291_ErrolFlynn_28_m
240	ErrolFlynn	26	AGE26	6270	6269_ErrolFlynn_26_m
240	ErrolFlynn	45	AGE45	6269	6268_ErrolFlynn_45_m
240	ErrolFlynn	24	AGE24	6288	6287_ErrolFlynn_24_m
240	ErrolFlynn	32	AGE32	6295	6294_ErrolFlynn_32_m
240	ErrolFlynn	40	AGE40	6290	6289_ErrolFlynn_40_m
240	ErrolFlynn	37	AGE37	6297	6296_ErrolFlynn_37_m
240	ErrolFlynn	31	AGE31	6284	6283_ErrolFlynn_31_m
240	ErrolFlynn	34	AGE34	6277	6276_ErrolFlynn_34_m
240	ErrolFlynn	23	AGE23	6294	6293_ErrolFlynn_23_m
240	ErrolFlynn	32	AGE32	6276	6275_ErrolFlynn_32_m
240	ErrolFlynn	38	AGE38	6278	6277_ErrolFlynn_38_m
240	ErrolFlynn	30	AGE30	6282	6281_ErrolFlynn_30_m
240	ErrolFlynn	31	AGE31	6275	6274_ErrolFlynn_31_m
240	ErrolFlynn	28	AGE28	6272	6271_ErrolFlynn_28_m
240	ErrolFlynn	27	AGE27	6271	6270_ErrolFlynn_27_m
240	ErrolFlynn	23	AGE23	6289	6288_ErrolFlynn_23_m
240	ErrolFlynn	31	AGE31	6266	6265_ErrolFlynn_31_m
240	ErrolFlynn	35	AGE35	6268	6267_ErrolFlynn_35_m
240	ErrolFlynn	30	AGE30	6291	6290_ErrolFlynn_30_m
240	ErrolFlynn	27	AGE27	6281	6280_ErrolFlynn_27_m
240	ErrolFlynn	34	AGE34	6285	6284_ErrolFlynn_34_m
241	SeanConnery	32	AGE32	3794	3793_SeanConnery_32_m
241	SeanConnery	18	AGE18	3789	3788_SeanConnery_18_m
241	SeanConnery	40	AGE40	3791	3790_SeanConnery_40_m
241	SeanConnery	74	AGE74	3784	3783_SeanConnery_74_m
241	SeanConnery	41	AGE41	3787	3786_SeanConnery_41_m
241	SeanConnery	82	AGE82	3797	3796_SeanConnery_82_m
241	SeanConnery	78	AGE78	3785	3784_SeanConnery_78_m
241	SeanConnery	36	AGE36	3780	3779_SeanConnery_36_m
241	SeanConnery	32	AGE32	3778	3777_SeanConnery_32_m
241	SeanConnery	60	AGE60	3788	3787_SeanConnery_60_m
241	SeanConnery	61	AGE61	3795	3794_SeanConnery_61_m
241	SeanConnery	57	AGE57	3783	3782_SeanConnery_57_m
241	SeanConnery	67	AGE67	3796	3795_SeanConnery_67_m
241	SeanConnery	52	AGE52	3792	3791_SeanConnery_52_m
241	SeanConnery	49	AGE49	3781	3780_SeanConnery_49_m
241	SeanConnery	66	AGE66	3782	3781_SeanConnery_66_m
241	SeanConnery	43	AGE43	3786	3785_SeanConnery_43_m
241	SeanConnery	45	AGE45	3790	3789_SeanConnery_45_m
241	SeanConnery	34	AGE34	3779	3778_SeanConnery_34_m
241	SeanConnery	77	AGE77	3793	3792_SeanConnery_77_m
242	AvaGardner	58	AGE58	13333	13332_AvaGardner_58_f
242	AvaGardner	24	AGE24	13338	13337_AvaGardner_24_f
242	AvaGardner	55	AGE55	13336	13335_AvaGardner_55_f
242	AvaGardner	50	AGE50	13331	13330_AvaGardner_50_f
242	AvaGardner	25	AGE25	13320	13319_AvaGardner_25_f
242	AvaGardner	55	AGE55	13344	13343_AvaGardner_55_f
242	AvaGardner	35	AGE35	13342	13341_AvaGardner_35_f
242	AvaGardner	25	AGE25	13326	13325_AvaGardner_25_f
242	AvaGardner	44	AGE44	13343	13342_AvaGardner_44_f
242	AvaGardner	28	AGE28	13330	13329_AvaGardner_28_f
242	AvaGardner	22	AGE22	13322	13321_AvaGardner_22_f
242	AvaGardner	63	AGE63	13329	13328_AvaGardner_63_f
242	AvaGardner	23	AGE23	13340	13339_AvaGardner_23_f
242	AvaGardner	17	AGE17	13335	13334_AvaGardner_17_f
242	AvaGardner	23	AGE23	13324	13323_AvaGardner_23_f
242	AvaGardner	54	AGE54	13337	13336_AvaGardner_54_f
242	AvaGardner	22	AGE22	13334	13333_AvaGardner_22_f
242	AvaGardner	29	AGE29	13327	13326_AvaGardner_29_f
242	AvaGardner	19	AGE19	13339	13338_AvaGardner_19_f
242	AvaGardner	13	AGE13	13321	13320_AvaGardner_13_f
242	AvaGardner	24	AGE24	13325	13324_AvaGardner_24_f
242	AvaGardner	34	AGE34	13328	13327_AvaGardner_34_f
242	AvaGardner	19	AGE19	13341	13340_AvaGardner_19_f
242	AvaGardner	55	AGE55	13332	13331_AvaGardner_55_f
242	AvaGardner	36	AGE36	13319	13318_AvaGardner_36_f
242	AvaGardner	42	AGE42	13323	13322_AvaGardner_42_f
243	Dench	71	AGE71	16366	16365_Dench_71_f
243	Dench	81	AGE81	16354	16353_Dench_81_f
243	Dench	74	AGE74	16365	16364_Dench_74_f
243	Dench	73	AGE73	16364	16363_Dench_73_f
243	Dench	66	AGE66	16352	16351_Dench_66_f
243	Dench	58	AGE58	16355	16354_Dench_58_f
243	Dench	78	AGE78	16357	16356_Dench_78_f
243	Dench	72	AGE72	16360	16359_Dench_72_f
243	Dench	77	AGE77	16361	16360_Dench_77_f
243	Dench	57	AGE57	16353	16352_Dench_57_f
243	Dench	67	AGE67	16370	16369_Dench_67_f
243	Dench	79	AGE79	16369	16368_Dench_79_f
243	Dench	83	AGE83	16351	16350_Dench_83_f
243	Dench	65	AGE65	16367	16366_Dench_65_f
243	Dench	79	AGE79	16356	16355_Dench_79_f
243	Dench	78	AGE78	16358	16357_Dench_78_f
243	Dench	67	AGE67	16359	16358_Dench_67_f
243	Dench	70	AGE70	16362	16361_Dench_70_f
243	Dench	70	AGE70	16363	16362_Dench_70_f
243	Dench	78	AGE78	16368	16367_Dench_78_f
244	JeffGoldblum	52	AGE52	4664	4663_JeffGoldblum_52_m
244	JeffGoldblum	22	AGE22	4647	4646_JeffGoldblum_22_m
244	JeffGoldblum	56	AGE56	4667	4666_JeffGoldblum_56_m
244	JeffGoldblum	46	AGE46	4660	4659_JeffGoldblum_46_m
244	JeffGoldblum	45	AGE45	4659	4658_JeffGoldblum_45_m
244	JeffGoldblum	47	AGE47	4661	4660_JeffGoldblum_47_m
244	JeffGoldblum	36	AGE36	4654	4653_JeffGoldblum_36_m
244	JeffGoldblum	31	AGE31	4650	4649_JeffGoldblum_31_m
244	JeffGoldblum	41	AGE41	4657	4656_JeffGoldblum_41_m
244	JeffGoldblum	57	AGE57	4668	4667_JeffGoldblum_57_m
244	JeffGoldblum	40	AGE40	4656	4655_JeffGoldblum_40_m
244	JeffGoldblum	54	AGE54	4665	4664_JeffGoldblum_54_m
244	JeffGoldblum	20	AGE20	4646	4645_JeffGoldblum_20_m
244	JeffGoldblum	55	AGE55	4666	4665_JeffGoldblum_55_m
244	JeffGoldblum	24	AGE24	4648	4647_JeffGoldblum_24_m
244	JeffGoldblum	62	AGE62	4671	4670_JeffGoldblum_62_m
244	JeffGoldblum	49	AGE49	4663	4662_JeffGoldblum_49_m
244	JeffGoldblum	35	AGE35	4653	4652_JeffGoldblum_35_m
244	JeffGoldblum	59	AGE59	4670	4669_JeffGoldblum_59_m
244	JeffGoldblum	29	AGE29	4649	4648_JeffGoldblum_29_m
244	JeffGoldblum	48	AGE48	4662	4661_JeffGoldblum_48_m
244	JeffGoldblum	44	AGE44	4658	4657_JeffGoldblum_44_m
244	JeffGoldblum	18	AGE18	4645	4644_JeffGoldblum_18_m
244	JeffGoldblum	37	AGE37	4655	4654_JeffGoldblum_37_m
244	JeffGoldblum	26	AGE26	4651	4650_JeffGoldblum_26_m
244	JeffGoldblum	34	AGE34	4652	4651_JeffGoldblum_34_m
244	JeffGoldblum	58	AGE58	4669	4668_JeffGoldblum_58_m
245	RichardBoone	58	AGE58	7523	7522_RichardBoone_58_m
245	RichardBoone	47	AGE47	7516	7515_RichardBoone_47_m
245	RichardBoone	50	AGE50	7518	7517_RichardBoone_50_m
245	RichardBoone	32	AGE32	7499	7498_RichardBoone_32_m
245	RichardBoone	49	AGE49	7517	7516_RichardBoone_49_m
245	RichardBoone	34	AGE34	7501	7500_RichardBoone_34_m
245	RichardBoone	59	AGE59	7524	7523_RichardBoone_59_m
245	RichardBoone	42	AGE42	7510	7509_RichardBoone_42_m
245	RichardBoone	46	AGE46	7515	7514_RichardBoone_46_m
245	RichardBoone	63	AGE63	7527	7526_RichardBoone_63_m
245	RichardBoone	39	AGE39	7506	7505_RichardBoone_39_m
245	RichardBoone	44	AGE44	7513	7512_RichardBoone_44_m
245	RichardBoone	35	AGE35	7502	7501_RichardBoone_35_m
245	RichardBoone	57	AGE57	7522	7521_RichardBoone_57_m
245	RichardBoone	55	AGE55	7521	7520_RichardBoone_55_m
245	RichardBoone	37	AGE37	7504	7503_RichardBoone_37_m
245	RichardBoone	41	AGE41	7508	7507_RichardBoone_41_m
245	RichardBoone	33	AGE33	7500	7499_RichardBoone_33_m
245	RichardBoone	60	AGE60	7525	7524_RichardBoone_60_m
245	RichardBoone	45	AGE45	7514	7513_RichardBoone_45_m
245	RichardBoone	38	AGE38	7505	7504_RichardBoone_38_m
245	RichardBoone	40	AGE40	7507	7506_RichardBoone_40_m
245	RichardBoone	41	AGE41	7509	7508_RichardBoone_41_m
245	RichardBoone	53	AGE53	7520	7519_RichardBoone_53_m
245	RichardBoone	36	AGE36	7503	7502_RichardBoone_36_m
245	RichardBoone	61	AGE61	7526	7525_RichardBoone_61_m
245	RichardBoone	43	AGE43	7512	7511_RichardBoone_43_m
245	RichardBoone	31	AGE31	7498	7497_RichardBoone_31_m
245	RichardBoone	51	AGE51	7519	7518_RichardBoone_51_m
245	RichardBoone	43	AGE43	7511	7510_RichardBoone_43_m
246	LeifErickson	27	AGE27	7276	7275_LeifErickson_27_m
246	LeifErickson	46	AGE46	7287	7286_LeifErickson_46_m
246	LeifErickson	62	AGE62	7299	7298_LeifErickson_62_m
246	LeifErickson	63	AGE63	7300	7299_LeifErickson_63_m
246	LeifErickson	49	AGE49	7289	7288_LeifErickson_49_m
246	LeifErickson	47	AGE47	7288	7287_LeifErickson_47_m
246	LeifErickson	26	AGE26	7275	7274_LeifErickson_26_m
246	LeifErickson	35	AGE35	7283	7282_LeifErickson_35_m
246	LeifErickson	32	AGE32	7281	7280_LeifErickson_32_m
246	LeifErickson	51	AGE51	7290	7289_LeifErickson_51_m
246	LeifErickson	65	AGE65	7302	7301_LeifErickson_65_m
246	LeifErickson	66	AGE66	7303	7302_LeifErickson_66_m
246	LeifErickson	59	AGE59	7296	7295_LeifErickson_59_m
246	LeifErickson	64	AGE64	7301	7300_LeifErickson_64_m
246	LeifErickson	61	AGE61	7298	7297_LeifErickson_61_m
246	LeifErickson	52	AGE52	7291	7290_LeifErickson_52_m
246	LeifErickson	58	AGE58	7295	7294_LeifErickson_58_m
246	LeifErickson	54	AGE54	7292	7291_LeifErickson_54_m
246	LeifErickson	28	AGE28	7280	7279_LeifErickson_28_m
246	LeifErickson	37	AGE37	7284	7283_LeifErickson_37_m
246	LeifErickson	40	AGE40	7285	7284_LeifErickson_40_m
246	LeifErickson	57	AGE57	7294	7293_LeifErickson_57_m
246	LeifErickson	30	AGE30	7278	7277_LeifErickson_30_m
246	LeifErickson	31	AGE31	7279	7278_LeifErickson_31_m
246	LeifErickson	44	AGE44	7286	7285_LeifErickson_44_m
246	LeifErickson	34	AGE34	7282	7281_LeifErickson_34_m
246	LeifErickson	25	AGE25	7274	7273_LeifErickson_25_m
246	LeifErickson	60	AGE60	7297	7296_LeifErickson_60_m
246	LeifErickson	24	AGE24	7273	7272_LeifErickson_24_m
246	LeifErickson	56	AGE56	7293	7292_LeifErickson_56_m
246	LeifErickson	23	AGE23	7272	7271_LeifErickson_23_m
246	LeifErickson	29	AGE29	7277	7276_LeifErickson_29_m
247	MichaelYork	35	AGE35	3571	3570_MichaelYork_35_m
247	MichaelYork	50	AGE50	3580	3579_MichaelYork_50_m
247	MichaelYork	23	AGE23	3558	3557_MichaelYork_23_m
247	MichaelYork	34	AGE34	3569	3568_MichaelYork_34_m
247	MichaelYork	24	AGE24	3559	3558_MichaelYork_24_m
247	MichaelYork	68	AGE68	3596	3595_MichaelYork_68_m
247	MichaelYork	57	AGE57	3586	3585_MichaelYork_57_m
247	MichaelYork	25	AGE25	3560	3559_MichaelYork_25_m
247	MichaelYork	36	AGE36	3572	3571_MichaelYork_36_m
247	MichaelYork	61	AGE61	3590	3589_MichaelYork_61_m
247	MichaelYork	34	AGE34	3570	3569_MichaelYork_34_m
247	MichaelYork	46	AGE46	3577	3576_MichaelYork_46_m
247	MichaelYork	65	AGE65	3594	3593_MichaelYork_65_m
247	MichaelYork	29	AGE29	3564	3563_MichaelYork_29_m
247	MichaelYork	60	AGE60	3589	3588_MichaelYork_60_m
247	MichaelYork	28	AGE28	3563	3562_MichaelYork_28_m
247	MichaelYork	59	AGE59	3588	3587_MichaelYork_59_m
247	MichaelYork	30	AGE30	3565	3564_MichaelYork_30_m
247	MichaelYork	42	AGE42	3575	3574_MichaelYork_42_m
247	MichaelYork	51	AGE51	3581	3580_MichaelYork_51_m
247	MichaelYork	41	AGE41	3574	3573_MichaelYork_41_m
247	MichaelYork	52	AGE52	3582	3581_MichaelYork_52_m
247	MichaelYork	47	AGE47	3578	3577_MichaelYork_47_m
247	MichaelYork	63	AGE63	3592	3591_MichaelYork_63_m
247	MichaelYork	68	AGE68	3595	3594_MichaelYork_68_m
247	MichaelYork	27	AGE27	3562	3561_MichaelYork_27_m
247	MichaelYork	49	AGE49	3579	3578_MichaelYork_49_m
247	MichaelYork	64	AGE64	3593	3592_MichaelYork_64_m
247	MichaelYork	56	AGE56	3585	3584_MichaelYork_56_m
247	MichaelYork	57	AGE57	3587	3586_MichaelYork_57_m
247	MichaelYork	26	AGE26	3561	3560_MichaelYork_26_m
247	MichaelYork	31	AGE31	3566	3565_MichaelYork_31_m
247	MichaelYork	54	AGE54	3584	3583_MichaelYork_54_m
247	MichaelYork	44	AGE44	3576	3575_MichaelYork_44_m
247	MichaelYork	37	AGE37	3573	3572_MichaelYork_37_m
247	MichaelYork	32	AGE32	3567	3566_MichaelYork_32_m
247	MichaelYork	13	AGE13	3557	3556_MichaelYork_13_m
247	MichaelYork	53	AGE53	3583	3582_MichaelYork_53_m
247	MichaelYork	33	AGE33	3568	3567_MichaelYork_33_m
247	MichaelYork	62	AGE62	3591	3590_MichaelYork_62_m
247	MichaelYork	70	AGE70	3597	3596_MichaelYork_70_m
248	MartinScorsese	64	AGE64	5466	5465_MartinScorsese_64_m
248	MartinScorsese	38	AGE38	5454	5453_MartinScorsese_38_m
248	MartinScorsese	70	AGE70	5470	5469_MartinScorsese_70_m
248	MartinScorsese	27	AGE27	5476	5475_MartinScorsese_27_m
248	MartinScorsese	42	AGE42	5455	5454_MartinScorsese_42_m
248	MartinScorsese	40	AGE40	5447	5446_MartinScorsese_40_m
248	MartinScorsese	66	AGE66	5468	5467_MartinScorsese_66_m
248	MartinScorsese	59	AGE59	5477	5476_MartinScorsese_59_m
248	MartinScorsese	36	AGE36	5478	5477_MartinScorsese_36_m
248	MartinScorsese	62	AGE62	5464	5463_MartinScorsese_62_m
248	MartinScorsese	71	AGE71	5471	5470_MartinScorsese_71_m
248	MartinScorsese	54	AGE54	5459	5458_MartinScorsese_54_m
248	MartinScorsese	61	AGE61	5463	5462_MartinScorsese_61_m
248	MartinScorsese	35	AGE35	5453	5452_MartinScorsese_35_m
248	MartinScorsese	55	AGE55	5450	5449_MartinScorsese_55_m
248	MartinScorsese	65	AGE65	5467	5466_MartinScorsese_65_m
248	MartinScorsese	47	AGE47	5457	5456_MartinScorsese_47_m
248	MartinScorsese	60	AGE60	5462	5461_MartinScorsese_60_m
248	MartinScorsese	57	AGE57	5460	5459_MartinScorsese_57_m
248	MartinScorsese	72	AGE72	5472	5471_MartinScorsese_72_m
248	MartinScorsese	51	AGE51	5458	5457_MartinScorsese_51_m
248	MartinScorsese	31	AGE31	5452	5451_MartinScorsese_31_m
248	MartinScorsese	63	AGE63	5465	5464_MartinScorsese_63_m
248	MartinScorsese	41	AGE41	5475	5474_MartinScorsese_41_m
248	MartinScorsese	50	AGE50	5473	5472_MartinScorsese_50_m
248	MartinScorsese	67	AGE67	5469	5468_MartinScorsese_67_m
248	MartinScorsese	21	AGE21	5449	5448_MartinScorsese_21_m
248	MartinScorsese	25	AGE25	5451	5450_MartinScorsese_25_m
248	MartinScorsese	34	AGE34	5448	5447_MartinScorsese_34_m
248	MartinScorsese	58	AGE58	5461	5460_MartinScorsese_58_m
248	MartinScorsese	39	AGE39	5474	5473_MartinScorsese_39_m
248	MartinScorsese	45	AGE45	5456	5455_MartinScorsese_45_m
249	LivUllmann	66	AGE66	10265	10264_LivUllmann_66_f
249	LivUllmann	72	AGE72	10269	10268_LivUllmann_72_f
249	LivUllmann	75	AGE75	10270	10269_LivUllmann_75_f
249	LivUllmann	39	AGE39	10255	10254_LivUllmann_39_f
249	LivUllmann	46	AGE46	10258	10257_LivUllmann_46_f
249	LivUllmann	35	AGE35	10251	10250_LivUllmann_35_f
249	LivUllmann	52	AGE52	10261	10260_LivUllmann_52_f
249	LivUllmann	62	AGE62	10264	10263_LivUllmann_62_f
249	LivUllmann	33	AGE33	10249	10248_LivUllmann_33_f
249	LivUllmann	31	AGE31	10248	10247_LivUllmann_31_f
249	LivUllmann	69	AGE69	10267	10266_LivUllmann_69_f
249	LivUllmann	38	AGE38	10254	10253_LivUllmann_38_f
249	LivUllmann	34	AGE34	10250	10249_LivUllmann_34_f
249	LivUllmann	41	AGE41	10257	10256_LivUllmann_41_f
249	LivUllmann	30	AGE30	10247	10246_LivUllmann_30_f
249	LivUllmann	37	AGE37	10253	10252_LivUllmann_37_f
249	LivUllmann	24	AGE24	10245	10244_LivUllmann_24_f
249	LivUllmann	51	AGE51	10260	10259_LivUllmann_51_f
249	LivUllmann	71	AGE71	10268	10267_LivUllmann_71_f
249	LivUllmann	36	AGE36	10252	10251_LivUllmann_36_f
249	LivUllmann	29	AGE29	10246	10245_LivUllmann_29_f
249	LivUllmann	53	AGE53	10262	10261_LivUllmann_53_f
249	LivUllmann	54	AGE54	10271	10270_LivUllmann_54_f
249	LivUllmann	40	AGE40	10256	10255_LivUllmann_40_f
249	LivUllmann	47	AGE47	10259	10258_LivUllmann_47_f
249	LivUllmann	58	AGE58	10263	10262_LivUllmann_58_f
249	LivUllmann	19	AGE19	10244	10243_LivUllmann_19_f
249	LivUllmann	67	AGE67	10266	10265_LivUllmann_67_f
250	IsabelleHuppert	34	AGE34	12655	12654_IsabelleHuppert_34_f
250	IsabelleHuppert	32	AGE32	12654	12653_IsabelleHuppert_32_f
250	IsabelleHuppert	43	AGE43	12662	12661_IsabelleHuppert_43_f
250	IsabelleHuppert	26	AGE26	12649	12648_IsabelleHuppert_26_f
250	IsabelleHuppert	60	AGE60	12671	12670_IsabelleHuppert_60_f
250	IsabelleHuppert	20	AGE20	12642	12641_IsabelleHuppert_20_f
250	IsabelleHuppert	39	AGE39	12660	12659_IsabelleHuppert_39_f
250	IsabelleHuppert	29	AGE29	12652	12651_IsabelleHuppert_29_f
250	IsabelleHuppert	23	AGE23	12646	12645_IsabelleHuppert_23_f
250	IsabelleHuppert	51	AGE51	12667	12666_IsabelleHuppert_51_f
250	IsabelleHuppert	44	AGE44	12663	12662_IsabelleHuppert_44_f
250	IsabelleHuppert	18	AGE18	12641	12640_IsabelleHuppert_18_f
250	IsabelleHuppert	20	AGE20	12643	12642_IsabelleHuppert_20_f
250	IsabelleHuppert	45	AGE45	12664	12663_IsabelleHuppert_45_f
250	IsabelleHuppert	38	AGE38	12659	12658_IsabelleHuppert_38_f
250	IsabelleHuppert	42	AGE42	12661	12660_IsabelleHuppert_42_f
250	IsabelleHuppert	35	AGE35	12656	12655_IsabelleHuppert_35_f
250	IsabelleHuppert	58	AGE58	12669	12668_IsabelleHuppert_58_f
250	IsabelleHuppert	37	AGE37	12658	12657_IsabelleHuppert_37_f
250	IsabelleHuppert	24	AGE24	12647	12646_IsabelleHuppert_24_f
250	IsabelleHuppert	36	AGE36	12657	12656_IsabelleHuppert_36_f
250	IsabelleHuppert	48	AGE48	12666	12665_IsabelleHuppert_48_f
250	IsabelleHuppert	57	AGE57	12668	12667_IsabelleHuppert_57_f
250	IsabelleHuppert	46	AGE46	12665	12664_IsabelleHuppert_46_f
250	IsabelleHuppert	30	AGE30	12653	12652_IsabelleHuppert_30_f
250	IsabelleHuppert	22	AGE22	12644	12643_IsabelleHuppert_22_f
250	IsabelleHuppert	27	AGE27	12650	12649_IsabelleHuppert_27_f
250	IsabelleHuppert	59	AGE59	12670	12669_IsabelleHuppert_59_f
250	IsabelleHuppert	25	AGE25	12648	12647_IsabelleHuppert_25_f
250	IsabelleHuppert	28	AGE28	12651	12650_IsabelleHuppert_28_f
250	IsabelleHuppert	22	AGE22	12645	12644_IsabelleHuppert_22_f
251	St╨ТphaneAudran	73	AGE73	15894	15893_St╨ТphaneAudran_73_f
251	St╨ТphaneAudran	48	AGE48	15876	15875_St╨ТphaneAudran_48_f
251	St╨ТphaneAudran	52	AGE52	15880	15879_St╨ТphaneAudran_52_f
251	St╨ТphaneAudran	67	AGE67	15890	15889_St╨ТphaneAudran_67_f
251	St╨ТphaneAudran	38	AGE38	15867	15866_St╨ТphaneAudran_38_f
251	St╨ТphaneAudran	42	AGE42	15871	15870_St╨ТphaneAudran_42_f
251	St╨ТphaneAudran	31	AGE31	15861	15860_St╨ТphaneAudran_31_f
251	St╨ТphaneAudran	49	AGE49	15877	15876_St╨ТphaneAudran_49_f
251	St╨ТphaneAudran	43	AGE43	15872	15871_St╨ТphaneAudran_43_f
251	St╨ТphaneAudran	26	AGE26	15856	15855_St╨ТphaneAudran_26_f
251	St╨ТphaneAudran	64	AGE64	15889	15888_St╨ТphaneAudran_64_f
251	St╨ТphaneAudran	40	AGE40	15869	15868_St╨ТphaneAudran_40_f
251	St╨ТphaneAudran	39	AGE39	15868	15867_St╨ТphaneAudran_39_f
251	St╨ТphaneAudran	47	AGE47	15875	15874_St╨ТphaneAudran_47_f
251	St╨ТphaneAudran	24	AGE24	15854	15853_St╨ТphaneAudran_24_f
251	St╨ТphaneAudran	37	AGE37	15866	15865_St╨ТphaneAudran_37_f
251	St╨ТphaneAudran	53	AGE53	15881	15880_St╨ТphaneAudran_53_f
251	St╨ТphaneAudran	25	AGE25	15855	15854_St╨ТphaneAudran_25_f
251	St╨ТphaneAudran	50	AGE50	15878	15877_St╨ТphaneAudran_50_f
251	St╨ТphaneAudran	30	AGE30	15860	15859_St╨ТphaneAudran_30_f
251	St╨ТphaneAudran	45	AGE45	15874	15873_St╨ТphaneAudran_45_f
251	St╨ТphaneAudran	36	AGE36	15865	15864_St╨ТphaneAudran_36_f
251	St╨ТphaneAudran	62	AGE62	15887	15886_St╨ТphaneAudran_62_f
251	St╨ТphaneAudran	57	AGE57	15884	15883_St╨ТphaneAudran_57_f
251	St╨ТphaneAudran	70	AGE70	15893	15892_St╨ТphaneAudran_70_f
251	St╨ТphaneAudran	33	AGE33	15862	15861_St╨ТphaneAudran_33_f
251	St╨ТphaneAudran	22	AGE22	15852	15851_St╨ТphaneAudran_22_f
251	St╨ТphaneAudran	23	AGE23	15853	15852_St╨ТphaneAudran_23_f
251	St╨ТphaneAudran	27	AGE27	15857	15856_St╨ТphaneAudran_27_f
251	St╨ТphaneAudran	35	AGE35	15864	15863_St╨ТphaneAudran_35_f
251	St╨ТphaneAudran	28	AGE28	15858	15857_St╨ТphaneAudran_28_f
251	St╨ТphaneAudran	55	AGE55	15882	15881_St╨ТphaneAudran_55_f
251	St╨ТphaneAudran	69	AGE69	15892	15891_St╨ТphaneAudran_69_f
251	St╨ТphaneAudran	41	AGE41	15870	15869_St╨ТphaneAudran_41_f
251	St╨ТphaneAudran	75	AGE75	15895	15894_St╨ТphaneAudran_75_f
251	St╨ТphaneAudran	56	AGE56	15883	15882_St╨ТphaneAudran_56_f
251	St╨ТphaneAudran	59	AGE59	15885	15884_St╨ТphaneAudran_59_f
251	St╨ТphaneAudran	60	AGE60	15886	15885_St╨ТphaneAudran_60_f
251	St╨ТphaneAudran	51	AGE51	15879	15878_St╨ТphaneAudran_51_f
251	St╨ТphaneAudran	68	AGE68	15891	15890_St╨ТphaneAudran_68_f
251	St╨ТphaneAudran	29	AGE29	15859	15858_St╨ТphaneAudran_29_f
251	St╨ТphaneAudran	44	AGE44	15873	15872_St╨ТphaneAudran_44_f
251	St╨ТphaneAudran	63	AGE63	15888	15887_St╨ТphaneAudran_63_f
251	St╨ТphaneAudran	76	AGE76	15896	15895_St╨ТphaneAudran_76_f
251	St╨ТphaneAudran	34	AGE34	15863	15862_St╨ТphaneAudran_34_f
252	ErnestRutherford	38	AGE38	1190	1189_ErnestRutherford_38_m
252	ErnestRutherford	14	AGE14	1191	1190_ErnestRutherford_14_m
252	ErnestRutherford	63	AGE63	1196	1195_ErnestRutherford_63_m
252	ErnestRutherford	63	AGE63	1201	1200_ErnestRutherford_63_m
252	ErnestRutherford	45	AGE45	1203	1202_ErnestRutherford_45_m
252	ErnestRutherford	58	AGE58	1180	1179_ErnestRutherford_58_m
252	ErnestRutherford	21	AGE21	1188	1187_ErnestRutherford_21_m
252	ErnestRutherford	34	AGE34	1184	1183_ErnestRutherford_34_m
252	ErnestRutherford	37	AGE37	1185	1184_ErnestRutherford_37_m
252	ErnestRutherford	62	AGE62	1189	1188_ErnestRutherford_62_m
252	ErnestRutherford	60	AGE60	1194	1193_ErnestRutherford_60_m
252	ErnestRutherford	43	AGE43	1197	1196_ErnestRutherford_43_m
252	ErnestRutherford	44	AGE44	1200	1199_ErnestRutherford_44_m
252	ErnestRutherford	28	AGE28	1179	1178_ErnestRutherford_28_m
252	ErnestRutherford	58	AGE58	1195	1194_ErnestRutherford_58_m
252	ErnestRutherford	58	AGE58	1198	1197_ErnestRutherford_58_m
252	ErnestRutherford	27	AGE27	1183	1182_ErnestRutherford_27_m
252	ErnestRutherford	60	AGE60	1187	1186_ErnestRutherford_60_m
252	ErnestRutherford	23	AGE23	1181	1180_ErnestRutherford_23_m
252	ErnestRutherford	39	AGE39	1186	1185_ErnestRutherford_39_m
252	ErnestRutherford	37	AGE37	1202	1201_ErnestRutherford_37_m
252	ErnestRutherford	40	AGE40	1193	1192_ErnestRutherford_40_m
252	ErnestRutherford	30	AGE30	1192	1191_ErnestRutherford_30_m
252	ErnestRutherford	37	AGE37	1199	1198_ErnestRutherford_37_m
252	ErnestRutherford	25	AGE25	1182	1181_ErnestRutherford_25_m
253	HarrisonFord	51	AGE51	4173	4172_HarrisonFord_51_m
253	HarrisonFord	66	AGE66	4177	4176_HarrisonFord_66_m
253	HarrisonFord	40	AGE40	4180	4179_HarrisonFord_40_m
253	HarrisonFord	43	AGE43	4171	4170_HarrisonFord_43_m
253	HarrisonFord	43	AGE43	4170	4169_HarrisonFord_43_m
253	HarrisonFord	68	AGE68	4178	4177_HarrisonFord_68_m
253	HarrisonFord	63	AGE63	4179	4178_HarrisonFord_63_m
253	HarrisonFord	32	AGE32	4166	4165_HarrisonFord_32_m
253	HarrisonFord	55	AGE55	4174	4173_HarrisonFord_55_m
253	HarrisonFord	58	AGE58	4176	4175_HarrisonFord_58_m
253	HarrisonFord	42	AGE42	4169	4168_HarrisonFord_42_m
253	HarrisonFord	56	AGE56	4175	4174_HarrisonFord_56_m
253	HarrisonFord	47	AGE47	4172	4171_HarrisonFord_47_m
253	HarrisonFord	39	AGE39	4168	4167_HarrisonFord_39_m
253	HarrisonFord	35	AGE35	4167	4166_HarrisonFord_35_m
254	Thanasisveggos	42	AGE42	9418	9417_Thanasisveggos_42_m
254	Thanasisveggos	40	AGE40	9411	9410_Thanasisveggos_40_m
254	Thanasisveggos	37	AGE37	9419	9418_Thanasisveggos_37_m
254	Thanasisveggos	43	AGE43	9409	9408_Thanasisveggos_43_m
254	Thanasisveggos	80	AGE80	9414	9413_Thanasisveggos_80_m
254	Thanasisveggos	25	AGE25	9408	9407_Thanasisveggos_25_m
254	Thanasisveggos	38	AGE38	9410	9409_Thanasisveggos_38_m
254	Thanasisveggos	29	AGE29	9422	9421_Thanasisveggos_29_m
254	Thanasisveggos	49	AGE49	9413	9412_Thanasisveggos_49_m
254	Thanasisveggos	68	AGE68	9421	9420_Thanasisveggos_68_m
254	Thanasisveggos	33	AGE33	9424	9423_Thanasisveggos_33_m
254	Thanasisveggos	32	AGE32	9415	9414_Thanasisveggos_32_m
254	Thanasisveggos	65	AGE65	9423	9422_Thanasisveggos_65_m
254	Thanasisveggos	35	AGE35	9420	9419_Thanasisveggos_35_m
254	Thanasisveggos	38	AGE38	9417	9416_Thanasisveggos_38_m
254	Thanasisveggos	27	AGE27	9416	9415_Thanasisveggos_27_m
254	Thanasisveggos	43	AGE43	9412	9411_Thanasisveggos_43_m
255	NickNolte	53	AGE53	2203	2202_NickNolte_53_m
255	NickNolte	72	AGE72	2221	2220_NickNolte_72_m
255	NickNolte	34	AGE34	2185	2184_NickNolte_34_m
255	NickNolte	67	AGE67	2216	2215_NickNolte_67_m
255	NickNolte	50	AGE50	2200	2199_NickNolte_50_m
255	NickNolte	42	AGE42	2192	2191_NickNolte_42_m
255	NickNolte	36	AGE36	2187	2186_NickNolte_36_m
255	NickNolte	70	AGE70	2219	2218_NickNolte_70_m
255	NickNolte	49	AGE49	2199	2198_NickNolte_49_m
255	NickNolte	46	AGE46	2196	2195_NickNolte_46_m
255	NickNolte	68	AGE68	2217	2216_NickNolte_68_m
255	NickNolte	33	AGE33	2184	2183_NickNolte_33_m
255	NickNolte	71	AGE71	2220	2219_NickNolte_71_m
255	NickNolte	57	AGE57	2207	2206_NickNolte_57_m
255	NickNolte	35	AGE35	2186	2185_NickNolte_35_m
255	NickNolte	48	AGE48	2197	2196_NickNolte_48_m
255	NickNolte	55	AGE55	2205	2204_NickNolte_55_m
255	NickNolte	58	AGE58	2208	2207_NickNolte_58_m
255	NickNolte	56	AGE56	2206	2205_NickNolte_56_m
255	NickNolte	64	AGE64	2214	2213_NickNolte_64_m
255	NickNolte	69	AGE69	2218	2217_NickNolte_69_m
255	NickNolte	37	AGE37	2188	2187_NickNolte_37_m
255	NickNolte	66	AGE66	2215	2214_NickNolte_66_m
255	NickNolte	45	AGE45	2195	2194_NickNolte_45_m
255	NickNolte	63	AGE63	2213	2212_NickNolte_63_m
255	NickNolte	59	AGE59	2209	2208_NickNolte_59_m
255	NickNolte	48	AGE48	2198	2197_NickNolte_48_m
255	NickNolte	43	AGE43	2193	2192_NickNolte_43_m
255	NickNolte	41	AGE41	2191	2190_NickNolte_41_m
255	NickNolte	51	AGE51	2201	2200_NickNolte_51_m
255	NickNolte	31	AGE31	2182	2181_NickNolte_31_m
255	NickNolte	38	AGE38	2189	2188_NickNolte_38_m
255	NickNolte	61	AGE61	2210	2209_NickNolte_61_m
255	NickNolte	39	AGE39	2190	2189_NickNolte_39_m
255	NickNolte	52	AGE52	2202	2201_NickNolte_52_m
255	NickNolte	44	AGE44	2194	2193_NickNolte_44_m
255	NickNolte	63	AGE63	2212	2211_NickNolte_63_m
255	NickNolte	32	AGE32	2183	2182_NickNolte_32_m
255	NickNolte	54	AGE54	2204	2203_NickNolte_54_m
255	NickNolte	62	AGE62	2211	2210_NickNolte_62_m
256	PatrickSwayze	29	AGE29	8167	8166_PatrickSwayze_29_m
256	PatrickSwayze	49	AGE49	8178	8177_PatrickSwayze_49_m
256	PatrickSwayze	34	AGE34	8169	8168_PatrickSwayze_34_m
256	PatrickSwayze	57	AGE57	8186	8185_PatrickSwayze_57_m
256	PatrickSwayze	28	AGE28	8166	8165_PatrickSwayze_28_m
256	PatrickSwayze	36	AGE36	8170	8169_PatrickSwayze_36_m
256	PatrickSwayze	51	AGE51	8179	8178_PatrickSwayze_51_m
256	PatrickSwayze	53	AGE53	8181	8180_PatrickSwayze_53_m
256	PatrickSwayze	46	AGE46	8176	8175_PatrickSwayze_46_m
256	PatrickSwayze	55	AGE55	8184	8183_PatrickSwayze_55_m
256	PatrickSwayze	54	AGE54	8183	8182_PatrickSwayze_54_m
256	PatrickSwayze	52	AGE52	8180	8179_PatrickSwayze_52_m
256	PatrickSwayze	38	AGE38	8171	8170_PatrickSwayze_38_m
256	PatrickSwayze	54	AGE54	8182	8181_PatrickSwayze_54_m
256	PatrickSwayze	45	AGE45	8175	8174_PatrickSwayze_45_m
256	PatrickSwayze	31	AGE31	8168	8167_PatrickSwayze_31_m
256	PatrickSwayze	57	AGE57	8185	8184_PatrickSwayze_57_m
256	PatrickSwayze	41	AGE41	8172	8171_PatrickSwayze_41_m
256	PatrickSwayze	45	AGE45	8174	8173_PatrickSwayze_45_m
256	PatrickSwayze	43	AGE43	8173	8172_PatrickSwayze_43_m
256	PatrickSwayze	46	AGE46	8177	8176_PatrickSwayze_46_m
257	HorstBuchholz	32	AGE32	8047	8046_HorstBuchholz_32_m
257	HorstBuchholz	61	AGE61	8060	8059_HorstBuchholz_61_m
257	HorstBuchholz	30	AGE30	8040	8039_HorstBuchholz_30_m
257	HorstBuchholz	44	AGE44	8054	8053_HorstBuchholz_44_m
257	HorstBuchholz	26	AGE26	8037	8036_HorstBuchholz_26_m
257	HorstBuchholz	64	AGE64	8061	8060_HorstBuchholz_64_m
257	HorstBuchholz	48	AGE48	8042	8041_HorstBuchholz_48_m
257	HorstBuchholz	57	AGE57	8058	8057_HorstBuchholz_57_m
257	HorstBuchholz	54	AGE54	8044	8043_HorstBuchholz_54_m
257	HorstBuchholz	49	AGE49	8043	8042_HorstBuchholz_49_m
257	HorstBuchholz	69	AGE69	8063	8062_HorstBuchholz_69_m
257	HorstBuchholz	27	AGE27	8038	8037_HorstBuchholz_27_m
257	HorstBuchholz	32	AGE32	8048	8047_HorstBuchholz_32_m
257	HorstBuchholz	21	AGE21	8033	8032_HorstBuchholz_21_m
257	HorstBuchholz	23	AGE23	8035	8034_HorstBuchholz_23_m
257	HorstBuchholz	40	AGE40	8052	8051_HorstBuchholz_40_m
257	HorstBuchholz	37	AGE37	8050	8049_HorstBuchholz_37_m
257	HorstBuchholz	25	AGE25	8036	8035_HorstBuchholz_25_m
257	HorstBuchholz	28	AGE28	8039	8038_HorstBuchholz_28_m
257	HorstBuchholz	38	AGE38	8051	8050_HorstBuchholz_38_m
257	HorstBuchholz	45	AGE45	8055	8054_HorstBuchholz_45_m
257	HorstBuchholz	42	AGE42	8053	8052_HorstBuchholz_42_m
257	HorstBuchholz	52	AGE52	8057	8056_HorstBuchholz_52_m
257	HorstBuchholz	59	AGE59	8045	8044_HorstBuchholz_59_m
257	HorstBuchholz	70	AGE70	8064	8063_HorstBuchholz_70_m
257	HorstBuchholz	60	AGE60	8059	8058_HorstBuchholz_60_m
257	HorstBuchholz	34	AGE34	8049	8048_HorstBuchholz_34_m
257	HorstBuchholz	65	AGE65	8062	8061_HorstBuchholz_65_m
257	HorstBuchholz	46	AGE46	8056	8055_HorstBuchholz_46_m
257	HorstBuchholz	47	AGE47	8041	8040_HorstBuchholz_47_m
257	HorstBuchholz	22	AGE22	8034	8033_HorstBuchholz_22_m
257	HorstBuchholz	68	AGE68	8046	8045_HorstBuchholz_68_m
258	FredMacMurray	27	AGE27	8948	8947_FredMacMurray_27_m
258	FredMacMurray	55	AGE55	8969	8968_FredMacMurray_55_m
258	FredMacMurray	48	AGE48	8962	8961_FredMacMurray_48_m
258	FredMacMurray	36	AGE36	8954	8953_FredMacMurray_36_m
258	FredMacMurray	72	AGE72	8978	8977_FredMacMurray_72_m
258	FredMacMurray	77	AGE77	8982	8981_FredMacMurray_77_m
258	FredMacMurray	47	AGE47	8961	8960_FredMacMurray_47_m
258	FredMacMurray	39	AGE39	8957	8956_FredMacMurray_39_m
258	FredMacMurray	50	AGE50	8964	8963_FredMacMurray_50_m
258	FredMacMurray	66	AGE66	8975	8974_FredMacMurray_66_m
258	FredMacMurray	76	AGE76	8981	8980_FredMacMurray_76_m
258	FredMacMurray	31	AGE31	8951	8950_FredMacMurray_31_m
258	FredMacMurray	45	AGE45	8959	8958_FredMacMurray_45_m
258	FredMacMurray	37	AGE37	8955	8954_FredMacMurray_37_m
258	FredMacMurray	74	AGE74	8979	8978_FredMacMurray_74_m
258	FredMacMurray	32	AGE32	8952	8951_FredMacMurray_32_m
258	FredMacMurray	26	AGE26	8947	8946_FredMacMurray_26_m
258	FredMacMurray	52	AGE52	8966	8965_FredMacMurray_52_m
258	FredMacMurray	81	AGE81	8986	8985_FredMacMurray_81_m
258	FredMacMurray	53	AGE53	8967	8966_FredMacMurray_53_m
258	FredMacMurray	59	AGE59	8972	8971_FredMacMurray_59_m
258	FredMacMurray	28	AGE28	8949	8948_FredMacMurray_28_m
258	FredMacMurray	69	AGE69	8977	8976_FredMacMurray_69_m
258	FredMacMurray	75	AGE75	8980	8979_FredMacMurray_75_m
258	FredMacMurray	30	AGE30	8950	8949_FredMacMurray_30_m
258	FredMacMurray	78	AGE78	8983	8982_FredMacMurray_78_m
258	FredMacMurray	67	AGE67	8976	8975_FredMacMurray_67_m
258	FredMacMurray	43	AGE43	8958	8957_FredMacMurray_43_m
258	FredMacMurray	79	AGE79	8984	8983_FredMacMurray_79_m
258	FredMacMurray	54	AGE54	8968	8967_FredMacMurray_54_m
258	FredMacMurray	62	AGE62	8973	8972_FredMacMurray_62_m
258	FredMacMurray	56	AGE56	8970	8969_FredMacMurray_56_m
258	FredMacMurray	80	AGE80	8985	8984_FredMacMurray_80_m
258	FredMacMurray	64	AGE64	8974	8973_FredMacMurray_64_m
258	FredMacMurray	38	AGE38	8956	8955_FredMacMurray_38_m
258	FredMacMurray	51	AGE51	8965	8964_FredMacMurray_51_m
258	FredMacMurray	46	AGE46	8960	8959_FredMacMurray_46_m
258	FredMacMurray	34	AGE34	8953	8952_FredMacMurray_34_m
258	FredMacMurray	57	AGE57	8971	8970_FredMacMurray_57_m
258	FredMacMurray	24	AGE24	8946	8945_FredMacMurray_24_m
258	FredMacMurray	49	AGE49	8963	8962_FredMacMurray_49_m
259	ChristopherWalken	52	AGE52	7014	7013_ChristopherWalken_52_m
259	ChristopherWalken	41	AGE41	7004	7003_ChristopherWalken_41_m
259	ChristopherWalken	46	AGE46	7009	7008_ChristopherWalken_46_m
259	ChristopherWalken	42	AGE42	7005	7004_ChristopherWalken_42_m
259	ChristopherWalken	61	AGE61	7019	7018_ChristopherWalken_61_m
259	ChristopherWalken	25	AGE25	6990	6989_ChristopherWalken_25_m
259	ChristopherWalken	37	AGE37	7001	7000_ChristopherWalken_37_m
259	ChristopherWalken	37	AGE37	7000	6999_ChristopherWalken_37_m
259	ChristopherWalken	50	AGE50	7013	7012_ChristopherWalken_50_m
259	ChristopherWalken	35	AGE35	6997	6996_ChristopherWalken_35_m
259	ChristopherWalken	33	AGE33	6995	6994_ChristopherWalken_33_m
259	ChristopherWalken	28	AGE28	6992	6991_ChristopherWalken_28_m
259	ChristopherWalken	53	AGE53	7015	7014_ChristopherWalken_53_m
259	ChristopherWalken	34	AGE34	6996	6995_ChristopherWalken_34_m
259	ChristopherWalken	47	AGE47	7010	7009_ChristopherWalken_47_m
259	ChristopherWalken	30	AGE30	6994	6993_ChristopherWalken_30_m
259	ChristopherWalken	66	AGE66	7023	7022_ChristopherWalken_66_m
259	ChristopherWalken	67	AGE67	7025	7024_ChristopherWalken_67_m
259	ChristopherWalken	29	AGE29	6993	6992_ChristopherWalken_29_m
259	ChristopherWalken	48	AGE48	7011	7010_ChristopherWalken_48_m
259	ChristopherWalken	64	AGE64	7021	7020_ChristopherWalken_64_m
259	ChristopherWalken	19	AGE19	6988	6987_ChristopherWalken_19_m
259	ChristopherWalken	27	AGE27	6991	6990_ChristopherWalken_27_m
259	ChristopherWalken	23	AGE23	6989	6988_ChristopherWalken_23_m
259	ChristopherWalken	55	AGE55	7016	7015_ChristopherWalken_55_m
259	ChristopherWalken	68	AGE68	7026	7025_ChristopherWalken_68_m
259	ChristopherWalken	60	AGE60	7018	7017_ChristopherWalken_60_m
259	ChristopherWalken	37	AGE37	6999	6998_ChristopherWalken_37_m
259	ChristopherWalken	62	AGE62	7020	7019_ChristopherWalken_62_m
259	ChristopherWalken	65	AGE65	7022	7021_ChristopherWalken_65_m
259	ChristopherWalken	15	AGE15	6986	6985_ChristopherWalken_15_m
259	ChristopherWalken	39	AGE39	7003	7002_ChristopherWalken_39_m
259	ChristopherWalken	43	AGE43	7007	7006_ChristopherWalken_43_m
259	ChristopherWalken	49	AGE49	7012	7011_ChristopherWalken_49_m
259	ChristopherWalken	17	AGE17	6987	6986_ChristopherWalken_17_m
259	ChristopherWalken	36	AGE36	6998	6997_ChristopherWalken_36_m
259	ChristopherWalken	66	AGE66	7024	7023_ChristopherWalken_66_m
259	ChristopherWalken	38	AGE38	7002	7001_ChristopherWalken_38_m
259	ChristopherWalken	45	AGE45	7008	7007_ChristopherWalken_45_m
259	ChristopherWalken	56	AGE56	7017	7016_ChristopherWalken_56_m
259	ChristopherWalken	42	AGE42	7006	7005_ChristopherWalken_42_m
260	AmandaRedman	54	AGE54	13297	13296_AmandaRedman_54_f
260	AmandaRedman	50	AGE50	13293	13292_AmandaRedman_50_f
260	AmandaRedman	43	AGE43	13286	13285_AmandaRedman_43_f
260	AmandaRedman	55	AGE55	13298	13297_AmandaRedman_55_f
260	AmandaRedman	53	AGE53	13296	13295_AmandaRedman_53_f
260	AmandaRedman	34	AGE34	13278	13277_AmandaRedman_34_f
260	AmandaRedman	49	AGE49	13292	13291_AmandaRedman_49_f
260	AmandaRedman	31	AGE31	13276	13275_AmandaRedman_31_f
260	AmandaRedman	44	AGE44	13287	13286_AmandaRedman_44_f
260	AmandaRedman	23	AGE23	13270	13269_AmandaRedman_23_f
260	AmandaRedman	25	AGE25	13272	13271_AmandaRedman_25_f
260	AmandaRedman	24	AGE24	13271	13270_AmandaRedman_24_f
260	AmandaRedman	36	AGE36	13279	13278_AmandaRedman_36_f
260	AmandaRedman	37	AGE37	13280	13279_AmandaRedman_37_f
260	AmandaRedman	57	AGE57	13299	13298_AmandaRedman_57_f
260	AmandaRedman	48	AGE48	13291	13290_AmandaRedman_48_f
260	AmandaRedman	42	AGE42	13285	13284_AmandaRedman_42_f
260	AmandaRedman	33	AGE33	13277	13276_AmandaRedman_33_f
260	AmandaRedman	39	AGE39	13282	13281_AmandaRedman_39_f
260	AmandaRedman	41	AGE41	13284	13283_AmandaRedman_41_f
260	AmandaRedman	40	AGE40	13283	13282_AmandaRedman_40_f
260	AmandaRedman	45	AGE45	13288	13287_AmandaRedman_45_f
260	AmandaRedman	28	AGE28	13274	13273_AmandaRedman_28_f
260	AmandaRedman	46	AGE46	13289	13288_AmandaRedman_46_f
260	AmandaRedman	47	AGE47	13290	13289_AmandaRedman_47_f
260	AmandaRedman	38	AGE38	13281	13280_AmandaRedman_38_f
260	AmandaRedman	51	AGE51	13294	13293_AmandaRedman_51_f
260	AmandaRedman	27	AGE27	13273	13272_AmandaRedman_27_f
260	AmandaRedman	29	AGE29	13275	13274_AmandaRedman_29_f
260	AmandaRedman	22	AGE22	13269	13268_AmandaRedman_22_f
260	AmandaRedman	52	AGE52	13295	13294_AmandaRedman_52_f
261	KlausKinski	29	AGE29	6522	6521_KlausKinski_29_m
261	KlausKinski	43	AGE43	6533	6532_KlausKinski_43_m
261	KlausKinski	28	AGE28	6520	6519_KlausKinski_28_m
261	KlausKinski	37	AGE37	6527	6526_KlausKinski_37_m
261	KlausKinski	45	AGE45	6535	6534_KlausKinski_45_m
261	KlausKinski	36	AGE36	6526	6525_KlausKinski_36_m
261	KlausKinski	46	AGE46	6536	6535_KlausKinski_46_m
261	KlausKinski	63	AGE63	6547	6546_KlausKinski_63_m
261	KlausKinski	29	AGE29	6521	6520_KlausKinski_29_m
261	KlausKinski	56	AGE56	6543	6542_KlausKinski_56_m
261	KlausKinski	24	AGE24	6519	6518_KlausKinski_24_m
261	KlausKinski	47	AGE47	6537	6536_KlausKinski_47_m
261	KlausKinski	34	AGE34	6524	6523_KlausKinski_34_m
261	KlausKinski	59	AGE59	6544	6543_KlausKinski_59_m
261	KlausKinski	22	AGE22	6518	6517_KlausKinski_22_m
261	KlausKinski	44	AGE44	6534	6533_KlausKinski_44_m
261	KlausKinski	51	AGE51	6540	6539_KlausKinski_51_m
261	KlausKinski	62	AGE62	6546	6545_KlausKinski_62_m
261	KlausKinski	30	AGE30	6523	6522_KlausKinski_30_m
261	KlausKinski	54	AGE54	6542	6541_KlausKinski_54_m
261	KlausKinski	41	AGE41	6531	6530_KlausKinski_41_m
261	KlausKinski	50	AGE50	6539	6538_KlausKinski_50_m
261	KlausKinski	39	AGE39	6529	6528_KlausKinski_39_m
261	KlausKinski	35	AGE35	6525	6524_KlausKinski_35_m
261	KlausKinski	38	AGE38	6528	6527_KlausKinski_38_m
261	KlausKinski	40	AGE40	6530	6529_KlausKinski_40_m
261	KlausKinski	48	AGE48	6538	6537_KlausKinski_48_m
261	KlausKinski	42	AGE42	6532	6531_KlausKinski_42_m
261	KlausKinski	61	AGE61	6545	6544_KlausKinski_61_m
261	KlausKinski	52	AGE52	6541	6540_KlausKinski_52_m
262	MarlonBrando	26	AGE26	9123	9122_MarlonBrando_26_m
262	MarlonBrando	5	AGE5	9111	9110_MarlonBrando_5_m
262	MarlonBrando	25	AGE25	9113	9112_MarlonBrando_25_m
262	MarlonBrando	40	AGE40	9115	9114_MarlonBrando_40_m
262	MarlonBrando	37	AGE37	9128	9127_MarlonBrando_37_m
262	MarlonBrando	49	AGE49	9117	9116_MarlonBrando_49_m
262	MarlonBrando	68	AGE68	9119	9118_MarlonBrando_68_m
262	MarlonBrando	49	AGE49	9110	9109_MarlonBrando_49_m
262	MarlonBrando	40	AGE40	9116	9115_MarlonBrando_40_m
262	MarlonBrando	20	AGE20	9125	9124_MarlonBrando_20_m
262	MarlonBrando	20	AGE20	9127	9126_MarlonBrando_20_m
262	MarlonBrando	17	AGE17	9108	9107_MarlonBrando_17_m
262	MarlonBrando	76	AGE76	9124	9123_MarlonBrando_76_m
262	MarlonBrando	48	AGE48	9118	9117_MarlonBrando_48_m
262	MarlonBrando	49	AGE49	9126	9125_MarlonBrando_49_m
262	MarlonBrando	50	AGE50	9121	9120_MarlonBrando_50_m
262	MarlonBrando	72	AGE72	9112	9111_MarlonBrando_72_m
262	MarlonBrando	32	AGE32	9114	9113_MarlonBrando_32_m
262	MarlonBrando	70	AGE70	9122	9121_MarlonBrando_70_m
262	MarlonBrando	38	AGE38	9109	9108_MarlonBrando_38_m
262	MarlonBrando	50	AGE50	9120	9119_MarlonBrando_50_m
263	JanePowell	45	AGE45	15393	15392_JanePowell_45_f
263	JanePowell	18	AGE18	15374	15373_JanePowell_18_f
263	JanePowell	54	AGE54	15398	15397_JanePowell_54_f
263	JanePowell	74	AGE74	15412	15411_JanePowell_74_f
263	JanePowell	49	AGE49	15395	15394_JanePowell_49_f
263	JanePowell	58	AGE58	15401	15400_JanePowell_58_f
263	JanePowell	86	AGE86	15421	15420_JanePowell_86_f
263	JanePowell	60	AGE60	15403	15402_JanePowell_60_f
263	JanePowell	84	AGE84	15420	15419_JanePowell_84_f
263	JanePowell	80	AGE80	15418	15417_JanePowell_80_f
263	JanePowell	48	AGE48	15394	15393_JanePowell_48_f
263	JanePowell	43	AGE43	15392	15391_JanePowell_43_f
263	JanePowell	52	AGE52	15397	15396_JanePowell_52_f
263	JanePowell	26	AGE26	15381	15380_JanePowell_26_f
263	JanePowell	14	AGE14	15370	15369_JanePowell_14_f
263	JanePowell	81	AGE81	15419	15418_JanePowell_81_f
263	JanePowell	28	AGE28	15383	15382_JanePowell_28_f
263	JanePowell	71	AGE71	15410	15409_JanePowell_71_f
263	JanePowell	22	AGE22	15377	15376_JanePowell_22_f
263	JanePowell	30	AGE30	15385	15384_JanePowell_30_f
263	JanePowell	78	AGE78	15416	15415_JanePowell_78_f
263	JanePowell	56	AGE56	15400	15399_JanePowell_56_f
263	JanePowell	68	AGE68	15409	15408_JanePowell_68_f
263	JanePowell	15	AGE15	15371	15370_JanePowell_15_f
263	JanePowell	39	AGE39	15390	15389_JanePowell_39_f
263	JanePowell	17	AGE17	15373	15372_JanePowell_17_f
263	JanePowell	64	AGE64	15407	15406_JanePowell_64_f
263	JanePowell	73	AGE73	15411	15410_JanePowell_73_f
263	JanePowell	59	AGE59	15402	15401_JanePowell_59_f
263	JanePowell	31	AGE31	15386	15385_JanePowell_31_f
263	JanePowell	21	AGE21	15376	15375_JanePowell_21_f
263	JanePowell	32	AGE32	15387	15386_JanePowell_32_f
263	JanePowell	55	AGE55	15399	15398_JanePowell_55_f
263	JanePowell	27	AGE27	15382	15381_JanePowell_27_f
263	JanePowell	41	AGE41	15391	15390_JanePowell_41_f
263	JanePowell	76	AGE76	15414	15413_JanePowell_76_f
263	JanePowell	75	AGE75	15413	15412_JanePowell_75_f
263	JanePowell	51	AGE51	15396	15395_JanePowell_51_f
263	JanePowell	23	AGE23	15378	15377_JanePowell_23_f
263	JanePowell	62	AGE62	15405	15404_JanePowell_62_f
263	JanePowell	63	AGE63	15406	15405_JanePowell_63_f
263	JanePowell	38	AGE38	15389	15388_JanePowell_38_f
263	JanePowell	16	AGE16	15372	15371_JanePowell_16_f
263	JanePowell	65	AGE65	15408	15407_JanePowell_65_f
263	JanePowell	36	AGE36	15388	15387_JanePowell_36_f
263	JanePowell	79	AGE79	15417	15416_JanePowell_79_f
263	JanePowell	24	AGE24	15379	15378_JanePowell_24_f
263	JanePowell	77	AGE77	15415	15414_JanePowell_77_f
263	JanePowell	25	AGE25	15380	15379_JanePowell_25_f
263	JanePowell	19	AGE19	15375	15374_JanePowell_19_f
263	JanePowell	61	AGE61	15404	15403_JanePowell_61_f
263	JanePowell	29	AGE29	15384	15383_JanePowell_29_f
264	LexBarker	28	AGE28	6577	6576_LexBarker_28_m
264	LexBarker	37	AGE37	6585	6584_LexBarker_37_m
264	LexBarker	47	AGE47	6593	6592_LexBarker_47_m
264	LexBarker	43	AGE43	6591	6590_LexBarker_43_m
264	LexBarker	52	AGE52	6597	6596_LexBarker_52_m
264	LexBarker	16	AGE16	6574	6573_LexBarker_16_m
264	LexBarker	41	AGE41	6589	6588_LexBarker_41_m
264	LexBarker	39	AGE39	6587	6586_LexBarker_39_m
264	LexBarker	51	AGE51	6596	6595_LexBarker_51_m
264	LexBarker	54	AGE54	6598	6597_LexBarker_54_m
264	LexBarker	29	AGE29	6578	6577_LexBarker_29_m
264	LexBarker	39	AGE39	6588	6587_LexBarker_39_m
264	LexBarker	33	AGE33	6581	6580_LexBarker_33_m
264	LexBarker	48	AGE48	6594	6593_LexBarker_48_m
264	LexBarker	32	AGE32	6580	6579_LexBarker_32_m
264	LexBarker	27	AGE27	6575	6574_LexBarker_27_m
264	LexBarker	46	AGE46	6592	6591_LexBarker_46_m
264	LexBarker	36	AGE36	6584	6583_LexBarker_36_m
264	LexBarker	38	AGE38	6586	6585_LexBarker_38_m
264	LexBarker	35	AGE35	6583	6582_LexBarker_35_m
264	LexBarker	31	AGE31	6579	6578_LexBarker_31_m
264	LexBarker	34	AGE34	6582	6581_LexBarker_34_m
264	LexBarker	49	AGE49	6595	6594_LexBarker_49_m
264	LexBarker	27	AGE27	6576	6575_LexBarker_27_m
264	LexBarker	42	AGE42	6590	6589_LexBarker_42_m
265	BurtReynolds	71	AGE71	4013	4012_BurtReynolds_71_m
265	BurtReynolds	57	AGE57	3993	3992_BurtReynolds_57_m
265	BurtReynolds	39	AGE39	4008	4007_BurtReynolds_39_m
265	BurtReynolds	24	AGE24	3976	3975_BurtReynolds_24_m
265	BurtReynolds	51	AGE51	4010	4009_BurtReynolds_51_m
265	BurtReynolds	65	AGE65	4012	4011_BurtReynolds_65_m
265	BurtReynolds	44	AGE44	3988	3987_BurtReynolds_44_m
265	BurtReynolds	49	AGE49	3989	3988_BurtReynolds_49_m
265	BurtReynolds	74	AGE74	4003	4002_BurtReynolds_74_m
265	BurtReynolds	29	AGE29	3980	3979_BurtReynolds_29_m
265	BurtReynolds	28	AGE28	3979	3978_BurtReynolds_28_m
265	BurtReynolds	55	AGE55	3992	3991_BurtReynolds_55_m
265	BurtReynolds	68	AGE68	3999	3998_BurtReynolds_68_m
265	BurtReynolds	37	AGE37	3985	3984_BurtReynolds_37_m
265	BurtReynolds	37	AGE37	4007	4006_BurtReynolds_37_m
265	BurtReynolds	69	AGE69	4000	3999_BurtReynolds_69_m
265	BurtReynolds	31	AGE31	3981	3980_BurtReynolds_31_m
265	BurtReynolds	42	AGE42	3987	3986_BurtReynolds_42_m
265	BurtReynolds	68	AGE68	3998	3997_BurtReynolds_68_m
265	BurtReynolds	73	AGE73	4002	4001_BurtReynolds_73_m
265	BurtReynolds	70	AGE70	4001	4000_BurtReynolds_70_m
265	BurtReynolds	59	AGE59	4011	4010_BurtReynolds_59_m
265	BurtReynolds	27	AGE27	3978	3977_BurtReynolds_27_m
265	BurtReynolds	26	AGE26	3977	3976_BurtReynolds_26_m
265	BurtReynolds	78	AGE78	4006	4005_BurtReynolds_78_m
265	BurtReynolds	77	AGE77	4005	4004_BurtReynolds_77_m
265	BurtReynolds	33	AGE33	3982	3981_BurtReynolds_33_m
265	BurtReynolds	52	AGE52	3991	3990_BurtReynolds_52_m
265	BurtReynolds	62	AGE62	3995	3994_BurtReynolds_62_m
265	BurtReynolds	38	AGE38	3986	3985_BurtReynolds_38_m
265	BurtReynolds	61	AGE61	3994	3993_BurtReynolds_61_m
265	BurtReynolds	21	AGE21	3975	3974_BurtReynolds_21_m
265	BurtReynolds	36	AGE36	3984	3983_BurtReynolds_36_m
265	BurtReynolds	64	AGE64	3996	3995_BurtReynolds_64_m
265	BurtReynolds	46	AGE46	4009	4008_BurtReynolds_46_m
265	BurtReynolds	34	AGE34	3983	3982_BurtReynolds_34_m
265	BurtReynolds	67	AGE67	3997	3996_BurtReynolds_67_m
265	BurtReynolds	50	AGE50	3990	3989_BurtReynolds_50_m
265	BurtReynolds	75	AGE75	4004	4003_BurtReynolds_75_m
265	BurtReynolds	72	AGE72	4014	4013_BurtReynolds_72_m
266	MickJagger	58	AGE58	2790	2789_MickJagger_58_m
266	MickJagger	47	AGE47	2786	2785_MickJagger_47_m
266	MickJagger	23	AGE23	130	129_MickJagger_23_m
266	MickJagger	28	AGE28	2779	2778_MickJagger_28_m
266	MickJagger	71	AGE71	2797	2796_MickJagger_71_m
266	MickJagger	37	AGE37	2782	2781_MickJagger_37_m
266	MickJagger	39	AGE39	2783	2782_MickJagger_39_m
266	MickJagger	24	AGE24	117	116_MickJagger_24_m
266	MickJagger	55	AGE55	2788	2787_MickJagger_55_m
266	MickJagger	64	AGE64	2794	2793_MickJagger_64_m
266	MickJagger	27	AGE27	128	127_MickJagger_27_m
266	MickJagger	50	AGE50	119	118_MickJagger_50_m
266	MickJagger	24	AGE24	2776	2775_MickJagger_24_m
266	MickJagger	20	AGE20	123	122_MickJagger_20_m
266	MickJagger	63	AGE63	2793	2792_MickJagger_63_m
266	MickJagger	23	AGE23	2775	2774_MickJagger_23_m
266	MickJagger	29	AGE29	127	126_MickJagger_29_m
266	MickJagger	27	AGE27	112	111_MickJagger_27_m
266	MickJagger	40	AGE40	2784	2783_MickJagger_40_m
266	MickJagger	18	AGE18	122	121_MickJagger_18_m
266	MickJagger	21	AGE21	2773	2772_MickJagger_21_m
266	MickJagger	36	AGE36	2781	2780_MickJagger_36_m
266	MickJagger	30	AGE30	113	112_MickJagger_30_m
266	MickJagger	28	AGE28	121	120_MickJagger_28_m
266	MickJagger	60	AGE60	2791	2790_MickJagger_60_m
266	MickJagger	33	AGE33	2780	2779_MickJagger_33_m
266	MickJagger	68	AGE68	2796	2795_MickJagger_68_m
266	MickJagger	27	AGE27	2778	2777_MickJagger_27_m
266	MickJagger	22	AGE22	115	114_MickJagger_22_m
266	MickJagger	42	AGE42	2785	2784_MickJagger_42_m
266	MickJagger	21	AGE21	116	115_MickJagger_21_m
266	MickJagger	49	AGE49	2787	2786_MickJagger_49_m
266	MickJagger	65	AGE65	114	113_MickJagger_65_m
266	MickJagger	68	AGE68	118	117_MickJagger_68_m
266	MickJagger	63	AGE63	120	119_MickJagger_63_m
266	MickJagger	22	AGE22	2774	2773_MickJagger_22_m
266	MickJagger	20	AGE20	2772	2771_MickJagger_20_m
266	MickJagger	66	AGE66	2795	2794_MickJagger_66_m
266	MickJagger	33	AGE33	125	124_MickJagger_33_m
266	MickJagger	25	AGE25	129	128_MickJagger_25_m
266	MickJagger	26	AGE26	2777	2776_MickJagger_26_m
266	MickJagger	18	AGE18	126	125_MickJagger_18_m
266	MickJagger	22	AGE22	124	123_MickJagger_22_m
266	MickJagger	39	AGE39	131	130_MickJagger_39_m
266	MickJagger	57	AGE57	2789	2788_MickJagger_57_m
266	MickJagger	62	AGE62	2792	2791_MickJagger_62_m
267	MerkouriMelina	43	AGE43	14941	14940_MerkouriMelina_43_f
267	MerkouriMelina	68	AGE68	14931	14930_MerkouriMelina_68_f
267	MerkouriMelina	50	AGE50	14933	14932_MerkouriMelina_50_f
267	MerkouriMelina	55	AGE55	14926	14925_MerkouriMelina_55_f
267	MerkouriMelina	47	AGE47	14940	14939_MerkouriMelina_47_f
267	MerkouriMelina	50	AGE50	14936	14935_MerkouriMelina_50_f
267	MerkouriMelina	42	AGE42	14927	14926_MerkouriMelina_42_f
267	MerkouriMelina	73	AGE73	14930	14929_MerkouriMelina_73_f
267	MerkouriMelina	43	AGE43	14934	14933_MerkouriMelina_43_f
267	MerkouriMelina	62	AGE62	14932	14931_MerkouriMelina_62_f
267	MerkouriMelina	38	AGE38	14928	14927_MerkouriMelina_38_f
267	MerkouriMelina	40	AGE40	14937	14936_MerkouriMelina_40_f
267	MerkouriMelina	48	AGE48	14925	14924_MerkouriMelina_48_f
267	MerkouriMelina	38	AGE38	14939	14938_MerkouriMelina_38_f
267	MerkouriMelina	68	AGE68	14938	14937_MerkouriMelina_68_f
267	MerkouriMelina	42	AGE42	14935	14934_MerkouriMelina_42_f
267	MerkouriMelina	72	AGE72	14929	14928_MerkouriMelina_72_f
268	WarrenBeatty	61	AGE61	5027	5026_WarrenBeatty_61_m
268	WarrenBeatty	73	AGE73	5022	5021_WarrenBeatty_73_m
268	WarrenBeatty	37	AGE37	5003	5002_WarrenBeatty_37_m
268	WarrenBeatty	25	AGE25	5031	5030_WarrenBeatty_25_m
268	WarrenBeatty	27	AGE27	4991	4990_WarrenBeatty_27_m
268	WarrenBeatty	21	AGE21	4993	4992_WarrenBeatty_21_m
268	WarrenBeatty	39	AGE39	5005	5004_WarrenBeatty_39_m
268	WarrenBeatty	29	AGE29	4999	4998_WarrenBeatty_29_m
268	WarrenBeatty	53	AGE53	5009	5008_WarrenBeatty_53_m
268	WarrenBeatty	28	AGE28	4998	4997_WarrenBeatty_28_m
268	WarrenBeatty	38	AGE38	5004	5003_WarrenBeatty_38_m
268	WarrenBeatty	41	AGE41	5026	5025_WarrenBeatty_41_m
268	WarrenBeatty	53	AGE53	5008	5007_WarrenBeatty_53_m
268	WarrenBeatty	35	AGE35	5025	5024_WarrenBeatty_35_m
268	WarrenBeatty	24	AGE24	5028	5027_WarrenBeatty_24_m
268	WarrenBeatty	69	AGE69	5018	5017_WarrenBeatty_69_m
268	WarrenBeatty	23	AGE23	4994	4993_WarrenBeatty_23_m
268	WarrenBeatty	58	AGE58	5011	5010_WarrenBeatty_58_m
268	WarrenBeatty	74	AGE74	5023	5022_WarrenBeatty_74_m
268	WarrenBeatty	25	AGE25	4996	4995_WarrenBeatty_25_m
268	WarrenBeatty	75	AGE75	5024	5023_WarrenBeatty_75_m
268	WarrenBeatty	30	AGE30	5000	4999_WarrenBeatty_30_m
268	WarrenBeatty	64	AGE64	5015	5014_WarrenBeatty_64_m
268	WarrenBeatty	65	AGE65	5016	5015_WarrenBeatty_65_m
268	WarrenBeatty	70	AGE70	5019	5018_WarrenBeatty_70_m
268	WarrenBeatty	30	AGE30	5030	5029_WarrenBeatty_30_m
268	WarrenBeatty	71	AGE71	5020	5019_WarrenBeatty_71_m
268	WarrenBeatty	43	AGE43	5006	5005_WarrenBeatty_43_m
268	WarrenBeatty	33	AGE33	5001	5000_WarrenBeatty_33_m
268	WarrenBeatty	63	AGE63	5014	5013_WarrenBeatty_63_m
268	WarrenBeatty	72	AGE72	5021	5020_WarrenBeatty_72_m
268	WarrenBeatty	45	AGE45	5007	5006_WarrenBeatty_45_m
268	WarrenBeatty	36	AGE36	5002	5001_WarrenBeatty_36_m
268	WarrenBeatty	24	AGE24	4995	4994_WarrenBeatty_24_m
268	WarrenBeatty	42	AGE42	5029	5028_WarrenBeatty_42_m
268	WarrenBeatty	68	AGE68	5017	5016_WarrenBeatty_68_m
268	WarrenBeatty	38	AGE38	4992	4991_WarrenBeatty_38_m
268	WarrenBeatty	61	AGE61	5012	5011_WarrenBeatty_61_m
268	WarrenBeatty	62	AGE62	5013	5012_WarrenBeatty_62_m
268	WarrenBeatty	27	AGE27	4997	4996_WarrenBeatty_27_m
268	WarrenBeatty	57	AGE57	5010	5009_WarrenBeatty_57_m
268	WarrenBeatty	31	AGE31	4990	4989_WarrenBeatty_31_m
269	BenGazzara	78	AGE78	5799	5798_BenGazzara_78_m
269	BenGazzara	27	AGE27	5766	5765_BenGazzara_27_m
269	BenGazzara	37	AGE37	5775	5774_BenGazzara_37_m
269	BenGazzara	20	AGE20	5761	5760_BenGazzara_20_m
269	BenGazzara	59	AGE59	5787	5786_BenGazzara_59_m
269	BenGazzara	30	AGE30	5769	5768_BenGazzara_30_m
269	BenGazzara	72	AGE72	5792	5791_BenGazzara_72_m
269	BenGazzara	26	AGE26	5765	5764_BenGazzara_26_m
269	BenGazzara	42	AGE42	5778	5777_BenGazzara_42_m
269	BenGazzara	55	AGE55	5786	5785_BenGazzara_55_m
269	BenGazzara	36	AGE36	5774	5773_BenGazzara_36_m
269	BenGazzara	23	AGE23	5763	5762_BenGazzara_23_m
269	BenGazzara	47	AGE47	5781	5780_BenGazzara_47_m
269	BenGazzara	75	AGE75	5796	5795_BenGazzara_75_m
269	BenGazzara	67	AGE67	5790	5789_BenGazzara_67_m
269	BenGazzara	34	AGE34	5772	5771_BenGazzara_34_m
269	BenGazzara	74	AGE74	5795	5794_BenGazzara_74_m
269	BenGazzara	64	AGE64	5789	5788_BenGazzara_64_m
269	BenGazzara	76	AGE76	5797	5796_BenGazzara_76_m
269	BenGazzara	32	AGE32	5771	5770_BenGazzara_32_m
269	BenGazzara	24	AGE24	5764	5763_BenGazzara_24_m
269	BenGazzara	74	AGE74	5794	5793_BenGazzara_74_m
269	BenGazzara	38	AGE38	5776	5775_BenGazzara_38_m
269	BenGazzara	52	AGE52	5784	5783_BenGazzara_52_m
269	BenGazzara	70	AGE70	5791	5790_BenGazzara_70_m
269	BenGazzara	49	AGE49	5782	5781_BenGazzara_49_m
269	BenGazzara	82	AGE82	5802	5801_BenGazzara_82_m
269	BenGazzara	31	AGE31	5770	5769_BenGazzara_31_m
269	BenGazzara	80	AGE80	5800	5799_BenGazzara_80_m
269	BenGazzara	51	AGE51	5783	5782_BenGazzara_51_m
269	BenGazzara	61	AGE61	5788	5787_BenGazzara_61_m
269	BenGazzara	22	AGE22	5762	5761_BenGazzara_22_m
269	BenGazzara	40	AGE40	5777	5776_BenGazzara_40_m
269	BenGazzara	53	AGE53	5785	5784_BenGazzara_53_m
269	BenGazzara	43	AGE43	5779	5778_BenGazzara_43_m
269	BenGazzara	35	AGE35	5773	5772_BenGazzara_35_m
269	BenGazzara	81	AGE81	5801	5800_BenGazzara_81_m
269	BenGazzara	73	AGE73	5793	5792_BenGazzara_73_m
269	BenGazzara	45	AGE45	5780	5779_BenGazzara_45_m
269	BenGazzara	29	AGE29	5768	5767_BenGazzara_29_m
269	BenGazzara	77	AGE77	5798	5797_BenGazzara_77_m
269	BenGazzara	28	AGE28	5767	5766_BenGazzara_28_m
270	ErnestHemingway	60	AGE60	1414	1413_ErnestHemingway_60_m
270	ErnestHemingway	28	AGE28	1426	1425_ErnestHemingway_28_m
270	ErnestHemingway	55	AGE55	1421	1420_ErnestHemingway_55_m
270	ErnestHemingway	28	AGE28	1423	1422_ErnestHemingway_28_m
270	ErnestHemingway	23	AGE23	1408	1407_ErnestHemingway_23_m
270	ErnestHemingway	21	AGE21	1410	1409_ErnestHemingway_21_m
270	ErnestHemingway	24	AGE24	1416	1415_ErnestHemingway_24_m
270	ErnestHemingway	51	AGE51	1413	1412_ErnestHemingway_51_m
270	ErnestHemingway	38	AGE38	1409	1408_ErnestHemingway_38_m
270	ErnestHemingway	51	AGE51	1428	1427_ErnestHemingway_51_m
270	ErnestHemingway	45	AGE45	1422	1421_ErnestHemingway_45_m
270	ErnestHemingway	35	AGE35	1427	1426_ErnestHemingway_35_m
270	ErnestHemingway	60	AGE60	1419	1418_ErnestHemingway_60_m
270	ErnestHemingway	17	AGE17	1417	1416_ErnestHemingway_17_m
270	ErnestHemingway	30	AGE30	1425	1424_ErnestHemingway_30_m
270	ErnestHemingway	52	AGE52	1420	1419_ErnestHemingway_52_m
270	ErnestHemingway	54	AGE54	1429	1428_ErnestHemingway_54_m
270	ErnestHemingway	19	AGE19	1415	1414_ErnestHemingway_19_m
270	ErnestHemingway	42	AGE42	1430	1429_ErnestHemingway_42_m
270	ErnestHemingway	49	AGE49	1412	1411_ErnestHemingway_49_m
270	ErnestHemingway	63	AGE63	1411	1410_ErnestHemingway_63_m
270	ErnestHemingway	57	AGE57	1424	1423_ErnestHemingway_57_m
270	ErnestHemingway	61	AGE61	1418	1417_ErnestHemingway_61_m
271	RichardAttenborough	22	AGE22	8715	8714_RichardAttenborough_22_m
271	RichardAttenborough	40	AGE40	8738	8737_RichardAttenborough_40_m
271	RichardAttenborough	41	AGE41	8726	8725_RichardAttenborough_41_m
271	RichardAttenborough	65	AGE65	8742	8741_RichardAttenborough_65_m
271	RichardAttenborough	26	AGE26	8719	8718_RichardAttenborough_26_m
271	RichardAttenborough	51	AGE51	8739	8738_RichardAttenborough_51_m
271	RichardAttenborough	25	AGE25	8718	8717_RichardAttenborough_25_m
271	RichardAttenborough	74	AGE74	8744	8743_RichardAttenborough_74_m
271	RichardAttenborough	41	AGE41	8727	8726_RichardAttenborough_41_m
271	RichardAttenborough	19	AGE19	8714	8713_RichardAttenborough_19_m
271	RichardAttenborough	29	AGE29	8732	8731_RichardAttenborough_29_m
271	RichardAttenborough	32	AGE32	8733	8732_RichardAttenborough_32_m
271	RichardAttenborough	54	AGE54	8729	8728_RichardAttenborough_54_m
271	RichardAttenborough	37	AGE37	8737	8736_RichardAttenborough_37_m
271	RichardAttenborough	23	AGE23	8716	8715_RichardAttenborough_23_m
271	RichardAttenborough	27	AGE27	8720	8719_RichardAttenborough_27_m
271	RichardAttenborough	55	AGE55	8740	8739_RichardAttenborough_55_m
271	RichardAttenborough	34	AGE34	8724	8723_RichardAttenborough_34_m
271	RichardAttenborough	33	AGE33	8722	8721_RichardAttenborough_33_m
271	RichardAttenborough	38	AGE38	8725	8724_RichardAttenborough_38_m
271	RichardAttenborough	35	AGE35	8734	8733_RichardAttenborough_35_m
271	RichardAttenborough	36	AGE36	8735	8734_RichardAttenborough_36_m
271	RichardAttenborough	33	AGE33	8723	8722_RichardAttenborough_33_m
271	RichardAttenborough	56	AGE56	8730	8729_RichardAttenborough_56_m
271	RichardAttenborough	59	AGE59	8741	8740_RichardAttenborough_59_m
271	RichardAttenborough	24	AGE24	8717	8716_RichardAttenborough_24_m
271	RichardAttenborough	67	AGE67	8731	8730_RichardAttenborough_67_m
271	RichardAttenborough	36	AGE36	8736	8735_RichardAttenborough_36_m
271	RichardAttenborough	28	AGE28	8721	8720_RichardAttenborough_28_m
271	RichardAttenborough	75	AGE75	8745	8744_RichardAttenborough_75_m
271	RichardAttenborough	52	AGE52	8728	8727_RichardAttenborough_52_m
271	RichardAttenborough	71	AGE71	8743	8742_RichardAttenborough_71_m
272	ElvisPresley	38	AGE38	225	224_ElvisPresley_38_m
272	ElvisPresley	26	AGE26	213	212_ElvisPresley_26_m
272	ElvisPresley	17	AGE17	206	205_ElvisPresley_17_m
272	ElvisPresley	19	AGE19	207	206_ElvisPresley_19_m
272	ElvisPresley	40	AGE40	227	226_ElvisPresley_40_m
272	ElvisPresley	41	AGE41	228	227_ElvisPresley_41_m
272	ElvisPresley	36	AGE36	223	222_ElvisPresley_36_m
272	ElvisPresley	33	AGE33	219	218_ElvisPresley_33_m
272	ElvisPresley	28	AGE28	215	214_ElvisPresley_28_m
272	ElvisPresley	37	AGE37	224	223_ElvisPresley_37_m
272	ElvisPresley	24	AGE24	211	210_ElvisPresley_24_m
272	ElvisPresley	22	AGE22	208	207_ElvisPresley_22_m
272	ElvisPresley	14	AGE14	203	202_ElvisPresley_14_m
272	ElvisPresley	34	AGE34	221	220_ElvisPresley_34_m
272	ElvisPresley	10	AGE10	202	201_ElvisPresley_10_m
272	ElvisPresley	31	AGE31	218	217_ElvisPresley_31_m
272	ElvisPresley	25	AGE25	212	211_ElvisPresley_25_m
272	ElvisPresley	42	AGE42	230	229_ElvisPresley_42_m
272	ElvisPresley	23	AGE23	210	209_ElvisPresley_23_m
272	ElvisPresley	23	AGE23	209	208_ElvisPresley_23_m
272	ElvisPresley	16	AGE16	205	204_ElvisPresley_16_m
272	ElvisPresley	39	AGE39	226	225_ElvisPresley_39_m
272	ElvisPresley	30	AGE30	217	216_ElvisPresley_30_m
272	ElvisPresley	29	AGE29	216	215_ElvisPresley_29_m
272	ElvisPresley	41	AGE41	229	228_ElvisPresley_41_m
272	ElvisPresley	35	AGE35	222	221_ElvisPresley_35_m
272	ElvisPresley	27	AGE27	214	213_ElvisPresley_27_m
272	ElvisPresley	34	AGE34	220	219_ElvisPresley_34_m
272	ElvisPresley	15	AGE15	204	203_ElvisPresley_15_m
273	JoanCrawford	26	AGE26	14298	14297_JoanCrawford_26_f
273	JoanCrawford	62	AGE62	14286	14285_JoanCrawford_62_f
273	JoanCrawford	29	AGE29	14278	14277_JoanCrawford_29_f
273	JoanCrawford	41	AGE41	14296	14295_JoanCrawford_41_f
273	JoanCrawford	23	AGE23	14269	14268_JoanCrawford_23_f
273	JoanCrawford	66	AGE66	14292	14291_JoanCrawford_66_f
273	JoanCrawford	20	AGE20	14273	14272_JoanCrawford_20_f
273	JoanCrawford	35	AGE35	14271	14270_JoanCrawford_35_f
273	JoanCrawford	30	AGE30	14279	14278_JoanCrawford_30_f
273	JoanCrawford	28	AGE28	14277	14276_JoanCrawford_28_f
273	JoanCrawford	27	AGE27	14297	14296_JoanCrawford_27_f
273	JoanCrawford	32	AGE32	14270	14269_JoanCrawford_32_f
273	JoanCrawford	46	AGE46	14282	14281_JoanCrawford_46_f
273	JoanCrawford	65	AGE65	14295	14294_JoanCrawford_65_f
273	JoanCrawford	31	AGE31	14280	14279_JoanCrawford_31_f
273	JoanCrawford	61	AGE61	14289	14288_JoanCrawford_61_f
273	JoanCrawford	47	AGE47	14294	14293_JoanCrawford_47_f
273	JoanCrawford	41	AGE41	14287	14286_JoanCrawford_41_f
273	JoanCrawford	24	AGE24	14274	14273_JoanCrawford_24_f
273	JoanCrawford	50	AGE50	14299	14298_JoanCrawford_50_f
273	JoanCrawford	68	AGE68	14285	14284_JoanCrawford_68_f
273	JoanCrawford	32	AGE32	14291	14290_JoanCrawford_32_f
273	JoanCrawford	35	AGE35	14293	14292_JoanCrawford_35_f
273	JoanCrawford	25	AGE25	14272	14271_JoanCrawford_25_f
273	JoanCrawford	67	AGE67	14288	14287_JoanCrawford_67_f
273	JoanCrawford	45	AGE45	14290	14289_JoanCrawford_45_f
273	JoanCrawford	61	AGE61	14284	14283_JoanCrawford_61_f
273	JoanCrawford	26	AGE26	14275	14274_JoanCrawford_26_f
273	JoanCrawford	58	AGE58	14283	14282_JoanCrawford_58_f
273	JoanCrawford	27	AGE27	14276	14275_JoanCrawford_27_f
273	JoanCrawford	41	AGE41	14281	14280_JoanCrawford_41_f
274	WaltDisney	35	AGE35	165	164_WaltDisney_35_m
274	WaltDisney	21	AGE21	167	166_WaltDisney_21_m
274	WaltDisney	64	AGE64	168	167_WaltDisney_64_m
274	WaltDisney	53	AGE53	169	168_WaltDisney_53_m
274	WaltDisney	38	AGE38	163	162_WaltDisney_38_m
274	WaltDisney	32	AGE32	166	165_WaltDisney_32_m
274	WaltDisney	42	AGE42	170	169_WaltDisney_42_m
274	WaltDisney	62	AGE62	162	161_WaltDisney_62_m
274	WaltDisney	60	AGE60	164	163_WaltDisney_60_m
274	WaltDisney	36	AGE36	171	170_WaltDisney_36_m
274	WaltDisney	37	AGE37	161	160_WaltDisney_37_m
275	NelsonMandela	46	AGE46	16257	16256_NelsonMandela_46_m
275	NelsonMandela	40	AGE40	16019	16018_NelsonMandela_40_m
275	NelsonMandela	72	AGE72	16242	16241_NelsonMandela_72_m
275	NelsonMandela	75	AGE75	16244	16243_NelsonMandela_75_m
275	NelsonMandela	90	AGE90	16251	16250_NelsonMandela_90_m
275	NelsonMandela	34	AGE34	16261	16260_NelsonMandela_34_m
275	NelsonMandela	19	AGE19	16237	16236_NelsonMandela_19_m
275	NelsonMandela	34	AGE34	16253	16252_NelsonMandela_34_m
275	NelsonMandela	82	AGE82	16255	16254_NelsonMandela_82_m
275	NelsonMandela	87	AGE87	16241	16240_NelsonMandela_87_m
275	NelsonMandela	76	AGE76	16258	16257_NelsonMandela_76_m
275	NelsonMandela	32	AGE32	16239	16238_NelsonMandela_32_m
275	NelsonMandela	91	AGE91	16240	16239_NelsonMandela_91_m
275	NelsonMandela	77	AGE77	16259	16258_NelsonMandela_77_m
275	NelsonMandela	89	AGE89	16252	16251_NelsonMandela_89_m
275	NelsonMandela	92	AGE92	16249	16248_NelsonMandela_92_m
275	NelsonMandela	85	AGE85	16254	16253_NelsonMandela_85_m
275	NelsonMandela	73	AGE73	16246	16245_NelsonMandela_73_m
275	NelsonMandela	72	AGE72	16248	16247_NelsonMandela_72_m
275	NelsonMandela	26	AGE26	16238	16237_NelsonMandela_26_m
275	NelsonMandela	32	AGE32	16260	16259_NelsonMandela_32_m
275	NelsonMandela	73	AGE73	16264	16263_NelsonMandela_73_m
275	NelsonMandela	74	AGE74	16245	16244_NelsonMandela_74_m
275	NelsonMandela	90	AGE90	16236	16235_NelsonMandela_90_m
275	NelsonMandela	76	AGE76	16256	16255_NelsonMandela_76_m
275	NelsonMandela	70	AGE70	16263	16262_NelsonMandela_70_m
275	NelsonMandela	75	AGE75	16243	16242_NelsonMandela_75_m
275	NelsonMandela	82	AGE82	16250	16249_NelsonMandela_82_m
275	NelsonMandela	33	AGE33	16262	16261_NelsonMandela_33_m
275	NelsonMandela	72	AGE72	16247	16246_NelsonMandela_72_m
276	AnthonyPerkins	57	AGE57	8814	8813_AnthonyPerkins_57_m
276	AnthonyPerkins	36	AGE36	8795	8794_AnthonyPerkins_36_m
276	AnthonyPerkins	30	AGE30	8789	8788_AnthonyPerkins_30_m
276	AnthonyPerkins	59	AGE59	8817	8816_AnthonyPerkins_59_m
276	AnthonyPerkins	48	AGE48	8807	8806_AnthonyPerkins_48_m
276	AnthonyPerkins	24	AGE24	8785	8784_AnthonyPerkins_24_m
276	AnthonyPerkins	60	AGE60	8818	8817_AnthonyPerkins_60_m
276	AnthonyPerkins	20	AGE20	8782	8781_AnthonyPerkins_20_m
276	AnthonyPerkins	29	AGE29	8788	8787_AnthonyPerkins_29_m
276	AnthonyPerkins	47	AGE47	8806	8805_AnthonyPerkins_47_m
276	AnthonyPerkins	40	AGE40	8799	8798_AnthonyPerkins_40_m
276	AnthonyPerkins	55	AGE55	8812	8811_AnthonyPerkins_55_m
276	AnthonyPerkins	57	AGE57	8815	8814_AnthonyPerkins_57_m
276	AnthonyPerkins	33	AGE33	8792	8791_AnthonyPerkins_33_m
276	AnthonyPerkins	35	AGE35	8794	8793_AnthonyPerkins_35_m
276	AnthonyPerkins	28	AGE28	8787	8786_AnthonyPerkins_28_m
276	AnthonyPerkins	56	AGE56	8813	8812_AnthonyPerkins_56_m
276	AnthonyPerkins	39	AGE39	8798	8797_AnthonyPerkins_39_m
276	AnthonyPerkins	46	AGE46	8805	8804_AnthonyPerkins_46_m
276	AnthonyPerkins	42	AGE42	8801	8800_AnthonyPerkins_42_m
276	AnthonyPerkins	23	AGE23	8784	8783_AnthonyPerkins_23_m
276	AnthonyPerkins	27	AGE27	8786	8785_AnthonyPerkins_27_m
276	AnthonyPerkins	58	AGE58	8816	8815_AnthonyPerkins_58_m
276	AnthonyPerkins	43	AGE43	8802	8801_AnthonyPerkins_43_m
276	AnthonyPerkins	53	AGE53	8810	8809_AnthonyPerkins_53_m
276	AnthonyPerkins	51	AGE51	8808	8807_AnthonyPerkins_51_m
276	AnthonyPerkins	46	AGE46	8804	8803_AnthonyPerkins_46_m
276	AnthonyPerkins	52	AGE52	8809	8808_AnthonyPerkins_52_m
276	AnthonyPerkins	32	AGE32	8791	8790_AnthonyPerkins_32_m
276	AnthonyPerkins	54	AGE54	8811	8810_AnthonyPerkins_54_m
276	AnthonyPerkins	34	AGE34	8793	8792_AnthonyPerkins_34_m
276	AnthonyPerkins	38	AGE38	8797	8796_AnthonyPerkins_38_m
276	AnthonyPerkins	37	AGE37	8796	8795_AnthonyPerkins_37_m
276	AnthonyPerkins	31	AGE31	8790	8789_AnthonyPerkins_31_m
276	AnthonyPerkins	41	AGE41	8800	8799_AnthonyPerkins_41_m
276	AnthonyPerkins	21	AGE21	8783	8782_AnthonyPerkins_21_m
276	AnthonyPerkins	45	AGE45	8803	8802_AnthonyPerkins_45_m
277	AliMacGraw	32	AGE32	9919	9918_AliMacGraw_32_f
277	AliMacGraw	27	AGE27	9915	9914_AliMacGraw_27_f
277	AliMacGraw	28	AGE28	9916	9915_AliMacGraw_28_f
277	AliMacGraw	31	AGE31	9918	9917_AliMacGraw_31_f
277	AliMacGraw	72	AGE72	9944	9943_AliMacGraw_72_f
277	AliMacGraw	38	AGE38	9923	9922_AliMacGraw_38_f
277	AliMacGraw	47	AGE47	9929	9928_AliMacGraw_47_f
277	AliMacGraw	48	AGE48	9930	9929_AliMacGraw_48_f
277	AliMacGraw	74	AGE74	9946	9945_AliMacGraw_74_f
277	AliMacGraw	26	AGE26	9914	9913_AliMacGraw_26_f
277	AliMacGraw	66	AGE66	9939	9938_AliMacGraw_66_f
277	AliMacGraw	60	AGE60	9937	9936_AliMacGraw_60_f
277	AliMacGraw	63	AGE63	9938	9937_AliMacGraw_63_f
277	AliMacGraw	70	AGE70	9942	9941_AliMacGraw_70_f
277	AliMacGraw	69	AGE69	9941	9940_AliMacGraw_69_f
277	AliMacGraw	58	AGE58	9936	9935_AliMacGraw_58_f
277	AliMacGraw	49	AGE49	9931	9930_AliMacGraw_49_f
277	AliMacGraw	54	AGE54	9933	9932_AliMacGraw_54_f
277	AliMacGraw	73	AGE73	9945	9944_AliMacGraw_73_f
277	AliMacGraw	41	AGE41	9924	9923_AliMacGraw_41_f
277	AliMacGraw	71	AGE71	9943	9942_AliMacGraw_71_f
277	AliMacGraw	68	AGE68	9940	9939_AliMacGraw_68_f
277	AliMacGraw	51	AGE51	9932	9931_AliMacGraw_51_f
277	AliMacGraw	45	AGE45	9927	9926_AliMacGraw_45_f
277	AliMacGraw	54	AGE54	9934	9933_AliMacGraw_54_f
277	AliMacGraw	55	AGE55	9935	9934_AliMacGraw_55_f
277	AliMacGraw	44	AGE44	9926	9925_AliMacGraw_44_f
277	AliMacGraw	42	AGE42	9925	9924_AliMacGraw_42_f
277	AliMacGraw	29	AGE29	9917	9916_AliMacGraw_29_f
277	AliMacGraw	25	AGE25	9913	9912_AliMacGraw_25_f
277	AliMacGraw	46	AGE46	9928	9927_AliMacGraw_46_f
277	AliMacGraw	35	AGE35	9922	9921_AliMacGraw_35_f
277	AliMacGraw	34	AGE34	9921	9920_AliMacGraw_34_f
277	AliMacGraw	33	AGE33	9920	9919_AliMacGraw_33_f
278	GiorgosSeferis	62	AGE62	1378	1377_GiorgosSeferis_62_m
278	GiorgosSeferis	65	AGE65	1379	1378_GiorgosSeferis_65_m
278	GiorgosSeferis	30	AGE30	1377	1376_GiorgosSeferis_30_m
278	GiorgosSeferis	21	AGE21	1373	1372_GiorgosSeferis_21_m
278	GiorgosSeferis	65	AGE65	1376	1375_GiorgosSeferis_65_m
278	GiorgosSeferis	43	AGE43	1375	1374_GiorgosSeferis_43_m
278	GiorgosSeferis	70	AGE70	1374	1373_GiorgosSeferis_70_m
279	DorisDay	17	AGE17	9709	9708_DorisDay_17_f
279	DorisDay	68	AGE68	9741	9740_DorisDay_68_f
279	DorisDay	65	AGE65	9738	9737_DorisDay_65_f
279	DorisDay	33	AGE33	9720	9719_DorisDay_33_f
279	DorisDay	63	AGE63	9737	9736_DorisDay_63_f
279	DorisDay	54	AGE54	9735	9734_DorisDay_54_f
279	DorisDay	67	AGE67	9740	9739_DorisDay_67_f
279	DorisDay	26	AGE26	9713	9712_DorisDay_26_f
279	DorisDay	40	AGE40	9726	9725_DorisDay_40_f
279	DorisDay	36	AGE36	9723	9722_DorisDay_36_f
279	DorisDay	73	AGE73	9742	9741_DorisDay_73_f
279	DorisDay	38	AGE38	9724	9723_DorisDay_38_f
279	DorisDay	48	AGE48	9731	9730_DorisDay_48_f
279	DorisDay	76	AGE76	9743	9742_DorisDay_76_f
279	DorisDay	66	AGE66	9739	9738_DorisDay_66_f
279	DorisDay	21	AGE21	9706	9705_DorisDay_21_f
279	DorisDay	34	AGE34	9747	9746_DorisDay_34_f
279	DorisDay	35	AGE35	9722	9721_DorisDay_35_f
279	DorisDay	29	AGE29	9716	9715_DorisDay_29_f
279	DorisDay	78	AGE78	9744	9743_DorisDay_78_f
279	DorisDay	31	AGE31	9718	9717_DorisDay_31_f
279	DorisDay	28	AGE28	9715	9714_DorisDay_28_f
279	DorisDay	47	AGE47	9728	9727_DorisDay_47_f
279	DorisDay	34	AGE34	9721	9720_DorisDay_34_f
279	DorisDay	22	AGE22	9750	9749_DorisDay_22_f
279	DorisDay	48	AGE48	9702	9701_DorisDay_48_f
279	DorisDay	31	AGE31	9748	9747_DorisDay_31_f
279	DorisDay	52	AGE52	9733	9732_DorisDay_52_f
279	DorisDay	62	AGE62	9703	9702_DorisDay_62_f
279	DorisDay	51	AGE51	9732	9731_DorisDay_51_f
279	DorisDay	25	AGE25	9711	9710_DorisDay_25_f
279	DorisDay	24	AGE24	9749	9748_DorisDay_24_f
279	DorisDay	35	AGE35	9704	9703_DorisDay_35_f
279	DorisDay	32	AGE32	9719	9718_DorisDay_32_f
279	DorisDay	20	AGE20	9712	9711_DorisDay_20_f
279	DorisDay	38	AGE38	9708	9707_DorisDay_38_f
279	DorisDay	30	AGE30	9717	9716_DorisDay_30_f
279	DorisDay	23	AGE23	9710	9709_DorisDay_23_f
279	DorisDay	46	AGE46	9730	9729_DorisDay_46_f
279	DorisDay	45	AGE45	9729	9728_DorisDay_45_f
279	DorisDay	39	AGE39	9725	9724_DorisDay_39_f
279	DorisDay	33	AGE33	9707	9706_DorisDay_33_f
279	DorisDay	57	AGE57	9746	9745_DorisDay_57_f
279	DorisDay	53	AGE53	9734	9733_DorisDay_53_f
279	DorisDay	27	AGE27	9714	9713_DorisDay_27_f
279	DorisDay	82	AGE82	9745	9744_DorisDay_82_f
279	DorisDay	18	AGE18	9705	9704_DorisDay_18_f
279	DorisDay	58	AGE58	9736	9735_DorisDay_58_f
279	DorisDay	42	AGE42	9727	9726_DorisDay_42_f
280	BillNighy	65	AGE65	3066	3065_BillNighy_65_m
280	BillNighy	46	AGE46	3046	3045_BillNighy_46_m
280	BillNighy	47	AGE47	3047	3046_BillNighy_47_m
280	BillNighy	36	AGE36	3040	3039_BillNighy_36_m
280	BillNighy	42	AGE42	3042	3041_BillNighy_42_m
280	BillNighy	30	AGE30	3036	3035_BillNighy_30_m
280	BillNighy	60	AGE60	3059	3058_BillNighy_60_m
280	BillNighy	64	AGE64	3065	3064_BillNighy_64_m
280	BillNighy	33	AGE33	3038	3037_BillNighy_33_m
280	BillNighy	43	AGE43	3043	3042_BillNighy_43_m
280	BillNighy	63	AGE63	3064	3063_BillNighy_63_m
280	BillNighy	50	AGE50	3049	3048_BillNighy_50_m
280	BillNighy	61	AGE61	3061	3060_BillNighy_61_m
280	BillNighy	61	AGE61	3062	3061_BillNighy_61_m
280	BillNighy	54	AGE54	3052	3051_BillNighy_54_m
280	BillNighy	56	AGE56	3054	3053_BillNighy_56_m
280	BillNighy	49	AGE49	3048	3047_BillNighy_49_m
280	BillNighy	57	AGE57	3055	3054_BillNighy_57_m
280	BillNighy	58	AGE58	3056	3055_BillNighy_58_m
280	BillNighy	32	AGE32	3037	3036_BillNighy_32_m
280	BillNighy	53	AGE53	3051	3050_BillNighy_53_m
280	BillNighy	55	AGE55	3053	3052_BillNighy_55_m
280	BillNighy	59	AGE59	3058	3057_BillNighy_59_m
280	BillNighy	40	AGE40	3041	3040_BillNighy_40_m
280	BillNighy	45	AGE45	3045	3044_BillNighy_45_m
280	BillNighy	52	AGE52	3050	3049_BillNighy_52_m
280	BillNighy	34	AGE34	3039	3038_BillNighy_34_m
280	BillNighy	44	AGE44	3044	3043_BillNighy_44_m
280	BillNighy	59	AGE59	3057	3056_BillNighy_59_m
280	BillNighy	62	AGE62	3063	3062_BillNighy_62_m
280	BillNighy	60	AGE60	3060	3059_BillNighy_60_m
281	RutgerHauer	26	AGE26	3750	3749_RutgerHauer_26_m
281	RutgerHauer	61	AGE61	3775	3774_RutgerHauer_61_m
281	RutgerHauer	25	AGE25	3749	3748_RutgerHauer_25_m
281	RutgerHauer	46	AGE46	3766	3765_RutgerHauer_46_m
281	RutgerHauer	59	AGE59	3774	3773_RutgerHauer_59_m
281	RutgerHauer	58	AGE58	3773	3772_RutgerHauer_58_m
281	RutgerHauer	51	AGE51	3769	3768_RutgerHauer_51_m
281	RutgerHauer	36	AGE36	3758	3757_RutgerHauer_36_m
281	RutgerHauer	48	AGE48	3767	3766_RutgerHauer_48_m
281	RutgerHauer	35	AGE35	3757	3756_RutgerHauer_35_m
281	RutgerHauer	40	AGE40	3762	3761_RutgerHauer_40_m
281	RutgerHauer	66	AGE66	3776	3775_RutgerHauer_66_m
281	RutgerHauer	29	AGE29	3752	3751_RutgerHauer_29_m
281	RutgerHauer	49	AGE49	3768	3767_RutgerHauer_49_m
281	RutgerHauer	56	AGE56	3772	3771_RutgerHauer_56_m
281	RutgerHauer	31	AGE31	3753	3752_RutgerHauer_31_m
281	RutgerHauer	68	AGE68	3777	3776_RutgerHauer_68_m
281	RutgerHauer	53	AGE53	3770	3769_RutgerHauer_53_m
281	RutgerHauer	42	AGE42	3763	3762_RutgerHauer_42_m
281	RutgerHauer	34	AGE34	3756	3755_RutgerHauer_34_m
281	RutgerHauer	45	AGE45	3765	3764_RutgerHauer_45_m
281	RutgerHauer	32	AGE32	3754	3753_RutgerHauer_32_m
281	RutgerHauer	38	AGE38	3760	3759_RutgerHauer_38_m
281	RutgerHauer	54	AGE54	3771	3770_RutgerHauer_54_m
281	RutgerHauer	28	AGE28	3751	3750_RutgerHauer_28_m
281	RutgerHauer	38	AGE38	3761	3760_RutgerHauer_38_m
281	RutgerHauer	43	AGE43	3764	3763_RutgerHauer_43_m
281	RutgerHauer	33	AGE33	3755	3754_RutgerHauer_33_m
281	RutgerHauer	37	AGE37	3759	3758_RutgerHauer_37_m
282	ValerieHarper	40	AGE40	11794	11793_ValerieHarper_40_f
282	ValerieHarper	26	AGE26	11785	11784_ValerieHarper_26_f
282	ValerieHarper	51	AGE51	11798	11797_ValerieHarper_51_f
282	ValerieHarper	35	AGE35	11791	11790_ValerieHarper_35_f
282	ValerieHarper	53	AGE53	11799	11798_ValerieHarper_53_f
282	ValerieHarper	43	AGE43	11795	11794_ValerieHarper_43_f
282	ValerieHarper	61	AGE61	11802	11801_ValerieHarper_61_f
282	ValerieHarper	28	AGE28	11786	11785_ValerieHarper_28_f
282	ValerieHarper	63	AGE63	11803	11802_ValerieHarper_63_f
282	ValerieHarper	30	AGE30	11787	11786_ValerieHarper_30_f
282	ValerieHarper	32	AGE32	11789	11788_ValerieHarper_32_f
282	ValerieHarper	38	AGE38	11793	11792_ValerieHarper_38_f
282	ValerieHarper	17	AGE17	11782	11781_ValerieHarper_17_f
282	ValerieHarper	37	AGE37	11792	11791_ValerieHarper_37_f
282	ValerieHarper	70	AGE70	11807	11806_ValerieHarper_70_f
282	ValerieHarper	33	AGE33	11790	11789_ValerieHarper_33_f
282	ValerieHarper	31	AGE31	11788	11787_ValerieHarper_31_f
282	ValerieHarper	49	AGE49	11797	11796_ValerieHarper_49_f
282	ValerieHarper	69	AGE69	11806	11805_ValerieHarper_69_f
282	ValerieHarper	66	AGE66	11805	11804_ValerieHarper_66_f
282	ValerieHarper	20	AGE20	11783	11782_ValerieHarper_20_f
282	ValerieHarper	65	AGE65	11804	11803_ValerieHarper_65_f
282	ValerieHarper	44	AGE44	11796	11795_ValerieHarper_44_f
282	ValerieHarper	57	AGE57	11801	11800_ValerieHarper_57_f
282	ValerieHarper	24	AGE24	11784	11783_ValerieHarper_24_f
282	ValerieHarper	55	AGE55	11800	11799_ValerieHarper_55_f
282	ValerieHarper	71	AGE71	11808	11807_ValerieHarper_71_f
