subject_id	subject_name	class_id	class_name	sample_id	sample_name
283	BettyGrable	22	AGE22	13921	13920_BettyGrable_22_f
283	BettyGrable	26	AGE26	13924	13923_BettyGrable_26_f
283	BettyGrable	21	AGE21	13920	13919_BettyGrable_21_f
283	BettyGrable	14	AGE14	13914	13913_BettyGrable_14_f
283	BettyGrable	37	AGE37	13935	13934_BettyGrable_37_f
283	BettyGrable	35	AGE35	13932	13931_BettyGrable_35_f
283	BettyGrable	31	AGE31	13928	13927_BettyGrable_31_f
283	BettyGrable	23	AGE23	13922	13921_BettyGrable_23_f
283	BettyGrable	37	AGE37	13934	13933_BettyGrable_37_f
283	BettyGrable	4	AGE4	13912	13911_BettyGrable_4_f
283	BettyGrable	25	AGE25	13923	13922_BettyGrable_25_f
283	BettyGrable	51	AGE51	13940	13939_BettyGrable_51_f
283	BettyGrable	55	AGE55	13942	13941_BettyGrable_55_f
283	BettyGrable	33	AGE33	13930	13929_BettyGrable_33_f
283	BettyGrable	36	AGE36	13933	13932_BettyGrable_36_f
283	BettyGrable	32	AGE32	13929	13928_BettyGrable_32_f
283	BettyGrable	42	AGE42	13937	13936_BettyGrable_42_f
283	BettyGrable	34	AGE34	13931	13930_BettyGrable_34_f
283	BettyGrable	20	AGE20	13918	13917_BettyGrable_20_f
283	BettyGrable	47	AGE47	13939	13938_BettyGrable_47_f
283	BettyGrable	13	AGE13	13913	13912_BettyGrable_13_f
283	BettyGrable	21	AGE21	13919	13918_BettyGrable_21_f
283	BettyGrable	17	AGE17	13915	13914_BettyGrable_17_f
283	BettyGrable	30	AGE30	13927	13926_BettyGrable_30_f
283	BettyGrable	18	AGE18	13916	13915_BettyGrable_18_f
283	BettyGrable	29	AGE29	13925	13924_BettyGrable_29_f
283	BettyGrable	45	AGE45	13938	13937_BettyGrable_45_f
283	BettyGrable	53	AGE53	13941	13940_BettyGrable_53_f
283	BettyGrable	29	AGE29	13926	13925_BettyGrable_29_f
283	BettyGrable	19	AGE19	13917	13916_BettyGrable_19_f
283	BettyGrable	41	AGE41	13936	13935_BettyGrable_41_f
284	RobertMorley	65	AGE65	7543	7542_RobertMorley_65_m
284	RobertMorley	61	AGE61	7541	7540_RobertMorley_61_m
284	RobertMorley	75	AGE75	7546	7545_RobertMorley_75_m
284	RobertMorley	62	AGE62	7542	7541_RobertMorley_62_m
284	RobertMorley	71	AGE71	7560	7559_RobertMorley_71_m
284	RobertMorley	57	AGE57	7540	7539_RobertMorley_57_m
284	RobertMorley	55	AGE55	7539	7538_RobertMorley_55_m
284	RobertMorley	29	AGE29	7528	7527_RobertMorley_29_m
284	RobertMorley	54	AGE54	7555	7554_RobertMorley_54_m
284	RobertMorley	49	AGE49	7551	7550_RobertMorley_49_m
284	RobertMorley	51	AGE51	7553	7552_RobertMorley_51_m
284	RobertMorley	30	AGE30	7529	7528_RobertMorley_30_m
284	RobertMorley	50	AGE50	7552	7551_RobertMorley_50_m
284	RobertMorley	48	AGE48	7550	7549_RobertMorley_48_m
284	RobertMorley	56	AGE56	7556	7555_RobertMorley_56_m
284	RobertMorley	53	AGE53	7538	7537_RobertMorley_53_m
284	RobertMorley	59	AGE59	7558	7557_RobertMorley_59_m
284	RobertMorley	67	AGE67	7559	7558_RobertMorley_67_m
284	RobertMorley	47	AGE47	7537	7536_RobertMorley_47_m
284	RobertMorley	58	AGE58	7557	7556_RobertMorley_58_m
284	RobertMorley	34	AGE34	7531	7530_RobertMorley_34_m
284	RobertMorley	70	AGE70	7544	7543_RobertMorley_70_m
284	RobertMorley	46	AGE46	7549	7548_RobertMorley_46_m
284	RobertMorley	45	AGE45	7536	7535_RobertMorley_45_m
284	RobertMorley	43	AGE43	7534	7533_RobertMorley_43_m
284	RobertMorley	44	AGE44	7535	7534_RobertMorley_44_m
284	RobertMorley	73	AGE73	7545	7544_RobertMorley_73_m
284	RobertMorley	41	AGE41	7533	7532_RobertMorley_41_m
284	RobertMorley	82	AGE82	7548	7547_RobertMorley_82_m
284	RobertMorley	52	AGE52	7554	7553_RobertMorley_52_m
284	RobertMorley	37	AGE37	7532	7531_RobertMorley_37_m
284	RobertMorley	32	AGE32	7530	7529_RobertMorley_32_m
284	RobertMorley	77	AGE77	7561	7560_RobertMorley_77_m
284	RobertMorley	81	AGE81	7547	7546_RobertMorley_81_m
285	RyanONeal	19	AGE19	2864	2863_RyanONeal_19_m
285	RyanONeal	28	AGE28	2849	2848_RyanONeal_28_m
285	RyanONeal	71	AGE71	2869	2868_RyanONeal_71_m
285	RyanONeal	34	AGE34	2853	2852_RyanONeal_34_m
285	RyanONeal	64	AGE64	2859	2858_RyanONeal_64_m
285	RyanONeal	70	AGE70	2862	2861_RyanONeal_70_m
285	RyanONeal	37	AGE37	2854	2853_RyanONeal_37_m
285	RyanONeal	32	AGE32	2852	2851_RyanONeal_32_m
285	RyanONeal	27	AGE27	2845	2844_RyanONeal_27_m
285	RyanONeal	29	AGE29	2846	2845_RyanONeal_29_m
285	RyanONeal	39	AGE39	2855	2854_RyanONeal_39_m
285	RyanONeal	68	AGE68	2861	2860_RyanONeal_68_m
285	RyanONeal	67	AGE67	2868	2867_RyanONeal_67_m
285	RyanONeal	24	AGE24	2870	2869_RyanONeal_24_m
285	RyanONeal	20	AGE20	2848	2847_RyanONeal_20_m
285	RyanONeal	48	AGE48	2858	2857_RyanONeal_48_m
285	RyanONeal	46	AGE46	2857	2856_RyanONeal_46_m
285	RyanONeal	21	AGE21	2844	2843_RyanONeal_21_m
285	RyanONeal	71	AGE71	2863	2862_RyanONeal_71_m
285	RyanONeal	24	AGE24	2847	2846_RyanONeal_24_m
285	RyanONeal	68	AGE68	2871	2870_RyanONeal_68_m
285	RyanONeal	61	AGE61	2867	2866_RyanONeal_61_m
285	RyanONeal	67	AGE67	2865	2864_RyanONeal_67_m
285	RyanONeal	23	AGE23	2866	2865_RyanONeal_23_m
285	RyanONeal	43	AGE43	2856	2855_RyanONeal_43_m
285	RyanONeal	29	AGE29	2850	2849_RyanONeal_29_m
285	RyanONeal	58	AGE58	2860	2859_RyanONeal_58_m
285	RyanONeal	31	AGE31	2851	2850_RyanONeal_31_m
286	CydCharisse	48	AGE48	15193	15192_CydCharisse_48_f
286	CydCharisse	36	AGE36	15185	15184_CydCharisse_36_f
286	CydCharisse	72	AGE72	15202	15201_CydCharisse_72_f
286	CydCharisse	43	AGE43	15190	15189_CydCharisse_43_f
286	CydCharisse	44	AGE44	15191	15190_CydCharisse_44_f
286	CydCharisse	51	AGE51	15194	15193_CydCharisse_51_f
286	CydCharisse	81	AGE81	15209	15208_CydCharisse_81_f
286	CydCharisse	75	AGE75	15204	15203_CydCharisse_75_f
286	CydCharisse	80	AGE80	15208	15207_CydCharisse_80_f
286	CydCharisse	30	AGE30	15180	15179_CydCharisse_30_f
286	CydCharisse	77	AGE77	15205	15204_CydCharisse_77_f
286	CydCharisse	83	AGE83	15211	15210_CydCharisse_83_f
286	CydCharisse	68	AGE68	15200	15199_CydCharisse_68_f
286	CydCharisse	38	AGE38	15186	15185_CydCharisse_38_f
286	CydCharisse	82	AGE82	15210	15209_CydCharisse_82_f
286	CydCharisse	78	AGE78	15206	15205_CydCharisse_78_f
286	CydCharisse	33	AGE33	15182	15181_CydCharisse_33_f
286	CydCharisse	32	AGE32	15181	15180_CydCharisse_32_f
286	CydCharisse	67	AGE67	15199	15198_CydCharisse_67_f
286	CydCharisse	31	AGE31	15187	15186_CydCharisse_31_f
286	CydCharisse	27	AGE27	15179	15178_CydCharisse_27_f
286	CydCharisse	53	AGE53	15195	15194_CydCharisse_53_f
286	CydCharisse	40	AGE40	15188	15187_CydCharisse_40_f
286	CydCharisse	79	AGE79	15207	15206_CydCharisse_79_f
286	CydCharisse	60	AGE60	15196	15195_CydCharisse_60_f
286	CydCharisse	73	AGE73	15203	15202_CydCharisse_73_f
286	CydCharisse	65	AGE65	15198	15197_CydCharisse_65_f
286	CydCharisse	41	AGE41	15189	15188_CydCharisse_41_f
286	CydCharisse	46	AGE46	15192	15191_CydCharisse_46_f
286	CydCharisse	63	AGE63	15197	15196_CydCharisse_63_f
286	CydCharisse	34	AGE34	15183	15182_CydCharisse_34_f
286	CydCharisse	84	AGE84	15213	15212_CydCharisse_84_f
286	CydCharisse	35	AGE35	15184	15183_CydCharisse_35_f
286	CydCharisse	85	AGE85	15214	15213_CydCharisse_85_f
286	CydCharisse	70	AGE70	15201	15200_CydCharisse_70_f
286	CydCharisse	83	AGE83	15212	15211_CydCharisse_83_f
287	JosephCotten	6	AGE6	7210	7209_JosephCotten_6_m
287	JosephCotten	37	AGE37	7214	7213_JosephCotten_37_m
287	JosephCotten	66	AGE66	7237	7236_JosephCotten_66_m
287	JosephCotten	69	AGE69	7239	7238_JosephCotten_69_m
287	JosephCotten	67	AGE67	7238	7237_JosephCotten_67_m
287	JosephCotten	62	AGE62	7235	7234_JosephCotten_62_m
287	JosephCotten	46	AGE46	7220	7219_JosephCotten_46_m
287	JosephCotten	41	AGE41	7231	7230_JosephCotten_41_m
287	JosephCotten	87	AGE87	7230	7229_JosephCotten_87_m
287	JosephCotten	38	AGE38	7216	7215_JosephCotten_38_m
287	JosephCotten	60	AGE60	7226	7225_JosephCotten_60_m
287	JosephCotten	72	AGE72	7227	7226_JosephCotten_72_m
287	JosephCotten	47	AGE47	7221	7220_JosephCotten_47_m
287	JosephCotten	80	AGE80	7242	7241_JosephCotten_80_m
287	JosephCotten	48	AGE48	7222	7221_JosephCotten_48_m
287	JosephCotten	59	AGE59	7233	7232_JosephCotten_59_m
287	JosephCotten	36	AGE36	7213	7212_JosephCotten_36_m
287	JosephCotten	50	AGE50	7223	7222_JosephCotten_50_m
287	JosephCotten	42	AGE42	7219	7218_JosephCotten_42_m
287	JosephCotten	54	AGE54	7232	7231_JosephCotten_54_m
287	JosephCotten	39	AGE39	7217	7216_JosephCotten_39_m
287	JosephCotten	85	AGE85	7229	7228_JosephCotten_85_m
287	JosephCotten	35	AGE35	7212	7211_JosephCotten_35_m
287	JosephCotten	64	AGE64	7236	7235_JosephCotten_64_m
287	JosephCotten	51	AGE51	7224	7223_JosephCotten_51_m
287	JosephCotten	38	AGE38	7215	7214_JosephCotten_38_m
287	JosephCotten	55	AGE55	7225	7224_JosephCotten_55_m
287	JosephCotten	74	AGE74	7228	7227_JosephCotten_74_m
287	JosephCotten	70	AGE70	7240	7239_JosephCotten_70_m
287	JosephCotten	33	AGE33	7211	7210_JosephCotten_33_m
287	JosephCotten	40	AGE40	7218	7217_JosephCotten_40_m
287	JosephCotten	76	AGE76	7241	7240_JosephCotten_76_m
287	JosephCotten	61	AGE61	7234	7233_JosephCotten_61_m
288	AnitaEkberg	30	AGE30	10346	10345_AnitaEkberg_30_f
288	AnitaEkberg	43	AGE43	10356	10355_AnitaEkberg_43_f
288	AnitaEkberg	75	AGE75	10368	10367_AnitaEkberg_75_f
288	AnitaEkberg	67	AGE67	10364	10363_AnitaEkberg_67_f
288	AnitaEkberg	49	AGE49	10358	10357_AnitaEkberg_49_f
288	AnitaEkberg	79	AGE79	10369	10368_AnitaEkberg_79_f
288	AnitaEkberg	22	AGE22	10336	10335_AnitaEkberg_22_f
288	AnitaEkberg	41	AGE41	10355	10354_AnitaEkberg_41_f
288	AnitaEkberg	21	AGE21	10335	10334_AnitaEkberg_21_f
288	AnitaEkberg	39	AGE39	10354	10353_AnitaEkberg_39_f
288	AnitaEkberg	29	AGE29	10344	10343_AnitaEkberg_29_f
288	AnitaEkberg	31	AGE31	10347	10346_AnitaEkberg_31_f
288	AnitaEkberg	56	AGE56	10360	10359_AnitaEkberg_56_f
288	AnitaEkberg	51	AGE51	10359	10358_AnitaEkberg_51_f
288	AnitaEkberg	64	AGE64	10363	10362_AnitaEkberg_64_f
288	AnitaEkberg	28	AGE28	10343	10342_AnitaEkberg_28_f
288	AnitaEkberg	30	AGE30	10345	10344_AnitaEkberg_30_f
288	AnitaEkberg	36	AGE36	10352	10351_AnitaEkberg_36_f
288	AnitaEkberg	23	AGE23	10337	10336_AnitaEkberg_23_f
288	AnitaEkberg	74	AGE74	10367	10366_AnitaEkberg_74_f
288	AnitaEkberg	72	AGE72	10366	10365_AnitaEkberg_72_f
288	AnitaEkberg	27	AGE27	10342	10341_AnitaEkberg_27_f
288	AnitaEkberg	20	AGE20	10334	10333_AnitaEkberg_20_f
288	AnitaEkberg	38	AGE38	10353	10352_AnitaEkberg_38_f
288	AnitaEkberg	25	AGE25	10339	10338_AnitaEkberg_25_f
288	AnitaEkberg	34	AGE34	10350	10349_AnitaEkberg_34_f
288	AnitaEkberg	63	AGE63	10362	10361_AnitaEkberg_63_f
288	AnitaEkberg	61	AGE61	10361	10360_AnitaEkberg_61_f
288	AnitaEkberg	26	AGE26	10340	10339_AnitaEkberg_26_f
288	AnitaEkberg	33	AGE33	10349	10348_AnitaEkberg_33_f
288	AnitaEkberg	47	AGE47	10357	10356_AnitaEkberg_47_f
288	AnitaEkberg	35	AGE35	10351	10350_AnitaEkberg_35_f
288	AnitaEkberg	32	AGE32	10348	10347_AnitaEkberg_32_f
288	AnitaEkberg	82	AGE82	10370	10369_AnitaEkberg_82_f
288	AnitaEkberg	71	AGE71	10365	10364_AnitaEkberg_71_f
288	AnitaEkberg	26	AGE26	10341	10340_AnitaEkberg_26_f
288	AnitaEkberg	24	AGE24	10338	10337_AnitaEkberg_24_f
289	JohnWayne	28	AGE28	7208	7207_JohnWayne_28_m
289	JohnWayne	71	AGE71	7204	7203_JohnWayne_71_m
289	JohnWayne	41	AGE41	7194	7193_JohnWayne_41_m
289	JohnWayne	71	AGE71	7203	7202_JohnWayne_71_m
289	JohnWayne	68	AGE68	7202	7201_JohnWayne_68_m
289	JohnWayne	34	AGE34	7188	7187_JohnWayne_34_m
289	JohnWayne	34	AGE34	7185	7184_JohnWayne_34_m
289	JohnWayne	34	AGE34	7195	7194_JohnWayne_34_m
289	JohnWayne	68	AGE68	7200	7199_JohnWayne_68_m
289	JohnWayne	34	AGE34	7206	7205_JohnWayne_34_m
289	JohnWayne	45	AGE45	7187	7186_JohnWayne_45_m
289	JohnWayne	43	AGE43	7189	7188_JohnWayne_43_m
289	JohnWayne	40	AGE40	7196	7195_JohnWayne_40_m
289	JohnWayne	67	AGE67	7199	7198_JohnWayne_67_m
289	JohnWayne	34	AGE34	7192	7191_JohnWayne_34_m
289	JohnWayne	45	AGE45	7190	7189_JohnWayne_45_m
289	JohnWayne	49	AGE49	7197	7196_JohnWayne_49_m
289	JohnWayne	39	AGE39	7191	7190_JohnWayne_39_m
289	JohnWayne	25	AGE25	7205	7204_JohnWayne_25_m
289	JohnWayne	35	AGE35	7193	7192_JohnWayne_35_m
289	JohnWayne	62	AGE62	7198	7197_JohnWayne_62_m
289	JohnWayne	45	AGE45	7186	7185_JohnWayne_45_m
289	JohnWayne	69	AGE69	7201	7200_JohnWayne_69_m
289	JohnWayne	42	AGE42	7209	7208_JohnWayne_42_m
289	JohnWayne	36	AGE36	7207	7206_JohnWayne_36_m
290	CHARLIERUGGLES	75	AGE75	9524	9523_CHARLIERUGGLES_75_m
290	CHARLIERUGGLES	56	AGE56	9515	9514_CHARLIERUGGLES_56_m
290	CHARLIERUGGLES	69	AGE69	9520	9519_CHARLIERUGGLES_69_m
290	CHARLIERUGGLES	62	AGE62	9518	9517_CHARLIERUGGLES_62_m
290	CHARLIERUGGLES	71	AGE71	9521	9520_CHARLIERUGGLES_71_m
290	CHARLIERUGGLES	76	AGE76	9525	9524_CHARLIERUGGLES_76_m
290	CHARLIERUGGLES	79	AGE79	9528	9527_CHARLIERUGGLES_79_m
290	CHARLIERUGGLES	81	AGE81	9510	9509_CHARLIERUGGLES_81_m
290	CHARLIERUGGLES	78	AGE78	9527	9526_CHARLIERUGGLES_78_m
290	CHARLIERUGGLES	82	AGE82	9530	9529_CHARLIERUGGLES_82_m
290	CHARLIERUGGLES	73	AGE73	9522	9521_CHARLIERUGGLES_73_m
290	CHARLIERUGGLES	42	AGE42	9502	9501_CHARLIERUGGLES_42_m
290	CHARLIERUGGLES	47	AGE47	9507	9506_CHARLIERUGGLES_47_m
290	CHARLIERUGGLES	50	AGE50	9511	9510_CHARLIERUGGLES_50_m
290	CHARLIERUGGLES	58	AGE58	9516	9515_CHARLIERUGGLES_58_m
290	CHARLIERUGGLES	40	AGE40	9501	9500_CHARLIERUGGLES_40_m
290	CHARLIERUGGLES	77	AGE77	9526	9525_CHARLIERUGGLES_77_m
290	CHARLIERUGGLES	43	AGE43	9503	9502_CHARLIERUGGLES_43_m
290	CHARLIERUGGLES	52	AGE52	9513	9512_CHARLIERUGGLES_52_m
290	CHARLIERUGGLES	46	AGE46	9506	9505_CHARLIERUGGLES_46_m
290	CHARLIERUGGLES	65	AGE65	9519	9518_CHARLIERUGGLES_65_m
290	CHARLIERUGGLES	60	AGE60	9517	9516_CHARLIERUGGLES_60_m
290	CHARLIERUGGLES	80	AGE80	9529	9528_CHARLIERUGGLES_80_m
290	CHARLIERUGGLES	44	AGE44	9504	9503_CHARLIERUGGLES_44_m
290	CHARLIERUGGLES	54	AGE54	9514	9513_CHARLIERUGGLES_54_m
290	CHARLIERUGGLES	45	AGE45	9505	9504_CHARLIERUGGLES_45_m
290	CHARLIERUGGLES	83	AGE83	9531	9530_CHARLIERUGGLES_83_m
290	CHARLIERUGGLES	51	AGE51	9512	9511_CHARLIERUGGLES_51_m
290	CHARLIERUGGLES	49	AGE49	9509	9508_CHARLIERUGGLES_49_m
290	CHARLIERUGGLES	74	AGE74	9523	9522_CHARLIERUGGLES_74_m
290	CHARLIERUGGLES	48	AGE48	9508	9507_CHARLIERUGGLES_48_m
291	IlyaPrigogine	57	AGE57	1272	1271_IlyaPrigogine_57_m
291	IlyaPrigogine	80	AGE80	1281	1280_IlyaPrigogine_80_m
291	IlyaPrigogine	80	AGE80	1282	1281_IlyaPrigogine_80_m
291	IlyaPrigogine	72	AGE72	1277	1276_IlyaPrigogine_72_m
291	IlyaPrigogine	70	AGE70	1274	1273_IlyaPrigogine_70_m
291	IlyaPrigogine	65	AGE65	1268	1267_IlyaPrigogine_65_m
291	IlyaPrigogine	62	AGE62	1279	1278_IlyaPrigogine_62_m
291	IlyaPrigogine	78	AGE78	1270	1269_IlyaPrigogine_78_m
291	IlyaPrigogine	57	AGE57	1271	1270_IlyaPrigogine_57_m
291	IlyaPrigogine	73	AGE73	1276	1275_IlyaPrigogine_73_m
291	IlyaPrigogine	73	AGE73	1275	1274_IlyaPrigogine_73_m
291	IlyaPrigogine	80	AGE80	1280	1279_IlyaPrigogine_80_m
291	IlyaPrigogine	55	AGE55	1273	1272_IlyaPrigogine_55_m
291	IlyaPrigogine	82	AGE82	1269	1268_IlyaPrigogine_82_m
291	IlyaPrigogine	68	AGE68	1278	1277_IlyaPrigogine_68_m
292	KathrynHays	41	AGE41	10571	10570_KathrynHays_41_f
292	KathrynHays	40	AGE40	10570	10569_KathrynHays_40_f
292	KathrynHays	22	AGE22	10558	10557_KathrynHays_22_f
292	KathrynHays	32	AGE32	10563	10562_KathrynHays_32_f
292	KathrynHays	34	AGE34	10565	10564_KathrynHays_34_f
292	KathrynHays	25	AGE25	10560	10559_KathrynHays_25_f
292	KathrynHays	30	AGE30	10561	10560_KathrynHays_30_f
292	KathrynHays	75	AGE75	10583	10582_KathrynHays_75_f
292	KathrynHays	45	AGE45	10572	10571_KathrynHays_45_f
292	KathrynHays	31	AGE31	10562	10561_KathrynHays_31_f
292	KathrynHays	77	AGE77	10584	10583_KathrynHays_77_f
292	KathrynHays	35	AGE35	10566	10565_KathrynHays_35_f
292	KathrynHays	57	AGE57	10575	10574_KathrynHays_57_f
292	KathrynHays	63	AGE63	10578	10577_KathrynHays_63_f
292	KathrynHays	23	AGE23	10559	10558_KathrynHays_23_f
292	KathrynHays	17	AGE17	10556	10555_KathrynHays_17_f
292	KathrynHays	65	AGE65	10579	10578_KathrynHays_65_f
292	KathrynHays	67	AGE67	10580	10579_KathrynHays_67_f
292	KathrynHays	47	AGE47	10573	10572_KathrynHays_47_f
292	KathrynHays	62	AGE62	10577	10576_KathrynHays_62_f
292	KathrynHays	70	AGE70	10581	10580_KathrynHays_70_f
292	KathrynHays	20	AGE20	10557	10556_KathrynHays_20_f
292	KathrynHays	33	AGE33	10564	10563_KathrynHays_33_f
292	KathrynHays	37	AGE37	10568	10567_KathrynHays_37_f
292	KathrynHays	36	AGE36	10567	10566_KathrynHays_36_f
292	KathrynHays	72	AGE72	10582	10581_KathrynHays_72_f
292	KathrynHays	51	AGE51	10574	10573_KathrynHays_51_f
292	KathrynHays	38	AGE38	10569	10568_KathrynHays_38_f
292	KathrynHays	59	AGE59	10576	10575_KathrynHays_59_f
293	PeterGraves	25	AGE25	6670	6669_PeterGraves_25_m
293	PeterGraves	61	AGE61	6691	6690_PeterGraves_61_m
293	PeterGraves	27	AGE27	6672	6671_PeterGraves_27_m
293	PeterGraves	53	AGE53	6687	6686_PeterGraves_53_m
293	PeterGraves	51	AGE51	6702	6701_PeterGraves_51_m
293	PeterGraves	83	AGE83	6708	6707_PeterGraves_83_m
293	PeterGraves	70	AGE70	6694	6693_PeterGraves_70_m
293	PeterGraves	46	AGE46	6701	6700_PeterGraves_46_m
293	PeterGraves	40	AGE40	6681	6680_PeterGraves_40_m
293	PeterGraves	66	AGE66	6692	6691_PeterGraves_66_m
293	PeterGraves	42	AGE42	6700	6699_PeterGraves_42_m
293	PeterGraves	54	AGE54	6704	6703_PeterGraves_54_m
293	PeterGraves	23	AGE23	6668	6667_PeterGraves_23_m
293	PeterGraves	56	AGE56	6688	6687_PeterGraves_56_m
293	PeterGraves	79	AGE79	6696	6695_PeterGraves_79_m
293	PeterGraves	77	AGE77	6707	6706_PeterGraves_77_m
293	PeterGraves	39	AGE39	6680	6679_PeterGraves_39_m
293	PeterGraves	82	AGE82	6699	6698_PeterGraves_82_m
293	PeterGraves	52	AGE52	6703	6702_PeterGraves_52_m
293	PeterGraves	80	AGE80	6697	6696_PeterGraves_80_m
293	PeterGraves	37	AGE37	6679	6678_PeterGraves_37_m
293	PeterGraves	45	AGE45	6685	6684_PeterGraves_45_m
293	PeterGraves	44	AGE44	6684	6683_PeterGraves_44_m
293	PeterGraves	57	AGE57	6689	6688_PeterGraves_57_m
293	PeterGraves	36	AGE36	6678	6677_PeterGraves_36_m
293	PeterGraves	31	AGE31	6676	6675_PeterGraves_31_m
293	PeterGraves	81	AGE81	6698	6697_PeterGraves_81_m
293	PeterGraves	24	AGE24	6669	6668_PeterGraves_24_m
293	PeterGraves	43	AGE43	6683	6682_PeterGraves_43_m
293	PeterGraves	41	AGE41	6682	6681_PeterGraves_41_m
293	PeterGraves	34	AGE34	6677	6676_PeterGraves_34_m
293	PeterGraves	72	AGE72	6706	6705_PeterGraves_72_m
293	PeterGraves	29	AGE29	6674	6673_PeterGraves_29_m
293	PeterGraves	26	AGE26	6671	6670_PeterGraves_26_m
293	PeterGraves	69	AGE69	6693	6692_PeterGraves_69_m
293	PeterGraves	62	AGE62	6705	6704_PeterGraves_62_m
293	PeterGraves	30	AGE30	6675	6674_PeterGraves_30_m
293	PeterGraves	48	AGE48	6686	6685_PeterGraves_48_m
293	PeterGraves	60	AGE60	6690	6689_PeterGraves_60_m
293	PeterGraves	28	AGE28	6673	6672_PeterGraves_28_m
293	PeterGraves	75	AGE75	6695	6694_PeterGraves_75_m
294	JamieLeeCurtis	26	AGE26	12676	12675_JamieLeeCurtis_26_f
294	JamieLeeCurtis	22	AGE22	12674	12673_JamieLeeCurtis_22_f
294	JamieLeeCurtis	51	AGE51	12693	12692_JamieLeeCurtis_51_f
294	JamieLeeCurtis	40	AGE40	12684	12683_JamieLeeCurtis_40_f
294	JamieLeeCurtis	38	AGE38	12682	12681_JamieLeeCurtis_38_f
294	JamieLeeCurtis	21	AGE21	12673	12672_JamieLeeCurtis_21_f
294	JamieLeeCurtis	33	AGE33	12698	12697_JamieLeeCurtis_33_f
294	JamieLeeCurtis	29	AGE29	12678	12677_JamieLeeCurtis_29_f
294	JamieLeeCurtis	52	AGE52	12694	12693_JamieLeeCurtis_52_f
294	JamieLeeCurtis	50	AGE50	12696	12695_JamieLeeCurtis_50_f
294	JamieLeeCurtis	20	AGE20	12672	12671_JamieLeeCurtis_20_f
294	JamieLeeCurtis	55	AGE55	12695	12694_JamieLeeCurtis_55_f
294	JamieLeeCurtis	45	AGE45	12687	12686_JamieLeeCurtis_45_f
294	JamieLeeCurtis	28	AGE28	12697	12696_JamieLeeCurtis_28_f
294	JamieLeeCurtis	39	AGE39	12683	12682_JamieLeeCurtis_39_f
294	JamieLeeCurtis	31	AGE31	12679	12678_JamieLeeCurtis_31_f
294	JamieLeeCurtis	48	AGE48	12690	12689_JamieLeeCurtis_48_f
294	JamieLeeCurtis	25	AGE25	12675	12674_JamieLeeCurtis_25_f
294	JamieLeeCurtis	27	AGE27	12677	12676_JamieLeeCurtis_27_f
294	JamieLeeCurtis	50	AGE50	12692	12691_JamieLeeCurtis_50_f
294	JamieLeeCurtis	46	AGE46	12689	12688_JamieLeeCurtis_46_f
294	JamieLeeCurtis	42	AGE42	12686	12685_JamieLeeCurtis_42_f
294	JamieLeeCurtis	49	AGE49	12691	12690_JamieLeeCurtis_49_f
294	JamieLeeCurtis	41	AGE41	12685	12684_JamieLeeCurtis_41_f
294	JamieLeeCurtis	34	AGE34	12680	12679_JamieLeeCurtis_34_f
294	JamieLeeCurtis	38	AGE38	12681	12680_JamieLeeCurtis_38_f
294	JamieLeeCurtis	47	AGE47	12701	12700_JamieLeeCurtis_47_f
294	JamieLeeCurtis	46	AGE46	12688	12687_JamieLeeCurtis_46_f
294	JamieLeeCurtis	43	AGE43	12700	12699_JamieLeeCurtis_43_f
294	JamieLeeCurtis	36	AGE36	12699	12698_JamieLeeCurtis_36_f
295	JanetEllis	30	AGE30	15435	15434_JanetEllis_30_f
295	JanetEllis	7	AGE7	15422	15421_JanetEllis_7_f
295	JanetEllis	28	AGE28	15433	15432_JanetEllis_28_f
295	JanetEllis	49	AGE49	15447	15446_JanetEllis_49_f
295	JanetEllis	54	AGE54	15452	15451_JanetEllis_54_f
295	JanetEllis	56	AGE56	15454	15453_JanetEllis_56_f
295	JanetEllis	58	AGE58	15456	15455_JanetEllis_58_f
295	JanetEllis	53	AGE53	15451	15450_JanetEllis_53_f
295	JanetEllis	27	AGE27	15432	15431_JanetEllis_27_f
295	JanetEllis	46	AGE46	15445	15444_JanetEllis_46_f
295	JanetEllis	24	AGE24	15427	15426_JanetEllis_24_f
295	JanetEllis	34	AGE34	15439	15438_JanetEllis_34_f
295	JanetEllis	21	AGE21	15424	15423_JanetEllis_21_f
295	JanetEllis	35	AGE35	15440	15439_JanetEllis_35_f
295	JanetEllis	37	AGE37	15442	15441_JanetEllis_37_f
295	JanetEllis	39	AGE39	15443	15442_JanetEllis_39_f
295	JanetEllis	27	AGE27	15431	15430_JanetEllis_27_f
295	JanetEllis	36	AGE36	15441	15440_JanetEllis_36_f
295	JanetEllis	50	AGE50	15448	15447_JanetEllis_50_f
295	JanetEllis	23	AGE23	15426	15425_JanetEllis_23_f
295	JanetEllis	32	AGE32	15437	15436_JanetEllis_32_f
295	JanetEllis	33	AGE33	15438	15437_JanetEllis_33_f
295	JanetEllis	51	AGE51	15449	15448_JanetEllis_51_f
295	JanetEllis	22	AGE22	15425	15424_JanetEllis_22_f
295	JanetEllis	55	AGE55	15453	15452_JanetEllis_55_f
295	JanetEllis	29	AGE29	15434	15433_JanetEllis_29_f
295	JanetEllis	43	AGE43	15444	15443_JanetEllis_43_f
295	JanetEllis	20	AGE20	15423	15422_JanetEllis_20_f
295	JanetEllis	26	AGE26	15429	15428_JanetEllis_26_f
295	JanetEllis	60	AGE60	15458	15457_JanetEllis_60_f
295	JanetEllis	31	AGE31	15436	15435_JanetEllis_31_f
295	JanetEllis	25	AGE25	15428	15427_JanetEllis_25_f
295	JanetEllis	57	AGE57	15455	15454_JanetEllis_57_f
295	JanetEllis	48	AGE48	15446	15445_JanetEllis_48_f
295	JanetEllis	26	AGE26	15430	15429_JanetEllis_26_f
295	JanetEllis	52	AGE52	15450	15449_JanetEllis_52_f
295	JanetEllis	59	AGE59	15457	15456_JanetEllis_59_f
296	JaneRussell	33	AGE33	13117	13116_JaneRussell_33_f
296	JaneRussell	59	AGE59	13129	13128_JaneRussell_59_f
296	JaneRussell	85	AGE85	13137	13136_JaneRussell_85_f
296	JaneRussell	88	AGE88	13140	13139_JaneRussell_88_f
296	JaneRussell	64	AGE64	13130	13129_JaneRussell_64_f
296	JaneRussell	19	AGE19	13110	13109_JaneRussell_19_f
296	JaneRussell	37	AGE37	13120	13119_JaneRussell_37_f
296	JaneRussell	55	AGE55	13128	13127_JaneRussell_55_f
296	JaneRussell	21	AGE21	13111	13110_JaneRussell_21_f
296	JaneRussell	45	AGE45	13124	13123_JaneRussell_45_f
296	JaneRussell	86	AGE86	13138	13137_JaneRussell_86_f
296	JaneRussell	39	AGE39	13121	13120_JaneRussell_39_f
296	JaneRussell	50	AGE50	13126	13125_JaneRussell_50_f
296	JaneRussell	87	AGE87	13139	13138_JaneRussell_87_f
296	JaneRussell	42	AGE42	13122	13121_JaneRussell_42_f
296	JaneRussell	31	AGE31	13114	13113_JaneRussell_31_f
296	JaneRussell	82	AGE82	13135	13134_JaneRussell_82_f
296	JaneRussell	30	AGE30	13113	13112_JaneRussell_30_f
296	JaneRussell	84	AGE84	13136	13135_JaneRussell_84_f
296	JaneRussell	27	AGE27	13112	13111_JaneRussell_27_f
296	JaneRussell	35	AGE35	13119	13118_JaneRussell_35_f
296	JaneRussell	52	AGE52	13127	13126_JaneRussell_52_f
296	JaneRussell	31	AGE31	13115	13114_JaneRussell_31_f
296	JaneRussell	43	AGE43	13123	13122_JaneRussell_43_f
296	JaneRussell	67	AGE67	13131	13130_JaneRussell_67_f
296	JaneRussell	48	AGE48	13125	13124_JaneRussell_48_f
296	JaneRussell	34	AGE34	13118	13117_JaneRussell_34_f
296	JaneRussell	69	AGE69	13132	13131_JaneRussell_69_f
296	JaneRussell	76	AGE76	13133	13132_JaneRussell_76_f
296	JaneRussell	80	AGE80	13134	13133_JaneRussell_80_f
296	JaneRussell	32	AGE32	13116	13115_JaneRussell_32_f
297	TildaSwinton	39	AGE39	11769	11768_TildaSwinton_39_f
297	TildaSwinton	27	AGE27	11764	11763_TildaSwinton_27_f
297	TildaSwinton	50	AGE50	11780	11779_TildaSwinton_50_f
297	TildaSwinton	46	AGE46	11776	11775_TildaSwinton_46_f
297	TildaSwinton	38	AGE38	11768	11767_TildaSwinton_38_f
297	TildaSwinton	24	AGE24	11762	11761_TildaSwinton_24_f
297	TildaSwinton	49	AGE49	11779	11778_TildaSwinton_49_f
297	TildaSwinton	40	AGE40	11770	11769_TildaSwinton_40_f
297	TildaSwinton	41	AGE41	11771	11770_TildaSwinton_41_f
297	TildaSwinton	47	AGE47	11777	11776_TildaSwinton_47_f
297	TildaSwinton	45	AGE45	11775	11774_TildaSwinton_45_f
297	TildaSwinton	28	AGE28	11765	11764_TildaSwinton_28_f
297	TildaSwinton	52	AGE52	11781	11780_TildaSwinton_52_f
297	TildaSwinton	29	AGE29	11766	11765_TildaSwinton_29_f
297	TildaSwinton	25	AGE25	11763	11762_TildaSwinton_25_f
297	TildaSwinton	42	AGE42	11772	11771_TildaSwinton_42_f
297	TildaSwinton	48	AGE48	11778	11777_TildaSwinton_48_f
297	TildaSwinton	43	AGE43	11773	11772_TildaSwinton_43_f
297	TildaSwinton	32	AGE32	11767	11766_TildaSwinton_32_f
297	TildaSwinton	44	AGE44	11774	11773_TildaSwinton_44_f
298	FrankSinatra	65	AGE65	8630	8629_FrankSinatra_65_m
298	FrankSinatra	55	AGE55	8618	8617_FrankSinatra_55_m
298	FrankSinatra	43	AGE43	8619	8618_FrankSinatra_43_m
298	FrankSinatra	51	AGE51	8635	8634_FrankSinatra_51_m
298	FrankSinatra	40	AGE40	8625	8624_FrankSinatra_40_m
298	FrankSinatra	53	AGE53	8612	8611_FrankSinatra_53_m
298	FrankSinatra	40	AGE40	8626	8625_FrankSinatra_40_m
298	FrankSinatra	32	AGE32	8611	8610_FrankSinatra_32_m
298	FrankSinatra	62	AGE62	8614	8613_FrankSinatra_62_m
298	FrankSinatra	43	AGE43	8629	8628_FrankSinatra_43_m
298	FrankSinatra	47	AGE47	8615	8614_FrankSinatra_47_m
298	FrankSinatra	27	AGE27	8634	8633_FrankSinatra_27_m
298	FrankSinatra	57	AGE57	8613	8612_FrankSinatra_57_m
298	FrankSinatra	45	AGE45	8616	8615_FrankSinatra_45_m
298	FrankSinatra	35	AGE35	8622	8621_FrankSinatra_35_m
298	FrankSinatra	38	AGE38	8620	8619_FrankSinatra_38_m
298	FrankSinatra	48	AGE48	8628	8627_FrankSinatra_48_m
298	FrankSinatra	22	AGE22	8637	8636_FrankSinatra_22_m
298	FrankSinatra	52	AGE52	8621	8620_FrankSinatra_52_m
298	FrankSinatra	28	AGE28	8633	8632_FrankSinatra_28_m
298	FrankSinatra	42	AGE42	8627	8626_FrankSinatra_42_m
298	FrankSinatra	42	AGE42	8617	8616_FrankSinatra_42_m
298	FrankSinatra	23	AGE23	8632	8631_FrankSinatra_23_m
298	FrankSinatra	24	AGE24	8631	8630_FrankSinatra_24_m
298	FrankSinatra	39	AGE39	8624	8623_FrankSinatra_39_m
298	FrankSinatra	38	AGE38	8623	8622_FrankSinatra_38_m
298	FrankSinatra	65	AGE65	8636	8635_FrankSinatra_65_m
299	GeorgeMontgomery	24	AGE24	9311	9310_GeorgeMontgomery_24_m
299	GeorgeMontgomery	43	AGE43	9323	9322_GeorgeMontgomery_43_m
299	GeorgeMontgomery	31	AGE31	9316	9315_GeorgeMontgomery_31_m
299	GeorgeMontgomery	21	AGE21	9309	9308_GeorgeMontgomery_21_m
299	GeorgeMontgomery	50	AGE50	9327	9326_GeorgeMontgomery_50_m
299	GeorgeMontgomery	47	AGE47	9325	9324_GeorgeMontgomery_47_m
299	GeorgeMontgomery	62	AGE62	9332	9331_GeorgeMontgomery_62_m
299	GeorgeMontgomery	22	AGE22	9310	9309_GeorgeMontgomery_22_m
299	GeorgeMontgomery	42	AGE42	9322	9321_GeorgeMontgomery_42_m
299	GeorgeMontgomery	51	AGE51	9328	9327_GeorgeMontgomery_51_m
299	GeorgeMontgomery	25	AGE25	9312	9311_GeorgeMontgomery_25_m
299	GeorgeMontgomery	59	AGE59	9331	9330_GeorgeMontgomery_59_m
299	GeorgeMontgomery	38	AGE38	9319	9318_GeorgeMontgomery_38_m
299	GeorgeMontgomery	34	AGE34	9317	9316_GeorgeMontgomery_34_m
299	GeorgeMontgomery	40	AGE40	9321	9320_GeorgeMontgomery_40_m
299	GeorgeMontgomery	53	AGE53	9329	9328_GeorgeMontgomery_53_m
299	GeorgeMontgomery	29	AGE29	9315	9314_GeorgeMontgomery_29_m
299	GeorgeMontgomery	49	AGE49	9326	9325_GeorgeMontgomery_49_m
299	GeorgeMontgomery	36	AGE36	9318	9317_GeorgeMontgomery_36_m
299	GeorgeMontgomery	55	AGE55	9330	9329_GeorgeMontgomery_55_m
299	GeorgeMontgomery	26	AGE26	9313	9312_GeorgeMontgomery_26_m
299	GeorgeMontgomery	27	AGE27	9314	9313_GeorgeMontgomery_27_m
299	GeorgeMontgomery	39	AGE39	9320	9319_GeorgeMontgomery_39_m
299	GeorgeMontgomery	45	AGE45	9324	9323_GeorgeMontgomery_45_m
300	PeterMarkRichman	39	AGE39	7474	7473_PeterMarkRichman_39_m
300	PeterMarkRichman	30	AGE30	7467	7466_PeterMarkRichman_30_m
300	PeterMarkRichman	78	AGE78	7495	7494_PeterMarkRichman_78_m
300	PeterMarkRichman	62	AGE62	7491	7490_PeterMarkRichman_62_m
300	PeterMarkRichman	60	AGE60	7479	7478_PeterMarkRichman_60_m
300	PeterMarkRichman	80	AGE80	7497	7496_PeterMarkRichman_80_m
300	PeterMarkRichman	46	AGE46	7487	7486_PeterMarkRichman_46_m
300	PeterMarkRichman	73	AGE73	7494	7493_PeterMarkRichman_73_m
300	PeterMarkRichman	55	AGE55	7477	7476_PeterMarkRichman_55_m
300	PeterMarkRichman	42	AGE42	7483	7482_PeterMarkRichman_42_m
300	PeterMarkRichman	33	AGE33	7470	7469_PeterMarkRichman_33_m
300	PeterMarkRichman	31	AGE31	7468	7467_PeterMarkRichman_31_m
300	PeterMarkRichman	37	AGE37	7473	7472_PeterMarkRichman_37_m
300	PeterMarkRichman	36	AGE36	7472	7471_PeterMarkRichman_36_m
300	PeterMarkRichman	40	AGE40	7475	7474_PeterMarkRichman_40_m
300	PeterMarkRichman	79	AGE79	7496	7495_PeterMarkRichman_79_m
300	PeterMarkRichman	32	AGE32	7469	7468_PeterMarkRichman_32_m
300	PeterMarkRichman	75	AGE75	7482	7481_PeterMarkRichman_75_m
300	PeterMarkRichman	66	AGE66	7492	7491_PeterMarkRichman_66_m
300	PeterMarkRichman	34	AGE34	7471	7470_PeterMarkRichman_34_m
300	PeterMarkRichman	64	AGE64	7481	7480_PeterMarkRichman_64_m
300	PeterMarkRichman	44	AGE44	7485	7484_PeterMarkRichman_44_m
300	PeterMarkRichman	41	AGE41	7476	7475_PeterMarkRichman_41_m
300	PeterMarkRichman	49	AGE49	7489	7488_PeterMarkRichman_49_m
300	PeterMarkRichman	59	AGE59	7478	7477_PeterMarkRichman_59_m
300	PeterMarkRichman	61	AGE61	7480	7479_PeterMarkRichman_61_m
300	PeterMarkRichman	43	AGE43	7484	7483_PeterMarkRichman_43_m
300	PeterMarkRichman	71	AGE71	7493	7492_PeterMarkRichman_71_m
300	PeterMarkRichman	51	AGE51	7490	7489_PeterMarkRichman_51_m
300	PeterMarkRichman	45	AGE45	7486	7485_PeterMarkRichman_45_m
300	PeterMarkRichman	47	AGE47	7488	7487_PeterMarkRichman_47_m
301	JudyGarland	46	AGE46	14059	14058_JudyGarland_46_f
301	JudyGarland	32	AGE32	14047	14046_JudyGarland_32_f
301	JudyGarland	41	AGE41	14056	14055_JudyGarland_41_f
301	JudyGarland	13	AGE13	14037	14036_JudyGarland_13_f
301	JudyGarland	40	AGE40	14054	14053_JudyGarland_40_f
301	JudyGarland	31	AGE31	14046	14045_JudyGarland_31_f
301	JudyGarland	35	AGE35	14049	14048_JudyGarland_35_f
301	JudyGarland	42	AGE42	14057	14056_JudyGarland_42_f
301	JudyGarland	23	AGE23	14043	14042_JudyGarland_23_f
301	JudyGarland	26	AGE26	14044	14043_JudyGarland_26_f
301	JudyGarland	39	AGE39	14053	14052_JudyGarland_39_f
301	JudyGarland	33	AGE33	14048	14047_JudyGarland_33_f
301	JudyGarland	19	AGE19	14040	14039_JudyGarland_19_f
301	JudyGarland	39	AGE39	14052	14051_JudyGarland_39_f
301	JudyGarland	16	AGE16	14039	14038_JudyGarland_16_f
301	JudyGarland	21	AGE21	14041	14040_JudyGarland_21_f
301	JudyGarland	45	AGE45	14060	14059_JudyGarland_45_f
301	JudyGarland	41	AGE41	14055	14054_JudyGarland_41_f
301	JudyGarland	15	AGE15	14038	14037_JudyGarland_15_f
301	JudyGarland	27	AGE27	14045	14044_JudyGarland_27_f
301	JudyGarland	43	AGE43	14058	14057_JudyGarland_43_f
301	JudyGarland	8	AGE8	14036	14035_JudyGarland_8_f
301	JudyGarland	38	AGE38	14051	14050_JudyGarland_38_f
301	JudyGarland	21	AGE21	14042	14041_JudyGarland_21_f
301	JudyGarland	38	AGE38	14050	14049_JudyGarland_38_f
302	ClaudeRich	55	AGE55	2475	2474_ClaudeRich_55_m
302	ClaudeRich	37	AGE37	2463	2462_ClaudeRich_37_m
302	ClaudeRich	77	AGE77	2492	2491_ClaudeRich_77_m
302	ClaudeRich	78	AGE78	2493	2492_ClaudeRich_78_m
302	ClaudeRich	81	AGE81	2496	2495_ClaudeRich_81_m
302	ClaudeRich	51	AGE51	2472	2471_ClaudeRich_51_m
302	ClaudeRich	56	AGE56	2476	2475_ClaudeRich_56_m
302	ClaudeRich	61	AGE61	2479	2478_ClaudeRich_61_m
302	ClaudeRich	30	AGE30	2458	2457_ClaudeRich_30_m
302	ClaudeRich	33	AGE33	2460	2459_ClaudeRich_33_m
302	ClaudeRich	64	AGE64	2481	2480_ClaudeRich_64_m
302	ClaudeRich	39	AGE39	2465	2464_ClaudeRich_39_m
302	ClaudeRich	72	AGE72	2487	2486_ClaudeRich_72_m
302	ClaudeRich	44	AGE44	2468	2467_ClaudeRich_44_m
302	ClaudeRich	38	AGE38	2464	2463_ClaudeRich_38_m
302	ClaudeRich	66	AGE66	2483	2482_ClaudeRich_66_m
302	ClaudeRich	67	AGE67	2484	2483_ClaudeRich_67_m
302	ClaudeRich	40	AGE40	2466	2465_ClaudeRich_40_m
302	ClaudeRich	41	AGE41	2467	2466_ClaudeRich_41_m
302	ClaudeRich	60	AGE60	2478	2477_ClaudeRich_60_m
302	ClaudeRich	35	AGE35	2461	2460_ClaudeRich_35_m
302	ClaudeRich	46	AGE46	2470	2469_ClaudeRich_46_m
302	ClaudeRich	63	AGE63	2480	2479_ClaudeRich_63_m
302	ClaudeRich	53	AGE53	2474	2473_ClaudeRich_53_m
302	ClaudeRich	82	AGE82	2497	2496_ClaudeRich_82_m
302	ClaudeRich	74	AGE74	2489	2488_ClaudeRich_74_m
302	ClaudeRich	65	AGE65	2482	2481_ClaudeRich_65_m
302	ClaudeRich	73	AGE73	2488	2487_ClaudeRich_73_m
302	ClaudeRich	59	AGE59	2477	2476_ClaudeRich_59_m
302	ClaudeRich	70	AGE70	2486	2485_ClaudeRich_70_m
302	ClaudeRich	52	AGE52	2473	2472_ClaudeRich_52_m
302	ClaudeRich	32	AGE32	2459	2458_ClaudeRich_32_m
302	ClaudeRich	45	AGE45	2469	2468_ClaudeRich_45_m
302	ClaudeRich	75	AGE75	2490	2489_ClaudeRich_75_m
302	ClaudeRich	79	AGE79	2494	2493_ClaudeRich_79_m
302	ClaudeRich	36	AGE36	2462	2461_ClaudeRich_36_m
302	ClaudeRich	49	AGE49	2471	2470_ClaudeRich_49_m
302	ClaudeRich	80	AGE80	2495	2494_ClaudeRich_80_m
302	ClaudeRich	68	AGE68	2485	2484_ClaudeRich_68_m
302	ClaudeRich	76	AGE76	2491	2490_ClaudeRich_76_m
303	GeneHackman	37	AGE37	3229	3228_GeneHackman_37_m
303	GeneHackman	78	AGE78	3241	3240_GeneHackman_78_m
303	GeneHackman	81	AGE81	3252	3251_GeneHackman_81_m
303	GeneHackman	74	AGE74	3237	3236_GeneHackman_74_m
303	GeneHackman	47	AGE47	3239	3238_GeneHackman_47_m
303	GeneHackman	80	AGE80	3227	3226_GeneHackman_80_m
303	GeneHackman	55	AGE55	3245	3244_GeneHackman_55_m
303	GeneHackman	71	AGE71	3235	3234_GeneHackman_71_m
303	GeneHackman	37	AGE37	3226	3225_GeneHackman_37_m
303	GeneHackman	52	AGE52	3259	3258_GeneHackman_52_m
303	GeneHackman	38	AGE38	3230	3229_GeneHackman_38_m
303	GeneHackman	74	AGE74	3247	3246_GeneHackman_74_m
303	GeneHackman	45	AGE45	3254	3253_GeneHackman_45_m
303	GeneHackman	42	AGE42	3233	3232_GeneHackman_42_m
303	GeneHackman	40	AGE40	3232	3231_GeneHackman_40_m
303	GeneHackman	60	AGE60	3253	3252_GeneHackman_60_m
303	GeneHackman	51	AGE51	3256	3255_GeneHackman_51_m
303	GeneHackman	48	AGE48	3249	3248_GeneHackman_48_m
303	GeneHackman	77	AGE77	3248	3247_GeneHackman_77_m
303	GeneHackman	55	AGE55	3238	3237_GeneHackman_55_m
303	GeneHackman	50	AGE50	3257	3256_GeneHackman_50_m
303	GeneHackman	51	AGE51	3255	3254_GeneHackman_51_m
303	GeneHackman	56	AGE56	3243	3242_GeneHackman_56_m
303	GeneHackman	56	AGE56	3231	3230_GeneHackman_56_m
303	GeneHackman	31	AGE31	3228	3227_GeneHackman_31_m
303	GeneHackman	55	AGE55	3258	3257_GeneHackman_55_m
303	GeneHackman	48	AGE48	3240	3239_GeneHackman_48_m
303	GeneHackman	16	AGE16	3236	3235_GeneHackman_16_m
303	GeneHackman	71	AGE71	3246	3245_GeneHackman_71_m
303	GeneHackman	42	AGE42	3251	3250_GeneHackman_42_m
303	GeneHackman	63	AGE63	3244	3243_GeneHackman_63_m
303	GeneHackman	78	AGE78	3234	3233_GeneHackman_78_m
303	GeneHackman	50	AGE50	3242	3241_GeneHackman_50_m
303	GeneHackman	45	AGE45	3250	3249_GeneHackman_45_m
304	DavidNiven	42	AGE42	7040	7039_DavidNiven_42_m
304	DavidNiven	69	AGE69	7049	7048_DavidNiven_69_m
304	DavidNiven	29	AGE29	7031	7030_DavidNiven_29_m
304	DavidNiven	40	AGE40	7039	7038_DavidNiven_40_m
304	DavidNiven	56	AGE56	7045	7044_DavidNiven_56_m
304	DavidNiven	32	AGE32	7034	7033_DavidNiven_32_m
304	DavidNiven	36	AGE36	7055	7054_DavidNiven_36_m
304	DavidNiven	70	AGE70	7062	7061_DavidNiven_70_m
304	DavidNiven	30	AGE30	7033	7032_DavidNiven_30_m
304	DavidNiven	48	AGE48	7057	7056_DavidNiven_48_m
304	DavidNiven	65	AGE65	7047	7046_DavidNiven_65_m
304	DavidNiven	52	AGE52	7058	7057_DavidNiven_52_m
304	DavidNiven	72	AGE72	7051	7050_DavidNiven_72_m
304	DavidNiven	66	AGE66	7061	7060_DavidNiven_66_m
304	DavidNiven	35	AGE35	7054	7053_DavidNiven_35_m
304	DavidNiven	73	AGE73	7052	7051_DavidNiven_73_m
304	DavidNiven	33	AGE33	7036	7035_DavidNiven_33_m
304	DavidNiven	20	AGE20	7027	7026_DavidNiven_20_m
304	DavidNiven	28	AGE28	7030	7029_DavidNiven_28_m
304	DavidNiven	68	AGE68	7048	7047_DavidNiven_68_m
304	DavidNiven	41	AGE41	7056	7055_DavidNiven_41_m
304	DavidNiven	69	AGE69	7050	7049_DavidNiven_69_m
304	DavidNiven	51	AGE51	7043	7042_DavidNiven_51_m
304	DavidNiven	23	AGE23	7053	7052_DavidNiven_23_m
304	DavidNiven	34	AGE34	7037	7036_DavidNiven_34_m
304	DavidNiven	59	AGE59	7046	7045_DavidNiven_59_m
304	DavidNiven	53	AGE53	7059	7058_DavidNiven_53_m
304	DavidNiven	64	AGE64	7060	7059_DavidNiven_64_m
304	DavidNiven	47	AGE47	7042	7041_DavidNiven_47_m
304	DavidNiven	32	AGE32	7035	7034_DavidNiven_32_m
304	DavidNiven	29	AGE29	7032	7031_DavidNiven_29_m
304	DavidNiven	26	AGE26	7028	7027_DavidNiven_26_m
304	DavidNiven	37	AGE37	7038	7037_DavidNiven_37_m
304	DavidNiven	71	AGE71	7063	7062_DavidNiven_71_m
304	DavidNiven	44	AGE44	7041	7040_DavidNiven_44_m
304	DavidNiven	54	AGE54	7044	7043_DavidNiven_54_m
304	DavidNiven	27	AGE27	7029	7028_DavidNiven_27_m
305	TanyaRoberts	55	AGE55	11326	11325_TanyaRoberts_55_f
305	TanyaRoberts	32	AGE32	11315	11314_TanyaRoberts_32_f
305	TanyaRoberts	19	AGE19	11309	11308_TanyaRoberts_19_f
305	TanyaRoberts	52	AGE52	11323	11322_TanyaRoberts_52_f
305	TanyaRoberts	39	AGE39	11319	11318_TanyaRoberts_39_f
305	TanyaRoberts	44	AGE44	11322	11321_TanyaRoberts_44_f
305	TanyaRoberts	17	AGE17	11307	11306_TanyaRoberts_17_f
305	TanyaRoberts	18	AGE18	11308	11307_TanyaRoberts_18_f
305	TanyaRoberts	22	AGE22	11312	11311_TanyaRoberts_22_f
305	TanyaRoberts	20	AGE20	11310	11309_TanyaRoberts_20_f
305	TanyaRoberts	16	AGE16	11306	11305_TanyaRoberts_16_f
305	TanyaRoberts	40	AGE40	11320	11319_TanyaRoberts_40_f
305	TanyaRoberts	36	AGE36	11318	11317_TanyaRoberts_36_f
305	TanyaRoberts	34	AGE34	11317	11316_TanyaRoberts_34_f
305	TanyaRoberts	33	AGE33	11316	11315_TanyaRoberts_33_f
305	TanyaRoberts	53	AGE53	11324	11323_TanyaRoberts_53_f
305	TanyaRoberts	43	AGE43	11321	11320_TanyaRoberts_43_f
305	TanyaRoberts	29	AGE29	11314	11313_TanyaRoberts_29_f
305	TanyaRoberts	54	AGE54	11325	11324_TanyaRoberts_54_f
305	TanyaRoberts	23	AGE23	11313	11312_TanyaRoberts_23_f
305	TanyaRoberts	21	AGE21	11311	11310_TanyaRoberts_21_f
306	KrisKristofferson	53	AGE53	7256	7255_KrisKristofferson_53_m
306	KrisKristofferson	68	AGE68	7264	7263_KrisKristofferson_68_m
306	KrisKristofferson	36	AGE36	7246	7245_KrisKristofferson_36_m
306	KrisKristofferson	32	AGE32	7244	7243_KrisKristofferson_32_m
306	KrisKristofferson	74	AGE74	7270	7269_KrisKristofferson_74_m
306	KrisKristofferson	37	AGE37	7247	7246_KrisKristofferson_37_m
306	KrisKristofferson	59	AGE59	7259	7258_KrisKristofferson_59_m
306	KrisKristofferson	45	AGE45	7251	7250_KrisKristofferson_45_m
306	KrisKristofferson	38	AGE38	7248	7247_KrisKristofferson_38_m
306	KrisKristofferson	72	AGE72	7268	7267_KrisKristofferson_72_m
306	KrisKristofferson	64	AGE64	7262	7261_KrisKristofferson_64_m
306	KrisKristofferson	58	AGE58	7258	7257_KrisKristofferson_58_m
306	KrisKristofferson	70	AGE70	7266	7265_KrisKristofferson_70_m
306	KrisKristofferson	66	AGE66	7263	7262_KrisKristofferson_66_m
306	KrisKristofferson	62	AGE62	7261	7260_KrisKristofferson_62_m
306	KrisKristofferson	49	AGE49	7253	7252_KrisKristofferson_49_m
306	KrisKristofferson	69	AGE69	7265	7264_KrisKristofferson_69_m
306	KrisKristofferson	50	AGE50	7254	7253_KrisKristofferson_50_m
306	KrisKristofferson	73	AGE73	7269	7268_KrisKristofferson_73_m
306	KrisKristofferson	57	AGE57	7257	7256_KrisKristofferson_57_m
306	KrisKristofferson	71	AGE71	7267	7266_KrisKristofferson_71_m
306	KrisKristofferson	40	AGE40	7249	7248_KrisKristofferson_40_m
306	KrisKristofferson	24	AGE24	7243	7242_KrisKristofferson_24_m
306	KrisKristofferson	47	AGE47	7252	7251_KrisKristofferson_47_m
306	KrisKristofferson	52	AGE52	7255	7254_KrisKristofferson_52_m
306	KrisKristofferson	35	AGE35	7245	7244_KrisKristofferson_35_m
306	KrisKristofferson	41	AGE41	7250	7249_KrisKristofferson_41_m
306	KrisKristofferson	60	AGE60	7260	7259_KrisKristofferson_60_m
306	KrisKristofferson	78	AGE78	7271	7270_KrisKristofferson_78_m
307	GiulianoGemma	44	AGE44	7997	7996_GiulianoGemma_44_m
307	GiulianoGemma	43	AGE43	7996	7995_GiulianoGemma_43_m
307	GiulianoGemma	24	AGE24	7978	7977_GiulianoGemma_24_m
307	GiulianoGemma	55	AGE55	8004	8003_GiulianoGemma_55_m
307	GiulianoGemma	51	AGE51	8002	8001_GiulianoGemma_51_m
307	GiulianoGemma	68	AGE68	8012	8011_GiulianoGemma_68_m
307	GiulianoGemma	66	AGE66	8010	8009_GiulianoGemma_66_m
307	GiulianoGemma	45	AGE45	7998	7997_GiulianoGemma_45_m
307	GiulianoGemma	63	AGE63	8007	8006_GiulianoGemma_63_m
307	GiulianoGemma	47	AGE47	7999	7998_GiulianoGemma_47_m
307	GiulianoGemma	62	AGE62	8006	8005_GiulianoGemma_62_m
307	GiulianoGemma	27	AGE27	7981	7980_GiulianoGemma_27_m
307	GiulianoGemma	73	AGE73	8016	8015_GiulianoGemma_73_m
307	GiulianoGemma	69	AGE69	8013	8012_GiulianoGemma_69_m
307	GiulianoGemma	48	AGE48	8000	7999_GiulianoGemma_48_m
307	GiulianoGemma	28	AGE28	7982	7981_GiulianoGemma_28_m
307	GiulianoGemma	36	AGE36	7990	7989_GiulianoGemma_36_m
307	GiulianoGemma	49	AGE49	8001	8000_GiulianoGemma_49_m
307	GiulianoGemma	64	AGE64	8008	8007_GiulianoGemma_64_m
307	GiulianoGemma	42	AGE42	7995	7994_GiulianoGemma_42_m
307	GiulianoGemma	37	AGE37	7991	7990_GiulianoGemma_37_m
307	GiulianoGemma	65	AGE65	8009	8008_GiulianoGemma_65_m
307	GiulianoGemma	38	AGE38	7992	7991_GiulianoGemma_38_m
307	GiulianoGemma	72	AGE72	8015	8014_GiulianoGemma_72_m
307	GiulianoGemma	20	AGE20	7977	7976_GiulianoGemma_20_m
307	GiulianoGemma	33	AGE33	7987	7986_GiulianoGemma_33_m
307	GiulianoGemma	29	AGE29	7983	7982_GiulianoGemma_29_m
307	GiulianoGemma	39	AGE39	7993	7992_GiulianoGemma_39_m
307	GiulianoGemma	32	AGE32	7986	7985_GiulianoGemma_32_m
307	GiulianoGemma	67	AGE67	8011	8010_GiulianoGemma_67_m
307	GiulianoGemma	34	AGE34	7988	7987_GiulianoGemma_34_m
307	GiulianoGemma	60	AGE60	8005	8004_GiulianoGemma_60_m
307	GiulianoGemma	75	AGE75	8017	8016_GiulianoGemma_75_m
307	GiulianoGemma	52	AGE52	8003	8002_GiulianoGemma_52_m
307	GiulianoGemma	35	AGE35	7989	7988_GiulianoGemma_35_m
307	GiulianoGemma	31	AGE31	7985	7984_GiulianoGemma_31_m
307	GiulianoGemma	41	AGE41	7994	7993_GiulianoGemma_41_m
307	GiulianoGemma	25	AGE25	7979	7978_GiulianoGemma_25_m
307	GiulianoGemma	70	AGE70	8014	8013_GiulianoGemma_70_m
307	GiulianoGemma	30	AGE30	7984	7983_GiulianoGemma_30_m
307	GiulianoGemma	26	AGE26	7980	7979_GiulianoGemma_26_m
308	JanetLeigh	71	AGE71	12727	12726_JanetLeigh_71_f
308	JanetLeigh	27	AGE27	12707	12706_JanetLeigh_27_f
308	JanetLeigh	48	AGE48	12721	12720_JanetLeigh_48_f
308	JanetLeigh	53	AGE53	12723	12722_JanetLeigh_53_f
308	JanetLeigh	32	AGE32	12711	12710_JanetLeigh_32_f
308	JanetLeigh	75	AGE75	12730	12729_JanetLeigh_75_f
308	JanetLeigh	31	AGE31	12710	12709_JanetLeigh_31_f
308	JanetLeigh	25	AGE25	12706	12705_JanetLeigh_25_f
308	JanetLeigh	77	AGE77	12732	12731_JanetLeigh_77_f
308	JanetLeigh	39	AGE39	12717	12716_JanetLeigh_39_f
308	JanetLeigh	58	AGE58	12724	12723_JanetLeigh_58_f
308	JanetLeigh	44	AGE44	12719	12718_JanetLeigh_44_f
308	JanetLeigh	74	AGE74	12729	12728_JanetLeigh_74_f
308	JanetLeigh	24	AGE24	12705	12704_JanetLeigh_24_f
308	JanetLeigh	76	AGE76	12731	12730_JanetLeigh_76_f
308	JanetLeigh	73	AGE73	12728	12727_JanetLeigh_73_f
308	JanetLeigh	45	AGE45	12720	12719_JanetLeigh_45_f
308	JanetLeigh	36	AGE36	12714	12713_JanetLeigh_36_f
308	JanetLeigh	51	AGE51	12722	12721_JanetLeigh_51_f
308	JanetLeigh	40	AGE40	12718	12717_JanetLeigh_40_f
308	JanetLeigh	28	AGE28	12708	12707_JanetLeigh_28_f
308	JanetLeigh	35	AGE35	12713	12712_JanetLeigh_35_f
308	JanetLeigh	37	AGE37	12715	12714_JanetLeigh_37_f
308	JanetLeigh	22	AGE22	12703	12702_JanetLeigh_22_f
308	JanetLeigh	30	AGE30	12709	12708_JanetLeigh_30_f
308	JanetLeigh	63	AGE63	12725	12724_JanetLeigh_63_f
308	JanetLeigh	68	AGE68	12726	12725_JanetLeigh_68_f
308	JanetLeigh	23	AGE23	12704	12703_JanetLeigh_23_f
308	JanetLeigh	34	AGE34	12712	12711_JanetLeigh_34_f
308	JanetLeigh	38	AGE38	12716	12715_JanetLeigh_38_f
308	JanetLeigh	21	AGE21	12702	12701_JanetLeigh_21_f
309	WilliamDafoe	30	AGE30	4465	4464_WilliamDafoe_30_m
309	WilliamDafoe	36	AGE36	4467	4466_WilliamDafoe_36_m
309	WilliamDafoe	48	AGE48	4477	4476_WilliamDafoe_48_m
309	WilliamDafoe	29	AGE29	4462	4461_WilliamDafoe_29_m
309	WilliamDafoe	46	AGE46	4475	4474_WilliamDafoe_46_m
309	WilliamDafoe	34	AGE34	4466	4465_WilliamDafoe_34_m
309	WilliamDafoe	44	AGE44	4473	4472_WilliamDafoe_44_m
309	WilliamDafoe	51	AGE51	4481	4480_WilliamDafoe_51_m
309	WilliamDafoe	42	AGE42	4471	4470_WilliamDafoe_42_m
309	WilliamDafoe	49	AGE49	4479	4478_WilliamDafoe_49_m
309	WilliamDafoe	29	AGE29	4463	4462_WilliamDafoe_29_m
309	WilliamDafoe	45	AGE45	4474	4473_WilliamDafoe_45_m
309	WilliamDafoe	26	AGE26	4459	4458_WilliamDafoe_26_m
309	WilliamDafoe	30	AGE30	4464	4463_WilliamDafoe_30_m
309	WilliamDafoe	27	AGE27	4460	4459_WilliamDafoe_27_m
309	WilliamDafoe	51	AGE51	4480	4479_WilliamDafoe_51_m
309	WilliamDafoe	47	AGE47	4476	4475_WilliamDafoe_47_m
309	WilliamDafoe	37	AGE37	4469	4468_WilliamDafoe_37_m
309	WilliamDafoe	42	AGE42	4472	4471_WilliamDafoe_42_m
309	WilliamDafoe	49	AGE49	4478	4477_WilliamDafoe_49_m
309	WilliamDafoe	27	AGE27	4461	4460_WilliamDafoe_27_m
309	WilliamDafoe	38	AGE38	4470	4469_WilliamDafoe_38_m
309	WilliamDafoe	36	AGE36	4468	4467_WilliamDafoe_36_m
309	WilliamDafoe	59	AGE59	4484	4483_WilliamDafoe_59_m
309	WilliamDafoe	52	AGE52	4482	4481_WilliamDafoe_52_m
309	WilliamDafoe	54	AGE54	4483	4482_WilliamDafoe_54_m
310	KevinBacon	24	AGE24	2706	2705_KevinBacon_24_m
310	KevinBacon	26	AGE26	2709	2708_KevinBacon_26_m
310	KevinBacon	34	AGE34	2717	2716_KevinBacon_34_m
310	KevinBacon	56	AGE56	2742	2741_KevinBacon_56_m
310	KevinBacon	49	AGE49	2735	2734_KevinBacon_49_m
310	KevinBacon	30	AGE30	2713	2712_KevinBacon_30_m
310	KevinBacon	38	AGE38	2723	2722_KevinBacon_38_m
310	KevinBacon	25	AGE25	2708	2707_KevinBacon_25_m
310	KevinBacon	29	AGE29	2712	2711_KevinBacon_29_m
310	KevinBacon	54	AGE54	2740	2739_KevinBacon_54_m
310	KevinBacon	39	AGE39	2724	2723_KevinBacon_39_m
310	KevinBacon	37	AGE37	2722	2721_KevinBacon_37_m
310	KevinBacon	37	AGE37	2721	2720_KevinBacon_37_m
310	KevinBacon	31	AGE31	2714	2713_KevinBacon_31_m
310	KevinBacon	51	AGE51	2737	2736_KevinBacon_51_m
310	KevinBacon	35	AGE35	2719	2718_KevinBacon_35_m
310	KevinBacon	36	AGE36	2720	2719_KevinBacon_36_m
310	KevinBacon	23	AGE23	2705	2704_KevinBacon_23_m
310	KevinBacon	42	AGE42	2727	2726_KevinBacon_42_m
310	KevinBacon	48	AGE48	2733	2732_KevinBacon_48_m
310	KevinBacon	52	AGE52	2738	2737_KevinBacon_52_m
310	KevinBacon	21	AGE21	2702	2701_KevinBacon_21_m
310	KevinBacon	55	AGE55	2741	2740_KevinBacon_55_m
310	KevinBacon	20	AGE20	2701	2700_KevinBacon_20_m
310	KevinBacon	49	AGE49	2734	2733_KevinBacon_49_m
310	KevinBacon	32	AGE32	2715	2714_KevinBacon_32_m
310	KevinBacon	22	AGE22	2704	2703_KevinBacon_22_m
310	KevinBacon	33	AGE33	2716	2715_KevinBacon_33_m
310	KevinBacon	50	AGE50	2736	2735_KevinBacon_50_m
310	KevinBacon	53	AGE53	2739	2738_KevinBacon_53_m
310	KevinBacon	44	AGE44	2728	2727_KevinBacon_44_m
310	KevinBacon	47	AGE47	2732	2731_KevinBacon_47_m
310	KevinBacon	22	AGE22	2703	2702_KevinBacon_22_m
310	KevinBacon	20	AGE20	2700	2699_KevinBacon_20_m
310	KevinBacon	28	AGE28	2711	2710_KevinBacon_28_m
310	KevinBacon	41	AGE41	2726	2725_KevinBacon_41_m
310	KevinBacon	40	AGE40	2725	2724_KevinBacon_40_m
310	KevinBacon	24	AGE24	2707	2706_KevinBacon_24_m
310	KevinBacon	46	AGE46	2731	2730_KevinBacon_46_m
310	KevinBacon	34	AGE34	2718	2717_KevinBacon_34_m
310	KevinBacon	44	AGE44	2729	2728_KevinBacon_44_m
310	KevinBacon	45	AGE45	2730	2729_KevinBacon_45_m
310	KevinBacon	27	AGE27	2710	2709_KevinBacon_27_m
311	MonicaVitti	42	AGE42	11195	11194_MonicaVitti_42_f
311	MonicaVitti	31	AGE31	11211	11210_MonicaVitti_31_f
311	MonicaVitti	33	AGE33	11189	11188_MonicaVitti_33_f
311	MonicaVitti	49	AGE49	11201	11200_MonicaVitti_49_f
311	MonicaVitti	34	AGE34	11209	11208_MonicaVitti_34_f
311	MonicaVitti	32	AGE32	11186	11185_MonicaVitti_32_f
311	MonicaVitti	64	AGE64	11208	11207_MonicaVitti_64_f
311	MonicaVitti	29	AGE29	11183	11182_MonicaVitti_29_f
311	MonicaVitti	27	AGE27	11182	11181_MonicaVitti_27_f
311	MonicaVitti	35	AGE35	11213	11212_MonicaVitti_35_f
311	MonicaVitti	36	AGE36	11199	11198_MonicaVitti_36_f
311	MonicaVitti	43	AGE43	11196	11195_MonicaVitti_43_f
311	MonicaVitti	29	AGE29	11215	11214_MonicaVitti_29_f
311	MonicaVitti	30	AGE30	11198	11197_MonicaVitti_30_f
311	MonicaVitti	49	AGE49	11200	11199_MonicaVitti_49_f
311	MonicaVitti	69	AGE69	11216	11215_MonicaVitti_69_f
311	MonicaVitti	33	AGE33	11210	11209_MonicaVitti_33_f
311	MonicaVitti	30	AGE30	11184	11183_MonicaVitti_30_f
311	MonicaVitti	34	AGE34	11204	11203_MonicaVitti_34_f
311	MonicaVitti	59	AGE59	11206	11205_MonicaVitti_59_f
311	MonicaVitti	51	AGE51	11203	11202_MonicaVitti_51_f
311	MonicaVitti	36	AGE36	11190	11189_MonicaVitti_36_f
311	MonicaVitti	57	AGE57	11205	11204_MonicaVitti_57_f
311	MonicaVitti	35	AGE35	11212	11211_MonicaVitti_35_f
311	MonicaVitti	34	AGE34	11188	11187_MonicaVitti_34_f
311	MonicaVitti	44	AGE44	11197	11196_MonicaVitti_44_f
311	MonicaVitti	39	AGE39	11193	11192_MonicaVitti_39_f
311	MonicaVitti	64	AGE64	11192	11191_MonicaVitti_64_f
311	MonicaVitti	51	AGE51	11202	11201_MonicaVitti_51_f
311	MonicaVitti	41	AGE41	11194	11193_MonicaVitti_41_f
311	MonicaVitti	33	AGE33	11187	11186_MonicaVitti_33_f
311	MonicaVitti	37	AGE37	11191	11190_MonicaVitti_37_f
311	MonicaVitti	47	AGE47	11214	11213_MonicaVitti_47_f
311	MonicaVitti	30	AGE30	11185	11184_MonicaVitti_30_f
311	MonicaVitti	35	AGE35	11181	11180_MonicaVitti_35_f
311	MonicaVitti	60	AGE60	11207	11206_MonicaVitti_60_f
312	JohnnyCash	30	AGE30	6496	6495_JohnnyCash_30_m
312	JohnnyCash	25	AGE25	6480	6479_JohnnyCash_25_m
312	JohnnyCash	44	AGE44	6489	6488_JohnnyCash_44_m
312	JohnnyCash	37	AGE37	6500	6499_JohnnyCash_37_m
312	JohnnyCash	29	AGE29	6495	6494_JohnnyCash_29_m
312	JohnnyCash	46	AGE46	6504	6503_JohnnyCash_46_m
312	JohnnyCash	26	AGE26	6481	6480_JohnnyCash_26_m
312	JohnnyCash	38	AGE38	6501	6500_JohnnyCash_38_m
312	JohnnyCash	55	AGE55	6506	6505_JohnnyCash_55_m
312	JohnnyCash	61	AGE61	6510	6509_JohnnyCash_61_m
312	JohnnyCash	51	AGE51	6490	6489_JohnnyCash_51_m
312	JohnnyCash	43	AGE43	6503	6502_JohnnyCash_43_m
312	JohnnyCash	58	AGE58	6493	6492_JohnnyCash_58_m
312	JohnnyCash	40	AGE40	6486	6485_JohnnyCash_40_m
312	JohnnyCash	64	AGE64	6513	6512_JohnnyCash_64_m
312	JohnnyCash	62	AGE62	6511	6510_JohnnyCash_62_m
312	JohnnyCash	18	AGE18	6474	6473_JohnnyCash_18_m
312	JohnnyCash	27	AGE27	6482	6481_JohnnyCash_27_m
312	JohnnyCash	59	AGE59	6508	6507_JohnnyCash_59_m
312	JohnnyCash	48	AGE48	6505	6504_JohnnyCash_48_m
312	JohnnyCash	66	AGE66	6514	6513_JohnnyCash_66_m
312	JohnnyCash	32	AGE32	6484	6483_JohnnyCash_32_m
312	JohnnyCash	39	AGE39	6502	6501_JohnnyCash_39_m
312	JohnnyCash	23	AGE23	6478	6477_JohnnyCash_23_m
312	JohnnyCash	60	AGE60	6509	6508_JohnnyCash_60_m
312	JohnnyCash	21	AGE21	6476	6475_JohnnyCash_21_m
312	JohnnyCash	33	AGE33	6485	6484_JohnnyCash_33_m
312	JohnnyCash	41	AGE41	6487	6486_JohnnyCash_41_m
312	JohnnyCash	42	AGE42	6488	6487_JohnnyCash_42_m
312	JohnnyCash	63	AGE63	6512	6511_JohnnyCash_63_m
312	JohnnyCash	68	AGE68	6515	6514_JohnnyCash_68_m
312	JohnnyCash	31	AGE31	6497	6496_JohnnyCash_31_m
312	JohnnyCash	20	AGE20	6475	6474_JohnnyCash_20_m
312	JohnnyCash	54	AGE54	6492	6491_JohnnyCash_54_m
312	JohnnyCash	35	AGE35	6498	6497_JohnnyCash_35_m
312	JohnnyCash	28	AGE28	6483	6482_JohnnyCash_28_m
312	JohnnyCash	53	AGE53	6491	6490_JohnnyCash_53_m
312	JohnnyCash	69	AGE69	6494	6493_JohnnyCash_69_m
312	JohnnyCash	70	AGE70	6517	6516_JohnnyCash_70_m
312	JohnnyCash	10	AGE10	6473	6472_JohnnyCash_10_m
312	JohnnyCash	22	AGE22	6477	6476_JohnnyCash_22_m
312	JohnnyCash	56	AGE56	6507	6506_JohnnyCash_56_m
312	JohnnyCash	69	AGE69	6516	6515_JohnnyCash_69_m
312	JohnnyCash	24	AGE24	6479	6478_JohnnyCash_24_m
312	JohnnyCash	36	AGE36	6499	6498_JohnnyCash_36_m
313	LeslieCaron	38	AGE38	3455	3454_LeslieCaron_38_m
313	LeslieCaron	45	AGE45	3458	3457_LeslieCaron_45_m
313	LeslieCaron	46	AGE46	3459	3458_LeslieCaron_46_m
313	LeslieCaron	80	AGE80	3481	3480_LeslieCaron_80_m
313	LeslieCaron	32	AGE32	3451	3450_LeslieCaron_32_m
313	LeslieCaron	79	AGE79	3480	3479_LeslieCaron_79_m
313	LeslieCaron	70	AGE70	3472	3471_LeslieCaron_70_m
313	LeslieCaron	22	AGE22	3445	3444_LeslieCaron_22_m
313	LeslieCaron	61	AGE61	3467	3466_LeslieCaron_61_m
313	LeslieCaron	65	AGE65	3469	3468_LeslieCaron_65_m
313	LeslieCaron	39	AGE39	3456	3455_LeslieCaron_39_m
313	LeslieCaron	76	AGE76	3477	3476_LeslieCaron_76_m
313	LeslieCaron	64	AGE64	3468	3467_LeslieCaron_64_m
313	LeslieCaron	51	AGE51	3462	3461_LeslieCaron_51_m
313	LeslieCaron	36	AGE36	3454	3453_LeslieCaron_36_m
313	LeslieCaron	54	AGE54	3464	3463_LeslieCaron_54_m
313	LeslieCaron	24	AGE24	3446	3445_LeslieCaron_24_m
313	LeslieCaron	74	AGE74	3475	3474_LeslieCaron_74_m
313	LeslieCaron	34	AGE34	3453	3452_LeslieCaron_34_m
313	LeslieCaron	69	AGE69	3471	3470_LeslieCaron_69_m
313	LeslieCaron	41	AGE41	3457	3456_LeslieCaron_41_m
313	LeslieCaron	72	AGE72	3473	3472_LeslieCaron_72_m
313	LeslieCaron	73	AGE73	3474	3473_LeslieCaron_73_m
313	LeslieCaron	66	AGE66	3470	3469_LeslieCaron_66_m
313	LeslieCaron	78	AGE78	3479	3478_LeslieCaron_78_m
313	LeslieCaron	59	AGE59	3466	3465_LeslieCaron_59_m
313	LeslieCaron	56	AGE56	3465	3464_LeslieCaron_56_m
313	LeslieCaron	31	AGE31	3450	3449_LeslieCaron_31_m
313	LeslieCaron	25	AGE25	3447	3446_LeslieCaron_25_m
313	LeslieCaron	29	AGE29	3449	3448_LeslieCaron_29_m
313	LeslieCaron	27	AGE27	3448	3447_LeslieCaron_27_m
313	LeslieCaron	75	AGE75	3476	3475_LeslieCaron_75_m
313	LeslieCaron	53	AGE53	3463	3462_LeslieCaron_53_m
313	LeslieCaron	77	AGE77	3478	3477_LeslieCaron_77_m
313	LeslieCaron	81	AGE81	3482	3481_LeslieCaron_81_m
313	LeslieCaron	83	AGE83	3483	3482_LeslieCaron_83_m
313	LeslieCaron	20	AGE20	3444	3443_LeslieCaron_20_m
313	LeslieCaron	47	AGE47	3460	3459_LeslieCaron_47_m
313	LeslieCaron	33	AGE33	3452	3451_LeslieCaron_33_m
313	LeslieCaron	49	AGE49	3461	3460_LeslieCaron_49_m
314	YannisRitsos	55	AGE55	1517	1516_YannisRitsos_55_m
314	YannisRitsos	57	AGE57	1524	1523_YannisRitsos_57_m
314	YannisRitsos	62	AGE62	1521	1520_YannisRitsos_62_m
314	YannisRitsos	58	AGE58	1511	1510_YannisRitsos_58_m
314	YannisRitsos	27	AGE27	1514	1513_YannisRitsos_27_m
314	YannisRitsos	67	AGE67	1522	1521_YannisRitsos_67_m
314	YannisRitsos	65	AGE65	1518	1517_YannisRitsos_65_m
314	YannisRitsos	41	AGE41	1516	1515_YannisRitsos_41_m
314	YannisRitsos	70	AGE70	1520	1519_YannisRitsos_70_m
314	YannisRitsos	63	AGE63	1512	1511_YannisRitsos_63_m
314	YannisRitsos	45	AGE45	1519	1518_YannisRitsos_45_m
314	YannisRitsos	25	AGE25	1513	1512_YannisRitsos_25_m
314	YannisRitsos	70	AGE70	1523	1522_YannisRitsos_70_m
314	YannisRitsos	29	AGE29	1515	1514_YannisRitsos_29_m
315	DirkBogarde	56	AGE56	6257	6256_DirkBogarde_56_m
315	DirkBogarde	72	AGE72	6265	6264_DirkBogarde_72_m
315	DirkBogarde	38	AGE38	6241	6240_DirkBogarde_38_m
315	DirkBogarde	41	AGE41	6245	6244_DirkBogarde_41_m
315	DirkBogarde	33	AGE33	6235	6234_DirkBogarde_33_m
315	DirkBogarde	51	AGE51	6252	6251_DirkBogarde_51_m
315	DirkBogarde	52	AGE52	6253	6252_DirkBogarde_52_m
315	DirkBogarde	23	AGE23	6230	6229_DirkBogarde_23_m
315	DirkBogarde	43	AGE43	6247	6246_DirkBogarde_43_m
315	DirkBogarde	40	AGE40	6244	6243_DirkBogarde_40_m
315	DirkBogarde	60	AGE60	6259	6258_DirkBogarde_60_m
315	DirkBogarde	42	AGE42	6246	6245_DirkBogarde_42_m
315	DirkBogarde	45	AGE45	6248	6247_DirkBogarde_45_m
315	DirkBogarde	65	AGE65	6262	6261_DirkBogarde_65_m
315	DirkBogarde	18	AGE18	6225	6224_DirkBogarde_18_m
315	DirkBogarde	32	AGE32	6234	6233_DirkBogarde_32_m
315	DirkBogarde	36	AGE36	6238	6237_DirkBogarde_36_m
315	DirkBogarde	31	AGE31	6232	6231_DirkBogarde_31_m
315	DirkBogarde	34	AGE34	6236	6235_DirkBogarde_34_m
315	DirkBogarde	56	AGE56	6256	6255_DirkBogarde_56_m
315	DirkBogarde	39	AGE39	6242	6241_DirkBogarde_39_m
315	DirkBogarde	65	AGE65	6261	6260_DirkBogarde_65_m
315	DirkBogarde	54	AGE54	6255	6254_DirkBogarde_54_m
315	DirkBogarde	53	AGE53	6254	6253_DirkBogarde_53_m
315	DirkBogarde	22	AGE22	6226	6225_DirkBogarde_22_m
315	DirkBogarde	27	AGE27	6228	6227_DirkBogarde_27_m
315	DirkBogarde	62	AGE62	6260	6259_DirkBogarde_62_m
315	DirkBogarde	57	AGE57	6258	6257_DirkBogarde_57_m
315	DirkBogarde	29	AGE29	6231	6230_DirkBogarde_29_m
315	DirkBogarde	67	AGE67	6263	6262_DirkBogarde_67_m
315	DirkBogarde	35	AGE35	6237	6236_DirkBogarde_35_m
315	DirkBogarde	37	AGE37	6239	6238_DirkBogarde_37_m
315	DirkBogarde	46	AGE46	6250	6249_DirkBogarde_46_m
315	DirkBogarde	28	AGE28	6229	6228_DirkBogarde_28_m
315	DirkBogarde	11	AGE11	6224	6223_DirkBogarde_11_m
315	DirkBogarde	69	AGE69	6264	6263_DirkBogarde_69_m
315	DirkBogarde	47	AGE47	6251	6250_DirkBogarde_47_m
315	DirkBogarde	37	AGE37	6240	6239_DirkBogarde_37_m
315	DirkBogarde	31	AGE31	6233	6232_DirkBogarde_31_m
315	DirkBogarde	40	AGE40	6243	6242_DirkBogarde_40_m
315	DirkBogarde	45	AGE45	6249	6248_DirkBogarde_45_m
315	DirkBogarde	27	AGE27	6227	6226_DirkBogarde_27_m
316	MegRyan	50	AGE50	9697	9696_MegRyan_50_f
316	MegRyan	33	AGE33	9681	9680_MegRyan_33_f
316	MegRyan	28	AGE28	9676	9675_MegRyan_28_f
316	MegRyan	51	AGE51	9698	9697_MegRyan_51_f
316	MegRyan	19	AGE19	9669	9668_MegRyan_19_f
316	MegRyan	49	AGE49	9696	9695_MegRyan_49_f
316	MegRyan	35	AGE35	9682	9681_MegRyan_35_f
316	MegRyan	44	AGE44	9691	9690_MegRyan_44_f
316	MegRyan	77	AGE77	9701	9700_MegRyan_77_f
316	MegRyan	38	AGE38	9685	9684_MegRyan_38_f
316	MegRyan	29	AGE29	9677	9676_MegRyan_29_f
316	MegRyan	48	AGE48	9695	9694_MegRyan_48_f
316	MegRyan	22	AGE22	9670	9669_MegRyan_22_f
316	MegRyan	53	AGE53	9700	9699_MegRyan_53_f
316	MegRyan	52	AGE52	9699	9698_MegRyan_52_f
316	MegRyan	36	AGE36	9683	9682_MegRyan_36_f
316	MegRyan	32	AGE32	9680	9679_MegRyan_32_f
316	MegRyan	47	AGE47	9694	9693_MegRyan_47_f
316	MegRyan	41	AGE41	9688	9687_MegRyan_41_f
316	MegRyan	40	AGE40	9687	9686_MegRyan_40_f
316	MegRyan	46	AGE46	9693	9692_MegRyan_46_f
316	MegRyan	23	AGE23	9671	9670_MegRyan_23_f
316	MegRyan	25	AGE25	9673	9672_MegRyan_25_f
316	MegRyan	45	AGE45	9692	9691_MegRyan_45_f
316	MegRyan	31	AGE31	9679	9678_MegRyan_31_f
316	MegRyan	39	AGE39	9686	9685_MegRyan_39_f
316	MegRyan	7	AGE7	9668	9667_MegRyan_7_f
316	MegRyan	37	AGE37	9684	9683_MegRyan_37_f
316	MegRyan	27	AGE27	9675	9674_MegRyan_27_f
316	MegRyan	43	AGE43	9690	9689_MegRyan_43_f
316	MegRyan	24	AGE24	9672	9671_MegRyan_24_f
316	MegRyan	30	AGE30	9678	9677_MegRyan_30_f
316	MegRyan	42	AGE42	9689	9688_MegRyan_42_f
316	MegRyan	26	AGE26	9674	9673_MegRyan_26_f
317	BillMurray	53	AGE53	2413	2412_BillMurray_53_m
317	BillMurray	46	AGE46	2404	2403_BillMurray_46_m
317	BillMurray	53	AGE53	2414	2413_BillMurray_53_m
317	BillMurray	61	AGE61	2420	2419_BillMurray_61_m
317	BillMurray	62	AGE62	2421	2420_BillMurray_62_m
317	BillMurray	33	AGE33	2395	2394_BillMurray_33_m
317	BillMurray	47	AGE47	2407	2406_BillMurray_47_m
317	BillMurray	34	AGE34	2397	2396_BillMurray_34_m
317	BillMurray	39	AGE39	2399	2398_BillMurray_39_m
317	BillMurray	30	AGE30	2392	2391_BillMurray_30_m
317	BillMurray	47	AGE47	2406	2405_BillMurray_47_m
317	BillMurray	60	AGE60	2419	2418_BillMurray_60_m
317	BillMurray	30	AGE30	2391	2390_BillMurray_30_m
317	BillMurray	54	AGE54	2415	2414_BillMurray_54_m
317	BillMurray	40	AGE40	2401	2400_BillMurray_40_m
317	BillMurray	38	AGE38	2398	2397_BillMurray_38_m
317	BillMurray	49	AGE49	2409	2408_BillMurray_49_m
317	BillMurray	34	AGE34	2396	2395_BillMurray_34_m
317	BillMurray	31	AGE31	2393	2392_BillMurray_31_m
317	BillMurray	51	AGE51	2411	2410_BillMurray_51_m
317	BillMurray	46	AGE46	2405	2404_BillMurray_46_m
317	BillMurray	48	AGE48	2408	2407_BillMurray_48_m
317	BillMurray	59	AGE59	2418	2417_BillMurray_59_m
317	BillMurray	63	AGE63	2422	2421_BillMurray_63_m
317	BillMurray	55	AGE55	2416	2415_BillMurray_55_m
317	BillMurray	27	AGE27	2389	2388_BillMurray_27_m
317	BillMurray	26	AGE26	2387	2386_BillMurray_26_m
317	BillMurray	53	AGE53	2412	2411_BillMurray_53_m
317	BillMurray	41	AGE41	2402	2401_BillMurray_41_m
317	BillMurray	44	AGE44	2403	2402_BillMurray_44_m
317	BillMurray	29	AGE29	2390	2389_BillMurray_29_m
317	BillMurray	57	AGE57	2417	2416_BillMurray_57_m
317	BillMurray	27	AGE27	2388	2387_BillMurray_27_m
317	BillMurray	32	AGE32	2394	2393_BillMurray_32_m
317	BillMurray	50	AGE50	2410	2409_BillMurray_50_m
317	BillMurray	39	AGE39	2400	2399_BillMurray_39_m
317	BillMurray	64	AGE64	2423	2422_BillMurray_64_m
318	EsteeLauder	26	AGE26	27	26_EsteeLauder_26_f
318	EsteeLauder	72	AGE72	43	42_EsteeLauder_72_f
318	EsteeLauder	82	AGE82	32	31_EsteeLauder_82_f
318	EsteeLauder	38	AGE38	35	34_EsteeLauder_38_f
318	EsteeLauder	65	AGE65	38	37_EsteeLauder_65_f
318	EsteeLauder	50	AGE50	34	33_EsteeLauder_50_f
318	EsteeLauder	75	AGE75	33	32_EsteeLauder_75_f
318	EsteeLauder	48	AGE48	26	25_EsteeLauder_48_f
318	EsteeLauder	64	AGE64	40	39_EsteeLauder_64_f
318	EsteeLauder	65	AGE65	37	36_EsteeLauder_65_f
318	EsteeLauder	52	AGE52	25	24_EsteeLauder_52_f
318	EsteeLauder	54	AGE54	41	40_EsteeLauder_54_f
318	EsteeLauder	77	AGE77	29	28_EsteeLauder_77_f
318	EsteeLauder	78	AGE78	31	30_EsteeLauder_78_f
318	EsteeLauder	72	AGE72	28	27_EsteeLauder_72_f
318	EsteeLauder	64	AGE64	42	41_EsteeLauder_64_f
318	EsteeLauder	75	AGE75	36	35_EsteeLauder_75_f
318	EsteeLauder	57	AGE57	30	29_EsteeLauder_57_f
318	EsteeLauder	70	AGE70	39	38_EsteeLauder_70_f
319	RingoStarr	60	AGE60	3708	3707_RingoStarr_60_m
319	RingoStarr	73	AGE73	3716	3715_RingoStarr_73_m
319	RingoStarr	58	AGE58	3706	3705_RingoStarr_58_m
319	RingoStarr	26	AGE26	3686	3685_RingoStarr_26_m
319	RingoStarr	40	AGE40	3698	3697_RingoStarr_40_m
319	RingoStarr	23	AGE23	3682	3681_RingoStarr_23_m
319	RingoStarr	29	AGE29	3689	3688_RingoStarr_29_m
319	RingoStarr	33	AGE33	3694	3693_RingoStarr_33_m
319	RingoStarr	74	AGE74	3717	3716_RingoStarr_74_m
319	RingoStarr	45	AGE45	3702	3701_RingoStarr_45_m
319	RingoStarr	28	AGE28	3688	3687_RingoStarr_28_m
319	RingoStarr	53	AGE53	3705	3704_RingoStarr_53_m
319	RingoStarr	29	AGE29	3690	3689_RingoStarr_29_m
319	RingoStarr	71	AGE71	3715	3714_RingoStarr_71_m
319	RingoStarr	27	AGE27	3687	3686_RingoStarr_27_m
319	RingoStarr	42	AGE42	3700	3699_RingoStarr_42_m
319	RingoStarr	67	AGE67	3712	3711_RingoStarr_67_m
319	RingoStarr	68	AGE68	3713	3712_RingoStarr_68_m
319	RingoStarr	62	AGE62	3709	3708_RingoStarr_62_m
319	RingoStarr	38	AGE38	3697	3696_RingoStarr_38_m
319	RingoStarr	31	AGE31	3692	3691_RingoStarr_31_m
319	RingoStarr	66	AGE66	3711	3710_RingoStarr_66_m
319	RingoStarr	35	AGE35	3696	3695_RingoStarr_35_m
319	RingoStarr	24	AGE24	3684	3683_RingoStarr_24_m
319	RingoStarr	41	AGE41	3699	3698_RingoStarr_41_m
319	RingoStarr	24	AGE24	3683	3682_RingoStarr_24_m
319	RingoStarr	30	AGE30	3691	3690_RingoStarr_30_m
319	RingoStarr	59	AGE59	3707	3706_RingoStarr_59_m
319	RingoStarr	51	AGE51	3704	3703_RingoStarr_51_m
319	RingoStarr	63	AGE63	3710	3709_RingoStarr_63_m
319	RingoStarr	34	AGE34	3695	3694_RingoStarr_34_m
319	RingoStarr	32	AGE32	3693	3692_RingoStarr_32_m
319	RingoStarr	48	AGE48	3703	3702_RingoStarr_48_m
319	RingoStarr	70	AGE70	3714	3713_RingoStarr_70_m
319	RingoStarr	43	AGE43	3701	3700_RingoStarr_43_m
319	RingoStarr	25	AGE25	3685	3684_RingoStarr_25_m
320	TippiHedren	55	AGE55	10886	10885_TippiHedren_55_f
320	TippiHedren	22	AGE22	10878	10877_TippiHedren_22_f
320	TippiHedren	76	AGE76	10902	10901_TippiHedren_76_f
320	TippiHedren	79	AGE79	10904	10903_TippiHedren_79_f
320	TippiHedren	49	AGE49	10882	10881_TippiHedren_49_f
320	TippiHedren	74	AGE74	10901	10900_TippiHedren_74_f
320	TippiHedren	39	AGE39	10880	10879_TippiHedren_39_f
320	TippiHedren	73	AGE73	10900	10899_TippiHedren_73_f
320	TippiHedren	52	AGE52	10884	10883_TippiHedren_52_f
320	TippiHedren	71	AGE71	10899	10898_TippiHedren_71_f
320	TippiHedren	63	AGE63	10889	10888_TippiHedren_63_f
320	TippiHedren	68	AGE68	10896	10895_TippiHedren_68_f
320	TippiHedren	67	AGE67	10895	10894_TippiHedren_67_f
320	TippiHedren	69	AGE69	10897	10896_TippiHedren_69_f
320	TippiHedren	51	AGE51	10883	10882_TippiHedren_51_f
320	TippiHedren	37	AGE37	10879	10878_TippiHedren_37_f
320	TippiHedren	52	AGE52	10885	10884_TippiHedren_52_f
320	TippiHedren	64	AGE64	10891	10890_TippiHedren_64_f
320	TippiHedren	58	AGE58	10887	10886_TippiHedren_58_f
320	TippiHedren	65	AGE65	10892	10891_TippiHedren_65_f
320	TippiHedren	77	AGE77	10903	10902_TippiHedren_77_f
320	TippiHedren	60	AGE60	10888	10887_TippiHedren_60_f
320	TippiHedren	64	AGE64	10890	10889_TippiHedren_64_f
320	TippiHedren	70	AGE70	10898	10897_TippiHedren_70_f
320	TippiHedren	67	AGE67	10894	10893_TippiHedren_67_f
320	TippiHedren	46	AGE46	10881	10880_TippiHedren_46_f
320	TippiHedren	66	AGE66	10893	10892_TippiHedren_66_f
321	DannyDeVito	60	AGE60	3155	3154_DannyDeVito_60_m
321	DannyDeVito	65	AGE65	3159	3158_DannyDeVito_65_m
321	DannyDeVito	50	AGE50	3148	3147_DannyDeVito_50_m
321	DannyDeVito	44	AGE44	3144	3143_DannyDeVito_44_m
321	DannyDeVito	63	AGE63	3157	3156_DannyDeVito_63_m
321	DannyDeVito	64	AGE64	3158	3157_DannyDeVito_64_m
321	DannyDeVito	57	AGE57	3152	3151_DannyDeVito_57_m
321	DannyDeVito	61	AGE61	3156	3155_DannyDeVito_61_m
321	DannyDeVito	43	AGE43	3143	3142_DannyDeVito_43_m
321	DannyDeVito	49	AGE49	3147	3146_DannyDeVito_49_m
321	DannyDeVito	59	AGE59	3154	3153_DannyDeVito_59_m
321	DannyDeVito	54	AGE54	3150	3149_DannyDeVito_54_m
321	DannyDeVito	48	AGE48	3146	3145_DannyDeVito_48_m
321	DannyDeVito	37	AGE37	3140	3139_DannyDeVito_37_m
321	DannyDeVito	42	AGE42	3142	3141_DannyDeVito_42_m
321	DannyDeVito	35	AGE35	3139	3138_DannyDeVito_35_m
321	DannyDeVito	65	AGE65	3160	3159_DannyDeVito_65_m
321	DannyDeVito	55	AGE55	3151	3150_DannyDeVito_55_m
321	DannyDeVito	38	AGE38	3141	3140_DannyDeVito_38_m
321	DannyDeVito	31	AGE31	3138	3137_DannyDeVito_31_m
321	DannyDeVito	58	AGE58	3153	3152_DannyDeVito_58_m
321	DannyDeVito	16	AGE16	3137	3136_DannyDeVito_16_m
321	DannyDeVito	53	AGE53	3149	3148_DannyDeVito_53_m
321	DannyDeVito	47	AGE47	3145	3144_DannyDeVito_47_m
322	AlbertCamus	44	AGE44	1319	1318_AlbertCamus_44_m
322	AlbertCamus	42	AGE42	1321	1320_AlbertCamus_42_m
322	AlbertCamus	35	AGE35	1330	1329_AlbertCamus_35_m
322	AlbertCamus	7	AGE7	1313	1312_AlbertCamus_7_m
322	AlbertCamus	40	AGE40	1322	1321_AlbertCamus_40_m
322	AlbertCamus	37	AGE37	1335	1334_AlbertCamus_37_m
322	AlbertCamus	30	AGE30	1324	1323_AlbertCamus_30_m
322	AlbertCamus	40	AGE40	1329	1328_AlbertCamus_40_m
322	AlbertCamus	37	AGE37	1317	1316_AlbertCamus_37_m
322	AlbertCamus	34	AGE34	1318	1317_AlbertCamus_34_m
322	AlbertCamus	34	AGE34	1323	1322_AlbertCamus_34_m
322	AlbertCamus	40	AGE40	1331	1330_AlbertCamus_40_m
322	AlbertCamus	42	AGE42	1327	1326_AlbertCamus_42_m
322	AlbertCamus	33	AGE33	1316	1315_AlbertCamus_33_m
322	AlbertCamus	40	AGE40	1333	1332_AlbertCamus_40_m
322	AlbertCamus	42	AGE42	1325	1324_AlbertCamus_42_m
322	AlbertCamus	38	AGE38	1320	1319_AlbertCamus_38_m
322	AlbertCamus	39	AGE39	1328	1327_AlbertCamus_39_m
322	AlbertCamus	39	AGE39	1332	1331_AlbertCamus_39_m
322	AlbertCamus	43	AGE43	1334	1333_AlbertCamus_43_m
322	AlbertCamus	42	AGE42	1336	1335_AlbertCamus_42_m
322	AlbertCamus	17	AGE17	1315	1314_AlbertCamus_17_m
322	AlbertCamus	11	AGE11	1314	1313_AlbertCamus_11_m
322	AlbertCamus	36	AGE36	1326	1325_AlbertCamus_36_m
323	JohnJames	28	AGE28	2027	2026_JohnJames_28_m
323	JohnJames	32	AGE32	2032	2031_JohnJames_32_m
323	JohnJames	41	AGE41	2038	2037_JohnJames_41_m
323	JohnJames	47	AGE47	2041	2040_JohnJames_47_m
323	JohnJames	28	AGE28	2028	2027_JohnJames_28_m
323	JohnJames	23	AGE23	2021	2020_JohnJames_23_m
323	JohnJames	34	AGE34	2034	2033_JohnJames_34_m
323	JohnJames	35	AGE35	2035	2034_JohnJames_35_m
323	JohnJames	33	AGE33	2033	2032_JohnJames_33_m
323	JohnJames	59	AGE59	2047	2046_JohnJames_59_m
323	JohnJames	44	AGE44	2039	2038_JohnJames_44_m
323	JohnJames	29	AGE29	2029	2028_JohnJames_29_m
323	JohnJames	51	AGE51	2044	2043_JohnJames_51_m
323	JohnJames	46	AGE46	2040	2039_JohnJames_46_m
323	JohnJames	52	AGE52	2045	2044_JohnJames_52_m
323	JohnJames	31	AGE31	2031	2030_JohnJames_31_m
323	JohnJames	30	AGE30	2030	2029_JohnJames_30_m
323	JohnJames	27	AGE27	2026	2025_JohnJames_27_m
323	JohnJames	26	AGE26	2025	2024_JohnJames_26_m
323	JohnJames	24	AGE24	2022	2021_JohnJames_24_m
323	JohnJames	25	AGE25	2024	2023_JohnJames_25_m
323	JohnJames	24	AGE24	2023	2022_JohnJames_24_m
323	JohnJames	49	AGE49	2042	2041_JohnJames_49_m
323	JohnJames	50	AGE50	2043	2042_JohnJames_50_m
323	JohnJames	55	AGE55	2046	2045_JohnJames_55_m
323	JohnJames	39	AGE39	2037	2036_JohnJames_39_m
323	JohnJames	36	AGE36	2036	2035_JohnJames_36_m
324	JaneAsher	20	AGE20	9802	9801_JaneAsher_20_f
324	JaneAsher	56	AGE56	9816	9815_JaneAsher_56_f
324	JaneAsher	24	AGE24	9803	9802_JaneAsher_24_f
324	JaneAsher	59	AGE59	9818	9817_JaneAsher_59_f
324	JaneAsher	28	AGE28	9807	9806_JaneAsher_28_f
324	JaneAsher	53	AGE53	9814	9813_JaneAsher_53_f
324	JaneAsher	18	AGE18	9800	9799_JaneAsher_18_f
324	JaneAsher	67	AGE67	9823	9822_JaneAsher_67_f
324	JaneAsher	47	AGE47	9812	9811_JaneAsher_47_f
324	JaneAsher	12	AGE12	9794	9793_JaneAsher_12_f
324	JaneAsher	8	AGE8	9792	9791_JaneAsher_8_f
324	JaneAsher	39	AGE39	9810	9809_JaneAsher_39_f
324	JaneAsher	9	AGE9	9793	9792_JaneAsher_9_f
324	JaneAsher	58	AGE58	9817	9816_JaneAsher_58_f
324	JaneAsher	25	AGE25	9805	9804_JaneAsher_25_f
324	JaneAsher	51	AGE51	9813	9812_JaneAsher_51_f
324	JaneAsher	24	AGE24	9804	9803_JaneAsher_24_f
324	JaneAsher	55	AGE55	9815	9814_JaneAsher_55_f
324	JaneAsher	17	AGE17	9799	9798_JaneAsher_17_f
324	JaneAsher	64	AGE64	9821	9820_JaneAsher_64_f
324	JaneAsher	26	AGE26	9806	9805_JaneAsher_26_f
324	JaneAsher	19	AGE19	9801	9800_JaneAsher_19_f
324	JaneAsher	12	AGE12	9795	9794_JaneAsher_12_f
324	JaneAsher	17	AGE17	9798	9797_JaneAsher_17_f
324	JaneAsher	65	AGE65	9822	9821_JaneAsher_65_f
324	JaneAsher	7	AGE7	9791	9790_JaneAsher_7_f
324	JaneAsher	32	AGE32	9809	9808_JaneAsher_32_f
324	JaneAsher	44	AGE44	9811	9810_JaneAsher_44_f
324	JaneAsher	15	AGE15	9796	9795_JaneAsher_15_f
324	JaneAsher	6	AGE6	9790	9789_JaneAsher_6_f
324	JaneAsher	16	AGE16	9797	9796_JaneAsher_16_f
324	JaneAsher	63	AGE63	9820	9819_JaneAsher_63_f
324	JaneAsher	29	AGE29	9808	9807_JaneAsher_29_f
324	JaneAsher	62	AGE62	9819	9818_JaneAsher_62_f
325	tomselleck	49	AGE49	2968	2967_tomselleck_49_m
325	tomselleck	39	AGE39	2961	2960_tomselleck_39_m
325	tomselleck	38	AGE38	2960	2959_tomselleck_38_m
325	tomselleck	37	AGE37	2958	2957_tomselleck_37_m
325	tomselleck	40	AGE40	2962	2961_tomselleck_40_m
325	tomselleck	37	AGE37	2957	2956_tomselleck_37_m
325	tomselleck	61	AGE61	2978	2977_tomselleck_61_m
325	tomselleck	52	AGE52	2971	2970_tomselleck_52_m
325	tomselleck	52	AGE52	2972	2971_tomselleck_52_m
325	tomselleck	69	AGE69	2984	2983_tomselleck_69_m
325	tomselleck	41	AGE41	2963	2962_tomselleck_41_m
325	tomselleck	60	AGE60	2977	2976_tomselleck_60_m
325	tomselleck	33	AGE33	2953	2952_tomselleck_33_m
325	tomselleck	62	AGE62	2979	2978_tomselleck_62_m
325	tomselleck	47	AGE47	2967	2966_tomselleck_47_m
325	tomselleck	68	AGE68	2983	2982_tomselleck_68_m
325	tomselleck	38	AGE38	2959	2958_tomselleck_38_m
325	tomselleck	51	AGE51	2970	2969_tomselleck_51_m
325	tomselleck	66	AGE66	2982	2981_tomselleck_66_m
325	tomselleck	45	AGE45	2966	2965_tomselleck_45_m
325	tomselleck	42	AGE42	2964	2963_tomselleck_42_m
325	tomselleck	58	AGE58	2975	2974_tomselleck_58_m
325	tomselleck	59	AGE59	2976	2975_tomselleck_59_m
325	tomselleck	65	AGE65	2981	2980_tomselleck_65_m
325	tomselleck	57	AGE57	2974	2973_tomselleck_57_m
325	tomselleck	54	AGE54	2973	2972_tomselleck_54_m
325	tomselleck	44	AGE44	2965	2964_tomselleck_44_m
325	tomselleck	64	AGE64	2980	2979_tomselleck_64_m
325	tomselleck	50	AGE50	2969	2968_tomselleck_50_m
325	tomselleck	35	AGE35	2955	2954_tomselleck_35_m
325	tomselleck	34	AGE34	2954	2953_tomselleck_34_m
325	tomselleck	36	AGE36	2956	2955_tomselleck_36_m
326	SteveKanaly	33	AGE33	3844	3843_SteveKanaly_33_m
326	SteveKanaly	54	AGE54	3858	3857_SteveKanaly_54_m
326	SteveKanaly	48	AGE48	3855	3854_SteveKanaly_48_m
326	SteveKanaly	37	AGE37	3848	3847_SteveKanaly_37_m
326	SteveKanaly	30	AGE30	3841	3840_SteveKanaly_30_m
326	SteveKanaly	50	AGE50	3856	3855_SteveKanaly_50_m
326	SteveKanaly	34	AGE34	3845	3844_SteveKanaly_34_m
326	SteveKanaly	62	AGE62	3861	3860_SteveKanaly_62_m
326	SteveKanaly	65	AGE65	3863	3862_SteveKanaly_65_m
326	SteveKanaly	58	AGE58	3859	3858_SteveKanaly_58_m
326	SteveKanaly	52	AGE52	3857	3856_SteveKanaly_52_m
326	SteveKanaly	36	AGE36	3847	3846_SteveKanaly_36_m
326	SteveKanaly	69	AGE69	3864	3863_SteveKanaly_69_m
326	SteveKanaly	39	AGE39	3849	3848_SteveKanaly_39_m
326	SteveKanaly	46	AGE46	3854	3853_SteveKanaly_46_m
326	SteveKanaly	35	AGE35	3846	3845_SteveKanaly_35_m
326	SteveKanaly	31	AGE31	3842	3841_SteveKanaly_31_m
326	SteveKanaly	43	AGE43	3853	3852_SteveKanaly_43_m
326	SteveKanaly	63	AGE63	3862	3861_SteveKanaly_63_m
326	SteveKanaly	32	AGE32	3843	3842_SteveKanaly_32_m
326	SteveKanaly	29	AGE29	3840	3839_SteveKanaly_29_m
326	SteveKanaly	27	AGE27	3838	3837_SteveKanaly_27_m
326	SteveKanaly	41	AGE41	3851	3850_SteveKanaly_41_m
326	SteveKanaly	40	AGE40	3850	3849_SteveKanaly_40_m
326	SteveKanaly	28	AGE28	3839	3838_SteveKanaly_28_m
326	SteveKanaly	26	AGE26	3837	3836_SteveKanaly_26_m
326	SteveKanaly	42	AGE42	3852	3851_SteveKanaly_42_m
326	SteveKanaly	61	AGE61	3860	3859_SteveKanaly_61_m
327	TommyLeeJones	45	AGE45	5742	5741_TommyLeeJones_45_m
327	TommyLeeJones	57	AGE57	5754	5753_TommyLeeJones_57_m
327	TommyLeeJones	54	AGE54	5752	5751_TommyLeeJones_54_m
327	TommyLeeJones	60	AGE60	5756	5755_TommyLeeJones_60_m
327	TommyLeeJones	51	AGE51	5749	5748_TommyLeeJones_51_m
327	TommyLeeJones	39	AGE39	5738	5737_TommyLeeJones_39_m
327	TommyLeeJones	63	AGE63	5758	5757_TommyLeeJones_63_m
327	TommyLeeJones	62	AGE62	5757	5756_TommyLeeJones_62_m
327	TommyLeeJones	59	AGE59	5755	5754_TommyLeeJones_59_m
327	TommyLeeJones	41	AGE41	5739	5738_TommyLeeJones_41_m
327	TommyLeeJones	30	AGE30	5731	5730_TommyLeeJones_30_m
327	TommyLeeJones	37	AGE37	5736	5735_TommyLeeJones_37_m
327	TommyLeeJones	57	AGE57	5753	5752_TommyLeeJones_57_m
327	TommyLeeJones	18	AGE18	5726	5725_TommyLeeJones_18_m
327	TommyLeeJones	42	AGE42	5740	5739_TommyLeeJones_42_m
327	TommyLeeJones	24	AGE24	5728	5727_TommyLeeJones_24_m
327	TommyLeeJones	23	AGE23	5727	5726_TommyLeeJones_23_m
327	TommyLeeJones	34	AGE34	5735	5734_TommyLeeJones_34_m
327	TommyLeeJones	48	AGE48	5745	5744_TommyLeeJones_48_m
327	TommyLeeJones	47	AGE47	5744	5743_TommyLeeJones_47_m
327	TommyLeeJones	53	AGE53	5751	5750_TommyLeeJones_53_m
327	TommyLeeJones	52	AGE52	5750	5749_TommyLeeJones_52_m
327	TommyLeeJones	63	AGE63	5759	5758_TommyLeeJones_63_m
327	TommyLeeJones	25	AGE25	5729	5728_TommyLeeJones_25_m
327	TommyLeeJones	46	AGE46	5743	5742_TommyLeeJones_46_m
327	TommyLeeJones	32	AGE32	5734	5733_TommyLeeJones_32_m
327	TommyLeeJones	49	AGE49	5746	5745_TommyLeeJones_49_m
327	TommyLeeJones	31	AGE31	5733	5732_TommyLeeJones_31_m
327	TommyLeeJones	43	AGE43	5741	5740_TommyLeeJones_43_m
327	TommyLeeJones	51	AGE51	5748	5747_TommyLeeJones_51_m
327	TommyLeeJones	30	AGE30	5732	5731_TommyLeeJones_30_m
327	TommyLeeJones	65	AGE65	5760	5759_TommyLeeJones_65_m
327	TommyLeeJones	29	AGE29	5730	5729_TommyLeeJones_29_m
327	TommyLeeJones	38	AGE38	5737	5736_TommyLeeJones_38_m
327	TommyLeeJones	49	AGE49	5747	5746_TommyLeeJones_49_m
328	PabloPicasso	81	AGE81	279	278_PabloPicasso_81_m
328	PabloPicasso	73	AGE73	280	279_PabloPicasso_73_m
328	PabloPicasso	15	AGE15	276	275_PabloPicasso_15_m
328	PabloPicasso	56	AGE56	273	272_PabloPicasso_56_m
328	PabloPicasso	76	AGE76	278	277_PabloPicasso_76_m
328	PabloPicasso	81	AGE81	274	273_PabloPicasso_81_m
328	PabloPicasso	39	AGE39	284	283_PabloPicasso_39_m
328	PabloPicasso	80	AGE80	283	282_PabloPicasso_80_m
328	PabloPicasso	55	AGE55	277	276_PabloPicasso_55_m
328	PabloPicasso	88	AGE88	281	280_PabloPicasso_88_m
328	PabloPicasso	76	AGE76	275	274_PabloPicasso_76_m
328	PabloPicasso	60	AGE60	282	281_PabloPicasso_60_m
328	PabloPicasso	41	AGE41	272	271_PabloPicasso_41_m
328	PabloPicasso	80	AGE80	271	270_PabloPicasso_80_m
329	MargaretNolan	30	AGE30	15713	15712_MargaretNolan_30_f
329	MargaretNolan	66	AGE66	15721	15720_MargaretNolan_66_f
329	MargaretNolan	64	AGE64	15720	15719_MargaretNolan_64_f
329	MargaretNolan	23	AGE23	15706	15705_MargaretNolan_23_f
329	MargaretNolan	35	AGE35	15717	15716_MargaretNolan_35_f
329	MargaretNolan	70	AGE70	15725	15724_MargaretNolan_70_f
329	MargaretNolan	20	AGE20	15703	15702_MargaretNolan_20_f
329	MargaretNolan	34	AGE34	15716	15715_MargaretNolan_34_f
329	MargaretNolan	19	AGE19	15702	15701_MargaretNolan_19_f
329	MargaretNolan	71	AGE71	15726	15725_MargaretNolan_71_f
329	MargaretNolan	31	AGE31	15714	15713_MargaretNolan_31_f
329	MargaretNolan	26	AGE26	15709	15708_MargaretNolan_26_f
329	MargaretNolan	68	AGE68	15723	15722_MargaretNolan_68_f
329	MargaretNolan	22	AGE22	15705	15704_MargaretNolan_22_f
329	MargaretNolan	28	AGE28	15711	15710_MargaretNolan_28_f
329	MargaretNolan	29	AGE29	15712	15711_MargaretNolan_29_f
329	MargaretNolan	27	AGE27	15710	15709_MargaretNolan_27_f
329	MargaretNolan	32	AGE32	15715	15714_MargaretNolan_32_f
329	MargaretNolan	67	AGE67	15722	15721_MargaretNolan_67_f
329	MargaretNolan	25	AGE25	15708	15707_MargaretNolan_25_f
329	MargaretNolan	24	AGE24	15707	15706_MargaretNolan_24_f
329	MargaretNolan	21	AGE21	15704	15703_MargaretNolan_21_f
329	MargaretNolan	37	AGE37	15718	15717_MargaretNolan_37_f
329	MargaretNolan	40	AGE40	15719	15718_MargaretNolan_40_f
329	MargaretNolan	18	AGE18	15701	15700_MargaretNolan_18_f
329	MargaretNolan	69	AGE69	15724	15723_MargaretNolan_69_f
330	JuneAllyson	30	AGE30	13636	13635_JuneAllyson_30_f
330	JuneAllyson	86	AGE86	13658	13657_JuneAllyson_86_f
330	JuneAllyson	23	AGE23	13661	13660_JuneAllyson_23_f
330	JuneAllyson	27	AGE27	13662	13661_JuneAllyson_27_f
330	JuneAllyson	40	AGE40	13651	13650_JuneAllyson_40_f
330	JuneAllyson	83	AGE83	13657	13656_JuneAllyson_83_f
330	JuneAllyson	35	AGE35	13647	13646_JuneAllyson_35_f
330	JuneAllyson	81	AGE81	13656	13655_JuneAllyson_81_f
330	JuneAllyson	21	AGE21	13663	13662_JuneAllyson_21_f
330	JuneAllyson	86	AGE86	13665	13664_JuneAllyson_86_f
330	JuneAllyson	43	AGE43	13653	13652_JuneAllyson_43_f
330	JuneAllyson	36	AGE36	13637	13636_JuneAllyson_36_f
330	JuneAllyson	39	AGE39	13650	13649_JuneAllyson_39_f
330	JuneAllyson	33	AGE33	13646	13645_JuneAllyson_33_f
330	JuneAllyson	55	AGE55	13655	13654_JuneAllyson_55_f
330	JuneAllyson	46	AGE46	13660	13659_JuneAllyson_46_f
330	JuneAllyson	28	AGE28	13642	13641_JuneAllyson_28_f
330	JuneAllyson	27	AGE27	13640	13639_JuneAllyson_27_f
330	JuneAllyson	52	AGE52	13659	13658_JuneAllyson_52_f
330	JuneAllyson	38	AGE38	13649	13648_JuneAllyson_38_f
330	JuneAllyson	31	AGE31	13644	13643_JuneAllyson_31_f
330	JuneAllyson	20	AGE20	13639	13638_JuneAllyson_20_f
330	JuneAllyson	20	AGE20	13638	13637_JuneAllyson_20_f
330	JuneAllyson	27	AGE27	13641	13640_JuneAllyson_27_f
330	JuneAllyson	60	AGE60	13664	13663_JuneAllyson_60_f
330	JuneAllyson	54	AGE54	13654	13653_JuneAllyson_54_f
330	JuneAllyson	32	AGE32	13645	13644_JuneAllyson_32_f
330	JuneAllyson	36	AGE36	13648	13647_JuneAllyson_36_f
330	JuneAllyson	30	AGE30	13643	13642_JuneAllyson_30_f
330	JuneAllyson	42	AGE42	13652	13651_JuneAllyson_42_f
331	SamElliott	42	AGE42	2885	2884_SamElliott_42_m
331	SamElliott	36	AGE36	2881	2880_SamElliott_36_m
331	SamElliott	71	AGE71	2911	2910_SamElliott_71_m
331	SamElliott	66	AGE66	2907	2906_SamElliott_66_m
331	SamElliott	54	AGE54	2896	2895_SamElliott_54_m
331	SamElliott	48	AGE48	2891	2890_SamElliott_48_m
331	SamElliott	28	AGE28	2874	2873_SamElliott_28_m
331	SamElliott	40	AGE40	2883	2882_SamElliott_40_m
331	SamElliott	70	AGE70	2910	2909_SamElliott_70_m
331	SamElliott	41	AGE41	2884	2883_SamElliott_41_m
331	SamElliott	33	AGE33	2878	2877_SamElliott_33_m
331	SamElliott	47	AGE47	2890	2889_SamElliott_47_m
331	SamElliott	35	AGE35	2880	2879_SamElliott_35_m
331	SamElliott	49	AGE49	2892	2891_SamElliott_49_m
331	SamElliott	63	AGE63	2904	2903_SamElliott_63_m
331	SamElliott	31	AGE31	2876	2875_SamElliott_31_m
331	SamElliott	56	AGE56	2897	2896_SamElliott_56_m
331	SamElliott	69	AGE69	2909	2908_SamElliott_69_m
331	SamElliott	52	AGE52	2895	2894_SamElliott_52_m
331	SamElliott	57	AGE57	2898	2897_SamElliott_57_m
331	SamElliott	37	AGE37	2882	2881_SamElliott_37_m
331	SamElliott	59	AGE59	2900	2899_SamElliott_59_m
331	SamElliott	46	AGE46	2889	2888_SamElliott_46_m
331	SamElliott	34	AGE34	2879	2878_SamElliott_34_m
331	SamElliott	50	AGE50	2893	2892_SamElliott_50_m
331	SamElliott	44	AGE44	2887	2886_SamElliott_44_m
331	SamElliott	45	AGE45	2888	2887_SamElliott_45_m
331	SamElliott	62	AGE62	2903	2902_SamElliott_62_m
331	SamElliott	61	AGE61	2902	2901_SamElliott_61_m
331	SamElliott	68	AGE68	2908	2907_SamElliott_68_m
331	SamElliott	26	AGE26	2872	2871_SamElliott_26_m
331	SamElliott	51	AGE51	2894	2893_SamElliott_51_m
331	SamElliott	60	AGE60	2901	2900_SamElliott_60_m
331	SamElliott	58	AGE58	2899	2898_SamElliott_58_m
331	SamElliott	43	AGE43	2886	2885_SamElliott_43_m
331	SamElliott	27	AGE27	2873	2872_SamElliott_27_m
331	SamElliott	30	AGE30	2875	2874_SamElliott_30_m
331	SamElliott	65	AGE65	2906	2905_SamElliott_65_m
331	SamElliott	32	AGE32	2877	2876_SamElliott_32_m
331	SamElliott	64	AGE64	2905	2904_SamElliott_64_m
332	TomHanks	39	AGE39	1775	1774_TomHanks_39_m
332	TomHanks	39	AGE39	1774	1773_TomHanks_39_m
332	TomHanks	52	AGE52	1790	1789_TomHanks_52_m
332	TomHanks	36	AGE36	1771	1770_TomHanks_36_m
332	TomHanks	46	AGE46	1783	1782_TomHanks_46_m
332	TomHanks	44	AGE44	1780	1779_TomHanks_44_m
332	TomHanks	43	AGE43	1778	1777_TomHanks_43_m
332	TomHanks	38	AGE38	1773	1772_TomHanks_38_m
332	TomHanks	51	AGE51	1789	1788_TomHanks_51_m
332	TomHanks	47	AGE47	1784	1783_TomHanks_47_m
332	TomHanks	48	AGE48	1785	1784_TomHanks_48_m
332	TomHanks	26	AGE26	1762	1761_TomHanks_26_m
332	TomHanks	58	AGE58	1796	1795_TomHanks_58_m
332	TomHanks	49	AGE49	1786	1785_TomHanks_49_m
332	TomHanks	32	AGE32	1767	1766_TomHanks_32_m
332	TomHanks	43	AGE43	1779	1778_TomHanks_43_m
332	TomHanks	29	AGE29	1764	1763_TomHanks_29_m
332	TomHanks	24	AGE24	1761	1760_TomHanks_24_m
332	TomHanks	36	AGE36	1770	1769_TomHanks_36_m
332	TomHanks	42	AGE42	1777	1776_TomHanks_42_m
332	TomHanks	50	AGE50	1788	1787_TomHanks_50_m
332	TomHanks	54	AGE54	1792	1791_TomHanks_54_m
332	TomHanks	30	AGE30	1765	1764_TomHanks_30_m
332	TomHanks	34	AGE34	1769	1768_TomHanks_34_m
332	TomHanks	56	AGE56	1794	1793_TomHanks_56_m
332	TomHanks	42	AGE42	1776	1775_TomHanks_42_m
332	TomHanks	46	AGE46	1782	1781_TomHanks_46_m
332	TomHanks	28	AGE28	1763	1762_TomHanks_28_m
332	TomHanks	31	AGE31	1766	1765_TomHanks_31_m
332	TomHanks	57	AGE57	1795	1794_TomHanks_57_m
332	TomHanks	37	AGE37	1772	1771_TomHanks_37_m
332	TomHanks	55	AGE55	1793	1792_TomHanks_55_m
332	TomHanks	53	AGE53	1791	1790_TomHanks_53_m
332	TomHanks	45	AGE45	1781	1780_TomHanks_45_m
332	TomHanks	50	AGE50	1787	1786_TomHanks_50_m
332	TomHanks	33	AGE33	1768	1767_TomHanks_33_m
333	RobertPowell	64	AGE64	4429	4428_RobertPowell_64_m
333	RobertPowell	33	AGE33	4410	4409_RobertPowell_33_m
333	RobertPowell	56	AGE56	4426	4425_RobertPowell_56_m
333	RobertPowell	38	AGE38	4415	4414_RobertPowell_38_m
333	RobertPowell	67	AGE67	4431	4430_RobertPowell_67_m
333	RobertPowell	42	AGE42	4418	4417_RobertPowell_42_m
333	RobertPowell	37	AGE37	4414	4413_RobertPowell_37_m
333	RobertPowell	51	AGE51	4424	4423_RobertPowell_51_m
333	RobertPowell	34	AGE34	4411	4410_RobertPowell_34_m
333	RobertPowell	46	AGE46	4421	4420_RobertPowell_46_m
333	RobertPowell	25	AGE25	4404	4403_RobertPowell_25_m
333	RobertPowell	49	AGE49	4423	4422_RobertPowell_49_m
333	RobertPowell	28	AGE28	4406	4405_RobertPowell_28_m
333	RobertPowell	61	AGE61	4427	4426_RobertPowell_61_m
333	RobertPowell	43	AGE43	4419	4418_RobertPowell_43_m
333	RobertPowell	39	AGE39	4416	4415_RobertPowell_39_m
333	RobertPowell	36	AGE36	4413	4412_RobertPowell_36_m
333	RobertPowell	44	AGE44	4420	4419_RobertPowell_44_m
333	RobertPowell	35	AGE35	4412	4411_RobertPowell_35_m
333	RobertPowell	30	AGE30	4408	4407_RobertPowell_30_m
333	RobertPowell	26	AGE26	4405	4404_RobertPowell_26_m
333	RobertPowell	29	AGE29	4407	4406_RobertPowell_29_m
333	RobertPowell	54	AGE54	4425	4424_RobertPowell_54_m
333	RobertPowell	65	AGE65	4430	4429_RobertPowell_65_m
333	RobertPowell	47	AGE47	4422	4421_RobertPowell_47_m
333	RobertPowell	32	AGE32	4409	4408_RobertPowell_32_m
333	RobertPowell	24	AGE24	4403	4402_RobertPowell_24_m
333	RobertPowell	63	AGE63	4428	4427_RobertPowell_63_m
333	RobertPowell	11	AGE11	4402	4401_RobertPowell_11_m
333	RobertPowell	40	AGE40	4417	4416_RobertPowell_40_m
333	RobertPowell	69	AGE69	4432	4431_RobertPowell_69_m
334	LauraAntonelli	34	AGE34	12286	12285_LauraAntonelli_34_f
334	LauraAntonelli	44	AGE44	12293	12292_LauraAntonelli_44_f
334	LauraAntonelli	29	AGE29	12281	12280_LauraAntonelli_29_f
334	LauraAntonelli	30	AGE30	12282	12281_LauraAntonelli_30_f
334	LauraAntonelli	35	AGE35	12287	12286_LauraAntonelli_35_f
334	LauraAntonelli	40	AGE40	12289	12288_LauraAntonelli_40_f
334	LauraAntonelli	46	AGE46	12295	12294_LauraAntonelli_46_f
334	LauraAntonelli	28	AGE28	12280	12279_LauraAntonelli_28_f
334	LauraAntonelli	23	AGE23	12278	12277_LauraAntonelli_23_f
334	LauraAntonelli	42	AGE42	12291	12290_LauraAntonelli_42_f
334	LauraAntonelli	52	AGE52	12297	12296_LauraAntonelli_52_f
334	LauraAntonelli	24	AGE24	12279	12278_LauraAntonelli_24_f
334	LauraAntonelli	65	AGE65	12301	12300_LauraAntonelli_65_f
334	LauraAntonelli	43	AGE43	12292	12291_LauraAntonelli_43_f
334	LauraAntonelli	31	AGE31	12283	12282_LauraAntonelli_31_f
334	LauraAntonelli	54	AGE54	12298	12297_LauraAntonelli_54_f
334	LauraAntonelli	55	AGE55	12299	12298_LauraAntonelli_55_f
334	LauraAntonelli	66	AGE66	12302	12301_LauraAntonelli_66_f
334	LauraAntonelli	72	AGE72	12303	12302_LauraAntonelli_72_f
334	LauraAntonelli	59	AGE59	12300	12299_LauraAntonelli_59_f
334	LauraAntonelli	39	AGE39	12288	12287_LauraAntonelli_39_f
334	LauraAntonelli	41	AGE41	12290	12289_LauraAntonelli_41_f
334	LauraAntonelli	45	AGE45	12294	12293_LauraAntonelli_45_f
334	LauraAntonelli	32	AGE32	12284	12283_LauraAntonelli_32_f
334	LauraAntonelli	33	AGE33	12285	12284_LauraAntonelli_33_f
334	LauraAntonelli	48	AGE48	12296	12295_LauraAntonelli_48_f
335	JoanFontaine	19	AGE19	14319	14318_JoanFontaine_19_f
335	JoanFontaine	28	AGE28	14305	14304_JoanFontaine_28_f
335	JoanFontaine	20	AGE20	14321	14320_JoanFontaine_20_f
335	JoanFontaine	24	AGE24	14303	14302_JoanFontaine_24_f
335	JoanFontaine	23	AGE23	14322	14321_JoanFontaine_23_f
335	JoanFontaine	71	AGE71	14311	14310_JoanFontaine_71_f
335	JoanFontaine	25	AGE25	14326	14325_JoanFontaine_25_f
335	JoanFontaine	78	AGE78	14323	14322_JoanFontaine_78_f
335	JoanFontaine	30	AGE30	14320	14319_JoanFontaine_30_f
335	JoanFontaine	85	AGE85	14317	14316_JoanFontaine_85_f
335	JoanFontaine	72	AGE72	14316	14315_JoanFontaine_72_f
335	JoanFontaine	29	AGE29	14306	14305_JoanFontaine_29_f
335	JoanFontaine	18	AGE18	14302	14301_JoanFontaine_18_f
335	JoanFontaine	32	AGE32	14314	14313_JoanFontaine_32_f
335	JoanFontaine	23	AGE23	14313	14312_JoanFontaine_23_f
335	JoanFontaine	29	AGE29	14324	14323_JoanFontaine_29_f
335	JoanFontaine	25	AGE25	14312	14311_JoanFontaine_25_f
335	JoanFontaine	39	AGE39	14309	14308_JoanFontaine_39_f
335	JoanFontaine	20	AGE20	14318	14317_JoanFontaine_20_f
335	JoanFontaine	26	AGE26	14325	14324_JoanFontaine_26_f
335	JoanFontaine	28	AGE28	14300	14299_JoanFontaine_28_f
335	JoanFontaine	25	AGE25	14304	14303_JoanFontaine_25_f
335	JoanFontaine	68	AGE68	14310	14309_JoanFontaine_68_f
335	JoanFontaine	36	AGE36	14307	14306_JoanFontaine_36_f
335	JoanFontaine	28	AGE28	14301	14300_JoanFontaine_28_f
335	JoanFontaine	75	AGE75	14315	14314_JoanFontaine_75_f
335	JoanFontaine	38	AGE38	14308	14307_JoanFontaine_38_f
336	PatrickStewart	62	AGE62	5574	5573_PatrickStewart_62_m
336	PatrickStewart	63	AGE63	5575	5574_PatrickStewart_63_m
336	PatrickStewart	46	AGE46	5564	5563_PatrickStewart_46_m
336	PatrickStewart	66	AGE66	5578	5577_PatrickStewart_66_m
336	PatrickStewart	39	AGE39	5559	5558_PatrickStewart_39_m
336	PatrickStewart	72	AGE72	5585	5584_PatrickStewart_72_m
336	PatrickStewart	34	AGE34	5555	5554_PatrickStewart_34_m
336	PatrickStewart	74	AGE74	5586	5585_PatrickStewart_74_m
336	PatrickStewart	45	AGE45	5563	5562_PatrickStewart_45_m
336	PatrickStewart	57	AGE57	5570	5569_PatrickStewart_57_m
336	PatrickStewart	53	AGE53	5568	5567_PatrickStewart_53_m
336	PatrickStewart	47	AGE47	5565	5564_PatrickStewart_47_m
336	PatrickStewart	35	AGE35	5556	5555_PatrickStewart_35_m
336	PatrickStewart	44	AGE44	5562	5561_PatrickStewart_44_m
336	PatrickStewart	60	AGE60	5573	5572_PatrickStewart_60_m
336	PatrickStewart	48	AGE48	5566	5565_PatrickStewart_48_m
336	PatrickStewart	28	AGE28	5554	5553_PatrickStewart_28_m
336	PatrickStewart	18	AGE18	5553	5552_PatrickStewart_18_m
336	PatrickStewart	55	AGE55	5569	5568_PatrickStewart_55_m
336	PatrickStewart	71	AGE71	5582	5581_PatrickStewart_71_m
336	PatrickStewart	71	AGE71	5583	5582_PatrickStewart_71_m
336	PatrickStewart	65	AGE65	5577	5576_PatrickStewart_65_m
336	PatrickStewart	70	AGE70	5581	5580_PatrickStewart_70_m
336	PatrickStewart	42	AGE42	5561	5560_PatrickStewart_42_m
336	PatrickStewart	35	AGE35	5557	5556_PatrickStewart_35_m
336	PatrickStewart	40	AGE40	5560	5559_PatrickStewart_40_m
336	PatrickStewart	11	AGE11	5552	5551_PatrickStewart_11_m
336	PatrickStewart	74	AGE74	5551	5550_PatrickStewart_74_m
336	PatrickStewart	72	AGE72	5584	5583_PatrickStewart_72_m
336	PatrickStewart	68	AGE68	5579	5578_PatrickStewart_68_m
336	PatrickStewart	51	AGE51	5567	5566_PatrickStewart_51_m
336	PatrickStewart	59	AGE59	5572	5571_PatrickStewart_59_m
336	PatrickStewart	58	AGE58	5571	5570_PatrickStewart_58_m
336	PatrickStewart	69	AGE69	5580	5579_PatrickStewart_69_m
336	PatrickStewart	64	AGE64	5576	5575_PatrickStewart_64_m
336	PatrickStewart	36	AGE36	5558	5557_PatrickStewart_36_m
337	RichardCrenna	67	AGE67	8340	8339_RichardCrenna_67_m
337	RichardCrenna	47	AGE47	8322	8321_RichardCrenna_47_m
337	RichardCrenna	36	AGE36	8312	8311_RichardCrenna_36_m
337	RichardCrenna	63	AGE63	8338	8337_RichardCrenna_63_m
337	RichardCrenna	41	AGE41	8316	8315_RichardCrenna_41_m
337	RichardCrenna	46	AGE46	8321	8320_RichardCrenna_46_m
337	RichardCrenna	52	AGE52	8330	8329_RichardCrenna_52_m
337	RichardCrenna	59	AGE59	8334	8333_RichardCrenna_59_m
337	RichardCrenna	57	AGE57	8333	8332_RichardCrenna_57_m
337	RichardCrenna	20	AGE20	8313	8312_RichardCrenna_20_m
337	RichardCrenna	42	AGE42	8317	8316_RichardCrenna_42_m
337	RichardCrenna	55	AGE55	8332	8331_RichardCrenna_55_m
337	RichardCrenna	37	AGE37	8315	8314_RichardCrenna_37_m
337	RichardCrenna	60	AGE60	8335	8334_RichardCrenna_60_m
337	RichardCrenna	72	AGE72	8343	8342_RichardCrenna_72_m
337	RichardCrenna	53	AGE53	8331	8330_RichardCrenna_53_m
337	RichardCrenna	43	AGE43	8318	8317_RichardCrenna_43_m
337	RichardCrenna	22	AGE22	8307	8306_RichardCrenna_22_m
337	RichardCrenna	48	AGE48	8328	8327_RichardCrenna_48_m
337	RichardCrenna	73	AGE73	8344	8343_RichardCrenna_73_m
337	RichardCrenna	62	AGE62	8337	8336_RichardCrenna_62_m
337	RichardCrenna	32	AGE32	8314	8313_RichardCrenna_32_m
337	RichardCrenna	51	AGE51	8329	8328_RichardCrenna_51_m
337	RichardCrenna	30	AGE30	8310	8309_RichardCrenna_30_m
337	RichardCrenna	39	AGE39	8326	8325_RichardCrenna_39_m
337	RichardCrenna	71	AGE71	8342	8341_RichardCrenna_71_m
337	RichardCrenna	44	AGE44	8319	8318_RichardCrenna_44_m
337	RichardCrenna	49	AGE49	8323	8322_RichardCrenna_49_m
337	RichardCrenna	74	AGE74	8345	8344_RichardCrenna_74_m
337	RichardCrenna	18	AGE18	8306	8305_RichardCrenna_18_m
337	RichardCrenna	69	AGE69	8341	8340_RichardCrenna_69_m
337	RichardCrenna	45	AGE45	8320	8319_RichardCrenna_45_m
337	RichardCrenna	28	AGE28	8309	8308_RichardCrenna_28_m
337	RichardCrenna	75	AGE75	8346	8345_RichardCrenna_75_m
337	RichardCrenna	34	AGE34	8311	8310_RichardCrenna_34_m
337	RichardCrenna	38	AGE38	8325	8324_RichardCrenna_38_m
337	RichardCrenna	64	AGE64	8339	8338_RichardCrenna_64_m
337	RichardCrenna	26	AGE26	8308	8307_RichardCrenna_26_m
337	RichardCrenna	40	AGE40	8327	8326_RichardCrenna_40_m
337	RichardCrenna	56	AGE56	8324	8323_RichardCrenna_56_m
337	RichardCrenna	61	AGE61	8336	8335_RichardCrenna_61_m
338	FrancescaAnnis	51	AGE51	12151	12150_FrancescaAnnis_51_f
338	FrancescaAnnis	37	AGE37	12144	12143_FrancescaAnnis_37_f
338	FrancescaAnnis	27	AGE27	12137	12136_FrancescaAnnis_27_f
338	FrancescaAnnis	22	AGE22	12134	12133_FrancescaAnnis_22_f
338	FrancescaAnnis	65	AGE65	12160	12159_FrancescaAnnis_65_f
338	FrancescaAnnis	66	AGE66	12161	12160_FrancescaAnnis_66_f
338	FrancescaAnnis	30	AGE30	12140	12139_FrancescaAnnis_30_f
338	FrancescaAnnis	26	AGE26	12136	12135_FrancescaAnnis_26_f
338	FrancescaAnnis	53	AGE53	12152	12151_FrancescaAnnis_53_f
338	FrancescaAnnis	19	AGE19	12131	12130_FrancescaAnnis_19_f
338	FrancescaAnnis	33	AGE33	12141	12140_FrancescaAnnis_33_f
338	FrancescaAnnis	55	AGE55	12153	12152_FrancescaAnnis_55_f
338	FrancescaAnnis	63	AGE63	12158	12157_FrancescaAnnis_63_f
338	FrancescaAnnis	57	AGE57	12154	12153_FrancescaAnnis_57_f
338	FrancescaAnnis	29	AGE29	12139	12138_FrancescaAnnis_29_f
338	FrancescaAnnis	35	AGE35	12143	12142_FrancescaAnnis_35_f
338	FrancescaAnnis	25	AGE25	12135	12134_FrancescaAnnis_25_f
338	FrancescaAnnis	64	AGE64	12159	12158_FrancescaAnnis_64_f
338	FrancescaAnnis	38	AGE38	12145	12144_FrancescaAnnis_38_f
338	FrancescaAnnis	41	AGE41	12147	12146_FrancescaAnnis_41_f
338	FrancescaAnnis	21	AGE21	12133	12132_FrancescaAnnis_21_f
338	FrancescaAnnis	58	AGE58	12155	12154_FrancescaAnnis_58_f
338	FrancescaAnnis	43	AGE43	12148	12147_FrancescaAnnis_43_f
338	FrancescaAnnis	39	AGE39	12146	12145_FrancescaAnnis_39_f
338	FrancescaAnnis	47	AGE47	12149	12148_FrancescaAnnis_47_f
338	FrancescaAnnis	28	AGE28	12138	12137_FrancescaAnnis_28_f
338	FrancescaAnnis	60	AGE60	12156	12155_FrancescaAnnis_60_f
338	FrancescaAnnis	68	AGE68	12162	12161_FrancescaAnnis_68_f
338	FrancescaAnnis	50	AGE50	12150	12149_FrancescaAnnis_50_f
338	FrancescaAnnis	20	AGE20	12132	12131_FrancescaAnnis_20_f
338	FrancescaAnnis	34	AGE34	12142	12141_FrancescaAnnis_34_f
338	FrancescaAnnis	61	AGE61	12157	12156_FrancescaAnnis_61_f
339	ChuckNorris	72	AGE72	3134	3133_ChuckNorris_72_m
339	ChuckNorris	42	AGE42	3108	3107_ChuckNorris_42_m
339	ChuckNorris	50	AGE50	3114	3113_ChuckNorris_50_m
339	ChuckNorris	68	AGE68	3131	3130_ChuckNorris_68_m
339	ChuckNorris	75	AGE75	3136	3135_ChuckNorris_75_m
339	ChuckNorris	47	AGE47	3112	3111_ChuckNorris_47_m
339	ChuckNorris	51	AGE51	3115	3114_ChuckNorris_51_m
339	ChuckNorris	32	AGE32	3100	3099_ChuckNorris_32_m
339	ChuckNorris	65	AGE65	3129	3128_ChuckNorris_65_m
339	ChuckNorris	38	AGE38	3105	3104_ChuckNorris_38_m
339	ChuckNorris	58	AGE58	3122	3121_ChuckNorris_58_m
339	ChuckNorris	59	AGE59	3123	3122_ChuckNorris_59_m
339	ChuckNorris	71	AGE71	3133	3132_ChuckNorris_71_m
339	ChuckNorris	45	AGE45	3110	3109_ChuckNorris_45_m
339	ChuckNorris	64	AGE64	3128	3127_ChuckNorris_64_m
339	ChuckNorris	46	AGE46	3111	3110_ChuckNorris_46_m
339	ChuckNorris	52	AGE52	3116	3115_ChuckNorris_52_m
339	ChuckNorris	57	AGE57	3121	3120_ChuckNorris_57_m
339	ChuckNorris	55	AGE55	3119	3118_ChuckNorris_55_m
339	ChuckNorris	56	AGE56	3120	3119_ChuckNorris_56_m
339	ChuckNorris	67	AGE67	3130	3129_ChuckNorris_67_m
339	ChuckNorris	63	AGE63	3127	3126_ChuckNorris_63_m
339	ChuckNorris	61	AGE61	3125	3124_ChuckNorris_61_m
339	ChuckNorris	33	AGE33	3101	3100_ChuckNorris_33_m
339	ChuckNorris	62	AGE62	3126	3125_ChuckNorris_62_m
339	ChuckNorris	41	AGE41	3107	3106_ChuckNorris_41_m
339	ChuckNorris	39	AGE39	3106	3105_ChuckNorris_39_m
339	ChuckNorris	74	AGE74	3135	3134_ChuckNorris_74_m
339	ChuckNorris	70	AGE70	3132	3131_ChuckNorris_70_m
339	ChuckNorris	60	AGE60	3124	3123_ChuckNorris_60_m
339	ChuckNorris	34	AGE34	3102	3101_ChuckNorris_34_m
339	ChuckNorris	28	AGE28	3099	3098_ChuckNorris_28_m
339	ChuckNorris	36	AGE36	3103	3102_ChuckNorris_36_m
339	ChuckNorris	43	AGE43	3109	3108_ChuckNorris_43_m
339	ChuckNorris	49	AGE49	3113	3112_ChuckNorris_49_m
339	ChuckNorris	54	AGE54	3118	3117_ChuckNorris_54_m
339	ChuckNorris	53	AGE53	3117	3116_ChuckNorris_53_m
339	ChuckNorris	37	AGE37	3104	3103_ChuckNorris_37_m
340	CliffRobertson	61	AGE61	8563	8562_CliffRobertson_61_m
340	CliffRobertson	66	AGE66	8578	8577_CliffRobertson_66_m
340	CliffRobertson	41	AGE41	8557	8556_CliffRobertson_41_m
340	CliffRobertson	60	AGE60	8562	8561_CliffRobertson_60_m
340	CliffRobertson	58	AGE58	8576	8575_CliffRobertson_58_m
340	CliffRobertson	62	AGE62	8577	8576_CliffRobertson_62_m
340	CliffRobertson	80	AGE80	8579	8578_CliffRobertson_80_m
340	CliffRobertson	79	AGE79	8567	8566_CliffRobertson_79_m
340	CliffRobertson	32	AGE32	8551	8550_CliffRobertson_32_m
340	CliffRobertson	50	AGE50	8559	8558_CliffRobertson_50_m
340	CliffRobertson	41	AGE41	8556	8555_CliffRobertson_41_m
340	CliffRobertson	86	AGE86	8571	8570_CliffRobertson_86_m
340	CliffRobertson	44	AGE44	8572	8571_CliffRobertson_44_m
340	CliffRobertson	42	AGE42	8558	8557_CliffRobertson_42_m
340	CliffRobertson	46	AGE46	8573	8572_CliffRobertson_46_m
340	CliffRobertson	40	AGE40	8555	8554_CliffRobertson_40_m
340	CliffRobertson	37	AGE37	8553	8552_CliffRobertson_37_m
340	CliffRobertson	39	AGE39	8554	8553_CliffRobertson_39_m
340	CliffRobertson	52	AGE52	8560	8559_CliffRobertson_52_m
340	CliffRobertson	72	AGE72	8564	8563_CliffRobertson_72_m
340	CliffRobertson	81	AGE81	8568	8567_CliffRobertson_81_m
340	CliffRobertson	35	AGE35	8552	8551_CliffRobertson_35_m
340	CliffRobertson	84	AGE84	8570	8569_CliffRobertson_84_m
340	CliffRobertson	77	AGE77	8566	8565_CliffRobertson_77_m
340	CliffRobertson	82	AGE82	8569	8568_CliffRobertson_82_m
340	CliffRobertson	73	AGE73	8565	8564_CliffRobertson_73_m
340	CliffRobertson	56	AGE56	8561	8560_CliffRobertson_56_m
340	CliffRobertson	47	AGE47	8574	8573_CliffRobertson_47_m
340	CliffRobertson	57	AGE57	8575	8574_CliffRobertson_57_m
341	AnnaMassey	73	AGE73	12483	12482_AnnaMassey_73_f
341	AnnaMassey	59	AGE59	12477	12476_AnnaMassey_59_f
341	AnnaMassey	54	AGE54	12475	12474_AnnaMassey_54_f
341	AnnaMassey	48	AGE48	12473	12472_AnnaMassey_48_f
341	AnnaMassey	38	AGE38	12471	12470_AnnaMassey_38_f
341	AnnaMassey	20	AGE20	12461	12460_AnnaMassey_20_f
341	AnnaMassey	65	AGE65	12479	12478_AnnaMassey_65_f
341	AnnaMassey	61	AGE61	12478	12477_AnnaMassey_61_f
341	AnnaMassey	68	AGE68	12480	12479_AnnaMassey_68_f
341	AnnaMassey	74	AGE74	12484	12483_AnnaMassey_74_f
341	AnnaMassey	21	AGE21	12462	12461_AnnaMassey_21_f
341	AnnaMassey	31	AGE31	12465	12464_AnnaMassey_31_f
341	AnnaMassey	37	AGE37	12470	12469_AnnaMassey_37_f
341	AnnaMassey	46	AGE46	12485	12484_AnnaMassey_46_f
341	AnnaMassey	43	AGE43	12472	12471_AnnaMassey_43_f
341	AnnaMassey	66	AGE66	12486	12485_AnnaMassey_66_f
341	AnnaMassey	52	AGE52	12474	12473_AnnaMassey_52_f
341	AnnaMassey	23	AGE23	12463	12462_AnnaMassey_23_f
341	AnnaMassey	28	AGE28	12464	12463_AnnaMassey_28_f
341	AnnaMassey	13	AGE13	12467	12466_AnnaMassey_13_f
341	AnnaMassey	70	AGE70	12487	12486_AnnaMassey_70_f
341	AnnaMassey	72	AGE72	12482	12481_AnnaMassey_72_f
341	AnnaMassey	55	AGE55	12476	12475_AnnaMassey_55_f
341	AnnaMassey	32	AGE32	12466	12465_AnnaMassey_32_f
341	AnnaMassey	71	AGE71	12481	12480_AnnaMassey_71_f
341	AnnaMassey	36	AGE36	12469	12468_AnnaMassey_36_f
341	AnnaMassey	35	AGE35	12468	12467_AnnaMassey_35_f
342	MarieCurie	50	AGE50	1295	1294_MarieCurie_50_f
342	MarieCurie	36	AGE36	1285	1284_MarieCurie_36_f
342	MarieCurie	58	AGE58	1289	1288_MarieCurie_58_f
342	MarieCurie	66	AGE66	1297	1296_MarieCurie_66_f
342	MarieCurie	55	AGE55	1286	1285_MarieCurie_55_f
342	MarieCurie	44	AGE44	1288	1287_MarieCurie_44_f
342	MarieCurie	28	AGE28	1283	1282_MarieCurie_28_f
342	MarieCurie	20	AGE20	1292	1291_MarieCurie_20_f
342	MarieCurie	29	AGE29	1284	1283_MarieCurie_29_f
342	MarieCurie	42	AGE42	1290	1289_MarieCurie_42_f
342	MarieCurie	21	AGE21	1291	1290_MarieCurie_21_f
342	MarieCurie	39	AGE39	1287	1286_MarieCurie_39_f
342	MarieCurie	50	AGE50	1293	1292_MarieCurie_50_f
342	MarieCurie	52	AGE52	1296	1295_MarieCurie_52_f
342	MarieCurie	23	AGE23	1294	1293_MarieCurie_23_f
343	PaulmcCartney	43	AGE43	148	147_PaulmcCartney_43_m
343	PaulmcCartney	23	AGE23	132	131_PaulmcCartney_23_m
343	PaulmcCartney	26	AGE26	153	152_PaulmcCartney_26_m
343	PaulmcCartney	17	AGE17	149	148_PaulmcCartney_17_m
343	PaulmcCartney	29	AGE29	135	134_PaulmcCartney_29_m
343	PaulmcCartney	70	AGE70	145	144_PaulmcCartney_70_m
343	PaulmcCartney	27	AGE27	134	133_PaulmcCartney_27_m
343	PaulmcCartney	21	AGE21	152	151_PaulmcCartney_21_m
343	PaulmcCartney	22	AGE22	154	153_PaulmcCartney_22_m
343	PaulmcCartney	27	AGE27	158	157_PaulmcCartney_27_m
343	PaulmcCartney	27	AGE27	144	143_PaulmcCartney_27_m
343	PaulmcCartney	15	AGE15	160	159_PaulmcCartney_15_m
343	PaulmcCartney	34	AGE34	137	136_PaulmcCartney_34_m
343	PaulmcCartney	34	AGE34	138	137_PaulmcCartney_34_m
343	PaulmcCartney	22	AGE22	146	145_PaulmcCartney_22_m
343	PaulmcCartney	30	AGE30	159	158_PaulmcCartney_30_m
343	PaulmcCartney	67	AGE67	143	142_PaulmcCartney_67_m
343	PaulmcCartney	31	AGE31	136	135_PaulmcCartney_31_m
343	PaulmcCartney	64	AGE64	141	140_PaulmcCartney_64_m
343	PaulmcCartney	40	AGE40	140	139_PaulmcCartney_40_m
343	PaulmcCartney	26	AGE26	133	132_PaulmcCartney_26_m
343	PaulmcCartney	67	AGE67	142	141_PaulmcCartney_67_m
343	PaulmcCartney	20	AGE20	147	146_PaulmcCartney_20_m
343	PaulmcCartney	20	AGE20	151	150_PaulmcCartney_20_m
343	PaulmcCartney	26	AGE26	157	156_PaulmcCartney_26_m
343	PaulmcCartney	36	AGE36	139	138_PaulmcCartney_36_m
343	PaulmcCartney	17	AGE17	150	149_PaulmcCartney_17_m
343	PaulmcCartney	26	AGE26	155	154_PaulmcCartney_26_m
343	PaulmcCartney	20	AGE20	156	155_PaulmcCartney_20_m
344	ElVenizelos	45	AGE45	708	707_ElVenizelos_45_m
344	ElVenizelos	50	AGE50	706	705_ElVenizelos_50_m
344	ElVenizelos	31	AGE31	700	699_ElVenizelos_31_m
344	ElVenizelos	47	AGE47	704	703_ElVenizelos_47_m
344	ElVenizelos	69	AGE69	705	704_ElVenizelos_69_m
344	ElVenizelos	70	AGE70	707	706_ElVenizelos_70_m
344	ElVenizelos	49	AGE49	709	708_ElVenizelos_49_m
344	ElVenizelos	41	AGE41	701	700_ElVenizelos_41_m
344	ElVenizelos	50	AGE50	713	712_ElVenizelos_50_m
344	ElVenizelos	53	AGE53	714	713_ElVenizelos_53_m
344	ElVenizelos	56	AGE56	702	701_ElVenizelos_56_m
344	ElVenizelos	57	AGE57	703	702_ElVenizelos_57_m
344	ElVenizelos	72	AGE72	710	709_ElVenizelos_72_m
344	ElVenizelos	48	AGE48	712	711_ElVenizelos_48_m
344	ElVenizelos	37	AGE37	711	710_ElVenizelos_37_m
344	ElVenizelos	68	AGE68	715	714_ElVenizelos_68_m
345	JuliaRoberts	23	AGE23	11459	11458_JuliaRoberts_23_f
345	JuliaRoberts	43	AGE43	11471	11470_JuliaRoberts_43_f
345	JuliaRoberts	35	AGE35	11467	11466_JuliaRoberts_35_f
345	JuliaRoberts	29	AGE29	11463	11462_JuliaRoberts_29_f
345	JuliaRoberts	18	AGE18	11455	11454_JuliaRoberts_18_f
345	JuliaRoberts	37	AGE37	11469	11468_JuliaRoberts_37_f
345	JuliaRoberts	19	AGE19	11456	11455_JuliaRoberts_19_f
345	JuliaRoberts	22	AGE22	11458	11457_JuliaRoberts_22_f
345	JuliaRoberts	33	AGE33	11465	11464_JuliaRoberts_33_f
345	JuliaRoberts	34	AGE34	11466	11465_JuliaRoberts_34_f
345	JuliaRoberts	32	AGE32	11464	11463_JuliaRoberts_32_f
345	JuliaRoberts	25	AGE25	11461	11460_JuliaRoberts_25_f
345	JuliaRoberts	36	AGE36	11468	11467_JuliaRoberts_36_f
345	JuliaRoberts	24	AGE24	11460	11459_JuliaRoberts_24_f
345	JuliaRoberts	15	AGE15	11453	11452_JuliaRoberts_15_f
345	JuliaRoberts	9	AGE9	11452	11451_JuliaRoberts_9_f
345	JuliaRoberts	21	AGE21	11457	11456_JuliaRoberts_21_f
345	JuliaRoberts	38	AGE38	11470	11469_JuliaRoberts_38_f
345	JuliaRoberts	17	AGE17	11454	11453_JuliaRoberts_17_f
345	JuliaRoberts	26	AGE26	11462	11461_JuliaRoberts_26_f
346	GloriaSwanson	32	AGE32	13983	13982_GloriaSwanson_32_f
346	GloriaSwanson	55	AGE55	13989	13988_GloriaSwanson_55_f
346	GloriaSwanson	20	AGE20	14008	14007_GloriaSwanson_20_f
346	GloriaSwanson	75	AGE75	13993	13992_GloriaSwanson_75_f
346	GloriaSwanson	77	AGE77	14000	13999_GloriaSwanson_77_f
346	GloriaSwanson	34	AGE34	13984	13983_GloriaSwanson_34_f
346	GloriaSwanson	22	AGE22	13976	13975_GloriaSwanson_22_f
346	GloriaSwanson	69	AGE69	14001	14000_GloriaSwanson_69_f
346	GloriaSwanson	51	AGE51	13988	13987_GloriaSwanson_51_f
346	GloriaSwanson	28	AGE28	13979	13978_GloriaSwanson_28_f
346	GloriaSwanson	24	AGE24	13997	13996_GloriaSwanson_24_f
346	GloriaSwanson	68	AGE68	13991	13990_GloriaSwanson_68_f
346	GloriaSwanson	26	AGE26	14004	14003_GloriaSwanson_26_f
346	GloriaSwanson	20	AGE20	13999	13998_GloriaSwanson_20_f
346	GloriaSwanson	46	AGE46	14005	14004_GloriaSwanson_46_f
346	GloriaSwanson	19	AGE19	13981	13980_GloriaSwanson_19_f
346	GloriaSwanson	53	AGE53	13996	13995_GloriaSwanson_53_f
346	GloriaSwanson	76	AGE76	13994	13993_GloriaSwanson_76_f
346	GloriaSwanson	30	AGE30	14006	14005_GloriaSwanson_30_f
346	GloriaSwanson	42	AGE42	13987	13986_GloriaSwanson_42_f
346	GloriaSwanson	29	AGE29	13980	13979_GloriaSwanson_29_f
346	GloriaSwanson	27	AGE27	13978	13977_GloriaSwanson_27_f
346	GloriaSwanson	32	AGE32	13998	13997_GloriaSwanson_32_f
346	GloriaSwanson	26	AGE26	13977	13976_GloriaSwanson_26_f
346	GloriaSwanson	71	AGE71	13992	13991_GloriaSwanson_71_f
346	GloriaSwanson	24	AGE24	14007	14006_GloriaSwanson_24_f
346	GloriaSwanson	23	AGE23	14003	14002_GloriaSwanson_23_f
346	GloriaSwanson	50	AGE50	14002	14001_GloriaSwanson_50_f
346	GloriaSwanson	79	AGE79	13995	13994_GloriaSwanson_79_f
346	GloriaSwanson	36	AGE36	13985	13984_GloriaSwanson_36_f
346	GloriaSwanson	67	AGE67	13990	13989_GloriaSwanson_67_f
346	GloriaSwanson	40	AGE40	13986	13985_GloriaSwanson_40_f
346	GloriaSwanson	21	AGE21	13975	13974_GloriaSwanson_21_f
346	GloriaSwanson	30	AGE30	13982	13981_GloriaSwanson_30_f
346	GloriaSwanson	38	AGE38	13974	13973_GloriaSwanson_38_f
347	Soljenitsyne	57	AGE57	1349	1348_Soljenitsyne_57_m
347	Soljenitsyne	50	AGE50	1350	1349_Soljenitsyne_50_m
347	Soljenitsyne	68	AGE68	1348	1347_Soljenitsyne_68_m
347	Soljenitsyne	56	AGE56	1342	1341_Soljenitsyne_56_m
347	Soljenitsyne	55	AGE55	1340	1339_Soljenitsyne_55_m
347	Soljenitsyne	75	AGE75	1346	1345_Soljenitsyne_75_m
347	Soljenitsyne	20	AGE20	1343	1342_Soljenitsyne_20_m
347	Soljenitsyne	23	AGE23	1344	1343_Soljenitsyne_23_m
347	Soljenitsyne	60	AGE60	1339	1338_Soljenitsyne_60_m
347	Soljenitsyne	57	AGE57	1341	1340_Soljenitsyne_57_m
347	Soljenitsyne	17	AGE17	1337	1336_Soljenitsyne_17_m
347	Soljenitsyne	89	AGE89	1347	1346_Soljenitsyne_89_m
347	Soljenitsyne	30	AGE30	1338	1337_Soljenitsyne_30_m
347	Soljenitsyne	56	AGE56	1345	1344_Soljenitsyne_56_m
348	VivienLeigh	27	AGE27	14157	14156_VivienLeigh_27_f
348	VivienLeigh	47	AGE47	14154	14153_VivienLeigh_47_f
348	VivienLeigh	32	AGE32	14151	14150_VivienLeigh_32_f
348	VivienLeigh	22	AGE22	14147	14146_VivienLeigh_22_f
348	VivienLeigh	25	AGE25	14155	14154_VivienLeigh_25_f
348	VivienLeigh	38	AGE38	14153	14152_VivienLeigh_38_f
348	VivienLeigh	6	AGE6	14143	14142_VivienLeigh_6_f
348	VivienLeigh	28	AGE28	14149	14148_VivienLeigh_28_f
348	VivienLeigh	42	AGE42	14144	14143_VivienLeigh_42_f
348	VivienLeigh	35	AGE35	14152	14151_VivienLeigh_35_f
348	VivienLeigh	27	AGE27	14148	14147_VivienLeigh_27_f
348	VivienLeigh	35	AGE35	14156	14155_VivienLeigh_35_f
348	VivienLeigh	24	AGE24	14145	14144_VivienLeigh_24_f
348	VivienLeigh	28	AGE28	14150	14149_VivienLeigh_28_f
348	VivienLeigh	24	AGE24	14146	14145_VivienLeigh_24_f
349	GregorMendel	32	AGE32	1113	1112_GregorMendel_32_m
349	GregorMendel	37	AGE37	1114	1113_GregorMendel_37_m
349	GregorMendel	30	AGE30	1115	1114_GregorMendel_30_m
349	GregorMendel	30	AGE30	1112	1111_GregorMendel_30_m
349	GregorMendel	30	AGE30	1116	1115_GregorMendel_30_m
349	GregorMendel	38	AGE38	1110	1109_GregorMendel_38_m
349	GregorMendel	37	AGE37	1117	1116_GregorMendel_37_m
349	GregorMendel	50	AGE50	1111	1110_GregorMendel_50_m
350	VittorioGassman	74	AGE74	9267	9266_VittorioGassman_74_m
350	VittorioGassman	36	AGE36	9242	9241_VittorioGassman_36_m
350	VittorioGassman	52	AGE52	9254	9253_VittorioGassman_52_m
350	VittorioGassman	55	AGE55	9256	9255_VittorioGassman_55_m
350	VittorioGassman	39	AGE39	9245	9244_VittorioGassman_39_m
350	VittorioGassman	66	AGE66	9263	9262_VittorioGassman_66_m
350	VittorioGassman	77	AGE77	9270	9269_VittorioGassman_77_m
350	VittorioGassman	24	AGE24	9237	9236_VittorioGassman_24_m
350	VittorioGassman	45	AGE45	9250	9249_VittorioGassman_45_m
350	VittorioGassman	65	AGE65	9262	9261_VittorioGassman_65_m
350	VittorioGassman	72	AGE72	9265	9264_VittorioGassman_72_m
350	VittorioGassman	50	AGE50	9253	9252_VittorioGassman_50_m
350	VittorioGassman	70	AGE70	9264	9263_VittorioGassman_70_m
350	VittorioGassman	49	AGE49	9252	9251_VittorioGassman_49_m
350	VittorioGassman	61	AGE61	9260	9259_VittorioGassman_61_m
350	VittorioGassman	41	AGE41	9247	9246_VittorioGassman_41_m
350	VittorioGassman	46	AGE46	9251	9250_VittorioGassman_46_m
350	VittorioGassman	52	AGE52	9255	9254_VittorioGassman_52_m
350	VittorioGassman	38	AGE38	9244	9243_VittorioGassman_38_m
350	VittorioGassman	62	AGE62	9261	9260_VittorioGassman_62_m
350	VittorioGassman	44	AGE44	9249	9248_VittorioGassman_44_m
350	VittorioGassman	40	AGE40	9246	9245_VittorioGassman_40_m
350	VittorioGassman	58	AGE58	9258	9257_VittorioGassman_58_m
350	VittorioGassman	77	AGE77	9271	9270_VittorioGassman_77_m
350	VittorioGassman	31	AGE31	9239	9238_VittorioGassman_31_m
350	VittorioGassman	59	AGE59	9259	9258_VittorioGassman_59_m
350	VittorioGassman	26	AGE26	9238	9237_VittorioGassman_26_m
350	VittorioGassman	73	AGE73	9266	9265_VittorioGassman_73_m
350	VittorioGassman	76	AGE76	9269	9268_VittorioGassman_76_m
350	VittorioGassman	33	AGE33	9240	9239_VittorioGassman_33_m
350	VittorioGassman	75	AGE75	9268	9267_VittorioGassman_75_m
350	VittorioGassman	43	AGE43	9248	9247_VittorioGassman_43_m
350	VittorioGassman	37	AGE37	9243	9242_VittorioGassman_37_m
350	VittorioGassman	34	AGE34	9241	9240_VittorioGassman_34_m
350	VittorioGassman	57	AGE57	9257	9256_VittorioGassman_57_m
351	JonVoight	36	AGE36	2055	2054_JonVoight_36_m
351	JonVoight	60	AGE60	2074	2073_JonVoight_60_m
351	JonVoight	47	AGE47	2063	2062_JonVoight_47_m
351	JonVoight	39	AGE39	2059	2058_JonVoight_39_m
351	JonVoight	74	AGE74	2089	2088_JonVoight_74_m
351	JonVoight	31	AGE31	2050	2049_JonVoight_31_m
351	JonVoight	34	AGE34	2052	2051_JonVoight_34_m
351	JonVoight	35	AGE35	2053	2052_JonVoight_35_m
351	JonVoight	65	AGE65	2079	2078_JonVoight_65_m
351	JonVoight	76	AGE76	2092	2091_JonVoight_76_m
351	JonVoight	66	AGE66	2081	2080_JonVoight_66_m
351	JonVoight	61	AGE61	2075	2074_JonVoight_61_m
351	JonVoight	50	AGE50	2066	2065_JonVoight_50_m
351	JonVoight	59	AGE59	2072	2071_JonVoight_59_m
351	JonVoight	41	AGE41	2060	2059_JonVoight_41_m
351	JonVoight	32	AGE32	2051	2050_JonVoight_32_m
351	JonVoight	54	AGE54	2068	2067_JonVoight_54_m
351	JonVoight	48	AGE48	2065	2064_JonVoight_48_m
351	JonVoight	73	AGE73	2088	2087_JonVoight_73_m
351	JonVoight	61	AGE61	2076	2075_JonVoight_61_m
351	JonVoight	52	AGE52	2067	2066_JonVoight_52_m
351	JonVoight	57	AGE57	2070	2069_JonVoight_57_m
351	JonVoight	75	AGE75	2091	2090_JonVoight_75_m
351	JonVoight	68	AGE68	2083	2082_JonVoight_68_m
351	JonVoight	67	AGE67	2082	2081_JonVoight_67_m
351	JonVoight	60	AGE60	2073	2072_JonVoight_60_m
351	JonVoight	37	AGE37	2057	2056_JonVoight_37_m
351	JonVoight	75	AGE75	2090	2089_JonVoight_75_m
351	JonVoight	31	AGE31	2049	2048_JonVoight_31_m
351	JonVoight	66	AGE66	2080	2079_JonVoight_66_m
351	JonVoight	58	AGE58	2071	2070_JonVoight_58_m
351	JonVoight	47	AGE47	2064	2063_JonVoight_47_m
351	JonVoight	45	AGE45	2062	2061_JonVoight_45_m
351	JonVoight	44	AGE44	2061	2060_JonVoight_44_m
351	JonVoight	36	AGE36	2056	2055_JonVoight_36_m
351	JonVoight	28	AGE28	2048	2047_JonVoight_28_m
351	JonVoight	35	AGE35	2054	2053_JonVoight_35_m
351	JonVoight	70	AGE70	2084	2083_JonVoight_70_m
351	JonVoight	64	AGE64	2078	2077_JonVoight_64_m
351	JonVoight	71	AGE71	2085	2084_JonVoight_71_m
351	JonVoight	72	AGE72	2087	2086_JonVoight_72_m
351	JonVoight	62	AGE62	2077	2076_JonVoight_62_m
351	JonVoight	55	AGE55	2069	2068_JonVoight_55_m
351	JonVoight	38	AGE38	2058	2057_JonVoight_38_m
351	JonVoight	71	AGE71	2086	2085_JonVoight_71_m
352	OdysseasElytis	74	AGE74	1394	1393_OdysseasElytis_74_m
352	OdysseasElytis	26	AGE26	1383	1382_OdysseasElytis_26_m
352	OdysseasElytis	50	AGE50	1388	1387_OdysseasElytis_50_m
352	OdysseasElytis	65	AGE65	1395	1394_OdysseasElytis_65_m
352	OdysseasElytis	71	AGE71	1381	1380_OdysseasElytis_71_m
352	OdysseasElytis	55	AGE55	1385	1384_OdysseasElytis_55_m
352	OdysseasElytis	68	AGE68	1386	1385_OdysseasElytis_68_m
352	OdysseasElytis	65	AGE65	1391	1390_OdysseasElytis_65_m
352	OdysseasElytis	83	AGE83	1392	1391_OdysseasElytis_83_m
352	OdysseasElytis	70	AGE70	1387	1386_OdysseasElytis_70_m
352	OdysseasElytis	58	AGE58	1384	1383_OdysseasElytis_58_m
352	OdysseasElytis	64	AGE64	1393	1392_OdysseasElytis_64_m
352	OdysseasElytis	52	AGE52	1389	1388_OdysseasElytis_52_m
352	OdysseasElytis	20	AGE20	1382	1381_OdysseasElytis_20_m
352	OdysseasElytis	43	AGE43	1390	1389_OdysseasElytis_43_m
352	OdysseasElytis	43	AGE43	1380	1379_OdysseasElytis_43_m
353	ArmandAssante	56	AGE56	5139	5138_ArmandAssante_56_m
353	ArmandAssante	46	AGE46	5131	5130_ArmandAssante_46_m
353	ArmandAssante	58	AGE58	5123	5122_ArmandAssante_58_m
353	ArmandAssante	49	AGE49	5134	5133_ArmandAssante_49_m
353	ArmandAssante	25	AGE25	5112	5111_ArmandAssante_25_m
353	ArmandAssante	59	AGE59	5141	5140_ArmandAssante_59_m
353	ArmandAssante	47	AGE47	5132	5131_ArmandAssante_47_m
353	ArmandAssante	29	AGE29	5115	5114_ArmandAssante_29_m
353	ArmandAssante	41	AGE41	5129	5128_ArmandAssante_41_m
353	ArmandAssante	31	AGE31	5118	5117_ArmandAssante_31_m
353	ArmandAssante	33	AGE33	5124	5123_ArmandAssante_33_m
353	ArmandAssante	65	AGE65	5144	5143_ArmandAssante_65_m
353	ArmandAssante	57	AGE57	5140	5139_ArmandAssante_57_m
353	ArmandAssante	34	AGE34	5125	5124_ArmandAssante_34_m
353	ArmandAssante	30	AGE30	5116	5115_ArmandAssante_30_m
353	ArmandAssante	52	AGE52	5136	5135_ArmandAssante_52_m
353	ArmandAssante	48	AGE48	5133	5132_ArmandAssante_48_m
353	ArmandAssante	36	AGE36	5126	5125_ArmandAssante_36_m
353	ArmandAssante	48	AGE48	5121	5120_ArmandAssante_48_m
353	ArmandAssante	32	AGE32	5119	5118_ArmandAssante_32_m
353	ArmandAssante	39	AGE39	5128	5127_ArmandAssante_39_m
353	ArmandAssante	44	AGE44	5120	5119_ArmandAssante_44_m
353	ArmandAssante	51	AGE51	5122	5121_ArmandAssante_51_m
353	ArmandAssante	23	AGE23	5111	5110_ArmandAssante_23_m
353	ArmandAssante	54	AGE54	5137	5136_ArmandAssante_54_m
353	ArmandAssante	50	AGE50	5135	5134_ArmandAssante_50_m
353	ArmandAssante	55	AGE55	5138	5137_ArmandAssante_55_m
353	ArmandAssante	43	AGE43	5130	5129_ArmandAssante_43_m
353	ArmandAssante	31	AGE31	5117	5116_ArmandAssante_31_m
353	ArmandAssante	27	AGE27	5114	5113_ArmandAssante_27_m
353	ArmandAssante	38	AGE38	5127	5126_ArmandAssante_38_m
353	ArmandAssante	61	AGE61	5143	5142_ArmandAssante_61_m
353	ArmandAssante	26	AGE26	5113	5112_ArmandAssante_26_m
353	ArmandAssante	60	AGE60	5142	5141_ArmandAssante_60_m
354	RandolphScott	63	AGE63	8238	8237_RandolphScott_63_m
354	RandolphScott	40	AGE40	8224	8223_RandolphScott_40_m
354	RandolphScott	44	AGE44	8227	8226_RandolphScott_44_m
354	RandolphScott	55	AGE55	8233	8232_RandolphScott_55_m
354	RandolphScott	52	AGE52	8231	8230_RandolphScott_52_m
354	RandolphScott	47	AGE47	8229	8228_RandolphScott_47_m
354	RandolphScott	36	AGE36	8220	8219_RandolphScott_36_m
354	RandolphScott	54	AGE54	8232	8231_RandolphScott_54_m
354	RandolphScott	35	AGE35	8219	8218_RandolphScott_35_m
354	RandolphScott	60	AGE60	8236	8235_RandolphScott_60_m
354	RandolphScott	58	AGE58	8234	8233_RandolphScott_58_m
354	RandolphScott	50	AGE50	8230	8229_RandolphScott_50_m
354	RandolphScott	45	AGE45	8228	8227_RandolphScott_45_m
354	RandolphScott	81	AGE81	8239	8238_RandolphScott_81_m
354	RandolphScott	34	AGE34	8218	8217_RandolphScott_34_m
354	RandolphScott	84	AGE84	8240	8239_RandolphScott_84_m
354	RandolphScott	39	AGE39	8223	8222_RandolphScott_39_m
354	RandolphScott	42	AGE42	8226	8225_RandolphScott_42_m
354	RandolphScott	59	AGE59	8235	8234_RandolphScott_59_m
354	RandolphScott	38	AGE38	8222	8221_RandolphScott_38_m
354	RandolphScott	37	AGE37	8221	8220_RandolphScott_37_m
354	RandolphScott	61	AGE61	8237	8236_RandolphScott_61_m
354	RandolphScott	41	AGE41	8225	8224_RandolphScott_41_m
354	RandolphScott	32	AGE32	8217	8216_RandolphScott_32_m
355	CelesteHolm	46	AGE46	13394	13393_CelesteHolm_46_f
355	CelesteHolm	78	AGE78	13399	13398_CelesteHolm_78_f
355	CelesteHolm	43	AGE43	13393	13392_CelesteHolm_43_f
355	CelesteHolm	39	AGE39	13392	13391_CelesteHolm_39_f
355	CelesteHolm	41	AGE41	13377	13376_CelesteHolm_41_f
355	CelesteHolm	38	AGE38	13391	13390_CelesteHolm_38_f
355	CelesteHolm	32	AGE32	13376	13375_CelesteHolm_32_f
355	CelesteHolm	86	AGE86	13402	13401_CelesteHolm_86_f
355	CelesteHolm	59	AGE59	13381	13380_CelesteHolm_59_f
355	CelesteHolm	81	AGE81	13400	13399_CelesteHolm_81_f
355	CelesteHolm	50	AGE50	13378	13377_CelesteHolm_50_f
355	CelesteHolm	36	AGE36	13390	13389_CelesteHolm_36_f
355	CelesteHolm	56	AGE56	13380	13379_CelesteHolm_56_f
355	CelesteHolm	70	AGE70	13397	13396_CelesteHolm_70_f
355	CelesteHolm	71	AGE71	13383	13382_CelesteHolm_71_f
355	CelesteHolm	66	AGE66	13382	13381_CelesteHolm_66_f
355	CelesteHolm	61	AGE61	13395	13394_CelesteHolm_61_f
355	CelesteHolm	75	AGE75	13398	13397_CelesteHolm_75_f
355	CelesteHolm	25	AGE25	13374	13373_CelesteHolm_25_f
355	CelesteHolm	83	AGE83	13385	13384_CelesteHolm_83_f
355	CelesteHolm	91	AGE91	13404	13403_CelesteHolm_91_f
355	CelesteHolm	84	AGE84	13401	13400_CelesteHolm_84_f
355	CelesteHolm	89	AGE89	13388	13387_CelesteHolm_89_f
355	CelesteHolm	90	AGE90	13403	13402_CelesteHolm_90_f
355	CelesteHolm	87	AGE87	13387	13386_CelesteHolm_87_f
355	CelesteHolm	63	AGE63	13396	13395_CelesteHolm_63_f
355	CelesteHolm	27	AGE27	13375	13374_CelesteHolm_27_f
355	CelesteHolm	85	AGE85	13386	13385_CelesteHolm_85_f
355	CelesteHolm	73	AGE73	13384	13383_CelesteHolm_73_f
355	CelesteHolm	54	AGE54	13379	13378_CelesteHolm_54_f
355	CelesteHolm	35	AGE35	13389	13388_CelesteHolm_35_f
356	JeffreyJones	55	AGE55	4256	4255_JeffreyJones_55_m
356	JeffreyJones	62	AGE62	4257	4256_JeffreyJones_62_m
356	JeffreyJones	41	AGE41	4246	4245_JeffreyJones_41_m
356	JeffreyJones	42	AGE42	4247	4246_JeffreyJones_42_m
356	JeffreyJones	48	AGE48	4251	4250_JeffreyJones_48_m
356	JeffreyJones	46	AGE46	4250	4249_JeffreyJones_46_m
356	JeffreyJones	51	AGE51	4253	4252_JeffreyJones_51_m
356	JeffreyJones	54	AGE54	4255	4254_JeffreyJones_54_m
356	JeffreyJones	50	AGE50	4252	4251_JeffreyJones_50_m
356	JeffreyJones	39	AGE39	4244	4243_JeffreyJones_39_m
356	JeffreyJones	63	AGE63	4258	4257_JeffreyJones_63_m
356	JeffreyJones	37	AGE37	4242	4241_JeffreyJones_37_m
356	JeffreyJones	38	AGE38	4243	4242_JeffreyJones_38_m
356	JeffreyJones	40	AGE40	4245	4244_JeffreyJones_40_m
356	JeffreyJones	43	AGE43	4248	4247_JeffreyJones_43_m
356	JeffreyJones	67	AGE67	4259	4258_JeffreyJones_67_m
356	JeffreyJones	53	AGE53	4254	4253_JeffreyJones_53_m
356	JeffreyJones	44	AGE44	4249	4248_JeffreyJones_44_m
357	KathyBates	56	AGE56	10237	10236_KathyBates_56_f
357	KathyBates	61	AGE61	10233	10232_KathyBates_61_f
357	KathyBates	38	AGE38	10223	10222_KathyBates_38_f
357	KathyBates	47	AGE47	10227	10226_KathyBates_47_f
357	KathyBates	54	AGE54	10236	10235_KathyBates_54_f
357	KathyBates	62	AGE62	10234	10233_KathyBates_62_f
357	KathyBates	27	AGE27	10221	10220_KathyBates_27_f
357	KathyBates	43	AGE43	10224	10223_KathyBates_43_f
357	KathyBates	23	AGE23	10220	10219_KathyBates_23_f
357	KathyBates	46	AGE46	10230	10229_KathyBates_46_f
357	KathyBates	59	AGE59	10238	10237_KathyBates_59_f
357	KathyBates	59	AGE59	10232	10231_KathyBates_59_f
357	KathyBates	65	AGE65	10243	10242_KathyBates_65_f
357	KathyBates	34	AGE34	10222	10221_KathyBates_34_f
357	KathyBates	49	AGE49	10228	10227_KathyBates_49_f
357	KathyBates	47	AGE47	10226	10225_KathyBates_47_f
357	KathyBates	57	AGE57	10235	10234_KathyBates_57_f
357	KathyBates	48	AGE48	10231	10230_KathyBates_48_f
357	KathyBates	54	AGE54	10229	10228_KathyBates_54_f
357	KathyBates	60	AGE60	10239	10238_KathyBates_60_f
357	KathyBates	49	AGE49	10242	10241_KathyBates_49_f
357	KathyBates	60	AGE60	10240	10239_KathyBates_60_f
357	KathyBates	23	AGE23	10219	10218_KathyBates_23_f
357	KathyBates	43	AGE43	10225	10224_KathyBates_43_f
357	KathyBates	62	AGE62	10241	10240_KathyBates_62_f
358	NicolasSarkozy	45	AGE45	5535	5534_NicolasSarkozy_45_m
358	NicolasSarkozy	53	AGE53	5542	5541_NicolasSarkozy_53_m
358	NicolasSarkozy	23	AGE23	5517	5516_NicolasSarkozy_23_m
358	NicolasSarkozy	49	AGE49	5538	5537_NicolasSarkozy_49_m
358	NicolasSarkozy	51	AGE51	5540	5539_NicolasSarkozy_51_m
358	NicolasSarkozy	43	AGE43	5533	5532_NicolasSarkozy_43_m
358	NicolasSarkozy	21	AGE21	5516	5515_NicolasSarkozy_21_m
358	NicolasSarkozy	58	AGE58	5547	5546_NicolasSarkozy_58_m
358	NicolasSarkozy	35	AGE35	5526	5525_NicolasSarkozy_35_m
358	NicolasSarkozy	31	AGE31	5523	5522_NicolasSarkozy_31_m
358	NicolasSarkozy	56	AGE56	5545	5544_NicolasSarkozy_56_m
358	NicolasSarkozy	60	AGE60	5549	5548_NicolasSarkozy_60_m
358	NicolasSarkozy	41	AGE41	5532	5531_NicolasSarkozy_41_m
358	NicolasSarkozy	34	AGE34	5525	5524_NicolasSarkozy_34_m
358	NicolasSarkozy	30	AGE30	5522	5521_NicolasSarkozy_30_m
358	NicolasSarkozy	61	AGE61	5550	5549_NicolasSarkozy_61_m
358	NicolasSarkozy	37	AGE37	5528	5527_NicolasSarkozy_37_m
358	NicolasSarkozy	28	AGE28	5521	5520_NicolasSarkozy_28_m
358	NicolasSarkozy	26	AGE26	5519	5518_NicolasSarkozy_26_m
358	NicolasSarkozy	32	AGE32	5524	5523_NicolasSarkozy_32_m
358	NicolasSarkozy	57	AGE57	5546	5545_NicolasSarkozy_57_m
358	NicolasSarkozy	52	AGE52	5541	5540_NicolasSarkozy_52_m
358	NicolasSarkozy	37	AGE37	5527	5526_NicolasSarkozy_37_m
358	NicolasSarkozy	25	AGE25	5518	5517_NicolasSarkozy_25_m
358	NicolasSarkozy	27	AGE27	5520	5519_NicolasSarkozy_27_m
358	NicolasSarkozy	40	AGE40	5530	5529_NicolasSarkozy_40_m
358	NicolasSarkozy	44	AGE44	5534	5533_NicolasSarkozy_44_m
358	NicolasSarkozy	38	AGE38	5529	5528_NicolasSarkozy_38_m
358	NicolasSarkozy	59	AGE59	5548	5547_NicolasSarkozy_59_m
358	NicolasSarkozy	54	AGE54	5543	5542_NicolasSarkozy_54_m
358	NicolasSarkozy	48	AGE48	5537	5536_NicolasSarkozy_48_m
358	NicolasSarkozy	20	AGE20	5515	5514_NicolasSarkozy_20_m
358	NicolasSarkozy	50	AGE50	5539	5538_NicolasSarkozy_50_m
358	NicolasSarkozy	55	AGE55	5544	5543_NicolasSarkozy_55_m
358	NicolasSarkozy	47	AGE47	5536	5535_NicolasSarkozy_47_m
358	NicolasSarkozy	41	AGE41	5531	5530_NicolasSarkozy_41_m
359	KostasVoutsas	40	AGE40	4706	4705_KostasVoutsas_40_m
359	KostasVoutsas	60	AGE60	4717	4716_KostasVoutsas_60_m
359	KostasVoutsas	32	AGE32	4703	4702_KostasVoutsas_32_m
359	KostasVoutsas	52	AGE52	4720	4719_KostasVoutsas_52_m
359	KostasVoutsas	60	AGE60	4711	4710_KostasVoutsas_60_m
359	KostasVoutsas	60	AGE60	4707	4706_KostasVoutsas_60_m
359	KostasVoutsas	65	AGE65	4719	4718_KostasVoutsas_65_m
359	KostasVoutsas	32	AGE32	4709	4708_KostasVoutsas_32_m
359	KostasVoutsas	70	AGE70	4713	4712_KostasVoutsas_70_m
359	KostasVoutsas	35	AGE35	4715	4714_KostasVoutsas_35_m
359	KostasVoutsas	80	AGE80	4714	4713_KostasVoutsas_80_m
359	KostasVoutsas	65	AGE65	4718	4717_KostasVoutsas_65_m
359	KostasVoutsas	61	AGE61	4702	4701_KostasVoutsas_61_m
359	KostasVoutsas	32	AGE32	4710	4709_KostasVoutsas_32_m
359	KostasVoutsas	62	AGE62	4705	4704_KostasVoutsas_62_m
359	KostasVoutsas	48	AGE48	4712	4711_KostasVoutsas_48_m
359	KostasVoutsas	53	AGE53	4704	4703_KostasVoutsas_53_m
359	KostasVoutsas	33	AGE33	4716	4715_KostasVoutsas_33_m
359	KostasVoutsas	58	AGE58	4708	4707_KostasVoutsas_58_m
360	UgoTognazzi	47	AGE47	7689	7688_UgoTognazzi_47_m
360	UgoTognazzi	65	AGE65	7706	7705_UgoTognazzi_65_m
360	UgoTognazzi	39	AGE39	7680	7679_UgoTognazzi_39_m
360	UgoTognazzi	64	AGE64	7705	7704_UgoTognazzi_64_m
360	UgoTognazzi	35	AGE35	7676	7675_UgoTognazzi_35_m
360	UgoTognazzi	49	AGE49	7692	7691_UgoTognazzi_49_m
360	UgoTognazzi	36	AGE36	7677	7676_UgoTognazzi_36_m
360	UgoTognazzi	42	AGE42	7684	7683_UgoTognazzi_42_m
360	UgoTognazzi	56	AGE56	7700	7699_UgoTognazzi_56_m
360	UgoTognazzi	34	AGE34	7675	7674_UgoTognazzi_34_m
360	UgoTognazzi	51	AGE51	7694	7693_UgoTognazzi_51_m
360	UgoTognazzi	60	AGE60	7702	7701_UgoTognazzi_60_m
360	UgoTognazzi	54	AGE54	7698	7697_UgoTognazzi_54_m
360	UgoTognazzi	62	AGE62	7703	7702_UgoTognazzi_62_m
360	UgoTognazzi	40	AGE40	7682	7681_UgoTognazzi_40_m
360	UgoTognazzi	50	AGE50	7693	7692_UgoTognazzi_50_m
360	UgoTognazzi	52	AGE52	7695	7694_UgoTognazzi_52_m
360	UgoTognazzi	53	AGE53	7697	7696_UgoTognazzi_53_m
360	UgoTognazzi	32	AGE32	7673	7672_UgoTognazzi_32_m
360	UgoTognazzi	43	AGE43	7685	7684_UgoTognazzi_43_m
360	UgoTognazzi	30	AGE30	7671	7670_UgoTognazzi_30_m
360	UgoTognazzi	45	AGE45	7687	7686_UgoTognazzi_45_m
360	UgoTognazzi	55	AGE55	7699	7698_UgoTognazzi_55_m
360	UgoTognazzi	63	AGE63	7704	7703_UgoTognazzi_63_m
360	UgoTognazzi	48	AGE48	7690	7689_UgoTognazzi_48_m
360	UgoTognazzi	37	AGE37	7678	7677_UgoTognazzi_37_m
360	UgoTognazzi	38	AGE38	7679	7678_UgoTognazzi_38_m
360	UgoTognazzi	67	AGE67	7707	7706_UgoTognazzi_67_m
360	UgoTognazzi	40	AGE40	7681	7680_UgoTognazzi_40_m
360	UgoTognazzi	31	AGE31	7672	7671_UgoTognazzi_31_m
360	UgoTognazzi	33	AGE33	7674	7673_UgoTognazzi_33_m
360	UgoTognazzi	42	AGE42	7683	7682_UgoTognazzi_42_m
360	UgoTognazzi	53	AGE53	7696	7695_UgoTognazzi_53_m
360	UgoTognazzi	46	AGE46	7688	7687_UgoTognazzi_46_m
360	UgoTognazzi	48	AGE48	7691	7690_UgoTognazzi_48_m
360	UgoTognazzi	57	AGE57	7701	7700_UgoTognazzi_57_m
360	UgoTognazzi	44	AGE44	7686	7685_UgoTognazzi_44_m
361	CarlSagan	21	AGE21	990	989_CarlSagan_21_m
361	CarlSagan	46	AGE46	991	990_CarlSagan_46_m
361	CarlSagan	42	AGE42	996	995_CarlSagan_42_m
361	CarlSagan	35	AGE35	1000	999_CarlSagan_35_m
361	CarlSagan	59	AGE59	997	996_CarlSagan_59_m
361	CarlSagan	50	AGE50	998	997_CarlSagan_50_m
361	CarlSagan	50	AGE50	992	991_CarlSagan_50_m
361	CarlSagan	40	AGE40	995	994_CarlSagan_40_m
361	CarlSagan	25	AGE25	994	993_CarlSagan_25_m
361	CarlSagan	60	AGE60	988	987_CarlSagan_60_m
361	CarlSagan	20	AGE20	989	988_CarlSagan_20_m
361	CarlSagan	25	AGE25	999	998_CarlSagan_25_m
361	CarlSagan	42	AGE42	993	992_CarlSagan_42_m
362	CyndiLauper	32	AGE32	11434	11433_CyndiLauper_32_f
362	CyndiLauper	30	AGE30	11432	11431_CyndiLauper_30_f
362	CyndiLauper	59	AGE59	11448	11447_CyndiLauper_59_f
362	CyndiLauper	61	AGE61	11451	11450_CyndiLauper_61_f
362	CyndiLauper	55	AGE55	11445	11444_CyndiLauper_55_f
362	CyndiLauper	60	AGE60	11449	11448_CyndiLauper_60_f
362	CyndiLauper	52	AGE52	11442	11441_CyndiLauper_52_f
362	CyndiLauper	61	AGE61	11450	11449_CyndiLauper_61_f
362	CyndiLauper	49	AGE49	11440	11439_CyndiLauper_49_f
362	CyndiLauper	37	AGE37	11436	11435_CyndiLauper_37_f
362	CyndiLauper	58	AGE58	11447	11446_CyndiLauper_58_f
362	CyndiLauper	53	AGE53	11443	11442_CyndiLauper_53_f
362	CyndiLauper	45	AGE45	11438	11437_CyndiLauper_45_f
362	CyndiLauper	54	AGE54	11444	11443_CyndiLauper_54_f
362	CyndiLauper	29	AGE29	11431	11430_CyndiLauper_29_f
362	CyndiLauper	34	AGE34	11435	11434_CyndiLauper_34_f
362	CyndiLauper	31	AGE31	11433	11432_CyndiLauper_31_f
362	CyndiLauper	27	AGE27	11430	11429_CyndiLauper_27_f
362	CyndiLauper	56	AGE56	11446	11445_CyndiLauper_56_f
362	CyndiLauper	48	AGE48	11439	11438_CyndiLauper_48_f
362	CyndiLauper	38	AGE38	11437	11436_CyndiLauper_38_f
362	CyndiLauper	51	AGE51	11441	11440_CyndiLauper_51_f
362	CyndiLauper	20	AGE20	11429	11428_CyndiLauper_20_f
363	GretaGarbo	58	AGE58	13109	13108_GretaGarbo_58_f
363	GretaGarbo	84	AGE84	13104	13103_GretaGarbo_84_f
363	GretaGarbo	13	AGE13	13085	13084_GretaGarbo_13_f
363	GretaGarbo	85	AGE85	13105	13104_GretaGarbo_85_f
363	GretaGarbo	30	AGE30	13094	13093_GretaGarbo_30_f
363	GretaGarbo	26	AGE26	13091	13090_GretaGarbo_26_f
363	GretaGarbo	27	AGE27	13092	13091_GretaGarbo_27_f
363	GretaGarbo	20	AGE20	13086	13085_GretaGarbo_20_f
363	GretaGarbo	42	AGE42	13107	13106_GretaGarbo_42_f
363	GretaGarbo	28	AGE28	13093	13092_GretaGarbo_28_f
363	GretaGarbo	60	AGE60	13102	13101_GretaGarbo_60_f
363	GretaGarbo	51	AGE51	13100	13099_GretaGarbo_51_f
363	GretaGarbo	25	AGE25	13090	13089_GretaGarbo_25_f
363	GretaGarbo	31	AGE31	13095	13094_GretaGarbo_31_f
363	GretaGarbo	24	AGE24	13089	13088_GretaGarbo_24_f
363	GretaGarbo	55	AGE55	13101	13100_GretaGarbo_55_f
363	GretaGarbo	47	AGE47	13108	13107_GretaGarbo_47_f
363	GretaGarbo	32	AGE32	13096	13095_GretaGarbo_32_f
363	GretaGarbo	23	AGE23	13087	13086_GretaGarbo_23_f
363	GretaGarbo	85	AGE85	13106	13105_GretaGarbo_85_f
363	GretaGarbo	48	AGE48	13099	13098_GretaGarbo_48_f
363	GretaGarbo	34	AGE34	13097	13096_GretaGarbo_34_f
363	GretaGarbo	23	AGE23	13088	13087_GretaGarbo_23_f
363	GretaGarbo	46	AGE46	13098	13097_GretaGarbo_46_f
363	GretaGarbo	64	AGE64	13103	13102_GretaGarbo_64_f
364	SarahDouglas	30	AGE30	15790	15789_SarahDouglas_30_f
364	SarahDouglas	49	AGE49	15802	15801_SarahDouglas_49_f
364	SarahDouglas	25	AGE25	15786	15785_SarahDouglas_25_f
364	SarahDouglas	37	AGE37	15797	15796_SarahDouglas_37_f
364	SarahDouglas	24	AGE24	15785	15784_SarahDouglas_24_f
364	SarahDouglas	31	AGE31	15791	15790_SarahDouglas_31_f
364	SarahDouglas	39	AGE39	15799	15798_SarahDouglas_39_f
364	SarahDouglas	33	AGE33	15793	15792_SarahDouglas_33_f
364	SarahDouglas	18	AGE18	15783	15782_SarahDouglas_18_f
364	SarahDouglas	34	AGE34	15794	15793_SarahDouglas_34_f
364	SarahDouglas	56	AGE56	15806	15805_SarahDouglas_56_f
364	SarahDouglas	32	AGE32	15792	15791_SarahDouglas_32_f
364	SarahDouglas	63	AGE63	15813	15812_SarahDouglas_63_f
364	SarahDouglas	58	AGE58	15808	15807_SarahDouglas_58_f
364	SarahDouglas	53	AGE53	15803	15802_SarahDouglas_53_f
364	SarahDouglas	35	AGE35	15795	15794_SarahDouglas_35_f
364	SarahDouglas	21	AGE21	15784	15783_SarahDouglas_21_f
364	SarahDouglas	43	AGE43	15800	15799_SarahDouglas_43_f
364	SarahDouglas	36	AGE36	15796	15795_SarahDouglas_36_f
364	SarahDouglas	54	AGE54	15804	15803_SarahDouglas_54_f
364	SarahDouglas	57	AGE57	15807	15806_SarahDouglas_57_f
364	SarahDouglas	59	AGE59	15809	15808_SarahDouglas_59_f
364	SarahDouglas	62	AGE62	15812	15811_SarahDouglas_62_f
364	SarahDouglas	28	AGE28	15789	15788_SarahDouglas_28_f
364	SarahDouglas	47	AGE47	15801	15800_SarahDouglas_47_f
364	SarahDouglas	26	AGE26	15787	15786_SarahDouglas_26_f
364	SarahDouglas	61	AGE61	15811	15810_SarahDouglas_61_f
364	SarahDouglas	38	AGE38	15798	15797_SarahDouglas_38_f
364	SarahDouglas	55	AGE55	15805	15804_SarahDouglas_55_f
364	SarahDouglas	60	AGE60	15810	15809_SarahDouglas_60_f
364	SarahDouglas	27	AGE27	15788	15787_SarahDouglas_27_f
365	JohnVernon	32	AGE32	6447	6446_JohnVernon_32_m
365	JohnVernon	50	AGE50	6461	6460_JohnVernon_50_m
365	JohnVernon	39	AGE39	6454	6453_JohnVernon_39_m
365	JohnVernon	58	AGE58	6468	6467_JohnVernon_58_m
365	JohnVernon	35	AGE35	6450	6449_JohnVernon_35_m
365	JohnVernon	31	AGE31	6446	6445_JohnVernon_31_m
365	JohnVernon	53	AGE53	6464	6463_JohnVernon_53_m
365	JohnVernon	63	AGE63	6470	6469_JohnVernon_63_m
365	JohnVernon	34	AGE34	6449	6448_JohnVernon_34_m
365	JohnVernon	42	AGE42	6457	6456_JohnVernon_42_m
365	JohnVernon	47	AGE47	6459	6458_JohnVernon_47_m
365	JohnVernon	54	AGE54	6465	6464_JohnVernon_54_m
365	JohnVernon	52	AGE52	6463	6462_JohnVernon_52_m
365	JohnVernon	30	AGE30	6445	6444_JohnVernon_30_m
365	JohnVernon	51	AGE51	6462	6461_JohnVernon_51_m
365	JohnVernon	33	AGE33	6448	6447_JohnVernon_33_m
365	JohnVernon	49	AGE49	6460	6459_JohnVernon_49_m
365	JohnVernon	67	AGE67	6471	6470_JohnVernon_67_m
365	JohnVernon	56	AGE56	6466	6465_JohnVernon_56_m
365	JohnVernon	41	AGE41	6456	6455_JohnVernon_41_m
365	JohnVernon	60	AGE60	6469	6468_JohnVernon_60_m
365	JohnVernon	71	AGE71	6472	6471_JohnVernon_71_m
365	JohnVernon	57	AGE57	6467	6466_JohnVernon_57_m
365	JohnVernon	37	AGE37	6452	6451_JohnVernon_37_m
365	JohnVernon	38	AGE38	6453	6452_JohnVernon_38_m
365	JohnVernon	46	AGE46	6458	6457_JohnVernon_46_m
365	JohnVernon	36	AGE36	6451	6450_JohnVernon_36_m
365	JohnVernon	40	AGE40	6455	6454_JohnVernon_40_m
366	MelFerrer	32	AGE32	6621	6620_MelFerrer_32_m
366	MelFerrer	36	AGE36	6627	6626_MelFerrer_36_m
366	MelFerrer	40	AGE40	6624	6623_MelFerrer_40_m
366	MelFerrer	57	AGE57	6639	6638_MelFerrer_57_m
366	MelFerrer	65	AGE65	6643	6642_MelFerrer_65_m
366	MelFerrer	75	AGE75	6645	6644_MelFerrer_75_m
366	MelFerrer	54	AGE54	6636	6635_MelFerrer_54_m
366	MelFerrer	44	AGE44	6631	6630_MelFerrer_44_m
366	MelFerrer	63	AGE63	6642	6641_MelFerrer_63_m
366	MelFerrer	72	AGE72	6644	6643_MelFerrer_72_m
366	MelFerrer	48	AGE48	6634	6633_MelFerrer_48_m
366	MelFerrer	46	AGE46	6633	6632_MelFerrer_46_m
366	MelFerrer	35	AGE35	6626	6625_MelFerrer_35_m
366	MelFerrer	83	AGE83	6647	6646_MelFerrer_83_m
366	MelFerrer	55	AGE55	6637	6636_MelFerrer_55_m
366	MelFerrer	42	AGE42	6630	6629_MelFerrer_42_m
366	MelFerrer	58	AGE58	6640	6639_MelFerrer_58_m
366	MelFerrer	41	AGE41	6629	6628_MelFerrer_41_m
366	MelFerrer	38	AGE38	6623	6622_MelFerrer_38_m
366	MelFerrer	60	AGE60	6641	6640_MelFerrer_60_m
366	MelFerrer	89	AGE89	6649	6648_MelFerrer_89_m
366	MelFerrer	45	AGE45	6632	6631_MelFerrer_45_m
366	MelFerrer	79	AGE79	6646	6645_MelFerrer_79_m
366	MelFerrer	56	AGE56	6638	6637_MelFerrer_56_m
366	MelFerrer	51	AGE51	6635	6634_MelFerrer_51_m
366	MelFerrer	87	AGE87	6648	6647_MelFerrer_87_m
366	MelFerrer	33	AGE33	6625	6624_MelFerrer_33_m
366	MelFerrer	34	AGE34	6622	6621_MelFerrer_34_m
366	MelFerrer	39	AGE39	6628	6627_MelFerrer_39_m
367	LiamNeeson	35	AGE35	2749	2748_LiamNeeson_35_m
367	LiamNeeson	37	AGE37	2752	2751_LiamNeeson_37_m
367	LiamNeeson	51	AGE51	2762	2761_LiamNeeson_51_m
367	LiamNeeson	38	AGE38	2753	2752_LiamNeeson_38_m
367	LiamNeeson	41	AGE41	2754	2753_LiamNeeson_41_m
367	LiamNeeson	33	AGE33	2747	2746_LiamNeeson_33_m
367	LiamNeeson	62	AGE62	2771	2770_LiamNeeson_62_m
367	LiamNeeson	52	AGE52	2763	2762_LiamNeeson_52_m
367	LiamNeeson	42	AGE42	2757	2756_LiamNeeson_42_m
367	LiamNeeson	27	AGE27	2743	2742_LiamNeeson_27_m
367	LiamNeeson	27	AGE27	2744	2743_LiamNeeson_27_m
367	LiamNeeson	46	AGE46	2759	2758_LiamNeeson_46_m
367	LiamNeeson	41	AGE41	2756	2755_LiamNeeson_41_m
367	LiamNeeson	48	AGE48	2760	2759_LiamNeeson_48_m
367	LiamNeeson	55	AGE55	2766	2765_LiamNeeson_55_m
367	LiamNeeson	60	AGE60	2770	2769_LiamNeeson_60_m
367	LiamNeeson	36	AGE36	2751	2750_LiamNeeson_36_m
367	LiamNeeson	54	AGE54	2765	2764_LiamNeeson_54_m
367	LiamNeeson	57	AGE57	2768	2767_LiamNeeson_57_m
367	LiamNeeson	34	AGE34	2748	2747_LiamNeeson_34_m
367	LiamNeeson	32	AGE32	2746	2745_LiamNeeson_32_m
367	LiamNeeson	56	AGE56	2767	2766_LiamNeeson_56_m
367	LiamNeeson	31	AGE31	2745	2744_LiamNeeson_31_m
367	LiamNeeson	53	AGE53	2764	2763_LiamNeeson_53_m
367	LiamNeeson	35	AGE35	2750	2749_LiamNeeson_35_m
367	LiamNeeson	44	AGE44	2758	2757_LiamNeeson_44_m
367	LiamNeeson	50	AGE50	2761	2760_LiamNeeson_50_m
367	LiamNeeson	58	AGE58	2769	2768_LiamNeeson_58_m
367	LiamNeeson	41	AGE41	2755	2754_LiamNeeson_41_m
368	BettyGarrett	58	AGE58	15061	15060_BettyGarrett_58_f
368	BettyGarrett	82	AGE82	15077	15076_BettyGarrett_82_f
368	BettyGarrett	25	AGE25	15043	15042_BettyGarrett_25_f
368	BettyGarrett	64	AGE64	15064	15063_BettyGarrett_64_f
368	BettyGarrett	36	AGE36	15053	15052_BettyGarrett_36_f
368	BettyGarrett	33	AGE33	15050	15049_BettyGarrett_33_f
368	BettyGarrett	67	AGE67	15066	15065_BettyGarrett_67_f
368	BettyGarrett	66	AGE66	15065	15064_BettyGarrett_66_f
368	BettyGarrett	60	AGE60	15063	15062_BettyGarrett_60_f
368	BettyGarrett	74	AGE74	15071	15070_BettyGarrett_74_f
368	BettyGarrett	32	AGE32	15049	15048_BettyGarrett_32_f
368	BettyGarrett	83	AGE83	15078	15077_BettyGarrett_83_f
368	BettyGarrett	59	AGE59	15062	15061_BettyGarrett_59_f
368	BettyGarrett	71	AGE71	15069	15068_BettyGarrett_71_f
368	BettyGarrett	27	AGE27	15045	15044_BettyGarrett_27_f
368	BettyGarrett	34	AGE34	15051	15050_BettyGarrett_34_f
368	BettyGarrett	85	AGE85	15079	15078_BettyGarrett_85_f
368	BettyGarrett	73	AGE73	15070	15069_BettyGarrett_73_f
368	BettyGarrett	38	AGE38	15054	15053_BettyGarrett_38_f
368	BettyGarrett	86	AGE86	15080	15079_BettyGarrett_86_f
368	BettyGarrett	30	AGE30	15047	15046_BettyGarrett_30_f
368	BettyGarrett	28	AGE28	15046	15045_BettyGarrett_28_f
368	BettyGarrett	79	AGE79	15075	15074_BettyGarrett_79_f
368	BettyGarrett	31	AGE31	15048	15047_BettyGarrett_31_f
368	BettyGarrett	49	AGE49	15057	15056_BettyGarrett_49_f
368	BettyGarrett	26	AGE26	15044	15043_BettyGarrett_26_f
368	BettyGarrett	41	AGE41	15055	15054_BettyGarrett_41_f
368	BettyGarrett	91	AGE91	15082	15081_BettyGarrett_91_f
368	BettyGarrett	69	AGE69	15068	15067_BettyGarrett_69_f
368	BettyGarrett	68	AGE68	15067	15066_BettyGarrett_68_f
368	BettyGarrett	90	AGE90	15081	15080_BettyGarrett_90_f
368	BettyGarrett	35	AGE35	15052	15051_BettyGarrett_35_f
368	BettyGarrett	57	AGE57	15060	15059_BettyGarrett_57_f
368	BettyGarrett	53	AGE53	15058	15057_BettyGarrett_53_f
368	BettyGarrett	76	AGE76	15072	15071_BettyGarrett_76_f
368	BettyGarrett	81	AGE81	15076	15075_BettyGarrett_81_f
368	BettyGarrett	56	AGE56	15059	15058_BettyGarrett_56_f
368	BettyGarrett	77	AGE77	15073	15072_BettyGarrett_77_f
368	BettyGarrett	44	AGE44	15056	15055_BettyGarrett_44_f
368	BettyGarrett	78	AGE78	15074	15073_BettyGarrett_78_f
369	BorisKarloff	69	AGE69	6944	6943_BorisKarloff_69_m
369	BorisKarloff	39	AGE39	6914	6913_BorisKarloff_39_m
369	BorisKarloff	67	AGE67	6942	6941_BorisKarloff_67_m
369	BorisKarloff	40	AGE40	6915	6914_BorisKarloff_40_m
369	BorisKarloff	54	AGE54	6925	6924_BorisKarloff_54_m
369	BorisKarloff	45	AGE45	6930	6929_BorisKarloff_45_m
369	BorisKarloff	63	AGE63	6941	6940_BorisKarloff_63_m
369	BorisKarloff	44	AGE44	6920	6919_BorisKarloff_44_m
369	BorisKarloff	64	AGE64	6926	6925_BorisKarloff_64_m
369	BorisKarloff	58	AGE58	6940	6939_BorisKarloff_58_m
369	BorisKarloff	42	AGE42	6917	6916_BorisKarloff_42_m
369	BorisKarloff	56	AGE56	6939	6938_BorisKarloff_56_m
369	BorisKarloff	48	AGE48	6934	6933_BorisKarloff_48_m
369	BorisKarloff	51	AGE51	6936	6935_BorisKarloff_51_m
369	BorisKarloff	71	AGE71	6945	6944_BorisKarloff_71_m
369	BorisKarloff	65	AGE65	6927	6926_BorisKarloff_65_m
369	BorisKarloff	50	AGE50	6935	6934_BorisKarloff_50_m
369	BorisKarloff	41	AGE41	6916	6915_BorisKarloff_41_m
369	BorisKarloff	32	AGE32	6912	6911_BorisKarloff_32_m
369	BorisKarloff	75	AGE75	6947	6946_BorisKarloff_75_m
369	BorisKarloff	76	AGE76	6948	6947_BorisKarloff_76_m
369	BorisKarloff	78	AGE78	6949	6948_BorisKarloff_78_m
369	BorisKarloff	43	AGE43	6919	6918_BorisKarloff_43_m
369	BorisKarloff	79	AGE79	6929	6928_BorisKarloff_79_m
369	BorisKarloff	38	AGE38	6913	6912_BorisKarloff_38_m
369	BorisKarloff	45	AGE45	6931	6930_BorisKarloff_45_m
369	BorisKarloff	81	AGE81	6950	6949_BorisKarloff_81_m
369	BorisKarloff	53	AGE53	6924	6923_BorisKarloff_53_m
369	BorisKarloff	47	AGE47	6933	6932_BorisKarloff_47_m
369	BorisKarloff	52	AGE52	6937	6936_BorisKarloff_52_m
369	BorisKarloff	49	AGE49	6923	6922_BorisKarloff_49_m
369	BorisKarloff	46	AGE46	6932	6931_BorisKarloff_46_m
369	BorisKarloff	43	AGE43	6918	6917_BorisKarloff_43_m
369	BorisKarloff	74	AGE74	6946	6945_BorisKarloff_74_m
369	BorisKarloff	55	AGE55	6938	6937_BorisKarloff_55_m
369	BorisKarloff	47	AGE47	6921	6920_BorisKarloff_47_m
369	BorisKarloff	73	AGE73	6928	6927_BorisKarloff_73_m
369	BorisKarloff	68	AGE68	6943	6942_BorisKarloff_68_m
369	BorisKarloff	48	AGE48	6922	6921_BorisKarloff_48_m
370	PeterOToole	36	AGE36	5634	5633_PeterOToole_36_m
370	PeterOToole	30	AGE30	5633	5632_PeterOToole_30_m
370	PeterOToole	66	AGE66	5644	5643_PeterOToole_66_m
370	PeterOToole	50	AGE50	5641	5640_PeterOToole_50_m
370	PeterOToole	38	AGE38	5652	5651_PeterOToole_38_m
370	PeterOToole	68	AGE68	5650	5649_PeterOToole_68_m
370	PeterOToole	56	AGE56	5643	5642_PeterOToole_56_m
370	PeterOToole	55	AGE55	5642	5641_PeterOToole_55_m
370	PeterOToole	40	AGE40	5635	5634_PeterOToole_40_m
370	PeterOToole	53	AGE53	5632	5631_PeterOToole_53_m
370	PeterOToole	41	AGE41	5651	5650_PeterOToole_41_m
370	PeterOToole	50	AGE50	5640	5639_PeterOToole_50_m
370	PeterOToole	48	AGE48	5639	5638_PeterOToole_48_m
370	PeterOToole	74	AGE74	5647	5646_PeterOToole_74_m
370	PeterOToole	71	AGE71	5645	5644_PeterOToole_71_m
370	PeterOToole	48	AGE48	5638	5637_PeterOToole_48_m
370	PeterOToole	60	AGE60	5648	5647_PeterOToole_60_m
370	PeterOToole	26	AGE26	5636	5635_PeterOToole_26_m
370	PeterOToole	42	AGE42	5649	5648_PeterOToole_42_m
370	PeterOToole	74	AGE74	5646	5645_PeterOToole_74_m
370	PeterOToole	42	AGE42	5637	5636_PeterOToole_42_m
371	ChristopherPlummer	40	AGE40	7866	7865_ChristopherPlummer_40_m
371	ChristopherPlummer	73	AGE73	7877	7876_ChristopherPlummer_73_m
371	ChristopherPlummer	47	AGE47	7870	7869_ChristopherPlummer_47_m
371	ChristopherPlummer	32	AGE32	7856	7855_ChristopherPlummer_32_m
371	ChristopherPlummer	34	AGE34	7858	7857_ChristopherPlummer_34_m
371	ChristopherPlummer	78	AGE78	7879	7878_ChristopherPlummer_78_m
371	ChristopherPlummer	37	AGE37	7863	7862_ChristopherPlummer_37_m
371	ChristopherPlummer	39	AGE39	7865	7864_ChristopherPlummer_39_m
371	ChristopherPlummer	45	AGE45	7869	7868_ChristopherPlummer_45_m
371	ChristopherPlummer	35	AGE35	7859	7858_ChristopherPlummer_35_m
371	ChristopherPlummer	44	AGE44	7868	7867_ChristopherPlummer_44_m
371	ChristopherPlummer	35	AGE35	7860	7859_ChristopherPlummer_35_m
371	ChristopherPlummer	29	AGE29	7855	7854_ChristopherPlummer_29_m
371	ChristopherPlummer	77	AGE77	7878	7877_ChristopherPlummer_77_m
371	ChristopherPlummer	72	AGE72	7876	7875_ChristopherPlummer_72_m
371	ChristopherPlummer	84	AGE84	7880	7879_ChristopherPlummer_84_m
371	ChristopherPlummer	48	AGE48	7871	7870_ChristopherPlummer_48_m
371	ChristopherPlummer	38	AGE38	7864	7863_ChristopherPlummer_38_m
371	ChristopherPlummer	29	AGE29	7854	7853_ChristopherPlummer_29_m
371	ChristopherPlummer	62	AGE62	7874	7873_ChristopherPlummer_62_m
371	ChristopherPlummer	36	AGE36	7862	7861_ChristopherPlummer_36_m
371	ChristopherPlummer	69	AGE69	7875	7874_ChristopherPlummer_69_m
371	ChristopherPlummer	58	AGE58	7873	7872_ChristopherPlummer_58_m
371	ChristopherPlummer	33	AGE33	7857	7856_ChristopherPlummer_33_m
371	ChristopherPlummer	36	AGE36	7861	7860_ChristopherPlummer_36_m
371	ChristopherPlummer	56	AGE56	7872	7871_ChristopherPlummer_56_m
371	ChristopherPlummer	43	AGE43	7867	7866_ChristopherPlummer_43_m
372	BernadetteLafont	63	AGE63	14891	14890_BernadetteLafont_63_f
372	BernadetteLafont	32	AGE32	14871	14870_BernadetteLafont_32_f
372	BernadetteLafont	68	AGE68	14893	14892_BernadetteLafont_68_f
372	BernadetteLafont	50	AGE50	14886	14885_BernadetteLafont_50_f
372	BernadetteLafont	71	AGE71	14895	14894_BernadetteLafont_71_f
372	BernadetteLafont	26	AGE26	14866	14865_BernadetteLafont_26_f
372	BernadetteLafont	20	AGE20	14859	14858_BernadetteLafont_20_f
372	BernadetteLafont	27	AGE27	14867	14866_BernadetteLafont_27_f
372	BernadetteLafont	49	AGE49	14885	14884_BernadetteLafont_49_f
372	BernadetteLafont	52	AGE52	14888	14887_BernadetteLafont_52_f
372	BernadetteLafont	41	AGE41	14877	14876_BernadetteLafont_41_f
372	BernadetteLafont	46	AGE46	14882	14881_BernadetteLafont_46_f
372	BernadetteLafont	29	AGE29	14868	14867_BernadetteLafont_29_f
372	BernadetteLafont	43	AGE43	14879	14878_BernadetteLafont_43_f
372	BernadetteLafont	42	AGE42	14878	14877_BernadetteLafont_42_f
372	BernadetteLafont	23	AGE23	14863	14862_BernadetteLafont_23_f
372	BernadetteLafont	75	AGE75	14897	14896_BernadetteLafont_75_f
372	BernadetteLafont	21	AGE21	14860	14859_BernadetteLafont_21_f
372	BernadetteLafont	74	AGE74	14896	14895_BernadetteLafont_74_f
372	BernadetteLafont	24	AGE24	14864	14863_BernadetteLafont_24_f
372	BernadetteLafont	34	AGE34	14873	14872_BernadetteLafont_34_f
372	BernadetteLafont	35	AGE35	14874	14873_BernadetteLafont_35_f
372	BernadetteLafont	33	AGE33	14872	14871_BernadetteLafont_33_f
372	BernadetteLafont	46	AGE46	14881	14880_BernadetteLafont_46_f
372	BernadetteLafont	65	AGE65	14892	14891_BernadetteLafont_65_f
372	BernadetteLafont	36	AGE36	14875	14874_BernadetteLafont_36_f
372	BernadetteLafont	51	AGE51	14887	14886_BernadetteLafont_51_f
372	BernadetteLafont	22	AGE22	14861	14860_BernadetteLafont_22_f
372	BernadetteLafont	48	AGE48	14884	14883_BernadetteLafont_48_f
372	BernadetteLafont	37	AGE37	14876	14875_BernadetteLafont_37_f
372	BernadetteLafont	69	AGE69	14894	14893_BernadetteLafont_69_f
372	BernadetteLafont	22	AGE22	14862	14861_BernadetteLafont_22_f
372	BernadetteLafont	45	AGE45	14880	14879_BernadetteLafont_45_f
372	BernadetteLafont	30	AGE30	14869	14868_BernadetteLafont_30_f
372	BernadetteLafont	25	AGE25	14865	14864_BernadetteLafont_25_f
372	BernadetteLafont	54	AGE54	14889	14888_BernadetteLafont_54_f
372	BernadetteLafont	59	AGE59	14890	14889_BernadetteLafont_59_f
372	BernadetteLafont	47	AGE47	14883	14882_BernadetteLafont_47_f
372	BernadetteLafont	31	AGE31	14870	14869_BernadetteLafont_31_f
372	BernadetteLafont	19	AGE19	14858	14857_BernadetteLafont_19_f
373	BobDylan	45	AGE45	1673	1672_BobDylan_45_m
373	BobDylan	29	AGE29	1660	1659_BobDylan_29_m
373	BobDylan	23	AGE23	1653	1652_BobDylan_23_m
373	BobDylan	22	AGE22	1651	1650_BobDylan_22_m
373	BobDylan	37	AGE37	1667	1666_BobDylan_37_m
373	BobDylan	18	AGE18	1647	1646_BobDylan_18_m
373	BobDylan	33	AGE33	1664	1663_BobDylan_33_m
373	BobDylan	64	AGE64	1683	1682_BobDylan_64_m
373	BobDylan	21	AGE21	1650	1649_BobDylan_21_m
373	BobDylan	30	AGE30	1661	1660_BobDylan_30_m
373	BobDylan	16	AGE16	1646	1645_BobDylan_16_m
373	BobDylan	32	AGE32	1663	1662_BobDylan_32_m
373	BobDylan	56	AGE56	1679	1678_BobDylan_56_m
373	BobDylan	27	AGE27	1658	1657_BobDylan_27_m
373	BobDylan	41	AGE41	1669	1668_BobDylan_41_m
373	BobDylan	35	AGE35	1666	1665_BobDylan_35_m
373	BobDylan	40	AGE40	1668	1667_BobDylan_40_m
373	BobDylan	43	AGE43	1671	1670_BobDylan_43_m
373	BobDylan	46	AGE46	1674	1673_BobDylan_46_m
373	BobDylan	74	AGE74	1688	1687_BobDylan_74_m
373	BobDylan	47	AGE47	1675	1674_BobDylan_47_m
373	BobDylan	72	AGE72	1687	1686_BobDylan_72_m
373	BobDylan	24	AGE24	1654	1653_BobDylan_24_m
373	BobDylan	23	AGE23	1652	1651_BobDylan_23_m
373	BobDylan	24	AGE24	1655	1654_BobDylan_24_m
373	BobDylan	44	AGE44	1672	1671_BobDylan_44_m
373	BobDylan	71	AGE71	1686	1685_BobDylan_71_m
373	BobDylan	62	AGE62	1682	1681_BobDylan_62_m
373	BobDylan	34	AGE34	1665	1664_BobDylan_34_m
373	BobDylan	57	AGE57	1680	1679_BobDylan_57_m
373	BobDylan	68	AGE68	1685	1684_BobDylan_68_m
373	BobDylan	28	AGE28	1659	1658_BobDylan_28_m
373	BobDylan	66	AGE66	1684	1683_BobDylan_66_m
373	BobDylan	42	AGE42	1670	1669_BobDylan_42_m
373	BobDylan	54	AGE54	1678	1677_BobDylan_54_m
373	BobDylan	19	AGE19	1648	1647_BobDylan_19_m
373	BobDylan	31	AGE31	1662	1661_BobDylan_31_m
373	BobDylan	49	AGE49	1677	1676_BobDylan_49_m
373	BobDylan	25	AGE25	1656	1655_BobDylan_25_m
373	BobDylan	20	AGE20	1649	1648_BobDylan_20_m
373	BobDylan	26	AGE26	1657	1656_BobDylan_26_m
373	BobDylan	61	AGE61	1681	1680_BobDylan_61_m
373	BobDylan	48	AGE48	1676	1675_BobDylan_48_m
374	Mparkoulis	25	AGE25	2170	2169_Mparkoulis_25_m
374	Mparkoulis	68	AGE68	2179	2178_Mparkoulis_68_m
374	Mparkoulis	30	AGE30	2168	2167_Mparkoulis_30_m
374	Mparkoulis	65	AGE65	2175	2174_Mparkoulis_65_m
374	Mparkoulis	73	AGE73	2177	2176_Mparkoulis_73_m
374	Mparkoulis	25	AGE25	2167	2166_Mparkoulis_25_m
374	Mparkoulis	75	AGE75	2176	2175_Mparkoulis_75_m
374	Mparkoulis	32	AGE32	2171	2170_Mparkoulis_32_m
374	Mparkoulis	35	AGE35	2172	2171_Mparkoulis_35_m
374	Mparkoulis	33	AGE33	2181	2180_Mparkoulis_33_m
374	Mparkoulis	62	AGE62	2174	2173_Mparkoulis_62_m
374	Mparkoulis	30	AGE30	2169	2168_Mparkoulis_30_m
374	Mparkoulis	72	AGE72	2180	2179_Mparkoulis_72_m
374	Mparkoulis	75	AGE75	2178	2177_Mparkoulis_75_m
374	Mparkoulis	58	AGE58	2173	2172_Mparkoulis_58_m
375	EdwardGRobinson	74	AGE74	9463	9462_EdwardGRobinson_74_m
375	EdwardGRobinson	43	AGE43	9430	9429_EdwardGRobinson_43_m
375	EdwardGRobinson	59	AGE59	9449	9448_EdwardGRobinson_59_m
375	EdwardGRobinson	48	AGE48	9438	9437_EdwardGRobinson_48_m
375	EdwardGRobinson	39	AGE39	9426	9425_EdwardGRobinson_39_m
375	EdwardGRobinson	67	AGE67	9457	9456_EdwardGRobinson_67_m
375	EdwardGRobinson	58	AGE58	9448	9447_EdwardGRobinson_58_m
375	EdwardGRobinson	51	AGE51	9441	9440_EdwardGRobinson_51_m
375	EdwardGRobinson	46	AGE46	9436	9435_EdwardGRobinson_46_m
375	EdwardGRobinson	80	AGE80	9467	9466_EdwardGRobinson_80_m
375	EdwardGRobinson	50	AGE50	9440	9439_EdwardGRobinson_50_m
375	EdwardGRobinson	64	AGE64	9454	9453_EdwardGRobinson_64_m
375	EdwardGRobinson	41	AGE41	9428	9427_EdwardGRobinson_41_m
375	EdwardGRobinson	56	AGE56	9446	9445_EdwardGRobinson_56_m
375	EdwardGRobinson	45	AGE45	9435	9434_EdwardGRobinson_45_m
375	EdwardGRobinson	57	AGE57	9447	9446_EdwardGRobinson_57_m
375	EdwardGRobinson	38	AGE38	9433	9432_EdwardGRobinson_38_m
375	EdwardGRobinson	54	AGE54	9444	9443_EdwardGRobinson_54_m
375	EdwardGRobinson	34	AGE34	9425	9424_EdwardGRobinson_34_m
375	EdwardGRobinson	49	AGE49	9439	9438_EdwardGRobinson_49_m
375	EdwardGRobinson	52	AGE52	9442	9441_EdwardGRobinson_52_m
375	EdwardGRobinson	61	AGE61	9451	9450_EdwardGRobinson_61_m
375	EdwardGRobinson	63	AGE63	9453	9452_EdwardGRobinson_63_m
375	EdwardGRobinson	76	AGE76	9465	9464_EdwardGRobinson_76_m
375	EdwardGRobinson	42	AGE42	9429	9428_EdwardGRobinson_42_m
375	EdwardGRobinson	70	AGE70	9459	9458_EdwardGRobinson_70_m
375	EdwardGRobinson	53	AGE53	9443	9442_EdwardGRobinson_53_m
375	EdwardGRobinson	37	AGE37	9432	9431_EdwardGRobinson_37_m
375	EdwardGRobinson	72	AGE72	9461	9460_EdwardGRobinson_72_m
375	EdwardGRobinson	65	AGE65	9455	9454_EdwardGRobinson_65_m
375	EdwardGRobinson	66	AGE66	9456	9455_EdwardGRobinson_66_m
375	EdwardGRobinson	36	AGE36	9431	9430_EdwardGRobinson_36_m
375	EdwardGRobinson	47	AGE47	9437	9436_EdwardGRobinson_47_m
375	EdwardGRobinson	77	AGE77	9466	9465_EdwardGRobinson_77_m
375	EdwardGRobinson	40	AGE40	9427	9426_EdwardGRobinson_40_m
375	EdwardGRobinson	69	AGE69	9458	9457_EdwardGRobinson_69_m
375	EdwardGRobinson	73	AGE73	9462	9461_EdwardGRobinson_73_m
375	EdwardGRobinson	75	AGE75	9464	9463_EdwardGRobinson_75_m
375	EdwardGRobinson	55	AGE55	9445	9444_EdwardGRobinson_55_m
375	EdwardGRobinson	71	AGE71	9460	9459_EdwardGRobinson_71_m
375	EdwardGRobinson	62	AGE62	9452	9451_EdwardGRobinson_62_m
375	EdwardGRobinson	44	AGE44	9434	9433_EdwardGRobinson_44_m
375	EdwardGRobinson	60	AGE60	9450	9449_EdwardGRobinson_60_m
376	Fernandel	43	AGE43	4562	4561_Fernandel_43_m
376	Fernandel	56	AGE56	4575	4574_Fernandel_56_m
376	Fernandel	29	AGE29	4551	4550_Fernandel_29_m
376	Fernandel	33	AGE33	4555	4554_Fernandel_33_m
376	Fernandel	66	AGE66	4581	4580_Fernandel_66_m
376	Fernandel	47	AGE47	4566	4565_Fernandel_47_m
376	Fernandel	10	AGE10	4550	4549_Fernandel_10_m
376	Fernandel	30	AGE30	4552	4551_Fernandel_30_m
376	Fernandel	54	AGE54	4573	4572_Fernandel_54_m
376	Fernandel	48	AGE48	4567	4566_Fernandel_48_m
376	Fernandel	61	AGE61	4579	4578_Fernandel_61_m
376	Fernandel	59	AGE59	4577	4576_Fernandel_59_m
376	Fernandel	50	AGE50	4569	4568_Fernandel_50_m
376	Fernandel	53	AGE53	4572	4571_Fernandel_53_m
376	Fernandel	40	AGE40	4560	4559_Fernandel_40_m
376	Fernandel	62	AGE62	4580	4579_Fernandel_62_m
376	Fernandel	34	AGE34	4556	4555_Fernandel_34_m
376	Fernandel	42	AGE42	4561	4560_Fernandel_42_m
376	Fernandel	49	AGE49	4568	4567_Fernandel_49_m
376	Fernandel	31	AGE31	4553	4552_Fernandel_31_m
376	Fernandel	37	AGE37	4558	4557_Fernandel_37_m
376	Fernandel	51	AGE51	4570	4569_Fernandel_51_m
376	Fernandel	52	AGE52	4571	4570_Fernandel_52_m
376	Fernandel	46	AGE46	4565	4564_Fernandel_46_m
376	Fernandel	45	AGE45	4564	4563_Fernandel_45_m
376	Fernandel	32	AGE32	4554	4553_Fernandel_32_m
376	Fernandel	60	AGE60	4578	4577_Fernandel_60_m
376	Fernandel	55	AGE55	4574	4573_Fernandel_55_m
376	Fernandel	35	AGE35	4557	4556_Fernandel_35_m
376	Fernandel	39	AGE39	4559	4558_Fernandel_39_m
376	Fernandel	57	AGE57	4576	4575_Fernandel_57_m
376	Fernandel	44	AGE44	4563	4562_Fernandel_44_m
377	TomHulce	36	AGE36	1810	1809_TomHulce_36_m
377	TomHulce	41	AGE41	1814	1813_TomHulce_41_m
377	TomHulce	32	AGE32	1806	1805_TomHulce_32_m
377	TomHulce	29	AGE29	1803	1802_TomHulce_29_m
377	TomHulce	54	AGE54	1824	1823_TomHulce_54_m
377	TomHulce	31	AGE31	1805	1804_TomHulce_31_m
377	TomHulce	33	AGE33	1807	1806_TomHulce_33_m
377	TomHulce	50	AGE50	1820	1819_TomHulce_50_m
377	TomHulce	23	AGE23	1799	1798_TomHulce_23_m
377	TomHulce	53	AGE53	1823	1822_TomHulce_53_m
377	TomHulce	30	AGE30	1804	1803_TomHulce_30_m
377	TomHulce	21	AGE21	1797	1796_TomHulce_21_m
377	TomHulce	28	AGE28	1802	1801_TomHulce_28_m
377	TomHulce	40	AGE40	1813	1812_TomHulce_40_m
377	TomHulce	34	AGE34	1808	1807_TomHulce_34_m
377	TomHulce	58	AGE58	1828	1827_TomHulce_58_m
377	TomHulce	56	AGE56	1826	1825_TomHulce_56_m
377	TomHulce	27	AGE27	1801	1800_TomHulce_27_m
377	TomHulce	45	AGE45	1816	1815_TomHulce_45_m
377	TomHulce	49	AGE49	1819	1818_TomHulce_49_m
377	TomHulce	52	AGE52	1822	1821_TomHulce_52_m
377	TomHulce	51	AGE51	1821	1820_TomHulce_51_m
377	TomHulce	39	AGE39	1812	1811_TomHulce_39_m
377	TomHulce	37	AGE37	1811	1810_TomHulce_37_m
377	TomHulce	22	AGE22	1798	1797_TomHulce_22_m
377	TomHulce	55	AGE55	1825	1824_TomHulce_55_m
377	TomHulce	47	AGE47	1817	1816_TomHulce_47_m
377	TomHulce	48	AGE48	1818	1817_TomHulce_48_m
377	TomHulce	25	AGE25	1800	1799_TomHulce_25_m
377	TomHulce	43	AGE43	1815	1814_TomHulce_43_m
377	TomHulce	57	AGE57	1827	1826_TomHulce_57_m
377	TomHulce	35	AGE35	1809	1808_TomHulce_35_m
377	TomHulce	59	AGE59	1829	1828_TomHulce_59_m
378	ImeldaStaunton	46	AGE46	12206	12205_ImeldaStaunton_46_f
378	ImeldaStaunton	30	AGE30	12193	12192_ImeldaStaunton_30_f
378	ImeldaStaunton	47	AGE47	12207	12206_ImeldaStaunton_47_f
378	ImeldaStaunton	30	AGE30	12192	12191_ImeldaStaunton_30_f
378	ImeldaStaunton	40	AGE40	12200	12199_ImeldaStaunton_40_f
378	ImeldaStaunton	58	AGE58	12217	12216_ImeldaStaunton_58_f
378	ImeldaStaunton	53	AGE53	12212	12211_ImeldaStaunton_53_f
378	ImeldaStaunton	42	AGE42	12202	12201_ImeldaStaunton_42_f
378	ImeldaStaunton	54	AGE54	12214	12213_ImeldaStaunton_54_f
378	ImeldaStaunton	55	AGE55	12215	12214_ImeldaStaunton_55_f
378	ImeldaStaunton	54	AGE54	12213	12212_ImeldaStaunton_54_f
378	ImeldaStaunton	43	AGE43	12203	12202_ImeldaStaunton_43_f
378	ImeldaStaunton	50	AGE50	12209	12208_ImeldaStaunton_50_f
378	ImeldaStaunton	52	AGE52	12211	12210_ImeldaStaunton_52_f
378	ImeldaStaunton	48	AGE48	12208	12207_ImeldaStaunton_48_f
378	ImeldaStaunton	57	AGE57	12216	12215_ImeldaStaunton_57_f
378	ImeldaStaunton	45	AGE45	12205	12204_ImeldaStaunton_45_f
378	ImeldaStaunton	32	AGE32	12194	12193_ImeldaStaunton_32_f
378	ImeldaStaunton	24	AGE24	12191	12190_ImeldaStaunton_24_f
378	ImeldaStaunton	34	AGE34	12195	12194_ImeldaStaunton_34_f
378	ImeldaStaunton	36	AGE36	12197	12196_ImeldaStaunton_36_f
378	ImeldaStaunton	51	AGE51	12210	12209_ImeldaStaunton_51_f
378	ImeldaStaunton	37	AGE37	12198	12197_ImeldaStaunton_37_f
378	ImeldaStaunton	41	AGE41	12201	12200_ImeldaStaunton_41_f
378	ImeldaStaunton	35	AGE35	12196	12195_ImeldaStaunton_35_f
378	ImeldaStaunton	44	AGE44	12204	12203_ImeldaStaunton_44_f
378	ImeldaStaunton	38	AGE38	12199	12198_ImeldaStaunton_38_f
379	JamesCagney	39	AGE39	6380	6379_JamesCagney_39_m
379	JamesCagney	56	AGE56	6390	6389_JamesCagney_56_m
379	JamesCagney	51	AGE51	6387	6386_JamesCagney_51_m
379	JamesCagney	19	AGE19	6370	6369_JamesCagney_19_m
379	JamesCagney	60	AGE60	6393	6392_JamesCagney_60_m
379	JamesCagney	33	AGE33	6375	6374_JamesCagney_33_m
379	JamesCagney	34	AGE34	6376	6375_JamesCagney_34_m
379	JamesCagney	45	AGE45	6382	6381_JamesCagney_45_m
379	JamesCagney	56	AGE56	6391	6390_JamesCagney_56_m
379	JamesCagney	32	AGE32	6374	6373_JamesCagney_32_m
379	JamesCagney	52	AGE52	6388	6387_JamesCagney_52_m
379	JamesCagney	42	AGE42	6381	6380_JamesCagney_42_m
379	JamesCagney	58	AGE58	6392	6391_JamesCagney_58_m
379	JamesCagney	48	AGE48	6383	6382_JamesCagney_48_m
379	JamesCagney	63	AGE63	6395	6394_JamesCagney_63_m
379	JamesCagney	36	AGE36	6379	6378_JamesCagney_36_m
379	JamesCagney	81	AGE81	6396	6395_JamesCagney_81_m
379	JamesCagney	61	AGE61	6394	6393_JamesCagney_61_m
379	JamesCagney	35	AGE35	6377	6376_JamesCagney_35_m
379	JamesCagney	30	AGE30	6372	6371_JamesCagney_30_m
379	JamesCagney	50	AGE50	6385	6384_JamesCagney_50_m
379	JamesCagney	82	AGE82	6397	6396_JamesCagney_82_m
379	JamesCagney	31	AGE31	6373	6372_JamesCagney_31_m
379	JamesCagney	54	AGE54	6389	6388_JamesCagney_54_m
379	JamesCagney	48	AGE48	6384	6383_JamesCagney_48_m
379	JamesCagney	51	AGE51	6386	6385_JamesCagney_51_m
379	JamesCagney	26	AGE26	6371	6370_JamesCagney_26_m
379	JamesCagney	35	AGE35	6378	6377_JamesCagney_35_m
380	TomasMilian	74	AGE74	3911	3910_TomasMilian_74_m
380	TomasMilian	34	AGE34	3895	3894_TomasMilian_34_m
380	TomasMilian	76	AGE76	3914	3913_TomasMilian_76_m
380	TomasMilian	27	AGE27	3888	3887_TomasMilian_27_m
380	TomasMilian	28	AGE28	3889	3888_TomasMilian_28_m
380	TomasMilian	40	AGE40	3901	3900_TomasMilian_40_m
380	TomasMilian	41	AGE41	3902	3901_TomasMilian_41_m
380	TomasMilian	75	AGE75	3913	3912_TomasMilian_75_m
380	TomasMilian	35	AGE35	3896	3895_TomasMilian_35_m
380	TomasMilian	29	AGE29	3890	3889_TomasMilian_29_m
380	TomasMilian	31	AGE31	3892	3891_TomasMilian_31_m
380	TomasMilian	39	AGE39	3900	3899_TomasMilian_39_m
380	TomasMilian	53	AGE53	3905	3904_TomasMilian_53_m
380	TomasMilian	43	AGE43	3903	3902_TomasMilian_43_m
380	TomasMilian	77	AGE77	3915	3914_TomasMilian_77_m
380	TomasMilian	33	AGE33	3894	3893_TomasMilian_33_m
380	TomasMilian	30	AGE30	3891	3890_TomasMilian_30_m
380	TomasMilian	79	AGE79	3916	3915_TomasMilian_79_m
380	TomasMilian	25	AGE25	3886	3885_TomasMilian_25_m
380	TomasMilian	75	AGE75	3912	3911_TomasMilian_75_m
380	TomasMilian	37	AGE37	3898	3897_TomasMilian_37_m
380	TomasMilian	64	AGE64	3908	3907_TomasMilian_64_m
380	TomasMilian	36	AGE36	3897	3896_TomasMilian_36_m
380	TomasMilian	61	AGE61	3907	3906_TomasMilian_61_m
380	TomasMilian	71	AGE71	3909	3908_TomasMilian_71_m
380	TomasMilian	69	AGE69	3918	3917_TomasMilian_69_m
380	TomasMilian	26	AGE26	3887	3886_TomasMilian_26_m
380	TomasMilian	80	AGE80	3917	3916_TomasMilian_80_m
380	TomasMilian	38	AGE38	3899	3898_TomasMilian_38_m
380	TomasMilian	49	AGE49	3904	3903_TomasMilian_49_m
380	TomasMilian	72	AGE72	3910	3909_TomasMilian_72_m
380	TomasMilian	57	AGE57	3906	3905_TomasMilian_57_m
380	TomasMilian	32	AGE32	3893	3892_TomasMilian_32_m
381	TonyCurtis	24	AGE24	7643	7642_TonyCurtis_24_m
381	TonyCurtis	77	AGE77	7660	7659_TonyCurtis_77_m
381	TonyCurtis	47	AGE47	7649	7648_TonyCurtis_47_m
381	TonyCurtis	29	AGE29	7656	7655_TonyCurtis_29_m
381	TonyCurtis	82	AGE82	7653	7652_TonyCurtis_82_m
381	TonyCurtis	43	AGE43	7659	7658_TonyCurtis_43_m
381	TonyCurtis	17	AGE17	7641	7640_TonyCurtis_17_m
381	TonyCurtis	86	AGE86	7666	7665_TonyCurtis_86_m
381	TonyCurtis	84	AGE84	7665	7664_TonyCurtis_84_m
381	TonyCurtis	68	AGE68	7670	7669_TonyCurtis_68_m
381	TonyCurtis	37	AGE37	7658	7657_TonyCurtis_37_m
381	TonyCurtis	18	AGE18	7642	7641_TonyCurtis_18_m
381	TonyCurtis	72	AGE72	7661	7660_TonyCurtis_72_m
381	TonyCurtis	25	AGE25	7657	7656_TonyCurtis_25_m
381	TonyCurtis	36	AGE36	7645	7644_TonyCurtis_36_m
381	TonyCurtis	47	AGE47	7655	7654_TonyCurtis_47_m
381	TonyCurtis	71	AGE71	7652	7651_TonyCurtis_71_m
381	TonyCurtis	30	AGE30	7644	7643_TonyCurtis_30_m
381	TonyCurtis	45	AGE45	7646	7645_TonyCurtis_45_m
381	TonyCurtis	47	AGE47	7650	7649_TonyCurtis_47_m
381	TonyCurtis	43	AGE43	7654	7653_TonyCurtis_43_m
381	TonyCurtis	46	AGE46	7667	7666_TonyCurtis_46_m
381	TonyCurtis	27	AGE27	7647	7646_TonyCurtis_27_m
381	TonyCurtis	73	AGE73	7669	7668_TonyCurtis_73_m
381	TonyCurtis	33	AGE33	7648	7647_TonyCurtis_33_m
381	TonyCurtis	85	AGE85	7664	7663_TonyCurtis_85_m
381	TonyCurtis	34	AGE34	7668	7667_TonyCurtis_34_m
381	TonyCurtis	84	AGE84	7663	7662_TonyCurtis_84_m
381	TonyCurtis	83	AGE83	7662	7661_TonyCurtis_83_m
381	TonyCurtis	34	AGE34	7651	7650_TonyCurtis_34_m
382	GilbertRoland	38	AGE38	7951	7950_GilbertRoland_38_m
382	GilbertRoland	26	AGE26	7943	7942_GilbertRoland_26_m
382	GilbertRoland	54	AGE54	7964	7963_GilbertRoland_54_m
382	GilbertRoland	42	AGE42	7954	7953_GilbertRoland_42_m
382	GilbertRoland	56	AGE56	7965	7964_GilbertRoland_56_m
382	GilbertRoland	77	AGE77	7972	7971_GilbertRoland_77_m
382	GilbertRoland	57	AGE57	7966	7965_GilbertRoland_57_m
382	GilbertRoland	69	AGE69	7976	7975_GilbertRoland_69_m
382	GilbertRoland	51	AGE51	7962	7961_GilbertRoland_51_m
382	GilbertRoland	68	AGE68	7970	7969_GilbertRoland_68_m
382	GilbertRoland	49	AGE49	7959	7958_GilbertRoland_49_m
382	GilbertRoland	59	AGE59	7967	7966_GilbertRoland_59_m
382	GilbertRoland	47	AGE47	7957	7956_GilbertRoland_47_m
382	GilbertRoland	64	AGE64	7968	7967_GilbertRoland_64_m
382	GilbertRoland	50	AGE50	7961	7960_GilbertRoland_50_m
382	GilbertRoland	66	AGE66	7969	7968_GilbertRoland_66_m
382	GilbertRoland	46	AGE46	7974	7973_GilbertRoland_46_m
382	GilbertRoland	52	AGE52	7963	7962_GilbertRoland_52_m
382	GilbertRoland	50	AGE50	7960	7959_GilbertRoland_50_m
382	GilbertRoland	41	AGE41	7953	7952_GilbertRoland_41_m
382	GilbertRoland	72	AGE72	7971	7970_GilbertRoland_72_m
382	GilbertRoland	27	AGE27	7944	7943_GilbertRoland_27_m
382	GilbertRoland	25	AGE25	7942	7941_GilbertRoland_25_m
382	GilbertRoland	40	AGE40	7952	7951_GilbertRoland_40_m
382	GilbertRoland	24	AGE24	7941	7940_GilbertRoland_24_m
382	GilbertRoland	35	AGE35	7949	7948_GilbertRoland_35_m
382	GilbertRoland	45	AGE45	7973	7972_GilbertRoland_45_m
382	GilbertRoland	48	AGE48	7958	7957_GilbertRoland_48_m
382	GilbertRoland	32	AGE32	7948	7947_GilbertRoland_32_m
382	GilbertRoland	43	AGE43	7955	7954_GilbertRoland_43_m
382	GilbertRoland	44	AGE44	7956	7955_GilbertRoland_44_m
382	GilbertRoland	30	AGE30	7946	7945_GilbertRoland_30_m
382	GilbertRoland	18	AGE18	7939	7938_GilbertRoland_18_m
382	GilbertRoland	62	AGE62	7975	7974_GilbertRoland_62_m
382	GilbertRoland	28	AGE28	7945	7944_GilbertRoland_28_m
382	GilbertRoland	23	AGE23	7940	7939_GilbertRoland_23_m
382	GilbertRoland	37	AGE37	7950	7949_GilbertRoland_37_m
382	GilbertRoland	31	AGE31	7947	7946_GilbertRoland_31_m
383	JamesGarner	48	AGE48	4637	4636_JamesGarner_48_m
383	JamesGarner	36	AGE36	4639	4638_JamesGarner_36_m
383	JamesGarner	46	AGE46	4623	4622_JamesGarner_46_m
383	JamesGarner	31	AGE31	4616	4615_JamesGarner_31_m
383	JamesGarner	76	AGE76	4633	4632_JamesGarner_76_m
383	JamesGarner	68	AGE68	4629	4628_JamesGarner_68_m
383	JamesGarner	52	AGE52	4624	4623_JamesGarner_52_m
383	JamesGarner	58	AGE58	4628	4627_JamesGarner_58_m
383	JamesGarner	57	AGE57	4627	4626_JamesGarner_57_m
383	JamesGarner	36	AGE36	4619	4618_JamesGarner_36_m
383	JamesGarner	47	AGE47	4610	4609_JamesGarner_47_m
383	JamesGarner	28	AGE28	4613	4612_JamesGarner_28_m
383	JamesGarner	74	AGE74	4632	4631_JamesGarner_74_m
383	JamesGarner	35	AGE35	4641	4640_JamesGarner_35_m
383	JamesGarner	33	AGE33	4626	4625_JamesGarner_33_m
383	JamesGarner	37	AGE37	4620	4619_JamesGarner_37_m
383	JamesGarner	38	AGE38	4621	4620_JamesGarner_38_m
383	JamesGarner	30	AGE30	4615	4614_JamesGarner_30_m
383	JamesGarner	32	AGE32	4617	4616_JamesGarner_32_m
383	JamesGarner	79	AGE79	4643	4642_JamesGarner_79_m
383	JamesGarner	82	AGE82	4634	4633_JamesGarner_82_m
383	JamesGarner	50	AGE50	4625	4624_JamesGarner_50_m
383	JamesGarner	47	AGE47	4638	4637_JamesGarner_47_m
383	JamesGarner	29	AGE29	4614	4613_JamesGarner_29_m
383	JamesGarner	34	AGE34	4611	4610_JamesGarner_34_m
383	JamesGarner	35	AGE35	4618	4617_JamesGarner_35_m
383	JamesGarner	41	AGE41	4640	4639_JamesGarner_41_m
383	JamesGarner	80	AGE80	4635	4634_JamesGarner_80_m
383	JamesGarner	42	AGE42	4622	4621_JamesGarner_42_m
383	JamesGarner	33	AGE33	4642	4641_JamesGarner_33_m
383	JamesGarner	62	AGE62	4636	4635_JamesGarner_62_m
383	JamesGarner	72	AGE72	4630	4629_JamesGarner_72_m
383	JamesGarner	20	AGE20	4612	4611_JamesGarner_20_m
383	JamesGarner	73	AGE73	4631	4630_JamesGarner_73_m
383	JamesGarner	75	AGE75	4644	4643_JamesGarner_75_m
384	JosephStalin	35	AGE35	812	811_JosephStalin_35_m
384	JosephStalin	65	AGE65	826	825_JosephStalin_65_m
384	JosephStalin	30	AGE30	823	822_JosephStalin_30_m
384	JosephStalin	68	AGE68	825	824_JosephStalin_68_m
384	JosephStalin	57	AGE57	828	827_JosephStalin_57_m
384	JosephStalin	16	AGE16	807	806_JosephStalin_16_m
384	JosephStalin	67	AGE67	818	817_JosephStalin_67_m
384	JosephStalin	64	AGE64	816	815_JosephStalin_64_m
384	JosephStalin	52	AGE52	827	826_JosephStalin_52_m
384	JosephStalin	63	AGE63	819	818_JosephStalin_63_m
384	JosephStalin	54	AGE54	811	810_JosephStalin_54_m
384	JosephStalin	65	AGE65	817	816_JosephStalin_65_m
384	JosephStalin	55	AGE55	824	823_JosephStalin_55_m
384	JosephStalin	37	AGE37	808	807_JosephStalin_37_m
384	JosephStalin	64	AGE64	815	814_JosephStalin_64_m
384	JosephStalin	41	AGE41	813	812_JosephStalin_41_m
384	JosephStalin	44	AGE44	809	808_JosephStalin_44_m
384	JosephStalin	72	AGE72	821	820_JosephStalin_72_m
384	JosephStalin	45	AGE45	822	821_JosephStalin_45_m
384	JosephStalin	59	AGE59	814	813_JosephStalin_59_m
384	JosephStalin	65	AGE65	820	819_JosephStalin_65_m
384	JosephStalin	66	AGE66	810	809_JosephStalin_66_m
385	UrsulaAndress	77	AGE77	12391	12390_UrsulaAndress_77_f
385	UrsulaAndress	37	AGE37	12388	12387_UrsulaAndress_37_f
385	UrsulaAndress	34	AGE34	12398	12397_UrsulaAndress_34_f
385	UrsulaAndress	45	AGE45	12405	12404_UrsulaAndress_45_f
385	UrsulaAndress	19	AGE19	12400	12399_UrsulaAndress_19_f
385	UrsulaAndress	30	AGE30	12384	12383_UrsulaAndress_30_f
385	UrsulaAndress	74	AGE74	12390	12389_UrsulaAndress_74_f
385	UrsulaAndress	26	AGE26	12393	12392_UrsulaAndress_26_f
385	UrsulaAndress	36	AGE36	12395	12394_UrsulaAndress_36_f
385	UrsulaAndress	42	AGE42	12401	12400_UrsulaAndress_42_f
385	UrsulaAndress	73	AGE73	12394	12393_UrsulaAndress_73_f
385	UrsulaAndress	29	AGE29	12383	12382_UrsulaAndress_29_f
385	UrsulaAndress	58	AGE58	12407	12406_UrsulaAndress_58_f
385	UrsulaAndress	25	AGE25	12408	12407_UrsulaAndress_25_f
385	UrsulaAndress	42	AGE42	12402	12401_UrsulaAndress_42_f
385	UrsulaAndress	28	AGE28	12381	12380_UrsulaAndress_28_f
385	UrsulaAndress	28	AGE28	12397	12396_UrsulaAndress_28_f
385	UrsulaAndress	33	AGE33	12399	12398_UrsulaAndress_33_f
385	UrsulaAndress	29	AGE29	12382	12381_UrsulaAndress_29_f
385	UrsulaAndress	70	AGE70	12409	12408_UrsulaAndress_70_f
385	UrsulaAndress	35	AGE35	12387	12386_UrsulaAndress_35_f
385	UrsulaAndress	30	AGE30	12396	12395_UrsulaAndress_30_f
385	UrsulaAndress	36	AGE36	12392	12391_UrsulaAndress_36_f
385	UrsulaAndress	44	AGE44	12404	12403_UrsulaAndress_44_f
385	UrsulaAndress	31	AGE31	12385	12384_UrsulaAndress_31_f
385	UrsulaAndress	43	AGE43	12403	12402_UrsulaAndress_43_f
385	UrsulaAndress	32	AGE32	12386	12385_UrsulaAndress_32_f
385	UrsulaAndress	27	AGE27	12380	12379_UrsulaAndress_27_f
385	UrsulaAndress	47	AGE47	12389	12388_UrsulaAndress_47_f
385	UrsulaAndress	58	AGE58	12406	12405_UrsulaAndress_58_f
386	AlainDelon	35	AGE35	2371	2370_AlainDelon_35_m
386	AlainDelon	35	AGE35	2381	2380_AlainDelon_35_m
386	AlainDelon	72	AGE72	2376	2375_AlainDelon_72_m
386	AlainDelon	25	AGE25	2383	2382_AlainDelon_25_m
386	AlainDelon	60	AGE60	2384	2383_AlainDelon_60_m
386	AlainDelon	74	AGE74	2382	2381_AlainDelon_74_m
386	AlainDelon	30	AGE30	2375	2374_AlainDelon_30_m
386	AlainDelon	47	AGE47	2368	2367_AlainDelon_47_m
386	AlainDelon	40	AGE40	2367	2366_AlainDelon_40_m
386	AlainDelon	25	AGE25	2374	2373_AlainDelon_25_m
386	AlainDelon	68	AGE68	2362	2361_AlainDelon_68_m
386	AlainDelon	25	AGE25	2361	2360_AlainDelon_25_m
386	AlainDelon	70	AGE70	2365	2364_AlainDelon_70_m
386	AlainDelon	62	AGE62	2379	2378_AlainDelon_62_m
386	AlainDelon	75	AGE75	2364	2363_AlainDelon_75_m
386	AlainDelon	58	AGE58	2378	2377_AlainDelon_58_m
386	AlainDelon	68	AGE68	2366	2365_AlainDelon_68_m
386	AlainDelon	65	AGE65	2369	2368_AlainDelon_65_m
386	AlainDelon	65	AGE65	2377	2376_AlainDelon_65_m
386	AlainDelon	28	AGE28	2370	2369_AlainDelon_28_m
386	AlainDelon	65	AGE65	2363	2362_AlainDelon_65_m
386	AlainDelon	40	AGE40	2372	2371_AlainDelon_40_m
386	AlainDelon	65	AGE65	2385	2384_AlainDelon_65_m
386	AlainDelon	28	AGE28	2373	2372_AlainDelon_28_m
386	AlainDelon	10	AGE10	2386	2385_AlainDelon_10_m
386	AlainDelon	48	AGE48	2380	2379_AlainDelon_48_m
387	MartinLutherKing	19	AGE19	15960	15959_MartinLutherKing_19_m
387	MartinLutherKing	37	AGE37	15957	15956_MartinLutherKing_37_m
387	MartinLutherKing	34	AGE34	15944	15943_MartinLutherKing_34_m
387	MartinLutherKing	34	AGE34	15963	15962_MartinLutherKing_34_m
387	MartinLutherKing	37	AGE37	15951	15950_MartinLutherKing_37_m
387	MartinLutherKing	35	AGE35	15956	15955_MartinLutherKing_35_m
387	MartinLutherKing	35	AGE35	15948	15947_MartinLutherKing_35_m
387	MartinLutherKing	38	AGE38	15958	15957_MartinLutherKing_38_m
387	MartinLutherKing	36	AGE36	15970	15969_MartinLutherKing_36_m
387	MartinLutherKing	34	AGE34	15946	15945_MartinLutherKing_34_m
387	MartinLutherKing	35	AGE35	15952	15951_MartinLutherKing_35_m
387	MartinLutherKing	35	AGE35	15949	15948_MartinLutherKing_35_m
387	MartinLutherKing	35	AGE35	15962	15961_MartinLutherKing_35_m
387	MartinLutherKing	29	AGE29	15966	15965_MartinLutherKing_29_m
387	MartinLutherKing	3	AGE3	15959	15958_MartinLutherKing_3_m
387	MartinLutherKing	37	AGE37	15950	15949_MartinLutherKing_37_m
387	MartinLutherKing	34	AGE34	15954	15953_MartinLutherKing_34_m
387	MartinLutherKing	37	AGE37	15972	15971_MartinLutherKing_37_m
387	MartinLutherKing	27	AGE27	15965	15964_MartinLutherKing_27_m
387	MartinLutherKing	34	AGE34	15961	15960_MartinLutherKing_34_m
387	MartinLutherKing	35	AGE35	15967	15966_MartinLutherKing_35_m
387	MartinLutherKing	34	AGE34	15947	15946_MartinLutherKing_34_m
387	MartinLutherKing	27	AGE27	15943	15942_MartinLutherKing_27_m
387	MartinLutherKing	35	AGE35	15955	15954_MartinLutherKing_35_m
387	MartinLutherKing	37	AGE37	15971	15970_MartinLutherKing_37_m
387	MartinLutherKing	34	AGE34	15964	15963_MartinLutherKing_34_m
387	MartinLutherKing	35	AGE35	15945	15944_MartinLutherKing_35_m
387	MartinLutherKing	36	AGE36	15969	15968_MartinLutherKing_36_m
387	MartinLutherKing	34	AGE34	15953	15952_MartinLutherKing_34_m
387	MartinLutherKing	35	AGE35	15968	15967_MartinLutherKing_35_m
388	JoanCollins	73	AGE73	10553	10552_JoanCollins_73_f
388	JoanCollins	52	AGE52	10545	10544_JoanCollins_52_f
388	JoanCollins	67	AGE67	10551	10550_JoanCollins_67_f
388	JoanCollins	49	AGE49	10543	10542_JoanCollins_49_f
388	JoanCollins	55	AGE55	10546	10545_JoanCollins_55_f
388	JoanCollins	21	AGE21	10532	10531_JoanCollins_21_f
388	JoanCollins	31	AGE31	10535	10534_JoanCollins_31_f
388	JoanCollins	69	AGE69	10552	10551_JoanCollins_69_f
388	JoanCollins	34	AGE34	10538	10537_JoanCollins_34_f
388	JoanCollins	76	AGE76	10554	10553_JoanCollins_76_f
388	JoanCollins	64	AGE64	10549	10548_JoanCollins_64_f
388	JoanCollins	51	AGE51	10544	10543_JoanCollins_51_f
388	JoanCollins	33	AGE33	10536	10535_JoanCollins_33_f
388	JoanCollins	39	AGE39	10541	10540_JoanCollins_39_f
388	JoanCollins	37	AGE37	10540	10539_JoanCollins_37_f
388	JoanCollins	29	AGE29	10534	10533_JoanCollins_29_f
388	JoanCollins	48	AGE48	10542	10541_JoanCollins_48_f
388	JoanCollins	33	AGE33	10537	10536_JoanCollins_33_f
388	JoanCollins	66	AGE66	10550	10549_JoanCollins_66_f
388	JoanCollins	25	AGE25	10533	10532_JoanCollins_25_f
388	JoanCollins	77	AGE77	10555	10554_JoanCollins_77_f
388	JoanCollins	56	AGE56	10547	10546_JoanCollins_56_f
388	JoanCollins	63	AGE63	10548	10547_JoanCollins_63_f
388	JoanCollins	37	AGE37	10539	10538_JoanCollins_37_f
389	JaneBirkin	20	AGE20	10068	10067_JaneBirkin_20_f
389	JaneBirkin	39	AGE39	10085	10084_JaneBirkin_39_f
389	JaneBirkin	46	AGE46	10090	10089_JaneBirkin_46_f
389	JaneBirkin	49	AGE49	10093	10092_JaneBirkin_49_f
389	JaneBirkin	25	AGE25	10072	10071_JaneBirkin_25_f
389	JaneBirkin	21	AGE21	10069	10068_JaneBirkin_21_f
389	JaneBirkin	28	AGE28	10074	10073_JaneBirkin_28_f
389	JaneBirkin	48	AGE48	10092	10091_JaneBirkin_48_f
389	JaneBirkin	67	AGE67	10103	10102_JaneBirkin_67_f
389	JaneBirkin	41	AGE41	10087	10086_JaneBirkin_41_f
389	JaneBirkin	30	AGE30	10076	10075_JaneBirkin_30_f
389	JaneBirkin	42	AGE42	10088	10087_JaneBirkin_42_f
389	JaneBirkin	63	AGE63	10101	10100_JaneBirkin_63_f
389	JaneBirkin	53	AGE53	10096	10095_JaneBirkin_53_f
389	JaneBirkin	33	AGE33	10079	10078_JaneBirkin_33_f
389	JaneBirkin	31	AGE31	10077	10076_JaneBirkin_31_f
389	JaneBirkin	40	AGE40	10086	10085_JaneBirkin_40_f
389	JaneBirkin	36	AGE36	10081	10080_JaneBirkin_36_f
389	JaneBirkin	35	AGE35	10080	10079_JaneBirkin_35_f
389	JaneBirkin	58	AGE58	10099	10098_JaneBirkin_58_f
389	JaneBirkin	56	AGE56	10098	10097_JaneBirkin_56_f
389	JaneBirkin	37	AGE37	10082	10081_JaneBirkin_37_f
389	JaneBirkin	19	AGE19	10066	10065_JaneBirkin_19_f
389	JaneBirkin	68	AGE68	10104	10103_JaneBirkin_68_f
389	JaneBirkin	50	AGE50	10094	10093_JaneBirkin_50_f
389	JaneBirkin	64	AGE64	10102	10101_JaneBirkin_64_f
389	JaneBirkin	27	AGE27	10073	10072_JaneBirkin_27_f
389	JaneBirkin	47	AGE47	10091	10090_JaneBirkin_47_f
389	JaneBirkin	29	AGE29	10075	10074_JaneBirkin_29_f
389	JaneBirkin	60	AGE60	10100	10099_JaneBirkin_60_f
389	JaneBirkin	32	AGE32	10078	10077_JaneBirkin_32_f
389	JaneBirkin	55	AGE55	10097	10096_JaneBirkin_55_f
389	JaneBirkin	19	AGE19	10067	10066_JaneBirkin_19_f
389	JaneBirkin	38	AGE38	10083	10082_JaneBirkin_38_f
389	JaneBirkin	44	AGE44	10089	10088_JaneBirkin_44_f
389	JaneBirkin	23	AGE23	10070	10069_JaneBirkin_23_f
389	JaneBirkin	39	AGE39	10084	10083_JaneBirkin_39_f
389	JaneBirkin	52	AGE52	10095	10094_JaneBirkin_52_f
389	JaneBirkin	24	AGE24	10071	10070_JaneBirkin_24_f
390	Garycooper	37	AGE37	7086	7085_Garycooper_37_m
390	Garycooper	42	AGE42	7090	7089_Garycooper_42_m
390	Garycooper	55	AGE55	7093	7092_Garycooper_55_m
390	Garycooper	29	AGE29	7095	7094_Garycooper_29_m
390	Garycooper	55	AGE55	7094	7093_Garycooper_55_m
390	Garycooper	34	AGE34	7084	7083_Garycooper_34_m
390	Garycooper	54	AGE54	7088	7087_Garycooper_54_m
390	Garycooper	35	AGE35	7091	7090_Garycooper_35_m
390	Garycooper	19	AGE19	7096	7095_Garycooper_19_m
390	Garycooper	53	AGE53	7087	7086_Garycooper_53_m
390	Garycooper	27	AGE27	7089	7088_Garycooper_27_m
390	Garycooper	35	AGE35	7085	7084_Garycooper_35_m
390	Garycooper	39	AGE39	7092	7091_Garycooper_39_m
391	AlKapone	35	AGE35	509	508_AlKapone_35_m
391	AlKapone	30	AGE30	526	525_AlKapone_30_m
391	AlKapone	37	AGE37	520	519_AlKapone_37_m
391	AlKapone	32	AGE32	513	512_AlKapone_32_m
391	AlKapone	28	AGE28	511	510_AlKapone_28_m
391	AlKapone	35	AGE35	525	524_AlKapone_35_m
391	AlKapone	30	AGE30	515	514_AlKapone_30_m
391	AlKapone	23	AGE23	510	509_AlKapone_23_m
391	AlKapone	32	AGE32	524	523_AlKapone_32_m
391	AlKapone	5	AGE5	508	507_AlKapone_5_m
391	AlKapone	32	AGE32	519	518_AlKapone_32_m
391	AlKapone	30	AGE30	523	522_AlKapone_30_m
391	AlKapone	30	AGE30	527	526_AlKapone_30_m
391	AlKapone	30	AGE30	521	520_AlKapone_30_m
391	AlKapone	30	AGE30	518	517_AlKapone_30_m
391	AlKapone	33	AGE33	516	515_AlKapone_33_m
391	AlKapone	35	AGE35	528	527_AlKapone_35_m
391	AlKapone	32	AGE32	512	511_AlKapone_32_m
391	AlKapone	33	AGE33	522	521_AlKapone_33_m
391	AlKapone	26	AGE26	514	513_AlKapone_26_m
391	AlKapone	30	AGE30	517	516_AlKapone_30_m
392	EstherWilliams	33	AGE33	14173	14172_EstherWilliams_33_f
392	EstherWilliams	38	AGE38	14176	14175_EstherWilliams_38_f
392	EstherWilliams	75	AGE75	14179	14178_EstherWilliams_75_f
392	EstherWilliams	83	AGE83	14182	14181_EstherWilliams_83_f
392	EstherWilliams	43	AGE43	14167	14166_EstherWilliams_43_f
392	EstherWilliams	76	AGE76	14180	14179_EstherWilliams_76_f
392	EstherWilliams	77	AGE77	14171	14170_EstherWilliams_77_f
392	EstherWilliams	21	AGE21	14159	14158_EstherWilliams_21_f
392	EstherWilliams	70	AGE70	14177	14176_EstherWilliams_70_f
392	EstherWilliams	30	AGE30	14164	14163_EstherWilliams_30_f
392	EstherWilliams	46	AGE46	14168	14167_EstherWilliams_46_f
392	EstherWilliams	18	AGE18	14158	14157_EstherWilliams_18_f
392	EstherWilliams	36	AGE36	14175	14174_EstherWilliams_36_f
392	EstherWilliams	85	AGE85	14172	14171_EstherWilliams_85_f
392	EstherWilliams	24	AGE24	14161	14160_EstherWilliams_24_f
392	EstherWilliams	25	AGE25	14162	14161_EstherWilliams_25_f
392	EstherWilliams	63	AGE63	14170	14169_EstherWilliams_63_f
392	EstherWilliams	23	AGE23	14160	14159_EstherWilliams_23_f
392	EstherWilliams	32	AGE32	14165	14164_EstherWilliams_32_f
392	EstherWilliams	73	AGE73	14178	14177_EstherWilliams_73_f
392	EstherWilliams	26	AGE26	14163	14162_EstherWilliams_26_f
392	EstherWilliams	35	AGE35	14174	14173_EstherWilliams_35_f
392	EstherWilliams	84	AGE84	14183	14182_EstherWilliams_84_f
392	EstherWilliams	59	AGE59	14169	14168_EstherWilliams_59_f
392	EstherWilliams	79	AGE79	14181	14180_EstherWilliams_79_f
392	EstherWilliams	41	AGE41	14166	14165_EstherWilliams_41_f
393	WinstonChurchill	21	AGE21	883	882_WinstonChurchill_21_m
393	WinstonChurchill	77	AGE77	884	883_WinstonChurchill_77_m
393	WinstonChurchill	69	AGE69	882	881_WinstonChurchill_69_m
393	WinstonChurchill	68	AGE68	881	880_WinstonChurchill_68_m
393	WinstonChurchill	30	AGE30	868	867_WinstonChurchill_30_m
393	WinstonChurchill	67	AGE67	872	871_WinstonChurchill_67_m
393	WinstonChurchill	68	AGE68	876	875_WinstonChurchill_68_m
393	WinstonChurchill	65	AGE65	877	876_WinstonChurchill_65_m
393	WinstonChurchill	68	AGE68	873	872_WinstonChurchill_68_m
393	WinstonChurchill	48	AGE48	870	869_WinstonChurchill_48_m
393	WinstonChurchill	65	AGE65	875	874_WinstonChurchill_65_m
393	WinstonChurchill	75	AGE75	878	877_WinstonChurchill_75_m
393	WinstonChurchill	40	AGE40	869	868_WinstonChurchill_40_m
393	WinstonChurchill	72	AGE72	879	878_WinstonChurchill_72_m
393	WinstonChurchill	66	AGE66	874	873_WinstonChurchill_66_m
393	WinstonChurchill	65	AGE65	880	879_WinstonChurchill_65_m
393	WinstonChurchill	67	AGE67	867	866_WinstonChurchill_67_m
393	WinstonChurchill	41	AGE41	871	870_WinstonChurchill_41_m
394	OrsonWelles	23	AGE23	6667	6666_OrsonWelles_23_m
394	OrsonWelles	26	AGE26	6653	6652_OrsonWelles_26_m
394	OrsonWelles	38	AGE38	6655	6654_OrsonWelles_38_m
394	OrsonWelles	52	AGE52	6662	6661_OrsonWelles_52_m
394	OrsonWelles	24	AGE24	6664	6663_OrsonWelles_24_m
394	OrsonWelles	22	AGE22	6650	6649_OrsonWelles_22_m
394	OrsonWelles	67	AGE67	6666	6665_OrsonWelles_67_m
394	OrsonWelles	45	AGE45	6658	6657_OrsonWelles_45_m
394	OrsonWelles	32	AGE32	6665	6664_OrsonWelles_32_m
394	OrsonWelles	30	AGE30	6656	6655_OrsonWelles_30_m
394	OrsonWelles	52	AGE52	6659	6658_OrsonWelles_52_m
394	OrsonWelles	52	AGE52	6651	6650_OrsonWelles_52_m
394	OrsonWelles	62	AGE62	6661	6660_OrsonWelles_62_m
394	OrsonWelles	31	AGE31	6654	6653_OrsonWelles_31_m
394	OrsonWelles	45	AGE45	6652	6651_OrsonWelles_45_m
394	OrsonWelles	43	AGE43	6660	6659_OrsonWelles_43_m
394	OrsonWelles	32	AGE32	6657	6656_OrsonWelles_32_m
394	OrsonWelles	50	AGE50	6663	6662_OrsonWelles_50_m
395	michaeljackson	25	AGE25	257	256_michaeljackson_25_m
395	michaeljackson	14	AGE14	262	261_michaeljackson_14_m
395	michaeljackson	15	AGE15	269	268_michaeljackson_15_m
395	michaeljackson	3	AGE3	256	255_michaeljackson_3_m
395	michaeljackson	44	AGE44	268	267_michaeljackson_44_m
395	michaeljackson	46	AGE46	265	264_michaeljackson_46_m
395	michaeljackson	29	AGE29	259	258_michaeljackson_29_m
395	michaeljackson	26	AGE26	266	265_michaeljackson_26_m
395	michaeljackson	17	AGE17	260	259_michaeljackson_17_m
395	michaeljackson	31	AGE31	270	269_michaeljackson_31_m
395	michaeljackson	10	AGE10	261	260_michaeljackson_10_m
395	michaeljackson	19	AGE19	267	266_michaeljackson_19_m
395	michaeljackson	35	AGE35	264	263_michaeljackson_35_m
395	michaeljackson	14	AGE14	258	257_michaeljackson_14_m
395	michaeljackson	32	AGE32	263	262_michaeljackson_32_m
396	JeremyKemp	40	AGE40	2644	2643_JeremyKemp_40_m
396	JeremyKemp	36	AGE36	2642	2641_JeremyKemp_36_m
396	JeremyKemp	33	AGE33	2640	2639_JeremyKemp_33_m
396	JeremyKemp	60	AGE60	2649	2648_JeremyKemp_60_m
396	JeremyKemp	31	AGE31	2639	2638_JeremyKemp_31_m
396	JeremyKemp	66	AGE66	2652	2651_JeremyKemp_66_m
396	JeremyKemp	29	AGE29	2637	2636_JeremyKemp_29_m
396	JeremyKemp	28	AGE28	2636	2635_JeremyKemp_28_m
396	JeremyKemp	45	AGE45	2646	2645_JeremyKemp_45_m
396	JeremyKemp	64	AGE64	2651	2650_JeremyKemp_64_m
396	JeremyKemp	62	AGE62	2650	2649_JeremyKemp_62_m
396	JeremyKemp	34	AGE34	2641	2640_JeremyKemp_34_m
396	JeremyKemp	27	AGE27	2635	2634_JeremyKemp_27_m
396	JeremyKemp	57	AGE57	2648	2647_JeremyKemp_57_m
396	JeremyKemp	49	AGE49	2647	2646_JeremyKemp_49_m
396	JeremyKemp	30	AGE30	2638	2637_JeremyKemp_30_m
396	JeremyKemp	38	AGE38	2643	2642_JeremyKemp_38_m
396	JeremyKemp	42	AGE42	2645	2644_JeremyKemp_42_m
397	GeraldineChaplin	37	AGE37	13032	13031_GeraldineChaplin_37_f
397	GeraldineChaplin	59	AGE59	13047	13046_GeraldineChaplin_59_f
397	GeraldineChaplin	33	AGE33	13028	13027_GeraldineChaplin_33_f
397	GeraldineChaplin	63	AGE63	13050	13049_GeraldineChaplin_63_f
397	GeraldineChaplin	65	AGE65	13052	13051_GeraldineChaplin_65_f
397	GeraldineChaplin	43	AGE43	13036	13035_GeraldineChaplin_43_f
397	GeraldineChaplin	30	AGE30	13025	13024_GeraldineChaplin_30_f
397	GeraldineChaplin	18	AGE18	13009	13008_GeraldineChaplin_18_f
397	GeraldineChaplin	69	AGE69	13055	13054_GeraldineChaplin_69_f
397	GeraldineChaplin	8	AGE8	13008	13007_GeraldineChaplin_8_f
397	GeraldineChaplin	22	AGE22	13013	13012_GeraldineChaplin_22_f
397	GeraldineChaplin	61	AGE61	13048	13047_GeraldineChaplin_61_f
397	GeraldineChaplin	34	AGE34	13029	13028_GeraldineChaplin_34_f
397	GeraldineChaplin	29	AGE29	13024	13023_GeraldineChaplin_29_f
397	GeraldineChaplin	49	AGE49	13040	13039_GeraldineChaplin_49_f
397	GeraldineChaplin	44	AGE44	13037	13036_GeraldineChaplin_44_f
397	GeraldineChaplin	56	AGE56	13046	13045_GeraldineChaplin_56_f
397	GeraldineChaplin	35	AGE35	13018	13017_GeraldineChaplin_35_f
397	GeraldineChaplin	27	AGE27	13022	13021_GeraldineChaplin_27_f
397	GeraldineChaplin	24	AGE24	13015	13014_GeraldineChaplin_24_f
397	GeraldineChaplin	70	AGE70	13056	13055_GeraldineChaplin_70_f
397	GeraldineChaplin	60	AGE60	13020	13019_GeraldineChaplin_60_f
397	GeraldineChaplin	36	AGE36	13030	13029_GeraldineChaplin_36_f
397	GeraldineChaplin	28	AGE28	13023	13022_GeraldineChaplin_28_f
397	GeraldineChaplin	62	AGE62	13049	13048_GeraldineChaplin_62_f
397	GeraldineChaplin	58	AGE58	13019	13018_GeraldineChaplin_58_f
397	GeraldineChaplin	51	AGE51	13041	13040_GeraldineChaplin_51_f
397	GeraldineChaplin	19	AGE19	13010	13009_GeraldineChaplin_19_f
397	GeraldineChaplin	38	AGE38	13033	13032_GeraldineChaplin_38_f
397	GeraldineChaplin	53	AGE53	13043	13042_GeraldineChaplin_53_f
397	GeraldineChaplin	45	AGE45	13038	13037_GeraldineChaplin_45_f
397	GeraldineChaplin	39	AGE39	13034	13033_GeraldineChaplin_39_f
397	GeraldineChaplin	66	AGE66	13053	13052_GeraldineChaplin_66_f
397	GeraldineChaplin	31	AGE31	13026	13025_GeraldineChaplin_31_f
397	GeraldineChaplin	64	AGE64	13051	13050_GeraldineChaplin_64_f
397	GeraldineChaplin	21	AGE21	13012	13011_GeraldineChaplin_21_f
397	GeraldineChaplin	25	AGE25	13016	13015_GeraldineChaplin_25_f
397	GeraldineChaplin	48	AGE48	13039	13038_GeraldineChaplin_48_f
397	GeraldineChaplin	26	AGE26	13021	13020_GeraldineChaplin_26_f
397	GeraldineChaplin	32	AGE32	13027	13026_GeraldineChaplin_32_f
397	GeraldineChaplin	54	AGE54	13044	13043_GeraldineChaplin_54_f
397	GeraldineChaplin	40	AGE40	13035	13034_GeraldineChaplin_40_f
397	GeraldineChaplin	36	AGE36	13031	13030_GeraldineChaplin_36_f
397	GeraldineChaplin	55	AGE55	13045	13044_GeraldineChaplin_55_f
397	GeraldineChaplin	20	AGE20	13011	13010_GeraldineChaplin_20_f
397	GeraldineChaplin	67	AGE67	13054	13053_GeraldineChaplin_67_f
397	GeraldineChaplin	35	AGE35	13017	13016_GeraldineChaplin_35_f
397	GeraldineChaplin	23	AGE23	13014	13013_GeraldineChaplin_23_f
397	GeraldineChaplin	52	AGE52	13042	13041_GeraldineChaplin_52_f
398	CarlMarx	55	AGE55	1476	1475_CarlMarx_55_m
398	CarlMarx	45	AGE45	1482	1481_CarlMarx_45_m
398	CarlMarx	62	AGE62	1487	1486_CarlMarx_62_m
398	CarlMarx	40	AGE40	1483	1482_CarlMarx_40_m
398	CarlMarx	50	AGE50	1484	1483_CarlMarx_50_m
398	CarlMarx	60	AGE60	1488	1487_CarlMarx_60_m
398	CarlMarx	58	AGE58	1480	1479_CarlMarx_58_m
398	CarlMarx	50	AGE50	1479	1478_CarlMarx_50_m
398	CarlMarx	55	AGE55	1486	1485_CarlMarx_55_m
398	CarlMarx	30	AGE30	1481	1480_CarlMarx_30_m
398	CarlMarx	50	AGE50	1477	1476_CarlMarx_50_m
398	CarlMarx	58	AGE58	1478	1477_CarlMarx_58_m
398	CarlMarx	58	AGE58	1485	1484_CarlMarx_58_m
399	RonPerlman	63	AGE63	2840	2839_RonPerlman_63_m
399	RonPerlman	33	AGE33	2816	2815_RonPerlman_33_m
399	RonPerlman	65	AGE65	2843	2842_RonPerlman_65_m
399	RonPerlman	40	AGE40	2821	2820_RonPerlman_40_m
399	RonPerlman	44	AGE44	2824	2823_RonPerlman_44_m
399	RonPerlman	50	AGE50	2828	2827_RonPerlman_50_m
399	RonPerlman	43	AGE43	2823	2822_RonPerlman_43_m
399	RonPerlman	31	AGE31	2814	2813_RonPerlman_31_m
399	RonPerlman	61	AGE61	2838	2837_RonPerlman_61_m
399	RonPerlman	64	AGE64	2842	2841_RonPerlman_64_m
399	RonPerlman	42	AGE42	2822	2821_RonPerlman_42_m
399	RonPerlman	57	AGE57	2834	2833_RonPerlman_57_m
399	RonPerlman	59	AGE59	2836	2835_RonPerlman_59_m
399	RonPerlman	58	AGE58	2835	2834_RonPerlman_58_m
399	RonPerlman	52	AGE52	2830	2829_RonPerlman_52_m
399	RonPerlman	56	AGE56	2833	2832_RonPerlman_56_m
399	RonPerlman	38	AGE38	2820	2819_RonPerlman_38_m
399	RonPerlman	45	AGE45	2825	2824_RonPerlman_45_m
399	RonPerlman	62	AGE62	2839	2838_RonPerlman_62_m
399	RonPerlman	60	AGE60	2837	2836_RonPerlman_60_m
399	RonPerlman	55	AGE55	2832	2831_RonPerlman_55_m
399	RonPerlman	54	AGE54	2831	2830_RonPerlman_54_m
399	RonPerlman	47	AGE47	2826	2825_RonPerlman_47_m
399	RonPerlman	64	AGE64	2841	2840_RonPerlman_64_m
399	RonPerlman	32	AGE32	2815	2814_RonPerlman_32_m
399	RonPerlman	51	AGE51	2829	2828_RonPerlman_51_m
399	RonPerlman	34	AGE34	2817	2816_RonPerlman_34_m
399	RonPerlman	37	AGE37	2819	2818_RonPerlman_37_m
399	RonPerlman	35	AGE35	2818	2817_RonPerlman_35_m
399	RonPerlman	48	AGE48	2827	2826_RonPerlman_48_m
400	EliWallach	95	AGE95	3218	3217_EliWallach_95_m
400	EliWallach	41	AGE41	3217	3216_EliWallach_41_m
400	EliWallach	55	AGE55	3220	3219_EliWallach_55_m
400	EliWallach	52	AGE52	3225	3224_EliWallach_52_m
400	EliWallach	61	AGE61	3210	3209_EliWallach_61_m
400	EliWallach	65	AGE65	3212	3211_EliWallach_65_m
400	EliWallach	53	AGE53	3206	3205_EliWallach_53_m
400	EliWallach	42	AGE42	3223	3222_EliWallach_42_m
400	EliWallach	51	AGE51	3204	3203_EliWallach_51_m
400	EliWallach	51	AGE51	3205	3204_EliWallach_51_m
400	EliWallach	45	AGE45	3208	3207_EliWallach_45_m
400	EliWallach	54	AGE54	3211	3210_EliWallach_54_m
400	EliWallach	58	AGE58	3209	3208_EliWallach_58_m
400	EliWallach	66	AGE66	3199	3198_EliWallach_66_m
400	EliWallach	77	AGE77	3196	3195_EliWallach_77_m
400	EliWallach	45	AGE45	3201	3200_EliWallach_45_m
400	EliWallach	52	AGE52	3207	3206_EliWallach_52_m
400	EliWallach	91	AGE91	3216	3215_EliWallach_91_m
400	EliWallach	71	AGE71	3213	3212_EliWallach_71_m
400	EliWallach	41	AGE41	3200	3199_EliWallach_41_m
400	EliWallach	85	AGE85	3195	3194_EliWallach_85_m
400	EliWallach	56	AGE56	3224	3223_EliWallach_56_m
400	EliWallach	40	AGE40	3197	3196_EliWallach_40_m
400	EliWallach	43	AGE43	3221	3220_EliWallach_43_m
400	EliWallach	56	AGE56	3222	3221_EliWallach_56_m
400	EliWallach	51	AGE51	3203	3202_EliWallach_51_m
400	EliWallach	77	AGE77	3214	3213_EliWallach_77_m
400	EliWallach	97	AGE97	3219	3218_EliWallach_97_m
400	EliWallach	73	AGE73	3215	3214_EliWallach_73_m
400	EliWallach	46	AGE46	3202	3201_EliWallach_46_m
400	EliWallach	36	AGE36	3198	3197_EliWallach_36_m
401	ErinGray	56	AGE56	15361	15360_ErinGray_56_f
401	ErinGray	31	AGE31	15341	15340_ErinGray_31_f
401	ErinGray	33	AGE33	15343	15342_ErinGray_33_f
401	ErinGray	54	AGE54	15359	15358_ErinGray_54_f
401	ErinGray	25	AGE25	15336	15335_ErinGray_25_f
401	ErinGray	22	AGE22	15333	15332_ErinGray_22_f
401	ErinGray	27	AGE27	15338	15337_ErinGray_27_f
401	ErinGray	50	AGE50	15355	15354_ErinGray_50_f
401	ErinGray	23	AGE23	15334	15333_ErinGray_23_f
401	ErinGray	38	AGE38	15348	15347_ErinGray_38_f
401	ErinGray	39	AGE39	15349	15348_ErinGray_39_f
401	ErinGray	28	AGE28	15339	15338_ErinGray_28_f
401	ErinGray	65	AGE65	15369	15368_ErinGray_65_f
401	ErinGray	58	AGE58	15363	15362_ErinGray_58_f
401	ErinGray	55	AGE55	15360	15359_ErinGray_55_f
401	ErinGray	48	AGE48	15354	15353_ErinGray_48_f
401	ErinGray	35	AGE35	15345	15344_ErinGray_35_f
401	ErinGray	53	AGE53	15358	15357_ErinGray_53_f
401	ErinGray	46	AGE46	15353	15352_ErinGray_46_f
401	ErinGray	36	AGE36	15346	15345_ErinGray_36_f
401	ErinGray	29	AGE29	15340	15339_ErinGray_29_f
401	ErinGray	24	AGE24	15335	15334_ErinGray_24_f
401	ErinGray	32	AGE32	15342	15341_ErinGray_32_f
401	ErinGray	57	AGE57	15362	15361_ErinGray_57_f
401	ErinGray	41	AGE41	15350	15349_ErinGray_41_f
401	ErinGray	52	AGE52	15357	15356_ErinGray_52_f
401	ErinGray	51	AGE51	15356	15355_ErinGray_51_f
401	ErinGray	45	AGE45	15352	15351_ErinGray_45_f
401	ErinGray	64	AGE64	15368	15367_ErinGray_64_f
401	ErinGray	26	AGE26	15337	15336_ErinGray_26_f
401	ErinGray	61	AGE61	15365	15364_ErinGray_61_f
401	ErinGray	34	AGE34	15344	15343_ErinGray_34_f
401	ErinGray	63	AGE63	15367	15366_ErinGray_63_f
401	ErinGray	43	AGE43	15351	15350_ErinGray_43_f
401	ErinGray	60	AGE60	15364	15363_ErinGray_60_f
401	ErinGray	62	AGE62	15366	15365_ErinGray_62_f
401	ErinGray	37	AGE37	15347	15346_ErinGray_37_f
402	Davis	50	AGE50	16327	16326_Davis_50_f
402	Davis	49	AGE49	16321	16320_Davis_49_f
402	Davis	45	AGE45	16315	16314_Davis_45_f
402	Davis	50	AGE50	16325	16324_Davis_50_f
402	Davis	46	AGE46	16322	16321_Davis_46_f
402	Davis	50	AGE50	16328	16327_Davis_50_f
402	Davis	40	AGE40	16316	16315_Davis_40_f
402	Davis	52	AGE52	16324	16323_Davis_52_f
402	Davis	51	AGE51	16319	16318_Davis_51_f
402	Davis	52	AGE52	16323	16322_Davis_52_f
402	Davis	47	AGE47	16317	16316_Davis_47_f
402	Davis	51	AGE51	16320	16319_Davis_51_f
402	Davis	49	AGE49	16318	16317_Davis_49_f
402	Davis	50	AGE50	16326	16325_Davis_50_f
403	RogerAllam	44	AGE44	3731	3730_RogerAllam_44_m
403	RogerAllam	50	AGE50	3736	3735_RogerAllam_50_m
403	RogerAllam	32	AGE32	3721	3720_RogerAllam_32_m
403	RogerAllam	29	AGE29	3718	3717_RogerAllam_29_m
403	RogerAllam	51	AGE51	3737	3736_RogerAllam_51_m
403	RogerAllam	60	AGE60	3746	3745_RogerAllam_60_m
403	RogerAllam	54	AGE54	3740	3739_RogerAllam_54_m
403	RogerAllam	56	AGE56	3742	3741_RogerAllam_56_m
403	RogerAllam	49	AGE49	3735	3734_RogerAllam_49_m
403	RogerAllam	61	AGE61	3747	3746_RogerAllam_61_m
403	RogerAllam	38	AGE38	3727	3726_RogerAllam_38_m
403	RogerAllam	52	AGE52	3738	3737_RogerAllam_52_m
403	RogerAllam	31	AGE31	3720	3719_RogerAllam_31_m
403	RogerAllam	59	AGE59	3745	3744_RogerAllam_59_m
403	RogerAllam	34	AGE34	3723	3722_RogerAllam_34_m
403	RogerAllam	55	AGE55	3741	3740_RogerAllam_55_m
403	RogerAllam	47	AGE47	3733	3732_RogerAllam_47_m
403	RogerAllam	58	AGE58	3744	3743_RogerAllam_58_m
403	RogerAllam	48	AGE48	3734	3733_RogerAllam_48_m
403	RogerAllam	30	AGE30	3719	3718_RogerAllam_30_m
403	RogerAllam	37	AGE37	3726	3725_RogerAllam_37_m
403	RogerAllam	42	AGE42	3730	3729_RogerAllam_42_m
403	RogerAllam	35	AGE35	3724	3723_RogerAllam_35_m
403	RogerAllam	36	AGE36	3725	3724_RogerAllam_36_m
403	RogerAllam	53	AGE53	3739	3738_RogerAllam_53_m
403	RogerAllam	41	AGE41	3729	3728_RogerAllam_41_m
403	RogerAllam	57	AGE57	3743	3742_RogerAllam_57_m
403	RogerAllam	33	AGE33	3722	3721_RogerAllam_33_m
403	RogerAllam	45	AGE45	3732	3731_RogerAllam_45_m
403	RogerAllam	40	AGE40	3728	3727_RogerAllam_40_m
403	RogerAllam	62	AGE62	3748	3747_RogerAllam_62_m
404	CatherineSpaak	19	AGE19	11925	11924_CatherineSpaak_19_f
404	CatherineSpaak	29	AGE29	11930	11929_CatherineSpaak_29_f
404	CatherineSpaak	60	AGE60	11940	11939_CatherineSpaak_60_f
404	CatherineSpaak	35	AGE35	11933	11932_CatherineSpaak_35_f
404	CatherineSpaak	33	AGE33	11932	11931_CatherineSpaak_33_f
404	CatherineSpaak	25	AGE25	11928	11927_CatherineSpaak_25_f
404	CatherineSpaak	63	AGE63	11943	11942_CatherineSpaak_63_f
404	CatherineSpaak	45	AGE45	11936	11935_CatherineSpaak_45_f
404	CatherineSpaak	39	AGE39	11934	11933_CatherineSpaak_39_f
404	CatherineSpaak	62	AGE62	11942	11941_CatherineSpaak_62_f
404	CatherineSpaak	17	AGE17	11923	11922_CatherineSpaak_17_f
404	CatherineSpaak	16	AGE16	11922	11921_CatherineSpaak_16_f
404	CatherineSpaak	66	AGE66	11945	11944_CatherineSpaak_66_f
404	CatherineSpaak	56	AGE56	11937	11936_CatherineSpaak_56_f
404	CatherineSpaak	67	AGE67	11946	11945_CatherineSpaak_67_f
404	CatherineSpaak	30	AGE30	11931	11930_CatherineSpaak_30_f
404	CatherineSpaak	69	AGE69	11947	11946_CatherineSpaak_69_f
404	CatherineSpaak	15	AGE15	11921	11920_CatherineSpaak_15_f
404	CatherineSpaak	26	AGE26	11929	11928_CatherineSpaak_26_f
404	CatherineSpaak	59	AGE59	11939	11938_CatherineSpaak_59_f
404	CatherineSpaak	24	AGE24	11927	11926_CatherineSpaak_24_f
404	CatherineSpaak	43	AGE43	11935	11934_CatherineSpaak_43_f
404	CatherineSpaak	61	AGE61	11941	11940_CatherineSpaak_61_f
404	CatherineSpaak	65	AGE65	11944	11943_CatherineSpaak_65_f
404	CatherineSpaak	22	AGE22	11926	11925_CatherineSpaak_22_f
404	CatherineSpaak	58	AGE58	11938	11937_CatherineSpaak_58_f
404	CatherineSpaak	18	AGE18	11924	11923_CatherineSpaak_18_f
405	Gorbachev	55	AGE55	616	615_Gorbachev_55_m
405	Gorbachev	62	AGE62	610	609_Gorbachev_62_m
405	Gorbachev	59	AGE59	608	607_Gorbachev_59_m
405	Gorbachev	60	AGE60	615	614_Gorbachev_60_m
405	Gorbachev	50	AGE50	609	608_Gorbachev_50_m
405	Gorbachev	73	AGE73	619	618_Gorbachev_73_m
405	Gorbachev	56	AGE56	621	620_Gorbachev_56_m
405	Gorbachev	82	AGE82	614	613_Gorbachev_82_m
405	Gorbachev	59	AGE59	623	622_Gorbachev_59_m
405	Gorbachev	82	AGE82	618	617_Gorbachev_82_m
405	Gorbachev	48	AGE48	607	606_Gorbachev_48_m
405	Gorbachev	56	AGE56	611	610_Gorbachev_56_m
405	Gorbachev	57	AGE57	617	616_Gorbachev_57_m
405	Gorbachev	58	AGE58	612	611_Gorbachev_58_m
405	Gorbachev	52	AGE52	622	621_Gorbachev_52_m
405	Gorbachev	54	AGE54	604	603_Gorbachev_54_m
405	Gorbachev	60	AGE60	620	619_Gorbachev_60_m
405	Gorbachev	50	AGE50	613	612_Gorbachev_50_m
405	Gorbachev	69	AGE69	624	623_Gorbachev_69_m
405	Gorbachev	78	AGE78	605	604_Gorbachev_78_m
405	Gorbachev	76	AGE76	606	605_Gorbachev_76_m
406	StevenSeagal	48	AGE48	4444	4443_StevenSeagal_48_m
406	StevenSeagal	59	AGE59	4454	4453_StevenSeagal_59_m
406	StevenSeagal	53	AGE53	4448	4447_StevenSeagal_53_m
406	StevenSeagal	37	AGE37	4435	4434_StevenSeagal_37_m
406	StevenSeagal	42	AGE42	4438	4437_StevenSeagal_42_m
406	StevenSeagal	35	AGE35	4433	4432_StevenSeagal_35_m
406	StevenSeagal	36	AGE36	4434	4433_StevenSeagal_36_m
406	StevenSeagal	54	AGE54	4449	4448_StevenSeagal_54_m
406	StevenSeagal	47	AGE47	4443	4442_StevenSeagal_47_m
406	StevenSeagal	58	AGE58	4453	4452_StevenSeagal_58_m
406	StevenSeagal	44	AGE44	4440	4439_StevenSeagal_44_m
406	StevenSeagal	38	AGE38	4436	4435_StevenSeagal_38_m
406	StevenSeagal	40	AGE40	4437	4436_StevenSeagal_40_m
406	StevenSeagal	61	AGE61	4456	4455_StevenSeagal_61_m
406	StevenSeagal	55	AGE55	4450	4449_StevenSeagal_55_m
406	StevenSeagal	49	AGE49	4445	4444_StevenSeagal_49_m
406	StevenSeagal	56	AGE56	4451	4450_StevenSeagal_56_m
406	StevenSeagal	52	AGE52	4447	4446_StevenSeagal_52_m
406	StevenSeagal	63	AGE63	4458	4457_StevenSeagal_63_m
406	StevenSeagal	51	AGE51	4446	4445_StevenSeagal_51_m
406	StevenSeagal	46	AGE46	4442	4441_StevenSeagal_46_m
406	StevenSeagal	57	AGE57	4452	4451_StevenSeagal_57_m
406	StevenSeagal	62	AGE62	4457	4456_StevenSeagal_62_m
406	StevenSeagal	45	AGE45	4441	4440_StevenSeagal_45_m
406	StevenSeagal	43	AGE43	4439	4438_StevenSeagal_43_m
406	StevenSeagal	60	AGE60	4455	4454_StevenSeagal_60_m
407	JulieAdams	28	AGE28	10194	10193_JulieAdams_28_f
407	JulieAdams	39	AGE39	10200	10199_JulieAdams_39_f
407	JulieAdams	59	AGE59	10208	10207_JulieAdams_59_f
407	JulieAdams	41	AGE41	10201	10200_JulieAdams_41_f
407	JulieAdams	57	AGE57	10207	10206_JulieAdams_57_f
407	JulieAdams	84	AGE84	10215	10214_JulieAdams_84_f
407	JulieAdams	50	AGE50	10204	10203_JulieAdams_50_f
407	JulieAdams	53	AGE53	10205	10204_JulieAdams_53_f
407	JulieAdams	67	AGE67	10210	10209_JulieAdams_67_f
407	JulieAdams	24	AGE24	10192	10191_JulieAdams_24_f
407	JulieAdams	49	AGE49	10203	10202_JulieAdams_49_f
407	JulieAdams	45	AGE45	10202	10201_JulieAdams_45_f
407	JulieAdams	55	AGE55	10206	10205_JulieAdams_55_f
407	JulieAdams	35	AGE35	10198	10197_JulieAdams_35_f
407	JulieAdams	85	AGE85	10216	10215_JulieAdams_85_f
407	JulieAdams	32	AGE32	10196	10195_JulieAdams_32_f
407	JulieAdams	34	AGE34	10197	10196_JulieAdams_34_f
407	JulieAdams	73	AGE73	10213	10212_JulieAdams_73_f
407	JulieAdams	25	AGE25	10193	10192_JulieAdams_25_f
407	JulieAdams	70	AGE70	10212	10211_JulieAdams_70_f
407	JulieAdams	30	AGE30	10195	10194_JulieAdams_30_f
407	JulieAdams	80	AGE80	10214	10213_JulieAdams_80_f
407	JulieAdams	87	AGE87	10217	10216_JulieAdams_87_f
407	JulieAdams	88	AGE88	10218	10217_JulieAdams_88_f
407	JulieAdams	64	AGE64	10209	10208_JulieAdams_64_f
407	JulieAdams	68	AGE68	10211	10210_JulieAdams_68_f
407	JulieAdams	36	AGE36	10199	10198_JulieAdams_36_f
408	MelBrooks	62	AGE62	2114	2113_MelBrooks_62_m
408	MelBrooks	72	AGE72	2117	2116_MelBrooks_72_m
408	MelBrooks	73	AGE73	2118	2117_MelBrooks_73_m
408	MelBrooks	53	AGE53	2107	2106_MelBrooks_53_m
408	MelBrooks	61	AGE61	2113	2112_MelBrooks_61_m
408	MelBrooks	84	AGE84	2129	2128_MelBrooks_84_m
408	MelBrooks	48	AGE48	2102	2101_MelBrooks_48_m
408	MelBrooks	83	AGE83	2128	2127_MelBrooks_83_m
408	MelBrooks	77	AGE77	2122	2121_MelBrooks_77_m
408	MelBrooks	80	AGE80	2125	2124_MelBrooks_80_m
408	MelBrooks	52	AGE52	2106	2105_MelBrooks_52_m
408	MelBrooks	38	AGE38	2097	2096_MelBrooks_38_m
408	MelBrooks	67	AGE67	2116	2115_MelBrooks_67_m
408	MelBrooks	64	AGE64	2115	2114_MelBrooks_64_m
408	MelBrooks	86	AGE86	2131	2130_MelBrooks_86_m
408	MelBrooks	85	AGE85	2130	2129_MelBrooks_85_m
408	MelBrooks	54	AGE54	2108	2107_MelBrooks_54_m
408	MelBrooks	59	AGE59	2112	2111_MelBrooks_59_m
408	MelBrooks	87	AGE87	2132	2131_MelBrooks_87_m
408	MelBrooks	40	AGE40	2098	2097_MelBrooks_40_m
408	MelBrooks	81	AGE81	2126	2125_MelBrooks_81_m
408	MelBrooks	58	AGE58	2111	2110_MelBrooks_58_m
408	MelBrooks	44	AGE44	2100	2099_MelBrooks_44_m
408	MelBrooks	55	AGE55	2109	2108_MelBrooks_55_m
408	MelBrooks	41	AGE41	2099	2098_MelBrooks_41_m
408	MelBrooks	46	AGE46	2101	2100_MelBrooks_46_m
408	MelBrooks	82	AGE82	2127	2126_MelBrooks_82_m
408	MelBrooks	24	AGE24	2094	2093_MelBrooks_24_m
408	MelBrooks	18	AGE18	2093	2092_MelBrooks_18_m
408	MelBrooks	74	AGE74	2119	2118_MelBrooks_74_m
408	MelBrooks	32	AGE32	2096	2095_MelBrooks_32_m
408	MelBrooks	57	AGE57	2110	2109_MelBrooks_57_m
408	MelBrooks	28	AGE28	2095	2094_MelBrooks_28_m
408	MelBrooks	76	AGE76	2121	2120_MelBrooks_76_m
408	MelBrooks	88	AGE88	2133	2132_MelBrooks_88_m
408	MelBrooks	78	AGE78	2123	2122_MelBrooks_78_m
408	MelBrooks	51	AGE51	2105	2104_MelBrooks_51_m
408	MelBrooks	49	AGE49	2103	2102_MelBrooks_49_m
408	MelBrooks	75	AGE75	2120	2119_MelBrooks_75_m
408	MelBrooks	50	AGE50	2104	2103_MelBrooks_50_m
408	MelBrooks	79	AGE79	2124	2123_MelBrooks_79_m
409	RexHarrison	74	AGE74	6728	6727_RexHarrison_74_m
409	RexHarrison	75	AGE75	6739	6738_RexHarrison_75_m
409	RexHarrison	46	AGE46	6733	6732_RexHarrison_46_m
409	RexHarrison	31	AGE31	6714	6713_RexHarrison_31_m
409	RexHarrison	79	AGE79	6741	6740_RexHarrison_79_m
409	RexHarrison	57	AGE57	6737	6736_RexHarrison_57_m
409	RexHarrison	48	AGE48	6720	6719_RexHarrison_48_m
409	RexHarrison	34	AGE34	6717	6716_RexHarrison_34_m
409	RexHarrison	44	AGE44	6732	6731_RexHarrison_44_m
409	RexHarrison	28	AGE28	6711	6710_RexHarrison_28_m
409	RexHarrison	42	AGE42	6731	6730_RexHarrison_42_m
409	RexHarrison	76	AGE76	6740	6739_RexHarrison_76_m
409	RexHarrison	59	AGE59	6723	6722_RexHarrison_59_m
409	RexHarrison	70	AGE70	6738	6737_RexHarrison_70_m
409	RexHarrison	61	AGE61	6724	6723_RexHarrison_61_m
409	RexHarrison	33	AGE33	6716	6715_RexHarrison_33_m
409	RexHarrison	69	AGE69	6725	6724_RexHarrison_69_m
409	RexHarrison	56	AGE56	6736	6735_RexHarrison_56_m
409	RexHarrison	55	AGE55	6735	6734_RexHarrison_55_m
409	RexHarrison	30	AGE30	6713	6712_RexHarrison_30_m
409	RexHarrison	26	AGE26	6709	6708_RexHarrison_26_m
409	RexHarrison	38	AGE38	6718	6717_RexHarrison_38_m
409	RexHarrison	71	AGE71	6727	6726_RexHarrison_71_m
409	RexHarrison	41	AGE41	6730	6729_RexHarrison_41_m
409	RexHarrison	78	AGE78	6729	6728_RexHarrison_78_m
409	RexHarrison	27	AGE27	6710	6709_RexHarrison_27_m
409	RexHarrison	51	AGE51	6734	6733_RexHarrison_51_m
409	RexHarrison	32	AGE32	6715	6714_RexHarrison_32_m
409	RexHarrison	53	AGE53	6721	6720_RexHarrison_53_m
409	RexHarrison	55	AGE55	6722	6721_RexHarrison_55_m
409	RexHarrison	29	AGE29	6712	6711_RexHarrison_29_m
409	RexHarrison	39	AGE39	6719	6718_RexHarrison_39_m
409	RexHarrison	69	AGE69	6726	6725_RexHarrison_69_m
410	AlejandroRey	33	AGE33	8493	8492_AlejandroRey_33_m
410	AlejandroRey	45	AGE45	8508	8507_AlejandroRey_45_m
410	AlejandroRey	32	AGE32	8492	8491_AlejandroRey_32_m
410	AlejandroRey	44	AGE44	8502	8501_AlejandroRey_44_m
410	AlejandroRey	34	AGE34	8494	8493_AlejandroRey_34_m
410	AlejandroRey	57	AGE57	8510	8509_AlejandroRey_57_m
410	AlejandroRey	41	AGE41	8506	8505_AlejandroRey_41_m
410	AlejandroRey	54	AGE54	8504	8503_AlejandroRey_54_m
410	AlejandroRey	43	AGE43	8507	8506_AlejandroRey_43_m
410	AlejandroRey	49	AGE49	8503	8502_AlejandroRey_49_m
410	AlejandroRey	37	AGE37	8497	8496_AlejandroRey_37_m
410	AlejandroRey	35	AGE35	8495	8494_AlejandroRey_35_m
410	AlejandroRey	40	AGE40	8505	8504_AlejandroRey_40_m
410	AlejandroRey	37	AGE37	8498	8497_AlejandroRey_37_m
410	AlejandroRey	36	AGE36	8496	8495_AlejandroRey_36_m
410	AlejandroRey	39	AGE39	8500	8499_AlejandroRey_39_m
410	AlejandroRey	38	AGE38	8499	8498_AlejandroRey_38_m
410	AlejandroRey	47	AGE47	8509	8508_AlejandroRey_47_m
410	AlejandroRey	42	AGE42	8501	8500_AlejandroRey_42_m
411	LeslieNielsen	50	AGE50	8116	8115_LeslieNielsen_50_m
411	LeslieNielsen	79	AGE79	8124	8123_LeslieNielsen_79_m
411	LeslieNielsen	54	AGE54	8115	8114_LeslieNielsen_54_m
411	LeslieNielsen	82	AGE82	8125	8124_LeslieNielsen_82_m
411	LeslieNielsen	38	AGE38	8113	8112_LeslieNielsen_38_m
411	LeslieNielsen	68	AGE68	8128	8127_LeslieNielsen_68_m
411	LeslieNielsen	64	AGE64	8117	8116_LeslieNielsen_64_m
411	LeslieNielsen	63	AGE63	8131	8130_LeslieNielsen_63_m
411	LeslieNielsen	81	AGE81	8134	8133_LeslieNielsen_81_m
411	LeslieNielsen	80	AGE80	8130	8129_LeslieNielsen_80_m
411	LeslieNielsen	68	AGE68	8133	8132_LeslieNielsen_68_m
411	LeslieNielsen	36	AGE36	8129	8128_LeslieNielsen_36_m
411	LeslieNielsen	62	AGE62	8118	8117_LeslieNielsen_62_m
411	LeslieNielsen	67	AGE67	8122	8121_LeslieNielsen_67_m
411	LeslieNielsen	65	AGE65	8136	8135_LeslieNielsen_65_m
411	LeslieNielsen	67	AGE67	8132	8131_LeslieNielsen_67_m
411	LeslieNielsen	40	AGE40	8114	8113_LeslieNielsen_40_m
411	LeslieNielsen	26	AGE26	8112	8111_LeslieNielsen_26_m
411	LeslieNielsen	62	AGE62	8135	8134_LeslieNielsen_62_m
411	LeslieNielsen	72	AGE72	8126	8125_LeslieNielsen_72_m
411	LeslieNielsen	64	AGE64	8119	8118_LeslieNielsen_64_m
411	LeslieNielsen	66	AGE66	8127	8126_LeslieNielsen_66_m
411	LeslieNielsen	71	AGE71	8121	8120_LeslieNielsen_71_m
411	LeslieNielsen	66	AGE66	8120	8119_LeslieNielsen_66_m
411	LeslieNielsen	77	AGE77	8123	8122_LeslieNielsen_77_m
412	BeaArthur	14	AGE14	11881	11880_BeaArthur_14_f
412	BeaArthur	38	AGE38	11888	11887_BeaArthur_38_f
412	BeaArthur	56	AGE56	11900	11899_BeaArthur_56_f
412	BeaArthur	80	AGE80	11914	11913_BeaArthur_80_f
412	BeaArthur	66	AGE66	11908	11907_BeaArthur_66_f
412	BeaArthur	49	AGE49	11892	11891_BeaArthur_49_f
412	BeaArthur	51	AGE51	11894	11893_BeaArthur_51_f
412	BeaArthur	63	AGE63	11905	11904_BeaArthur_63_f
412	BeaArthur	71	AGE71	11911	11910_BeaArthur_71_f
412	BeaArthur	83	AGE83	11917	11916_BeaArthur_83_f
412	BeaArthur	21	AGE21	11883	11882_BeaArthur_21_f
412	BeaArthur	82	AGE82	11916	11915_BeaArthur_82_f
412	BeaArthur	85	AGE85	11919	11918_BeaArthur_85_f
412	BeaArthur	76	AGE76	11913	11912_BeaArthur_76_f
412	BeaArthur	59	AGE59	11902	11901_BeaArthur_59_f
412	BeaArthur	65	AGE65	11907	11906_BeaArthur_65_f
412	BeaArthur	84	AGE84	11918	11917_BeaArthur_84_f
412	BeaArthur	28	AGE28	11886	11885_BeaArthur_28_f
412	BeaArthur	55	AGE55	11899	11898_BeaArthur_55_f
412	BeaArthur	68	AGE68	11910	11909_BeaArthur_68_f
412	BeaArthur	64	AGE64	11906	11905_BeaArthur_64_f
412	BeaArthur	52	AGE52	11895	11894_BeaArthur_52_f
412	BeaArthur	81	AGE81	11915	11914_BeaArthur_81_f
412	BeaArthur	74	AGE74	11912	11911_BeaArthur_74_f
412	BeaArthur	26	AGE26	11885	11884_BeaArthur_26_f
412	BeaArthur	43	AGE43	11889	11888_BeaArthur_43_f
412	BeaArthur	67	AGE67	11909	11908_BeaArthur_67_f
412	BeaArthur	86	AGE86	11920	11919_BeaArthur_86_f
412	BeaArthur	23	AGE23	11884	11883_BeaArthur_23_f
412	BeaArthur	61	AGE61	11903	11902_BeaArthur_61_f
412	BeaArthur	52	AGE52	11896	11895_BeaArthur_52_f
412	BeaArthur	33	AGE33	11887	11886_BeaArthur_33_f
412	BeaArthur	62	AGE62	11904	11903_BeaArthur_62_f
412	BeaArthur	48	AGE48	11891	11890_BeaArthur_48_f
412	BeaArthur	53	AGE53	11897	11896_BeaArthur_53_f
412	BeaArthur	46	AGE46	11890	11889_BeaArthur_46_f
412	BeaArthur	50	AGE50	11893	11892_BeaArthur_50_f
412	BeaArthur	20	AGE20	11882	11881_BeaArthur_20_f
412	BeaArthur	54	AGE54	11898	11897_BeaArthur_54_f
412	BeaArthur	58	AGE58	11901	11900_BeaArthur_58_f
413	EnricoFermi	36	AGE36	1056	1055_EnricoFermi_36_m
413	EnricoFermi	33	AGE33	1059	1058_EnricoFermi_33_m
413	EnricoFermi	46	AGE46	1066	1065_EnricoFermi_46_m
413	EnricoFermi	38	AGE38	1055	1054_EnricoFermi_38_m
413	EnricoFermi	48	AGE48	1065	1064_EnricoFermi_48_m
413	EnricoFermi	42	AGE42	1060	1059_EnricoFermi_42_m
413	EnricoFermi	48	AGE48	1062	1061_EnricoFermi_48_m
413	EnricoFermi	28	AGE28	1061	1060_EnricoFermi_28_m
413	EnricoFermi	50	AGE50	1067	1066_EnricoFermi_50_m
413	EnricoFermi	20	AGE20	1057	1056_EnricoFermi_20_m
413	EnricoFermi	47	AGE47	1064	1063_EnricoFermi_47_m
413	EnricoFermi	38	AGE38	1063	1062_EnricoFermi_38_m
413	EnricoFermi	18	AGE18	1058	1057_EnricoFermi_18_m
414	LauraDern	37	AGE37	9888	9887_LauraDern_37_f
414	LauraDern	21	AGE21	9877	9876_LauraDern_21_f
414	LauraDern	39	AGE39	9890	9889_LauraDern_39_f
414	LauraDern	43	AGE43	9892	9891_LauraDern_43_f
414	LauraDern	33	AGE33	9884	9883_LauraDern_33_f
414	LauraDern	12	AGE12	9870	9869_LauraDern_12_f
414	LauraDern	25	AGE25	9879	9878_LauraDern_25_f
414	LauraDern	35	AGE35	9886	9885_LauraDern_35_f
414	LauraDern	30	AGE30	9882	9881_LauraDern_30_f
414	LauraDern	36	AGE36	9887	9886_LauraDern_36_f
414	LauraDern	32	AGE32	9883	9882_LauraDern_32_f
414	LauraDern	13	AGE13	9871	9870_LauraDern_13_f
414	LauraDern	14	AGE14	9872	9871_LauraDern_14_f
414	LauraDern	24	AGE24	9878	9877_LauraDern_24_f
414	LauraDern	38	AGE38	9889	9888_LauraDern_38_f
414	LauraDern	18	AGE18	9875	9874_LauraDern_18_f
414	LauraDern	28	AGE28	9880	9879_LauraDern_28_f
414	LauraDern	29	AGE29	9881	9880_LauraDern_29_f
414	LauraDern	34	AGE34	9885	9884_LauraDern_34_f
414	LauraDern	16	AGE16	9874	9873_LauraDern_16_f
414	LauraDern	20	AGE20	9876	9875_LauraDern_20_f
414	LauraDern	15	AGE15	9873	9872_LauraDern_15_f
414	LauraDern	40	AGE40	9891	9890_LauraDern_40_f
415	SamNeill	41	AGE41	2302	2301_SamNeill_41_m
415	SamNeill	43	AGE43	2304	2303_SamNeill_43_m
415	SamNeill	36	AGE36	2297	2296_SamNeill_36_m
415	SamNeill	47	AGE47	2307	2306_SamNeill_47_m
415	SamNeill	30	AGE30	2292	2291_SamNeill_30_m
415	SamNeill	54	AGE54	2314	2313_SamNeill_54_m
415	SamNeill	60	AGE60	2318	2317_SamNeill_60_m
415	SamNeill	55	AGE55	2315	2314_SamNeill_55_m
415	SamNeill	35	AGE35	2296	2295_SamNeill_35_m
415	SamNeill	59	AGE59	2317	2316_SamNeill_59_m
415	SamNeill	42	AGE42	2303	2302_SamNeill_42_m
415	SamNeill	34	AGE34	2295	2294_SamNeill_34_m
415	SamNeill	63	AGE63	2321	2320_SamNeill_63_m
415	SamNeill	31	AGE31	2293	2292_SamNeill_31_m
415	SamNeill	38	AGE38	2299	2298_SamNeill_38_m
415	SamNeill	39	AGE39	2300	2299_SamNeill_39_m
415	SamNeill	62	AGE62	2320	2319_SamNeill_62_m
415	SamNeill	33	AGE33	2294	2293_SamNeill_33_m
415	SamNeill	37	AGE37	2298	2297_SamNeill_37_m
415	SamNeill	51	AGE51	2311	2310_SamNeill_51_m
415	SamNeill	45	AGE45	2305	2304_SamNeill_45_m
415	SamNeill	66	AGE66	2325	2324_SamNeill_66_m
415	SamNeill	40	AGE40	2301	2300_SamNeill_40_m
415	SamNeill	57	AGE57	2316	2315_SamNeill_57_m
415	SamNeill	46	AGE46	2306	2305_SamNeill_46_m
415	SamNeill	52	AGE52	2312	2311_SamNeill_52_m
415	SamNeill	49	AGE49	2309	2308_SamNeill_49_m
415	SamNeill	61	AGE61	2319	2318_SamNeill_61_m
415	SamNeill	64	AGE64	2322	2321_SamNeill_64_m
415	SamNeill	50	AGE50	2310	2309_SamNeill_50_m
415	SamNeill	65	AGE65	2323	2322_SamNeill_65_m
415	SamNeill	53	AGE53	2313	2312_SamNeill_53_m
415	SamNeill	48	AGE48	2308	2307_SamNeill_48_m
415	SamNeill	66	AGE66	2324	2323_SamNeill_66_m
416	JohnHuston	76	AGE76	6019	6018_JohnHuston_76_m
416	JohnHuston	65	AGE65	6009	6008_JohnHuston_65_m
416	JohnHuston	35	AGE35	5992	5991_JohnHuston_35_m
416	JohnHuston	47	AGE47	5998	5997_JohnHuston_47_m
416	JohnHuston	50	AGE50	6000	5999_JohnHuston_50_m
416	JohnHuston	74	AGE74	6018	6017_JohnHuston_74_m
416	JohnHuston	49	AGE49	5999	5998_JohnHuston_49_m
416	JohnHuston	61	AGE61	6006	6005_JohnHuston_61_m
416	JohnHuston	80	AGE80	6023	6022_JohnHuston_80_m
416	JohnHuston	70	AGE70	6015	6014_JohnHuston_70_m
416	JohnHuston	24	AGE24	5989	5988_JohnHuston_24_m
416	JohnHuston	77	AGE77	6020	6019_JohnHuston_77_m
416	JohnHuston	73	AGE73	6017	6016_JohnHuston_73_m
416	JohnHuston	69	AGE69	6014	6013_JohnHuston_69_m
416	JohnHuston	63	AGE63	6007	6006_JohnHuston_63_m
416	JohnHuston	52	AGE52	6001	6000_JohnHuston_52_m
416	JohnHuston	40	AGE40	5994	5993_JohnHuston_40_m
416	JohnHuston	45	AGE45	5997	5996_JohnHuston_45_m
416	JohnHuston	67	AGE67	6011	6010_JohnHuston_67_m
416	JohnHuston	64	AGE64	6008	6007_JohnHuston_64_m
416	JohnHuston	69	AGE69	6013	6012_JohnHuston_69_m
416	JohnHuston	44	AGE44	5996	5995_JohnHuston_44_m
416	JohnHuston	66	AGE66	6010	6009_JohnHuston_66_m
416	JohnHuston	68	AGE68	6012	6011_JohnHuston_68_m
416	JohnHuston	34	AGE34	5991	5990_JohnHuston_34_m
416	JohnHuston	37	AGE37	5993	5992_JohnHuston_37_m
416	JohnHuston	78	AGE78	6021	6020_JohnHuston_78_m
416	JohnHuston	58	AGE58	6003	6002_JohnHuston_58_m
416	JohnHuston	59	AGE59	6004	6003_JohnHuston_59_m
416	JohnHuston	26	AGE26	5990	5989_JohnHuston_26_m
416	JohnHuston	71	AGE71	6016	6015_JohnHuston_71_m
416	JohnHuston	79	AGE79	6022	6021_JohnHuston_79_m
416	JohnHuston	56	AGE56	6002	6001_JohnHuston_56_m
416	JohnHuston	42	AGE42	5995	5994_JohnHuston_42_m
416	JohnHuston	60	AGE60	6005	6004_JohnHuston_60_m
417	StevenBerkoff	69	AGE69	4948	4947_StevenBerkoff_69_m
417	StevenBerkoff	61	AGE61	4952	4951_StevenBerkoff_61_m
417	StevenBerkoff	72	AGE72	4956	4955_StevenBerkoff_72_m
417	StevenBerkoff	48	AGE48	4941	4940_StevenBerkoff_48_m
417	StevenBerkoff	68	AGE68	4947	4946_StevenBerkoff_68_m
417	StevenBerkoff	67	AGE67	4955	4954_StevenBerkoff_67_m
417	StevenBerkoff	30	AGE30	4929	4928_StevenBerkoff_30_m
417	StevenBerkoff	63	AGE63	4946	4945_StevenBerkoff_63_m
417	StevenBerkoff	43	AGE43	4936	4935_StevenBerkoff_43_m
417	StevenBerkoff	38	AGE38	4934	4933_StevenBerkoff_38_m
417	StevenBerkoff	31	AGE31	4930	4929_StevenBerkoff_31_m
417	StevenBerkoff	56	AGE56	4944	4943_StevenBerkoff_56_m
417	StevenBerkoff	41	AGE41	4935	4934_StevenBerkoff_41_m
417	StevenBerkoff	51	AGE51	4942	4941_StevenBerkoff_51_m
417	StevenBerkoff	45	AGE45	4938	4937_StevenBerkoff_45_m
417	StevenBerkoff	76	AGE76	4960	4959_StevenBerkoff_76_m
417	StevenBerkoff	73	AGE73	4957	4956_StevenBerkoff_73_m
417	StevenBerkoff	47	AGE47	4940	4939_StevenBerkoff_47_m
417	StevenBerkoff	75	AGE75	4959	4958_StevenBerkoff_75_m
417	StevenBerkoff	46	AGE46	4939	4938_StevenBerkoff_46_m
417	StevenBerkoff	32	AGE32	4931	4930_StevenBerkoff_32_m
417	StevenBerkoff	53	AGE53	4943	4942_StevenBerkoff_53_m
417	StevenBerkoff	64	AGE64	4953	4952_StevenBerkoff_64_m
417	StevenBerkoff	58	AGE58	4951	4950_StevenBerkoff_58_m
417	StevenBerkoff	74	AGE74	4958	4957_StevenBerkoff_74_m
417	StevenBerkoff	77	AGE77	4961	4960_StevenBerkoff_77_m
417	StevenBerkoff	70	AGE70	4949	4948_StevenBerkoff_70_m
417	StevenBerkoff	33	AGE33	4932	4931_StevenBerkoff_33_m
417	StevenBerkoff	12	AGE12	4927	4926_StevenBerkoff_12_m
417	StevenBerkoff	65	AGE65	4954	4953_StevenBerkoff_65_m
417	StevenBerkoff	59	AGE59	4945	4944_StevenBerkoff_59_m
417	StevenBerkoff	34	AGE34	4933	4932_StevenBerkoff_34_m
417	StevenBerkoff	28	AGE28	4928	4927_StevenBerkoff_28_m
417	StevenBerkoff	71	AGE71	4950	4949_StevenBerkoff_71_m
417	StevenBerkoff	44	AGE44	4937	4936_StevenBerkoff_44_m
417	StevenBerkoff	78	AGE78	4962	4961_StevenBerkoff_78_m
418	DeborahKerr	28	AGE28	13967	13966_DeborahKerr_28_f
418	DeborahKerr	39	AGE39	13970	13969_DeborahKerr_39_f
418	DeborahKerr	36	AGE36	13944	13943_DeborahKerr_36_f
418	DeborahKerr	37	AGE37	13951	13950_DeborahKerr_37_f
418	DeborahKerr	39	AGE39	13949	13948_DeborahKerr_39_f
418	DeborahKerr	49	AGE49	13973	13972_DeborahKerr_49_f
418	DeborahKerr	65	AGE65	13954	13953_DeborahKerr_65_f
418	DeborahKerr	35	AGE35	13957	13956_DeborahKerr_35_f
418	DeborahKerr	60	AGE60	13946	13945_DeborahKerr_60_f
418	DeborahKerr	34	AGE34	13947	13946_DeborahKerr_34_f
418	DeborahKerr	80	AGE80	13964	13963_DeborahKerr_80_f
418	DeborahKerr	64	AGE64	13961	13960_DeborahKerr_64_f
418	DeborahKerr	61	AGE61	13950	13949_DeborahKerr_61_f
418	DeborahKerr	40	AGE40	13956	13955_DeborahKerr_40_f
418	DeborahKerr	35	AGE35	13969	13968_DeborahKerr_35_f
418	DeborahKerr	26	AGE26	13960	13959_DeborahKerr_26_f
418	DeborahKerr	37	AGE37	13945	13944_DeborahKerr_37_f
418	DeborahKerr	75	AGE75	13962	13961_DeborahKerr_75_f
418	DeborahKerr	79	AGE79	13953	13952_DeborahKerr_79_f
418	DeborahKerr	36	AGE36	13948	13947_DeborahKerr_36_f
418	DeborahKerr	52	AGE52	13943	13942_DeborahKerr_52_f
418	DeborahKerr	24	AGE24	13958	13957_DeborahKerr_24_f
418	DeborahKerr	24	AGE24	13959	13958_DeborahKerr_24_f
418	DeborahKerr	42	AGE42	13966	13965_DeborahKerr_42_f
418	DeborahKerr	37	AGE37	13955	13954_DeborahKerr_37_f
418	DeborahKerr	30	AGE30	13971	13970_DeborahKerr_30_f
418	DeborahKerr	23	AGE23	13963	13962_DeborahKerr_23_f
418	DeborahKerr	46	AGE46	13952	13951_DeborahKerr_46_f
418	DeborahKerr	50	AGE50	13968	13967_DeborahKerr_50_f
418	DeborahKerr	34	AGE34	13972	13971_DeborahKerr_34_f
418	DeborahKerr	27	AGE27	13965	13964_DeborahKerr_27_f
419	ShirleyJones	67	AGE67	11266	11265_ShirleyJones_67_f
419	ShirleyJones	41	AGE41	11257	11256_ShirleyJones_41_f
419	ShirleyJones	47	AGE47	11260	11259_ShirleyJones_47_f
419	ShirleyJones	59	AGE59	11264	11263_ShirleyJones_59_f
419	ShirleyJones	39	AGE39	11256	11255_ShirleyJones_39_f
419	ShirleyJones	69	AGE69	11267	11266_ShirleyJones_69_f
419	ShirleyJones	73	AGE73	11271	11270_ShirleyJones_73_f
419	ShirleyJones	76	AGE76	11274	11273_ShirleyJones_76_f
419	ShirleyJones	27	AGE27	11248	11247_ShirleyJones_27_f
419	ShirleyJones	49	AGE49	11261	11260_ShirleyJones_49_f
419	ShirleyJones	51	AGE51	11262	11261_ShirleyJones_51_f
419	ShirleyJones	79	AGE79	11277	11276_ShirleyJones_79_f
419	ShirleyJones	75	AGE75	11273	11272_ShirleyJones_75_f
419	ShirleyJones	29	AGE29	11250	11249_ShirleyJones_29_f
419	ShirleyJones	61	AGE61	11265	11264_ShirleyJones_61_f
419	ShirleyJones	37	AGE37	11254	11253_ShirleyJones_37_f
419	ShirleyJones	74	AGE74	11272	11271_ShirleyJones_74_f
419	ShirleyJones	26	AGE26	11247	11246_ShirleyJones_26_f
419	ShirleyJones	70	AGE70	11268	11267_ShirleyJones_70_f
419	ShirleyJones	19	AGE19	11243	11242_ShirleyJones_19_f
419	ShirleyJones	45	AGE45	11259	11258_ShirleyJones_45_f
419	ShirleyJones	21	AGE21	11244	11243_ShirleyJones_21_f
419	ShirleyJones	56	AGE56	11263	11262_ShirleyJones_56_f
419	ShirleyJones	35	AGE35	11253	11252_ShirleyJones_35_f
419	ShirleyJones	44	AGE44	11258	11257_ShirleyJones_44_f
419	ShirleyJones	78	AGE78	11276	11275_ShirleyJones_78_f
419	ShirleyJones	24	AGE24	11246	11245_ShirleyJones_24_f
419	ShirleyJones	38	AGE38	11255	11254_ShirleyJones_38_f
419	ShirleyJones	28	AGE28	11249	11248_ShirleyJones_28_f
419	ShirleyJones	21	AGE21	11245	11244_ShirleyJones_21_f
419	ShirleyJones	71	AGE71	11269	11268_ShirleyJones_71_f
419	ShirleyJones	77	AGE77	11275	11274_ShirleyJones_77_f
419	ShirleyJones	32	AGE32	11252	11251_ShirleyJones_32_f
419	ShirleyJones	31	AGE31	11251	11250_ShirleyJones_31_f
419	ShirleyJones	72	AGE72	11270	11269_ShirleyJones_72_f
420	MaryTylerMoore	63	AGE63	12837	12836_MaryTylerMoore_63_f
420	MaryTylerMoore	61	AGE61	12841	12840_MaryTylerMoore_61_f
420	MaryTylerMoore	75	AGE75	12845	12844_MaryTylerMoore_75_f
420	MaryTylerMoore	34	AGE34	12819	12818_MaryTylerMoore_34_f
420	MaryTylerMoore	30	AGE30	12815	12814_MaryTylerMoore_30_f
420	MaryTylerMoore	48	AGE48	12832	12831_MaryTylerMoore_48_f
420	MaryTylerMoore	43	AGE43	12829	12828_MaryTylerMoore_43_f
420	MaryTylerMoore	28	AGE28	12813	12812_MaryTylerMoore_28_f
420	MaryTylerMoore	70	AGE70	12839	12838_MaryTylerMoore_70_f
420	MaryTylerMoore	50	AGE50	12833	12832_MaryTylerMoore_50_f
420	MaryTylerMoore	29	AGE29	12814	12813_MaryTylerMoore_29_f
420	MaryTylerMoore	22	AGE22	12809	12808_MaryTylerMoore_22_f
420	MaryTylerMoore	77	AGE77	12840	12839_MaryTylerMoore_77_f
420	MaryTylerMoore	45	AGE45	12831	12830_MaryTylerMoore_45_f
420	MaryTylerMoore	40	AGE40	12827	12826_MaryTylerMoore_40_f
420	MaryTylerMoore	27	AGE27	12812	12811_MaryTylerMoore_27_f
420	MaryTylerMoore	34	AGE34	12820	12819_MaryTylerMoore_34_f
420	MaryTylerMoore	31	AGE31	12816	12815_MaryTylerMoore_31_f
420	MaryTylerMoore	52	AGE52	12834	12833_MaryTylerMoore_52_f
420	MaryTylerMoore	41	AGE41	12828	12827_MaryTylerMoore_41_f
420	MaryTylerMoore	38	AGE38	12825	12824_MaryTylerMoore_38_f
420	MaryTylerMoore	72	AGE72	12844	12843_MaryTylerMoore_72_f
420	MaryTylerMoore	26	AGE26	12811	12810_MaryTylerMoore_26_f
420	MaryTylerMoore	37	AGE37	12823	12822_MaryTylerMoore_37_f
420	MaryTylerMoore	25	AGE25	12810	12809_MaryTylerMoore_25_f
420	MaryTylerMoore	56	AGE56	12835	12834_MaryTylerMoore_56_f
420	MaryTylerMoore	61	AGE61	12836	12835_MaryTylerMoore_61_f
420	MaryTylerMoore	44	AGE44	12830	12829_MaryTylerMoore_44_f
420	MaryTylerMoore	39	AGE39	12826	12825_MaryTylerMoore_39_f
420	MaryTylerMoore	38	AGE38	12824	12823_MaryTylerMoore_38_f
420	MaryTylerMoore	32	AGE32	12817	12816_MaryTylerMoore_32_f
420	MaryTylerMoore	71	AGE71	12843	12842_MaryTylerMoore_71_f
420	MaryTylerMoore	33	AGE33	12818	12817_MaryTylerMoore_33_f
420	MaryTylerMoore	76	AGE76	12846	12845_MaryTylerMoore_76_f
420	MaryTylerMoore	64	AGE64	12842	12841_MaryTylerMoore_64_f
420	MaryTylerMoore	66	AGE66	12838	12837_MaryTylerMoore_66_f
420	MaryTylerMoore	35	AGE35	12821	12820_MaryTylerMoore_35_f
420	MaryTylerMoore	36	AGE36	12822	12821_MaryTylerMoore_36_f
421	SigourneyWeaver	55	AGE55	13312	13311_SigourneyWeaver_55_f
421	SigourneyWeaver	61	AGE61	13316	13315_SigourneyWeaver_61_f
421	SigourneyWeaver	50	AGE50	13309	13308_SigourneyWeaver_50_f
421	SigourneyWeaver	42	AGE42	13300	13299_SigourneyWeaver_42_f
421	SigourneyWeaver	62	AGE62	13317	13316_SigourneyWeaver_62_f
421	SigourneyWeaver	58	AGE58	13314	13313_SigourneyWeaver_58_f
421	SigourneyWeaver	34	AGE34	13303	13302_SigourneyWeaver_34_f
421	SigourneyWeaver	47	AGE47	13307	13306_SigourneyWeaver_47_f
421	SigourneyWeaver	32	AGE32	13301	13300_SigourneyWeaver_32_f
421	SigourneyWeaver	49	AGE49	13308	13307_SigourneyWeaver_49_f
421	SigourneyWeaver	63	AGE63	13318	13317_SigourneyWeaver_63_f
421	SigourneyWeaver	46	AGE46	13306	13305_SigourneyWeaver_46_f
421	SigourneyWeaver	56	AGE56	13313	13312_SigourneyWeaver_56_f
421	SigourneyWeaver	52	AGE52	13310	13309_SigourneyWeaver_52_f
421	SigourneyWeaver	33	AGE33	13302	13301_SigourneyWeaver_33_f
421	SigourneyWeaver	54	AGE54	13311	13310_SigourneyWeaver_54_f
421	SigourneyWeaver	59	AGE59	13315	13314_SigourneyWeaver_59_f
421	SigourneyWeaver	39	AGE39	13304	13303_SigourneyWeaver_39_f
421	SigourneyWeaver	40	AGE40	13305	13304_SigourneyWeaver_40_f
422	HarrySTruman	80	AGE80	842	841_HarrySTruman_80_m
422	HarrySTruman	75	AGE75	834	833_HarrySTruman_75_m
422	HarrySTruman	13	AGE13	838	837_HarrySTruman_13_m
422	HarrySTruman	67	AGE67	833	832_HarrySTruman_67_m
422	HarrySTruman	62	AGE62	839	838_HarrySTruman_62_m
422	HarrySTruman	61	AGE61	829	828_HarrySTruman_61_m
422	HarrySTruman	69	AGE69	841	840_HarrySTruman_69_m
422	HarrySTruman	64	AGE64	831	830_HarrySTruman_64_m
422	HarrySTruman	25	AGE25	836	835_HarrySTruman_25_m
422	HarrySTruman	80	AGE80	837	836_HarrySTruman_80_m
422	HarrySTruman	66	AGE66	840	839_HarrySTruman_66_m
422	HarrySTruman	59	AGE59	832	831_HarrySTruman_59_m
422	HarrySTruman	79	AGE79	843	842_HarrySTruman_79_m
422	HarrySTruman	62	AGE62	830	829_HarrySTruman_62_m
422	HarrySTruman	20	AGE20	835	834_HarrySTruman_20_m
422	HarrySTruman	60	AGE60	844	843_HarrySTruman_60_m
423	JoanCusack	24	AGE24	10139	10138_JoanCusack_24_f
423	JoanCusack	26	AGE26	10141	10140_JoanCusack_26_f
423	JoanCusack	23	AGE23	10138	10137_JoanCusack_23_f
423	JoanCusack	31	AGE31	10145	10144_JoanCusack_31_f
423	JoanCusack	35	AGE35	10149	10148_JoanCusack_35_f
423	JoanCusack	37	AGE37	10152	10151_JoanCusack_37_f
423	JoanCusack	39	AGE39	10153	10152_JoanCusack_39_f
423	JoanCusack	47	AGE47	10160	10159_JoanCusack_47_f
423	JoanCusack	43	AGE43	10157	10156_JoanCusack_43_f
423	JoanCusack	32	AGE32	10146	10145_JoanCusack_32_f
423	JoanCusack	27	AGE27	10142	10141_JoanCusack_27_f
423	JoanCusack	28	AGE28	10143	10142_JoanCusack_28_f
423	JoanCusack	18	AGE18	10135	10134_JoanCusack_18_f
423	JoanCusack	50	AGE50	10162	10161_JoanCusack_50_f
423	JoanCusack	40	AGE40	10154	10153_JoanCusack_40_f
423	JoanCusack	34	AGE34	10148	10147_JoanCusack_34_f
423	JoanCusack	22	AGE22	10137	10136_JoanCusack_22_f
423	JoanCusack	37	AGE37	10151	10150_JoanCusack_37_f
423	JoanCusack	36	AGE36	10150	10149_JoanCusack_36_f
423	JoanCusack	29	AGE29	10144	10143_JoanCusack_29_f
423	JoanCusack	45	AGE45	10158	10157_JoanCusack_45_f
423	JoanCusack	46	AGE46	10159	10158_JoanCusack_46_f
423	JoanCusack	25	AGE25	10140	10139_JoanCusack_25_f
423	JoanCusack	50	AGE50	10163	10162_JoanCusack_50_f
423	JoanCusack	41	AGE41	10155	10154_JoanCusack_41_f
423	JoanCusack	42	AGE42	10156	10155_JoanCusack_42_f
423	JoanCusack	21	AGE21	10136	10135_JoanCusack_21_f
423	JoanCusack	49	AGE49	10161	10160_JoanCusack_49_f
423	JoanCusack	33	AGE33	10147	10146_JoanCusack_33_f
424	GraceKelly	27	AGE27	13065	13064_GraceKelly_27_f
424	GraceKelly	25	AGE25	13064	13063_GraceKelly_25_f
424	GraceKelly	23	AGE23	13062	13061_GraceKelly_23_f
424	GraceKelly	28	AGE28	13069	13068_GraceKelly_28_f
424	GraceKelly	37	AGE37	13058	13057_GraceKelly_37_f
424	GraceKelly	28	AGE28	13066	13065_GraceKelly_28_f
424	GraceKelly	48	AGE48	13084	13083_GraceKelly_48_f
424	GraceKelly	22	AGE22	13061	13060_GraceKelly_22_f
424	GraceKelly	45	AGE45	13072	13071_GraceKelly_45_f
424	GraceKelly	26	AGE26	13059	13058_GraceKelly_26_f
424	GraceKelly	45	AGE45	13060	13059_GraceKelly_45_f
424	GraceKelly	42	AGE42	13074	13073_GraceKelly_42_f
424	GraceKelly	25	AGE25	13075	13074_GraceKelly_25_f
424	GraceKelly	29	AGE29	13080	13079_GraceKelly_29_f
424	GraceKelly	23	AGE23	13068	13067_GraceKelly_23_f
424	GraceKelly	24	AGE24	13063	13062_GraceKelly_24_f
424	GraceKelly	27	AGE27	13078	13077_GraceKelly_27_f
424	GraceKelly	43	AGE43	13079	13078_GraceKelly_43_f
424	GraceKelly	42	AGE42	13076	13075_GraceKelly_42_f
424	GraceKelly	28	AGE28	13057	13056_GraceKelly_28_f
424	GraceKelly	20	AGE20	13077	13076_GraceKelly_20_f
424	GraceKelly	50	AGE50	13081	13080_GraceKelly_50_f
424	GraceKelly	22	AGE22	13067	13066_GraceKelly_22_f
424	GraceKelly	11	AGE11	13083	13082_GraceKelly_11_f
424	GraceKelly	18	AGE18	13073	13072_GraceKelly_18_f
424	GraceKelly	23	AGE23	13071	13070_GraceKelly_23_f
424	GraceKelly	30	AGE30	13070	13069_GraceKelly_30_f
424	GraceKelly	33	AGE33	13082	13081_GraceKelly_33_f
425	FlemingAlex	73	AGE73	1068	1067_FlemingAlex_73_m
425	FlemingAlex	74	AGE74	1078	1077_FlemingAlex_74_m
425	FlemingAlex	74	AGE74	1073	1072_FlemingAlex_74_m
425	FlemingAlex	74	AGE74	1070	1069_FlemingAlex_74_m
425	FlemingAlex	60	AGE60	1071	1070_FlemingAlex_60_m
425	FlemingAlex	50	AGE50	1079	1078_FlemingAlex_50_m
425	FlemingAlex	69	AGE69	1075	1074_FlemingAlex_69_m
425	FlemingAlex	68	AGE68	1072	1071_FlemingAlex_68_m
425	FlemingAlex	74	AGE74	1069	1068_FlemingAlex_74_m
425	FlemingAlex	73	AGE73	1077	1076_FlemingAlex_73_m
425	FlemingAlex	70	AGE70	1076	1075_FlemingAlex_70_m
425	FlemingAlex	70	AGE70	1074	1073_FlemingAlex_70_m
426	TheodorakisMikis	38	AGE38	254	253_TheodorakisMikis_38_m
426	TheodorakisMikis	70	AGE70	249	248_TheodorakisMikis_70_m
426	TheodorakisMikis	27	AGE27	240	239_TheodorakisMikis_27_m
426	TheodorakisMikis	42	AGE42	237	236_TheodorakisMikis_42_m
426	TheodorakisMikis	70	AGE70	251	250_TheodorakisMikis_70_m
426	TheodorakisMikis	62	AGE62	250	249_TheodorakisMikis_62_m
426	TheodorakisMikis	18	AGE18	231	230_TheodorakisMikis_18_m
426	TheodorakisMikis	20	AGE20	235	234_TheodorakisMikis_20_m
426	TheodorakisMikis	48	AGE48	255	254_TheodorakisMikis_48_m
426	TheodorakisMikis	45	AGE45	248	247_TheodorakisMikis_45_m
426	TheodorakisMikis	85	AGE85	253	252_TheodorakisMikis_85_m
426	TheodorakisMikis	40	AGE40	252	251_TheodorakisMikis_40_m
426	TheodorakisMikis	52	AGE52	239	238_TheodorakisMikis_52_m
426	TheodorakisMikis	42	AGE42	244	243_TheodorakisMikis_42_m
426	TheodorakisMikis	50	AGE50	233	232_TheodorakisMikis_50_m
426	TheodorakisMikis	65	AGE65	245	244_TheodorakisMikis_65_m
426	TheodorakisMikis	40	AGE40	243	242_TheodorakisMikis_40_m
426	TheodorakisMikis	78	AGE78	241	240_TheodorakisMikis_78_m
426	TheodorakisMikis	57	AGE57	232	231_TheodorakisMikis_57_m
426	TheodorakisMikis	40	AGE40	242	241_TheodorakisMikis_40_m
426	TheodorakisMikis	83	AGE83	247	246_TheodorakisMikis_83_m
426	TheodorakisMikis	83	AGE83	246	245_TheodorakisMikis_83_m
426	TheodorakisMikis	60	AGE60	234	233_TheodorakisMikis_60_m
426	TheodorakisMikis	31	AGE31	236	235_TheodorakisMikis_31_m
426	TheodorakisMikis	52	AGE52	238	237_TheodorakisMikis_52_m
427	NewmanPaul	35	AGE35	7448	7447_NewmanPaul_35_m
427	NewmanPaul	82	AGE82	7460	7459_NewmanPaul_82_m
427	NewmanPaul	58	AGE58	7464	7463_NewmanPaul_58_m
427	NewmanPaul	33	AGE33	7454	7453_NewmanPaul_33_m
427	NewmanPaul	58	AGE58	7457	7456_NewmanPaul_58_m
427	NewmanPaul	52	AGE52	7456	7455_NewmanPaul_52_m
427	NewmanPaul	55	AGE55	7465	7464_NewmanPaul_55_m
427	NewmanPaul	62	AGE62	7463	7462_NewmanPaul_62_m
427	NewmanPaul	25	AGE25	7447	7446_NewmanPaul_25_m
427	NewmanPaul	50	AGE50	7455	7454_NewmanPaul_50_m
427	NewmanPaul	81	AGE81	7461	7460_NewmanPaul_81_m
427	NewmanPaul	80	AGE80	7450	7449_NewmanPaul_80_m
427	NewmanPaul	48	AGE48	7462	7461_NewmanPaul_48_m
427	NewmanPaul	28	AGE28	7452	7451_NewmanPaul_28_m
427	NewmanPaul	42	AGE42	7453	7452_NewmanPaul_42_m
427	NewmanPaul	29	AGE29	7449	7448_NewmanPaul_29_m
427	NewmanPaul	19	AGE19	7466	7465_NewmanPaul_19_m
427	NewmanPaul	73	AGE73	7459	7458_NewmanPaul_73_m
427	NewmanPaul	19	AGE19	7451	7450_NewmanPaul_19_m
427	NewmanPaul	62	AGE62	7458	7457_NewmanPaul_62_m
428	OmarSharif	67	AGE67	3657	3656_OmarSharif_67_m
428	OmarSharif	26	AGE26	3639	3638_OmarSharif_26_m
428	OmarSharif	69	AGE69	3659	3658_OmarSharif_69_m
428	OmarSharif	32	AGE32	3641	3640_OmarSharif_32_m
428	OmarSharif	39	AGE39	3646	3645_OmarSharif_39_m
428	OmarSharif	18	AGE18	3637	3636_OmarSharif_18_m
428	OmarSharif	59	AGE59	3656	3655_OmarSharif_59_m
428	OmarSharif	68	AGE68	3658	3657_OmarSharif_68_m
428	OmarSharif	37	AGE37	3643	3642_OmarSharif_37_m
428	OmarSharif	41	AGE41	3648	3647_OmarSharif_41_m
428	OmarSharif	70	AGE70	3660	3659_OmarSharif_70_m
428	OmarSharif	72	AGE72	3662	3661_OmarSharif_72_m
428	OmarSharif	52	AGE52	3653	3652_OmarSharif_52_m
428	OmarSharif	71	AGE71	3661	3660_OmarSharif_71_m
428	OmarSharif	73	AGE73	3663	3662_OmarSharif_73_m
428	OmarSharif	39	AGE39	3645	3644_OmarSharif_39_m
428	OmarSharif	36	AGE36	3642	3641_OmarSharif_36_m
428	OmarSharif	75	AGE75	3664	3663_OmarSharif_75_m
428	OmarSharif	81	AGE81	3665	3664_OmarSharif_81_m
428	OmarSharif	38	AGE38	3644	3643_OmarSharif_38_m
428	OmarSharif	52	AGE52	3652	3651_OmarSharif_52_m
428	OmarSharif	40	AGE40	3647	3646_OmarSharif_40_m
428	OmarSharif	30	AGE30	3640	3639_OmarSharif_30_m
428	OmarSharif	41	AGE41	3649	3648_OmarSharif_41_m
428	OmarSharif	55	AGE55	3654	3653_OmarSharif_55_m
428	OmarSharif	21	AGE21	3638	3637_OmarSharif_21_m
428	OmarSharif	44	AGE44	3651	3650_OmarSharif_44_m
428	OmarSharif	59	AGE59	3655	3654_OmarSharif_59_m
428	OmarSharif	43	AGE43	3650	3649_OmarSharif_43_m
429	JoanLorring	40	AGE40	13182	13181_JoanLorring_40_f
429	JoanLorring	24	AGE24	6434	6433_JoanLorring_24_m
429	JoanLorring	17	AGE17	13170	13169_JoanLorring_17_f
429	JoanLorring	27	AGE27	6436	6435_JoanLorring_27_m
429	JoanLorring	38	AGE38	13180	13179_JoanLorring_38_f
429	JoanLorring	52	AGE52	6444	6443_JoanLorring_52_m
429	JoanLorring	18	AGE18	13171	13170_JoanLorring_18_f
429	JoanLorring	25	AGE25	13175	13174_JoanLorring_25_f
429	JoanLorring	16	AGE16	6430	6429_JoanLorring_16_m
429	JoanLorring	28	AGE28	13177	13176_JoanLorring_28_f
429	JoanLorring	37	AGE37	13179	13178_JoanLorring_37_f
429	JoanLorring	39	AGE39	13181	13180_JoanLorring_39_f
429	JoanLorring	28	AGE28	6437	6436_JoanLorring_28_m
429	JoanLorring	25	AGE25	6435	6434_JoanLorring_25_m
429	JoanLorring	27	AGE27	13176	13175_JoanLorring_27_f
429	JoanLorring	30	AGE30	13178	13177_JoanLorring_30_f
429	JoanLorring	20	AGE20	6433	6432_JoanLorring_20_m
429	JoanLorring	43	AGE43	6443	6442_JoanLorring_43_m
429	JoanLorring	20	AGE20	13174	13173_JoanLorring_20_f
429	JoanLorring	40	AGE40	6442	6441_JoanLorring_40_m
429	JoanLorring	30	AGE30	6438	6437_JoanLorring_30_m
429	JoanLorring	43	AGE43	13183	13182_JoanLorring_43_f
429	JoanLorring	16	AGE16	13173	13172_JoanLorring_16_f
429	JoanLorring	18	AGE18	6432	6431_JoanLorring_18_m
429	JoanLorring	24	AGE24	13172	13171_JoanLorring_24_f
429	JoanLorring	38	AGE38	6440	6439_JoanLorring_38_m
429	JoanLorring	37	AGE37	6439	6438_JoanLorring_37_m
429	JoanLorring	39	AGE39	6441	6440_JoanLorring_39_m
429	JoanLorring	52	AGE52	13184	13183_JoanLorring_52_f
429	JoanLorring	17	AGE17	6431	6430_JoanLorring_17_m
430	HelenHayes	85	AGE85	13554	13553_HelenHayes_85_f
430	HelenHayes	50	AGE50	13541	13540_HelenHayes_50_f
430	HelenHayes	72	AGE72	13537	13536_HelenHayes_72_f
430	HelenHayes	74	AGE74	13556	13555_HelenHayes_74_f
430	HelenHayes	70	AGE70	13553	13552_HelenHayes_70_f
430	HelenHayes	6	AGE6	13519	13518_HelenHayes_6_f
430	HelenHayes	33	AGE33	13549	13548_HelenHayes_33_f
430	HelenHayes	70	AGE70	13545	13544_HelenHayes_70_f
430	HelenHayes	85	AGE85	13540	13539_HelenHayes_85_f
430	HelenHayes	68	AGE68	13535	13534_HelenHayes_68_f
430	HelenHayes	52	AGE52	13520	13519_HelenHayes_52_f
430	HelenHayes	52	AGE52	13527	13526_HelenHayes_52_f
430	HelenHayes	44	AGE44	13533	13532_HelenHayes_44_f
430	HelenHayes	11	AGE11	13532	13531_HelenHayes_11_f
430	HelenHayes	34	AGE34	13517	13516_HelenHayes_34_f
430	HelenHayes	30	AGE30	13528	13527_HelenHayes_30_f
430	HelenHayes	34	AGE34	13538	13537_HelenHayes_34_f
430	HelenHayes	70	AGE70	13555	13554_HelenHayes_70_f
430	HelenHayes	58	AGE58	13531	13530_HelenHayes_58_f
430	HelenHayes	31	AGE31	13523	13522_HelenHayes_31_f
430	HelenHayes	80	AGE80	13521	13520_HelenHayes_80_f
430	HelenHayes	90	AGE90	13557	13556_HelenHayes_90_f
430	HelenHayes	30	AGE30	13547	13546_HelenHayes_30_f
430	HelenHayes	78	AGE78	13544	13543_HelenHayes_78_f
430	HelenHayes	17	AGE17	13529	13528_HelenHayes_17_f
430	HelenHayes	83	AGE83	13552	13551_HelenHayes_83_f
430	HelenHayes	56	AGE56	13530	13529_HelenHayes_56_f
430	HelenHayes	74	AGE74	13550	13549_HelenHayes_74_f
430	HelenHayes	27	AGE27	13526	13525_HelenHayes_27_f
430	HelenHayes	29	AGE29	13542	13541_HelenHayes_29_f
430	HelenHayes	23	AGE23	13534	13533_HelenHayes_23_f
430	HelenHayes	55	AGE55	13539	13538_HelenHayes_55_f
430	HelenHayes	40	AGE40	13536	13535_HelenHayes_40_f
430	HelenHayes	78	AGE78	13551	13550_HelenHayes_78_f
430	HelenHayes	25	AGE25	13525	13524_HelenHayes_25_f
430	HelenHayes	32	AGE32	13524	13523_HelenHayes_32_f
430	HelenHayes	75	AGE75	13548	13547_HelenHayes_75_f
430	HelenHayes	77	AGE77	13522	13521_HelenHayes_77_f
430	HelenHayes	32	AGE32	13546	13545_HelenHayes_32_f
430	HelenHayes	84	AGE84	13543	13542_HelenHayes_84_f
430	HelenHayes	50	AGE50	13518	13517_HelenHayes_50_f
431	RobertRedford	10	AGE10	4844	4843_RobertRedford_10_m
431	RobertRedford	73	AGE73	4840	4839_RobertRedford_73_m
431	RobertRedford	71	AGE71	4838	4837_RobertRedford_71_m
431	RobertRedford	33	AGE33	4824	4823_RobertRedford_33_m
431	RobertRedford	64	AGE64	4835	4834_RobertRedford_64_m
431	RobertRedford	68	AGE68	4847	4846_RobertRedford_68_m
431	RobertRedford	51	AGE51	4832	4831_RobertRedford_51_m
431	RobertRedford	31	AGE31	4823	4822_RobertRedford_31_m
431	RobertRedford	75	AGE75	4842	4841_RobertRedford_75_m
431	RobertRedford	40	AGE40	4826	4825_RobertRedford_40_m
431	RobertRedford	37	AGE37	4828	4827_RobertRedford_37_m
431	RobertRedford	70	AGE70	4837	4836_RobertRedford_70_m
431	RobertRedford	38	AGE38	4846	4845_RobertRedford_38_m
431	RobertRedford	36	AGE36	4845	4844_RobertRedford_36_m
431	RobertRedford	48	AGE48	4830	4829_RobertRedford_48_m
431	RobertRedford	77	AGE77	4848	4847_RobertRedford_77_m
431	RobertRedford	72	AGE72	4839	4838_RobertRedford_72_m
431	RobertRedford	77	AGE77	4843	4842_RobertRedford_77_m
431	RobertRedford	37	AGE37	4827	4826_RobertRedford_37_m
431	RobertRedford	45	AGE45	4829	4828_RobertRedford_45_m
431	RobertRedford	66	AGE66	4836	4835_RobertRedford_66_m
431	RobertRedford	27	AGE27	4821	4820_RobertRedford_27_m
431	RobertRedford	56	AGE56	4834	4833_RobertRedford_56_m
431	RobertRedford	74	AGE74	4841	4840_RobertRedford_74_m
431	RobertRedford	28	AGE28	4822	4821_RobertRedford_28_m
431	RobertRedford	49	AGE49	4831	4830_RobertRedford_49_m
431	RobertRedford	52	AGE52	4850	4849_RobertRedford_52_m
431	RobertRedford	54	AGE54	4833	4832_RobertRedford_54_m
431	RobertRedford	34	AGE34	4825	4824_RobertRedford_34_m
431	RobertRedford	29	AGE29	4849	4848_RobertRedford_29_m
432	JenniferAniston	34	AGE34	12749	12748_JenniferAniston_34_f
432	JenniferAniston	21	AGE21	12738	12737_JenniferAniston_21_f
432	JenniferAniston	32	AGE32	12747	12746_JenniferAniston_32_f
432	JenniferAniston	29	AGE29	12743	12742_JenniferAniston_29_f
432	JenniferAniston	26	AGE26	12740	12739_JenniferAniston_26_f
432	JenniferAniston	36	AGE36	12751	12750_JenniferAniston_36_f
432	JenniferAniston	29	AGE29	12744	12743_JenniferAniston_29_f
432	JenniferAniston	45	AGE45	12756	12755_JenniferAniston_45_f
432	JenniferAniston	38	AGE38	12753	12752_JenniferAniston_38_f
432	JenniferAniston	41	AGE41	12755	12754_JenniferAniston_41_f
432	JenniferAniston	27	AGE27	12741	12740_JenniferAniston_27_f
432	JenniferAniston	28	AGE28	12742	12741_JenniferAniston_28_f
432	JenniferAniston	35	AGE35	12750	12749_JenniferAniston_35_f
432	JenniferAniston	17	AGE17	12735	12734_JenniferAniston_17_f
432	JenniferAniston	18	AGE18	12736	12735_JenniferAniston_18_f
432	JenniferAniston	19	AGE19	12737	12736_JenniferAniston_19_f
432	JenniferAniston	22	AGE22	12739	12738_JenniferAniston_22_f
432	JenniferAniston	33	AGE33	12748	12747_JenniferAniston_33_f
432	JenniferAniston	31	AGE31	12746	12745_JenniferAniston_31_f
432	JenniferAniston	16	AGE16	12734	12733_JenniferAniston_16_f
432	JenniferAniston	40	AGE40	12754	12753_JenniferAniston_40_f
432	JenniferAniston	31	AGE31	12745	12744_JenniferAniston_31_f
432	JenniferAniston	37	AGE37	12752	12751_JenniferAniston_37_f
432	JenniferAniston	15	AGE15	12733	12732_JenniferAniston_15_f
433	MaximilianShell	42	AGE42	9477	9476_MaximilianShell_42_m
433	MaximilianShell	28	AGE28	9469	9468_MaximilianShell_28_m
433	MaximilianShell	83	AGE83	9500	9499_MaximilianShell_83_m
433	MaximilianShell	53	AGE53	9483	9482_MaximilianShell_53_m
433	MaximilianShell	79	AGE79	9496	9495_MaximilianShell_79_m
433	MaximilianShell	39	AGE39	9476	9475_MaximilianShell_39_m
433	MaximilianShell	63	AGE63	9489	9488_MaximilianShell_63_m
433	MaximilianShell	49	AGE49	9481	9480_MaximilianShell_49_m
433	MaximilianShell	35	AGE35	9474	9473_MaximilianShell_35_m
433	MaximilianShell	43	AGE43	9478	9477_MaximilianShell_43_m
433	MaximilianShell	25	AGE25	9468	9467_MaximilianShell_25_m
433	MaximilianShell	65	AGE65	9490	9489_MaximilianShell_65_m
433	MaximilianShell	33	AGE33	9472	9471_MaximilianShell_33_m
433	MaximilianShell	54	AGE54	9484	9483_MaximilianShell_54_m
433	MaximilianShell	72	AGE72	9494	9493_MaximilianShell_72_m
433	MaximilianShell	32	AGE32	9471	9470_MaximilianShell_32_m
433	MaximilianShell	51	AGE51	9482	9481_MaximilianShell_51_m
433	MaximilianShell	47	AGE47	9480	9479_MaximilianShell_47_m
433	MaximilianShell	31	AGE31	9470	9469_MaximilianShell_31_m
433	MaximilianShell	60	AGE60	9488	9487_MaximilianShell_60_m
433	MaximilianShell	56	AGE56	9485	9484_MaximilianShell_56_m
433	MaximilianShell	82	AGE82	9499	9498_MaximilianShell_82_m
433	MaximilianShell	69	AGE69	9492	9491_MaximilianShell_69_m
433	MaximilianShell	45	AGE45	9479	9478_MaximilianShell_45_m
433	MaximilianShell	67	AGE67	9491	9490_MaximilianShell_67_m
433	MaximilianShell	70	AGE70	9493	9492_MaximilianShell_70_m
433	MaximilianShell	34	AGE34	9473	9472_MaximilianShell_34_m
433	MaximilianShell	80	AGE80	9497	9496_MaximilianShell_80_m
433	MaximilianShell	59	AGE59	9487	9486_MaximilianShell_59_m
433	MaximilianShell	37	AGE37	9475	9474_MaximilianShell_37_m
433	MaximilianShell	58	AGE58	9486	9485_MaximilianShell_58_m
433	MaximilianShell	81	AGE81	9498	9497_MaximilianShell_81_m
433	MaximilianShell	74	AGE74	9495	9494_MaximilianShell_74_m
434	DavidCarradine	69	AGE69	8602	8601_DavidCarradine_69_m
434	DavidCarradine	38	AGE38	8588	8587_DavidCarradine_38_m
434	DavidCarradine	52	AGE52	8594	8593_DavidCarradine_52_m
434	DavidCarradine	39	AGE39	8589	8588_DavidCarradine_39_m
434	DavidCarradine	30	AGE30	8582	8581_DavidCarradine_30_m
434	DavidCarradine	55	AGE55	8595	8594_DavidCarradine_55_m
434	DavidCarradine	34	AGE34	8584	8583_DavidCarradine_34_m
434	DavidCarradine	71	AGE71	8609	8608_DavidCarradine_71_m
434	DavidCarradine	36	AGE36	8586	8585_DavidCarradine_36_m
434	DavidCarradine	29	AGE29	8581	8580_DavidCarradine_29_m
434	DavidCarradine	56	AGE56	8596	8595_DavidCarradine_56_m
434	DavidCarradine	28	AGE28	8580	8579_DavidCarradine_28_m
434	DavidCarradine	35	AGE35	8585	8584_DavidCarradine_35_m
434	DavidCarradine	32	AGE32	8583	8582_DavidCarradine_32_m
434	DavidCarradine	63	AGE63	8599	8598_DavidCarradine_63_m
434	DavidCarradine	41	AGE41	8604	8603_DavidCarradine_41_m
434	DavidCarradine	59	AGE59	8597	8596_DavidCarradine_59_m
434	DavidCarradine	51	AGE51	8593	8592_DavidCarradine_51_m
434	DavidCarradine	53	AGE53	8606	8605_DavidCarradine_53_m
434	DavidCarradine	44	AGE44	8592	8591_DavidCarradine_44_m
434	DavidCarradine	37	AGE37	8587	8586_DavidCarradine_37_m
434	DavidCarradine	61	AGE61	8598	8597_DavidCarradine_61_m
434	DavidCarradine	72	AGE72	8610	8609_DavidCarradine_72_m
434	DavidCarradine	64	AGE64	8608	8607_DavidCarradine_64_m
434	DavidCarradine	67	AGE67	8601	8600_DavidCarradine_67_m
434	DavidCarradine	43	AGE43	8591	8590_DavidCarradine_43_m
434	DavidCarradine	48	AGE48	8605	8604_DavidCarradine_48_m
434	DavidCarradine	70	AGE70	8603	8602_DavidCarradine_70_m
434	DavidCarradine	54	AGE54	8607	8606_DavidCarradine_54_m
434	DavidCarradine	42	AGE42	8590	8589_DavidCarradine_42_m
434	DavidCarradine	66	AGE66	8600	8599_DavidCarradine_66_m
435	DebbieReynolds	40	AGE40	12035	12034_DebbieReynolds_40_f
435	DebbieReynolds	33	AGE33	12033	12032_DebbieReynolds_33_f
435	DebbieReynolds	35	AGE35	12054	12053_DebbieReynolds_35_f
435	DebbieReynolds	30	AGE30	12030	12029_DebbieReynolds_30_f
435	DebbieReynolds	28	AGE28	12029	12028_DebbieReynolds_28_f
435	DebbieReynolds	80	AGE80	12057	12056_DebbieReynolds_80_f
435	DebbieReynolds	81	AGE81	12051	12050_DebbieReynolds_81_f
435	DebbieReynolds	20	AGE20	12021	12020_DebbieReynolds_20_f
435	DebbieReynolds	15	AGE15	12017	12016_DebbieReynolds_15_f
435	DebbieReynolds	46	AGE46	12038	12037_DebbieReynolds_46_f
435	DebbieReynolds	23	AGE23	12024	12023_DebbieReynolds_23_f
435	DebbieReynolds	62	AGE62	12043	12042_DebbieReynolds_62_f
435	DebbieReynolds	21	AGE21	12022	12021_DebbieReynolds_21_f
435	DebbieReynolds	48	AGE48	12039	12038_DebbieReynolds_48_f
435	DebbieReynolds	69	AGE69	12046	12045_DebbieReynolds_69_f
435	DebbieReynolds	32	AGE32	12031	12030_DebbieReynolds_32_f
435	DebbieReynolds	50	AGE50	12040	12039_DebbieReynolds_50_f
435	DebbieReynolds	54	AGE54	12041	12040_DebbieReynolds_54_f
435	DebbieReynolds	29	AGE29	12052	12051_DebbieReynolds_29_f
435	DebbieReynolds	26	AGE26	12027	12026_DebbieReynolds_26_f
435	DebbieReynolds	32	AGE32	12032	12031_DebbieReynolds_32_f
435	DebbieReynolds	18	AGE18	12019	12018_DebbieReynolds_18_f
435	DebbieReynolds	76	AGE76	12050	12049_DebbieReynolds_76_f
435	DebbieReynolds	36	AGE36	12034	12033_DebbieReynolds_36_f
435	DebbieReynolds	19	AGE19	12020	12019_DebbieReynolds_19_f
435	DebbieReynolds	60	AGE60	12042	12041_DebbieReynolds_60_f
435	DebbieReynolds	66	AGE66	12045	12044_DebbieReynolds_66_f
435	DebbieReynolds	73	AGE73	12048	12047_DebbieReynolds_73_f
435	DebbieReynolds	42	AGE42	12037	12036_DebbieReynolds_42_f
435	DebbieReynolds	64	AGE64	12044	12043_DebbieReynolds_64_f
435	DebbieReynolds	34	AGE34	12053	12052_DebbieReynolds_34_f
435	DebbieReynolds	78	AGE78	12056	12055_DebbieReynolds_78_f
435	DebbieReynolds	27	AGE27	12028	12027_DebbieReynolds_27_f
435	DebbieReynolds	71	AGE71	12047	12046_DebbieReynolds_71_f
435	DebbieReynolds	41	AGE41	12036	12035_DebbieReynolds_41_f
435	DebbieReynolds	22	AGE22	12023	12022_DebbieReynolds_22_f
435	DebbieReynolds	74	AGE74	12049	12048_DebbieReynolds_74_f
435	DebbieReynolds	25	AGE25	12026	12025_DebbieReynolds_25_f
435	DebbieReynolds	24	AGE24	12025	12024_DebbieReynolds_24_f
435	DebbieReynolds	16	AGE16	12018	12017_DebbieReynolds_16_f
435	DebbieReynolds	39	AGE39	12055	12054_DebbieReynolds_39_f
436	LindsayWagner	50	AGE50	11580	11579_LindsayWagner_50_f
436	LindsayWagner	26	AGE26	11570	11569_LindsayWagner_26_f
436	LindsayWagner	52	AGE52	11581	11580_LindsayWagner_52_f
436	LindsayWagner	31	AGE31	11572	11571_LindsayWagner_31_f
436	LindsayWagner	60	AGE60	11585	11584_LindsayWagner_60_f
436	LindsayWagner	34	AGE34	11574	11573_LindsayWagner_34_f
436	LindsayWagner	24	AGE24	11568	11567_LindsayWagner_24_f
436	LindsayWagner	61	AGE61	11586	11585_LindsayWagner_61_f
436	LindsayWagner	49	AGE49	11579	11578_LindsayWagner_49_f
436	LindsayWagner	59	AGE59	11584	11583_LindsayWagner_59_f
436	LindsayWagner	63	AGE63	11588	11587_LindsayWagner_63_f
436	LindsayWagner	25	AGE25	11569	11568_LindsayWagner_25_f
436	LindsayWagner	44	AGE44	11577	11576_LindsayWagner_44_f
436	LindsayWagner	62	AGE62	11587	11586_LindsayWagner_62_f
436	LindsayWagner	48	AGE48	11578	11577_LindsayWagner_48_f
436	LindsayWagner	42	AGE42	11576	11575_LindsayWagner_42_f
436	LindsayWagner	41	AGE41	11575	11574_LindsayWagner_41_f
436	LindsayWagner	28	AGE28	11571	11570_LindsayWagner_28_f
436	LindsayWagner	33	AGE33	11573	11572_LindsayWagner_33_f
436	LindsayWagner	57	AGE57	11583	11582_LindsayWagner_57_f
436	LindsayWagner	54	AGE54	11582	11581_LindsayWagner_54_f
437	MarisaPavan	36	AGE36	3499	3498_MarisaPavan_36_m
437	MarisaPavan	30	AGE30	3495	3494_MarisaPavan_30_m
437	MarisaPavan	19	AGE19	3486	3485_MarisaPavan_19_m
437	MarisaPavan	31	AGE31	3496	3495_MarisaPavan_31_m
437	MarisaPavan	23	AGE23	3489	3488_MarisaPavan_23_m
437	MarisaPavan	18	AGE18	3485	3484_MarisaPavan_18_m
437	MarisaPavan	61	AGE61	3509	3508_MarisaPavan_61_m
437	MarisaPavan	83	AGE83	3516	3515_MarisaPavan_83_m
437	MarisaPavan	34	AGE34	3498	3497_MarisaPavan_34_m
437	MarisaPavan	33	AGE33	3497	3496_MarisaPavan_33_m
437	MarisaPavan	21	AGE21	3487	3486_MarisaPavan_21_m
437	MarisaPavan	45	AGE45	3503	3502_MarisaPavan_45_m
437	MarisaPavan	59	AGE59	3508	3507_MarisaPavan_59_m
437	MarisaPavan	51	AGE51	3505	3504_MarisaPavan_51_m
437	MarisaPavan	14	AGE14	3484	3483_MarisaPavan_14_m
437	MarisaPavan	64	AGE64	3510	3509_MarisaPavan_64_m
437	MarisaPavan	57	AGE57	3507	3506_MarisaPavan_57_m
437	MarisaPavan	41	AGE41	3501	3500_MarisaPavan_41_m
437	MarisaPavan	77	AGE77	3514	3513_MarisaPavan_77_m
437	MarisaPavan	22	AGE22	3488	3487_MarisaPavan_22_m
437	MarisaPavan	27	AGE27	3493	3492_MarisaPavan_27_m
437	MarisaPavan	28	AGE28	3494	3493_MarisaPavan_28_m
437	MarisaPavan	43	AGE43	3502	3501_MarisaPavan_43_m
437	MarisaPavan	25	AGE25	3491	3490_MarisaPavan_25_m
437	MarisaPavan	26	AGE26	3492	3491_MarisaPavan_26_m
437	MarisaPavan	75	AGE75	3512	3511_MarisaPavan_75_m
437	MarisaPavan	24	AGE24	3490	3489_MarisaPavan_24_m
437	MarisaPavan	76	AGE76	3513	3512_MarisaPavan_76_m
437	MarisaPavan	48	AGE48	3504	3503_MarisaPavan_48_m
437	MarisaPavan	78	AGE78	3515	3514_MarisaPavan_78_m
437	MarisaPavan	54	AGE54	3506	3505_MarisaPavan_54_m
437	MarisaPavan	70	AGE70	3511	3510_MarisaPavan_70_m
437	MarisaPavan	38	AGE38	3500	3499_MarisaPavan_38_m
438	JackLemon	17	AGE17	5297	5296_JackLemon_17_m
438	JackLemon	52	AGE52	5321	5320_JackLemon_52_m
438	JackLemon	55	AGE55	5317	5316_JackLemon_55_m
438	JackLemon	45	AGE45	5310	5309_JackLemon_45_m
438	JackLemon	23	AGE23	5301	5300_JackLemon_23_m
438	JackLemon	51	AGE51	5316	5315_JackLemon_51_m
438	JackLemon	39	AGE39	5322	5321_JackLemon_39_m
438	JackLemon	68	AGE68	5315	5314_JackLemon_68_m
438	JackLemon	28	AGE28	5303	5302_JackLemon_28_m
438	JackLemon	71	AGE71	5324	5323_JackLemon_71_m
438	JackLemon	25	AGE25	5302	5301_JackLemon_25_m
438	JackLemon	35	AGE35	5306	5305_JackLemon_35_m
438	JackLemon	40	AGE40	5308	5307_JackLemon_40_m
438	JackLemon	67	AGE67	5311	5310_JackLemon_67_m
438	JackLemon	43	AGE43	5318	5317_JackLemon_43_m
438	JackLemon	49	AGE49	5320	5319_JackLemon_49_m
438	JackLemon	38	AGE38	5307	5306_JackLemon_38_m
438	JackLemon	16	AGE16	5299	5298_JackLemon_16_m
438	JackLemon	35	AGE35	5314	5313_JackLemon_35_m
438	JackLemon	45	AGE45	5309	5308_JackLemon_45_m
438	JackLemon	65	AGE65	5313	5312_JackLemon_65_m
438	JackLemon	35	AGE35	5305	5304_JackLemon_35_m
438	JackLemon	30	AGE30	5304	5303_JackLemon_30_m
438	JackLemon	33	AGE33	5323	5322_JackLemon_33_m
438	JackLemon	15	AGE15	5296	5295_JackLemon_15_m
438	JackLemon	20	AGE20	5300	5299_JackLemon_20_m
438	JackLemon	19	AGE19	5298	5297_JackLemon_19_m
438	JackLemon	70	AGE70	5319	5318_JackLemon_70_m
438	JackLemon	52	AGE52	5312	5311_JackLemon_52_m
438	JackLemon	13	AGE13	5295	5294_JackLemon_13_m
439	IsabelleAdjani	48	AGE48	12242	12241_IsabelleAdjani_48_f
439	IsabelleAdjani	39	AGE39	12239	12238_IsabelleAdjani_39_f
439	IsabelleAdjani	19	AGE19	12223	12222_IsabelleAdjani_19_f
439	IsabelleAdjani	55	AGE55	12246	12245_IsabelleAdjani_55_f
439	IsabelleAdjani	21	AGE21	12225	12224_IsabelleAdjani_21_f
439	IsabelleAdjani	54	AGE54	12245	12244_IsabelleAdjani_54_f
439	IsabelleAdjani	24	AGE24	12227	12226_IsabelleAdjani_24_f
439	IsabelleAdjani	32	AGE32	12235	12234_IsabelleAdjani_32_f
439	IsabelleAdjani	16	AGE16	12219	12218_IsabelleAdjani_16_f
439	IsabelleAdjani	53	AGE53	12244	12243_IsabelleAdjani_53_f
439	IsabelleAdjani	56	AGE56	12247	12246_IsabelleAdjani_56_f
439	IsabelleAdjani	58	AGE58	12250	12249_IsabelleAdjani_58_f
439	IsabelleAdjani	29	AGE29	12232	12231_IsabelleAdjani_29_f
439	IsabelleAdjani	58	AGE58	12251	12250_IsabelleAdjani_58_f
439	IsabelleAdjani	43	AGE43	12241	12240_IsabelleAdjani_43_f
439	IsabelleAdjani	57	AGE57	12249	12248_IsabelleAdjani_57_f
439	IsabelleAdjani	41	AGE41	12240	12239_IsabelleAdjani_41_f
439	IsabelleAdjani	33	AGE33	12237	12236_IsabelleAdjani_33_f
439	IsabelleAdjani	18	AGE18	12222	12221_IsabelleAdjani_18_f
439	IsabelleAdjani	56	AGE56	12248	12247_IsabelleAdjani_56_f
439	IsabelleAdjani	31	AGE31	12234	12233_IsabelleAdjani_31_f
439	IsabelleAdjani	25	AGE25	12228	12227_IsabelleAdjani_25_f
439	IsabelleAdjani	27	AGE27	12230	12229_IsabelleAdjani_27_f
439	IsabelleAdjani	28	AGE28	12231	12230_IsabelleAdjani_28_f
439	IsabelleAdjani	33	AGE33	12236	12235_IsabelleAdjani_33_f
439	IsabelleAdjani	22	AGE22	12226	12225_IsabelleAdjani_22_f
439	IsabelleAdjani	17	AGE17	12221	12220_IsabelleAdjani_17_f
439	IsabelleAdjani	50	AGE50	12243	12242_IsabelleAdjani_50_f
439	IsabelleAdjani	15	AGE15	12218	12217_IsabelleAdjani_15_f
439	IsabelleAdjani	16	AGE16	12220	12219_IsabelleAdjani_16_f
439	IsabelleAdjani	30	AGE30	12233	12232_IsabelleAdjani_30_f
439	IsabelleAdjani	20	AGE20	12224	12223_IsabelleAdjani_20_f
439	IsabelleAdjani	26	AGE26	12229	12228_IsabelleAdjani_26_f
439	IsabelleAdjani	39	AGE39	12238	12237_IsabelleAdjani_39_f
440	RayDanton	28	AGE28	5659	5658_RayDanton_28_m
440	RayDanton	36	AGE36	5667	5666_RayDanton_36_m
440	RayDanton	26	AGE26	5657	5656_RayDanton_26_m
440	RayDanton	21	AGE21	5653	5652_RayDanton_21_m
440	RayDanton	41	AGE41	5671	5670_RayDanton_41_m
440	RayDanton	44	AGE44	5673	5672_RayDanton_44_m
440	RayDanton	38	AGE38	5669	5668_RayDanton_38_m
440	RayDanton	27	AGE27	5658	5657_RayDanton_27_m
440	RayDanton	43	AGE43	5672	5671_RayDanton_43_m
440	RayDanton	32	AGE32	5663	5662_RayDanton_32_m
440	RayDanton	24	AGE24	5656	5655_RayDanton_24_m
440	RayDanton	29	AGE29	5660	5659_RayDanton_29_m
440	RayDanton	23	AGE23	5655	5654_RayDanton_23_m
440	RayDanton	45	AGE45	5674	5673_RayDanton_45_m
440	RayDanton	22	AGE22	5654	5653_RayDanton_22_m
440	RayDanton	37	AGE37	5668	5667_RayDanton_37_m
440	RayDanton	49	AGE49	5675	5674_RayDanton_49_m
440	RayDanton	39	AGE39	5670	5669_RayDanton_39_m
440	RayDanton	34	AGE34	5665	5664_RayDanton_34_m
440	RayDanton	35	AGE35	5666	5665_RayDanton_35_m
440	RayDanton	30	AGE30	5661	5660_RayDanton_30_m
440	RayDanton	33	AGE33	5664	5663_RayDanton_33_m
440	RayDanton	31	AGE31	5662	5661_RayDanton_31_m
441	motherTereza	82	AGE82	496	495_motherTereza_82_f
441	motherTereza	15	AGE15	497	496_motherTereza_15_f
441	motherTereza	68	AGE68	504	503_motherTereza_68_f
441	motherTereza	76	AGE76	485	484_motherTereza_76_f
441	motherTereza	50	AGE50	491	490_motherTereza_50_f
441	motherTereza	73	AGE73	493	492_motherTereza_73_f
441	motherTereza	85	AGE85	507	506_motherTereza_85_f
441	motherTereza	85	AGE85	495	494_motherTereza_85_f
441	motherTereza	70	AGE70	499	498_motherTereza_70_f
441	motherTereza	72	AGE72	486	485_motherTereza_72_f
441	motherTereza	69	AGE69	503	502_motherTereza_69_f
441	motherTereza	76	AGE76	487	486_motherTereza_76_f
441	motherTereza	15	AGE15	505	504_motherTereza_15_f
441	motherTereza	72	AGE72	500	499_motherTereza_72_f
441	motherTereza	18	AGE18	498	497_motherTereza_18_f
441	motherTereza	72	AGE72	490	489_motherTereza_72_f
441	motherTereza	45	AGE45	489	488_motherTereza_45_f
441	motherTereza	75	AGE75	488	487_motherTereza_75_f
441	motherTereza	68	AGE68	502	501_motherTereza_68_f
441	motherTereza	78	AGE78	484	483_motherTereza_78_f
441	motherTereza	70	AGE70	494	493_motherTereza_70_f
441	motherTereza	11	AGE11	492	491_motherTereza_11_f
441	motherTereza	73	AGE73	501	500_motherTereza_73_f
441	motherTereza	80	AGE80	506	505_motherTereza_80_f
442	mitsotakis	46	AGE46	633	632_mitsotakis_46_m
442	mitsotakis	95	AGE95	639	638_mitsotakis_95_m
442	mitsotakis	93	AGE93	632	631_mitsotakis_93_m
442	mitsotakis	75	AGE75	637	636_mitsotakis_75_m
442	mitsotakis	93	AGE93	645	644_mitsotakis_93_m
442	mitsotakis	70	AGE70	635	634_mitsotakis_70_m
442	mitsotakis	81	AGE81	638	637_mitsotakis_81_m
442	mitsotakis	75	AGE75	627	626_mitsotakis_75_m
442	mitsotakis	70	AGE70	642	641_mitsotakis_70_m
442	mitsotakis	85	AGE85	628	627_mitsotakis_85_m
442	mitsotakis	66	AGE66	634	633_mitsotakis_66_m
442	mitsotakis	76	AGE76	640	639_mitsotakis_76_m
442	mitsotakis	34	AGE34	630	629_mitsotakis_34_m
442	mitsotakis	72	AGE72	636	635_mitsotakis_72_m
442	mitsotakis	83	AGE83	646	645_mitsotakis_83_m
442	mitsotakis	35	AGE35	643	642_mitsotakis_35_m
442	mitsotakis	83	AGE83	626	625_mitsotakis_83_m
442	mitsotakis	72	AGE72	644	643_mitsotakis_72_m
442	mitsotakis	37	AGE37	631	630_mitsotakis_37_m
442	mitsotakis	34	AGE34	629	628_mitsotakis_34_m
442	mitsotakis	44	AGE44	641	640_mitsotakis_44_m
442	mitsotakis	44	AGE44	625	624_mitsotakis_44_m
443	HedyLamarr	42	AGE42	12638	12637_HedyLamarr_42_f
443	HedyLamarr	41	AGE41	12637	12636_HedyLamarr_41_f
443	HedyLamarr	38	AGE38	12627	12626_HedyLamarr_38_f
443	HedyLamarr	30	AGE30	12636	12635_HedyLamarr_30_f
443	HedyLamarr	17	AGE17	12618	12617_HedyLamarr_17_f
443	HedyLamarr	40	AGE40	12628	12627_HedyLamarr_40_f
443	HedyLamarr	25	AGE25	12635	12634_HedyLamarr_25_f
443	HedyLamarr	33	AGE33	12623	12622_HedyLamarr_33_f
443	HedyLamarr	34	AGE34	12624	12623_HedyLamarr_34_f
443	HedyLamarr	71	AGE71	12633	12632_HedyLamarr_71_f
443	HedyLamarr	66	AGE66	12632	12631_HedyLamarr_66_f
443	HedyLamarr	48	AGE48	12629	12628_HedyLamarr_48_f
443	HedyLamarr	36	AGE36	12625	12624_HedyLamarr_36_f
443	HedyLamarr	51	AGE51	12630	12629_HedyLamarr_51_f
443	HedyLamarr	78	AGE78	12634	12633_HedyLamarr_78_f
443	HedyLamarr	24	AGE24	12622	12621_HedyLamarr_24_f
443	HedyLamarr	56	AGE56	12631	12630_HedyLamarr_56_f
443	HedyLamarr	18	AGE18	12619	12618_HedyLamarr_18_f
443	HedyLamarr	20	AGE20	12621	12620_HedyLamarr_20_f
443	HedyLamarr	60	AGE60	12640	12639_HedyLamarr_60_f
443	HedyLamarr	37	AGE37	12626	12625_HedyLamarr_37_f
443	HedyLamarr	19	AGE19	12620	12619_HedyLamarr_19_f
443	HedyLamarr	43	AGE43	12639	12638_HedyLamarr_43_f
444	RitaHayworth	30	AGE30	13764	13763_RitaHayworth_30_f
444	RitaHayworth	24	AGE24	13759	13758_RitaHayworth_24_f
444	RitaHayworth	43	AGE43	13782	13781_RitaHayworth_43_f
444	RitaHayworth	47	AGE47	13783	13782_RitaHayworth_47_f
444	RitaHayworth	50	AGE50	13766	13765_RitaHayworth_50_f
444	RitaHayworth	27	AGE27	13778	13777_RitaHayworth_27_f
444	RitaHayworth	42	AGE42	13776	13775_RitaHayworth_42_f
444	RitaHayworth	16	AGE16	13756	13755_RitaHayworth_16_f
444	RitaHayworth	46	AGE46	13765	13764_RitaHayworth_46_f
444	RitaHayworth	26	AGE26	13769	13768_RitaHayworth_26_f
444	RitaHayworth	54	AGE54	13768	13767_RitaHayworth_54_f
444	RitaHayworth	29	AGE29	13779	13778_RitaHayworth_29_f
444	RitaHayworth	35	AGE35	13774	13773_RitaHayworth_35_f
444	RitaHayworth	25	AGE25	13761	13760_RitaHayworth_25_f
444	RitaHayworth	26	AGE26	13772	13771_RitaHayworth_26_f
444	RitaHayworth	52	AGE52	13770	13769_RitaHayworth_52_f
444	RitaHayworth	36	AGE36	13775	13774_RitaHayworth_36_f
444	RitaHayworth	33	AGE33	13781	13780_RitaHayworth_33_f
444	RitaHayworth	18	AGE18	13757	13756_RitaHayworth_18_f
444	RitaHayworth	22	AGE22	13755	13754_RitaHayworth_22_f
444	RitaHayworth	50	AGE50	13767	13766_RitaHayworth_50_f
444	RitaHayworth	29	AGE29	13763	13762_RitaHayworth_29_f
444	RitaHayworth	26	AGE26	13780	13779_RitaHayworth_26_f
444	RitaHayworth	26	AGE26	13760	13759_RitaHayworth_26_f
444	RitaHayworth	23	AGE23	13758	13757_RitaHayworth_23_f
444	RitaHayworth	40	AGE40	13771	13770_RitaHayworth_40_f
444	RitaHayworth	48	AGE48	13773	13772_RitaHayworth_48_f
444	RitaHayworth	37	AGE37	13777	13776_RitaHayworth_37_f
444	RitaHayworth	28	AGE28	13762	13761_RitaHayworth_28_f
445	JohnCassavetes	32	AGE32	8665	8664_JohnCassavetes_32_m
445	JohnCassavetes	39	AGE39	8671	8670_JohnCassavetes_39_m
445	JohnCassavetes	31	AGE31	8664	8663_JohnCassavetes_31_m
445	JohnCassavetes	55	AGE55	8686	8685_JohnCassavetes_55_m
445	JohnCassavetes	51	AGE51	8684	8683_JohnCassavetes_51_m
445	JohnCassavetes	47	AGE47	8680	8679_JohnCassavetes_47_m
445	JohnCassavetes	48	AGE48	8682	8681_JohnCassavetes_48_m
445	JohnCassavetes	43	AGE43	8676	8675_JohnCassavetes_43_m
445	JohnCassavetes	56	AGE56	8687	8686_JohnCassavetes_56_m
445	JohnCassavetes	35	AGE35	8668	8667_JohnCassavetes_35_m
445	JohnCassavetes	42	AGE42	8675	8674_JohnCassavetes_42_m
445	JohnCassavetes	46	AGE46	8679	8678_JohnCassavetes_46_m
445	JohnCassavetes	49	AGE49	8683	8682_JohnCassavetes_49_m
445	JohnCassavetes	36	AGE36	8669	8668_JohnCassavetes_36_m
445	JohnCassavetes	37	AGE37	8670	8669_JohnCassavetes_37_m
445	JohnCassavetes	57	AGE57	8688	8687_JohnCassavetes_57_m
445	JohnCassavetes	48	AGE48	8681	8680_JohnCassavetes_48_m
445	JohnCassavetes	40	AGE40	8673	8672_JohnCassavetes_40_m
445	JohnCassavetes	34	AGE34	8667	8666_JohnCassavetes_34_m
445	JohnCassavetes	44	AGE44	8677	8676_JohnCassavetes_44_m
445	JohnCassavetes	39	AGE39	8672	8671_JohnCassavetes_39_m
445	JohnCassavetes	30	AGE30	8663	8662_JohnCassavetes_30_m
445	JohnCassavetes	45	AGE45	8678	8677_JohnCassavetes_45_m
445	JohnCassavetes	52	AGE52	8685	8684_JohnCassavetes_52_m
445	JohnCassavetes	33	AGE33	8666	8665_JohnCassavetes_33_m
445	JohnCassavetes	28	AGE28	8661	8660_JohnCassavetes_28_m
445	JohnCassavetes	27	AGE27	8660	8659_JohnCassavetes_27_m
445	JohnCassavetes	41	AGE41	8674	8673_JohnCassavetes_41_m
445	JohnCassavetes	29	AGE29	8662	8661_JohnCassavetes_29_m
446	AbeVigoda	89	AGE89	2355	2354_AbeVigoda_89_m
446	AbeVigoda	58	AGE58	2334	2333_AbeVigoda_58_m
446	AbeVigoda	64	AGE64	2339	2338_AbeVigoda_64_m
446	AbeVigoda	86	AGE86	2354	2353_AbeVigoda_86_m
446	AbeVigoda	53	AGE53	2329	2328_AbeVigoda_53_m
446	AbeVigoda	51	AGE51	2327	2326_AbeVigoda_51_m
446	AbeVigoda	57	AGE57	2333	2332_AbeVigoda_57_m
446	AbeVigoda	93	AGE93	2359	2358_AbeVigoda_93_m
446	AbeVigoda	20	AGE20	2360	2359_AbeVigoda_20_m
446	AbeVigoda	68	AGE68	2342	2341_AbeVigoda_68_m
446	AbeVigoda	91	AGE91	2357	2356_AbeVigoda_91_m
446	AbeVigoda	74	AGE74	2347	2346_AbeVigoda_74_m
446	AbeVigoda	61	AGE61	2337	2336_AbeVigoda_61_m
446	AbeVigoda	84	AGE84	2352	2351_AbeVigoda_84_m
446	AbeVigoda	76	AGE76	2348	2347_AbeVigoda_76_m
446	AbeVigoda	70	AGE70	2344	2343_AbeVigoda_70_m
446	AbeVigoda	65	AGE65	2340	2339_AbeVigoda_65_m
446	AbeVigoda	92	AGE92	2358	2357_AbeVigoda_92_m
446	AbeVigoda	54	AGE54	2330	2329_AbeVigoda_54_m
446	AbeVigoda	60	AGE60	2336	2335_AbeVigoda_60_m
446	AbeVigoda	66	AGE66	2341	2340_AbeVigoda_66_m
446	AbeVigoda	83	AGE83	2351	2350_AbeVigoda_83_m
446	AbeVigoda	52	AGE52	2328	2327_AbeVigoda_52_m
446	AbeVigoda	71	AGE71	2345	2344_AbeVigoda_71_m
446	AbeVigoda	56	AGE56	2332	2331_AbeVigoda_56_m
446	AbeVigoda	79	AGE79	2349	2348_AbeVigoda_79_m
446	AbeVigoda	62	AGE62	2338	2337_AbeVigoda_62_m
446	AbeVigoda	49	AGE49	2326	2325_AbeVigoda_49_m
446	AbeVigoda	85	AGE85	2353	2352_AbeVigoda_85_m
446	AbeVigoda	72	AGE72	2346	2345_AbeVigoda_72_m
446	AbeVigoda	69	AGE69	2343	2342_AbeVigoda_69_m
446	AbeVigoda	90	AGE90	2356	2355_AbeVigoda_90_m
446	AbeVigoda	59	AGE59	2335	2334_AbeVigoda_59_m
446	AbeVigoda	55	AGE55	2331	2330_AbeVigoda_55_m
446	AbeVigoda	80	AGE80	2350	2349_AbeVigoda_80_m
447	GlennClose	33	AGE33	9983	9982_GlennClose_33_f
447	GlennClose	58	AGE58	9998	9997_GlennClose_58_f
447	GlennClose	40	AGE40	9986	9985_GlennClose_40_f
447	GlennClose	54	AGE54	9996	9995_GlennClose_54_f
447	GlennClose	59	AGE59	9999	9998_GlennClose_59_f
447	GlennClose	34	AGE34	9984	9983_GlennClose_34_f
447	GlennClose	62	AGE62	10001	10000_GlennClose_62_f
447	GlennClose	61	AGE61	10000	9999_GlennClose_61_f
447	GlennClose	44	AGE44	9990	9989_GlennClose_44_f
447	GlennClose	51	AGE51	9993	9992_GlennClose_51_f
447	GlennClose	52	AGE52	9994	9993_GlennClose_52_f
447	GlennClose	39	AGE39	9985	9984_GlennClose_39_f
447	GlennClose	56	AGE56	9997	9996_GlennClose_56_f
447	GlennClose	49	AGE49	9991	9990_GlennClose_49_f
447	GlennClose	53	AGE53	9995	9994_GlennClose_53_f
447	GlennClose	31	AGE31	9981	9980_GlennClose_31_f
447	GlennClose	32	AGE32	9982	9981_GlennClose_32_f
447	GlennClose	43	AGE43	9989	9988_GlennClose_43_f
447	GlennClose	18	AGE18	9980	9979_GlennClose_18_f
447	GlennClose	50	AGE50	9992	9991_GlennClose_50_f
447	GlennClose	41	AGE41	9987	9986_GlennClose_41_f
447	GlennClose	42	AGE42	9988	9987_GlennClose_42_f
448	AlbertSchweitzer	73	AGE73	1175	1174_AlbertSchweitzer_73_m
448	AlbertSchweitzer	80	AGE80	1170	1169_AlbertSchweitzer_80_m
448	AlbertSchweitzer	50	AGE50	1165	1164_AlbertSchweitzer_50_m
448	AlbertSchweitzer	78	AGE78	1176	1175_AlbertSchweitzer_78_m
448	AlbertSchweitzer	68	AGE68	1174	1173_AlbertSchweitzer_68_m
448	AlbertSchweitzer	88	AGE88	1167	1166_AlbertSchweitzer_88_m
448	AlbertSchweitzer	68	AGE68	1166	1165_AlbertSchweitzer_68_m
448	AlbertSchweitzer	58	AGE58	1168	1167_AlbertSchweitzer_58_m
448	AlbertSchweitzer	67	AGE67	1177	1176_AlbertSchweitzer_67_m
448	AlbertSchweitzer	78	AGE78	1173	1172_AlbertSchweitzer_78_m
448	AlbertSchweitzer	72	AGE72	1169	1168_AlbertSchweitzer_72_m
448	AlbertSchweitzer	75	AGE75	1164	1163_AlbertSchweitzer_75_m
448	AlbertSchweitzer	25	AGE25	1178	1177_AlbertSchweitzer_25_m
448	AlbertSchweitzer	79	AGE79	1172	1171_AlbertSchweitzer_79_m
448	AlbertSchweitzer	70	AGE70	1171	1170_AlbertSchweitzer_70_m
449	ZsaZsaGabor	91	AGE91	11396	11395_ZsaZsaGabor_91_f
449	ZsaZsaGabor	23	AGE23	11366	11365_ZsaZsaGabor_23_f
449	ZsaZsaGabor	73	AGE73	11387	11386_ZsaZsaGabor_73_f
449	ZsaZsaGabor	22	AGE22	11365	11364_ZsaZsaGabor_22_f
449	ZsaZsaGabor	53	AGE53	11380	11379_ZsaZsaGabor_53_f
449	ZsaZsaGabor	50	AGE50	11379	11378_ZsaZsaGabor_50_f
449	ZsaZsaGabor	82	AGE82	11393	11392_ZsaZsaGabor_82_f
449	ZsaZsaGabor	45	AGE45	11375	11374_ZsaZsaGabor_45_f
449	ZsaZsaGabor	78	AGE78	11391	11390_ZsaZsaGabor_78_f
449	ZsaZsaGabor	80	AGE80	11392	11391_ZsaZsaGabor_80_f
449	ZsaZsaGabor	90	AGE90	11395	11394_ZsaZsaGabor_90_f
449	ZsaZsaGabor	35	AGE35	11369	11368_ZsaZsaGabor_35_f
449	ZsaZsaGabor	83	AGE83	11394	11393_ZsaZsaGabor_83_f
449	ZsaZsaGabor	64	AGE64	11384	11383_ZsaZsaGabor_64_f
449	ZsaZsaGabor	31	AGE31	11368	11367_ZsaZsaGabor_31_f
449	ZsaZsaGabor	76	AGE76	11389	11388_ZsaZsaGabor_76_f
449	ZsaZsaGabor	57	AGE57	11382	11381_ZsaZsaGabor_57_f
449	ZsaZsaGabor	94	AGE94	11397	11396_ZsaZsaGabor_94_f
449	ZsaZsaGabor	42	AGE42	11373	11372_ZsaZsaGabor_42_f
449	ZsaZsaGabor	6	AGE6	11364	11363_ZsaZsaGabor_6_f
449	ZsaZsaGabor	37	AGE37	11370	11369_ZsaZsaGabor_37_f
449	ZsaZsaGabor	95	AGE95	11398	11397_ZsaZsaGabor_95_f
449	ZsaZsaGabor	72	AGE72	11386	11385_ZsaZsaGabor_72_f
449	ZsaZsaGabor	39	AGE39	11371	11370_ZsaZsaGabor_39_f
449	ZsaZsaGabor	49	AGE49	11378	11377_ZsaZsaGabor_49_f
449	ZsaZsaGabor	58	AGE58	11383	11382_ZsaZsaGabor_58_f
449	ZsaZsaGabor	48	AGE48	11377	11376_ZsaZsaGabor_48_f
449	ZsaZsaGabor	65	AGE65	11385	11384_ZsaZsaGabor_65_f
449	ZsaZsaGabor	96	AGE96	11399	11398_ZsaZsaGabor_96_f
449	ZsaZsaGabor	27	AGE27	11367	11366_ZsaZsaGabor_27_f
449	ZsaZsaGabor	44	AGE44	11374	11373_ZsaZsaGabor_44_f
449	ZsaZsaGabor	47	AGE47	11376	11375_ZsaZsaGabor_47_f
449	ZsaZsaGabor	77	AGE77	11390	11389_ZsaZsaGabor_77_f
449	ZsaZsaGabor	55	AGE55	11381	11380_ZsaZsaGabor_55_f
449	ZsaZsaGabor	75	AGE75	11388	11387_ZsaZsaGabor_75_f
449	ZsaZsaGabor	41	AGE41	11372	11371_ZsaZsaGabor_41_f
450	RobertOppenheimer	40	AGE40	1234	1233_RobertOppenheimer_40_m
450	RobertOppenheimer	26	AGE26	1244	1243_RobertOppenheimer_26_m
450	RobertOppenheimer	52	AGE52	1237	1236_RobertOppenheimer_52_m
450	RobertOppenheimer	42	AGE42	1235	1234_RobertOppenheimer_42_m
450	RobertOppenheimer	40	AGE40	1242	1241_RobertOppenheimer_40_m
450	RobertOppenheimer	23	AGE23	1246	1245_RobertOppenheimer_23_m
450	RobertOppenheimer	52	AGE52	1247	1246_RobertOppenheimer_52_m
450	RobertOppenheimer	61	AGE61	1245	1244_RobertOppenheimer_61_m
450	RobertOppenheimer	58	AGE58	1240	1239_RobertOppenheimer_58_m
450	RobertOppenheimer	52	AGE52	1241	1240_RobertOppenheimer_52_m
450	RobertOppenheimer	50	AGE50	1238	1237_RobertOppenheimer_50_m
450	RobertOppenheimer	11	AGE11	1243	1242_RobertOppenheimer_11_m
450	RobertOppenheimer	40	AGE40	1239	1238_RobertOppenheimer_40_m
450	RobertOppenheimer	59	AGE59	1233	1232_RobertOppenheimer_59_m
450	RobertOppenheimer	54	AGE54	1236	1235_RobertOppenheimer_54_m
451	BurtLancaster	47	AGE47	9295	9294_BurtLancaster_47_m
451	BurtLancaster	44	AGE44	9281	9280_BurtLancaster_44_m
451	BurtLancaster	72	AGE72	9286	9285_BurtLancaster_72_m
451	BurtLancaster	67	AGE67	9308	9307_BurtLancaster_67_m
451	BurtLancaster	42	AGE42	9293	9292_BurtLancaster_42_m
451	BurtLancaster	43	AGE43	9307	9306_BurtLancaster_43_m
451	BurtLancaster	38	AGE38	9290	9289_BurtLancaster_38_m
451	BurtLancaster	48	AGE48	9282	9281_BurtLancaster_48_m
451	BurtLancaster	42	AGE42	9277	9276_BurtLancaster_42_m
451	BurtLancaster	43	AGE43	9294	9293_BurtLancaster_43_m
451	BurtLancaster	38	AGE38	9298	9297_BurtLancaster_38_m
451	BurtLancaster	43	AGE43	9305	9304_BurtLancaster_43_m
451	BurtLancaster	49	AGE49	9301	9300_BurtLancaster_49_m
451	BurtLancaster	76	AGE76	9272	9271_BurtLancaster_76_m
451	BurtLancaster	35	AGE35	9296	9295_BurtLancaster_35_m
451	BurtLancaster	40	AGE40	9273	9272_BurtLancaster_40_m
451	BurtLancaster	50	AGE50	9274	9273_BurtLancaster_50_m
451	BurtLancaster	35	AGE35	9289	9288_BurtLancaster_35_m
451	BurtLancaster	34	AGE34	9275	9274_BurtLancaster_34_m
451	BurtLancaster	56	AGE56	9302	9301_BurtLancaster_56_m
451	BurtLancaster	49	AGE49	9303	9302_BurtLancaster_49_m
451	BurtLancaster	51	AGE51	9297	9296_BurtLancaster_51_m
451	BurtLancaster	37	AGE37	9285	9284_BurtLancaster_37_m
451	BurtLancaster	36	AGE36	9276	9275_BurtLancaster_36_m
451	BurtLancaster	36	AGE36	9304	9303_BurtLancaster_36_m
451	BurtLancaster	56	AGE56	9283	9282_BurtLancaster_56_m
451	BurtLancaster	73	AGE73	9306	9305_BurtLancaster_73_m
451	BurtLancaster	39	AGE39	9299	9298_BurtLancaster_39_m
451	BurtLancaster	67	AGE67	9287	9286_BurtLancaster_67_m
451	BurtLancaster	67	AGE67	9288	9287_BurtLancaster_67_m
451	BurtLancaster	39	AGE39	9279	9278_BurtLancaster_39_m
451	BurtLancaster	63	AGE63	9292	9291_BurtLancaster_63_m
451	BurtLancaster	51	AGE51	9284	9283_BurtLancaster_51_m
451	BurtLancaster	39	AGE39	9280	9279_BurtLancaster_39_m
451	BurtLancaster	47	AGE47	9300	9299_BurtLancaster_47_m
451	BurtLancaster	38	AGE38	9278	9277_BurtLancaster_38_m
451	BurtLancaster	33	AGE33	9291	9290_BurtLancaster_33_m
452	GordonThomson	61	AGE61	4600	4599_GordonThomson_61_m
452	GordonThomson	63	AGE63	4602	4601_GordonThomson_63_m
452	GordonThomson	60	AGE60	4599	4598_GordonThomson_60_m
452	GordonThomson	43	AGE43	4591	4590_GordonThomson_43_m
452	GordonThomson	65	AGE65	4604	4603_GordonThomson_65_m
452	GordonThomson	70	AGE70	4609	4608_GordonThomson_70_m
452	GordonThomson	37	AGE37	4584	4583_GordonThomson_37_m
452	GordonThomson	55	AGE55	4597	4596_GordonThomson_55_m
452	GordonThomson	39	AGE39	4586	4585_GordonThomson_39_m
452	GordonThomson	44	AGE44	4592	4591_GordonThomson_44_m
452	GordonThomson	62	AGE62	4601	4600_GordonThomson_62_m
452	GordonThomson	66	AGE66	4605	4604_GordonThomson_66_m
452	GordonThomson	50	AGE50	4595	4594_GordonThomson_50_m
452	GordonThomson	69	AGE69	4608	4607_GordonThomson_69_m
452	GordonThomson	41	AGE41	4588	4587_GordonThomson_41_m
452	GordonThomson	36	AGE36	4583	4582_GordonThomson_36_m
452	GordonThomson	64	AGE64	4603	4602_GordonThomson_64_m
452	GordonThomson	53	AGE53	4596	4595_GordonThomson_53_m
452	GordonThomson	38	AGE38	4585	4584_GordonThomson_38_m
452	GordonThomson	35	AGE35	4582	4581_GordonThomson_35_m
452	GordonThomson	45	AGE45	4593	4592_GordonThomson_45_m
452	GordonThomson	46	AGE46	4594	4593_GordonThomson_46_m
452	GordonThomson	68	AGE68	4607	4606_GordonThomson_68_m
452	GordonThomson	57	AGE57	4598	4597_GordonThomson_57_m
452	GordonThomson	67	AGE67	4606	4605_GordonThomson_67_m
452	GordonThomson	40	AGE40	4587	4586_GordonThomson_40_m
452	GordonThomson	42	AGE42	4590	4589_GordonThomson_42_m
452	GordonThomson	41	AGE41	4589	4588_GordonThomson_41_m
453	DaliahLavi	30	AGE30	10947	10946_DaliahLavi_30_f
453	DaliahLavi	34	AGE34	10950	10949_DaliahLavi_34_f
453	DaliahLavi	25	AGE25	10942	10941_DaliahLavi_25_f
453	DaliahLavi	23	AGE23	10939	10938_DaliahLavi_23_f
453	DaliahLavi	60	AGE60	10958	10957_DaliahLavi_60_f
453	DaliahLavi	24	AGE24	10941	10940_DaliahLavi_24_f
453	DaliahLavi	33	AGE33	10949	10948_DaliahLavi_33_f
453	DaliahLavi	49	AGE49	10955	10954_DaliahLavi_49_f
453	DaliahLavi	28	AGE28	10945	10944_DaliahLavi_28_f
453	DaliahLavi	66	AGE66	10961	10960_DaliahLavi_66_f
453	DaliahLavi	35	AGE35	10951	10950_DaliahLavi_35_f
453	DaliahLavi	53	AGE53	10956	10955_DaliahLavi_53_f
453	DaliahLavi	38	AGE38	10952	10951_DaliahLavi_38_f
453	DaliahLavi	47	AGE47	10954	10953_DaliahLavi_47_f
453	DaliahLavi	27	AGE27	10944	10943_DaliahLavi_27_f
453	DaliahLavi	41	AGE41	10953	10952_DaliahLavi_41_f
453	DaliahLavi	58	AGE58	10957	10956_DaliahLavi_58_f
453	DaliahLavi	22	AGE22	10938	10937_DaliahLavi_22_f
453	DaliahLavi	24	AGE24	10940	10939_DaliahLavi_24_f
453	DaliahLavi	68	AGE68	10962	10961_DaliahLavi_68_f
453	DaliahLavi	72	AGE72	10964	10963_DaliahLavi_72_f
453	DaliahLavi	26	AGE26	10943	10942_DaliahLavi_26_f
453	DaliahLavi	29	AGE29	10946	10945_DaliahLavi_29_f
453	DaliahLavi	21	AGE21	10937	10936_DaliahLavi_21_f
453	DaliahLavi	71	AGE71	10963	10962_DaliahLavi_71_f
453	DaliahLavi	31	AGE31	10948	10947_DaliahLavi_31_f
453	DaliahLavi	62	AGE62	10959	10958_DaliahLavi_62_f
453	DaliahLavi	64	AGE64	10960	10959_DaliahLavi_64_f
454	JerryLewis	39	AGE39	2658	2657_JerryLewis_39_m
454	JerryLewis	45	AGE45	2664	2663_JerryLewis_45_m
454	JerryLewis	20	AGE20	2654	2653_JerryLewis_20_m
454	JerryLewis	65	AGE65	2666	2665_JerryLewis_65_m
454	JerryLewis	85	AGE85	2662	2661_JerryLewis_85_m
454	JerryLewis	34	AGE34	2653	2652_JerryLewis_34_m
454	JerryLewis	78	AGE78	2668	2667_JerryLewis_78_m
454	JerryLewis	28	AGE28	2665	2664_JerryLewis_28_m
454	JerryLewis	24	AGE24	2655	2654_JerryLewis_24_m
454	JerryLewis	74	AGE74	2667	2666_JerryLewis_74_m
454	JerryLewis	87	AGE87	2671	2670_JerryLewis_87_m
454	JerryLewis	65	AGE65	2660	2659_JerryLewis_65_m
454	JerryLewis	38	AGE38	2670	2669_JerryLewis_38_m
454	JerryLewis	82	AGE82	2661	2660_JerryLewis_82_m
454	JerryLewis	33	AGE33	2669	2668_JerryLewis_33_m
454	JerryLewis	40	AGE40	2659	2658_JerryLewis_40_m
454	JerryLewis	32	AGE32	2663	2662_JerryLewis_32_m
454	JerryLewis	37	AGE37	2656	2655_JerryLewis_37_m
454	JerryLewis	38	AGE38	2657	2656_JerryLewis_38_m
455	AlanRickman	60	AGE60	3027	3026_AlanRickman_60_m
455	AlanRickman	65	AGE65	3032	3031_AlanRickman_65_m
455	AlanRickman	45	AGE45	3016	3015_AlanRickman_45_m
455	AlanRickman	32	AGE32	3008	3007_AlanRickman_32_m
455	AlanRickman	55	AGE55	3023	3022_AlanRickman_55_m
455	AlanRickman	62	AGE62	3029	3028_AlanRickman_62_m
455	AlanRickman	66	AGE66	3033	3032_AlanRickman_66_m
455	AlanRickman	28	AGE28	3006	3005_AlanRickman_28_m
455	AlanRickman	57	AGE57	3024	3023_AlanRickman_57_m
455	AlanRickman	59	AGE59	3026	3025_AlanRickman_59_m
455	AlanRickman	48	AGE48	3018	3017_AlanRickman_48_m
455	AlanRickman	42	AGE42	3013	3012_AlanRickman_42_m
455	AlanRickman	30	AGE30	3007	3006_AlanRickman_30_m
455	AlanRickman	35	AGE35	3010	3009_AlanRickman_35_m
455	AlanRickman	64	AGE64	3031	3030_AlanRickman_64_m
455	AlanRickman	36	AGE36	3011	3010_AlanRickman_36_m
455	AlanRickman	43	AGE43	3014	3013_AlanRickman_43_m
455	AlanRickman	61	AGE61	3028	3027_AlanRickman_61_m
455	AlanRickman	34	AGE34	3009	3008_AlanRickman_34_m
455	AlanRickman	63	AGE63	3030	3029_AlanRickman_63_m
455	AlanRickman	46	AGE46	3017	3016_AlanRickman_46_m
455	AlanRickman	58	AGE58	3025	3024_AlanRickman_58_m
455	AlanRickman	44	AGE44	3015	3014_AlanRickman_44_m
455	AlanRickman	39	AGE39	3012	3011_AlanRickman_39_m
455	AlanRickman	54	AGE54	3022	3021_AlanRickman_54_m
455	AlanRickman	49	AGE49	3019	3018_AlanRickman_49_m
455	AlanRickman	53	AGE53	3021	3020_AlanRickman_53_m
455	AlanRickman	67	AGE67	3034	3033_AlanRickman_67_m
455	AlanRickman	69	AGE69	3035	3034_AlanRickman_69_m
455	AlanRickman	52	AGE52	3020	3019_AlanRickman_52_m
456	Fotopoulos	65	AGE65	5264	5263_Fotopoulos_65_m
456	Fotopoulos	57	AGE57	5259	5258_Fotopoulos_57_m
456	Fotopoulos	37	AGE37	5255	5254_Fotopoulos_37_m
456	Fotopoulos	49	AGE49	5261	5260_Fotopoulos_49_m
456	Fotopoulos	43	AGE43	5254	5253_Fotopoulos_43_m
456	Fotopoulos	45	AGE45	5253	5252_Fotopoulos_45_m
456	Fotopoulos	64	AGE64	5266	5265_Fotopoulos_64_m
456	Fotopoulos	57	AGE57	5268	5267_Fotopoulos_57_m
456	Fotopoulos	49	AGE49	5256	5255_Fotopoulos_49_m
456	Fotopoulos	58	AGE58	5260	5259_Fotopoulos_58_m
456	Fotopoulos	50	AGE50	5257	5256_Fotopoulos_50_m
456	Fotopoulos	49	AGE49	5258	5257_Fotopoulos_49_m
456	Fotopoulos	40	AGE40	5251	5250_Fotopoulos_40_m
456	Fotopoulos	70	AGE70	5252	5251_Fotopoulos_70_m
456	Fotopoulos	58	AGE58	5267	5266_Fotopoulos_58_m
456	Fotopoulos	43	AGE43	5265	5264_Fotopoulos_43_m
456	Fotopoulos	72	AGE72	5263	5262_Fotopoulos_72_m
456	Fotopoulos	74	AGE74	5262	5261_Fotopoulos_74_m
457	JeffBridges	44	AGE44	3336	3335_JeffBridges_44_m
457	JeffBridges	46	AGE46	3337	3336_JeffBridges_46_m
457	JeffBridges	57	AGE57	3344	3343_JeffBridges_57_m
457	JeffBridges	10	AGE10	3320	3319_JeffBridges_10_m
457	JeffBridges	60	AGE60	3347	3346_JeffBridges_60_m
457	JeffBridges	29	AGE29	3330	3329_JeffBridges_29_m
457	JeffBridges	26	AGE26	3327	3326_JeffBridges_26_m
457	JeffBridges	53	AGE53	3341	3340_JeffBridges_53_m
457	JeffBridges	28	AGE28	3329	3328_JeffBridges_28_m
457	JeffBridges	51	AGE51	3339	3338_JeffBridges_51_m
457	JeffBridges	17	AGE17	3321	3320_JeffBridges_17_m
457	JeffBridges	64	AGE64	3349	3348_JeffBridges_64_m
457	JeffBridges	41	AGE41	3335	3334_JeffBridges_41_m
457	JeffBridges	24	AGE24	3326	3325_JeffBridges_24_m
457	JeffBridges	19	AGE19	3322	3321_JeffBridges_19_m
457	JeffBridges	35	AGE35	3331	3330_JeffBridges_35_m
457	JeffBridges	55	AGE55	3342	3341_JeffBridges_55_m
457	JeffBridges	61	AGE61	3348	3347_JeffBridges_61_m
457	JeffBridges	24	AGE24	3325	3324_JeffBridges_24_m
457	JeffBridges	40	AGE40	3334	3333_JeffBridges_40_m
457	JeffBridges	59	AGE59	3345	3344_JeffBridges_59_m
457	JeffBridges	38	AGE38	3333	3332_JeffBridges_38_m
457	JeffBridges	56	AGE56	3343	3342_JeffBridges_56_m
457	JeffBridges	21	AGE21	3323	3322_JeffBridges_21_m
457	JeffBridges	52	AGE52	3340	3339_JeffBridges_52_m
457	JeffBridges	36	AGE36	3332	3331_JeffBridges_36_m
457	JeffBridges	23	AGE23	3324	3323_JeffBridges_23_m
457	JeffBridges	47	AGE47	3338	3337_JeffBridges_47_m
457	JeffBridges	27	AGE27	3328	3327_JeffBridges_27_m
457	JeffBridges	59	AGE59	3346	3345_JeffBridges_59_m
458	JeanMarais	48	AGE48	5969	5968_JeanMarais_48_m
458	JeanMarais	69	AGE69	5979	5978_JeanMarais_69_m
458	JeanMarais	49	AGE49	5970	5969_JeanMarais_49_m
458	JeanMarais	47	AGE47	5968	5967_JeanMarais_47_m
458	JeanMarais	52	AGE52	5972	5971_JeanMarais_52_m
458	JeanMarais	45	AGE45	5967	5966_JeanMarais_45_m
458	JeanMarais	59	AGE59	5976	5975_JeanMarais_59_m
458	JeanMarais	38	AGE38	5964	5963_JeanMarais_38_m
458	JeanMarais	31	AGE31	5956	5955_JeanMarais_31_m
458	JeanMarais	51	AGE51	5971	5970_JeanMarais_51_m
458	JeanMarais	57	AGE57	5975	5974_JeanMarais_57_m
458	JeanMarais	56	AGE56	5974	5973_JeanMarais_56_m
458	JeanMarais	81	AGE81	5984	5983_JeanMarais_81_m
458	JeanMarais	77	AGE77	5981	5980_JeanMarais_77_m
458	JeanMarais	53	AGE53	5973	5972_JeanMarais_53_m
458	JeanMarais	37	AGE37	5963	5962_JeanMarais_37_m
458	JeanMarais	33	AGE33	5959	5958_JeanMarais_33_m
458	JeanMarais	67	AGE67	5978	5977_JeanMarais_67_m
458	JeanMarais	73	AGE73	5980	5979_JeanMarais_73_m
458	JeanMarais	24	AGE24	5951	5950_JeanMarais_24_m
458	JeanMarais	30	AGE30	5955	5954_JeanMarais_30_m
458	JeanMarais	85	AGE85	5988	5987_JeanMarais_85_m
458	JeanMarais	29	AGE29	5954	5953_JeanMarais_29_m
458	JeanMarais	84	AGE84	5987	5986_JeanMarais_84_m
458	JeanMarais	31	AGE31	5957	5956_JeanMarais_31_m
458	JeanMarais	27	AGE27	5953	5952_JeanMarais_27_m
458	JeanMarais	80	AGE80	5983	5982_JeanMarais_80_m
458	JeanMarais	83	AGE83	5986	5985_JeanMarais_83_m
458	JeanMarais	25	AGE25	5952	5951_JeanMarais_25_m
458	JeanMarais	82	AGE82	5985	5984_JeanMarais_82_m
458	JeanMarais	17	AGE17	5950	5949_JeanMarais_17_m
458	JeanMarais	44	AGE44	5966	5965_JeanMarais_44_m
458	JeanMarais	43	AGE43	5965	5964_JeanMarais_43_m
458	JeanMarais	32	AGE32	5958	5957_JeanMarais_32_m
458	JeanMarais	66	AGE66	5977	5976_JeanMarais_66_m
458	JeanMarais	36	AGE36	5962	5961_JeanMarais_36_m
458	JeanMarais	35	AGE35	5961	5960_JeanMarais_35_m
458	JeanMarais	34	AGE34	5960	5959_JeanMarais_34_m
458	JeanMarais	79	AGE79	5982	5981_JeanMarais_79_m
459	WilliamShatner	39	AGE39	6091	6090_WilliamShatner_39_m
459	WilliamShatner	55	AGE55	6077	6076_WilliamShatner_55_m
459	WilliamShatner	65	AGE65	6082	6081_WilliamShatner_65_m
459	WilliamShatner	48	AGE48	6074	6073_WilliamShatner_48_m
459	WilliamShatner	70	AGE70	6085	6084_WilliamShatner_70_m
459	WilliamShatner	38	AGE38	6067	6066_WilliamShatner_38_m
459	WilliamShatner	81	AGE81	6095	6094_WilliamShatner_81_m
459	WilliamShatner	52	AGE52	6076	6075_WilliamShatner_52_m
459	WilliamShatner	67	AGE67	6083	6082_WilliamShatner_67_m
459	WilliamShatner	75	AGE75	6094	6093_WilliamShatner_75_m
459	WilliamShatner	77	AGE77	6089	6088_WilliamShatner_77_m
459	WilliamShatner	27	AGE27	6061	6060_WilliamShatner_27_m
459	WilliamShatner	29	AGE29	6063	6062_WilliamShatner_29_m
459	WilliamShatner	32	AGE32	6064	6063_WilliamShatner_32_m
459	WilliamShatner	44	AGE44	6071	6070_WilliamShatner_44_m
459	WilliamShatner	71	AGE71	6086	6085_WilliamShatner_71_m
459	WilliamShatner	50	AGE50	6075	6074_WilliamShatner_50_m
459	WilliamShatner	33	AGE33	6065	6064_WilliamShatner_33_m
459	WilliamShatner	36	AGE36	6066	6065_WilliamShatner_36_m
459	WilliamShatner	64	AGE64	6081	6080_WilliamShatner_64_m
459	WilliamShatner	76	AGE76	6088	6087_WilliamShatner_76_m
459	WilliamShatner	47	AGE47	6073	6072_WilliamShatner_47_m
459	WilliamShatner	69	AGE69	6084	6083_WilliamShatner_69_m
459	WilliamShatner	40	AGE40	6068	6067_WilliamShatner_40_m
459	WilliamShatner	63	AGE63	6080	6079_WilliamShatner_63_m
459	WilliamShatner	28	AGE28	6062	6061_WilliamShatner_28_m
459	WilliamShatner	80	AGE80	6090	6089_WilliamShatner_80_m
459	WilliamShatner	42	AGE42	6070	6069_WilliamShatner_42_m
459	WilliamShatner	45	AGE45	6072	6071_WilliamShatner_45_m
459	WilliamShatner	60	AGE60	6079	6078_WilliamShatner_60_m
459	WilliamShatner	74	AGE74	6087	6086_WilliamShatner_74_m
459	WilliamShatner	58	AGE58	6078	6077_WilliamShatner_58_m
459	WilliamShatner	72	AGE72	6093	6092_WilliamShatner_72_m
459	WilliamShatner	41	AGE41	6069	6068_WilliamShatner_41_m
459	WilliamShatner	24	AGE24	6060	6059_WilliamShatner_24_m
459	WilliamShatner	49	AGE49	6092	6091_WilliamShatner_49_m
460	AnneBaxter	31	AGE31	12501	12500_AnneBaxter_31_f
460	AnneBaxter	42	AGE42	12522	12521_AnneBaxter_42_f
460	AnneBaxter	28	AGE28	12499	12498_AnneBaxter_28_f
460	AnneBaxter	23	AGE23	12496	12495_AnneBaxter_23_f
460	AnneBaxter	53	AGE53	12517	12516_AnneBaxter_53_f
460	AnneBaxter	27	AGE27	12498	12497_AnneBaxter_27_f
460	AnneBaxter	36	AGE36	12506	12505_AnneBaxter_36_f
460	AnneBaxter	48	AGE48	12524	12523_AnneBaxter_48_f
460	AnneBaxter	17	AGE17	12488	12487_AnneBaxter_17_f
460	AnneBaxter	61	AGE61	12529	12528_AnneBaxter_61_f
460	AnneBaxter	41	AGE41	12510	12509_AnneBaxter_41_f
460	AnneBaxter	62	AGE62	12518	12517_AnneBaxter_62_f
460	AnneBaxter	38	AGE38	12521	12520_AnneBaxter_38_f
460	AnneBaxter	25	AGE25	12497	12496_AnneBaxter_25_f
460	AnneBaxter	44	AGE44	12512	12511_AnneBaxter_44_f
460	AnneBaxter	43	AGE43	12511	12510_AnneBaxter_43_f
460	AnneBaxter	59	AGE59	12527	12526_AnneBaxter_59_f
460	AnneBaxter	16	AGE16	12493	12492_AnneBaxter_16_f
460	AnneBaxter	60	AGE60	12528	12527_AnneBaxter_60_f
460	AnneBaxter	18	AGE18	12494	12493_AnneBaxter_18_f
460	AnneBaxter	32	AGE32	12502	12501_AnneBaxter_32_f
460	AnneBaxter	20	AGE20	12490	12489_AnneBaxter_20_f
460	AnneBaxter	22	AGE22	12495	12494_AnneBaxter_22_f
460	AnneBaxter	24	AGE24	12492	12491_AnneBaxter_24_f
460	AnneBaxter	21	AGE21	12491	12490_AnneBaxter_21_f
460	AnneBaxter	39	AGE39	12508	12507_AnneBaxter_39_f
460	AnneBaxter	56	AGE56	12525	12524_AnneBaxter_56_f
460	AnneBaxter	62	AGE62	12530	12529_AnneBaxter_62_f
460	AnneBaxter	51	AGE51	12516	12515_AnneBaxter_51_f
460	AnneBaxter	50	AGE50	12515	12514_AnneBaxter_50_f
460	AnneBaxter	40	AGE40	12509	12508_AnneBaxter_40_f
460	AnneBaxter	30	AGE30	12500	12499_AnneBaxter_30_f
460	AnneBaxter	26	AGE26	12519	12518_AnneBaxter_26_f
460	AnneBaxter	35	AGE35	12505	12504_AnneBaxter_35_f
460	AnneBaxter	19	AGE19	12489	12488_AnneBaxter_19_f
460	AnneBaxter	34	AGE34	12504	12503_AnneBaxter_34_f
460	AnneBaxter	46	AGE46	12523	12522_AnneBaxter_46_f
460	AnneBaxter	29	AGE29	12520	12519_AnneBaxter_29_f
460	AnneBaxter	58	AGE58	12526	12525_AnneBaxter_58_f
460	AnneBaxter	37	AGE37	12507	12506_AnneBaxter_37_f
460	AnneBaxter	49	AGE49	12514	12513_AnneBaxter_49_f
460	AnneBaxter	45	AGE45	12513	12512_AnneBaxter_45_f
460	AnneBaxter	33	AGE33	12503	12502_AnneBaxter_33_f
461	TimCurry	59	AGE59	1751	1750_TimCurry_59_m
461	TimCurry	60	AGE60	1752	1751_TimCurry_60_m
461	TimCurry	32	AGE32	1729	1728_TimCurry_32_m
461	TimCurry	53	AGE53	1745	1744_TimCurry_53_m
461	TimCurry	39	AGE39	1735	1734_TimCurry_39_m
461	TimCurry	62	AGE62	1754	1753_TimCurry_62_m
461	TimCurry	35	AGE35	1732	1731_TimCurry_35_m
461	TimCurry	44	AGE44	1737	1736_TimCurry_44_m
461	TimCurry	67	AGE67	1759	1758_TimCurry_67_m
461	TimCurry	48	AGE48	1741	1740_TimCurry_48_m
461	TimCurry	66	AGE66	1758	1757_TimCurry_66_m
461	TimCurry	25	AGE25	1724	1723_TimCurry_25_m
461	TimCurry	46	AGE46	1739	1738_TimCurry_46_m
461	TimCurry	63	AGE63	1755	1754_TimCurry_63_m
461	TimCurry	58	AGE58	1750	1749_TimCurry_58_m
461	TimCurry	26	AGE26	1725	1724_TimCurry_26_m
461	TimCurry	64	AGE64	1756	1755_TimCurry_64_m
461	TimCurry	45	AGE45	1738	1737_TimCurry_45_m
461	TimCurry	47	AGE47	1740	1739_TimCurry_47_m
461	TimCurry	37	AGE37	1734	1733_TimCurry_37_m
461	TimCurry	34	AGE34	1731	1730_TimCurry_34_m
461	TimCurry	29	AGE29	1727	1726_TimCurry_29_m
461	TimCurry	54	AGE54	1746	1745_TimCurry_54_m
461	TimCurry	51	AGE51	1743	1742_TimCurry_51_m
461	TimCurry	57	AGE57	1749	1748_TimCurry_57_m
461	TimCurry	56	AGE56	1748	1747_TimCurry_56_m
461	TimCurry	30	AGE30	1728	1727_TimCurry_30_m
461	TimCurry	52	AGE52	1744	1743_TimCurry_52_m
461	TimCurry	69	AGE69	1760	1759_TimCurry_69_m
461	TimCurry	28	AGE28	1726	1725_TimCurry_28_m
461	TimCurry	50	AGE50	1742	1741_TimCurry_50_m
461	TimCurry	61	AGE61	1753	1752_TimCurry_61_m
461	TimCurry	42	AGE42	1736	1735_TimCurry_42_m
461	TimCurry	65	AGE65	1757	1756_TimCurry_65_m
461	TimCurry	36	AGE36	1733	1732_TimCurry_36_m
461	TimCurry	33	AGE33	1730	1729_TimCurry_33_m
461	TimCurry	55	AGE55	1747	1746_TimCurry_55_m
462	KateOMara	73	AGE73	15624	15623_KateOMara_73_f
462	KateOMara	41	AGE41	15598	15597_KateOMara_41_f
462	KateOMara	35	AGE35	15592	15591_KateOMara_35_f
462	KateOMara	56	AGE56	15612	15611_KateOMara_56_f
462	KateOMara	42	AGE42	15599	15598_KateOMara_42_f
462	KateOMara	33	AGE33	15590	15589_KateOMara_33_f
462	KateOMara	29	AGE29	15586	15585_KateOMara_29_f
462	KateOMara	64	AGE64	15616	15615_KateOMara_64_f
462	KateOMara	31	AGE31	15588	15587_KateOMara_31_f
462	KateOMara	50	AGE50	15607	15606_KateOMara_50_f
462	KateOMara	62	AGE62	15615	15614_KateOMara_62_f
462	KateOMara	23	AGE23	15580	15579_KateOMara_23_f
462	KateOMara	38	AGE38	15596	15595_KateOMara_38_f
462	KateOMara	37	AGE37	15595	15594_KateOMara_37_f
462	KateOMara	36	AGE36	15594	15593_KateOMara_36_f
462	KateOMara	27	AGE27	15584	15583_KateOMara_27_f
462	KateOMara	70	AGE70	15622	15621_KateOMara_70_f
462	KateOMara	68	AGE68	15620	15619_KateOMara_68_f
462	KateOMara	25	AGE25	15582	15581_KateOMara_25_f
462	KateOMara	21	AGE21	15578	15577_KateOMara_21_f
462	KateOMara	58	AGE58	15614	15613_KateOMara_58_f
462	KateOMara	34	AGE34	15591	15590_KateOMara_34_f
462	KateOMara	57	AGE57	15613	15612_KateOMara_57_f
462	KateOMara	22	AGE22	15579	15578_KateOMara_22_f
462	KateOMara	69	AGE69	15621	15620_KateOMara_69_f
462	KateOMara	46	AGE46	15603	15602_KateOMara_46_f
462	KateOMara	39	AGE39	15597	15596_KateOMara_39_f
462	KateOMara	32	AGE32	15589	15588_KateOMara_32_f
462	KateOMara	75	AGE75	15625	15624_KateOMara_75_f
462	KateOMara	26	AGE26	15583	15582_KateOMara_26_f
462	KateOMara	47	AGE47	15604	15603_KateOMara_47_f
462	KateOMara	71	AGE71	15623	15622_KateOMara_71_f
462	KateOMara	43	AGE43	15600	15599_KateOMara_43_f
462	KateOMara	53	AGE53	15610	15609_KateOMara_53_f
462	KateOMara	28	AGE28	15585	15584_KateOMara_28_f
462	KateOMara	67	AGE67	15619	15618_KateOMara_67_f
462	KateOMara	45	AGE45	15602	15601_KateOMara_45_f
462	KateOMara	48	AGE48	15605	15604_KateOMara_48_f
462	KateOMara	65	AGE65	15617	15616_KateOMara_65_f
462	KateOMara	52	AGE52	15609	15608_KateOMara_52_f
462	KateOMara	24	AGE24	15581	15580_KateOMara_24_f
462	KateOMara	51	AGE51	15608	15607_KateOMara_51_f
462	KateOMara	54	AGE54	15611	15610_KateOMara_54_f
462	KateOMara	49	AGE49	15606	15605_KateOMara_49_f
462	KateOMara	36	AGE36	15593	15592_KateOMara_36_f
462	KateOMara	44	AGE44	15601	15600_KateOMara_44_f
462	KateOMara	66	AGE66	15618	15617_KateOMara_66_f
462	KateOMara	20	AGE20	15577	15576_KateOMara_20_f
462	KateOMara	30	AGE30	15587	15586_KateOMara_30_f
463	OrnellaMuti	39	AGE39	10776	10775_OrnellaMuti_39_f
463	OrnellaMuti	37	AGE37	10774	10773_OrnellaMuti_37_f
463	OrnellaMuti	54	AGE54	10789	10788_OrnellaMuti_54_f
463	OrnellaMuti	48	AGE48	10783	10782_OrnellaMuti_48_f
463	OrnellaMuti	18	AGE18	10755	10754_OrnellaMuti_18_f
463	OrnellaMuti	20	AGE20	10757	10756_OrnellaMuti_20_f
463	OrnellaMuti	52	AGE52	10787	10786_OrnellaMuti_52_f
463	OrnellaMuti	56	AGE56	10791	10790_OrnellaMuti_56_f
463	OrnellaMuti	28	AGE28	10765	10764_OrnellaMuti_28_f
463	OrnellaMuti	58	AGE58	10793	10792_OrnellaMuti_58_f
463	OrnellaMuti	57	AGE57	10792	10791_OrnellaMuti_57_f
463	OrnellaMuti	41	AGE41	10778	10777_OrnellaMuti_41_f
463	OrnellaMuti	59	AGE59	10794	10793_OrnellaMuti_59_f
463	OrnellaMuti	24	AGE24	10761	10760_OrnellaMuti_24_f
463	OrnellaMuti	51	AGE51	10786	10785_OrnellaMuti_51_f
463	OrnellaMuti	38	AGE38	10775	10774_OrnellaMuti_38_f
463	OrnellaMuti	42	AGE42	10779	10778_OrnellaMuti_42_f
463	OrnellaMuti	34	AGE34	10771	10770_OrnellaMuti_34_f
463	OrnellaMuti	19	AGE19	10756	10755_OrnellaMuti_19_f
463	OrnellaMuti	53	AGE53	10788	10787_OrnellaMuti_53_f
463	OrnellaMuti	40	AGE40	10777	10776_OrnellaMuti_40_f
463	OrnellaMuti	46	AGE46	10782	10781_OrnellaMuti_46_f
463	OrnellaMuti	22	AGE22	10759	10758_OrnellaMuti_22_f
463	OrnellaMuti	50	AGE50	10785	10784_OrnellaMuti_50_f
463	OrnellaMuti	31	AGE31	10768	10767_OrnellaMuti_31_f
463	OrnellaMuti	35	AGE35	10772	10771_OrnellaMuti_35_f
463	OrnellaMuti	32	AGE32	10769	10768_OrnellaMuti_32_f
463	OrnellaMuti	45	AGE45	10781	10780_OrnellaMuti_45_f
463	OrnellaMuti	55	AGE55	10790	10789_OrnellaMuti_55_f
463	OrnellaMuti	30	AGE30	10767	10766_OrnellaMuti_30_f
463	OrnellaMuti	15	AGE15	10753	10752_OrnellaMuti_15_f
463	OrnellaMuti	29	AGE29	10766	10765_OrnellaMuti_29_f
463	OrnellaMuti	33	AGE33	10770	10769_OrnellaMuti_33_f
463	OrnellaMuti	49	AGE49	10784	10783_OrnellaMuti_49_f
463	OrnellaMuti	43	AGE43	10780	10779_OrnellaMuti_43_f
463	OrnellaMuti	27	AGE27	10764	10763_OrnellaMuti_27_f
463	OrnellaMuti	21	AGE21	10758	10757_OrnellaMuti_21_f
463	OrnellaMuti	26	AGE26	10763	10762_OrnellaMuti_26_f
463	OrnellaMuti	36	AGE36	10773	10772_OrnellaMuti_36_f
463	OrnellaMuti	23	AGE23	10760	10759_OrnellaMuti_23_f
463	OrnellaMuti	16	AGE16	10754	10753_OrnellaMuti_16_f
463	OrnellaMuti	25	AGE25	10762	10761_OrnellaMuti_25_f
464	BetteMidler	52	AGE52	10460	10459_BetteMidler_52_f
464	BetteMidler	56	AGE56	10443	10442_BetteMidler_56_f
464	BetteMidler	38	AGE38	10474	10473_BetteMidler_38_f
464	BetteMidler	41	AGE41	10475	10474_BetteMidler_41_f
464	BetteMidler	53	AGE53	10471	10470_BetteMidler_53_f
464	BetteMidler	56	AGE56	10470	10469_BetteMidler_56_f
464	BetteMidler	35	AGE35	10459	10458_BetteMidler_35_f
464	BetteMidler	54	AGE54	10472	10471_BetteMidler_54_f
464	BetteMidler	50	AGE50	10457	10456_BetteMidler_50_f
464	BetteMidler	52	AGE52	10449	10448_BetteMidler_52_f
464	BetteMidler	48	AGE48	10469	10468_BetteMidler_48_f
464	BetteMidler	34	AGE34	10477	10476_BetteMidler_34_f
464	BetteMidler	32	AGE32	10452	10451_BetteMidler_32_f
464	BetteMidler	40	AGE40	10451	10450_BetteMidler_40_f
464	BetteMidler	35	AGE35	10467	10466_BetteMidler_35_f
464	BetteMidler	48	AGE48	10458	10457_BetteMidler_48_f
464	BetteMidler	29	AGE29	10442	10441_BetteMidler_29_f
464	BetteMidler	45	AGE45	10446	10445_BetteMidler_45_f
464	BetteMidler	41	AGE41	10461	10460_BetteMidler_41_f
464	BetteMidler	66	AGE66	10455	10454_BetteMidler_66_f
464	BetteMidler	48	AGE48	10463	10462_BetteMidler_48_f
464	BetteMidler	32	AGE32	10465	10464_BetteMidler_32_f
464	BetteMidler	51	AGE51	10448	10447_BetteMidler_51_f
464	BetteMidler	67	AGE67	10464	10463_BetteMidler_67_f
464	BetteMidler	48	AGE48	10447	10446_BetteMidler_48_f
464	BetteMidler	52	AGE52	10473	10472_BetteMidler_52_f
464	BetteMidler	42	AGE42	10462	10461_BetteMidler_42_f
464	BetteMidler	43	AGE43	10445	10444_BetteMidler_43_f
464	BetteMidler	68	AGE68	10476	10475_BetteMidler_68_f
464	BetteMidler	36	AGE36	10468	10467_BetteMidler_36_f
464	BetteMidler	57	AGE57	10444	10443_BetteMidler_57_f
464	BetteMidler	21	AGE21	10441	10440_BetteMidler_21_f
464	BetteMidler	30	AGE30	10456	10455_BetteMidler_30_f
464	BetteMidler	55	AGE55	10450	10449_BetteMidler_55_f
464	BetteMidler	65	AGE65	10454	10453_BetteMidler_65_f
464	BetteMidler	55	AGE55	10466	10465_BetteMidler_55_f
464	BetteMidler	62	AGE62	10453	10452_BetteMidler_62_f
465	JohnDRockefeller	61	AGE61	439	438_JohnDRockefeller_61_m
465	JohnDRockefeller	52	AGE52	442	441_JohnDRockefeller_52_m
465	JohnDRockefeller	76	AGE76	437	436_JohnDRockefeller_76_m
465	JohnDRockefeller	75	AGE75	441	440_JohnDRockefeller_75_m
465	JohnDRockefeller	36	AGE36	434	433_JohnDRockefeller_36_m
465	JohnDRockefeller	70	AGE70	427	426_JohnDRockefeller_70_m
465	JohnDRockefeller	65	AGE65	428	427_JohnDRockefeller_65_m
465	JohnDRockefeller	58	AGE58	431	430_JohnDRockefeller_58_m
465	JohnDRockefeller	52	AGE52	435	434_JohnDRockefeller_52_m
465	JohnDRockefeller	85	AGE85	429	428_JohnDRockefeller_85_m
465	JohnDRockefeller	75	AGE75	440	439_JohnDRockefeller_75_m
465	JohnDRockefeller	32	AGE32	433	432_JohnDRockefeller_32_m
465	JohnDRockefeller	90	AGE90	438	437_JohnDRockefeller_90_m
465	JohnDRockefeller	50	AGE50	432	431_JohnDRockefeller_50_m
465	JohnDRockefeller	70	AGE70	430	429_JohnDRockefeller_70_m
465	JohnDRockefeller	36	AGE36	436	435_JohnDRockefeller_36_m
465	JohnDRockefeller	31	AGE31	443	442_JohnDRockefeller_31_m
466	CharlesBronson	63	AGE63	8513	8512_CharlesBronson_63_m
466	CharlesBronson	48	AGE48	8515	8514_CharlesBronson_48_m
466	CharlesBronson	39	AGE39	8519	8518_CharlesBronson_39_m
466	CharlesBronson	75	AGE75	8522	8521_CharlesBronson_75_m
466	CharlesBronson	68	AGE68	8524	8523_CharlesBronson_68_m
466	CharlesBronson	22	AGE22	8523	8522_CharlesBronson_22_m
466	CharlesBronson	38	AGE38	8516	8515_CharlesBronson_38_m
466	CharlesBronson	63	AGE63	8529	8528_CharlesBronson_63_m
466	CharlesBronson	21	AGE21	8518	8517_CharlesBronson_21_m
466	CharlesBronson	68	AGE68	8514	8513_CharlesBronson_68_m
466	CharlesBronson	65	AGE65	8521	8520_CharlesBronson_65_m
466	CharlesBronson	65	AGE65	8525	8524_CharlesBronson_65_m
466	CharlesBronson	75	AGE75	8527	8526_CharlesBronson_75_m
466	CharlesBronson	65	AGE65	8528	8527_CharlesBronson_65_m
466	CharlesBronson	40	AGE40	8517	8516_CharlesBronson_40_m
466	CharlesBronson	45	AGE45	8520	8519_CharlesBronson_45_m
466	CharlesBronson	53	AGE53	8512	8511_CharlesBronson_53_m
466	CharlesBronson	63	AGE63	8526	8525_CharlesBronson_63_m
466	CharlesBronson	58	AGE58	8511	8510_CharlesBronson_58_m
467	BertrandRussell	88	AGE88	1368	1367_BertrandRussell_88_m
467	BertrandRussell	35	AGE35	1370	1369_BertrandRussell_35_m
467	BertrandRussell	89	AGE89	1359	1358_BertrandRussell_89_m
467	BertrandRussell	80	AGE80	1362	1361_BertrandRussell_80_m
467	BertrandRussell	50	AGE50	1354	1353_BertrandRussell_50_m
467	BertrandRussell	25	AGE25	1369	1368_BertrandRussell_25_m
467	BertrandRussell	85	AGE85	1367	1366_BertrandRussell_85_m
467	BertrandRussell	60	AGE60	1371	1370_BertrandRussell_60_m
467	BertrandRussell	60	AGE60	1365	1364_BertrandRussell_60_m
467	BertrandRussell	8	AGE8	1352	1351_BertrandRussell_8_m
467	BertrandRussell	65	AGE65	1356	1355_BertrandRussell_65_m
467	BertrandRussell	11	AGE11	1351	1350_BertrandRussell_11_m
467	BertrandRussell	78	AGE78	1360	1359_BertrandRussell_78_m
467	BertrandRussell	80	AGE80	1363	1362_BertrandRussell_80_m
467	BertrandRussell	88	AGE88	1372	1371_BertrandRussell_88_m
467	BertrandRussell	65	AGE65	1355	1354_BertrandRussell_65_m
467	BertrandRussell	78	AGE78	1364	1363_BertrandRussell_78_m
467	BertrandRussell	95	AGE95	1361	1360_BertrandRussell_95_m
467	BertrandRussell	75	AGE75	1358	1357_BertrandRussell_75_m
467	BertrandRussell	85	AGE85	1353	1352_BertrandRussell_85_m
467	BertrandRussell	50	AGE50	1366	1365_BertrandRussell_50_m
467	BertrandRussell	75	AGE75	1357	1356_BertrandRussell_75_m
468	BetteDavis	27	AGE27	13347	13346_BetteDavis_27_f
468	BetteDavis	70	AGE70	13373	13372_BetteDavis_70_f
468	BetteDavis	73	AGE73	13369	13368_BetteDavis_73_f
468	BetteDavis	42	AGE42	13357	13356_BetteDavis_42_f
468	BetteDavis	28	AGE28	13348	13347_BetteDavis_28_f
468	BetteDavis	33	AGE33	13351	13350_BetteDavis_33_f
468	BetteDavis	48	AGE48	13355	13354_BetteDavis_48_f
468	BetteDavis	37	AGE37	13353	13352_BetteDavis_37_f
468	BetteDavis	77	AGE77	13368	13367_BetteDavis_77_f
468	BetteDavis	23	AGE23	13365	13364_BetteDavis_23_f
468	BetteDavis	31	AGE31	13350	13349_BetteDavis_31_f
468	BetteDavis	51	AGE51	13359	13358_BetteDavis_51_f
468	BetteDavis	42	AGE42	13360	13359_BetteDavis_42_f
468	BetteDavis	25	AGE25	13345	13344_BetteDavis_25_f
468	BetteDavis	38	AGE38	13371	13370_BetteDavis_38_f
468	BetteDavis	55	AGE55	13363	13362_BetteDavis_55_f
468	BetteDavis	47	AGE47	13358	13357_BetteDavis_47_f
468	BetteDavis	26	AGE26	13346	13345_BetteDavis_26_f
468	BetteDavis	79	AGE79	13367	13366_BetteDavis_79_f
468	BetteDavis	70	AGE70	13364	13363_BetteDavis_70_f
468	BetteDavis	46	AGE46	13361	13360_BetteDavis_46_f
468	BetteDavis	54	AGE54	13362	13361_BetteDavis_54_f
468	BetteDavis	48	AGE48	13354	13353_BetteDavis_48_f
468	BetteDavis	48	AGE48	13372	13371_BetteDavis_48_f
468	BetteDavis	34	AGE34	13352	13351_BetteDavis_34_f
468	BetteDavis	34	AGE34	13370	13369_BetteDavis_34_f
468	BetteDavis	35	AGE35	13366	13365_BetteDavis_35_f
468	BetteDavis	30	AGE30	13349	13348_BetteDavis_30_f
468	BetteDavis	54	AGE54	13356	13355_BetteDavis_54_f
469	ClaudiaCardinale	72	AGE72	13004	13003_ClaudiaCardinale_72_f
469	ClaudiaCardinale	25	AGE25	12981	12980_ClaudiaCardinale_25_f
469	ClaudiaCardinale	47	AGE47	12997	12996_ClaudiaCardinale_47_f
469	ClaudiaCardinale	31	AGE31	12986	12985_ClaudiaCardinale_31_f
469	ClaudiaCardinale	21	AGE21	12977	12976_ClaudiaCardinale_21_f
469	ClaudiaCardinale	22	AGE22	12978	12977_ClaudiaCardinale_22_f
469	ClaudiaCardinale	27	AGE27	12983	12982_ClaudiaCardinale_27_f
469	ClaudiaCardinale	42	AGE42	13006	13005_ClaudiaCardinale_42_f
469	ClaudiaCardinale	43	AGE43	12995	12994_ClaudiaCardinale_43_f
469	ClaudiaCardinale	64	AGE64	13002	13001_ClaudiaCardinale_64_f
469	ClaudiaCardinale	34	AGE34	12988	12987_ClaudiaCardinale_34_f
469	ClaudiaCardinale	28	AGE28	12984	12983_ClaudiaCardinale_28_f
469	ClaudiaCardinale	44	AGE44	13007	13006_ClaudiaCardinale_44_f
469	ClaudiaCardinale	37	AGE37	12992	12991_ClaudiaCardinale_37_f
469	ClaudiaCardinale	36	AGE36	12991	12990_ClaudiaCardinale_36_f
469	ClaudiaCardinale	40	AGE40	12993	12992_ClaudiaCardinale_40_f
469	ClaudiaCardinale	71	AGE71	13003	13002_ClaudiaCardinale_71_f
469	ClaudiaCardinale	53	AGE53	13000	12999_ClaudiaCardinale_53_f
469	ClaudiaCardinale	30	AGE30	12985	12984_ClaudiaCardinale_30_f
469	ClaudiaCardinale	23	AGE23	12979	12978_ClaudiaCardinale_23_f
469	ClaudiaCardinale	40	AGE40	12994	12993_ClaudiaCardinale_40_f
469	ClaudiaCardinale	52	AGE52	12999	12998_ClaudiaCardinale_52_f
469	ClaudiaCardinale	32	AGE32	12987	12986_ClaudiaCardinale_32_f
469	ClaudiaCardinale	35	AGE35	12990	12989_ClaudiaCardinale_35_f
469	ClaudiaCardinale	74	AGE74	13005	13004_ClaudiaCardinale_74_f
469	ClaudiaCardinale	35	AGE35	12989	12988_ClaudiaCardinale_35_f
469	ClaudiaCardinale	26	AGE26	12982	12981_ClaudiaCardinale_26_f
469	ClaudiaCardinale	46	AGE46	12996	12995_ClaudiaCardinale_46_f
469	ClaudiaCardinale	64	AGE64	13001	13000_ClaudiaCardinale_64_f
469	ClaudiaCardinale	24	AGE24	12980	12979_ClaudiaCardinale_24_f
469	ClaudiaCardinale	50	AGE50	12998	12997_ClaudiaCardinale_50_f
470	FranklinDRoosevelt	47	AGE47	929	928_FranklinDRoosevelt_47_m
470	FranklinDRoosevelt	51	AGE51	937	936_FranklinDRoosevelt_51_m
470	FranklinDRoosevelt	31	AGE31	925	924_FranklinDRoosevelt_31_m
470	FranklinDRoosevelt	61	AGE61	944	943_FranklinDRoosevelt_61_m
470	FranklinDRoosevelt	38	AGE38	928	927_FranklinDRoosevelt_38_m
470	FranklinDRoosevelt	23	AGE23	940	939_FranklinDRoosevelt_23_m
470	FranklinDRoosevelt	55	AGE55	942	941_FranklinDRoosevelt_55_m
470	FranklinDRoosevelt	56	AGE56	931	930_FranklinDRoosevelt_56_m
470	FranklinDRoosevelt	52	AGE52	935	934_FranklinDRoosevelt_52_m
470	FranklinDRoosevelt	63	AGE63	927	926_FranklinDRoosevelt_63_m
470	FranklinDRoosevelt	15	AGE15	934	933_FranklinDRoosevelt_15_m
470	FranklinDRoosevelt	22	AGE22	936	935_FranklinDRoosevelt_22_m
470	FranklinDRoosevelt	58	AGE58	941	940_FranklinDRoosevelt_58_m
470	FranklinDRoosevelt	51	AGE51	943	942_FranklinDRoosevelt_51_m
470	FranklinDRoosevelt	50	AGE50	930	929_FranklinDRoosevelt_50_m
470	FranklinDRoosevelt	60	AGE60	933	932_FranklinDRoosevelt_60_m
470	FranklinDRoosevelt	53	AGE53	926	925_FranklinDRoosevelt_53_m
470	FranklinDRoosevelt	55	AGE55	939	938_FranklinDRoosevelt_55_m
470	FranklinDRoosevelt	59	AGE59	932	931_FranklinDRoosevelt_59_m
470	FranklinDRoosevelt	52	AGE52	938	937_FranklinDRoosevelt_52_m
471	ClaudetteColbert	33	AGE33	14682	14681_ClaudetteColbert_33_f
471	ClaudetteColbert	40	AGE40	14672	14671_ClaudetteColbert_40_f
471	ClaudetteColbert	41	AGE41	14673	14672_ClaudetteColbert_41_f
471	ClaudetteColbert	48	AGE48	14687	14686_ClaudetteColbert_48_f
471	ClaudetteColbert	58	AGE58	14679	14678_ClaudetteColbert_58_f
471	ClaudetteColbert	28	AGE28	14666	14665_ClaudetteColbert_28_f
471	ClaudetteColbert	32	AGE32	14689	14688_ClaudetteColbert_32_f
471	ClaudetteColbert	27	AGE27	14675	14674_ClaudetteColbert_27_f
471	ClaudetteColbert	29	AGE29	14667	14666_ClaudetteColbert_29_f
471	ClaudetteColbert	78	AGE78	14681	14680_ClaudetteColbert_78_f
471	ClaudetteColbert	34	AGE34	14692	14691_ClaudetteColbert_34_f
471	ClaudetteColbert	56	AGE56	14678	14677_ClaudetteColbert_56_f
471	ClaudetteColbert	24	AGE24	14664	14663_ClaudetteColbert_24_f
471	ClaudetteColbert	84	AGE84	14690	14689_ClaudetteColbert_84_f
471	ClaudetteColbert	25	AGE25	14665	14664_ClaudetteColbert_25_f
471	ClaudetteColbert	40	AGE40	14693	14692_ClaudetteColbert_40_f
471	ClaudetteColbert	53	AGE53	14677	14676_ClaudetteColbert_53_f
471	ClaudetteColbert	36	AGE36	14670	14669_ClaudetteColbert_36_f
471	ClaudetteColbert	42	AGE42	14674	14673_ClaudetteColbert_42_f
471	ClaudetteColbert	31	AGE31	14668	14667_ClaudetteColbert_31_f
471	ClaudetteColbert	72	AGE72	14663	14662_ClaudetteColbert_72_f
471	ClaudetteColbert	42	AGE42	14683	14682_ClaudetteColbert_42_f
471	ClaudetteColbert	44	AGE44	14684	14683_ClaudetteColbert_44_f
471	ClaudetteColbert	31	AGE31	14662	14661_ClaudetteColbert_31_f
471	ClaudetteColbert	81	AGE81	14680	14679_ClaudetteColbert_81_f
471	ClaudetteColbert	39	AGE39	14676	14675_ClaudetteColbert_39_f
471	ClaudetteColbert	50	AGE50	14688	14687_ClaudetteColbert_50_f
471	ClaudetteColbert	28	AGE28	14691	14690_ClaudetteColbert_28_f
471	ClaudetteColbert	37	AGE37	14671	14670_ClaudetteColbert_37_f
471	ClaudetteColbert	52	AGE52	14685	14684_ClaudetteColbert_52_f
471	ClaudetteColbert	47	AGE47	14686	14685_ClaudetteColbert_47_f
471	ClaudetteColbert	32	AGE32	14669	14668_ClaudetteColbert_32_f
472	StephenHawking	23	AGE23	1006	1005_StephenHawking_23_m
472	StephenHawking	48	AGE48	1023	1022_StephenHawking_48_m
472	StephenHawking	67	AGE67	1014	1013_StephenHawking_67_m
472	StephenHawking	43	AGE43	1008	1007_StephenHawking_43_m
472	StephenHawking	64	AGE64	1022	1021_StephenHawking_64_m
472	StephenHawking	53	AGE53	1020	1019_StephenHawking_53_m
472	StephenHawking	15	AGE15	1003	1002_StephenHawking_15_m
472	StephenHawking	53	AGE53	1017	1016_StephenHawking_53_m
472	StephenHawking	67	AGE67	1013	1012_StephenHawking_67_m
472	StephenHawking	65	AGE65	1018	1017_StephenHawking_65_m
472	StephenHawking	64	AGE64	1012	1011_StephenHawking_64_m
472	StephenHawking	43	AGE43	1009	1008_StephenHawking_43_m
472	StephenHawking	67	AGE67	1015	1014_StephenHawking_67_m
472	StephenHawking	65	AGE65	1021	1020_StephenHawking_65_m
472	StephenHawking	62	AGE62	1011	1010_StephenHawking_62_m
472	StephenHawking	36	AGE36	1007	1006_StephenHawking_36_m
472	StephenHawking	45	AGE45	1024	1023_StephenHawking_45_m
472	StephenHawking	46	AGE46	1010	1009_StephenHawking_46_m
472	StephenHawking	54	AGE54	1025	1024_StephenHawking_54_m
472	StephenHawking	43	AGE43	1005	1004_StephenHawking_43_m
472	StephenHawking	1	AGE1	1001	1000_StephenHawking_1_m
472	StephenHawking	21	AGE21	1004	1003_StephenHawking_21_m
472	StephenHawking	3	AGE3	1002	1001_StephenHawking_3_m
472	StephenHawking	66	AGE66	1019	1018_StephenHawking_66_m
472	StephenHawking	40	AGE40	1016	1015_StephenHawking_40_m
473	LizaMinelli	66	AGE66	11177	11176_LizaMinelli_66_f
473	LizaMinelli	31	AGE31	11159	11158_LizaMinelli_31_f
473	LizaMinelli	57	AGE57	11171	11170_LizaMinelli_57_f
473	LizaMinelli	30	AGE30	11180	11179_LizaMinelli_30_f
473	LizaMinelli	27	AGE27	11154	11153_LizaMinelli_27_f
473	LizaMinelli	63	AGE63	11175	11174_LizaMinelli_63_f
473	LizaMinelli	33	AGE33	11178	11177_LizaMinelli_33_f
473	LizaMinelli	29	AGE29	11156	11155_LizaMinelli_29_f
473	LizaMinelli	28	AGE28	11155	11154_LizaMinelli_28_f
473	LizaMinelli	64	AGE64	11176	11175_LizaMinelli_64_f
473	LizaMinelli	41	AGE41	11164	11163_LizaMinelli_41_f
473	LizaMinelli	43	AGE43	11166	11165_LizaMinelli_43_f
473	LizaMinelli	26	AGE26	11153	11152_LizaMinelli_26_f
473	LizaMinelli	42	AGE42	11165	11164_LizaMinelli_42_f
473	LizaMinelli	56	AGE56	11170	11169_LizaMinelli_56_f
473	LizaMinelli	53	AGE53	11168	11167_LizaMinelli_53_f
473	LizaMinelli	60	AGE60	11174	11173_LizaMinelli_60_f
473	LizaMinelli	58	AGE58	11172	11171_LizaMinelli_58_f
473	LizaMinelli	17	AGE17	11150	11149_LizaMinelli_17_f
473	LizaMinelli	31	AGE31	11158	11157_LizaMinelli_31_f
473	LizaMinelli	29	AGE29	11157	11156_LizaMinelli_29_f
473	LizaMinelli	45	AGE45	11167	11166_LizaMinelli_45_f
473	LizaMinelli	35	AGE35	11160	11159_LizaMinelli_35_f
473	LizaMinelli	24	AGE24	11152	11151_LizaMinelli_24_f
473	LizaMinelli	55	AGE55	11169	11168_LizaMinelli_55_f
473	LizaMinelli	32	AGE32	11179	11178_LizaMinelli_32_f
473	LizaMinelli	40	AGE40	11163	11162_LizaMinelli_40_f
473	LizaMinelli	36	AGE36	11161	11160_LizaMinelli_36_f
473	LizaMinelli	38	AGE38	11162	11161_LizaMinelli_38_f
473	LizaMinelli	23	AGE23	11151	11150_LizaMinelli_23_f
473	LizaMinelli	59	AGE59	11173	11172_LizaMinelli_59_f
474	TellySavalas	68	AGE68	7637	7636_TellySavalas_68_m
474	TellySavalas	52	AGE52	7627	7626_TellySavalas_52_m
474	TellySavalas	40	AGE40	7612	7611_TellySavalas_40_m
474	TellySavalas	49	AGE49	7623	7622_TellySavalas_49_m
474	TellySavalas	56	AGE56	7630	7629_TellySavalas_56_m
474	TellySavalas	51	AGE51	7625	7624_TellySavalas_51_m
474	TellySavalas	39	AGE39	7611	7610_TellySavalas_39_m
474	TellySavalas	57	AGE57	7631	7630_TellySavalas_57_m
474	TellySavalas	44	AGE44	7618	7617_TellySavalas_44_m
474	TellySavalas	58	AGE58	7632	7631_TellySavalas_58_m
474	TellySavalas	57	AGE57	7640	7639_TellySavalas_57_m
474	TellySavalas	43	AGE43	7617	7616_TellySavalas_43_m
474	TellySavalas	63	AGE63	7634	7633_TellySavalas_63_m
474	TellySavalas	50	AGE50	7638	7637_TellySavalas_50_m
474	TellySavalas	62	AGE62	7633	7632_TellySavalas_62_m
474	TellySavalas	42	AGE42	7616	7615_TellySavalas_42_m
474	TellySavalas	54	AGE54	7639	7638_TellySavalas_54_m
474	TellySavalas	55	AGE55	7629	7628_TellySavalas_55_m
474	TellySavalas	50	AGE50	7624	7623_TellySavalas_50_m
474	TellySavalas	40	AGE40	7613	7612_TellySavalas_40_m
474	TellySavalas	45	AGE45	7619	7618_TellySavalas_45_m
474	TellySavalas	51	AGE51	7626	7625_TellySavalas_51_m
474	TellySavalas	41	AGE41	7615	7614_TellySavalas_41_m
474	TellySavalas	53	AGE53	7628	7627_TellySavalas_53_m
474	TellySavalas	47	AGE47	7621	7620_TellySavalas_47_m
474	TellySavalas	41	AGE41	7614	7613_TellySavalas_41_m
474	TellySavalas	48	AGE48	7622	7621_TellySavalas_48_m
474	TellySavalas	66	AGE66	7636	7635_TellySavalas_66_m
474	TellySavalas	65	AGE65	7635	7634_TellySavalas_65_m
474	TellySavalas	46	AGE46	7620	7619_TellySavalas_46_m
475	NeildeGrasseTyson 	53	AGE53	16001	16000_NeildeGrasseTyson _53_m
475	NeildeGrasseTyson 	56	AGE56	16002	16001_NeildeGrasseTyson _56_m
475	NeildeGrasseTyson 	54	AGE54	16006	16005_NeildeGrasseTyson _54_m
475	NeildeGrasseTyson 	51	AGE51	16000	15999_NeildeGrasseTyson _51_m
475	NeildeGrasseTyson 	51	AGE51	16003	16002_NeildeGrasseTyson _51_m
475	NeildeGrasseTyson 	50	AGE50	16004	16003_NeildeGrasseTyson _50_m
475	NeildeGrasseTyson 	56	AGE56	16005	16004_NeildeGrasseTyson _56_m
476	RaquelWelch	25	AGE25	10828	10827_RaquelWelch_25_f
476	RaquelWelch	62	AGE62	10847	10846_RaquelWelch_62_f
476	RaquelWelch	23	AGE23	10852	10851_RaquelWelch_23_f
476	RaquelWelch	41	AGE41	10839	10838_RaquelWelch_41_f
476	RaquelWelch	38	AGE38	10837	10836_RaquelWelch_38_f
476	RaquelWelch	27	AGE27	10830	10829_RaquelWelch_27_f
476	RaquelWelch	34	AGE34	10835	10834_RaquelWelch_34_f
476	RaquelWelch	60	AGE60	10846	10845_RaquelWelch_60_f
476	RaquelWelch	36	AGE36	10836	10835_RaquelWelch_36_f
476	RaquelWelch	49	AGE49	10842	10841_RaquelWelch_49_f
476	RaquelWelch	66	AGE66	10849	10848_RaquelWelch_66_f
476	RaquelWelch	30	AGE30	10832	10831_RaquelWelch_30_f
476	RaquelWelch	28	AGE28	10831	10830_RaquelWelch_28_f
476	RaquelWelch	32	AGE32	10834	10833_RaquelWelch_32_f
476	RaquelWelch	47	AGE47	10841	10840_RaquelWelch_47_f
476	RaquelWelch	38	AGE38	10853	10852_RaquelWelch_38_f
476	RaquelWelch	26	AGE26	10829	10828_RaquelWelch_26_f
476	RaquelWelch	31	AGE31	10833	10832_RaquelWelch_31_f
476	RaquelWelch	39	AGE39	10838	10837_RaquelWelch_39_f
476	RaquelWelch	68	AGE68	10850	10849_RaquelWelch_68_f
476	RaquelWelch	40	AGE40	10854	10853_RaquelWelch_40_f
476	RaquelWelch	65	AGE65	10848	10847_RaquelWelch_65_f
476	RaquelWelch	58	AGE58	10845	10844_RaquelWelch_58_f
476	RaquelWelch	45	AGE45	10840	10839_RaquelWelch_45_f
476	RaquelWelch	56	AGE56	10844	10843_RaquelWelch_56_f
476	RaquelWelch	24	AGE24	10827	10826_RaquelWelch_24_f
476	RaquelWelch	70	AGE70	10851	10850_RaquelWelch_70_f
476	RaquelWelch	53	AGE53	10843	10842_RaquelWelch_53_f
477	GeorgeHWBush	84	AGE84	694	693_GeorgeHWBush_84_m
477	GeorgeHWBush	83	AGE83	688	687_GeorgeHWBush_83_m
477	GeorgeHWBush	83	AGE83	693	692_GeorgeHWBush_83_m
477	GeorgeHWBush	65	AGE65	695	694_GeorgeHWBush_65_m
477	GeorgeHWBush	78	AGE78	690	689_GeorgeHWBush_78_m
477	GeorgeHWBush	66	AGE66	691	690_GeorgeHWBush_66_m
477	GeorgeHWBush	65	AGE65	699	698_GeorgeHWBush_65_m
477	GeorgeHWBush	68	AGE68	698	697_GeorgeHWBush_68_m
477	GeorgeHWBush	58	AGE58	696	695_GeorgeHWBush_58_m
477	GeorgeHWBush	67	AGE67	692	691_GeorgeHWBush_67_m
477	GeorgeHWBush	76	AGE76	697	696_GeorgeHWBush_76_m
477	GeorgeHWBush	20	AGE20	689	688_GeorgeHWBush_20_m
478	FredAstaire	62	AGE62	7894	7893_FredAstaire_62_m
478	FredAstaire	45	AGE45	7886	7885_FredAstaire_45_m
478	FredAstaire	42	AGE42	7881	7880_FredAstaire_42_m
478	FredAstaire	37	AGE37	7887	7886_FredAstaire_37_m
478	FredAstaire	65	AGE65	7888	7887_FredAstaire_65_m
478	FredAstaire	41	AGE41	7896	7895_FredAstaire_41_m
478	FredAstaire	41	AGE41	7882	7881_FredAstaire_41_m
478	FredAstaire	75	AGE75	7903	7902_FredAstaire_75_m
478	FredAstaire	59	AGE59	7884	7883_FredAstaire_59_m
478	FredAstaire	38	AGE38	7893	7892_FredAstaire_38_m
478	FredAstaire	45	AGE45	7890	7889_FredAstaire_45_m
478	FredAstaire	37	AGE37	7901	7900_FredAstaire_37_m
478	FredAstaire	54	AGE54	7885	7884_FredAstaire_54_m
478	FredAstaire	42	AGE42	7900	7899_FredAstaire_42_m
478	FredAstaire	21	AGE21	7892	7891_FredAstaire_21_m
478	FredAstaire	20	AGE20	7902	7901_FredAstaire_20_m
478	FredAstaire	37	AGE37	7891	7890_FredAstaire_37_m
478	FredAstaire	42	AGE42	7898	7897_FredAstaire_42_m
478	FredAstaire	36	AGE36	7895	7894_FredAstaire_36_m
478	FredAstaire	51	AGE51	7899	7898_FredAstaire_51_m
478	FredAstaire	56	AGE56	7889	7888_FredAstaire_56_m
478	FredAstaire	82	AGE82	7897	7896_FredAstaire_82_m
478	FredAstaire	82	AGE82	7883	7882_FredAstaire_82_m
479	PeterUstinov	67	AGE67	8205	8204_PeterUstinov_67_m
479	PeterUstinov	68	AGE68	8209	8208_PeterUstinov_68_m
479	PeterUstinov	34	AGE34	8206	8205_PeterUstinov_34_m
479	PeterUstinov	75	AGE75	8201	8200_PeterUstinov_75_m
479	PeterUstinov	20	AGE20	8188	8187_PeterUstinov_20_m
479	PeterUstinov	70	AGE70	8192	8191_PeterUstinov_70_m
479	PeterUstinov	55	AGE55	8213	8212_PeterUstinov_55_m
479	PeterUstinov	30	AGE30	8208	8207_PeterUstinov_30_m
479	PeterUstinov	43	AGE43	8210	8209_PeterUstinov_43_m
479	PeterUstinov	48	AGE48	8193	8192_PeterUstinov_48_m
479	PeterUstinov	52	AGE52	8190	8189_PeterUstinov_52_m
479	PeterUstinov	18	AGE18	8191	8190_PeterUstinov_18_m
479	PeterUstinov	75	AGE75	8189	8188_PeterUstinov_75_m
479	PeterUstinov	70	AGE70	8197	8196_PeterUstinov_70_m
479	PeterUstinov	72	AGE72	8196	8195_PeterUstinov_72_m
479	PeterUstinov	43	AGE43	8194	8193_PeterUstinov_43_m
479	PeterUstinov	19	AGE19	8187	8186_PeterUstinov_19_m
479	PeterUstinov	38	AGE38	8204	8203_PeterUstinov_38_m
479	PeterUstinov	40	AGE40	8202	8201_PeterUstinov_40_m
479	PeterUstinov	33	AGE33	8216	8215_PeterUstinov_33_m
479	PeterUstinov	50	AGE50	8211	8210_PeterUstinov_50_m
479	PeterUstinov	28	AGE28	8207	8206_PeterUstinov_28_m
479	PeterUstinov	72	AGE72	8198	8197_PeterUstinov_72_m
479	PeterUstinov	73	AGE73	8203	8202_PeterUstinov_73_m
479	PeterUstinov	35	AGE35	8199	8198_PeterUstinov_35_m
479	PeterUstinov	70	AGE70	8200	8199_PeterUstinov_70_m
479	PeterUstinov	72	AGE72	8214	8213_PeterUstinov_72_m
479	PeterUstinov	48	AGE48	8215	8214_PeterUstinov_48_m
479	PeterUstinov	52	AGE52	8212	8211_PeterUstinov_52_m
479	PeterUstinov	68	AGE68	8195	8194_PeterUstinov_68_m
480	JeanGabin	54	AGE54	5329	5328_JeanGabin_54_m
480	JeanGabin	63	AGE63	5326	5325_JeanGabin_63_m
480	JeanGabin	65	AGE65	5336	5335_JeanGabin_65_m
480	JeanGabin	52	AGE52	5327	5326_JeanGabin_52_m
480	JeanGabin	42	AGE42	5335	5334_JeanGabin_42_m
480	JeanGabin	54	AGE54	5333	5332_JeanGabin_54_m
480	JeanGabin	46	AGE46	5325	5324_JeanGabin_46_m
480	JeanGabin	32	AGE32	5337	5336_JeanGabin_32_m
480	JeanGabin	52	AGE52	5332	5331_JeanGabin_52_m
480	JeanGabin	45	AGE45	5338	5337_JeanGabin_45_m
480	JeanGabin	54	AGE54	5334	5333_JeanGabin_54_m
480	JeanGabin	52	AGE52	5328	5327_JeanGabin_52_m
480	JeanGabin	70	AGE70	5330	5329_JeanGabin_70_m
480	JeanGabin	51	AGE51	5331	5330_JeanGabin_51_m
481	AndreMarieAmp╨Ъre	38	AGE38	1252	1251_AndreMarieAmp╨Ъre_38_m
481	AndreMarieAmp╨Ъre	30	AGE30	1250	1249_AndreMarieAmp╨Ъre_30_m
481	AndreMarieAmp╨Ъre	28	AGE28	1251	1250_AndreMarieAmp╨Ъre_28_m
481	AndreMarieAmp╨Ъre	35	AGE35	1248	1247_AndreMarieAmp╨Ъre_35_m
481	AndreMarieAmp╨Ъre	25	AGE25	1249	1248_AndreMarieAmp╨Ъre_25_m
482	JuneLockhart	80	AGE80	11141	11140_JuneLockhart_80_f
482	JuneLockhart	46	AGE46	11129	11128_JuneLockhart_46_f
482	JuneLockhart	23	AGE23	11118	11117_JuneLockhart_23_f
482	JuneLockhart	18	AGE18	11116	11115_JuneLockhart_18_f
482	JuneLockhart	42	AGE42	11127	11126_JuneLockhart_42_f
482	JuneLockhart	28	AGE28	11120	11119_JuneLockhart_28_f
482	JuneLockhart	60	AGE60	11133	11132_JuneLockhart_60_f
482	JuneLockhart	13	AGE13	11113	11112_JuneLockhart_13_f
482	JuneLockhart	56	AGE56	11132	11131_JuneLockhart_56_f
482	JuneLockhart	15	AGE15	11114	11113_JuneLockhart_15_f
482	JuneLockhart	83	AGE83	11144	11143_JuneLockhart_83_f
482	JuneLockhart	27	AGE27	11119	11118_JuneLockhart_27_f
482	JuneLockhart	40	AGE40	11125	11124_JuneLockhart_40_f
482	JuneLockhart	66	AGE66	11136	11135_JuneLockhart_66_f
482	JuneLockhart	86	AGE86	11146	11145_JuneLockhart_86_f
482	JuneLockhart	84	AGE84	11145	11144_JuneLockhart_84_f
482	JuneLockhart	63	AGE63	11134	11133_JuneLockhart_63_f
482	JuneLockhart	50	AGE50	11131	11130_JuneLockhart_50_f
482	JuneLockhart	48	AGE48	11130	11129_JuneLockhart_48_f
482	JuneLockhart	68	AGE68	11137	11136_JuneLockhart_68_f
482	JuneLockhart	21	AGE21	11117	11116_JuneLockhart_21_f
482	JuneLockhart	16	AGE16	11115	11114_JuneLockhart_16_f
482	JuneLockhart	82	AGE82	11143	11142_JuneLockhart_82_f
482	JuneLockhart	33	AGE33	11121	11120_JuneLockhart_33_f
482	JuneLockhart	36	AGE36	11124	11123_JuneLockhart_36_f
482	JuneLockhart	88	AGE88	11148	11147_JuneLockhart_88_f
482	JuneLockhart	81	AGE81	11142	11141_JuneLockhart_81_f
482	JuneLockhart	78	AGE78	11139	11138_JuneLockhart_78_f
482	JuneLockhart	79	AGE79	11140	11139_JuneLockhart_79_f
482	JuneLockhart	73	AGE73	11138	11137_JuneLockhart_73_f
482	JuneLockhart	34	AGE34	11122	11121_JuneLockhart_34_f
482	JuneLockhart	44	AGE44	11128	11127_JuneLockhart_44_f
482	JuneLockhart	65	AGE65	11135	11134_JuneLockhart_65_f
482	JuneLockhart	41	AGE41	11126	11125_JuneLockhart_41_f
482	JuneLockhart	35	AGE35	11123	11122_JuneLockhart_35_f
482	JuneLockhart	87	AGE87	11147	11146_JuneLockhart_87_f
482	JuneLockhart	89	AGE89	11149	11148_JuneLockhart_89_f
483	Bono	39	AGE39	1543	1542_Bono_39_m
483	Bono	37	AGE37	1541	1540_Bono_37_m
483	Bono	47	AGE47	1551	1550_Bono_47_m
483	Bono	40	AGE40	1544	1543_Bono_40_m
483	Bono	27	AGE27	1534	1533_Bono_27_m
483	Bono	28	AGE28	1535	1534_Bono_28_m
483	Bono	35	AGE35	1540	1539_Bono_35_m
483	Bono	30	AGE30	1536	1535_Bono_30_m
483	Bono	3	AGE3	1525	1524_Bono_3_m
483	Bono	53	AGE53	1556	1555_Bono_53_m
483	Bono	45	AGE45	1549	1548_Bono_45_m
483	Bono	48	AGE48	1552	1551_Bono_48_m
483	Bono	26	AGE26	1533	1532_Bono_26_m
483	Bono	22	AGE22	1529	1528_Bono_22_m
483	Bono	50	AGE50	1554	1553_Bono_50_m
483	Bono	23	AGE23	1530	1529_Bono_23_m
483	Bono	38	AGE38	1542	1541_Bono_38_m
483	Bono	18	AGE18	1526	1525_Bono_18_m
483	Bono	43	AGE43	1547	1546_Bono_43_m
483	Bono	32	AGE32	1537	1536_Bono_32_m
483	Bono	46	AGE46	1550	1549_Bono_46_m
483	Bono	49	AGE49	1553	1552_Bono_49_m
483	Bono	41	AGE41	1545	1544_Bono_41_m
483	Bono	44	AGE44	1548	1547_Bono_44_m
483	Bono	21	AGE21	1528	1527_Bono_21_m
483	Bono	51	AGE51	1555	1554_Bono_51_m
483	Bono	34	AGE34	1539	1538_Bono_34_m
483	Bono	54	AGE54	1557	1556_Bono_54_m
483	Bono	24	AGE24	1531	1530_Bono_24_m
483	Bono	33	AGE33	1538	1537_Bono_33_m
483	Bono	42	AGE42	1546	1545_Bono_42_m
483	Bono	55	AGE55	1558	1557_Bono_55_m
483	Bono	20	AGE20	1527	1526_Bono_20_m
483	Bono	25	AGE25	1532	1531_Bono_25_m
484	JackLarson	74	AGE74	5940	5939_JackLarson_74_m
484	JackLarson	37	AGE37	5931	5930_JackLarson_37_m
484	JackLarson	24	AGE24	5926	5925_JackLarson_24_m
484	JackLarson	26	AGE26	5927	5926_JackLarson_26_m
484	JackLarson	84	AGE84	5949	5948_JackLarson_84_m
484	JackLarson	22	AGE22	5924	5923_JackLarson_22_m
484	JackLarson	76	AGE76	5941	5940_JackLarson_76_m
484	JackLarson	73	AGE73	5939	5938_JackLarson_73_m
484	JackLarson	82	AGE82	5947	5946_JackLarson_82_m
484	JackLarson	62	AGE62	5935	5934_JackLarson_62_m
484	JackLarson	81	AGE81	5946	5945_JackLarson_81_m
484	JackLarson	69	AGE69	5937	5936_JackLarson_69_m
484	JackLarson	67	AGE67	5936	5935_JackLarson_67_m
484	JackLarson	40	AGE40	5932	5931_JackLarson_40_m
484	JackLarson	30	AGE30	5929	5928_JackLarson_30_m
484	JackLarson	83	AGE83	5948	5947_JackLarson_83_m
484	JackLarson	77	AGE77	5942	5941_JackLarson_77_m
484	JackLarson	23	AGE23	5925	5924_JackLarson_23_m
484	JackLarson	32	AGE32	5930	5929_JackLarson_32_m
484	JackLarson	72	AGE72	5938	5937_JackLarson_72_m
484	JackLarson	57	AGE57	5934	5933_JackLarson_57_m
484	JackLarson	80	AGE80	5945	5944_JackLarson_80_m
484	JackLarson	45	AGE45	5933	5932_JackLarson_45_m
484	JackLarson	79	AGE79	5944	5943_JackLarson_79_m
484	JackLarson	78	AGE78	5943	5942_JackLarson_78_m
484	JackLarson	27	AGE27	5928	5927_JackLarson_27_m
485	DanaAndrews	38	AGE38	6139	6138_DanaAndrews_38_m
485	DanaAndrews	60	AGE60	6154	6153_DanaAndrews_60_m
485	DanaAndrews	63	AGE63	6159	6158_DanaAndrews_63_m
485	DanaAndrews	59	AGE59	6153	6152_DanaAndrews_59_m
485	DanaAndrews	66	AGE66	6160	6159_DanaAndrews_66_m
485	DanaAndrews	45	AGE45	6144	6143_DanaAndrews_45_m
485	DanaAndrews	73	AGE73	6164	6163_DanaAndrews_73_m
485	DanaAndrews	74	AGE74	6165	6164_DanaAndrews_74_m
485	DanaAndrews	70	AGE70	6162	6161_DanaAndrews_70_m
485	DanaAndrews	47	AGE47	6146	6145_DanaAndrews_47_m
485	DanaAndrews	57	AGE57	6151	6150_DanaAndrews_57_m
485	DanaAndrews	15	AGE15	6131	6130_DanaAndrews_15_m
485	DanaAndrews	48	AGE48	6147	6146_DanaAndrews_48_m
485	DanaAndrews	61	AGE61	6155	6154_DanaAndrews_61_m
485	DanaAndrews	68	AGE68	6161	6160_DanaAndrews_68_m
485	DanaAndrews	53	AGE53	6150	6149_DanaAndrews_53_m
485	DanaAndrews	37	AGE37	6133	6132_DanaAndrews_37_m
485	DanaAndrews	51	AGE51	6149	6148_DanaAndrews_51_m
485	DanaAndrews	43	AGE43	6142	6141_DanaAndrews_43_m
485	DanaAndrews	50	AGE50	6156	6155_DanaAndrews_50_m
485	DanaAndrews	54	AGE54	6157	6156_DanaAndrews_54_m
485	DanaAndrews	81	AGE81	6168	6167_DanaAndrews_81_m
485	DanaAndrews	39	AGE39	6134	6133_DanaAndrews_39_m
485	DanaAndrews	36	AGE36	6138	6137_DanaAndrews_36_m
485	DanaAndrews	72	AGE72	6163	6162_DanaAndrews_72_m
485	DanaAndrews	42	AGE42	6141	6140_DanaAndrews_42_m
485	DanaAndrews	40	AGE40	6135	6134_DanaAndrews_40_m
485	DanaAndrews	58	AGE58	6152	6151_DanaAndrews_58_m
485	DanaAndrews	44	AGE44	6143	6142_DanaAndrews_44_m
485	DanaAndrews	76	AGE76	6166	6165_DanaAndrews_76_m
485	DanaAndrews	35	AGE35	6132	6131_DanaAndrews_35_m
485	DanaAndrews	33	AGE33	6136	6135_DanaAndrews_33_m
485	DanaAndrews	49	AGE49	6148	6147_DanaAndrews_49_m
485	DanaAndrews	41	AGE41	6140	6139_DanaAndrews_41_m
485	DanaAndrews	46	AGE46	6145	6144_DanaAndrews_46_m
485	DanaAndrews	34	AGE34	6137	6136_DanaAndrews_34_m
485	DanaAndrews	56	AGE56	6158	6157_DanaAndrews_56_m
485	DanaAndrews	81	AGE81	6169	6168_DanaAndrews_81_m
485	DanaAndrews	78	AGE78	6167	6166_DanaAndrews_78_m
486	MuhammadAli	33	AGE33	15996	15995_MuhammadAli_33_m
486	MuhammadAli	23	AGE23	15985	15984_MuhammadAli_23_m
486	MuhammadAli	22	AGE22	15995	15994_MuhammadAli_22_m
486	MuhammadAli	42	AGE42	15977	15976_MuhammadAli_42_m
486	MuhammadAli	45	AGE45	15988	15987_MuhammadAli_45_m
486	MuhammadAli	23	AGE23	15986	15985_MuhammadAli_23_m
486	MuhammadAli	28	AGE28	15983	15982_MuhammadAli_28_m
486	MuhammadAli	30	AGE30	15999	15998_MuhammadAli_30_m
486	MuhammadAli	23	AGE23	15976	15975_MuhammadAli_23_m
486	MuhammadAli	12	AGE12	15973	15972_MuhammadAli_12_m
486	MuhammadAli	18	AGE18	15975	15974_MuhammadAli_18_m
486	MuhammadAli	32	AGE32	15980	15979_MuhammadAli_32_m
486	MuhammadAli	25	AGE25	15997	15996_MuhammadAli_25_m
486	MuhammadAli	64	AGE64	15991	15990_MuhammadAli_64_m
486	MuhammadAli	54	AGE54	15993	15992_MuhammadAli_54_m
486	MuhammadAli	24	AGE24	15979	15978_MuhammadAli_24_m
486	MuhammadAli	41	AGE41	15982	15981_MuhammadAli_41_m
486	MuhammadAli	31	AGE31	15992	15991_MuhammadAli_31_m
486	MuhammadAli	32	AGE32	15984	15983_MuhammadAli_32_m
486	MuhammadAli	18	AGE18	15974	15973_MuhammadAli_18_m
486	MuhammadAli	40	AGE40	15987	15986_MuhammadAli_40_m
486	MuhammadAli	63	AGE63	15978	15977_MuhammadAli_63_m
486	MuhammadAli	20	AGE20	15994	15993_MuhammadAli_20_m
486	MuhammadAli	46	AGE46	15998	15997_MuhammadAli_46_m
486	MuhammadAli	36	AGE36	15981	15980_MuhammadAli_36_m
486	MuhammadAli	21	AGE21	15990	15989_MuhammadAli_21_m
486	MuhammadAli	25	AGE25	16007	16006_MuhammadAli_25_m
486	MuhammadAli	12	AGE12	15989	15988_MuhammadAli_12_m
487	JaneWyman	32	AGE32	13160	13159_JaneWyman_32_f
487	JaneWyman	22	AGE22	13158	13157_JaneWyman_22_f
487	JaneWyman	52	AGE52	13157	13156_JaneWyman_52_f
487	JaneWyman	33	AGE33	13161	13160_JaneWyman_33_f
487	JaneWyman	28	AGE28	13147	13146_JaneWyman_28_f
487	JaneWyman	30	AGE30	13166	13165_JaneWyman_30_f
487	JaneWyman	68	AGE68	13156	13155_JaneWyman_68_f
487	JaneWyman	24	AGE24	13144	13143_JaneWyman_24_f
487	JaneWyman	26	AGE26	13153	13152_JaneWyman_26_f
487	JaneWyman	31	AGE31	13142	13141_JaneWyman_31_f
487	JaneWyman	38	AGE38	13151	13150_JaneWyman_38_f
487	JaneWyman	45	AGE45	13149	13148_JaneWyman_45_f
487	JaneWyman	38	AGE38	13141	13140_JaneWyman_38_f
487	JaneWyman	36	AGE36	13167	13166_JaneWyman_36_f
487	JaneWyman	40	AGE40	13155	13154_JaneWyman_40_f
487	JaneWyman	31	AGE31	13159	13158_JaneWyman_31_f
487	JaneWyman	27	AGE27	13146	13145_JaneWyman_27_f
487	JaneWyman	38	AGE38	13162	13161_JaneWyman_38_f
487	JaneWyman	56	AGE56	13152	13151_JaneWyman_56_f
487	JaneWyman	35	AGE35	13148	13147_JaneWyman_35_f
487	JaneWyman	42	AGE42	13163	13162_JaneWyman_42_f
487	JaneWyman	67	AGE67	13169	13168_JaneWyman_67_f
487	JaneWyman	26	AGE26	13145	13144_JaneWyman_26_f
487	JaneWyman	28	AGE28	13164	13163_JaneWyman_28_f
487	JaneWyman	23	AGE23	13165	13164_JaneWyman_23_f
487	JaneWyman	24	AGE24	13143	13142_JaneWyman_24_f
487	JaneWyman	31	AGE31	13150	13149_JaneWyman_31_f
487	JaneWyman	72	AGE72	13154	13153_JaneWyman_72_f
487	JaneWyman	36	AGE36	13168	13167_JaneWyman_36_f
488	DickVanDyke	79	AGE79	4116	4115_DickVanDyke_79_m
488	DickVanDyke	81	AGE81	4118	4117_DickVanDyke_81_m
488	DickVanDyke	42	AGE42	4096	4095_DickVanDyke_42_m
488	DickVanDyke	39	AGE39	4092	4091_DickVanDyke_39_m
488	DickVanDyke	45	AGE45	4100	4099_DickVanDyke_45_m
488	DickVanDyke	86	AGE86	4122	4121_DickVanDyke_86_m
488	DickVanDyke	65	AGE65	4111	4110_DickVanDyke_65_m
488	DickVanDyke	89	AGE89	4123	4122_DickVanDyke_89_m
488	DickVanDyke	62	AGE62	4109	4108_DickVanDyke_62_m
488	DickVanDyke	70	AGE70	4113	4112_DickVanDyke_70_m
488	DickVanDyke	42	AGE42	4095	4094_DickVanDyke_42_m
488	DickVanDyke	51	AGE51	4105	4104_DickVanDyke_51_m
488	DickVanDyke	75	AGE75	4115	4114_DickVanDyke_75_m
488	DickVanDyke	37	AGE37	4091	4090_DickVanDyke_37_m
488	DickVanDyke	80	AGE80	4117	4116_DickVanDyke_80_m
488	DickVanDyke	46	AGE46	4101	4100_DickVanDyke_46_m
488	DickVanDyke	73	AGE73	4114	4113_DickVanDyke_73_m
488	DickVanDyke	54	AGE54	4107	4106_DickVanDyke_54_m
488	DickVanDyke	84	AGE84	4121	4120_DickVanDyke_84_m
488	DickVanDyke	40	AGE40	4093	4092_DickVanDyke_40_m
488	DickVanDyke	41	AGE41	4094	4093_DickVanDyke_41_m
488	DickVanDyke	44	AGE44	4099	4098_DickVanDyke_44_m
488	DickVanDyke	36	AGE36	4089	4088_DickVanDyke_36_m
488	DickVanDyke	36	AGE36	4090	4089_DickVanDyke_36_m
488	DickVanDyke	52	AGE52	4106	4105_DickVanDyke_52_m
488	DickVanDyke	49	AGE49	4103	4102_DickVanDyke_49_m
488	DickVanDyke	47	AGE47	4102	4101_DickVanDyke_47_m
488	DickVanDyke	82	AGE82	4119	4118_DickVanDyke_82_m
488	DickVanDyke	50	AGE50	4104	4103_DickVanDyke_50_m
488	DickVanDyke	43	AGE43	4097	4096_DickVanDyke_43_m
488	DickVanDyke	35	AGE35	4088	4087_DickVanDyke_35_m
488	DickVanDyke	43	AGE43	4098	4097_DickVanDyke_43_m
488	DickVanDyke	68	AGE68	4112	4111_DickVanDyke_68_m
488	DickVanDyke	83	AGE83	4120	4119_DickVanDyke_83_m
488	DickVanDyke	61	AGE61	4108	4107_DickVanDyke_61_m
488	DickVanDyke	63	AGE63	4110	4109_DickVanDyke_63_m
489	MarleneDietrich	33	AGE33	14718	14717_MarleneDietrich_33_f
489	MarleneDietrich	56	AGE56	14739	14738_MarleneDietrich_56_f
489	MarleneDietrich	69	AGE69	14746	14745_MarleneDietrich_69_f
489	MarleneDietrich	58	AGE58	14741	14740_MarleneDietrich_58_f
489	MarleneDietrich	44	AGE44	14729	14728_MarleneDietrich_44_f
489	MarleneDietrich	54	AGE54	14736	14735_MarleneDietrich_54_f
489	MarleneDietrich	71	AGE71	14748	14747_MarleneDietrich_71_f
489	MarleneDietrich	67	AGE67	14745	14744_MarleneDietrich_67_f
489	MarleneDietrich	56	AGE56	14738	14737_MarleneDietrich_56_f
489	MarleneDietrich	41	AGE41	14726	14725_MarleneDietrich_41_f
489	MarleneDietrich	73	AGE73	14750	14749_MarleneDietrich_73_f
489	MarleneDietrich	72	AGE72	14749	14748_MarleneDietrich_72_f
489	MarleneDietrich	36	AGE36	14721	14720_MarleneDietrich_36_f
489	MarleneDietrich	70	AGE70	14747	14746_MarleneDietrich_70_f
489	MarleneDietrich	34	AGE34	14719	14718_MarleneDietrich_34_f
489	MarleneDietrich	29	AGE29	14714	14713_MarleneDietrich_29_f
489	MarleneDietrich	35	AGE35	14720	14719_MarleneDietrich_35_f
489	MarleneDietrich	30	AGE30	14715	14714_MarleneDietrich_30_f
489	MarleneDietrich	55	AGE55	14737	14736_MarleneDietrich_55_f
489	MarleneDietrich	49	AGE49	14732	14731_MarleneDietrich_49_f
489	MarleneDietrich	62	AGE62	14742	14741_MarleneDietrich_62_f
489	MarleneDietrich	31	AGE31	14716	14715_MarleneDietrich_31_f
489	MarleneDietrich	51	AGE51	14734	14733_MarleneDietrich_51_f
489	MarleneDietrich	49	AGE49	14733	14732_MarleneDietrich_49_f
489	MarleneDietrich	52	AGE52	14735	14734_MarleneDietrich_52_f
489	MarleneDietrich	74	AGE74	14751	14750_MarleneDietrich_74_f
489	MarleneDietrich	36	AGE36	14722	14721_MarleneDietrich_36_f
489	MarleneDietrich	43	AGE43	14728	14727_MarleneDietrich_43_f
489	MarleneDietrich	63	AGE63	14743	14742_MarleneDietrich_63_f
489	MarleneDietrich	39	AGE39	14724	14723_MarleneDietrich_39_f
489	MarleneDietrich	46	AGE46	14730	14729_MarleneDietrich_46_f
489	MarleneDietrich	32	AGE32	14717	14716_MarleneDietrich_32_f
489	MarleneDietrich	40	AGE40	14725	14724_MarleneDietrich_40_f
489	MarleneDietrich	37	AGE37	14723	14722_MarleneDietrich_37_f
489	MarleneDietrich	43	AGE43	14727	14726_MarleneDietrich_43_f
489	MarleneDietrich	58	AGE58	14740	14739_MarleneDietrich_58_f
489	MarleneDietrich	28	AGE28	14713	14712_MarleneDietrich_28_f
489	MarleneDietrich	47	AGE47	14731	14730_MarleneDietrich_47_f
489	MarleneDietrich	66	AGE66	14744	14743_MarleneDietrich_66_f
490	Gaddafi	27	AGE27	949	948_Gaddafi_27_m
490	Gaddafi	50	AGE50	968	967_Gaddafi_50_m
490	Gaddafi	28	AGE28	969	968_Gaddafi_28_m
490	Gaddafi	45	AGE45	946	945_Gaddafi_45_m
490	Gaddafi	32	AGE32	974	973_Gaddafi_32_m
490	Gaddafi	60	AGE60	971	970_Gaddafi_60_m
490	Gaddafi	68	AGE68	962	961_Gaddafi_68_m
490	Gaddafi	40	AGE40	965	964_Gaddafi_40_m
490	Gaddafi	62	AGE62	951	950_Gaddafi_62_m
490	Gaddafi	52	AGE52	964	963_Gaddafi_52_m
490	Gaddafi	40	AGE40	966	965_Gaddafi_40_m
490	Gaddafi	38	AGE38	975	974_Gaddafi_38_m
490	Gaddafi	35	AGE35	954	953_Gaddafi_35_m
490	Gaddafi	30	AGE30	960	959_Gaddafi_30_m
490	Gaddafi	51	AGE51	956	955_Gaddafi_51_m
490	Gaddafi	52	AGE52	973	972_Gaddafi_52_m
490	Gaddafi	27	AGE27	952	951_Gaddafi_27_m
490	Gaddafi	36	AGE36	950	949_Gaddafi_36_m
490	Gaddafi	48	AGE48	955	954_Gaddafi_48_m
490	Gaddafi	38	AGE38	959	958_Gaddafi_38_m
490	Gaddafi	61	AGE61	970	969_Gaddafi_61_m
490	Gaddafi	40	AGE40	957	956_Gaddafi_40_m
490	Gaddafi	36	AGE36	958	957_Gaddafi_36_m
490	Gaddafi	64	AGE64	947	946_Gaddafi_64_m
490	Gaddafi	27	AGE27	963	962_Gaddafi_27_m
490	Gaddafi	27	AGE27	948	947_Gaddafi_27_m
490	Gaddafi	28	AGE28	945	944_Gaddafi_28_m
490	Gaddafi	67	AGE67	953	952_Gaddafi_67_m
490	Gaddafi	48	AGE48	967	966_Gaddafi_48_m
490	Gaddafi	50	AGE50	972	971_Gaddafi_50_m
490	Gaddafi	60	AGE60	961	960_Gaddafi_60_m
491	PhilHartman	42	AGE42	3674	3673_PhilHartman_42_m
491	PhilHartman	41	AGE41	3673	3672_PhilHartman_41_m
491	PhilHartman	49	AGE49	3680	3679_PhilHartman_49_m
491	PhilHartman	38	AGE38	3671	3670_PhilHartman_38_m
491	PhilHartman	35	AGE35	3669	3668_PhilHartman_35_m
491	PhilHartman	28	AGE28	3666	3665_PhilHartman_28_m
491	PhilHartman	34	AGE34	3668	3667_PhilHartman_34_m
491	PhilHartman	46	AGE46	3677	3676_PhilHartman_46_m
491	PhilHartman	48	AGE48	3679	3678_PhilHartman_48_m
491	PhilHartman	32	AGE32	3667	3666_PhilHartman_32_m
491	PhilHartman	43	AGE43	3675	3674_PhilHartman_43_m
491	PhilHartman	47	AGE47	3678	3677_PhilHartman_47_m
491	PhilHartman	50	AGE50	3681	3680_PhilHartman_50_m
491	PhilHartman	37	AGE37	3670	3669_PhilHartman_37_m
491	PhilHartman	44	AGE44	3676	3675_PhilHartman_44_m
491	PhilHartman	39	AGE39	3672	3671_PhilHartman_39_m
492	RobertDuvall	40	AGE40	4377	4376_RobertDuvall_40_m
492	RobertDuvall	73	AGE73	4397	4396_RobertDuvall_73_m
492	RobertDuvall	35	AGE35	4374	4373_RobertDuvall_35_m
492	RobertDuvall	64	AGE64	4391	4390_RobertDuvall_64_m
492	RobertDuvall	75	AGE75	4398	4397_RobertDuvall_75_m
492	RobertDuvall	38	AGE38	4376	4375_RobertDuvall_38_m
492	RobertDuvall	56	AGE56	4386	4385_RobertDuvall_56_m
492	RobertDuvall	71	AGE71	4395	4394_RobertDuvall_71_m
492	RobertDuvall	72	AGE72	4396	4395_RobertDuvall_72_m
492	RobertDuvall	45	AGE45	4381	4380_RobertDuvall_45_m
492	RobertDuvall	62	AGE62	4390	4389_RobertDuvall_62_m
492	RobertDuvall	79	AGE79	4401	4400_RobertDuvall_79_m
492	RobertDuvall	50	AGE50	4383	4382_RobertDuvall_50_m
492	RobertDuvall	53	AGE53	4384	4383_RobertDuvall_53_m
492	RobertDuvall	42	AGE42	4380	4379_RobertDuvall_42_m
492	RobertDuvall	61	AGE61	4389	4388_RobertDuvall_61_m
492	RobertDuvall	30	AGE30	4371	4370_RobertDuvall_30_m
492	RobertDuvall	67	AGE67	4394	4393_RobertDuvall_67_m
492	RobertDuvall	48	AGE48	4382	4381_RobertDuvall_48_m
492	RobertDuvall	30	AGE30	4372	4371_RobertDuvall_30_m
492	RobertDuvall	78	AGE78	4400	4399_RobertDuvall_78_m
492	RobertDuvall	55	AGE55	4385	4384_RobertDuvall_55_m
492	RobertDuvall	37	AGE37	4375	4374_RobertDuvall_37_m
492	RobertDuvall	58	AGE58	4387	4386_RobertDuvall_58_m
492	RobertDuvall	77	AGE77	4399	4398_RobertDuvall_77_m
492	RobertDuvall	41	AGE41	4379	4378_RobertDuvall_41_m
492	RobertDuvall	60	AGE60	4388	4387_RobertDuvall_60_m
492	RobertDuvall	31	AGE31	4373	4372_RobertDuvall_31_m
492	RobertDuvall	65	AGE65	4392	4391_RobertDuvall_65_m
492	RobertDuvall	65	AGE65	4393	4392_RobertDuvall_65_m
492	RobertDuvall	41	AGE41	4378	4377_RobertDuvall_41_m
493	PiaLindstrom	18	AGE18	11217	11216_PiaLindstrom_18_f
493	PiaLindstrom	37	AGE37	11224	11223_PiaLindstrom_37_f
493	PiaLindstrom	52	AGE52	11230	11229_PiaLindstrom_52_f
493	PiaLindstrom	42	AGE42	11225	11224_PiaLindstrom_42_f
493	PiaLindstrom	70	AGE70	11240	11239_PiaLindstrom_70_f
493	PiaLindstrom	30	AGE30	11221	11220_PiaLindstrom_30_f
493	PiaLindstrom	74	AGE74	11242	11241_PiaLindstrom_74_f
493	PiaLindstrom	48	AGE48	11228	11227_PiaLindstrom_48_f
493	PiaLindstrom	73	AGE73	11241	11240_PiaLindstrom_73_f
493	PiaLindstrom	68	AGE68	11238	11237_PiaLindstrom_68_f
493	PiaLindstrom	25	AGE25	11220	11219_PiaLindstrom_25_f
493	PiaLindstrom	65	AGE65	11237	11236_PiaLindstrom_65_f
493	PiaLindstrom	55	AGE55	11231	11230_PiaLindstrom_55_f
493	PiaLindstrom	34	AGE34	11223	11222_PiaLindstrom_34_f
493	PiaLindstrom	32	AGE32	11222	11221_PiaLindstrom_32_f
493	PiaLindstrom	61	AGE61	11235	11234_PiaLindstrom_61_f
493	PiaLindstrom	59	AGE59	11234	11233_PiaLindstrom_59_f
493	PiaLindstrom	57	AGE57	11233	11232_PiaLindstrom_57_f
493	PiaLindstrom	22	AGE22	11219	11218_PiaLindstrom_22_f
493	PiaLindstrom	20	AGE20	11218	11217_PiaLindstrom_20_f
493	PiaLindstrom	50	AGE50	11229	11228_PiaLindstrom_50_f
493	PiaLindstrom	46	AGE46	11227	11226_PiaLindstrom_46_f
493	PiaLindstrom	63	AGE63	11236	11235_PiaLindstrom_63_f
493	PiaLindstrom	69	AGE69	11239	11238_PiaLindstrom_69_f
493	PiaLindstrom	56	AGE56	11232	11231_PiaLindstrom_56_f
493	PiaLindstrom	44	AGE44	11226	11225_PiaLindstrom_44_f
494	JessicaTandy	68	AGE68	13618	13617_JessicaTandy_68_f
494	JessicaTandy	81	AGE81	13632	13631_JessicaTandy_81_f
494	JessicaTandy	73	AGE73	13620	13619_JessicaTandy_73_f
494	JessicaTandy	76	AGE76	13630	13629_JessicaTandy_76_f
494	JessicaTandy	79	AGE79	13624	13623_JessicaTandy_79_f
494	JessicaTandy	78	AGE78	13623	13622_JessicaTandy_78_f
494	JessicaTandy	85	AGE85	13635	13634_JessicaTandy_85_f
494	JessicaTandy	77	AGE77	13622	13621_JessicaTandy_77_f
494	JessicaTandy	72	AGE72	13619	13618_JessicaTandy_72_f
494	JessicaTandy	61	AGE61	13629	13628_JessicaTandy_61_f
494	JessicaTandy	75	AGE75	13621	13620_JessicaTandy_75_f
494	JessicaTandy	29	AGE29	13607	13606_JessicaTandy_29_f
494	JessicaTandy	40	AGE40	13613	13612_JessicaTandy_40_f
494	JessicaTandy	57	AGE57	13617	13616_JessicaTandy_57_f
494	JessicaTandy	37	AGE37	13610	13609_JessicaTandy_37_f
494	JessicaTandy	82	AGE82	13633	13632_JessicaTandy_82_f
494	JessicaTandy	50	AGE50	13627	13626_JessicaTandy_50_f
494	JessicaTandy	41	AGE41	13614	13613_JessicaTandy_41_f
494	JessicaTandy	46	AGE46	13615	13614_JessicaTandy_46_f
494	JessicaTandy	42	AGE42	13625	13624_JessicaTandy_42_f
494	JessicaTandy	83	AGE83	13634	13633_JessicaTandy_83_f
494	JessicaTandy	45	AGE45	13626	13625_JessicaTandy_45_f
494	JessicaTandy	48	AGE48	13616	13615_JessicaTandy_48_f
494	JessicaTandy	53	AGE53	13628	13627_JessicaTandy_53_f
494	JessicaTandy	39	AGE39	13612	13611_JessicaTandy_39_f
494	JessicaTandy	38	AGE38	13611	13610_JessicaTandy_38_f
494	JessicaTandy	36	AGE36	13609	13608_JessicaTandy_36_f
494	JessicaTandy	35	AGE35	13608	13607_JessicaTandy_35_f
494	JessicaTandy	80	AGE80	13631	13630_JessicaTandy_80_f
495	CybillShepherd	36	AGE36	12001	12000_CybillShepherd_36_f
495	CybillShepherd	29	AGE29	11997	11996_CybillShepherd_29_f
495	CybillShepherd	43	AGE43	12006	12005_CybillShepherd_43_f
495	CybillShepherd	35	AGE35	12000	11999_CybillShepherd_35_f
495	CybillShepherd	28	AGE28	11996	11995_CybillShepherd_28_f
495	CybillShepherd	58	AGE58	12016	12015_CybillShepherd_58_f
495	CybillShepherd	55	AGE55	12011	12010_CybillShepherd_55_f
495	CybillShepherd	51	AGE51	12009	12008_CybillShepherd_51_f
495	CybillShepherd	56	AGE56	12012	12011_CybillShepherd_56_f
495	CybillShepherd	50	AGE50	12008	12007_CybillShepherd_50_f
495	CybillShepherd	22	AGE22	11993	11992_CybillShepherd_22_f
495	CybillShepherd	34	AGE34	11999	11998_CybillShepherd_34_f
495	CybillShepherd	24	AGE24	11994	11993_CybillShepherd_24_f
495	CybillShepherd	53	AGE53	12010	12009_CybillShepherd_53_f
495	CybillShepherd	61	AGE61	12015	12014_CybillShepherd_61_f
495	CybillShepherd	39	AGE39	12002	12001_CybillShepherd_39_f
495	CybillShepherd	21	AGE21	11991	11990_CybillShepherd_21_f
495	CybillShepherd	40	AGE40	12003	12002_CybillShepherd_40_f
495	CybillShepherd	57	AGE57	12013	12012_CybillShepherd_57_f
495	CybillShepherd	42	AGE42	12005	12004_CybillShepherd_42_f
495	CybillShepherd	41	AGE41	12004	12003_CybillShepherd_41_f
495	CybillShepherd	59	AGE59	12014	12013_CybillShepherd_59_f
495	CybillShepherd	31	AGE31	11998	11997_CybillShepherd_31_f
495	CybillShepherd	21	AGE21	11992	11991_CybillShepherd_21_f
495	CybillShepherd	25	AGE25	11995	11994_CybillShepherd_25_f
495	CybillShepherd	48	AGE48	12007	12006_CybillShepherd_48_f
496	GlendaJackson	77	AGE77	12182	12181_GlendaJackson_77_f
496	GlendaJackson	54	AGE54	12176	12175_GlendaJackson_54_f
496	GlendaJackson	63	AGE63	12178	12177_GlendaJackson_63_f
496	GlendaJackson	67	AGE67	12180	12179_GlendaJackson_67_f
496	GlendaJackson	35	AGE35	12168	12167_GlendaJackson_35_f
496	GlendaJackson	39	AGE39	12189	12188_GlendaJackson_39_f
496	GlendaJackson	29	AGE29	12165	12164_GlendaJackson_29_f
496	GlendaJackson	33	AGE33	12167	12166_GlendaJackson_33_f
496	GlendaJackson	55	AGE55	12177	12176_GlendaJackson_55_f
496	GlendaJackson	64	AGE64	12184	12183_GlendaJackson_64_f
496	GlendaJackson	37	AGE37	12183	12182_GlendaJackson_37_f
496	GlendaJackson	58	AGE58	12190	12189_GlendaJackson_58_f
496	GlendaJackson	27	AGE27	12163	12162_GlendaJackson_27_f
496	GlendaJackson	42	AGE42	12172	12171_GlendaJackson_42_f
496	GlendaJackson	35	AGE35	12169	12168_GlendaJackson_35_f
496	GlendaJackson	43	AGE43	12173	12172_GlendaJackson_43_f
496	GlendaJackson	40	AGE40	12187	12186_GlendaJackson_40_f
496	GlendaJackson	39	AGE39	12171	12170_GlendaJackson_39_f
496	GlendaJackson	43	AGE43	12185	12184_GlendaJackson_43_f
496	GlendaJackson	44	AGE44	12174	12173_GlendaJackson_44_f
496	GlendaJackson	29	AGE29	12164	12163_GlendaJackson_29_f
496	GlendaJackson	36	AGE36	12186	12185_GlendaJackson_36_f
496	GlendaJackson	36	AGE36	12170	12169_GlendaJackson_36_f
496	GlendaJackson	74	AGE74	12181	12180_GlendaJackson_74_f
496	GlendaJackson	70	AGE70	12188	12187_GlendaJackson_70_f
496	GlendaJackson	31	AGE31	12166	12165_GlendaJackson_31_f
496	GlendaJackson	67	AGE67	12179	12178_GlendaJackson_67_f
496	GlendaJackson	45	AGE45	12175	12174_GlendaJackson_45_f
497	CharlesDarwin	73	AGE73	1108	1107_CharlesDarwin_73_m
497	CharlesDarwin	55	AGE55	1109	1108_CharlesDarwin_55_m
497	CharlesDarwin	62	AGE62	1105	1104_CharlesDarwin_62_m
497	CharlesDarwin	73	AGE73	1103	1102_CharlesDarwin_73_m
497	CharlesDarwin	62	AGE62	1107	1106_CharlesDarwin_62_m
497	CharlesDarwin	29	AGE29	1104	1103_CharlesDarwin_29_m
497	CharlesDarwin	60	AGE60	1106	1105_CharlesDarwin_60_m
498	HeinrichHertz	36	AGE36	1144	1143_HeinrichHertz_36_m
498	HeinrichHertz	29	AGE29	1143	1142_HeinrichHertz_29_m
498	HeinrichHertz	21	AGE21	1137	1136_HeinrichHertz_21_m
498	HeinrichHertz	24	AGE24	1135	1134_HeinrichHertz_24_m
498	HeinrichHertz	36	AGE36	1136	1135_HeinrichHertz_36_m
498	HeinrichHertz	34	AGE34	1139	1138_HeinrichHertz_34_m
498	HeinrichHertz	30	AGE30	1140	1139_HeinrichHertz_30_m
498	HeinrichHertz	36	AGE36	1138	1137_HeinrichHertz_36_m
498	HeinrichHertz	32	AGE32	1141	1140_HeinrichHertz_32_m
498	HeinrichHertz	35	AGE35	1142	1141_HeinrichHertz_35_m
499	AmandaBlake	36	AGE36	14951	14950_AmandaBlake_36_f
499	AmandaBlake	57	AGE57	14971	14970_AmandaBlake_57_f
499	AmandaBlake	47	AGE47	14966	14965_AmandaBlake_47_f
499	AmandaBlake	40	AGE40	14965	14964_AmandaBlake_40_f
499	AmandaBlake	51	AGE51	14968	14967_AmandaBlake_51_f
499	AmandaBlake	31	AGE31	14957	14956_AmandaBlake_31_f
499	AmandaBlake	50	AGE50	14967	14966_AmandaBlake_50_f
499	AmandaBlake	24	AGE24	14945	14944_AmandaBlake_24_f
499	AmandaBlake	55	AGE55	14969	14968_AmandaBlake_55_f
499	AmandaBlake	27	AGE27	14948	14947_AmandaBlake_27_f
499	AmandaBlake	28	AGE28	14949	14948_AmandaBlake_28_f
499	AmandaBlake	29	AGE29	14950	14949_AmandaBlake_29_f
499	AmandaBlake	32	AGE32	14958	14957_AmandaBlake_32_f
499	AmandaBlake	45	AGE45	14954	14953_AmandaBlake_45_f
499	AmandaBlake	21	AGE21	14942	14941_AmandaBlake_21_f
499	AmandaBlake	60	AGE60	14973	14972_AmandaBlake_60_f
499	AmandaBlake	39	AGE39	14964	14963_AmandaBlake_39_f
499	AmandaBlake	38	AGE38	14963	14962_AmandaBlake_38_f
499	AmandaBlake	26	AGE26	14947	14946_AmandaBlake_26_f
499	AmandaBlake	22	AGE22	14943	14942_AmandaBlake_22_f
499	AmandaBlake	23	AGE23	14944	14943_AmandaBlake_23_f
499	AmandaBlake	37	AGE37	14962	14961_AmandaBlake_37_f
499	AmandaBlake	34	AGE34	14960	14959_AmandaBlake_34_f
499	AmandaBlake	25	AGE25	14946	14945_AmandaBlake_25_f
499	AmandaBlake	33	AGE33	14959	14958_AmandaBlake_33_f
499	AmandaBlake	41	AGE41	14952	14951_AmandaBlake_41_f
499	AmandaBlake	30	AGE30	14956	14955_AmandaBlake_30_f
499	AmandaBlake	46	AGE46	14955	14954_AmandaBlake_46_f
499	AmandaBlake	58	AGE58	14972	14971_AmandaBlake_58_f
499	AmandaBlake	43	AGE43	14953	14952_AmandaBlake_43_f
499	AmandaBlake	56	AGE56	14970	14969_AmandaBlake_56_f
499	AmandaBlake	35	AGE35	14961	14960_AmandaBlake_35_f
500	IanHolm	57	AGE57	1575	1574_IanHolm_57_m
500	IanHolm	54	AGE54	1571	1570_IanHolm_54_m
500	IanHolm	36	AGE36	1560	1559_IanHolm_36_m
500	IanHolm	45	AGE45	1565	1564_IanHolm_45_m
500	IanHolm	67	AGE67	1582	1581_IanHolm_67_m
500	IanHolm	61	AGE61	1578	1577_IanHolm_61_m
500	IanHolm	48	AGE48	1569	1568_IanHolm_48_m
500	IanHolm	70	AGE70	1584	1583_IanHolm_70_m
500	IanHolm	37	AGE37	1561	1560_IanHolm_37_m
500	IanHolm	81	AGE81	1592	1591_IanHolm_81_m
500	IanHolm	38	AGE38	1562	1561_IanHolm_38_m
500	IanHolm	34	AGE34	1559	1558_IanHolm_34_m
500	IanHolm	40	AGE40	1563	1562_IanHolm_40_m
500	IanHolm	55	AGE55	1574	1573_IanHolm_55_m
500	IanHolm	72	AGE72	1587	1586_IanHolm_72_m
500	IanHolm	70	AGE70	1585	1584_IanHolm_70_m
500	IanHolm	66	AGE66	1581	1580_IanHolm_66_m
500	IanHolm	60	AGE60	1577	1576_IanHolm_60_m
500	IanHolm	46	AGE46	1567	1566_IanHolm_46_m
500	IanHolm	43	AGE43	1564	1563_IanHolm_43_m
500	IanHolm	45	AGE45	1566	1565_IanHolm_45_m
500	IanHolm	65	AGE65	1580	1579_IanHolm_65_m
500	IanHolm	75	AGE75	1590	1589_IanHolm_75_m
500	IanHolm	72	AGE72	1586	1585_IanHolm_72_m
500	IanHolm	48	AGE48	1568	1567_IanHolm_48_m
500	IanHolm	50	AGE50	1570	1569_IanHolm_50_m
500	IanHolm	73	AGE73	1588	1587_IanHolm_73_m
500	IanHolm	59	AGE59	1576	1575_IanHolm_59_m
500	IanHolm	54	AGE54	1572	1571_IanHolm_54_m
500	IanHolm	63	AGE63	1579	1578_IanHolm_63_m
500	IanHolm	81	AGE81	1591	1590_IanHolm_81_m
500	IanHolm	54	AGE54	1573	1572_IanHolm_54_m
500	IanHolm	74	AGE74	1589	1588_IanHolm_74_m
500	IanHolm	68	AGE68	1583	1582_IanHolm_68_m
501	RayLiotta	59	AGE59	2251	2250_RayLiotta_59_m
501	RayLiotta	42	AGE42	2233	2232_RayLiotta_42_m
501	RayLiotta	47	AGE47	2239	2238_RayLiotta_47_m
501	RayLiotta	56	AGE56	2248	2247_RayLiotta_56_m
501	RayLiotta	45	AGE45	2237	2236_RayLiotta_45_m
501	RayLiotta	49	AGE49	2241	2240_RayLiotta_49_m
501	RayLiotta	43	AGE43	2235	2234_RayLiotta_43_m
501	RayLiotta	51	AGE51	2243	2242_RayLiotta_51_m
501	RayLiotta	50	AGE50	2242	2241_RayLiotta_50_m
501	RayLiotta	57	AGE57	2249	2248_RayLiotta_57_m
501	RayLiotta	34	AGE34	2226	2225_RayLiotta_34_m
501	RayLiotta	46	AGE46	2238	2237_RayLiotta_46_m
501	RayLiotta	33	AGE33	2225	2224_RayLiotta_33_m
501	RayLiotta	40	AGE40	2231	2230_RayLiotta_40_m
501	RayLiotta	32	AGE32	2224	2223_RayLiotta_32_m
501	RayLiotta	44	AGE44	2236	2235_RayLiotta_44_m
501	RayLiotta	54	AGE54	2246	2245_RayLiotta_54_m
501	RayLiotta	48	AGE48	2240	2239_RayLiotta_48_m
501	RayLiotta	55	AGE55	2247	2246_RayLiotta_55_m
501	RayLiotta	38	AGE38	2229	2228_RayLiotta_38_m
501	RayLiotta	35	AGE35	2227	2226_RayLiotta_35_m
501	RayLiotta	42	AGE42	2234	2233_RayLiotta_42_m
501	RayLiotta	53	AGE53	2245	2244_RayLiotta_53_m
501	RayLiotta	39	AGE39	2230	2229_RayLiotta_39_m
501	RayLiotta	41	AGE41	2232	2231_RayLiotta_41_m
501	RayLiotta	37	AGE37	2228	2227_RayLiotta_37_m
501	RayLiotta	31	AGE31	2223	2222_RayLiotta_31_m
501	RayLiotta	52	AGE52	2244	2243_RayLiotta_52_m
501	RayLiotta	58	AGE58	2250	2249_RayLiotta_58_m
501	RayLiotta	28	AGE28	2222	2221_RayLiotta_28_m
502	FaradayMichael	53	AGE53	1126	1125_FaradayMichael_53_m
502	FaradayMichael	30	AGE30	1120	1119_FaradayMichael_30_m
502	FaradayMichael	35	AGE35	1121	1120_FaradayMichael_35_m
502	FaradayMichael	60	AGE60	1128	1127_FaradayMichael_60_m
502	FaradayMichael	34	AGE34	1127	1126_FaradayMichael_34_m
502	FaradayMichael	47	AGE47	1122	1121_FaradayMichael_47_m
502	FaradayMichael	55	AGE55	1123	1122_FaradayMichael_55_m
502	FaradayMichael	31	AGE31	1133	1132_FaradayMichael_31_m
502	FaradayMichael	60	AGE60	1125	1124_FaradayMichael_60_m
502	FaradayMichael	75	AGE75	1130	1129_FaradayMichael_75_m
502	FaradayMichael	55	AGE55	1119	1118_FaradayMichael_55_m
502	FaradayMichael	35	AGE35	1124	1123_FaradayMichael_35_m
502	FaradayMichael	70	AGE70	1129	1128_FaradayMichael_70_m
502	FaradayMichael	73	AGE73	1131	1130_FaradayMichael_73_m
502	FaradayMichael	30	AGE30	1132	1131_FaradayMichael_30_m
502	FaradayMichael	58	AGE58	1118	1117_FaradayMichael_58_m
502	FaradayMichael	29	AGE29	1134	1133_FaradayMichael_29_m
503	JeanPaulBelmondo	63	AGE63	7150	7149_JeanPaulBelmondo_63_m
503	JeanPaulBelmondo	78	AGE78	7153	7152_JeanPaulBelmondo_78_m
503	JeanPaulBelmondo	30	AGE30	7130	7129_JeanPaulBelmondo_30_m
503	JeanPaulBelmondo	48	AGE48	7143	7142_JeanPaulBelmondo_48_m
503	JeanPaulBelmondo	51	AGE51	7144	7143_JeanPaulBelmondo_51_m
503	JeanPaulBelmondo	39	AGE39	7137	7136_JeanPaulBelmondo_39_m
503	JeanPaulBelmondo	44	AGE44	7140	7139_JeanPaulBelmondo_44_m
503	JeanPaulBelmondo	37	AGE37	7135	7134_JeanPaulBelmondo_37_m
503	JeanPaulBelmondo	38	AGE38	7136	7135_JeanPaulBelmondo_38_m
503	JeanPaulBelmondo	53	AGE53	7146	7145_JeanPaulBelmondo_53_m
503	JeanPaulBelmondo	28	AGE28	7129	7128_JeanPaulBelmondo_28_m
503	JeanPaulBelmondo	62	AGE62	7148	7147_JeanPaulBelmondo_62_m
503	JeanPaulBelmondo	76	AGE76	7158	7157_JeanPaulBelmondo_76_m
503	JeanPaulBelmondo	52	AGE52	7145	7144_JeanPaulBelmondo_52_m
503	JeanPaulBelmondo	67	AGE67	7151	7150_JeanPaulBelmondo_67_m
503	JeanPaulBelmondo	71	AGE71	7157	7156_JeanPaulBelmondo_71_m
503	JeanPaulBelmondo	31	AGE31	7131	7130_JeanPaulBelmondo_31_m
503	JeanPaulBelmondo	42	AGE42	7138	7137_JeanPaulBelmondo_42_m
503	JeanPaulBelmondo	62	AGE62	7149	7148_JeanPaulBelmondo_62_m
503	JeanPaulBelmondo	27	AGE27	7128	7127_JeanPaulBelmondo_27_m
503	JeanPaulBelmondo	33	AGE33	7154	7153_JeanPaulBelmondo_33_m
503	JeanPaulBelmondo	56	AGE56	7155	7154_JeanPaulBelmondo_56_m
503	JeanPaulBelmondo	59	AGE59	7156	7155_JeanPaulBelmondo_59_m
503	JeanPaulBelmondo	54	AGE54	7147	7146_JeanPaulBelmondo_54_m
503	JeanPaulBelmondo	47	AGE47	7142	7141_JeanPaulBelmondo_47_m
503	JeanPaulBelmondo	77	AGE77	7152	7151_JeanPaulBelmondo_77_m
503	JeanPaulBelmondo	26	AGE26	7127	7126_JeanPaulBelmondo_26_m
503	JeanPaulBelmondo	35	AGE35	7133	7132_JeanPaulBelmondo_35_m
503	JeanPaulBelmondo	36	AGE36	7134	7133_JeanPaulBelmondo_36_m
503	JeanPaulBelmondo	45	AGE45	7141	7140_JeanPaulBelmondo_45_m
503	JeanPaulBelmondo	43	AGE43	7139	7138_JeanPaulBelmondo_43_m
503	JeanPaulBelmondo	25	AGE25	7126	7125_JeanPaulBelmondo_25_m
503	JeanPaulBelmondo	32	AGE32	7132	7131_JeanPaulBelmondo_32_m
504	BeverlyRoberts	32	AGE32	14567	14566_BeverlyRoberts_32_f
504	BeverlyRoberts	34	AGE34	14569	14568_BeverlyRoberts_34_f
504	BeverlyRoberts	26	AGE26	14564	14563_BeverlyRoberts_26_f
504	BeverlyRoberts	25	AGE25	14563	14562_BeverlyRoberts_25_f
504	BeverlyRoberts	18	AGE18	14557	14556_BeverlyRoberts_18_f
504	BeverlyRoberts	93	AGE93	14572	14571_BeverlyRoberts_93_f
504	BeverlyRoberts	31	AGE31	14566	14565_BeverlyRoberts_31_f
504	BeverlyRoberts	35	AGE35	14570	14569_BeverlyRoberts_35_f
504	BeverlyRoberts	23	AGE23	14561	14560_BeverlyRoberts_23_f
504	BeverlyRoberts	19	AGE19	14558	14557_BeverlyRoberts_19_f
504	BeverlyRoberts	24	AGE24	14562	14561_BeverlyRoberts_24_f
504	BeverlyRoberts	30	AGE30	14565	14564_BeverlyRoberts_30_f
504	BeverlyRoberts	36	AGE36	14571	14570_BeverlyRoberts_36_f
504	BeverlyRoberts	33	AGE33	14568	14567_BeverlyRoberts_33_f
504	BeverlyRoberts	21	AGE21	14559	14558_BeverlyRoberts_21_f
504	BeverlyRoberts	22	AGE22	14560	14559_BeverlyRoberts_22_f
505	GingerRogers	40	AGE40	13487	13486_GingerRogers_40_f
505	GingerRogers	55	AGE55	13477	13476_GingerRogers_55_f
505	GingerRogers	27	AGE27	13461	13460_GingerRogers_27_f
505	GingerRogers	26	AGE26	13463	13462_GingerRogers_26_f
505	GingerRogers	46	AGE46	13469	13468_GingerRogers_46_f
505	GingerRogers	24	AGE24	13457	13456_GingerRogers_24_f
505	GingerRogers	68	AGE68	13478	13477_GingerRogers_68_f
505	GingerRogers	44	AGE44	13468	13467_GingerRogers_44_f
505	GingerRogers	24	AGE24	13484	13483_GingerRogers_24_f
505	GingerRogers	32	AGE32	13480	13479_GingerRogers_32_f
505	GingerRogers	38	AGE38	13466	13465_GingerRogers_38_f
505	GingerRogers	76	AGE76	13486	13485_GingerRogers_76_f
505	GingerRogers	19	AGE19	13458	13457_GingerRogers_19_f
505	GingerRogers	29	AGE29	13481	13480_GingerRogers_29_f
505	GingerRogers	20	AGE20	13459	13458_GingerRogers_20_f
505	GingerRogers	68	AGE68	13479	13478_GingerRogers_68_f
505	GingerRogers	23	AGE23	13460	13459_GingerRogers_23_f
505	GingerRogers	34	AGE34	13471	13470_GingerRogers_34_f
505	GingerRogers	81	AGE81	13470	13469_GingerRogers_81_f
505	GingerRogers	21	AGE21	13473	13472_GingerRogers_21_f
505	GingerRogers	39	AGE39	13467	13466_GingerRogers_39_f
505	GingerRogers	21	AGE21	13482	13481_GingerRogers_21_f
505	GingerRogers	25	AGE25	13462	13461_GingerRogers_25_f
505	GingerRogers	27	AGE27	13464	13463_GingerRogers_27_f
505	GingerRogers	74	AGE74	13485	13484_GingerRogers_74_f
505	GingerRogers	29	AGE29	13465	13464_GingerRogers_29_f
505	GingerRogers	35	AGE35	13474	13473_GingerRogers_35_f
505	GingerRogers	41	AGE41	13483	13482_GingerRogers_41_f
505	GingerRogers	26	AGE26	13472	13471_GingerRogers_26_f
505	GingerRogers	39	AGE39	13475	13474_GingerRogers_39_f
505	GingerRogers	45	AGE45	13476	13475_GingerRogers_45_f
506	MargeChampion	30	AGE30	11598	11597_MargeChampion_30_f
506	MargeChampion	25	AGE25	11595	11594_MargeChampion_25_f
506	MargeChampion	21	AGE21	11592	11591_MargeChampion_21_f
506	MargeChampion	91	AGE91	11619	11618_MargeChampion_91_f
506	MargeChampion	22	AGE22	11593	11592_MargeChampion_22_f
506	MargeChampion	40	AGE40	11608	11607_MargeChampion_40_f
506	MargeChampion	65	AGE65	11612	11611_MargeChampion_65_f
506	MargeChampion	28	AGE28	11597	11596_MargeChampion_28_f
506	MargeChampion	23	AGE23	11594	11593_MargeChampion_23_f
506	MargeChampion	32	AGE32	11600	11599_MargeChampion_32_f
506	MargeChampion	19	AGE19	11590	11589_MargeChampion_19_f
506	MargeChampion	85	AGE85	11614	11613_MargeChampion_85_f
506	MargeChampion	87	AGE87	11616	11615_MargeChampion_87_f
506	MargeChampion	35	AGE35	11603	11602_MargeChampion_35_f
506	MargeChampion	37	AGE37	11605	11604_MargeChampion_37_f
506	MargeChampion	26	AGE26	11596	11595_MargeChampion_26_f
506	MargeChampion	46	AGE46	11609	11608_MargeChampion_46_f
506	MargeChampion	53	AGE53	11610	11609_MargeChampion_53_f
506	MargeChampion	31	AGE31	11599	11598_MargeChampion_31_f
506	MargeChampion	88	AGE88	11617	11616_MargeChampion_88_f
506	MargeChampion	81	AGE81	11613	11612_MargeChampion_81_f
506	MargeChampion	39	AGE39	11607	11606_MargeChampion_39_f
506	MargeChampion	33	AGE33	11601	11600_MargeChampion_33_f
506	MargeChampion	93	AGE93	11621	11620_MargeChampion_93_f
506	MargeChampion	20	AGE20	11591	11590_MargeChampion_20_f
506	MargeChampion	36	AGE36	11604	11603_MargeChampion_36_f
506	MargeChampion	92	AGE92	11620	11619_MargeChampion_92_f
506	MargeChampion	18	AGE18	11589	11588_MargeChampion_18_f
506	MargeChampion	38	AGE38	11606	11605_MargeChampion_38_f
506	MargeChampion	34	AGE34	11602	11601_MargeChampion_34_f
506	MargeChampion	94	AGE94	11622	11621_MargeChampion_94_f
506	MargeChampion	86	AGE86	11615	11614_MargeChampion_86_f
506	MargeChampion	57	AGE57	11611	11610_MargeChampion_57_f
506	MargeChampion	90	AGE90	11618	11617_MargeChampion_90_f
507	RowanAtkinson	25	AGE25	6780	6779_RowanAtkinson_25_m
507	RowanAtkinson	28	AGE28	6782	6781_RowanAtkinson_28_m
507	RowanAtkinson	39	AGE39	6786	6785_RowanAtkinson_39_m
507	RowanAtkinson	52	AGE52	6788	6787_RowanAtkinson_52_m
507	RowanAtkinson	45	AGE45	6792	6791_RowanAtkinson_45_m
507	RowanAtkinson	49	AGE49	6790	6789_RowanAtkinson_49_m
507	RowanAtkinson	56	AGE56	6789	6788_RowanAtkinson_56_m
507	RowanAtkinson	35	AGE35	6785	6784_RowanAtkinson_35_m
507	RowanAtkinson	30	AGE30	6779	6778_RowanAtkinson_30_m
507	RowanAtkinson	28	AGE28	6781	6780_RowanAtkinson_28_m
507	RowanAtkinson	51	AGE51	6787	6786_RowanAtkinson_51_m
507	RowanAtkinson	29	AGE29	6783	6782_RowanAtkinson_29_m
507	RowanAtkinson	30	AGE30	6784	6783_RowanAtkinson_30_m
507	RowanAtkinson	47	AGE47	6791	6790_RowanAtkinson_47_m
508	VictorMature	65	AGE65	8429	8428_VictorMature_65_m
508	VictorMature	31	AGE31	8411	8410_VictorMature_31_m
508	VictorMature	28	AGE28	8408	8407_VictorMature_28_m
508	VictorMature	26	AGE26	8405	8404_VictorMature_26_m
508	VictorMature	43	AGE43	8421	8420_VictorMature_43_m
508	VictorMature	29	AGE29	8409	8408_VictorMature_29_m
508	VictorMature	49	AGE49	8425	8424_VictorMature_49_m
508	VictorMature	27	AGE27	8407	8406_VictorMature_27_m
508	VictorMature	40	AGE40	8419	8418_VictorMature_40_m
508	VictorMature	33	AGE33	8413	8412_VictorMature_33_m
508	VictorMature	41	AGE41	8420	8419_VictorMature_41_m
508	VictorMature	44	AGE44	8422	8421_VictorMature_44_m
508	VictorMature	61	AGE61	8428	8427_VictorMature_61_m
508	VictorMature	45	AGE45	8423	8422_VictorMature_45_m
508	VictorMature	53	AGE53	8426	8425_VictorMature_53_m
508	VictorMature	69	AGE69	8430	8429_VictorMature_69_m
508	VictorMature	70	AGE70	8431	8430_VictorMature_70_m
508	VictorMature	38	AGE38	8417	8416_VictorMature_38_m
508	VictorMature	59	AGE59	8427	8426_VictorMature_59_m
508	VictorMature	32	AGE32	8412	8411_VictorMature_32_m
508	VictorMature	26	AGE26	8406	8405_VictorMature_26_m
508	VictorMature	48	AGE48	8424	8423_VictorMature_48_m
508	VictorMature	37	AGE37	8416	8415_VictorMature_37_m
508	VictorMature	39	AGE39	8418	8417_VictorMature_39_m
508	VictorMature	36	AGE36	8415	8414_VictorMature_36_m
508	VictorMature	35	AGE35	8414	8413_VictorMature_35_m
508	VictorMature	30	AGE30	8410	8409_VictorMature_30_m
508	VictorMature	74	AGE74	8432	8431_VictorMature_74_m
509	MichaelCaine	75	AGE75	4729	4728_MichaelCaine_75_m
509	MichaelCaine	70	AGE70	4731	4730_MichaelCaine_70_m
509	MichaelCaine	32	AGE32	4725	4724_MichaelCaine_32_m
509	MichaelCaine	66	AGE66	4722	4721_MichaelCaine_66_m
509	MichaelCaine	50	AGE50	4730	4729_MichaelCaine_50_m
509	MichaelCaine	32	AGE32	4728	4727_MichaelCaine_32_m
509	MichaelCaine	79	AGE79	4727	4726_MichaelCaine_79_m
509	MichaelCaine	33	AGE33	4726	4725_MichaelCaine_33_m
509	MichaelCaine	39	AGE39	4732	4731_MichaelCaine_39_m
509	MichaelCaine	60	AGE60	4721	4720_MichaelCaine_60_m
509	MichaelCaine	78	AGE78	4724	4723_MichaelCaine_78_m
509	MichaelCaine	52	AGE52	4723	4722_MichaelCaine_52_m
510	PeterFalk	40	AGE40	5596	5595_PeterFalk_40_m
510	PeterFalk	42	AGE42	5598	5597_PeterFalk_42_m
510	PeterFalk	78	AGE78	5624	5623_PeterFalk_78_m
510	PeterFalk	41	AGE41	5597	5596_PeterFalk_41_m
510	PeterFalk	68	AGE68	5618	5617_PeterFalk_68_m
510	PeterFalk	47	AGE47	5602	5601_PeterFalk_47_m
510	PeterFalk	49	AGE49	5605	5604_PeterFalk_49_m
510	PeterFalk	52	AGE52	5608	5607_PeterFalk_52_m
510	PeterFalk	74	AGE74	5622	5621_PeterFalk_74_m
510	PeterFalk	82	AGE82	5629	5628_PeterFalk_82_m
510	PeterFalk	37	AGE37	5593	5592_PeterFalk_37_m
510	PeterFalk	80	AGE80	5627	5626_PeterFalk_80_m
510	PeterFalk	50	AGE50	5606	5605_PeterFalk_50_m
510	PeterFalk	46	AGE46	5601	5600_PeterFalk_46_m
510	PeterFalk	62	AGE62	5616	5615_PeterFalk_62_m
510	PeterFalk	83	AGE83	5631	5630_PeterFalk_83_m
510	PeterFalk	36	AGE36	5592	5591_PeterFalk_36_m
510	PeterFalk	44	AGE44	5600	5599_PeterFalk_44_m
510	PeterFalk	81	AGE81	5628	5627_PeterFalk_81_m
510	PeterFalk	32	AGE32	5591	5590_PeterFalk_32_m
510	PeterFalk	48	AGE48	5604	5603_PeterFalk_48_m
510	PeterFalk	73	AGE73	5621	5620_PeterFalk_73_m
510	PeterFalk	39	AGE39	5595	5594_PeterFalk_39_m
510	PeterFalk	44	AGE44	5599	5598_PeterFalk_44_m
510	PeterFalk	79	AGE79	5626	5625_PeterFalk_79_m
510	PeterFalk	83	AGE83	5630	5629_PeterFalk_83_m
510	PeterFalk	18	AGE18	5587	5586_PeterFalk_18_m
510	PeterFalk	70	AGE70	5620	5619_PeterFalk_70_m
510	PeterFalk	48	AGE48	5603	5602_PeterFalk_48_m
510	PeterFalk	78	AGE78	5625	5624_PeterFalk_78_m
510	PeterFalk	56	AGE56	5613	5612_PeterFalk_56_m
510	PeterFalk	54	AGE54	5611	5610_PeterFalk_54_m
510	PeterFalk	68	AGE68	5619	5618_PeterFalk_68_m
510	PeterFalk	55	AGE55	5612	5611_PeterFalk_55_m
510	PeterFalk	75	AGE75	5623	5622_PeterFalk_75_m
510	PeterFalk	52	AGE52	5609	5608_PeterFalk_52_m
510	PeterFalk	30	AGE30	5589	5588_PeterFalk_30_m
510	PeterFalk	38	AGE38	5594	5593_PeterFalk_38_m
510	PeterFalk	58	AGE58	5614	5613_PeterFalk_58_m
510	PeterFalk	60	AGE60	5615	5614_PeterFalk_60_m
510	PeterFalk	29	AGE29	5588	5587_PeterFalk_29_m
510	PeterFalk	51	AGE51	5607	5606_PeterFalk_51_m
510	PeterFalk	32	AGE32	5590	5589_PeterFalk_32_m
510	PeterFalk	53	AGE53	5610	5609_PeterFalk_53_m
510	PeterFalk	66	AGE66	5617	5616_PeterFalk_66_m
511	JackNicolson	45	AGE45	5269	5268_JackNicolson_45_m
511	JackNicolson	73	AGE73	5282	5281_JackNicolson_73_m
511	JackNicolson	52	AGE52	5293	5292_JackNicolson_52_m
511	JackNicolson	36	AGE36	5271	5270_JackNicolson_36_m
511	JackNicolson	70	AGE70	5285	5284_JackNicolson_70_m
511	JackNicolson	34	AGE34	5287	5286_JackNicolson_34_m
511	JackNicolson	42	AGE42	5276	5275_JackNicolson_42_m
511	JackNicolson	74	AGE74	5291	5290_JackNicolson_74_m
511	JackNicolson	62	AGE62	5275	5274_JackNicolson_62_m
511	JackNicolson	34	AGE34	5281	5280_JackNicolson_34_m
511	JackNicolson	71	AGE71	5280	5279_JackNicolson_71_m
511	JackNicolson	52	AGE52	5277	5276_JackNicolson_52_m
511	JackNicolson	32	AGE32	5283	5282_JackNicolson_32_m
511	JackNicolson	48	AGE48	5274	5273_JackNicolson_48_m
511	JackNicolson	58	AGE58	5272	5271_JackNicolson_58_m
511	JackNicolson	48	AGE48	5278	5277_JackNicolson_48_m
511	JackNicolson	74	AGE74	5288	5287_JackNicolson_74_m
511	JackNicolson	37	AGE37	5284	5283_JackNicolson_37_m
511	JackNicolson	44	AGE44	5294	5293_JackNicolson_44_m
511	JackNicolson	43	AGE43	5289	5288_JackNicolson_43_m
511	JackNicolson	68	AGE68	5270	5269_JackNicolson_68_m
511	JackNicolson	35	AGE35	5273	5272_JackNicolson_35_m
511	JackNicolson	34	AGE34	5286	5285_JackNicolson_34_m
511	JackNicolson	17	AGE17	5292	5291_JackNicolson_17_m
511	JackNicolson	69	AGE69	5290	5289_JackNicolson_69_m
511	JackNicolson	50	AGE50	5279	5278_JackNicolson_50_m
512	WilliamHolden	54	AGE54	8484	8483_WilliamHolden_54_m
512	WilliamHolden	21	AGE21	8463	8462_WilliamHolden_21_m
512	WilliamHolden	46	AGE46	8478	8477_WilliamHolden_46_m
512	WilliamHolden	35	AGE35	8472	8471_WilliamHolden_35_m
512	WilliamHolden	56	AGE56	8486	8485_WilliamHolden_56_m
512	WilliamHolden	58	AGE58	8488	8487_WilliamHolden_58_m
512	WilliamHolden	48	AGE48	8479	8478_WilliamHolden_48_m
512	WilliamHolden	29	AGE29	8469	8468_WilliamHolden_29_m
512	WilliamHolden	24	AGE24	8466	8465_WilliamHolden_24_m
512	WilliamHolden	45	AGE45	8477	8476_WilliamHolden_45_m
512	WilliamHolden	53	AGE53	8483	8482_WilliamHolden_53_m
512	WilliamHolden	61	AGE61	8490	8489_WilliamHolden_61_m
512	WilliamHolden	57	AGE57	8487	8486_WilliamHolden_57_m
512	WilliamHolden	22	AGE22	8464	8463_WilliamHolden_22_m
512	WilliamHolden	25	AGE25	8467	8466_WilliamHolden_25_m
512	WilliamHolden	36	AGE36	8473	8472_WilliamHolden_36_m
512	WilliamHolden	63	AGE63	8491	8490_WilliamHolden_63_m
512	WilliamHolden	55	AGE55	8485	8484_WilliamHolden_55_m
512	WilliamHolden	51	AGE51	8481	8480_WilliamHolden_51_m
512	WilliamHolden	49	AGE49	8480	8479_WilliamHolden_49_m
512	WilliamHolden	23	AGE23	8465	8464_WilliamHolden_23_m
512	WilliamHolden	39	AGE39	8474	8473_WilliamHolden_39_m
512	WilliamHolden	41	AGE41	8476	8475_WilliamHolden_41_m
512	WilliamHolden	34	AGE34	8471	8470_WilliamHolden_34_m
512	WilliamHolden	30	AGE30	8470	8469_WilliamHolden_30_m
512	WilliamHolden	40	AGE40	8475	8474_WilliamHolden_40_m
512	WilliamHolden	60	AGE60	8489	8488_WilliamHolden_60_m
512	WilliamHolden	51	AGE51	8482	8481_WilliamHolden_51_m
512	WilliamHolden	27	AGE27	8468	8467_WilliamHolden_27_m
512	WilliamHolden	20	AGE20	8462	8461_WilliamHolden_20_m
513	DonnaReed	24	AGE24	12571	12570_DonnaReed_24_f
513	DonnaReed	26	AGE26	12573	12572_DonnaReed_26_f
513	DonnaReed	23	AGE23	12570	12569_DonnaReed_23_f
513	DonnaReed	43	AGE43	12586	12585_DonnaReed_43_f
513	DonnaReed	42	AGE42	12585	12584_DonnaReed_42_f
513	DonnaReed	39	AGE39	12583	12582_DonnaReed_39_f
513	DonnaReed	44	AGE44	12587	12586_DonnaReed_44_f
513	DonnaReed	22	AGE22	12569	12568_DonnaReed_22_f
513	DonnaReed	40	AGE40	12584	12583_DonnaReed_40_f
513	DonnaReed	21	AGE21	12568	12567_DonnaReed_21_f
513	DonnaReed	29	AGE29	12578	12577_DonnaReed_29_f
513	DonnaReed	26	AGE26	12574	12573_DonnaReed_26_f
513	DonnaReed	61	AGE61	12591	12590_DonnaReed_61_f
513	DonnaReed	27	AGE27	12575	12574_DonnaReed_27_f
513	DonnaReed	30	AGE30	12579	12578_DonnaReed_30_f
513	DonnaReed	38	AGE38	12582	12581_DonnaReed_38_f
513	DonnaReed	36	AGE36	12581	12580_DonnaReed_36_f
513	DonnaReed	55	AGE55	12595	12594_DonnaReed_55_f
513	DonnaReed	62	AGE62	12592	12591_DonnaReed_62_f
513	DonnaReed	47	AGE47	12588	12587_DonnaReed_47_f
513	DonnaReed	64	AGE64	12594	12593_DonnaReed_64_f
513	DonnaReed	52	AGE52	12589	12588_DonnaReed_52_f
513	DonnaReed	28	AGE28	12577	12576_DonnaReed_28_f
513	DonnaReed	25	AGE25	12572	12571_DonnaReed_25_f
513	DonnaReed	63	AGE63	12593	12592_DonnaReed_63_f
513	DonnaReed	53	AGE53	12590	12589_DonnaReed_53_f
513	DonnaReed	32	AGE32	12580	12579_DonnaReed_32_f
513	DonnaReed	27	AGE27	12576	12575_DonnaReed_27_f
514	LindaEvans	36	AGE36	10615	10614_LindaEvans_36_f
514	LindaEvans	43	AGE43	10621	10620_LindaEvans_43_f
514	LindaEvans	44	AGE44	10622	10621_LindaEvans_44_f
514	LindaEvans	49	AGE49	10625	10624_LindaEvans_49_f
514	LindaEvans	47	AGE47	10623	10622_LindaEvans_47_f
514	LindaEvans	20	AGE20	10603	10602_LindaEvans_20_f
514	LindaEvans	25	AGE25	10607	10606_LindaEvans_25_f
514	LindaEvans	27	AGE27	10609	10608_LindaEvans_27_f
514	LindaEvans	33	AGE33	10613	10612_LindaEvans_33_f
514	LindaEvans	21	AGE21	10604	10603_LindaEvans_21_f
514	LindaEvans	35	AGE35	10614	10613_LindaEvans_35_f
514	LindaEvans	38	AGE38	10617	10616_LindaEvans_38_f
514	LindaEvans	51	AGE51	10626	10625_LindaEvans_51_f
514	LindaEvans	26	AGE26	10608	10607_LindaEvans_26_f
514	LindaEvans	37	AGE37	10616	10615_LindaEvans_37_f
514	LindaEvans	22	AGE22	10605	10604_LindaEvans_22_f
514	LindaEvans	32	AGE32	10612	10611_LindaEvans_32_f
514	LindaEvans	18	AGE18	10602	10601_LindaEvans_18_f
514	LindaEvans	54	AGE54	10628	10627_LindaEvans_54_f
514	LindaEvans	29	AGE29	10610	10609_LindaEvans_29_f
514	LindaEvans	48	AGE48	10624	10623_LindaEvans_48_f
514	LindaEvans	42	AGE42	10620	10619_LindaEvans_42_f
514	LindaEvans	61	AGE61	10630	10629_LindaEvans_61_f
514	LindaEvans	40	AGE40	10618	10617_LindaEvans_40_f
514	LindaEvans	69	AGE69	10633	10632_LindaEvans_69_f
514	LindaEvans	41	AGE41	10619	10618_LindaEvans_41_f
514	LindaEvans	55	AGE55	10629	10628_LindaEvans_55_f
514	LindaEvans	53	AGE53	10627	10626_LindaEvans_53_f
514	LindaEvans	31	AGE31	10611	10610_LindaEvans_31_f
514	LindaEvans	66	AGE66	10632	10631_LindaEvans_66_f
514	LindaEvans	23	AGE23	10606	10605_LindaEvans_23_f
514	LindaEvans	64	AGE64	10631	10630_LindaEvans_64_f
515	mahatmagandhi	28	AGE28	858	857_mahatmagandhi_28_m
515	mahatmagandhi	76	AGE76	859	858_mahatmagandhi_76_m
515	mahatmagandhi	71	AGE71	851	850_mahatmagandhi_71_m
515	mahatmagandhi	30	AGE30	855	854_mahatmagandhi_30_m
515	mahatmagandhi	73	AGE73	857	856_mahatmagandhi_73_m
515	mahatmagandhi	49	AGE49	848	847_mahatmagandhi_49_m
515	mahatmagandhi	58	AGE58	860	859_mahatmagandhi_58_m
515	mahatmagandhi	75	AGE75	862	861_mahatmagandhi_75_m
515	mahatmagandhi	26	AGE26	846	845_mahatmagandhi_26_m
515	mahatmagandhi	20	AGE20	854	853_mahatmagandhi_20_m
515	mahatmagandhi	62	AGE62	849	848_mahatmagandhi_62_m
515	mahatmagandhi	40	AGE40	847	846_mahatmagandhi_40_m
515	mahatmagandhi	76	AGE76	863	862_mahatmagandhi_76_m
515	mahatmagandhi	70	AGE70	850	849_mahatmagandhi_70_m
515	mahatmagandhi	72	AGE72	864	863_mahatmagandhi_72_m
515	mahatmagandhi	7	AGE7	845	844_mahatmagandhi_7_m
515	mahatmagandhi	73	AGE73	852	851_mahatmagandhi_73_m
515	mahatmagandhi	72	AGE72	861	860_mahatmagandhi_72_m
515	mahatmagandhi	68	AGE68	865	864_mahatmagandhi_68_m
515	mahatmagandhi	71	AGE71	856	855_mahatmagandhi_71_m
515	mahatmagandhi	72	AGE72	866	865_mahatmagandhi_72_m
515	mahatmagandhi	52	AGE52	853	852_mahatmagandhi_52_m
516	JWMarriott	65	AGE65	479	478_JWMarriott_65_m
516	JWMarriott	62	AGE62	482	481_JWMarriott_62_m
516	JWMarriott	75	AGE75	474	473_JWMarriott_75_m
516	JWMarriott	77	AGE77	475	474_JWMarriott_77_m
516	JWMarriott	78	AGE78	477	476_JWMarriott_78_m
516	JWMarriott	60	AGE60	481	480_JWMarriott_60_m
516	JWMarriott	73	AGE73	478	477_JWMarriott_73_m
516	JWMarriott	75	AGE75	480	479_JWMarriott_75_m
516	JWMarriott	70	AGE70	483	482_JWMarriott_70_m
516	JWMarriott	76	AGE76	476	475_JWMarriott_76_m
516	JWMarriott	73	AGE73	473	472_JWMarriott_73_m
517	GeraldinePage	40	AGE40	14203	14202_GeraldinePage_40_f
517	GeraldinePage	43	AGE43	14194	14193_GeraldinePage_43_f
517	GeraldinePage	43	AGE43	14205	14204_GeraldinePage_43_f
517	GeraldinePage	45	AGE45	14209	14208_GeraldinePage_45_f
517	GeraldinePage	56	AGE56	14184	14183_GeraldinePage_56_f
517	GeraldinePage	41	AGE41	14217	14216_GeraldinePage_41_f
517	GeraldinePage	26	AGE26	14197	14196_GeraldinePage_26_f
517	GeraldinePage	47	AGE47	14207	14206_GeraldinePage_47_f
517	GeraldinePage	29	AGE29	14198	14197_GeraldinePage_29_f
517	GeraldinePage	38	AGE38	14187	14186_GeraldinePage_38_f
517	GeraldinePage	36	AGE36	14199	14198_GeraldinePage_36_f
517	GeraldinePage	40	AGE40	14219	14218_GeraldinePage_40_f
517	GeraldinePage	60	AGE60	14196	14195_GeraldinePage_60_f
517	GeraldinePage	24	AGE24	14218	14217_GeraldinePage_24_f
517	GeraldinePage	32	AGE32	14215	14214_GeraldinePage_32_f
517	GeraldinePage	39	AGE39	14189	14188_GeraldinePage_39_f
517	GeraldinePage	54	AGE54	14206	14205_GeraldinePage_54_f
517	GeraldinePage	53	AGE53	14186	14185_GeraldinePage_53_f
517	GeraldinePage	37	AGE37	14200	14199_GeraldinePage_37_f
517	GeraldinePage	34	AGE34	14201	14200_GeraldinePage_34_f
517	GeraldinePage	48	AGE48	14210	14209_GeraldinePage_48_f
517	GeraldinePage	49	AGE49	14211	14210_GeraldinePage_49_f
517	GeraldinePage	27	AGE27	14192	14191_GeraldinePage_27_f
517	GeraldinePage	43	AGE43	14212	14211_GeraldinePage_43_f
517	GeraldinePage	46	AGE46	14193	14192_GeraldinePage_46_f
517	GeraldinePage	60	AGE60	14213	14212_GeraldinePage_60_f
517	GeraldinePage	61	AGE61	14195	14194_GeraldinePage_61_f
517	GeraldinePage	42	AGE42	14204	14203_GeraldinePage_42_f
517	GeraldinePage	39	AGE39	14190	14189_GeraldinePage_39_f
517	GeraldinePage	36	AGE36	14191	14190_GeraldinePage_36_f
517	GeraldinePage	37	AGE37	14188	14187_GeraldinePage_37_f
517	GeraldinePage	59	AGE59	14208	14207_GeraldinePage_59_f
517	GeraldinePage	62	AGE62	14214	14213_GeraldinePage_62_f
517	GeraldinePage	40	AGE40	14185	14184_GeraldinePage_40_f
517	GeraldinePage	60	AGE60	14216	14215_GeraldinePage_60_f
517	GeraldinePage	40	AGE40	14202	14201_GeraldinePage_40_f
518	RomanPolanski	27	AGE27	4881	4880_RomanPolanski_27_m
518	RomanPolanski	25	AGE25	4879	4878_RomanPolanski_25_m
518	RomanPolanski	62	AGE62	4914	4913_RomanPolanski_62_m
518	RomanPolanski	34	AGE34	4887	4886_RomanPolanski_34_m
518	RomanPolanski	29	AGE29	4883	4882_RomanPolanski_29_m
518	RomanPolanski	21	AGE21	4876	4875_RomanPolanski_21_m
518	RomanPolanski	43	AGE43	4900	4899_RomanPolanski_43_m
518	RomanPolanski	46	AGE46	4902	4901_RomanPolanski_46_m
518	RomanPolanski	39	AGE39	4890	4889_RomanPolanski_39_m
518	RomanPolanski	23	AGE23	4878	4877_RomanPolanski_23_m
518	RomanPolanski	65	AGE65	4915	4914_RomanPolanski_65_m
518	RomanPolanski	30	AGE30	4884	4883_RomanPolanski_30_m
518	RomanPolanski	59	AGE59	4913	4912_RomanPolanski_59_m
518	RomanPolanski	73	AGE73	4919	4918_RomanPolanski_73_m
518	RomanPolanski	77	AGE77	4923	4922_RomanPolanski_77_m
518	RomanPolanski	53	AGE53	4909	4908_RomanPolanski_53_m
518	RomanPolanski	42	AGE42	4899	4898_RomanPolanski_42_m
518	RomanPolanski	55	AGE55	4911	4910_RomanPolanski_55_m
518	RomanPolanski	79	AGE79	4925	4924_RomanPolanski_79_m
518	RomanPolanski	37	AGE37	4894	4893_RomanPolanski_37_m
518	RomanPolanski	40	AGE40	4897	4896_RomanPolanski_40_m
518	RomanPolanski	51	AGE51	4907	4906_RomanPolanski_51_m
518	RomanPolanski	26	AGE26	4880	4879_RomanPolanski_26_m
518	RomanPolanski	39	AGE39	4895	4894_RomanPolanski_39_m
518	RomanPolanski	75	AGE75	4921	4920_RomanPolanski_75_m
518	RomanPolanski	55	AGE55	4912	4911_RomanPolanski_55_m
518	RomanPolanski	22	AGE22	4877	4876_RomanPolanski_22_m
518	RomanPolanski	32	AGE32	4885	4884_RomanPolanski_32_m
518	RomanPolanski	71	AGE71	4918	4917_RomanPolanski_71_m
518	RomanPolanski	44	AGE44	4901	4900_RomanPolanski_44_m
518	RomanPolanski	67	AGE67	4916	4915_RomanPolanski_67_m
518	RomanPolanski	36	AGE36	4893	4892_RomanPolanski_36_m
518	RomanPolanski	33	AGE33	4886	4885_RomanPolanski_33_m
518	RomanPolanski	40	AGE40	4896	4895_RomanPolanski_40_m
518	RomanPolanski	69	AGE69	4917	4916_RomanPolanski_69_m
518	RomanPolanski	54	AGE54	4910	4909_RomanPolanski_54_m
518	RomanPolanski	35	AGE35	4892	4891_RomanPolanski_35_m
518	RomanPolanski	41	AGE41	4898	4897_RomanPolanski_41_m
518	RomanPolanski	52	AGE52	4908	4907_RomanPolanski_52_m
518	RomanPolanski	28	AGE28	4882	4881_RomanPolanski_28_m
518	RomanPolanski	74	AGE74	4920	4919_RomanPolanski_74_m
518	RomanPolanski	49	AGE49	4905	4904_RomanPolanski_49_m
518	RomanPolanski	78	AGE78	4924	4923_RomanPolanski_78_m
518	RomanPolanski	47	AGE47	4903	4902_RomanPolanski_47_m
518	RomanPolanski	48	AGE48	4904	4903_RomanPolanski_48_m
518	RomanPolanski	80	AGE80	4926	4925_RomanPolanski_80_m
518	RomanPolanski	76	AGE76	4922	4921_RomanPolanski_76_m
518	RomanPolanski	31	AGE31	4891	4890_RomanPolanski_31_m
518	RomanPolanski	35	AGE35	4888	4887_RomanPolanski_35_m
518	RomanPolanski	38	AGE38	4889	4888_RomanPolanski_38_m
518	RomanPolanski	50	AGE50	4906	4905_RomanPolanski_50_m
519	ChevyChase	44	AGE44	2435	2434_ChevyChase_44_m
519	ChevyChase	40	AGE40	2456	2455_ChevyChase_40_m
519	ChevyChase	68	AGE68	2447	2446_ChevyChase_68_m
519	ChevyChase	40	AGE40	2432	2431_ChevyChase_40_m
519	ChevyChase	60	AGE60	2440	2439_ChevyChase_60_m
519	ChevyChase	43	AGE43	2434	2433_ChevyChase_43_m
519	ChevyChase	56	AGE56	2439	2438_ChevyChase_56_m
519	ChevyChase	33	AGE33	2450	2449_ChevyChase_33_m
519	ChevyChase	69	AGE69	2448	2447_ChevyChase_69_m
519	ChevyChase	32	AGE32	2430	2429_ChevyChase_32_m
519	ChevyChase	28	AGE28	2425	2424_ChevyChase_28_m
519	ChevyChase	35	AGE35	2429	2428_ChevyChase_35_m
519	ChevyChase	37	AGE37	2431	2430_ChevyChase_37_m
519	ChevyChase	52	AGE52	2438	2437_ChevyChase_52_m
519	ChevyChase	61	AGE61	2441	2440_ChevyChase_61_m
519	ChevyChase	62	AGE62	2442	2441_ChevyChase_62_m
519	ChevyChase	31	AGE31	2449	2448_ChevyChase_31_m
519	ChevyChase	34	AGE34	2428	2427_ChevyChase_34_m
519	ChevyChase	63	AGE63	2443	2442_ChevyChase_63_m
519	ChevyChase	35	AGE35	2455	2454_ChevyChase_35_m
519	ChevyChase	58	AGE58	2454	2453_ChevyChase_58_m
519	ChevyChase	65	AGE65	2444	2443_ChevyChase_65_m
519	ChevyChase	33	AGE33	2427	2426_ChevyChase_33_m
519	ChevyChase	25	AGE25	2426	2425_ChevyChase_25_m
519	ChevyChase	67	AGE67	2457	2456_ChevyChase_67_m
519	ChevyChase	51	AGE51	2437	2436_ChevyChase_51_m
519	ChevyChase	66	AGE66	2445	2444_ChevyChase_66_m
519	ChevyChase	45	AGE45	2451	2450_ChevyChase_45_m
519	ChevyChase	30	AGE30	2424	2423_ChevyChase_30_m
519	ChevyChase	67	AGE67	2446	2445_ChevyChase_67_m
519	ChevyChase	42	AGE42	2452	2451_ChevyChase_42_m
519	ChevyChase	57	AGE57	2453	2452_ChevyChase_57_m
519	ChevyChase	42	AGE42	2433	2432_ChevyChase_42_m
519	ChevyChase	46	AGE46	2436	2435_ChevyChase_46_m
520	MaryTamm	21	AGE21	15731	15730_MaryTamm_21_f
520	MaryTamm	17	AGE17	15728	15727_MaryTamm_17_f
520	MaryTamm	48	AGE48	15747	15746_MaryTamm_48_f
520	MaryTamm	32	AGE32	15738	15737_MaryTamm_32_f
520	MaryTamm	24	AGE24	15733	15732_MaryTamm_24_f
520	MaryTamm	33	AGE33	15739	15738_MaryTamm_33_f
520	MaryTamm	40	AGE40	15742	15741_MaryTamm_40_f
520	MaryTamm	23	AGE23	15732	15731_MaryTamm_23_f
520	MaryTamm	42	AGE42	15743	15742_MaryTamm_42_f
520	MaryTamm	19	AGE19	15730	15729_MaryTamm_19_f
520	MaryTamm	46	AGE46	15745	15744_MaryTamm_46_f
520	MaryTamm	30	AGE30	15737	15736_MaryTamm_30_f
520	MaryTamm	35	AGE35	15740	15739_MaryTamm_35_f
520	MaryTamm	27	AGE27	15735	15734_MaryTamm_27_f
520	MaryTamm	44	AGE44	15744	15743_MaryTamm_44_f
520	MaryTamm	53	AGE53	15750	15749_MaryTamm_53_f
520	MaryTamm	51	AGE51	15749	15748_MaryTamm_51_f
520	MaryTamm	15	AGE15	15727	15726_MaryTamm_15_f
520	MaryTamm	50	AGE50	15748	15747_MaryTamm_50_f
520	MaryTamm	36	AGE36	15741	15740_MaryTamm_36_f
520	MaryTamm	47	AGE47	15746	15745_MaryTamm_47_f
520	MaryTamm	25	AGE25	15734	15733_MaryTamm_25_f
520	MaryTamm	55	AGE55	15751	15750_MaryTamm_55_f
520	MaryTamm	29	AGE29	15736	15735_MaryTamm_29_f
520	MaryTamm	18	AGE18	15729	15728_MaryTamm_18_f
521	StefaniePowers	67	AGE67	15841	15840_StefaniePowers_67_f
521	StefaniePowers	47	AGE47	15827	15826_StefaniePowers_47_f
521	StefaniePowers	56	AGE56	15832	15831_StefaniePowers_56_f
521	StefaniePowers	54	AGE54	15847	15846_StefaniePowers_54_f
521	StefaniePowers	60	AGE60	15834	15833_StefaniePowers_60_f
521	StefaniePowers	32	AGE32	15818	15817_StefaniePowers_32_f
521	StefaniePowers	46	AGE46	15826	15825_StefaniePowers_46_f
521	StefaniePowers	37	AGE37	15821	15820_StefaniePowers_37_f
521	StefaniePowers	36	AGE36	15820	15819_StefaniePowers_36_f
521	StefaniePowers	23	AGE23	15815	15814_StefaniePowers_23_f
521	StefaniePowers	44	AGE44	15845	15844_StefaniePowers_44_f
521	StefaniePowers	65	AGE65	15839	15838_StefaniePowers_65_f
521	StefaniePowers	73	AGE73	15843	15842_StefaniePowers_73_f
521	StefaniePowers	42	AGE42	15844	15843_StefaniePowers_42_f
521	StefaniePowers	48	AGE48	15828	15827_StefaniePowers_48_f
521	StefaniePowers	64	AGE64	15838	15837_StefaniePowers_64_f
521	StefaniePowers	68	AGE68	15849	15848_StefaniePowers_68_f
521	StefaniePowers	69	AGE69	15842	15841_StefaniePowers_69_f
521	StefaniePowers	62	AGE62	15836	15835_StefaniePowers_62_f
521	StefaniePowers	66	AGE66	15840	15839_StefaniePowers_66_f
521	StefaniePowers	34	AGE34	15819	15818_StefaniePowers_34_f
521	StefaniePowers	29	AGE29	15817	15816_StefaniePowers_29_f
521	StefaniePowers	61	AGE61	15835	15834_StefaniePowers_61_f
521	StefaniePowers	21	AGE21	15814	15813_StefaniePowers_21_f
521	StefaniePowers	38	AGE38	15822	15821_StefaniePowers_38_f
521	StefaniePowers	63	AGE63	15837	15836_StefaniePowers_63_f
521	StefaniePowers	41	AGE41	15825	15824_StefaniePowers_41_f
521	StefaniePowers	49	AGE49	15829	15828_StefaniePowers_49_f
521	StefaniePowers	40	AGE40	15824	15823_StefaniePowers_40_f
521	StefaniePowers	55	AGE55	15848	15847_StefaniePowers_55_f
521	StefaniePowers	51	AGE51	15830	15829_StefaniePowers_51_f
521	StefaniePowers	52	AGE52	15831	15830_StefaniePowers_52_f
521	StefaniePowers	50	AGE50	15846	15845_StefaniePowers_50_f
521	StefaniePowers	71	AGE71	15851	15850_StefaniePowers_71_f
521	StefaniePowers	70	AGE70	15850	15849_StefaniePowers_70_f
521	StefaniePowers	24	AGE24	15816	15815_StefaniePowers_24_f
521	StefaniePowers	58	AGE58	15833	15832_StefaniePowers_58_f
521	StefaniePowers	39	AGE39	15823	15822_StefaniePowers_39_f
522	DannyGlover	63	AGE63	16105	16104_DannyGlover_63_m
522	DannyGlover	45	AGE45	16087	16086_DannyGlover_45_m
522	DannyGlover	69	AGE69	16099	16098_DannyGlover_69_m
522	DannyGlover	39	AGE39	16083	16082_DannyGlover_39_m
522	DannyGlover	41	AGE41	16084	16083_DannyGlover_41_m
522	DannyGlover	71	AGE71	16104	16103_DannyGlover_71_m
522	DannyGlover	47	AGE47	16090	16089_DannyGlover_47_m
522	DannyGlover	70	AGE70	16102	16101_DannyGlover_70_m
522	DannyGlover	68	AGE68	16096	16095_DannyGlover_68_m
522	DannyGlover	52	AGE52	16107	16106_DannyGlover_52_m
522	DannyGlover	70	AGE70	16100	16099_DannyGlover_70_m
522	DannyGlover	61	AGE61	16091	16090_DannyGlover_61_m
522	DannyGlover	42	AGE42	16109	16108_DannyGlover_42_m
522	DannyGlover	68	AGE68	16095	16094_DannyGlover_68_m
522	DannyGlover	68	AGE68	16097	16096_DannyGlover_68_m
522	DannyGlover	68	AGE68	16082	16081_DannyGlover_68_m
522	DannyGlover	41	AGE41	16092	16091_DannyGlover_41_m
522	DannyGlover	71	AGE71	16103	16102_DannyGlover_71_m
522	DannyGlover	43	AGE43	16085	16084_DannyGlover_43_m
522	DannyGlover	58	AGE58	16094	16093_DannyGlover_58_m
522	DannyGlover	62	AGE62	16093	16092_DannyGlover_62_m
522	DannyGlover	46	AGE46	16088	16087_DannyGlover_46_m
522	DannyGlover	70	AGE70	16101	16100_DannyGlover_70_m
522	DannyGlover	44	AGE44	16086	16085_DannyGlover_44_m
522	DannyGlover	39	AGE39	16111	16110_DannyGlover_39_m
522	DannyGlover	8	AGE8	16108	16107_DannyGlover_8_m
522	DannyGlover	70	AGE70	16098	16097_DannyGlover_70_m
522	DannyGlover	61	AGE61	16110	16109_DannyGlover_61_m
522	DannyGlover	63	AGE63	16106	16105_DannyGlover_63_m
522	DannyGlover	57	AGE57	16089	16088_DannyGlover_57_m
523	MartinSheen	31	AGE31	3520	3519_MartinSheen_31_m
523	MartinSheen	69	AGE69	3550	3549_MartinSheen_69_m
523	MartinSheen	38	AGE38	3527	3526_MartinSheen_38_m
523	MartinSheen	69	AGE69	3549	3548_MartinSheen_69_m
523	MartinSheen	62	AGE62	3543	3542_MartinSheen_62_m
523	MartinSheen	56	AGE56	3537	3536_MartinSheen_56_m
523	MartinSheen	68	AGE68	3548	3547_MartinSheen_68_m
523	MartinSheen	72	AGE72	3553	3552_MartinSheen_72_m
523	MartinSheen	43	AGE43	3530	3529_MartinSheen_43_m
523	MartinSheen	75	AGE75	3556	3555_MartinSheen_75_m
523	MartinSheen	73	AGE73	3554	3553_MartinSheen_73_m
523	MartinSheen	34	AGE34	3523	3522_MartinSheen_34_m
523	MartinSheen	59	AGE59	3540	3539_MartinSheen_59_m
523	MartinSheen	46	AGE46	3532	3531_MartinSheen_46_m
523	MartinSheen	67	AGE67	3547	3546_MartinSheen_67_m
523	MartinSheen	27	AGE27	3518	3517_MartinSheen_27_m
523	MartinSheen	35	AGE35	3524	3523_MartinSheen_35_m
523	MartinSheen	36	AGE36	3525	3524_MartinSheen_36_m
523	MartinSheen	63	AGE63	3544	3543_MartinSheen_63_m
523	MartinSheen	33	AGE33	3522	3521_MartinSheen_33_m
523	MartinSheen	58	AGE58	3539	3538_MartinSheen_58_m
523	MartinSheen	57	AGE57	3538	3537_MartinSheen_57_m
523	MartinSheen	23	AGE23	3517	3516_MartinSheen_23_m
523	MartinSheen	53	AGE53	3536	3535_MartinSheen_53_m
523	MartinSheen	47	AGE47	3533	3532_MartinSheen_47_m
523	MartinSheen	52	AGE52	3535	3534_MartinSheen_52_m
523	MartinSheen	61	AGE61	3542	3541_MartinSheen_61_m
523	MartinSheen	66	AGE66	3546	3545_MartinSheen_66_m
523	MartinSheen	44	AGE44	3531	3530_MartinSheen_44_m
523	MartinSheen	32	AGE32	3521	3520_MartinSheen_32_m
523	MartinSheen	64	AGE64	3545	3544_MartinSheen_64_m
523	MartinSheen	50	AGE50	3534	3533_MartinSheen_50_m
523	MartinSheen	29	AGE29	3519	3518_MartinSheen_29_m
523	MartinSheen	37	AGE37	3526	3525_MartinSheen_37_m
523	MartinSheen	71	AGE71	3552	3551_MartinSheen_71_m
523	MartinSheen	42	AGE42	3529	3528_MartinSheen_42_m
523	MartinSheen	70	AGE70	3551	3550_MartinSheen_70_m
523	MartinSheen	74	AGE74	3555	3554_MartinSheen_74_m
523	MartinSheen	40	AGE40	3528	3527_MartinSheen_40_m
523	MartinSheen	60	AGE60	3541	3540_MartinSheen_60_m
524	MaureenOHara	78	AGE78	11642	11641_MaureenOHara_78_f
524	MaureenOHara	21	AGE21	11624	11623_MaureenOHara_21_f
524	MaureenOHara	51	AGE51	11638	11637_MaureenOHara_51_f
524	MaureenOHara	20	AGE20	11623	11622_MaureenOHara_20_f
524	MaureenOHara	84	AGE84	11643	11642_MaureenOHara_84_f
524	MaureenOHara	39	AGE39	11636	11635_MaureenOHara_39_f
524	MaureenOHara	26	AGE26	11627	11626_MaureenOHara_26_f
524	MaureenOHara	45	AGE45	11637	11636_MaureenOHara_45_f
524	MaureenOHara	75	AGE75	11641	11640_MaureenOHara_75_f
524	MaureenOHara	20	AGE20	11651	11650_MaureenOHara_20_f
524	MaureenOHara	36	AGE36	11635	11634_MaureenOHara_36_f
524	MaureenOHara	33	AGE33	11632	11631_MaureenOHara_33_f
524	MaureenOHara	32	AGE32	11631	11630_MaureenOHara_32_f
524	MaureenOHara	28	AGE28	11649	11648_MaureenOHara_28_f
524	MaureenOHara	35	AGE35	11634	11633_MaureenOHara_35_f
524	MaureenOHara	35	AGE35	11644	11643_MaureenOHara_35_f
524	MaureenOHara	82	AGE82	11647	11646_MaureenOHara_82_f
524	MaureenOHara	78	AGE78	11645	11644_MaureenOHara_78_f
524	MaureenOHara	85	AGE85	11646	11645_MaureenOHara_85_f
524	MaureenOHara	28	AGE28	11629	11628_MaureenOHara_28_f
524	MaureenOHara	27	AGE27	11628	11627_MaureenOHara_27_f
524	MaureenOHara	30	AGE30	11648	11647_MaureenOHara_30_f
524	MaureenOHara	89	AGE89	11650	11649_MaureenOHara_89_f
524	MaureenOHara	71	AGE71	11639	11638_MaureenOHara_71_f
524	MaureenOHara	18	AGE18	11652	11651_MaureenOHara_18_f
524	MaureenOHara	75	AGE75	11640	11639_MaureenOHara_75_f
524	MaureenOHara	34	AGE34	11633	11632_MaureenOHara_34_f
524	MaureenOHara	23	AGE23	11626	11625_MaureenOHara_23_f
524	MaureenOHara	22	AGE22	11625	11624_MaureenOHara_22_f
524	MaureenOHara	29	AGE29	11630	11629_MaureenOHara_29_f
525	BoDerek	33	AGE33	9652	9651_BoDerek_33_f
525	BoDerek	24	AGE24	9646	9645_BoDerek_24_f
525	BoDerek	40	AGE40	9656	9655_BoDerek_40_f
525	BoDerek	51	AGE51	9665	9664_BoDerek_51_f
525	BoDerek	45	AGE45	9661	9660_BoDerek_45_f
525	BoDerek	28	AGE28	9650	9649_BoDerek_28_f
525	BoDerek	42	AGE42	9658	9657_BoDerek_42_f
525	BoDerek	36	AGE36	9653	9652_BoDerek_36_f
525	BoDerek	26	AGE26	9648	9647_BoDerek_26_f
525	BoDerek	41	AGE41	9657	9656_BoDerek_41_f
525	BoDerek	44	AGE44	9660	9659_BoDerek_44_f
525	BoDerek	43	AGE43	9659	9658_BoDerek_43_f
525	BoDerek	55	AGE55	9667	9666_BoDerek_55_f
525	BoDerek	39	AGE39	9655	9654_BoDerek_39_f
525	BoDerek	46	AGE46	9662	9661_BoDerek_46_f
525	BoDerek	23	AGE23	9645	9644_BoDerek_23_f
525	BoDerek	53	AGE53	9666	9665_BoDerek_53_f
525	BoDerek	38	AGE38	9654	9653_BoDerek_38_f
525	BoDerek	21	AGE21	9644	9643_BoDerek_21_f
525	BoDerek	27	AGE27	9649	9648_BoDerek_27_f
525	BoDerek	50	AGE50	9664	9663_BoDerek_50_f
525	BoDerek	20	AGE20	9643	9642_BoDerek_20_f
525	BoDerek	31	AGE31	9651	9650_BoDerek_31_f
525	BoDerek	47	AGE47	9663	9662_BoDerek_47_f
525	BoDerek	25	AGE25	9647	9646_BoDerek_25_f
526	AngieDickinson	24	AGE24	12413	12412_AngieDickinson_24_f
526	AngieDickinson	57	AGE57	12454	12453_AngieDickinson_57_f
526	AngieDickinson	33	AGE33	12441	12440_AngieDickinson_33_f
526	AngieDickinson	36	AGE36	12420	12419_AngieDickinson_36_f
526	AngieDickinson	63	AGE63	12430	12429_AngieDickinson_63_f
526	AngieDickinson	27	AGE27	12416	12415_AngieDickinson_27_f
526	AngieDickinson	50	AGE50	12450	12449_AngieDickinson_50_f
526	AngieDickinson	45	AGE45	12425	12424_AngieDickinson_45_f
526	AngieDickinson	79	AGE79	12436	12435_AngieDickinson_79_f
526	AngieDickinson	44	AGE44	12424	12423_AngieDickinson_44_f
526	AngieDickinson	19	AGE19	12410	12409_AngieDickinson_19_f
526	AngieDickinson	21	AGE21	12411	12410_AngieDickinson_21_f
526	AngieDickinson	29	AGE29	12418	12417_AngieDickinson_29_f
526	AngieDickinson	31	AGE31	12439	12438_AngieDickinson_31_f
526	AngieDickinson	67	AGE67	12432	12431_AngieDickinson_67_f
526	AngieDickinson	69	AGE69	12456	12455_AngieDickinson_69_f
526	AngieDickinson	81	AGE81	12438	12437_AngieDickinson_81_f
526	AngieDickinson	80	AGE80	12437	12436_AngieDickinson_80_f
526	AngieDickinson	64	AGE64	12431	12430_AngieDickinson_64_f
526	AngieDickinson	23	AGE23	12412	12411_AngieDickinson_23_f
526	AngieDickinson	73	AGE73	12457	12456_AngieDickinson_73_f
526	AngieDickinson	28	AGE28	12417	12416_AngieDickinson_28_f
526	AngieDickinson	25	AGE25	12414	12413_AngieDickinson_25_f
526	AngieDickinson	59	AGE59	12428	12427_AngieDickinson_59_f
526	AngieDickinson	51	AGE51	12451	12450_AngieDickinson_51_f
526	AngieDickinson	47	AGE47	12426	12425_AngieDickinson_47_f
526	AngieDickinson	76	AGE76	12458	12457_AngieDickinson_76_f
526	AngieDickinson	42	AGE42	12446	12445_AngieDickinson_42_f
526	AngieDickinson	34	AGE34	12442	12441_AngieDickinson_34_f
526	AngieDickinson	48	AGE48	12427	12426_AngieDickinson_48_f
526	AngieDickinson	46	AGE46	12448	12447_AngieDickinson_46_f
526	AngieDickinson	58	AGE58	12455	12454_AngieDickinson_58_f
526	AngieDickinson	37	AGE37	12444	12443_AngieDickinson_37_f
526	AngieDickinson	39	AGE39	12422	12421_AngieDickinson_39_f
526	AngieDickinson	26	AGE26	12415	12414_AngieDickinson_26_f
526	AngieDickinson	72	AGE72	12435	12434_AngieDickinson_72_f
526	AngieDickinson	40	AGE40	12445	12444_AngieDickinson_40_f
526	AngieDickinson	32	AGE32	12440	12439_AngieDickinson_32_f
526	AngieDickinson	70	AGE70	12433	12432_AngieDickinson_70_f
526	AngieDickinson	78	AGE78	12459	12458_AngieDickinson_78_f
526	AngieDickinson	35	AGE35	12443	12442_AngieDickinson_35_f
526	AngieDickinson	43	AGE43	12447	12446_AngieDickinson_43_f
526	AngieDickinson	52	AGE52	12452	12451_AngieDickinson_52_f
526	AngieDickinson	38	AGE38	12421	12420_AngieDickinson_38_f
526	AngieDickinson	71	AGE71	12434	12433_AngieDickinson_71_f
526	AngieDickinson	62	AGE62	12429	12428_AngieDickinson_62_f
526	AngieDickinson	41	AGE41	12423	12422_AngieDickinson_41_f
526	AngieDickinson	30	AGE30	12419	12418_AngieDickinson_30_f
526	AngieDickinson	54	AGE54	12453	12452_AngieDickinson_54_f
526	AngieDickinson	82	AGE82	12460	12459_AngieDickinson_82_f
526	AngieDickinson	49	AGE49	12449	12448_AngieDickinson_49_f
527	JohnGarfield	32	AGE32	7174	7173_JohnGarfield_32_m
527	JohnGarfield	35	AGE35	7178	7177_JohnGarfield_35_m
527	JohnGarfield	34	AGE34	7176	7175_JohnGarfield_34_m
527	JohnGarfield	28	AGE28	7167	7166_JohnGarfield_28_m
527	JohnGarfield	25	AGE25	7163	7162_JohnGarfield_25_m
527	JohnGarfield	34	AGE34	7177	7176_JohnGarfield_34_m
527	JohnGarfield	26	AGE26	7164	7163_JohnGarfield_26_m
527	JohnGarfield	31	AGE31	7172	7171_JohnGarfield_31_m
527	JohnGarfield	29	AGE29	7169	7168_JohnGarfield_29_m
527	JohnGarfield	23	AGE23	7161	7160_JohnGarfield_23_m
527	JohnGarfield	38	AGE38	7183	7182_JohnGarfield_38_m
527	JohnGarfield	36	AGE36	7181	7180_JohnGarfield_36_m
527	JohnGarfield	35	AGE35	7179	7178_JohnGarfield_35_m
527	JohnGarfield	30	AGE30	7170	7169_JohnGarfield_30_m
527	JohnGarfield	33	AGE33	7175	7174_JohnGarfield_33_m
527	JohnGarfield	22	AGE22	7160	7159_JohnGarfield_22_m
527	JohnGarfield	27	AGE27	7166	7165_JohnGarfield_27_m
527	JohnGarfield	30	AGE30	7171	7170_JohnGarfield_30_m
527	JohnGarfield	7	AGE7	7159	7158_JohnGarfield_7_m
527	JohnGarfield	24	AGE24	7162	7161_JohnGarfield_24_m
527	JohnGarfield	27	AGE27	7165	7164_JohnGarfield_27_m
527	JohnGarfield	32	AGE32	7173	7172_JohnGarfield_32_m
527	JohnGarfield	29	AGE29	7168	7167_JohnGarfield_29_m
527	JohnGarfield	36	AGE36	7180	7179_JohnGarfield_36_m
527	JohnGarfield	38	AGE38	7184	7183_JohnGarfield_38_m
527	JohnGarfield	37	AGE37	7182	7181_JohnGarfield_37_m
528	MichaelBloomberg	50	AGE50	315	314_MichaelBloomberg_50_m
528	MichaelBloomberg	68	AGE68	303	302_MichaelBloomberg_68_m
528	MichaelBloomberg	57	AGE57	312	311_MichaelBloomberg_57_m
528	MichaelBloomberg	71	AGE71	322	321_MichaelBloomberg_71_m
528	MichaelBloomberg	69	AGE69	304	303_MichaelBloomberg_69_m
528	MichaelBloomberg	70	AGE70	321	320_MichaelBloomberg_70_m
528	MichaelBloomberg	70	AGE70	311	310_MichaelBloomberg_70_m
528	MichaelBloomberg	48	AGE48	316	315_MichaelBloomberg_48_m
528	MichaelBloomberg	63	AGE63	305	304_MichaelBloomberg_63_m
528	MichaelBloomberg	71	AGE71	302	301_MichaelBloomberg_71_m
528	MichaelBloomberg	65	AGE65	308	307_MichaelBloomberg_65_m
528	MichaelBloomberg	71	AGE71	300	299_MichaelBloomberg_71_m
528	MichaelBloomberg	71	AGE71	317	316_MichaelBloomberg_71_m
528	MichaelBloomberg	65	AGE65	307	306_MichaelBloomberg_65_m
528	MichaelBloomberg	68	AGE68	310	309_MichaelBloomberg_68_m
528	MichaelBloomberg	50	AGE50	313	312_MichaelBloomberg_50_m
528	MichaelBloomberg	64	AGE64	306	305_MichaelBloomberg_64_m
528	MichaelBloomberg	68	AGE68	319	318_MichaelBloomberg_68_m
528	MichaelBloomberg	66	AGE66	309	308_MichaelBloomberg_66_m
528	MichaelBloomberg	62	AGE62	314	313_MichaelBloomberg_62_m
528	MichaelBloomberg	71	AGE71	301	300_MichaelBloomberg_71_m
528	MichaelBloomberg	71	AGE71	318	317_MichaelBloomberg_71_m
528	MichaelBloomberg	69	AGE69	320	319_MichaelBloomberg_69_m
528	MichaelBloomberg	70	AGE70	323	322_MichaelBloomberg_70_m
529	RichardBurton	30	AGE30	9190	9189_RichardBurton_30_m
529	RichardBurton	28	AGE28	9188	9187_RichardBurton_28_m
529	RichardBurton	27	AGE27	9203	9202_RichardBurton_27_m
529	RichardBurton	44	AGE44	9200	9199_RichardBurton_44_m
529	RichardBurton	45	AGE45	9191	9190_RichardBurton_45_m
529	RichardBurton	42	AGE42	9199	9198_RichardBurton_42_m
529	RichardBurton	50	AGE50	9195	9194_RichardBurton_50_m
529	RichardBurton	38	AGE38	9204	9203_RichardBurton_38_m
529	RichardBurton	59	AGE59	9197	9196_RichardBurton_59_m
529	RichardBurton	26	AGE26	9193	9192_RichardBurton_26_m
529	RichardBurton	45	AGE45	9196	9195_RichardBurton_45_m
529	RichardBurton	30	AGE30	9205	9204_RichardBurton_30_m
529	RichardBurton	40	AGE40	9198	9197_RichardBurton_40_m
529	RichardBurton	22	AGE22	9201	9200_RichardBurton_22_m
529	RichardBurton	42	AGE42	9194	9193_RichardBurton_42_m
529	RichardBurton	35	AGE35	9189	9188_RichardBurton_35_m
529	RichardBurton	48	AGE48	9192	9191_RichardBurton_48_m
529	RichardBurton	24	AGE24	9202	9201_RichardBurton_24_m
530	SimonMacCorkindale	25	AGE25	8349	8348_SimonMacCorkindale_25_m
530	SimonMacCorkindale	35	AGE35	8359	8358_SimonMacCorkindale_35_m
530	SimonMacCorkindale	58	AGE58	8377	8376_SimonMacCorkindale_58_m
530	SimonMacCorkindale	38	AGE38	8361	8360_SimonMacCorkindale_38_m
530	SimonMacCorkindale	23	AGE23	8347	8346_SimonMacCorkindale_23_m
530	SimonMacCorkindale	49	AGE49	8369	8368_SimonMacCorkindale_49_m
530	SimonMacCorkindale	27	AGE27	8351	8350_SimonMacCorkindale_27_m
530	SimonMacCorkindale	51	AGE51	8371	8370_SimonMacCorkindale_51_m
530	SimonMacCorkindale	34	AGE34	8358	8357_SimonMacCorkindale_34_m
530	SimonMacCorkindale	45	AGE45	8366	8365_SimonMacCorkindale_45_m
530	SimonMacCorkindale	52	AGE52	8372	8371_SimonMacCorkindale_52_m
530	SimonMacCorkindale	57	AGE57	8376	8375_SimonMacCorkindale_57_m
530	SimonMacCorkindale	40	AGE40	8363	8362_SimonMacCorkindale_40_m
530	SimonMacCorkindale	55	AGE55	8374	8373_SimonMacCorkindale_55_m
530	SimonMacCorkindale	33	AGE33	8357	8356_SimonMacCorkindale_33_m
530	SimonMacCorkindale	43	AGE43	8364	8363_SimonMacCorkindale_43_m
530	SimonMacCorkindale	50	AGE50	8370	8369_SimonMacCorkindale_50_m
530	SimonMacCorkindale	29	AGE29	8353	8352_SimonMacCorkindale_29_m
530	SimonMacCorkindale	37	AGE37	8360	8359_SimonMacCorkindale_37_m
530	SimonMacCorkindale	24	AGE24	8348	8347_SimonMacCorkindale_24_m
530	SimonMacCorkindale	30	AGE30	8354	8353_SimonMacCorkindale_30_m
530	SimonMacCorkindale	31	AGE31	8355	8354_SimonMacCorkindale_31_m
530	SimonMacCorkindale	53	AGE53	8373	8372_SimonMacCorkindale_53_m
530	SimonMacCorkindale	28	AGE28	8352	8351_SimonMacCorkindale_28_m
530	SimonMacCorkindale	44	AGE44	8365	8364_SimonMacCorkindale_44_m
530	SimonMacCorkindale	39	AGE39	8362	8361_SimonMacCorkindale_39_m
530	SimonMacCorkindale	32	AGE32	8356	8355_SimonMacCorkindale_32_m
530	SimonMacCorkindale	56	AGE56	8375	8374_SimonMacCorkindale_56_m
530	SimonMacCorkindale	48	AGE48	8368	8367_SimonMacCorkindale_48_m
530	SimonMacCorkindale	46	AGE46	8367	8366_SimonMacCorkindale_46_m
530	SimonMacCorkindale	26	AGE26	8350	8349_SimonMacCorkindale_26_m
531	TimothyDalton	29	AGE29	4965	4964_TimothyDalton_29_m
531	TimothyDalton	61	AGE61	4984	4983_TimothyDalton_61_m
531	TimothyDalton	59	AGE59	4983	4982_TimothyDalton_59_m
531	TimothyDalton	63	AGE63	4986	4985_TimothyDalton_63_m
531	TimothyDalton	43	AGE43	4971	4970_TimothyDalton_43_m
531	TimothyDalton	54	AGE54	4981	4980_TimothyDalton_54_m
531	TimothyDalton	46	AGE46	4975	4974_TimothyDalton_46_m
531	TimothyDalton	51	AGE51	4979	4978_TimothyDalton_51_m
531	TimothyDalton	48	AGE48	4976	4975_TimothyDalton_48_m
531	TimothyDalton	50	AGE50	4978	4977_TimothyDalton_50_m
531	TimothyDalton	39	AGE39	4970	4969_TimothyDalton_39_m
531	TimothyDalton	26	AGE26	4964	4963_TimothyDalton_26_m
531	TimothyDalton	56	AGE56	4982	4981_TimothyDalton_56_m
531	TimothyDalton	63	AGE63	4985	4984_TimothyDalton_63_m
531	TimothyDalton	66	AGE66	4987	4986_TimothyDalton_66_m
531	TimothyDalton	45	AGE45	4974	4973_TimothyDalton_45_m
531	TimothyDalton	24	AGE24	4963	4962_TimothyDalton_24_m
531	TimothyDalton	37	AGE37	4969	4968_TimothyDalton_37_m
531	TimothyDalton	36	AGE36	4968	4967_TimothyDalton_36_m
531	TimothyDalton	69	AGE69	4989	4988_TimothyDalton_69_m
531	TimothyDalton	52	AGE52	4980	4979_TimothyDalton_52_m
531	TimothyDalton	44	AGE44	4973	4972_TimothyDalton_44_m
531	TimothyDalton	35	AGE35	4967	4966_TimothyDalton_35_m
531	TimothyDalton	49	AGE49	4977	4976_TimothyDalton_49_m
531	TimothyDalton	34	AGE34	4966	4965_TimothyDalton_34_m
531	TimothyDalton	68	AGE68	4988	4987_TimothyDalton_68_m
531	TimothyDalton	44	AGE44	4972	4971_TimothyDalton_44_m
532	KostasXatzixristos	45	AGE45	9614	9613_KostasXatzixristos_45_m
532	KostasXatzixristos	40	AGE40	9617	9616_KostasXatzixristos_40_m
532	KostasXatzixristos	47	AGE47	9619	9618_KostasXatzixristos_47_m
532	KostasXatzixristos	65	AGE65	9625	9624_KostasXatzixristos_65_m
532	KostasXatzixristos	38	AGE38	9618	9617_KostasXatzixristos_38_m
532	KostasXatzixristos	38	AGE38	9613	9612_KostasXatzixristos_38_m
532	KostasXatzixristos	78	AGE78	9620	9619_KostasXatzixristos_78_m
532	KostasXatzixristos	72	AGE72	9621	9620_KostasXatzixristos_72_m
532	KostasXatzixristos	35	AGE35	9622	9621_KostasXatzixristos_35_m
532	KostasXatzixristos	47	AGE47	9624	9623_KostasXatzixristos_47_m
532	KostasXatzixristos	68	AGE68	9616	9615_KostasXatzixristos_68_m
532	KostasXatzixristos	42	AGE42	9623	9622_KostasXatzixristos_42_m
532	KostasXatzixristos	42	AGE42	9612	9611_KostasXatzixristos_42_m
532	KostasXatzixristos	40	AGE40	9615	9614_KostasXatzixristos_40_m
533	ClintEastwood	74	AGE74	5216	5215_ClintEastwood_74_m
533	ClintEastwood	75	AGE75	5215	5214_ClintEastwood_75_m
533	ClintEastwood	70	AGE70	5219	5218_ClintEastwood_70_m
533	ClintEastwood	22	AGE22	5207	5206_ClintEastwood_22_m
533	ClintEastwood	76	AGE76	5212	5211_ClintEastwood_76_m
533	ClintEastwood	35	AGE35	5209	5208_ClintEastwood_35_m
533	ClintEastwood	38	AGE38	5208	5207_ClintEastwood_38_m
533	ClintEastwood	72	AGE72	5214	5213_ClintEastwood_72_m
533	ClintEastwood	70	AGE70	5213	5212_ClintEastwood_70_m
533	ClintEastwood	42	AGE42	5218	5217_ClintEastwood_42_m
533	ClintEastwood	38	AGE38	5210	5209_ClintEastwood_38_m
533	ClintEastwood	75	AGE75	5220	5219_ClintEastwood_75_m
533	ClintEastwood	40	AGE40	5211	5210_ClintEastwood_40_m
533	ClintEastwood	70	AGE70	5217	5216_ClintEastwood_70_m
534	AlbertoSordi	51	AGE51	7768	7767_AlbertoSordi_51_m
534	AlbertoSordi	33	AGE33	7757	7756_AlbertoSordi_33_m
534	AlbertoSordi	27	AGE27	7747	7746_AlbertoSordi_27_m
534	AlbertoSordi	18	AGE18	7744	7743_AlbertoSordi_18_m
534	AlbertoSordi	55	AGE55	7770	7769_AlbertoSordi_55_m
534	AlbertoSordi	48	AGE48	7766	7765_AlbertoSordi_48_m
534	AlbertoSordi	81	AGE81	7784	7783_AlbertoSordi_81_m
534	AlbertoSordi	21	AGE21	7745	7744_AlbertoSordi_21_m
534	AlbertoSordi	69	AGE69	7778	7777_AlbertoSordi_69_m
534	AlbertoSordi	50	AGE50	7767	7766_AlbertoSordi_50_m
534	AlbertoSordi	30	AGE30	7751	7750_AlbertoSordi_30_m
534	AlbertoSordi	25	AGE25	7746	7745_AlbertoSordi_25_m
534	AlbertoSordi	76	AGE76	7780	7779_AlbertoSordi_76_m
534	AlbertoSordi	26	AGE26	7749	7748_AlbertoSordi_26_m
534	AlbertoSordi	78	AGE78	7782	7781_AlbertoSordi_78_m
534	AlbertoSordi	57	AGE57	7771	7770_AlbertoSordi_57_m
534	AlbertoSordi	40	AGE40	7763	7762_AlbertoSordi_40_m
534	AlbertoSordi	32	AGE32	7756	7755_AlbertoSordi_32_m
534	AlbertoSordi	52	AGE52	7769	7768_AlbertoSordi_52_m
534	AlbertoSordi	65	AGE65	7776	7775_AlbertoSordi_65_m
534	AlbertoSordi	38	AGE38	7762	7761_AlbertoSordi_38_m
534	AlbertoSordi	36	AGE36	7760	7759_AlbertoSordi_36_m
534	AlbertoSordi	28	AGE28	7748	7747_AlbertoSordi_28_m
534	AlbertoSordi	41	AGE41	7752	7751_AlbertoSordi_41_m
534	AlbertoSordi	72	AGE72	7755	7754_AlbertoSordi_72_m
534	AlbertoSordi	62	AGE62	7775	7774_AlbertoSordi_62_m
534	AlbertoSordi	75	AGE75	7779	7778_AlbertoSordi_75_m
534	AlbertoSordi	35	AGE35	7759	7758_AlbertoSordi_35_m
534	AlbertoSordi	82	AGE82	7785	7784_AlbertoSordi_82_m
534	AlbertoSordi	59	AGE59	7773	7772_AlbertoSordi_59_m
534	AlbertoSordi	44	AGE44	7753	7752_AlbertoSordi_44_m
534	AlbertoSordi	79	AGE79	7783	7782_AlbertoSordi_79_m
534	AlbertoSordi	67	AGE67	7777	7776_AlbertoSordi_67_m
534	AlbertoSordi	29	AGE29	7750	7749_AlbertoSordi_29_m
534	AlbertoSordi	43	AGE43	7764	7763_AlbertoSordi_43_m
534	AlbertoSordi	45	AGE45	7765	7764_AlbertoSordi_45_m
534	AlbertoSordi	34	AGE34	7758	7757_AlbertoSordi_34_m
534	AlbertoSordi	77	AGE77	7781	7780_AlbertoSordi_77_m
534	AlbertoSordi	37	AGE37	7761	7760_AlbertoSordi_37_m
534	AlbertoSordi	58	AGE58	7772	7771_AlbertoSordi_58_m
534	AlbertoSordi	70	AGE70	7754	7753_AlbertoSordi_70_m
534	AlbertoSordi	61	AGE61	7774	7773_AlbertoSordi_61_m
535	Tyson	73	AGE73	16454	16453_Tyson_73_f
535	Tyson	81	AGE81	16446	16445_Tyson_81_f
535	Tyson	46	AGE46	16457	16456_Tyson_46_f
535	Tyson	52	AGE52	16462	16461_Tyson_52_f
535	Tyson	87	AGE87	16445	16444_Tyson_87_f
535	Tyson	67	AGE67	16447	16446_Tyson_67_f
535	Tyson	54	AGE54	16450	16449_Tyson_54_f
535	Tyson	50	AGE50	16461	16460_Tyson_50_f
535	Tyson	86	AGE86	16451	16450_Tyson_86_f
535	Tyson	41	AGE41	16456	16455_Tyson_41_f
535	Tyson	88	AGE88	16444	16443_Tyson_88_f
535	Tyson	54	AGE54	16438	16437_Tyson_54_f
535	Tyson	53	AGE53	16464	16463_Tyson_53_f
535	Tyson	65	AGE65	16467	16466_Tyson_65_f
535	Tyson	50	AGE50	16460	16459_Tyson_50_f
535	Tyson	56	AGE56	16465	16464_Tyson_56_f
535	Tyson	85	AGE85	16452	16451_Tyson_85_f
535	Tyson	72	AGE72	16442	16441_Tyson_72_f
535	Tyson	61	AGE61	16466	16465_Tyson_61_f
535	Tyson	49	AGE49	16459	16458_Tyson_49_f
535	Tyson	36	AGE36	16440	16439_Tyson_36_f
535	Tyson	50	AGE50	16455	16454_Tyson_50_f
535	Tyson	39	AGE39	16443	16442_Tyson_39_f
535	Tyson	48	AGE48	16458	16457_Tyson_48_f
535	Tyson	73	AGE73	16449	16448_Tyson_73_f
535	Tyson	82	AGE82	16448	16447_Tyson_82_f
535	Tyson	49	AGE49	16439	16438_Tyson_49_f
535	Tyson	52	AGE52	16463	16462_Tyson_52_f
535	Tyson	72	AGE72	16468	16467_Tyson_72_f
535	Tyson	83	AGE83	16453	16452_Tyson_83_f
535	Tyson	90	AGE90	16441	16440_Tyson_90_f
536	BerryGordy	29	AGE29	447	446_BerryGordy_29_m
536	BerryGordy	19	AGE19	459	458_BerryGordy_19_m
536	BerryGordy	79	AGE79	446	445_BerryGordy_79_m
536	BerryGordy	40	AGE40	451	450_BerryGordy_40_m
536	BerryGordy	38	AGE38	452	451_BerryGordy_38_m
536	BerryGordy	78	AGE78	463	462_BerryGordy_78_m
536	BerryGordy	62	AGE62	460	459_BerryGordy_62_m
536	BerryGordy	45	AGE45	453	452_BerryGordy_45_m
536	BerryGordy	80	AGE80	457	456_BerryGordy_80_m
536	BerryGordy	41	AGE41	454	453_BerryGordy_41_m
536	BerryGordy	36	AGE36	445	444_BerryGordy_36_m
536	BerryGordy	43	AGE43	456	455_BerryGordy_43_m
536	BerryGordy	23	AGE23	455	454_BerryGordy_23_m
536	BerryGordy	38	AGE38	444	443_BerryGordy_38_m
536	BerryGordy	46	AGE46	462	461_BerryGordy_46_m
536	BerryGordy	83	AGE83	449	448_BerryGordy_83_m
536	BerryGordy	76	AGE76	458	457_BerryGordy_76_m
536	BerryGordy	52	AGE52	461	460_BerryGordy_52_m
536	BerryGordy	28	AGE28	450	449_BerryGordy_28_m
536	BerryGordy	72	AGE72	448	447_BerryGordy_72_m
537	Onasis	65	AGE65	342	341_Onasis_65_m
537	Onasis	58	AGE58	343	342_Onasis_58_m
537	Onasis	52	AGE52	339	338_Onasis_52_m
537	Onasis	65	AGE65	344	343_Onasis_65_m
537	Onasis	62	AGE62	349	348_Onasis_62_m
537	Onasis	52	AGE52	354	353_Onasis_52_m
537	Onasis	61	AGE61	341	340_Onasis_61_m
537	Onasis	52	AGE52	346	345_Onasis_52_m
537	Onasis	64	AGE64	340	339_Onasis_64_m
537	Onasis	26	AGE26	347	346_Onasis_26_m
537	Onasis	30	AGE30	348	347_Onasis_30_m
537	Onasis	69	AGE69	352	351_Onasis_69_m
537	Onasis	54	AGE54	350	349_Onasis_54_m
537	Onasis	50	AGE50	353	352_Onasis_50_m
537	Onasis	30	AGE30	355	354_Onasis_30_m
537	Onasis	65	AGE65	351	350_Onasis_65_m
537	Onasis	65	AGE65	345	344_Onasis_65_m
538	BarbaraStanwyck	20	AGE20	14635	14634_BarbaraStanwyck_20_f
538	BarbaraStanwyck	26	AGE26	14634	14633_BarbaraStanwyck_26_f
538	BarbaraStanwyck	36	AGE36	14645	14644_BarbaraStanwyck_36_f
538	BarbaraStanwyck	44	AGE44	14639	14638_BarbaraStanwyck_44_f
538	BarbaraStanwyck	35	AGE35	14644	14643_BarbaraStanwyck_35_f
538	BarbaraStanwyck	57	AGE57	14655	14654_BarbaraStanwyck_57_f
538	BarbaraStanwyck	23	AGE23	14632	14631_BarbaraStanwyck_23_f
538	BarbaraStanwyck	38	AGE38	14647	14646_BarbaraStanwyck_38_f
538	BarbaraStanwyck	61	AGE61	14656	14655_BarbaraStanwyck_61_f
538	BarbaraStanwyck	25	AGE25	14631	14630_BarbaraStanwyck_25_f
538	BarbaraStanwyck	50	AGE50	14654	14653_BarbaraStanwyck_50_f
538	BarbaraStanwyck	60	AGE60	14660	14659_BarbaraStanwyck_60_f
538	BarbaraStanwyck	45	AGE45	14650	14649_BarbaraStanwyck_45_f
538	BarbaraStanwyck	40	AGE40	14648	14647_BarbaraStanwyck_40_f
538	BarbaraStanwyck	17	AGE17	14628	14627_BarbaraStanwyck_17_f
538	BarbaraStanwyck	39	AGE39	14640	14639_BarbaraStanwyck_39_f
538	BarbaraStanwyck	24	AGE24	14633	14632_BarbaraStanwyck_24_f
538	BarbaraStanwyck	49	AGE49	14653	14652_BarbaraStanwyck_49_f
538	BarbaraStanwyck	59	AGE59	14657	14656_BarbaraStanwyck_59_f
538	BarbaraStanwyck	33	AGE33	14643	14642_BarbaraStanwyck_33_f
538	BarbaraStanwyck	74	AGE74	14658	14657_BarbaraStanwyck_74_f
538	BarbaraStanwyck	25	AGE25	14636	14635_BarbaraStanwyck_25_f
538	BarbaraStanwyck	37	AGE37	14646	14645_BarbaraStanwyck_37_f
538	BarbaraStanwyck	21	AGE21	14630	14629_BarbaraStanwyck_21_f
538	BarbaraStanwyck	30	AGE30	14637	14636_BarbaraStanwyck_30_f
538	BarbaraStanwyck	30	AGE30	14642	14641_BarbaraStanwyck_30_f
538	BarbaraStanwyck	18	AGE18	14629	14628_BarbaraStanwyck_18_f
538	BarbaraStanwyck	32	AGE32	14638	14637_BarbaraStanwyck_32_f
538	BarbaraStanwyck	28	AGE28	14627	14626_BarbaraStanwyck_28_f
538	BarbaraStanwyck	61	AGE61	14641	14640_BarbaraStanwyck_61_f
538	BarbaraStanwyck	46	AGE46	14651	14650_BarbaraStanwyck_46_f
538	BarbaraStanwyck	70	AGE70	14659	14658_BarbaraStanwyck_70_f
538	BarbaraStanwyck	41	AGE41	14649	14648_BarbaraStanwyck_41_f
538	BarbaraStanwyck	48	AGE48	14652	14651_BarbaraStanwyck_48_f
538	BarbaraStanwyck	62	AGE62	14661	14660_BarbaraStanwyck_62_f
539	KristinScottThomas	53	AGE53	14353	14352_KristinScottThomas_53_f
539	KristinScottThomas	35	AGE35	14340	14339_KristinScottThomas_35_f
539	KristinScottThomas	37	AGE37	14342	14341_KristinScottThomas_37_f
539	KristinScottThomas	51	AGE51	14351	14350_KristinScottThomas_51_f
539	KristinScottThomas	36	AGE36	14341	14340_KristinScottThomas_36_f
539	KristinScottThomas	50	AGE50	14350	14349_KristinScottThomas_50_f
539	KristinScottThomas	43	AGE43	14344	14343_KristinScottThomas_43_f
539	KristinScottThomas	49	AGE49	14349	14348_KristinScottThomas_49_f
539	KristinScottThomas	33	AGE33	14337	14336_KristinScottThomas_33_f
539	KristinScottThomas	28	AGE28	14332	14331_KristinScottThomas_28_f
539	KristinScottThomas	29	AGE29	14333	14332_KristinScottThomas_29_f
539	KristinScottThomas	48	AGE48	14348	14347_KristinScottThomas_48_f
539	KristinScottThomas	52	AGE52	14352	14351_KristinScottThomas_52_f
539	KristinScottThomas	41	AGE41	14343	14342_KristinScottThomas_41_f
539	KristinScottThomas	24	AGE24	14327	14326_KristinScottThomas_24_f
539	KristinScottThomas	30	AGE30	14334	14333_KristinScottThomas_30_f
539	KristinScottThomas	34	AGE34	14338	14337_KristinScottThomas_34_f
539	KristinScottThomas	25	AGE25	14328	14327_KristinScottThomas_25_f
539	KristinScottThomas	48	AGE48	14347	14346_KristinScottThomas_48_f
539	KristinScottThomas	31	AGE31	14335	14334_KristinScottThomas_31_f
539	KristinScottThomas	28	AGE28	14331	14330_KristinScottThomas_28_f
539	KristinScottThomas	27	AGE27	14330	14329_KristinScottThomas_27_f
539	KristinScottThomas	46	AGE46	14346	14345_KristinScottThomas_46_f
539	KristinScottThomas	26	AGE26	14329	14328_KristinScottThomas_26_f
539	KristinScottThomas	54	AGE54	14354	14353_KristinScottThomas_54_f
539	KristinScottThomas	44	AGE44	14345	14344_KristinScottThomas_44_f
539	KristinScottThomas	32	AGE32	14336	14335_KristinScottThomas_32_f
539	KristinScottThomas	35	AGE35	14339	14338_KristinScottThomas_35_f
540	JeanClaudeVanDamme	40	AGE40	9060	9059_JeanClaudeVanDamme_40_m
540	JeanClaudeVanDamme	52	AGE52	9069	9068_JeanClaudeVanDamme_52_m
540	JeanClaudeVanDamme	51	AGE51	9079	9078_JeanClaudeVanDamme_51_m
540	JeanClaudeVanDamme	34	AGE34	9052	9051_JeanClaudeVanDamme_34_m
540	JeanClaudeVanDamme	46	AGE46	9064	9063_JeanClaudeVanDamme_46_m
540	JeanClaudeVanDamme	33	AGE33	9049	9048_JeanClaudeVanDamme_33_m
540	JeanClaudeVanDamme	30	AGE30	9047	9046_JeanClaudeVanDamme_30_m
540	JeanClaudeVanDamme	29	AGE29	9046	9045_JeanClaudeVanDamme_29_m
540	JeanClaudeVanDamme	48	AGE48	9077	9076_JeanClaudeVanDamme_48_m
540	JeanClaudeVanDamme	48	AGE48	9078	9077_JeanClaudeVanDamme_48_m
540	JeanClaudeVanDamme	47	AGE47	9076	9075_JeanClaudeVanDamme_47_m
540	JeanClaudeVanDamme	32	AGE32	9071	9070_JeanClaudeVanDamme_32_m
540	JeanClaudeVanDamme	26	AGE26	9042	9041_JeanClaudeVanDamme_26_m
540	JeanClaudeVanDamme	52	AGE52	9068	9067_JeanClaudeVanDamme_52_m
540	JeanClaudeVanDamme	39	AGE39	9059	9058_JeanClaudeVanDamme_39_m
540	JeanClaudeVanDamme	24	AGE24	9040	9039_JeanClaudeVanDamme_24_m
540	JeanClaudeVanDamme	44	AGE44	9063	9062_JeanClaudeVanDamme_44_m
540	JeanClaudeVanDamme	53	AGE53	9080	9079_JeanClaudeVanDamme_53_m
540	JeanClaudeVanDamme	44	AGE44	9074	9073_JeanClaudeVanDamme_44_m
540	JeanClaudeVanDamme	41	AGE41	9061	9060_JeanClaudeVanDamme_41_m
540	JeanClaudeVanDamme	49	AGE49	9065	9064_JeanClaudeVanDamme_49_m
540	JeanClaudeVanDamme	34	AGE34	9051	9050_JeanClaudeVanDamme_34_m
540	JeanClaudeVanDamme	37	AGE37	9054	9053_JeanClaudeVanDamme_37_m
540	JeanClaudeVanDamme	38	AGE38	9057	9056_JeanClaudeVanDamme_38_m
540	JeanClaudeVanDamme	27	AGE27	9043	9042_JeanClaudeVanDamme_27_m
540	JeanClaudeVanDamme	38	AGE38	9058	9057_JeanClaudeVanDamme_38_m
540	JeanClaudeVanDamme	45	AGE45	9075	9074_JeanClaudeVanDamme_45_m
540	JeanClaudeVanDamme	31	AGE31	9048	9047_JeanClaudeVanDamme_31_m
540	JeanClaudeVanDamme	37	AGE37	9055	9054_JeanClaudeVanDamme_37_m
540	JeanClaudeVanDamme	43	AGE43	9073	9072_JeanClaudeVanDamme_43_m
540	JeanClaudeVanDamme	52	AGE52	9070	9069_JeanClaudeVanDamme_52_m
540	JeanClaudeVanDamme	36	AGE36	9053	9052_JeanClaudeVanDamme_36_m
540	JeanClaudeVanDamme	37	AGE37	9056	9055_JeanClaudeVanDamme_37_m
540	JeanClaudeVanDamme	29	AGE29	9045	9044_JeanClaudeVanDamme_29_m
540	JeanClaudeVanDamme	28	AGE28	9044	9043_JeanClaudeVanDamme_28_m
540	JeanClaudeVanDamme	50	AGE50	9066	9065_JeanClaudeVanDamme_50_m
540	JeanClaudeVanDamme	53	AGE53	9081	9080_JeanClaudeVanDamme_53_m
540	JeanClaudeVanDamme	42	AGE42	9062	9061_JeanClaudeVanDamme_42_m
540	JeanClaudeVanDamme	36	AGE36	9072	9071_JeanClaudeVanDamme_36_m
540	JeanClaudeVanDamme	24	AGE24	9041	9040_JeanClaudeVanDamme_24_m
540	JeanClaudeVanDamme	51	AGE51	9067	9066_JeanClaudeVanDamme_51_m
540	JeanClaudeVanDamme	33	AGE33	9050	9049_JeanClaudeVanDamme_33_m
541	ThelmaRitter	56	AGE56	13794	13793_ThelmaRitter_56_f
541	ThelmaRitter	30	AGE30	13784	13783_ThelmaRitter_30_f
541	ThelmaRitter	37	AGE37	13786	13785_ThelmaRitter_37_f
541	ThelmaRitter	34	AGE34	13785	13784_ThelmaRitter_34_f
541	ThelmaRitter	63	AGE63	13800	13799_ThelmaRitter_63_f
541	ThelmaRitter	52	AGE52	13791	13790_ThelmaRitter_52_f
541	ThelmaRitter	59	AGE59	13797	13796_ThelmaRitter_59_f
541	ThelmaRitter	54	AGE54	13792	13791_ThelmaRitter_54_f
541	ThelmaRitter	55	AGE55	13793	13792_ThelmaRitter_55_f
541	ThelmaRitter	64	AGE64	13801	13800_ThelmaRitter_64_f
541	ThelmaRitter	41	AGE41	13787	13786_ThelmaRitter_41_f
541	ThelmaRitter	48	AGE48	13789	13788_ThelmaRitter_48_f
541	ThelmaRitter	62	AGE62	13799	13798_ThelmaRitter_62_f
541	ThelmaRitter	65	AGE65	13802	13801_ThelmaRitter_65_f
541	ThelmaRitter	61	AGE61	13798	13797_ThelmaRitter_61_f
541	ThelmaRitter	58	AGE58	13796	13795_ThelmaRitter_58_f
541	ThelmaRitter	57	AGE57	13795	13794_ThelmaRitter_57_f
541	ThelmaRitter	49	AGE49	13790	13789_ThelmaRitter_49_f
541	ThelmaRitter	47	AGE47	13788	13787_ThelmaRitter_47_f
542	IanMcKellen	28	AGE28	3265	3264_IanMcKellen_28_m
542	IanMcKellen	46	AGE46	3285	3284_IanMcKellen_46_m
542	IanMcKellen	66	AGE66	3281	3280_IanMcKellen_66_m
542	IanMcKellen	37	AGE37	3269	3268_IanMcKellen_37_m
542	IanMcKellen	41	AGE41	3272	3271_IanMcKellen_41_m
542	IanMcKellen	29	AGE29	3266	3265_IanMcKellen_29_m
542	IanMcKellen	25	AGE25	3263	3262_IanMcKellen_25_m
542	IanMcKellen	60	AGE60	3275	3274_IanMcKellen_60_m
542	IanMcKellen	57	AGE57	3274	3273_IanMcKellen_57_m
542	IanMcKellen	61	AGE61	3276	3275_IanMcKellen_61_m
542	IanMcKellen	47	AGE47	3286	3285_IanMcKellen_47_m
542	IanMcKellen	56	AGE56	3288	3287_IanMcKellen_56_m
542	IanMcKellen	41	AGE41	3271	3270_IanMcKellen_41_m
542	IanMcKellen	21	AGE21	3260	3259_IanMcKellen_21_m
542	IanMcKellen	33	AGE33	3268	3267_IanMcKellen_33_m
542	IanMcKellen	75	AGE75	3282	3281_IanMcKellen_75_m
542	IanMcKellen	67	AGE67	3291	3290_IanMcKellen_67_m
542	IanMcKellen	63	AGE63	3277	3276_IanMcKellen_63_m
542	IanMcKellen	55	AGE55	3287	3286_IanMcKellen_55_m
542	IanMcKellen	42	AGE42	3284	3283_IanMcKellen_42_m
542	IanMcKellen	30	AGE30	3283	3282_IanMcKellen_30_m
542	IanMcKellen	22	AGE22	3261	3260_IanMcKellen_22_m
542	IanMcKellen	65	AGE65	3279	3278_IanMcKellen_65_m
542	IanMcKellen	59	AGE59	3290	3289_IanMcKellen_59_m
542	IanMcKellen	64	AGE64	3278	3277_IanMcKellen_64_m
542	IanMcKellen	58	AGE58	3289	3288_IanMcKellen_58_m
542	IanMcKellen	66	AGE66	3280	3279_IanMcKellen_66_m
542	IanMcKellen	43	AGE43	3273	3272_IanMcKellen_43_m
542	IanMcKellen	27	AGE27	3264	3263_IanMcKellen_27_m
542	IanMcKellen	24	AGE24	3262	3261_IanMcKellen_24_m
542	IanMcKellen	38	AGE38	3270	3269_IanMcKellen_38_m
542	IanMcKellen	31	AGE31	3267	3266_IanMcKellen_31_m
543	JohnDerek	54	AGE54	5360	5359_JohnDerek_54_m
543	JohnDerek	48	AGE48	5358	5357_JohnDerek_48_m
543	JohnDerek	26	AGE26	5343	5342_JohnDerek_26_m
543	JohnDerek	57	AGE57	5362	5361_JohnDerek_57_m
543	JohnDerek	43	AGE43	5355	5354_JohnDerek_43_m
543	JohnDerek	29	AGE29	5347	5346_JohnDerek_29_m
543	JohnDerek	44	AGE44	5356	5355_JohnDerek_44_m
543	JohnDerek	28	AGE28	5345	5344_JohnDerek_28_m
543	JohnDerek	32	AGE32	5349	5348_JohnDerek_32_m
543	JohnDerek	53	AGE53	5359	5358_JohnDerek_53_m
543	JohnDerek	20	AGE20	5340	5339_JohnDerek_20_m
543	JohnDerek	43	AGE43	5365	5364_JohnDerek_43_m
543	JohnDerek	28	AGE28	5344	5343_JohnDerek_28_m
543	JohnDerek	33	AGE33	5351	5350_JohnDerek_33_m
543	JohnDerek	24	AGE24	5342	5341_JohnDerek_24_m
543	JohnDerek	34	AGE34	5352	5351_JohnDerek_34_m
543	JohnDerek	58	AGE58	5363	5362_JohnDerek_58_m
543	JohnDerek	30	AGE30	5348	5347_JohnDerek_30_m
543	JohnDerek	39	AGE39	5354	5353_JohnDerek_39_m
543	JohnDerek	19	AGE19	5339	5338_JohnDerek_19_m
543	JohnDerek	29	AGE29	5346	5345_JohnDerek_29_m
543	JohnDerek	56	AGE56	5361	5360_JohnDerek_56_m
543	JohnDerek	32	AGE32	5350	5349_JohnDerek_32_m
543	JohnDerek	22	AGE22	5341	5340_JohnDerek_22_m
543	JohnDerek	36	AGE36	5353	5352_JohnDerek_36_m
543	JohnDerek	46	AGE46	5357	5356_JohnDerek_46_m
543	JohnDerek	61	AGE61	5364	5363_JohnDerek_61_m
544	GeorgeCScott	34	AGE34	8990	8989_GeorgeCScott_34_m
544	GeorgeCScott	57	AGE57	9000	8999_GeorgeCScott_57_m
544	GeorgeCScott	63	AGE63	9002	9001_GeorgeCScott_63_m
544	GeorgeCScott	50	AGE50	8997	8996_GeorgeCScott_50_m
544	GeorgeCScott	32	AGE32	8988	8987_GeorgeCScott_32_m
544	GeorgeCScott	60	AGE60	9001	9000_GeorgeCScott_60_m
544	GeorgeCScott	32	AGE32	8989	8988_GeorgeCScott_32_m
544	GeorgeCScott	37	AGE37	9005	9004_GeorgeCScott_37_m
544	GeorgeCScott	43	AGE43	8992	8991_GeorgeCScott_43_m
544	GeorgeCScott	54	AGE54	8998	8997_GeorgeCScott_54_m
544	GeorgeCScott	50	AGE50	8996	8995_GeorgeCScott_50_m
544	GeorgeCScott	65	AGE65	9010	9009_GeorgeCScott_65_m
544	GeorgeCScott	37	AGE37	9004	9003_GeorgeCScott_37_m
544	GeorgeCScott	45	AGE45	8994	8993_GeorgeCScott_45_m
544	GeorgeCScott	46	AGE46	8995	8994_GeorgeCScott_46_m
544	GeorgeCScott	57	AGE57	8987	8986_GeorgeCScott_57_m
544	GeorgeCScott	66	AGE66	9003	9002_GeorgeCScott_66_m
544	GeorgeCScott	46	AGE46	9006	9005_GeorgeCScott_46_m
544	GeorgeCScott	43	AGE43	9011	9010_GeorgeCScott_43_m
544	GeorgeCScott	44	AGE44	8993	8992_GeorgeCScott_44_m
544	GeorgeCScott	55	AGE55	8999	8998_GeorgeCScott_55_m
544	GeorgeCScott	52	AGE52	9007	9006_GeorgeCScott_52_m
544	GeorgeCScott	26	AGE26	9009	9008_GeorgeCScott_26_m
544	GeorgeCScott	36	AGE36	8991	8990_GeorgeCScott_36_m
544	GeorgeCScott	53	AGE53	9008	9007_GeorgeCScott_53_m
545	FriedrichNietzsche	30	AGE30	1436	1435_FriedrichNietzsche_30_m
545	FriedrichNietzsche	32	AGE32	1446	1445_FriedrichNietzsche_32_m
545	FriedrichNietzsche	28	AGE28	1447	1446_FriedrichNietzsche_28_m
545	FriedrichNietzsche	38	AGE38	1434	1433_FriedrichNietzsche_38_m
545	FriedrichNietzsche	24	AGE24	1439	1438_FriedrichNietzsche_24_m
545	FriedrichNietzsche	17	AGE17	1445	1444_FriedrichNietzsche_17_m
545	FriedrichNietzsche	38	AGE38	1431	1430_FriedrichNietzsche_38_m
545	FriedrichNietzsche	20	AGE20	1441	1440_FriedrichNietzsche_20_m
545	FriedrichNietzsche	17	AGE17	1449	1448_FriedrichNietzsche_17_m
545	FriedrichNietzsche	32	AGE32	1450	1449_FriedrichNietzsche_32_m
545	FriedrichNietzsche	17	AGE17	1442	1441_FriedrichNietzsche_17_m
545	FriedrichNietzsche	21	AGE21	1438	1437_FriedrichNietzsche_21_m
545	FriedrichNietzsche	42	AGE42	1435	1434_FriedrichNietzsche_42_m
545	FriedrichNietzsche	28	AGE28	1433	1432_FriedrichNietzsche_28_m
545	FriedrichNietzsche	54	AGE54	1440	1439_FriedrichNietzsche_54_m
545	FriedrichNietzsche	38	AGE38	1437	1436_FriedrichNietzsche_38_m
545	FriedrichNietzsche	27	AGE27	1432	1431_FriedrichNietzsche_27_m
545	FriedrichNietzsche	42	AGE42	1448	1447_FriedrichNietzsche_42_m
545	FriedrichNietzsche	42	AGE42	1444	1443_FriedrichNietzsche_42_m
545	FriedrichNietzsche	38	AGE38	1443	1442_FriedrichNietzsche_38_m
546	SusanSarandon	41	AGE41	11735	11734_SusanSarandon_41_f
546	SusanSarandon	57	AGE57	11750	11749_SusanSarandon_57_f
546	SusanSarandon	38	AGE38	11733	11732_SusanSarandon_38_f
546	SusanSarandon	31	AGE31	11728	11727_SusanSarandon_31_f
546	SusanSarandon	67	AGE67	11760	11759_SusanSarandon_67_f
546	SusanSarandon	25	AGE25	11725	11724_SusanSarandon_25_f
546	SusanSarandon	56	AGE56	11749	11748_SusanSarandon_56_f
546	SusanSarandon	43	AGE43	11737	11736_SusanSarandon_43_f
546	SusanSarandon	50	AGE50	11744	11743_SusanSarandon_50_f
546	SusanSarandon	64	AGE64	11757	11756_SusanSarandon_64_f
546	SusanSarandon	55	AGE55	11748	11747_SusanSarandon_55_f
546	SusanSarandon	52	AGE52	11746	11745_SusanSarandon_52_f
546	SusanSarandon	37	AGE37	11732	11731_SusanSarandon_37_f
546	SusanSarandon	45	AGE45	11739	11738_SusanSarandon_45_f
546	SusanSarandon	46	AGE46	11741	11740_SusanSarandon_46_f
546	SusanSarandon	68	AGE68	11761	11760_SusanSarandon_68_f
546	SusanSarandon	46	AGE46	11740	11739_SusanSarandon_46_f
546	SusanSarandon	48	AGE48	11742	11741_SusanSarandon_48_f
546	SusanSarandon	36	AGE36	11731	11730_SusanSarandon_36_f
546	SusanSarandon	63	AGE63	11756	11755_SusanSarandon_63_f
546	SusanSarandon	61	AGE61	11754	11753_SusanSarandon_61_f
546	SusanSarandon	49	AGE49	11743	11742_SusanSarandon_49_f
546	SusanSarandon	34	AGE34	11730	11729_SusanSarandon_34_f
546	SusanSarandon	53	AGE53	11747	11746_SusanSarandon_53_f
546	SusanSarandon	42	AGE42	11736	11735_SusanSarandon_42_f
546	SusanSarandon	59	AGE59	11752	11751_SusanSarandon_59_f
546	SusanSarandon	44	AGE44	11738	11737_SusanSarandon_44_f
546	SusanSarandon	51	AGE51	11745	11744_SusanSarandon_51_f
546	SusanSarandon	66	AGE66	11759	11758_SusanSarandon_66_f
546	SusanSarandon	28	AGE28	11726	11725_SusanSarandon_28_f
546	SusanSarandon	62	AGE62	11755	11754_SusanSarandon_62_f
546	SusanSarandon	24	AGE24	11724	11723_SusanSarandon_24_f
546	SusanSarandon	39	AGE39	11734	11733_SusanSarandon_39_f
546	SusanSarandon	29	AGE29	11727	11726_SusanSarandon_29_f
546	SusanSarandon	32	AGE32	11729	11728_SusanSarandon_32_f
546	SusanSarandon	60	AGE60	11753	11752_SusanSarandon_60_f
546	SusanSarandon	58	AGE58	11751	11750_SusanSarandon_58_f
546	SusanSarandon	65	AGE65	11758	11757_SusanSarandon_65_f
547	RuthGordon	62	AGE62	12893	12892_RuthGordon_62_f
547	RuthGordon	66	AGE66	12894	12893_RuthGordon_66_f
547	RuthGordon	40	AGE40	12887	12886_RuthGordon_40_f
547	RuthGordon	72	AGE72	12897	12896_RuthGordon_72_f
547	RuthGordon	83	AGE83	12905	12904_RuthGordon_83_f
547	RuthGordon	77	AGE77	12901	12900_RuthGordon_77_f
547	RuthGordon	43	AGE43	12888	12887_RuthGordon_43_f
547	RuthGordon	74	AGE74	12899	12898_RuthGordon_74_f
547	RuthGordon	29	AGE29	12882	12881_RuthGordon_29_f
547	RuthGordon	79	AGE79	12903	12902_RuthGordon_79_f
547	RuthGordon	28	AGE28	12881	12880_RuthGordon_28_f
547	RuthGordon	58	AGE58	12892	12891_RuthGordon_58_f
547	RuthGordon	55	AGE55	12891	12890_RuthGordon_55_f
547	RuthGordon	76	AGE76	12900	12899_RuthGordon_76_f
547	RuthGordon	78	AGE78	12902	12901_RuthGordon_78_f
547	RuthGordon	26	AGE26	12879	12878_RuthGordon_26_f
547	RuthGordon	82	AGE82	12904	12903_RuthGordon_82_f
547	RuthGordon	52	AGE52	12890	12889_RuthGordon_52_f
547	RuthGordon	30	AGE30	12883	12882_RuthGordon_30_f
547	RuthGordon	69	AGE69	12895	12894_RuthGordon_69_f
547	RuthGordon	25	AGE25	12878	12877_RuthGordon_25_f
547	RuthGordon	50	AGE50	12889	12888_RuthGordon_50_f
547	RuthGordon	33	AGE33	12885	12884_RuthGordon_33_f
547	RuthGordon	27	AGE27	12880	12879_RuthGordon_27_f
547	RuthGordon	32	AGE32	12886	12885_RuthGordon_32_f
547	RuthGordon	71	AGE71	12896	12895_RuthGordon_71_f
547	RuthGordon	31	AGE31	12884	12883_RuthGordon_31_f
547	RuthGordon	73	AGE73	12898	12897_RuthGordon_73_f
547	RuthGordon	86	AGE86	12906	12905_RuthGordon_86_f
547	RuthGordon	23	AGE23	12877	12876_RuthGordon_23_f
548	CatherineDeneuve	40	AGE40	12957	12956_CatherineDeneuve_40_f
548	CatherineDeneuve	39	AGE39	12956	12955_CatherineDeneuve_39_f
548	CatherineDeneuve	62	AGE62	12969	12968_CatherineDeneuve_62_f
548	CatherineDeneuve	53	AGE53	12964	12963_CatherineDeneuve_53_f
548	CatherineDeneuve	69	AGE69	12975	12974_CatherineDeneuve_69_f
548	CatherineDeneuve	64	AGE64	12971	12970_CatherineDeneuve_64_f
548	CatherineDeneuve	35	AGE35	12954	12953_CatherineDeneuve_35_f
548	CatherineDeneuve	26	AGE26	12947	12946_CatherineDeneuve_26_f
548	CatherineDeneuve	68	AGE68	12974	12973_CatherineDeneuve_68_f
548	CatherineDeneuve	41	AGE41	12958	12957_CatherineDeneuve_41_f
548	CatherineDeneuve	38	AGE38	12955	12954_CatherineDeneuve_38_f
548	CatherineDeneuve	23	AGE23	12945	12944_CatherineDeneuve_23_f
548	CatherineDeneuve	55	AGE55	12965	12964_CatherineDeneuve_55_f
548	CatherineDeneuve	21	AGE21	12943	12942_CatherineDeneuve_21_f
548	CatherineDeneuve	27	AGE27	12948	12947_CatherineDeneuve_27_f
548	CatherineDeneuve	67	AGE67	12973	12972_CatherineDeneuve_67_f
548	CatherineDeneuve	28	AGE28	12949	12948_CatherineDeneuve_28_f
548	CatherineDeneuve	52	AGE52	12963	12962_CatherineDeneuve_52_f
548	CatherineDeneuve	34	AGE34	12953	12952_CatherineDeneuve_34_f
548	CatherineDeneuve	18	AGE18	12942	12941_CatherineDeneuve_18_f
548	CatherineDeneuve	11	AGE11	12939	12938_CatherineDeneuve_11_f
548	CatherineDeneuve	29	AGE29	12950	12949_CatherineDeneuve_29_f
548	CatherineDeneuve	14	AGE14	12940	12939_CatherineDeneuve_14_f
548	CatherineDeneuve	58	AGE58	12968	12967_CatherineDeneuve_58_f
548	CatherineDeneuve	49	AGE49	12961	12960_CatherineDeneuve_49_f
548	CatherineDeneuve	56	AGE56	12966	12965_CatherineDeneuve_56_f
548	CatherineDeneuve	17	AGE17	12941	12940_CatherineDeneuve_17_f
548	CatherineDeneuve	45	AGE45	12960	12959_CatherineDeneuve_45_f
548	CatherineDeneuve	57	AGE57	12967	12966_CatherineDeneuve_57_f
548	CatherineDeneuve	43	AGE43	12959	12958_CatherineDeneuve_43_f
548	CatherineDeneuve	50	AGE50	12962	12961_CatherineDeneuve_50_f
548	CatherineDeneuve	71	AGE71	12976	12975_CatherineDeneuve_71_f
548	CatherineDeneuve	33	AGE33	12952	12951_CatherineDeneuve_33_f
548	CatherineDeneuve	24	AGE24	12946	12945_CatherineDeneuve_24_f
548	CatherineDeneuve	65	AGE65	12972	12971_CatherineDeneuve_65_f
548	CatherineDeneuve	31	AGE31	12951	12950_CatherineDeneuve_31_f
548	CatherineDeneuve	63	AGE63	12970	12969_CatherineDeneuve_63_f
548	CatherineDeneuve	22	AGE22	12944	12943_CatherineDeneuve_22_f
549	GoldieHawn	28	AGE28	10006	10005_GoldieHawn_28_f
549	GoldieHawn	29	AGE29	10007	10006_GoldieHawn_29_f
549	GoldieHawn	35	AGE35	10011	10010_GoldieHawn_35_f
549	GoldieHawn	51	AGE51	10018	10017_GoldieHawn_51_f
549	GoldieHawn	44	AGE44	10014	10013_GoldieHawn_44_f
549	GoldieHawn	64	AGE64	10026	10025_GoldieHawn_64_f
549	GoldieHawn	60	AGE60	10024	10023_GoldieHawn_60_f
549	GoldieHawn	52	AGE52	10020	10019_GoldieHawn_52_f
549	GoldieHawn	27	AGE27	10005	10004_GoldieHawn_27_f
549	GoldieHawn	57	AGE57	10022	10021_GoldieHawn_57_f
549	GoldieHawn	59	AGE59	10023	10022_GoldieHawn_59_f
549	GoldieHawn	45	AGE45	10015	10014_GoldieHawn_45_f
549	GoldieHawn	24	AGE24	10003	10002_GoldieHawn_24_f
549	GoldieHawn	51	AGE51	10019	10018_GoldieHawn_51_f
549	GoldieHawn	23	AGE23	10002	10001_GoldieHawn_23_f
549	GoldieHawn	53	AGE53	10021	10020_GoldieHawn_53_f
549	GoldieHawn	39	AGE39	10013	10012_GoldieHawn_39_f
549	GoldieHawn	35	AGE35	10010	10009_GoldieHawn_35_f
549	GoldieHawn	24	AGE24	10004	10003_GoldieHawn_24_f
549	GoldieHawn	62	AGE62	10025	10024_GoldieHawn_62_f
549	GoldieHawn	65	AGE65	10027	10026_GoldieHawn_65_f
549	GoldieHawn	45	AGE45	10016	10015_GoldieHawn_45_f
549	GoldieHawn	50	AGE50	10017	10016_GoldieHawn_50_f
549	GoldieHawn	37	AGE37	10012	10011_GoldieHawn_37_f
549	GoldieHawn	30	AGE30	10008	10007_GoldieHawn_30_f
549	GoldieHawn	31	AGE31	10009	10008_GoldieHawn_31_f
550	RalphMacchio	39	AGE39	4356	4355_RalphMacchio_39_m
550	RalphMacchio	18	AGE18	4342	4341_RalphMacchio_18_m
550	RalphMacchio	27	AGE27	4348	4347_RalphMacchio_27_m
550	RalphMacchio	43	AGE43	4359	4358_RalphMacchio_43_m
550	RalphMacchio	28	AGE28	4349	4348_RalphMacchio_28_m
550	RalphMacchio	23	AGE23	4346	4345_RalphMacchio_23_m
550	RalphMacchio	16	AGE16	4340	4339_RalphMacchio_16_m
550	RalphMacchio	45	AGE45	4361	4360_RalphMacchio_45_m
550	RalphMacchio	42	AGE42	4358	4357_RalphMacchio_42_m
550	RalphMacchio	17	AGE17	4341	4340_RalphMacchio_17_m
550	RalphMacchio	50	AGE50	4366	4365_RalphMacchio_50_m
550	RalphMacchio	14	AGE14	4338	4337_RalphMacchio_14_m
550	RalphMacchio	44	AGE44	4360	4359_RalphMacchio_44_m
550	RalphMacchio	15	AGE15	4339	4338_RalphMacchio_15_m
550	RalphMacchio	29	AGE29	4350	4349_RalphMacchio_29_m
550	RalphMacchio	53	AGE53	4369	4368_RalphMacchio_53_m
550	RalphMacchio	54	AGE54	4370	4369_RalphMacchio_54_m
550	RalphMacchio	31	AGE31	4352	4351_RalphMacchio_31_m
550	RalphMacchio	52	AGE52	4368	4367_RalphMacchio_52_m
550	RalphMacchio	32	AGE32	4353	4352_RalphMacchio_32_m
550	RalphMacchio	37	AGE37	4355	4354_RalphMacchio_37_m
550	RalphMacchio	46	AGE46	4362	4361_RalphMacchio_46_m
550	RalphMacchio	19	AGE19	4343	4342_RalphMacchio_19_m
550	RalphMacchio	48	AGE48	4364	4363_RalphMacchio_48_m
550	RalphMacchio	22	AGE22	4345	4344_RalphMacchio_22_m
550	RalphMacchio	51	AGE51	4367	4366_RalphMacchio_51_m
550	RalphMacchio	20	AGE20	4344	4343_RalphMacchio_20_m
550	RalphMacchio	41	AGE41	4357	4356_RalphMacchio_41_m
550	RalphMacchio	30	AGE30	4351	4350_RalphMacchio_30_m
550	RalphMacchio	49	AGE49	4365	4364_RalphMacchio_49_m
550	RalphMacchio	34	AGE34	4354	4353_RalphMacchio_34_m
550	RalphMacchio	24	AGE24	4347	4346_RalphMacchio_24_m
550	RalphMacchio	47	AGE47	4363	4362_RalphMacchio_47_m
551	JeanetteMacDonald	35	AGE35	15476	15475_JeanetteMacDonald_35_f
551	JeanetteMacDonald	57	AGE57	15493	15492_JeanetteMacDonald_57_f
551	JeanetteMacDonald	46	AGE46	15487	15486_JeanetteMacDonald_46_f
551	JeanetteMacDonald	59	AGE59	15515	15514_JeanetteMacDonald_59_f
551	JeanetteMacDonald	45	AGE45	15486	15485_JeanetteMacDonald_45_f
551	JeanetteMacDonald	47	AGE47	15506	15505_JeanetteMacDonald_47_f
551	JeanetteMacDonald	31	AGE31	15472	15471_JeanetteMacDonald_31_f
551	JeanetteMacDonald	33	AGE33	15470	15469_JeanetteMacDonald_33_f
551	JeanetteMacDonald	49	AGE49	15489	15488_JeanetteMacDonald_49_f
551	JeanetteMacDonald	39	AGE39	15479	15478_JeanetteMacDonald_39_f
551	JeanetteMacDonald	43	AGE43	15484	15483_JeanetteMacDonald_43_f
551	JeanetteMacDonald	59	AGE59	15494	15493_JeanetteMacDonald_59_f
551	JeanetteMacDonald	51	AGE51	15490	15489_JeanetteMacDonald_51_f
551	JeanetteMacDonald	60	AGE60	15495	15494_JeanetteMacDonald_60_f
551	JeanetteMacDonald	48	AGE48	15507	15506_JeanetteMacDonald_48_f
551	JeanetteMacDonald	32	AGE32	15473	15472_JeanetteMacDonald_32_f
551	JeanetteMacDonald	39	AGE39	15499	15498_JeanetteMacDonald_39_f
551	JeanetteMacDonald	60	AGE60	15516	15515_JeanetteMacDonald_60_f
551	JeanetteMacDonald	43	AGE43	15503	15502_JeanetteMacDonald_43_f
551	JeanetteMacDonald	33	AGE33	15474	15473_JeanetteMacDonald_33_f
551	JeanetteMacDonald	42	AGE42	15502	15501_JeanetteMacDonald_42_f
551	JeanetteMacDonald	37	AGE37	15497	15496_JeanetteMacDonald_37_f
551	JeanetteMacDonald	52	AGE52	15510	15509_JeanetteMacDonald_52_f
551	JeanetteMacDonald	19	AGE19	15459	15458_JeanetteMacDonald_19_f
551	JeanetteMacDonald	54	AGE54	15511	15510_JeanetteMacDonald_54_f
551	JeanetteMacDonald	27	AGE27	15462	15461_JeanetteMacDonald_27_f
551	JeanetteMacDonald	41	AGE41	15482	15481_JeanetteMacDonald_41_f
551	JeanetteMacDonald	20	AGE20	15460	15459_JeanetteMacDonald_20_f
551	JeanetteMacDonald	40	AGE40	15481	15480_JeanetteMacDonald_40_f
551	JeanetteMacDonald	40	AGE40	15500	15499_JeanetteMacDonald_40_f
551	JeanetteMacDonald	39	AGE39	15480	15479_JeanetteMacDonald_39_f
551	JeanetteMacDonald	61	AGE61	15517	15516_JeanetteMacDonald_61_f
551	JeanetteMacDonald	32	AGE32	15469	15468_JeanetteMacDonald_32_f
551	JeanetteMacDonald	34	AGE34	15475	15474_JeanetteMacDonald_34_f
551	JeanetteMacDonald	42	AGE42	15483	15482_JeanetteMacDonald_42_f
551	JeanetteMacDonald	26	AGE26	15463	15462_JeanetteMacDonald_26_f
551	JeanetteMacDonald	51	AGE51	15509	15508_JeanetteMacDonald_51_f
551	JeanetteMacDonald	41	AGE41	15501	15500_JeanetteMacDonald_41_f
551	JeanetteMacDonald	55	AGE55	15512	15511_JeanetteMacDonald_55_f
551	JeanetteMacDonald	21	AGE21	15461	15460_JeanetteMacDonald_21_f
551	JeanetteMacDonald	27	AGE27	15464	15463_JeanetteMacDonald_27_f
551	JeanetteMacDonald	44	AGE44	15504	15503_JeanetteMacDonald_44_f
551	JeanetteMacDonald	29	AGE29	15466	15465_JeanetteMacDonald_29_f
551	JeanetteMacDonald	52	AGE52	15491	15490_JeanetteMacDonald_52_f
551	JeanetteMacDonald	36	AGE36	15477	15476_JeanetteMacDonald_36_f
551	JeanetteMacDonald	56	AGE56	15513	15512_JeanetteMacDonald_56_f
551	JeanetteMacDonald	56	AGE56	15492	15491_JeanetteMacDonald_56_f
551	JeanetteMacDonald	28	AGE28	15465	15464_JeanetteMacDonald_28_f
551	JeanetteMacDonald	45	AGE45	15505	15504_JeanetteMacDonald_45_f
551	JeanetteMacDonald	34	AGE34	15471	15470_JeanetteMacDonald_34_f
551	JeanetteMacDonald	47	AGE47	15488	15487_JeanetteMacDonald_47_f
551	JeanetteMacDonald	44	AGE44	15485	15484_JeanetteMacDonald_44_f
551	JeanetteMacDonald	58	AGE58	15514	15513_JeanetteMacDonald_58_f
551	JeanetteMacDonald	31	AGE31	15468	15467_JeanetteMacDonald_31_f
551	JeanetteMacDonald	37	AGE37	15478	15477_JeanetteMacDonald_37_f
551	JeanetteMacDonald	35	AGE35	15496	15495_JeanetteMacDonald_35_f
551	JeanetteMacDonald	38	AGE38	15498	15497_JeanetteMacDonald_38_f
551	JeanetteMacDonald	30	AGE30	15467	15466_JeanetteMacDonald_30_f
551	JeanetteMacDonald	49	AGE49	15508	15507_JeanetteMacDonald_49_f
552	FidelCastro	24	AGE24	676	675_FidelCastro_24_m
552	FidelCastro	89	AGE89	686	685_FidelCastro_89_m
552	FidelCastro	62	AGE62	680	679_FidelCastro_62_m
552	FidelCastro	89	AGE89	685	684_FidelCastro_89_m
552	FidelCastro	33	AGE33	678	677_FidelCastro_33_m
552	FidelCastro	79	AGE79	683	682_FidelCastro_79_m
552	FidelCastro	33	AGE33	687	686_FidelCastro_33_m
552	FidelCastro	78	AGE78	682	681_FidelCastro_78_m
552	FidelCastro	3	AGE3	675	674_FidelCastro_3_m
552	FidelCastro	32	AGE32	677	676_FidelCastro_32_m
552	FidelCastro	38	AGE38	679	678_FidelCastro_38_m
552	FidelCastro	75	AGE75	681	680_FidelCastro_75_m
552	FidelCastro	80	AGE80	684	683_FidelCastro_80_m
553	DanielleDarrieux	67	AGE67	13440	13439_DanielleDarrieux_67_f
553	DanielleDarrieux	62	AGE62	13435	13434_DanielleDarrieux_62_f
553	DanielleDarrieux	48	AGE48	13426	13425_DanielleDarrieux_48_f
553	DanielleDarrieux	70	AGE70	13442	13441_DanielleDarrieux_70_f
553	DanielleDarrieux	38	AGE38	13420	13419_DanielleDarrieux_38_f
553	DanielleDarrieux	66	AGE66	13439	13438_DanielleDarrieux_66_f
553	DanielleDarrieux	47	AGE47	13425	13424_DanielleDarrieux_47_f
553	DanielleDarrieux	92	AGE92	13451	13450_DanielleDarrieux_92_f
553	DanielleDarrieux	32	AGE32	13414	13413_DanielleDarrieux_32_f
553	DanielleDarrieux	24	AGE24	13413	13412_DanielleDarrieux_24_f
553	DanielleDarrieux	22	AGE22	13411	13410_DanielleDarrieux_22_f
553	DanielleDarrieux	72	AGE72	13443	13442_DanielleDarrieux_72_f
553	DanielleDarrieux	71	AGE71	13455	13454_DanielleDarrieux_71_f
553	DanielleDarrieux	60	AGE60	13433	13432_DanielleDarrieux_60_f
553	DanielleDarrieux	42	AGE42	13422	13421_DanielleDarrieux_42_f
553	DanielleDarrieux	61	AGE61	13434	13433_DanielleDarrieux_61_f
553	DanielleDarrieux	21	AGE21	13410	13409_DanielleDarrieux_21_f
553	DanielleDarrieux	56	AGE56	13430	13429_DanielleDarrieux_56_f
553	DanielleDarrieux	23	AGE23	13412	13411_DanielleDarrieux_23_f
553	DanielleDarrieux	35	AGE35	13417	13416_DanielleDarrieux_35_f
553	DanielleDarrieux	45	AGE45	13424	13423_DanielleDarrieux_45_f
553	DanielleDarrieux	89	AGE89	13456	13455_DanielleDarrieux_89_f
553	DanielleDarrieux	57	AGE57	13431	13430_DanielleDarrieux_57_f
553	DanielleDarrieux	91	AGE91	13449	13448_DanielleDarrieux_91_f
553	DanielleDarrieux	91	AGE91	13450	13449_DanielleDarrieux_91_f
553	DanielleDarrieux	77	AGE77	13445	13444_DanielleDarrieux_77_f
553	DanielleDarrieux	58	AGE58	13432	13431_DanielleDarrieux_58_f
553	DanielleDarrieux	37	AGE37	13419	13418_DanielleDarrieux_37_f
553	DanielleDarrieux	93	AGE93	13452	13451_DanielleDarrieux_93_f
553	DanielleDarrieux	63	AGE63	13436	13435_DanielleDarrieux_63_f
553	DanielleDarrieux	75	AGE75	13444	13443_DanielleDarrieux_75_f
553	DanielleDarrieux	80	AGE80	13446	13445_DanielleDarrieux_80_f
553	DanielleDarrieux	69	AGE69	13454	13453_DanielleDarrieux_69_f
553	DanielleDarrieux	36	AGE36	13418	13417_DanielleDarrieux_36_f
553	DanielleDarrieux	19	AGE19	13408	13407_DanielleDarrieux_19_f
553	DanielleDarrieux	17	AGE17	13406	13405_DanielleDarrieux_17_f
553	DanielleDarrieux	34	AGE34	13416	13415_DanielleDarrieux_34_f
553	DanielleDarrieux	41	AGE41	13453	13452_DanielleDarrieux_41_f
553	DanielleDarrieux	33	AGE33	13415	13414_DanielleDarrieux_33_f
553	DanielleDarrieux	18	AGE18	13407	13406_DanielleDarrieux_18_f
553	DanielleDarrieux	40	AGE40	13421	13420_DanielleDarrieux_40_f
553	DanielleDarrieux	52	AGE52	13429	13428_DanielleDarrieux_52_f
553	DanielleDarrieux	68	AGE68	13441	13440_DanielleDarrieux_68_f
553	DanielleDarrieux	65	AGE65	13438	13437_DanielleDarrieux_65_f
553	DanielleDarrieux	49	AGE49	13427	13426_DanielleDarrieux_49_f
553	DanielleDarrieux	20	AGE20	13409	13408_DanielleDarrieux_20_f
553	DanielleDarrieux	85	AGE85	13447	13446_DanielleDarrieux_85_f
553	DanielleDarrieux	50	AGE50	13428	13427_DanielleDarrieux_50_f
553	DanielleDarrieux	86	AGE86	13448	13447_DanielleDarrieux_86_f
553	DanielleDarrieux	64	AGE64	13437	13436_DanielleDarrieux_64_f
553	DanielleDarrieux	14	AGE14	13405	13404_DanielleDarrieux_14_f
553	DanielleDarrieux	43	AGE43	13423	13422_DanielleDarrieux_43_f
554	CharlieChaplin	28	AGE28	8537	8536_CharlieChaplin_28_m
554	CharlieChaplin	28	AGE28	8536	8535_CharlieChaplin_28_m
554	CharlieChaplin	25	AGE25	8548	8547_CharlieChaplin_25_m
554	CharlieChaplin	52	AGE52	8543	8542_CharlieChaplin_52_m
554	CharlieChaplin	85	AGE85	8546	8545_CharlieChaplin_85_m
554	CharlieChaplin	42	AGE42	8542	8541_CharlieChaplin_42_m
554	CharlieChaplin	40	AGE40	8547	8546_CharlieChaplin_40_m
554	CharlieChaplin	45	AGE45	8540	8539_CharlieChaplin_45_m
554	CharlieChaplin	30	AGE30	8530	8529_CharlieChaplin_30_m
554	CharlieChaplin	32	AGE32	8544	8543_CharlieChaplin_32_m
554	CharlieChaplin	55	AGE55	8539	8538_CharlieChaplin_55_m
554	CharlieChaplin	50	AGE50	8541	8540_CharlieChaplin_50_m
554	CharlieChaplin	80	AGE80	8531	8530_CharlieChaplin_80_m
554	CharlieChaplin	55	AGE55	8534	8533_CharlieChaplin_55_m
554	CharlieChaplin	42	AGE42	8533	8532_CharlieChaplin_42_m
554	CharlieChaplin	85	AGE85	8550	8549_CharlieChaplin_85_m
554	CharlieChaplin	50	AGE50	8532	8531_CharlieChaplin_50_m
554	CharlieChaplin	50	AGE50	8545	8544_CharlieChaplin_50_m
554	CharlieChaplin	12	AGE12	8549	8548_CharlieChaplin_12_m
554	CharlieChaplin	40	AGE40	8538	8537_CharlieChaplin_40_m
554	CharlieChaplin	25	AGE25	8535	8534_CharlieChaplin_25_m
555	GeneWilder	55	AGE55	2591	2590_GeneWilder_55_m
555	GeneWilder	18	AGE18	2573	2572_GeneWilder_18_m
555	GeneWilder	38	AGE38	2580	2579_GeneWilder_38_m
555	GeneWilder	70	AGE70	2597	2596_GeneWilder_70_m
555	GeneWilder	36	AGE36	2578	2577_GeneWilder_36_m
555	GeneWilder	71	AGE71	2598	2597_GeneWilder_71_m
555	GeneWilder	39	AGE39	2581	2580_GeneWilder_39_m
555	GeneWilder	34	AGE34	2576	2575_GeneWilder_34_m
555	GeneWilder	45	AGE45	2586	2585_GeneWilder_45_m
555	GeneWilder	47	AGE47	2588	2587_GeneWilder_47_m
555	GeneWilder	78	AGE78	2601	2600_GeneWilder_78_m
555	GeneWilder	79	AGE79	2602	2601_GeneWilder_79_m
555	GeneWilder	75	AGE75	2600	2599_GeneWilder_75_m
555	GeneWilder	62	AGE62	2593	2592_GeneWilder_62_m
555	GeneWilder	33	AGE33	2575	2574_GeneWilder_33_m
555	GeneWilder	65	AGE65	2594	2593_GeneWilder_65_m
555	GeneWilder	80	AGE80	2603	2602_GeneWilder_80_m
555	GeneWilder	27	AGE27	2574	2573_GeneWilder_27_m
555	GeneWilder	53	AGE53	2589	2588_GeneWilder_53_m
555	GeneWilder	59	AGE59	2592	2591_GeneWilder_59_m
555	GeneWilder	54	AGE54	2590	2589_GeneWilder_54_m
555	GeneWilder	37	AGE37	2579	2578_GeneWilder_37_m
555	GeneWilder	43	AGE43	2584	2583_GeneWilder_43_m
555	GeneWilder	44	AGE44	2585	2584_GeneWilder_44_m
555	GeneWilder	68	AGE68	2596	2595_GeneWilder_68_m
555	GeneWilder	46	AGE46	2587	2586_GeneWilder_46_m
555	GeneWilder	66	AGE66	2595	2594_GeneWilder_66_m
555	GeneWilder	73	AGE73	2599	2598_GeneWilder_73_m
555	GeneWilder	42	AGE42	2583	2582_GeneWilder_42_m
555	GeneWilder	35	AGE35	2577	2576_GeneWilder_35_m
555	GeneWilder	41	AGE41	2582	2581_GeneWilder_41_m
556	CarlosSantana	60	AGE60	4500	4499_CarlosSantana_60_m
556	CarlosSantana	26	AGE26	4492	4491_CarlosSantana_26_m
556	CarlosSantana	58	AGE58	4515	4514_CarlosSantana_58_m
556	CarlosSantana	12	AGE12	4485	4484_CarlosSantana_12_m
556	CarlosSantana	49	AGE49	4497	4496_CarlosSantana_49_m
556	CarlosSantana	67	AGE67	4517	4516_CarlosSantana_67_m
556	CarlosSantana	56	AGE56	4514	4513_CarlosSantana_56_m
556	CarlosSantana	68	AGE68	4504	4503_CarlosSantana_68_m
556	CarlosSantana	29	AGE29	4505	4504_CarlosSantana_29_m
556	CarlosSantana	14	AGE14	4486	4485_CarlosSantana_14_m
556	CarlosSantana	22	AGE22	4490	4489_CarlosSantana_22_m
556	CarlosSantana	61	AGE61	4516	4515_CarlosSantana_61_m
556	CarlosSantana	46	AGE46	4496	4495_CarlosSantana_46_m
556	CarlosSantana	40	AGE40	4508	4507_CarlosSantana_40_m
556	CarlosSantana	31	AGE31	4506	4505_CarlosSantana_31_m
556	CarlosSantana	53	AGE53	4498	4497_CarlosSantana_53_m
556	CarlosSantana	33	AGE33	4494	4493_CarlosSantana_33_m
556	CarlosSantana	54	AGE54	4513	4512_CarlosSantana_54_m
556	CarlosSantana	48	AGE48	4510	4509_CarlosSantana_48_m
556	CarlosSantana	52	AGE52	4512	4511_CarlosSantana_52_m
556	CarlosSantana	16	AGE16	4487	4486_CarlosSantana_16_m
556	CarlosSantana	51	AGE51	4511	4510_CarlosSantana_51_m
556	CarlosSantana	66	AGE66	4503	4502_CarlosSantana_66_m
556	CarlosSantana	62	AGE62	4501	4500_CarlosSantana_62_m
556	CarlosSantana	25	AGE25	4491	4490_CarlosSantana_25_m
556	CarlosSantana	20	AGE20	4488	4487_CarlosSantana_20_m
556	CarlosSantana	63	AGE63	4502	4501_CarlosSantana_63_m
556	CarlosSantana	27	AGE27	4493	4492_CarlosSantana_27_m
556	CarlosSantana	22	AGE22	4489	4488_CarlosSantana_22_m
556	CarlosSantana	43	AGE43	4509	4508_CarlosSantana_43_m
556	CarlosSantana	55	AGE55	4499	4498_CarlosSantana_55_m
556	CarlosSantana	37	AGE37	4507	4506_CarlosSantana_37_m
556	CarlosSantana	35	AGE35	4495	4494_CarlosSantana_35_m
557	DavidMcCallum	70	AGE70	5236	5235_DavidMcCallum_70_m
557	DavidMcCallum	40	AGE40	5239	5238_DavidMcCallum_40_m
557	DavidMcCallum	46	AGE46	5232	5231_DavidMcCallum_46_m
557	DavidMcCallum	63	AGE63	5243	5242_DavidMcCallum_63_m
557	DavidMcCallum	39	AGE39	5238	5237_DavidMcCallum_39_m
557	DavidMcCallum	30	AGE30	5224	5223_DavidMcCallum_30_m
557	DavidMcCallum	59	AGE59	5242	5241_DavidMcCallum_59_m
557	DavidMcCallum	35	AGE35	5227	5226_DavidMcCallum_35_m
557	DavidMcCallum	48	AGE48	5240	5239_DavidMcCallum_48_m
557	DavidMcCallum	65	AGE65	5234	5233_DavidMcCallum_65_m
557	DavidMcCallum	77	AGE77	5249	5248_DavidMcCallum_77_m
557	DavidMcCallum	71	AGE71	5245	5244_DavidMcCallum_71_m
557	DavidMcCallum	69	AGE69	5244	5243_DavidMcCallum_69_m
557	DavidMcCallum	37	AGE37	5229	5228_DavidMcCallum_37_m
557	DavidMcCallum	42	AGE42	5230	5229_DavidMcCallum_42_m
557	DavidMcCallum	56	AGE56	5233	5232_DavidMcCallum_56_m
557	DavidMcCallum	29	AGE29	5223	5222_DavidMcCallum_29_m
557	DavidMcCallum	26	AGE26	5221	5220_DavidMcCallum_26_m
557	DavidMcCallum	72	AGE72	5246	5245_DavidMcCallum_72_m
557	DavidMcCallum	67	AGE67	5235	5234_DavidMcCallum_67_m
557	DavidMcCallum	74	AGE74	5247	5246_DavidMcCallum_74_m
557	DavidMcCallum	27	AGE27	5222	5221_DavidMcCallum_27_m
557	DavidMcCallum	51	AGE51	5241	5240_DavidMcCallum_51_m
557	DavidMcCallum	75	AGE75	5248	5247_DavidMcCallum_75_m
557	DavidMcCallum	32	AGE32	5225	5224_DavidMcCallum_32_m
557	DavidMcCallum	79	AGE79	5250	5249_DavidMcCallum_79_m
557	DavidMcCallum	81	AGE81	5237	5236_DavidMcCallum_81_m
557	DavidMcCallum	36	AGE36	5228	5227_DavidMcCallum_36_m
557	DavidMcCallum	34	AGE34	5226	5225_DavidMcCallum_34_m
557	DavidMcCallum	44	AGE44	5231	5230_DavidMcCallum_44_m
558	MichaelPalin	33	AGE33	4313	4312_MichaelPalin_33_m
558	MichaelPalin	26	AGE26	4307	4306_MichaelPalin_26_m
558	MichaelPalin	54	AGE54	4329	4328_MichaelPalin_54_m
558	MichaelPalin	62	AGE62	4333	4332_MichaelPalin_62_m
558	MichaelPalin	36	AGE36	4316	4315_MichaelPalin_36_m
558	MichaelPalin	71	AGE71	4337	4336_MichaelPalin_71_m
558	MichaelPalin	42	AGE42	4320	4319_MichaelPalin_42_m
558	MichaelPalin	51	AGE51	4326	4325_MichaelPalin_51_m
558	MichaelPalin	52	AGE52	4327	4326_MichaelPalin_52_m
558	MichaelPalin	29	AGE29	4309	4308_MichaelPalin_29_m
558	MichaelPalin	31	AGE31	4311	4310_MichaelPalin_31_m
558	MichaelPalin	63	AGE63	4334	4333_MichaelPalin_63_m
558	MichaelPalin	47	AGE47	4323	4322_MichaelPalin_47_m
558	MichaelPalin	30	AGE30	4310	4309_MichaelPalin_30_m
558	MichaelPalin	45	AGE45	4321	4320_MichaelPalin_45_m
558	MichaelPalin	55	AGE55	4330	4329_MichaelPalin_55_m
558	MichaelPalin	34	AGE34	4314	4313_MichaelPalin_34_m
558	MichaelPalin	38	AGE38	4317	4316_MichaelPalin_38_m
558	MichaelPalin	67	AGE67	4335	4334_MichaelPalin_67_m
558	MichaelPalin	35	AGE35	4315	4314_MichaelPalin_35_m
558	MichaelPalin	59	AGE59	4331	4330_MichaelPalin_59_m
558	MichaelPalin	40	AGE40	4318	4317_MichaelPalin_40_m
558	MichaelPalin	25	AGE25	4306	4305_MichaelPalin_25_m
558	MichaelPalin	61	AGE61	4332	4331_MichaelPalin_61_m
558	MichaelPalin	48	AGE48	4324	4323_MichaelPalin_48_m
558	MichaelPalin	49	AGE49	4325	4324_MichaelPalin_49_m
558	MichaelPalin	46	AGE46	4322	4321_MichaelPalin_46_m
558	MichaelPalin	32	AGE32	4312	4311_MichaelPalin_32_m
558	MichaelPalin	28	AGE28	4308	4307_MichaelPalin_28_m
558	MichaelPalin	54	AGE54	4328	4327_MichaelPalin_54_m
558	MichaelPalin	69	AGE69	4336	4335_MichaelPalin_69_m
558	MichaelPalin	17	AGE17	4305	4304_MichaelPalin_17_m
558	MichaelPalin	41	AGE41	4319	4318_MichaelPalin_41_m
559	SylvesterStallone	49	AGE49	7600	7599_SylvesterStallone_49_m
559	SylvesterStallone	36	AGE36	7591	7590_SylvesterStallone_36_m
559	SylvesterStallone	58	AGE58	7607	7606_SylvesterStallone_58_m
559	SylvesterStallone	37	AGE37	7592	7591_SylvesterStallone_37_m
559	SylvesterStallone	38	AGE38	7595	7594_SylvesterStallone_38_m
559	SylvesterStallone	56	AGE56	7605	7604_SylvesterStallone_56_m
559	SylvesterStallone	51	AGE51	7603	7602_SylvesterStallone_51_m
559	SylvesterStallone	63	AGE63	7610	7609_SylvesterStallone_63_m
559	SylvesterStallone	28	AGE28	7588	7587_SylvesterStallone_28_m
559	SylvesterStallone	64	AGE64	7594	7593_SylvesterStallone_64_m
559	SylvesterStallone	57	AGE57	7606	7605_SylvesterStallone_57_m
559	SylvesterStallone	41	AGE41	7593	7592_SylvesterStallone_41_m
559	SylvesterStallone	24	AGE24	7586	7585_SylvesterStallone_24_m
559	SylvesterStallone	50	AGE50	7601	7600_SylvesterStallone_50_m
559	SylvesterStallone	60	AGE60	7608	7607_SylvesterStallone_60_m
559	SylvesterStallone	62	AGE62	7609	7608_SylvesterStallone_62_m
559	SylvesterStallone	39	AGE39	7596	7595_SylvesterStallone_39_m
559	SylvesterStallone	49	AGE49	7599	7598_SylvesterStallone_49_m
559	SylvesterStallone	52	AGE52	7604	7603_SylvesterStallone_52_m
559	SylvesterStallone	45	AGE45	7598	7597_SylvesterStallone_45_m
559	SylvesterStallone	31	AGE31	7589	7588_SylvesterStallone_31_m
559	SylvesterStallone	50	AGE50	7602	7601_SylvesterStallone_50_m
559	SylvesterStallone	26	AGE26	7587	7586_SylvesterStallone_26_m
559	SylvesterStallone	36	AGE36	7590	7589_SylvesterStallone_36_m
559	SylvesterStallone	43	AGE43	7597	7596_SylvesterStallone_43_m
560	GregoryPeck	70	AGE70	9371	9370_GregoryPeck_70_m
560	GregoryPeck	65	AGE65	9377	9376_GregoryPeck_65_m
560	GregoryPeck	45	AGE45	9362	9361_GregoryPeck_45_m
560	GregoryPeck	85	AGE85	9373	9372_GregoryPeck_85_m
560	GregoryPeck	39	AGE39	9359	9358_GregoryPeck_39_m
560	GregoryPeck	50	AGE50	9364	9363_GregoryPeck_50_m
560	GregoryPeck	46	AGE46	9378	9377_GregoryPeck_46_m
560	GregoryPeck	33	AGE33	9376	9375_GregoryPeck_33_m
560	GregoryPeck	36	AGE36	9379	9378_GregoryPeck_36_m
560	GregoryPeck	63	AGE63	9369	9368_GregoryPeck_63_m
560	GregoryPeck	28	AGE28	9380	9379_GregoryPeck_28_m
560	GregoryPeck	40	AGE40	9361	9360_GregoryPeck_40_m
560	GregoryPeck	42	AGE42	9363	9362_GregoryPeck_42_m
560	GregoryPeck	30	AGE30	9368	9367_GregoryPeck_30_m
560	GregoryPeck	58	AGE58	9370	9369_GregoryPeck_58_m
560	GregoryPeck	75	AGE75	9374	9373_GregoryPeck_75_m
560	GregoryPeck	52	AGE52	9366	9365_GregoryPeck_52_m
560	GregoryPeck	75	AGE75	9367	9366_GregoryPeck_75_m
560	GregoryPeck	72	AGE72	9360	9359_GregoryPeck_72_m
560	GregoryPeck	57	AGE57	9372	9371_GregoryPeck_57_m
560	GregoryPeck	84	AGE84	9365	9364_GregoryPeck_84_m
560	GregoryPeck	31	AGE31	9375	9374_GregoryPeck_31_m
561	QueenElizabet	35	AGE35	586	585_QueenElizabet_35_f
561	QueenElizabet	74	AGE74	592	591_QueenElizabet_74_f
561	QueenElizabet	3	AGE3	580	579_QueenElizabet_3_f
561	QueenElizabet	80	AGE80	588	587_QueenElizabet_80_f
561	QueenElizabet	34	AGE34	601	600_QueenElizabet_34_f
561	QueenElizabet	3	AGE3	582	581_QueenElizabet_3_f
561	QueenElizabet	75	AGE75	593	592_QueenElizabet_75_f
561	QueenElizabet	21	AGE21	581	580_QueenElizabet_21_f
561	QueenElizabet	78	AGE78	594	593_QueenElizabet_78_f
561	QueenElizabet	44	AGE44	589	588_QueenElizabet_44_f
561	QueenElizabet	26	AGE26	584	583_QueenElizabet_26_f
561	QueenElizabet	54	AGE54	591	590_QueenElizabet_54_f
561	QueenElizabet	79	AGE79	595	594_QueenElizabet_79_f
561	QueenElizabet	86	AGE86	598	597_QueenElizabet_86_f
561	QueenElizabet	70	AGE70	599	598_QueenElizabet_70_f
561	QueenElizabet	75	AGE75	600	599_QueenElizabet_75_f
561	QueenElizabet	45	AGE45	603	602_QueenElizabet_45_f
561	QueenElizabet	35	AGE35	585	584_QueenElizabet_35_f
561	QueenElizabet	81	AGE81	597	596_QueenElizabet_81_f
561	QueenElizabet	46	AGE46	590	589_QueenElizabet_46_f
561	QueenElizabet	80	AGE80	596	595_QueenElizabet_80_f
561	QueenElizabet	38	AGE38	587	586_QueenElizabet_38_f
561	QueenElizabet	21	AGE21	602	601_QueenElizabet_21_f
561	QueenElizabet	25	AGE25	583	582_QueenElizabet_25_f
562	RockHudson	17	AGE17	6744	6743_RockHudson_17_m
562	RockHudson	25	AGE25	6742	6741_RockHudson_25_m
562	RockHudson	35	AGE35	6757	6756_RockHudson_35_m
562	RockHudson	38	AGE38	6762	6761_RockHudson_38_m
562	RockHudson	44	AGE44	6761	6760_RockHudson_44_m
562	RockHudson	20	AGE20	6745	6744_RockHudson_20_m
562	RockHudson	30	AGE30	6751	6750_RockHudson_30_m
562	RockHudson	57	AGE57	6776	6775_RockHudson_57_m
562	RockHudson	31	AGE31	6752	6751_RockHudson_31_m
562	RockHudson	42	AGE42	6767	6766_RockHudson_42_m
562	RockHudson	53	AGE53	6773	6772_RockHudson_53_m
562	RockHudson	45	AGE45	6775	6774_RockHudson_45_m
562	RockHudson	29	AGE29	6749	6748_RockHudson_29_m
562	RockHudson	40	AGE40	6764	6763_RockHudson_40_m
562	RockHudson	60	AGE60	6778	6777_RockHudson_60_m
562	RockHudson	60	AGE60	6759	6758_RockHudson_60_m
562	RockHudson	43	AGE43	6768	6767_RockHudson_43_m
562	RockHudson	28	AGE28	6743	6742_RockHudson_28_m
562	RockHudson	13	AGE13	6755	6754_RockHudson_13_m
562	RockHudson	44	AGE44	6769	6768_RockHudson_44_m
562	RockHudson	46	AGE46	6771	6770_RockHudson_46_m
562	RockHudson	59	AGE59	6777	6776_RockHudson_59_m
562	RockHudson	33	AGE33	6756	6755_RockHudson_33_m
562	RockHudson	32	AGE32	6754	6753_RockHudson_32_m
562	RockHudson	29	AGE29	6748	6747_RockHudson_29_m
562	RockHudson	56	AGE56	6774	6773_RockHudson_56_m
562	RockHudson	51	AGE51	6772	6771_RockHudson_51_m
562	RockHudson	41	AGE41	6766	6765_RockHudson_41_m
562	RockHudson	45	AGE45	6770	6769_RockHudson_45_m
562	RockHudson	39	AGE39	6763	6762_RockHudson_39_m
562	RockHudson	40	AGE40	6765	6764_RockHudson_40_m
562	RockHudson	19	AGE19	6746	6745_RockHudson_19_m
562	RockHudson	36	AGE36	6758	6757_RockHudson_36_m
562	RockHudson	28	AGE28	6747	6746_RockHudson_28_m
562	RockHudson	31	AGE31	6753	6752_RockHudson_31_m
562	RockHudson	37	AGE37	6760	6759_RockHudson_37_m
562	RockHudson	30	AGE30	6750	6749_RockHudson_30_m
563	PaulAnka	33	AGE33	105	104_PaulAnka_33_m
563	PaulAnka	55	AGE55	99	98_PaulAnka_55_m
563	PaulAnka	64	AGE64	87	86_PaulAnka_64_m
563	PaulAnka	60	AGE60	103	102_PaulAnka_60_m
563	PaulAnka	16	AGE16	76	75_PaulAnka_16_m
563	PaulAnka	60	AGE60	92	91_PaulAnka_60_m
563	PaulAnka	22	AGE22	79	78_PaulAnka_22_m
563	PaulAnka	52	AGE52	101	100_PaulAnka_52_m
563	PaulAnka	24	AGE24	80	79_PaulAnka_24_m
563	PaulAnka	16	AGE16	70	69_PaulAnka_16_m
563	PaulAnka	18	AGE18	106	105_PaulAnka_18_m
563	PaulAnka	23	AGE23	84	83_PaulAnka_23_m
563	PaulAnka	57	AGE57	111	110_PaulAnka_57_m
563	PaulAnka	46	AGE46	100	99_PaulAnka_46_m
563	PaulAnka	68	AGE68	90	89_PaulAnka_68_m
563	PaulAnka	18	AGE18	107	106_PaulAnka_18_m
563	PaulAnka	29	AGE29	93	92_PaulAnka_29_m
563	PaulAnka	19	AGE19	77	76_PaulAnka_19_m
563	PaulAnka	71	AGE71	94	93_PaulAnka_71_m
563	PaulAnka	52	AGE52	97	96_PaulAnka_52_m
563	PaulAnka	72	AGE72	110	109_PaulAnka_72_m
563	PaulAnka	15	AGE15	75	74_PaulAnka_15_m
563	PaulAnka	19	AGE19	96	95_PaulAnka_19_m
563	PaulAnka	66	AGE66	88	87_PaulAnka_66_m
563	PaulAnka	20	AGE20	108	107_PaulAnka_20_m
563	PaulAnka	27	AGE27	81	80_PaulAnka_27_m
563	PaulAnka	17	AGE17	74	73_PaulAnka_17_m
563	PaulAnka	30	AGE30	82	81_PaulAnka_30_m
563	PaulAnka	47	AGE47	85	84_PaulAnka_47_m
563	PaulAnka	48	AGE48	98	97_PaulAnka_48_m
563	PaulAnka	17	AGE17	95	94_PaulAnka_17_m
563	PaulAnka	15	AGE15	71	70_PaulAnka_15_m
563	PaulAnka	65	AGE65	86	85_PaulAnka_65_m
563	PaulAnka	50	AGE50	102	101_PaulAnka_50_m
563	PaulAnka	66	AGE66	109	108_PaulAnka_66_m
563	PaulAnka	18	AGE18	73	72_PaulAnka_18_m
563	PaulAnka	45	AGE45	72	71_PaulAnka_45_m
563	PaulAnka	21	AGE21	78	77_PaulAnka_21_m
563	PaulAnka	30	AGE30	104	103_PaulAnka_30_m
563	PaulAnka	70	AGE70	91	90_PaulAnka_70_m
563	PaulAnka	67	AGE67	89	88_PaulAnka_67_m
563	PaulAnka	32	AGE32	83	82_PaulAnka_32_m
564	SusanHayward	30	AGE30	14504	14503_SusanHayward_30_f
564	SusanHayward	28	AGE28	14493	14492_SusanHayward_28_f
564	SusanHayward	26	AGE26	14489	14488_SusanHayward_26_f
564	SusanHayward	45	AGE45	14495	14494_SusanHayward_45_f
564	SusanHayward	47	AGE47	14502	14501_SusanHayward_47_f
564	SusanHayward	40	AGE40	14514	14513_SusanHayward_40_f
564	SusanHayward	34	AGE34	14500	14499_SusanHayward_34_f
564	SusanHayward	47	AGE47	14509	14508_SusanHayward_47_f
564	SusanHayward	21	AGE21	14486	14485_SusanHayward_21_f
564	SusanHayward	44	AGE44	14499	14498_SusanHayward_44_f
564	SusanHayward	28	AGE28	14490	14489_SusanHayward_28_f
564	SusanHayward	39	AGE39	14496	14495_SusanHayward_39_f
564	SusanHayward	25	AGE25	14492	14491_SusanHayward_25_f
564	SusanHayward	50	AGE50	14507	14506_SusanHayward_50_f
564	SusanHayward	55	AGE55	14494	14493_SusanHayward_55_f
564	SusanHayward	24	AGE24	14491	14490_SusanHayward_24_f
564	SusanHayward	39	AGE39	14498	14497_SusanHayward_39_f
564	SusanHayward	29	AGE29	14503	14502_SusanHayward_29_f
564	SusanHayward	31	AGE31	14512	14511_SusanHayward_31_f
564	SusanHayward	23	AGE23	14501	14500_SusanHayward_23_f
564	SusanHayward	30	AGE30	14505	14504_SusanHayward_30_f
564	SusanHayward	27	AGE27	14488	14487_SusanHayward_27_f
564	SusanHayward	47	AGE47	14508	14507_SusanHayward_47_f
564	SusanHayward	22	AGE22	14510	14509_SusanHayward_22_f
564	SusanHayward	23	AGE23	14485	14484_SusanHayward_23_f
564	SusanHayward	42	AGE42	14511	14510_SusanHayward_42_f
564	SusanHayward	36	AGE36	14506	14505_SusanHayward_36_f
564	SusanHayward	24	AGE24	14487	14486_SusanHayward_24_f
564	SusanHayward	25	AGE25	14497	14496_SusanHayward_25_f
564	SusanHayward	38	AGE38	14513	14512_SusanHayward_38_f
565	MelGibson	49	AGE49	2160	2159_MelGibson_49_m
565	MelGibson	30	AGE30	2143	2142_MelGibson_30_m
565	MelGibson	52	AGE52	2161	2160_MelGibson_52_m
565	MelGibson	44	AGE44	2156	2155_MelGibson_44_m
565	MelGibson	54	AGE54	2163	2162_MelGibson_54_m
565	MelGibson	48	AGE48	2159	2158_MelGibson_48_m
565	MelGibson	38	AGE38	2149	2148_MelGibson_38_m
565	MelGibson	19	AGE19	2134	2133_MelGibson_19_m
565	MelGibson	31	AGE31	2144	2143_MelGibson_31_m
565	MelGibson	47	AGE47	2158	2157_MelGibson_47_m
565	MelGibson	36	AGE36	2147	2146_MelGibson_36_m
565	MelGibson	44	AGE44	2155	2154_MelGibson_44_m
565	MelGibson	21	AGE21	2136	2135_MelGibson_21_m
565	MelGibson	32	AGE32	2145	2144_MelGibson_32_m
565	MelGibson	35	AGE35	2146	2145_MelGibson_35_m
565	MelGibson	24	AGE24	2139	2138_MelGibson_24_m
565	MelGibson	56	AGE56	2166	2165_MelGibson_56_m
565	MelGibson	20	AGE20	2135	2134_MelGibson_20_m
565	MelGibson	29	AGE29	2142	2141_MelGibson_29_m
565	MelGibson	39	AGE39	2150	2149_MelGibson_39_m
565	MelGibson	22	AGE22	2137	2136_MelGibson_22_m
565	MelGibson	45	AGE45	2157	2156_MelGibson_45_m
565	MelGibson	26	AGE26	2140	2139_MelGibson_26_m
565	MelGibson	55	AGE55	2164	2163_MelGibson_55_m
565	MelGibson	23	AGE23	2138	2137_MelGibson_23_m
565	MelGibson	39	AGE39	2151	2150_MelGibson_39_m
565	MelGibson	42	AGE42	2154	2153_MelGibson_42_m
565	MelGibson	53	AGE53	2162	2161_MelGibson_53_m
565	MelGibson	40	AGE40	2152	2151_MelGibson_40_m
565	MelGibson	37	AGE37	2148	2147_MelGibson_37_m
565	MelGibson	56	AGE56	2165	2164_MelGibson_56_m
565	MelGibson	27	AGE27	2141	2140_MelGibson_27_m
565	MelGibson	41	AGE41	2153	2152_MelGibson_41_m
566	Pele	40	AGE40	56	55_Pele_40_m
566	Pele	52	AGE52	58	57_Pele_52_m
566	Pele	30	AGE30	55	54_Pele_30_m
566	Pele	55	AGE55	48	47_Pele_55_m
566	Pele	17	AGE17	52	51_Pele_17_m
566	Pele	58	AGE58	62	61_Pele_58_m
566	Pele	71	AGE71	49	48_Pele_71_m
566	Pele	21	AGE21	46	45_Pele_21_m
566	Pele	55	AGE55	59	58_Pele_55_m
566	Pele	55	AGE55	63	62_Pele_55_m
566	Pele	32	AGE32	54	53_Pele_32_m
566	Pele	21	AGE21	50	49_Pele_21_m
566	Pele	20	AGE20	68	67_Pele_20_m
566	Pele	68	AGE68	45	44_Pele_68_m
566	Pele	58	AGE58	64	63_Pele_58_m
566	Pele	18	AGE18	66	65_Pele_18_m
566	Pele	38	AGE38	53	52_Pele_38_m
566	Pele	21	AGE21	61	60_Pele_21_m
566	Pele	19	AGE19	60	59_Pele_19_m
566	Pele	60	AGE60	67	66_Pele_60_m
566	Pele	12	AGE12	69	68_Pele_12_m
566	Pele	66	AGE66	44	43_Pele_66_m
566	Pele	35	AGE35	47	46_Pele_35_m
566	Pele	37	AGE37	57	56_Pele_37_m
566	Pele	20	AGE20	65	64_Pele_20_m
566	Pele	18	AGE18	51	50_Pele_18_m
