subject_id	subject_name	class_id	class_name	sample_id	sample_name
11529	ApPNEQQB-e0_28	1	happy	29184	ApPNEQQB-e0_28_1
11566	k8Jsu7wSyHY_18	0	neutral	29221	k8Jsu7wSyHY_18_0
7845	cZah-VLP_aA	0	neutral	19693	cZah-VLP_aA_9
2716	HSjPTdKWcLA	0	neutral	4341	HSjPTdKWcLA_0
2266	PB040Bu_hOw	1	happy	10812	PB040Bu_hOw_0
3914	sT7Xef0oYLU	4	anger	6562	sT7Xef0oYLU_2
8387	lSCTGJbObOg	1	happy	22496	lSCTGJbObOg_8
4475	O7jHiw8IyxQ	2	fear	7680	O7jHiw8IyxQ_1
15422	Ob3eCQZeRmA_15	0	neutral	33135	Ob3eCQZeRmA_15_1
1410	qLq6GizMPu4	0	neutral	13471	qLq6GizMPu4_1
9150	yLElO7gxXPo	0	neutral	26272	yLElO7gxXPo_18
3844	ryyEEyKD9EU	0	neutral	15482	ryyEEyKD9EU_1
1142	LWd4-IntSrA	1	happy	11187	LWd4-IntSrA_1
8836	tAXhgTLGZqg	0	neutral	24696	tAXhgTLGZqg_13
13037	j2mxYJdMnRc_25	0	neutral	30717	j2mxYJdMnRc_25_0
3756	UFuxiZFwDPs	5	sadness	6253	UFuxiZFwDPs_2
8390	LT9vKS-myFY	1	happy	22502	LT9vKS-myFY_11
9610	tUGvzGJKoag_53	0	neutral	27234	tUGvzGJKoag_53_0
3713	NWjkTFqUNpk	4	anger	6138	NWjkTFqUNpk_0
623	wyifbBO6sAY	0	neutral	12463	wyifbBO6sAY_2
552	g4FOpeshqA8	0	neutral	12507	g4FOpeshqA8_3
3866	1iUAvZgbl1o	0	neutral	6455	1iUAvZgbl1o_0
4770	VRuV5oMqkDg	0	neutral	8296	VRuV5oMqkDg_0
13515	nAvqVyN6kf0_1	0	neutral	31198	nAvqVyN6kf0_1_0
4417	Dh6M4SEdLdU	0	neutral	7569	Dh6M4SEdLdU_1
7407	1vB_yscyAL0	0	neutral	17707	1vB_yscyAL0_11
13097	_flYlbBpSok_8	0	neutral	30777	_flYlbBpSok_8_0
10965	1bRtGWZec68_12	0	neutral	28608	1bRtGWZec68_12_0
14594	qIj9hAWR2hY_0	0	neutral	32289	qIj9hAWR2hY_0_0
10846	DApd8SewwKA_9	1	happy	28488	DApd8SewwKA_9_0
2287	KK0ALUd944A	1	happy	3705	KK0ALUd944A_1
6000	Kcmz-QxexRo	4	anger	12181	Kcmz-QxexRo_0
5578	rZsQJGk__DQ	5	sadness	10544	rZsQJGk__DQ_1
8698	qw62N4v8Cwo	0	neutral	24046	qw62N4v8Cwo_16
1364	BKR1-S8aRaQ	0	neutral	2344	BKR1-S8aRaQ_0
8387	lSCTGJbObOg	0	neutral	22494	lSCTGJbObOg_5
1833	Ia7el1fEff8	0	neutral	3053	Ia7el1fEff8_0
1182	I2terj2CfQ0	0	neutral	8337	I2terj2CfQ0_0
675	RW0a7Xn8hf8	5	sadness	7395	RW0a7Xn8hf8_6
8029	Fn40RI8ving	0	neutral	20554	Fn40RI8ving_2
4361	_IT9jmLChDA	3	surprise	14470	_IT9jmLChDA_2
7828	CTDsj3Z9yK4	4	anger	19589	CTDsj3Z9yK4_5
5118	gDPJG9FP3iM	5	sadness	8999	gDPJG9FP3iM_1
1813	kmr68ZevIrM	1	happy	3035	kmr68ZevIrM_1
2625	iqxao_orua8	4	anger	16685	iqxao_orua8_8
14001	cJpWnBnOi-g_0	0	neutral	31691	cJpWnBnOi-g_0_0
7978	ezja7-YQ72g	0	neutral	20364	ezja7-YQ72g_13
3458	qyWhqykPGWU	0	neutral	5584	qyWhqykPGWU_0
2234	F2Zm-637bQQ	0	neutral	10873	F2Zm-637bQQ_1
8977	vMJwHwQ1Egw	0	neutral	25417	vMJwHwQ1Egw_50
6130	Egj0TdouRjA	4	anger	12689	Egj0TdouRjA_1
4388	-78FgmNwyD4	1	happy	7487	-78FgmNwyD4_0
1822	jjDuR4d7Iik	4	anger	16425	jjDuR4d7Iik_1
2439	7nF1uINBdo0	0	neutral	3910	7nF1uINBdo0_0
5953	h9Rb7mT3juI	4	anger	12058	h9Rb7mT3juI_1
4792	9awX2lSGpso	1	happy	8336	9awX2lSGpso_2
798	E4XW86WBg2Y	1	happy	7822	E4XW86WBg2Y_4
7860	DArQ6VNtD4o	0	neutral	19774	DArQ6VNtD4o_11
7154	SVLzFLZp_8c	0	neutral	16614	SVLzFLZp_8c_0
8893	U34TdkLAPxE	0	neutral	25002	U34TdkLAPxE_21
8291	kbjn2bLyi84	1	happy	22046	kbjn2bLyi84_1
7751	bDHpVNxbl50	0	neutral	19269	bDHpVNxbl50_2
8858	tNpPUmgPY0I	0	neutral	24825	tNpPUmgPY0I_2
4648	--Jiv5iYqT8	5	sadness	8072	--Jiv5iYqT8_0
12661	Zp-oYeZGcFU_8	0	neutral	30334	Zp-oYeZGcFU_8_0
1723	5VgRuLQgeSE	0	neutral	2903	5VgRuLQgeSE_0
522	x1FhrhoudSE	1	happy	12341	x1FhrhoudSE_3
7938	EFsFB4qpXFk	0	neutral	20154	EFsFB4qpXFk_1
14882	GYvnOMhADWk_11	0	neutral	32579	GYvnOMhADWk_11_0
619	qU0Y6zo68t4	1	happy	1281	qU0Y6zo68t4_1
15383	Bju7yxstSm8_37	0	neutral	33094	Bju7yxstSm8_37_0
224	G56reCsDoFI	0	neutral	682	G56reCsDoFI_10
5300	SD0eJL4D6q0	5	sadness	9570	SD0eJL4D6q0_0
7776	bVR_QqPabkM	0	neutral	19409	bVR_QqPabkM_18
8826	t8Jluny2f2k	0	neutral	24670	t8Jluny2f2k_3
6227	UKdLFbaWynY	0	neutral	13038	UKdLFbaWynY_0
6398	XMt98-MEWmw	0	neutral	13702	XMt98-MEWmw_1
4458	XUSzvNtSsFE	0	neutral	7650	XUSzvNtSsFE_0
905	SDIk9DOro4A	4	anger	8006	SDIk9DOro4A_2
8224	iwuVFoHiCJk	5	sadness	21603	iwuVFoHiCJk_8
4790	ROeSh72M-Zs	0	neutral	8355	ROeSh72M-Zs_2
5380	D3PcFuLPhG4	4	anger	9857	D3PcFuLPhG4_0
36	xlAwSNbAY8E	0	neutral	775	xlAwSNbAY8E_2
8675	QOOX7sfUYyI	1	happy	23950	QOOX7sfUYyI_2
7557	7tW66KxBOaQ	1	happy	18430	7tW66KxBOaQ_21
2986	Jf8OtaR_9MM	0	neutral	9791	Jf8OtaR_9MM_7
8118	h_cmp2nPA74	0	neutral	20970	h_cmp2nPA74_6
145	3GqQTYkuHXQ	0	neutral	447	3GqQTYkuHXQ_4
8683	QRQbXQFaBWQ	0	neutral	23981	QRQbXQFaBWQ_3
4938	rfr5CzM1P20	0	neutral	8665	rfr5CzM1P20_1
7487	4tASl0auPOg	5	sadness	18089	4tASl0auPOg_3
8105	GwmifUfbzo8	0	neutral	20892	GwmifUfbzo8_5
10209	Wo70tqnkj-M_4	0	neutral	27841	Wo70tqnkj-M_4_0
6842	BN8VnFVqRRI	1	happy	15448	BN8VnFVqRRI_0
3155	yVjSyZtSw7U	5	sadness	10124	yVjSyZtSw7U_1
995	dx07n7Eov0o	5	sadness	7842	dx07n7Eov0o_3
937	k10DDJ4L2lc	1	happy	12969	k10DDJ4L2lc_2
4815	wkoHQdbhfOc	5	sadness	8416	wkoHQdbhfOc_2
8987	vPrksrZT9WE	4	anger	25457	vPrksrZT9WE_6
13235	t6_u2SL69a0_39	0	neutral	30916	t6_u2SL69a0_39_0
1353	lgyCdndO_Z4	4	anger	2342	lgyCdndO_Z4_0
1009	krTKVemlrp8	5	sadness	13168	krTKVemlrp8_4
596	U8IsSkpqyOY	1	happy	12428	U8IsSkpqyOY_1
7067	oh4GYHtq2hY	0	neutral	16287	oh4GYHtq2hY_1
2355	VF_-AB2-Ux4	0	neutral	17179	VF_-AB2-Ux4_7
2158	RGF6Qyvz2no	0	neutral	3517	RGF6Qyvz2no_0
7459	3RGqjcBtsrY	0	neutral	17962	3RGqjcBtsrY_25
9251	btgH-wO-WaE	0	neutral	26738	btgH-wO-WaE_3
552	g4FOpeshqA8	0	neutral	1188	g4FOpeshqA8_0
6395	L_0imHGhC3o	0	neutral	13694	L_0imHGhC3o_1
8749	r-QLiAyJupc	0	neutral	24287	r-QLiAyJupc_28
7636	17Km-P0IJZY	0	neutral	18728	17Km-P0IJZY_16
7565	7ZK7tkIIIQw	3	surprise	18465	7ZK7tkIIIQw_3
7923	e71R12fMzfY	0	neutral	20066	e71R12fMzfY_3
3699	2-FvDteymnM	4	anger	17235	2-FvDteymnM_3
11935	sc4VBDPELw0_160	0	neutral	29595	sc4VBDPELw0_160_0
6291	h5RMM02YE3U	2	fear	13315	h5RMM02YE3U_0
11579	3LMRCX1iXng_7	0	neutral	29235	3LMRCX1iXng_7_0
3585	btMisVovQKk	1	happy	5860	btMisVovQKk_0
8204	IiUmOrBplcM	0	neutral	21491	IiUmOrBplcM_4
11464	LJVt6tc7cuc_5	0	neutral	29117	LJVt6tc7cuc_5_3
5912	buzA1KREcwk	0	neutral	11854	buzA1KREcwk_0
1961	qlfI_AppyIk	0	neutral	3234	qlfI_AppyIk_1
12400	Nm-APpbnkyU_1	1	happy	30071	Nm-APpbnkyU_1_0
124	0752S69sp-k	0	neutral	911	0752S69sp-k_3
7624	9nq78d6CRTE	0	neutral	18673	9nq78d6CRTE_16
1345	rny3UdYPDn0	0	neutral	2318	rny3UdYPDn0_3
2831	1c7FYxTa2mQ	0	neutral	15508	1c7FYxTa2mQ_0
8528	O5myBWyJISs	0	neutral	23141	O5myBWyJISs_11
7371	0WNw2YjtMPI	1	happy	17554	0WNw2YjtMPI_1
9643	MrK1mONkq9A_20	0	neutral	27267	MrK1mONkq9A_20_0
2791	mAtmopQxu0o	3	surprise	4457	mAtmopQxu0o_0
8375	LnaYEQVSAS0	0	neutral	22435	LnaYEQVSAS0_12
11893	BrNCNd5-BtI_18	0	neutral	29553	BrNCNd5-BtI_18_0
4908	-vT2ztIXioo	0	neutral	8575	-vT2ztIXioo_0
2793	VCJrgPb3y80	5	sadness	15615	VCJrgPb3y80_4
2037	nxmaYsZjnXo	3	surprise	5342	nxmaYsZjnXo_4
1741	6jL9Anc33bs	0	neutral	12056	6jL9Anc33bs_2
7452	3NUMcmRDlDU	0	neutral	17930	3NUMcmRDlDU_11
8177	hZXbb8er5ho	0	neutral	21369	hZXbb8er5ho_16
11696	mEVjB0vVkLk_0	0	neutral	29356	mEVjB0vVkLk_0_0
5057	-Ml5CYHG8KY	0	neutral	8902	-Ml5CYHG8KY_1
15896	2XhfKut5LKM_17	0	neutral	33614	2XhfKut5LKM_17_1
8560	OqpumEZmxa0	0	neutral	23288	OqpumEZmxa0_1
6963	8Jv6f59Z4Y8	0	neutral	15918	8Jv6f59Z4Y8_0
3401	5LE2vO_aQgU	0	neutral	5466	5LE2vO_aQgU_1
2920	d_hNjBBdcyU	4	anger	9648	d_hNjBBdcyU_2
920	oudYhywAWvw	5	sadness	13048	oudYhywAWvw_2
7382	1c2PsY2_17o	0	neutral	17596	1c2PsY2_17o_0
8060	g7v3RYMq-6s	1	happy	20679	g7v3RYMq-6s_1
2906	pFXW-7VNngk	0	neutral	4641	pFXW-7VNngk_0
13405	ugxzPJKcgbc_5	1	happy	31087	ugxzPJKcgbc_5_0
13502	Gq17Orwh4c4_9	0	neutral	31185	Gq17Orwh4c4_9_1
5188	IDdZAEX43AI	0	neutral	9132	IDdZAEX43AI_0
10247	IwtA0qUvU_I_4	0	neutral	27879	IwtA0qUvU_I_4_0
10393	SIrR4U9C968_19	0	neutral	28028	SIrR4U9C968_19_0
8551	oj-AMrUyoLQ	1	happy	23246	oj-AMrUyoLQ_2
1061	E81RLAQyhCA	4	anger	1912	E81RLAQyhCA_1
2683	ovxjAnlr7qg	0	neutral	4285	ovxjAnlr7qg_0
9032	wlik2vsgyPE	0	neutral	25655	wlik2vsgyPE_3
1191	836TMubeCfo	0	neutral	2095	836TMubeCfo_0
8798	SnBObwk5JF0	1	happy	24511	SnBObwk5JF0_0
7517	6C1stWCPRfY	0	neutral	18195	6C1stWCPRfY_21
13675	miA6Rf9T3Yw_56	0	neutral	31362	miA6Rf9T3Yw_56_0
6923	yr5x9xFoI04	0	neutral	15766	yr5x9xFoI04_0
3535	t0duZVilVt4	1	happy	5746	t0duZVilVt4_0
13297	OsfZ8R2K6ZM_2	0	neutral	30978	OsfZ8R2K6ZM_2_0
4577	pPcxCk8YBVs	0	neutral	7912	pPcxCk8YBVs_0
8969	VhAiG4vUUXY	0	neutral	25355	VhAiG4vUUXY_7
2899	8Y6bT5JIVg8	0	neutral	4638	8Y6bT5JIVg8_0
2887	tWSptD7rtnY	5	sadness	4592	tWSptD7rtnY_1
2694	PZABOyyEO0o	0	neutral	9485	PZABOyyEO0o_6
8348	L4JAAkpIBnQ	5	sadness	22282	L4JAAkpIBnQ_1
5547	CfsveeSvZNw	0	neutral	10476	CfsveeSvZNw_0
8526	O0UH-hyZnHg	0	neutral	23118	O0UH-hyZnHg_0
15023	6cw3QVcnuyM_8	0	neutral	32722	6cw3QVcnuyM_8_0
8926	ur7ZtW_RKro	1	happy	25168	ur7ZtW_RKro_6
1989	CDwnIJ5ohu4	0	neutral	3282	CDwnIJ5ohu4_1
10351	95Kvz7IDeCI_23	1	happy	27985	95Kvz7IDeCI_23_0
8820	t5rqGq53htA	0	neutral	24639	t5rqGq53htA_26
3480	S1UpuPvAUss	0	neutral	5640	S1UpuPvAUss_0
12166	HCiDDKRzHvI_22	0	neutral	29834	HCiDDKRzHvI_22_0
8778	sAlB6qmJwSA	0	neutral	24411	sAlB6qmJwSA_0
1548	x3OTeacsT84	1	happy	8663	x3OTeacsT84_7
4377	oG-MKxVWwi4	4	anger	7474	oG-MKxVWwi4_0
11451	MKktPXE8828_6	0	neutral	29104	MKktPXE8828_6_0
13492	1CZmico6NxI_2	0	neutral	31175	1CZmico6NxI_2_0
8278	JZveA-NAIDI	0	neutral	21996	JZveA-NAIDI_5
9141	ygM-D5sdxsM	0	neutral	26234	ygM-D5sdxsM_6
2041	BCcw2q6KbbI	0	neutral	3349	BCcw2q6KbbI_2
8596	PcxzqT6KNQM	0	neutral	23497	PcxzqT6KNQM_11
4282	DXA3GJb6V-M	0	neutral	7278	DXA3GJb6V-M_0
2671	ljsMGTZESx8	4	anger	9267	ljsMGTZESx8_6
837	NAg0sZz-kYU	5	sadness	1575	NAg0sZz-kYU_0
8881	u0mh-e5qfFw	1	happy	24914	u0mh-e5qfFw_1
1838	PhkGK4ga-Gs	0	neutral	10226	PhkGK4ga-Gs_2
7451	3nf2j5uWKmE	4	anger	17923	3nf2j5uWKmE_47
1340	XL4aLIj7q9M	0	neutral	2308	XL4aLIj7q9M_0
3534	h8Rxb-9snJQ	0	neutral	16982	h8Rxb-9snJQ_3
7886	DQTjLledoSg	1	happy	19913	DQTjLledoSg_3
8199	IFh6PvOgVjA	0	neutral	21467	IFh6PvOgVjA_1
1382	01ClRWyf9I4	0	neutral	8383	01ClRWyf9I4_0
5531	cBU4-LMfBGI	5	sadness	10397	cBU4-LMfBGI_0
5501	p0cf4-1zuOk	0	neutral	10299	p0cf4-1zuOk_1
7257	WH4a3xfknKc	1	happy	16953	WH4a3xfknKc_0
10926	3uwsSE2_jxo_9	0	neutral	28569	3uwsSE2_jxo_9_0
130	UHJc79xfIR0	0	neutral	890	UHJc79xfIR0_2
2101	vfzNOq63CY0	0	neutral	3438	vfzNOq63CY0_1
2428	Kb2WClrbrAc	0	neutral	11153	Kb2WClrbrAc_5
8486	ndHmHU78jV8	3	surprise	22895	ndHmHU78jV8_9
14480	4wbE7h36luQ_32	0	neutral	32174	4wbE7h36luQ_32_0
9062	X1DL53cVJd0	0	neutral	25809	X1DL53cVJd0_0
258	YR8xj7dacKs	0	neutral	516	YR8xj7dacKs_0
2563	eO1Jm4N4rlA	0	neutral	9128	eO1Jm4N4rlA_7
8181	I3t_8Q4s6Kc	0	neutral	21385	I3t_8Q4s6Kc_0
8322	KOnjYgmiACQ	1	happy	22196	KOnjYgmiACQ_6
7868	DF2ou1RxM6I	0	neutral	19805	DF2ou1RxM6I_0
13433	1qjVBudBNSE_80	0	neutral	31115	1qjVBudBNSE_80_0
7655	74WSfjoQBJA	0	neutral	18835	74WSfjoQBJA_4
5064	G5aoRyZ-QtM	5	sadness	8895	G5aoRyZ-QtM_0
8166	h-sJl0yAAWw	1	happy	21276	h-sJl0yAAWw_1
11857	wfDqo4fo0kc_1	0	neutral	29517	wfDqo4fo0kc_1_0
15297	0qfLHIt39K4_13	0	neutral	33005	0qfLHIt39K4_13_0
7768	BQ-mQ6stdp8	0	neutral	19365	BQ-mQ6stdp8_5
7456	3pw2hEwfknA	1	happy	17950	3pw2hEwfknA_16
15121	JZ-P7A75ENQ_0	0	neutral	32823	JZ-P7A75ENQ_0_0
422	FFnlaQlI1So	0	neutral	8889	FFnlaQlI1So_11
8921	uPoA2f11UPk	4	anger	25128	uPoA2f11UPk_0
2577	HgQDAW28DsA	0	neutral	15394	HgQDAW28DsA_4
7553	7n619EfuSPw	0	neutral	18401	7n619EfuSPw_37
840	pi7Qfur-xLA	0	neutral	12904	pi7Qfur-xLA_0
10279	A9b-Z___neA_10	0	neutral	27911	A9b-Z___neA_10_0
5931	zR7e8cPlhzQ	0	neutral	11942	zR7e8cPlhzQ_0
8319	knX0i-QBQ7w	1	happy	22182	knX0i-QBQ7w_3
2574	rKHW39mShF4	0	neutral	4121	rKHW39mShF4_0
7851	d4XGM-2HVqY	0	neutral	19736	d4XGM-2HVqY_4
8240	JDQcnQpxOj8	0	neutral	21768	JDQcnQpxOj8_93
6406	2Y_CzHI89mQ	0	neutral	13724	2Y_CzHI89mQ_0
3931	Dd0f82f8ymk	1	happy	6585	Dd0f82f8ymk_0
8958	vebcVe5Z0sk	0	neutral	25306	vebcVe5Z0sk_3
13519	wbRo04aLqek_22	0	neutral	31202	wbRo04aLqek_22_0
15437	aeyH8MSTqb0_5	0	neutral	33151	aeyH8MSTqb0_5_0
465	ryvvNrcMh-c	0	neutral	12377	ryvvNrcMh-c_2
8140	hf6biLAyUxM	0	neutral	21070	hf6biLAyUxM_6
14505	tsX6Ox2qlc8_15	5	sadness	32199	tsX6Ox2qlc8_15_0
3049	POxvWUpuF6s	0	neutral	4819	POxvWUpuF6s_6
3142	f8-6UgJ6dSo	0	neutral	16145	f8-6UgJ6dSo_0
5319	ozkF8KRjeO8	0	neutral	9625	ozkF8KRjeO8_0
5050	UiQdZRBhBAE	0	neutral	8865	UiQdZRBhBAE_0
7126	o7zebTh4tHo	0	neutral	16487	o7zebTh4tHo_0
4621	iAzMFB3QaBk	0	neutral	8011	iAzMFB3QaBk_0
13189	Fcrd5iSaxm0_14	0	neutral	30870	Fcrd5iSaxm0_14_0
5646	Jd0XiJie7Lo	1	happy	10820	Jd0XiJie7Lo_0
10457	BxvOJ13tto4_80	0	neutral	28093	BxvOJ13tto4_80_0
6093	ygpI8R8qx-s	0	neutral	12536	ygpI8R8qx-s_0
14653	n8T15YjePeU_0	0	neutral	32348	n8T15YjePeU_0_1
9598	e3j3R6r11k8_5	0	neutral	27222	e3j3R6r11k8_5_0
9349	naGwma_WAkI_5	0	neutral	26972	naGwma_WAkI_5_0
8140	hf6biLAyUxM	0	neutral	21072	hf6biLAyUxM_13
8107	GxdtnJ7FDu0	1	happy	20907	GxdtnJ7FDu0_6
1480	ZxGAQO-0SJ0	1	happy	2527	ZxGAQO-0SJ0_1
2372	G1BREAJI3E0	0	neutral	17225	G1BREAJI3E0_0
8498	nl6oRRoRscU	0	neutral	22945	nl6oRRoRscU_14
8412	mAWdamFH2eE	0	neutral	22573	mAWdamFH2eE_0
2690	T4Z1mnjLwiA	0	neutral	15241	T4Z1mnjLwiA_1
7384	1Chw-8IMg3s	0	neutral	17599	1Chw-8IMg3s_0
7786	Bzhb4P3Orj4	0	neutral	19442	Bzhb4P3Orj4_3
12497	JY4BCIyyQQ8_71	0	neutral	30169	JY4BCIyyQQ8_71_0
9564	lCVkjZbu9CU_16	0	neutral	27188	lCVkjZbu9CU_16_0
4035	7bFIUJ_voCs	0	neutral	6803	7bFIUJ_voCs_0
13240	KBFkaO3soqY_10	0	neutral	30921	KBFkaO3soqY_10_0
1052	gjuizikJ2bk	5	sadness	14898	gjuizikJ2bk_7
491	w4FUyhx_vDI	1	happy	1090	w4FUyhx_vDI_1
1731	88T3elu2wfE	5	sadness	8934	88T3elu2wfE_2
8811	sStaoozOzzw	1	happy	24562	sStaoozOzzw_19
7429	2WNN6PbR_Gk	0	neutral	17819	2WNN6PbR_Gk_25
8665	qhZFtomQaxw	0	neutral	23873	qhZFtomQaxw_0
470	EOO8TwyVFYI	5	sadness	14276	EOO8TwyVFYI_1
9220	ZvYPIJT6JpM	0	neutral	26605	ZvYPIJT6JpM_14
1540	s7Es_v1NlM0	0	neutral	2647	s7Es_v1NlM0_2
8656	Qer6Ld16aXk	0	neutral	23783	Qer6Ld16aXk_1
5138	0CYdSfhwWVY	0	neutral	9040	0CYdSfhwWVY_1
8434	mlYrVVYKvw4	0	neutral	22661	mlYrVVYKvw4_6
2074	4JyN0s86AA0	0	neutral	3394	4JyN0s86AA0_0
4478	kRuKg_khl8Q	0	neutral	7696	kRuKg_khl8Q_0
3441	M5UXOwphsLk	0	neutral	5551	M5UXOwphsLk_0
2841	MYcsUTqNjNQ	4	anger	5220	MYcsUTqNjNQ_9
5622	0Ff4rsZH5L0	0	neutral	10714	0Ff4rsZH5L0_0
1202	jdmTOZ5Gzi4	0	neutral	2117	jdmTOZ5Gzi4_0
12736	zrfdG2eyWQY_1	0	neutral	30412	zrfdG2eyWQY_1_0
16044	GhywJi0pUK0_30	0	neutral	33764	GhywJi0pUK0_30_0
4931	3A0bunqhVIs	0	neutral	13836	3A0bunqhVIs_3
2510	MsOmqVrcy9M	0	neutral	6237	MsOmqVrcy9M_3
1184	exCuIisMWl0	5	sadness	2087	exCuIisMWl0_1
10178	ZV7ooH5BD4w_16	0	neutral	27809	ZV7ooH5BD4w_16_0
7467	3XK6_WzKnxA	0	neutral	17998	3XK6_WzKnxA_5
9425	OOFe2FeDBWA_0	0	neutral	27049	OOFe2FeDBWA_0_0
10408	smhMLsP5fsM_1	0	neutral	28043	smhMLsP5fsM_1_0
3015	rmE6nTzmDqI	0	neutral	4775	rmE6nTzmDqI_3
9849	E2wVIcwc6Rw_9	0	neutral	27477	E2wVIcwc6Rw_9_0
724	UDINZf4W4mw	2	fear	1423	UDINZf4W4mw_0
13517	qfz9ox7HKGE_24	1	happy	31200	qfz9ox7HKGE_24_0
15633	Mf7dCZrQ5sg_127	0	neutral	33349	Mf7dCZrQ5sg_127_0
6481	pesYeCruSyI	0	neutral	14028	pesYeCruSyI_0
2969	RSl6bwZabjA	5	sadness	4730	RSl6bwZabjA_0
9197	ZfDnO-Nd-WA	0	neutral	26506	ZfDnO-Nd-WA_11
12152	OqBjt1wKZfc_1	0	neutral	29820	OqBjt1wKZfc_1_0
2629	AXmKM05_kvs	4	anger	4201	AXmKM05_kvs_1
10090	-kMmgwJGSdg_29	0	neutral	27720	-kMmgwJGSdg_29_0
11367	1VkexuEe-wk_76	0	neutral	29013	1VkexuEe-wk_76_0
134	61MRbvT2pPw	0	neutral	344	61MRbvT2pPw_7
657	-BgZFaMJRxM	0	neutral	14540	-BgZFaMJRxM_0
15972	T9GubBC5-RE_14	0	neutral	33691	T9GubBC5-RE_14_1
2569	qvEQPJNv4e0	0	neutral	4106	qvEQPJNv4e0_2
9108	xQWcuqbPRMc	0	neutral	25997	xQWcuqbPRMc_1
1824	MUeKujlb6gc	5	sadness	16421	MUeKujlb6gc_0
2707	0Ba6y1Y8JjU	0	neutral	6482	0Ba6y1Y8JjU_2
846	XrBTDbxOZE8	0	neutral	12922	XrBTDbxOZE8_1
7976	eZ0vxQ3uJCU	0	neutral	20346	eZ0vxQ3uJCU_8
14238	0blgdAE1cbk_2	0	neutral	31930	0blgdAE1cbk_2_0
7699	aGFysjQaoM4	4	anger	19068	aGFysjQaoM4_13
7630	9-wW-ElIxeE	0	neutral	18698	9-wW-ElIxeE_3
8641	qa5NdbjqtvU	1	happy	23670	qa5NdbjqtvU_1
13253	4X2J1JkmXf8_15	0	neutral	30934	4X2J1JkmXf8_15_0
5101	i-2kXcQgs_w	5	sadness	8978	i-2kXcQgs_w_2
2049	QN8ln3Hx1mc	3	surprise	5337	QN8ln3Hx1mc_3
7427	2UUR2665lbY	0	neutral	17789	2UUR2665lbY_8
14099	AFxpSQGxn0Y_171	0	neutral	31791	AFxpSQGxn0Y_171_0
2165	1zhGxZT_W_g	0	neutral	16974	1zhGxZT_W_g_5
4984	ATNjQgr7LXc	0	neutral	8761	ATNjQgr7LXc_1
4556	2zTqIJeCd3c	0	neutral	7850	2zTqIJeCd3c_0
2170	mFoZz6PG72k	0	neutral	10684	mFoZz6PG72k_2
11214	UWfBdyocz7c_13	1	happy	28858	UWfBdyocz7c_13_0
8202	IGjc99CYKOQ	0	neutral	21482	IGjc99CYKOQ_6
12667	r1iMNshi28g_12	0	neutral	30340	r1iMNshi28g_12_0
3570	4FJVi_cg2lk	0	neutral	5815	4FJVi_cg2lk_3
9122	Y1VyYbpE6KU	0	neutral	26109	Y1VyYbpE6KU_21
7843	cyel18g9q0s	0	neutral	19673	cyel18g9q0s_45
7844	cZ3PlWc414Q	0	neutral	19690	cZ3PlWc414Q_19
5173	ivzvZlKaKAs	0	neutral	9097	ivzvZlKaKAs_0
9191	zApnmhaaBWc	0	neutral	26494	zApnmhaaBWc_4
1199	k7ISXq1EE-g	4	anger	15709	k7ISXq1EE-g_26
4183	1zLZPzGxo4w	0	neutral	7112	1zLZPzGxo4w_1
2180	NKjZRRw3-Fs	5	sadness	6551	NKjZRRw3-Fs_12
11482	QGYZyH0HzwQ_1	0	neutral	29137	QGYZyH0HzwQ_1_0
454	RKt17dM8eFk	4	anger	10984	RKt17dM8eFk_10
1470	wvVrDGmqHjI	4	anger	2507	wvVrDGmqHjI_1
8240	JDQcnQpxOj8	1	happy	21696	JDQcnQpxOj8_1
6343	vR1WPNzcXHE	0	neutral	13484	vR1WPNzcXHE_0
8164	hSc6bDiEP40	0	neutral	21247	hSc6bDiEP40_81
3598	NdpO0T7l6Wc	0	neutral	17171	NdpO0T7l6Wc_3
3897	v_3W2tlaxrU	0	neutral	15736	v_3W2tlaxrU_2
9328	vYFjDOhzxzI_6	0	neutral	26951	vYFjDOhzxzI_6_1
692	56v74zFOV58	0	neutral	1398	56v74zFOV58_2
8728	RGhunCKOkIk	0	neutral	24171	RGhunCKOkIk_10
13996	hTIWLWhCR6g_6	0	neutral	31686	hTIWLWhCR6g_6_0
3634	uHuDwL4XEUE	0	neutral	11105	uHuDwL4XEUE_4
3110	Q4TdYMsAr0s	0	neutral	9946	Q4TdYMsAr0s_1
6054	lC73G5KCLic	4	anger	12367	lC73G5KCLic_0
15829	ng-qRuigj_Q_73	0	neutral	33547	ng-qRuigj_Q_73_1
4884	agRBVqecl5Y	0	neutral	8537	agRBVqecl5Y_0
6011	znZDbxVmFbM	0	neutral	12220	znZDbxVmFbM_0
2848	kAXvbPYx-RE	4	anger	9564	kAXvbPYx-RE_3
8015	FFlejx9vekI	4	anger	20505	FFlejx9vekI_9
12977	R4LlCyqOTHY_32	0	neutral	30656	R4LlCyqOTHY_32_0
8985	voG4HbqbGDw	0	neutral	25442	voG4HbqbGDw_9
10718	MyI372pGIss_0	0	neutral	28358	MyI372pGIss_0_0
8325	Kq47U8AtGCA	0	neutral	22210	Kq47U8AtGCA_1
11698	wW8cNMl_jVQ_1	1	happy	29358	wW8cNMl_jVQ_1_0
7614	9j9nei1ECv0	1	happy	18615	9j9nei1ECv0_7
643	UVdGhQGRtSc	0	neutral	11225	UVdGhQGRtSc_18
11413	9BovlZsztFw_9	0	neutral	29066	9BovlZsztFw_9_0
5612	L1w7XTlAGuI	0	neutral	10660	L1w7XTlAGuI_1
8168	HTSejaU_TrM	1	happy	21298	HTSejaU_TrM_43
3528	KuStVllxFuI	0	neutral	5732	KuStVllxFuI_0
8661	qgkfdkZS8Iw	0	neutral	23861	qgkfdkZS8Iw_4
12108	-QL9dvmddYs_19	1	happy	29774	-QL9dvmddYs_19_0
11057	WPsWdmHmpWE_64	1	happy	28700	WPsWdmHmpWE_64_0
9032	wlik2vsgyPE	0	neutral	25656	wlik2vsgyPE_5
12201	9pUq_ctxG-s_12	0	neutral	29869	9pUq_ctxG-s_12_0
9402	TBogqyxVoJ8_8	0	neutral	27025	TBogqyxVoJ8_8_0
7446	3kSvtdUcsHk	0	neutral	17891	3kSvtdUcsHk_12
376	yQpFQFL-YLI	4	anger	14384	yQpFQFL-YLI_3
671	XWH0suuLB0o	0	neutral	1337	XWH0suuLB0o_0
11262	QRzA9evEhD8_3	0	neutral	28907	QRzA9evEhD8_3_0
15788	TImF2ExbIKo_0	0	neutral	33506	TImF2ExbIKo_0_0
8042	FrMVRGuYxXw	1	happy	20623	FrMVRGuYxXw_53
4135	CzsH8WqBQBc	4	anger	7022	CzsH8WqBQBc_0
8829	t09ICTo4fhI	0	neutral	24680	t09ICTo4fhI_4
7627	9r7RXWSsEQ4	0	neutral	18692	9r7RXWSsEQ4_0
501	HQaqlbFLQkc	0	neutral	1109	HQaqlbFLQkc_1
1880	aiJtAU0V_60	0	neutral	10408	aiJtAU0V_60_1
8317	knJVlNiXjhQ	0	neutral	22178	knJVlNiXjhQ_1
673	xgMGnhrKZQI	0	neutral	3202	xgMGnhrKZQI_39
2239	4k0pxG163Lo	1	happy	3640	4k0pxG163Lo_0
4971	x5z9VZO--G4	0	neutral	8713	x5z9VZO--G4_1
30	dg0XTzG1v98	0	neutral	655	dg0XTzG1v98_17
150	E4mJfykwGBk	0	neutral	241	E4mJfykwGBk_3
3052	KKiVFZcwx6g	5	sadness	4822	KKiVFZcwx6g_0
15093	5i4DUwNnZi8_32	0	neutral	32794	5i4DUwNnZi8_32_0
15717	KADvDp2xTLo_5	0	neutral	33434	KADvDp2xTLo_5_0
7695	ae6Yia6Rk7I	1	happy	19031	ae6Yia6Rk7I_28
4459	DJTF3NmqF7U	0	neutral	7668	DJTF3NmqF7U_0
10733	trjbZ_2UfmU_6	4	anger	28373	trjbZ_2UfmU_6_0
898	qUammhHxd1k	0	neutral	15139	qUammhHxd1k_4
2703	oDAfe-mUgo4	0	neutral	4335	oDAfe-mUgo4_3
7587	8qqtC1KxSSo	4	anger	18524	8qqtC1KxSSo_12
6619	otk_S_5inBM	7	contempt	14575	otk_S_5inBM_1
7845	cZah-VLP_aA	0	neutral	19698	cZah-VLP_aA_26
8849	tjBBL2ZtHt0	1	happy	24768	tjBBL2ZtHt0_41
2143	V7gceiThJ6U	5	sadness	16030	V7gceiThJ6U_9
11004	jvZdbjMe2CY_11	0	neutral	28647	jvZdbjMe2CY_11_0
4313	QIIE8CobvEU	0	neutral	7335	QIIE8CobvEU_1
2988	6H3eyZdo0ag	0	neutral	4762	6H3eyZdo0ag_1
8100	GUsBdXrUhdk	1	happy	20845	GUsBdXrUhdk_4
8146	HHA-NdM7mZE	3	surprise	21123	HHA-NdM7mZE_8
5420	yDtGS3G3xtY	4	anger	9987	yDtGS3G3xtY_0
9088	XIgGmNJwwvc	1	happy	25929	XIgGmNJwwvc_9
16056	WNpjPYDGR6M_24	0	neutral	33776	WNpjPYDGR6M_24_0
2654	NWvUNDAsYqE	0	neutral	9273	NWvUNDAsYqE_2
12983	fwOmAiCVOJA_51	0	neutral	30662	fwOmAiCVOJA_51_0
6930	YC3pxWkTKR8	0	neutral	15803	YC3pxWkTKR8_0
7952	EKFF3aFIHzo	0	neutral	20217	EKFF3aFIHzo_12
419	d82LKPNesE8	0	neutral	1078	d82LKPNesE8_186
3201	EzxET3KpvSM	0	neutral	5070	EzxET3KpvSM_0
7905	dXhOh1gGe-w	0	neutral	20001	dXhOh1gGe-w_4
3889	F6E2ojebPlA	0	neutral	6498	F6E2ojebPlA_0
7067	oh4GYHtq2hY	0	neutral	16272	oh4GYHtq2hY_0
8659	QgedeMGTh5E	0	neutral	23847	QgedeMGTh5E_12
3680	DL4sl_8VYAw	0	neutral	17291	DL4sl_8VYAw_1
8786	SHFX9o5vVNg	0	neutral	24494	SHFX9o5vVNg_28
2996	damGbLRfBs0	0	neutral	9767	damGbLRfBs0_6
4099	CYGCwkmaa1s	0	neutral	6934	CYGCwkmaa1s_0
9706	tu0gZRByH3g_16	0	neutral	27333	tu0gZRByH3g_16_1
6068	U74NUVSKuP0	0	neutral	12434	U74NUVSKuP0_0
8023	Fi3vS3G1PxM	0	neutral	20533	Fi3vS3G1PxM_6
8379	LOUhN-eXjZ0	0	neutral	22456	LOUhN-eXjZ0_28
7542	7FyjCUDR0IM	0	neutral	18338	7FyjCUDR0IM_9
2378	BuMBRD4LmZc	0	neutral	3829	BuMBRD4LmZc_4
265	kKgL92I3Dbk	1	happy	566	kKgL92I3Dbk_1
1058	IE9S8CehYco	0	neutral	14910	IE9S8CehYco_1
14181	5CjQWzbrRM0_8	0	neutral	31873	5CjQWzbrRM0_8_0
9117	xuphB-zbmPk	0	neutral	26076	xuphB-zbmPk_30
7873	dJKmVxOv-GM	0	neutral	19837	dJKmVxOv-GM_0
3090	zZrDihnANpM	4	anger	9899	zZrDihnANpM_3
634	dStxLpnwvWs	0	neutral	1298	dStxLpnwvWs_0
14551	7X_IwcOdl-o_10	0	neutral	32245	7X_IwcOdl-o_10_0
9215	ZQdP-Sva8NI	0	neutral	26578	ZQdP-Sva8NI_0
8804	SOO8keLOtrM	5	sadness	24537	SOO8keLOtrM_1
14910	RlA337l50oY_70	0	neutral	32608	RlA337l50oY_70_0
8594	P48G0TD887I	1	happy	23485	P48G0TD887I_6
1712	Or4t1d_h0Y0	4	anger	2879	Or4t1d_h0Y0_2
9177	Yzs6p2VnzL0	0	neutral	26410	Yzs6p2VnzL0_10
8178	i0xDbdRedJI	0	neutral	21373	i0xDbdRedJI_2
12281	fnDwPVh6NmA_11	0	neutral	29950	fnDwPVh6NmA_11_0
484	RLxbwnYKqO0	5	sadness	8238	RLxbwnYKqO0_10
1861	EK9aDAUBBhE	0	neutral	3115	EK9aDAUBBhE_3
7368	0U3lKMXzNp8	0	neutral	17539	0U3lKMXzNp8_7
6635	G2mYFXmFQPw	0	neutral	14617	G2mYFXmFQPw_2
7207	rE29ZSccLMs	0	neutral	16797	rE29ZSccLMs_1
8025	Fjkw9vYDukg	0	neutral	20540	Fjkw9vYDukg_10
513	Rv2mSzJKwnQ	0	neutral	1118	Rv2mSzJKwnQ_2
8104	GWExJPcE3lU	0	neutral	20887	GWExJPcE3lU_13
2210	TSnlLU5k9lU	0	neutral	10726	TSnlLU5k9lU_1
945	btKMSYfgqnU	0	neutral	1731	btKMSYfgqnU_0
1740	hZvud4MnaQ0	5	sadness	12068	hZvud4MnaQ0_3
10085	o6bXkhGgFSg_0	0	neutral	27715	o6bXkhGgFSg_0_0
7849	D3sotAxZSG8	1	happy	19718	D3sotAxZSG8_10
1239	AZfCHDSJc8c	0	neutral	2174	AZfCHDSJc8c_0
5161	4ibZSKIBEIM	0	neutral	9085	4ibZSKIBEIM_0
2302	_JmrYuumod8	0	neutral	3735	_JmrYuumod8_1
3126	1zi4R4EklsI	0	neutral	6863	1zi4R4EklsI_1
8727	RFWu1N9hP40	0	neutral	24164	RFWu1N9hP40_54
1442	2j1vM1l65Fo	5	sadness	2464	2j1vM1l65Fo_1
1777	tpkTStVMv_Q	0	neutral	2969	tpkTStVMv_Q_0
7556	7tiy3Q705w8	0	neutral	18409	7tiy3Q705w8_5
1041	2ATYV1LOIH4	0	neutral	1871	2ATYV1LOIH4_2
10162	vNXuvEQw05g_4	1	happy	27793	vNXuvEQw05g_4_0
15682	mDnZLPjAJX0_3	0	neutral	33398	mDnZLPjAJX0_3_0
2704	0iUKZskQEso	0	neutral	4330	0iUKZskQEso_0
1490	8kzZwPsHkfo	0	neutral	2540	8kzZwPsHkfo_0
8820	t5rqGq53htA	0	neutral	24638	t5rqGq53htA_25
8820	t5rqGq53htA	0	neutral	24623	t5rqGq53htA_2
3321	AcvWJ8bgA8w	1	happy	10205	AcvWJ8bgA8w_7
15171	AvYR2G2EZXo_24	0	neutral	32873	AvYR2G2EZXo_24_0
9131	YbrL3c8NIC8	0	neutral	26184	YbrL3c8NIC8_93
8516	NU7Eqx1ydkk	0	neutral	23024	NU7Eqx1ydkk_1
3189	oBvB83S_U4w	5	sadness	5038	oBvB83S_U4w_4
8412	mAWdamFH2eE	0	neutral	22576	mAWdamFH2eE_3
2270	1dwtsZ4IJQE	0	neutral	16769	1dwtsZ4IJQE_0
1013	_PSEaTZSZEE	7	contempt	1829	_PSEaTZSZEE_0
816	n1GlWng3oOQ	1	happy	11922	n1GlWng3oOQ_0
15742	m4uXpgAdI3g_2	0	neutral	33459	m4uXpgAdI3g_2_0
3009	jesmSJxswh4	0	neutral	4794	jesmSJxswh4_3
1549	3IiKTJztqFY	0	neutral	2638	3IiKTJztqFY_1
9045	wsrjqqEi69I	0	neutral	25742	wsrjqqEi69I_5
8602	PFBrK7pbqCU	1	happy	23516	PFBrK7pbqCU_12
1290	GzL4f-4uQVM	0	neutral	11495	GzL4f-4uQVM_2
493	Vz0hXK-iZ6E	0	neutral	1092	Vz0hXK-iZ6E_0
8257	JNrH1W7aKc8	0	neutral	21853	JNrH1W7aKc8_4
14940	hSUjNCfwqt4_183	0	neutral	32638	hSUjNCfwqt4_183_0
9159	YPmC5XgA27g	0	neutral	26323	YPmC5XgA27g_3
661	H03HKC74bk8	0	neutral	8248	H03HKC74bk8_4
2876	bln5Zj0J2Bc	0	neutral	4579	bln5Zj0J2Bc_0
14474	FlWXvHkT0y4_29	0	neutral	32168	FlWXvHkT0y4_29_1
8642	QaFqZQ6JQhs	1	happy	23676	QaFqZQ6JQhs_5
8308	kjI-JaRWG7s	0	neutral	22146	kjI-JaRWG7s_8
8028	FMPBq5B8kyc	1	happy	20547	FMPBq5B8kyc_2
1162	sd2pBde6gkw	1	happy	11194	sd2pBde6gkw_12
11149	q08BbYNG8h0_4	0	neutral	28792	q08BbYNG8h0_4_1
1614	NH_wHu33CMw	0	neutral	12016	NH_wHu33CMw_1
5395	eS47L5yU2k8	0	neutral	9897	eS47L5yU2k8_0
7596	8Xjr2hnOHiM	4	anger	18572	8Xjr2hnOHiM_3
8496	NiSWurUdtkA	0	neutral	22926	NiSWurUdtkA_6
123	eBMVxePrTTc	0	neutral	196	eBMVxePrTTc_16
997	RO0jUvh47oE	0	neutral	1801	RO0jUvh47oE_1
2976	yHf9QshbQeE	0	neutral	10980	yHf9QshbQeE_8
3820	g-uc5_QEmuM	4	anger	6367	g-uc5_QEmuM_0
6528	D6LGGWwpQRg	0	neutral	14204	D6LGGWwpQRg_0
13085	Owqw9-0g1aw_44	0	neutral	30765	Owqw9-0g1aw_44_1
700	OT61p6s77_U	0	neutral	1395	OT61p6s77_U_1
8122	H3zJIP3BJ6Y	0	neutral	20987	H3zJIP3BJ6Y_13
15210	vkdPJX3z2rc_1	1	happy	32912	vkdPJX3z2rc_1_0
2435	ONRzdzRMVsQ	0	neutral	3905	ONRzdzRMVsQ_2
7776	bVR_QqPabkM	0	neutral	19397	bVR_QqPabkM_3
7448	3LNfOrrXKvI	7	contempt	17899	3LNfOrrXKvI_5
6842	BN8VnFVqRRI	0	neutral	15425	BN8VnFVqRRI_1
5921	AaMkmiZ9bMM	0	neutral	11892	AaMkmiZ9bMM_0
8164	hSc6bDiEP40	0	neutral	21239	hSc6bDiEP40_50
3315	UnllAPMRnKE	0	neutral	10182	UnllAPMRnKE_5
8456	MUvcpjeUFpU	0	neutral	22767	MUvcpjeUFpU_31
883	1GfDQpfUaHQ	0	neutral	12827	1GfDQpfUaHQ_1
2999	SFzxuEm9MyM	0	neutral	4751	SFzxuEm9MyM_0
2917	kvtsZ1Edkk4	1	happy	9658	kvtsZ1Edkk4_2
11634	xTpoXYe6-5g_4	0	neutral	29292	xTpoXYe6-5g_4_0
10731	nUpfb7fZUPw_16	0	neutral	28371	nUpfb7fZUPw_16_0
13276	mAwuFoBoAfI_9	0	neutral	30957	mAwuFoBoAfI_9_0
665	xu_UgfGriXA	0	neutral	1331	xu_UgfGriXA_41
2114	53UNRkbv0YI	0	neutral	3455	53UNRkbv0YI_2
455	_v5zFIqjEZg	0	neutral	12351	_v5zFIqjEZg_2
12556	2gCSp8aggNQ_14	0	neutral	30228	2gCSp8aggNQ_14_0
4801	TBHjt3AyALw	0	neutral	8372	TBHjt3AyALw_0
1157	4YFz0PJernc	0	neutral	13365	4YFz0PJernc_5
8730	RgpoRGq3oBs	0	neutral	24185	RgpoRGq3oBs_0
919	DYAdSce8Rd0	0	neutral	1710	DYAdSce8Rd0_1
849	G1x0zmX-PEw	0	neutral	1594	G1x0zmX-PEw_2
7743	B24Dt1HKKOM	0	neutral	19248	B24Dt1HKKOM_20
8975	VLgGBz6rZvw	0	neutral	25391	VLgGBz6rZvw_5
6306	qWiGcXSaKUc	0	neutral	13366	qWiGcXSaKUc_0
10336	WHGj18QnP1A_1	0	neutral	27969	WHGj18QnP1A_1_1
8439	MnLDgaQ9EwM	0	neutral	22675	MnLDgaQ9EwM_3
11617	AZEZFrX6eqg_16	0	neutral	29275	AZEZFrX6eqg_16_0
8255	jMZjU_UjNys	0	neutral	21840	jMZjU_UjNys_20
1959	3rEETZoF_po	0	neutral	3226	3rEETZoF_po_0
12912	ibrfzPa7ozY_8	1	happy	30590	ibrfzPa7ozY_8_0
3901	8ltYYXhGCBo	0	neutral	9489	8ltYYXhGCBo_4
7843	cyel18g9q0s	0	neutral	19672	cyel18g9q0s_44
11656	jTF7i6OBGQk_2	0	neutral	29314	jTF7i6OBGQk_2_0
5423	HUJtn_Bwm-w	0	neutral	10001	HUJtn_Bwm-w_1
2562	9FAeJgWLKRo	1	happy	4097	9FAeJgWLKRo_1
8173	hXgLWvxgxqM	4	anger	21336	hXgLWvxgxqM_31
630	dvEYoON4jTw	0	neutral	1288	dvEYoON4jTw_0
1845	i42y4pdpBfA	2	fear	3067	i42y4pdpBfA_1
8240	JDQcnQpxOj8	0	neutral	21748	JDQcnQpxOj8_70
1094	d8iddHdT06c	1	happy	13950	d8iddHdT06c_8
6921	howhfMAoEt0	0	neutral	15773	howhfMAoEt0_0
4699	Jou60MhXBcw	1	happy	13340	Jou60MhXBcw_1
14402	Fx9pmiwQgQM_16	1	happy	32096	Fx9pmiwQgQM_16_0
7843	cyel18g9q0s	0	neutral	19653	cyel18g9q0s_11
829	hH3peh07eq4	0	neutral	1590	hH3peh07eq4_1
7804	CEjNfCl026c	0	neutral	19499	CEjNfCl026c_15
1504	ecmDPqCP8ms	1	happy	2592	ecmDPqCP8ms_3
4644	jx757TP9spg	5	sadness	8054	jx757TP9spg_0
8102	gW_OSQgHhAc	0	neutral	20875	gW_OSQgHhAc_38
8359	lANMfzFldwk	1	happy	22325	lANMfzFldwk_4
9282	S1nW9DHctYE	0	neutral	26833	S1nW9DHctYE_7
16102	uuAj3W16S6E_6	0	neutral	33822	uuAj3W16S6E_6_0
5160	5AFNqHBFRgE	0	neutral	9112	5AFNqHBFRgE_0
12964	v1aGEV2Uggs_9	0	neutral	30643	v1aGEV2Uggs_9_0
7362	0O35rDdcoL0	1	happy	17511	0O35rDdcoL0_9
2414	7Cyzq1bWpZs	5	sadness	4672	7Cyzq1bWpZs_3
4496	m2sEcQxQQ60	4	anger	7724	m2sEcQxQQ60_0
2275	8EcrxgHLhIg	0	neutral	3697	8EcrxgHLhIg_1
6746	QHU65AAx6uk	0	neutral	15067	QHU65AAx6uk_1
11431	u_Etbq0Ora8_31	0	neutral	29084	u_Etbq0Ora8_31_0
11921	Q9IMNZxNGyQ_51	0	neutral	29581	Q9IMNZxNGyQ_51_0
1485	PaxG2cTNWkQ	0	neutral	2532	PaxG2cTNWkQ_0
3683	rpy7vhvX8jw	0	neutral	6072	rpy7vhvX8jw_2
15252	72GGCGnz2ok_18	0	neutral	32954	72GGCGnz2ok_18_0
146	yw4Bm5hPRVo	0	neutral	618	yw4Bm5hPRVo_8
2847	6Tz9krF1K68	0	neutral	9544	6Tz9krF1K68_2
11927	b-n_hbIWhrc_63	0	neutral	29587	b-n_hbIWhrc_63_0
15046	4_PZ93CGHm4_5	0	neutral	32746	4_PZ93CGHm4_5_0
12523	fbTbFWYXoIU_3	0	neutral	30195	fbTbFWYXoIU_3_0
11011	0DUDvuXWccc_29	0	neutral	28654	0DUDvuXWccc_29_0
633	OFJKL2POF5I	0	neutral	1291	OFJKL2POF5I_0
8372	lmodF-qTHbo	0	neutral	22421	lmodF-qTHbo_6
15731	Z7iPXgnyPMs_1	0	neutral	33448	Z7iPXgnyPMs_1_1
7970	evQ-VzzVcFQ	1	happy	20321	evQ-VzzVcFQ_2
7151	-G3XuOnmrsQ	4	anger	16586	-G3XuOnmrsQ_0
11545	u-bsCBaoDPM_6	0	neutral	29200	u-bsCBaoDPM_6_1
4083	ZTi7bZGkJk4	3	surprise	6892	ZTi7bZGkJk4_1
7824	CPYABLupBKM	0	neutral	19575	CPYABLupBKM_22
7739	b03jg5np3YM	0	neutral	19223	b03jg5np3YM_0
8349	L4zn1STjtms	0	neutral	22283	L4zn1STjtms_0
6331	EKGATzNnr8c	0	neutral	13458	EKGATzNnr8c_0
10768	Xy64D6p_zH0_12	0	neutral	28408	Xy64D6p_zH0_12_0
2640	-mlfefNP8cw	0	neutral	4220	-mlfefNP8cw_1
8783	Sdj-zpcaqeE	0	neutral	24464	Sdj-zpcaqeE_2
8386	Lrpy2CCnJR0	0	neutral	22482	Lrpy2CCnJR0_19
8457	mwC1Bi9h7z4	1	happy	22772	mwC1Bi9h7z4_16
549	v5q7xCrlTiA	1	happy	12484	v5q7xCrlTiA_1
2226	EcDcNDlil_A	5	sadness	10883	EcDcNDlil_A_1
12683	NFZSUjt6r1A_10	0	neutral	30357	NFZSUjt6r1A_10_0
4314	IKFthgUbCdY	0	neutral	7336	IKFthgUbCdY_1
2104	U4MKgu8etK4	0	neutral	3441	U4MKgu8etK4_9
10968	jUmVIYo7tCw_9	0	neutral	28611	jUmVIYo7tCw_9_0
924	F4ExnAr-QSE	4	anger	1703	F4ExnAr-QSE_2
48	xK-_tIjjIY4	0	neutral	573	xK-_tIjjIY4_34
7503	5MeEk0-5O9M	0	neutral	18151	5MeEk0-5O9M_8
8986	VpELBj01GWo	0	neutral	25450	VpELBj01GWo_16
7587	8qqtC1KxSSo	5	sadness	18521	8qqtC1KxSSo_8
9074	XcS-qKBm7UE	0	neutral	25843	XcS-qKBm7UE_5
9256	F_7RvW-avZ8	0	neutral	26759	F_7RvW-avZ8_4
8082	GjGVLuE8sqo	0	neutral	20779	GjGVLuE8sqo_2
1637	pr7tDrwQ3t8	0	neutral	2767	pr7tDrwQ3t8_0
1924	6dhM6dP2eSU	0	neutral	5186	6dhM6dP2eSU_3
774	fsUKVpvzMHk	4	anger	12678	fsUKVpvzMHk_3
9656	JBdH-bttN-c_14	0	neutral	27281	JBdH-bttN-c_14_0
4604	U-RYUQZFIhI	0	neutral	14938	U-RYUQZFIhI_3
16046	ysST2opQQpM_5	0	neutral	33766	ysST2opQQpM_5_1
2536	j6qjibwpEzM	0	neutral	9222	j6qjibwpEzM_3
2329	kS_QskTI8WI	3	surprise	17271	kS_QskTI8WI_0
2157	3oqt6V9aJIM	0	neutral	10054	3oqt6V9aJIM_8
746	J_xxZde2OF4	1	happy	7747	J_xxZde2OF4_3
4512	o9dLO77OSao	4	anger	12759	o9dLO77OSao_4
14543	VJ51JBcqc-A_0	0	neutral	32237	VJ51JBcqc-A_0_0
7682	A6lwu29UIRc	1	happy	18957	A6lwu29UIRc_6
1985	7NHQrVt1yOU	0	neutral	3286	7NHQrVt1yOU_5
15645	7m-XjYvjNlc_29	0	neutral	33361	7m-XjYvjNlc_29_0
13030	b1OaMmf9vzU_6	0	neutral	30710	b1OaMmf9vzU_6_0
9225	zwrE99cctuw	0	neutral	26656	zwrE99cctuw_27
497	1xXjjahIwr8	5	sadness	12310	1xXjjahIwr8_3
10043	vy5iTJ0yf0w_33	0	neutral	27673	vy5iTJ0yf0w_33_2
4975	OG5O7vhDkWc	0	neutral	8723	OG5O7vhDkWc_1
10223	UspvK7XGWMM_0	1	happy	27855	UspvK7XGWMM_0_0
7623	9NdNh259zjY	0	neutral	18655	9NdNh259zjY_35
1417	OCerM6N6ErQ	0	neutral	11603	OCerM6N6ErQ_2
8896	uB69rg6oQrc	0	neutral	25019	uB69rg6oQrc_3
9014	wABsPLBbRZE	1	happy	25588	wABsPLBbRZE_3
383	XXk8J83A25A	0	neutral	12283	XXk8J83A25A_3
1289	4buuZJ7cmZw	0	neutral	2240	4buuZJ7cmZw_1
8376	lO725z7M2jY	0	neutral	22445	lO725z7M2jY_14
6236	cBLRKxQOMMw	4	anger	13094	cBLRKxQOMMw_0
4272	dQ5o6pMRr6A	0	neutral	7267	dQ5o6pMRr6A_1
6182	iFEr1xsuksI	0	neutral	12865	iFEr1xsuksI_1
8525	nZc25S13wEU	1	happy	23117	nZc25S13wEU_13
14395	m481VV21OWA_46	0	neutral	32089	m481VV21OWA_46_0
1694	vndiMloYcYU	5	sadness	11974	vndiMloYcYU_0
5734	qzD5peR8Thw	0	neutral	11132	qzD5peR8Thw_0
1189	vOoabudtTXU	5	sadness	11359	vOoabudtTXU_1
8849	tjBBL2ZtHt0	1	happy	24748	tjBBL2ZtHt0_20
9373	UlCry5odzX0_0	0	neutral	26996	UlCry5odzX0_0_0
2432	2AHF50fxTNw	1	happy	11163	2AHF50fxTNw_3
6115	48Q3O2Zg194	0	neutral	12630	48Q3O2Zg194_0
8394	LUoKRScpaVs	0	neutral	22525	LUoKRScpaVs_7
5868	H843vNJgIaQ	0	neutral	11686	H843vNJgIaQ_1
408	eb3x2JKL3qI	0	neutral	14344	eb3x2JKL3qI_1
4477	_yMeXMRn9KU	0	neutral	14704	_yMeXMRn9KU_2
1687	MrtT-vOpAfc	0	neutral	2856	MrtT-vOpAfc_1
5263	TrwIvCFIMZA	0	neutral	9414	TrwIvCFIMZA_0
12532	Cxp4hkLCa4M_7	0	neutral	30204	Cxp4hkLCa4M_7_1
8963	Vf9WTeA_ye0	1	happy	25329	Vf9WTeA_ye0_15
1190	_qh-4JFLd-s	1	happy	2111	_qh-4JFLd-s_4
4350	AYoIhbycEoA	0	neutral	7397	AYoIhbycEoA_1
513	Rv2mSzJKwnQ	1	happy	12292	Rv2mSzJKwnQ_0
8192	ia8F0GV10mA	1	happy	21428	ia8F0GV10mA_1
10188	S-tX8Mu_3j0_80	0	neutral	27819	S-tX8Mu_3j0_80_0
7572	8eD0MrmWng4	0	neutral	18488	8eD0MrmWng4_0
418	WbFri7eX_YA	0	neutral	7306	WbFri7eX_YA_5
657	-BgZFaMJRxM	0	neutral	14530	-BgZFaMJRxM_1
6131	Z2sZMDnwqPQ	0	neutral	12690	Z2sZMDnwqPQ_0
1428	rYAqCGHF0oM	0	neutral	11591	rYAqCGHF0oM_3
14082	GehFrxyvVjs_46	0	neutral	31774	GehFrxyvVjs_46_0
2522	IfZmBGcWkLI	0	neutral	15465	IfZmBGcWkLI_4
8652	qdCi9keGghY	0	neutral	23757	qdCi9keGghY_9
1294	XvOKgNVwLes	0	neutral	2269	XvOKgNVwLes_4
7451	3nf2j5uWKmE	0	neutral	17911	3nf2j5uWKmE_13
6573	PoLLgzdPkss	0	neutral	14381	PoLLgzdPkss_1
9100	XoGhKL6CKwg	0	neutral	25970	XoGhKL6CKwg_8
8369	LjJ276Dh1jA	0	neutral	22392	LjJ276Dh1jA_4
2965	Z0sFhnkRCsQ	0	neutral	6631	Z0sFhnkRCsQ_3
1342	574oBJ7SR_8	0	neutral	11474	574oBJ7SR_8_1
3062	51vwVJlJmxk	0	neutral	16281	51vwVJlJmxk_5
800	DegHehO_nfc	4	anger	1520	DegHehO_nfc_0
13602	XLt92-y1udo_41	0	neutral	31288	XLt92-y1udo_41_0
1318	M7CL4l-bu68	0	neutral	11444	M7CL4l-bu68_1
12501	WSkYokkis6c_6	0	neutral	30173	WSkYokkis6c_6_0
9626	QXtOb4kEnRM_1	0	neutral	27250	QXtOb4kEnRM_1_0
6634	duJbr9rkuRM	0	neutral	14611	duJbr9rkuRM_1
14818	qYF9cOZIAJk_3	0	neutral	32515	qYF9cOZIAJk_3_0
4238	pf0erXl4pwQ	0	neutral	7209	pf0erXl4pwQ_3
9198	zfivmiJVD0o	0	neutral	26510	zfivmiJVD0o_0
1256	ZpX0rril7QA	0	neutral	11335	ZpX0rril7QA_0
3763	BnsQqaQ8odY	0	neutral	15444	BnsQqaQ8odY_1
5152	QvKGF4DN9RE	1	happy	9056	QvKGF4DN9RE_1
2896	vJSUZ__xExg	5	sadness	4605	vJSUZ__xExg_0
12723	M1UG4nsDexU_20	0	neutral	30398	M1UG4nsDexU_20_0
12106	u5gLaZ0sO0U_15	0	neutral	29772	u5gLaZ0sO0U_15_0
7668	150HMV5El9I	0	neutral	18906	150HMV5El9I_20
1747	3omHm-oReEM	1	happy	2932	3omHm-oReEM_1
8625	PVvCLgoeN1E	1	happy	23612	PVvCLgoeN1E_10
1731	88T3elu2wfE	5	sadness	13984	88T3elu2wfE_1
7342	_TYRa6vxxb0	0	neutral	17399	_TYRa6vxxb0_6
12739	CGRWHXxga00_9	0	neutral	30415	CGRWHXxga00_9_0
9199	zfrVau8cYD0	0	neutral	26511	zfrVau8cYD0_1
8174	HyxXItSF3Co	0	neutral	21349	HyxXItSF3Co_23
9762	h0h3V2qH1rM_3	0	neutral	27390	h0h3V2qH1rM_3_0
16045	nrMW_tcXZmw_5	0	neutral	33765	nrMW_tcXZmw_5_0
7125	COZxvXx4bSg	0	neutral	16486	COZxvXx4bSg_0
2200	nlJqcYb65o0	5	sadness	10673	nlJqcYb65o0_0
7404	1SoU7uf7bAc	1	happy	17654	1SoU7uf7bAc_6
801	nBYh_IDoAfg	1	happy	12702	nBYh_IDoAfg_2
9006	W2SUOARI7z4	0	neutral	25544	W2SUOARI7z4_5
5194	8LHYCQ16uAU	0	neutral	9159	8LHYCQ16uAU_0
15826	RCQsj4weF9U_163	0	neutral	33544	RCQsj4weF9U_163_0
9721	1_hpCjIjrI4_1	0	neutral	27349	1_hpCjIjrI4_1_0
1776	ASa1YGUf5q4	0	neutral	10243	ASa1YGUf5q4_2
15843	yMFiJAHYwec_13	0	neutral	33561	yMFiJAHYwec_13_0
15756	xDZwZDK-8Co_41	0	neutral	33474	xDZwZDK-8Co_41_0
919	DYAdSce8Rd0	0	neutral	1698	DYAdSce8Rd0_0
12137	SYc3vxKH5ME_11	0	neutral	29804	SYc3vxKH5ME_11_0
4694	czOgJJqehv0	0	neutral	8141	czOgJJqehv0_0
881	XQOLwXFfiOg	0	neutral	12843	XQOLwXFfiOg_4
4690	V1cXZYKjw5Y	7	contempt	13321	V1cXZYKjw5Y_2
8400	M2wghfCg8ko	0	neutral	22535	M2wghfCg8ko_6
643	UVdGhQGRtSc	0	neutral	14552	UVdGhQGRtSc_14
7316	6WFmo4PQ-9w	0	neutral	17278	6WFmo4PQ-9w_0
16028	_W-zbOIAv64_17	0	neutral	33747	_W-zbOIAv64_17_0
3161	BP6N_JrLUIM	0	neutral	4989	BP6N_JrLUIM_0
2294	DcioAwBI8BI	1	happy	9998	DcioAwBI8BI_0
1059	Jhzm2AvUGHA	1	happy	1889	Jhzm2AvUGHA_2
3282	BYrS2k5nPbw	3	surprise	16485	BYrS2k5nPbw_2
6454	82TQD4vhkns	0	neutral	13909	82TQD4vhkns_1
3552	UvDzmAFiUj8	0	neutral	5787	UvDzmAFiUj8_1
9661	rN6sktfb4VI_0	0	neutral	27287	rN6sktfb4VI_0_1
7693	AdYiOoBzhHI	1	happy	19009	AdYiOoBzhHI_45
7983	f0Hyj-aUrLo	1	happy	20379	f0Hyj-aUrLo_6
9221	ZVYqgUcQBbk	0	neutral	26620	ZVYqgUcQBbk_9
7934	EDEeyk50nDQ	0	neutral	20123	EDEeyk50nDQ_13
373	BKFRA2JRdmk	0	neutral	926	BKFRA2JRdmk_0
8184	i4ivf-ZmorE	1	happy	21391	i4ivf-ZmorE_5
5519	UdYapy35qJ8	0	neutral	10356	UdYapy35qJ8_1
914	TSclZRaacyA	0	neutral	13005	TSclZRaacyA_0
1969	cfB9siDjpLk	0	neutral	3242	cfB9siDjpLk_1
1226	JgPlgAnASbY	4	anger	2168	JgPlgAnASbY_0
4032	95fAKnIgqmM	0	neutral	15884	95fAKnIgqmM_1
8591	P8NcaKE0VhM	1	happy	23467	P8NcaKE0VhM_7
5659	koWhZSL1Kwo	0	neutral	10843	koWhZSL1Kwo_1
11183	hcsz1J6GMrQ_32	0	neutral	28827	hcsz1J6GMrQ_32_0
4188	TuafKNbgTCA	0	neutral	14284	TuafKNbgTCA_0
9551	_kNZGFX4Vhk_259	0	neutral	27175	_kNZGFX4Vhk_259_0
5784	GiykTnvV8Mo	0	neutral	13297	GiykTnvV8Mo_2
2292	MKf_SL_owsY	1	happy	10835	MKf_SL_owsY_5
1640	ngLX1uDh-eg	1	happy	9020	ngLX1uDh-eg_3
1504	ecmDPqCP8ms	0	neutral	8856	ecmDPqCP8ms_5
12398	jlkpKLatf7M_6	0	neutral	30069	jlkpKLatf7M_6_0
14339	AFVmsRmFE4Q_65	0	neutral	32033	AFVmsRmFE4Q_65_1
14706	_qZ4I29Qtdo_19	0	neutral	32401	_qZ4I29Qtdo_19_0
8086	GKwidh0XTKQ	0	neutral	20796	GKwidh0XTKQ_0
8442	mOBwsP7TMyM	0	neutral	22690	mOBwsP7TMyM_10
10240	Z6Dt2TG1teI_1	0	neutral	27872	Z6Dt2TG1teI_1_1
3146	hM6KNsz7_mk	1	happy	4968	hM6KNsz7_mk_4
6258	ylvCOlF5RLI	4	anger	13177	ylvCOlF5RLI_0
8114	GZwDlcRsxWw	0	neutral	20938	GZwDlcRsxWw_0
68	WiQ09XUO_NY	4	anger	791	WiQ09XUO_NY_2
8339	ky_kL1IexAo	7	contempt	22256	ky_kL1IexAo_1
3117	T4Sy5IBj0RE	0	neutral	9932	T4Sy5IBj0RE_0
9478	dfCWFp7RxII_0	0	neutral	27102	dfCWFp7RxII_0_0
12122	uNdzzNpam5M_0	0	neutral	29789	uNdzzNpam5M_0_0
752	Dq2v8tLW6Cw	0	neutral	1453	Dq2v8tLW6Cw_0
1776	ASa1YGUf5q4	0	neutral	10231	ASa1YGUf5q4_3
991	VqKJ-0BL3tg	0	neutral	13151	VqKJ-0BL3tg_1
7805	ceTBcVLeUtI	1	happy	19504	ceTBcVLeUtI_3
3575	2jgk4c5V3b4	0	neutral	17102	2jgk4c5V3b4_1
15757	xDZwZDK-8Co_54	0	neutral	33475	xDZwZDK-8Co_54_0
12640	_VWPqv8Lyh0_1	0	neutral	30313	_VWPqv8Lyh0_1_0
10294	O8aflLitlUI_19	0	neutral	27926	O8aflLitlUI_19_0
7673	500EAWXlRao	0	neutral	18927	500EAWXlRao_0
9537	9XGY7s8avhw_0	0	neutral	27161	9XGY7s8avhw_0_1
6324	I6uGId-a758	0	neutral	13415	I6uGId-a758_0
4611	meVHiqX5mb8	4	anger	7984	meVHiqX5mb8_2
694	jVu_cuFHZnc	0	neutral	7431	jVu_cuFHZnc_1
8495	nIOmotayDMY	0	neutral	22923	nIOmotayDMY_1
1994	CgSdF1n1XjE	0	neutral	10454	CgSdF1n1XjE_1
9101	xohimahgZNM	0	neutral	25979	xohimahgZNM_0
7623	9NdNh259zjY	0	neutral	18637	9NdNh259zjY_0
1634	9Eo8snaeDJs	0	neutral	2764	9Eo8snaeDJs_0
8298	KdPdkcWcL0o	0	neutral	22096	KdPdkcWcL0o_7
1823	S6iFW-HoFwc	4	anger	3038	S6iFW-HoFwc_2
7761	bMmulJO5BnI	0	neutral	19320	bMmulJO5BnI_5
9297	xucnFkya8RA	0	neutral	26881	xucnFkya8RA_7
8260	jptbvx9BZ8Q	0	neutral	21866	jptbvx9BZ8Q_1
5296	8iQfU3VUrOs	0	neutral	9545	8iQfU3VUrOs_0
5115	WFGyCzl7_zE	4	anger	8993	WFGyCzl7_zE_0
6421	s0Ngw1j8o20	0	neutral	13783	s0Ngw1j8o20_0
9528	5LtPahGe5hU_191	0	neutral	27152	5LtPahGe5hU_191_0
7037	Rw-EoS3td0c	1	happy	16180	Rw-EoS3td0c_1
809	DSIAMiQ5ohc	1	happy	14741	DSIAMiQ5ohc_1
7557	7tW66KxBOaQ	0	neutral	18421	7tW66KxBOaQ_9
8165	hSiFAK-p-Lg	1	happy	21270	hSiFAK-p-Lg_36
6007	rtQzqFe9Fcs	0	neutral	12206	rtQzqFe9Fcs_0
3474	yc-qretrU8Q	0	neutral	16852	yc-qretrU8Q_2
8028	FMPBq5B8kyc	0	neutral	20549	FMPBq5B8kyc_19
5306	CZRn7cU3UsU	1	happy	9578	CZRn7cU3UsU_0
450	9I-FCJRX2Cc	1	happy	9185	9I-FCJRX2Cc_0
2944	mFH_r2w28rM	4	anger	6604	mFH_r2w28rM_2
8252	jJAuhRKgwXY	0	neutral	21812	jJAuhRKgwXY_7
2590	9T4kKk7zH34	0	neutral	15404	9T4kKk7zH34_5
8374	lMRZqdfy3Wk	0	neutral	22425	lMRZqdfy3Wk_2
7420	2m3AG4x2bL8	0	neutral	17756	2m3AG4x2bL8_0
1758	3tA9l2tbTQw	0	neutral	2954	3tA9l2tbTQw_1
7893	dt1D_fdFhhY	0	neutral	19949	dt1D_fdFhhY_6
357	GkAGYVqilZ0	1	happy	896	GkAGYVqilZ0_1
12042	NIR1lGOl_l0_1	0	neutral	29707	NIR1lGOl_l0_1_0
51	W9Ixi2hP3Y4	0	neutral	758	W9Ixi2hP3Y4_7
15512	3A727sUUUqs_16	0	neutral	33227	3A727sUUUqs_16_0
8853	TMGcgzR4le8	0	neutral	24803	TMGcgzR4le8_5
8720	rBevKOiYDFc	0	neutral	24120	rBevKOiYDFc_5
1109	mbTKo5Ylypw	0	neutral	1981	mbTKo5Ylypw_0
673	xgMGnhrKZQI	0	neutral	10026	xgMGnhrKZQI_46
4675	BGZN_6xPw64	5	sadness	8105	BGZN_6xPw64_2
12180	PIvXDLdb_L4_3	0	neutral	29848	PIvXDLdb_L4_3_1
2425	Jig6r9FAwAY	4	anger	11177	Jig6r9FAwAY_3
1482	_5uHK-fVMcY	0	neutral	2541	_5uHK-fVMcY_0
9226	Zxacgf9iXPA	0	neutral	26658	Zxacgf9iXPA_3
2170	mFoZz6PG72k	0	neutral	10708	mFoZz6PG72k_3
15973	T9GubBC5-RE_20	0	neutral	33692	T9GubBC5-RE_20_0
2984	btfIH4Q2BQA	0	neutral	9789	btfIH4Q2BQA_2
12116	M0-GDJbwhLw_5	0	neutral	29782	M0-GDJbwhLw_5_0
4387	XzSBAvxA5GE	0	neutral	7486	XzSBAvxA5GE_1
8102	gW_OSQgHhAc	0	neutral	20879	gW_OSQgHhAc_50
12925	20698JcAVmk_26	0	neutral	30603	20698JcAVmk_26_0
4719	_msjEt4-jZc	5	sadness	8184	_msjEt4-jZc_1
8186	i9Hpit3sTP0	1	happy	21409	i9Hpit3sTP0_5
3710	ucBnN5N2fn8	0	neutral	6133	ucBnN5N2fn8_2
4199	tpfOhYRYv80	0	neutral	14320	tpfOhYRYv80_3
3490	IkbqNY0Fxek	0	neutral	5654	IkbqNY0Fxek_0
7093	IMF8PvqFN-c	1	happy	16349	IMF8PvqFN-c_0
3666	auNkHDpPil4	1	happy	17243	auNkHDpPil4_0
7577	8ikfYPpy0Xc	0	neutral	18501	8ikfYPpy0Xc_5
8198	if6b3yUpz4Y	0	neutral	21465	if6b3yUpz4Y_0
9047	WsynqBxaW2Y	0	neutral	25767	WsynqBxaW2Y_12
8542	oEg4GH93aCY	1	happy	23212	oEg4GH93aCY_13
6208	1eP7huR6T3U	0	neutral	12967	1eP7huR6T3U_0
2767	JRU1SrdXEZc	0	neutral	4421	JRU1SrdXEZc_0
2111	MPhIzvgB31Y	1	happy	3448	MPhIzvgB31Y_0
3069	NqJ6llRZg-M	2	fear	7040	NqJ6llRZg-M_3
8413	Mb-ynUI4Me4	0	neutral	22586	Mb-ynUI4Me4_16
8074	gfGtFbH3A3Q	0	neutral	20762	gfGtFbH3A3Q_1
13584	KzudFwccEUU_23	0	neutral	31270	KzudFwccEUU_23_0
7892	DsYKqCAM9ic	0	neutral	19943	DsYKqCAM9ic_7
921	lyM65FpQLlM	0	neutral	13061	lyM65FpQLlM_0
767	HHSAml1BAR4	0	neutral	1483	HHSAml1BAR4_1
417	jWHcIO4y8kk	0	neutral	991	jWHcIO4y8kk_4
7834	Cw1JQXX1-9k	0	neutral	19617	Cw1JQXX1-9k_2
1882	csMBAcDqQkA	4	anger	3122	csMBAcDqQkA_0
1972	gnallHWgupY	0	neutral	3248	gnallHWgupY_1
664	rxC2ZWU4IPo	0	neutral	12564	rxC2ZWU4IPo_1
7667	97wVlAcRZaI	0	neutral	18883	97wVlAcRZaI_3
7951	eKe3zZy2gCc	0	neutral	20204	eKe3zZy2gCc_10
12001	eY8PZMi2vvc_1	0	neutral	29665	eY8PZMi2vvc_1_0
2134	pG0_UyT4tfY	0	neutral	3504	pG0_UyT4tfY_0
8895	uAWektIBPUs	0	neutral	25013	uAWektIBPUs_7
10159	Ek-5-L0mDrc_11	0	neutral	27790	Ek-5-L0mDrc_11_0
7981	F_Gn3vEecHI	0	neutral	20373	F_Gn3vEecHI_2
8504	nnaINIJ04ys	0	neutral	22975	nnaINIJ04ys_4
14957	nGxjFaviDFQ_84	0	neutral	32655	nGxjFaviDFQ_84_1
2167	UglfLjHUNbU	2	fear	10779	UglfLjHUNbU_0
14407	rkMuyeAL6qI_39	0	neutral	32101	rkMuyeAL6qI_39_0
1921	DQx9UlNSvRw	5	sadness	3189	DQx9UlNSvRw_5
1028	U6F17M80QBE	0	neutral	5881	U6F17M80QBE_6
397	pSEgCOf_lc4	0	neutral	952	pSEgCOf_lc4_2
1520	z4uSAcDmB40	0	neutral	8622	z4uSAcDmB40_5
9183	z7TV1hRceKM	1	happy	26453	z7TV1hRceKM_7
992	8rQS8i8JloM	0	neutral	1796	8rQS8i8JloM_0
12286	fnDwPVh6NmA_119	0	neutral	29955	fnDwPVh6NmA_119_0
2627	X4UGWZRPMzM	0	neutral	6156	X4UGWZRPMzM_2
704	8f_XrjQP91E	0	neutral	1397	8f_XrjQP91E_0
7813	cj5l0NHCtYA	0	neutral	19527	cj5l0NHCtYA_0
3431	khqkrlTd06s	1	happy	5523	khqkrlTd06s_0
13576	SvKwJhOMDno_1	0	neutral	31260	SvKwJhOMDno_1_0
7776	bVR_QqPabkM	0	neutral	19408	bVR_QqPabkM_17
2330	0fBA7VUZEgY	0	neutral	6064	0fBA7VUZEgY_2
8512	nt60WE5rDho	0	neutral	23000	nt60WE5rDho_1
6450	OY-qxz9IbqU	0	neutral	13884	OY-qxz9IbqU_1
3023	KmdBHOUCDnM	5	sadness	4783	KmdBHOUCDnM_0
8240	JDQcnQpxOj8	0	neutral	21741	JDQcnQpxOj8_61
10011	Bvdo3uQtvyQ_2	0	neutral	27640	Bvdo3uQtvyQ_2_0
1607	edBNDiSwnlg	0	neutral	2726	edBNDiSwnlg_0
1022	KMRFdWIKqK8	2	fear	1837	KMRFdWIKqK8_0
3544	m8_uwihvbF0	0	neutral	5762	m8_uwihvbF0_0
8199	IFh6PvOgVjA	0	neutral	21471	IFh6PvOgVjA_5
6766	AONuDilRd5k	4	anger	15164	AONuDilRd5k_0
341	xCQ3ZdnptUM	0	neutral	843	xCQ3ZdnptUM_0
7917	E6Wy7VFXlH0	0	neutral	20031	E6Wy7VFXlH0_21
13384	ajeCEr-SRac_5	0	neutral	31066	ajeCEr-SRac_5_1
9	mrm31EMpIi8	1	happy	734	mrm31EMpIi8_15
4002	jagJeaLXRRQ	4	anger	6730	jagJeaLXRRQ_1
7553	7n619EfuSPw	0	neutral	18389	7n619EfuSPw_8
8021	fgS61CkKfvQ	0	neutral	20525	fgS61CkKfvQ_5
7867	dErUoM40FPA	0	neutral	19803	dErUoM40FPA_1
7433	3aGSjslfr3c	0	neutral	17829	3aGSjslfr3c_0
1036	pzG1ckuBqpg	0	neutral	15049	pzG1ckuBqpg_2
8097	gsjKK6YRSbc	6	disgust	20838	gsjKK6YRSbc_1
10973	9ypQFdi1C3U_0	0	neutral	28616	9ypQFdi1C3U_0_2
1366	oaqSAdVXx-o	5	sadness	2346	oaqSAdVXx-o_7
6872	LJgqSSZpdns	3	surprise	15571	LJgqSSZpdns_0
11710	dBynCmlIWQw_67	0	neutral	29370	dBynCmlIWQw_67_0
11725	Pg05VWaZRsU_3	0	neutral	29385	Pg05VWaZRsU_3_0
1791	8Cyv7f65bbY	1	happy	10275	8Cyv7f65bbY_2
8284	K5lmXgKi6V0	0	neutral	22017	K5lmXgKi6V0_2
2830	eXzoP6NYjRk	3	surprise	4506	eXzoP6NYjRk_0
8687	QS8bma7LRX4	0	neutral	24004	QS8bma7LRX4_10
9131	YbrL3c8NIC8	0	neutral	26164	YbrL3c8NIC8_66
2530	p0vZhGqM_Rs	0	neutral	9246	p0vZhGqM_Rs_1
8664	QhWWODVLgKY	1	happy	23868	QhWWODVLgKY_2
12033	f5ZA_LNwVkI_23	1	happy	29697	f5ZA_LNwVkI_23_0
9117	xuphB-zbmPk	0	neutral	26067	xuphB-zbmPk_19
4406	5tu_42LmfEw	0	neutral	7524	5tu_42LmfEw_2
2210	TSnlLU5k9lU	0	neutral	3592	TSnlLU5k9lU_2
5388	0wTKzzRtGqY	0	neutral	9876	0wTKzzRtGqY_0
14275	TkghOJgSTlg_18	0	neutral	31969	TkghOJgSTlg_18_0
721	pwgh9hZkXUY	0	neutral	12733	pwgh9hZkXUY_0
6231	kCUGWgvg1g4	5	sadness	13062	kCUGWgvg1g4_0
2455	1kHO_H4OHdw	0	neutral	11076	1kHO_H4OHdw_2
8625	PVvCLgoeN1E	0	neutral	23629	PVvCLgoeN1E_35
853	FtPj029E3Qk	0	neutral	7667	FtPj029E3Qk_0
5329	Atyyr6d7-u8	0	neutral	9666	Atyyr6d7-u8_2
894	5RGxUKhhRWA	0	neutral	1660	5RGxUKhhRWA_1
3225	_pin0H9Udho	1	happy	5128	_pin0H9Udho_1
7542	7FyjCUDR0IM	0	neutral	18348	7FyjCUDR0IM_22
8935	Uv06CWySLzU	1	happy	25209	Uv06CWySLzU_1
1330	hd9VjgJdKIY	4	anger	2299	hd9VjgJdKIY_3
983	yX5TsLuIEy8	0	neutral	1786	yX5TsLuIEy8_4
14956	nGxjFaviDFQ_81	1	happy	32654	nGxjFaviDFQ_81_0
1942	8RZB2U0goew	0	neutral	5477	8RZB2U0goew_5
204	2zrr3T4WTeQ	0	neutral	369	2zrr3T4WTeQ_0
9210	zogIrkxnsfw	0	neutral	26550	zogIrkxnsfw_11
3344	l8MFxT9ILKY	0	neutral	16637	l8MFxT9ILKY_2
13033	ZT_Bzo2_soo_9	0	neutral	30713	ZT_Bzo2_soo_9_0
7484	4Qxrbnh0lko	0	neutral	18069	4Qxrbnh0lko_0
747	n59mG9_X35Q	1	happy	1448	n59mG9_X35Q_0
6161	QT2Anb4MY38	0	neutral	12801	QT2Anb4MY38_0
2966	eeWPnGsY-Xc	0	neutral	6633	eeWPnGsY-Xc_3
762	MZIPOu6WeGg	4	anger	1496	MZIPOu6WeGg_1
13332	17MeR3UzS1I_13	0	neutral	31014	17MeR3UzS1I_13_0
1002	m-ETkZmPNiM	5	sadness	1807	m-ETkZmPNiM_0
6108	4bHOYkNbpFU	0	neutral	12609	4bHOYkNbpFU_1
15521	--xLdkFg5O0_15	0	neutral	33236	--xLdkFg5O0_15_0
11820	ZRNfyz1Cgvg_2	0	neutral	29480	ZRNfyz1Cgvg_2_0
1148	eMR4FoLvb9A	5	sadness	2029	eMR4FoLvb9A_1
7993	F-57KCDK0Ps	0	neutral	20418	F-57KCDK0Ps_9
8253	jJcg8J0bEqI	0	neutral	21822	jJcg8J0bEqI_13
832	lP-A8UaVbLE	4	anger	12913	lP-A8UaVbLE_1
2801	PzTICfN0A-4	0	neutral	9632	PzTICfN0A-4_2
7492	5_1QLQKVlbE	1	happy	18115	5_1QLQKVlbE_8
6768	fWmX2E0B7LY	1	happy	15171	fWmX2E0B7LY_0
5938	2TXpV33AUaw	0	neutral	11988	2TXpV33AUaw_0
9725	cxUdNRKxjKs_26	4	anger	27353	cxUdNRKxjKs_26_0
1117	fDryTGVKQJU	0	neutral	11256	fDryTGVKQJU_2
8552	oJJS0WAqTAo	0	neutral	23257	oJJS0WAqTAo_7
7063	ZHRWbydTGrI	7	contempt	16264	ZHRWbydTGrI_0
7594	8Wg4VvOcYho	4	anger	18568	8Wg4VvOcYho_1
2226	EcDcNDlil_A	5	sadness	3619	EcDcNDlil_A_3
8828	T8VS0lBwY7U	1	happy	24678	T8VS0lBwY7U_7
13282	AGcYApKfHuY_20	1	happy	30963	AGcYApKfHuY_20_0
11823	402Q9HHm2UM_10	1	happy	29483	402Q9HHm2UM_10_4
9168	ytuo3w1Bn-I	1	happy	26361	ytuo3w1Bn-I_8
2821	ugzI9nUPlOk	0	neutral	9535	ugzI9nUPlOk_6
4018	SrJEWL6QHzo	0	neutral	15978	SrJEWL6QHzo_1
13445	1cOmDKIRL9k_3	0	neutral	31127	1cOmDKIRL9k_3_1
8914	uo4O2CcN-eo	0	neutral	25107	uo4O2CcN-eo_2
13076	4Hy-CybHBW8_5	0	neutral	30756	4Hy-CybHBW8_5_0
1829	v3bWb5qZMu8	0	neutral	3047	v3bWb5qZMu8_4
383	XXk8J83A25A	0	neutral	12273	XXk8J83A25A_2
9182	Z6RLr6cDKNg	0	neutral	26437	Z6RLr6cDKNg_12
5058	gq1gSTF2oyA	1	happy	8886	gq1gSTF2oyA_2
808	-5be_UPkLRw	0	neutral	7579	-5be_UPkLRw_4
10833	rll3upOnIMw_42	0	neutral	28475	rll3upOnIMw_42_0
5863	vJucrtAhKK0	0	neutral	11680	vJucrtAhKK0_0
5699	kUiWSasjkLw	0	neutral	10999	kUiWSasjkLw_3
11736	tE2QrEtpeeo_5	0	neutral	29396	tE2QrEtpeeo_5_0
14615	ZaQn-iEL_qQ_24	0	neutral	32310	ZaQn-iEL_qQ_24_0
2778	_mPOfQw2fmY	0	neutral	4450	_mPOfQw2fmY_0
6642	tdMF1i45oks	5	sadness	14647	tdMF1i45oks_0
2838	RV0EbFEZpT8	0	neutral	4519	RV0EbFEZpT8_1
8843	tgBlsrzJx5g	1	happy	24717	tgBlsrzJx5g_8
11001	iP_F_k2rtpg_26	0	neutral	28644	iP_F_k2rtpg_26_0
2426	tVxYCeRXzGo	0	neutral	3916	tVxYCeRXzGo_2
7475	4cjgb5WThUk	0	neutral	18036	4cjgb5WThUk_0
4259	tz-XJMspLOA	0	neutral	7241	tz-XJMspLOA_2
13009	FihqkaF5vHI_12	0	neutral	30689	FihqkaF5vHI_12_0
3930	10dI3y0jhYA	0	neutral	15667	10dI3y0jhYA_3
5904	gxhMfM0QlwM	0	neutral	11838	gxhMfM0QlwM_1
4531	gvTCSxLPy0Q	1	happy	7794	gvTCSxLPy0Q_0
10338	WVKhrJaVQHg_6	0	neutral	27971	WVKhrJaVQHg_6_0
3113	awQ1gpei_aA	0	neutral	7104	awQ1gpei_aA_4
11677	K5dfojNT2Iw_2	0	neutral	29335	K5dfojNT2Iw_2_0
183	5estcAZpf4k	0	neutral	585	5estcAZpf4k_7
2476	iLFMRsi07_I	4	anger	5989	iLFMRsi07_I_2
4690	V1cXZYKjw5Y	0	neutral	11365	V1cXZYKjw5Y_4
7322	_9fzl68yGzo	0	neutral	17319	_9fzl68yGzo_12
15441	aeyH8MSTqb0_30	0	neutral	33155	aeyH8MSTqb0_30_0
13648	5FoBl7ZNyhM_18	1	happy	31335	5FoBl7ZNyhM_18_0
4811	HZAevWIDogo	5	sadness	8387	HZAevWIDogo_4
8209	IMepyAzPA-8	0	neutral	21540	IMepyAzPA-8_1
1810	rbtZuYVWt-c	0	neutral	10173	rbtZuYVWt-c_4
11236	PmfMXR5dozI_0	0	neutral	28880	PmfMXR5dozI_0_0
3831	1dLZuGiJRXA	0	neutral	6400	1dLZuGiJRXA_1
9109	xr1V8HDt8GQ	0	neutral	26008	xr1V8HDt8GQ_27
8849	tjBBL2ZtHt0	1	happy	24733	tjBBL2ZtHt0_4
740	fEjXh-YJemg	1	happy	1441	fEjXh-YJemg_1
3400	D4C7tos_rZw	0	neutral	5478	D4C7tos_rZw_0
8297	kCSKDjdXPBc	0	neutral	22091	kCSKDjdXPBc_5
5098	dAUVgEVgxZQ	0	neutral	12092	dAUVgEVgxZQ_5
7553	7n619EfuSPw	0	neutral	18390	7n619EfuSPw_9
13158	2TK62SbndI8_4	0	neutral	30839	2TK62SbndI8_4_1
1178	68skjB-WHFA	5	sadness	8332	68skjB-WHFA_3
3410	SM2LxRKqYR8	5	sadness	16747	SM2LxRKqYR8_2
3087	OXp64E81fBU	1	happy	4877	OXp64E81fBU_0
1315	m31MSgGEIAk	0	neutral	2275	m31MSgGEIAk_4
3644	cvU0ShPd3aM	4	anger	5979	cvU0ShPd3aM_0
4368	1j8l24hHhgA	0	neutral	14468	1j8l24hHhgA_0
5100	E-mcKrTR_b8	0	neutral	8976	E-mcKrTR_b8_0
621	wytpJXfw86w	5	sadness	1270	wytpJXfw86w_1
13562	rk_aRgQlgRQ_17	0	neutral	31246	rk_aRgQlgRQ_17_0
448	YiIl9Uc-UOQ	0	neutral	12042	YiIl9Uc-UOQ_20
14809	GQPwj6aL10Q_4	0	neutral	32506	GQPwj6aL10Q_4_0
8906	UHGcm9PGhUg	0	neutral	25059	UHGcm9PGhUg_2
9718	AGjsrJpk-4w_6	0	neutral	27346	AGjsrJpk-4w_6_0
2646	shehrh353Oo	0	neutral	4229	shehrh353Oo_1
6754	l38Qliee6VE	4	anger	15097	l38Qliee6VE_0
9702	CvSOpdkmMxc_21	0	neutral	27329	CvSOpdkmMxc_21_0
15459	dGMsaPMvjIQ_56	0	neutral	33173	dGMsaPMvjIQ_56_0
673	xgMGnhrKZQI	1	happy	13637	xgMGnhrKZQI_20
1715	h9WDm1k4Hz4	0	neutral	2885	h9WDm1k4Hz4_5
10885	G_A5NMiYx9k_13	0	neutral	28528	G_A5NMiYx9k_13_0
526	dAzuZ-V81I0	5	sadness	1131	dAzuZ-V81I0_2
593	NVCvHb1UK_g	1	happy	13314	NVCvHb1UK_g_8
3717	pHXL7yantDY	3	surprise	6148	pHXL7yantDY_2
2792	W2EZOorGpI0	0	neutral	6377	W2EZOorGpI0_6
2895	0zgTcrZ5030	0	neutral	9753	0zgTcrZ5030_1
9140	ygBkxCkuhYc	4	anger	26230	ygBkxCkuhYc_1
749	oN6VvdPnOzM	0	neutral	7768	oN6VvdPnOzM_2
5320	Hsg_ZUoSlCs	0	neutral	9626	Hsg_ZUoSlCs_0
9774	o8gE70qkhyY_2	0	neutral	27402	o8gE70qkhyY_2_0
5924	_ULrCFB-zbE	0	neutral	11909	_ULrCFB-zbE_0
2508	UiFCWtEBEFw	0	neutral	6263	UiFCWtEBEFw_3
849	G1x0zmX-PEw	0	neutral	12902	G1x0zmX-PEw_1
1264	vi1HiDseDvo	4	anger	2213	vi1HiDseDvo_0
63	xhDRJsa2LUk	0	neutral	83	xhDRJsa2LUk_0
2356	iNjj-ApQ4KM	4	anger	3792	iNjj-ApQ4KM_4
863	Q9B0pFDCviw	0	neutral	6188	Q9B0pFDCviw_45
13264	KWCYepXeN3M_51	0	neutral	30945	KWCYepXeN3M_51_0
7955	Em7cOMAkKv4	0	neutral	20235	Em7cOMAkKv4_0
8593	P9crQgGmWmo	0	neutral	23476	P9crQgGmWmo_2
1628	Sv-BxH3SVS8	1	happy	2758	Sv-BxH3SVS8_2
1172	MvDNoWSnSsU	1	happy	11224	MvDNoWSnSsU_0
9575	orLrjHatrCE_277	0	neutral	27199	orLrjHatrCE_277_2
136	lGFrkYzbfoU	5	sadness	462	lGFrkYzbfoU_7
905	SDIk9DOro4A	0	neutral	1668	SDIk9DOro4A_4
14225	iVkwHanVaDg_0	0	neutral	31917	iVkwHanVaDg_0_0
12716	KpdA2EHsTKE_104	0	neutral	30391	KpdA2EHsTKE_104_0
7320	_1osQSmJ2-s	0	neutral	17305	_1osQSmJ2-s_17
11794	hNIrrvVAVxY_3	0	neutral	29454	hNIrrvVAVxY_3_0
12092	_h1_qe8xri4_59	1	happy	29758	_h1_qe8xri4_59_0
1756	qfq5VozCshY	0	neutral	2943	qfq5VozCshY_2
10860	Qz8Ua_nUq5Y_6	0	neutral	28502	Qz8Ua_nUq5Y_6_0
314	S1OUnecBddg	0	neutral	738	S1OUnecBddg_0
379	YNAv6w5RDIs	5	sadness	15656	YNAv6w5RDIs_12
1336	RxLb-Iqyqps	0	neutral	2304	RxLb-Iqyqps_6
4630	FAAKfmF5Jl4	1	happy	8037	FAAKfmF5Jl4_0
1490	8kzZwPsHkfo	0	neutral	11685	8kzZwPsHkfo_3
12455	fy5zTQuVqXk_12	0	neutral	30126	fy5zTQuVqXk_12_0
15773	gadzsngvwGo_2	0	neutral	33491	gadzsngvwGo_2_0
7680	a3foy83aetQ	1	happy	18944	a3foy83aetQ_5
90	uSLscJ2cY04	0	neutral	130	uSLscJ2cY04_0
7424	2Sm96JC50mY	0	neutral	17775	2Sm96JC50mY_1
8289	kaX-XfcAZY8	0	neutral	22037	kaX-XfcAZY8_4
3062	51vwVJlJmxk	0	neutral	9992	51vwVJlJmxk_3
15921	i3DZXm_Ceps_4	0	neutral	33639	i3DZXm_Ceps_4_1
1275	j_a_zvQOrIE	5	sadness	10924	j_a_zvQOrIE_1
8379	LOUhN-eXjZ0	0	neutral	22457	LOUhN-eXjZ0_29
7945	EHMPLXVeO9c	0	neutral	20182	EHMPLXVeO9c_3
7667	97wVlAcRZaI	0	neutral	18884	97wVlAcRZaI_4
11297	bnWMIFnbDb0_94	0	neutral	28943	bnWMIFnbDb0_94_0
8498	nl6oRRoRscU	0	neutral	22941	nl6oRRoRscU_8
8226	izeHgM_Dx4k	0	neutral	21617	izeHgM_Dx4k_13
624	6mooNp4aWBo	0	neutral	1278	6mooNp4aWBo_2
5315	MIZSWO65BXQ	0	neutral	9640	MIZSWO65BXQ_1
6655	l8q5LqxLPCg	4	anger	14694	l8q5LqxLPCg_1
7451	3nf2j5uWKmE	0	neutral	17912	3nf2j5uWKmE_15
8523	nxxD2tAnAw4	0	neutral	23101	nxxD2tAnAw4_44
1255	LHZ-w560Gfk	0	neutral	11321	LHZ-w560Gfk_0
15794	o62hkqCvwMg_4	0	neutral	33512	o62hkqCvwMg_4_0
846	XrBTDbxOZE8	4	anger	1588	XrBTDbxOZE8_2
5673	BHZKSYLAecQ	0	neutral	10902	BHZKSYLAecQ_0
9440	dcSuHDwobbQ_0	0	neutral	27064	dcSuHDwobbQ_0_0
5287	IQnx4SnIE7k	0	neutral	9517	IQnx4SnIE7k_1
8582	ozN6nscmwes	5	sadness	23379	ozN6nscmwes_2
9092	xJ1S6pM38Ok	1	happy	25937	xJ1S6pM38Ok_0
4452	kxRRQNma998	0	neutral	7638	kxRRQNma998_0
668	OITlRvFUiWI	5	sadness	7992	OITlRvFUiWI_9
1334	RQZFCcsvtew	4	anger	11466	RQZFCcsvtew_2
6738	6Nb7rSggCns	1	happy	15056	6Nb7rSggCns_0
4858	W8fjSVywGGk	1	happy	13656	W8fjSVywGGk_2
7486	4sEscSxpMKY	0	neutral	18084	4sEscSxpMKY_15
3233	_O9lT22rCj8	0	neutral	16380	_O9lT22rCj8_2
10238	ZzKcwtfKLn4_30	0	neutral	27870	ZzKcwtfKLn4_30_0
7992	F9SedpzIRYg	0	neutral	20404	F9SedpzIRYg_7
8972	viRfGNQjgQs	0	neutral	25374	viRfGNQjgQs_13
8456	MUvcpjeUFpU	0	neutral	22757	MUvcpjeUFpU_17
10696	-r_l-cTcWsE_12	0	neutral	28336	-r_l-cTcWsE_12_0
3512	iwxe2sIgQL0	4	anger	16778	iwxe2sIgQL0_0
739	x4mgu7Q0rUA	0	neutral	7755	x4mgu7Q0rUA_5
6	WYIsBYSO0gc	1	happy	6	WYIsBYSO0gc_11
632	B3Ej5iUVch0	0	neutral	12627	B3Ej5iUVch0_0
13856	cLj0UzpWNoI_7	0	neutral	31545	cLj0UzpWNoI_7_0
952	QAO6uTkGpjM	4	anger	1738	QAO6uTkGpjM_1
13860	zsImYVwuxrs_22	0	neutral	31549	zsImYVwuxrs_22_0
6160	dFGYK-iRMgw	0	neutral	12799	dFGYK-iRMgw_0
11225	bvF-47LYCoA_1	0	neutral	28869	bvF-47LYCoA_1_0
2398	VwI6gvZXgMc	0	neutral	5865	VwI6gvZXgMc_3
14344	XB8egY7HyME_0	0	neutral	32038	XB8egY7HyME_0_0
7663	94LIuid2lRI	0	neutral	18864	94LIuid2lRI_1
6250	lRpBlNgu8j4	0	neutral	13170	lRpBlNgu8j4_1
10402	RrAzULVJrGQ_4	0	neutral	28037	RrAzULVJrGQ_4_1
4869	qhf4OPsyVHc	0	neutral	11527	qhf4OPsyVHc_4
1441	1PkqpkQQmwg	5	sadness	8735	1PkqpkQQmwg_3
3465	P-3iw8l0lB8	0	neutral	16811	P-3iw8l0lB8_1
7771	bsQAJXaVlXU	1	happy	19380	bsQAJXaVlXU_11
12109	6pcJUXFDx8E_0	0	neutral	29775	6pcJUXFDx8E_0_1
1204	6nZJPF_VgIQ	0	neutral	2119	6nZJPF_VgIQ_0
1710	vJ6XJtlqqZo	0	neutral	12124	vJ6XJtlqqZo_2
13795	WoLf9SELhxk_3	0	neutral	31484	WoLf9SELhxk_3_0
2568	xJOME7D6-ow	5	sadness	9151	xJOME7D6-ow_1
3024	6zfXkQ5QkrE	0	neutral	15777	6zfXkQ5QkrE_1
9162	yRo5is2O-T0	1	happy	26334	yRo5is2O-T0_29
7885	dqOYWPemcQ4	0	neutral	19908	dqOYWPemcQ4_15
9682	O2EL-weVQKw_0	0	neutral	27309	O2EL-weVQKw_0_0
2587	gpJWQeDHliE	4	anger	9181	gpJWQeDHliE_2
9176	YznSSOSnYQ4	1	happy	26396	YznSSOSnYQ4_3
8184	i4ivf-ZmorE	0	neutral	21405	i4ivf-ZmorE_33
2795	kB9tJdyb6rk	5	sadness	4461	kB9tJdyb6rk_2
1667	IsG-jJcrlr0	4	anger	2830	IsG-jJcrlr0_4
11438	MkDy_VHms24_6	0	neutral	29091	MkDy_VHms24_6_0
512	ZjPPfwVPTDE	0	neutral	14221	ZjPPfwVPTDE_4
10732	DOd-JWmFeAs_4	0	neutral	28372	DOd-JWmFeAs_4_0
3238	Hjci3SZvoh4	0	neutral	5115	Hjci3SZvoh4_0
5578	rZsQJGk__DQ	5	sadness	10574	rZsQJGk__DQ_0
796	pB9fJwEKjv4	0	neutral	1516	pB9fJwEKjv4_2
5424	V9GnOAfI4w4	4	anger	9994	V9GnOAfI4w4_0
701	5ke6m-Y8DHE	0	neutral	12607	5ke6m-Y8DHE_7
15317	4jH1j2v9a1k_15	0	neutral	33025	4jH1j2v9a1k_15_0
699	JzVCSXWeNnA	5	sadness	1402	JzVCSXWeNnA_2
2885	RDrZm6eEY6E	0	neutral	4589	RDrZm6eEY6E_1
3151	k0sEhT8n6VM	5	sadness	6879	k0sEhT8n6VM_2
8977	vMJwHwQ1Egw	0	neutral	25410	vMJwHwQ1Egw_32
211	uvyb8ciAx-U	0	neutral	380	uvyb8ciAx-U_5
2424	4TsgjtL0Qx4	5	sadness	11146	4TsgjtL0Qx4_0
508	0WOnDEx4QLc	0	neutral	1108	0WOnDEx4QLc_0
611	51Kfo8X3V18	0	neutral	1275	51Kfo8X3V18_2
8161	hRi36WpGegM	1	happy	21221	hRi36WpGegM_17
1144	-jI_ce3qD7Y	0	neutral	3058	-jI_ce3qD7Y_0
3845	Bi46nLoIo6E	7	contempt	6442	Bi46nLoIo6E_1
7437	3BlReTz_QRs	4	anger	17842	3BlReTz_QRs_0
2614	WHKWGAr2U1o	0	neutral	9351	WHKWGAr2U1o_7
9031	WLF2pSJ015E	5	sadness	25653	WLF2pSJ015E_1
4098	TKAJh_hlqow	0	neutral	6933	TKAJh_hlqow_1
7699	aGFysjQaoM4	1	happy	19070	aGFysjQaoM4_20
2541	nNKsj8rQGHc	1	happy	6267	nNKsj8rQGHc_0
8665	qhZFtomQaxw	0	neutral	23904	qhZFtomQaxw_44
8584	P_OT5s6CEjU	1	happy	23433	P_OT5s6CEjU_77
6453	fLWjUBClszw	5	sadness	13899	fLWjUBClszw_2
5033	8ITOvb7Des0	0	neutral	15009	8ITOvb7Des0_8
2052	7rGY9Tw2hSw	1	happy	16640	7rGY9Tw2hSw_5
1914	JFo6iLDNzX0	0	neutral	16303	JFo6iLDNzX0_3
11244	gArITRvJEf4_0	0	neutral	28889	gArITRvJEf4_0_7
2349	SRZIdnkNVCY	0	neutral	3787	SRZIdnkNVCY_6
1037	YgJ5ZEn67tk	0	neutral	13196	YgJ5ZEn67tk_0
948	-zxyN9-P9_c	5	sadness	15060	-zxyN9-P9_c_4
4932	xLWPvOMugpE	1	happy	8639	xLWPvOMugpE_1
1535	M1hXX6aq1wA	1	happy	11879	M1hXX6aq1wA_1
10694	yW4yiP4al4c_36	0	neutral	28334	yW4yiP4al4c_36_0
15634	Cj8C0LfEGDY_14	0	neutral	33350	Cj8C0LfEGDY_14_0
3191	Q_GqOe9HFRY	1	happy	5040	Q_GqOe9HFRY_1
3850	NiVB-n5b0hE	2	fear	15499	NiVB-n5b0hE_1
8117	H_c_crxV9O8	0	neutral	20966	H_c_crxV9O8_4
1531	baNc64S4DHY	0	neutral	9579	baNc64S4DHY_11
4955	jffVm6tNBDg	0	neutral	13734	jffVm6tNBDg_0
11907	CJNiYe_nDng_0	0	neutral	29567	CJNiYe_nDng_0_0
1740	hZvud4MnaQ0	0	neutral	2929	hZvud4MnaQ0_0
1593	EvpwbdkhdnA	0	neutral	13744	EvpwbdkhdnA_0
896	6JBtoqFw_4k	0	neutral	1662	6JBtoqFw_4k_1
7129	s_cz5JFWpzE	0	neutral	16511	s_cz5JFWpzE_1
10861	AfQOh7h43Yg_3	0	neutral	28503	AfQOh7h43Yg_3_0
9588	6GwBz_FHhv8_3	0	neutral	27212	6GwBz_FHhv8_3_0
8311	KJzkyWDUsys	4	anger	22152	KJzkyWDUsys_4
3497	a8mImo0aNDo	0	neutral	5687	a8mImo0aNDo_0
2720	63nDBr_Qavw	0	neutral	9509	63nDBr_Qavw_2
7269	lyiwkCNEWGc	0	neutral	17011	lyiwkCNEWGc_0
9199	zfrVau8cYD0	0	neutral	26513	zfrVau8cYD0_8
9937	N4XB-3O7UTk_0	0	neutral	27566	N4XB-3O7UTk_0_0
3287	jBotZTDEcP8	1	happy	5221	jBotZTDEcP8_1
3142	f8-6UgJ6dSo	1	happy	16162	f8-6UgJ6dSo_1
9816	keCFPCJswuk_2	0	neutral	27444	keCFPCJswuk_2_0
542	MsKaN_QrVT8	0	neutral	14636	MsKaN_QrVT8_0
4623	t5GdZx7AS-E	0	neutral	8013	t5GdZx7AS-E_0
9117	xuphB-zbmPk	0	neutral	26058	xuphB-zbmPk_2
1285	SJdUJZ7odoU	0	neutral	2231	SJdUJZ7odoU_0
10981	SwI6VA9lMHM_4	0	neutral	28624	SwI6VA9lMHM_4_0
9210	zogIrkxnsfw	0	neutral	26547	zogIrkxnsfw_2
13758	ZcDVcI6X60M_3	0	neutral	31447	ZcDVcI6X60M_3_0
10260	zeo9M6FUWzs_10	0	neutral	27892	zeo9M6FUWzs_10_0
8478	Na0L0hqXvBg	3	surprise	22872	Na0L0hqXvBg_1
4212	kU74wgKk8lo	5	sadness	14321	kU74wgKk8lo_1
8933	Uu3xazfdmvk	0	neutral	25196	Uu3xazfdmvk_24
4889	0zs9AxWkHeo	0	neutral	13624	0zs9AxWkHeo_2
2227	JduADWt0XMI	0	neutral	16186	JduADWt0XMI_6
12129	4TeW7t3qK8Y_0	0	neutral	29796	4TeW7t3qK8Y_0_0
4054	kD0zHgK3BJ8	1	happy	6835	kD0zHgK3BJ8_0
1979	6wC2DqFJ7UE	1	happy	5780	6wC2DqFJ7UE_10
603	f5Vbh8m5Arc	0	neutral	1243	f5Vbh8m5Arc_0
2543	oZGj2NUb1nY	0	neutral	9253	oZGj2NUb1nY_2
13270	dHfQYGGUS4U_25	0	neutral	30951	dHfQYGGUS4U_25_0
9182	Z6RLr6cDKNg	0	neutral	26446	Z6RLr6cDKNg_39
5691	Ro_k0jgMvKU	0	neutral	10992	Ro_k0jgMvKU_0
5957	rXpCjDg0RT0	0	neutral	12079	rXpCjDg0RT0_0
2458	cpjjIzcl5ag	0	neutral	11052	cpjjIzcl5ag_2
1817	Ky7rHZmk9Yw	4	anger	3028	Ky7rHZmk9Yw_1
7400	1ogE4Gw9akc	4	anger	17639	1ogE4Gw9akc_1
7879	dlogul7XwZg	0	neutral	19883	dlogul7XwZg_9
9285	Tn0Ge0GIoGA	1	happy	26847	Tn0Ge0GIoGA_12
6378	vUrgn1Vm86I	0	neutral	13625	vUrgn1Vm86I_1
856	Ux6L0eRqDGY	0	neutral	1616	Ux6L0eRqDGY_1
9082	xGoRE2NsRGI	0	neutral	25904	xGoRE2NsRGI_0
13386	gXkc_vZJt6Y_9	0	neutral	31068	gXkc_vZJt6Y_9_0
6462	XBz2wuGU9Cs	0	neutral	13963	XBz2wuGU9Cs_0
8659	QgedeMGTh5E	0	neutral	23839	QgedeMGTh5E_3
3305	xxFrsd1Prh4	0	neutral	5286	xxFrsd1Prh4_0
4584	1AhrD2-cvrw	1	happy	14907	1AhrD2-cvrw_1
2207	gX57uKMrxp4	0	neutral	3589	gX57uKMrxp4_4
10319	fYmyJUUvD48_75	0	neutral	27951	fYmyJUUvD48_75_0
5990	LveQLUDjnaw	0	neutral	12187	LveQLUDjnaw_0
7287	nBRTe09eseE	2	fear	17134	nBRTe09eseE_1
1157	4YFz0PJernc	0	neutral	13373	4YFz0PJernc_4
13611	sV5iTkONx-M_0	0	neutral	31297	sV5iTkONx-M_0_0
15314	3c8FKWgP9uo_57	0	neutral	33022	3c8FKWgP9uo_57_0
6489	pIeC0T74toc	0	neutral	14041	pIeC0T74toc_0
3461	0-HM2VCdrC0	5	sadness	16808	0-HM2VCdrC0_1
7653	61wMhP2tgis	0	neutral	18821	61wMhP2tgis_19
9029	wKgweKK_f-w	0	neutral	25649	wKgweKK_f-w_1
8138	hEpYavRa8j4	1	happy	21063	hEpYavRa8j4_1
5769	o3vv1SPEv1c	1	happy	11288	o3vv1SPEv1c_0
8288	kauo3Hj1lt4	0	neutral	22033	kauo3Hj1lt4_11
7951	eKe3zZy2gCc	0	neutral	20200	eKe3zZy2gCc_5
7340	_rBUv7eMTjw	0	neutral	17386	_rBUv7eMTjw_2
13018	iJdBfG5Qe5w_209	0	neutral	30698	iJdBfG5Qe5w_209_0
10626	QMpkFde3euA_8	0	neutral	28264	QMpkFde3euA_8_0
3262	wTk1noW_8Lo	0	neutral	5172	wTk1noW_8Lo_0
4838	E7i4pNsqnls	0	neutral	8447	E7i4pNsqnls_0
8503	NM9f_mwaxsk	1	happy	22974	NM9f_mwaxsk_4
12224	oVAxy9mK7oY_27	0	neutral	29892	oVAxy9mK7oY_27_0
11819	N2jZryt607U_7	0	neutral	29479	N2jZryt607U_7_0
3442	EAHtuvutLE8	4	anger	5553	EAHtuvutLE8_0
8480	naENh3lLoDg	0	neutral	22878	naENh3lLoDg_4
9653	dE3uFDCrTpA_0	0	neutral	27277	dE3uFDCrTpA_0_0
7587	8qqtC1KxSSo	1	happy	18518	8qqtC1KxSSo_1
1391	d35M7d-E_PY	1	happy	2383	d35M7d-E_PY_3
1381	xbhm9F1ST6I	1	happy	11660	xbhm9F1ST6I_0
1169	k5bN73OnGmo	4	anger	11238	k5bN73OnGmo_1
8114	GZwDlcRsxWw	0	neutral	20940	GZwDlcRsxWw_4
697	_GAA_LvDQMQ	5	sadness	1377	_GAA_LvDQMQ_0
8067	GB64qyOkDj0	0	neutral	20718	GB64qyOkDj0_4
8434	mlYrVVYKvw4	0	neutral	22657	mlYrVVYKvw4_0
8478	Na0L0hqXvBg	3	surprise	22874	Na0L0hqXvBg_5
3050	eyU2eXUBNpE	0	neutral	4831	eyU2eXUBNpE_2
797	Mfcqb8DD400	0	neutral	12705	Mfcqb8DD400_2
10127	k2rpBhMY0ys_49	0	neutral	27758	k2rpBhMY0ys_49_0
4476	-7mzQx0ebqk	0	neutral	7682	-7mzQx0ebqk_3
7900	DV_RG-p0dH0	0	neutral	19967	DV_RG-p0dH0_3
4854	mz6dgt11n-E	0	neutral	13664	mz6dgt11n-E_2
7857	D61fBUmKb6A	0	neutral	19759	D61fBUmKb6A_1
11934	sc4VBDPELw0_124	0	neutral	29594	sc4VBDPELw0_124_0
7453	3NYH-zyIfZY	0	neutral	17934	3NYH-zyIfZY_0
6739	ZdkOLsRkjBU	0	neutral	15057	ZdkOLsRkjBU_0
3418	dwh6SShhnVI	7	contempt	5503	dwh6SShhnVI_0
684	0BM-Q3BDrkw	5	sadness	1385	0BM-Q3BDrkw_0
9268	L6nbABsfKrM	0	neutral	26784	L6nbABsfKrM_4
9021	WGvhuhHYhiA	0	neutral	25615	WGvhuhHYhiA_8
562	ojTkavqLgvo	0	neutral	12481	ojTkavqLgvo_0
8519	n-VauKCseqU	0	neutral	23068	n-VauKCseqU_23
5362	ytxEldPKnyA	5	sadness	9790	ytxEldPKnyA_0
15920	zHLfQpIw1N8_2	1	happy	33638	zHLfQpIw1N8_2_0
2759	vJhO79OGi20	5	sadness	4405	vJhO79OGi20_1
11410	o9PcOMsLHl8_4	0	neutral	29063	o9PcOMsLHl8_4_0
1767	dKC2CPS9AFI	0	neutral	2960	dKC2CPS9AFI_2
11635	DgcsGZZzi-s_0	0	neutral	29293	DgcsGZZzi-s_0_0
8369	LjJ276Dh1jA	0	neutral	22396	LjJ276Dh1jA_14
7577	8ikfYPpy0Xc	0	neutral	18500	8ikfYPpy0Xc_1
801	nBYh_IDoAfg	1	happy	1530	nBYh_IDoAfg_1
8934	UuWs4ibeXPM	3	surprise	25207	UuWs4ibeXPM_3
7936	edyTJ-YowS8	0	neutral	20149	edyTJ-YowS8_18
4355	DUXvIUHMGnU	0	neutral	7417	DUXvIUHMGnU_0
1612	5X_mnh-S0pU	0	neutral	2730	5X_mnh-S0pU_2
600	EjWWHD7bN3A	0	neutral	14579	EjWWHD7bN3A_6
14144	utvwMx8N_PM_132	0	neutral	31836	utvwMx8N_PM_132_0
7407	1vB_yscyAL0	0	neutral	17704	1vB_yscyAL0_6
8866	tPZ-zVT67gs	0	neutral	24883	tPZ-zVT67gs_3
8687	QS8bma7LRX4	0	neutral	24002	QS8bma7LRX4_3
7593	8w0b64kOPss	3	surprise	18567	8w0b64kOPss_0
12689	qAstKDhjUjs_10	0	neutral	30363	qAstKDhjUjs_10_0
4886	qTa5iKsbAno	0	neutral	8544	qTa5iKsbAno_0
8164	hSc6bDiEP40	0	neutral	21238	hSc6bDiEP40_49
8120	h1KKfAoVmi0	0	neutral	20978	h1KKfAoVmi0_11
9178	Z_9KUBCidow	5	sadness	26415	Z_9KUBCidow_4
6916	GZQMDeQs0-k	0	neutral	15746	GZQMDeQs0-k_1
70	ttNnaGxlBMo	1	happy	96	ttNnaGxlBMo_3
719	_Vyg1SVaZu4	0	neutral	14836	_Vyg1SVaZu4_4
8740	rMhrXo0MGnA	0	neutral	24240	rMhrXo0MGnA_1
335	gk289V0owbQ	0	neutral	821	gk289V0owbQ_0
1878	DKqFCG3UTEs	0	neutral	10406	DKqFCG3UTEs_1
4566	2wdQcUUgce0	0	neutral	7880	2wdQcUUgce0_1
4670	ibAU8weiUOI	0	neutral	8101	ibAU8weiUOI_0
1024	PlSt57BseA8	0	neutral	15040	PlSt57BseA8_1
8169	HUqaEI0dweE	1	happy	21310	HUqaEI0dweE_3
8908	ujyzlHDjNJk	0	neutral	25080	ujyzlHDjNJk_1
10192	UVcea-8-bhA_1	1	happy	27823	UVcea-8-bhA_1_0
3103	ch7finUy14c	0	neutral	4903	ch7finUy14c_0
1861	EK9aDAUBBhE	0	neutral	10387	EK9aDAUBBhE_0
11231	uF8b38u7-bc_2	0	neutral	28875	uF8b38u7-bc_2_0
9975	XaO-4Cg1Blw_4	0	neutral	27604	XaO-4Cg1Blw_4_0
985	kQI3S3inEXg	4	anger	1788	kQI3S3inEXg_1
7757	Bj1CoCTlz2E	0	neutral	19301	Bj1CoCTlz2E_11
6836	1kxUOnNuteY	0	neutral	15393	1kxUOnNuteY_1
8761	rYshN8mP-Gw	0	neutral	24350	rYshN8mP-Gw_0
14834	h1CfkByTXpk_4	0	neutral	32531	h1CfkByTXpk_4_0
15781	UI7glJVBArs_13	0	neutral	33499	UI7glJVBArs_13_0
15477	PNh2TLvZLmQ_4	0	neutral	33192	PNh2TLvZLmQ_4_1
1582	DC_6r5VR5_U	0	neutral	11836	DC_6r5VR5_U_3
15180	LPQlOOPThRI_20	0	neutral	32882	LPQlOOPThRI_20_0
2047	HUPoWdZ1ZdQ	5	sadness	10610	HUPoWdZ1ZdQ_1
8551	oj-AMrUyoLQ	1	happy	23251	oj-AMrUyoLQ_10
487	u0feIKGCriA	5	sadness	8592	u0feIKGCriA_8
820	Kc2EYuV33Ns	0	neutral	1555	Kc2EYuV33Ns_1
6634	duJbr9rkuRM	0	neutral	14630	duJbr9rkuRM_0
115	Ofkb_7EnunM	0	neutral	273	Ofkb_7EnunM_12
8082	GjGVLuE8sqo	1	happy	20784	GjGVLuE8sqo_9
7369	0walN_-rz74	1	happy	17541	0walN_-rz74_2
10068	wCffWzxktHM_10	0	neutral	27698	wCffWzxktHM_10_0
11354	0n9yKafeIz0_17	0	neutral	29000	0n9yKafeIz0_17_0
8519	n-VauKCseqU	0	neutral	23069	n-VauKCseqU_24
7774	Bugvvltauqo	1	happy	19388	Bugvvltauqo_13
4144	WIpNmsO3NEc	5	sadness	7030	WIpNmsO3NEc_1
8207	Il72uEjs4o0	0	neutral	21506	Il72uEjs4o0_4
2389	hucX9s0XKdI	0	neutral	5836	hucX9s0XKdI_3
5254	npaLKZ0Egus	4	anger	9384	npaLKZ0Egus_0
14108	K2t-BHNY-NY_146	0	neutral	31800	K2t-BHNY-NY_146_0
8030	FnDrHHXcyoc	1	happy	20561	FnDrHHXcyoc_11
8624	PV6ikLvh_ZI	0	neutral	23608	PV6ikLvh_ZI_2
8383	Lqg5fiwIQso	0	neutral	22470	Lqg5fiwIQso_15
6822	6Go3Xv7_3v4	4	anger	15341	6Go3Xv7_3v4_1
7427	2UUR2665lbY	0	neutral	17791	2UUR2665lbY_11
4377	oG-MKxVWwi4	4	anger	12492	oG-MKxVWwi4_5
683	rCEbhr55ISU	0	neutral	7439	rCEbhr55ISU_6
2429	QnMDpNk1DFY	0	neutral	3899	QnMDpNk1DFY_0
6337	sQPrjgzEcAc	5	sadness	13479	sQPrjgzEcAc_0
15482	_UAwJoG9uhA_1	0	neutral	33197	_UAwJoG9uhA_1_0
1277	-b-EFcA7ing	0	neutral	8499	-b-EFcA7ing_4
4357	QiCNpDYavbg	0	neutral	14474	QiCNpDYavbg_0
8358	Lahi0kn4Ggk	0	neutral	22315	Lahi0kn4Ggk_10
13465	qZ3GXUmAy9E_2	0	neutral	31147	qZ3GXUmAy9E_2_0
2108	v3E4s7VN4xE	5	sadness	3445	v3E4s7VN4xE_2
208	FzNZS7-Hsdc	0	neutral	377	FzNZS7-Hsdc_0
8259	jOVq_UL48o0	0	neutral	21862	jOVq_UL48o0_8
4942	pKE-a4I_6AM	1	happy	8653	pKE-a4I_6AM_0
7982	F_z8rUp4pS8	0	neutral	20375	F_z8rUp4pS8_0
4539	MYErK-XLJv0	0	neutral	14811	MYErK-XLJv0_1
8447	m-pJltN8Tbc	0	neutral	22728	m-pJltN8Tbc_0
4751	O31rBYqYkuQ	1	happy	13405	O31rBYqYkuQ_0
2401	2K7LdYM8Yag	0	neutral	17097	2K7LdYM8Yag_1
3806	QqQYNj15OfI	0	neutral	15411	QqQYNj15OfI_0
11518	fMBhj5WGeaI_0	0	neutral	29173	fMBhj5WGeaI_0_0
2659	86Vd7XFiYZA	0	neutral	9284	86Vd7XFiYZA_2
1900	DTexn9N2HMI	5	sadness	10311	DTexn9N2HMI_1
8135	HdKurllnRfE	5	sadness	21053	HdKurllnRfE_7
12290	gnJhtqaxAek_93	0	neutral	29959	gnJhtqaxAek_93_0
3220	EsTniU7j_yw	0	neutral	5121	EsTniU7j_yw_0
8674	qoK34Nk4VMs	0	neutral	23946	qoK34Nk4VMs_7
793	U45CzgrLE9s	0	neutral	1513	U45CzgrLE9s_3
1188	s43ARFFNrz0	5	sadness	11376	s43ARFFNrz0_2
2050	DECt9uTxaLE	1	happy	3378	DECt9uTxaLE_3
10873	3gmR7YCe53k_11	0	neutral	28515	3gmR7YCe53k_11_0
8818	szLaH3oCQ2c	0	neutral	24606	szLaH3oCQ2c_20
11204	xfwEvHL8FlQ_5	0	neutral	28848	xfwEvHL8FlQ_5_0
4717	hQUBid6LIPU	0	neutral	13243	hQUBid6LIPU_1
10809	-bbrONQ5QPM_61	0	neutral	28451	-bbrONQ5QPM_61_0
5600	cbn7rFwNIWs	1	happy	10608	cbn7rFwNIWs_0
10857	SLilrhl6190_2	0	neutral	28499	SLilrhl6190_2_0
13480	cMayukWIi-A_27	0	neutral	31163	cMayukWIi-A_27_0
8768	s6GMbnXr-Rw	0	neutral	24375	s6GMbnXr-Rw_0
7684	a7FJwLFxVk4	4	anger	18960	a7FJwLFxVk4_8
6080	0ONU_H0EjIg	5	sadness	12480	0ONU_H0EjIg_1
3888	czJL-TPz-5M	1	happy	6492	czJL-TPz-5M_0
8390	LT9vKS-myFY	0	neutral	22501	LT9vKS-myFY_6
13572	Nx9JSRupxyU_0	0	neutral	31256	Nx9JSRupxyU_0_0
4377	oG-MKxVWwi4	0	neutral	12506	oG-MKxVWwi4_4
2933	KyR7XB0VBPM	0	neutral	4679	KyR7XB0VBPM_1
1294	XvOKgNVwLes	0	neutral	13706	XvOKgNVwLes_0
7019	UB8wk3MOgVU	2	fear	16110	UB8wk3MOgVU_0
1447	AebCDidbqI8	2	fear	2492	AebCDidbqI8_2
7407	1vB_yscyAL0	0	neutral	17703	1vB_yscyAL0_5
8635	Q_Bs_mnVqrA	1	happy	23658	Q_Bs_mnVqrA_0
1005	hAQ2xTr4U64	0	neutral	1815	hAQ2xTr4U64_2
347	pwt49IF0uG0	0	neutral	866	pwt49IF0uG0_0
3286	y7T5Ea-WGII	0	neutral	5218	y7T5Ea-WGII_0
16088	jfohQVAiaP0_0	0	neutral	33808	jfohQVAiaP0_0_0
2266	PB040Bu_hOw	0	neutral	10827	PB040Bu_hOw_1
8243	jfg48xXOUKA	0	neutral	21779	jfg48xXOUKA_4
9550	_kNZGFX4Vhk_107	0	neutral	27174	_kNZGFX4Vhk_107_0
8908	ujyzlHDjNJk	0	neutral	25079	ujyzlHDjNJk_0
5522	BKgd8Q3X0AA	7	contempt	10368	BKgd8Q3X0AA_0
8337	kwDvoO6J9nk	0	neutral	22251	kwDvoO6J9nk_2
2362	cXfD-Ai_QuA	4	anger	10951	cXfD-Ai_QuA_1
7624	9nq78d6CRTE	0	neutral	18665	9nq78d6CRTE_8
5908	QvdszN3x7M4	5	sadness	11829	QvdszN3x7M4_0
126	s51lpQGl4Q8	0	neutral	200	s51lpQGl4Q8_0
8457	mwC1Bi9h7z4	0	neutral	22770	mwC1Bi9h7z4_8
137	ef7rQniaz5c	0	neutral	216	ef7rQniaz5c_4
9150	yLElO7gxXPo	0	neutral	26280	yLElO7gxXPo_33
8060	g7v3RYMq-6s	1	happy	20680	g7v3RYMq-6s_5
1487	NS4BQUAbwX0	1	happy	2554	NS4BQUAbwX0_5
3961	dZmGh0bXqqw	4	anger	15770	dZmGh0bXqqw_3
8308	kjI-JaRWG7s	0	neutral	22144	kjI-JaRWG7s_2
2401	2K7LdYM8Yag	1	happy	17121	2K7LdYM8Yag_0
1764	TqNaJxRC9NM	1	happy	2958	TqNaJxRC9NM_3
8667	Qj6KVTZtumo	0	neutral	23918	Qj6KVTZtumo_0
1230	mmUoi_ChMAU	5	sadness	11305	mmUoi_ChMAU_1
3505	QPDuZ_Wq7ZA	5	sadness	16775	QPDuZ_Wq7ZA_2
3620	OByY45anMr4	0	neutral	5929	OByY45anMr4_3
2143	V7gceiThJ6U	0	neutral	5715	V7gceiThJ6U_1
14473	FlWXvHkT0y4_18	0	neutral	32167	FlWXvHkT0y4_18_0
11764	6Zu7wU5oZq4_1	0	neutral	29424	6Zu7wU5oZq4_1_0
665	xu_UgfGriXA	4	anger	11990	xu_UgfGriXA_8
8665	qhZFtomQaxw	0	neutral	23881	qhZFtomQaxw_13
13326	X68kVUgt84k_4	0	neutral	31008	X68kVUgt84k_4_0
9759	g0BxpvQqIsw_6	1	happy	27387	g0BxpvQqIsw_6_0
11615	AZEZFrX6eqg_12	0	neutral	29273	AZEZFrX6eqg_12_0
2635	d_A4tfEukp4	5	sadness	9375	d_A4tfEukp4_3
8864	tPjpEVE0whg	0	neutral	24869	tPjpEVE0whg_10
3183	hLbozjgBIE0	5	sadness	16036	hLbozjgBIE0_2
14827	-D2-7qwatjw_0	0	neutral	32524	-D2-7qwatjw_0_1
397	pSEgCOf_lc4	5	sadness	12266	pSEgCOf_lc4_0
9083	XhLcwUvUngM	0	neutral	25918	XhLcwUvUngM_13
925	8FBwAl7mDog	0	neutral	8030	8FBwAl7mDog_4
8243	jfg48xXOUKA	1	happy	21775	jfg48xXOUKA_0
8561	orrzs7geXU8	0	neutral	23302	orrzs7geXU8_20
831	bHW5h5O-e5I	0	neutral	7606	bHW5h5O-e5I_3
2628	IwrE62wZwHE	0	neutral	6149	IwrE62wZwHE_1
2683	ovxjAnlr7qg	0	neutral	4305	ovxjAnlr7qg_1
11017	bLzhxM3XkCM_0	1	happy	28660	bLzhxM3XkCM_0_1
8249	JizW-FAjM7I	5	sadness	21801	JizW-FAjM7I_6
5458	Gr-s1mxnwM0	0	neutral	10153	Gr-s1mxnwM0_0
3164	s_SM1Hly-uw	5	sadness	10127	s_SM1Hly-uw_1
527	IvgFrEk1JqA	0	neutral	7220	IvgFrEk1JqA_5
1870	PkUS3Y9bR9s	2	fear	3106	PkUS3Y9bR9s_3
1140	2lAaQ_rveJw	0	neutral	8292	2lAaQ_rveJw_3
1597	5uEViMQGON4	0	neutral	11818	5uEViMQGON4_0
1809	yk0gYKsvTuM	0	neutral	10168	yk0gYKsvTuM_2
166	Wb84rw2JBX8	0	neutral	408	Wb84rw2JBX8_3
4507	REXJhZBFD1w	1	happy	7745	REXJhZBFD1w_0
2355	VF_-AB2-Ux4	0	neutral	10927	VF_-AB2-Ux4_0
8755	rTso6VBF4Hc	0	neutral	24307	rTso6VBF4Hc_9
5987	IsZdfna1LKA	5	sadness	12154	IsZdfna1LKA_0
3492	HhiXFJtwszw	0	neutral	5657	HhiXFJtwszw_0
8238	JckdztKAdlg	0	neutral	21690	JckdztKAdlg_1
1084	VW_Bmy2Cm2c	5	sadness	1930	VW_Bmy2Cm2c_5
7550	7LjdmguOFbU	0	neutral	18379	7LjdmguOFbU_2
8478	Na0L0hqXvBg	5	sadness	22875	Na0L0hqXvBg_6
15664	ELFwh3Z4ReY_5	0	neutral	33380	ELFwh3Z4ReY_5_0
2686	5sa5fdcafzk	0	neutral	9303	5sa5fdcafzk_0
1091	j_sD0t5L8kE	4	anger	7978	j_sD0t5L8kE_7
3848	VmZ1ni2IDdo	0	neutral	6422	VmZ1ni2IDdo_0
4152	Kw8jKvJEVTk	0	neutral	7049	Kw8jKvJEVTk_0
8208	iMDSaIEPlnA	0	neutral	21537	iMDSaIEPlnA_20
2746	VlSV28X3yMk	0	neutral	4384	VlSV28X3yMk_4
2972	_sPYDzoLA_c	0	neutral	6650	_sPYDzoLA_c_0
431	fFE8_U07a5I	1	happy	7324	fFE8_U07a5I_4
2919	st8QRZbJdPY	7	contempt	9660	st8QRZbJdPY_5
2478	D2XKjKc8DKg	0	neutral	5986	D2XKjKc8DKg_2
8940	UXJPyz8f2Z0	1	happy	25217	UXJPyz8f2Z0_5
4871	XIUIPh9N3Ks	1	happy	13707	XIUIPh9N3Ks_1
3076	xdnibOE5L40	0	neutral	4890	xdnibOE5L40_5
1102	GrjEDguF59Q	0	neutral	1959	GrjEDguF59Q_2
606	Fnz6gKmp60k	5	sadness	1255	Fnz6gKmp60k_1
7632	9ykGa01BQ1E	0	neutral	18707	9ykGa01BQ1E_3
7559	7WLQv-TqEpM	0	neutral	18444	7WLQv-TqEpM_4
8892	u8PxG5zvgOM	0	neutral	24994	u8PxG5zvgOM_5
12621	rNvMjYI0q0Y_30	0	neutral	30294	rNvMjYI0q0Y_30_0
15398	F3CEf3iKLl8_37	0	neutral	33109	F3CEf3iKLl8_37_2
1199	k7ISXq1EE-g	0	neutral	13356	k7ISXq1EE-g_31
3569	XtduKM28ohU	2	fear	5814	XtduKM28ohU_2
4836	KQa_SiTfU34	5	sadness	8442	KQa_SiTfU34_2
5851	_EpizUY_las	5	sadness	11621	_EpizUY_las_1
14597	lSwKN4wD6jE_1	0	neutral	32292	lSwKN4wD6jE_1_0
9241	4bhjcmEcV74	0	neutral	26702	4bhjcmEcV74_7
2682	kLlmYGiQAKI	4	anger	4304	kLlmYGiQAKI_1
13305	stbTB3pamtY_0	0	neutral	30986	stbTB3pamtY_0_0
4545	zUL_yawY6Ks	0	neutral	14979	zUL_yawY6Ks_0
5864	rFbe4I4SXGg	1	happy	11681	rFbe4I4SXGg_0
8386	Lrpy2CCnJR0	0	neutral	22478	Lrpy2CCnJR0_6
688	GI8Vrbnwre4	0	neutral	12622	GI8Vrbnwre4_0
2375	l17e0M4TTBA	5	sadness	3835	l17e0M4TTBA_2
8820	t5rqGq53htA	0	neutral	24644	t5rqGq53htA_35
2058	0TvKsVxgbF4	0	neutral	5345	0TvKsVxgbF4_4
5686	NVXDwL6XG_c	2	fear	10958	NVXDwL6XG_c_0
11347	u3bJs3Y13Yw_1	0	neutral	28993	u3bJs3Y13Yw_1_0
12598	v7DXU8LVfnU_5	1	happy	30271	v7DXU8LVfnU_5_0
7465	3Wvt9xw-kPc	0	neutral	17990	3Wvt9xw-kPc_3
8062	G8EmmhP4Cyk	1	happy	20693	G8EmmhP4Cyk_7
11267	tQx4whlgYR4_0	1	happy	28912	tQx4whlgYR4_0_2
2514	RDnvXAkMnx8	4	anger	6246	RDnvXAkMnx8_2
9011	w81g199L8YA	0	neutral	25577	w81g199L8YA_8
3324	60zP_95XKws	0	neutral	5304	60zP_95XKws_0
6995	pospJNRo8jc	1	happy	16004	pospJNRo8jc_0
5141	NwmwN5Ape5c	0	neutral	9042	NwmwN5Ape5c_0
7797	cCIomJgGXO8	1	happy	19478	cCIomJgGXO8_0
5105	AAByjopE2GE	0	neutral	8970	AAByjopE2GE_0
16023	FbumMhxck88_79	0	neutral	33742	FbumMhxck88_79_0
10483	U0F2WK0J40g_9	0	neutral	28119	U0F2WK0J40g_9_0
4476	-7mzQx0ebqk	0	neutral	14695	-7mzQx0ebqk_0
14835	h1CfkByTXpk_9	0	neutral	32532	h1CfkByTXpk_9_0
11693	UOug4PfN9XA_12	5	sadness	29353	UOug4PfN9XA_12_1
11981	KBxkcfSZclI_0	0	neutral	29642	KBxkcfSZclI_0_2
15381	Bju7yxstSm8_27	0	neutral	33092	Bju7yxstSm8_27_1
1199	k7ISXq1EE-g	4	anger	7558	k7ISXq1EE-g_38
4533	qufXVnpHrb8	0	neutral	7801	qufXVnpHrb8_0
11706	YzMlcXJKH-g_5	0	neutral	29366	YzMlcXJKH-g_5_1
6527	4zC3UuGxitU	0	neutral	14200	4zC3UuGxitU_0
2044	UdZi8K3PLs0	4	anger	3353	UdZi8K3PLs0_1
2035	5UjmbtIRvLY	4	anger	10632	5UjmbtIRvLY_0
9241	4bhjcmEcV74	0	neutral	26700	4bhjcmEcV74_3
1623	6BuYwx8Xrfo	1	happy	2746	6BuYwx8Xrfo_0
8832	T17zHE5SHcc	0	neutral	24689	T17zHE5SHcc_10
8232	J6KG4Tre8Yg	0	neutral	21661	J6KG4Tre8Yg_4
4227	UWiNNzTcubk	0	neutral	7191	UWiNNzTcubk_0
13191	Fcrd5iSaxm0_76	0	neutral	30872	Fcrd5iSaxm0_76_0
7027	8EUTXbhTFg8	0	neutral	16146	8EUTXbhTFg8_0
1872	2GLDqvA6tKI	0	neutral	3108	2GLDqvA6tKI_0
5929	PE-3JxqiV7M	0	neutral	11940	PE-3JxqiV7M_0
9286	tn2W744pxXI	4	anger	26849	tn2W744pxXI_1
1753	NiSWmsy4bGk	0	neutral	2950	NiSWmsy4bGk_2
2247	Tn44a8_14LU	0	neutral	3662	Tn44a8_14LU_1
4676	YV-vi9NuyTw	0	neutral	15107	YV-vi9NuyTw_0
8442	mOBwsP7TMyM	0	neutral	22705	mOBwsP7TMyM_31
4378	5pLpIsdg50c	0	neutral	14627	5pLpIsdg50c_0
84	N8pmtAfSroc	0	neutral	119	N8pmtAfSroc_10
4523	f8dkNziRlHg	0	neutral	7800	f8dkNziRlHg_0
3406	vFXlFntgT1k	0	neutral	16723	vFXlFntgT1k_1
15032	OVcJ7bEU1u8_12	0	neutral	32731	OVcJ7bEU1u8_12_0
885	HZac3cOgpL4	0	neutral	12826	HZac3cOgpL4_1
9213	ZpzeOhRIhi0	1	happy	26573	ZpzeOhRIhi0_17
2751	B_HMzGLSnWc	5	sadness	4410	B_HMzGLSnWc_0
7406	1uIBRC3xMEM	0	neutral	17660	1uIBRC3xMEM_2
8573	oWcrHykKKV0	0	neutral	23342	oWcrHykKKV0_7
9825	TJHjUxglxX4_1	0	neutral	27453	TJHjUxglxX4_1_0
303	FuUB_FPa0h0	0	neutral	844	FuUB_FPa0h0_8
3343	y2_oXPF2b3Y	4	anger	5373	y2_oXPF2b3Y_2
6647	-rmALJkEprY	0	neutral	14675	-rmALJkEprY_0
13341	VwGFZmlOzhw_43	0	neutral	31023	VwGFZmlOzhw_43_0
4315	LeA8ojVy8Fc	0	neutral	7339	LeA8ojVy8Fc_1
5609	KKD0B8uROMI	1	happy	10641	KKD0B8uROMI_1
2862	eWP8JMcy3O0	1	happy	4556	eWP8JMcy3O0_0
7934	EDEeyk50nDQ	1	happy	20138	EDEeyk50nDQ_37
1020	A29SJ8xHk6w	1	happy	15058	A29SJ8xHk6w_4
7646	33IxyDQ2_5Q	1	happy	18779	33IxyDQ2_5Q_0
6345	Budwd_uAnsk	0	neutral	13488	Budwd_uAnsk_0
5523	Hgee-O7ZAnY	4	anger	10369	Hgee-O7ZAnY_0
1817	Ky7rHZmk9Yw	0	neutral	3049	Ky7rHZmk9Yw_0
8387	lSCTGJbObOg	0	neutral	22492	lSCTGJbObOg_1
8909	UKdwmsql3fk	1	happy	25084	UKdwmsql3fk_10
15141	F8Nbg8lrnFs_11	0	neutral	32843	F8Nbg8lrnFs_11_0
2606	0lfdsM3s-eI	0	neutral	6119	0lfdsM3s-eI_3
14467	s87EyUGuZWc_1	4	anger	32161	s87EyUGuZWc_1_0
12937	v7BTccBvHzc_58	0	neutral	30615	v7BTccBvHzc_58_0
8267	Jvlo9P0hEUY	1	happy	21898	Jvlo9P0hEUY_0
9115	Xtw4TNHkhCM	0	neutral	26046	Xtw4TNHkhCM_2
15133	dJJTYoecRBs_10	1	happy	32835	dJJTYoecRBs_10_0
9039	WQvT1_tQDhg	1	happy	25714	WQvT1_tQDhg_17
8498	nl6oRRoRscU	0	neutral	22955	nl6oRRoRscU_27
10474	h9CfS7XTfpw_16	0	neutral	28110	h9CfS7XTfpw_16_0
8051	fXoG9Gbe9uc	0	neutral	20649	fXoG9Gbe9uc_7
10821	_r7myb3nQcY_7	1	happy	28463	_r7myb3nQcY_7_1
950	UFU4qlPhESE	0	neutral	12951	UFU4qlPhESE_0
2258	4Ps1V3p3GdE	1	happy	3673	4Ps1V3p3GdE_2
8657	qfEkv726kdQ	3	surprise	23825	qfEkv726kdQ_75
4910	ZFrDw6oQai4	0	neutral	8589	ZFrDw6oQai4_3
11010	TrBmyLyJUmc_2	0	neutral	28653	TrBmyLyJUmc_2_0
1743	pkGcCXwhk94	1	happy	12051	pkGcCXwhk94_1
4819	IlBmpyhCgcU	0	neutral	13553	IlBmpyhCgcU_2
8859	tnxXQgmHwrk	1	happy	24838	tnxXQgmHwrk_3
8028	FMPBq5B8kyc	0	neutral	20550	FMPBq5B8kyc_21
1821	MVRR0XlqA4g	0	neutral	10180	MVRR0XlqA4g_0
1986	KprKHSAAn7U	0	neutral	10427	KprKHSAAn7U_2
8915	UoiQ3ZrTo7E	5	sadness	25110	UoiQ3ZrTo7E_1
182	SBq1FLgZJug	0	neutral	312	SBq1FLgZJug_2
5759	ODejZPHC9vU	0	neutral	11248	ODejZPHC9vU_0
9177	Yzs6p2VnzL0	0	neutral	26411	Yzs6p2VnzL0_13
57	S035inzk-uA	0	neutral	75	S035inzk-uA_9
10485	nqKE6yQ3i7E_1	1	happy	28121	nqKE6yQ3i7E_1_0
7866	dep6gDPSj3Y	0	neutral	19802	dep6gDPSj3Y_0
7452	3NUMcmRDlDU	1	happy	17933	3NUMcmRDlDU_20
6665	2BNVMvzHvT4	1	happy	14764	2BNVMvzHvT4_0
8330	KsB0EROUfCk	0	neutral	22226	KsB0EROUfCk_2
8781	ScO8_gSXqJQ	1	happy	24456	ScO8_gSXqJQ_55
163	OC82kTAQZew	0	neutral	266	OC82kTAQZew_0
4798	891-YR-fgsk	0	neutral	13549	891-YR-fgsk_0
8463	MzXkiK4ROhQ	0	neutral	22822	MzXkiK4ROhQ_15
7718	ARjeK8cu8JY	0	neutral	19143	ARjeK8cu8JY_3
591	CrYqMX-T7G8	0	neutral	7915	CrYqMX-T7G8_7
9101	xohimahgZNM	0	neutral	25984	xohimahgZNM_5
1276	13FtFKlC1vc	4	anger	13688	13FtFKlC1vc_3
8053	FzkIP328aEY	0	neutral	20663	FzkIP328aEY_25
12869	jeycN3BAkt8_42	0	neutral	30546	jeycN3BAkt8_42_12
7307	1FXO-XToURQ	5	sadness	17236	1FXO-XToURQ_0
9236	1EHo4n1ppTE	0	neutral	26687	1EHo4n1ppTE_0
8417	MdvvnhzfAhI	0	neutral	22609	MdvvnhzfAhI_15
15606	drhsMV2O1v4_3	0	neutral	33322	drhsMV2O1v4_3_0
11146	wHjZZa1c4kk_118	0	neutral	28789	wHjZZa1c4kk_118_0
8902	UEjGEXAndzY	0	neutral	25048	UEjGEXAndzY_15
8488	nFDgSPRFUw0	1	happy	22898	nFDgSPRFUw0_3
9313	hk9jXpszz0I_2	0	neutral	26936	hk9jXpszz0I_2_0
10707	CuX10DsDgpI_17	0	neutral	28347	CuX10DsDgpI_17_0
5042	IMuAOVTXtLM	1	happy	13874	IMuAOVTXtLM_0
8795	sJsDZZZJmMQ	0	neutral	24508	sJsDZZZJmMQ_0
5629	ALhR_LDm5Is	2	fear	10734	ALhR_LDm5Is_1
2378	BuMBRD4LmZc	0	neutral	6111	BuMBRD4LmZc_3
3783	gnWkYf8Peo8	5	sadness	6280	gnWkYf8Peo8_1
8295	kc7675SA-no	4	anger	22086	kc7675SA-no_3
4431	Ze_47KEeGk4	0	neutral	7578	Ze_47KEeGk4_1
8029	Fn40RI8ving	0	neutral	20553	Fn40RI8ving_1
7799	ccq61hdHjlA	0	neutral	19487	ccq61hdHjlA_15
8562	OS2h9MfSri8	1	happy	23311	OS2h9MfSri8_17
6402	7YZgcp8bp7s	0	neutral	13714	7YZgcp8bp7s_0
5020	RZ2z3ErqSPE	0	neutral	8805	RZ2z3ErqSPE_0
2930	QDroSLQiSRI	6	disgust	6826	QDroSLQiSRI_2
8657	qfEkv726kdQ	0	neutral	23808	qfEkv726kdQ_43
4702	w4v74X3EqfY	1	happy	8156	w4v74X3EqfY_0
9117	xuphB-zbmPk	0	neutral	26059	xuphB-zbmPk_3
3620	OByY45anMr4	0	neutral	17005	OByY45anMr4_0
8787	SHrMjoieDWI	0	neutral	24496	SHrMjoieDWI_8
10361	mEcXBjsIMUU_12	0	neutral	27996	mEcXBjsIMUU_12_0
4667	Q0yQbpoQ0hY	0	neutral	8096	Q0yQbpoQ0hY_0
7670	187iuYq5uZg	0	neutral	18915	187iuYq5uZg_4
9060	W-Z2Xp-eE5w	0	neutral	25807	W-Z2Xp-eE5w_0
1735	kP5GKIrGoeQ	5	sadness	8931	kP5GKIrGoeQ_1
6152	FDwpGLz3Mr8	0	neutral	12783	FDwpGLz3Mr8_0
4422	tI38i_LI0EE	4	anger	7567	tI38i_LI0EE_0
6947	JAACtzjy1VM	5	sadness	15891	JAACtzjy1VM_0
2273	FlxuBe2yMr8	1	happy	10823	FlxuBe2yMr8_3
8150	HK6TmhLEd2E	1	happy	21140	HK6TmhLEd2E_17
1342	574oBJ7SR_8	0	neutral	2310	574oBJ7SR_8_3
10201	cRq4p5AnW2k_12	0	neutral	27833	cRq4p5AnW2k_12_0
8547	OhaNsbMOHak	0	neutral	23231	OhaNsbMOHak_0
9047	WsynqBxaW2Y	0	neutral	25762	WsynqBxaW2Y_2
8977	vMJwHwQ1Egw	0	neutral	25399	vMJwHwQ1Egw_8
1276	13FtFKlC1vc	0	neutral	11511	13FtFKlC1vc_4
5506	UTl6H1cxqAM	0	neutral	10322	UTl6H1cxqAM_0
8854	TMNbQzUVAwc	1	happy	24808	TMNbQzUVAwc_2
6317	6NWmQTxuB0I	0	neutral	13396	6NWmQTxuB0I_1
665	xu_UgfGriXA	0	neutral	1599	xu_UgfGriXA_1
2971	Uovtut2ckMg	0	neutral	6646	Uovtut2ckMg_2
12560	SB3UhaXvax8_48	0	neutral	30232	SB3UhaXvax8_48_0
8683	QRQbXQFaBWQ	0	neutral	23980	QRQbXQFaBWQ_1
2063	c57I9OBBF5U	5	sadness	3382	c57I9OBBF5U_5
673	xgMGnhrKZQI	0	neutral	7665	xgMGnhrKZQI_16
622	BFs-a-hqs2I	0	neutral	1282	BFs-a-hqs2I_7
4803	088CLxgnr8w	0	neutral	8363	088CLxgnr8w_1
1523	0SDvqDdbhSc	0	neutral	8617	0SDvqDdbhSc_4
6050	oZ1Mz78d3wI	4	anger	12359	oZ1Mz78d3wI_1
4459	DJTF3NmqF7U	0	neutral	7651	DJTF3NmqF7U_1
1609	x0RScnK8dko	5	sadness	12009	x0RScnK8dko_7
3256	BdZN3EJVjo8	2	fear	16337	BdZN3EJVjo8_0
7648	39Br2A7lxac	0	neutral	18805	39Br2A7lxac_36
3150	rniLSc9XgNI	3	surprise	4985	rniLSc9XgNI_4
7699	aGFysjQaoM4	0	neutral	19066	aGFysjQaoM4_11
453	xGeYzlEV5KY	0	neutral	12389	xGeYzlEV5KY_0
7817	cmu1VzO5N9E	1	happy	19542	cmu1VzO5N9E_13
546	lMA48vIxajE	0	neutral	7478	lMA48vIxajE_5
282	NCs2AelYw_E	5	sadness	625	NCs2AelYw_E_0
9809	lC97aMbN-WY_47	0	neutral	27437	lC97aMbN-WY_47_0
2238	dshJG5PEOqY	0	neutral	5601	dshJG5PEOqY_3
7200	aDWFYnEVnxU	0	neutral	16758	aDWFYnEVnxU_0
1308	n_693JVwvgw	4	anger	2265	n_693JVwvgw_3
9081	xfB_G8DW2TU	1	happy	25899	xfB_G8DW2TU_23
7862	DBeYwUgN0Tk	0	neutral	19784	DBeYwUgN0Tk_4
14132	t9A84AzfroM_48	0	neutral	31824	t9A84AzfroM_48_1
13527	GkTPiB6PKAo_13	1	happy	31210	GkTPiB6PKAo_13_0
9062	X1DL53cVJd0	0	neutral	25814	X1DL53cVJd0_15
12079	-fjqWncvnMM_0	0	neutral	29744	-fjqWncvnMM_0_0
2689	mcwwjkGvBJ0	1	happy	4292	mcwwjkGvBJ0_0
11470	3Ok7I4CDs1Q_32	0	neutral	29123	3Ok7I4CDs1Q_32_0
3599	bvl-DxX9N8g	5	sadness	5883	bvl-DxX9N8g_1
7418	2Ke4u7vbLE0	3	surprise	17752	2Ke4u7vbLE0_4
8173	hXgLWvxgxqM	4	anger	21334	hXgLWvxgxqM_27
2644	bY9fCqu_QYw	0	neutral	4227	bY9fCqu_QYw_0
448	YiIl9Uc-UOQ	1	happy	12368	YiIl9Uc-UOQ_15
8798	SnBObwk5JF0	1	happy	24517	SnBObwk5JF0_23
2918	n-omBTsCIDE	0	neutral	15874	n-omBTsCIDE_4
13655	z7qKhRIGRSw_0	0	neutral	31342	z7qKhRIGRSw_0_1
9645	sb6b4r8no1w_0	1	happy	27269	sb6b4r8no1w_0_0
7759	Bl4_BbYMZEo	0	neutral	19313	Bl4_BbYMZEo_1
1504	ecmDPqCP8ms	1	happy	13875	ecmDPqCP8ms_6
3814	L0dWlIl6wpE	0	neutral	15573	L0dWlIl6wpE_0
7039	MGJlq-gjQj8	0	neutral	16185	MGJlq-gjQj8_1
624	6mooNp4aWBo	0	neutral	12456	6mooNp4aWBo_0
9806	9CU530gjqco_0	0	neutral	27434	9CU530gjqco_0_0
8907	UJRSyfeFswM	0	neutral	25073	UJRSyfeFswM_25
581	ZzBJxdyktNQ	0	neutral	1247	ZzBJxdyktNQ_0
3533	RgmQ25mfLFY	0	neutral	10788	RgmQ25mfLFY_4
8369	LjJ276Dh1jA	0	neutral	22405	LjJ276Dh1jA_32
7580	8NCe-ymYhbI	0	neutral	18505	8NCe-ymYhbI_3
8285	K8NpN7J-5qI	0	neutral	22019	K8NpN7J-5qI_1
2538	O8mpAb-770Q	0	neutral	4058	O8mpAb-770Q_0
7381	1adrUPgj7QQ	0	neutral	17595	1adrUPgj7QQ_3
7340	_rBUv7eMTjw	0	neutral	17388	_rBUv7eMTjw_7
12390	ti2Tlyca9wM_23	0	neutral	30061	ti2Tlyca9wM_23_1
587	70tY44WxygM	0	neutral	1240	70tY44WxygM_1
10829	PmizwoxHKgA_16	1	happy	28471	PmizwoxHKgA_16_0
2286	X-VYaCvJwxY	0	neutral	3703	X-VYaCvJwxY_0
9191	zApnmhaaBWc	0	neutral	26492	zApnmhaaBWc_1
2047	HUPoWdZ1ZdQ	0	neutral	3357	HUPoWdZ1ZdQ_3
15439	aeyH8MSTqb0_19	0	neutral	33153	aeyH8MSTqb0_19_1
1708	uRjbDsGz2tc	0	neutral	2874	uRjbDsGz2tc_1
8245	Jh1ZNwdufMs	0	neutral	21787	Jh1ZNwdufMs_5
8529	o6KYKKvs9C0	0	neutral	23146	o6KYKKvs9C0_2
9065	X8ocEVZB0TE	0	neutral	25827	X8ocEVZB0TE_4
7190	85KFI0tQM78	0	neutral	16721	85KFI0tQM78_0
14503	2IL1mLqvTmo_1	0	neutral	32197	2IL1mLqvTmo_1_0
7292	_XST7hft6k8	0	neutral	17161	_XST7hft6k8_0
8850	tjwPKnc124A	0	neutral	24783	tjwPKnc124A_7
3122	vUuAbRVVZwA	5	sadness	6857	vUuAbRVVZwA_0
12194	eall7oIUv8g_2	0	neutral	29862	eall7oIUv8g_2_0
12670	tfUBOqiiOSM_21	0	neutral	30344	tfUBOqiiOSM_21_0
1613	4gftIIxf7B4	2	fear	2731	4gftIIxf7B4_0
15084	ZgK-vaEGvK8_0	0	neutral	32785	ZgK-vaEGvK8_0_0
8166	h-sJl0yAAWw	0	neutral	21275	h-sJl0yAAWw_0
1284	xyh6G8sAoyg	0	neutral	6904	xyh6G8sAoyg_24
739	x4mgu7Q0rUA	1	happy	1456	x4mgu7Q0rUA_2
666	MGGGksL1ziM	0	neutral	1346	MGGGksL1ziM_1
673	xgMGnhrKZQI	0	neutral	1339	xgMGnhrKZQI_67
7556	7tiy3Q705w8	0	neutral	18410	7tiy3Q705w8_6
8014	f-FBzrONqVI	1	happy	20496	f-FBzrONqVI_1
7517	6C1stWCPRfY	1	happy	18220	6C1stWCPRfY_64
5063	v5llnbqhLZM	4	anger	8892	v5llnbqhLZM_0
109	uuTeJ6tbyB4	1	happy	873	uuTeJ6tbyB4_1
8885	u5Ks53-THVE	0	neutral	24943	u5Ks53-THVE_0
7915	E6CczquAGgY	0	neutral	20023	E6CczquAGgY_8
2274	BGmXnidRtoA	5	sadness	16751	BGmXnidRtoA_1
12051	OwOC5mJ8BSA_1	0	neutral	29716	OwOC5mJ8BSA_1_0
7098	Vy-simXeFBc	0	neutral	16359	Vy-simXeFBc_0
13561	T-9NO4pT1lw_17	0	neutral	31245	T-9NO4pT1lw_17_0
3002	nk11grUHoVU	0	neutral	4756	nk11grUHoVU_2
7406	1uIBRC3xMEM	0	neutral	17691	1uIBRC3xMEM_41
7123	mFA9-zsFtt8	1	happy	16481	mFA9-zsFtt8_1
429	oH-kAHKtbTE	5	sadness	7325	oH-kAHKtbTE_2
8573	oWcrHykKKV0	0	neutral	23346	oWcrHykKKV0_16
7695	ae6Yia6Rk7I	0	neutral	19020	ae6Yia6Rk7I_17
7882	DoUg54FY-pI	1	happy	19887	DoUg54FY-pI_1
7681	A5R-wZbzLEA	0	neutral	18947	A5R-wZbzLEA_3
6631	OeSwSYmipqo	0	neutral	14603	OeSwSYmipqo_0
663	VwkGKFFk-F4	0	neutral	9125	VwkGKFFk-F4_3
14081	GehFrxyvVjs_28	0	neutral	31773	GehFrxyvVjs_28_0
10838	grRK7nIKCkI_28	0	neutral	28480	grRK7nIKCkI_28_0
7854	d6eC8jwgHM0	1	happy	19753	d6eC8jwgHM0_3
6678	rhbT3-MfSkQ	0	neutral	14797	rhbT3-MfSkQ_0
1115	QyeYgwO4ADg	0	neutral	8256	QyeYgwO4ADg_3
12538	c2Q_ASMZjQ4_0	0	neutral	30210	c2Q_ASMZjQ4_0_0
2092	BdC4os4SOH0	1	happy	3427	BdC4os4SOH0_0
3248	SGFbvNgWFqU	0	neutral	5145	SGFbvNgWFqU_1
7332	_HbFxZ810S4	0	neutral	17361	_HbFxZ810S4_0
3688	TZdCMfr0Um8	5	sadness	17183	TZdCMfr0Um8_1
2382	5A98txE5nno	0	neutral	3834	5A98txE5nno_0
12235	tMsQsAvHpqU_69	0	neutral	29903	tMsQsAvHpqU_69_0
8069	gBrNY0njwq4	0	neutral	20723	gBrNY0njwq4_8
8987	vPrksrZT9WE	4	anger	25456	vPrksrZT9WE_5
4780	vVPtQKHiWwM	1	happy	8310	vVPtQKHiWwM_3
2428	Kb2WClrbrAc	0	neutral	17172	Kb2WClrbrAc_3
7812	Cixf80-WZX0	0	neutral	19524	Cixf80-WZX0_5
8460	Mxf1IuJNMjY	0	neutral	22805	Mxf1IuJNMjY_8
1039	VFYUzL1d4P4	1	happy	1866	VFYUzL1d4P4_0
1684	FzlU_O9EK5g	0	neutral	2858	FzlU_O9EK5g_0
8895	uAWektIBPUs	0	neutral	25008	uAWektIBPUs_2
4275	-Z1lkcEEF_w	5	sadness	7284	-Z1lkcEEF_w_2
666	MGGGksL1ziM	5	sadness	1332	MGGGksL1ziM_0
1134	NXTrMtrTjlI	0	neutral	11275	NXTrMtrTjlI_2
3095	ncnq2pu4PlE	0	neutral	4892	ncnq2pu4PlE_1
9187	Z9PzSNy3xj0	0	neutral	26464	Z9PzSNy3xj0_2
2743	5KderLI5hEc	1	happy	4375	5KderLI5hEc_0
6687	1mLEN1SN9Eo	0	neutral	14815	1mLEN1SN9Eo_0
526	dAzuZ-V81I0	5	sadness	1143	dAzuZ-V81I0_3
15609	cb-q4n9MY08_0	0	neutral	33325	cb-q4n9MY08_0_0
7710	aNcV4ZhZ_9I	0	neutral	19114	aNcV4ZhZ_9I_12
13471	7aelVNQZEIY_41	0	neutral	31153	7aelVNQZEIY_41_1
703	XFo1I5xq5a4	0	neutral	1396	XFo1I5xq5a4_7
4042	rZs0ZkhzpsI	0	neutral	6814	rZs0ZkhzpsI_0
7354	0Cgy2voDarc	0	neutral	17474	0Cgy2voDarc_0
7737	B0kiS4u_UbE	1	happy	19220	B0kiS4u_UbE_2
1546	oqQGFh5yiWE	0	neutral	2635	oqQGFh5yiWE_1
2281	J5K0XKyL3i8	4	anger	10840	J5K0XKyL3i8_1
4287	xCLCNJpKLx8	1	happy	7286	xCLCNJpKLx8_0
8968	VH4qiD6wbZI	0	neutral	25350	VH4qiD6wbZI_7
2258	4Ps1V3p3GdE	0	neutral	3660	4Ps1V3p3GdE_3
8947	V4cpZlFESeA	1	happy	25243	V4cpZlFESeA_14
5386	YZ11hDE35QQ	0	neutral	9875	YZ11hDE35QQ_2
9865	x99FBmR6OrI_3	0	neutral	27493	x99FBmR6OrI_3_0
1080	t-TggSfa_fE	0	neutral	13120	t-TggSfa_fE_1
1331	pTvbSVyWP9I	0	neutral	2300	pTvbSVyWP9I_2
10448	z9ScXUtrocw_3	1	happy	28084	z9ScXUtrocw_3_2
363	-2KGPYEFnsU	1	happy	13469	-2KGPYEFnsU_6
5217	Q16cb-O1kTA	0	neutral	9254	Q16cb-O1kTA_0
3201	EzxET3KpvSM	0	neutral	16072	EzxET3KpvSM_4
8193	Ib11tKoL0FI	0	neutral	21442	Ib11tKoL0FI_19
3104	nBZQUoawVLw	1	happy	4915	nBZQUoawVLw_2
900	e1FWoMLjAU0	0	neutral	7986	e1FWoMLjAU0_2
12348	PDKecPtliGU_3	0	neutral	30017	PDKecPtliGU_3_0
16034	p5W0OcLtRhY_51	0	neutral	33753	p5W0OcLtRhY_51_0
5907	eqLDxk9PBUM	0	neutral	11828	eqLDxk9PBUM_1
4044	GCSbGFMWzC4	5	sadness	6815	GCSbGFMWzC4_0
7372	0wqS5RelbtA	0	neutral	17561	0wqS5RelbtA_6
4549	7LraDj4Pjgk	0	neutral	7831	7LraDj4Pjgk_3
3966	ftDkeswkEYU	2	fear	6663	ftDkeswkEYU_0
897	7S2ffMUk7iI	0	neutral	1684	7S2ffMUk7iI_3
9136	YdqUiKHAdyg	0	neutral	26222	YdqUiKHAdyg_9
10719	MyI372pGIss_1	0	neutral	28359	MyI372pGIss_1_0
874	jiHXahhmzjw	4	anger	7685	jiHXahhmzjw_5
9830	mIppW_Wrtdc_1	0	neutral	27458	mIppW_Wrtdc_1_0
1544	5ttoICpH0Vc	5	sadness	11895	5ttoICpH0Vc_6
568	4sPP-muvnDU	0	neutral	1197	4sPP-muvnDU_7
2165	1zhGxZT_W_g	0	neutral	10783	1zhGxZT_W_g_2
2730	Xz-BR8gyPhg	0	neutral	9419	Xz-BR8gyPhg_1
3890	yE-eU2F2yGU	4	anger	6502	yE-eU2F2yGU_0
1231	4KVB6wR3fSY	0	neutral	8193	4KVB6wR3fSY_4
8686	qs7FL5DVDMA	0	neutral	23992	qs7FL5DVDMA_0
7343	_W4Em_fHubY	0	neutral	17404	_W4Em_fHubY_3
10618	SP_A2q114N4_11	0	neutral	28256	SP_A2q114N4_11_0
6389	6m8CxJunyVw	0	neutral	13681	6m8CxJunyVw_0
7131	3Hf9RSvpr60	0	neutral	16503	3Hf9RSvpr60_0
173	eSHy8q1MP00	0	neutral	772	eSHy8q1MP00_12
798	E4XW86WBg2Y	0	neutral	12687	E4XW86WBg2Y_1
8849	tjBBL2ZtHt0	3	surprise	24773	tjBBL2ZtHt0_47
14172	79SZ-FAxYtg_19	0	neutral	31864	79SZ-FAxYtg_19_0
11161	wnpWuEkULWk_1	0	neutral	28804	wnpWuEkULWk_1_0
1015	H1rttoUCeUg	0	neutral	15961	H1rttoUCeUg_8
1524	aDvjCbdyEHw	0	neutral	8618	aDvjCbdyEHw_2
2146	lq0HERNHyV0	0	neutral	16987	lq0HERNHyV0_3
8302	kfn6lT6JwTE	0	neutral	22124	kfn6lT6JwTE_5
16027	vKsB-jLtrL4_34	0	neutral	33746	vKsB-jLtrL4_34_0
1650	mRlIrFo72gQ	4	anger	2791	mRlIrFo72gQ_0
2137	gpFSAWe9uCU	7	contempt	16938	gpFSAWe9uCU_4
1012	fQy1yr_K_L4	5	sadness	13199	fQy1yr_K_L4_15
7665	94UN_zMmEEo	0	neutral	18875	94UN_zMmEEo_13
7460	3rKw8LnqLpw	0	neutral	17964	3rKw8LnqLpw_0
7214	Ns4EvLUZAAI	0	neutral	16803	Ns4EvLUZAAI_1
5121	Jg7LxmHGNd4	0	neutral	14156	Jg7LxmHGNd4_3
8553	OK_8NC7fJeY	0	neutral	23264	OK_8NC7fJeY_0
4460	0wAtjDAyv4M	0	neutral	7652	0wAtjDAyv4M_0
4657	fluJSCbNpDM	0	neutral	8082	fluJSCbNpDM_1
7487	4tASl0auPOg	0	neutral	18094	4tASl0auPOg_21
8194	IbMavNddq_I	0	neutral	21450	IbMavNddq_I_15
14213	ejFFRNrZmEk_20	1	happy	31905	ejFFRNrZmEk_20_0
8003	fcLj2CVC1VU	0	neutral	20467	fcLj2CVC1VU_9
1746	KnPfaGzmt4M	0	neutral	12085	KnPfaGzmt4M_1
7841	cxzCIFR9lB8	0	neutral	19638	cxzCIFR9lB8_6
8596	PcxzqT6KNQM	0	neutral	23491	PcxzqT6KNQM_0
1938	Y4g859J_920	1	happy	5464	Y4g859J_920_3
7717	ar_pEja_NvA	0	neutral	19137	ar_pEja_NvA_0
11918	Q9IMNZxNGyQ_3	0	neutral	29578	Q9IMNZxNGyQ_3_0
704	8f_XrjQP91E	0	neutral	14462	8f_XrjQP91E_5
7463	3VavIcYEQZs	0	neutral	17982	3VavIcYEQZs_5
7196	6ikH1EFDm6A	4	anger	16750	6ikH1EFDm6A_1
2388	QEQp25xImoA	0	neutral	5838	QEQp25xImoA_1
1203	BvpE7hZ8hTU	0	neutral	2135	BvpE7hZ8hTU_4
7959	eOFPOGW0S2Q	1	happy	20275	eOFPOGW0S2Q_13
4306	TpNPIxWdZgY	0	neutral	7327	TpNPIxWdZgY_2
10149	OdwAOnWTaqE_31	0	neutral	27780	OdwAOnWTaqE_31_1
2962	7Fj5JAYfWVc	4	anger	4705	7Fj5JAYfWVc_0
8466	N0p_pQ7PTYU	0	neutral	22840	N0p_pQ7PTYU_8
1726	01OfrTMVeD8	4	anger	12146	01OfrTMVeD8_1
11207	-XP8vXcJtXo_36	0	neutral	28851	-XP8vXcJtXo_36_0
13669	rcP7ZvzyZwM_6	0	neutral	31356	rcP7ZvzyZwM_6_0
5252	yyPkV_leKEY	5	sadness	9378	yyPkV_leKEY_0
16089	jfohQVAiaP0_7	0	neutral	33809	jfohQVAiaP0_7_0
8657	qfEkv726kdQ	0	neutral	23791	qfEkv726kdQ_9
5807	hOH-oOCfsX4	1	happy	11450	hOH-oOCfsX4_0
8963	Vf9WTeA_ye0	1	happy	25328	Vf9WTeA_ye0_14
6282	MXcxWsdjYHA	3	surprise	13290	MXcxWsdjYHA_0
988	6GpeTJqqtG4	0	neutral	1791	6GpeTJqqtG4_0
8516	NU7Eqx1ydkk	0	neutral	23025	NU7Eqx1ydkk_2
4780	vVPtQKHiWwM	0	neutral	8324	vVPtQKHiWwM_2
550	jGAsihLnYqM	0	neutral	12487	jGAsihLnYqM_1
3830	bAI6N5Uo7SQ	0	neutral	6399	bAI6N5Uo7SQ_0
10738	gN_Jre5DQ84_55	0	neutral	28378	gN_Jre5DQ84_55_0
6162	Q_fjZNscaeE	3	surprise	12802	Q_fjZNscaeE_2
12900	76G3dzWqcdM_17	0	neutral	30578	76G3dzWqcdM_17_1
4052	W5-oHwzdWos	4	anger	6832	W5-oHwzdWos_0
7929	EcjY1r34cBE	1	happy	20096	EcjY1r34cBE_17
2822	Dq17P7VTEmY	1	happy	9534	Dq17P7VTEmY_6
23	oH3u2QHoR2A	0	neutral	274	oH3u2QHoR2A_15
1674	-SZTNQUbug4	0	neutral	11932	-SZTNQUbug4_0
1931	AIVJ0lAldys	5	sadness	3193	AIVJ0lAldys_2
7747	bbsKBx8ayWM	0	neutral	19258	bbsKBx8ayWM_2
8897	uBiewQrpBBA	0	neutral	25031	uBiewQrpBBA_1
7469	04FOhY5VTfY	0	neutral	18002	04FOhY5VTfY_2
1254	LW8M-U3Q8ug	0	neutral	8237	LW8M-U3Q8ug_7
8933	Uu3xazfdmvk	0	neutral	25201	Uu3xazfdmvk_30
9294	WXqnJqISKCE	1	happy	26871	WXqnJqISKCE_3
7497	5g_FTE5gdVo	0	neutral	18124	5g_FTE5gdVo_5
12254	Hf77aI5sDXM_91	0	neutral	29922	Hf77aI5sDXM_91_0
9186	z8ietmnBmAQ	1	happy	26457	z8ietmnBmAQ_6
4736	bhtJNsUfHIM	0	neutral	13287	bhtJNsUfHIM_4
7758	bkd_z_-gfZs	1	happy	19311	bkd_z_-gfZs_7
3865	EAd7cMSm4Ng	2	fear	9565	EAd7cMSm4Ng_4
5061	oARVdCyRT98	1	happy	12111	oARVdCyRT98_4
686	tdzX5AKWiDw	0	neutral	12620	tdzX5AKWiDw_2
11144	wHjZZa1c4kk_2	0	neutral	28787	wHjZZa1c4kk_2_0
12791	NkF2bH55wK0_6	0	neutral	30468	NkF2bH55wK0_6_0
9131	YbrL3c8NIC8	0	neutral	26187	YbrL3c8NIC8_96
8513	NtQUi3nlZIs	1	happy	23005	NtQUi3nlZIs_9
4895	I6QfutBHUqQ	3	surprise	13586	I6QfutBHUqQ_0
15522	EbWvmANdj2M_3	0	neutral	33237	EbWvmANdj2M_3_3
1843	W_UsU5tNa4I	0	neutral	10201	W_UsU5tNa4I_1
15800	j6BEjrtkE1s_0	0	neutral	33518	j6BEjrtkE1s_0_0
13700	_x609skDWes_10	0	neutral	31387	_x609skDWes_10_0
134	61MRbvT2pPw	0	neutral	217	61MRbvT2pPw_10
1667	IsG-jJcrlr0	1	happy	14103	IsG-jJcrlr0_0
5182	6nSu2qhTmNU	5	sadness	9116	6nSu2qhTmNU_0
15507	LgEtuZXD0bA_13	0	neutral	33222	LgEtuZXD0bA_13_0
1489	C-FH-TOuFpQ	0	neutral	14964	C-FH-TOuFpQ_9
9151	Ym3EvqlsfaA	0	neutral	26290	Ym3EvqlsfaA_6
8698	qw62N4v8Cwo	5	sadness	24049	qw62N4v8Cwo_27
8356	L7ST8ob-Uvg	0	neutral	22303	L7ST8ob-Uvg_0
11124	XYRH4k85BaE_1	0	neutral	28767	XYRH4k85BaE_1_0
12347	vYCa37s6SEI_0	0	neutral	30016	vYCa37s6SEI_0_0
9084	xHrchhVxX_0	2	fear	25919	xHrchhVxX_0_4
8791	SJG1rY8XTlM	0	neutral	24501	SJG1rY8XTlM_0
9001	VZuSoAD1LtQ	4	anger	25528	VZuSoAD1LtQ_13
15554	H-ULXippYjA_34	0	neutral	33269	H-ULXippYjA_34_0
7812	Cixf80-WZX0	1	happy	19525	Cixf80-WZX0_6
7478	4en7nrTJHmc	0	neutral	18043	4en7nrTJHmc_1
2843	tG2qsoC_-hs	0	neutral	9568	tG2qsoC_-hs_2
1058	IE9S8CehYco	0	neutral	1888	IE9S8CehYco_4
7078	yYF0oK8oXSk	0	neutral	16306	yYF0oK8oXSk_0
10786	K3Q9Jazf2z0_27	0	neutral	28428	K3Q9Jazf2z0_27_0
4665	40JQrUnvKUw	0	neutral	15119	40JQrUnvKUw_2
7459	3RGqjcBtsrY	0	neutral	17963	3RGqjcBtsrY_26
9024	wHHV843Y2a4	0	neutral	25631	wHHV843Y2a4_5
15523	EbWvmANdj2M_8	0	neutral	33238	EbWvmANdj2M_8_0
14649	JiLgel6usf4_3	0	neutral	32344	JiLgel6usf4_3_0
10091	MZqtvP3-g8I_40	0	neutral	27721	MZqtvP3-g8I_40_0
3934	Ekl021fmWGc	0	neutral	6596	Ekl021fmWGc_2
7708	amFwg_BOM5I	0	neutral	19110	amFwg_BOM5I_6
456	TmdzJyoeQls	0	neutral	12350	TmdzJyoeQls_0
3676	zjQSWtB7Kp4	0	neutral	6049	zjQSWtB7Kp4_1
9390	40juYtiTmpg_20	0	neutral	27013	40juYtiTmpg_20_0
7535	6ZUdR9TTxsQ	0	neutral	18304	6ZUdR9TTxsQ_1
1132	hH1TgDvC7sY	4	anger	2008	hH1TgDvC7sY_0
1040	Fjr_CQHJiCo	0	neutral	7889	Fjr_CQHJiCo_0
1154	10r3vyu-zDM	0	neutral	2034	10r3vyu-zDM_0
7153	YVjyXY_mcl4	5	sadness	16602	YVjyXY_mcl4_1
8968	VH4qiD6wbZI	0	neutral	25349	VH4qiD6wbZI_5
526	dAzuZ-V81I0	4	anger	7204	dAzuZ-V81I0_5
1126	Vb6cuUI7B3E	5	sadness	2001	Vb6cuUI7B3E_1
830	bFfnDQ3bDfA	0	neutral	14778	bFfnDQ3bDfA_5
8400	M2wghfCg8ko	0	neutral	22537	M2wghfCg8ko_13
76	aWsc5Zc9kyw	0	neutral	499	aWsc5Zc9kyw_15
721	pwgh9hZkXUY	0	neutral	12723	pwgh9hZkXUY_1
1945	-PFdr0SiAEw	0	neutral	3208	-PFdr0SiAEw_1
13586	DvwtPD6o_z4_2	0	neutral	31272	DvwtPD6o_z4_2_0
4521	6rHHZ3hiwcQ	0	neutral	7779	6rHHZ3hiwcQ_1
8596	PcxzqT6KNQM	1	happy	23494	PcxzqT6KNQM_6
15552	H-ULXippYjA_18	0	neutral	33267	H-ULXippYjA_18_0
8150	HK6TmhLEd2E	0	neutral	21144	HK6TmhLEd2E_23
14742	727rehy3LFU_8	0	neutral	32438	727rehy3LFU_8_0
6924	FAnP3FAu5sU	0	neutral	15767	FAnP3FAu5sU_0
3001	h9seNVqLpWE	0	neutral	9774	h9seNVqLpWE_1
7645	32LChHJOCKI	0	neutral	18774	32LChHJOCKI_20
4714	k2QekuUhgIM	2	fear	8180	k2QekuUhgIM_1
13705	tBVqsqqm9AM_16	0	neutral	31392	tBVqsqqm9AM_16_0
3043	jAwlK8vL8OQ	4	anger	4813	jAwlK8vL8OQ_1
3790	AOv5WvKX57s	0	neutral	15382	AOv5WvKX57s_2
7527	6NLOGHyt5h4	5	sadness	18283	6NLOGHyt5h4_7
1550	RlZFNL-kyho	0	neutral	11903	RlZFNL-kyho_7
1498	SpZfI5x9PyE	0	neutral	2561	SpZfI5x9PyE_0
2264	1hiv8o-SRZ0	1	happy	5610	1hiv8o-SRZ0_2
8733	RhtyNFvHW0A	0	neutral	24224	RhtyNFvHW0A_41
13724	fz2GDMkoxQ8_3	0	neutral	31413	fz2GDMkoxQ8_3_1
7343	_W4Em_fHubY	1	happy	17418	_W4Em_fHubY_25
4668	Mtu3XOtYIaU	0	neutral	8119	Mtu3XOtYIaU_0
2227	JduADWt0XMI	0	neutral	6332	JduADWt0XMI_10
4717	hQUBid6LIPU	5	sadness	8194	hQUBid6LIPU_3
6464	YEdNAX9h_vI	3	surprise	13958	YEdNAX9h_vI_0
15680	jyHVaboD2SY_6	0	neutral	33396	jyHVaboD2SY_6_0
7730	axqwv5ibiAE	0	neutral	19193	axqwv5ibiAE_1
925	8FBwAl7mDog	0	neutral	13033	8FBwAl7mDog_0
12472	_qlEmRBcuks_3	0	neutral	30143	_qlEmRBcuks_3_2
8699	qWb5_LSlsfM	0	neutral	24055	qWb5_LSlsfM_7
7954	EkwTIvHJ4t8	0	neutral	20233	EkwTIvHJ4t8_14
13697	v8JmpiYCdCo_22	0	neutral	31384	v8JmpiYCdCo_22_0
2804	0GCwhGQEZ90	0	neutral	4469	0GCwhGQEZ90_0
7776	bVR_QqPabkM	0	neutral	19411	bVR_QqPabkM_21
665	xu_UgfGriXA	0	neutral	5018	xu_UgfGriXA_63
1462	5rkVGXHv2Ow	0	neutral	2499	5rkVGXHv2Ow_1
9070	XAuR6o7DSBQ	0	neutral	25839	XAuR6o7DSBQ_9
1641	RwG4CVPmfag	0	neutral	2772	RwG4CVPmfag_0
6084	KbJELZ2zckE	5	sadness	12490	KbJELZ2zckE_1
14699	FkcRUtjC6TQ_18	0	neutral	32394	FkcRUtjC6TQ_18_0
28	7aXBcMlaxX0	0	neutral	345	7aXBcMlaxX0_5
7714	aoY0J5jSbTM	0	neutral	19125	aoY0J5jSbTM_4
4741	YtktNetGOKU	0	neutral	8241	YtktNetGOKU_0
2846	5V-C6ziFKMA	5	sadness	4546	5V-C6ziFKMA_1
15054	EMsEboM35fU_3	0	neutral	32754	EMsEboM35fU_3_0
8343	l0ugqf5SoPI	1	happy	22268	l0ugqf5SoPI_5
3132	XS2yOMGv5to	0	neutral	6865	XS2yOMGv5to_2
13358	4_LT9oqc4Qc_19	0	neutral	31040	4_LT9oqc4Qc_19_0
9523	It2Q44p_B9w_3	0	neutral	27147	It2Q44p_B9w_3_0
9301	ym6On_sjxKM	5	sadness	26909	ym6On_sjxKM_16
7138	hmYIR6v-oVE	4	anger	16525	hmYIR6v-oVE_0
4189	zd6ZUTrW5b4	0	neutral	7136	zd6ZUTrW5b4_0
2911	YkYqKiASqJM	0	neutral	6797	YkYqKiASqJM_2
1706	Fgl7tImKroU	0	neutral	12110	Fgl7tImKroU_3
15198	N9BOmo6Qzqc_2	0	neutral	32900	N9BOmo6Qzqc_2_0
2651	iaM3y7uDL90	5	sadness	4237	iaM3y7uDL90_0
12784	BukrisTBv00_3	0	neutral	30461	BukrisTBv00_3_0
589	QUP62JKYg2I	0	neutral	1227	QUP62JKYg2I_0
8161	hRi36WpGegM	0	neutral	21213	hRi36WpGegM_3
4640	TVRK6_yCwWo	0	neutral	13044	TVRK6_yCwWo_4
8177	hZXbb8er5ho	0	neutral	21362	hZXbb8er5ho_3
7716	aQO91AicrTA	0	neutral	19132	aQO91AicrTA_3
3162	M2_cj-txN9A	1	happy	4990	M2_cj-txN9A_2
14261	ZmekRSbOooI_5	0	neutral	31955	ZmekRSbOooI_5_2
8204	IiUmOrBplcM	1	happy	21488	IiUmOrBplcM_1
6516	wFm_oTcY1r4	3	surprise	14170	wFm_oTcY1r4_1
2378	BuMBRD4LmZc	0	neutral	17237	BuMBRD4LmZc_0
1455	Xdyl9aE0zvY	0	neutral	8769	Xdyl9aE0zvY_3
9218	ZROR48_kCsE	0	neutral	26592	ZROR48_kCsE_2
11839	q3Q3h2jOH1U_0	0	neutral	29499	q3Q3h2jOH1U_0_0
12183	LZ3lVWLs9mw_76	1	happy	29851	LZ3lVWLs9mw_76_0
737	BwM88qsuB00	5	sadness	7757	BwM88qsuB00_2
6838	rKfOjJJ1ql4	0	neutral	15399	rKfOjJJ1ql4_0
8256	jNM1e5jU9qg	0	neutral	21848	jNM1e5jU9qg_10
3845	Bi46nLoIo6E	1	happy	6419	Bi46nLoIo6E_0
8758	rVS6JfZhKEM	0	neutral	24319	rVS6JfZhKEM_1
2788	OlPauBNIDAQ	1	happy	4449	OlPauBNIDAQ_4
1156	sNrOsj0xDPs	0	neutral	11189	sNrOsj0xDPs_0
8411	MALtIIPzykA	1	happy	22569	MALtIIPzykA_4
12291	gnJhtqaxAek_100	0	neutral	29960	gnJhtqaxAek_100_0
4953	-wSqiksvdD8	5	sadness	8674	-wSqiksvdD8_0
1915	81XTZOlNHEU	0	neutral	5155	81XTZOlNHEU_3
4510	-iuSE7NVc8c	0	neutral	7751	-iuSE7NVc8c_3
1740	hZvud4MnaQ0	5	sadness	13995	hZvud4MnaQ0_4
8754	RtmGfcCKuxc	0	neutral	24301	RtmGfcCKuxc_13
2147	BX-hxkRsaT4	0	neutral	3507	BX-hxkRsaT4_0
5672	Qrpc5_0eDRU	4	anger	10901	Qrpc5_0eDRU_1
76	aWsc5Zc9kyw	0	neutral	831	aWsc5Zc9kyw_40
1718	W_l6UhMgU54	0	neutral	2900	W_l6UhMgU54_1
5645	H7zXX6EqGbI	0	neutral	10809	H7zXX6EqGbI_0
9134	YCuU4SjcS2A	1	happy	26214	YCuU4SjcS2A_16
1386	Bv7OBXHKPMw	0	neutral	2393	Bv7OBXHKPMw_3
1471	t6UyEPrqaQI	0	neutral	11792	t6UyEPrqaQI_1
2345	72n6oDAUXdo	0	neutral	6067	72n6oDAUXdo_1
9569	nJjFamSjlZ0_1	0	neutral	27193	nJjFamSjlZ0_1_0
7096	X8qBorenkn8	0	neutral	16354	X8qBorenkn8_0
2593	rzuN9uvnsZI	0	neutral	4157	rzuN9uvnsZI_0
8805	SpHUNjgyAvo	0	neutral	24540	SpHUNjgyAvo_8
9076	XDmfBTgIRUg	1	happy	25867	XDmfBTgIRUg_24
8174	HyxXItSF3Co	0	neutral	21344	HyxXItSF3Co_15
11960	WTiBFLi55Ss_1	0	neutral	29620	WTiBFLi55Ss_1_0
5268	vEd2sU65NQI	3	surprise	9427	vEd2sU65NQI_0
2614	WHKWGAr2U1o	0	neutral	15288	WHKWGAr2U1o_0
15543	E8ASx_hNQ1U_53	0	neutral	33258	E8ASx_hNQ1U_53_1
3373	eMgfTq1Z2n8	0	neutral	10575	eMgfTq1Z2n8_4
8253	jJcg8J0bEqI	0	neutral	21821	jJcg8J0bEqI_12
1615	oLPTh_DaPa8	0	neutral	2754	oLPTh_DaPa8_3
8172	hWp6oSyaRmI	0	neutral	21319	hWp6oSyaRmI_3
6862	U5GhkkAvPsc	0	neutral	15537	U5GhkkAvPsc_1
8240	JDQcnQpxOj8	0	neutral	21757	JDQcnQpxOj8_81
4843	i7Jg_6-fYF8	5	sadness	8477	i7Jg_6-fYF8_0
8703	r0bS4aWzk2w	0	neutral	24079	r0bS4aWzk2w_15
48	xK-_tIjjIY4	1	happy	756	xK-_tIjjIY4_17
16057	WNpjPYDGR6M_31	0	neutral	33777	WNpjPYDGR6M_31_0
212	iYG8WCULpNM	0	neutral	388	iYG8WCULpNM_1
3692	uzMEc37DGZA	0	neutral	17238	uzMEc37DGZA_2
12076	ipl1OyQKsB0_0	0	neutral	29741	ipl1OyQKsB0_0_0
3864	zie94YV7W4Y	0	neutral	15538	zie94YV7W4Y_3
15139	SritNjyxx88_20	0	neutral	32841	SritNjyxx88_20_0
893	c7AescgZzEg	4	anger	12848	c7AescgZzEg_5
9834	e4NPO0miTYU_1	0	neutral	27462	e4NPO0miTYU_1_0
2665	HceqAAw60vQ	5	sadness	6204	HceqAAw60vQ_0
4636	lPMSGTfK4Aw	3	surprise	15181	lPMSGTfK4Aw_2
8063	G9ShkqjQgIA	1	happy	20701	G9ShkqjQgIA_3
2151	02AyhONR_DQ	0	neutral	3510	02AyhONR_DQ_0
8418	mf__giJkok8	0	neutral	22613	mf__giJkok8_6
4520	1diHvu1Q6Ec	0	neutral	14798	1diHvu1Q6Ec_3
978	32iBCneCYcI	0	neutral	13154	32iBCneCYcI_2
13902	yACtNdJaBso_7	0	neutral	31591	yACtNdJaBso_7_0
4536	jjpQORCD0ZU	0	neutral	14829	jjpQORCD0ZU_3
9218	ZROR48_kCsE	0	neutral	26600	ZROR48_kCsE_24
2618	4Vuoty_qF6Y	0	neutral	4181	4Vuoty_qF6Y_0
13288	TKXldNsmRaw_16	0	neutral	30969	TKXldNsmRaw_16_0
8732	RhsfcESiIXU	0	neutral	24197	RhsfcESiIXU_10
5817	Iqiyy26sW-Q	1	happy	11489	Iqiyy26sW-Q_0
6746	QHU65AAx6uk	2	fear	15081	QHU65AAx6uk_0
6059	WqBZVlgORbY	0	neutral	12405	WqBZVlgORbY_1
15026	60uwAhifxv0_71	0	neutral	32725	60uwAhifxv0_71_0
35	pQ7uUQVHPV4	0	neutral	46	pQ7uUQVHPV4_2
1273	fhh3pIyT3jY	4	anger	13687	fhh3pIyT3jY_5
7389	1DMvan5Imrk	0	neutral	17609	1DMvan5Imrk_5
7073	Y1vBIQiyh80	4	anger	16302	Y1vBIQiyh80_1
8072	Gdfb-agGuIk	0	neutral	20751	Gdfb-agGuIk_13
8492	NgtK-eesI7g	0	neutral	22910	NgtK-eesI7g_5
457	SUQaxkWkB0s	4	anger	1034	SUQaxkWkB0s_1
8386	Lrpy2CCnJR0	0	neutral	22491	Lrpy2CCnJR0_42
8028	FMPBq5B8kyc	0	neutral	20551	FMPBq5B8kyc_22
3276	6La5YCYlMZY	5	sadness	5201	6La5YCYlMZY_0
11025	Zwv1lxLq3FM_3	0	neutral	28668	Zwv1lxLq3FM_3_0
8691	qtsT3p5cyCk	0	neutral	24016	qtsT3p5cyCk_4
459	6wyRTKGY2Tw	0	neutral	1065	6wyRTKGY2Tw_1
8129	hBxvOfyowkc	0	neutral	21021	hBxvOfyowkc_3
7978	ezja7-YQ72g	0	neutral	20359	ezja7-YQ72g_0
3155	yVjSyZtSw7U	0	neutral	10146	yVjSyZtSw7U_0
141	gevnsbW4aPY	0	neutral	222	gevnsbW4aPY_3
644	HF4NYDwWpFU	0	neutral	1303	HF4NYDwWpFU_3
1347	JYp5uIodwEE	2	fear	2320	JYp5uIodwEE_6
8298	KdPdkcWcL0o	0	neutral	22095	KdPdkcWcL0o_6
2858	gEvU29fG-Uc	0	neutral	6746	gEvU29fG-Uc_4
8328	KRuPxQ2KPts	0	neutral	22217	KRuPxQ2KPts_4
8256	jNM1e5jU9qg	1	happy	21849	jNM1e5jU9qg_16
10392	nfN55HKgygE_21	0	neutral	28027	nfN55HKgygE_21_12
11446	-Gl5WpzbgYo_21	0	neutral	29099	-Gl5WpzbgYo_21_0
6120	51t2_o_H_Rw	0	neutral	12652	51t2_o_H_Rw_0
1214	Tx-kB1KKLJ0	0	neutral	2129	Tx-kB1KKLJ0_1
10854	9pBszf2cADY_1	0	neutral	28496	9pBszf2cADY_1_0
7353	0btEK0H3B2M	0	neutral	17470	0btEK0H3B2M_2
9210	zogIrkxnsfw	5	sadness	26563	zogIrkxnsfw_40
1624	lyvAjZw6O_Q	0	neutral	14148	lyvAjZw6O_Q_3
8102	gW_OSQgHhAc	0	neutral	20861	gW_OSQgHhAc_6
7099	-gJijfOCtzk	0	neutral	16367	-gJijfOCtzk_0
1527	0YDejqKggWA	0	neutral	8612	0YDejqKggWA_5
9156	YoRlXdRrM2w	4	anger	26317	YoRlXdRrM2w_2
28	7aXBcMlaxX0	0	neutral	725	7aXBcMlaxX0_16
9213	ZpzeOhRIhi0	0	neutral	26566	ZpzeOhRIhi0_1
13048	2XagfT2COmU_0	1	happy	30728	2XagfT2COmU_0_0
8472	n4EWeFRvVFk	0	neutral	22859	n4EWeFRvVFk_15
1192	oNiW2ftWINg	0	neutral	11361	oNiW2ftWINg_0
12214	N50bl-1UdWg_18	0	neutral	29882	N50bl-1UdWg_18_0
4343	U2HWD9dymUk	1	happy	14459	U2HWD9dymUk_3
7633	9ZCKMSRf9t4	0	neutral	18709	9ZCKMSRf9t4_2
4916	EQOuGXTYAj8	0	neutral	13787	EQOuGXTYAj8_2
713	xIwb0YVV95U	0	neutral	12729	xIwb0YVV95U_3
2594	t_9GTwEOdkY	5	sadness	9163	t_9GTwEOdkY_2
9117	xuphB-zbmPk	0	neutral	26073	xuphB-zbmPk_26
134	61MRbvT2pPw	0	neutral	626	61MRbvT2pPw_0
815	F0VmzZy-AF4	0	neutral	7600	F0VmzZy-AF4_6
15799	ipvuRogWC7c_4	0	neutral	33517	ipvuRogWC7c_4_0
1325	-YaPh7shnWQ	4	anger	2286	-YaPh7shnWQ_1
6828	Eo87byVKgfo	5	sadness	15362	Eo87byVKgfo_1
1220	Rdr_oVhKrms	0	neutral	2140	Rdr_oVhKrms_6
9076	XDmfBTgIRUg	0	neutral	25874	XDmfBTgIRUg_35
3142	f8-6UgJ6dSo	0	neutral	10132	f8-6UgJ6dSo_7
8698	qw62N4v8Cwo	5	sadness	24048	qw62N4v8Cwo_26
15155	pqCPwKPqsZc_16	0	neutral	32857	pqCPwKPqsZc_16_0
3626	m8Jm9_iR6cg	0	neutral	17013	m8Jm9_iR6cg_2
3011	6OavUQ__asM	0	neutral	4771	6OavUQ__asM_4
3288	pJImKCcPIsU	0	neutral	5225	pJImKCcPIsU_3
3235	D8Cra7i2kGc	0	neutral	16379	D8Cra7i2kGc_2
5676	GbCytLu1-3k	0	neutral	10917	GbCytLu1-3k_0
1356	HeRIwSpHZCk	0	neutral	8377	HeRIwSpHZCk_6
9118	xXwFCKPVaeU	1	happy	26091	xXwFCKPVaeU_6
7808	Ch5MEJk5ZCQ	1	happy	19507	Ch5MEJk5ZCQ_0
3142	f8-6UgJ6dSo	0	neutral	6896	f8-6UgJ6dSo_2
8337	kwDvoO6J9nk	1	happy	22252	kwDvoO6J9nk_3
3157	Eb9WH9OiKn8	1	happy	6888	Eb9WH9OiKn8_1
8829	t09ICTo4fhI	0	neutral	24682	t09ICTo4fhI_6
6102	TMeiAg1kXKs	5	sadness	12568	TMeiAg1kXKs_1
8622	P-TghMs6Gk4	0	neutral	23604	P-TghMs6Gk4_1
1573	pguWhReiC1I	0	neutral	2678	pguWhReiC1I_1
1794	MBSxl8y36zg	1	happy	10289	MBSxl8y36zg_0
15016	wg7fjRetIdI_12	0	neutral	32714	wg7fjRetIdI_12_0
13204	trZIBnCekUI_55	0	neutral	30885	trZIBnCekUI_55_0
899	mrAFosQlLvE	1	happy	16782	mrAFosQlLvE_1
11255	i3cLDy3grd4_3	0	neutral	28900	i3cLDy3grd4_3_0
4779	wbROoMNi8Ho	5	sadness	13377	wbROoMNi8Ho_2
8138	hEpYavRa8j4	1	happy	21064	hEpYavRa8j4_2
665	xu_UgfGriXA	4	anger	5697	xu_UgfGriXA_116
7104	XtW6mNBM9ro	0	neutral	16398	XtW6mNBM9ro_2
10290	53v3VxlijcM_5	0	neutral	27922	53v3VxlijcM_5_0
7830	cuGs0oSqpBE	0	neutral	19591	cuGs0oSqpBE_0
610	Ak8uiLVkpy4	0	neutral	14601	Ak8uiLVkpy4_4
8896	uB69rg6oQrc	0	neutral	25030	uB69rg6oQrc_21
12403	ViexpYb7pGI_7	0	neutral	30074	ViexpYb7pGI_7_0
2624	h0qWin97VyI	5	sadness	4219	h0qWin97VyI_2
7463	3VavIcYEQZs	0	neutral	17983	3VavIcYEQZs_7
9169	YUlYZFS1OZE	1	happy	26368	YUlYZFS1OZE_6
3367	4bY-bFqj97k	0	neutral	5394	4bY-bFqj97k_0
7847	D1rRS3omXQE	0	neutral	19709	D1rRS3omXQE_29
2676	ZEBEYvm25Ks	0	neutral	15268	ZEBEYvm25Ks_4
4031	Pvuv2sn5fDQ	0	neutral	15895	Pvuv2sn5fDQ_2
1956	2vAbXyxt-Jg	0	neutral	5467	2vAbXyxt-Jg_1
772	roTp6csfR0Q	0	neutral	14787	roTp6csfR0Q_0
3012	6W0KFTj50zI	0	neutral	4772	6W0KFTj50zI_0
8781	ScO8_gSXqJQ	1	happy	24458	ScO8_gSXqJQ_60
3064	L4Q_SP_h4NY	0	neutral	4847	L4Q_SP_h4NY_0
5437	tGiJDoDNzGQ	0	neutral	10045	tGiJDoDNzGQ_1
613	7kGm_xBgi1k	0	neutral	12465	7kGm_xBgi1k_5
3121	ILMuDN0GuYA	0	neutral	6848	ILMuDN0GuYA_4
2714	2J5NhPsXHBI	0	neutral	9512	2J5NhPsXHBI_2
6505	tJ4H77qrLjI	0	neutral	14111	tJ4H77qrLjI_0
1459	UY0nYr-dXEI	0	neutral	11791	UY0nYr-dXEI_1
899	mrAFosQlLvE	1	happy	3704	mrAFosQlLvE_5
8849	tjBBL2ZtHt0	1	happy	24758	tjBBL2ZtHt0_31
1144	-jI_ce3qD7Y	1	happy	16463	-jI_ce3qD7Y_5
8271	Jygs4gYq0Gs	1	happy	21955	Jygs4gYq0Gs_10
4375	TeDEtT7YjYY	2	fear	7467	TeDEtT7YjYY_1
8140	hf6biLAyUxM	0	neutral	21093	hf6biLAyUxM_47
9040	wqzMMadF7Ww	1	happy	25720	wqzMMadF7Ww_1
11879	3stoWKVRRmw_0	0	neutral	29539	3stoWKVRRmw_0_4
13545	1M0-T8YVSkQ_3	0	neutral	31228	1M0-T8YVSkQ_3_0
15947	_IsKFu8y9SI_2	0	neutral	33665	_IsKFu8y9SI_2_0
419	d82LKPNesE8	0	neutral	17169	d82LKPNesE8_139
8602	PFBrK7pbqCU	1	happy	23511	PFBrK7pbqCU_1
457	SUQaxkWkB0s	0	neutral	12357	SUQaxkWkB0s_2
1764	TqNaJxRC9NM	1	happy	2975	TqNaJxRC9NM_2
8168	HTSejaU_TrM	0	neutral	21289	HTSejaU_TrM_20
7824	CPYABLupBKM	0	neutral	19577	CPYABLupBKM_26
2063	c57I9OBBF5U	5	sadness	16620	c57I9OBBF5U_0
7663	94LIuid2lRI	0	neutral	18866	94LIuid2lRI_16
8257	JNrH1W7aKc8	1	happy	21859	JNrH1W7aKc8_11
5053	UF2c01_glHU	2	fear	8879	UF2c01_glHU_1
10811	r_-E1R-jGH4_33	0	neutral	28453	r_-E1R-jGH4_33_0
4	HV150LwK8Kc	0	neutral	4	HV150LwK8Kc_8
12662	agjifiJx5zY_9	0	neutral	30335	agjifiJx5zY_9_0
12130	PownFJcYcwc_30	0	neutral	29797	PownFJcYcwc_30_0
8402	M3OiWvfS0Vw	0	neutral	22542	M3OiWvfS0Vw_5
5504	6t2nZgMG38c	5	sadness	10329	6t2nZgMG38c_0
2927	GKsKm9KYbaU	0	neutral	17147	GKsKm9KYbaU_9
15	DIdGRrayLCM	0	neutral	813	DIdGRrayLCM_4
3183	hLbozjgBIE0	0	neutral	10018	hLbozjgBIE0_4
12316	qMT9asz-Kn4_192	0	neutral	29985	qMT9asz-Kn4_192_0
12257	Hf77aI5sDXM_110	1	happy	29925	Hf77aI5sDXM_110_0
14575	-jAXSPW9o4w_7	0	neutral	32269	-jAXSPW9o4w_7_0
818	xbHSfACHWQE	0	neutral	14729	xbHSfACHWQE_1
14983	ipmA6QcRWI0_12	0	neutral	32681	ipmA6QcRWI0_12_0
7761	bMmulJO5BnI	0	neutral	19326	bMmulJO5BnI_14
15987	G4f_opQO7MA_4	0	neutral	33706	G4f_opQO7MA_4_0
1992	vqIpOyyzYUw	0	neutral	3272	vqIpOyyzYUw_1
13560	LKOwiSyqnzc_37	0	neutral	31244	LKOwiSyqnzc_37_0
771	uWY60oFlfxs	0	neutral	1487	uWY60oFlfxs_4
4932	xLWPvOMugpE	0	neutral	13820	xLWPvOMugpE_2
1585	qaQQ3LLyKvo	2	fear	13748	qaQQ3LLyKvo_4
586	ankgJ2nCm3A	0	neutral	8121	ankgJ2nCm3A_5
12063	KYAdaG60kl0_3	0	neutral	29728	KYAdaG60kl0_3_0
8466	N0p_pQ7PTYU	0	neutral	22842	N0p_pQ7PTYU_11
1427	8aWv5tjhJf4	0	neutral	11567	8aWv5tjhJf4_1
7210	s9IrVDvzy98	0	neutral	16787	s9IrVDvzy98_0
7558	7v7n4ibjjOQ	0	neutral	18435	7v7n4ibjjOQ_5
1207	Zavr818GACc	0	neutral	8178	Zavr818GACc_0
4145	bIzsoyK0bJY	2	fear	7047	bIzsoyK0bJY_1
2129	U97UagTDW_0	1	happy	6824	U97UagTDW_0_11
5010	RM2N1w6t1KM	0	neutral	11769	RM2N1w6t1KM_4
8184	i4ivf-ZmorE	0	neutral	21404	i4ivf-ZmorE_28
7880	DMzFK6kWmcU	0	neutral	19884	DMzFK6kWmcU_2
2575	tmUleIek9Fc	0	neutral	9165	tmUleIek9Fc_3
1455	Xdyl9aE0zvY	0	neutral	13933	Xdyl9aE0zvY_0
8920	UpnW9oZYF74	0	neutral	25127	UpnW9oZYF74_2
5046	VUWaWkUQedc	0	neutral	8866	VUWaWkUQedc_1
2437	PeCgryoLpi8	0	neutral	3922	PeCgryoLpi8_0
5535	PvoBUI7uz-w	4	anger	10405	PvoBUI7uz-w_0
12282	fnDwPVh6NmA_58	0	neutral	29951	fnDwPVh6NmA_58_0
7668	150HMV5El9I	0	neutral	18902	150HMV5El9I_12
10869	P4Eh7lVaUpI_4	0	neutral	28511	P4Eh7lVaUpI_4_0
4029	IWjPXaM20kY	0	neutral	15877	IWjPXaM20kY_2
14113	Lqaf3MhkZRg_110	0	neutral	31805	Lqaf3MhkZRg_110_0
4005	QqVgAIcPfXo	1	happy	9707	QqVgAIcPfXo_4
4510	-iuSE7NVc8c	0	neutral	14876	-iuSE7NVc8c_1
1070	OM3lPslDFrI	0	neutral	16381	OM3lPslDFrI_16
588	SUKdlcCiE60	0	neutral	7534	SUKdlcCiE60_5
9131	YbrL3c8NIC8	0	neutral	26148	YbrL3c8NIC8_43
8291	kbjn2bLyi84	0	neutral	22058	kbjn2bLyi84_15
11806	bpFVANZVGTs_34	0	neutral	29466	bpFVANZVGTs_34_0
4626	EQdE660gQaE	0	neutral	8038	EQdE660gQaE_1
8161	hRi36WpGegM	1	happy	21220	hRi36WpGegM_15
3973	NQjBtbSUW5A	0	neutral	15759	NQjBtbSUW5A_1
9570	nJjFamSjlZ0_3	0	neutral	27194	nJjFamSjlZ0_3_0
7989	F7eQRjAKvTQ	0	neutral	20394	F7eQRjAKvTQ_0
10039	rHmrSe5pnvM_6	0	neutral	27669	rHmrSe5pnvM_6_0
699	JzVCSXWeNnA	5	sadness	12596	JzVCSXWeNnA_0
3148	VkwwtlAGSwk	1	happy	16168	VkwwtlAGSwk_3
7894	DUB3sMP5shA	0	neutral	19955	DUB3sMP5shA_6
4789	Dwiczhta4e0	4	anger	8354	Dwiczhta4e0_1
238	q-mgAv_Fxzs	0	neutral	438	q-mgAv_Fxzs_6
5302	BevEBQsAoPk	4	anger	9558	BevEBQsAoPk_1
426	NulXXh0cw4c	4	anger	12200	NulXXh0cw4c_3
7643	027eFX8NNgM	0	neutral	18751	027eFX8NNgM_7
10346	0Fxrs1a7fD0_6	0	neutral	27980	0Fxrs1a7fD0_6_0
3452	SG0MOcrL9cs	0	neutral	5595	SG0MOcrL9cs_0
7686	A9gAwf5z5ZQ	0	neutral	18970	A9gAwf5z5ZQ_7
445	XO4HxR3dPsI	1	happy	1023	XO4HxR3dPsI_2
2369	DLb9vR3Zu3g	7	contempt	10990	DLb9vR3Zu3g_2
8498	nl6oRRoRscU	0	neutral	22948	nl6oRRoRscU_17
7689	aBGpbCaRXt0	1	happy	18980	aBGpbCaRXt0_1
2294	DcioAwBI8BI	0	neutral	4850	DcioAwBI8BI_2
7960	ePUEHt-qKpI	0	neutral	20278	ePUEHt-qKpI_0
8923	UQ5_w6Nz46o	0	neutral	25136	UQ5_w6Nz46o_6
12555	2gCSp8aggNQ_5	1	happy	30227	2gCSp8aggNQ_5_0
8263	jQTsUhVFbYA	0	neutral	21877	jQTsUhVFbYA_9
1108	bdJcCwoJ4KQ	0	neutral	8270	bdJcCwoJ4KQ_2
3703	SF0veYhVpLA	1	happy	15296	SF0veYhVpLA_0
2774	ePBsBnD5_Yg	5	sadness	4448	ePBsBnD5_Yg_3
14070	kqERdDgyEuw_58	0	neutral	31762	kqERdDgyEuw_58_0
5491	U2SdWVntd-o	0	neutral	10305	U2SdWVntd-o_1
5015	UyKyxHFIT3A	4	anger	11778	UyKyxHFIT3A_4
117	i3LBf8gFFJo	0	neutral	457	i3LBf8gFFJo_11
2694	PZABOyyEO0o	0	neutral	4308	PZABOyyEO0o_4
1313	1gKjUEAsY60	0	neutral	8518	1gKjUEAsY60_7
809	DSIAMiQ5ohc	0	neutral	14725	DSIAMiQ5ohc_0
7692	aDshY43Ol2U	0	neutral	18993	aDshY43Ol2U_9
14115	QRiu2f2mwuA_136	0	neutral	31807	QRiu2f2mwuA_136_0
7370	0wLgQQGob1U	0	neutral	17553	0wLgQQGob1U_20
15342	6gacUrFPBEQ_26	0	neutral	33050	6gacUrFPBEQ_26_0
1596	-3KCgSpt3hU	5	sadness	8696	-3KCgSpt3hU_3
3812	z-3ETV74ygs	0	neutral	15570	z-3ETV74ygs_0
12118	PTXPHa0tw14_3	0	neutral	29785	PTXPHa0tw14_3_0
7486	4sEscSxpMKY	0	neutral	18087	4sEscSxpMKY_18
2740	Nl84kSrgLkc	0	neutral	4372	Nl84kSrgLkc_0
1826	N_3_HB0AfdY	0	neutral	10191	N_3_HB0AfdY_1
7623	9NdNh259zjY	7	contempt	18650	9NdNh259zjY_22
9599	DSv1GFHvuJY_31	0	neutral	27223	DSv1GFHvuJY_31_0
2184	J440ql0zXuE	1	happy	16095	J440ql0zXuE_8
8519	n-VauKCseqU	0	neutral	23053	n-VauKCseqU_5
9021	WGvhuhHYhiA	0	neutral	25610	WGvhuhHYhiA_1
3840	a_iEYXLXbjY	4	anger	9539	a_iEYXLXbjY_5
9392	GAmf08XXXGw_4	0	neutral	27015	GAmf08XXXGw_4_0
9477	X6NTegtug0o_1	0	neutral	27101	X6NTegtug0o_1_0
2983	DCThJoIT-bY	0	neutral	9771	DCThJoIT-bY_6
408	eb3x2JKL3qI	0	neutral	14324	eb3x2JKL3qI_0
717	QzPlSeUCED4	0	neutral	1412	QzPlSeUCED4_0
6336	2RLxGHSA95I	1	happy	13466	2RLxGHSA95I_0
3099	iI0ItFnUJwA	5	sadness	4918	iI0ItFnUJwA_0
13490	RD6BuZkzhco_72	0	neutral	31173	RD6BuZkzhco_72_1
11873	maNc6NCQELg_12	0	neutral	29533	maNc6NCQELg_12_0
970	V4ZyJR30wyg	0	neutral	12483	V4ZyJR30wyg_28
4072	7udmObPEWZQ	1	happy	6872	7udmObPEWZQ_0
3870	2QRFeV4rPZE	4	anger	6463	2QRFeV4rPZE_2
2806	zvtUrjfnSnA	4	anger	4471	zvtUrjfnSnA_0
13917	QWXXlTgZB8k_1	0	neutral	31606	QWXXlTgZB8k_1_0
6791	xc2Ctw8pGrc	0	neutral	15239	xc2Ctw8pGrc_1
11454	dhSpE_2OF40_9	0	neutral	29107	dhSpE_2OF40_9_0
3273	xXjPITaIjPA	4	anger	5198	xXjPITaIjPA_0
641	5vqnFqc4XEQ	0	neutral	8344	5vqnFqc4XEQ_5
7624	9nq78d6CRTE	0	neutral	18662	9nq78d6CRTE_5
8202	IGjc99CYKOQ	0	neutral	21481	IGjc99CYKOQ_5
9437	wW3qgCsmFLY_2	0	neutral	27061	wW3qgCsmFLY_2_0
1185	m-L3k3ElIQE	0	neutral	13326	m-L3k3ElIQE_2
3053	4cl5cWYmvgc	0	neutral	6994	4cl5cWYmvgc_3
14664	WbNIAQfQgrs_4	6	disgust	32359	WbNIAQfQgrs_4_0
15899	le8I-C5xF-8_2	0	neutral	33617	le8I-C5xF-8_2_1
152	jaUqGAGsgt0	1	happy	505	jaUqGAGsgt0_10
4094	EdfxUqS_a28	0	neutral	16008	EdfxUqS_a28_1
15080	SHRceRIkvu4_16	0	neutral	32781	SHRceRIkvu4_16_1
15653	63IDj8ZQyfA_5	0	neutral	33369	63IDj8ZQyfA_5_0
9150	yLElO7gxXPo	0	neutral	26288	yLElO7gxXPo_47
7761	bMmulJO5BnI	0	neutral	19319	bMmulJO5BnI_4
419	d82LKPNesE8	0	neutral	12060	d82LKPNesE8_122
1181	refu69Hu5R0	0	neutral	11227	refu69Hu5R0_1
6674	VJU3ID2cXEQ	4	anger	14777	VJU3ID2cXEQ_0
2556	cUyOM3qoXCs	4	anger	4119	cUyOM3qoXCs_0
15142	520k-Td6ef8_2	0	neutral	32844	520k-Td6ef8_2_0
8625	PVvCLgoeN1E	1	happy	23627	PVvCLgoeN1E_33
7492	5_1QLQKVlbE	0	neutral	18111	5_1QLQKVlbE_1
8896	uB69rg6oQrc	0	neutral	25024	uB69rg6oQrc_10
7297	2XCA-mmKzLE	0	neutral	17191	2XCA-mmKzLE_0
4232	wUVJf2CkNNw	1	happy	7212	wUVJf2CkNNw_2
4474	yPAPYhU_zsQ	0	neutral	14710	yPAPYhU_zsQ_2
3167	TyS98_jQIA0	0	neutral	10152	TyS98_jQIA0_5
7949	ej_TjsyAWf0	0	neutral	20189	ej_TjsyAWf0_6
7260	YZrVYAXYyws	0	neutral	16966	YZrVYAXYyws_0
2038	4fwQKF64AWY	0	neutral	5341	4fwQKF64AWY_5
13935	_OgmvD-FWQI_34	0	neutral	31625	_OgmvD-FWQI_34_0
872	6_w07OR3H0E	0	neutral	13823	6_w07OR3H0E_10
15394	F3CEf3iKLl8_15	0	neutral	33105	F3CEf3iKLl8_15_0
3196	j9H76vcQ-wQ	4	anger	5045	j9H76vcQ-wQ_1
3151	k0sEhT8n6VM	5	sadness	4974	k0sEhT8n6VM_5
5416	v8UDjwdqzKY	0	neutral	9961	v8UDjwdqzKY_0
2077	xM1MNPKYl5g	3	surprise	3397	xM1MNPKYl5g_0
11272	jOOxWS3oj1E_0	0	neutral	28917	jOOxWS3oj1E_0_0
9784	Rd-wFxmXmsM_1	0	neutral	27412	Rd-wFxmXmsM_1_0
13044	bo-GZrSI1tg_3	0	neutral	30724	bo-GZrSI1tg_3_0
11686	V6trxLh1zpM_5	0	neutral	29345	V6trxLh1zpM_5_6
2771	S9HEKa5fn64	0	neutral	6350	S9HEKa5fn64_3
7847	D1rRS3omXQE	0	neutral	19701	D1rRS3omXQE_7
2754	v2yOx_R8kJw	0	neutral	4400	v2yOx_R8kJw_0
11808	ZR3L9l7WcHU_40	0	neutral	29468	ZR3L9l7WcHU_40_3
3999	iY5fvk3H2Js	1	happy	6726	iY5fvk3H2Js_1
6871	--QCZKgJt6o	0	neutral	15548	--QCZKgJt6o_0
3018	W18J6bcq9YI	4	anger	15793	W18J6bcq9YI_4
8562	OS2h9MfSri8	0	neutral	23305	OS2h9MfSri8_5
1738	UHPq25mUJwk	0	neutral	12050	UHPq25mUJwk_1
2879	0_UCPY-mSZU	0	neutral	6769	0_UCPY-mSZU_4
1950	IaOlL5WMFI8	0	neutral	3230	IaOlL5WMFI8_4
4243	zQ-EkEju99M	5	sadness	14237	zQ-EkEju99M_3
7472	4Bf5DJV8glE	0	neutral	18025	4Bf5DJV8glE_8
1835	2h3Cf9jIgvc	2	fear	3056	2h3Cf9jIgvc_1
1585	qaQQ3LLyKvo	1	happy	11809	qaQQ3LLyKvo_3
8280	jZZMDc5PwzE	1	happy	22003	jZZMDc5PwzE_0
7461	3tBmFd-1bfI	0	neutral	17968	3tBmFd-1bfI_8
1708	uRjbDsGz2tc	0	neutral	12114	uRjbDsGz2tc_2
14812	qKX9odx2Fk8_2	0	neutral	32509	qKX9odx2Fk8_2_0
673	xgMGnhrKZQI	0	neutral	1994	xgMGnhrKZQI_5
12758	OxoOSohmaag_5	0	neutral	30434	OxoOSohmaag_5_0
1203	BvpE7hZ8hTU	0	neutral	13940	BvpE7hZ8hTU_13
155	dJbOhN7hBAw	1	happy	491	dJbOhN7hBAw_1
8584	P_OT5s6CEjU	0	neutral	23406	P_OT5s6CEjU_38
12379	apYfbfegSgE_21	1	happy	30049	apYfbfegSgE_21_0
8786	SHFX9o5vVNg	0	neutral	24492	SHFX9o5vVNg_21
13310	cXdycT6Gc3M_4	1	happy	30992	cXdycT6Gc3M_4_0
8690	QsVhtCMHc14	0	neutral	24012	QsVhtCMHc14_1
515	ww_lUn3jUoA	5	sadness	1139	ww_lUn3jUoA_0
8409	m61eBU61Y1c	4	anger	22561	m61eBU61Y1c_1
14777	ZGMzjdVn9go_0	0	neutral	32474	ZGMzjdVn9go_0_0
7695	ae6Yia6Rk7I	3	surprise	19024	ae6Yia6Rk7I_21
3815	aEfAFo99jEs	5	sadness	15575	aEfAFo99jEs_2
12375	apYfbfegSgE_11	0	neutral	30045	apYfbfegSgE_11_0
7884	DQ9-wNAfTSY	0	neutral	19892	DQ9-wNAfTSY_4
1657	fx8frruNZxA	1	happy	9057	fx8frruNZxA_0
9046	wsX7Ht-4kfA	0	neutral	25746	wsX7Ht-4kfA_2
766	pppK-fl9a2E	5	sadness	1482	pppK-fl9a2E_1
8670	qM2uXBcfLCs	0	neutral	23924	qM2uXBcfLCs_4
6885	CeE4xdFmuVs	0	neutral	15610	CeE4xdFmuVs_0
8235	j76m3AqMhOc	6	disgust	21682	j76m3AqMhOc_4
2345	72n6oDAUXdo	5	sadness	15826	72n6oDAUXdo_8
3900	IGlBlA7Vr0M	0	neutral	6529	IGlBlA7Vr0M_0
2395	MvRfyxGjA90	0	neutral	3874	MvRfyxGjA90_1
2353	H-eL9ZQeecY	0	neutral	3806	H-eL9ZQeecY_4
8194	IbMavNddq_I	4	anger	21446	IbMavNddq_I_7
1090	gEq_wldXBww	0	neutral	14934	gEq_wldXBww_2
4001	FMbSH8g9vsU	0	neutral	6753	FMbSH8g9vsU_3
14135	t9A84AzfroM_153	0	neutral	31827	t9A84AzfroM_153_0
11762	gJdvjCs_BJ4_3	0	neutral	29422	gJdvjCs_BJ4_3_0
8508	nPdcngQBa4I	1	happy	22991	nPdcngQBa4I_3
7553	7n619EfuSPw	0	neutral	18391	7n619EfuSPw_11
12343	QoqCSdRday0_18	0	neutral	30012	QoqCSdRday0_18_0
2076	mw3M1fIiegc	5	sadness	3396	mw3M1fIiegc_0
15612	ge2apyGfHWs_72	0	neutral	33328	ge2apyGfHWs_72_0
2270	1dwtsZ4IJQE	2	fear	10814	1dwtsZ4IJQE_6
7008	6p2TR62RvGA	0	neutral	16067	6p2TR62RvGA_0
7897	duIOXAk5dDw	0	neutral	19961	duIOXAk5dDw_1
8531	O8KooWOGjRE	1	happy	23159	O8KooWOGjRE_1
749	oN6VvdPnOzM	0	neutral	7743	oN6VvdPnOzM_3
53	biwaF_yRdHM	1	happy	762	biwaF_yRdHM_1
15915	HWe29IZkFac_0	0	neutral	33633	HWe29IZkFac_0_0
12685	QiRmsFKYCuk_27	0	neutral	30359	QiRmsFKYCuk_27_0
8217	IsBB4i4k2PM	0	neutral	21570	IsBB4i4k2PM_1
8270	JwVISWwtoPY	0	neutral	21938	JwVISWwtoPY_18
1900	DTexn9N2HMI	5	sadness	16297	DTexn9N2HMI_6
876	cGDwEP-RWHo	0	neutral	14712	cGDwEP-RWHo_0
228	5vBaMhxpEfo	0	neutral	423	5vBaMhxpEfo_3
7695	ae6Yia6Rk7I	0	neutral	19014	ae6Yia6Rk7I_11
9013	W64977o_FlY	0	neutral	25583	W64977o_FlY_6
13625	s2sveigWmkc_22	0	neutral	31311	s2sveigWmkc_22_0
11475	_uhxO4jvv2Y_3	0	neutral	29130	_uhxO4jvv2Y_3_2
11130	ci-57EL9w-c_26	4	anger	28773	ci-57EL9w-c_26_0
13546	g8kJ0ZkDytE_4	1	happy	31229	g8kJ0ZkDytE_4_0
13964	3exkiQnGd60_25	0	neutral	31654	3exkiQnGd60_25_0
3112	_zjqM0Hmk2A	0	neutral	4913	_zjqM0Hmk2A_3
673	xgMGnhrKZQI	0	neutral	13649	xgMGnhrKZQI_21
3729	RNPPrvhTKuc	0	neutral	6169	RNPPrvhTKuc_0
7527	6NLOGHyt5h4	5	sadness	18282	6NLOGHyt5h4_6
15598	wqMHw9OV7Rw_104	0	neutral	33314	wqMHw9OV7Rw_104_0
8665	qhZFtomQaxw	0	neutral	23876	qhZFtomQaxw_5
7406	1uIBRC3xMEM	0	neutral	17688	1uIBRC3xMEM_36
1979	6wC2DqFJ7UE	0	neutral	5533	6wC2DqFJ7UE_1
7545	7gX5zshcJwY	0	neutral	18360	7gX5zshcJwY_17
7392	1EtAKNwur-c	0	neutral	17613	1EtAKNwur-c_2
3236	ULLpy_WyJds	1	happy	5124	ULLpy_WyJds_1
13549	k9igtzsWY4M_4	0	neutral	31232	k9igtzsWY4M_4_0
13150	JEaX_F6VJLE_10	0	neutral	30831	JEaX_F6VJLE_10_1
8900	uDSpkQ8U2Hs	0	neutral	25040	uDSpkQ8U2Hs_3
9190	Z834nV4ccH8	0	neutral	26487	Z834nV4ccH8_9
1865	Mbn_EUf-PSk	4	anger	10378	Mbn_EUf-PSk_0
14696	rs-B8nr-Ykg_2	0	neutral	32391	rs-B8nr-Ykg_2_0
3219	oY1tp2HG06w	4	anger	5114	oY1tp2HG06w_0
7719	aS-CvCCEV1U	1	happy	19148	aS-CvCCEV1U_8
9177	Yzs6p2VnzL0	0	neutral	26407	Yzs6p2VnzL0_4
2133	YXetIu8JOzI	0	neutral	10739	YXetIu8JOzI_0
704	8f_XrjQP91E	0	neutral	14486	8f_XrjQP91E_4
11314	htYx7KkWfcw_0	0	neutral	28960	htYx7KkWfcw_0_0
8855	TMqnCEdGgiA	1	happy	24811	TMqnCEdGgiA_2
4647	___OJkS9RK0	5	sadness	8057	___OJkS9RK0_0
8215	IPXeiS1tzr4	5	sadness	21564	IPXeiS1tzr4_5
12365	AfKti-q_qF4_27	0	neutral	30034	AfKti-q_qF4_27_0
3361	xdMilnKGJdA	4	anger	5386	xdMilnKGJdA_0
8343	l0ugqf5SoPI	0	neutral	22270	l0ugqf5SoPI_7
707	sE44cB12HIw	0	neutral	7449	sE44cB12HIw_1
9	mrm31EMpIi8	1	happy	278	mrm31EMpIi8_2
8243	jfg48xXOUKA	5	sadness	21781	jfg48xXOUKA_6
222	_Yu-EWF7Fxc	0	neutral	681	_Yu-EWF7Fxc_2
8639	Q9jHF5HOOlY	5	sadness	23665	Q9jHF5HOOlY_2
379	YNAv6w5RDIs	1	happy	14417	YNAv6w5RDIs_1
8329	K-rwStyCrw8	0	neutral	22220	K-rwStyCrw8_2
1670	-qdHE9-8spU	0	neutral	14078	-qdHE9-8spU_5
1043	pgHQyVyKqus	0	neutral	13103	pgHQyVyKqus_0
4332	teoyewW1bUY	4	anger	14529	teoyewW1bUY_1
4414	OoxBZDn-Qlw	0	neutral	8171	OoxBZDn-Qlw_3
15751	QJ_hEhfT-_Y_4	1	happy	33469	QJ_hEhfT-_Y_4_0
4512	o9dLO77OSao	0	neutral	7753	o9dLO77OSao_1
8520	nVz600buGZs	0	neutral	23077	nVz600buGZs_10
3177	kWjZx3bSDHI	1	happy	6925	kWjZx3bSDHI_2
13833	HtSGpflJmno_9	0	neutral	31522	HtSGpflJmno_9_0
11659	5pFQUh2bEd4_10	0	neutral	29317	5pFQUh2bEd4_10_0
7410	1zzQuzIeWHw	0	neutral	17714	1zzQuzIeWHw_4
7634	9zSrYIFFdZw	0	neutral	18712	9zSrYIFFdZw_7
8995	vwOQMK_9pXg	0	neutral	25481	vwOQMK_9pXg_1
1852	dFNhTy0KB9o	0	neutral	16451	dFNhTy0KB9o_0
8595	Pcj_t03eA5Y	0	neutral	23490	Pcj_t03eA5Y_12
11581	DvFBB8301Bk_19	0	neutral	29237	DvFBB8301Bk_19_0
3053	4cl5cWYmvgc	0	neutral	4824	4cl5cWYmvgc_5
9131	YbrL3c8NIC8	0	neutral	26156	YbrL3c8NIC8_54
9600	2VP_ffW5XNc_0	0	neutral	27224	2VP_ffW5XNc_0_0
8719	RB7fstrbJSA	1	happy	24118	RB7fstrbJSA_3
8122	H3zJIP3BJ6Y	0	neutral	20994	H3zJIP3BJ6Y_32
13596	5TzoHqhamDA_1	0	neutral	31282	5TzoHqhamDA_1_0
3175	8JhRzlsZPas	5	sadness	10013	8JhRzlsZPas_3
2460	rSCm0viS2mM	0	neutral	3946	rSCm0viS2mM_1
4060	AX-qpuOuDVg	0	neutral	6847	AX-qpuOuDVg_2
8548	Ohlidcbbggg	0	neutral	23237	Ohlidcbbggg_1
6429	jo-aQkgNMKQ	5	sadness	13826	jo-aQkgNMKQ_1
8702	qYYJCPBTWM8	1	happy	24068	qYYJCPBTWM8_2
481	jBvjrK-pgrA	4	anger	6935	jBvjrK-pgrA_15
5544	_48r2hAePFE	0	neutral	10439	_48r2hAePFE_0
7440	3HBpd1aGqq4	1	happy	17852	3HBpd1aGqq4_4
7449	3Mlc1Xjx8es	1	happy	17902	3Mlc1Xjx8es_2
7776	bVR_QqPabkM	0	neutral	19402	bVR_QqPabkM_9
7539	7DWWSYrYXj8	0	neutral	18314	7DWWSYrYXj8_0
13806	ZrL_aJiQN_o_55	0	neutral	31495	ZrL_aJiQN_o_55_1
9581	-YysVuABIuo_10	0	neutral	27205	-YysVuABIuo_10_0
4312	PMmvUWqeS80	0	neutral	12628	PMmvUWqeS80_4
1786	2FjQQrxBhwQ	5	sadness	5224	2FjQQrxBhwQ_6
380	iLQAuMVT82c	0	neutral	7251	iLQAuMVT82c_4
2095	-LCqZeb1de0	5	sadness	16580	-LCqZeb1de0_3
9218	ZROR48_kCsE	0	neutral	26597	ZROR48_kCsE_14
4311	PahRJMVNho0	0	neutral	7348	PahRJMVNho0_0
7693	AdYiOoBzhHI	0	neutral	19005	AdYiOoBzhHI_24
12855	NF7bt9GkkDM_5	0	neutral	30532	NF7bt9GkkDM_5_0
8547	OhaNsbMOHak	0	neutral	23232	OhaNsbMOHak_3
3289	5gtFQegr2xA	0	neutral	5226	5gtFQegr2xA_2
4281	EELH6-pgf40	5	sadness	7277	EELH6-pgf40_0
4855	HYlXKtn36yE	0	neutral	8487	HYlXKtn36yE_0
534	-2KG4lLGEl0	7	contempt	7468	-2KG4lLGEl0_4
8579	Oz8TYyn-k40	0	neutral	23365	Oz8TYyn-k40_0
1468	ftuBSN4NwSA	5	sadness	2505	ftuBSN4NwSA_2
6098	x22ZX9dGaKk	5	sadness	12555	x22ZX9dGaKk_0
5871	0FkeGnobtfo	5	sadness	11693	0FkeGnobtfo_1
1752	lPOo7SzR7Sc	0	neutral	2949	lPOo7SzR7Sc_1
7812	Cixf80-WZX0	0	neutral	19521	Cixf80-WZX0_1
12229	tMsQsAvHpqU_27	0	neutral	29897	tMsQsAvHpqU_27_0
10210	RnPsLvHFKWc_34	0	neutral	27842	RnPsLvHFKWc_34_1
6351	-yG7Wp5-8EI	0	neutral	13506	-yG7Wp5-8EI_0
865	dfZIeHSiqUc	0	neutral	12793	dfZIeHSiqUc_1
1015	H1rttoUCeUg	0	neutral	11074	H1rttoUCeUg_5
828	k6_TBuGcwzA	4	anger	12898	k6_TBuGcwzA_1
9272	mhZb4Gdfzkk	0	neutral	26798	mhZb4Gdfzkk_8
8332	kTCyZoaORao	0	neutral	22236	kTCyZoaORao_19
1354	9OhIdDNtSv0	0	neutral	2331	9OhIdDNtSv0_0
2050	DECt9uTxaLE	0	neutral	5348	DECt9uTxaLE_5
10246	Smub8HCvgTA_0	0	neutral	27878	Smub8HCvgTA_0_0
10232	93czQ9i_CuY_2	0	neutral	27864	93czQ9i_CuY_2_1
2066	Lurs1FzrSio	0	neutral	16635	Lurs1FzrSio_1
8427	mi4pEsYeljk	0	neutral	22636	mi4pEsYeljk_0
8887	u6HRhOttQG4	1	happy	24971	u6HRhOttQG4_43
5346	zzUYkxN11P4	0	neutral	9736	zzUYkxN11P4_0
10966	2dSGQIcdzJg_12	0	neutral	28609	2dSGQIcdzJg_12_0
4499	GL-FWKqT4_s	2	fear	7729	GL-FWKqT4_s_0
11131	schalFVC534_18	0	neutral	28774	schalFVC534_18_0
8760	RyevycwXzn4	0	neutral	24340	RyevycwXzn4_17
5068	v4U2mAwO6-4	5	sadness	8904	v4U2mAwO6-4_0
663	VwkGKFFk-F4	0	neutral	14438	VwkGKFFk-F4_15
4538	iFAmcQvaqjE	5	sadness	14825	iFAmcQvaqjE_0
1227	0qkVyahL10U	0	neutral	2153	0qkVyahL10U_0
9713	JBYwlOWPt3I_39	0	neutral	27341	JBYwlOWPt3I_39_0
4405	otMPQNd1pn4	0	neutral	12440	otMPQNd1pn4_4
12712	GCrcoTBcT_A_2	0	neutral	30387	GCrcoTBcT_A_2_0
8140	hf6biLAyUxM	0	neutral	21082	hf6biLAyUxM_27
14184	RYTYlTHmuzQ_2	1	happy	31876	RYTYlTHmuzQ_2_0
4490	K3OlytfxzHU	1	happy	7721	K3OlytfxzHU_1
12871	qGTXPkcWE10_4	0	neutral	30548	qGTXPkcWE10_4_0
7409	1YfqtkqVneg	0	neutral	17711	1YfqtkqVneg_0
8923	UQ5_w6Nz46o	0	neutral	25130	UQ5_w6Nz46o_0
11755	5Uh6DP7b-8g_2	1	happy	29415	5Uh6DP7b-8g_2_0
7885	dqOYWPemcQ4	0	neutral	19910	dqOYWPemcQ4_17
8386	Lrpy2CCnJR0	1	happy	22489	Lrpy2CCnJR0_34
14183	YbSb59z35Wc_0	0	neutral	31875	YbSb59z35Wc_0_0
5156	zl8NQ2j2S9Y	0	neutral	9075	zl8NQ2j2S9Y_0
2606	0lfdsM3s-eI	0	neutral	4170	0lfdsM3s-eI_4
9181	z6HT8ymK0fc	1	happy	26427	z6HT8ymK0fc_8
2860	QrmQqEg4isU	0	neutral	4577	QrmQqEg4isU_1
8048	fWIgdO9LhKQ	0	neutral	20635	fWIgdO9LhKQ_4
12757	I4AgeDIrHGY_33	0	neutral	30433	I4AgeDIrHGY_33_0
575	P8ZCZJpluDA	4	anger	1213	P8ZCZJpluDA_2
1856	AtcaQ4_DBOs	0	neutral	10198	AtcaQ4_DBOs_6
132	cMMv6soYyoA	0	neutral	210	cMMv6soYyoA_0
7718	ARjeK8cu8JY	0	neutral	19141	ARjeK8cu8JY_0
371	MMigS6B4t3Q	0	neutral	12246	MMigS6B4t3Q_1
7804	CEjNfCl026c	1	happy	19495	CEjNfCl026c_8
1691	yayNXxs76vE	0	neutral	2857	yayNXxs76vE_5
3424	RCtr3omWx-A	1	happy	5514	RCtr3omWx-A_2
8356	L7ST8ob-Uvg	0	neutral	22306	L7ST8ob-Uvg_17
4973	_2g7CTRkaxc	1	happy	8704	_2g7CTRkaxc_0
11840	hi8Bl7BR_KA_0	0	neutral	29500	hi8Bl7BR_KA_0_0
8160	hRhwFjccWk8	4	anger	21210	hRhwFjccWk8_9
4927	KTpT_eUnOFs	5	sadness	13781	KTpT_eUnOFs_0
15715	qsCTlfVUir4_3	0	neutral	33432	qsCTlfVUir4_3_0
591	CrYqMX-T7G8	0	neutral	11746	CrYqMX-T7G8_9
3744	mqhpZ30uNic	0	neutral	6215	mqhpZ30uNic_0
11603	7qTq8W61Oo4_11	0	neutral	29260	7qTq8W61Oo4_11_0
3218	8YQZMbgpmIo	0	neutral	5117	8YQZMbgpmIo_2
12514	LjF4eMrYfG0_10	1	happy	30186	LjF4eMrYfG0_10_0
5973	O0PDEEFMUB4	0	neutral	12113	O0PDEEFMUB4_1
1049	SICgSUjl2lg	0	neutral	2476	SICgSUjl2lg_8
4285	H177TSRFiTo	0	neutral	7294	H177TSRFiTo_1
8043	FS_8mCvPzzc	1	happy	20626	FS_8mCvPzzc_8
1787	DQjDI3NorAY	0	neutral	3002	DQjDI3NorAY_4
1740	hZvud4MnaQ0	5	sadness	13978	hZvud4MnaQ0_5
465	ryvvNrcMh-c	4	anger	1060	ryvvNrcMh-c_1
2514	RDnvXAkMnx8	0	neutral	4032	RDnvXAkMnx8_4
3014	tD4MidQ3KeE	1	happy	15786	tD4MidQ3KeE_3
3622	qkHSTpTqlug	0	neutral	5953	qkHSTpTqlug_0
8835	Tag-sW2WEX4	0	neutral	24693	Tag-sW2WEX4_1
504	rClviS6MMvk	0	neutral	12309	rClviS6MMvk_1
15984	2-9FN69f0TQ_166	0	neutral	33703	2-9FN69f0TQ_166_0
419	d82LKPNesE8	0	neutral	16556	d82LKPNesE8_107
2306	ylvh800i85I	0	neutral	3725	ylvh800i85I_2
1761	sAwwDhNJJO0	0	neutral	2952	sAwwDhNJJO0_1
602	HuQL_wNtT-A	5	sadness	12441	HuQL_wNtT-A_1
8593	P9crQgGmWmo	0	neutral	23475	P9crQgGmWmo_1
3357	f5e73A39TF4	0	neutral	5377	f5e73A39TF4_1
3042	ouo4Q4atBRo	4	anger	4812	ouo4Q4atBRo_1
15502	RgX-nc3Yumk_6	0	neutral	33217	RgX-nc3Yumk_6_0
11316	7a89ubAhXWY_44	1	happy	28962	7a89ubAhXWY_44_1
11212	UWfBdyocz7c_6	1	happy	28856	UWfBdyocz7c_6_0
8185	I9EOv4Yu4Kk	7	contempt	21406	I9EOv4Yu4Kk_10
7645	32LChHJOCKI	0	neutral	18773	32LChHJOCKI_18
1195	GdrUYcOTUvY	0	neutral	11363	GdrUYcOTUvY_4
5274	F8q-K4BTbEk	0	neutral	9473	F8q-K4BTbEk_0
6730	jcmTZfv5z-k	0	neutral	15000	jcmTZfv5z-k_0
2095	-LCqZeb1de0	5	sadness	10586	-LCqZeb1de0_5
7009	YMyU4VxZ674	5	sadness	16055	YMyU4VxZ674_0
883	1GfDQpfUaHQ	0	neutral	1640	1GfDQpfUaHQ_2
388	f5umSa_YYX0	0	neutral	12983	f5umSa_YYX0_8
7047	L8Ig4HbgA0c	0	neutral	16215	L8Ig4HbgA0c_1
15814	zh3VdxiRKuY_2	0	neutral	33532	zh3VdxiRKuY_2_0
11306	Vqkwdv8RAGk_12	0	neutral	28952	Vqkwdv8RAGk_12_0
12427	xT5d0OuPnjY_2	0	neutral	30098	xT5d0OuPnjY_2_0
3123	6DQTWY9wTO8	0	neutral	4932	6DQTWY9wTO8_0
1577	7jjEq8cwQmA	0	neutral	2683	7jjEq8cwQmA_1
2550	ISjmjYU-kMI	0	neutral	4084	ISjmjYU-kMI_0
3909	G-fyxbtiDDo	1	happy	9423	G-fyxbtiDDo_4
14687	p5mQZJT-tb0_5	0	neutral	32382	p5mQZJT-tb0_5_0
8149	hjIFw2Ic__s	1	happy	21131	hjIFw2Ic__s_2
4856	qS2Np6zxXm0	0	neutral	8505	qS2Np6zxXm0_0
739	x4mgu7Q0rUA	0	neutral	12784	x4mgu7Q0rUA_1
7090	oqGij9ylbAk	1	happy	16340	oqGij9ylbAk_0
6279	apasYYh6nEA	5	sadness	13282	apasYYh6nEA_0
7008	6p2TR62RvGA	0	neutral	16050	6p2TR62RvGA_1
15758	xDZwZDK-8Co_73	0	neutral	33476	xDZwZDK-8Co_73_0
11379	07G9Qm4KeV8_16	0	neutral	29025	07G9Qm4KeV8_16_0
2238	dshJG5PEOqY	4	anger	3639	dshJG5PEOqY_4
2630	IuiKCwrTYO0	0	neutral	4202	IuiKCwrTYO0_3
2686	5sa5fdcafzk	5	sadness	9320	5sa5fdcafzk_1
11774	jlwxjGtxXsY_0	0	neutral	29434	jlwxjGtxXsY_0_1
11409	S4GUD-kRpbI_29	0	neutral	29061	S4GUD-kRpbI_29_2
737	BwM88qsuB00	0	neutral	14886	BwM88qsuB00_1
14656	CGmfZy7qpxw_3	1	happy	32351	CGmfZy7qpxw_3_0
11048	iR3hRP-uNI0_3	0	neutral	28691	iR3hRP-uNI0_3_0
8987	vPrksrZT9WE	0	neutral	25454	vPrksrZT9WE_3
9130	YbqP2YGIOac	6	disgust	26124	YbqP2YGIOac_4
8288	kauo3Hj1lt4	0	neutral	22028	kauo3Hj1lt4_5
3473	T3RFyx3GGW4	0	neutral	16851	T3RFyx3GGW4_3
14247	8NzECjH06rg_0	0	neutral	31940	8NzECjH06rg_0_0
2481	pvNA2JkMfSI	0	neutral	14689	pvNA2JkMfSI_10
1899	7uOhTRONUbY	0	neutral	5138	7uOhTRONUbY_2
9152	YmSABCyLEV0	0	neutral	26301	YmSABCyLEV0_11
281	5CcI2XqAX-s	0	neutral	624	5CcI2XqAX-s_1
2388	QEQp25xImoA	4	anger	3847	QEQp25xImoA_6
3580	pU3klLr1CPA	0	neutral	5843	pU3klLr1CPA_1
2718	HiavOVW1Iv8	0	neutral	4343	HiavOVW1Iv8_0
13025	1Zyy-I3RSws_0	0	neutral	30705	1Zyy-I3RSws_0_0
1931	AIVJ0lAldys	5	sadness	10354	AIVJ0lAldys_1
8273	Jyq8DBBYkKM	1	happy	21973	Jyq8DBBYkKM_0
7451	3nf2j5uWKmE	0	neutral	17917	3nf2j5uWKmE_25
7824	CPYABLupBKM	0	neutral	19580	CPYABLupBKM_32
14753	dLw3l-m5Vhs_11	0	neutral	32450	dLw3l-m5Vhs_11_2
15699	gta6DDKSvyU_4	0	neutral	33415	gta6DDKSvyU_4_0
13721	RkOwVFeccxQ_0	0	neutral	31409	RkOwVFeccxQ_0_0
5383	kKBsDfBDmG0	0	neutral	9889	kKBsDfBDmG0_1
1409	7ZUVMim8ebM	0	neutral	2406	7ZUVMim8ebM_3
497	1xXjjahIwr8	5	sadness	14229	1xXjjahIwr8_4
1699	_BeHUjskbZo	0	neutral	2867	_BeHUjskbZo_2
8413	Mb-ynUI4Me4	0	neutral	22578	Mb-ynUI4Me4_0
9122	Y1VyYbpE6KU	3	surprise	26106	Y1VyYbpE6KU_12
13250	q2NdwwRWatk_2	0	neutral	30931	q2NdwwRWatk_2_0
8037	FPYJX56wzgQ	5	sadness	20582	FPYJX56wzgQ_6
8686	qs7FL5DVDMA	0	neutral	23994	qs7FL5DVDMA_3
8781	ScO8_gSXqJQ	1	happy	24459	ScO8_gSXqJQ_61
8687	QS8bma7LRX4	0	neutral	24003	QS8bma7LRX4_4
3871	aYDbZcWDe7I	0	neutral	15532	aYDbZcWDe7I_3
530	DaDZptGm6nI	5	sadness	12332	DaDZptGm6nI_3
3124	X5m5FbZLvZs	0	neutral	4955	X5m5FbZLvZs_2
9137	yeecaX1zN8k	0	neutral	26226	yeecaX1zN8k_1
5003	4frYhsIGjJU	4	anger	13925	4frYhsIGjJU_0
12967	Jsc1i6g7enU_28	0	neutral	30646	Jsc1i6g7enU_28_0
8849	tjBBL2ZtHt0	1	happy	24740	tjBBL2ZtHt0_11
3814	L0dWlIl6wpE	0	neutral	6355	L0dWlIl6wpE_2
2573	iv_Q51lofKM	4	anger	4120	iv_Q51lofKM_0
1279	Wy4EfdnMZ5g	0	neutral	13684	Wy4EfdnMZ5g_4
1602	zM7w3qU9q5c	0	neutral	11813	zM7w3qU9q5c_3
4798	891-YR-fgsk	0	neutral	8358	891-YR-fgsk_2
95	fnaNKO7lxiA	0	neutral	139	fnaNKO7lxiA_0
8070	gC4rYtR9XCU	0	neutral	20741	gC4rYtR9XCU_40
3387	a87b-bsz1Mg	5	sadness	5436	a87b-bsz1Mg_1
7873	dJKmVxOv-GM	0	neutral	19839	dJKmVxOv-GM_6
9506	n-8m6IVOI6E_0	0	neutral	27130	n-8m6IVOI6E_0_0
11793	hNIrrvVAVxY_0	0	neutral	29453	hNIrrvVAVxY_0_0
1079	282_VCffiTo	0	neutral	7949	282_VCffiTo_4
2952	7HEi1kmCzEY	0	neutral	4689	7HEi1kmCzEY_1
67	OaBb6-Bv0Tc	0	neutral	92	OaBb6-Bv0Tc_0
668	OITlRvFUiWI	5	sadness	8672	OITlRvFUiWI_3
4988	bvITByUy5fA	5	sadness	8757	bvITByUy5fA_0
2199	bNg1XX5ofhw	5	sadness	3578	bNg1XX5ofhw_0
7887	DR4AhAGBiT4	0	neutral	19920	DR4AhAGBiT4_6
14148	xLKI_QYNNRI_77	0	neutral	31840	xLKI_QYNNRI_77_0
4111	qgp4uS-OWtg	0	neutral	6956	qgp4uS-OWtg_1
1956	2vAbXyxt-Jg	0	neutral	3219	2vAbXyxt-Jg_6
2123	ShCW6mr_rsM	0	neutral	16949	ShCW6mr_rsM_4
6057	aHV7IUgaCy8	0	neutral	12414	aHV7IUgaCy8_1
8562	OS2h9MfSri8	0	neutral	23304	OS2h9MfSri8_1
2414	7Cyzq1bWpZs	0	neutral	15914	7Cyzq1bWpZs_6
8300	kEnK0ZdMThc	0	neutral	22113	kEnK0ZdMThc_0
12698	_MDFPSWhBc4_15	0	neutral	30372	_MDFPSWhBc4_15_0
2414	7Cyzq1bWpZs	0	neutral	9704	7Cyzq1bWpZs_0
2370	Vjc0wdQtl64	0	neutral	3820	Vjc0wdQtl64_0
2528	I_Ld8Rtl-Gc	0	neutral	4047	I_Ld8Rtl-Gc_2
738	yTNjsgJ1wwc	0	neutral	14865	yTNjsgJ1wwc_0
9095	xMsNaa5gqYw	0	neutral	25947	xMsNaa5gqYw_6
8277	JZC_q1ZuDik	0	neutral	21986	JZC_q1ZuDik_3
73	jbATk5N5Ai8	0	neutral	99	jbATk5N5Ai8_3
7703	aKAp3q6Bv8w	0	neutral	19098	aKAp3q6Bv8w_12
12701	VzjuZB1WGpM_10	0	neutral	30375	VzjuZB1WGpM_10_0
8298	KdPdkcWcL0o	0	neutral	22108	KdPdkcWcL0o_29
14688	Fo-7_LkBO-k_16	0	neutral	32383	Fo-7_LkBO-k_16_0
874	jiHXahhmzjw	5	sadness	1631	jiHXahhmzjw_2
9167	yTu_YMzEjEQ	1	happy	26351	yTu_YMzEjEQ_17
7956	eMFH8Agv6Lk	1	happy	20255	eMFH8Agv6Lk_9
11789	6T6KR9-Tae4_21	1	happy	29449	6T6KR9-Tae4_21_0
8240	JDQcnQpxOj8	0	neutral	21716	JDQcnQpxOj8_27
6573	PoLLgzdPkss	0	neutral	14401	PoLLgzdPkss_0
386	4M2WTfCDtyU	0	neutral	12286	4M2WTfCDtyU_1
2988	6H3eyZdo0ag	0	neutral	4740	6H3eyZdo0ag_0
1998	7T9nzAu7orw	0	neutral	3287	7T9nzAu7orw_0
7817	cmu1VzO5N9E	0	neutral	19538	cmu1VzO5N9E_4
4548	qyahArlpaII	0	neutral	14976	qyahArlpaII_1
1547	cT1iUwGGUAg	0	neutral	11900	cT1iUwGGUAg_1
1941	0KbxR3VjAg8	0	neutral	10501	0KbxR3VjAg8_2
2776	ZPjREKxiNsQ	0	neutral	15565	ZPjREKxiNsQ_4
8801	SoAK_tqhUZw	1	happy	24531	SoAK_tqhUZw_10
9186	z8ietmnBmAQ	1	happy	26456	z8ietmnBmAQ_4
6012	r_4mV_DSse4	0	neutral	12223	r_4mV_DSse4_0
14409	rkMuyeAL6qI_90	1	happy	32103	rkMuyeAL6qI_90_0
1576	2BuU0LMgxl0	1	happy	2707	2BuU0LMgxl0_3
3897	v_3W2tlaxrU	0	neutral	6514	v_3W2tlaxrU_0
13370	PZ8NPeYFPCY_42	0	neutral	31052	PZ8NPeYFPCY_42_0
4163	z7gYF5LF-ec	1	happy	16196	z7gYF5LF-ec_1
15209	vkdPJX3z2rc_0	0	neutral	32911	vkdPJX3z2rc_0_1
13685	EXupWPGsELI_18	1	happy	31372	EXupWPGsELI_18_0
967	UQ15FRltlsY	1	happy	11912	UQ15FRltlsY_8
7345	_wiIxAcoTF4	0	neutral	17436	_wiIxAcoTF4_12
3595	gkmhppxFk84	1	happy	5875	gkmhppxFk84_0
1192	oNiW2ftWINg	0	neutral	11373	oNiW2ftWINg_1
11402	uJSyWqn4fiE_24	0	neutral	29051	uJSyWqn4fiE_24_0
4630	FAAKfmF5Jl4	4	anger	15178	FAAKfmF5Jl4_2
8956	vdZKrhwMIN8	0	neutral	25293	vdZKrhwMIN8_13
14635	vwb5S37Klwg_4	0	neutral	32330	vwb5S37Klwg_4_0
8933	Uu3xazfdmvk	0	neutral	25194	Uu3xazfdmvk_22
1907	R1k_1p3mitg	5	sadness	10331	R1k_1p3mitg_7
481	jBvjrK-pgrA	4	anger	10968	jBvjrK-pgrA_53
8664	QhWWODVLgKY	0	neutral	23872	QhWWODVLgKY_6
6727	ljMuEDlInLo	0	neutral	14969	ljMuEDlInLo_0
1790	MF_RlYTOmco	3	surprise	3000	MF_RlYTOmco_1
3503	CdppQAIYPzY	0	neutral	5676	CdppQAIYPzY_0
14959	nGxjFaviDFQ_214	0	neutral	32657	nGxjFaviDFQ_214_0
11007	xjUYkexNCAs_12	1	happy	28650	xjUYkexNCAs_12_0
7406	1uIBRC3xMEM	0	neutral	17686	1uIBRC3xMEM_34
8283	K3u9txMqbWA	0	neutral	22013	K3u9txMqbWA_0
8270	JwVISWwtoPY	0	neutral	21941	JwVISWwtoPY_27
13333	ckWicPs_r4g_17	0	neutral	31015	ckWicPs_r4g_17_0
7351	_zNhY-IBLzc	0	neutral	17462	_zNhY-IBLzc_37
4064	CruIPzBeY2w	0	neutral	6867	CruIPzBeY2w_1
6481	pesYeCruSyI	0	neutral	14018	pesYeCruSyI_1
2839	lmXulmt7HQY	0	neutral	4520	lmXulmt7HQY_7
620	r9mcNXIJFbY	0	neutral	1280	r9mcNXIJFbY_3
6067	rsnLwzzkF_Q	0	neutral	12430	rsnLwzzkF_Q_0
878	2KSsJljTmDc	1	happy	1635	2KSsJljTmDc_1
588	SUKdlcCiE60	7	contempt	1226	SUKdlcCiE60_3
4569	Hohdy0QZlEI	0	neutral	7886	Hohdy0QZlEI_3
15886	SNZ4LmrmGyg_0	0	neutral	33604	SNZ4LmrmGyg_0_0
7743	B24Dt1HKKOM	1	happy	19243	B24Dt1HKKOM_12
370	zSBXBMVa_Y0	1	happy	928	zSBXBMVa_Y0_0
820	Kc2EYuV33Ns	0	neutral	14736	Kc2EYuV33Ns_5
14254	4Orb6AqlaMU_1	0	neutral	31947	4Orb6AqlaMU_1_0
138	B13f27uwox0	0	neutral	465	B13f27uwox0_13
664	rxC2ZWU4IPo	0	neutral	12587	rxC2ZWU4IPo_0
8727	RFWu1N9hP40	0	neutral	24146	RFWu1N9hP40_7
8456	MUvcpjeUFpU	0	neutral	22756	MUvcpjeUFpU_16
5076	W7BLikBY5Ak	0	neutral	8914	W7BLikBY5Ak_2
13830	jcECWz13rqo_7	0	neutral	31519	jcECWz13rqo_7_0
5109	q3Vvto0REuc	0	neutral	8979	q3Vvto0REuc_2
10933	uS70S1Tnrjw_0	0	neutral	28576	uS70S1Tnrjw_0_0
13468	d0ItVdi8Jkg_1	0	neutral	31150	d0ItVdi8Jkg_1_0
15908	uSnfiQcQSVE_1	0	neutral	33626	uSnfiQcQSVE_1_0
12463	1m17Yoh73uU_4	0	neutral	30134	1m17Yoh73uU_4_0
7681	A5R-wZbzLEA	1	happy	18948	A5R-wZbzLEA_4
1257	-hYcw2-bCGU	0	neutral	2195	-hYcw2-bCGU_2
9209	zn4IprguwWQ	0	neutral	26543	zn4IprguwWQ_8
4404	ebj_l5icPPg	1	happy	14581	ebj_l5icPPg_1
8298	KdPdkcWcL0o	0	neutral	22100	KdPdkcWcL0o_12
9971	4YTmrCLeidc_68	1	happy	27600	4YTmrCLeidc_68_0
610	Ak8uiLVkpy4	0	neutral	12461	Ak8uiLVkpy4_2
7487	4tASl0auPOg	7	contempt	18090	4tASl0auPOg_6
3378	AxxKJ2QgPtY	0	neutral	5425	AxxKJ2QgPtY_0
216	2-5AqwcNgCw	0	neutral	649	2-5AqwcNgCw_3
3366	MaSm7idHMtI	5	sadness	5414	MaSm7idHMtI_3
9711	Hw6SLs4iCeQ_0	0	neutral	27338	Hw6SLs4iCeQ_0_0
2678	fMbOYSpxXUU	0	neutral	15260	fMbOYSpxXUU_6
8202	IGjc99CYKOQ	0	neutral	21480	IGjc99CYKOQ_4
2368	m8XPPI58rnM	4	anger	3818	m8XPPI58rnM_2
8741	rMuz6tRGsKU	0	neutral	24246	rMuz6tRGsKU_1
6049	tXhTaL04ByA	0	neutral	12358	tXhTaL04ByA_1
12704	b1A79CvmIMs_0	1	happy	30378	b1A79CvmIMs_0_0
9802	yTkKgIVnF2c_121	0	neutral	27430	yTkKgIVnF2c_121_0
807	TmTq2M6xgEs	0	neutral	1536	TmTq2M6xgEs_1
7795	C587hlYAuxA	0	neutral	19471	C587hlYAuxA_1
13692	tyRhD6tevU0_29	0	neutral	31379	tyRhD6tevU0_29_0
1460	K0c_lhMokKI	5	sadness	8801	K0c_lhMokKI_5
8820	t5rqGq53htA	0	neutral	24627	t5rqGq53htA_9
8654	qe0_BKkfg6g	0	neutral	23775	qe0_BKkfg6g_22
956	-uCFfGjnRa8	1	happy	11263	-uCFfGjnRa8_6
2637	OEf-Lee0YnE	0	neutral	4209	OEf-Lee0YnE_0
8291	kbjn2bLyi84	1	happy	22053	kbjn2bLyi84_8
8209	IMepyAzPA-8	0	neutral	21543	IMepyAzPA-8_5
4994	ZLhyjNnrb6s	4	anger	13905	ZLhyjNnrb6s_1
5727	FuYjhxmpoOQ	1	happy	11121	FuYjhxmpoOQ_0
449	N9uT3yyoaGY	0	neutral	1043	N9uT3yyoaGY_1
13463	aAORR00FXJc_0	0	neutral	31145	aAORR00FXJc_0_0
1869	UZnEqDr9PKE	0	neutral	3105	UZnEqDr9PKE_6
12225	oVAxy9mK7oY_39	0	neutral	29893	oVAxy9mK7oY_39_0
11739	yux6gP84LTg_0	1	happy	29399	yux6gP84LTg_0_0
1153	PlkvQ0NbjUs	0	neutral	11204	PlkvQ0NbjUs_2
5360	p3ZnaRMhD_A	4	anger	9778	p3ZnaRMhD_A_0
9058	Wyj3zKHsrpA	0	neutral	25798	Wyj3zKHsrpA_4
9318	oIiqVrKDtLc_10	0	neutral	26941	oIiqVrKDtLc_10_0
152	jaUqGAGsgt0	0	neutral	243	jaUqGAGsgt0_17
11325	DZNndboIO0g_9	0	neutral	28971	DZNndboIO0g_9_0
8265	JvaqRQswHl4	0	neutral	21895	JvaqRQswHl4_9
4497	QDXL4P4N9AE	0	neutral	7726	QDXL4P4N9AE_0
12447	IF--1BDtvKk_4	0	neutral	30118	IF--1BDtvKk_4_0
12809	nUCvXzSncHs_18	1	happy	30486	nUCvXzSncHs_18_0
8781	ScO8_gSXqJQ	0	neutral	24449	ScO8_gSXqJQ_44
11593	U__6uhiJQVw_44	0	neutral	29250	U__6uhiJQVw_44_3
6019	bRdl0iPVhZY	4	anger	12248	bRdl0iPVhZY_0
12119	WRXZjLk_4Hk_6	0	neutral	29786	WRXZjLk_4Hk_6_0
5906	Qq0LycNDU8o	0	neutral	11827	Qq0LycNDU8o_0
6038	yQMTHffP3DE	0	neutral	12340	yQMTHffP3DE_1
8930	UT7io8i9SMA	0	neutral	25175	UT7io8i9SMA_7
9470	Ds9zhihsiyw_3	0	neutral	27094	Ds9zhihsiyw_3_4
10797	oIsqevf7Ee4_186	0	neutral	28439	oIsqevf7Ee4_186_0
2641	IALE2ESJA70	5	sadness	15331	IALE2ESJA70_4
15456	dGMsaPMvjIQ_39	0	neutral	33170	dGMsaPMvjIQ_39_0
11220	zMP_4f-IPuY_12	0	neutral	28864	zMP_4f-IPuY_12_0
9512	ZNR8hj_dFzA_11	0	neutral	27136	ZNR8hj_dFzA_11_0
1382	01ClRWyf9I4	1	happy	8409	01ClRWyf9I4_1
7831	CVHkRwXmOW8	0	neutral	19608	CVHkRwXmOW8_3
15161	J48dp4HPTCE_28	0	neutral	32863	J48dp4HPTCE_28_0
1913	3Blk7Vo0abY	0	neutral	3160	3Blk7Vo0abY_2
14980	tFqthTgaNZU_4	1	happy	32678	tFqthTgaNZU_4_0
2228	AApQkNSViGg	0	neutral	3628	AApQkNSViGg_1
11733	KQjK9MHV-yI_0	0	neutral	29393	KQjK9MHV-yI_0_2
9482	JvmlHcWM598_0	0	neutral	27106	JvmlHcWM598_0_0
7518	6Cp-A01Qiqo	1	happy	18234	6Cp-A01Qiqo_4
905	SDIk9DOro4A	0	neutral	13024	SDIk9DOro4A_6
4789	Dwiczhta4e0	0	neutral	11229	Dwiczhta4e0_5
7824	CPYABLupBKM	0	neutral	19564	CPYABLupBKM_1
13070	optN5VDoVwU_17	0	neutral	30750	optN5VDoVwU_17_0
14136	tIJZ6BZEgWs_31	0	neutral	31828	tIJZ6BZEgWs_31_3
7406	1uIBRC3xMEM	0	neutral	17664	1uIBRC3xMEM_6
7965	et-26-GVkAw	0	neutral	20298	et-26-GVkAw_2
6686	4WfCOqrgbSk	4	anger	14808	4WfCOqrgbSk_0
7525	6K1RzetttOA	0	neutral	18270	6K1RzetttOA_50
2284	Mkkd7taPqEY	0	neutral	5685	Mkkd7taPqEY_0
3340	csbt4-W3o4c	0	neutral	5346	csbt4-W3o4c_1
232	cYAtvv-wopk	1	happy	428	cYAtvv-wopk_0
11541	roLoTlVu0Sc_12	0	neutral	29196	roLoTlVu0Sc_12_0
8383	Lqg5fiwIQso	0	neutral	22464	Lqg5fiwIQso_7
3938	00I2Ofraf4A	5	sadness	15829	00I2Ofraf4A_1
1810	rbtZuYVWt-c	1	happy	3021	rbtZuYVWt-c_7
14038	dss_gP60iLM_2	0	neutral	31730	dss_gP60iLM_2_0
15730	9zfE01wRcG0_34	0	neutral	33447	9zfE01wRcG0_34_0
3496	PLPb1pB0vJg	7	contempt	5667	PLPb1pB0vJg_1
7542	7FyjCUDR0IM	0	neutral	18335	7FyjCUDR0IM_6
15808	chZ9dFclU3U_0	0	neutral	33526	chZ9dFclU3U_0_0
1557	4k1Vx0equfE	0	neutral	8670	4k1Vx0equfE_6
710	w5oWgKtku3Q	5	sadness	1406	w5oWgKtku3Q_1
3040	JyTf7wR8vWI	5	sadness	4810	JyTf7wR8vWI_0
1606	qnFWCagTOtw	1	happy	12024	qnFWCagTOtw_1
2582	YfzEFx0NzCo	2	fear	9169	YfzEFx0NzCo_2
8741	rMuz6tRGsKU	0	neutral	24248	rMuz6tRGsKU_3
3189	oBvB83S_U4w	0	neutral	6951	oBvB83S_U4w_3
1634	9Eo8snaeDJs	0	neutral	14185	9Eo8snaeDJs_4
9936	Wh8XCqfBKfo_0	0	neutral	27565	Wh8XCqfBKfo_0_0
3253	jmmawolzwCs	5	sadness	5160	jmmawolzwCs_0
7636	17Km-P0IJZY	1	happy	18737	17Km-P0IJZY_25
840	pi7Qfur-xLA	1	happy	14768	pi7Qfur-xLA_7
11211	BnT8PiBu_lc_11	0	neutral	28855	BnT8PiBu_lc_11_0
419	d82LKPNesE8	0	neutral	12421	d82LKPNesE8_185
839	6hiEMyCIoQ0	5	sadness	12891	6hiEMyCIoQ0_5
11269	wNm--MQosio_7	0	neutral	28914	wNm--MQosio_7_0
7049	Ded2FG1gA0c	5	sadness	16207	Ded2FG1gA0c_0
673	xgMGnhrKZQI	1	happy	12725	xgMGnhrKZQI_81
3770	tmZiGfLVs8w	0	neutral	15459	tmZiGfLVs8w_3
1765	9qIyHCcK9Qo	0	neutral	2974	9qIyHCcK9Qo_0
1486	gIgau9NdoQE	0	neutral	2536	gIgau9NdoQE_1
7345	_wiIxAcoTF4	0	neutral	17439	_wiIxAcoTF4_19
8192	ia8F0GV10mA	1	happy	21430	ia8F0GV10mA_8
12293	gnJhtqaxAek_114	0	neutral	29962	gnJhtqaxAek_114_0
4901	O5a4ioZEXFw	1	happy	8565	O5a4ioZEXFw_1
13078	4Hy-CybHBW8_8	0	neutral	30758	4Hy-CybHBW8_8_0
2309	ianm1c7FtRo	4	anger	17250	ianm1c7FtRo_2
1336	RxLb-Iqyqps	0	neutral	12854	RxLb-Iqyqps_10
8644	QAxHWbCQyr8	1	happy	23703	QAxHWbCQyr8_11
5717	moeAot5_Q_U	0	neutral	11051	moeAot5_Q_U_0
7991	f9PF4MhkYzs	0	neutral	20397	f9PF4MhkYzs_3
8102	gW_OSQgHhAc	0	neutral	20859	gW_OSQgHhAc_3
5169	0IrxnehO5mc	5	sadness	9093	0IrxnehO5mc_0
14620	ZeDBSFnNSgM_22	0	neutral	32315	ZeDBSFnNSgM_22_0
10749	ns3vnmYCOzw_6	0	neutral	28389	ns3vnmYCOzw_6_0
7771	bsQAJXaVlXU	1	happy	19377	bsQAJXaVlXU_0
8673	qN3TquDtKdU	1	happy	23935	qN3TquDtKdU_6
13761	DBxdTkddHaE_35	0	neutral	31450	DBxdTkddHaE_35_0
10925	1ASK_6ElxZc_23	0	neutral	28568	1ASK_6ElxZc_23_0
8141	HfEK1I-lBvQ	0	neutral	21094	HfEK1I-lBvQ_0
6672	f06qimixOOI	0	neutral	14760	f06qimixOOI_0
3176	V9E9Nce1dC0	0	neutral	10030	V9E9Nce1dC0_3
726	vMwfVOf1-vM	4	anger	1427	vMwfVOf1-vM_0
388	f5umSa_YYX0	0	neutral	12994	f5umSa_YYX0_9
7498	5g_JUhzP3DA	0	neutral	18134	5g_JUhzP3DA_5
3602	oS_Iap5D9jQ	0	neutral	5886	oS_Iap5D9jQ_0
8839	tDCoscVLuU4	0	neutral	24709	tDCoscVLuU4_7
1274	FNz2bhEOKqU	0	neutral	2222	FNz2bhEOKqU_4
8133	Hddi6sivufs	0	neutral	21034	Hddi6sivufs_8
1201	aSwi8mzc1gA	1	happy	11414	aSwi8mzc1gA_3
517	wTfbHs4HlPo	4	anger	1122	wTfbHs4HlPo_8
11228	NceFyRK8xas_44	0	neutral	28872	NceFyRK8xas_44_0
10823	lHvXXv1ON-U_1	0	neutral	28465	lHvXXv1ON-U_1_0
4095	xD4km6OOQfw	0	neutral	6926	xD4km6OOQfw_0
62	AfFmhCfnqqE	0	neutral	733	AfFmhCfnqqE_19
4733	od6IxUWPMcs	0	neutral	8211	od6IxUWPMcs_0
6471	tEyY-ijoyaQ	4	anger	13982	tEyY-ijoyaQ_0
13458	oWOH9iJhZXo_0	0	neutral	31140	oWOH9iJhZXo_0_0
2843	tG2qsoC_-hs	5	sadness	9559	tG2qsoC_-hs_3
8399	M2eKtRHSYMk	0	neutral	22531	M2eKtRHSYMk_6
10481	qGqqF9NEOGA_3	0	neutral	28117	qGqqF9NEOGA_3_2
8277	JZC_q1ZuDik	0	neutral	21990	JZC_q1ZuDik_10
12013	_LEFBFu2xpE_78	0	neutral	29677	_LEFBFu2xpE_78_0
11370	5bvt_yAnsxY_5	0	neutral	29016	5bvt_yAnsxY_5_0
6719	WM6_uQfXr1Y	4	anger	14928	WM6_uQfXr1Y_0
498	Ih-zPWi9INA	0	neutral	1114	Ih-zPWi9INA_3
7993	F-57KCDK0Ps	4	anger	20419	F-57KCDK0Ps_10
1286	U0gtVg46p5A	0	neutral	7199	U0gtVg46p5A_9
15118	iu2mZsyONaA_78	0	neutral	32820	iu2mZsyONaA_78_0
8580	OZ9U38r5p7I	0	neutral	23374	OZ9U38r5p7I_23
7770	bskMh0LTZlw	0	neutral	19375	bskMh0LTZlw_3
2807	EpOIWwHEyzs	0	neutral	15590	EpOIWwHEyzs_4
13393	jbw1SaRojHs_58	0	neutral	31075	jbw1SaRojHs_58_0
3256	BdZN3EJVjo8	0	neutral	5183	BdZN3EJVjo8_3
14411	rkMuyeAL6qI_111	0	neutral	32105	rkMuyeAL6qI_111_0
15819	1dc8_liux8I_99	0	neutral	33537	1dc8_liux8I_99_0
4415	NF2QheaP4vk	0	neutral	7563	NF2QheaP4vk_3
3853	wZl5uWOpepU	4	anger	6427	wZl5uWOpepU_1
799	JrvHI1IJ07w	4	anger	12685	JrvHI1IJ07w_2
2081	sUQ9cisQpaY	0	neutral	10556	sUQ9cisQpaY_2
12110	xaKUR5XteR4_9	0	neutral	29776	xaKUR5XteR4_9_0
2268	wwUYqPDbwgk	0	neutral	3690	wwUYqPDbwgk_1
2622	8cAlXSNQeUY	0	neutral	4189	8cAlXSNQeUY_0
3206	azkJMOVoNys	5	sadness	16992	azkJMOVoNys_8
7361	0mz59i898HU	4	anger	17505	0mz59i898HU_2
4742	5Ii0_2kAYlU	0	neutral	8227	5Ii0_2kAYlU_0
11972	hLgReCJnVxY_7	0	neutral	29633	hLgReCJnVxY_7_0
5919	fQ5sMUzf2bo	0	neutral	11888	fQ5sMUzf2bo_0
4777	QWSRLMK4JH8	4	anger	8317	QWSRLMK4JH8_1
7607	9EzXFgSebKs	1	happy	18600	9EzXFgSebKs_2
15113	iu2mZsyONaA_55	0	neutral	32815	iu2mZsyONaA_55_1
3049	POxvWUpuF6s	0	neutral	9976	POxvWUpuF6s_4
2200	nlJqcYb65o0	5	sadness	3580	nlJqcYb65o0_2
15744	CrhfsNOnXDw_2	0	neutral	33461	CrhfsNOnXDw_2_0
962	Fj1SQ1JCAhc	0	neutral	1758	Fj1SQ1JCAhc_0
8386	Lrpy2CCnJR0	1	happy	22487	Lrpy2CCnJR0_32
8338	kxdvSViAb3w	0	neutral	22254	kxdvSViAb3w_0
3952	m8LWjDS3IkQ	7	contempt	15860	m8LWjDS3IkQ_2
8542	oEg4GH93aCY	0	neutral	23207	oEg4GH93aCY_6
3824	57qlVwSXPyc	0	neutral	6392	57qlVwSXPyc_0
11574	QO1RrjPu2-s_8	1	happy	29230	QO1RrjPu2-s_8_0
8636	q3rjgMn0kRU	4	anger	23660	q3rjgMn0kRU_0
484	RLxbwnYKqO0	0	neutral	7149	RLxbwnYKqO0_1
8799	SNOFdP7OYyQ	3	surprise	24526	SNOFdP7OYyQ_9
3511	p1e3NC3IIF8	1	happy	16795	p1e3NC3IIF8_1
8331	kt9g6RLHf7k	0	neutral	22227	kt9g6RLHf7k_0
8523	nxxD2tAnAw4	0	neutral	23107	nxxD2tAnAw4_57
13514	dHBWv0kXnZQ_20	0	neutral	31197	dHBWv0kXnZQ_20_0
5168	Jxs8p22Pq_Y	5	sadness	14117	Jxs8p22Pq_Y_2
3167	TyS98_jQIA0	0	neutral	5001	TyS98_jQIA0_6
7471	4BbdosSV3J8	0	neutral	18012	4BbdosSV3J8_7
1355	hOnolgR_8tc	5	sadness	8374	hOnolgR_8tc_2
9248	azAYiqxddas	0	neutral	26733	azAYiqxddas_1
7645	32LChHJOCKI	0	neutral	18759	32LChHJOCKI_3
28	7aXBcMlaxX0	0	neutral	729	7aXBcMlaxX0_17
1202	jdmTOZ5Gzi4	0	neutral	13339	jdmTOZ5Gzi4_4
4345	vP5Rd-mLZkM	5	sadness	7388	vP5Rd-mLZkM_0
3473	T3RFyx3GGW4	0	neutral	16837	T3RFyx3GGW4_2
16059	WNpjPYDGR6M_42	0	neutral	33779	WNpjPYDGR6M_42_0
14036	5xMgoqMJuEw_67	0	neutral	31728	5xMgoqMJuEw_67_2
8435	MlZ4z_KO5ZM	0	neutral	22665	MlZ4z_KO5ZM_1
8500	NLwaNZuN1dw	0	neutral	22960	NLwaNZuN1dw_3
4495	x-tHs8UCfnI	4	anger	14857	x-tHs8UCfnI_1
10375	SrU9YDoXE88_23	0	neutral	28010	SrU9YDoXE88_23_0
10571	JaTwr2HztII_282	0	neutral	28207	JaTwr2HztII_282_0
1387	JaEv5uq8sJs	0	neutral	2375	JaEv5uq8sJs_0
2600	8gvuU-U64d0	0	neutral	4160	8gvuU-U64d0_4
8958	vebcVe5Z0sk	0	neutral	25304	vebcVe5Z0sk_0
7589	8tRST2F7E-w	0	neutral	18531	8tRST2F7E-w_11
2031	pzmV3-uNMCY	0	neutral	10612	pzmV3-uNMCY_5
2394	X67GWsa_NNM	5	sadness	3876	X67GWsa_NNM_5
1474	UxjYMYu0F8o	1	happy	2518	UxjYMYu0F8o_0
15995	yGMlHXHsD8M_9	1	happy	33714	yGMlHXHsD8M_9_1
9525	wnomTQZmQq4_7	0	neutral	27149	wnomTQZmQq4_7_0
8619	pPMRVRaOZZQ	0	neutral	23584	pPMRVRaOZZQ_3
8343	l0ugqf5SoPI	0	neutral	22272	l0ugqf5SoPI_11
8417	MdvvnhzfAhI	1	happy	22608	MdvvnhzfAhI_13
1787	DQjDI3NorAY	0	neutral	5222	DQjDI3NorAY_2
1373	7ALP_3eWKZg	0	neutral	2361	7ALP_3eWKZg_0
12433	4Nv6y_-hz30_13	0	neutral	30104	4Nv6y_-hz30_13_0
15991	EhoM2pCFPag_12	0	neutral	33710	EhoM2pCFPag_12_0
15831	m0GlbfTbnWU_66	0	neutral	33549	m0GlbfTbnWU_66_0
3681	HRmLJScvW8M	0	neutral	17282	HRmLJScvW8M_2
8789	siRyKdkjnOI	0	neutral	24499	siRyKdkjnOI_0
2938	kARcfM_M6VE	0	neutral	4667	kARcfM_M6VE_0
456	TmdzJyoeQls	1	happy	12378	TmdzJyoeQls_1
8516	NU7Eqx1ydkk	0	neutral	23033	NU7Eqx1ydkk_11
7765	bOksv-UXr74	0	neutral	19349	bOksv-UXr74_4
1077	8pi1bm3890U	0	neutral	1923	8pi1bm3890U_0
1264	vi1HiDseDvo	6	disgust	2201	vi1HiDseDvo_1
2137	gpFSAWe9uCU	0	neutral	10761	gpFSAWe9uCU_2
2897	7aW8QnLYxY4	0	neutral	9728	7aW8QnLYxY4_0
7872	dICoogbmXmQ	1	happy	19831	dICoogbmXmQ_40
11613	u2NIUhVWWOY_29	0	neutral	29271	u2NIUhVWWOY_29_0
1023	WroBXxcEMtc	5	sadness	15039	WroBXxcEMtc_3
12014	_LEFBFu2xpE_112	0	neutral	29678	_LEFBFu2xpE_112_0
14477	_Gxx81vss9Q_2	0	neutral	32171	_Gxx81vss9Q_2_0
11655	hEoIqSyCMLc_11	1	happy	29313	hEoIqSyCMLc_11_0
419	d82LKPNesE8	0	neutral	12230	d82LKPNesE8_117
884	5AJvo1pc3sw	0	neutral	1655	5AJvo1pc3sw_2
7830	cuGs0oSqpBE	0	neutral	19606	cuGs0oSqpBE_35
3993	VICyZk-XSLA	0	neutral	6712	VICyZk-XSLA_0
1634	9Eo8snaeDJs	0	neutral	12036	9Eo8snaeDJs_3
8312	KJZPwHVV-FQ	0	neutral	22155	KJZPwHVV-FQ_2
8970	VHe9XPFHb8E	0	neutral	25356	VHe9XPFHb8E_0
7912	E4qfB8tv5qY	0	neutral	20014	E4qfB8tv5qY_5
8718	RAZsknJTzHo	1	happy	24113	RAZsknJTzHo_8
5206	5crxHhe5b7w	0	neutral	15426	5crxHhe5b7w_4
10295	79UcWVC1L-U_2	0	neutral	27927	79UcWVC1L-U_2_0
13360	5-zct1MXbdE_3	0	neutral	31042	5-zct1MXbdE_3_0
4852	gXRw45jyIsE	1	happy	13677	gXRw45jyIsE_3
1167	XHJI9tya2cM	5	sadness	2059	XHJI9tya2cM_5
162	b0f6589rvi4	0	neutral	267	b0f6589rvi4_3
8702	qYYJCPBTWM8	1	happy	24069	qYYJCPBTWM8_3
5031	-Yv66guI87c	0	neutral	8838	-Yv66guI87c_3
7486	4sEscSxpMKY	0	neutral	18083	4sEscSxpMKY_13
9455	CzXZ_Fd2YRg_3	0	neutral	27079	CzXZ_Fd2YRg_3_0
3024	6zfXkQ5QkrE	0	neutral	6720	6zfXkQ5QkrE_3
10825	7v99MyDsIRM_3	0	neutral	28467	7v99MyDsIRM_3_0
4424	WO0KS0mbu80	5	sadness	7571	WO0KS0mbu80_1
663	VwkGKFFk-F4	1	happy	1330	VwkGKFFk-F4_11
14169	MfIjqF2POVg_3	0	neutral	31861	MfIjqF2POVg_3_0
11740	SSWTy0qITGA_8	0	neutral	29400	SSWTy0qITGA_8_0
2498	-_Bdf9C0SAU	0	neutral	5382	-_Bdf9C0SAU_9
12262	OltbpcBxwyI_179	0	neutral	29930	OltbpcBxwyI_179_0
8289	kaX-XfcAZY8	1	happy	22038	kaX-XfcAZY8_5
11072	DVck9z6ao-w_33	0	neutral	28715	DVck9z6ao-w_33_0
7976	eZ0vxQ3uJCU	0	neutral	20348	eZ0vxQ3uJCU_10
10109	CUeSvwi9XCU_13	0	neutral	27739	CUeSvwi9XCU_13_0
14942	hSUjNCfwqt4_211	0	neutral	32640	hSUjNCfwqt4_211_0
8573	oWcrHykKKV0	0	neutral	23353	oWcrHykKKV0_31
4882	XpPqGZkRqhY	1	happy	13602	XpPqGZkRqhY_1
9181	z6HT8ymK0fc	0	neutral	26426	z6HT8ymK0fc_3
9076	XDmfBTgIRUg	0	neutral	25852	XDmfBTgIRUg_4
5634	hGx-bzFZmQE	0	neutral	10765	hGx-bzFZmQE_1
4614	bpYnVAjKHEs	4	anger	7989	bpYnVAjKHEs_1
5661	C_BolURdHXo	0	neutral	10859	C_BolURdHXo_1
9122	Y1VyYbpE6KU	1	happy	26108	Y1VyYbpE6KU_20
9239	3Pxd6uTtRZ8	0	neutral	26697	3Pxd6uTtRZ8_2
9218	ZROR48_kCsE	0	neutral	26594	ZROR48_kCsE_5
3578	Q49KVa7jotI	2	fear	5841	Q49KVa7jotI_0
2188	XeasXb98akc	7	contempt	10675	XeasXb98akc_1
2178	EXwr6U_YypE	0	neutral	16903	EXwr6U_YypE_2
7186	nLkmfL6IVQs	0	neutral	16716	nLkmfL6IVQs_0
10728	5TICVDTFaLc_61	0	neutral	28368	5TICVDTFaLc_61_0
7589	8tRST2F7E-w	1	happy	18558	8tRST2F7E-w_99
2992	mdHpbI8Y7Oo	1	happy	4744	mdHpbI8Y7Oo_1
3579	nWd-gLPa5fs	0	neutral	5853	nWd-gLPa5fs_0
8905	uGusuK7qLpw	0	neutral	25058	uGusuK7qLpw_5
11950	8Yh0FjKXSRU_13	0	neutral	29610	8Yh0FjKXSRU_13_0
8124	H6sNEfcPg5U	0	neutral	21001	H6sNEfcPg5U_6
11442	bC9gaEAPX_Q_12	0	neutral	29095	bC9gaEAPX_Q_12_0
919	DYAdSce8Rd0	0	neutral	13047	DYAdSce8Rd0_3
4110	vG_FLK4K_T8	1	happy	16083	vG_FLK4K_T8_2
8312	KJZPwHVV-FQ	1	happy	22156	KJZPwHVV-FQ_3
8515	NtXfwLUSL-o	0	neutral	23022	NtXfwLUSL-o_20
2476	iLFMRsi07_I	5	sadness	17089	iLFMRsi07_I_1
9167	yTu_YMzEjEQ	1	happy	26352	yTu_YMzEjEQ_19
942	v757jrOBkng	0	neutral	12927	v757jrOBkng_1
13130	tuZC32VZ6_c_13	0	neutral	30810	tuZC32VZ6_c_13_0
419	d82LKPNesE8	0	neutral	5384	d82LKPNesE8_105
13314	tYKnp_eMdAE_4	0	neutral	30996	tYKnp_eMdAE_4_0
538	Zc3wIAs3coU	1	happy	12526	Zc3wIAs3coU_3
423	NBRHljOdrh0	1	happy	996	NBRHljOdrh0_0
4189	zd6ZUTrW5b4	0	neutral	14265	zd6ZUTrW5b4_2
11520	lQSb0_Eexv4_0	1	happy	29175	lQSb0_Eexv4_0_0
8463	MzXkiK4ROhQ	0	neutral	22830	MzXkiK4ROhQ_26
8891	U8PnHiRRg-s	0	neutral	24989	U8PnHiRRg-s_13
3732	bTrFBrULLmM	1	happy	6194	bTrFBrULLmM_1
14837	J1ci_Khybvs_7	0	neutral	32534	J1ci_Khybvs_7_0
8199	IFh6PvOgVjA	0	neutral	21472	IFh6PvOgVjA_7
9878	Qfw0PGHRZ3o_5	0	neutral	27507	Qfw0PGHRZ3o_5_0
420	jgBGoS4a5rc	0	neutral	14368	jgBGoS4a5rc_1
10766	Up5VhPD2xZc_12	1	happy	28406	Up5VhPD2xZc_12_0
481	jBvjrK-pgrA	0	neutral	6921	jBvjrK-pgrA_14
665	xu_UgfGriXA	0	neutral	12912	xu_UgfGriXA_2
8725	RdKAVE0frIM	0	neutral	24136	RdKAVE0frIM_6
7383	1c-3FQap7iw	3	surprise	17597	1c-3FQap7iw_10
14897	Kbn4tFeTV5o_113	0	neutral	32595	Kbn4tFeTV5o_113_0
716	tdvj1iOOUE0	0	neutral	1411	tdvj1iOOUE0_0
12158	sHB1gd6xQ2k_3	0	neutral	29826	sHB1gd6xQ2k_3_0
8245	Jh1ZNwdufMs	0	neutral	21785	Jh1ZNwdufMs_3
557	yKkfJF4XM6M	0	neutral	14634	yKkfJF4XM6M_4
15687	1U-SCFaYPOY_15	0	neutral	33403	1U-SCFaYPOY_15_0
2541	nNKsj8rQGHc	1	happy	9233	nNKsj8rQGHc_4
9110	XrhhoCg8pVs	0	neutral	26012	XrhhoCg8pVs_1
6525	6Gd4JbJxaf4	3	surprise	14192	6Gd4JbJxaf4_0
1930	59wvo9e2XQY	0	neutral	3184	59wvo9e2XQY_2
48	xK-_tIjjIY4	1	happy	850	xK-_tIjjIY4_22
419	d82LKPNesE8	0	neutral	3386	d82LKPNesE8_102
839	6hiEMyCIoQ0	5	sadness	14748	6hiEMyCIoQ0_2
1269	7-BWD3-vN9k	2	fear	2208	7-BWD3-vN9k_0
14646	m4XGy8gYeMI_4	0	neutral	32341	m4XGy8gYeMI_4_1
2385	ipkF3xkP63M	4	anger	10959	ipkF3xkP63M_0
2453	0GEynXlmNYA	0	neutral	3938	0GEynXlmNYA_1
8150	HK6TmhLEd2E	0	neutral	21163	HK6TmhLEd2E_58
3881	iw3nr1TYu4Y	1	happy	6480	iw3nr1TYu4Y_1
4463	paHMiEXDMaU	5	sadness	14657	paHMiEXDMaU_1
3054	oTx_o5B0J1Q	4	anger	4825	oTx_o5B0J1Q_0
9254	EkvffcxQzMY	0	neutral	26748	EkvffcxQzMY_1
14862	0BOo1Cjb3RE_80	0	neutral	32559	0BOo1Cjb3RE_80_0
8437	MmQKF7dmdJo	0	neutral	22670	MmQKF7dmdJo_0
12756	I4AgeDIrHGY_18	0	neutral	30432	I4AgeDIrHGY_18_0
11070	YZiMBzYee0E_22	0	neutral	28713	YZiMBzYee0E_22_0
9015	waKZydcpMJQ	0	neutral	25593	waKZydcpMJQ_29
1464	JSD393S-_yM	2	fear	2501	JSD393S-_yM_3
12318	qMT9asz-Kn4_232	0	neutral	29987	qMT9asz-Kn4_232_0
10080	ch-BN8PcT_I_0	0	neutral	27710	ch-BN8PcT_I_0_0
8562	OS2h9MfSri8	0	neutral	23307	OS2h9MfSri8_11
9298	yAw98SYT2Qc	5	sadness	26886	yAw98SYT2Qc_2
7462	3U4D77IB-j8	0	neutral	17978	3U4D77IB-j8_14
2064	fg-43OlaJtE	0	neutral	10648	fg-43OlaJtE_1
7636	17Km-P0IJZY	7	contempt	18719	17Km-P0IJZY_5
5142	TAK8DeL_w00	0	neutral	9044	TAK8DeL_w00_1
1821	MVRR0XlqA4g	1	happy	3031	MVRR0XlqA4g_2
15068	8Z4tGugMnLA_2	0	neutral	32769	8Z4tGugMnLA_2_0
1283	prLok_8YD8w	1	happy	2229	prLok_8YD8w_0
995	dx07n7Eov0o	7	contempt	15002	dx07n7Eov0o_1
1395	xMjEmE1YLSU	4	anger	2388	xMjEmE1YLSU_0
3727	Z0FKMJQR9RU	0	neutral	6164	Z0FKMJQR9RU_2
4881	a81pNygdAXw	1	happy	13599	a81pNygdAXw_2
10585	MkE6eRJI_as_39	0	neutral	28222	MkE6eRJI_as_39_0
11722	JAmIxEOPGLQ_2	0	neutral	29382	JAmIxEOPGLQ_2_0
5431	yUL41HowlkQ	0	neutral	10034	yUL41HowlkQ_0
5846	c4w-IE-Hsqc	0	neutral	11592	c4w-IE-Hsqc_0
1701	ueAsO0Gq8vI	1	happy	2868	ueAsO0Gq8vI_1
9189	Z61G-Ld4ezU	1	happy	26481	Z61G-Ld4ezU_5
10931	kxJ8rB5DiUE_1	0	neutral	28574	kxJ8rB5DiUE_1_0
5089	268ZUL4dnn8	4	anger	8957	268ZUL4dnn8_2
863	Q9B0pFDCviw	1	happy	11579	Q9B0pFDCviw_5
8763	rZvWkyyy8j0	0	neutral	24355	rZvWkyyy8j0_0
5166	4WNq9Yy9m_g	2	fear	9089	4WNq9Yy9m_g_1
8849	tjBBL2ZtHt0	1	happy	24747	tjBBL2ZtHt0_19
2827	58DPO_8Bd88	0	neutral	9536	58DPO_8Bd88_1
8526	O0UH-hyZnHg	0	neutral	23129	O0UH-hyZnHg_24
7586	8q51TRpx-dA	0	neutral	18516	8q51TRpx-dA_0
8591	P8NcaKE0VhM	1	happy	23468	P8NcaKE0VhM_9
10883	7KW3EDo9YYc_15	0	neutral	28526	7KW3EDo9YYc_15_3
693	ygmcOaN-_Gg	1	happy	7430	ygmcOaN-_Gg_1
2853	iIXQLZWp0Cw	5	sadness	15948	iIXQLZWp0Cw_4
4406	5tu_42LmfEw	0	neutral	14556	5tu_42LmfEw_1
8180	I2JBzg6x2G0	0	neutral	21382	I2JBzg6x2G0_2
15989	mDwCTVJA5RE_7	0	neutral	33708	mDwCTVJA5RE_7_0
5565	iKRpMjVJKZc	7	contempt	10509	iKRpMjVJKZc_0
5939	hL5ye6X4Wdc	1	happy	11993	hL5ye6X4Wdc_0
12853	15x6dyZQyQ0_80	0	neutral	30530	15x6dyZQyQ0_80_0
8168	HTSejaU_TrM	0	neutral	21306	HTSejaU_TrM_58
4261	7IMnMBxN4dQ	0	neutral	14413	7IMnMBxN4dQ_2
1407	ZXkKHnmKWoI	0	neutral	2404	ZXkKHnmKWoI_0
12112	P1OwE4gGVMg_7	0	neutral	29778	P1OwE4gGVMg_7_2
8168	HTSejaU_TrM	0	neutral	21297	HTSejaU_TrM_41
3978	HZQlFhnFVjg	1	happy	6690	HZQlFhnFVjg_0
8228	J_5AaTRRqCc	0	neutral	21629	J_5AaTRRqCc_7
2455	1kHO_H4OHdw	5	sadness	17052	1kHO_H4OHdw_5
6038	yQMTHffP3DE	0	neutral	12322	yQMTHffP3DE_0
1154	10r3vyu-zDM	0	neutral	8319	10r3vyu-zDM_6
8133	Hddi6sivufs	1	happy	21039	Hddi6sivufs_14
2601	k6u-bLqs0kk	0	neutral	4165	k6u-bLqs0kk_0
436	Xo-lEwu-n-M	1	happy	1009	Xo-lEwu-n-M_1
6700	8INjmc-WWSY	0	neutral	14848	8INjmc-WWSY_0
8882	U1UdJYXT6V0	0	neutral	24922	U1UdJYXT6V0_2
12030	eZAFL7-yk88_5	1	happy	29694	eZAFL7-yk88_5_0
8257	JNrH1W7aKc8	0	neutral	21854	JNrH1W7aKc8_5
8887	u6HRhOttQG4	1	happy	24967	u6HRhOttQG4_36
1929	sHFXRjwKOG8	4	anger	6531	sHFXRjwKOG8_8
11842	NvqlJDi8TYQ_2	0	neutral	29502	NvqlJDi8TYQ_2_0
8070	gC4rYtR9XCU	0	neutral	20726	gC4rYtR9XCU_2
15674	g7NyjxWtj9M_5	1	happy	33390	g7NyjxWtj9M_5_0
10298	JJrvefazaNw_9	0	neutral	27930	JJrvefazaNw_9_0
7754	biE10Ff4V40	1	happy	19278	biE10Ff4V40_11
7553	7n619EfuSPw	0	neutral	18396	7n619EfuSPw_25
3763	BnsQqaQ8odY	0	neutral	6248	BnsQqaQ8odY_2
7406	1uIBRC3xMEM	0	neutral	17681	1uIBRC3xMEM_29
15002	xV2IGaGm58M_12	0	neutral	32700	xV2IGaGm58M_12_0
8162	hrQKFnookmc	0	neutral	21224	hrQKFnookmc_3
14860	0BOo1Cjb3RE_56	0	neutral	32557	0BOo1Cjb3RE_56_0
3906	_IwNoboTiHU	2	fear	6535	_IwNoboTiHU_0
3314	A949a8j5Boo	4	anger	16411	A949a8j5Boo_2
8161	hRi36WpGegM	1	happy	21219	hRi36WpGegM_14
7479	4KaGilcZWpY	0	neutral	18048	4KaGilcZWpY_8
8972	viRfGNQjgQs	0	neutral	25378	viRfGNQjgQs_20
6415	26Ofj4hOVpA	0	neutral	13754	26Ofj4hOVpA_0
8270	JwVISWwtoPY	0	neutral	21933	JwVISWwtoPY_10
2488	tDW4X-r1dQI	0	neutral	3986	tDW4X-r1dQI_0
6436	hlzm7-gvTRg	1	happy	13855	hlzm7-gvTRg_0
6736	zJ4owMQIKuQ	5	sadness	15027	zJ4owMQIKuQ_0
7876	Dl8me9oZC2E	0	neutral	19869	Dl8me9oZC2E_15
665	xu_UgfGriXA	0	neutral	2564	xu_UgfGriXA_75
8656	Qer6Ld16aXk	0	neutral	23784	Qer6Ld16aXk_2
1907	R1k_1p3mitg	0	neutral	3154	R1k_1p3mitg_5
419	d82LKPNesE8	0	neutral	14426	d82LKPNesE8_99
11060	fG6lPfFeTNw_11	0	neutral	28703	fG6lPfFeTNw_11_0
4163	z7gYF5LF-ec	1	happy	16174	z7gYF5LF-ec_0
198	mwE1ZlmKISY	0	neutral	359	mwE1ZlmKISY_2
9081	xfB_G8DW2TU	0	neutral	25897	xfB_G8DW2TU_21
8298	KdPdkcWcL0o	0	neutral	22106	KdPdkcWcL0o_20
7583	8OtiiLzLrv0	4	anger	18512	8OtiiLzLrv0_2
4910	ZFrDw6oQai4	0	neutral	13631	ZFrDw6oQai4_1
1984	-uPSVWxV6d8	0	neutral	3263	-uPSVWxV6d8_2
12191	qoTM7Tm6hyU_31	0	neutral	29859	qoTM7Tm6hyU_31_0
7500	5jlfdAEwT-Q	0	neutral	18145	5jlfdAEwT-Q_9
12841	KWukRGlDD-k_3	0	neutral	30518	KWukRGlDD-k_3_1
3247	66wHEj_0bio	0	neutral	5144	66wHEj_0bio_1
14421	MGj_VJdn3QE_15	0	neutral	32115	MGj_VJdn3QE_15_0
7927	EBggaKKBTZY	0	neutral	20086	EBggaKKBTZY_0
8472	n4EWeFRvVFk	0	neutral	22857	n4EWeFRvVFk_10
2797	b6X5bVMoCJc	0	neutral	4463	b6X5bVMoCJc_1
4028	yodVQ5QAc88	0	neutral	6788	yodVQ5QAc88_0
8944	UyKzMaKVy8g	1	happy	25229	UyKzMaKVy8g_4
3942	ttOuvmYYeps	4	anger	6620	ttOuvmYYeps_0
15917	fT4d8_ijqm8_3	0	neutral	33635	fT4d8_ijqm8_3_0
3232	jJvvT_Sb0jo	4	anger	16366	jJvvT_Sb0jo_3
4176	yZmjxZRVKLw	0	neutral	7094	yZmjxZRVKLw_0
481	jBvjrK-pgrA	4	anger	1328	jBvjrK-pgrA_30
2428	Kb2WClrbrAc	0	neutral	5869	Kb2WClrbrAc_1
2343	w3o5Sdhw0DE	2	fear	3780	w3o5Sdhw0DE_2
8644	QAxHWbCQyr8	0	neutral	23699	QAxHWbCQyr8_6
15060	J61SPuVx5Yo_1	0	neutral	32760	J61SPuVx5Yo_1_1
9006	W2SUOARI7z4	4	anger	25551	W2SUOARI7z4_14
7614	9j9nei1ECv0	0	neutral	18614	9j9nei1ECv0_5
1873	KQbGttprUMA	0	neutral	4393	KQbGttprUMA_2
1688	ydFjplhKYng	0	neutral	2855	ydFjplhKYng_1
14479	3QLGWqq410g_4	0	neutral	32173	3QLGWqq410g_4_0
8161	hRi36WpGegM	1	happy	21218	hRi36WpGegM_13
6581	KAOlo7Ijo5k	5	sadness	14412	KAOlo7Ijo5k_0
6986	xEW05_IfwGU	5	sadness	15975	xEW05_IfwGU_1
7403	1PyPJde4veU	0	neutral	17647	1PyPJde4veU_1
9035	wNj9-72I-Rg	1	happy	25701	wNj9-72I-Rg_47
10905	7zyomw-mVpY_10	0	neutral	28548	7zyomw-mVpY_10_0
7872	dICoogbmXmQ	0	neutral	19825	dICoogbmXmQ_32
1865	Mbn_EUf-PSk	5	sadness	3100	Mbn_EUf-PSk_2
5001	PNK6bU_6SXc	0	neutral	13924	PNK6bU_6SXc_2
861	0_-45EGFtA4	0	neutral	1610	0_-45EGFtA4_3
11274	WXvxWL3nsKc_1	0	neutral	28919	WXvxWL3nsKc_1_0
1706	Fgl7tImKroU	0	neutral	2884	Fgl7tImKroU_1
6134	2_rQt0b-TOQ	0	neutral	12710	2_rQt0b-TOQ_1
7458	3qZI6bTQyKU	0	neutral	17954	3qZI6bTQyKU_7
8197	iEmu_TfucVA	0	neutral	21460	iEmu_TfucVA_1
5612	L1w7XTlAGuI	1	happy	10646	L1w7XTlAGuI_0
6801	EZSwOWwXQXQ	0	neutral	15267	EZSwOWwXQXQ_0
789	xVANxG9gI6g	4	anger	1510	xVANxG9gI6g_0
10108	jaljJQpn2W0_5	0	neutral	27738	jaljJQpn2W0_5_0
3975	Ixggr1vrTUQ	0	neutral	15807	Ixggr1vrTUQ_2
3212	RaicjdiN8ag	4	anger	16358	RaicjdiN8ag_2
7366	0t29L_75rV8	0	neutral	17525	0t29L_75rV8_0
881	XQOLwXFfiOg	1	happy	7690	XQOLwXFfiOg_1
1526	1zWf02vGl3M	1	happy	2602	1zWf02vGl3M_1
7425	2T5hTUMgzpo	0	neutral	17780	2T5hTUMgzpo_6
5658	DooTtUcpKM4	0	neutral	10855	DooTtUcpKM4_1
7630	9-wW-ElIxeE	0	neutral	18701	9-wW-ElIxeE_8
7668	150HMV5El9I	0	neutral	18901	150HMV5El9I_9
13114	aBzItb5imWk_20	0	neutral	30794	aBzItb5imWk_20_1
1012	fQy1yr_K_L4	1	happy	11773	fQy1yr_K_L4_7
13500	FmjjlD8BL3E_20	0	neutral	31183	FmjjlD8BL3E_20_0
7978	ezja7-YQ72g	0	neutral	20363	ezja7-YQ72g_6
8752	RSXnBcLuIJ4	0	neutral	24293	RSXnBcLuIJ4_0
4547	bRLtdv-6Rtk	4	anger	7827	bRLtdv-6Rtk_2
7844	cZ3PlWc414Q	0	neutral	19685	cZ3PlWc414Q_7
1875	ZrsYIthVY-Y	0	neutral	10389	ZrsYIthVY-Y_1
6378	vUrgn1Vm86I	0	neutral	13642	vUrgn1Vm86I_0
15569	Oi82vmv96uI_41	0	neutral	33285	Oi82vmv96uI_41_0
4800	Uw1WGruy_KI	0	neutral	8370	Uw1WGruy_KI_1
3303	R1GZ5ajb_xc	4	anger	16401	R1GZ5ajb_xc_1
8811	sStaoozOzzw	3	surprise	24563	sStaoozOzzw_22
3835	i0XvyGW4pB0	0	neutral	6395	i0XvyGW4pB0_2
2760	t_BSGcc9XkY	0	neutral	9441	t_BSGcc9XkY_5
16015	zmf9VEM0R_E_0	0	neutral	33734	zmf9VEM0R_E_0_0
8729	RgpHPS7661M	0	neutral	24182	RgpHPS7661M_3
13385	cpx4ZdTMmbE_9	0	neutral	31067	cpx4ZdTMmbE_9_0
3985	RxEkm4dDAL4	1	happy	15776	RxEkm4dDAL4_2
3645	3cEg2HCl50I	0	neutral	5980	3cEg2HCl50I_0
1895	T15WWXhKVCc	0	neutral	10413	T15WWXhKVCc_1
12453	IF--1BDtvKk_200	0	neutral	30124	IF--1BDtvKk_200_0
5503	a46m8g3grB8	7	contempt	10337	a46m8g3grB8_1
7592	8vl82FssW5k	1	happy	18566	8vl82FssW5k_3
10974	w0y6HN8mjug_12	0	neutral	28617	w0y6HN8mjug_12_0
15408	INxuzS9-Soo_28	0	neutral	33120	INxuzS9-Soo_28_1
1431	_VEDJMixt3c	5	sadness	11568	_VEDJMixt3c_1
815	F0VmzZy-AF4	0	neutral	12862	F0VmzZy-AF4_3
9216	ZqLZBIDOJjc	0	neutral	26583	ZqLZBIDOJjc_4
8621	Pt1oYRf6XLk	0	neutral	23603	Pt1oYRf6XLk_10
1847	mbFx0CbaIlY	0	neutral	3068	mbFx0CbaIlY_1
388	f5umSa_YYX0	0	neutral	11897	f5umSa_YYX0_2
4619	wIqMqkMIjEE	5	sadness	7997	wIqMqkMIjEE_0
390	JZt4T37_OmE	4	anger	963	JZt4T37_OmE_0
7468	3zNFKGTMU6o	0	neutral	17999	3zNFKGTMU6o_0
9608	6H2amDIA01U_82	0	neutral	27232	6H2amDIA01U_82_0
12577	tCzUhXiwxYA_2	0	neutral	30249	tCzUhXiwxYA_2_1
7957	ENcnL_wtU1w	1	happy	20265	ENcnL_wtU1w_8
9082	xGoRE2NsRGI	0	neutral	25911	xGoRE2NsRGI_14
17	K2qNJ7IzzqE	0	neutral	23	K2qNJ7IzzqE_0
8678	Qq2xxtQ8XQQ	4	anger	23957	Qq2xxtQ8XQQ_6
9093	XkCO0KX6yH4	1	happy	25940	XkCO0KX6yH4_7
